ISO 8601 Time,Temperature (C)
2025-08-07T12:07:00.000,33.3186
2025-08-07T12:08:00.000,32.7420
2025-08-07T12:09:00.000,31.3523
2025-08-07T12:10:00.000,30.1789
2025-08-07T12:11:00.000,29.0802
2025-08-07T12:12:00.000,28.2462
2025-08-07T12:13:00.000,27.5968
2025-08-07T12:14:00.000,27.0398
2025-08-07T12:15:00.000,26.5680
2025-08-07T12:16:00.000,26.1904
2025-08-07T12:17:00.000,25.8445
2025-08-07T12:18:00.000,25.6810
2025-08-07T12:19:00.000,25.4102
2025-08-07T12:20:00.000,24.7532
2025-08-07T12:21:00.000,24.2177
2025-08-07T12:22:00.000,24.1720
2025-08-07T12:23:00.000,24.1955
2025-08-07T12:24:00.000,24.1166
2025-08-07T12:25:00.000,23.7016
2025-08-07T12:26:00.000,22.9953
2025-08-07T12:27:00.000,22.1425
2025-08-07T12:28:00.000,21.4126
2025-08-07T12:29:00.000,20.8358
2025-08-07T12:30:00.000,20.3952
2025-08-07T12:31:00.000,20.0518
2025-08-07T12:32:00.000,19.7865
2025-08-07T12:33:00.000,19.5582
2025-08-07T12:34:00.000,19.3846
2025-08-07T12:35:00.000,19.2452
2025-08-07T12:36:00.000,19.1385
2025-08-07T12:37:00.000,19.0429
2025-08-07T12:38:00.000,18.9581
2025-08-07T12:39:00.000,18.8775
2025-08-07T12:40:00.000,18.8269
2025-08-07T12:41:00.000,18.7968
2025-08-07T12:42:00.000,18.7667
2025-08-07T12:43:00.000,18.7339
2025-08-07T12:44:00.000,18.6560
2025-08-07T12:45:00.000,18.5576
2025-08-07T12:46:00.000,18.4865
2025-08-07T12:47:00.000,18.4154
2025-08-07T12:48:00.000,18.3443
2025-08-07T12:49:00.000,18.2732
2025-08-07T12:50:00.000,18.2034
2025-08-07T12:51:00.000,18.1241
2025-08-07T12:52:00.000,18.0530
2025-08-07T12:53:00.000,18.0161
2025-08-07T12:54:00.000,18.0188
2025-08-07T12:55:00.000,17.9942
2025-08-07T12:56:00.000,17.9641
2025-08-07T12:57:00.000,17.9326
2025-08-07T12:58:00.000,17.9148
2025-08-07T12:59:00.000,17.8916
2025-08-07T13:00:00.000,17.8464
2025-08-07T13:01:00.000,17.8273
2025-08-07T13:02:00.000,17.8095
2025-08-07T13:03:00.000,17.7808
2025-08-07T13:04:00.000,17.7466
2025-08-07T13:05:00.000,17.7137
2025-08-07T13:06:00.000,17.6439
2025-08-07T13:07:00.000,17.5646
2025-08-07T13:08:00.000,17.4838
2025-08-07T13:09:00.000,17.4154
2025-08-07T13:10:00.000,17.3592
2025-08-07T13:11:00.000,17.3250
2025-08-07T13:12:00.000,17.2757
2025-08-07T13:13:00.000,17.2538
2025-08-07T13:14:00.000,17.2114
2025-08-07T13:15:00.000,17.1593
2025-08-07T13:16:00.000,17.1114
2025-08-07T13:17:00.000,17.0689
2025-08-07T13:18:00.000,17.0511
2025-08-07T13:19:00.000,17.0278
2025-08-07T13:20:00.000,17.0114
2025-08-07T13:21:00.000,16.9963
2025-08-07T13:22:00.000,16.9648
2025-08-07T13:23:00.000,16.9305
2025-08-07T13:24:00.000,16.9018
2025-08-07T13:25:00.000,16.8757
2025-08-07T13:26:00.000,16.8757
2025-08-07T13:27:00.000,16.8716
2025-08-07T13:28:00.000,16.8648
2025-08-07T13:29:00.000,16.8524
2025-08-07T13:30:00.000,16.8360
2025-08-07T13:31:00.000,16.8195
2025-08-07T13:32:00.000,16.8058
2025-08-07T13:33:00.000,16.7757
2025-08-07T13:34:00.000,16.7414
2025-08-07T13:35:00.000,16.7058
2025-08-07T13:36:00.000,16.6770
2025-08-07T13:37:00.000,16.6591
2025-08-07T13:38:00.000,16.6646
2025-08-07T13:39:00.000,16.6591
2025-08-07T13:40:00.000,16.6619
2025-08-07T13:41:00.000,16.6674
2025-08-07T13:42:00.000,16.6660
2025-08-07T13:43:00.000,16.6537
2025-08-07T13:44:00.000,16.6399
2025-08-07T13:45:00.000,16.6372
2025-08-07T13:46:00.000,16.6399
2025-08-07T13:47:00.000,16.6317
2025-08-07T13:48:00.000,16.6262
2025-08-07T13:49:00.000,16.6180
2025-08-07T13:50:00.000,16.6125
2025-08-07T13:51:00.000,16.6098
2025-08-07T13:52:00.000,16.6084
2025-08-07T13:53:00.000,16.6057
2025-08-07T13:54:00.000,16.5892
2025-08-07T13:55:00.000,16.5673
2025-08-07T13:56:00.000,16.5481
2025-08-07T13:57:00.000,16.5343
2025-08-07T13:58:00.000,16.5206
2025-08-07T13:59:00.000,16.5165
2025-08-07T14:00:00.000,16.5097
2025-08-07T14:01:00.000,16.4932
2025-08-07T14:02:00.000,16.4713
2025-08-07T14:03:00.000,16.4438
2025-08-07T14:04:00.000,16.4164
2025-08-07T14:05:00.000,16.3862
2025-08-07T14:06:00.000,16.3450
2025-08-07T14:07:00.000,16.3135
2025-08-07T14:08:00.000,16.2750
2025-08-07T14:09:00.000,16.2434
2025-08-07T14:10:00.000,16.2132
2025-08-07T14:11:00.000,16.1899
2025-08-07T14:12:00.000,16.1762
2025-08-07T14:13:00.000,16.1515
2025-08-07T14:14:00.000,16.1185
2025-08-07T14:15:00.000,16.0869
2025-08-07T14:16:00.000,16.0540
2025-08-07T14:17:00.000,16.0155
2025-08-07T14:18:00.000,15.9811
2025-08-07T14:19:00.000,15.9564
2025-08-07T14:20:00.000,15.9427
2025-08-07T14:21:00.000,15.9193
2025-08-07T14:22:00.000,15.8960
2025-08-07T14:23:00.000,15.8726
2025-08-07T14:24:00.000,15.8561
2025-08-07T14:25:00.000,15.8286
2025-08-07T14:26:00.000,15.7956
2025-08-07T14:27:00.000,15.7599
2025-08-07T14:28:00.000,15.7214
2025-08-07T14:29:00.000,15.6801
2025-08-07T14:30:00.000,15.6402
2025-08-07T14:31:00.000,15.6100
2025-08-07T14:32:00.000,15.5742
2025-08-07T14:33:00.000,15.5302
2025-08-07T14:34:00.000,15.4916
2025-08-07T14:35:00.000,15.4600
2025-08-07T14:36:00.000,15.4325
2025-08-07T14:37:00.000,15.3994
2025-08-07T14:38:00.000,15.3664
2025-08-07T14:39:00.000,15.3264
2025-08-07T14:40:00.000,15.2672
2025-08-07T14:41:00.000,15.2025
2025-08-07T14:42:00.000,15.1391
2025-08-07T14:43:00.000,15.0757
2025-08-07T14:44:00.000,15.0219
2025-08-07T14:45:00.000,14.9764
2025-08-07T14:46:00.000,14.9281
2025-08-07T14:47:00.000,14.8798
2025-08-07T14:48:00.000,14.8371
2025-08-07T14:49:00.000,14.7915
2025-08-07T14:50:00.000,14.7473
2025-08-07T14:51:00.000,14.7045
2025-08-07T14:52:00.000,14.6659
2025-08-07T14:53:00.000,14.6327
2025-08-07T14:54:00.000,14.6009
2025-08-07T14:55:00.000,14.5678
2025-08-07T14:56:00.000,14.5332
2025-08-07T14:57:00.000,14.5028
2025-08-07T14:58:00.000,14.4766
2025-08-07T14:59:00.000,14.4406
2025-08-07T15:00:00.000,14.4061
2025-08-07T15:01:00.000,14.3756
2025-08-07T15:02:00.000,14.3521
2025-08-07T15:03:00.000,14.3203
2025-08-07T15:04:00.000,14.2926
2025-08-07T15:05:00.000,14.2414
2025-08-07T15:06:00.000,14.1778
2025-08-07T15:07:00.000,14.1127
2025-08-07T15:08:00.000,14.0573
2025-08-07T15:09:00.000,14.0005
2025-08-07T15:10:00.000,13.9353
2025-08-07T15:11:00.000,13.8688
2025-08-07T15:12:00.000,13.8091
2025-08-07T15:13:00.000,13.7564
2025-08-07T15:14:00.000,13.7162
2025-08-07T15:15:00.000,13.6912
2025-08-07T15:16:00.000,13.6690
2025-08-07T15:17:00.000,13.6565
2025-08-07T15:18:00.000,13.6509
2025-08-07T15:19:00.000,13.6495
2025-08-07T15:20:00.000,13.6468
2025-08-07T15:21:00.000,13.6398
2025-08-07T15:22:00.000,13.6384
2025-08-07T15:23:00.000,13.6398
2025-08-07T15:24:00.000,13.6495
2025-08-07T15:25:00.000,13.6676
2025-08-07T15:26:00.000,13.6995
2025-08-07T15:27:00.000,13.7439
2025-08-07T15:28:00.000,13.8064
2025-08-07T15:29:00.000,13.8591
2025-08-07T15:30:00.000,13.9062
2025-08-07T15:31:00.000,13.9534
2025-08-07T15:32:00.000,13.9866
2025-08-07T15:33:00.000,14.0032
2025-08-07T15:34:00.000,14.0351
2025-08-07T15:35:00.000,14.1196
2025-08-07T15:36:00.000,14.2068
2025-08-07T15:37:00.000,14.2304
2025-08-07T15:38:00.000,14.2193
2025-08-07T15:39:00.000,14.2110
2025-08-07T15:40:00.000,14.2013
2025-08-07T15:41:00.000,14.2221
2025-08-07T15:42:00.000,14.2124
2025-08-07T15:43:00.000,14.2096
2025-08-07T15:44:00.000,14.2387
2025-08-07T15:45:00.000,14.2871
2025-08-07T15:46:00.000,14.3355
2025-08-07T15:47:00.000,14.3839
2025-08-07T15:48:00.000,14.4503
2025-08-07T15:49:00.000,14.5249
2025-08-07T15:50:00.000,14.5664
2025-08-07T15:51:00.000,14.6009
2025-08-07T15:52:00.000,14.6493
2025-08-07T15:53:00.000,14.6935
2025-08-07T15:54:00.000,14.7542
2025-08-07T15:55:00.000,14.8136
2025-08-07T15:56:00.000,14.8936
2025-08-07T15:57:00.000,14.9778
2025-08-07T15:58:00.000,15.0715
2025-08-07T15:59:00.000,15.1529
2025-08-07T16:00:00.000,15.2300
2025-08-07T16:01:00.000,15.3016
2025-08-07T16:02:00.000,15.3719
2025-08-07T16:03:00.000,15.4421
2025-08-07T16:04:00.000,15.4971
2025-08-07T16:05:00.000,15.5494
2025-08-07T16:06:00.000,15.5893
2025-08-07T16:07:00.000,15.6182
2025-08-07T16:08:00.000,15.6389
2025-08-07T16:09:00.000,15.6622
2025-08-07T16:10:00.000,15.6691
2025-08-07T16:11:00.000,15.6746
2025-08-07T16:12:00.000,15.6787
2025-08-07T16:13:00.000,15.6829
2025-08-07T16:14:00.000,15.6925
2025-08-07T16:15:00.000,15.6911
2025-08-07T16:16:00.000,15.6980
2025-08-07T16:17:00.000,15.6980
2025-08-07T16:18:00.000,15.6966
2025-08-07T16:19:00.000,15.6925
2025-08-07T16:20:00.000,15.6856
2025-08-07T16:21:00.000,15.6884
2025-08-07T16:22:00.000,15.6884
2025-08-07T16:23:00.000,15.6966
2025-08-07T16:24:00.000,15.7049
2025-08-07T16:25:00.000,15.7117
2025-08-07T16:26:00.000,15.7104
2025-08-07T16:27:00.000,15.7090
2025-08-07T16:28:00.000,15.7076
2025-08-07T16:29:00.000,15.7076
2025-08-07T16:30:00.000,15.7104
2025-08-07T16:31:00.000,15.7117
2025-08-07T16:32:00.000,15.7145
2025-08-07T16:33:00.000,15.7186
2025-08-07T16:34:00.000,15.7227
2025-08-07T16:35:00.000,15.7269
2025-08-07T16:36:00.000,15.7117
2025-08-07T16:37:00.000,15.6705
2025-08-07T16:38:00.000,15.6650
2025-08-07T16:39:00.000,15.6774
2025-08-07T16:40:00.000,15.6884
2025-08-07T16:41:00.000,15.6622
2025-08-07T16:42:00.000,15.6636
2025-08-07T16:43:00.000,15.6774
2025-08-07T16:44:00.000,15.6952
2025-08-07T16:45:00.000,15.7007
2025-08-07T16:46:00.000,15.6292
2025-08-07T16:47:00.000,15.4971
2025-08-07T16:48:00.000,15.3677
2025-08-07T16:49:00.000,15.1887
2025-08-07T16:50:00.000,15.1942
2025-08-07T16:51:00.000,15.2093
2025-08-07T16:52:00.000,15.1005
2025-08-07T16:53:00.000,14.9902
2025-08-07T16:54:00.000,14.9943
2025-08-07T16:55:00.000,15.0178
2025-08-07T16:56:00.000,14.9778
2025-08-07T16:57:00.000,14.8867
2025-08-07T16:58:00.000,14.8122
2025-08-07T16:59:00.000,14.6672
2025-08-07T17:00:00.000,14.5692
2025-08-07T17:01:00.000,14.4475
2025-08-07T17:02:00.000,14.2968
2025-08-07T17:03:00.000,14.2345
2025-08-07T17:04:00.000,14.2497
2025-08-07T17:05:00.000,14.3134
2025-08-07T17:06:00.000,14.3701
2025-08-07T17:07:00.000,14.3729
2025-08-07T17:08:00.000,14.4945
2025-08-07T17:09:00.000,14.6230
2025-08-07T17:10:00.000,14.6037
2025-08-07T17:11:00.000,14.6590
2025-08-07T17:12:00.000,14.6769
2025-08-07T17:13:00.000,14.6258
2025-08-07T17:14:00.000,14.5885
2025-08-07T17:15:00.000,14.5374
2025-08-07T17:16:00.000,14.5236
2025-08-07T17:17:00.000,14.5291
2025-08-07T17:18:00.000,14.5332
2025-08-07T17:19:00.000,14.5277
2025-08-07T17:20:00.000,14.5180
2025-08-07T17:21:00.000,14.5319
2025-08-07T17:22:00.000,14.5208
2025-08-07T17:23:00.000,14.5194
2025-08-07T17:24:00.000,14.5319
2025-08-07T17:25:00.000,14.5332
2025-08-07T17:26:00.000,14.4945
2025-08-07T17:27:00.000,14.4793
2025-08-07T17:28:00.000,14.4572
2025-08-07T17:29:00.000,14.4475
2025-08-07T17:30:00.000,14.4489
2025-08-07T17:31:00.000,14.4365
2025-08-07T17:32:00.000,14.4130
2025-08-07T17:33:00.000,14.4102
2025-08-07T17:34:00.000,14.4047
2025-08-07T17:35:00.000,14.3936
2025-08-07T17:36:00.000,14.3812
2025-08-07T17:37:00.000,14.3784
2025-08-07T17:38:00.000,14.3798
2025-08-07T17:39:00.000,14.3839
2025-08-07T17:40:00.000,14.3895
2025-08-07T17:41:00.000,14.3936
2025-08-07T17:42:00.000,14.4005
2025-08-07T17:43:00.000,14.4033
2025-08-07T17:44:00.000,14.4047
2025-08-07T17:45:00.000,14.4033
2025-08-07T17:46:00.000,14.4144
2025-08-07T17:47:00.000,14.4227
2025-08-07T17:48:00.000,14.4199
2025-08-07T17:49:00.000,14.4171
2025-08-07T17:50:00.000,14.4116
2025-08-07T17:51:00.000,14.3701
2025-08-07T17:52:00.000,14.2954
2025-08-07T17:53:00.000,14.1792
2025-08-07T17:54:00.000,14.0185
2025-08-07T17:55:00.000,13.8577
2025-08-07T17:56:00.000,13.7481
2025-08-07T17:57:00.000,13.6537
2025-08-07T17:58:00.000,13.5857
2025-08-07T17:59:00.000,13.5482
2025-08-07T18:00:00.000,13.5204
2025-08-07T18:01:00.000,13.4787
2025-08-07T18:02:00.000,13.4245
2025-08-07T18:03:00.000,13.3702
2025-08-07T18:04:00.000,13.3104
2025-08-07T18:05:00.000,13.2603
2025-08-07T18:06:00.000,13.2074
2025-08-07T18:07:00.000,13.1587
2025-08-07T18:08:00.000,13.1100
2025-08-07T18:09:00.000,13.0654
2025-08-07T18:10:00.000,13.0222
2025-08-07T18:11:00.000,12.9804
2025-08-07T18:12:00.000,12.9441
2025-08-07T18:13:00.000,12.9176
2025-08-07T18:14:00.000,12.8953
2025-08-07T18:15:00.000,12.8785
2025-08-07T18:16:00.000,12.8632
2025-08-07T18:17:00.000,12.8479
2025-08-07T18:18:00.000,12.8325
2025-08-07T18:19:00.000,12.8199
2025-08-07T18:20:00.000,12.8116
2025-08-07T18:21:00.000,12.8032
2025-08-07T18:22:00.000,12.8018
2025-08-07T18:23:00.000,12.7948
2025-08-07T18:24:00.000,12.7906
2025-08-07T18:25:00.000,12.7864
2025-08-07T18:26:00.000,12.7823
2025-08-07T18:27:00.000,12.7795
2025-08-07T18:28:00.000,12.7767
2025-08-07T18:29:00.000,12.7753
2025-08-07T18:30:00.000,12.7711
2025-08-07T18:31:00.000,12.7641
2025-08-07T18:32:00.000,12.7557
2025-08-07T18:33:00.000,12.7473
2025-08-07T18:34:00.000,12.7446
2025-08-07T18:35:00.000,12.7432
2025-08-07T18:36:00.000,12.7446
2025-08-07T18:37:00.000,12.7487
2025-08-07T18:38:00.000,12.7529
2025-08-07T18:39:00.000,12.7599
2025-08-07T18:40:00.000,12.7711
2025-08-07T18:41:00.000,12.7767
2025-08-07T18:42:00.000,12.7823
2025-08-07T18:43:00.000,12.7878
2025-08-07T18:44:00.000,12.7934
2025-08-07T18:45:00.000,12.7990
2025-08-07T18:46:00.000,12.8046
2025-08-07T18:47:00.000,12.8116
2025-08-07T18:48:00.000,12.8171
2025-08-07T18:49:00.000,12.8227
2025-08-07T18:50:00.000,12.8283
2025-08-07T18:51:00.000,12.8339
2025-08-07T18:52:00.000,12.8381
2025-08-07T18:53:00.000,12.8423
2025-08-07T18:54:00.000,12.8451
2025-08-07T18:55:00.000,12.8465
2025-08-07T18:56:00.000,12.8465
2025-08-07T18:57:00.000,12.8492
2025-08-07T18:58:00.000,12.8479
2025-08-07T18:59:00.000,12.8465
2025-08-07T19:00:00.000,12.8409
2025-08-07T19:01:00.000,12.8339
2025-08-07T19:02:00.000,12.8255
2025-08-07T19:03:00.000,12.8185
2025-08-07T19:04:00.000,12.8130
2025-08-07T19:05:00.000,12.8074
2025-08-07T19:06:00.000,12.8032
2025-08-07T19:07:00.000,12.8004
2025-08-07T19:08:00.000,12.7948
2025-08-07T19:09:00.000,12.7878
2025-08-07T19:10:00.000,12.7836
2025-08-07T19:11:00.000,12.7795
2025-08-07T19:12:00.000,12.7795
2025-08-07T19:13:00.000,12.7795
2025-08-07T19:14:00.000,12.7850
2025-08-07T19:15:00.000,12.7850
2025-08-07T19:16:00.000,12.7864
2025-08-07T19:17:00.000,12.7878
2025-08-07T19:18:00.000,12.7892
2025-08-07T19:19:00.000,12.7906
2025-08-07T19:20:00.000,12.7934
2025-08-07T19:21:00.000,12.7948
2025-08-07T19:22:00.000,12.7976
2025-08-07T19:23:00.000,12.8046
2025-08-07T19:24:00.000,12.8102
2025-08-07T19:25:00.000,12.8144
2025-08-07T19:26:00.000,12.8158
2025-08-07T19:27:00.000,12.8171
2025-08-07T19:28:00.000,12.8213
2025-08-07T19:29:00.000,12.8241
2025-08-07T19:30:00.000,12.8269
2025-08-07T19:31:00.000,12.8325
2025-08-07T19:32:00.000,12.8339
2025-08-07T19:33:00.000,12.8339
2025-08-07T19:34:00.000,12.8353
2025-08-07T19:35:00.000,12.8367
2025-08-07T19:36:00.000,12.8367
2025-08-07T19:37:00.000,12.8367
2025-08-07T19:38:00.000,12.8339
2025-08-07T19:39:00.000,12.8311
2025-08-07T19:40:00.000,12.8283
2025-08-07T19:41:00.000,12.8269
2025-08-07T19:42:00.000,12.8255
2025-08-07T19:43:00.000,12.8255
2025-08-07T19:44:00.000,12.8255
2025-08-07T19:45:00.000,12.8269
2025-08-07T19:46:00.000,12.8297
2025-08-07T19:47:00.000,12.8311
2025-08-07T19:48:00.000,12.8381
2025-08-07T19:49:00.000,12.8395
2025-08-07T19:50:00.000,12.8423
2025-08-07T19:51:00.000,12.8437
2025-08-07T19:52:00.000,12.8465
2025-08-07T19:53:00.000,12.8492
2025-08-07T19:54:00.000,12.8506
2025-08-07T19:55:00.000,12.8548
2025-08-07T19:56:00.000,12.8590
2025-08-07T19:57:00.000,12.8632
2025-08-07T19:58:00.000,12.8674
2025-08-07T19:59:00.000,12.8702
2025-08-07T20:00:00.000,12.8730
2025-08-07T20:01:00.000,12.8744
2025-08-07T20:02:00.000,12.8758
2025-08-07T20:03:00.000,12.8758
2025-08-07T20:04:00.000,12.8674
2025-08-07T20:05:00.000,12.8632
2025-08-07T20:06:00.000,12.8548
2025-08-07T20:07:00.000,12.8479
2025-08-07T20:08:00.000,12.8423
2025-08-07T20:09:00.000,12.8395
2025-08-07T20:10:00.000,12.8381
2025-08-07T20:11:00.000,12.8367
2025-08-07T20:12:00.000,12.8367
2025-08-07T20:13:00.000,12.8367
2025-08-07T20:14:00.000,12.8381
2025-08-07T20:15:00.000,12.8395
2025-08-07T20:16:00.000,12.8437
2025-08-07T20:17:00.000,12.8520
2025-08-07T20:18:00.000,12.8618
2025-08-07T20:19:00.000,12.8730
2025-08-07T20:20:00.000,12.8785
2025-08-07T20:21:00.000,12.8813
2025-08-07T20:22:00.000,12.8897
2025-08-07T20:23:00.000,12.8925
2025-08-07T20:24:00.000,12.8939
2025-08-07T20:25:00.000,12.8953
2025-08-07T20:26:00.000,12.8953
2025-08-07T20:27:00.000,12.8967
2025-08-07T20:28:00.000,12.8967
2025-08-07T20:29:00.000,12.8967
2025-08-07T20:30:00.000,12.8981
2025-08-07T20:31:00.000,12.8981
2025-08-07T20:32:00.000,12.8995
2025-08-07T20:33:00.000,12.8995
2025-08-07T20:34:00.000,12.9009
2025-08-07T20:35:00.000,12.9023
2025-08-07T20:36:00.000,12.8925
2025-08-07T20:37:00.000,12.8799
2025-08-07T20:38:00.000,12.8576
2025-08-07T20:39:00.000,12.8353
2025-08-07T20:40:00.000,12.8074
2025-08-07T20:41:00.000,12.7850
2025-08-07T20:42:00.000,12.7627
2025-08-07T20:43:00.000,12.7418
2025-08-07T20:44:00.000,12.7236
2025-08-07T20:45:00.000,12.7027
2025-08-07T20:46:00.000,12.6845
2025-08-07T20:47:00.000,12.6677
2025-08-07T20:48:00.000,12.6538
2025-08-07T20:49:00.000,12.6454
2025-08-07T20:50:00.000,12.6412
2025-08-07T20:51:00.000,12.6384
2025-08-07T20:52:00.000,12.6384
2025-08-07T20:53:00.000,12.6412
2025-08-07T20:54:00.000,12.6440
2025-08-07T20:55:00.000,12.6496
2025-08-07T20:56:00.000,12.6594
2025-08-07T20:57:00.000,12.6649
2025-08-07T20:58:00.000,12.6705
2025-08-07T20:59:00.000,12.6789
2025-08-07T21:00:00.000,12.6915
2025-08-07T21:01:00.000,12.7096
2025-08-07T21:02:00.000,12.7264
2025-08-07T21:03:00.000,12.7432
2025-08-07T21:04:00.000,12.7501
2025-08-07T21:05:00.000,12.7543
2025-08-07T21:06:00.000,12.7571
2025-08-07T21:07:00.000,12.7571
2025-08-07T21:08:00.000,12.7557
2025-08-07T21:09:00.000,12.7529
2025-08-07T21:10:00.000,12.7501
2025-08-07T21:11:00.000,12.7460
2025-08-07T21:12:00.000,12.7404
2025-08-07T21:13:00.000,12.7404
2025-08-07T21:14:00.000,12.7362
2025-08-07T21:15:00.000,12.7334
2025-08-07T21:16:00.000,12.7320
2025-08-07T21:17:00.000,12.7362
2025-08-07T21:18:00.000,12.7460
2025-08-07T21:19:00.000,12.7515
2025-08-07T21:20:00.000,12.7543
2025-08-07T21:21:00.000,12.7571
2025-08-07T21:22:00.000,12.7613
2025-08-07T21:23:00.000,12.7641
2025-08-07T21:24:00.000,12.7683
2025-08-07T21:25:00.000,12.7739
2025-08-07T21:26:00.000,12.7809
2025-08-07T21:27:00.000,12.7878
2025-08-07T21:28:00.000,12.8018
2025-08-07T21:29:00.000,12.8339
2025-08-07T21:30:00.000,12.8562
2025-08-07T21:31:00.000,12.8758
2025-08-07T21:32:00.000,12.8869
2025-08-07T21:33:00.000,12.8925
2025-08-07T21:34:00.000,12.8953
2025-08-07T21:35:00.000,12.9009
2025-08-07T21:36:00.000,12.9176
2025-08-07T21:37:00.000,12.9316
2025-08-07T21:38:00.000,12.9427
2025-08-07T21:39:00.000,12.9483
2025-08-07T21:40:00.000,12.9511
2025-08-07T21:41:00.000,12.9539
2025-08-07T21:42:00.000,12.9539
2025-08-07T21:43:00.000,12.9525
2025-08-07T21:44:00.000,12.9525
2025-08-07T21:45:00.000,12.9497
2025-08-07T21:46:00.000,12.9441
2025-08-07T21:47:00.000,12.9580
2025-08-07T21:48:00.000,13.0640
2025-08-07T21:49:00.000,13.0445
2025-08-07T21:50:00.000,13.0041
2025-08-07T21:51:00.000,12.9790
2025-08-07T21:52:00.000,12.9399
2025-08-07T21:53:00.000,12.9051
2025-08-07T21:54:00.000,12.8772
2025-08-07T21:55:00.000,12.8660
2025-08-07T21:56:00.000,12.8590
2025-08-07T21:57:00.000,12.8423
2025-08-07T21:58:00.000,12.8269
2025-08-07T21:59:00.000,12.8130
2025-08-07T22:00:00.000,12.8018
2025-08-07T22:01:00.000,12.7906
2025-08-07T22:02:00.000,12.7823
2025-08-07T22:03:00.000,12.7739
2025-08-07T22:04:00.000,12.7641
2025-08-07T22:05:00.000,12.7515
2025-08-07T22:06:00.000,12.7460
2025-08-07T22:07:00.000,12.7362
2025-08-07T22:08:00.000,12.7250
2025-08-07T22:09:00.000,12.7138
2025-08-07T22:10:00.000,12.6971
2025-08-07T22:11:00.000,12.6789
2025-08-07T22:12:00.000,12.6594
2025-08-07T22:13:00.000,12.6426
2025-08-07T22:14:00.000,12.6258
2025-08-07T22:15:00.000,12.6063
2025-08-07T22:16:00.000,12.5867
2025-08-07T22:17:00.000,12.5685
2025-08-07T22:18:00.000,12.5517
2025-08-07T22:19:00.000,12.5377
2025-08-07T22:20:00.000,12.5294
2025-08-07T22:21:00.000,12.5238
2025-08-07T22:22:00.000,12.5098
2025-08-07T22:23:00.000,12.5014
2025-08-07T22:24:00.000,12.5056
2025-08-07T22:25:00.000,12.5028
2025-08-07T22:26:00.000,12.4944
2025-08-07T22:27:00.000,12.4888
2025-08-07T22:28:00.000,12.4832
2025-08-07T22:29:00.000,12.4804
2025-08-07T22:30:00.000,12.4762
2025-08-07T22:31:00.000,12.4762
2025-08-07T22:32:00.000,12.4748
2025-08-07T22:33:00.000,12.4762
2025-08-07T22:34:00.000,12.4804
2025-08-07T22:35:00.000,12.4874
2025-08-07T22:36:00.000,12.4958
2025-08-07T22:37:00.000,12.5028
2025-08-07T22:38:00.000,12.5168
2025-08-07T22:39:00.000,12.5238
2025-08-07T22:40:00.000,12.5308
2025-08-07T22:41:00.000,12.5350
2025-08-07T22:42:00.000,12.5377
2025-08-07T22:43:00.000,12.5391
2025-08-07T22:44:00.000,12.5405
2025-08-07T22:45:00.000,12.5405
2025-08-07T22:46:00.000,12.5391
2025-08-07T22:47:00.000,12.5377
2025-08-07T22:48:00.000,12.5308
2025-08-07T22:49:00.000,12.5224
2025-08-07T22:50:00.000,12.5126
2025-08-07T22:51:00.000,12.5042
2025-08-07T22:52:00.000,12.4944
2025-08-07T22:53:00.000,12.4818
2025-08-07T22:54:00.000,12.4692
2025-08-07T22:55:00.000,12.4636
2025-08-07T22:56:00.000,12.4580
2025-08-07T22:57:00.000,12.4566
2025-08-07T22:58:00.000,12.4580
2025-08-07T22:59:00.000,12.4622
2025-08-07T23:00:00.000,12.4594
2025-08-07T23:01:00.000,12.4552
2025-08-07T23:02:00.000,12.4510
2025-08-07T23:03:00.000,12.4468
2025-08-07T23:04:00.000,12.4440
2025-08-07T23:05:00.000,12.4440
2025-08-07T23:06:00.000,12.4468
2025-08-07T23:07:00.000,12.4538
2025-08-07T23:08:00.000,12.4566
2025-08-07T23:09:00.000,12.4580
2025-08-07T23:10:00.000,12.4608
2025-08-07T23:11:00.000,12.4636
2025-08-07T23:12:00.000,12.4720
2025-08-07T23:13:00.000,12.4748
2025-08-07T23:14:00.000,12.4776
2025-08-07T23:15:00.000,12.4804
2025-08-07T23:16:00.000,12.4832
2025-08-07T23:17:00.000,12.4860
2025-08-07T23:18:00.000,12.4902
2025-08-07T23:19:00.000,12.4986
2025-08-07T23:20:00.000,12.5070
2025-08-07T23:21:00.000,12.5182
2025-08-07T23:22:00.000,12.5252
2025-08-07T23:23:00.000,12.5322
2025-08-07T23:24:00.000,12.5419
2025-08-07T23:25:00.000,12.5489
2025-08-07T23:26:00.000,12.5615
2025-08-07T23:27:00.000,12.5755
2025-08-07T23:28:00.000,12.5993
2025-08-07T23:29:00.000,12.6356
2025-08-07T23:30:00.000,12.6803
2025-08-07T23:31:00.000,12.7124
2025-08-07T23:32:00.000,12.7613
2025-08-07T23:33:00.000,12.8130
2025-08-07T23:34:00.000,12.8716
2025-08-07T23:35:00.000,12.8869
2025-08-07T23:36:00.000,12.9232
2025-08-07T23:37:00.000,12.9413
2025-08-07T23:38:00.000,12.9664
2025-08-07T23:39:00.000,13.0138
2025-08-07T23:40:00.000,13.0696
2025-08-07T23:41:00.000,13.1169
2025-08-07T23:42:00.000,13.1531
2025-08-07T23:43:00.000,13.1740
2025-08-07T23:44:00.000,13.1782
2025-08-07T23:45:00.000,13.1712
2025-08-07T23:46:00.000,13.1601
2025-08-07T23:47:00.000,13.1392
2025-08-07T23:48:00.000,13.1155
2025-08-07T23:49:00.000,13.0877
2025-08-07T23:50:00.000,13.0640
2025-08-07T23:51:00.000,13.0347
2025-08-07T23:52:00.000,13.0054
2025-08-07T23:53:00.000,12.9734
2025-08-07T23:54:00.000,12.9385
2025-08-07T23:55:00.000,12.8981
2025-08-07T23:56:00.000,12.8660
2025-08-07T23:57:00.000,12.9608
2025-08-07T23:58:00.000,12.9790
2025-08-07T23:59:00.000,12.9608
2025-08-08T00:00:00.000,12.9190
2025-08-08T00:01:00.000,12.8618
2025-08-08T00:02:00.000,12.8171
2025-08-08T00:03:00.000,12.7823
2025-08-08T00:04:00.000,12.7446
2025-08-08T00:05:00.000,12.7138
2025-08-08T00:06:00.000,12.6901
2025-08-08T00:07:00.000,12.6663
2025-08-08T00:08:00.000,12.6454
2025-08-08T00:09:00.000,12.6300
2025-08-08T00:10:00.000,12.6188
2025-08-08T00:11:00.000,12.6090
2025-08-08T00:12:00.000,12.6007
2025-08-08T00:13:00.000,12.5909
2025-08-08T00:14:00.000,12.5825
2025-08-08T00:15:00.000,12.5727
2025-08-08T00:16:00.000,12.5685
2025-08-08T00:17:00.000,12.5671
2025-08-08T00:18:00.000,12.5643
2025-08-08T00:19:00.000,12.5601
2025-08-08T00:20:00.000,12.5615
2025-08-08T00:21:00.000,12.5573
2025-08-08T00:22:00.000,12.5559
2025-08-08T00:23:00.000,12.5559
2025-08-08T00:24:00.000,12.5587
2025-08-08T00:25:00.000,12.5573
2025-08-08T00:26:00.000,12.5601
2025-08-08T00:27:00.000,12.5769
2025-08-08T00:28:00.000,12.6118
2025-08-08T00:29:00.000,12.6510
2025-08-08T00:30:00.000,12.6775
2025-08-08T00:31:00.000,12.6929
2025-08-08T00:32:00.000,12.6971
2025-08-08T00:33:00.000,12.7124
2025-08-08T00:34:00.000,12.7264
2025-08-08T00:35:00.000,12.7334
2025-08-08T00:36:00.000,12.7264
2025-08-08T00:37:00.000,12.7236
2025-08-08T00:38:00.000,12.7180
2025-08-08T00:39:00.000,12.7138
2025-08-08T00:40:00.000,12.7068
2025-08-08T00:41:00.000,12.6971
2025-08-08T00:42:00.000,12.6845
2025-08-08T00:43:00.000,12.6733
2025-08-08T00:44:00.000,12.6566
2025-08-08T00:45:00.000,12.6454
2025-08-08T00:46:00.000,12.6342
2025-08-08T00:47:00.000,12.6202
2025-08-08T00:48:00.000,12.6063
2025-08-08T00:49:00.000,12.5937
2025-08-08T00:50:00.000,12.5839
2025-08-08T00:51:00.000,12.5769
2025-08-08T00:52:00.000,12.5713
2025-08-08T00:53:00.000,12.5671
2025-08-08T00:54:00.000,12.5671
2025-08-08T00:55:00.000,12.5629
2025-08-08T00:56:00.000,12.5601
2025-08-08T00:57:00.000,12.5573
2025-08-08T00:58:00.000,12.5559
2025-08-08T00:59:00.000,12.5545
2025-08-08T01:00:00.000,12.5559
2025-08-08T01:01:00.000,12.5573
2025-08-08T01:02:00.000,12.5615
2025-08-08T01:03:00.000,12.5657
2025-08-08T01:04:00.000,12.5685
2025-08-08T01:05:00.000,12.5727
2025-08-08T01:06:00.000,12.5769
2025-08-08T01:07:00.000,12.5797
2025-08-08T01:08:00.000,12.5825
2025-08-08T01:09:00.000,12.5825
2025-08-08T01:10:00.000,12.5825
2025-08-08T01:11:00.000,12.5853
2025-08-08T01:12:00.000,12.5825
2025-08-08T01:13:00.000,12.5825
2025-08-08T01:14:00.000,12.5839
2025-08-08T01:15:00.000,12.5853
2025-08-08T01:16:00.000,12.5881
2025-08-08T01:17:00.000,12.5909
2025-08-08T01:18:00.000,12.5937
2025-08-08T01:19:00.000,12.5979
2025-08-08T01:20:00.000,12.5993
2025-08-08T01:21:00.000,12.6007
2025-08-08T01:22:00.000,12.6035
2025-08-08T01:23:00.000,12.6049
2025-08-08T01:24:00.000,12.6063
2025-08-08T01:25:00.000,12.6076
2025-08-08T01:26:00.000,12.6104
2025-08-08T01:27:00.000,12.6132
2025-08-08T01:28:00.000,12.6188
2025-08-08T01:29:00.000,12.6202
2025-08-08T01:30:00.000,12.6216
2025-08-08T01:31:00.000,12.6230
2025-08-08T01:32:00.000,12.6244
2025-08-08T01:33:00.000,12.6314
2025-08-08T01:34:00.000,12.6370
2025-08-08T01:35:00.000,12.6398
2025-08-08T01:36:00.000,12.6454
2025-08-08T01:37:00.000,12.6496
2025-08-08T01:38:00.000,12.6510
2025-08-08T01:39:00.000,12.6510
2025-08-08T01:40:00.000,12.6510
2025-08-08T01:41:00.000,12.6496
2025-08-08T01:42:00.000,12.6482
2025-08-08T01:43:00.000,12.6454
2025-08-08T01:44:00.000,12.6412
2025-08-08T01:45:00.000,12.6426
2025-08-08T01:46:00.000,12.6412
2025-08-08T01:47:00.000,12.6412
2025-08-08T01:48:00.000,12.6426
2025-08-08T01:49:00.000,12.6426
2025-08-08T01:50:00.000,12.6440
2025-08-08T01:51:00.000,12.6468
2025-08-08T01:52:00.000,12.6496
2025-08-08T01:53:00.000,12.6538
2025-08-08T01:54:00.000,12.6580
2025-08-08T01:55:00.000,12.6608
2025-08-08T01:56:00.000,12.6649
2025-08-08T01:57:00.000,12.6663
2025-08-08T01:58:00.000,12.6691
2025-08-08T01:59:00.000,12.6705
2025-08-08T02:00:00.000,12.6719
2025-08-08T02:01:00.000,12.6747
2025-08-08T02:02:00.000,12.6803
2025-08-08T02:03:00.000,12.6803
2025-08-08T02:04:00.000,12.6831
2025-08-08T02:05:00.000,12.6873
2025-08-08T02:06:00.000,12.6901
2025-08-08T02:07:00.000,12.6901
2025-08-08T02:08:00.000,12.6915
2025-08-08T02:09:00.000,12.6957
2025-08-08T02:10:00.000,12.7013
2025-08-08T02:11:00.000,12.7082
2025-08-08T02:12:00.000,12.7166
2025-08-08T02:13:00.000,12.7236
2025-08-08T02:14:00.000,12.7306
2025-08-08T02:15:00.000,12.7404
2025-08-08T02:16:00.000,12.7501
2025-08-08T02:17:00.000,12.7585
2025-08-08T02:18:00.000,12.7725
2025-08-08T02:19:00.000,12.7892
2025-08-08T02:20:00.000,12.7962
2025-08-08T02:21:00.000,12.8032
2025-08-08T02:22:00.000,12.8074
2025-08-08T02:23:00.000,12.8144
2025-08-08T02:24:00.000,12.8269
2025-08-08T02:25:00.000,12.8395
2025-08-08T02:26:00.000,12.8548
2025-08-08T02:27:00.000,12.8660
2025-08-08T02:28:00.000,12.8772
2025-08-08T02:29:00.000,12.8953
2025-08-08T02:30:00.000,12.9106
2025-08-08T02:31:00.000,12.9274
2025-08-08T02:32:00.000,12.9385
2025-08-08T02:33:00.000,12.9469
2025-08-08T02:34:00.000,12.9539
2025-08-08T02:35:00.000,12.9608
2025-08-08T02:36:00.000,12.9706
2025-08-08T02:37:00.000,12.9818
2025-08-08T02:38:00.000,12.9873
2025-08-08T02:39:00.000,12.9929
2025-08-08T02:40:00.000,13.0013
2025-08-08T02:41:00.000,13.0124
2025-08-08T02:42:00.000,13.0222
2025-08-08T02:43:00.000,13.0291
2025-08-08T02:44:00.000,13.0305
2025-08-08T02:45:00.000,13.0319
2025-08-08T02:46:00.000,13.0375
2025-08-08T02:47:00.000,13.0417
2025-08-08T02:48:00.000,13.0389
2025-08-08T02:49:00.000,13.0389
2025-08-08T02:50:00.000,13.0347
2025-08-08T02:51:00.000,13.0291
2025-08-08T02:52:00.000,13.0278
2025-08-08T02:53:00.000,13.0319
2025-08-08T02:54:00.000,13.0319
2025-08-08T02:55:00.000,13.0319
2025-08-08T02:56:00.000,13.0305
2025-08-08T02:57:00.000,13.0291
2025-08-08T02:58:00.000,13.0291
2025-08-08T02:59:00.000,13.0291
2025-08-08T03:00:00.000,13.0291
2025-08-08T03:01:00.000,13.0278
2025-08-08T03:02:00.000,13.0278
2025-08-08T03:03:00.000,13.0264
2025-08-08T03:04:00.000,13.0278
2025-08-08T03:05:00.000,13.0291
2025-08-08T03:06:00.000,13.0305
2025-08-08T03:07:00.000,13.0291
2025-08-08T03:08:00.000,13.0250
2025-08-08T03:09:00.000,13.0208
2025-08-08T03:10:00.000,13.0096
2025-08-08T03:11:00.000,12.9929
2025-08-08T03:12:00.000,12.9859
2025-08-08T03:13:00.000,12.9804
2025-08-08T03:14:00.000,12.9650
2025-08-08T03:15:00.000,12.9399
2025-08-08T03:16:00.000,12.9232
2025-08-08T03:17:00.000,12.9148
2025-08-08T03:18:00.000,12.9037
2025-08-08T03:19:00.000,12.8939
2025-08-08T03:20:00.000,12.8772
2025-08-08T03:21:00.000,12.8660
2025-08-08T03:22:00.000,12.8618
2025-08-08T03:23:00.000,12.8548
2025-08-08T03:24:00.000,12.8520
2025-08-08T03:25:00.000,12.8562
2025-08-08T03:26:00.000,12.8632
2025-08-08T03:27:00.000,12.8758
2025-08-08T03:28:00.000,12.8883
2025-08-08T03:29:00.000,12.9023
2025-08-08T03:30:00.000,12.9176
2025-08-08T03:31:00.000,12.9413
2025-08-08T03:32:00.000,12.9706
2025-08-08T03:33:00.000,13.0013
2025-08-08T03:34:00.000,13.0208
2025-08-08T03:35:00.000,13.0236
2025-08-08T03:36:00.000,13.0152
2025-08-08T03:37:00.000,13.0222
2025-08-08T03:38:00.000,13.0138
2025-08-08T03:39:00.000,12.9971
2025-08-08T03:40:00.000,12.9859
2025-08-08T03:41:00.000,12.9678
2025-08-08T03:42:00.000,12.9553
2025-08-08T03:43:00.000,12.9483
2025-08-08T03:44:00.000,12.9371
2025-08-08T03:45:00.000,12.9302
2025-08-08T03:46:00.000,12.9176
2025-08-08T03:47:00.000,12.9051
2025-08-08T03:48:00.000,12.9078
2025-08-08T03:49:00.000,12.9064
2025-08-08T03:50:00.000,12.9064
2025-08-08T03:51:00.000,12.9078
2025-08-08T03:52:00.000,12.9120
2025-08-08T03:53:00.000,12.9260
2025-08-08T03:54:00.000,12.9274
2025-08-08T03:55:00.000,12.9316
2025-08-08T03:56:00.000,12.9427
2025-08-08T03:57:00.000,12.9608
2025-08-08T03:58:00.000,12.9678
2025-08-08T03:59:00.000,12.9734
2025-08-08T04:00:00.000,12.9831
2025-08-08T04:01:00.000,12.9971
2025-08-08T04:02:00.000,13.0166
2025-08-08T04:03:00.000,13.0236
2025-08-08T04:04:00.000,13.0278
2025-08-08T04:05:00.000,13.0375
2025-08-08T04:06:00.000,13.0445
2025-08-08T04:07:00.000,13.0528
2025-08-08T04:08:00.000,13.0612
2025-08-08T04:09:00.000,13.0710
2025-08-08T04:10:00.000,13.0821
2025-08-08T04:11:00.000,13.0960
2025-08-08T04:12:00.000,13.1211
2025-08-08T04:13:00.000,13.1448
2025-08-08T04:14:00.000,13.1601
2025-08-08T04:15:00.000,13.1685
2025-08-08T04:16:00.000,13.1698
2025-08-08T04:17:00.000,13.1671
2025-08-08T04:18:00.000,13.1643
2025-08-08T04:19:00.000,13.1643
2025-08-08T04:20:00.000,13.1587
2025-08-08T04:21:00.000,13.1559
2025-08-08T04:22:00.000,13.1504
2025-08-08T04:23:00.000,13.1392
2025-08-08T04:24:00.000,13.1295
2025-08-08T04:25:00.000,13.1197
2025-08-08T04:26:00.000,13.1155
2025-08-08T04:27:00.000,13.1114
2025-08-08T04:28:00.000,13.1086
2025-08-08T04:29:00.000,13.1044
2025-08-08T04:30:00.000,13.1030
2025-08-08T04:31:00.000,13.1030
2025-08-08T04:32:00.000,13.1044
2025-08-08T04:33:00.000,13.1016
2025-08-08T04:34:00.000,13.0988
2025-08-08T04:35:00.000,13.0988
2025-08-08T04:36:00.000,13.1030
2025-08-08T04:37:00.000,13.1002
2025-08-08T04:38:00.000,13.0974
2025-08-08T04:39:00.000,13.0946
2025-08-08T04:40:00.000,13.0918
2025-08-08T04:41:00.000,13.0932
2025-08-08T04:42:00.000,13.0918
2025-08-08T04:43:00.000,13.0932
2025-08-08T04:44:00.000,13.0905
2025-08-08T04:45:00.000,13.0891
2025-08-08T04:46:00.000,13.0863
2025-08-08T04:47:00.000,13.0835
2025-08-08T04:48:00.000,13.0807
2025-08-08T04:49:00.000,13.0765
2025-08-08T04:50:00.000,13.0723
2025-08-08T04:51:00.000,13.0723
2025-08-08T04:52:00.000,13.0710
2025-08-08T04:53:00.000,13.0765
2025-08-08T04:54:00.000,13.0807
2025-08-08T04:55:00.000,13.0807
2025-08-08T04:56:00.000,13.0863
2025-08-08T04:57:00.000,13.0905
2025-08-08T04:58:00.000,13.0932
2025-08-08T04:59:00.000,13.1002
2025-08-08T05:00:00.000,13.1058
2025-08-08T05:01:00.000,13.1114
2025-08-08T05:02:00.000,13.1239
2025-08-08T05:03:00.000,13.1406
2025-08-08T05:04:00.000,13.1504
2025-08-08T05:05:00.000,13.1601
2025-08-08T05:06:00.000,13.1698
2025-08-08T05:07:00.000,13.1698
2025-08-08T05:08:00.000,13.1698
2025-08-08T05:09:00.000,13.1685
2025-08-08T05:10:00.000,13.1754
2025-08-08T05:11:00.000,13.1726
2025-08-08T05:12:00.000,13.1866
2025-08-08T05:13:00.000,13.2060
2025-08-08T05:14:00.000,13.2297
2025-08-08T05:15:00.000,13.2659
2025-08-08T05:16:00.000,13.2896
2025-08-08T05:17:00.000,13.2826
2025-08-08T05:18:00.000,13.2631
2025-08-08T05:19:00.000,13.2464
2025-08-08T05:20:00.000,13.2241
2025-08-08T05:21:00.000,13.2228
2025-08-08T05:22:00.000,13.2255
2025-08-08T05:23:00.000,13.2228
2025-08-08T05:24:00.000,13.2130
2025-08-08T05:25:00.000,13.2019
2025-08-08T05:26:00.000,13.1977
2025-08-08T05:27:00.000,13.2047
2025-08-08T05:28:00.000,13.2074
2025-08-08T05:29:00.000,13.2186
2025-08-08T05:30:00.000,13.2408
2025-08-08T05:31:00.000,13.2673
2025-08-08T05:32:00.000,13.2854
2025-08-08T05:33:00.000,13.3049
2025-08-08T05:34:00.000,13.3271
2025-08-08T05:35:00.000,13.3466
2025-08-08T05:36:00.000,13.3605
2025-08-08T05:37:00.000,13.3828
2025-08-08T05:38:00.000,13.4120
2025-08-08T05:39:00.000,13.4384
2025-08-08T05:40:00.000,13.4648
2025-08-08T05:41:00.000,13.4870
2025-08-08T05:42:00.000,13.5051
2025-08-08T05:43:00.000,13.5259
2025-08-08T05:44:00.000,13.5523
2025-08-08T05:45:00.000,13.5718
2025-08-08T05:46:00.000,13.5871
2025-08-08T05:47:00.000,13.6009
2025-08-08T05:48:00.000,13.6218
2025-08-08T05:49:00.000,13.6440
2025-08-08T05:50:00.000,13.6593
2025-08-08T05:51:00.000,13.6676
2025-08-08T05:52:00.000,13.6745
2025-08-08T05:53:00.000,13.6815
2025-08-08T05:54:00.000,13.6843
2025-08-08T05:55:00.000,13.6954
2025-08-08T05:56:00.000,13.7065
2025-08-08T05:57:00.000,13.7245
2025-08-08T05:58:00.000,13.7439
2025-08-08T05:59:00.000,13.7661
2025-08-08T06:00:00.000,13.7911
2025-08-08T06:01:00.000,13.8175
2025-08-08T06:02:00.000,13.8355
2025-08-08T06:03:00.000,13.8508
2025-08-08T06:04:00.000,13.8688
2025-08-08T06:05:00.000,13.8868
2025-08-08T06:06:00.000,13.9062
2025-08-08T06:07:00.000,13.9242
2025-08-08T06:08:00.000,13.9450
2025-08-08T06:09:00.000,13.9769
2025-08-08T06:10:00.000,13.9963
2025-08-08T06:11:00.000,14.0116
2025-08-08T06:12:00.000,14.0240
2025-08-08T06:13:00.000,14.0351
2025-08-08T06:14:00.000,14.0490
2025-08-08T06:15:00.000,14.0587
2025-08-08T06:16:00.000,14.0767
2025-08-08T06:17:00.000,14.0933
2025-08-08T06:18:00.000,14.1168
2025-08-08T06:19:00.000,14.1307
2025-08-08T06:20:00.000,14.1542
2025-08-08T06:21:00.000,14.1805
2025-08-08T06:22:00.000,14.2055
2025-08-08T06:23:00.000,14.2290
2025-08-08T06:24:00.000,14.2553
2025-08-08T06:25:00.000,14.2857
2025-08-08T06:26:00.000,14.3189
2025-08-08T06:27:00.000,14.3535
2025-08-08T06:28:00.000,14.3839
2025-08-08T06:29:00.000,14.4088
2025-08-08T06:30:00.000,14.4310
2025-08-08T06:31:00.000,14.4517
2025-08-08T06:32:00.000,14.4683
2025-08-08T06:33:00.000,14.4821
2025-08-08T06:34:00.000,14.4973
2025-08-08T06:35:00.000,14.5042
2025-08-08T06:36:00.000,14.5125
2025-08-08T06:37:00.000,14.5194
2025-08-08T06:38:00.000,14.5263
2025-08-08T06:39:00.000,14.5305
2025-08-08T06:40:00.000,14.5346
2025-08-08T06:41:00.000,14.5415
2025-08-08T06:42:00.000,14.5484
2025-08-08T06:43:00.000,14.5554
2025-08-08T06:44:00.000,14.5623
2025-08-08T06:45:00.000,14.5692
2025-08-08T06:46:00.000,14.5761
2025-08-08T06:47:00.000,14.5802
2025-08-08T06:48:00.000,14.5857
2025-08-08T06:49:00.000,14.5899
2025-08-08T06:50:00.000,14.5940
2025-08-08T06:51:00.000,14.5996
2025-08-08T06:52:00.000,14.6079
2025-08-08T06:53:00.000,14.6092
2025-08-08T06:54:00.000,14.6092
2025-08-08T06:55:00.000,14.6079
2025-08-08T06:56:00.000,14.6079
2025-08-08T06:57:00.000,14.6065
2025-08-08T06:58:00.000,14.6037
2025-08-08T06:59:00.000,14.6023
2025-08-08T07:00:00.000,14.6023
2025-08-08T07:01:00.000,14.6037
2025-08-08T07:02:00.000,14.6065
2025-08-08T07:03:00.000,14.6051
2025-08-08T07:04:00.000,14.6037
2025-08-08T07:05:00.000,14.6023
2025-08-08T07:06:00.000,14.6009
2025-08-08T07:07:00.000,14.5996
2025-08-08T07:08:00.000,14.5982
2025-08-08T07:09:00.000,14.6009
2025-08-08T07:10:00.000,14.5954
2025-08-08T07:11:00.000,14.5940
2025-08-08T07:12:00.000,14.5954
2025-08-08T07:13:00.000,14.5982
2025-08-08T07:14:00.000,14.5996
2025-08-08T07:15:00.000,14.6037
2025-08-08T07:16:00.000,14.6120
2025-08-08T07:17:00.000,14.6217
2025-08-08T07:18:00.000,14.6272
2025-08-08T07:19:00.000,14.6327
2025-08-08T07:20:00.000,14.6396
2025-08-08T07:21:00.000,14.6465
2025-08-08T07:22:00.000,14.6534
2025-08-08T07:23:00.000,14.6631
2025-08-08T07:24:00.000,14.6728
2025-08-08T07:25:00.000,14.6852
2025-08-08T07:26:00.000,14.7018
2025-08-08T07:27:00.000,14.7114
2025-08-08T07:28:00.000,14.7197
2025-08-08T07:29:00.000,14.7211
2025-08-08T07:30:00.000,14.7211
2025-08-08T07:31:00.000,14.7211
2025-08-08T07:32:00.000,14.7225
2025-08-08T07:33:00.000,14.7280
2025-08-08T07:34:00.000,14.7335
2025-08-08T07:35:00.000,14.7432
2025-08-08T07:36:00.000,14.7487
2025-08-08T07:37:00.000,14.7542
2025-08-08T07:38:00.000,14.7570
2025-08-08T07:39:00.000,14.7667
2025-08-08T07:40:00.000,14.7749
2025-08-08T07:41:00.000,14.7901
2025-08-08T07:42:00.000,14.8067
2025-08-08T07:43:00.000,14.8274
2025-08-08T07:44:00.000,14.8371
2025-08-08T07:45:00.000,14.8467
2025-08-08T07:46:00.000,14.8550
2025-08-08T07:47:00.000,14.8591
2025-08-08T07:48:00.000,14.8633
2025-08-08T07:49:00.000,14.8716
2025-08-08T07:50:00.000,14.8771
2025-08-08T07:51:00.000,14.8826
2025-08-08T07:52:00.000,14.8936
2025-08-08T07:53:00.000,14.8978
2025-08-08T07:54:00.000,14.8743
2025-08-08T07:55:00.000,14.8343
2025-08-08T07:56:00.000,14.8716
2025-08-08T07:57:00.000,14.9529
2025-08-08T07:58:00.000,15.0826
2025-08-08T07:59:00.000,15.2603
2025-08-08T08:00:00.000,15.5054
2025-08-08T08:01:00.000,15.7489
2025-08-08T08:02:00.000,15.9743
2025-08-08T08:03:00.000,16.1679
2025-08-08T08:04:00.000,16.4027
2025-08-08T08:05:00.000,16.6934
2025-08-08T08:06:00.000,16.9758
2025-08-08T08:07:00.000,17.2620
2025-08-08T08:08:00.000,17.4879
2025-08-08T08:09:00.000,17.6836
2025-08-08T08:10:00.000,17.8492
2025-08-08T08:11:00.000,17.9969
2025-08-08T08:12:00.000,18.1145
2025-08-08T08:13:00.000,18.2130
2025-08-08T08:14:00.000,18.3292
2025-08-08T08:15:00.000,18.4878
2025-08-08T08:16:00.000,18.6369
2025-08-08T08:17:00.000,18.7954
2025-08-08T08:18:00.000,18.9499
2025-08-08T08:19:00.000,19.1440
2025-08-08T08:20:00.000,19.3573
2025-08-08T08:21:00.000,19.5186
2025-08-08T08:22:00.000,19.6443
2025-08-08T08:23:00.000,19.7373
2025-08-08T08:24:00.000,19.8453
2025-08-08T08:25:00.000,19.8754
2025-08-08T08:26:00.000,19.8768
2025-08-08T08:27:00.000,19.8522
2025-08-08T08:28:00.000,19.8098
2025-08-08T08:29:00.000,19.7400
2025-08-08T08:30:00.000,19.7045
2025-08-08T08:31:00.000,19.6908
2025-08-08T08:32:00.000,19.6949
2025-08-08T08:33:00.000,19.6922
2025-08-08T08:34:00.000,19.6826
2025-08-08T08:35:00.000,19.6922
2025-08-08T08:36:00.000,19.7086
2025-08-08T08:37:00.000,19.7277
2025-08-08T08:38:00.000,19.7770
2025-08-08T08:39:00.000,19.8248
2025-08-08T08:40:00.000,19.8631
2025-08-08T08:41:00.000,19.8563
2025-08-08T08:42:00.000,19.8850
2025-08-08T08:43:00.000,19.9369
2025-08-08T08:44:00.000,19.9862
2025-08-08T08:45:00.000,20.0190
2025-08-08T08:46:00.000,20.0518
2025-08-08T08:47:00.000,20.0655
2025-08-08T08:48:00.000,20.0887
2025-08-08T08:49:00.000,20.1393
2025-08-08T08:50:00.000,20.1831
2025-08-08T08:51:00.000,20.2707
2025-08-08T08:52:00.000,20.3445
2025-08-08T08:53:00.000,20.4266
2025-08-08T08:54:00.000,20.4937
2025-08-08T08:55:00.000,20.5552
2025-08-08T08:56:00.000,20.5922
2025-08-08T08:57:00.000,20.6127
2025-08-08T08:58:00.000,20.6004
2025-08-08T08:59:00.000,20.5812
2025-08-08T09:00:00.000,20.5717
2025-08-08T09:01:00.000,20.5593
2025-08-08T09:02:00.000,20.5005
2025-08-08T09:03:00.000,20.4444
2025-08-08T09:04:00.000,20.4116
2025-08-08T09:05:00.000,20.4403
2025-08-08T09:06:00.000,20.5333
2025-08-08T09:07:00.000,20.6031
2025-08-08T09:08:00.000,20.6688
2025-08-08T09:09:00.000,20.7085
2025-08-08T09:10:00.000,20.7660
2025-08-08T09:11:00.000,20.8153
2025-08-08T09:12:00.000,20.8714
2025-08-08T09:13:00.000,20.9331
2025-08-08T09:14:00.000,21.0097
2025-08-08T09:15:00.000,21.0549
2025-08-08T09:16:00.000,21.1043
2025-08-08T09:17:00.000,21.1686
2025-08-08T09:18:00.000,21.2289
2025-08-08T09:19:00.000,21.2851
2025-08-08T09:20:00.000,21.3331
2025-08-08T09:21:00.000,21.4098
2025-08-08T09:22:00.000,21.5291
2025-08-08T09:23:00.000,21.6607
2025-08-08T09:24:00.000,21.7293
2025-08-08T09:25:00.000,21.8322
2025-08-08T09:26:00.000,21.9297
2025-08-08T09:27:00.000,22.0477
2025-08-08T09:28:00.000,22.2057
2025-08-08T09:29:00.000,22.3568
2025-08-08T09:30:00.000,22.5149
2025-08-08T09:31:00.000,22.6800
2025-08-08T09:32:00.000,22.8149
2025-08-08T09:33:00.000,22.9250
2025-08-08T09:34:00.000,23.0600
2025-08-08T09:35:00.000,23.2227
2025-08-08T09:36:00.000,23.3910
2025-08-08T09:37:00.000,23.4862
2025-08-08T09:38:00.000,23.5179
2025-08-08T09:39:00.000,23.5469
2025-08-08T09:40:00.000,23.5677
2025-08-08T09:41:00.000,23.6326
2025-08-08T09:42:00.000,23.8012
2025-08-08T09:43:00.000,23.9339
2025-08-08T09:44:00.000,24.0557
2025-08-08T09:45:00.000,24.1138
2025-08-08T09:46:00.000,24.1540
2025-08-08T09:47:00.000,24.1748
2025-08-08T09:48:00.000,24.1817
2025-08-08T09:49:00.000,24.2135
2025-08-08T09:50:00.000,24.2122
2025-08-08T09:51:00.000,24.1664
2025-08-08T09:52:00.000,24.1997
2025-08-08T09:53:00.000,24.2537
2025-08-08T09:54:00.000,24.3327
2025-08-08T09:55:00.000,24.4242
2025-08-08T09:56:00.000,24.4991
2025-08-08T09:57:00.000,24.5269
2025-08-08T09:58:00.000,24.5504
2025-08-08T09:59:00.000,24.5782
2025-08-08T10:00:00.000,24.6129
2025-08-08T10:01:00.000,24.6948
2025-08-08T10:02:00.000,24.7407
2025-08-08T10:03:00.000,24.7657
2025-08-08T10:04:00.000,24.7768
2025-08-08T10:05:00.000,24.7351
2025-08-08T10:06:00.000,24.6976
2025-08-08T10:07:00.000,24.7059
2025-08-08T10:08:00.000,24.7226
2025-08-08T10:09:00.000,24.7379
2025-08-08T10:10:00.000,24.8463
2025-08-08T10:11:00.000,24.9325
2025-08-08T10:12:00.000,25.0159
2025-08-08T10:13:00.000,25.0632
2025-08-08T10:14:00.000,25.0326
2025-08-08T10:15:00.000,25.1022
2025-08-08T10:16:00.000,25.1927
2025-08-08T10:17:00.000,25.3126
2025-08-08T10:18:00.000,25.4576
2025-08-08T10:19:00.000,25.5930
2025-08-08T10:20:00.000,25.6391
2025-08-08T10:21:00.000,25.6111
2025-08-08T10:22:00.000,25.5497
2025-08-08T10:23:00.000,25.6083
2025-08-08T10:24:00.000,25.6907
2025-08-08T10:25:00.000,25.9425
2025-08-08T10:26:00.000,26.3321
2025-08-08T10:27:00.000,26.6229
2025-08-08T10:28:00.000,26.9044
2025-08-08T10:29:00.000,27.2261
2025-08-08T10:30:00.000,27.6450
2025-08-08T10:31:00.000,27.9715
2025-08-08T10:32:00.000,28.2021
2025-08-08T10:33:00.000,28.1380
2025-08-08T10:34:00.000,27.9033
2025-08-08T10:35:00.000,27.5798
2025-08-08T10:36:00.000,27.2699
2025-08-08T10:37:00.000,26.8974
2025-08-08T10:38:00.000,26.5947
2025-08-08T10:39:00.000,26.3700
2025-08-08T10:40:00.000,26.1764
2025-08-08T10:41:00.000,25.8767
2025-08-08T10:42:00.000,25.5651
2025-08-08T10:43:00.000,25.2540
2025-08-08T10:44:00.000,24.9770
2025-08-08T10:45:00.000,24.7546
2025-08-08T10:46:00.000,24.5269
2025-08-08T10:47:00.000,24.4270
2025-08-08T10:48:00.000,24.3341
2025-08-08T10:49:00.000,24.2412
2025-08-08T10:50:00.000,24.1498
2025-08-08T10:51:00.000,24.0128
2025-08-08T10:52:00.000,23.9104
2025-08-08T10:53:00.000,23.8316
2025-08-08T10:54:00.000,23.8316
2025-08-08T10:55:00.000,23.8357
2025-08-08T10:56:00.000,23.8247
2025-08-08T10:57:00.000,23.7818
2025-08-08T10:58:00.000,23.7376
2025-08-08T10:59:00.000,23.7583
2025-08-08T11:00:00.000,23.7265
2025-08-08T11:01:00.000,23.7003
2025-08-08T11:02:00.000,23.7348
2025-08-08T11:03:00.000,23.8288
2025-08-08T11:04:00.000,23.9187
2025-08-08T11:05:00.000,24.0709
2025-08-08T11:06:00.000,24.2149
2025-08-08T11:07:00.000,24.3715
2025-08-08T11:08:00.000,24.6046
2025-08-08T11:09:00.000,24.8449
2025-08-08T11:10:00.000,25.1872
2025-08-08T11:11:00.000,25.5036
2025-08-08T11:12:00.000,25.7033
2025-08-08T11:13:00.000,25.8221
2025-08-08T11:14:00.000,25.9747
2025-08-08T11:15:00.000,26.1147
2025-08-08T11:16:00.000,26.1960
2025-08-08T11:17:00.000,26.2296
2025-08-08T11:18:00.000,26.2956
2025-08-08T11:19:00.000,26.3419
2025-08-08T11:20:00.000,26.3629
2025-08-08T11:21:00.000,26.4261
2025-08-08T11:22:00.000,26.3685
2025-08-08T11:23:00.000,26.1848
2025-08-08T11:24:00.000,25.7928
2025-08-08T11:25:00.000,25.5986
2025-08-08T11:26:00.000,25.5790
2025-08-08T11:27:00.000,25.6474
2025-08-08T11:28:00.000,26.0013
2025-08-08T11:29:00.000,26.2858
2025-08-08T11:30:00.000,26.3643
2025-08-08T11:31:00.000,26.3952
2025-08-08T11:32:00.000,26.3728
2025-08-08T11:33:00.000,26.2745
2025-08-08T11:34:00.000,26.2493
2025-08-08T11:35:00.000,26.1890
2025-08-08T11:36:00.000,26.1441
2025-08-08T11:37:00.000,26.0559
2025-08-08T11:38:00.000,25.9789
2025-08-08T11:39:00.000,25.9131
2025-08-08T11:40:00.000,25.8949
2025-08-08T11:41:00.000,25.9691
2025-08-08T11:42:00.000,25.9943
2025-08-08T11:43:00.000,26.1091
2025-08-08T11:44:00.000,26.2759
2025-08-08T11:45:00.000,26.5652
2025-08-08T11:46:00.000,26.9213
2025-08-08T11:47:00.000,27.2035
2025-08-08T11:48:00.000,27.4694
2025-08-08T11:49:00.000,27.7344
2025-08-08T11:50:00.000,27.8849
2025-08-08T11:51:00.000,27.9389
2025-08-08T11:52:00.000,28.1665
2025-08-08T11:53:00.000,28.2605
2025-08-08T11:54:00.000,28.1579
2025-08-08T11:55:00.000,27.8550
2025-08-08T11:56:00.000,27.5600
2025-08-08T11:57:00.000,27.3152
2025-08-08T11:58:00.000,27.0807
2025-08-08T11:59:00.000,26.8889
2025-08-08T12:00:00.000,26.8396
2025-08-08T12:01:00.000,26.9100
2025-08-08T12:02:00.000,26.9241
2025-08-08T12:03:00.000,27.0497
2025-08-08T12:04:00.000,27.0003
2025-08-08T12:05:00.000,26.9157
2025-08-08T12:06:00.000,26.6327
2025-08-08T12:07:00.000,26.1189
2025-08-08T12:08:00.000,25.4743
2025-08-08T12:09:00.000,24.9116
2025-08-08T12:10:00.000,24.4936
2025-08-08T12:11:00.000,24.0529
2025-08-08T12:12:00.000,23.6505
2025-08-08T12:13:00.000,23.3565
2025-08-08T12:14:00.000,23.1441
2025-08-08T12:15:00.000,23.0173
2025-08-08T12:16:00.000,22.9195
2025-08-08T12:17:00.000,22.8314
2025-08-08T12:18:00.000,22.7433
2025-08-08T12:19:00.000,22.6263
2025-08-08T12:20:00.000,22.4489
2025-08-08T12:21:00.000,22.3046
2025-08-08T12:22:00.000,22.1233
2025-08-08T12:23:00.000,21.9530
2025-08-08T12:24:00.000,21.7856
2025-08-08T12:25:00.000,21.6553
2025-08-08T12:26:00.000,21.4989
2025-08-08T12:27:00.000,21.4126
2025-08-08T12:28:00.000,21.2618
2025-08-08T12:29:00.000,21.1769
2025-08-08T12:30:00.000,21.2399
2025-08-08T12:31:00.000,21.6237
2025-08-08T12:32:00.000,22.2029
2025-08-08T12:33:00.000,22.7970
2025-08-08T12:34:00.000,23.2985
2025-08-08T12:35:00.000,23.6588
2025-08-08T12:36:00.000,24.0045
2025-08-08T12:37:00.000,24.2426
2025-08-08T12:38:00.000,24.4242
2025-08-08T12:39:00.000,24.5546
2025-08-08T12:40:00.000,24.7143
2025-08-08T12:41:00.000,24.8894
2025-08-08T12:42:00.000,25.1482
2025-08-08T12:43:00.000,25.3237
2025-08-08T12:44:00.000,25.5050
2025-08-08T12:45:00.000,25.7397
2025-08-08T12:46:00.000,25.7648
2025-08-08T12:47:00.000,25.7536
2025-08-08T12:48:00.000,25.7494
2025-08-08T12:49:00.000,25.6740
2025-08-08T12:50:00.000,25.5609
2025-08-08T12:51:00.000,25.3655
2025-08-08T12:52:00.000,25.2317
2025-08-08T12:53:00.000,25.1161
2025-08-08T12:54:00.000,25.0521
2025-08-08T12:55:00.000,25.0479
2025-08-08T12:56:00.000,25.0368
2025-08-08T12:57:00.000,24.9186
2025-08-08T12:58:00.000,24.7782
2025-08-08T12:59:00.000,24.6907
2025-08-08T13:00:00.000,24.7754
2025-08-08T13:01:00.000,24.9464
2025-08-08T13:02:00.000,25.0549
2025-08-08T13:03:00.000,25.0062
2025-08-08T13:04:00.000,25.1899
2025-08-08T13:05:00.000,25.3181
2025-08-08T13:06:00.000,25.4911
2025-08-08T13:07:00.000,25.3530
2025-08-08T13:08:00.000,24.8199
2025-08-08T13:09:00.000,24.2260
2025-08-08T13:10:00.000,23.6436
2025-08-08T13:11:00.000,23.1220
2025-08-08T13:12:00.000,22.7089
2025-08-08T13:13:00.000,22.3761
2025-08-08T13:14:00.000,22.1136
2025-08-08T13:15:00.000,21.9228
2025-08-08T13:16:00.000,21.7746
2025-08-08T13:17:00.000,21.6553
2025-08-08T13:18:00.000,21.5414
2025-08-08T13:19:00.000,21.4235
2025-08-08T13:20:00.000,21.3057
2025-08-08T13:21:00.000,21.2029
2025-08-08T13:22:00.000,21.0947
2025-08-08T13:23:00.000,20.9947
2025-08-08T13:24:00.000,20.8906
2025-08-08T13:25:00.000,20.7564
2025-08-08T13:26:00.000,20.6456
2025-08-08T13:27:00.000,20.5320
2025-08-08T13:28:00.000,20.4184
2025-08-08T13:29:00.000,20.3199
2025-08-08T13:30:00.000,20.1872
2025-08-08T13:31:00.000,20.0751
2025-08-08T13:32:00.000,19.9834
2025-08-08T13:33:00.000,19.9014
2025-08-08T13:34:00.000,19.8235
2025-08-08T13:35:00.000,19.7619
2025-08-08T13:36:00.000,19.6895
2025-08-08T13:37:00.000,19.6334
2025-08-08T13:38:00.000,19.5582
2025-08-08T13:39:00.000,19.4598
2025-08-08T13:40:00.000,19.3313
2025-08-08T13:41:00.000,19.2178
2025-08-08T13:42:00.000,19.0880
2025-08-08T13:43:00.000,18.9813
2025-08-08T13:44:00.000,18.8597
2025-08-08T13:45:00.000,18.7107
2025-08-08T13:46:00.000,18.5439
2025-08-08T13:47:00.000,18.3388
2025-08-08T13:48:00.000,18.1200
2025-08-08T13:49:00.000,17.9162
2025-08-08T13:50:00.000,17.7589
2025-08-08T13:51:00.000,17.6467
2025-08-08T13:52:00.000,17.5673
2025-08-08T13:53:00.000,17.4838
2025-08-08T13:54:00.000,17.4400
2025-08-08T13:55:00.000,17.4017
2025-08-08T13:56:00.000,17.3442
2025-08-08T13:57:00.000,17.2894
2025-08-08T13:58:00.000,17.2004
2025-08-08T13:59:00.000,17.1073
2025-08-08T14:00:00.000,17.0086
2025-08-08T14:01:00.000,16.8812
2025-08-08T14:02:00.000,16.7496
2025-08-08T14:03:00.000,16.6276
2025-08-08T14:04:00.000,16.5467
2025-08-08T14:05:00.000,16.4767
2025-08-08T14:06:00.000,16.4081
2025-08-08T14:07:00.000,16.3340
2025-08-08T14:08:00.000,16.2572
2025-08-08T14:09:00.000,16.1899
2025-08-08T14:10:00.000,16.1171
2025-08-08T14:11:00.000,16.0430
2025-08-08T14:12:00.000,15.9839
2025-08-08T14:13:00.000,15.9248
2025-08-08T14:14:00.000,15.8712
2025-08-08T14:15:00.000,15.8300
2025-08-08T14:16:00.000,15.7984
2025-08-08T14:17:00.000,15.7874
2025-08-08T14:18:00.000,15.8080
2025-08-08T14:19:00.000,15.8327
2025-08-08T14:20:00.000,15.8616
2025-08-08T14:21:00.000,15.8918
2025-08-08T14:22:00.000,15.9427
2025-08-08T14:23:00.000,15.9963
2025-08-08T14:24:00.000,16.0334
2025-08-08T14:25:00.000,16.0443
2025-08-08T14:26:00.000,16.0279
2025-08-08T14:27:00.000,15.9866
2025-08-08T14:28:00.000,15.9289
2025-08-08T14:29:00.000,15.8740
2025-08-08T14:30:00.000,15.8369
2025-08-08T14:31:00.000,15.7997
2025-08-08T14:32:00.000,15.7722
2025-08-08T14:33:00.000,15.7420
2025-08-08T14:34:00.000,15.6994
2025-08-08T14:35:00.000,15.6554
2025-08-08T14:36:00.000,15.6223
2025-08-08T14:37:00.000,15.5921
2025-08-08T14:38:00.000,15.5632
2025-08-08T14:39:00.000,15.5384
2025-08-08T14:40:00.000,15.4944
2025-08-08T14:41:00.000,15.4559
2025-08-08T14:42:00.000,15.4049
2025-08-08T14:43:00.000,15.3581
2025-08-08T14:44:00.000,15.3099
2025-08-08T14:45:00.000,15.2700
2025-08-08T14:46:00.000,15.2314
2025-08-08T14:47:00.000,15.2025
2025-08-08T14:48:00.000,15.1804
2025-08-08T14:49:00.000,15.1721
2025-08-08T14:50:00.000,15.1639
2025-08-08T14:51:00.000,15.1570
2025-08-08T14:52:00.000,15.1460
2025-08-08T14:53:00.000,15.1377
2025-08-08T14:54:00.000,15.1363
2025-08-08T14:55:00.000,15.1391
2025-08-08T14:56:00.000,15.1418
2025-08-08T14:57:00.000,15.1446
2025-08-08T14:58:00.000,15.1418
2025-08-08T14:59:00.000,15.1294
2025-08-08T15:00:00.000,15.0963
2025-08-08T15:01:00.000,15.0660
2025-08-08T15:02:00.000,15.0302
2025-08-08T15:03:00.000,14.9957
2025-08-08T15:04:00.000,14.9557
2025-08-08T15:05:00.000,14.9033
2025-08-08T15:06:00.000,14.8440
2025-08-08T15:07:00.000,14.7763
2025-08-08T15:08:00.000,14.7045
2025-08-08T15:09:00.000,14.6396
2025-08-08T15:10:00.000,14.5857
2025-08-08T15:11:00.000,14.5236
2025-08-08T15:12:00.000,14.4793
2025-08-08T15:13:00.000,14.4503
2025-08-08T15:14:00.000,14.4310
2025-08-08T15:15:00.000,14.4102
2025-08-08T15:16:00.000,14.3853
2025-08-08T15:17:00.000,14.3563
2025-08-08T15:18:00.000,14.3286
2025-08-08T15:19:00.000,14.2996
2025-08-08T15:20:00.000,14.2719
2025-08-08T15:21:00.000,14.2539
2025-08-08T15:22:00.000,14.2442
2025-08-08T15:23:00.000,14.2484
2025-08-08T15:24:00.000,14.2511
2025-08-08T15:25:00.000,14.2511
2025-08-08T15:26:00.000,14.2470
2025-08-08T15:27:00.000,14.2539
2025-08-08T15:28:00.000,14.2525
2025-08-08T15:29:00.000,14.2428
2025-08-08T15:30:00.000,14.2165
2025-08-08T15:31:00.000,14.1833
2025-08-08T15:32:00.000,14.1542
2025-08-08T15:33:00.000,14.1293
2025-08-08T15:34:00.000,14.1071
2025-08-08T15:35:00.000,14.0878
2025-08-08T15:36:00.000,14.0601
2025-08-08T15:37:00.000,14.0254
2025-08-08T15:38:00.000,13.9949
2025-08-08T15:39:00.000,13.9700
2025-08-08T15:40:00.000,13.9409
2025-08-08T15:41:00.000,13.9090
2025-08-08T15:42:00.000,13.8813
2025-08-08T15:43:00.000,13.8521
2025-08-08T15:44:00.000,13.8216
2025-08-08T15:45:00.000,13.7994
2025-08-08T15:46:00.000,13.7800
2025-08-08T15:47:00.000,13.7661
2025-08-08T15:48:00.000,13.7564
2025-08-08T15:49:00.000,13.7509
2025-08-08T15:50:00.000,13.7439
2025-08-08T15:51:00.000,13.7412
2025-08-08T15:52:00.000,13.7425
2025-08-08T15:53:00.000,13.7467
2025-08-08T15:54:00.000,13.7481
2025-08-08T15:55:00.000,13.7467
2025-08-08T15:56:00.000,13.7425
2025-08-08T15:57:00.000,13.7425
2025-08-08T15:58:00.000,13.7370
2025-08-08T15:59:00.000,13.7314
2025-08-08T16:00:00.000,13.7273
2025-08-08T16:01:00.000,13.7217
2025-08-08T16:02:00.000,13.7190
2025-08-08T16:03:00.000,13.7217
2025-08-08T16:04:00.000,13.7176
2025-08-08T16:05:00.000,13.7120
2025-08-08T16:06:00.000,13.7065
2025-08-08T16:07:00.000,13.7051
2025-08-08T16:08:00.000,13.7051
2025-08-08T16:09:00.000,13.7065
2025-08-08T16:10:00.000,13.7037
2025-08-08T16:11:00.000,13.7037
2025-08-08T16:12:00.000,13.7065
2025-08-08T16:13:00.000,13.7106
2025-08-08T16:14:00.000,13.7176
2025-08-08T16:15:00.000,13.7134
2025-08-08T16:16:00.000,13.7120
2025-08-08T16:17:00.000,13.7148
2025-08-08T16:18:00.000,13.7301
2025-08-08T16:19:00.000,13.7842
2025-08-08T16:20:00.000,13.8743
2025-08-08T16:21:00.000,13.9769
2025-08-08T16:22:00.000,14.0504
2025-08-08T16:23:00.000,14.1182
2025-08-08T16:24:00.000,14.1695
2025-08-08T16:25:00.000,14.2234
2025-08-08T16:26:00.000,14.2691
2025-08-08T16:27:00.000,14.3037
2025-08-08T16:28:00.000,14.3397
2025-08-08T16:29:00.000,14.3798
2025-08-08T16:30:00.000,14.4061
2025-08-08T16:31:00.000,14.4323
2025-08-08T16:32:00.000,14.4586
2025-08-08T16:33:00.000,14.4849
2025-08-08T16:34:00.000,14.5084
2025-08-08T16:35:00.000,14.5263
2025-08-08T16:36:00.000,14.5360
2025-08-08T16:37:00.000,14.5346
2025-08-08T16:38:00.000,14.5319
2025-08-08T16:39:00.000,14.5263
2025-08-08T16:40:00.000,14.5194
2025-08-08T16:41:00.000,14.5236
2025-08-08T16:42:00.000,14.5194
2025-08-08T16:43:00.000,14.5167
2025-08-08T16:44:00.000,14.5194
2025-08-08T16:45:00.000,14.5346
2025-08-08T16:46:00.000,14.5512
2025-08-08T16:47:00.000,14.5609
2025-08-08T16:48:00.000,14.5692
2025-08-08T16:49:00.000,14.5706
2025-08-08T16:50:00.000,14.5706
2025-08-08T16:51:00.000,14.5733
2025-08-08T16:52:00.000,14.5775
2025-08-08T16:53:00.000,14.5816
2025-08-08T16:54:00.000,14.5899
2025-08-08T16:55:00.000,14.5954
2025-08-08T16:56:00.000,14.6037
2025-08-08T16:57:00.000,14.6106
2025-08-08T16:58:00.000,14.5844
2025-08-08T16:59:00.000,14.5678
2025-08-08T17:00:00.000,14.5664
2025-08-08T17:01:00.000,14.5719
2025-08-08T17:02:00.000,14.5899
2025-08-08T17:03:00.000,14.6092
2025-08-08T17:04:00.000,14.6272
2025-08-08T17:05:00.000,14.6493
2025-08-08T17:06:00.000,14.6783
2025-08-08T17:07:00.000,14.6990
2025-08-08T17:08:00.000,14.7225
2025-08-08T17:09:00.000,14.7460
2025-08-08T17:10:00.000,14.7708
2025-08-08T17:11:00.000,14.7970
2025-08-08T17:12:00.000,14.8205
2025-08-08T17:13:00.000,14.8398
2025-08-08T17:14:00.000,14.8619
2025-08-08T17:15:00.000,14.8867
2025-08-08T17:16:00.000,14.9240
2025-08-08T17:17:00.000,14.9736
2025-08-08T17:18:00.000,15.0288
2025-08-08T17:19:00.000,15.0688
2025-08-08T17:20:00.000,15.1019
2025-08-08T17:21:00.000,15.0481
2025-08-08T17:22:00.000,14.9695
2025-08-08T17:23:00.000,14.7308
2025-08-08T17:24:00.000,14.6023
2025-08-08T17:25:00.000,14.4213
2025-08-08T17:26:00.000,14.2401
2025-08-08T17:27:00.000,14.0379
2025-08-08T17:28:00.000,13.8521
2025-08-08T17:29:00.000,13.6718
2025-08-08T17:30:00.000,13.5162
2025-08-08T17:31:00.000,13.3967
2025-08-08T17:32:00.000,13.2923
2025-08-08T17:33:00.000,13.1935
2025-08-08T17:34:00.000,13.0974
2025-08-08T17:35:00.000,13.0027
2025-08-08T17:36:00.000,12.9190
2025-08-08T17:37:00.000,12.8451
2025-08-08T17:38:00.000,12.7836
2025-08-08T17:39:00.000,12.7348
2025-08-08T17:40:00.000,12.6873
2025-08-08T17:41:00.000,12.6496
2025-08-08T17:42:00.000,12.6202
2025-08-08T17:43:00.000,12.5951
2025-08-08T17:44:00.000,12.5727
2025-08-08T17:45:00.000,12.5545
2025-08-08T17:46:00.000,12.5391
2025-08-08T17:47:00.000,12.5252
2025-08-08T17:48:00.000,12.5112
2025-08-08T17:49:00.000,12.4944
2025-08-08T17:50:00.000,12.4790
2025-08-08T17:51:00.000,12.4664
2025-08-08T17:52:00.000,12.4566
2025-08-08T17:53:00.000,12.4524
2025-08-08T17:54:00.000,12.4552
2025-08-08T17:55:00.000,12.4622
2025-08-08T17:56:00.000,12.4776
2025-08-08T17:57:00.000,12.5014
2025-08-08T17:58:00.000,12.5336
2025-08-08T17:59:00.000,12.5699
2025-08-08T18:00:00.000,12.6160
2025-08-08T18:01:00.000,12.6608
2025-08-08T18:02:00.000,12.6999
2025-08-08T18:03:00.000,12.7515
2025-08-08T18:04:00.000,12.8074
2025-08-08T18:05:00.000,12.8367
2025-08-08T18:06:00.000,12.8799
2025-08-08T18:07:00.000,12.9260
2025-08-08T18:08:00.000,12.9664
2025-08-08T18:09:00.000,12.9957
2025-08-08T18:10:00.000,12.9999
2025-08-08T18:11:00.000,13.0250
2025-08-08T18:12:00.000,13.0696
2025-08-08T18:13:00.000,13.1086
2025-08-08T18:14:00.000,13.1462
2025-08-08T18:15:00.000,13.1615
2025-08-08T18:16:00.000,13.1671
2025-08-08T18:17:00.000,13.1796
2025-08-08T18:18:00.000,13.1879
2025-08-08T18:19:00.000,13.1740
2025-08-08T18:20:00.000,13.1726
2025-08-08T18:21:00.000,13.1921
2025-08-08T18:22:00.000,13.2255
2025-08-08T18:23:00.000,13.2297
2025-08-08T18:24:00.000,13.2422
2025-08-08T18:25:00.000,13.2562
2025-08-08T18:26:00.000,13.2770
2025-08-08T18:27:00.000,13.2979
2025-08-08T18:28:00.000,13.3229
2025-08-08T18:29:00.000,13.3522
2025-08-08T18:30:00.000,13.3953
2025-08-08T18:31:00.000,13.4370
2025-08-08T18:32:00.000,13.4620
2025-08-08T18:33:00.000,13.4703
2025-08-08T18:34:00.000,13.4690
2025-08-08T18:35:00.000,13.4592
2025-08-08T18:36:00.000,13.4453
2025-08-08T18:37:00.000,13.4300
2025-08-08T18:38:00.000,13.4147
2025-08-08T18:39:00.000,13.4050
2025-08-08T18:40:00.000,13.3953
2025-08-08T18:41:00.000,13.3855
2025-08-08T18:42:00.000,13.3758
2025-08-08T18:43:00.000,13.3675
2025-08-08T18:44:00.000,13.3563
2025-08-08T18:45:00.000,13.3424
2025-08-08T18:46:00.000,13.3299
2025-08-08T18:47:00.000,13.3216
2025-08-08T18:48:00.000,13.3063
2025-08-08T18:49:00.000,13.2923
2025-08-08T18:50:00.000,13.2784
2025-08-08T18:51:00.000,13.2673
2025-08-08T18:52:00.000,13.2576
2025-08-08T18:53:00.000,13.2492
2025-08-08T18:54:00.000,13.2436
2025-08-08T18:55:00.000,13.2367
2025-08-08T18:56:00.000,13.2283
2025-08-08T18:57:00.000,13.2214
2025-08-08T18:58:00.000,13.2144
2025-08-08T18:59:00.000,13.2116
2025-08-08T19:00:00.000,13.2088
2025-08-08T19:01:00.000,13.2074
2025-08-08T19:02:00.000,13.2047
2025-08-08T19:03:00.000,13.2005
2025-08-08T19:04:00.000,13.1963
2025-08-08T19:05:00.000,13.1852
2025-08-08T19:06:00.000,13.1657
2025-08-08T19:07:00.000,13.1322
2025-08-08T19:08:00.000,13.1002
2025-08-08T19:09:00.000,13.0668
2025-08-08T19:10:00.000,13.0166
2025-08-08T19:11:00.000,12.9678
2025-08-08T19:12:00.000,12.9288
2025-08-08T19:13:00.000,12.8883
2025-08-08T19:14:00.000,12.8492
2025-08-08T19:15:00.000,12.8088
2025-08-08T19:16:00.000,12.7697
2025-08-08T19:17:00.000,12.7306
2025-08-08T19:18:00.000,12.6985
2025-08-08T19:19:00.000,12.6691
2025-08-08T19:20:00.000,12.6384
2025-08-08T19:21:00.000,12.6090
2025-08-08T19:22:00.000,12.5839
2025-08-08T19:23:00.000,12.5559
2025-08-08T19:24:00.000,12.5280
2025-08-08T19:25:00.000,12.5056
2025-08-08T19:26:00.000,12.4832
2025-08-08T19:27:00.000,12.4678
2025-08-08T19:28:00.000,12.4468
2025-08-08T19:29:00.000,12.4258
2025-08-08T19:30:00.000,12.4076
2025-08-08T19:31:00.000,12.3894
2025-08-08T19:32:00.000,12.3754
2025-08-08T19:33:00.000,12.3614
2025-08-08T19:34:00.000,12.3530
2025-08-08T19:35:00.000,12.3446
2025-08-08T19:36:00.000,12.3390
2025-08-08T19:37:00.000,12.3320
2025-08-08T19:38:00.000,12.3292
2025-08-08T19:39:00.000,12.3194
2025-08-08T19:40:00.000,12.3124
2025-08-08T19:41:00.000,12.3306
2025-08-08T19:42:00.000,12.3544
2025-08-08T19:43:00.000,12.3656
2025-08-08T19:44:00.000,12.3628
2025-08-08T19:45:00.000,12.3544
2025-08-08T19:46:00.000,12.3432
2025-08-08T19:47:00.000,12.3334
2025-08-08T19:48:00.000,12.3264
2025-08-08T19:49:00.000,12.3208
2025-08-08T19:50:00.000,12.3166
2025-08-08T19:51:00.000,12.3152
2025-08-08T19:52:00.000,12.3152
2025-08-08T19:53:00.000,12.3152
2025-08-08T19:54:00.000,12.3166
2025-08-08T19:55:00.000,12.3222
2025-08-08T19:56:00.000,12.3236
2025-08-08T19:57:00.000,12.3250
2025-08-08T19:58:00.000,12.3278
2025-08-08T19:59:00.000,12.3306
2025-08-08T20:00:00.000,12.3362
2025-08-08T20:01:00.000,12.3418
2025-08-08T20:02:00.000,12.3502
2025-08-08T20:03:00.000,12.3586
2025-08-08T20:04:00.000,12.3670
2025-08-08T20:05:00.000,12.3754
2025-08-08T20:06:00.000,12.3824
2025-08-08T20:07:00.000,12.3894
2025-08-08T20:08:00.000,12.3950
2025-08-08T20:09:00.000,12.4006
2025-08-08T20:10:00.000,12.4048
2025-08-08T20:11:00.000,12.4104
2025-08-08T20:12:00.000,12.4174
2025-08-08T20:13:00.000,12.4202
2025-08-08T20:14:00.000,12.4202
2025-08-08T20:15:00.000,12.4216
2025-08-08T20:16:00.000,12.4230
2025-08-08T20:17:00.000,12.4230
2025-08-08T20:18:00.000,12.4202
2025-08-08T20:19:00.000,12.4146
2025-08-08T20:20:00.000,12.4076
2025-08-08T20:21:00.000,12.4034
2025-08-08T20:22:00.000,12.4006
2025-08-08T20:23:00.000,12.4006
2025-08-08T20:24:00.000,12.4006
2025-08-08T20:25:00.000,12.4006
2025-08-08T20:26:00.000,12.3950
2025-08-08T20:27:00.000,12.3852
2025-08-08T20:28:00.000,12.3768
2025-08-08T20:29:00.000,12.3754
2025-08-08T20:30:00.000,12.3698
2025-08-08T20:31:00.000,12.3614
2025-08-08T20:32:00.000,12.3530
2025-08-08T20:33:00.000,12.3474
2025-08-08T20:34:00.000,12.3488
2025-08-08T20:35:00.000,12.3544
2025-08-08T20:36:00.000,12.3600
2025-08-08T20:37:00.000,12.3670
2025-08-08T20:38:00.000,12.3754
2025-08-08T20:39:00.000,12.3824
2025-08-08T20:40:00.000,12.3894
2025-08-08T20:41:00.000,12.4006
2025-08-08T20:42:00.000,12.4188
2025-08-08T20:43:00.000,12.4412
2025-08-08T20:44:00.000,12.4510
2025-08-08T20:45:00.000,12.4566
2025-08-08T20:46:00.000,12.4790
2025-08-08T20:47:00.000,12.5042
2025-08-08T20:48:00.000,12.5377
2025-08-08T20:49:00.000,12.5713
2025-08-08T20:50:00.000,12.6118
2025-08-08T20:51:00.000,12.6580
2025-08-08T20:52:00.000,12.6957
2025-08-08T20:53:00.000,12.7362
2025-08-08T20:54:00.000,12.7669
2025-08-08T20:55:00.000,12.7976
2025-08-08T20:56:00.000,12.8158
2025-08-08T20:57:00.000,12.8199
2025-08-08T20:58:00.000,12.8171
2025-08-08T20:59:00.000,12.7906
2025-08-08T21:00:00.000,12.7585
2025-08-08T21:01:00.000,12.7278
2025-08-08T21:02:00.000,12.6971
2025-08-08T21:03:00.000,12.6719
2025-08-08T21:04:00.000,12.6496
2025-08-08T21:05:00.000,12.6370
2025-08-08T21:06:00.000,12.6216
2025-08-08T21:07:00.000,12.6063
2025-08-08T21:08:00.000,12.5839
2025-08-08T21:09:00.000,12.5629
2025-08-08T21:10:00.000,12.5433
2025-08-08T21:11:00.000,12.5294
2025-08-08T21:12:00.000,12.5168
2025-08-08T21:13:00.000,12.5070
2025-08-08T21:14:00.000,12.5000
2025-08-08T21:15:00.000,12.4958
2025-08-08T21:16:00.000,12.4916
2025-08-08T21:17:00.000,12.4916
2025-08-08T21:18:00.000,12.4930
2025-08-08T21:19:00.000,12.4958
2025-08-08T21:20:00.000,12.5028
2025-08-08T21:21:00.000,12.5070
2025-08-08T21:22:00.000,12.5070
2025-08-08T21:23:00.000,12.5042
2025-08-08T21:24:00.000,12.5014
2025-08-08T21:25:00.000,12.4958
2025-08-08T21:26:00.000,12.4874
2025-08-08T21:27:00.000,12.4818
2025-08-08T21:28:00.000,12.4734
2025-08-08T21:29:00.000,12.4636
2025-08-08T21:30:00.000,12.4580
2025-08-08T21:31:00.000,12.4482
2025-08-08T21:32:00.000,12.4412
2025-08-08T21:33:00.000,12.4314
2025-08-08T21:34:00.000,12.4230
2025-08-08T21:35:00.000,12.4174
2025-08-08T21:36:00.000,12.4132
2025-08-08T21:37:00.000,12.4146
2025-08-08T21:38:00.000,12.4132
2025-08-08T21:39:00.000,12.4118
2025-08-08T21:40:00.000,12.4118
2025-08-08T21:41:00.000,12.4146
2025-08-08T21:42:00.000,12.4188
2025-08-08T21:43:00.000,12.4300
2025-08-08T21:44:00.000,12.4426
2025-08-08T21:45:00.000,12.4538
2025-08-08T21:46:00.000,12.4622
2025-08-08T21:47:00.000,12.4692
2025-08-08T21:48:00.000,12.4748
2025-08-08T21:49:00.000,12.4762
2025-08-08T21:50:00.000,12.4804
2025-08-08T21:51:00.000,12.4846
2025-08-08T21:52:00.000,12.4846
2025-08-08T21:53:00.000,12.4860
2025-08-08T21:54:00.000,12.4846
2025-08-08T21:55:00.000,12.4860
2025-08-08T21:56:00.000,12.4846
2025-08-08T21:57:00.000,12.4818
2025-08-08T21:58:00.000,12.4762
2025-08-08T21:59:00.000,12.4734
2025-08-08T22:00:00.000,12.4678
2025-08-08T22:01:00.000,12.4678
2025-08-08T22:02:00.000,12.4664
2025-08-08T22:03:00.000,12.4706
2025-08-08T22:04:00.000,12.4706
2025-08-08T22:05:00.000,12.4734
2025-08-08T22:06:00.000,12.4776
2025-08-08T22:07:00.000,12.4818
2025-08-08T22:08:00.000,12.4902
2025-08-08T22:09:00.000,12.5014
2025-08-08T22:10:00.000,12.5154
2025-08-08T22:11:00.000,12.5238
2025-08-08T22:12:00.000,12.5489
2025-08-08T22:13:00.000,12.5839
2025-08-08T22:14:00.000,12.6104
2025-08-08T22:15:00.000,12.6370
2025-08-08T22:16:00.000,12.6510
2025-08-08T22:17:00.000,12.6859
2025-08-08T22:18:00.000,12.7152
2025-08-08T22:19:00.000,12.7194
2025-08-08T22:20:00.000,12.6887
2025-08-08T22:21:00.000,12.6510
2025-08-08T22:22:00.000,12.6258
2025-08-08T22:23:00.000,12.6090
2025-08-08T22:24:00.000,12.5923
2025-08-08T22:25:00.000,12.5783
2025-08-08T22:26:00.000,12.5503
2025-08-08T22:27:00.000,12.5154
2025-08-08T22:28:00.000,12.4846
2025-08-08T22:29:00.000,12.4706
2025-08-08T22:30:00.000,12.4412
2025-08-08T22:31:00.000,12.3992
2025-08-08T22:32:00.000,12.3516
2025-08-08T22:33:00.000,12.3012
2025-08-08T22:34:00.000,12.2550
2025-08-08T22:35:00.000,12.2144
2025-08-08T22:36:00.000,12.1793
2025-08-08T22:37:00.000,12.1485
2025-08-08T22:38:00.000,12.1232
2025-08-08T22:39:00.000,12.1022
2025-08-08T22:40:00.000,12.0839
2025-08-08T22:41:00.000,12.0685
2025-08-08T22:42:00.000,12.0559
2025-08-08T22:43:00.000,12.0447
2025-08-08T22:44:00.000,12.0376
2025-08-08T22:45:00.000,12.0334
2025-08-08T22:46:00.000,12.0320
2025-08-08T22:47:00.000,12.0292
2025-08-08T22:48:00.000,12.0264
2025-08-08T22:49:00.000,12.0236
2025-08-08T22:50:00.000,12.0208
2025-08-08T22:51:00.000,12.0208
2025-08-08T22:52:00.000,12.0208
2025-08-08T22:53:00.000,12.0222
2025-08-08T22:54:00.000,12.0236
2025-08-08T22:55:00.000,12.0236
2025-08-08T22:56:00.000,12.0236
2025-08-08T22:57:00.000,12.0236
2025-08-08T22:58:00.000,12.0250
2025-08-08T22:59:00.000,12.0236
2025-08-08T23:00:00.000,12.0236
2025-08-08T23:01:00.000,12.0236
2025-08-08T23:02:00.000,12.0306
2025-08-08T23:03:00.000,12.0390
2025-08-08T23:04:00.000,12.0433
2025-08-08T23:05:00.000,12.0447
2025-08-08T23:06:00.000,12.0461
2025-08-08T23:07:00.000,12.0461
2025-08-08T23:08:00.000,12.0573
2025-08-08T23:09:00.000,12.0924
2025-08-08T23:10:00.000,12.1386
2025-08-08T23:11:00.000,12.1835
2025-08-08T23:12:00.000,12.2480
2025-08-08T23:13:00.000,12.3138
2025-08-08T23:14:00.000,12.3572
2025-08-08T23:15:00.000,12.3824
2025-08-08T23:16:00.000,12.4020
2025-08-08T23:17:00.000,12.4034
2025-08-08T23:18:00.000,12.4328
2025-08-08T23:19:00.000,12.4552
2025-08-08T23:20:00.000,12.4818
2025-08-08T23:21:00.000,12.4776
2025-08-08T23:22:00.000,12.4720
2025-08-08T23:23:00.000,12.4846
2025-08-08T23:24:00.000,12.4888
2025-08-08T23:25:00.000,12.5028
2025-08-08T23:26:00.000,12.5196
2025-08-08T23:27:00.000,12.5377
2025-08-08T23:28:00.000,12.5545
2025-08-08T23:29:00.000,12.5657
2025-08-08T23:30:00.000,12.5629
2025-08-08T23:31:00.000,12.5615
2025-08-08T23:32:00.000,12.5545
2025-08-08T23:33:00.000,12.5447
2025-08-08T23:34:00.000,12.5308
2025-08-08T23:35:00.000,12.5126
2025-08-08T23:36:00.000,12.4972
2025-08-08T23:37:00.000,12.4860
2025-08-08T23:38:00.000,12.4650
2025-08-08T23:39:00.000,12.4398
2025-08-08T23:40:00.000,12.4230
2025-08-08T23:41:00.000,12.4076
2025-08-08T23:42:00.000,12.3908
2025-08-08T23:43:00.000,12.3754
2025-08-08T23:44:00.000,12.3670
2025-08-08T23:45:00.000,12.3698
2025-08-08T23:46:00.000,12.3740
2025-08-08T23:47:00.000,12.3782
2025-08-08T23:48:00.000,12.3810
2025-08-08T23:49:00.000,12.3894
2025-08-08T23:50:00.000,12.3992
2025-08-08T23:51:00.000,12.4090
2025-08-08T23:52:00.000,12.4174
2025-08-08T23:53:00.000,12.4216
2025-08-08T23:54:00.000,12.4258
2025-08-08T23:55:00.000,12.4202
2025-08-08T23:56:00.000,12.4118
2025-08-08T23:57:00.000,12.4062
2025-08-08T23:58:00.000,12.3936
2025-08-08T23:59:00.000,12.3782
2025-08-09T00:00:00.000,12.3600
2025-08-09T00:01:00.000,12.3390
2025-08-09T00:02:00.000,12.3264
2025-08-09T00:03:00.000,12.3124
2025-08-09T00:04:00.000,12.2956
2025-08-09T00:05:00.000,12.2830
2025-08-09T00:06:00.000,12.2634
2025-08-09T00:07:00.000,12.2648
2025-08-09T00:08:00.000,12.2718
2025-08-09T00:09:00.000,12.2704
2025-08-09T00:10:00.000,12.2704
2025-08-09T00:11:00.000,12.2676
2025-08-09T00:12:00.000,12.2536
2025-08-09T00:13:00.000,12.2396
2025-08-09T00:14:00.000,12.2200
2025-08-09T00:15:00.000,12.2031
2025-08-09T00:16:00.000,12.1863
2025-08-09T00:17:00.000,12.1681
2025-08-09T00:18:00.000,12.1513
2025-08-09T00:19:00.000,12.1386
2025-08-09T00:20:00.000,12.1288
2025-08-09T00:21:00.000,12.1218
2025-08-09T00:22:00.000,12.1204
2025-08-09T00:23:00.000,12.1190
2025-08-09T00:24:00.000,12.1246
2025-08-09T00:25:00.000,12.1246
2025-08-09T00:26:00.000,12.1218
2025-08-09T00:27:00.000,12.1232
2025-08-09T00:28:00.000,12.1344
2025-08-09T00:29:00.000,12.1499
2025-08-09T00:30:00.000,12.1611
2025-08-09T00:31:00.000,12.1639
2025-08-09T00:32:00.000,12.1681
2025-08-09T00:33:00.000,12.1681
2025-08-09T00:34:00.000,12.1667
2025-08-09T00:35:00.000,12.1667
2025-08-09T00:36:00.000,12.1779
2025-08-09T00:37:00.000,12.1989
2025-08-09T00:38:00.000,12.2284
2025-08-09T00:39:00.000,12.2704
2025-08-09T00:40:00.000,12.3278
2025-08-09T00:41:00.000,12.3950
2025-08-09T00:42:00.000,12.4594
2025-08-09T00:43:00.000,12.5238
2025-08-09T00:44:00.000,12.5797
2025-08-09T00:45:00.000,12.6482
2025-08-09T00:46:00.000,12.7208
2025-08-09T00:47:00.000,12.8130
2025-08-09T00:48:00.000,12.9120
2025-08-09T00:49:00.000,12.9706
2025-08-09T00:50:00.000,13.0500
2025-08-09T00:51:00.000,13.1434
2025-08-09T00:52:00.000,13.2074
2025-08-09T00:53:00.000,13.2241
2025-08-09T00:54:00.000,13.2325
2025-08-09T00:55:00.000,13.2047
2025-08-09T00:56:00.000,13.1657
2025-08-09T00:57:00.000,13.1239
2025-08-09T00:58:00.000,13.0821
2025-08-09T00:59:00.000,13.0542
2025-08-09T01:00:00.000,13.0278
2025-08-09T01:01:00.000,13.0041
2025-08-09T01:02:00.000,12.9831
2025-08-09T01:03:00.000,12.9664
2025-08-09T01:04:00.000,12.9274
2025-08-09T01:05:00.000,12.9009
2025-08-09T01:06:00.000,12.8716
2025-08-09T01:07:00.000,12.8339
2025-08-09T01:08:00.000,12.8046
2025-08-09T01:09:00.000,12.7460
2025-08-09T01:10:00.000,12.6775
2025-08-09T01:11:00.000,12.6118
2025-08-09T01:12:00.000,12.5475
2025-08-09T01:13:00.000,12.4916
2025-08-09T01:14:00.000,12.4482
2025-08-09T01:15:00.000,12.4174
2025-08-09T01:16:00.000,12.3908
2025-08-09T01:17:00.000,12.3614
2025-08-09T01:18:00.000,12.3306
2025-08-09T01:19:00.000,12.3082
2025-08-09T01:20:00.000,12.2816
2025-08-09T01:21:00.000,12.2578
2025-08-09T01:22:00.000,12.2676
2025-08-09T01:23:00.000,12.2718
2025-08-09T01:24:00.000,12.2606
2025-08-09T01:25:00.000,12.2508
2025-08-09T01:26:00.000,12.2508
2025-08-09T01:27:00.000,12.2578
2025-08-09T01:28:00.000,12.2606
2025-08-09T01:29:00.000,12.2536
2025-08-09T01:30:00.000,12.2452
2025-08-09T01:31:00.000,12.2368
2025-08-09T01:32:00.000,12.2284
2025-08-09T01:33:00.000,12.2172
2025-08-09T01:34:00.000,12.2045
2025-08-09T01:35:00.000,12.1919
2025-08-09T01:36:00.000,12.1835
2025-08-09T01:37:00.000,12.1723
2025-08-09T01:38:00.000,12.1639
2025-08-09T01:39:00.000,12.1541
2025-08-09T01:40:00.000,12.1499
2025-08-09T01:41:00.000,12.1471
2025-08-09T01:42:00.000,12.1443
2025-08-09T01:43:00.000,12.1429
2025-08-09T01:44:00.000,12.1429
2025-08-09T01:45:00.000,12.1443
2025-08-09T01:46:00.000,12.1485
2025-08-09T01:47:00.000,12.1625
2025-08-09T01:48:00.000,12.1807
2025-08-09T01:49:00.000,12.1989
2025-08-09T01:50:00.000,12.2144
2025-08-09T01:51:00.000,12.2228
2025-08-09T01:52:00.000,12.2284
2025-08-09T01:53:00.000,12.2452
2025-08-09T01:54:00.000,12.2648
2025-08-09T01:55:00.000,12.2872
2025-08-09T01:56:00.000,12.3320
2025-08-09T01:57:00.000,12.3908
2025-08-09T01:58:00.000,12.4440
2025-08-09T01:59:00.000,12.5042
2025-08-09T02:00:00.000,12.5545
2025-08-09T02:01:00.000,12.5699
2025-08-09T02:02:00.000,12.5769
2025-08-09T02:03:00.000,12.5853
2025-08-09T02:04:00.000,12.6104
2025-08-09T02:05:00.000,12.6663
2025-08-09T02:06:00.000,12.7208
2025-08-09T02:07:00.000,12.7864
2025-08-09T02:08:00.000,12.8255
2025-08-09T02:09:00.000,12.8785
2025-08-09T02:10:00.000,12.9343
2025-08-09T02:11:00.000,12.9748
2025-08-09T02:12:00.000,13.0110
2025-08-09T02:13:00.000,13.0250
2025-08-09T02:14:00.000,13.0152
2025-08-09T02:15:00.000,12.9622
2025-08-09T02:16:00.000,12.9009
2025-08-09T02:17:00.000,12.8604
2025-08-09T02:18:00.000,12.8367
2025-08-09T02:19:00.000,12.8171
2025-08-09T02:20:00.000,12.8102
2025-08-09T02:21:00.000,12.8046
2025-08-09T02:22:00.000,12.7878
2025-08-09T02:23:00.000,12.7641
2025-08-09T02:24:00.000,12.7376
2025-08-09T02:25:00.000,12.7082
2025-08-09T02:26:00.000,12.6887
2025-08-09T02:27:00.000,12.6705
2025-08-09T02:28:00.000,12.6566
2025-08-09T02:29:00.000,12.6398
2025-08-09T02:30:00.000,12.6244
2025-08-09T02:31:00.000,12.6063
2025-08-09T02:32:00.000,12.5909
2025-08-09T02:33:00.000,12.5769
2025-08-09T02:34:00.000,12.5615
2025-08-09T02:35:00.000,12.5503
2025-08-09T02:36:00.000,12.5405
2025-08-09T02:37:00.000,12.5336
2025-08-09T02:38:00.000,12.5350
2025-08-09T02:39:00.000,12.5405
2025-08-09T02:40:00.000,12.5461
2025-08-09T02:41:00.000,12.5475
2025-08-09T02:42:00.000,12.5517
2025-08-09T02:43:00.000,12.5545
2025-08-09T02:44:00.000,12.5545
2025-08-09T02:45:00.000,12.5475
2025-08-09T02:46:00.000,12.5419
2025-08-09T02:47:00.000,12.5405
2025-08-09T02:48:00.000,12.5350
2025-08-09T02:49:00.000,12.5280
2025-08-09T02:50:00.000,12.5252
2025-08-09T02:51:00.000,12.5224
2025-08-09T02:52:00.000,12.5210
2025-08-09T02:53:00.000,12.5224
2025-08-09T02:54:00.000,12.5266
2025-08-09T02:55:00.000,12.5280
2025-08-09T02:56:00.000,12.5308
2025-08-09T02:57:00.000,12.5294
2025-08-09T02:58:00.000,12.5280
2025-08-09T02:59:00.000,12.5252
2025-08-09T03:00:00.000,12.5252
2025-08-09T03:01:00.000,12.5294
2025-08-09T03:02:00.000,12.5391
2025-08-09T03:03:00.000,12.5447
2025-08-09T03:04:00.000,12.5923
2025-08-09T03:05:00.000,12.6398
2025-08-09T03:06:00.000,12.6831
2025-08-09T03:07:00.000,12.7041
2025-08-09T03:08:00.000,12.7320
2025-08-09T03:09:00.000,12.7529
2025-08-09T03:10:00.000,12.7878
2025-08-09T03:11:00.000,12.8102
2025-08-09T03:12:00.000,12.8409
2025-08-09T03:13:00.000,12.8744
2025-08-09T03:14:00.000,12.9009
2025-08-09T03:15:00.000,12.9260
2025-08-09T03:16:00.000,12.9483
2025-08-09T03:17:00.000,12.9636
2025-08-09T03:18:00.000,12.9776
2025-08-09T03:19:00.000,12.9748
2025-08-09T03:20:00.000,12.9567
2025-08-09T03:21:00.000,12.9274
2025-08-09T03:22:00.000,12.8967
2025-08-09T03:23:00.000,12.8688
2025-08-09T03:24:00.000,12.8479
2025-08-09T03:25:00.000,12.8339
2025-08-09T03:26:00.000,12.8227
2025-08-09T03:27:00.000,12.8171
2025-08-09T03:28:00.000,12.7948
2025-08-09T03:29:00.000,12.7641
2025-08-09T03:30:00.000,12.7334
2025-08-09T03:31:00.000,12.7041
2025-08-09T03:32:00.000,12.6845
2025-08-09T03:33:00.000,12.6649
2025-08-09T03:34:00.000,12.6440
2025-08-09T03:35:00.000,12.6272
2025-08-09T03:36:00.000,12.6090
2025-08-09T03:37:00.000,12.5895
2025-08-09T03:38:00.000,12.5783
2025-08-09T03:39:00.000,12.5671
2025-08-09T03:40:00.000,12.5573
2025-08-09T03:41:00.000,12.5447
2025-08-09T03:42:00.000,12.5363
2025-08-09T03:43:00.000,12.5252
2025-08-09T03:44:00.000,12.5196
2025-08-09T03:45:00.000,12.5252
2025-08-09T03:46:00.000,12.5308
2025-08-09T03:47:00.000,12.5377
2025-08-09T03:48:00.000,12.5517
2025-08-09T03:49:00.000,12.5643
2025-08-09T03:50:00.000,12.5755
2025-08-09T03:51:00.000,12.5909
2025-08-09T03:52:00.000,12.6104
2025-08-09T03:53:00.000,12.6230
2025-08-09T03:54:00.000,12.6328
2025-08-09T03:55:00.000,12.6370
2025-08-09T03:56:00.000,12.6426
2025-08-09T03:57:00.000,12.6482
2025-08-09T03:58:00.000,12.6510
2025-08-09T03:59:00.000,12.6552
2025-08-09T04:00:00.000,12.6635
2025-08-09T04:01:00.000,12.6719
2025-08-09T04:02:00.000,12.6789
2025-08-09T04:03:00.000,12.6845
2025-08-09T04:04:00.000,12.6887
2025-08-09T04:05:00.000,12.6957
2025-08-09T04:06:00.000,12.7041
2025-08-09T04:07:00.000,12.7138
2025-08-09T04:08:00.000,12.7250
2025-08-09T04:09:00.000,12.7348
2025-08-09T04:10:00.000,12.7376
2025-08-09T04:11:00.000,12.7404
2025-08-09T04:12:00.000,12.7446
2025-08-09T04:13:00.000,12.7515
2025-08-09T04:14:00.000,12.7529
2025-08-09T04:15:00.000,12.7571
2025-08-09T04:16:00.000,12.7585
2025-08-09T04:17:00.000,12.7585
2025-08-09T04:18:00.000,12.7585
2025-08-09T04:19:00.000,12.7571
2025-08-09T04:20:00.000,12.7529
2025-08-09T04:21:00.000,12.7487
2025-08-09T04:22:00.000,12.7418
2025-08-09T04:23:00.000,12.7348
2025-08-09T04:24:00.000,12.7278
2025-08-09T04:25:00.000,12.7194
2025-08-09T04:26:00.000,12.7152
2025-08-09T04:27:00.000,12.7082
2025-08-09T04:28:00.000,12.6999
2025-08-09T04:29:00.000,12.6943
2025-08-09T04:30:00.000,12.6887
2025-08-09T04:31:00.000,12.6873
2025-08-09T04:32:00.000,12.6859
2025-08-09T04:33:00.000,12.6873
2025-08-09T04:34:00.000,12.6887
2025-08-09T04:35:00.000,12.6915
2025-08-09T04:36:00.000,12.6985
2025-08-09T04:37:00.000,12.7055
2025-08-09T04:38:00.000,12.7110
2025-08-09T04:39:00.000,12.7180
2025-08-09T04:40:00.000,12.7194
2025-08-09T04:41:00.000,12.7236
2025-08-09T04:42:00.000,12.7292
2025-08-09T04:43:00.000,12.7348
2025-08-09T04:44:00.000,12.7376
2025-08-09T04:45:00.000,12.7376
2025-08-09T04:46:00.000,12.7404
2025-08-09T04:47:00.000,12.7460
2025-08-09T04:48:00.000,12.7543
2025-08-09T04:49:00.000,12.7655
2025-08-09T04:50:00.000,12.7753
2025-08-09T04:51:00.000,12.7864
2025-08-09T04:52:00.000,12.7948
2025-08-09T04:53:00.000,12.8060
2025-08-09T04:54:00.000,12.8158
2025-08-09T04:55:00.000,12.8255
2025-08-09T04:56:00.000,12.8353
2025-08-09T04:57:00.000,12.8465
2025-08-09T04:58:00.000,12.8576
2025-08-09T04:59:00.000,12.8744
2025-08-09T05:00:00.000,12.8911
2025-08-09T05:01:00.000,12.8981
2025-08-09T05:02:00.000,12.9037
2025-08-09T05:03:00.000,12.9078
2025-08-09T05:04:00.000,12.9134
2025-08-09T05:05:00.000,12.9176
2025-08-09T05:06:00.000,12.9218
2025-08-09T05:07:00.000,12.9232
2025-08-09T05:08:00.000,12.9260
2025-08-09T05:09:00.000,12.9288
2025-08-09T05:10:00.000,12.9316
2025-08-09T05:11:00.000,12.9343
2025-08-09T05:12:00.000,12.9329
2025-08-09T05:13:00.000,12.9316
2025-08-09T05:14:00.000,12.9316
2025-08-09T05:15:00.000,12.9302
2025-08-09T05:16:00.000,12.9260
2025-08-09T05:17:00.000,12.9246
2025-08-09T05:18:00.000,12.9176
2025-08-09T05:19:00.000,12.9120
2025-08-09T05:20:00.000,12.9120
2025-08-09T05:21:00.000,12.9106
2025-08-09T05:22:00.000,12.9092
2025-08-09T05:23:00.000,12.9078
2025-08-09T05:24:00.000,12.9078
2025-08-09T05:25:00.000,12.9037
2025-08-09T05:26:00.000,12.8995
2025-08-09T05:27:00.000,12.8925
2025-08-09T05:28:00.000,12.8855
2025-08-09T05:29:00.000,12.8799
2025-08-09T05:30:00.000,12.8744
2025-08-09T05:31:00.000,12.8688
2025-08-09T05:32:00.000,12.8632
2025-08-09T05:33:00.000,12.8548
2025-08-09T05:34:00.000,12.8506
2025-08-09T05:35:00.000,12.8409
2025-08-09T05:36:00.000,12.8311
2025-08-09T05:37:00.000,12.8241
2025-08-09T05:38:00.000,12.8199
2025-08-09T05:39:00.000,12.8185
2025-08-09T05:40:00.000,12.8158
2025-08-09T05:41:00.000,12.8158
2025-08-09T05:42:00.000,12.8144
2025-08-09T05:43:00.000,12.8158
2025-08-09T05:44:00.000,12.8171
2025-08-09T05:45:00.000,12.8213
2025-08-09T05:46:00.000,12.8255
2025-08-09T05:47:00.000,12.8311
2025-08-09T05:48:00.000,12.8381
2025-08-09T05:49:00.000,12.8465
2025-08-09T05:50:00.000,12.8548
2025-08-09T05:51:00.000,12.8716
2025-08-09T05:52:00.000,12.8841
2025-08-09T05:53:00.000,12.8995
2025-08-09T05:54:00.000,12.9134
2025-08-09T05:55:00.000,12.9288
2025-08-09T05:56:00.000,12.9455
2025-08-09T05:57:00.000,12.9622
2025-08-09T05:58:00.000,12.9790
2025-08-09T05:59:00.000,12.9985
2025-08-09T06:00:00.000,13.0152
2025-08-09T06:01:00.000,13.0361
2025-08-09T06:02:00.000,13.0598
2025-08-09T06:03:00.000,13.0849
2025-08-09T06:04:00.000,13.1044
2025-08-09T06:05:00.000,13.1183
2025-08-09T06:06:00.000,13.1322
2025-08-09T06:07:00.000,13.1434
2025-08-09T06:08:00.000,13.1657
2025-08-09T06:09:00.000,13.1782
2025-08-09T06:10:00.000,13.1907
2025-08-09T06:11:00.000,13.2005
2025-08-09T06:12:00.000,13.2116
2025-08-09T06:13:00.000,13.2255
2025-08-09T06:14:00.000,13.2367
2025-08-09T06:15:00.000,13.2464
2025-08-09T06:16:00.000,13.2589
2025-08-09T06:17:00.000,13.2701
2025-08-09T06:18:00.000,13.2840
2025-08-09T06:19:00.000,13.2923
2025-08-09T06:20:00.000,13.2993
2025-08-09T06:21:00.000,13.3090
2025-08-09T06:22:00.000,13.3202
2025-08-09T06:23:00.000,13.3313
2025-08-09T06:24:00.000,13.3438
2025-08-09T06:25:00.000,13.3591
2025-08-09T06:26:00.000,13.3675
2025-08-09T06:27:00.000,13.3730
2025-08-09T06:28:00.000,13.3758
2025-08-09T06:29:00.000,13.3786
2025-08-09T06:30:00.000,13.3828
2025-08-09T06:31:00.000,13.3869
2025-08-09T06:32:00.000,13.3911
2025-08-09T06:33:00.000,13.3967
2025-08-09T06:34:00.000,13.4050
2025-08-09T06:35:00.000,13.4161
2025-08-09T06:36:00.000,13.4286
2025-08-09T06:37:00.000,13.4467
2025-08-09T06:38:00.000,13.4662
2025-08-09T06:39:00.000,13.4870
2025-08-09T06:40:00.000,13.5079
2025-08-09T06:41:00.000,13.5232
2025-08-09T06:42:00.000,13.5440
2025-08-09T06:43:00.000,13.5593
2025-08-09T06:44:00.000,13.5746
2025-08-09T06:45:00.000,13.5898
2025-08-09T06:46:00.000,13.6065
2025-08-09T06:47:00.000,13.6246
2025-08-09T06:48:00.000,13.6468
2025-08-09T06:49:00.000,13.6704
2025-08-09T06:50:00.000,13.6940
2025-08-09T06:51:00.000,13.7176
2025-08-09T06:52:00.000,13.7412
2025-08-09T06:53:00.000,13.7620
2025-08-09T06:54:00.000,13.7800
2025-08-09T06:55:00.000,13.7967
2025-08-09T06:56:00.000,13.8105
2025-08-09T06:57:00.000,13.8216
2025-08-09T06:58:00.000,13.8341
2025-08-09T06:59:00.000,13.8466
2025-08-09T07:00:00.000,13.8632
2025-08-09T07:01:00.000,13.8743
2025-08-09T07:02:00.000,13.8896
2025-08-09T07:03:00.000,13.9035
2025-08-09T07:04:00.000,13.9132
2025-08-09T07:05:00.000,13.9229
2025-08-09T07:06:00.000,13.9340
2025-08-09T07:07:00.000,13.9437
2025-08-09T07:08:00.000,13.9547
2025-08-09T07:09:00.000,13.9714
2025-08-09T07:10:00.000,13.9838
2025-08-09T07:11:00.000,14.0005
2025-08-09T07:12:00.000,14.0171
2025-08-09T07:13:00.000,14.0310
2025-08-09T07:14:00.000,14.0448
2025-08-09T07:15:00.000,14.0531
2025-08-09T07:16:00.000,14.0601
2025-08-09T07:17:00.000,14.0698
2025-08-09T07:18:00.000,14.0767
2025-08-09T07:19:00.000,14.0850
2025-08-09T07:20:00.000,14.0961
2025-08-09T07:21:00.000,14.1168
2025-08-09T07:22:00.000,14.1445
2025-08-09T07:23:00.000,14.1778
2025-08-09T07:24:00.000,14.2165
2025-08-09T07:25:00.000,14.2553
2025-08-09T07:26:00.000,14.2954
2025-08-09T07:27:00.000,14.3328
2025-08-09T07:28:00.000,14.3660
2025-08-09T07:29:00.000,14.3936
2025-08-09T07:30:00.000,14.4213
2025-08-09T07:31:00.000,14.4420
2025-08-09T07:32:00.000,14.4572
2025-08-09T07:33:00.000,14.4766
2025-08-09T07:34:00.000,14.5015
2025-08-09T07:35:00.000,14.5180
2025-08-09T07:36:00.000,14.5305
2025-08-09T07:37:00.000,14.5415
2025-08-09T07:38:00.000,14.5554
2025-08-09T07:39:00.000,14.5692
2025-08-09T07:40:00.000,14.5802
2025-08-09T07:41:00.000,14.5913
2025-08-09T07:42:00.000,14.6037
2025-08-09T07:43:00.000,14.6175
2025-08-09T07:44:00.000,14.6313
2025-08-09T07:45:00.000,14.6451
2025-08-09T07:46:00.000,14.6590
2025-08-09T07:47:00.000,14.6755
2025-08-09T07:48:00.000,14.6935
2025-08-09T07:49:00.000,14.7087
2025-08-09T07:50:00.000,14.7211
2025-08-09T07:51:00.000,14.7363
2025-08-09T07:52:00.000,14.7460
2025-08-09T07:53:00.000,14.7529
2025-08-09T07:54:00.000,14.7598
2025-08-09T07:55:00.000,14.7653
2025-08-09T07:56:00.000,14.7694
2025-08-09T07:57:00.000,14.7749
2025-08-09T07:58:00.000,14.7805
2025-08-09T07:59:00.000,14.7874
2025-08-09T08:00:00.000,14.7915
2025-08-09T08:01:00.000,14.7970
2025-08-09T08:02:00.000,14.7984
2025-08-09T08:03:00.000,14.7998
2025-08-09T08:04:00.000,14.7970
2025-08-09T08:05:00.000,14.7956
2025-08-09T08:06:00.000,14.7943
2025-08-09T08:07:00.000,14.7929
2025-08-09T08:08:00.000,14.7970
2025-08-09T08:09:00.000,14.7984
2025-08-09T08:10:00.000,14.8039
2025-08-09T08:11:00.000,14.8108
2025-08-09T08:12:00.000,14.8191
2025-08-09T08:13:00.000,14.8260
2025-08-09T08:14:00.000,14.8343
2025-08-09T08:15:00.000,14.8426
2025-08-09T08:16:00.000,14.8495
2025-08-09T08:17:00.000,14.8550
2025-08-09T08:18:00.000,14.8591
2025-08-09T08:19:00.000,14.8619
2025-08-09T08:20:00.000,14.8660
2025-08-09T08:21:00.000,14.8688
2025-08-09T08:22:00.000,14.8784
2025-08-09T08:23:00.000,14.8950
2025-08-09T08:24:00.000,14.9157
2025-08-09T08:25:00.000,14.9474
2025-08-09T08:26:00.000,14.9778
2025-08-09T08:27:00.000,14.9985
2025-08-09T08:28:00.000,15.0081
2025-08-09T08:29:00.000,15.0164
2025-08-09T08:30:00.000,15.0219
2025-08-09T08:31:00.000,15.0178
2025-08-09T08:32:00.000,15.0095
2025-08-09T08:33:00.000,15.0040
2025-08-09T08:34:00.000,15.0109
2025-08-09T08:35:00.000,15.0412
2025-08-09T08:36:00.000,15.0743
2025-08-09T08:37:00.000,15.1032
2025-08-09T08:38:00.000,15.1749
2025-08-09T08:39:00.000,15.3058
2025-08-09T08:40:00.000,15.5604
2025-08-09T08:41:00.000,16.0567
2025-08-09T08:42:00.000,16.6825
2025-08-09T08:43:00.000,17.3894
2025-08-09T08:44:00.000,18.0653
2025-08-09T08:45:00.000,18.7367
2025-08-09T08:46:00.000,19.3914
2025-08-09T08:47:00.000,19.9397
2025-08-09T08:48:00.000,20.4937
2025-08-09T08:49:00.000,21.0248
2025-08-09T08:50:00.000,21.5428
2025-08-09T08:51:00.000,22.0450
2025-08-09T08:52:00.000,22.4448
2025-08-09T08:53:00.000,22.7474
2025-08-09T08:54:00.000,22.9787
2025-08-09T08:55:00.000,23.1841
2025-08-09T08:56:00.000,23.4075
2025-08-09T08:57:00.000,23.7113
2025-08-09T08:58:00.000,24.0737
2025-08-09T08:59:00.000,24.4547
2025-08-09T09:00:00.000,24.8477
2025-08-09T09:01:00.000,25.1301
2025-08-09T09:02:00.000,25.3014
2025-08-09T09:03:00.000,25.4367
2025-08-09T09:04:00.000,25.5455
2025-08-09T09:05:00.000,25.6921
2025-08-09T09:06:00.000,25.8655
2025-08-09T09:07:00.000,25.9901
2025-08-09T09:08:00.000,26.0335
2025-08-09T09:09:00.000,26.0699
2025-08-09T09:10:00.000,26.1133
2025-08-09T09:11:00.000,26.1834
2025-08-09T09:12:00.000,26.2058
2025-08-09T09:13:00.000,26.1413
2025-08-09T09:14:00.000,26.0909
2025-08-09T09:15:00.000,26.0489
2025-08-09T09:16:00.000,26.0601
2025-08-09T09:17:00.000,26.0937
2025-08-09T09:18:00.000,26.1035
2025-08-09T09:19:00.000,26.0517
2025-08-09T09:20:00.000,25.9019
2025-08-09T09:21:00.000,25.8781
2025-08-09T09:22:00.000,25.8963
2025-08-09T09:23:00.000,25.8963
2025-08-09T09:24:00.000,25.8725
2025-08-09T09:25:00.000,25.8557
2025-08-09T09:26:00.000,25.8361
2025-08-09T09:27:00.000,25.8361
2025-08-09T09:28:00.000,25.8879
2025-08-09T09:29:00.000,25.8767
2025-08-09T09:30:00.000,25.9061
2025-08-09T09:31:00.000,25.9495
2025-08-09T09:32:00.000,26.0195
2025-08-09T09:33:00.000,26.1708
2025-08-09T09:34:00.000,26.3264
2025-08-09T09:35:00.000,26.3798
2025-08-09T09:36:00.000,26.3952
2025-08-09T09:37:00.000,26.3980
2025-08-09T09:38:00.000,26.3573
2025-08-09T09:39:00.000,26.3615
2025-08-09T09:40:00.000,26.4528
2025-08-09T09:41:00.000,26.5975
2025-08-09T09:42:00.000,26.8213
2025-08-09T09:43:00.000,27.1710
2025-08-09T09:44:00.000,27.5317
2025-08-09T09:45:00.000,27.8579
2025-08-09T09:46:00.000,28.1351
2025-08-09T09:47:00.000,28.2918
2025-08-09T09:48:00.000,28.2961
2025-08-09T09:49:00.000,28.2833
2025-08-09T09:50:00.000,28.2619
2025-08-09T09:51:00.000,28.2234
2025-08-09T09:52:00.000,28.1124
2025-08-09T09:53:00.000,28.0498
2025-08-09T09:54:00.000,27.9374
2025-08-09T09:55:00.000,27.8565
2025-08-09T09:56:00.000,27.7557
2025-08-09T09:57:00.000,27.6961
2025-08-09T09:58:00.000,27.7557
2025-08-09T09:59:00.000,27.8905
2025-08-09T10:00:00.000,28.0170
2025-08-09T10:01:00.000,28.2163
2025-08-09T10:02:00.000,28.3760
2025-08-09T10:03:00.000,28.3917
2025-08-09T10:04:00.000,28.3332
2025-08-09T10:05:00.000,28.2320
2025-08-09T10:06:00.000,28.2990
2025-08-09T10:07:00.000,28.5116
2025-08-09T10:08:00.000,28.7747
2025-08-09T10:09:00.000,28.8994
2025-08-09T10:10:00.000,28.8593
2025-08-09T10:11:00.000,28.7161
2025-08-09T10:12:00.000,28.6088
2025-08-09T10:13:00.000,28.5516
2025-08-09T10:14:00.000,28.5459
2025-08-09T10:15:00.000,28.6889
2025-08-09T10:16:00.000,28.8636
2025-08-09T10:17:00.000,28.9639
2025-08-09T10:18:00.000,28.8779
2025-08-09T10:19:00.000,28.6102
2025-08-09T10:20:00.000,28.5016
2025-08-09T10:21:00.000,28.5931
2025-08-09T10:22:00.000,28.7704
2025-08-09T10:23:00.000,28.9567
2025-08-09T10:24:00.000,29.2124
2025-08-09T10:25:00.000,29.4528
2025-08-09T10:26:00.000,29.6620
2025-08-09T10:27:00.000,29.7125
2025-08-09T10:28:00.000,29.6779
2025-08-09T10:29:00.000,29.3419
2025-08-09T10:30:00.000,28.8951
2025-08-09T10:31:00.000,28.5045
2025-08-09T10:32:00.000,28.1109
2025-08-09T10:33:00.000,27.8323
2025-08-09T10:34:00.000,27.5940
2025-08-09T10:35:00.000,27.3039
2025-08-09T10:36:00.000,27.0257
2025-08-09T10:37:00.000,26.8833
2025-08-09T10:38:00.000,26.8283
2025-08-09T10:39:00.000,26.7734
2025-08-09T10:40:00.000,26.7298
2025-08-09T10:41:00.000,26.6341
2025-08-09T10:42:00.000,26.5736
2025-08-09T10:43:00.000,26.5526
2025-08-09T10:44:00.000,26.5582
2025-08-09T10:45:00.000,26.5385
2025-08-09T10:46:00.000,26.4093
2025-08-09T10:47:00.000,26.2844
2025-08-09T10:48:00.000,26.2367
2025-08-09T10:49:00.000,26.1413
2025-08-09T10:50:00.000,26.0601
2025-08-09T10:51:00.000,26.0293
2025-08-09T10:52:00.000,26.0055
2025-08-09T10:53:00.000,26.0601
2025-08-09T10:54:00.000,26.0601
2025-08-09T10:55:00.000,26.0573
2025-08-09T10:56:00.000,26.0629
2025-08-09T10:57:00.000,26.0713
2025-08-09T10:58:00.000,25.9831
2025-08-09T10:59:00.000,25.8319
2025-08-09T11:00:00.000,25.6237
2025-08-09T11:01:00.000,25.4367
2025-08-09T11:02:00.000,25.3126
2025-08-09T11:03:00.000,25.2847
2025-08-09T11:04:00.000,25.3028
2025-08-09T11:05:00.000,25.3000
2025-08-09T11:06:00.000,25.3112
2025-08-09T11:07:00.000,25.3209
2025-08-09T11:08:00.000,25.3976
2025-08-09T11:09:00.000,25.4799
2025-08-09T11:10:00.000,25.4478
2025-08-09T11:11:00.000,25.3237
2025-08-09T11:12:00.000,25.2317
2025-08-09T11:13:00.000,25.2150
2025-08-09T11:14:00.000,25.2498
2025-08-09T11:15:00.000,25.3488
2025-08-09T11:16:00.000,25.4729
2025-08-09T11:17:00.000,25.6223
2025-08-09T11:18:00.000,25.7047
2025-08-09T11:19:00.000,25.7201
2025-08-09T11:20:00.000,25.7536
2025-08-09T11:21:00.000,25.8096
2025-08-09T11:22:00.000,25.9173
2025-08-09T11:23:00.000,26.0811
2025-08-09T11:24:00.000,26.2311
2025-08-09T11:25:00.000,26.3657
2025-08-09T11:26:00.000,26.4149
2025-08-09T11:27:00.000,26.4289
2025-08-09T11:28:00.000,26.3559
2025-08-09T11:29:00.000,26.2605
2025-08-09T11:30:00.000,26.2311
2025-08-09T11:31:00.000,26.2675
2025-08-09T11:32:00.000,26.2619
2025-08-09T11:33:00.000,26.2886
2025-08-09T11:34:00.000,26.3728
2025-08-09T11:35:00.000,26.4444
2025-08-09T11:36:00.000,26.4275
2025-08-09T11:37:00.000,26.4065
2025-08-09T11:38:00.000,26.3685
2025-08-09T11:39:00.000,26.3770
2025-08-09T11:40:00.000,26.3714
2025-08-09T11:41:00.000,26.3489
2025-08-09T11:42:00.000,26.2703
2025-08-09T11:43:00.000,26.2254
2025-08-09T11:44:00.000,26.1764
2025-08-09T11:45:00.000,26.0559
2025-08-09T11:46:00.000,25.9593
2025-08-09T11:47:00.000,25.8823
2025-08-09T11:48:00.000,25.9495
2025-08-09T11:49:00.000,26.0685
2025-08-09T11:50:00.000,26.1049
2025-08-09T11:51:00.000,26.1539
2025-08-09T11:52:00.000,26.3657
2025-08-09T11:53:00.000,26.6355
2025-08-09T11:54:00.000,26.7340
2025-08-09T11:55:00.000,26.7861
2025-08-09T11:56:00.000,26.9044
2025-08-09T11:57:00.000,27.1005
2025-08-09T11:58:00.000,27.1287
2025-08-09T11:59:00.000,27.0200
2025-08-09T12:00:00.000,26.7790
2025-08-09T12:01:00.000,26.4135
2025-08-09T12:02:00.000,26.0307
2025-08-09T12:03:00.000,25.6446
2025-08-09T12:04:00.000,25.4674
2025-08-09T12:05:00.000,25.3460
2025-08-09T12:06:00.000,25.3307
2025-08-09T12:07:00.000,25.3753
2025-08-09T12:08:00.000,25.4520
2025-08-09T12:09:00.000,25.6069
2025-08-09T12:10:00.000,25.7746
2025-08-09T12:11:00.000,25.9313
2025-08-09T12:12:00.000,26.0727
2025-08-09T12:13:00.000,26.1988
2025-08-09T12:14:00.000,26.3433
2025-08-09T12:15:00.000,26.4711
2025-08-09T12:16:00.000,26.5427
2025-08-09T12:17:00.000,26.6425
2025-08-09T12:18:00.000,26.7847
2025-08-09T12:19:00.000,26.8466
2025-08-09T12:20:00.000,26.9157
2025-08-09T12:21:00.000,26.9932
2025-08-09T12:22:00.000,27.0228
2025-08-09T12:23:00.000,27.0892
2025-08-09T12:24:00.000,27.0708
2025-08-09T12:25:00.000,26.9594
2025-08-09T12:26:00.000,26.8762
2025-08-09T12:27:00.000,26.7819
2025-08-09T12:28:00.000,26.7396
2025-08-09T12:29:00.000,26.6749
2025-08-09T12:30:00.000,26.7030
2025-08-09T12:31:00.000,26.7256
2025-08-09T12:32:00.000,26.5821
2025-08-09T12:33:00.000,26.2381
2025-08-09T12:34:00.000,25.8529
2025-08-09T12:35:00.000,25.5134
2025-08-09T12:36:00.000,25.1356
2025-08-09T12:37:00.000,24.8880
2025-08-09T12:38:00.000,24.7184
2025-08-09T12:39:00.000,24.6893
2025-08-09T12:40:00.000,24.6879
2025-08-09T12:41:00.000,24.6712
2025-08-09T12:42:00.000,24.6240
2025-08-09T12:43:00.000,24.5768
2025-08-09T12:44:00.000,24.5449
2025-08-09T12:45:00.000,24.5782
2025-08-09T12:46:00.000,24.6296
2025-08-09T12:47:00.000,24.7087
2025-08-09T12:48:00.000,24.7490
2025-08-09T12:49:00.000,24.7782
2025-08-09T12:50:00.000,24.8254
2025-08-09T12:51:00.000,24.8101
2025-08-09T12:52:00.000,24.8185
2025-08-09T12:53:00.000,24.8504
2025-08-09T12:54:00.000,24.8171
2025-08-09T12:55:00.000,24.8115
2025-08-09T12:56:00.000,24.8407
2025-08-09T12:57:00.000,24.9825
2025-08-09T12:58:00.000,25.1565
2025-08-09T12:59:00.000,25.3251
2025-08-09T13:00:00.000,25.4771
2025-08-09T13:01:00.000,25.6614
2025-08-09T13:02:00.000,25.8571
2025-08-09T13:03:00.000,26.0489
2025-08-09T13:04:00.000,26.1610
2025-08-09T13:05:00.000,26.1413
2025-08-09T13:06:00.000,26.1259
2025-08-09T13:07:00.000,26.1932
2025-08-09T13:08:00.000,26.2619
2025-08-09T13:09:00.000,26.3587
2025-08-09T13:10:00.000,26.4486
2025-08-09T13:11:00.000,26.5259
2025-08-09T13:12:00.000,26.5863
2025-08-09T13:13:00.000,26.6482
2025-08-09T13:14:00.000,26.6510
2025-08-09T13:15:00.000,26.6285
2025-08-09T13:16:00.000,26.5947
2025-08-09T13:17:00.000,26.5736
2025-08-09T13:18:00.000,26.4753
2025-08-09T13:19:00.000,26.4205
2025-08-09T13:20:00.000,26.3026
2025-08-09T13:21:00.000,26.1567
2025-08-09T13:22:00.000,26.0461
2025-08-09T13:23:00.000,25.8991
2025-08-09T13:24:00.000,25.7508
2025-08-09T13:25:00.000,25.5720
2025-08-09T13:26:00.000,25.3070
2025-08-09T13:27:00.000,24.9728
2025-08-09T13:28:00.000,24.6976
2025-08-09T13:29:00.000,24.3992
2025-08-09T13:30:00.000,24.0211
2025-08-09T13:31:00.000,23.6229
2025-08-09T13:32:00.000,23.2916
2025-08-09T13:33:00.000,23.1248
2025-08-09T13:34:00.000,22.9760
2025-08-09T13:35:00.000,22.9471
2025-08-09T13:36:00.000,22.9429
2025-08-09T13:37:00.000,23.0600
2025-08-09T13:38:00.000,23.1896
2025-08-09T13:39:00.000,23.0752
2025-08-09T13:40:00.000,22.7667
2025-08-09T13:41:00.000,22.4283
2025-08-09T13:42:00.000,22.1617
2025-08-09T13:43:00.000,21.9695
2025-08-09T13:44:00.000,21.8295
2025-08-09T13:45:00.000,21.7293
2025-08-09T13:46:00.000,21.6607
2025-08-09T13:47:00.000,21.6168
2025-08-09T13:48:00.000,21.5839
2025-08-09T13:49:00.000,21.5524
2025-08-09T13:50:00.000,21.5387
2025-08-09T13:51:00.000,21.5346
2025-08-09T13:52:00.000,21.5113
2025-08-09T13:53:00.000,21.4825
2025-08-09T13:54:00.000,21.4496
2025-08-09T13:55:00.000,21.4030
2025-08-09T13:56:00.000,21.3399
2025-08-09T13:57:00.000,21.2947
2025-08-09T13:58:00.000,21.2371
2025-08-09T13:59:00.000,21.1481
2025-08-09T14:00:00.000,21.0193
2025-08-09T14:01:00.000,20.9029
2025-08-09T14:02:00.000,20.8016
2025-08-09T14:03:00.000,20.7072
2025-08-09T14:04:00.000,20.6086
2025-08-09T14:05:00.000,20.4855
2025-08-09T14:06:00.000,20.3541
2025-08-09T14:07:00.000,20.2351
2025-08-09T14:08:00.000,20.1243
2025-08-09T14:09:00.000,19.9999
2025-08-09T14:10:00.000,19.8918
2025-08-09T14:11:00.000,19.7906
2025-08-09T14:12:00.000,19.7086
2025-08-09T14:13:00.000,19.6320
2025-08-09T14:14:00.000,19.5022
2025-08-09T14:15:00.000,19.3176
2025-08-09T14:16:00.000,19.0907
2025-08-09T14:17:00.000,18.8952
2025-08-09T14:18:00.000,18.7462
2025-08-09T14:19:00.000,18.6109
2025-08-09T14:20:00.000,18.4892
2025-08-09T14:21:00.000,18.3757
2025-08-09T14:22:00.000,18.2458
2025-08-09T14:23:00.000,18.1022
2025-08-09T14:24:00.000,17.9436
2025-08-09T14:25:00.000,17.7657
2025-08-09T14:26:00.000,17.6179
2025-08-09T14:27:00.000,17.4989
2025-08-09T14:28:00.000,17.3948
2025-08-09T14:29:00.000,17.3250
2025-08-09T14:30:00.000,17.2757
2025-08-09T14:31:00.000,17.2032
2025-08-09T14:32:00.000,17.1251
2025-08-09T14:33:00.000,17.0580
2025-08-09T14:34:00.000,16.9826
2025-08-09T14:35:00.000,16.8798
2025-08-09T14:36:00.000,16.7757
2025-08-09T14:37:00.000,16.6646
2025-08-09T14:38:00.000,16.5508
2025-08-09T14:39:00.000,16.4685
2025-08-09T14:40:00.000,16.3930
2025-08-09T14:41:00.000,16.3080
2025-08-09T14:42:00.000,16.2421
2025-08-09T14:43:00.000,16.1721
2025-08-09T14:44:00.000,16.0938
2025-08-09T14:45:00.000,16.0182
2025-08-09T14:46:00.000,15.9454
2025-08-09T14:47:00.000,15.8726
2025-08-09T14:48:00.000,15.8107
2025-08-09T14:49:00.000,15.7571
2025-08-09T14:50:00.000,15.7090
2025-08-09T14:51:00.000,15.6691
2025-08-09T14:52:00.000,15.6223
2025-08-09T14:53:00.000,15.5604
2025-08-09T14:54:00.000,15.4834
2025-08-09T14:55:00.000,15.4035
2025-08-09T14:56:00.000,15.3361
2025-08-09T14:57:00.000,15.2934
2025-08-09T14:58:00.000,15.2507
2025-08-09T14:59:00.000,15.2589
2025-08-09T15:00:00.000,15.3003
2025-08-09T15:01:00.000,15.3402
2025-08-09T15:02:00.000,15.3430
2025-08-09T15:03:00.000,15.3237
2025-08-09T15:04:00.000,15.2631
2025-08-09T15:05:00.000,15.1777
2025-08-09T15:06:00.000,15.1087
2025-08-09T15:07:00.000,15.0536
2025-08-09T15:08:00.000,15.0178
2025-08-09T15:09:00.000,14.9916
2025-08-09T15:10:00.000,14.9709
2025-08-09T15:11:00.000,15.0178
2025-08-09T15:12:00.000,15.0963
2025-08-09T15:13:00.000,15.1584
2025-08-09T15:14:00.000,15.1873
2025-08-09T15:15:00.000,15.1763
2025-08-09T15:16:00.000,15.1625
2025-08-09T15:17:00.000,15.1267
2025-08-09T15:18:00.000,15.0715
2025-08-09T15:19:00.000,14.9916
2025-08-09T15:20:00.000,14.8964
2025-08-09T15:21:00.000,14.8122
2025-08-09T15:22:00.000,14.7349
2025-08-09T15:23:00.000,14.6521
2025-08-09T15:24:00.000,14.5692
2025-08-09T15:25:00.000,14.5222
2025-08-09T15:26:00.000,14.4959
2025-08-09T15:27:00.000,14.4434
2025-08-09T15:28:00.000,14.3881
2025-08-09T15:29:00.000,14.3231
2025-08-09T15:30:00.000,14.2760
2025-08-09T15:31:00.000,14.2262
2025-08-09T15:32:00.000,14.1805
2025-08-09T15:33:00.000,14.1362
2025-08-09T15:34:00.000,14.0947
2025-08-09T15:35:00.000,14.0601
2025-08-09T15:36:00.000,14.0282
2025-08-09T15:37:00.000,13.9908
2025-08-09T15:38:00.000,13.9506
2025-08-09T15:39:00.000,13.9118
2025-08-09T15:40:00.000,13.8771
2025-08-09T15:41:00.000,13.8466
2025-08-09T15:42:00.000,13.8161
2025-08-09T15:43:00.000,13.7883
2025-08-09T15:44:00.000,13.7550
2025-08-09T15:45:00.000,13.7065
2025-08-09T15:46:00.000,13.6509
2025-08-09T15:47:00.000,13.6121
2025-08-09T15:48:00.000,13.5773
2025-08-09T15:49:00.000,13.5454
2025-08-09T15:50:00.000,13.5259
2025-08-09T15:51:00.000,13.5093
2025-08-09T15:52:00.000,13.4940
2025-08-09T15:53:00.000,13.4801
2025-08-09T15:54:00.000,13.4690
2025-08-09T15:55:00.000,13.4578
2025-08-09T15:56:00.000,13.4453
2025-08-09T15:57:00.000,13.4273
2025-08-09T15:58:00.000,13.4078
2025-08-09T15:59:00.000,13.3869
2025-08-09T16:00:00.000,13.3619
2025-08-09T16:01:00.000,13.3341
2025-08-09T16:02:00.000,13.3188
2025-08-09T16:03:00.000,13.3076
2025-08-09T16:04:00.000,13.2909
2025-08-09T16:05:00.000,13.2868
2025-08-09T16:06:00.000,13.2826
2025-08-09T16:07:00.000,13.2812
2025-08-09T16:08:00.000,13.2840
2025-08-09T16:09:00.000,13.2826
2025-08-09T16:10:00.000,13.2798
2025-08-09T16:11:00.000,13.2715
2025-08-09T16:12:00.000,13.2645
2025-08-09T16:13:00.000,13.2520
2025-08-09T16:14:00.000,13.2353
2025-08-09T16:15:00.000,13.2186
2025-08-09T16:16:00.000,13.2060
2025-08-09T16:17:00.000,13.1963
2025-08-09T16:18:00.000,13.1907
2025-08-09T16:19:00.000,13.1879
2025-08-09T16:20:00.000,13.1824
2025-08-09T16:21:00.000,13.1698
2025-08-09T16:22:00.000,13.1587
2025-08-09T16:23:00.000,13.1434
2025-08-09T16:24:00.000,13.1295
2025-08-09T16:25:00.000,13.1127
2025-08-09T16:26:00.000,13.0974
2025-08-09T16:27:00.000,13.0807
2025-08-09T16:28:00.000,13.0612
2025-08-09T16:29:00.000,13.0375
2025-08-09T16:30:00.000,13.0138
2025-08-09T16:31:00.000,12.9971
2025-08-09T16:32:00.000,12.9887
2025-08-09T16:33:00.000,12.9943
2025-08-09T16:34:00.000,13.0054
2025-08-09T16:35:00.000,13.0180
2025-08-09T16:36:00.000,13.0305
2025-08-09T16:37:00.000,13.0556
2025-08-09T16:38:00.000,13.0737
2025-08-09T16:39:00.000,13.0988
2025-08-09T16:40:00.000,13.1253
2025-08-09T16:41:00.000,13.1531
2025-08-09T16:42:00.000,13.1712
2025-08-09T16:43:00.000,13.1824
2025-08-09T16:44:00.000,13.1921
2025-08-09T16:45:00.000,13.2158
2025-08-09T16:46:00.000,13.2408
2025-08-09T16:47:00.000,13.2840
2025-08-09T16:48:00.000,13.3605
2025-08-09T16:49:00.000,13.4634
2025-08-09T16:50:00.000,13.5676
2025-08-09T16:51:00.000,13.6773
2025-08-09T16:52:00.000,13.7689
2025-08-09T16:53:00.000,13.8480
2025-08-09T16:54:00.000,13.8896
2025-08-09T16:55:00.000,13.9478
2025-08-09T16:56:00.000,14.0060
2025-08-09T16:57:00.000,14.0601
2025-08-09T16:58:00.000,14.1044
2025-08-09T16:59:00.000,14.1459
2025-08-09T17:00:00.000,14.1875
2025-08-09T17:01:00.000,14.2276
2025-08-09T17:02:00.000,14.2802
2025-08-09T17:03:00.000,14.3383
2025-08-09T17:04:00.000,14.3964
2025-08-09T17:05:00.000,14.4572
2025-08-09T17:06:00.000,14.5180
2025-08-09T17:07:00.000,14.5650
2025-08-09T17:08:00.000,14.5996
2025-08-09T17:09:00.000,14.6341
2025-08-09T17:10:00.000,14.6631
2025-08-09T17:11:00.000,14.6700
2025-08-09T17:12:00.000,14.6921
2025-08-09T17:13:00.000,14.7446
2025-08-09T17:14:00.000,14.7846
2025-08-09T17:15:00.000,14.8108
2025-08-09T17:16:00.000,14.8191
2025-08-09T17:17:00.000,14.8164
2025-08-09T17:18:00.000,14.8260
2025-08-09T17:19:00.000,14.8343
2025-08-09T17:20:00.000,14.8384
2025-08-09T17:21:00.000,14.8398
2025-08-09T17:22:00.000,14.8440
2025-08-09T17:23:00.000,14.8329
2025-08-09T17:24:00.000,14.7846
2025-08-09T17:25:00.000,14.7529
2025-08-09T17:26:00.000,14.7349
2025-08-09T17:27:00.000,14.7087
2025-08-09T17:28:00.000,14.6562
2025-08-09T17:29:00.000,14.6106
2025-08-09T17:30:00.000,14.5719
2025-08-09T17:31:00.000,14.5554
2025-08-09T17:32:00.000,14.5650
2025-08-09T17:33:00.000,14.5927
2025-08-09T17:34:00.000,14.6092
2025-08-09T17:35:00.000,14.6396
2025-08-09T17:36:00.000,14.6797
2025-08-09T17:37:00.000,14.6382
2025-08-09T17:38:00.000,14.6065
2025-08-09T17:39:00.000,14.5429
2025-08-09T17:40:00.000,14.5747
2025-08-09T17:41:00.000,14.6438
2025-08-09T17:42:00.000,14.5139
2025-08-09T17:43:00.000,14.3798
2025-08-09T17:44:00.000,14.0975
2025-08-09T17:45:00.000,13.8050
2025-08-09T17:46:00.000,13.5329
2025-08-09T17:47:00.000,13.3216
2025-08-09T17:48:00.000,13.1698
2025-08-09T17:49:00.000,13.0389
2025-08-09T17:50:00.000,12.9357
2025-08-09T17:51:00.000,12.8562
2025-08-09T17:52:00.000,12.7948
2025-08-09T17:53:00.000,12.7501
2025-08-09T17:54:00.000,12.7194
2025-08-09T17:55:00.000,12.6971
2025-08-09T17:56:00.000,12.6803
2025-08-09T17:57:00.000,12.6705
2025-08-09T17:58:00.000,12.6747
2025-08-09T17:59:00.000,12.6817
2025-08-09T18:00:00.000,12.6901
2025-08-09T18:01:00.000,12.6957
2025-08-09T18:02:00.000,12.7068
2025-08-09T18:03:00.000,12.7194
2025-08-09T18:04:00.000,12.7473
2025-08-09T18:05:00.000,12.7571
2025-08-09T18:06:00.000,12.7627
2025-08-09T18:07:00.000,12.7725
2025-08-09T18:08:00.000,12.7739
2025-08-09T18:09:00.000,12.7781
2025-08-09T18:10:00.000,12.7571
2025-08-09T18:11:00.000,12.7278
2025-08-09T18:12:00.000,12.7096
2025-08-09T18:13:00.000,12.7013
2025-08-09T18:14:00.000,12.7124
2025-08-09T18:15:00.000,12.7641
2025-08-09T18:16:00.000,12.8074
2025-08-09T18:17:00.000,12.8562
2025-08-09T18:18:00.000,12.9051
2025-08-09T18:19:00.000,12.9567
2025-08-09T18:20:00.000,13.0082
2025-08-09T18:21:00.000,13.0640
2025-08-09T18:22:00.000,13.0988
2025-08-09T18:23:00.000,13.1295
2025-08-09T18:24:00.000,13.1517
2025-08-09T18:25:00.000,13.1740
2025-08-09T18:26:00.000,13.2005
2025-08-09T18:27:00.000,13.2269
2025-08-09T18:28:00.000,13.2520
2025-08-09T18:29:00.000,13.2715
2025-08-09T18:30:00.000,13.2784
2025-08-09T18:31:00.000,13.2826
2025-08-09T18:32:00.000,13.2923
2025-08-09T18:33:00.000,13.2979
2025-08-09T18:34:00.000,13.3021
2025-08-09T18:35:00.000,13.3090
2025-08-09T18:36:00.000,13.3146
2025-08-09T18:37:00.000,13.3216
2025-08-09T18:38:00.000,13.3299
2025-08-09T18:39:00.000,13.3341
2025-08-09T18:40:00.000,13.3369
2025-08-09T18:41:00.000,13.3438
2025-08-09T18:42:00.000,13.3494
2025-08-09T18:43:00.000,13.3577
2025-08-09T18:44:00.000,13.3675
2025-08-09T18:45:00.000,13.3758
2025-08-09T18:46:00.000,13.3828
2025-08-09T18:47:00.000,13.3883
2025-08-09T18:48:00.000,13.3939
2025-08-09T18:49:00.000,13.3981
2025-08-09T18:50:00.000,13.4036
2025-08-09T18:51:00.000,13.4036
2025-08-09T18:52:00.000,13.4064
2025-08-09T18:53:00.000,13.4133
2025-08-09T18:54:00.000,13.4245
2025-08-09T18:55:00.000,13.4286
2025-08-09T18:56:00.000,13.4314
2025-08-09T18:57:00.000,13.4328
2025-08-09T18:58:00.000,13.4370
2025-08-09T18:59:00.000,13.4412
2025-08-09T19:00:00.000,13.4467
2025-08-09T19:01:00.000,13.4509
2025-08-09T19:02:00.000,13.4523
2025-08-09T19:03:00.000,13.4537
2025-08-09T19:04:00.000,13.4537
2025-08-09T19:05:00.000,13.4551
2025-08-09T19:06:00.000,13.4551
2025-08-09T19:07:00.000,13.4551
2025-08-09T19:08:00.000,13.4564
2025-08-09T19:09:00.000,13.4578
2025-08-09T19:10:00.000,13.4606
2025-08-09T19:11:00.000,13.4592
2025-08-09T19:12:00.000,13.4606
2025-08-09T19:13:00.000,13.4592
2025-08-09T19:14:00.000,13.4564
2025-08-09T19:15:00.000,13.4578
2025-08-09T19:16:00.000,13.4620
2025-08-09T19:17:00.000,13.4731
2025-08-09T19:18:00.000,13.4856
2025-08-09T19:19:00.000,13.4995
2025-08-09T19:20:00.000,13.5093
2025-08-09T19:21:00.000,13.5120
2025-08-09T19:22:00.000,13.5134
2025-08-09T19:23:00.000,13.5176
2025-08-09T19:24:00.000,13.5176
2025-08-09T19:25:00.000,13.5120
2025-08-09T19:26:00.000,13.5023
2025-08-09T19:27:00.000,13.4884
2025-08-09T19:28:00.000,13.4690
2025-08-09T19:29:00.000,13.4425
2025-08-09T19:30:00.000,13.4161
2025-08-09T19:31:00.000,13.3855
2025-08-09T19:32:00.000,13.3577
2025-08-09T19:33:00.000,13.3271
2025-08-09T19:34:00.000,13.2993
2025-08-09T19:35:00.000,13.2729
2025-08-09T19:36:00.000,13.2492
2025-08-09T19:37:00.000,13.2241
2025-08-09T19:38:00.000,13.1977
2025-08-09T19:39:00.000,13.1726
2025-08-09T19:40:00.000,13.1490
2025-08-09T19:41:00.000,13.1281
2025-08-09T19:42:00.000,13.1072
2025-08-09T19:43:00.000,13.0905
2025-08-09T19:44:00.000,13.0765
2025-08-09T19:45:00.000,13.0612
2025-08-09T19:46:00.000,13.0487
2025-08-09T19:47:00.000,13.0291
2025-08-09T19:48:00.000,13.0082
2025-08-09T19:49:00.000,12.9873
2025-08-09T19:50:00.000,12.9706
2025-08-09T19:51:00.000,12.9525
2025-08-09T19:52:00.000,12.9371
2025-08-09T19:53:00.000,12.9218
2025-08-09T19:54:00.000,12.9064
2025-08-09T19:55:00.000,12.8897
2025-08-09T19:56:00.000,12.8716
2025-08-09T19:57:00.000,12.8534
2025-08-09T19:58:00.000,12.8367
2025-08-09T19:59:00.000,12.8185
2025-08-09T20:00:00.000,12.7990
2025-08-09T20:01:00.000,12.7823
2025-08-09T20:02:00.000,12.7655
2025-08-09T20:03:00.000,12.7529
2025-08-09T20:04:00.000,12.7362
2025-08-09T20:05:00.000,12.7194
2025-08-09T20:06:00.000,12.7041
2025-08-09T20:07:00.000,12.6915
2025-08-09T20:08:00.000,12.6789
2025-08-09T20:09:00.000,12.6663
2025-08-09T20:10:00.000,12.6538
2025-08-09T20:11:00.000,12.6398
2025-08-09T20:12:00.000,12.6258
2025-08-09T20:13:00.000,12.6132
2025-08-09T20:14:00.000,12.6035
2025-08-09T20:15:00.000,12.5965
2025-08-09T20:16:00.000,12.5895
2025-08-09T20:17:00.000,12.5783
2025-08-09T20:18:00.000,12.5629
2025-08-09T20:19:00.000,12.5489
2025-08-09T20:20:00.000,12.5405
2025-08-09T20:21:00.000,12.5238
2025-08-09T20:22:00.000,12.5070
2025-08-09T20:23:00.000,12.4930
2025-08-09T20:24:00.000,12.4804
2025-08-09T20:25:00.000,12.4692
2025-08-09T20:26:00.000,12.4580
2025-08-09T20:27:00.000,12.4454
2025-08-09T20:28:00.000,12.4342
2025-08-09T20:29:00.000,12.4202
2025-08-09T20:30:00.000,12.4104
2025-08-09T20:31:00.000,12.4006
2025-08-09T20:32:00.000,12.3894
2025-08-09T20:33:00.000,12.3810
2025-08-09T20:34:00.000,12.3712
2025-08-09T20:35:00.000,12.3614
2025-08-09T20:36:00.000,12.3544
2025-08-09T20:37:00.000,12.3544
2025-08-09T20:38:00.000,12.3516
2025-08-09T20:39:00.000,12.3488
2025-08-09T20:40:00.000,12.3502
2025-08-09T20:41:00.000,12.3586
2025-08-09T20:42:00.000,12.3726
2025-08-09T20:43:00.000,12.3866
2025-08-09T20:44:00.000,12.3964
2025-08-09T20:45:00.000,12.4034
2025-08-09T20:46:00.000,12.4118
2025-08-09T20:47:00.000,12.4160
2025-08-09T20:48:00.000,12.4202
2025-08-09T20:49:00.000,12.4230
2025-08-09T20:50:00.000,12.4216
2025-08-09T20:51:00.000,12.4188
2025-08-09T20:52:00.000,12.4174
2025-08-09T20:53:00.000,12.4146
2025-08-09T20:54:00.000,12.4160
2025-08-09T20:55:00.000,12.4090
2025-08-09T20:56:00.000,12.3964
2025-08-09T20:57:00.000,12.3824
2025-08-09T20:58:00.000,12.3698
2025-08-09T20:59:00.000,12.3530
2025-08-09T21:00:00.000,12.3334
2025-08-09T21:01:00.000,12.3082
2025-08-09T21:02:00.000,12.2774
2025-08-09T21:03:00.000,12.2480
2025-08-09T21:04:00.000,12.2298
2025-08-09T21:05:00.000,12.2144
2025-08-09T21:06:00.000,12.1975
2025-08-09T21:07:00.000,12.1835
2025-08-09T21:08:00.000,12.1765
2025-08-09T21:09:00.000,12.1723
2025-08-09T21:10:00.000,12.1653
2025-08-09T21:11:00.000,12.1681
2025-08-09T21:12:00.000,12.1695
2025-08-09T21:13:00.000,12.1695
2025-08-09T21:14:00.000,12.1751
2025-08-09T21:15:00.000,12.1821
2025-08-09T21:16:00.000,12.1933
2025-08-09T21:17:00.000,12.2059
2025-08-09T21:18:00.000,12.2200
2025-08-09T21:19:00.000,12.2312
2025-08-09T21:20:00.000,12.2410
2025-08-09T21:21:00.000,12.2508
2025-08-09T21:22:00.000,12.2564
2025-08-09T21:23:00.000,12.2606
2025-08-09T21:24:00.000,12.2662
2025-08-09T21:25:00.000,12.2704
2025-08-09T21:26:00.000,12.2746
2025-08-09T21:27:00.000,12.2774
2025-08-09T21:28:00.000,12.2802
2025-08-09T21:29:00.000,12.2816
2025-08-09T21:30:00.000,12.2816
2025-08-09T21:31:00.000,12.2732
2025-08-09T21:32:00.000,12.2704
2025-08-09T21:33:00.000,12.2690
2025-08-09T21:34:00.000,12.2676
2025-08-09T21:35:00.000,12.2718
2025-08-09T21:36:00.000,12.2802
2025-08-09T21:37:00.000,12.2956
2025-08-09T21:38:00.000,12.3082
2025-08-09T21:39:00.000,12.3166
2025-08-09T21:40:00.000,12.3236
2025-08-09T21:41:00.000,12.3250
2025-08-09T21:42:00.000,12.3236
2025-08-09T21:43:00.000,12.3334
2025-08-09T21:44:00.000,12.3306
2025-08-09T21:45:00.000,12.3292
2025-08-09T21:46:00.000,12.3236
2025-08-09T21:47:00.000,12.3180
2025-08-09T21:48:00.000,12.3180
2025-08-09T21:49:00.000,12.3208
2025-08-09T21:50:00.000,12.3278
2025-08-09T21:51:00.000,12.3348
2025-08-09T21:52:00.000,12.3362
2025-08-09T21:53:00.000,12.3320
2025-08-09T21:54:00.000,12.3278
2025-08-09T21:55:00.000,12.3222
2025-08-09T21:56:00.000,12.3138
2025-08-09T21:57:00.000,12.3054
2025-08-09T21:58:00.000,12.2956
2025-08-09T21:59:00.000,12.2858
2025-08-09T22:00:00.000,12.2788
2025-08-09T22:01:00.000,12.2718
2025-08-09T22:02:00.000,12.2690
2025-08-09T22:03:00.000,12.2620
2025-08-09T22:04:00.000,12.2564
2025-08-09T22:05:00.000,12.2508
2025-08-09T22:06:00.000,12.2480
2025-08-09T22:07:00.000,12.2452
2025-08-09T22:08:00.000,12.2466
2025-08-09T22:09:00.000,12.2480
2025-08-09T22:10:00.000,12.2480
2025-08-09T22:11:00.000,12.2508
2025-08-09T22:12:00.000,12.2522
2025-08-09T22:13:00.000,12.2508
2025-08-09T22:14:00.000,12.2480
2025-08-09T22:15:00.000,12.2438
2025-08-09T22:16:00.000,12.2396
2025-08-09T22:17:00.000,12.2354
2025-08-09T22:18:00.000,12.2298
2025-08-09T22:19:00.000,12.2270
2025-08-09T22:20:00.000,12.2200
2025-08-09T22:21:00.000,12.2172
2025-08-09T22:22:00.000,12.2116
2025-08-09T22:23:00.000,12.2087
2025-08-09T22:24:00.000,12.2116
2025-08-09T22:25:00.000,12.2186
2025-08-09T22:26:00.000,12.2284
2025-08-09T22:27:00.000,12.2480
2025-08-09T22:28:00.000,12.2648
2025-08-09T22:29:00.000,12.2872
2025-08-09T22:30:00.000,12.3180
2025-08-09T22:31:00.000,12.3488
2025-08-09T22:32:00.000,12.4020
2025-08-09T22:33:00.000,12.4580
2025-08-09T22:34:00.000,12.5070
2025-08-09T22:35:00.000,12.5224
2025-08-09T22:36:00.000,12.5350
2025-08-09T22:37:00.000,12.5419
2025-08-09T22:38:00.000,12.5461
2025-08-09T22:39:00.000,12.5811
2025-08-09T22:40:00.000,12.6342
2025-08-09T22:41:00.000,12.6594
2025-08-09T22:42:00.000,12.6594
2025-08-09T22:43:00.000,12.6705
2025-08-09T22:44:00.000,12.6985
2025-08-09T22:45:00.000,12.7348
2025-08-09T22:46:00.000,12.7781
2025-08-09T22:47:00.000,12.8171
2025-08-09T22:48:00.000,12.8479
2025-08-09T22:49:00.000,12.8772
2025-08-09T22:50:00.000,12.9023
2025-08-09T22:51:00.000,12.9218
2025-08-09T22:52:00.000,12.9329
2025-08-09T22:53:00.000,12.9288
2025-08-09T22:54:00.000,12.8925
2025-08-09T22:55:00.000,12.8311
2025-08-09T22:56:00.000,12.7753
2025-08-09T22:57:00.000,12.7320
2025-08-09T22:58:00.000,12.6915
2025-08-09T22:59:00.000,12.6608
2025-08-09T23:00:00.000,12.6370
2025-08-09T23:01:00.000,12.5993
2025-08-09T23:02:00.000,12.5615
2025-08-09T23:03:00.000,12.5196
2025-08-09T23:04:00.000,12.4790
2025-08-09T23:05:00.000,12.4454
2025-08-09T23:06:00.000,12.4188
2025-08-09T23:07:00.000,12.3992
2025-08-09T23:08:00.000,12.3824
2025-08-09T23:09:00.000,12.3670
2025-08-09T23:10:00.000,12.3544
2025-08-09T23:11:00.000,12.3390
2025-08-09T23:12:00.000,12.3222
2025-08-09T23:13:00.000,12.3096
2025-08-09T23:14:00.000,12.3026
2025-08-09T23:15:00.000,12.2970
2025-08-09T23:16:00.000,12.2900
2025-08-09T23:17:00.000,12.2886
2025-08-09T23:18:00.000,12.2886
2025-08-09T23:19:00.000,12.2872
2025-08-09T23:20:00.000,12.2858
2025-08-09T23:21:00.000,12.2858
2025-08-09T23:22:00.000,12.2900
2025-08-09T23:23:00.000,12.2942
2025-08-09T23:24:00.000,12.2998
2025-08-09T23:25:00.000,12.3012
2025-08-09T23:26:00.000,12.2970
2025-08-09T23:27:00.000,12.2942
2025-08-09T23:28:00.000,12.2872
2025-08-09T23:29:00.000,12.2746
2025-08-09T23:30:00.000,12.2592
2025-08-09T23:31:00.000,12.2438
2025-08-09T23:32:00.000,12.2312
2025-08-09T23:33:00.000,12.2200
2025-08-09T23:34:00.000,12.2102
2025-08-09T23:35:00.000,12.2031
2025-08-09T23:36:00.000,12.2003
2025-08-09T23:37:00.000,12.1947
2025-08-09T23:38:00.000,12.1905
2025-08-09T23:39:00.000,12.1835
2025-08-09T23:40:00.000,12.1779
2025-08-09T23:41:00.000,12.1779
2025-08-09T23:42:00.000,12.1723
2025-08-09T23:43:00.000,12.1653
2025-08-09T23:44:00.000,12.1597
2025-08-09T23:45:00.000,12.1513
2025-08-09T23:46:00.000,12.1457
2025-08-09T23:47:00.000,12.1415
2025-08-09T23:48:00.000,12.1401
2025-08-09T23:49:00.000,12.1386
2025-08-09T23:50:00.000,12.1386
2025-08-09T23:51:00.000,12.1372
2025-08-09T23:52:00.000,12.1372
2025-08-09T23:53:00.000,12.1372
2025-08-09T23:54:00.000,12.1386
2025-08-09T23:55:00.000,12.1386
2025-08-09T23:56:00.000,12.1386
2025-08-09T23:57:00.000,12.1386
2025-08-09T23:58:00.000,12.1372
2025-08-09T23:59:00.000,12.1386
2025-08-10T00:00:00.000,12.1443
2025-08-10T00:01:00.000,12.1737
2025-08-10T00:02:00.000,12.2298
2025-08-10T00:03:00.000,12.2522
2025-08-10T00:04:00.000,12.3236
2025-08-10T00:05:00.000,12.4426
2025-08-10T00:06:00.000,12.5363
2025-08-10T00:07:00.000,12.6272
2025-08-10T00:08:00.000,12.7096
2025-08-10T00:09:00.000,12.7809
2025-08-10T00:10:00.000,12.8297
2025-08-10T00:11:00.000,12.8604
2025-08-10T00:12:00.000,12.8827
2025-08-10T00:13:00.000,12.9009
2025-08-10T00:14:00.000,12.9092
2025-08-10T00:15:00.000,12.9302
2025-08-10T00:16:00.000,12.9594
2025-08-10T00:17:00.000,12.9706
2025-08-10T00:18:00.000,12.9831
2025-08-10T00:19:00.000,12.9845
2025-08-10T00:20:00.000,13.0027
2025-08-10T00:21:00.000,13.0166
2025-08-10T00:22:00.000,13.0068
2025-08-10T00:23:00.000,13.0389
2025-08-10T00:24:00.000,13.0960
2025-08-10T00:25:00.000,13.1364
2025-08-10T00:26:00.000,13.1866
2025-08-10T00:27:00.000,13.2339
2025-08-10T00:28:00.000,13.2687
2025-08-10T00:29:00.000,13.3090
2025-08-10T00:30:00.000,13.3410
2025-08-10T00:31:00.000,13.3577
2025-08-10T00:32:00.000,13.3675
2025-08-10T00:33:00.000,13.3647
2025-08-10T00:34:00.000,13.3466
2025-08-10T00:35:00.000,13.3424
2025-08-10T00:36:00.000,13.3424
2025-08-10T00:37:00.000,13.3174
2025-08-10T00:38:00.000,13.3355
2025-08-10T00:39:00.000,13.3285
2025-08-10T00:40:00.000,13.3313
2025-08-10T00:41:00.000,13.3285
2025-08-10T00:42:00.000,13.3202
2025-08-10T00:43:00.000,13.2951
2025-08-10T00:44:00.000,13.2840
2025-08-10T00:45:00.000,13.2923
2025-08-10T00:46:00.000,13.3104
2025-08-10T00:47:00.000,13.3480
2025-08-10T00:48:00.000,13.3883
2025-08-10T00:49:00.000,13.4398
2025-08-10T00:50:00.000,13.4829
2025-08-10T00:51:00.000,13.5120
2025-08-10T00:52:00.000,13.5259
2025-08-10T00:53:00.000,13.4926
2025-08-10T00:54:00.000,13.4703
2025-08-10T00:55:00.000,13.4314
2025-08-10T00:56:00.000,13.3981
2025-08-10T00:57:00.000,13.3327
2025-08-10T00:58:00.000,13.2896
2025-08-10T00:59:00.000,13.2339
2025-08-10T01:00:00.000,13.2436
2025-08-10T01:01:00.000,13.2436
2025-08-10T01:02:00.000,13.2896
2025-08-10T01:03:00.000,13.3383
2025-08-10T01:04:00.000,13.3772
2025-08-10T01:05:00.000,13.4092
2025-08-10T01:06:00.000,13.4231
2025-08-10T01:07:00.000,13.4314
2025-08-10T01:08:00.000,13.4356
2025-08-10T01:09:00.000,13.4398
2025-08-10T01:10:00.000,13.4537
2025-08-10T01:11:00.000,13.4620
2025-08-10T01:12:00.000,13.4745
2025-08-10T01:13:00.000,13.4842
2025-08-10T01:14:00.000,13.4968
2025-08-10T01:15:00.000,13.5093
2025-08-10T01:16:00.000,13.5218
2025-08-10T01:17:00.000,13.5315
2025-08-10T01:18:00.000,13.5412
2025-08-10T01:19:00.000,13.5634
2025-08-10T01:20:00.000,13.5746
2025-08-10T01:21:00.000,13.5898
2025-08-10T01:22:00.000,13.6093
2025-08-10T01:23:00.000,13.6371
2025-08-10T01:24:00.000,13.6620
2025-08-10T01:25:00.000,13.6870
2025-08-10T01:26:00.000,13.7065
2025-08-10T01:27:00.000,13.7231
2025-08-10T01:28:00.000,13.7384
2025-08-10T01:29:00.000,13.7634
2025-08-10T01:30:00.000,13.7925
2025-08-10T01:31:00.000,13.8189
2025-08-10T01:32:00.000,13.8300
2025-08-10T01:33:00.000,13.8383
2025-08-10T01:34:00.000,13.8424
2025-08-10T01:35:00.000,13.8452
2025-08-10T01:36:00.000,13.8494
2025-08-10T01:37:00.000,13.8508
2025-08-10T01:38:00.000,13.8535
2025-08-10T01:39:00.000,13.8619
2025-08-10T01:40:00.000,13.8702
2025-08-10T01:41:00.000,13.8743
2025-08-10T01:42:00.000,13.8757
2025-08-10T01:43:00.000,13.8771
2025-08-10T01:44:00.000,13.8799
2025-08-10T01:45:00.000,13.8771
2025-08-10T01:46:00.000,13.8743
2025-08-10T01:47:00.000,13.8729
2025-08-10T01:48:00.000,13.8702
2025-08-10T01:49:00.000,13.8688
2025-08-10T01:50:00.000,13.8674
2025-08-10T01:51:00.000,13.8660
2025-08-10T01:52:00.000,13.8632
2025-08-10T01:53:00.000,13.8577
2025-08-10T01:54:00.000,13.8480
2025-08-10T01:55:00.000,13.8341
2025-08-10T01:56:00.000,13.8230
2025-08-10T01:57:00.000,13.8133
2025-08-10T01:58:00.000,13.7994
2025-08-10T01:59:00.000,13.7842
2025-08-10T02:00:00.000,13.7675
2025-08-10T02:01:00.000,13.7550
2025-08-10T02:02:00.000,13.7342
2025-08-10T02:03:00.000,13.7120
2025-08-10T02:04:00.000,13.6912
2025-08-10T02:05:00.000,13.6759
2025-08-10T02:06:00.000,13.6704
2025-08-10T02:07:00.000,13.6551
2025-08-10T02:08:00.000,13.6412
2025-08-10T02:09:00.000,13.6287
2025-08-10T02:10:00.000,13.6246
2025-08-10T02:11:00.000,13.6148
2025-08-10T02:12:00.000,13.6134
2025-08-10T02:13:00.000,13.6121
2025-08-10T02:14:00.000,13.6093
2025-08-10T02:15:00.000,13.5996
2025-08-10T02:16:00.000,13.5898
2025-08-10T02:17:00.000,13.5801
2025-08-10T02:18:00.000,13.5746
2025-08-10T02:19:00.000,13.5648
2025-08-10T02:20:00.000,13.5551
2025-08-10T02:21:00.000,13.5426
2025-08-10T02:22:00.000,13.5287
2025-08-10T02:23:00.000,13.5162
2025-08-10T02:24:00.000,13.4995
2025-08-10T02:25:00.000,13.4801
2025-08-10T02:26:00.000,13.4690
2025-08-10T02:27:00.000,13.4578
2025-08-10T02:28:00.000,13.4425
2025-08-10T02:29:00.000,13.4189
2025-08-10T02:30:00.000,13.3967
2025-08-10T02:31:00.000,13.3772
2025-08-10T02:32:00.000,13.3591
2025-08-10T02:33:00.000,13.3313
2025-08-10T02:34:00.000,13.3063
2025-08-10T02:35:00.000,13.2770
2025-08-10T02:36:00.000,13.2381
2025-08-10T02:37:00.000,13.2047
2025-08-10T02:38:00.000,13.1629
2025-08-10T02:39:00.000,13.1281
2025-08-10T02:40:00.000,13.1002
2025-08-10T02:41:00.000,13.0835
2025-08-10T02:42:00.000,13.0710
2025-08-10T02:43:00.000,13.0626
2025-08-10T02:44:00.000,13.0626
2025-08-10T02:45:00.000,13.0988
2025-08-10T02:46:00.000,13.1573
2025-08-10T02:47:00.000,13.1893
2025-08-10T02:48:00.000,13.2144
2025-08-10T02:49:00.000,13.2353
2025-08-10T02:50:00.000,13.2673
2025-08-10T02:51:00.000,13.3452
2025-08-10T02:52:00.000,13.3869
2025-08-10T02:53:00.000,13.3869
2025-08-10T02:54:00.000,13.3855
2025-08-10T02:55:00.000,13.3452
2025-08-10T02:56:00.000,13.2589
2025-08-10T02:57:00.000,13.1643
2025-08-10T02:58:00.000,13.1002
2025-08-10T02:59:00.000,13.0208
2025-08-10T03:00:00.000,12.9594
2025-08-10T03:01:00.000,12.8827
2025-08-10T03:02:00.000,12.8255
2025-08-10T03:03:00.000,12.7641
2025-08-10T03:04:00.000,12.7194
2025-08-10T03:05:00.000,12.7041
2025-08-10T03:06:00.000,12.6845
2025-08-10T03:07:00.000,12.6649
2025-08-10T03:08:00.000,12.6482
2025-08-10T03:09:00.000,12.6244
2025-08-10T03:10:00.000,12.5993
2025-08-10T03:11:00.000,12.5713
2025-08-10T03:12:00.000,12.5517
2025-08-10T03:13:00.000,12.5363
2025-08-10T03:14:00.000,12.5196
2025-08-10T03:15:00.000,12.5210
2025-08-10T03:16:00.000,12.5252
2025-08-10T03:17:00.000,12.5350
2025-08-10T03:18:00.000,12.5377
2025-08-10T03:19:00.000,12.5447
2025-08-10T03:20:00.000,12.5447
2025-08-10T03:21:00.000,12.5643
2025-08-10T03:22:00.000,12.5853
2025-08-10T03:23:00.000,12.6174
2025-08-10T03:24:00.000,12.6440
2025-08-10T03:25:00.000,12.6929
2025-08-10T03:26:00.000,12.7571
2025-08-10T03:27:00.000,12.8213
2025-08-10T03:28:00.000,12.8897
2025-08-10T03:29:00.000,12.9260
2025-08-10T03:30:00.000,12.9469
2025-08-10T03:31:00.000,12.9385
2025-08-10T03:32:00.000,12.9190
2025-08-10T03:33:00.000,12.9078
2025-08-10T03:34:00.000,12.9776
2025-08-10T03:35:00.000,13.0710
2025-08-10T03:36:00.000,13.0849
2025-08-10T03:37:00.000,13.0654
2025-08-10T03:38:00.000,13.0682
2025-08-10T03:39:00.000,13.0626
2025-08-10T03:40:00.000,13.0431
2025-08-10T03:41:00.000,13.0347
2025-08-10T03:42:00.000,13.0166
2025-08-10T03:43:00.000,12.9525
2025-08-10T03:44:00.000,12.9078
2025-08-10T03:45:00.000,12.8827
2025-08-10T03:46:00.000,12.8827
2025-08-10T03:47:00.000,12.8911
2025-08-10T03:48:00.000,12.8772
2025-08-10T03:49:00.000,12.8492
2025-08-10T03:50:00.000,12.8074
2025-08-10T03:51:00.000,12.7599
2025-08-10T03:52:00.000,12.7110
2025-08-10T03:53:00.000,12.6580
2025-08-10T03:54:00.000,12.5993
2025-08-10T03:55:00.000,12.5475
2025-08-10T03:56:00.000,12.5014
2025-08-10T03:57:00.000,12.4594
2025-08-10T03:58:00.000,12.4160
2025-08-10T03:59:00.000,12.3684
2025-08-10T04:00:00.000,12.3194
2025-08-10T04:01:00.000,12.2914
2025-08-10T04:02:00.000,12.2634
2025-08-10T04:03:00.000,12.2340
2025-08-10T04:04:00.000,12.2144
2025-08-10T04:05:00.000,12.2045
2025-08-10T04:06:00.000,12.2031
2025-08-10T04:07:00.000,12.2087
2025-08-10T04:08:00.000,12.2130
2025-08-10T04:09:00.000,12.2172
2025-08-10T04:10:00.000,12.2228
2025-08-10T04:11:00.000,12.2228
2025-08-10T04:12:00.000,12.2214
2025-08-10T04:13:00.000,12.2200
2025-08-10T04:14:00.000,12.2200
2025-08-10T04:15:00.000,12.2172
2025-08-10T04:16:00.000,12.2158
2025-08-10T04:17:00.000,12.2312
2025-08-10T04:18:00.000,12.2466
2025-08-10T04:19:00.000,12.2634
2025-08-10T04:20:00.000,12.2802
2025-08-10T04:21:00.000,12.3096
2025-08-10T04:22:00.000,12.3418
2025-08-10T04:23:00.000,12.3698
2025-08-10T04:24:00.000,12.3824
2025-08-10T04:25:00.000,12.3810
2025-08-10T04:26:00.000,12.3740
2025-08-10T04:27:00.000,12.3726
2025-08-10T04:28:00.000,12.3824
2025-08-10T04:29:00.000,12.4034
2025-08-10T04:30:00.000,12.4272
2025-08-10T04:31:00.000,12.4524
2025-08-10T04:32:00.000,12.4776
2025-08-10T04:33:00.000,12.4986
2025-08-10T04:34:00.000,12.5210
2025-08-10T04:35:00.000,12.5377
2025-08-10T04:36:00.000,12.5643
2025-08-10T04:37:00.000,12.5895
2025-08-10T04:38:00.000,12.6104
2025-08-10T04:39:00.000,12.6328
2025-08-10T04:40:00.000,12.6580
2025-08-10T04:41:00.000,12.6789
2025-08-10T04:42:00.000,12.7013
2025-08-10T04:43:00.000,12.7208
2025-08-10T04:44:00.000,12.7348
2025-08-10T04:45:00.000,12.7390
2025-08-10T04:46:00.000,12.7432
2025-08-10T04:47:00.000,12.7473
2025-08-10T04:48:00.000,12.7515
2025-08-10T04:49:00.000,12.7571
2025-08-10T04:50:00.000,12.7599
2025-08-10T04:51:00.000,12.7655
2025-08-10T04:52:00.000,12.7683
2025-08-10T04:53:00.000,12.7753
2025-08-10T04:54:00.000,12.7836
2025-08-10T04:55:00.000,12.7920
2025-08-10T04:56:00.000,12.7990
2025-08-10T04:57:00.000,12.8046
2025-08-10T04:58:00.000,12.8102
2025-08-10T04:59:00.000,12.8130
2025-08-10T05:00:00.000,12.8171
2025-08-10T05:01:00.000,12.8185
2025-08-10T05:02:00.000,12.8213
2025-08-10T05:03:00.000,12.8213
2025-08-10T05:04:00.000,12.8269
2025-08-10T05:05:00.000,12.8353
2025-08-10T05:06:00.000,12.8353
2025-08-10T05:07:00.000,12.8283
2025-08-10T05:08:00.000,12.8213
2025-08-10T05:09:00.000,12.8102
2025-08-10T05:10:00.000,12.8032
2025-08-10T05:11:00.000,12.7976
2025-08-10T05:12:00.000,12.7920
2025-08-10T05:13:00.000,12.7892
2025-08-10T05:14:00.000,12.7990
2025-08-10T05:15:00.000,12.8116
2025-08-10T05:16:00.000,12.8185
2025-08-10T05:17:00.000,12.8213
2025-08-10T05:18:00.000,12.8199
2025-08-10T05:19:00.000,12.8199
2025-08-10T05:20:00.000,12.8185
2025-08-10T05:21:00.000,12.8130
2025-08-10T05:22:00.000,12.8004
2025-08-10T05:23:00.000,12.7864
2025-08-10T05:24:00.000,12.7739
2025-08-10T05:25:00.000,12.7711
2025-08-10T05:26:00.000,12.7697
2025-08-10T05:27:00.000,12.7641
2025-08-10T05:28:00.000,12.7627
2025-08-10T05:29:00.000,12.7627
2025-08-10T05:30:00.000,12.7585
2025-08-10T05:31:00.000,12.7501
2025-08-10T05:32:00.000,12.7432
2025-08-10T05:33:00.000,12.7348
2025-08-10T05:34:00.000,12.7264
2025-08-10T05:35:00.000,12.7166
2025-08-10T05:36:00.000,12.7068
2025-08-10T05:37:00.000,12.6999
2025-08-10T05:38:00.000,12.6985
2025-08-10T05:39:00.000,12.7013
2025-08-10T05:40:00.000,12.7013
2025-08-10T05:41:00.000,12.7027
2025-08-10T05:42:00.000,12.7124
2025-08-10T05:43:00.000,12.7166
2025-08-10T05:44:00.000,12.7180
2025-08-10T05:45:00.000,12.7180
2025-08-10T05:46:00.000,12.7152
2025-08-10T05:47:00.000,12.7152
2025-08-10T05:48:00.000,12.7124
2025-08-10T05:49:00.000,12.7124
2025-08-10T05:50:00.000,12.7138
2025-08-10T05:51:00.000,12.7152
2025-08-10T05:52:00.000,12.7264
2025-08-10T05:53:00.000,12.7390
2025-08-10T05:54:00.000,12.7529
2025-08-10T05:55:00.000,12.7655
2025-08-10T05:56:00.000,12.7795
2025-08-10T05:57:00.000,12.7906
2025-08-10T05:58:00.000,12.7990
2025-08-10T05:59:00.000,12.8130
2025-08-10T06:00:00.000,12.8199
2025-08-10T06:01:00.000,12.8269
2025-08-10T06:02:00.000,12.8297
2025-08-10T06:03:00.000,12.8297
2025-08-10T06:04:00.000,12.8283
2025-08-10T06:05:00.000,12.8227
2025-08-10T06:06:00.000,12.8171
2025-08-10T06:07:00.000,12.8116
2025-08-10T06:08:00.000,12.8088
2025-08-10T06:09:00.000,12.8088
2025-08-10T06:10:00.000,12.8102
2025-08-10T06:11:00.000,12.8116
2025-08-10T06:12:00.000,12.8130
2025-08-10T06:13:00.000,12.8158
2025-08-10T06:14:00.000,12.8199
2025-08-10T06:15:00.000,12.8227
2025-08-10T06:16:00.000,12.8241
2025-08-10T06:17:00.000,12.8158
2025-08-10T06:18:00.000,12.8046
2025-08-10T06:19:00.000,12.7920
2025-08-10T06:20:00.000,12.7795
2025-08-10T06:21:00.000,12.7669
2025-08-10T06:22:00.000,12.7543
2025-08-10T06:23:00.000,12.7432
2025-08-10T06:24:00.000,12.7320
2025-08-10T06:25:00.000,12.7222
2025-08-10T06:26:00.000,12.7124
2025-08-10T06:27:00.000,12.7055
2025-08-10T06:28:00.000,12.6985
2025-08-10T06:29:00.000,12.6901
2025-08-10T06:30:00.000,12.6831
2025-08-10T06:31:00.000,12.6775
2025-08-10T06:32:00.000,12.6733
2025-08-10T06:33:00.000,12.6719
2025-08-10T06:34:00.000,12.6663
2025-08-10T06:35:00.000,12.6621
2025-08-10T06:36:00.000,12.6580
2025-08-10T06:37:00.000,12.6552
2025-08-10T06:38:00.000,12.6524
2025-08-10T06:39:00.000,12.6510
2025-08-10T06:40:00.000,12.6524
2025-08-10T06:41:00.000,12.6608
2025-08-10T06:42:00.000,12.6649
2025-08-10T06:43:00.000,12.6761
2025-08-10T06:44:00.000,12.6859
2025-08-10T06:45:00.000,12.7013
2025-08-10T06:46:00.000,12.7222
2025-08-10T06:47:00.000,12.7390
2025-08-10T06:48:00.000,12.7613
2025-08-10T06:49:00.000,12.7850
2025-08-10T06:50:00.000,12.8158
2025-08-10T06:51:00.000,12.8437
2025-08-10T06:52:00.000,12.8744
2025-08-10T06:53:00.000,12.9134
2025-08-10T06:54:00.000,12.9580
2025-08-10T06:55:00.000,13.0096
2025-08-10T06:56:00.000,13.0598
2025-08-10T06:57:00.000,13.1058
2025-08-10T06:58:00.000,13.1559
2025-08-10T06:59:00.000,13.2033
2025-08-10T07:00:00.000,13.2492
2025-08-10T07:01:00.000,13.2965
2025-08-10T07:02:00.000,13.3438
2025-08-10T07:03:00.000,13.3939
2025-08-10T07:04:00.000,13.4412
2025-08-10T07:05:00.000,13.4940
2025-08-10T07:06:00.000,13.5496
2025-08-10T07:07:00.000,13.6107
2025-08-10T07:08:00.000,13.6690
2025-08-10T07:09:00.000,13.7259
2025-08-10T07:10:00.000,13.7814
2025-08-10T07:11:00.000,13.8369
2025-08-10T07:12:00.000,13.8868
2025-08-10T07:13:00.000,13.9284
2025-08-10T07:14:00.000,13.9672
2025-08-10T07:15:00.000,14.0074
2025-08-10T07:16:00.000,14.0531
2025-08-10T07:17:00.000,14.1058
2025-08-10T07:18:00.000,14.1819
2025-08-10T07:19:00.000,14.2041
2025-08-10T07:20:00.000,14.2221
2025-08-10T07:21:00.000,14.2456
2025-08-10T07:22:00.000,14.2608
2025-08-10T07:23:00.000,14.2608
2025-08-10T07:24:00.000,14.2511
2025-08-10T07:25:00.000,14.2414
2025-08-10T07:26:00.000,14.2359
2025-08-10T07:27:00.000,14.2387
2025-08-10T07:28:00.000,14.2428
2025-08-10T07:29:00.000,14.2401
2025-08-10T07:30:00.000,14.2456
2025-08-10T07:31:00.000,14.2525
2025-08-10T07:32:00.000,14.2539
2025-08-10T07:33:00.000,14.2567
2025-08-10T07:34:00.000,14.2622
2025-08-10T07:35:00.000,14.2677
2025-08-10T07:36:00.000,14.2705
2025-08-10T07:37:00.000,14.2830
2025-08-10T07:38:00.000,14.3148
2025-08-10T07:39:00.000,14.3466
2025-08-10T07:40:00.000,14.3826
2025-08-10T07:41:00.000,14.4199
2025-08-10T07:42:00.000,14.4545
2025-08-10T07:43:00.000,14.5001
2025-08-10T07:44:00.000,14.5305
2025-08-10T07:45:00.000,14.5540
2025-08-10T07:46:00.000,14.5733
2025-08-10T07:47:00.000,14.6023
2025-08-10T07:48:00.000,14.6341
2025-08-10T07:49:00.000,14.6769
2025-08-10T07:50:00.000,14.7211
2025-08-10T07:51:00.000,14.7598
2025-08-10T07:52:00.000,14.7943
2025-08-10T07:53:00.000,14.8343
2025-08-10T07:54:00.000,14.8771
2025-08-10T07:55:00.000,14.9129
2025-08-10T07:56:00.000,14.9516
2025-08-10T07:57:00.000,14.9888
2025-08-10T07:58:00.000,15.0302
2025-08-10T07:59:00.000,15.0646
2025-08-10T08:00:00.000,15.0936
2025-08-10T08:01:00.000,15.1129
2025-08-10T08:02:00.000,15.1391
2025-08-10T08:03:00.000,15.1639
2025-08-10T08:04:00.000,15.1983
2025-08-10T08:05:00.000,15.2328
2025-08-10T08:06:00.000,15.2617
2025-08-10T08:07:00.000,15.2851
2025-08-10T08:08:00.000,15.3113
2025-08-10T08:09:00.000,15.3402
2025-08-10T08:10:00.000,15.3622
2025-08-10T08:11:00.000,15.3856
2025-08-10T08:12:00.000,15.4063
2025-08-10T08:13:00.000,15.4297
2025-08-10T08:14:00.000,15.4503
2025-08-10T08:15:00.000,15.4779
2025-08-10T08:16:00.000,15.4971
2025-08-10T08:17:00.000,15.5178
2025-08-10T08:18:00.000,15.5370
2025-08-10T08:19:00.000,15.5563
2025-08-10T08:20:00.000,15.5728
2025-08-10T08:21:00.000,15.5893
2025-08-10T08:22:00.000,15.6058
2025-08-10T08:23:00.000,15.6196
2025-08-10T08:24:00.000,15.6334
2025-08-10T08:25:00.000,15.6444
2025-08-10T08:26:00.000,15.6567
2025-08-10T08:27:00.000,15.6691
2025-08-10T08:28:00.000,15.6815
2025-08-10T08:29:00.000,15.6911
2025-08-10T08:30:00.000,15.7007
2025-08-10T08:31:00.000,15.7090
2025-08-10T08:32:00.000,15.7241
2025-08-10T08:33:00.000,15.7324
2025-08-10T08:34:00.000,15.7420
2025-08-10T08:35:00.000,15.7516
2025-08-10T08:36:00.000,15.7626
2025-08-10T08:37:00.000,15.7750
2025-08-10T08:38:00.000,15.7860
2025-08-10T08:39:00.000,15.7970
2025-08-10T08:40:00.000,15.8066
2025-08-10T08:41:00.000,15.8149
2025-08-10T08:42:00.000,15.8217
2025-08-10T08:43:00.000,15.8272
2025-08-10T08:44:00.000,15.8314
2025-08-10T08:45:00.000,15.8369
2025-08-10T08:46:00.000,15.8410
2025-08-10T08:47:00.000,15.8479
2025-08-10T08:48:00.000,15.8534
2025-08-10T08:49:00.000,15.8657
2025-08-10T08:50:00.000,15.8726
2025-08-10T08:51:00.000,15.8795
2025-08-10T08:52:00.000,15.8905
2025-08-10T08:53:00.000,15.9015
2025-08-10T08:54:00.000,15.9166
2025-08-10T08:55:00.000,15.9344
2025-08-10T08:56:00.000,15.9537
2025-08-10T08:57:00.000,15.9757
2025-08-10T08:58:00.000,15.9990
2025-08-10T08:59:00.000,16.0196
2025-08-10T09:00:00.000,16.0416
2025-08-10T09:01:00.000,16.0649
2025-08-10T09:02:00.000,16.0897
2025-08-10T09:03:00.000,16.1158
2025-08-10T09:04:00.000,16.1501
2025-08-10T09:05:00.000,16.1858
2025-08-10T09:06:00.000,16.2242
2025-08-10T09:07:00.000,16.2531
2025-08-10T09:08:00.000,16.2819
2025-08-10T09:09:00.000,16.3080
2025-08-10T09:10:00.000,16.3395
2025-08-10T09:11:00.000,16.3766
2025-08-10T09:12:00.000,16.4260
2025-08-10T09:13:00.000,16.4850
2025-08-10T09:14:00.000,16.5467
2025-08-10T09:15:00.000,16.6029
2025-08-10T09:16:00.000,16.6509
2025-08-10T09:17:00.000,16.7044
2025-08-10T09:18:00.000,16.7688
2025-08-10T09:19:00.000,16.8182
2025-08-10T09:20:00.000,16.8648
2025-08-10T09:21:00.000,16.9114
2025-08-10T09:22:00.000,16.9511
2025-08-10T09:23:00.000,16.9922
2025-08-10T09:24:00.000,17.0251
2025-08-10T09:25:00.000,17.1593
2025-08-10T09:26:00.000,17.3948
2025-08-10T09:27:00.000,17.6918
2025-08-10T09:28:00.000,18.0256
2025-08-10T09:29:00.000,18.4523
2025-08-10T09:30:00.000,19.0347
2025-08-10T09:31:00.000,19.6840
2025-08-10T09:32:00.000,20.3172
2025-08-10T09:33:00.000,20.9426
2025-08-10T09:34:00.000,21.5263
2025-08-10T09:35:00.000,22.0615
2025-08-10T09:36:00.000,22.4984
2025-08-10T09:37:00.000,22.8465
2025-08-10T09:38:00.000,23.1992
2025-08-10T09:39:00.000,23.5304
2025-08-10T09:40:00.000,23.8067
2025-08-10T09:41:00.000,24.0515
2025-08-10T09:42:00.000,24.3202
2025-08-10T09:43:00.000,24.5463
2025-08-10T09:44:00.000,24.7143
2025-08-10T09:45:00.000,24.8324
2025-08-10T09:46:00.000,24.9366
2025-08-10T09:47:00.000,25.0535
2025-08-10T09:48:00.000,25.1412
2025-08-10T09:49:00.000,25.2136
2025-08-10T09:50:00.000,25.2972
2025-08-10T09:51:00.000,25.4381
2025-08-10T09:52:00.000,25.6097
2025-08-10T09:53:00.000,25.7704
2025-08-10T09:54:00.000,25.8207
2025-08-10T09:55:00.000,25.8445
2025-08-10T09:56:00.000,25.9187
2025-08-10T09:57:00.000,26.0657
2025-08-10T09:58:00.000,26.2086
2025-08-10T09:59:00.000,26.2942
2025-08-10T10:00:00.000,26.3545
2025-08-10T10:01:00.000,26.4444
2025-08-10T10:02:00.000,26.4837
2025-08-10T10:03:00.000,26.5020
2025-08-10T10:04:00.000,26.5469
2025-08-10T10:05:00.000,26.6636
2025-08-10T10:06:00.000,26.8171
2025-08-10T10:07:00.000,26.8819
2025-08-10T10:08:00.000,26.9580
2025-08-10T10:09:00.000,27.0073
2025-08-10T10:10:00.000,27.0511
2025-08-10T10:11:00.000,27.1273
2025-08-10T10:12:00.000,27.1795
2025-08-10T10:13:00.000,27.2600
2025-08-10T10:14:00.000,27.3647
2025-08-10T10:15:00.000,27.5416
2025-08-10T10:16:00.000,27.7358
2025-08-10T10:17:00.000,27.9687
2025-08-10T10:18:00.000,28.1622
2025-08-10T10:19:00.000,28.2163
2025-08-10T10:20:00.000,28.2277
2025-08-10T10:21:00.000,28.3346
2025-08-10T10:22:00.000,28.5145
2025-08-10T10:23:00.000,28.6502
2025-08-10T10:24:00.000,28.7003
2025-08-10T10:25:00.000,28.6917
2025-08-10T10:26:00.000,28.7590
2025-08-10T10:27:00.000,28.8163
2025-08-10T10:28:00.000,28.8621
2025-08-10T10:29:00.000,28.8908
2025-08-10T10:30:00.000,28.8937
2025-08-10T10:31:00.000,28.9252
2025-08-10T10:32:00.000,28.9625
2025-08-10T10:33:00.000,28.9983
2025-08-10T10:34:00.000,29.0672
2025-08-10T10:35:00.000,29.1132
2025-08-10T10:36:00.000,29.1592
2025-08-10T10:37:00.000,29.1046
2025-08-10T10:38:00.000,29.0730
2025-08-10T10:39:00.000,29.0687
2025-08-10T10:40:00.000,29.0428
2025-08-10T10:41:00.000,29.0242
2025-08-10T10:42:00.000,29.0586
2025-08-10T10:43:00.000,29.0098
2025-08-10T10:44:00.000,28.9912
2025-08-10T10:45:00.000,29.1247
2025-08-10T10:46:00.000,29.2613
2025-08-10T10:47:00.000,29.3951
2025-08-10T10:48:00.000,29.5350
2025-08-10T10:49:00.000,29.6331
2025-08-10T10:50:00.000,29.7862
2025-08-10T10:51:00.000,29.8658
2025-08-10T10:52:00.000,29.9672
2025-08-10T10:53:00.000,30.0977
2025-08-10T10:54:00.000,30.2545
2025-08-10T10:55:00.000,30.4610
2025-08-10T10:56:00.000,30.6403
2025-08-10T10:57:00.000,30.6944
2025-08-10T10:58:00.000,30.6695
2025-08-10T10:59:00.000,30.6228
2025-08-10T11:00:00.000,30.6155
2025-08-10T11:01:00.000,30.5616
2025-08-10T11:02:00.000,30.5558
2025-08-10T11:03:00.000,30.6185
2025-08-10T11:04:00.000,30.7279
2025-08-10T11:05:00.000,30.8770
2025-08-10T11:06:00.000,31.0161
2025-08-10T11:07:00.000,31.2127
2025-08-10T11:08:00.000,31.3464
2025-08-10T11:09:00.000,31.4347
2025-08-10T11:10:00.000,31.5261
2025-08-10T11:11:00.000,31.6411
2025-08-10T11:12:00.000,31.8125
2025-08-10T11:13:00.000,31.9546
2025-08-10T11:14:00.000,32.0583
2025-08-10T11:15:00.000,32.1340
2025-08-10T11:16:00.000,32.2187
2025-08-10T11:17:00.000,32.3109
2025-08-10T11:18:00.000,32.3020
2025-08-10T11:19:00.000,32.1014
2025-08-10T11:20:00.000,31.9072
2025-08-10T11:21:00.000,31.5718
2025-08-10T11:22:00.000,31.2950
2025-08-10T11:23:00.000,31.1246
2025-08-10T11:24:00.000,31.0880
2025-08-10T11:25:00.000,31.1599
2025-08-10T11:26:00.000,31.2436
2025-08-10T11:27:00.000,31.3303
2025-08-10T11:28:00.000,31.4200
2025-08-10T11:29:00.000,31.5143
2025-08-10T11:30:00.000,31.6160
2025-08-10T11:31:00.000,31.6633
2025-08-10T11:32:00.000,31.6514
2025-08-10T11:33:00.000,31.6898
2025-08-10T11:34:00.000,31.7297
2025-08-10T11:35:00.000,31.7844
2025-08-10T11:36:00.000,31.7740
2025-08-10T11:37:00.000,31.7031
2025-08-10T11:38:00.000,31.7593
2025-08-10T11:39:00.000,31.8924
2025-08-10T11:40:00.000,31.9605
2025-08-10T11:41:00.000,31.7977
2025-08-10T11:42:00.000,31.6396
2025-08-10T11:43:00.000,31.4937
2025-08-10T11:44:00.000,31.5379
2025-08-10T11:45:00.000,31.5969
2025-08-10T11:46:00.000,31.6411
2025-08-10T11:47:00.000,31.7164
2025-08-10T11:48:00.000,31.7164
2025-08-10T11:49:00.000,31.7090
2025-08-10T11:50:00.000,31.6529
2025-08-10T11:51:00.000,31.6574
2025-08-10T11:52:00.000,31.8243
2025-08-10T11:53:00.000,32.0850
2025-08-10T11:54:00.000,32.3094
2025-08-10T11:55:00.000,32.4300
2025-08-10T11:56:00.000,32.3972
2025-08-10T11:57:00.000,32.3898
2025-08-10T11:58:00.000,32.3109
2025-08-10T11:59:00.000,32.2544
2025-08-10T12:00:00.000,32.1934
2025-08-10T12:01:00.000,32.1697
2025-08-10T12:02:00.000,32.2410
2025-08-10T12:03:00.000,32.2098
2025-08-10T12:04:00.000,32.1118
2025-08-10T12:05:00.000,32.1934
2025-08-10T12:06:00.000,32.4062
2025-08-10T12:07:00.000,32.6030
2025-08-10T12:08:00.000,32.7764
2025-08-10T12:09:00.000,33.0328
2025-08-10T12:10:00.000,33.1936
2025-08-10T12:11:00.000,33.2960
2025-08-10T12:12:00.000,33.4256
2025-08-10T12:13:00.000,33.5253
2025-08-10T12:14:00.000,33.6705
2025-08-10T12:15:00.000,33.8084
2025-08-10T12:16:00.000,33.9800
2025-08-10T12:17:00.000,34.0348
2025-08-10T12:18:00.000,34.0683
2025-08-10T12:19:00.000,34.1246
2025-08-10T12:20:00.000,34.1505
2025-08-10T12:21:00.000,34.2252
2025-08-10T12:22:00.000,34.3734
2025-08-10T12:23:00.000,34.6598
2025-08-10T12:24:00.000,34.9058
2025-08-10T12:25:00.000,34.9258
2025-08-10T12:26:00.000,34.9798
2025-08-10T12:27:00.000,35.0677
2025-08-10T12:28:00.000,35.2192
2025-08-10T12:29:00.000,35.3772
2025-08-10T12:30:00.000,35.5496
2025-08-10T12:31:00.000,35.7208
2025-08-10T12:32:00.000,35.8628
2025-08-10T12:33:00.000,35.9472
2025-08-10T12:34:00.000,35.9238
2025-08-10T12:35:00.000,35.7551
2025-08-10T12:36:00.000,35.5745
2025-08-10T12:37:00.000,35.5294
2025-08-10T12:38:00.000,35.5278
2025-08-10T12:39:00.000,35.5138
2025-08-10T12:40:00.000,35.5231
2025-08-10T12:41:00.000,35.5620
2025-08-10T12:42:00.000,35.6040
2025-08-10T12:43:00.000,35.5791
2025-08-10T12:44:00.000,35.4734
2025-08-10T12:45:00.000,35.3462
2025-08-10T12:46:00.000,35.3090
2025-08-10T12:47:00.000,35.2192
2025-08-10T12:48:00.000,35.2594
2025-08-10T12:49:00.000,35.2796
2025-08-10T12:50:00.000,35.1898
2025-08-10T12:51:00.000,35.1991
2025-08-10T12:52:00.000,35.2285
2025-08-10T12:53:00.000,35.2084
2025-08-10T12:54:00.000,35.1743
2025-08-10T12:55:00.000,35.1372
2025-08-10T12:56:00.000,35.1372
2025-08-10T12:57:00.000,35.1496
2025-08-10T12:58:00.000,35.2208
2025-08-10T12:59:00.000,35.3168
2025-08-10T13:00:00.000,35.4051
2025-08-10T13:01:00.000,35.3819
2025-08-10T13:02:00.000,35.4206
2025-08-10T13:03:00.000,35.5169
2025-08-10T13:04:00.000,35.6274
2025-08-10T13:05:00.000,35.8425
2025-08-10T13:06:00.000,36.0787
2025-08-10T13:07:00.000,36.2325
2025-08-10T13:08:00.000,36.3536
2025-08-10T13:09:00.000,36.4386
2025-08-10T13:10:00.000,36.5380
2025-08-10T13:11:00.000,36.6739
2025-08-10T13:12:00.000,36.7467
2025-08-10T13:13:00.000,36.7974
2025-08-10T13:14:00.000,36.8576
2025-08-10T13:15:00.000,36.8481
2025-08-10T13:16:00.000,36.9354
2025-08-10T13:17:00.000,37.0673
2025-08-10T13:18:00.000,37.1565
2025-08-10T13:19:00.000,37.1040
2025-08-10T13:20:00.000,37.0626
2025-08-10T13:21:00.000,37.0546
2025-08-10T13:22:00.000,37.0992
2025-08-10T13:23:00.000,37.2187
2025-08-10T13:24:00.000,37.3369
2025-08-10T13:25:00.000,37.4441
2025-08-10T13:26:00.000,37.4841
2025-08-10T13:27:00.000,37.4601
2025-08-10T13:28:00.000,37.4345
2025-08-10T13:29:00.000,37.3673
2025-08-10T13:30:00.000,37.3625
2025-08-10T13:31:00.000,37.4313
2025-08-10T13:32:00.000,37.5483
2025-08-10T13:33:00.000,37.6365
2025-08-10T13:34:00.000,37.6125
2025-08-10T13:35:00.000,37.4825
2025-08-10T13:36:00.000,37.4537
2025-08-10T13:37:00.000,37.6237
2025-08-10T13:38:00.000,37.7604
2025-08-10T13:39:00.000,37.7378
2025-08-10T13:40:00.000,37.6751
2025-08-10T13:41:00.000,37.6848
2025-08-10T13:42:00.000,37.6446
2025-08-10T13:43:00.000,37.4857
2025-08-10T13:44:00.000,37.3561
2025-08-10T13:45:00.000,37.2874
2025-08-10T13:46:00.000,37.1709
2025-08-10T13:47:00.000,37.0419
2025-08-10T13:48:00.000,36.9433
2025-08-10T13:49:00.000,36.8989
2025-08-10T13:50:00.000,36.9132
2025-08-10T13:51:00.000,36.9958
2025-08-10T13:52:00.000,37.0785
2025-08-10T13:53:00.000,37.1884
2025-08-10T13:54:00.000,37.2443
2025-08-10T13:55:00.000,37.2650
2025-08-10T13:56:00.000,37.2938
2025-08-10T13:57:00.000,37.2730
2025-08-10T13:58:00.000,37.1518
2025-08-10T13:59:00.000,37.0244
2025-08-10T14:00:00.000,36.7498
2025-08-10T14:01:00.000,36.3111
2025-08-10T14:02:00.000,35.4300
2025-08-10T14:03:00.000,33.9496
2025-08-10T14:04:00.000,32.4658
2025-08-10T14:05:00.000,31.1364
2025-08-10T14:06:00.000,30.0948
2025-08-10T14:07:00.000,29.1937
2025-08-10T14:08:00.000,28.4131
2025-08-10T14:09:00.000,27.6762
2025-08-10T14:10:00.000,26.9777
2025-08-10T14:11:00.000,26.3138
2025-08-10T14:12:00.000,25.7425
2025-08-10T14:13:00.000,25.2833
2025-08-10T14:14:00.000,24.7754
2025-08-10T14:15:00.000,24.3452
2025-08-10T14:16:00.000,24.0848
2025-08-10T14:17:00.000,23.8495
2025-08-10T14:18:00.000,23.5953
2025-08-10T14:19:00.000,23.3206
2025-08-10T14:20:00.000,22.9911
2025-08-10T14:21:00.000,22.6759
2025-08-10T14:22:00.000,22.3802
2025-08-10T14:23:00.000,22.0752
2025-08-10T14:24:00.000,21.7376
2025-08-10T14:25:00.000,21.3989
2025-08-10T14:26:00.000,21.1056
2025-08-10T14:27:00.000,20.8523
2025-08-10T14:28:00.000,20.6250
2025-08-10T14:29:00.000,20.4814
2025-08-10T14:30:00.000,20.3842
2025-08-10T14:31:00.000,20.3254
2025-08-10T14:32:00.000,20.2542
2025-08-10T14:33:00.000,20.1352
2025-08-10T14:34:00.000,20.0245
2025-08-10T14:35:00.000,19.9711
2025-08-10T14:36:00.000,19.8781
2025-08-10T14:37:00.000,19.7592
2025-08-10T14:38:00.000,19.6566
2025-08-10T14:39:00.000,19.5842
2025-08-10T14:40:00.000,19.4994
2025-08-10T14:41:00.000,19.4133
2025-08-10T14:42:00.000,19.3245
2025-08-10T14:43:00.000,19.2356
2025-08-10T14:44:00.000,19.1467
2025-08-10T14:45:00.000,19.0538
2025-08-10T14:46:00.000,18.9731
2025-08-10T14:47:00.000,18.9089
2025-08-10T14:48:00.000,18.8611
2025-08-10T14:49:00.000,18.8173
2025-08-10T14:50:00.000,18.7695
2025-08-10T14:51:00.000,18.7134
2025-08-10T14:52:00.000,18.6505
2025-08-10T14:53:00.000,18.5863
2025-08-10T14:54:00.000,18.5425
2025-08-10T14:55:00.000,18.4960
2025-08-10T14:56:00.000,18.4591
2025-08-10T14:57:00.000,18.4195
2025-08-10T14:58:00.000,18.3853
2025-08-10T14:59:00.000,18.3525
2025-08-10T15:00:00.000,18.3115
2025-08-10T15:01:00.000,18.2732
2025-08-10T15:02:00.000,18.2486
2025-08-10T15:03:00.000,18.2349
2025-08-10T15:04:00.000,18.2390
2025-08-10T15:05:00.000,18.2198
2025-08-10T15:06:00.000,18.1939
2025-08-10T15:07:00.000,18.1911
2025-08-10T15:08:00.000,18.1651
2025-08-10T15:09:00.000,18.1118
2025-08-10T15:10:00.000,18.0516
2025-08-10T15:11:00.000,17.9873
2025-08-10T15:12:00.000,17.9203
2025-08-10T15:13:00.000,17.8506
2025-08-10T15:14:00.000,17.7753
2025-08-10T15:15:00.000,17.6987
2025-08-10T15:16:00.000,17.6344
2025-08-10T15:17:00.000,17.5837
2025-08-10T15:18:00.000,17.5263
2025-08-10T15:19:00.000,17.4469
2025-08-10T15:20:00.000,17.3538
2025-08-10T15:21:00.000,17.2525
2025-08-10T15:22:00.000,17.1470
2025-08-10T15:23:00.000,17.0484
2025-08-10T15:24:00.000,16.9607
2025-08-10T15:25:00.000,16.8757
2025-08-10T15:26:00.000,16.7949
2025-08-10T15:27:00.000,16.7236
2025-08-10T15:28:00.000,16.6605
2025-08-10T15:29:00.000,16.6043
2025-08-10T15:30:00.000,16.5549
2025-08-10T15:31:00.000,16.5097
2025-08-10T15:32:00.000,16.4644
2025-08-10T15:33:00.000,16.4136
2025-08-10T15:34:00.000,16.3683
2025-08-10T15:35:00.000,16.3313
2025-08-10T15:36:00.000,16.2970
2025-08-10T15:37:00.000,16.2489
2025-08-10T15:38:00.000,16.1954
2025-08-10T15:39:00.000,16.1226
2025-08-10T15:40:00.000,16.0279
2025-08-10T15:41:00.000,15.9372
2025-08-10T15:42:00.000,15.8547
2025-08-10T15:43:00.000,15.7970
2025-08-10T15:44:00.000,15.7516
2025-08-10T15:45:00.000,15.7117
2025-08-10T15:46:00.000,15.6719
2025-08-10T15:47:00.000,15.6347
2025-08-10T15:48:00.000,15.6003
2025-08-10T15:49:00.000,15.5659
2025-08-10T15:50:00.000,15.5384
2025-08-10T15:51:00.000,15.5109
2025-08-10T15:52:00.000,15.4889
2025-08-10T15:53:00.000,15.4682
2025-08-10T15:54:00.000,15.4559
2025-08-10T15:55:00.000,15.4586
2025-08-10T15:56:00.000,15.4559
2025-08-10T15:57:00.000,15.4448
2025-08-10T15:58:00.000,15.4325
2025-08-10T15:59:00.000,15.4256
2025-08-10T16:00:00.000,15.4173
2025-08-10T16:01:00.000,15.4077
2025-08-10T16:02:00.000,15.4063
2025-08-10T16:03:00.000,15.4049
2025-08-10T16:04:00.000,15.4063
2025-08-10T16:05:00.000,15.4090
2025-08-10T16:06:00.000,15.4159
2025-08-10T16:07:00.000,15.4242
2025-08-10T16:08:00.000,15.4297
2025-08-10T16:09:00.000,15.4366
2025-08-10T16:10:00.000,15.4393
2025-08-10T16:11:00.000,15.4448
2025-08-10T16:12:00.000,15.4517
2025-08-10T16:13:00.000,15.4490
2025-08-10T16:14:00.000,15.4407
2025-08-10T16:15:00.000,15.4338
2025-08-10T16:16:00.000,15.4325
2025-08-10T16:17:00.000,15.4297
2025-08-10T16:18:00.000,15.4201
2025-08-10T16:19:00.000,15.4090
2025-08-10T16:20:00.000,15.3980
2025-08-10T16:21:00.000,15.3843
2025-08-10T16:22:00.000,15.3567
2025-08-10T16:23:00.000,15.3154
2025-08-10T16:24:00.000,15.2741
2025-08-10T16:25:00.000,15.2300
2025-08-10T16:26:00.000,15.1818
2025-08-10T16:27:00.000,15.1336
2025-08-10T16:28:00.000,15.0826
2025-08-10T16:29:00.000,15.0371
2025-08-10T16:30:00.000,14.9860
2025-08-10T16:31:00.000,14.9336
2025-08-10T16:32:00.000,14.8826
2025-08-10T16:33:00.000,14.8302
2025-08-10T16:34:00.000,14.7763
2025-08-10T16:35:00.000,14.7266
2025-08-10T16:36:00.000,14.6824
2025-08-10T16:37:00.000,14.6341
2025-08-10T16:38:00.000,14.5927
2025-08-10T16:39:00.000,14.5595
2025-08-10T16:40:00.000,14.5305
2025-08-10T16:41:00.000,14.5056
2025-08-10T16:42:00.000,14.4807
2025-08-10T16:43:00.000,14.4434
2025-08-10T16:44:00.000,14.4088
2025-08-10T16:45:00.000,14.3756
2025-08-10T16:46:00.000,14.3300
2025-08-10T16:47:00.000,14.2913
2025-08-10T16:48:00.000,14.2553
2025-08-10T16:49:00.000,14.2234
2025-08-10T16:50:00.000,14.1875
2025-08-10T16:51:00.000,14.1542
2025-08-10T16:52:00.000,14.1168
2025-08-10T16:53:00.000,14.0725
2025-08-10T16:54:00.000,14.0323
2025-08-10T16:55:00.000,13.9991
2025-08-10T16:56:00.000,13.9755
2025-08-10T16:57:00.000,13.9617
2025-08-10T16:58:00.000,13.9492
2025-08-10T16:59:00.000,13.9353
2025-08-10T17:00:00.000,13.9173
2025-08-10T17:01:00.000,13.8993
2025-08-10T17:02:00.000,13.8757
2025-08-10T17:03:00.000,13.8521
2025-08-10T17:04:00.000,13.8091
2025-08-10T17:05:00.000,13.7578
2025-08-10T17:06:00.000,13.7134
2025-08-10T17:07:00.000,13.6676
2025-08-10T17:08:00.000,13.6259
2025-08-10T17:09:00.000,13.5829
2025-08-10T17:10:00.000,13.5384
2025-08-10T17:11:00.000,13.5079
2025-08-10T17:12:00.000,13.4842
2025-08-10T17:13:00.000,13.4690
2025-08-10T17:14:00.000,13.4578
2025-08-10T17:15:00.000,13.4509
2025-08-10T17:16:00.000,13.4481
2025-08-10T17:17:00.000,13.4439
2025-08-10T17:18:00.000,13.4439
2025-08-10T17:19:00.000,13.4453
2025-08-10T17:20:00.000,13.4523
2025-08-10T17:21:00.000,13.4523
2025-08-10T17:22:00.000,13.4509
2025-08-10T17:23:00.000,13.4467
2025-08-10T17:24:00.000,13.4425
2025-08-10T17:25:00.000,13.4384
2025-08-10T17:26:00.000,13.4286
2025-08-10T17:27:00.000,13.4106
2025-08-10T17:28:00.000,13.4036
2025-08-10T17:29:00.000,13.3981
2025-08-10T17:30:00.000,13.3994
2025-08-10T17:31:00.000,13.4064
2025-08-10T17:32:00.000,13.4120
2025-08-10T17:33:00.000,13.4106
2025-08-10T17:34:00.000,13.4064
2025-08-10T17:35:00.000,13.4008
2025-08-10T17:36:00.000,13.3911
2025-08-10T17:37:00.000,13.3828
2025-08-10T17:38:00.000,13.3702
2025-08-10T17:39:00.000,13.3549
2025-08-10T17:40:00.000,13.3466
2025-08-10T17:41:00.000,13.3396
2025-08-10T17:42:00.000,13.3313
2025-08-10T17:43:00.000,13.3257
2025-08-10T17:44:00.000,13.3216
2025-08-10T17:45:00.000,13.3383
2025-08-10T17:46:00.000,13.3730
2025-08-10T17:47:00.000,13.4106
2025-08-10T17:48:00.000,13.4412
2025-08-10T17:49:00.000,13.4648
2025-08-10T17:50:00.000,13.4815
2025-08-10T17:51:00.000,13.4912
2025-08-10T17:52:00.000,13.4968
2025-08-10T17:53:00.000,13.5009
2025-08-10T17:54:00.000,13.5051
2025-08-10T17:55:00.000,13.5023
2025-08-10T17:56:00.000,13.5023
2025-08-10T17:57:00.000,13.5051
2025-08-10T17:58:00.000,13.5079
2025-08-10T17:59:00.000,13.5120
2025-08-10T18:00:00.000,13.5176
2025-08-10T18:01:00.000,13.5273
2025-08-10T18:02:00.000,13.5370
2025-08-10T18:03:00.000,13.5551
2025-08-10T18:04:00.000,13.5690
2025-08-10T18:05:00.000,13.5801
2025-08-10T18:06:00.000,13.5843
2025-08-10T18:07:00.000,13.5843
2025-08-10T18:08:00.000,13.5829
2025-08-10T18:09:00.000,13.5787
2025-08-10T18:10:00.000,13.5648
2025-08-10T18:11:00.000,13.5329
2025-08-10T18:12:00.000,13.4912
2025-08-10T18:13:00.000,13.4495
2025-08-10T18:14:00.000,13.4078
2025-08-10T18:15:00.000,13.3688
2025-08-10T18:16:00.000,13.3243
2025-08-10T18:17:00.000,13.2826
2025-08-10T18:18:00.000,13.2450
2025-08-10T18:19:00.000,13.2033
2025-08-10T18:20:00.000,13.1685
2025-08-10T18:21:00.000,13.1378
2025-08-10T18:22:00.000,13.1086
2025-08-10T18:23:00.000,13.0793
2025-08-10T18:24:00.000,13.0389
2025-08-10T18:25:00.000,12.9845
2025-08-10T18:26:00.000,12.9176
2025-08-10T18:27:00.000,12.8520
2025-08-10T18:28:00.000,12.7976
2025-08-10T18:29:00.000,12.7460
2025-08-10T18:30:00.000,12.6957
2025-08-10T18:31:00.000,12.6482
2025-08-10T18:32:00.000,12.6063
2025-08-10T18:33:00.000,12.5699
2025-08-10T18:34:00.000,12.5405
2025-08-10T18:35:00.000,12.5154
2025-08-10T18:36:00.000,12.4944
2025-08-10T18:37:00.000,12.4762
2025-08-10T18:38:00.000,12.4636
2025-08-10T18:39:00.000,12.4510
2025-08-10T18:40:00.000,12.4412
2025-08-10T18:41:00.000,12.4314
2025-08-10T18:42:00.000,12.4230
2025-08-10T18:43:00.000,12.4118
2025-08-10T18:44:00.000,12.3992
2025-08-10T18:45:00.000,12.3922
2025-08-10T18:46:00.000,12.3880
2025-08-10T18:47:00.000,12.3880
2025-08-10T18:48:00.000,12.3852
2025-08-10T18:49:00.000,12.3922
2025-08-10T18:50:00.000,12.4104
2025-08-10T18:51:00.000,12.4286
2025-08-10T18:52:00.000,12.4384
2025-08-10T18:53:00.000,12.4524
2025-08-10T18:54:00.000,12.4664
2025-08-10T18:55:00.000,12.4944
2025-08-10T18:56:00.000,12.5168
2025-08-10T18:57:00.000,12.5377
2025-08-10T18:58:00.000,12.5531
2025-08-10T18:59:00.000,12.5671
2025-08-10T19:00:00.000,12.5783
2025-08-10T19:01:00.000,12.5881
2025-08-10T19:02:00.000,12.6021
2025-08-10T19:03:00.000,12.6104
2025-08-10T19:04:00.000,12.6174
2025-08-10T19:05:00.000,12.6230
2025-08-10T19:06:00.000,12.6300
2025-08-10T19:07:00.000,12.6342
2025-08-10T19:08:00.000,12.6356
2025-08-10T19:09:00.000,12.6356
2025-08-10T19:10:00.000,12.6342
2025-08-10T19:11:00.000,12.6328
2025-08-10T19:12:00.000,12.6342
2025-08-10T19:13:00.000,12.6342
2025-08-10T19:14:00.000,12.6328
2025-08-10T19:15:00.000,12.6328
2025-08-10T19:16:00.000,12.6314
2025-08-10T19:17:00.000,12.6314
2025-08-10T19:18:00.000,12.6342
2025-08-10T19:19:00.000,12.6356
2025-08-10T19:20:00.000,12.6412
2025-08-10T19:21:00.000,12.6412
2025-08-10T19:22:00.000,12.6426
2025-08-10T19:23:00.000,12.6440
2025-08-10T19:24:00.000,12.6468
2025-08-10T19:25:00.000,12.6524
2025-08-10T19:26:00.000,12.6580
2025-08-10T19:27:00.000,12.6621
2025-08-10T19:28:00.000,12.6649
2025-08-10T19:29:00.000,12.6677
2025-08-10T19:30:00.000,12.6691
2025-08-10T19:31:00.000,12.6719
2025-08-10T19:32:00.000,12.6761
2025-08-10T19:33:00.000,12.6803
2025-08-10T19:34:00.000,12.6845
2025-08-10T19:35:00.000,12.6887
2025-08-10T19:36:00.000,12.6943
2025-08-10T19:37:00.000,12.7013
2025-08-10T19:38:00.000,12.7041
2025-08-10T19:39:00.000,12.7041
2025-08-10T19:40:00.000,12.7041
2025-08-10T19:41:00.000,12.7041
2025-08-10T19:42:00.000,12.7068
2025-08-10T19:43:00.000,12.7068
2025-08-10T19:44:00.000,12.7041
2025-08-10T19:45:00.000,12.7013
2025-08-10T19:46:00.000,12.6999
2025-08-10T19:47:00.000,12.6971
2025-08-10T19:48:00.000,12.6957
2025-08-10T19:49:00.000,12.6943
2025-08-10T19:50:00.000,12.6943
2025-08-10T19:51:00.000,12.6957
2025-08-10T19:52:00.000,12.6999
2025-08-10T19:53:00.000,12.7096
2025-08-10T19:54:00.000,12.7208
2025-08-10T19:55:00.000,12.7264
2025-08-10T19:56:00.000,12.7264
2025-08-10T19:57:00.000,12.7264
2025-08-10T19:58:00.000,12.7306
2025-08-10T19:59:00.000,12.7320
2025-08-10T20:00:00.000,12.7250
2025-08-10T20:01:00.000,12.7124
2025-08-10T20:02:00.000,12.6985
2025-08-10T20:03:00.000,12.6803
2025-08-10T20:04:00.000,12.6635
2025-08-10T20:05:00.000,12.6468
2025-08-10T20:06:00.000,12.6300
2025-08-10T20:07:00.000,12.6146
2025-08-10T20:08:00.000,12.5979
2025-08-10T20:09:00.000,12.5769
2025-08-10T20:10:00.000,12.5503
2025-08-10T20:11:00.000,12.5322
2025-08-10T20:12:00.000,12.5084
2025-08-10T20:13:00.000,12.4916
2025-08-10T20:14:00.000,12.4804
2025-08-10T20:15:00.000,12.4720
2025-08-10T20:16:00.000,12.4678
2025-08-10T20:17:00.000,12.4636
2025-08-10T20:18:00.000,12.4608
2025-08-10T20:19:00.000,12.4636
2025-08-10T20:20:00.000,12.4664
2025-08-10T20:21:00.000,12.4664
2025-08-10T20:22:00.000,12.4650
2025-08-10T20:23:00.000,12.4622
2025-08-10T20:24:00.000,12.4594
2025-08-10T20:25:00.000,12.4552
2025-08-10T20:26:00.000,12.4552
2025-08-10T20:27:00.000,12.4538
2025-08-10T20:28:00.000,12.4538
2025-08-10T20:29:00.000,12.4566
2025-08-10T20:30:00.000,12.4538
2025-08-10T20:31:00.000,12.4468
2025-08-10T20:32:00.000,12.4426
2025-08-10T20:33:00.000,12.4412
2025-08-10T20:34:00.000,12.4384
2025-08-10T20:35:00.000,12.4356
2025-08-10T20:36:00.000,12.4328
2025-08-10T20:37:00.000,12.4314
2025-08-10T20:38:00.000,12.4314
2025-08-10T20:39:00.000,12.4314
2025-08-10T20:40:00.000,12.4314
2025-08-10T20:41:00.000,12.4300
2025-08-10T20:42:00.000,12.4258
2025-08-10T20:43:00.000,12.4216
2025-08-10T20:44:00.000,12.4160
2025-08-10T20:45:00.000,12.4160
2025-08-10T20:46:00.000,12.4146
2025-08-10T20:47:00.000,12.4146
2025-08-10T20:48:00.000,12.4160
2025-08-10T20:49:00.000,12.4188
2025-08-10T20:50:00.000,12.4230
2025-08-10T20:51:00.000,12.4314
2025-08-10T20:52:00.000,12.4384
2025-08-10T20:53:00.000,12.4510
2025-08-10T20:54:00.000,12.4748
2025-08-10T20:55:00.000,12.5056
2025-08-10T20:56:00.000,12.5391
2025-08-10T20:57:00.000,12.5671
2025-08-10T20:58:00.000,12.5993
2025-08-10T20:59:00.000,12.6328
2025-08-10T21:00:00.000,12.6747
2025-08-10T21:01:00.000,12.7166
2025-08-10T21:02:00.000,12.7669
2025-08-10T21:03:00.000,12.8116
2025-08-10T21:04:00.000,12.8283
2025-08-10T21:05:00.000,12.8269
2025-08-10T21:06:00.000,12.8283
2025-08-10T21:07:00.000,12.8367
2025-08-10T21:08:00.000,12.8925
2025-08-10T21:09:00.000,12.9469
2025-08-10T21:10:00.000,12.9818
2025-08-10T21:11:00.000,12.9957
2025-08-10T21:12:00.000,13.0264
2025-08-10T21:13:00.000,13.0640
2025-08-10T21:14:00.000,13.0696
2025-08-10T21:15:00.000,13.0751
2025-08-10T21:16:00.000,13.0682
2025-08-10T21:17:00.000,13.0473
2025-08-10T21:18:00.000,12.9985
2025-08-10T21:19:00.000,12.9594
2025-08-10T21:20:00.000,12.9037
2025-08-10T21:21:00.000,12.8492
2025-08-10T21:22:00.000,12.8074
2025-08-10T21:23:00.000,12.7823
2025-08-10T21:24:00.000,12.7627
2025-08-10T21:25:00.000,12.7529
2025-08-10T21:26:00.000,12.7432
2025-08-10T21:27:00.000,12.7348
2025-08-10T21:28:00.000,12.7292
2025-08-10T21:29:00.000,12.7292
2025-08-10T21:30:00.000,12.7348
2025-08-10T21:31:00.000,12.7404
2025-08-10T21:32:00.000,12.7515
2025-08-10T21:33:00.000,12.7599
2025-08-10T21:34:00.000,12.7683
2025-08-10T21:35:00.000,12.7739
2025-08-10T21:36:00.000,12.7781
2025-08-10T21:37:00.000,12.7753
2025-08-10T21:38:00.000,12.7697
2025-08-10T21:39:00.000,12.7599
2025-08-10T21:40:00.000,12.7501
2025-08-10T21:41:00.000,12.7473
2025-08-10T21:42:00.000,12.7432
2025-08-10T21:43:00.000,12.7404
2025-08-10T21:44:00.000,12.7362
2025-08-10T21:45:00.000,12.7320
2025-08-10T21:46:00.000,12.7278
2025-08-10T21:47:00.000,12.7236
2025-08-10T21:48:00.000,12.7152
2025-08-10T21:49:00.000,12.7027
2025-08-10T21:50:00.000,12.6817
2025-08-10T21:51:00.000,12.6566
2025-08-10T21:52:00.000,12.6286
2025-08-10T21:53:00.000,12.6035
2025-08-10T21:54:00.000,12.5713
2025-08-10T21:55:00.000,12.5405
2025-08-10T21:56:00.000,12.5182
2025-08-10T21:57:00.000,12.5056
2025-08-10T21:58:00.000,12.4986
2025-08-10T21:59:00.000,12.4972
2025-08-10T22:00:00.000,12.5042
2025-08-10T22:01:00.000,12.5196
2025-08-10T22:02:00.000,12.5322
2025-08-10T22:03:00.000,12.5391
2025-08-10T22:04:00.000,12.5419
2025-08-10T22:05:00.000,12.5419
2025-08-10T22:06:00.000,12.5377
2025-08-10T22:07:00.000,12.5308
2025-08-10T22:08:00.000,12.5238
2025-08-10T22:09:00.000,12.5238
2025-08-10T22:10:00.000,12.5210
2025-08-10T22:11:00.000,12.5196
2025-08-10T22:12:00.000,12.5140
2025-08-10T22:13:00.000,12.5070
2025-08-10T22:14:00.000,12.5014
2025-08-10T22:15:00.000,12.4958
2025-08-10T22:16:00.000,12.4930
2025-08-10T22:17:00.000,12.4888
2025-08-10T22:18:00.000,12.4832
2025-08-10T22:19:00.000,12.4776
2025-08-10T22:20:00.000,12.4706
2025-08-10T22:21:00.000,12.4776
2025-08-10T22:22:00.000,12.4958
2025-08-10T22:23:00.000,12.5126
2025-08-10T22:24:00.000,12.5196
2025-08-10T22:25:00.000,12.5182
2025-08-10T22:26:00.000,12.5084
2025-08-10T22:27:00.000,12.5000
2025-08-10T22:28:00.000,12.4860
2025-08-10T22:29:00.000,12.4734
2025-08-10T22:30:00.000,12.4622
2025-08-10T22:31:00.000,12.4510
2025-08-10T22:32:00.000,12.4454
2025-08-10T22:33:00.000,12.4398
2025-08-10T22:34:00.000,12.4454
2025-08-10T22:35:00.000,12.4552
2025-08-10T22:36:00.000,12.4622
2025-08-10T22:37:00.000,12.4678
2025-08-10T22:38:00.000,12.4790
2025-08-10T22:39:00.000,12.4902
2025-08-10T22:40:00.000,12.4986
2025-08-10T22:41:00.000,12.5154
2025-08-10T22:42:00.000,12.5433
2025-08-10T22:43:00.000,12.5685
2025-08-10T22:44:00.000,12.5993
2025-08-10T22:45:00.000,12.6258
2025-08-10T22:46:00.000,12.6524
2025-08-10T22:47:00.000,12.6845
2025-08-10T22:48:00.000,12.7055
2025-08-10T22:49:00.000,12.7278
2025-08-10T22:50:00.000,12.7473
2025-08-10T22:51:00.000,12.7585
2025-08-10T22:52:00.000,12.7767
2025-08-10T22:53:00.000,12.7864
2025-08-10T22:54:00.000,12.7934
2025-08-10T22:55:00.000,12.8283
2025-08-10T22:56:00.000,12.8618
2025-08-10T22:57:00.000,12.8911
2025-08-10T22:58:00.000,12.9134
2025-08-10T22:59:00.000,12.9371
2025-08-10T23:00:00.000,12.9818
2025-08-10T23:01:00.000,12.9929
2025-08-10T23:02:00.000,13.0236
2025-08-10T23:03:00.000,13.0236
2025-08-10T23:04:00.000,13.0361
2025-08-10T23:05:00.000,13.0570
2025-08-10T23:06:00.000,13.0779
2025-08-10T23:07:00.000,13.1016
2025-08-10T23:08:00.000,13.1127
2025-08-10T23:09:00.000,13.1030
2025-08-10T23:10:00.000,13.0891
2025-08-10T23:11:00.000,13.0696
2025-08-10T23:12:00.000,13.0570
2025-08-10T23:13:00.000,13.0278
2025-08-10T23:14:00.000,12.9971
2025-08-10T23:15:00.000,12.9664
2025-08-10T23:16:00.000,12.9274
2025-08-10T23:17:00.000,12.8785
2025-08-10T23:18:00.000,12.8479
2025-08-10T23:19:00.000,12.8269
2025-08-10T23:20:00.000,12.8130
2025-08-10T23:21:00.000,12.8046
2025-08-10T23:22:00.000,12.7850
2025-08-10T23:23:00.000,12.7655
2025-08-10T23:24:00.000,12.7529
2025-08-10T23:25:00.000,12.7306
2025-08-10T23:26:00.000,12.7082
2025-08-10T23:27:00.000,12.6817
2025-08-10T23:28:00.000,12.6635
2025-08-10T23:29:00.000,12.6412
2025-08-10T23:30:00.000,12.6244
2025-08-10T23:31:00.000,12.6104
2025-08-10T23:32:00.000,12.5937
2025-08-10T23:33:00.000,12.5839
2025-08-10T23:34:00.000,12.5741
2025-08-10T23:35:00.000,12.5685
2025-08-10T23:36:00.000,12.5461
2025-08-10T23:37:00.000,12.5182
2025-08-10T23:38:00.000,12.4874
2025-08-10T23:39:00.000,12.4636
2025-08-10T23:40:00.000,12.4538
2025-08-10T23:41:00.000,12.4552
2025-08-10T23:42:00.000,12.4650
2025-08-10T23:43:00.000,12.4734
2025-08-10T23:44:00.000,12.4762
2025-08-10T23:45:00.000,12.4832
2025-08-10T23:46:00.000,12.4846
2025-08-10T23:47:00.000,12.4888
2025-08-10T23:48:00.000,12.5014
2025-08-10T23:49:00.000,12.5168
2025-08-10T23:50:00.000,12.5266
2025-08-10T23:51:00.000,12.5391
2025-08-10T23:52:00.000,12.5419
2025-08-10T23:53:00.000,12.5559
2025-08-10T23:54:00.000,12.5965
2025-08-10T23:55:00.000,12.6300
2025-08-10T23:56:00.000,12.6621
2025-08-10T23:57:00.000,12.7041
2025-08-10T23:58:00.000,12.7334
2025-08-10T23:59:00.000,12.7473
2025-08-11T00:00:00.000,12.7446
2025-08-11T00:01:00.000,12.7404
2025-08-11T00:02:00.000,12.7292
2025-08-11T00:03:00.000,12.7264
2025-08-11T00:04:00.000,12.7180
2025-08-11T00:05:00.000,12.7166
2025-08-11T00:06:00.000,12.7292
2025-08-11T00:07:00.000,12.7795
2025-08-11T00:08:00.000,12.8004
2025-08-11T00:09:00.000,12.8088
2025-08-11T00:10:00.000,12.7920
2025-08-11T00:11:00.000,12.7948
2025-08-11T00:12:00.000,12.7892
2025-08-11T00:13:00.000,12.7585
2025-08-11T00:14:00.000,12.7348
2025-08-11T00:15:00.000,12.6957
2025-08-11T00:16:00.000,12.6608
2025-08-11T00:17:00.000,12.6482
2025-08-11T00:18:00.000,12.7501
2025-08-11T00:19:00.000,12.8437
2025-08-11T00:20:00.000,12.9636
2025-08-11T00:21:00.000,13.0723
2025-08-11T00:22:00.000,13.1810
2025-08-11T00:23:00.000,13.2603
2025-08-11T00:24:00.000,13.3188
2025-08-11T00:25:00.000,13.3744
2025-08-11T00:26:00.000,13.4328
2025-08-11T00:27:00.000,13.4801
2025-08-11T00:28:00.000,13.5273
2025-08-11T00:29:00.000,13.5593
2025-08-11T00:30:00.000,13.5857
2025-08-11T00:31:00.000,13.6107
2025-08-11T00:32:00.000,13.6287
2025-08-11T00:33:00.000,13.6371
2025-08-11T00:34:00.000,13.6440
2025-08-11T00:35:00.000,13.6495
2025-08-11T00:36:00.000,13.6537
2025-08-11T00:37:00.000,13.6593
2025-08-11T00:38:00.000,13.6662
2025-08-11T00:39:00.000,13.6704
2025-08-11T00:40:00.000,13.6745
2025-08-11T00:41:00.000,13.6773
2025-08-11T00:42:00.000,13.6773
2025-08-11T00:43:00.000,13.6829
2025-08-11T00:44:00.000,13.6815
2025-08-11T00:45:00.000,13.6801
2025-08-11T00:46:00.000,13.6801
2025-08-11T00:47:00.000,13.6801
2025-08-11T00:48:00.000,13.6829
2025-08-11T00:49:00.000,13.6843
2025-08-11T00:50:00.000,13.7037
2025-08-11T00:51:00.000,13.7231
2025-08-11T00:52:00.000,13.7550
2025-08-11T00:53:00.000,13.7897
2025-08-11T00:54:00.000,13.8008
2025-08-11T00:55:00.000,13.7953
2025-08-11T00:56:00.000,13.7870
2025-08-11T00:57:00.000,13.7856
2025-08-11T00:58:00.000,13.7745
2025-08-11T00:59:00.000,13.7661
2025-08-11T01:00:00.000,13.7606
2025-08-11T01:01:00.000,13.7578
2025-08-11T01:02:00.000,13.7370
2025-08-11T01:03:00.000,13.7106
2025-08-11T01:04:00.000,13.6981
2025-08-11T01:05:00.000,13.6856
2025-08-11T01:06:00.000,13.6759
2025-08-11T01:07:00.000,13.6551
2025-08-11T01:08:00.000,13.6357
2025-08-11T01:09:00.000,13.6162
2025-08-11T01:10:00.000,13.6009
2025-08-11T01:11:00.000,13.5871
2025-08-11T01:12:00.000,13.5746
2025-08-11T01:13:00.000,13.5662
2025-08-11T01:14:00.000,13.5593
2025-08-11T01:15:00.000,13.5537
2025-08-11T01:16:00.000,13.5454
2025-08-11T01:17:00.000,13.5426
2025-08-11T01:18:00.000,13.5343
2025-08-11T01:19:00.000,13.5273
2025-08-11T01:20:00.000,13.5204
2025-08-11T01:21:00.000,13.5134
2025-08-11T01:22:00.000,13.5065
2025-08-11T01:23:00.000,13.5009
2025-08-11T01:24:00.000,13.4954
2025-08-11T01:25:00.000,13.4912
2025-08-11T01:26:00.000,13.4898
2025-08-11T01:27:00.000,13.4898
2025-08-11T01:28:00.000,13.4912
2025-08-11T01:29:00.000,13.4981
2025-08-11T01:30:00.000,13.5079
2025-08-11T01:31:00.000,13.5259
2025-08-11T01:32:00.000,13.5496
2025-08-11T01:33:00.000,13.5829
2025-08-11T01:34:00.000,13.6218
2025-08-11T01:35:00.000,13.6426
2025-08-11T01:36:00.000,13.6690
2025-08-11T01:37:00.000,13.7120
2025-08-11T01:38:00.000,13.7634
2025-08-11T01:39:00.000,13.8258
2025-08-11T01:40:00.000,13.8910
2025-08-11T01:41:00.000,13.9603
2025-08-11T01:42:00.000,14.0199
2025-08-11T01:43:00.000,14.0850
2025-08-11T01:44:00.000,14.1238
2025-08-11T01:45:00.000,14.1445
2025-08-11T01:46:00.000,14.1736
2025-08-11T01:47:00.000,14.1888
2025-08-11T01:48:00.000,14.2290
2025-08-11T01:49:00.000,14.2567
2025-08-11T01:50:00.000,14.2968
2025-08-11T01:51:00.000,14.2788
2025-08-11T01:52:00.000,14.2345
2025-08-11T01:53:00.000,14.2318
2025-08-11T01:54:00.000,14.1695
2025-08-11T01:55:00.000,14.1252
2025-08-11T01:56:00.000,14.1625
2025-08-11T01:57:00.000,14.1695
2025-08-11T01:58:00.000,14.1612
2025-08-11T01:59:00.000,14.1432
2025-08-11T02:00:00.000,14.0905
2025-08-11T02:01:00.000,14.0323
2025-08-11T02:02:00.000,13.9769
2025-08-11T02:03:00.000,13.9631
2025-08-11T02:04:00.000,13.9922
2025-08-11T02:05:00.000,14.0102
2025-08-11T02:06:00.000,14.0226
2025-08-11T02:07:00.000,14.0046
2025-08-11T02:08:00.000,13.9935
2025-08-11T02:09:00.000,13.9728
2025-08-11T02:10:00.000,13.9395
2025-08-11T02:11:00.000,13.9007
2025-08-11T02:12:00.000,13.8521
2025-08-11T02:13:00.000,13.8244
2025-08-11T02:14:00.000,13.7883
2025-08-11T02:15:00.000,13.7648
2025-08-11T02:16:00.000,13.7453
2025-08-11T02:17:00.000,13.7328
2025-08-11T02:18:00.000,13.7231
2025-08-11T02:19:00.000,13.7356
2025-08-11T02:20:00.000,13.7467
2025-08-11T02:21:00.000,13.7495
2025-08-11T02:22:00.000,13.7495
2025-08-11T02:23:00.000,13.7439
2025-08-11T02:24:00.000,13.7328
2025-08-11T02:25:00.000,13.7384
2025-08-11T02:26:00.000,13.7592
2025-08-11T02:27:00.000,13.7786
2025-08-11T02:28:00.000,13.8078
2025-08-11T02:29:00.000,13.8313
2025-08-11T02:30:00.000,13.8660
2025-08-11T02:31:00.000,13.9062
2025-08-11T02:32:00.000,13.9173
2025-08-11T02:33:00.000,13.9229
2025-08-11T02:34:00.000,13.9298
2025-08-11T02:35:00.000,13.9381
2025-08-11T02:36:00.000,13.9658
2025-08-11T02:37:00.000,13.9991
2025-08-11T02:38:00.000,14.0268
2025-08-11T02:39:00.000,14.0351
2025-08-11T02:40:00.000,14.0240
2025-08-11T02:41:00.000,14.0060
2025-08-11T02:42:00.000,13.9935
2025-08-11T02:43:00.000,13.9728
2025-08-11T02:44:00.000,13.9617
2025-08-11T02:45:00.000,13.9700
2025-08-11T02:46:00.000,13.9963
2025-08-11T02:47:00.000,14.0116
2025-08-11T02:48:00.000,14.0185
2025-08-11T02:49:00.000,14.0185
2025-08-11T02:50:00.000,14.0226
2025-08-11T02:51:00.000,14.0199
2025-08-11T02:52:00.000,14.0129
2025-08-11T02:53:00.000,13.9922
2025-08-11T02:54:00.000,13.9838
2025-08-11T02:55:00.000,13.9686
2025-08-11T02:56:00.000,13.9437
2025-08-11T02:57:00.000,13.9132
2025-08-11T02:58:00.000,13.8868
2025-08-11T02:59:00.000,13.8702
2025-08-11T03:00:00.000,13.8508
2025-08-11T03:01:00.000,13.8272
2025-08-11T03:02:00.000,13.8050
2025-08-11T03:03:00.000,13.7786
2025-08-11T03:04:00.000,13.7509
2025-08-11T03:05:00.000,13.7259
2025-08-11T03:06:00.000,13.7092
2025-08-11T03:07:00.000,13.6967
2025-08-11T03:08:00.000,13.6870
2025-08-11T03:09:00.000,13.6815
2025-08-11T03:10:00.000,13.6745
2025-08-11T03:11:00.000,13.6856
2025-08-11T03:12:00.000,13.7079
2025-08-11T03:13:00.000,13.7273
2025-08-11T03:14:00.000,13.7273
2025-08-11T03:15:00.000,13.7273
2025-08-11T03:16:00.000,13.7356
2025-08-11T03:17:00.000,13.7384
2025-08-11T03:18:00.000,13.7328
2025-08-11T03:19:00.000,13.7314
2025-08-11T03:20:00.000,13.7342
2025-08-11T03:21:00.000,13.7342
2025-08-11T03:22:00.000,13.7439
2025-08-11T03:23:00.000,13.7523
2025-08-11T03:24:00.000,13.7689
2025-08-11T03:25:00.000,13.7870
2025-08-11T03:26:00.000,13.8161
2025-08-11T03:27:00.000,13.8369
2025-08-11T03:28:00.000,13.8383
2025-08-11T03:29:00.000,13.8480
2025-08-11T03:30:00.000,13.8674
2025-08-11T03:31:00.000,13.8882
2025-08-11T03:32:00.000,13.9229
2025-08-11T03:33:00.000,13.9187
2025-08-11T03:34:00.000,13.9284
2025-08-11T03:35:00.000,13.9464
2025-08-11T03:36:00.000,13.9797
2025-08-11T03:37:00.000,13.9755
2025-08-11T03:38:00.000,13.9395
2025-08-11T03:39:00.000,13.9076
2025-08-11T03:40:00.000,13.8813
2025-08-11T03:41:00.000,13.8549
2025-08-11T03:42:00.000,13.8230
2025-08-11T03:43:00.000,13.8022
2025-08-11T03:44:00.000,13.7870
2025-08-11T03:45:00.000,13.7786
2025-08-11T03:46:00.000,13.7745
2025-08-11T03:47:00.000,13.7620
2025-08-11T03:48:00.000,13.7689
2025-08-11T03:49:00.000,13.7856
2025-08-11T03:50:00.000,13.7897
2025-08-11T03:51:00.000,13.7745
2025-08-11T03:52:00.000,13.7425
2025-08-11T03:53:00.000,13.7092
2025-08-11T03:54:00.000,13.6843
2025-08-11T03:55:00.000,13.6662
2025-08-11T03:56:00.000,13.6537
2025-08-11T03:57:00.000,13.6426
2025-08-11T03:58:00.000,13.6593
2025-08-11T03:59:00.000,13.6579
2025-08-11T04:00:00.000,13.6454
2025-08-11T04:01:00.000,13.6565
2025-08-11T04:02:00.000,13.7162
2025-08-11T04:03:00.000,13.7883
2025-08-11T04:04:00.000,13.8743
2025-08-11T04:05:00.000,13.8799
2025-08-11T04:06:00.000,13.8937
2025-08-11T04:07:00.000,13.9090
2025-08-11T04:08:00.000,13.9201
2025-08-11T04:09:00.000,13.9242
2025-08-11T04:10:00.000,13.9284
2025-08-11T04:11:00.000,13.9132
2025-08-11T04:12:00.000,13.8813
2025-08-11T04:13:00.000,13.8508
2025-08-11T04:14:00.000,13.8202
2025-08-11T04:15:00.000,13.7953
2025-08-11T04:16:00.000,13.7703
2025-08-11T04:17:00.000,13.7731
2025-08-11T04:18:00.000,13.7731
2025-08-11T04:19:00.000,13.7634
2025-08-11T04:20:00.000,13.7245
2025-08-11T04:21:00.000,13.6801
2025-08-11T04:22:00.000,13.6315
2025-08-11T04:23:00.000,13.5996
2025-08-11T04:24:00.000,13.5759
2025-08-11T04:25:00.000,13.5662
2025-08-11T04:26:00.000,13.5607
2025-08-11T04:27:00.000,13.5509
2025-08-11T04:28:00.000,13.5482
2025-08-11T04:29:00.000,13.5440
2025-08-11T04:30:00.000,13.5426
2025-08-11T04:31:00.000,13.5273
2025-08-11T04:32:00.000,13.5093
2025-08-11T04:33:00.000,13.4884
2025-08-11T04:34:00.000,13.4690
2025-08-11T04:35:00.000,13.4676
2025-08-11T04:36:00.000,13.4759
2025-08-11T04:37:00.000,13.4842
2025-08-11T04:38:00.000,13.4926
2025-08-11T04:39:00.000,13.5106
2025-08-11T04:40:00.000,13.5357
2025-08-11T04:41:00.000,13.5482
2025-08-11T04:42:00.000,13.5593
2025-08-11T04:43:00.000,13.5482
2025-08-11T04:44:00.000,13.5232
2025-08-11T04:45:00.000,13.4995
2025-08-11T04:46:00.000,13.4856
2025-08-11T04:47:00.000,13.4926
2025-08-11T04:48:00.000,13.5051
2025-08-11T04:49:00.000,13.5218
2025-08-11T04:50:00.000,13.5482
2025-08-11T04:51:00.000,13.5773
2025-08-11T04:52:00.000,13.5898
2025-08-11T04:53:00.000,13.5857
2025-08-11T04:54:00.000,13.5676
2025-08-11T04:55:00.000,13.5301
2025-08-11T04:56:00.000,13.4981
2025-08-11T04:57:00.000,13.4731
2025-08-11T04:58:00.000,13.4690
2025-08-11T04:59:00.000,13.4829
2025-08-11T05:00:00.000,13.4968
2025-08-11T05:01:00.000,13.5204
2025-08-11T05:02:00.000,13.5398
2025-08-11T05:03:00.000,13.5648
2025-08-11T05:04:00.000,13.5982
2025-08-11T05:05:00.000,13.6398
2025-08-11T05:06:00.000,13.6718
2025-08-11T05:07:00.000,13.6815
2025-08-11T05:08:00.000,13.6815
2025-08-11T05:09:00.000,13.6773
2025-08-11T05:10:00.000,13.6815
2025-08-11T05:11:00.000,13.6912
2025-08-11T05:12:00.000,13.7079
2025-08-11T05:13:00.000,13.7037
2025-08-11T05:14:00.000,13.6898
2025-08-11T05:15:00.000,13.6704
2025-08-11T05:16:00.000,13.6579
2025-08-11T05:17:00.000,13.6315
2025-08-11T05:18:00.000,13.6051
2025-08-11T05:19:00.000,13.5954
2025-08-11T05:20:00.000,13.5773
2025-08-11T05:21:00.000,13.5843
2025-08-11T05:22:00.000,13.5759
2025-08-11T05:23:00.000,13.5579
2025-08-11T05:24:00.000,13.5496
2025-08-11T05:25:00.000,13.5398
2025-08-11T05:26:00.000,13.5232
2025-08-11T05:27:00.000,13.4981
2025-08-11T05:28:00.000,13.4620
2025-08-11T05:29:00.000,13.4161
2025-08-11T05:30:00.000,13.3855
2025-08-11T05:31:00.000,13.3591
2025-08-11T05:32:00.000,13.3341
2025-08-11T05:33:00.000,13.3146
2025-08-11T05:34:00.000,13.3035
2025-08-11T05:35:00.000,13.2854
2025-08-11T05:36:00.000,13.2631
2025-08-11T05:37:00.000,13.2269
2025-08-11T05:38:00.000,13.1698
2025-08-11T05:39:00.000,13.1253
2025-08-11T05:40:00.000,13.0988
2025-08-11T05:41:00.000,13.0737
2025-08-11T05:42:00.000,13.0682
2025-08-11T05:43:00.000,13.0765
2025-08-11T05:44:00.000,13.1030
2025-08-11T05:45:00.000,13.1322
2025-08-11T05:46:00.000,13.1810
2025-08-11T05:47:00.000,13.1963
2025-08-11T05:48:00.000,13.2033
2025-08-11T05:49:00.000,13.2074
2025-08-11T05:50:00.000,13.2255
2025-08-11T05:51:00.000,13.2408
2025-08-11T05:52:00.000,13.2422
2025-08-11T05:53:00.000,13.2548
2025-08-11T05:54:00.000,13.2923
2025-08-11T05:55:00.000,13.3341
2025-08-11T05:56:00.000,13.3702
2025-08-11T05:57:00.000,13.4120
2025-08-11T05:58:00.000,13.4356
2025-08-11T05:59:00.000,13.4523
2025-08-11T06:00:00.000,13.4634
2025-08-11T06:01:00.000,13.4842
2025-08-11T06:02:00.000,13.5051
2025-08-11T06:03:00.000,13.5370
2025-08-11T06:04:00.000,13.5884
2025-08-11T06:05:00.000,13.6259
2025-08-11T06:06:00.000,13.6371
2025-08-11T06:07:00.000,13.6579
2025-08-11T06:08:00.000,13.6607
2025-08-11T06:09:00.000,13.6801
2025-08-11T06:10:00.000,13.7079
2025-08-11T06:11:00.000,13.6967
2025-08-11T06:12:00.000,13.6843
2025-08-11T06:13:00.000,13.6773
2025-08-11T06:14:00.000,13.6634
2025-08-11T06:15:00.000,13.6523
2025-08-11T06:16:00.000,13.6523
2025-08-11T06:17:00.000,13.6718
2025-08-11T06:18:00.000,13.7148
2025-08-11T06:19:00.000,13.7370
2025-08-11T06:20:00.000,13.7231
2025-08-11T06:21:00.000,13.7134
2025-08-11T06:22:00.000,13.7231
2025-08-11T06:23:00.000,13.7398
2025-08-11T06:24:00.000,13.7606
2025-08-11T06:25:00.000,13.7620
2025-08-11T06:26:00.000,13.7509
2025-08-11T06:27:00.000,13.7439
2025-08-11T06:28:00.000,13.7481
2025-08-11T06:29:00.000,13.7509
2025-08-11T06:30:00.000,13.7495
2025-08-11T06:31:00.000,13.7481
2025-08-11T06:32:00.000,13.7439
2025-08-11T06:33:00.000,13.7203
2025-08-11T06:34:00.000,13.6967
2025-08-11T06:35:00.000,13.6787
2025-08-11T06:36:00.000,13.6648
2025-08-11T06:37:00.000,13.6426
2025-08-11T06:38:00.000,13.6495
2025-08-11T06:39:00.000,13.6704
2025-08-11T06:40:00.000,13.7092
2025-08-11T06:41:00.000,13.7634
2025-08-11T06:42:00.000,13.8161
2025-08-11T06:43:00.000,13.8646
2025-08-11T06:44:00.000,13.8965
2025-08-11T06:45:00.000,13.9187
2025-08-11T06:46:00.000,13.9409
2025-08-11T06:47:00.000,13.9672
2025-08-11T06:48:00.000,13.9935
2025-08-11T06:49:00.000,14.0254
2025-08-11T06:50:00.000,14.0587
2025-08-11T06:51:00.000,14.0919
2025-08-11T06:52:00.000,14.1321
2025-08-11T06:53:00.000,14.1667
2025-08-11T06:54:00.000,14.1944
2025-08-11T06:55:00.000,14.2290
2025-08-11T06:56:00.000,14.2539
2025-08-11T06:57:00.000,14.2608
2025-08-11T06:58:00.000,14.2830
2025-08-11T06:59:00.000,14.2996
2025-08-11T07:00:00.000,14.3134
2025-08-11T07:01:00.000,14.3203
2025-08-11T07:02:00.000,14.3203
2025-08-11T07:03:00.000,14.3341
2025-08-11T07:04:00.000,14.3563
2025-08-11T07:05:00.000,14.3784
2025-08-11T07:06:00.000,14.3577
2025-08-11T07:07:00.000,14.3521
2025-08-11T07:08:00.000,14.3521
2025-08-11T07:09:00.000,14.2968
2025-08-11T07:10:00.000,14.2705
2025-08-11T07:11:00.000,14.2663
2025-08-11T07:12:00.000,14.2055
2025-08-11T07:13:00.000,14.1570
2025-08-11T07:14:00.000,14.1238
2025-08-11T07:15:00.000,14.1071
2025-08-11T07:16:00.000,14.0545
2025-08-11T07:17:00.000,14.0268
2025-08-11T07:18:00.000,14.0116
2025-08-11T07:19:00.000,13.9811
2025-08-11T07:20:00.000,14.0116
2025-08-11T07:21:00.000,14.0753
2025-08-11T07:22:00.000,14.0850
2025-08-11T07:23:00.000,14.0531
2025-08-11T07:24:00.000,14.0808
2025-08-11T07:25:00.000,14.1141
2025-08-11T07:26:00.000,14.1182
2025-08-11T07:27:00.000,14.1030
2025-08-11T07:28:00.000,14.0767
2025-08-11T07:29:00.000,14.0587
2025-08-11T07:30:00.000,14.0420
2025-08-11T07:31:00.000,14.0628
2025-08-11T07:32:00.000,14.0268
2025-08-11T07:33:00.000,14.0268
2025-08-11T07:34:00.000,14.0448
2025-08-11T07:35:00.000,14.0670
2025-08-11T07:36:00.000,14.0670
2025-08-11T07:37:00.000,14.0864
2025-08-11T07:38:00.000,14.0836
2025-08-11T07:39:00.000,14.0836
2025-08-11T07:40:00.000,14.0310
2025-08-11T07:41:00.000,14.0171
2025-08-11T07:42:00.000,14.0323
2025-08-11T07:43:00.000,14.0379
2025-08-11T07:44:00.000,14.0365
2025-08-11T07:45:00.000,14.0545
2025-08-11T07:46:00.000,14.0490
2025-08-11T07:47:00.000,13.9963
2025-08-11T07:48:00.000,13.9880
2025-08-11T07:49:00.000,13.9755
2025-08-11T07:50:00.000,13.9783
2025-08-11T07:51:00.000,13.9811
2025-08-11T07:52:00.000,13.9700
2025-08-11T07:53:00.000,13.9811
2025-08-11T07:54:00.000,13.9963
2025-08-11T07:55:00.000,14.0199
2025-08-11T07:56:00.000,14.0088
2025-08-11T07:57:00.000,14.0046
2025-08-11T07:58:00.000,13.9935
2025-08-11T07:59:00.000,13.9963
2025-08-11T08:00:00.000,14.0157
2025-08-11T08:01:00.000,14.0310
2025-08-11T08:02:00.000,14.0157
2025-08-11T08:03:00.000,14.0060
2025-08-11T08:04:00.000,13.9908
2025-08-11T08:05:00.000,13.9714
2025-08-11T08:06:00.000,13.9797
2025-08-11T08:07:00.000,13.9866
2025-08-11T08:08:00.000,13.9852
2025-08-11T08:09:00.000,13.9811
2025-08-11T08:10:00.000,13.9866
2025-08-11T08:11:00.000,13.9880
2025-08-11T08:12:00.000,13.9977
2025-08-11T08:13:00.000,14.0157
2025-08-11T08:14:00.000,14.0351
2025-08-11T08:15:00.000,14.0642
2025-08-11T08:16:00.000,14.0947
2025-08-11T08:17:00.000,14.1141
2025-08-11T08:18:00.000,14.1307
2025-08-11T08:19:00.000,14.1487
2025-08-11T08:20:00.000,14.1681
2025-08-11T08:21:00.000,14.1861
2025-08-11T08:22:00.000,14.2193
2025-08-11T08:23:00.000,14.2525
2025-08-11T08:24:00.000,14.2802
2025-08-11T08:25:00.000,14.3134
2025-08-11T08:26:00.000,14.3549
2025-08-11T08:27:00.000,14.3881
2025-08-11T08:28:00.000,14.4254
2025-08-11T08:29:00.000,14.4600
2025-08-11T08:30:00.000,14.5001
2025-08-11T08:31:00.000,14.5498
2025-08-11T08:32:00.000,14.6037
2025-08-11T08:33:00.000,14.6672
2025-08-11T08:34:00.000,14.7252
2025-08-11T08:35:00.000,14.7874
2025-08-11T08:36:00.000,14.8467
2025-08-11T08:37:00.000,14.9019
2025-08-11T08:38:00.000,14.9516
2025-08-11T08:39:00.000,14.9929
2025-08-11T08:40:00.000,15.0343
2025-08-11T08:41:00.000,15.0757
2025-08-11T08:42:00.000,15.1184
2025-08-11T08:43:00.000,15.1639
2025-08-11T08:44:00.000,15.2066
2025-08-11T08:45:00.000,15.2493
2025-08-11T08:46:00.000,15.2892
2025-08-11T08:47:00.000,15.3251
2025-08-11T08:48:00.000,15.3498
2025-08-11T08:49:00.000,15.3664
2025-08-11T08:50:00.000,15.3801
2025-08-11T08:51:00.000,15.3953
2025-08-11T08:52:00.000,15.4132
2025-08-11T08:53:00.000,15.4325
2025-08-11T08:54:00.000,15.4490
2025-08-11T08:55:00.000,15.4614
2025-08-11T08:56:00.000,15.4737
2025-08-11T08:57:00.000,15.4889
2025-08-11T08:58:00.000,15.4944
2025-08-11T08:59:00.000,15.5013
2025-08-11T09:00:00.000,15.5082
2025-08-11T09:01:00.000,15.5178
2025-08-11T09:02:00.000,15.5274
2025-08-11T09:03:00.000,15.5426
2025-08-11T09:04:00.000,15.5604
2025-08-11T09:05:00.000,15.5756
2025-08-11T09:06:00.000,15.5907
2025-08-11T09:07:00.000,15.6003
2025-08-11T09:08:00.000,15.6155
2025-08-11T09:09:00.000,15.6292
2025-08-11T09:10:00.000,15.6444
2025-08-11T09:11:00.000,15.6595
2025-08-11T09:12:00.000,15.6815
2025-08-11T09:13:00.000,15.7035
2025-08-11T09:14:00.000,15.7310
2025-08-11T09:15:00.000,15.7571
2025-08-11T09:16:00.000,15.7805
2025-08-11T09:17:00.000,15.8066
2025-08-11T09:18:00.000,15.8286
2025-08-11T09:19:00.000,15.8506
2025-08-11T09:20:00.000,15.8698
2025-08-11T09:21:00.000,15.8918
2025-08-11T09:22:00.000,15.9166
2025-08-11T09:23:00.000,15.9482
2025-08-11T09:24:00.000,15.9825
2025-08-11T09:25:00.000,16.0169
2025-08-11T09:26:00.000,16.0540
2025-08-11T09:27:00.000,16.0855
2025-08-11T09:28:00.000,16.1144
2025-08-11T09:29:00.000,16.1391
2025-08-11T09:30:00.000,16.1652
2025-08-11T09:31:00.000,16.1968
2025-08-11T09:32:00.000,16.2201
2025-08-11T09:33:00.000,16.2462
2025-08-11T09:34:00.000,16.2736
2025-08-11T09:35:00.000,16.2984
2025-08-11T09:36:00.000,16.3231
2025-08-11T09:37:00.000,16.3464
2025-08-11T09:38:00.000,16.3697
2025-08-11T09:39:00.000,16.3930
2025-08-11T09:40:00.000,16.4136
2025-08-11T09:41:00.000,16.4328
2025-08-11T09:42:00.000,16.4548
2025-08-11T09:43:00.000,16.4754
2025-08-11T09:44:00.000,16.4946
2025-08-11T09:45:00.000,16.5124
2025-08-11T09:46:00.000,16.5289
2025-08-11T09:47:00.000,16.5440
2025-08-11T09:48:00.000,16.5645
2025-08-11T09:49:00.000,16.5851
2025-08-11T09:50:00.000,16.6043
2025-08-11T09:51:00.000,16.6221
2025-08-11T09:52:00.000,16.6399
2025-08-11T09:53:00.000,16.6591
2025-08-11T09:54:00.000,16.6797
2025-08-11T09:55:00.000,16.6989
2025-08-11T09:56:00.000,16.7181
2025-08-11T09:57:00.000,16.7373
2025-08-11T09:58:00.000,16.7620
2025-08-11T09:59:00.000,16.7853
2025-08-11T10:00:00.000,16.8113
2025-08-11T10:01:00.000,16.8401
2025-08-11T10:02:00.000,16.8716
2025-08-11T10:03:00.000,16.9073
2025-08-11T10:04:00.000,16.9442
2025-08-11T10:05:00.000,16.9922
2025-08-11T10:06:00.000,17.0402
2025-08-11T10:07:00.000,17.0867
2025-08-11T10:08:00.000,17.1497
2025-08-11T10:09:00.000,17.2073
2025-08-11T10:10:00.000,17.2703
2025-08-11T10:11:00.000,17.3264
2025-08-11T10:12:00.000,17.3948
2025-08-11T10:13:00.000,17.4756
2025-08-11T10:14:00.000,17.5495
2025-08-11T10:15:00.000,17.6125
2025-08-11T10:16:00.000,17.6645
2025-08-11T10:17:00.000,17.7315
2025-08-11T10:18:00.000,17.8027
2025-08-11T10:19:00.000,17.8889
2025-08-11T10:20:00.000,17.9750
2025-08-11T10:21:00.000,18.0735
2025-08-11T10:22:00.000,18.1720
2025-08-11T10:23:00.000,18.2445
2025-08-11T10:24:00.000,18.3128
2025-08-11T10:25:00.000,18.3949
2025-08-11T10:26:00.000,18.4578
2025-08-11T10:27:00.000,18.5029
2025-08-11T10:28:00.000,18.5275
2025-08-11T10:29:00.000,18.5152
2025-08-11T10:30:00.000,18.5111
2025-08-11T10:31:00.000,18.5138
2025-08-11T10:32:00.000,18.5835
2025-08-11T10:33:00.000,18.8570
2025-08-11T10:34:00.000,19.3600
2025-08-11T10:35:00.000,19.9315
2025-08-11T10:36:00.000,20.6291
2025-08-11T10:37:00.000,21.1358
2025-08-11T10:38:00.000,21.8995
2025-08-11T10:39:00.000,22.7226
2025-08-11T10:40:00.000,23.4972
2025-08-11T10:41:00.000,24.1775
2025-08-11T10:42:00.000,24.9130
2025-08-11T10:43:00.000,25.5232
2025-08-11T10:44:00.000,25.9803
2025-08-11T10:45:00.000,26.4191
2025-08-11T10:46:00.000,26.7636
2025-08-11T10:47:00.000,27.0934
2025-08-11T10:48:00.000,27.4849
2025-08-11T10:49:00.000,27.7883
2025-08-11T10:50:00.000,28.0142
2025-08-11T10:51:00.000,28.2705
2025-08-11T10:52:00.000,28.5173
2025-08-11T10:53:00.000,28.7246
2025-08-11T10:54:00.000,28.8894
2025-08-11T10:55:00.000,29.0543
2025-08-11T10:56:00.000,29.2095
2025-08-11T10:57:00.000,29.3663
2025-08-11T10:58:00.000,29.5378
2025-08-11T10:59:00.000,29.6750
2025-08-11T11:00:00.000,29.9107
2025-08-11T11:01:00.000,30.2036
2025-08-11T11:02:00.000,30.3941
2025-08-11T11:03:00.000,30.5776
2025-08-11T11:04:00.000,30.6900
2025-08-11T11:05:00.000,30.8098
2025-08-11T11:06:00.000,30.8858
2025-08-11T11:07:00.000,31.0073
2025-08-11T11:08:00.000,31.1144
2025-08-11T11:09:00.000,31.2553
2025-08-11T11:10:00.000,31.4995
2025-08-11T11:11:00.000,31.6411
2025-08-11T11:12:00.000,31.7770
2025-08-11T11:13:00.000,31.9487
2025-08-11T11:14:00.000,32.1251
2025-08-11T11:15:00.000,32.4315
2025-08-11T11:16:00.000,32.6060
2025-08-11T11:17:00.000,32.7256
2025-08-11T11:18:00.000,32.9172
2025-08-11T11:19:00.000,33.0823
2025-08-11T11:20:00.000,33.2884
2025-08-11T11:21:00.000,33.5782
2025-08-11T11:22:00.000,33.9192
2025-08-11T11:23:00.000,34.1246
2025-08-11T11:24:00.000,34.3611
2025-08-11T11:25:00.000,34.5770
2025-08-11T11:26:00.000,34.7182
2025-08-11T11:27:00.000,34.7781
2025-08-11T11:28:00.000,34.7889
2025-08-11T11:29:00.000,34.8904
2025-08-11T11:30:00.000,34.9551
2025-08-11T11:31:00.000,35.0832
2025-08-11T11:32:00.000,35.1218
2025-08-11T11:33:00.000,35.1125
2025-08-11T11:34:00.000,35.2115
2025-08-11T11:35:00.000,35.2780
2025-08-11T11:36:00.000,35.3013
2025-08-11T11:37:00.000,35.3400
2025-08-11T11:38:00.000,35.4610
2025-08-11T11:39:00.000,35.4362
2025-08-11T11:40:00.000,35.5402
2025-08-11T11:41:00.000,35.7052
2025-08-11T11:42:00.000,35.7926
2025-08-11T11:43:00.000,35.8253
2025-08-11T11:44:00.000,35.8097
2025-08-11T11:45:00.000,35.8394
2025-08-11T11:46:00.000,35.7894
2025-08-11T11:47:00.000,35.8566
2025-08-11T11:48:00.000,35.9363
2025-08-11T11:49:00.000,35.9676
2025-08-11T11:50:00.000,36.1070
2025-08-11T11:51:00.000,36.1650
2025-08-11T11:52:00.000,36.1117
2025-08-11T11:53:00.000,36.0537
2025-08-11T11:54:00.000,36.1933
2025-08-11T11:55:00.000,36.4292
2025-08-11T11:56:00.000,36.5632
2025-08-11T11:57:00.000,36.5901
2025-08-11T11:58:00.000,36.7340
2025-08-11T11:59:00.000,36.7530
2025-08-11T12:00:00.000,36.7926
2025-08-11T12:01:00.000,37.0976
2025-08-11T12:02:00.000,37.3913
2025-08-11T12:03:00.000,37.4441
2025-08-11T12:04:00.000,37.4089
2025-08-11T12:05:00.000,37.4553
2025-08-11T12:06:00.000,37.6012
2025-08-11T12:07:00.000,37.5964
2025-08-11T12:08:00.000,37.4297
2025-08-11T12:09:00.000,37.0164
2025-08-11T12:10:00.000,36.6422
2025-08-11T12:11:00.000,36.3740
2025-08-11T12:12:00.000,36.2027
2025-08-11T12:13:00.000,36.0192
2025-08-11T12:14:00.000,35.6787
2025-08-11T12:15:00.000,35.4843
2025-08-11T12:16:00.000,35.5231
2025-08-11T12:17:00.000,35.5993
2025-08-11T12:18:00.000,35.5216
2025-08-11T12:19:00.000,35.5636
2025-08-11T12:20:00.000,35.8004
2025-08-11T12:21:00.000,36.1509
2025-08-11T12:22:00.000,36.5648
2025-08-11T12:23:00.000,36.9624
2025-08-11T12:24:00.000,37.3753
2025-08-11T12:25:00.000,37.7169
2025-08-11T12:26:00.000,37.9603
2025-08-11T12:27:00.000,38.0378
2025-08-11T12:28:00.000,37.9683
2025-08-11T12:29:00.000,37.5900
2025-08-11T12:30:00.000,37.1151
2025-08-11T12:31:00.000,36.5254
2025-08-11T12:32:00.000,36.0521
2025-08-11T12:33:00.000,35.7598
2025-08-11T12:34:00.000,35.5449
2025-08-11T12:35:00.000,35.5123
2025-08-11T12:36:00.000,35.3261
2025-08-11T12:37:00.000,35.2269
2025-08-11T12:38:00.000,35.2316
2025-08-11T12:39:00.000,35.2146
2025-08-11T12:40:00.000,35.0369
2025-08-11T12:41:00.000,34.9336
2025-08-11T12:42:00.000,34.9320
2025-08-11T12:43:00.000,34.9551
2025-08-11T12:44:00.000,35.0245
2025-08-11T12:45:00.000,35.2285
2025-08-11T12:46:00.000,35.6414
2025-08-11T12:47:00.000,36.0944
2025-08-11T12:48:00.000,36.7039
2025-08-11T12:49:00.000,37.1709
2025-08-11T12:50:00.000,37.3769
2025-08-11T12:51:00.000,37.5643
2025-08-11T12:52:00.000,37.7475
2025-08-11T12:53:00.000,38.0217
2025-08-11T12:54:00.000,38.4304
2025-08-11T12:55:00.000,38.8092
2025-08-11T12:56:00.000,38.8469
2025-08-11T12:57:00.000,38.6865
2025-08-11T12:58:00.000,38.4874
2025-08-11T12:59:00.000,38.4988
2025-08-11T13:00:00.000,38.6162
2025-08-11T13:01:00.000,38.6865
2025-08-11T13:02:00.000,38.7928
2025-08-11T13:03:00.000,38.9536
2025-08-11T13:04:00.000,39.1773
2025-08-11T13:05:00.000,39.4053
2025-08-11T13:06:00.000,39.6740
2025-08-11T13:07:00.000,39.8923
2025-08-11T13:08:00.000,39.6109
2025-08-11T13:09:00.000,38.9815
2025-08-11T13:10:00.000,38.2597
2025-08-11T13:11:00.000,37.6558
2025-08-11T13:12:00.000,37.2331
2025-08-11T13:13:00.000,36.9656
2025-08-11T13:14:00.000,36.7245
2025-08-11T13:15:00.000,36.4244
2025-08-11T13:16:00.000,36.1383
2025-08-11T13:17:00.000,35.8534
2025-08-11T13:18:00.000,35.7941
2025-08-11T13:19:00.000,35.7161
2025-08-11T13:20:00.000,35.5745
2025-08-11T13:21:00.000,35.4393
2025-08-11T13:22:00.000,35.3462
2025-08-11T13:23:00.000,35.6025
2025-08-11T13:24:00.000,35.9738
2025-08-11T13:25:00.000,35.9519
2025-08-11T13:26:00.000,35.7598
2025-08-11T13:27:00.000,35.7879
2025-08-11T13:28:00.000,35.6351
2025-08-11T13:29:00.000,35.5853
2025-08-11T13:30:00.000,35.6351
2025-08-11T13:31:00.000,35.7177
2025-08-11T13:32:00.000,35.7707
2025-08-11T13:33:00.000,35.8769
2025-08-11T13:34:00.000,35.7161
2025-08-11T13:35:00.000,35.5993
2025-08-11T13:36:00.000,35.4315
2025-08-11T13:37:00.000,35.3819
2025-08-11T13:38:00.000,35.5869
2025-08-11T13:39:00.000,36.0537
2025-08-11T13:40:00.000,36.4749
2025-08-11T13:41:00.000,36.8053
2025-08-11T13:42:00.000,36.7277
2025-08-11T13:43:00.000,36.6233
2025-08-11T13:44:00.000,36.8085
2025-08-11T13:45:00.000,37.2076
2025-08-11T13:46:00.000,37.6333
2025-08-11T13:47:00.000,37.9683
2025-08-11T13:48:00.000,38.3637
2025-08-11T13:49:00.000,38.6620
2025-08-11T13:50:00.000,38.9109
2025-08-11T13:51:00.000,39.2582
2025-08-11T13:52:00.000,39.6607
2025-08-11T13:53:00.000,39.9424
2025-08-11T13:54:00.000,40.0679
2025-08-11T13:55:00.000,40.0914
2025-08-11T13:56:00.000,39.9224
2025-08-11T13:57:00.000,39.6840
2025-08-11T13:58:00.000,39.5179
2025-08-11T13:59:00.000,39.1592
2025-08-11T14:00:00.000,38.6930
2025-08-11T14:01:00.000,37.9796
2025-08-11T14:02:00.000,36.5775
2025-08-11T14:03:00.000,34.7443
2025-08-11T14:04:00.000,33.0898
2025-08-11T14:05:00.000,31.6869
2025-08-11T14:06:00.000,30.4843
2025-08-11T14:07:00.000,29.5191
2025-08-11T14:08:00.000,28.7132
2025-08-11T14:09:00.000,27.9588
2025-08-11T14:10:00.000,27.3265
2025-08-11T14:11:00.000,26.8128
2025-08-11T14:12:00.000,26.3657
2025-08-11T14:13:00.000,25.9523
2025-08-11T14:14:00.000,25.4548
2025-08-11T14:15:00.000,25.0104
2025-08-11T14:16:00.000,24.6018
2025-08-11T14:17:00.000,24.2066
2025-08-11T14:18:00.000,23.8675
2025-08-11T14:19:00.000,23.4696
2025-08-11T14:20:00.000,23.1413
2025-08-11T14:21:00.000,22.8617
2025-08-11T14:22:00.000,22.5796
2025-08-11T14:23:00.000,22.3101
2025-08-11T14:24:00.000,22.0230
2025-08-11T14:25:00.000,21.7650
2025-08-11T14:26:00.000,21.5181
2025-08-11T14:27:00.000,21.2906
2025-08-11T14:28:00.000,21.0782
2025-08-11T14:29:00.000,20.8673
2025-08-11T14:30:00.000,20.6798
2025-08-11T14:31:00.000,20.5238
2025-08-11T14:32:00.000,20.3719
2025-08-11T14:33:00.000,20.2228
2025-08-11T14:34:00.000,20.0928
2025-08-11T14:35:00.000,19.9670
2025-08-11T14:36:00.000,19.8481
2025-08-11T14:37:00.000,19.7400
2025-08-11T14:38:00.000,19.6539
2025-08-11T14:39:00.000,19.5746
2025-08-11T14:40:00.000,19.4912
2025-08-11T14:41:00.000,19.4051
2025-08-11T14:42:00.000,19.3231
2025-08-11T14:43:00.000,19.2411
2025-08-11T14:44:00.000,19.1577
2025-08-11T14:45:00.000,19.0770
2025-08-11T14:46:00.000,19.0087
2025-08-11T14:47:00.000,18.9403
2025-08-11T14:48:00.000,18.8734
2025-08-11T14:49:00.000,18.8118
2025-08-11T14:50:00.000,18.7558
2025-08-11T14:51:00.000,18.7093
2025-08-11T14:52:00.000,18.6697
2025-08-11T14:53:00.000,18.6355
2025-08-11T14:54:00.000,18.6068
2025-08-11T14:55:00.000,18.5794
2025-08-11T14:56:00.000,18.5466
2025-08-11T14:57:00.000,18.5193
2025-08-11T14:58:00.000,18.4933
2025-08-11T14:59:00.000,18.4605
2025-08-11T15:00:00.000,18.4249
2025-08-11T15:01:00.000,18.3908
2025-08-11T15:02:00.000,18.3621
2025-08-11T15:03:00.000,18.3333
2025-08-11T15:04:00.000,18.3074
2025-08-11T15:05:00.000,18.2800
2025-08-11T15:06:00.000,18.2609
2025-08-11T15:07:00.000,18.2417
2025-08-11T15:08:00.000,18.2226
2025-08-11T15:09:00.000,18.2075
2025-08-11T15:10:00.000,18.1870
2025-08-11T15:11:00.000,18.1638
2025-08-11T15:12:00.000,18.1351
2025-08-11T15:13:00.000,18.1050
2025-08-11T15:14:00.000,18.0981
2025-08-11T15:15:00.000,18.0776
2025-08-11T15:16:00.000,18.0626
2025-08-11T15:17:00.000,18.0448
2025-08-11T15:18:00.000,18.0215
2025-08-11T15:19:00.000,17.9997
2025-08-11T15:20:00.000,17.9750
2025-08-11T15:21:00.000,17.9545
2025-08-11T15:22:00.000,17.9531
2025-08-11T15:23:00.000,17.9408
2025-08-11T15:24:00.000,17.9176
2025-08-11T15:25:00.000,17.8984
2025-08-11T15:26:00.000,17.8834
2025-08-11T15:27:00.000,17.8806
2025-08-11T15:28:00.000,17.8697
2025-08-11T15:29:00.000,17.8519
2025-08-11T15:30:00.000,17.8300
2025-08-11T15:31:00.000,17.8054
2025-08-11T15:32:00.000,17.7917
2025-08-11T15:33:00.000,17.7821
2025-08-11T15:34:00.000,17.7835
2025-08-11T15:35:00.000,17.7890
2025-08-11T15:36:00.000,17.8068
2025-08-11T15:37:00.000,17.8273
2025-08-11T15:38:00.000,17.8464
2025-08-11T15:39:00.000,17.8533
2025-08-11T15:40:00.000,17.8601
2025-08-11T15:41:00.000,17.8697
2025-08-11T15:42:00.000,17.8752
2025-08-11T15:43:00.000,17.8560
2025-08-11T15:44:00.000,17.8095
2025-08-11T15:45:00.000,17.7493
2025-08-11T15:46:00.000,17.6782
2025-08-11T15:47:00.000,17.6330
2025-08-11T15:48:00.000,17.5851
2025-08-11T15:49:00.000,17.5605
2025-08-11T15:50:00.000,17.5358
2025-08-11T15:51:00.000,17.4606
2025-08-11T15:52:00.000,17.3853
2025-08-11T15:53:00.000,17.3291
2025-08-11T15:54:00.000,17.2853
2025-08-11T15:55:00.000,17.2292
2025-08-11T15:56:00.000,17.1799
2025-08-11T15:57:00.000,17.0840
2025-08-11T15:58:00.000,16.9621
2025-08-11T15:59:00.000,16.8360
2025-08-11T16:00:00.000,16.7195
2025-08-11T16:01:00.000,16.6070
2025-08-11T16:02:00.000,16.5110
2025-08-11T16:03:00.000,16.4219
2025-08-11T16:04:00.000,16.3354
2025-08-11T16:05:00.000,16.2503
2025-08-11T16:06:00.000,16.1748
2025-08-11T16:07:00.000,16.1130
2025-08-11T16:08:00.000,16.0443
2025-08-11T16:09:00.000,15.9715
2025-08-11T16:10:00.000,15.9015
2025-08-11T16:11:00.000,15.8451
2025-08-11T16:12:00.000,15.7956
2025-08-11T16:13:00.000,15.7571
2025-08-11T16:14:00.000,15.7214
2025-08-11T16:15:00.000,15.6911
2025-08-11T16:16:00.000,15.6636
2025-08-11T16:17:00.000,15.6402
2025-08-11T16:18:00.000,15.6168
2025-08-11T16:19:00.000,15.6017
2025-08-11T16:20:00.000,15.5880
2025-08-11T16:21:00.000,15.5893
2025-08-11T16:22:00.000,15.5990
2025-08-11T16:23:00.000,15.6003
2025-08-11T16:24:00.000,15.6003
2025-08-11T16:25:00.000,15.6045
2025-08-11T16:26:00.000,15.6086
2025-08-11T16:27:00.000,15.6086
2025-08-11T16:28:00.000,15.6072
2025-08-11T16:29:00.000,15.5990
2025-08-11T16:30:00.000,15.5893
2025-08-11T16:31:00.000,15.5783
2025-08-11T16:32:00.000,15.5632
2025-08-11T16:33:00.000,15.5370
2025-08-11T16:34:00.000,15.5150
2025-08-11T16:35:00.000,15.4916
2025-08-11T16:36:00.000,15.4586
2025-08-11T16:37:00.000,15.4228
2025-08-11T16:38:00.000,15.3733
2025-08-11T16:39:00.000,15.3072
2025-08-11T16:40:00.000,15.2314
2025-08-11T16:41:00.000,15.1473
2025-08-11T16:42:00.000,15.0522
2025-08-11T16:43:00.000,14.9612
2025-08-11T16:44:00.000,14.8757
2025-08-11T16:45:00.000,14.8081
2025-08-11T16:46:00.000,14.7391
2025-08-11T16:47:00.000,14.6866
2025-08-11T16:48:00.000,14.6410
2025-08-11T16:49:00.000,14.5982
2025-08-11T16:50:00.000,14.5664
2025-08-11T16:51:00.000,14.5402
2025-08-11T16:52:00.000,14.5167
2025-08-11T16:53:00.000,14.4890
2025-08-11T16:54:00.000,14.4683
2025-08-11T16:55:00.000,14.4475
2025-08-11T16:56:00.000,14.4296
2025-08-11T16:57:00.000,14.4047
2025-08-11T16:58:00.000,14.3563
2025-08-11T16:59:00.000,14.2940
2025-08-11T17:00:00.000,14.2290
2025-08-11T17:01:00.000,14.1653
2025-08-11T17:02:00.000,14.1016
2025-08-11T17:03:00.000,14.0476
2025-08-11T17:04:00.000,14.0019
2025-08-11T17:05:00.000,13.9603
2025-08-11T17:06:00.000,13.9145
2025-08-11T17:07:00.000,13.8605
2025-08-11T17:08:00.000,13.7911
2025-08-11T17:09:00.000,13.7245
2025-08-11T17:10:00.000,13.6662
2025-08-11T17:11:00.000,13.6121
2025-08-11T17:12:00.000,13.5662
2025-08-11T17:13:00.000,13.5259
2025-08-11T17:14:00.000,13.4912
2025-08-11T17:15:00.000,13.4620
2025-08-11T17:16:00.000,13.4370
2025-08-11T17:17:00.000,13.4106
2025-08-11T17:18:00.000,13.3855
2025-08-11T17:19:00.000,13.3647
2025-08-11T17:20:00.000,13.3452
2025-08-11T17:21:00.000,13.3243
2025-08-11T17:22:00.000,13.3021
2025-08-11T17:23:00.000,13.2868
2025-08-11T17:24:00.000,13.2645
2025-08-11T17:25:00.000,13.2408
2025-08-11T17:26:00.000,13.2144
2025-08-11T17:27:00.000,13.1838
2025-08-11T17:28:00.000,13.1615
2025-08-11T17:29:00.000,13.1336
2025-08-11T17:30:00.000,13.1086
2025-08-11T17:31:00.000,13.0918
2025-08-11T17:32:00.000,13.0793
2025-08-11T17:33:00.000,13.0668
2025-08-11T17:34:00.000,13.0612
2025-08-11T17:35:00.000,13.0626
2025-08-11T17:36:00.000,13.0640
2025-08-11T17:37:00.000,13.0682
2025-08-11T17:38:00.000,13.0737
2025-08-11T17:39:00.000,13.0765
2025-08-11T17:40:00.000,13.0779
2025-08-11T17:41:00.000,13.0779
2025-08-11T17:42:00.000,13.0779
2025-08-11T17:43:00.000,13.0807
2025-08-11T17:44:00.000,13.0849
2025-08-11T17:45:00.000,13.0946
2025-08-11T17:46:00.000,13.1030
2025-08-11T17:47:00.000,13.1127
2025-08-11T17:48:00.000,13.1225
2025-08-11T17:49:00.000,13.1309
2025-08-11T17:50:00.000,13.1378
2025-08-11T17:51:00.000,13.1434
2025-08-11T17:52:00.000,13.1476
2025-08-11T17:53:00.000,13.1531
2025-08-11T17:54:00.000,13.1601
2025-08-11T17:55:00.000,13.1726
2025-08-11T17:56:00.000,13.1866
2025-08-11T17:57:00.000,13.2033
2025-08-11T17:58:00.000,13.2172
2025-08-11T17:59:00.000,13.2311
2025-08-11T18:00:00.000,13.2436
2025-08-11T18:01:00.000,13.2534
2025-08-11T18:02:00.000,13.2659
2025-08-11T18:03:00.000,13.2715
2025-08-11T18:04:00.000,13.2756
2025-08-11T18:05:00.000,13.2798
2025-08-11T18:06:00.000,13.2826
2025-08-11T18:07:00.000,13.2854
2025-08-11T18:08:00.000,13.2896
2025-08-11T18:09:00.000,13.2937
2025-08-11T18:10:00.000,13.2979
2025-08-11T18:11:00.000,13.3021
2025-08-11T18:12:00.000,13.3035
2025-08-11T18:13:00.000,13.3049
2025-08-11T18:14:00.000,13.3049
2025-08-11T18:15:00.000,13.3076
2025-08-11T18:16:00.000,13.3104
2025-08-11T18:17:00.000,13.3146
2025-08-11T18:18:00.000,13.3174
2025-08-11T18:19:00.000,13.3257
2025-08-11T18:20:00.000,13.3243
2025-08-11T18:21:00.000,13.3229
2025-08-11T18:22:00.000,13.3243
2025-08-11T18:23:00.000,13.3271
2025-08-11T18:24:00.000,13.3285
2025-08-11T18:25:00.000,13.3299
2025-08-11T18:26:00.000,13.3327
2025-08-11T18:27:00.000,13.3369
2025-08-11T18:28:00.000,13.3424
2025-08-11T18:29:00.000,13.3522
2025-08-11T18:30:00.000,13.3661
2025-08-11T18:31:00.000,13.3800
2025-08-11T18:32:00.000,13.3939
2025-08-11T18:33:00.000,13.4078
2025-08-11T18:34:00.000,13.4189
2025-08-11T18:35:00.000,13.4314
2025-08-11T18:36:00.000,13.4453
2025-08-11T18:37:00.000,13.4537
2025-08-11T18:38:00.000,13.4606
2025-08-11T18:39:00.000,13.4676
2025-08-11T18:40:00.000,13.4745
2025-08-11T18:41:00.000,13.4801
2025-08-11T18:42:00.000,13.4829
2025-08-11T18:43:00.000,13.4856
2025-08-11T18:44:00.000,13.4884
2025-08-11T18:45:00.000,13.4898
2025-08-11T18:46:00.000,13.4912
2025-08-11T18:47:00.000,13.4912
2025-08-11T18:48:00.000,13.4898
2025-08-11T18:49:00.000,13.4829
2025-08-11T18:50:00.000,13.4662
2025-08-11T18:51:00.000,13.4425
2025-08-11T18:52:00.000,13.4147
2025-08-11T18:53:00.000,13.3953
2025-08-11T18:54:00.000,13.3702
2025-08-11T18:55:00.000,13.3494
2025-08-11T18:56:00.000,13.3257
2025-08-11T18:57:00.000,13.3007
2025-08-11T18:58:00.000,13.2715
2025-08-11T18:59:00.000,13.2325
2025-08-11T19:00:00.000,13.2019
2025-08-11T19:01:00.000,13.1671
2025-08-11T19:02:00.000,13.1322
2025-08-11T19:03:00.000,13.0974
2025-08-11T19:04:00.000,13.0668
2025-08-11T19:05:00.000,13.0431
2025-08-11T19:06:00.000,13.0194
2025-08-11T19:07:00.000,12.9957
2025-08-11T19:08:00.000,12.9692
2025-08-11T19:09:00.000,12.9427
2025-08-11T19:10:00.000,12.9204
2025-08-11T19:11:00.000,12.8995
2025-08-11T19:12:00.000,12.8813
2025-08-11T19:13:00.000,12.8674
2025-08-11T19:14:00.000,12.8548
2025-08-11T19:15:00.000,12.8409
2025-08-11T19:16:00.000,12.8255
2025-08-11T19:17:00.000,12.8074
2025-08-11T19:18:00.000,12.7864
2025-08-11T19:19:00.000,12.7683
2025-08-11T19:20:00.000,12.7473
2025-08-11T19:21:00.000,12.7278
2025-08-11T19:22:00.000,12.7096
2025-08-11T19:23:00.000,12.6929
2025-08-11T19:24:00.000,12.6775
2025-08-11T19:25:00.000,12.6649
2025-08-11T19:26:00.000,12.6580
2025-08-11T19:27:00.000,12.6552
2025-08-11T19:28:00.000,12.6496
2025-08-11T19:29:00.000,12.6426
2025-08-11T19:30:00.000,12.6384
2025-08-11T19:31:00.000,12.6342
2025-08-11T19:32:00.000,12.6342
2025-08-11T19:33:00.000,12.6384
2025-08-11T19:34:00.000,12.6398
2025-08-11T19:35:00.000,12.6412
2025-08-11T19:36:00.000,12.6454
2025-08-11T19:37:00.000,12.6524
2025-08-11T19:38:00.000,12.6594
2025-08-11T19:39:00.000,12.6677
2025-08-11T19:40:00.000,12.6789
2025-08-11T19:41:00.000,12.6971
2025-08-11T19:42:00.000,12.7152
2025-08-11T19:43:00.000,12.7376
2025-08-11T19:44:00.000,12.7641
2025-08-11T19:45:00.000,12.8004
2025-08-11T19:46:00.000,12.8520
2025-08-11T19:47:00.000,12.9023
2025-08-11T19:48:00.000,12.9580
2025-08-11T19:49:00.000,13.0138
2025-08-11T19:50:00.000,13.0528
2025-08-11T19:51:00.000,13.0877
2025-08-11T19:52:00.000,13.0960
2025-08-11T19:53:00.000,13.1058
2025-08-11T19:54:00.000,13.1058
2025-08-11T19:55:00.000,13.0891
2025-08-11T19:56:00.000,13.0737
2025-08-11T19:57:00.000,13.0612
2025-08-11T19:58:00.000,13.0514
2025-08-11T19:59:00.000,13.0473
2025-08-11T20:00:00.000,13.0459
2025-08-11T20:01:00.000,13.0500
2025-08-11T20:02:00.000,13.0528
2025-08-11T20:03:00.000,13.0556
2025-08-11T20:04:00.000,13.0654
2025-08-11T20:05:00.000,13.0779
2025-08-11T20:06:00.000,13.0918
2025-08-11T20:07:00.000,13.1072
2025-08-11T20:08:00.000,13.1211
2025-08-11T20:09:00.000,13.1336
2025-08-11T20:10:00.000,13.1378
2025-08-11T20:11:00.000,13.1434
2025-08-11T20:12:00.000,13.1462
2025-08-11T20:13:00.000,13.1517
2025-08-11T20:14:00.000,13.1517
2025-08-11T20:15:00.000,13.1434
2025-08-11T20:16:00.000,13.1309
2025-08-11T20:17:00.000,13.1183
2025-08-11T20:18:00.000,13.1183
2025-08-11T20:19:00.000,13.1211
2025-08-11T20:20:00.000,13.1183
2025-08-11T20:21:00.000,13.1114
2025-08-11T20:22:00.000,13.0974
2025-08-11T20:23:00.000,13.0821
2025-08-11T20:24:00.000,13.0556
2025-08-11T20:25:00.000,13.0082
2025-08-11T20:26:00.000,12.9539
2025-08-11T20:27:00.000,12.9064
2025-08-11T20:28:00.000,12.8674
2025-08-11T20:29:00.000,12.8353
2025-08-11T20:30:00.000,12.8158
2025-08-11T20:31:00.000,12.8144
2025-08-11T20:32:00.000,12.8185
2025-08-11T20:33:00.000,12.8158
2025-08-11T20:34:00.000,12.8116
2025-08-11T20:35:00.000,12.8227
2025-08-11T20:36:00.000,12.8325
2025-08-11T20:37:00.000,12.8325
2025-08-11T20:38:00.000,12.8255
2025-08-11T20:39:00.000,12.8088
2025-08-11T20:40:00.000,12.7920
2025-08-11T20:41:00.000,12.7739
2025-08-11T20:42:00.000,12.7599
2025-08-11T20:43:00.000,12.7599
2025-08-11T20:44:00.000,12.7641
2025-08-11T20:45:00.000,12.7781
2025-08-11T20:46:00.000,12.7809
2025-08-11T20:47:00.000,12.7725
2025-08-11T20:48:00.000,12.7711
2025-08-11T20:49:00.000,12.7767
2025-08-11T20:50:00.000,12.7823
2025-08-11T20:51:00.000,12.7850
2025-08-11T20:52:00.000,12.7948
2025-08-11T20:53:00.000,12.7906
2025-08-11T20:54:00.000,12.7795
2025-08-11T20:55:00.000,12.7683
2025-08-11T20:56:00.000,12.7515
2025-08-11T20:57:00.000,12.7376
2025-08-11T20:58:00.000,12.7264
2025-08-11T20:59:00.000,12.7166
2025-08-11T21:00:00.000,12.7096
2025-08-11T21:01:00.000,12.7068
2025-08-11T21:02:00.000,12.7096
2025-08-11T21:03:00.000,12.7096
2025-08-11T21:04:00.000,12.7180
2025-08-11T21:05:00.000,12.7334
2025-08-11T21:06:00.000,12.7446
2025-08-11T21:07:00.000,12.7571
2025-08-11T21:08:00.000,12.7711
2025-08-11T21:09:00.000,12.7864
2025-08-11T21:10:00.000,12.7948
2025-08-11T21:11:00.000,12.7990
2025-08-11T21:12:00.000,12.8004
2025-08-11T21:13:00.000,12.7990
2025-08-11T21:14:00.000,12.7948
2025-08-11T21:15:00.000,12.7906
2025-08-11T21:16:00.000,12.7892
2025-08-11T21:17:00.000,12.7892
2025-08-11T21:18:00.000,12.7878
2025-08-11T21:19:00.000,12.7892
2025-08-11T21:20:00.000,12.7906
2025-08-11T21:21:00.000,12.7934
2025-08-11T21:22:00.000,12.7962
2025-08-11T21:23:00.000,12.7990
2025-08-11T21:24:00.000,12.8004
2025-08-11T21:25:00.000,12.8004
2025-08-11T21:26:00.000,12.8018
2025-08-11T21:27:00.000,12.7990
2025-08-11T21:28:00.000,12.7976
2025-08-11T21:29:00.000,12.7962
2025-08-11T21:30:00.000,12.7976
2025-08-11T21:31:00.000,12.8018
2025-08-11T21:32:00.000,12.8060
2025-08-11T21:33:00.000,12.8102
2025-08-11T21:34:00.000,12.8199
2025-08-11T21:35:00.000,12.8269
2025-08-11T21:36:00.000,12.8339
2025-08-11T21:37:00.000,12.8381
2025-08-11T21:38:00.000,12.8409
2025-08-11T21:39:00.000,12.8409
2025-08-11T21:40:00.000,12.8423
2025-08-11T21:41:00.000,12.8437
2025-08-11T21:42:00.000,12.8465
2025-08-11T21:43:00.000,12.8534
2025-08-11T21:44:00.000,12.8576
2025-08-11T21:45:00.000,12.8604
2025-08-11T21:46:00.000,12.8618
2025-08-11T21:47:00.000,12.8632
2025-08-11T21:48:00.000,12.8632
2025-08-11T21:49:00.000,12.8590
2025-08-11T21:50:00.000,12.8506
2025-08-11T21:51:00.000,12.8423
2025-08-11T21:52:00.000,12.8297
2025-08-11T21:53:00.000,12.8130
2025-08-11T21:54:00.000,12.7920
2025-08-11T21:55:00.000,12.7767
2025-08-11T21:56:00.000,12.7655
2025-08-11T21:57:00.000,12.7515
2025-08-11T21:58:00.000,12.7362
2025-08-11T21:59:00.000,12.7250
2025-08-11T22:00:00.000,12.7222
2025-08-11T22:01:00.000,12.7194
2025-08-11T22:02:00.000,12.7152
2025-08-11T22:03:00.000,12.7068
2025-08-11T22:04:00.000,12.6999
2025-08-11T22:05:00.000,12.6957
2025-08-11T22:06:00.000,12.6901
2025-08-11T22:07:00.000,12.6873
2025-08-11T22:08:00.000,12.6831
2025-08-11T22:09:00.000,12.6803
2025-08-11T22:10:00.000,12.6789
2025-08-11T22:11:00.000,12.6775
2025-08-11T22:12:00.000,12.6761
2025-08-11T22:13:00.000,12.6775
2025-08-11T22:14:00.000,12.6747
2025-08-11T22:15:00.000,12.6719
2025-08-11T22:16:00.000,12.6691
2025-08-11T22:17:00.000,12.6733
2025-08-11T22:18:00.000,12.6733
2025-08-11T22:19:00.000,12.6845
2025-08-11T22:20:00.000,12.6957
2025-08-11T22:21:00.000,12.7027
2025-08-11T22:22:00.000,12.7082
2025-08-11T22:23:00.000,12.7124
2025-08-11T22:24:00.000,12.7208
2025-08-11T22:25:00.000,12.7264
2025-08-11T22:26:00.000,12.7278
2025-08-11T22:27:00.000,12.7278
2025-08-11T22:28:00.000,12.7320
2025-08-11T22:29:00.000,12.7320
2025-08-11T22:30:00.000,12.7320
2025-08-11T22:31:00.000,12.7278
2025-08-11T22:32:00.000,12.7208
2025-08-11T22:33:00.000,12.7138
2025-08-11T22:34:00.000,12.7055
2025-08-11T22:35:00.000,12.7027
2025-08-11T22:36:00.000,12.6971
2025-08-11T22:37:00.000,12.6887
2025-08-11T22:38:00.000,12.6817
2025-08-11T22:39:00.000,12.6747
2025-08-11T22:40:00.000,12.6691
2025-08-11T22:41:00.000,12.6635
2025-08-11T22:42:00.000,12.6594
2025-08-11T22:43:00.000,12.6566
2025-08-11T22:44:00.000,12.6552
2025-08-11T22:45:00.000,12.6566
2025-08-11T22:46:00.000,12.6580
2025-08-11T22:47:00.000,12.6608
2025-08-11T22:48:00.000,12.6621
2025-08-11T22:49:00.000,12.6635
2025-08-11T22:50:00.000,12.6649
2025-08-11T22:51:00.000,12.6677
2025-08-11T22:52:00.000,12.6705
2025-08-11T22:53:00.000,12.6649
2025-08-11T22:54:00.000,12.6552
2025-08-11T22:55:00.000,12.6454
2025-08-11T22:56:00.000,12.6328
2025-08-11T22:57:00.000,12.6258
2025-08-11T22:58:00.000,12.6076
2025-08-11T22:59:00.000,12.5937
2025-08-11T23:00:00.000,12.5811
2025-08-11T23:01:00.000,12.5643
2025-08-11T23:02:00.000,12.5461
2025-08-11T23:03:00.000,12.5280
2025-08-11T23:04:00.000,12.5112
2025-08-11T23:05:00.000,12.5014
2025-08-11T23:06:00.000,12.5000
2025-08-11T23:07:00.000,12.5070
2025-08-11T23:08:00.000,12.5098
2025-08-11T23:09:00.000,12.5182
2025-08-11T23:10:00.000,12.5224
2025-08-11T23:11:00.000,12.5280
2025-08-11T23:12:00.000,12.5336
2025-08-11T23:13:00.000,12.5419
2025-08-11T23:14:00.000,12.5517
2025-08-11T23:15:00.000,12.5601
2025-08-11T23:16:00.000,12.5685
2025-08-11T23:17:00.000,12.5741
2025-08-11T23:18:00.000,12.5769
2025-08-11T23:19:00.000,12.5769
2025-08-11T23:20:00.000,12.5783
2025-08-11T23:21:00.000,12.5769
2025-08-11T23:22:00.000,12.5797
2025-08-11T23:23:00.000,12.5867
2025-08-11T23:24:00.000,12.5923
2025-08-11T23:25:00.000,12.5993
2025-08-11T23:26:00.000,12.6118
2025-08-11T23:27:00.000,12.6174
2025-08-11T23:28:00.000,12.6286
2025-08-11T23:29:00.000,12.6454
2025-08-11T23:30:00.000,12.6510
2025-08-11T23:31:00.000,12.6677
2025-08-11T23:32:00.000,12.6775
2025-08-11T23:33:00.000,12.7152
2025-08-11T23:34:00.000,12.7446
2025-08-11T23:35:00.000,12.7557
2025-08-11T23:36:00.000,12.7585
2025-08-11T23:37:00.000,12.7641
2025-08-11T23:38:00.000,12.7585
2025-08-11T23:39:00.000,12.7599
2025-08-11T23:40:00.000,12.7515
2025-08-11T23:41:00.000,12.7418
2025-08-11T23:42:00.000,12.7362
2025-08-11T23:43:00.000,12.7348
2025-08-11T23:44:00.000,12.7208
2025-08-11T23:45:00.000,12.7013
2025-08-11T23:46:00.000,12.6845
2025-08-11T23:47:00.000,12.6747
2025-08-11T23:48:00.000,12.6621
2025-08-11T23:49:00.000,12.6496
2025-08-11T23:50:00.000,12.6398
2025-08-11T23:51:00.000,12.6314
2025-08-11T23:52:00.000,12.6272
2025-08-11T23:53:00.000,12.6258
2025-08-11T23:54:00.000,12.6230
2025-08-11T23:55:00.000,12.6230
2025-08-11T23:56:00.000,12.6244
2025-08-11T23:57:00.000,12.6258
2025-08-11T23:58:00.000,12.6286
2025-08-11T23:59:00.000,12.6300
2025-08-12T00:00:00.000,12.6356
2025-08-12T00:01:00.000,12.6356
2025-08-12T00:02:00.000,12.6356
2025-08-12T00:03:00.000,12.6384
2025-08-12T00:04:00.000,12.6398
2025-08-12T00:05:00.000,12.6412
2025-08-12T00:06:00.000,12.6412
2025-08-12T00:07:00.000,12.6412
2025-08-12T00:08:00.000,12.6398
2025-08-12T00:09:00.000,12.6398
2025-08-12T00:10:00.000,12.6412
2025-08-12T00:11:00.000,12.6440
2025-08-12T00:12:00.000,12.6440
2025-08-12T00:13:00.000,12.6454
2025-08-12T00:14:00.000,12.6468
2025-08-12T00:15:00.000,12.6510
2025-08-12T00:16:00.000,12.6594
2025-08-12T00:17:00.000,12.6649
2025-08-12T00:18:00.000,12.6649
2025-08-12T00:19:00.000,12.6649
2025-08-12T00:20:00.000,12.6663
2025-08-12T00:21:00.000,12.6663
2025-08-12T00:22:00.000,12.6663
2025-08-12T00:23:00.000,12.6649
2025-08-12T00:24:00.000,12.6635
2025-08-12T00:25:00.000,12.6621
2025-08-12T00:26:00.000,12.6621
2025-08-12T00:27:00.000,12.6594
2025-08-12T00:28:00.000,12.6608
2025-08-12T00:29:00.000,12.6943
2025-08-12T00:30:00.000,12.7082
2025-08-12T00:31:00.000,12.7110
2025-08-12T00:32:00.000,12.7055
2025-08-12T00:33:00.000,12.7068
2025-08-12T00:34:00.000,12.7068
2025-08-12T00:35:00.000,12.6957
2025-08-12T00:36:00.000,12.6831
2025-08-12T00:37:00.000,12.6691
2025-08-12T00:38:00.000,12.6594
2025-08-12T00:39:00.000,12.6538
2025-08-12T00:40:00.000,12.6510
2025-08-12T00:41:00.000,12.6426
2025-08-12T00:42:00.000,12.6342
2025-08-12T00:43:00.000,12.6272
2025-08-12T00:44:00.000,12.6216
2025-08-12T00:45:00.000,12.6188
2025-08-12T00:46:00.000,12.6188
2025-08-12T00:47:00.000,12.6188
2025-08-12T00:48:00.000,12.6216
2025-08-12T00:49:00.000,12.6286
2025-08-12T00:50:00.000,12.6300
2025-08-12T00:51:00.000,12.6342
2025-08-12T00:52:00.000,12.6314
2025-08-12T00:53:00.000,12.6300
2025-08-12T00:54:00.000,12.6272
2025-08-12T00:55:00.000,12.6244
2025-08-12T00:56:00.000,12.6244
2025-08-12T00:57:00.000,12.6286
2025-08-12T00:58:00.000,12.6314
2025-08-12T00:59:00.000,12.6398
2025-08-12T01:00:00.000,12.6496
2025-08-12T01:01:00.000,12.6649
2025-08-12T01:02:00.000,12.7152
2025-08-12T01:03:00.000,12.7948
2025-08-12T01:04:00.000,12.8841
2025-08-12T01:05:00.000,12.9511
2025-08-12T01:06:00.000,13.0152
2025-08-12T01:07:00.000,13.0570
2025-08-12T01:08:00.000,13.0765
2025-08-12T01:09:00.000,13.0779
2025-08-12T01:10:00.000,13.0737
2025-08-12T01:11:00.000,13.0668
2025-08-12T01:12:00.000,13.0640
2025-08-12T01:13:00.000,13.0696
2025-08-12T01:14:00.000,13.0779
2025-08-12T01:15:00.000,13.0918
2025-08-12T01:16:00.000,13.1072
2025-08-12T01:17:00.000,13.1114
2025-08-12T01:18:00.000,13.1072
2025-08-12T01:19:00.000,13.0849
2025-08-12T01:20:00.000,13.0584
2025-08-12T01:21:00.000,13.0459
2025-08-12T01:22:00.000,13.0473
2025-08-12T01:23:00.000,13.0528
2025-08-12T01:24:00.000,13.0710
2025-08-12T01:25:00.000,13.1030
2025-08-12T01:26:00.000,13.1406
2025-08-12T01:27:00.000,13.1712
2025-08-12T01:28:00.000,13.1949
2025-08-12T01:29:00.000,13.1893
2025-08-12T01:30:00.000,13.1768
2025-08-12T01:31:00.000,13.1671
2025-08-12T01:32:00.000,13.1448
2025-08-12T01:33:00.000,13.1169
2025-08-12T01:34:00.000,13.1002
2025-08-12T01:35:00.000,13.0946
2025-08-12T01:36:00.000,13.0891
2025-08-12T01:37:00.000,13.0863
2025-08-12T01:38:00.000,13.0793
2025-08-12T01:39:00.000,13.0584
2025-08-12T01:40:00.000,13.0291
2025-08-12T01:41:00.000,12.9957
2025-08-12T01:42:00.000,12.9790
2025-08-12T01:43:00.000,12.9580
2025-08-12T01:44:00.000,12.9413
2025-08-12T01:45:00.000,12.9343
2025-08-12T01:46:00.000,12.9232
2025-08-12T01:47:00.000,12.9148
2025-08-12T01:48:00.000,12.9051
2025-08-12T01:49:00.000,12.8925
2025-08-12T01:50:00.000,12.8799
2025-08-12T01:51:00.000,12.8646
2025-08-12T01:52:00.000,12.8548
2025-08-12T01:53:00.000,12.8423
2025-08-12T01:54:00.000,12.8311
2025-08-12T01:55:00.000,12.8199
2025-08-12T01:56:00.000,12.8144
2025-08-12T01:57:00.000,12.8144
2025-08-12T01:58:00.000,12.8185
2025-08-12T01:59:00.000,12.8283
2025-08-12T02:00:00.000,12.8297
2025-08-12T02:01:00.000,12.8255
2025-08-12T02:02:00.000,12.8241
2025-08-12T02:03:00.000,12.8241
2025-08-12T02:04:00.000,12.8171
2025-08-12T02:05:00.000,12.8130
2025-08-12T02:06:00.000,12.8046
2025-08-12T02:07:00.000,12.7976
2025-08-12T02:08:00.000,12.7934
2025-08-12T02:09:00.000,12.7892
2025-08-12T02:10:00.000,12.7864
2025-08-12T02:11:00.000,12.7836
2025-08-12T02:12:00.000,12.7809
2025-08-12T02:13:00.000,12.7767
2025-08-12T02:14:00.000,12.7725
2025-08-12T02:15:00.000,12.7655
2025-08-12T02:16:00.000,12.7613
2025-08-12T02:17:00.000,12.7501
2025-08-12T02:18:00.000,12.7432
2025-08-12T02:19:00.000,12.7404
2025-08-12T02:20:00.000,12.7446
2025-08-12T02:21:00.000,12.7515
2025-08-12T02:22:00.000,12.7571
2025-08-12T02:23:00.000,12.7627
2025-08-12T02:24:00.000,12.7669
2025-08-12T02:25:00.000,12.7655
2025-08-12T02:26:00.000,12.7627
2025-08-12T02:27:00.000,12.7557
2025-08-12T02:28:00.000,12.7418
2025-08-12T02:29:00.000,12.7278
2025-08-12T02:30:00.000,12.7180
2025-08-12T02:31:00.000,12.7180
2025-08-12T02:32:00.000,12.7152
2025-08-12T02:33:00.000,12.7236
2025-08-12T02:34:00.000,12.7264
2025-08-12T02:35:00.000,12.7208
2025-08-12T02:36:00.000,12.7124
2025-08-12T02:37:00.000,12.7055
2025-08-12T02:38:00.000,12.6915
2025-08-12T02:39:00.000,12.6803
2025-08-12T02:40:00.000,12.6775
2025-08-12T02:41:00.000,12.6873
2025-08-12T02:42:00.000,12.7041
2025-08-12T02:43:00.000,12.7166
2025-08-12T02:44:00.000,12.7208
2025-08-12T02:45:00.000,12.7027
2025-08-12T02:46:00.000,12.6621
2025-08-12T02:47:00.000,12.6021
2025-08-12T02:48:00.000,12.5503
2025-08-12T02:49:00.000,12.5210
2025-08-12T02:50:00.000,12.4916
2025-08-12T02:51:00.000,12.4622
2025-08-12T02:52:00.000,12.4412
2025-08-12T02:53:00.000,12.4356
2025-08-12T02:54:00.000,12.4510
2025-08-12T02:55:00.000,12.4762
2025-08-12T02:56:00.000,12.5308
2025-08-12T02:57:00.000,12.6202
2025-08-12T02:58:00.000,12.7082
2025-08-12T02:59:00.000,12.7292
2025-08-12T03:00:00.000,12.7166
2025-08-12T03:01:00.000,12.6957
2025-08-12T03:02:00.000,12.7166
2025-08-12T03:03:00.000,12.7557
2025-08-12T03:04:00.000,12.7348
2025-08-12T03:05:00.000,12.7334
2025-08-12T03:06:00.000,12.7362
2025-08-12T03:07:00.000,12.7529
2025-08-12T03:08:00.000,12.7627
2025-08-12T03:09:00.000,12.7836
2025-08-12T03:10:00.000,12.8185
2025-08-12T03:11:00.000,12.8437
2025-08-12T03:12:00.000,12.8660
2025-08-12T03:13:00.000,12.8883
2025-08-12T03:14:00.000,12.9023
2025-08-12T03:15:00.000,12.9051
2025-08-12T03:16:00.000,12.9162
2025-08-12T03:17:00.000,12.9413
2025-08-12T03:18:00.000,12.9650
2025-08-12T03:19:00.000,12.9873
2025-08-12T03:20:00.000,13.0068
2025-08-12T03:21:00.000,13.0166
2025-08-12T03:22:00.000,13.0305
2025-08-12T03:23:00.000,13.0389
2025-08-12T03:24:00.000,13.0528
2025-08-12T03:25:00.000,13.0570
2025-08-12T03:26:00.000,13.0640
2025-08-12T03:27:00.000,13.0835
2025-08-12T03:28:00.000,13.0988
2025-08-12T03:29:00.000,13.1016
2025-08-12T03:30:00.000,13.0905
2025-08-12T03:31:00.000,13.0737
2025-08-12T03:32:00.000,13.0584
2025-08-12T03:33:00.000,13.0417
2025-08-12T03:34:00.000,13.0305
2025-08-12T03:35:00.000,13.0250
2025-08-12T03:36:00.000,13.0194
2025-08-12T03:37:00.000,13.0152
2025-08-12T03:38:00.000,13.0138
2025-08-12T03:39:00.000,13.0138
2025-08-12T03:40:00.000,13.0138
2025-08-12T03:41:00.000,13.0124
2025-08-12T03:42:00.000,13.0124
2025-08-12T03:43:00.000,13.0096
2025-08-12T03:44:00.000,13.0054
2025-08-12T03:45:00.000,13.0110
2025-08-12T03:46:00.000,13.0291
2025-08-12T03:47:00.000,13.0514
2025-08-12T03:48:00.000,13.0835
2025-08-12T03:49:00.000,13.0863
2025-08-12T03:50:00.000,13.0723
2025-08-12T03:51:00.000,13.0459
2025-08-12T03:52:00.000,13.0236
2025-08-12T03:53:00.000,13.0054
2025-08-12T03:54:00.000,12.9873
2025-08-12T03:55:00.000,12.9748
2025-08-12T03:56:00.000,12.9734
2025-08-12T03:57:00.000,12.9678
2025-08-12T03:58:00.000,12.9734
2025-08-12T03:59:00.000,12.9818
2025-08-12T04:00:00.000,13.0054
2025-08-12T04:01:00.000,13.0417
2025-08-12T04:02:00.000,13.0932
2025-08-12T04:03:00.000,13.1921
2025-08-12T04:04:00.000,13.2729
2025-08-12T04:05:00.000,13.3104
2025-08-12T04:06:00.000,13.3675
2025-08-12T04:07:00.000,13.4189
2025-08-12T04:08:00.000,13.4801
2025-08-12T04:09:00.000,13.5287
2025-08-12T04:10:00.000,13.5718
2025-08-12T04:11:00.000,13.5996
2025-08-12T04:12:00.000,13.6162
2025-08-12T04:13:00.000,13.6148
2025-08-12T04:14:00.000,13.5982
2025-08-12T04:15:00.000,13.5898
2025-08-12T04:16:00.000,13.5884
2025-08-12T04:17:00.000,13.5884
2025-08-12T04:18:00.000,13.5954
2025-08-12T04:19:00.000,13.6023
2025-08-12T04:20:00.000,13.6037
2025-08-12T04:21:00.000,13.5926
2025-08-12T04:22:00.000,13.5996
2025-08-12T04:23:00.000,13.6065
2025-08-12T04:24:00.000,13.6148
2025-08-12T04:25:00.000,13.6259
2025-08-12T04:26:00.000,13.6315
2025-08-12T04:27:00.000,13.6273
2025-08-12T04:28:00.000,13.6176
2025-08-12T04:29:00.000,13.5982
2025-08-12T04:30:00.000,13.5676
2025-08-12T04:31:00.000,13.5454
2025-08-12T04:32:00.000,13.5190
2025-08-12T04:33:00.000,13.4842
2025-08-12T04:34:00.000,13.4551
2025-08-12T04:35:00.000,13.4342
2025-08-12T04:36:00.000,13.4022
2025-08-12T04:37:00.000,13.3647
2025-08-12T04:38:00.000,13.3174
2025-08-12T04:39:00.000,13.2715
2025-08-12T04:40:00.000,13.2353
2025-08-12T04:41:00.000,13.2214
2025-08-12T04:42:00.000,13.2826
2025-08-12T04:43:00.000,13.3341
2025-08-12T04:44:00.000,13.3438
2025-08-12T04:45:00.000,13.3229
2025-08-12T04:46:00.000,13.2937
2025-08-12T04:47:00.000,13.2520
2025-08-12T04:48:00.000,13.2102
2025-08-12T04:49:00.000,13.1726
2025-08-12T04:50:00.000,13.1364
2025-08-12T04:51:00.000,13.1114
2025-08-12T04:52:00.000,13.0863
2025-08-12T04:53:00.000,13.0807
2025-08-12T04:54:00.000,13.0737
2025-08-12T04:55:00.000,13.0668
2025-08-12T04:56:00.000,13.0849
2025-08-12T04:57:00.000,13.1114
2025-08-12T04:58:00.000,13.1183
2025-08-12T04:59:00.000,13.1225
2025-08-12T05:00:00.000,13.1197
2025-08-12T05:01:00.000,13.1169
2025-08-12T05:02:00.000,13.1127
2025-08-12T05:03:00.000,13.1100
2025-08-12T05:04:00.000,13.1072
2025-08-12T05:05:00.000,13.1030
2025-08-12T05:06:00.000,13.1030
2025-08-12T05:07:00.000,13.1002
2025-08-12T05:08:00.000,13.0974
2025-08-12T05:09:00.000,13.0932
2025-08-12T05:10:00.000,13.0877
2025-08-12T05:11:00.000,13.0793
2025-08-12T05:12:00.000,13.0682
2025-08-12T05:13:00.000,13.0556
2025-08-12T05:14:00.000,13.0445
2025-08-12T05:15:00.000,13.0333
2025-08-12T05:16:00.000,13.0208
2025-08-12T05:17:00.000,13.0124
2025-08-12T05:18:00.000,13.0027
2025-08-12T05:19:00.000,12.9929
2025-08-12T05:20:00.000,12.9804
2025-08-12T05:21:00.000,12.9622
2025-08-12T05:22:00.000,12.9441
2025-08-12T05:23:00.000,12.9343
2025-08-12T05:24:00.000,12.9134
2025-08-12T05:25:00.000,12.8953
2025-08-12T05:26:00.000,12.8869
2025-08-12T05:27:00.000,12.8799
2025-08-12T05:28:00.000,12.8716
2025-08-12T05:29:00.000,12.8702
2025-08-12T05:30:00.000,12.8730
2025-08-12T05:31:00.000,12.8785
2025-08-12T05:32:00.000,12.8883
2025-08-12T05:33:00.000,12.9009
2025-08-12T05:34:00.000,12.9134
2025-08-12T05:35:00.000,12.9274
2025-08-12T05:36:00.000,12.9427
2025-08-12T05:37:00.000,12.9580
2025-08-12T05:38:00.000,12.9678
2025-08-12T05:39:00.000,12.9720
2025-08-12T05:40:00.000,12.9720
2025-08-12T05:41:00.000,12.9734
2025-08-12T05:42:00.000,12.9706
2025-08-12T05:43:00.000,12.9748
2025-08-12T05:44:00.000,12.9762
2025-08-12T05:45:00.000,12.9818
2025-08-12T05:46:00.000,12.9859
2025-08-12T05:47:00.000,12.9804
2025-08-12T05:48:00.000,12.9720
2025-08-12T05:49:00.000,12.9539
2025-08-12T05:50:00.000,12.9497
2025-08-12T05:51:00.000,12.9497
2025-08-12T05:52:00.000,12.9441
2025-08-12T05:53:00.000,12.9399
2025-08-12T05:54:00.000,12.9274
2025-08-12T05:55:00.000,12.9134
2025-08-12T05:56:00.000,12.8995
2025-08-12T05:57:00.000,12.8911
2025-08-12T05:58:00.000,12.8785
2025-08-12T05:59:00.000,12.8646
2025-08-12T06:00:00.000,12.8520
2025-08-12T06:01:00.000,12.8353
2025-08-12T06:02:00.000,12.8171
2025-08-12T06:03:00.000,12.8004
2025-08-12T06:04:00.000,12.7878
2025-08-12T06:05:00.000,12.7767
2025-08-12T06:06:00.000,12.7683
2025-08-12T06:07:00.000,12.7613
2025-08-12T06:08:00.000,12.7543
2025-08-12T06:09:00.000,12.7501
2025-08-12T06:10:00.000,12.7460
2025-08-12T06:11:00.000,12.7404
2025-08-12T06:12:00.000,12.7348
2025-08-12T06:13:00.000,12.7264
2025-08-12T06:14:00.000,12.7236
2025-08-12T06:15:00.000,12.7180
2025-08-12T06:16:00.000,12.7110
2025-08-12T06:17:00.000,12.7082
2025-08-12T06:18:00.000,12.7082
2025-08-12T06:19:00.000,12.7082
2025-08-12T06:20:00.000,12.7124
2025-08-12T06:21:00.000,12.7222
2025-08-12T06:22:00.000,12.7292
2025-08-12T06:23:00.000,12.7362
2025-08-12T06:24:00.000,12.7404
2025-08-12T06:25:00.000,12.7404
2025-08-12T06:26:00.000,12.7418
2025-08-12T06:27:00.000,12.7446
2025-08-12T06:28:00.000,12.7501
2025-08-12T06:29:00.000,12.7529
2025-08-12T06:30:00.000,12.7571
2025-08-12T06:31:00.000,12.7767
2025-08-12T06:32:00.000,12.7809
2025-08-12T06:33:00.000,12.7823
2025-08-12T06:34:00.000,12.7823
2025-08-12T06:35:00.000,12.7836
2025-08-12T06:36:00.000,12.7864
2025-08-12T06:37:00.000,12.7906
2025-08-12T06:38:00.000,12.7878
2025-08-12T06:39:00.000,12.7934
2025-08-12T06:40:00.000,12.8018
2025-08-12T06:41:00.000,12.7990
2025-08-12T06:42:00.000,12.7948
2025-08-12T06:43:00.000,12.7934
2025-08-12T06:44:00.000,12.7948
2025-08-12T06:45:00.000,12.7948
2025-08-12T06:46:00.000,12.7934
2025-08-12T06:47:00.000,12.7892
2025-08-12T06:48:00.000,12.7878
2025-08-12T06:49:00.000,12.7823
2025-08-12T06:50:00.000,12.7781
2025-08-12T06:51:00.000,12.7739
2025-08-12T06:52:00.000,12.7683
2025-08-12T06:53:00.000,12.7627
2025-08-12T06:54:00.000,12.7599
2025-08-12T06:55:00.000,12.7529
2025-08-12T06:56:00.000,12.7460
2025-08-12T06:57:00.000,12.7390
2025-08-12T06:58:00.000,12.7306
2025-08-12T06:59:00.000,12.7208
2025-08-12T07:00:00.000,12.7096
2025-08-12T07:01:00.000,12.6999
2025-08-12T07:02:00.000,12.6915
2025-08-12T07:03:00.000,12.6831
2025-08-12T07:04:00.000,12.6747
2025-08-12T07:05:00.000,12.6719
2025-08-12T07:06:00.000,12.6649
2025-08-12T07:07:00.000,12.6580
2025-08-12T07:08:00.000,12.6510
2025-08-12T07:09:00.000,12.6440
2025-08-12T07:10:00.000,12.6370
2025-08-12T07:11:00.000,12.6328
2025-08-12T07:12:00.000,12.6286
2025-08-12T07:13:00.000,12.6258
2025-08-12T07:14:00.000,12.6244
2025-08-12T07:15:00.000,12.6230
2025-08-12T07:16:00.000,12.6216
2025-08-12T07:17:00.000,12.6216
2025-08-12T07:18:00.000,12.6216
2025-08-12T07:19:00.000,12.6244
2025-08-12T07:20:00.000,12.6272
2025-08-12T07:21:00.000,12.6286
2025-08-12T07:22:00.000,12.6328
2025-08-12T07:23:00.000,12.6356
2025-08-12T07:24:00.000,12.6398
2025-08-12T07:25:00.000,12.6440
2025-08-12T07:26:00.000,12.6468
2025-08-12T07:27:00.000,12.6538
2025-08-12T07:28:00.000,12.6552
2025-08-12T07:29:00.000,12.6538
2025-08-12T07:30:00.000,12.6524
2025-08-12T07:31:00.000,12.6510
2025-08-12T07:32:00.000,12.6482
2025-08-12T07:33:00.000,12.6482
2025-08-12T07:34:00.000,12.6496
2025-08-12T07:35:00.000,12.6538
2025-08-12T07:36:00.000,12.6608
2025-08-12T07:37:00.000,12.6663
2025-08-12T07:38:00.000,12.6705
2025-08-12T07:39:00.000,12.6705
2025-08-12T07:40:00.000,12.6761
2025-08-12T07:41:00.000,12.6747
2025-08-12T07:42:00.000,12.6733
2025-08-12T07:43:00.000,12.6719
2025-08-12T07:44:00.000,12.6719
2025-08-12T07:45:00.000,12.6747
2025-08-12T07:46:00.000,12.6775
2025-08-12T07:47:00.000,12.6803
2025-08-12T07:48:00.000,12.6817
2025-08-12T07:49:00.000,12.6845
2025-08-12T07:50:00.000,12.6859
2025-08-12T07:51:00.000,12.6887
2025-08-12T07:52:00.000,12.6915
2025-08-12T07:53:00.000,12.6957
2025-08-12T07:54:00.000,12.6999
2025-08-12T07:55:00.000,12.7068
2025-08-12T07:56:00.000,12.7138
2025-08-12T07:57:00.000,12.7278
2025-08-12T07:58:00.000,12.7418
2025-08-12T07:59:00.000,12.7557
2025-08-12T08:00:00.000,12.7711
2025-08-12T08:01:00.000,12.7906
2025-08-12T08:02:00.000,12.8088
2025-08-12T08:03:00.000,12.8269
2025-08-12T08:04:00.000,12.8437
2025-08-12T08:05:00.000,12.8618
2025-08-12T08:06:00.000,12.8785
2025-08-12T08:07:00.000,12.8981
2025-08-12T08:08:00.000,12.9204
2025-08-12T08:09:00.000,12.9413
2025-08-12T08:10:00.000,12.9469
2025-08-12T08:11:00.000,12.9497
2025-08-12T08:12:00.000,12.9427
2025-08-12T08:13:00.000,12.9399
2025-08-12T08:14:00.000,12.9399
2025-08-12T08:15:00.000,12.9371
2025-08-12T08:16:00.000,12.9302
2025-08-12T08:17:00.000,12.9162
2025-08-12T08:18:00.000,12.9064
2025-08-12T08:19:00.000,12.9051
2025-08-12T08:20:00.000,12.9009
2025-08-12T08:21:00.000,12.8981
2025-08-12T08:22:00.000,12.8911
2025-08-12T08:23:00.000,12.8813
2025-08-12T08:24:00.000,12.8785
2025-08-12T08:25:00.000,12.8730
2025-08-12T08:26:00.000,12.8744
2025-08-12T08:27:00.000,12.8730
2025-08-12T08:28:00.000,12.8730
2025-08-12T08:29:00.000,12.8785
2025-08-12T08:30:00.000,12.8855
2025-08-12T08:31:00.000,12.8883
2025-08-12T08:32:00.000,12.8897
2025-08-12T08:33:00.000,12.8883
2025-08-12T08:34:00.000,12.8967
2025-08-12T08:35:00.000,12.9037
2025-08-12T08:36:00.000,12.9037
2025-08-12T08:37:00.000,12.9064
2025-08-12T08:38:00.000,12.9134
2025-08-12T08:39:00.000,12.9190
2025-08-12T08:40:00.000,12.9218
2025-08-12T08:41:00.000,12.9246
2025-08-12T08:42:00.000,12.9176
2025-08-12T08:43:00.000,12.9148
2025-08-12T08:44:00.000,12.9106
2025-08-12T08:45:00.000,12.9064
2025-08-12T08:46:00.000,12.9106
2025-08-12T08:47:00.000,12.9106
2025-08-12T08:48:00.000,12.9078
2025-08-12T08:49:00.000,12.8967
2025-08-12T08:50:00.000,12.8883
2025-08-12T08:51:00.000,12.8813
2025-08-12T08:52:00.000,12.8869
2025-08-12T08:53:00.000,12.8911
2025-08-12T08:54:00.000,12.8911
2025-08-12T08:55:00.000,12.8939
2025-08-12T08:56:00.000,12.8995
2025-08-12T08:57:00.000,12.9037
2025-08-12T08:58:00.000,12.9148
2025-08-12T08:59:00.000,12.9274
2025-08-12T09:00:00.000,12.9371
2025-08-12T09:01:00.000,12.9455
2025-08-12T09:02:00.000,12.9580
2025-08-12T09:03:00.000,12.9664
2025-08-12T09:04:00.000,12.9678
2025-08-12T09:05:00.000,12.9831
2025-08-12T09:06:00.000,13.0013
2025-08-12T09:07:00.000,13.0208
2025-08-12T09:08:00.000,13.0417
2025-08-12T09:09:00.000,13.0542
2025-08-12T09:10:00.000,13.0570
2025-08-12T09:11:00.000,13.0528
2025-08-12T09:12:00.000,13.0542
2025-08-12T09:13:00.000,13.0696
2025-08-12T09:14:00.000,13.0779
2025-08-12T09:15:00.000,13.0863
2025-08-12T09:16:00.000,13.0891
2025-08-12T09:17:00.000,13.0891
2025-08-12T09:18:00.000,13.0891
2025-08-12T09:19:00.000,13.0932
2025-08-12T09:20:00.000,13.1030
2025-08-12T09:21:00.000,13.1155
2025-08-12T09:22:00.000,13.1378
2025-08-12T09:23:00.000,13.1476
2025-08-12T09:24:00.000,13.1559
2025-08-12T09:25:00.000,13.1685
2025-08-12T09:26:00.000,13.1879
2025-08-12T09:27:00.000,13.2005
2025-08-12T09:28:00.000,13.2088
2025-08-12T09:29:00.000,13.2172
2025-08-12T09:30:00.000,13.2311
2025-08-12T09:31:00.000,13.2408
2025-08-12T09:32:00.000,13.2436
2025-08-12T09:33:00.000,13.2381
2025-08-12T09:34:00.000,13.2214
2025-08-12T09:35:00.000,13.2116
2025-08-12T09:36:00.000,13.2047
2025-08-12T09:37:00.000,13.2060
2025-08-12T09:38:00.000,13.2116
2025-08-12T09:39:00.000,13.2325
2025-08-12T09:40:00.000,13.2548
2025-08-12T09:41:00.000,13.2868
2025-08-12T09:42:00.000,13.3202
2025-08-12T09:43:00.000,13.3466
2025-08-12T09:44:00.000,13.3605
2025-08-12T09:45:00.000,13.3647
2025-08-12T09:46:00.000,13.3758
2025-08-12T09:47:00.000,13.3869
2025-08-12T09:48:00.000,13.3981
2025-08-12T09:49:00.000,13.4120
2025-08-12T09:50:00.000,13.4245
2025-08-12T09:51:00.000,13.4161
2025-08-12T09:52:00.000,13.4259
2025-08-12T09:53:00.000,13.4509
2025-08-12T09:54:00.000,13.4717
2025-08-12T09:55:00.000,13.4829
2025-08-12T09:56:00.000,13.4968
2025-08-12T09:57:00.000,13.4912
2025-08-12T09:58:00.000,13.4884
2025-08-12T09:59:00.000,13.5009
2025-08-12T10:00:00.000,13.5148
2025-08-12T10:01:00.000,13.5148
2025-08-12T10:02:00.000,13.5190
2025-08-12T10:03:00.000,13.5454
2025-08-12T10:04:00.000,13.6037
2025-08-12T10:05:00.000,13.6398
2025-08-12T10:06:00.000,13.6565
2025-08-12T10:07:00.000,13.7106
2025-08-12T10:08:00.000,13.7745
2025-08-12T10:09:00.000,13.8397
2025-08-12T10:10:00.000,13.8882
2025-08-12T10:11:00.000,13.9256
2025-08-12T10:12:00.000,13.9658
2025-08-12T10:13:00.000,14.0060
2025-08-12T10:14:00.000,14.0393
2025-08-12T10:15:00.000,14.0975
2025-08-12T10:16:00.000,14.1930
2025-08-12T10:17:00.000,14.2913
2025-08-12T10:18:00.000,14.3909
2025-08-12T10:19:00.000,14.4945
2025-08-12T10:20:00.000,14.5913
2025-08-12T10:21:00.000,14.6907
2025-08-12T10:22:00.000,14.7694
2025-08-12T10:23:00.000,14.7639
2025-08-12T10:24:00.000,14.7542
2025-08-12T10:25:00.000,14.7611
2025-08-12T10:26:00.000,14.7432
2025-08-12T10:27:00.000,14.7294
2025-08-12T10:28:00.000,14.7515
2025-08-12T10:29:00.000,14.7736
2025-08-12T10:30:00.000,14.8039
2025-08-12T10:31:00.000,14.8522
2025-08-12T10:32:00.000,14.8716
2025-08-12T10:33:00.000,14.8660
2025-08-12T10:34:00.000,14.8564
2025-08-12T10:35:00.000,14.8674
2025-08-12T10:36:00.000,14.9143
2025-08-12T10:37:00.000,14.9723
2025-08-12T10:38:00.000,15.0398
2025-08-12T10:39:00.000,15.1019
2025-08-12T10:40:00.000,15.1308
2025-08-12T10:41:00.000,15.1460
2025-08-12T10:42:00.000,15.1625
2025-08-12T10:43:00.000,15.1777
2025-08-12T10:44:00.000,15.1969
2025-08-12T10:45:00.000,15.2341
2025-08-12T10:46:00.000,15.2824
2025-08-12T10:47:00.000,15.3581
2025-08-12T10:48:00.000,15.4490
2025-08-12T10:49:00.000,15.5302
2025-08-12T10:50:00.000,15.5838
2025-08-12T10:51:00.000,15.6251
2025-08-12T10:52:00.000,15.6719
2025-08-12T10:53:00.000,15.7241
2025-08-12T10:54:00.000,15.7791
2025-08-12T10:55:00.000,15.8547
2025-08-12T10:56:00.000,15.9248
2025-08-12T10:57:00.000,15.9770
2025-08-12T10:58:00.000,16.0059
2025-08-12T10:59:00.000,16.0320
2025-08-12T11:00:00.000,16.0746
2025-08-12T11:01:00.000,16.1254
2025-08-12T11:02:00.000,16.1460
2025-08-12T11:03:00.000,16.1899
2025-08-12T11:04:00.000,16.2585
2025-08-12T11:05:00.000,16.3272
2025-08-12T11:06:00.000,16.3793
2025-08-12T11:07:00.000,16.4136
2025-08-12T11:08:00.000,16.4562
2025-08-12T11:09:00.000,16.5165
2025-08-12T11:10:00.000,16.5673
2025-08-12T11:11:00.000,16.6208
2025-08-12T11:12:00.000,16.6674
2025-08-12T11:13:00.000,16.7017
2025-08-12T11:14:00.000,16.7277
2025-08-12T11:15:00.000,16.7400
2025-08-12T11:16:00.000,16.7606
2025-08-12T11:17:00.000,16.7990
2025-08-12T11:18:00.000,16.8278
2025-08-12T11:19:00.000,16.8428
2025-08-12T11:20:00.000,16.8785
2025-08-12T11:21:00.000,16.9511
2025-08-12T11:22:00.000,17.0237
2025-08-12T11:23:00.000,17.0922
2025-08-12T11:24:00.000,17.1402
2025-08-12T11:25:00.000,17.1990
2025-08-12T11:26:00.000,17.2552
2025-08-12T11:27:00.000,17.2990
2025-08-12T11:28:00.000,17.3510
2025-08-12T11:29:00.000,17.3866
2025-08-12T11:30:00.000,17.4250
2025-08-12T11:31:00.000,17.4633
2025-08-12T11:32:00.000,17.4825
2025-08-12T11:33:00.000,17.4811
2025-08-12T11:34:00.000,17.5221
2025-08-12T11:35:00.000,17.5742
2025-08-12T11:36:00.000,17.6371
2025-08-12T11:37:00.000,17.6891
2025-08-12T11:38:00.000,17.7302
2025-08-12T11:39:00.000,17.7630
2025-08-12T11:40:00.000,17.8109
2025-08-12T11:41:00.000,17.8506
2025-08-12T11:42:00.000,17.9025
2025-08-12T11:43:00.000,17.9696
2025-08-12T11:44:00.000,18.0284
2025-08-12T11:45:00.000,18.0557
2025-08-12T11:46:00.000,18.0708
2025-08-12T11:47:00.000,18.0366
2025-08-12T11:48:00.000,17.9846
2025-08-12T11:49:00.000,17.9750
2025-08-12T11:50:00.000,17.9901
2025-08-12T11:51:00.000,18.0243
2025-08-12T11:52:00.000,18.0051
2025-08-12T11:53:00.000,18.0133
2025-08-12T11:54:00.000,18.0188
2025-08-12T11:55:00.000,18.0366
2025-08-12T11:56:00.000,18.0968
2025-08-12T11:57:00.000,18.1487
2025-08-12T11:58:00.000,18.2157
2025-08-12T11:59:00.000,18.2472
2025-08-12T12:00:00.000,18.2622
2025-08-12T12:01:00.000,18.2540
2025-08-12T12:02:00.000,18.2089
2025-08-12T12:03:00.000,18.2185
2025-08-12T12:04:00.000,18.2185
2025-08-12T12:05:00.000,18.2171
2025-08-12T12:06:00.000,18.2280
2025-08-12T12:07:00.000,18.2827
2025-08-12T12:08:00.000,18.2923
2025-08-12T12:09:00.000,18.2868
2025-08-12T12:10:00.000,18.2718
2025-08-12T12:11:00.000,18.2691
2025-08-12T12:12:00.000,18.2390
2025-08-12T12:13:00.000,18.1939
2025-08-12T12:14:00.000,18.1392
2025-08-12T12:15:00.000,18.1077
2025-08-12T12:16:00.000,18.1145
2025-08-12T12:17:00.000,18.1268
2025-08-12T12:18:00.000,18.1446
2025-08-12T12:19:00.000,18.1788
2025-08-12T12:20:00.000,18.2116
2025-08-12T12:21:00.000,18.2308
2025-08-12T12:22:00.000,18.3388
2025-08-12T12:23:00.000,18.4249
2025-08-12T12:24:00.000,18.4906
2025-08-12T12:25:00.000,18.5453
2025-08-12T12:26:00.000,18.5576
2025-08-12T12:27:00.000,18.5398
2025-08-12T12:28:00.000,18.4796
2025-08-12T12:29:00.000,18.4564
2025-08-12T12:30:00.000,18.4509
2025-08-12T12:31:00.000,18.4755
2025-08-12T12:32:00.000,18.5193
2025-08-12T12:33:00.000,18.5412
2025-08-12T12:34:00.000,18.5398
2025-08-12T12:35:00.000,18.5931
2025-08-12T12:36:00.000,18.7120
2025-08-12T12:37:00.000,18.7052
2025-08-12T12:38:00.000,18.7107
2025-08-12T12:39:00.000,18.7353
2025-08-12T12:40:00.000,18.8528
2025-08-12T12:41:00.000,19.0374
2025-08-12T12:42:00.000,19.1508
2025-08-12T12:43:00.000,19.2042
2025-08-12T12:44:00.000,19.2124
2025-08-12T12:45:00.000,19.2547
2025-08-12T12:46:00.000,19.3012
2025-08-12T12:47:00.000,19.2930
2025-08-12T12:48:00.000,19.3121
2025-08-12T12:49:00.000,19.4078
2025-08-12T12:50:00.000,19.4557
2025-08-12T12:51:00.000,19.5090
2025-08-12T12:52:00.000,19.5514
2025-08-12T12:53:00.000,19.5924
2025-08-12T12:54:00.000,19.6758
2025-08-12T12:55:00.000,19.6758
2025-08-12T12:56:00.000,19.6115
2025-08-12T12:57:00.000,19.5309
2025-08-12T12:58:00.000,19.4434
2025-08-12T12:59:00.000,19.3395
2025-08-12T13:00:00.000,19.1987
2025-08-12T13:01:00.000,19.0907
2025-08-12T13:02:00.000,18.9936
2025-08-12T13:03:00.000,18.8679
2025-08-12T13:04:00.000,18.7298
2025-08-12T13:05:00.000,18.6273
2025-08-12T13:06:00.000,18.5124
2025-08-12T13:07:00.000,18.4140
2025-08-12T13:08:00.000,18.2978
2025-08-12T13:09:00.000,18.2349
2025-08-12T13:10:00.000,18.1173
2025-08-12T13:11:00.000,17.9709
2025-08-12T13:12:00.000,17.8382
2025-08-12T13:13:00.000,17.7137
2025-08-12T13:14:00.000,17.5947
2025-08-12T13:15:00.000,17.5071
2025-08-12T13:16:00.000,17.4400
2025-08-12T13:17:00.000,17.3716
2025-08-12T13:18:00.000,17.3072
2025-08-12T13:19:00.000,17.3168
2025-08-12T13:20:00.000,17.3182
2025-08-12T13:21:00.000,17.2935
2025-08-12T13:22:00.000,17.2963
2025-08-12T13:23:00.000,17.3072
2025-08-12T13:24:00.000,17.3743
2025-08-12T13:25:00.000,17.4154
2025-08-12T13:26:00.000,17.4291
2025-08-12T13:27:00.000,17.4222
2025-08-12T13:28:00.000,17.4085
2025-08-12T13:29:00.000,17.3990
2025-08-12T13:30:00.000,17.3688
2025-08-12T13:31:00.000,17.3442
2025-08-12T13:32:00.000,17.3798
2025-08-12T13:33:00.000,17.4318
2025-08-12T13:34:00.000,17.5194
2025-08-12T13:35:00.000,17.5618
2025-08-12T13:36:00.000,17.5454
2025-08-12T13:37:00.000,17.5153
2025-08-12T13:38:00.000,17.4879
2025-08-12T13:39:00.000,17.4044
2025-08-12T13:40:00.000,17.3428
2025-08-12T13:41:00.000,17.2990
2025-08-12T13:42:00.000,17.3401
2025-08-12T13:43:00.000,17.4099
2025-08-12T13:44:00.000,17.4441
2025-08-12T13:45:00.000,17.4318
2025-08-12T13:46:00.000,17.4167
2025-08-12T13:47:00.000,17.3853
2025-08-12T13:48:00.000,17.3907
2025-08-12T13:49:00.000,17.3551
2025-08-12T13:50:00.000,17.2716
2025-08-12T13:51:00.000,17.2223
2025-08-12T13:52:00.000,17.2210
2025-08-12T13:53:00.000,17.1867
2025-08-12T13:54:00.000,17.1936
2025-08-12T13:55:00.000,17.2333
2025-08-12T13:56:00.000,17.3100
2025-08-12T13:57:00.000,17.3729
2025-08-12T13:58:00.000,17.4414
2025-08-12T13:59:00.000,17.4797
2025-08-12T14:00:00.000,17.5221
2025-08-12T14:01:00.000,17.5523
2025-08-12T14:02:00.000,17.6043
2025-08-12T14:03:00.000,17.6385
2025-08-12T14:04:00.000,17.6782
2025-08-12T14:05:00.000,17.7192
2025-08-12T14:06:00.000,17.7603
2025-08-12T14:07:00.000,17.7986
2025-08-12T14:08:00.000,17.8382
2025-08-12T14:09:00.000,17.8738
2025-08-12T14:10:00.000,17.9121
2025-08-12T14:11:00.000,17.9586
2025-08-12T14:12:00.000,17.9983
2025-08-12T14:13:00.000,18.0421
2025-08-12T14:14:00.000,18.0762
2025-08-12T14:15:00.000,18.1063
2025-08-12T14:16:00.000,18.1214
2025-08-12T14:17:00.000,18.1282
2025-08-12T14:18:00.000,18.1296
2025-08-12T14:19:00.000,18.1255
2025-08-12T14:20:00.000,18.1145
2025-08-12T14:21:00.000,18.1036
2025-08-12T14:22:00.000,18.0899
2025-08-12T14:23:00.000,18.0721
2025-08-12T14:24:00.000,18.0516
2025-08-12T14:25:00.000,18.0215
2025-08-12T14:26:00.000,17.9887
2025-08-12T14:27:00.000,17.9477
2025-08-12T14:28:00.000,17.8984
2025-08-12T14:29:00.000,17.8437
2025-08-12T14:30:00.000,17.7644
2025-08-12T14:31:00.000,17.6768
2025-08-12T14:32:00.000,17.5961
2025-08-12T14:33:00.000,17.5372
2025-08-12T14:34:00.000,17.4934
2025-08-12T14:35:00.000,17.4469
2025-08-12T14:36:00.000,17.4085
2025-08-12T14:37:00.000,17.3442
2025-08-12T14:38:00.000,17.2949
2025-08-12T14:39:00.000,17.2648
2025-08-12T14:40:00.000,17.2607
2025-08-12T14:41:00.000,17.2264
2025-08-12T14:42:00.000,17.1895
2025-08-12T14:43:00.000,17.1538
2025-08-12T14:44:00.000,17.1086
2025-08-12T14:45:00.000,17.0703
2025-08-12T14:46:00.000,17.0360
2025-08-12T14:47:00.000,17.0169
2025-08-12T14:48:00.000,17.0004
2025-08-12T14:49:00.000,16.9840
2025-08-12T14:50:00.000,16.9675
2025-08-12T14:51:00.000,16.9538
2025-08-12T14:52:00.000,16.9484
2025-08-12T14:53:00.000,16.9442
2025-08-12T14:54:00.000,16.9484
2025-08-12T14:55:00.000,16.9538
2025-08-12T14:56:00.000,16.9580
2025-08-12T14:57:00.000,16.9580
2025-08-12T14:58:00.000,16.9607
2025-08-12T14:59:00.000,16.9634
2025-08-12T15:00:00.000,16.9675
2025-08-12T15:01:00.000,16.9717
2025-08-12T15:02:00.000,16.9854
2025-08-12T15:03:00.000,16.9936
2025-08-12T15:04:00.000,17.0073
2025-08-12T15:05:00.000,17.0196
2025-08-12T15:06:00.000,17.0333
2025-08-12T15:07:00.000,17.0470
2025-08-12T15:08:00.000,17.0593
2025-08-12T15:09:00.000,17.0730
2025-08-12T15:10:00.000,17.0826
2025-08-12T15:11:00.000,17.0895
2025-08-12T15:12:00.000,17.0963
2025-08-12T15:13:00.000,17.1032
2025-08-12T15:14:00.000,17.1100
2025-08-12T15:15:00.000,17.1155
2025-08-12T15:16:00.000,17.1169
2025-08-12T15:17:00.000,17.1182
2025-08-12T15:18:00.000,17.1196
2025-08-12T15:19:00.000,17.1237
2025-08-12T15:20:00.000,17.1223
2025-08-12T15:21:00.000,17.1210
2025-08-12T15:22:00.000,17.1210
2025-08-12T15:23:00.000,17.1210
2025-08-12T15:24:00.000,17.1251
2025-08-12T15:25:00.000,17.1333
2025-08-12T15:26:00.000,17.1429
2025-08-12T15:27:00.000,17.1580
2025-08-12T15:28:00.000,17.1730
2025-08-12T15:29:00.000,17.1922
2025-08-12T15:30:00.000,17.2127
2025-08-12T15:31:00.000,17.2305
2025-08-12T15:32:00.000,17.2511
2025-08-12T15:33:00.000,17.2716
2025-08-12T15:34:00.000,17.2894
2025-08-12T15:35:00.000,17.3059
2025-08-12T15:36:00.000,17.3237
2025-08-12T15:37:00.000,17.3373
2025-08-12T15:38:00.000,17.3524
2025-08-12T15:39:00.000,17.3634
2025-08-12T15:40:00.000,17.3770
2025-08-12T15:41:00.000,17.3907
2025-08-12T15:42:00.000,17.4017
2025-08-12T15:43:00.000,17.4126
2025-08-12T15:44:00.000,17.4250
2025-08-12T15:45:00.000,17.4386
2025-08-12T15:46:00.000,17.4523
2025-08-12T15:47:00.000,17.4674
2025-08-12T15:48:00.000,17.4825
2025-08-12T15:49:00.000,17.4948
2025-08-12T15:50:00.000,17.5057
2025-08-12T15:51:00.000,17.5139
2025-08-12T15:52:00.000,17.5194
2025-08-12T15:53:00.000,17.5290
2025-08-12T15:54:00.000,17.5331
2025-08-12T15:55:00.000,17.5345
2025-08-12T15:56:00.000,17.5372
2025-08-12T15:57:00.000,17.5399
2025-08-12T15:58:00.000,17.5399
2025-08-12T15:59:00.000,17.5386
2025-08-12T16:00:00.000,17.5372
2025-08-12T16:01:00.000,17.5345
2025-08-12T16:02:00.000,17.5331
2025-08-12T16:03:00.000,17.5304
2025-08-12T16:04:00.000,17.5290
2025-08-12T16:05:00.000,17.5276
2025-08-12T16:06:00.000,17.5290
2025-08-12T16:07:00.000,17.5317
2025-08-12T16:08:00.000,17.5304
2025-08-12T16:09:00.000,17.5331
2025-08-12T16:10:00.000,17.5427
2025-08-12T16:11:00.000,17.5495
2025-08-12T16:12:00.000,17.5523
2025-08-12T16:13:00.000,17.5577
2025-08-12T16:14:00.000,17.5618
2025-08-12T16:15:00.000,17.5495
2025-08-12T16:16:00.000,17.4825
2025-08-12T16:17:00.000,17.3948
2025-08-12T16:18:00.000,17.3045
2025-08-12T16:19:00.000,17.2237
2025-08-12T16:20:00.000,17.1552
2025-08-12T16:21:00.000,17.1114
2025-08-12T16:22:00.000,17.0840
2025-08-12T16:23:00.000,17.0593
2025-08-12T16:24:00.000,17.0443
2025-08-12T16:25:00.000,17.0251
2025-08-12T16:26:00.000,17.0032
2025-08-12T16:27:00.000,16.9908
2025-08-12T16:28:00.000,16.9785
2025-08-12T16:29:00.000,16.9689
2025-08-12T16:30:00.000,16.9675
2025-08-12T16:31:00.000,16.9675
2025-08-12T16:32:00.000,16.9634
2025-08-12T16:33:00.000,16.9580
2025-08-12T16:34:00.000,16.9497
2025-08-12T16:35:00.000,16.9319
2025-08-12T16:36:00.000,16.9086
2025-08-12T16:37:00.000,16.8798
2025-08-12T16:38:00.000,16.8470
2025-08-12T16:39:00.000,16.8168
2025-08-12T16:40:00.000,16.7853
2025-08-12T16:41:00.000,16.7565
2025-08-12T16:42:00.000,16.7318
2025-08-12T16:43:00.000,16.7058
2025-08-12T16:44:00.000,16.6797
2025-08-12T16:45:00.000,16.6605
2025-08-12T16:46:00.000,16.6317
2025-08-12T16:47:00.000,16.6084
2025-08-12T16:48:00.000,16.5851
2025-08-12T16:49:00.000,16.5577
2025-08-12T16:50:00.000,16.5289
2025-08-12T16:51:00.000,16.5042
2025-08-12T16:52:00.000,16.4809
2025-08-12T16:53:00.000,16.4507
2025-08-12T16:54:00.000,16.4109
2025-08-12T16:55:00.000,16.3642
2025-08-12T16:56:00.000,16.3093
2025-08-12T16:57:00.000,16.2572
2025-08-12T16:58:00.000,16.1954
2025-08-12T16:59:00.000,16.0938
2025-08-12T17:00:00.000,15.9866
2025-08-12T17:01:00.000,15.8918
2025-08-12T17:02:00.000,15.8286
2025-08-12T17:03:00.000,15.7709
2025-08-12T17:04:00.000,15.7021
2025-08-12T17:05:00.000,15.6389
2025-08-12T17:06:00.000,15.5866
2025-08-12T17:07:00.000,15.5343
2025-08-12T17:08:00.000,15.4861
2025-08-12T17:09:00.000,15.4448
2025-08-12T17:10:00.000,15.4118
2025-08-12T17:11:00.000,15.3856
2025-08-12T17:12:00.000,15.3622
2025-08-12T17:13:00.000,15.3485
2025-08-12T17:14:00.000,15.3402
2025-08-12T17:15:00.000,15.3319
2025-08-12T17:16:00.000,15.3251
2025-08-12T17:17:00.000,15.3168
2025-08-12T17:18:00.000,15.2424
2025-08-12T17:19:00.000,15.1460
2025-08-12T17:20:00.000,15.0467
2025-08-12T17:21:00.000,14.9502
2025-08-12T17:22:00.000,14.8784
2025-08-12T17:23:00.000,14.8481
2025-08-12T17:24:00.000,14.8757
2025-08-12T17:25:00.000,14.8688
2025-08-12T17:26:00.000,14.8564
2025-08-12T17:27:00.000,14.8440
2025-08-12T17:28:00.000,14.8440
2025-08-12T17:29:00.000,14.8426
2025-08-12T17:30:00.000,14.8495
2025-08-12T17:31:00.000,14.8509
2025-08-12T17:32:00.000,14.8509
2025-08-12T17:33:00.000,14.8481
2025-08-12T17:34:00.000,14.8453
2025-08-12T17:35:00.000,14.8398
2025-08-12T17:36:00.000,14.8136
2025-08-12T17:37:00.000,14.7736
2025-08-12T17:38:00.000,14.7460
2025-08-12T17:39:00.000,14.7114
2025-08-12T17:40:00.000,14.6769
2025-08-12T17:41:00.000,14.6465
2025-08-12T17:42:00.000,14.6258
2025-08-12T17:43:00.000,14.6106
2025-08-12T17:44:00.000,14.5954
2025-08-12T17:45:00.000,14.5761
2025-08-12T17:46:00.000,14.5554
2025-08-12T17:47:00.000,14.5332
2025-08-12T17:48:00.000,14.5097
2025-08-12T17:49:00.000,14.4890
2025-08-12T17:50:00.000,14.4697
2025-08-12T17:51:00.000,14.4586
2025-08-12T17:52:00.000,14.4392
2025-08-12T17:53:00.000,14.4310
2025-08-12T17:54:00.000,14.4282
2025-08-12T17:55:00.000,14.4337
2025-08-12T17:56:00.000,14.4337
2025-08-12T17:57:00.000,14.4227
2025-08-12T17:58:00.000,14.4047
2025-08-12T17:59:00.000,14.3867
2025-08-12T18:00:00.000,14.3715
2025-08-12T18:01:00.000,14.3632
2025-08-12T18:02:00.000,14.3563
2025-08-12T18:03:00.000,14.3300
2025-08-12T18:04:00.000,14.2982
2025-08-12T18:05:00.000,14.2650
2025-08-12T18:06:00.000,14.2926
2025-08-12T18:07:00.000,14.3175
2025-08-12T18:08:00.000,14.4088
2025-08-12T18:09:00.000,14.4793
2025-08-12T18:10:00.000,14.5097
2025-08-12T18:11:00.000,14.4517
2025-08-12T18:12:00.000,14.4005
2025-08-12T18:13:00.000,14.3383
2025-08-12T18:14:00.000,14.2608
2025-08-12T18:15:00.000,14.1722
2025-08-12T18:16:00.000,14.0961
2025-08-12T18:17:00.000,14.0282
2025-08-12T18:18:00.000,13.9686
2025-08-12T18:19:00.000,13.9118
2025-08-12T18:20:00.000,13.8452
2025-08-12T18:21:00.000,13.7731
2025-08-12T18:22:00.000,13.6981
2025-08-12T18:23:00.000,13.6162
2025-08-12T18:24:00.000,13.5315
2025-08-12T18:25:00.000,13.4453
2025-08-12T18:26:00.000,13.3633
2025-08-12T18:27:00.000,13.2937
2025-08-12T18:28:00.000,13.2353
2025-08-12T18:29:00.000,13.1907
2025-08-12T18:30:00.000,13.1559
2025-08-12T18:31:00.000,13.1309
2025-08-12T18:32:00.000,13.1086
2025-08-12T18:33:00.000,13.0849
2025-08-12T18:34:00.000,13.0654
2025-08-12T18:35:00.000,13.0445
2025-08-12T18:36:00.000,13.0291
2025-08-12T18:37:00.000,13.0110
2025-08-12T18:38:00.000,12.9915
2025-08-12T18:39:00.000,12.9734
2025-08-12T18:40:00.000,12.9594
2025-08-12T18:41:00.000,12.9455
2025-08-12T18:42:00.000,12.9329
2025-08-12T18:43:00.000,12.9190
2025-08-12T18:44:00.000,12.9037
2025-08-12T18:45:00.000,12.8869
2025-08-12T18:46:00.000,12.8702
2025-08-12T18:47:00.000,12.8520
2025-08-12T18:48:00.000,12.8381
2025-08-12T18:49:00.000,12.8241
2025-08-12T18:50:00.000,12.8060
2025-08-12T18:51:00.000,12.7934
2025-08-12T18:52:00.000,12.7809
2025-08-12T18:53:00.000,12.7655
2025-08-12T18:54:00.000,12.7529
2025-08-12T18:55:00.000,12.7446
2025-08-12T18:56:00.000,12.7320
2025-08-12T18:57:00.000,12.7180
2025-08-12T18:58:00.000,12.7041
2025-08-12T18:59:00.000,12.6929
2025-08-12T19:00:00.000,12.6845
2025-08-12T19:01:00.000,12.6775
2025-08-12T19:02:00.000,12.6677
2025-08-12T19:03:00.000,12.6552
2025-08-12T19:04:00.000,12.6454
2025-08-12T19:05:00.000,12.6356
2025-08-12T19:06:00.000,12.6258
2025-08-12T19:07:00.000,12.6188
2025-08-12T19:08:00.000,12.6132
2025-08-12T19:09:00.000,12.6118
2025-08-12T19:10:00.000,12.6118
2025-08-12T19:11:00.000,12.6160
2025-08-12T19:12:00.000,12.6258
2025-08-12T19:13:00.000,12.6356
2025-08-12T19:14:00.000,12.6496
2025-08-12T19:15:00.000,12.6705
2025-08-12T19:16:00.000,12.7138
2025-08-12T19:17:00.000,12.7864
2025-08-12T19:18:00.000,12.9636
2025-08-12T19:19:00.000,13.2325
2025-08-12T19:20:00.000,13.5426
2025-08-12T19:21:00.000,13.8924
2025-08-12T19:22:00.000,14.1182
2025-08-12T19:23:00.000,14.0711
2025-08-12T19:24:00.000,14.0725
2025-08-12T19:25:00.000,13.9797
2025-08-12T19:26:00.000,13.9450
2025-08-12T19:27:00.000,13.8702
2025-08-12T19:28:00.000,13.7398
2025-08-12T19:29:00.000,13.6079
2025-08-12T19:30:00.000,13.5287
2025-08-12T19:31:00.000,13.4898
2025-08-12T19:32:00.000,13.4439
2025-08-12T19:33:00.000,13.4676
2025-08-12T19:34:00.000,13.4523
2025-08-12T19:35:00.000,13.4453
2025-08-12T19:36:00.000,13.4189
2025-08-12T19:37:00.000,13.3688
2025-08-12T19:38:00.000,13.3229
2025-08-12T19:39:00.000,13.2868
2025-08-12T19:40:00.000,13.2756
2025-08-12T19:41:00.000,13.2617
2025-08-12T19:42:00.000,13.2478
2025-08-12T19:43:00.000,13.2325
2025-08-12T19:44:00.000,13.2214
2025-08-12T19:45:00.000,13.2158
2025-08-12T19:46:00.000,13.2116
2025-08-12T19:47:00.000,13.2074
2025-08-12T19:48:00.000,13.2033
2025-08-12T19:49:00.000,13.1977
2025-08-12T19:50:00.000,13.1963
2025-08-12T19:51:00.000,13.1893
2025-08-12T19:52:00.000,13.1824
2025-08-12T19:53:00.000,13.1740
2025-08-12T19:54:00.000,13.1685
2025-08-12T19:55:00.000,13.1671
2025-08-12T19:56:00.000,13.1643
2025-08-12T19:57:00.000,13.1573
2025-08-12T19:58:00.000,13.1378
2025-08-12T19:59:00.000,13.1141
2025-08-12T20:00:00.000,13.0807
2025-08-12T20:01:00.000,13.0389
2025-08-12T20:02:00.000,13.0054
2025-08-12T20:03:00.000,12.9706
2025-08-12T20:04:00.000,12.9302
2025-08-12T20:05:00.000,12.8897
2025-08-12T20:06:00.000,12.8534
2025-08-12T20:07:00.000,12.8227
2025-08-12T20:08:00.000,12.8018
2025-08-12T20:09:00.000,12.7948
2025-08-12T20:10:00.000,12.7878
2025-08-12T20:11:00.000,12.7906
2025-08-12T20:12:00.000,12.8004
2025-08-12T20:13:00.000,12.8130
2025-08-12T20:14:00.000,12.8283
2025-08-12T20:15:00.000,12.8465
2025-08-12T20:16:00.000,12.8967
2025-08-12T20:17:00.000,12.9762
2025-08-12T20:18:00.000,13.0723
2025-08-12T20:19:00.000,13.1545
2025-08-12T20:20:00.000,13.2228
2025-08-12T20:21:00.000,13.2840
2025-08-12T20:22:00.000,13.3396
2025-08-12T20:23:00.000,13.3786
2025-08-12T20:24:00.000,13.3772
2025-08-12T20:25:00.000,13.3341
2025-08-12T20:26:00.000,13.2798
2025-08-12T20:27:00.000,13.2088
2025-08-12T20:28:00.000,13.1392
2025-08-12T20:29:00.000,13.1197
2025-08-12T20:30:00.000,13.1462
2025-08-12T20:31:00.000,13.1935
2025-08-12T20:32:00.000,13.2269
2025-08-12T20:33:00.000,13.2506
2025-08-12T20:34:00.000,13.2436
2025-08-12T20:35:00.000,13.2255
2025-08-12T20:36:00.000,13.2005
2025-08-12T20:37:00.000,13.1838
2025-08-12T20:38:00.000,13.1838
2025-08-12T20:39:00.000,13.1796
2025-08-12T20:40:00.000,13.1824
2025-08-12T20:41:00.000,13.1893
2025-08-12T20:42:00.000,13.2047
2025-08-12T20:43:00.000,13.2255
2025-08-12T20:44:00.000,13.2408
2025-08-12T20:45:00.000,13.2603
2025-08-12T20:46:00.000,13.2923
2025-08-12T20:47:00.000,13.3216
2025-08-12T20:48:00.000,13.3369
2025-08-12T20:49:00.000,13.3508
2025-08-12T20:50:00.000,13.3661
2025-08-12T20:51:00.000,13.3855
2025-08-12T20:52:00.000,13.4064
2025-08-12T20:53:00.000,13.4286
2025-08-12T20:54:00.000,13.4481
2025-08-12T20:55:00.000,13.4634
2025-08-12T20:56:00.000,13.4745
2025-08-12T20:57:00.000,13.4829
2025-08-12T20:58:00.000,13.4870
2025-08-12T20:59:00.000,13.4884
2025-08-12T21:00:00.000,13.4940
2025-08-12T21:01:00.000,13.4898
2025-08-12T21:02:00.000,13.4856
2025-08-12T21:03:00.000,13.4829
2025-08-12T21:04:00.000,13.4787
2025-08-12T21:05:00.000,13.4759
2025-08-12T21:06:00.000,13.4703
2025-08-12T21:07:00.000,13.4648
2025-08-12T21:08:00.000,13.4606
2025-08-12T21:09:00.000,13.4564
2025-08-12T21:10:00.000,13.4523
2025-08-12T21:11:00.000,13.4537
2025-08-12T21:12:00.000,13.4578
2025-08-12T21:13:00.000,13.4634
2025-08-12T21:14:00.000,13.4745
2025-08-12T21:15:00.000,13.4842
2025-08-12T21:16:00.000,13.5051
2025-08-12T21:17:00.000,13.5287
2025-08-12T21:18:00.000,13.5398
2025-08-12T21:19:00.000,13.5482
2025-08-12T21:20:00.000,13.5593
2025-08-12T21:21:00.000,13.5690
2025-08-12T21:22:00.000,13.5759
2025-08-12T21:23:00.000,13.5898
2025-08-12T21:24:00.000,13.6065
2025-08-12T21:25:00.000,13.6107
2025-08-12T21:26:00.000,13.6148
2025-08-12T21:27:00.000,13.6190
2025-08-12T21:28:00.000,13.6287
2025-08-12T21:29:00.000,13.6398
2025-08-12T21:30:00.000,13.6426
2025-08-12T21:31:00.000,13.6384
2025-08-12T21:32:00.000,13.6301
2025-08-12T21:33:00.000,13.6204
2025-08-12T21:34:00.000,13.6079
2025-08-12T21:35:00.000,13.5898
2025-08-12T21:36:00.000,13.5690
2025-08-12T21:37:00.000,13.5454
2025-08-12T21:38:00.000,13.5218
2025-08-12T21:39:00.000,13.4981
2025-08-12T21:40:00.000,13.4717
2025-08-12T21:41:00.000,13.4551
2025-08-12T21:42:00.000,13.4384
2025-08-12T21:43:00.000,13.4231
2025-08-12T21:44:00.000,13.4175
2025-08-12T21:45:00.000,13.4092
2025-08-12T21:46:00.000,13.4036
2025-08-12T21:47:00.000,13.3883
2025-08-12T21:48:00.000,13.3619
2025-08-12T21:49:00.000,13.3285
2025-08-12T21:50:00.000,13.2937
2025-08-12T21:51:00.000,13.2756
2025-08-12T21:52:00.000,13.2548
2025-08-12T21:53:00.000,13.2339
2025-08-12T21:54:00.000,13.2130
2025-08-12T21:55:00.000,13.1949
2025-08-12T21:56:00.000,13.1754
2025-08-12T21:57:00.000,13.1573
2025-08-12T21:58:00.000,13.1462
2025-08-12T21:59:00.000,13.1448
2025-08-12T22:00:00.000,13.1517
2025-08-12T22:01:00.000,13.1671
2025-08-12T22:02:00.000,13.1879
2025-08-12T22:03:00.000,13.2186
2025-08-12T22:04:00.000,13.2520
2025-08-12T22:05:00.000,13.2951
2025-08-12T22:06:00.000,13.3257
2025-08-12T22:07:00.000,13.3438
2025-08-12T22:08:00.000,13.3605
2025-08-12T22:09:00.000,13.3647
2025-08-12T22:10:00.000,13.3675
2025-08-12T22:11:00.000,13.3619
2025-08-12T22:12:00.000,13.3480
2025-08-12T22:13:00.000,13.3188
2025-08-12T22:14:00.000,13.2812
2025-08-12T22:15:00.000,13.2367
2025-08-12T22:16:00.000,13.1893
2025-08-12T22:17:00.000,13.1448
2025-08-12T22:18:00.000,13.1002
2025-08-12T22:19:00.000,13.0584
2025-08-12T22:20:00.000,13.0278
2025-08-12T22:21:00.000,12.9957
2025-08-12T22:22:00.000,12.9650
2025-08-12T22:23:00.000,12.9399
2025-08-12T22:24:00.000,12.9176
2025-08-12T22:25:00.000,12.9064
2025-08-12T22:26:00.000,12.9009
2025-08-12T22:27:00.000,12.8911
2025-08-12T22:28:00.000,12.8897
2025-08-12T22:29:00.000,12.8883
2025-08-12T22:30:00.000,12.8730
2025-08-12T22:31:00.000,12.8785
2025-08-12T22:32:00.000,12.8827
2025-08-12T22:33:00.000,12.8813
2025-08-12T22:34:00.000,12.8716
2025-08-12T22:35:00.000,12.8716
2025-08-12T22:36:00.000,12.8702
2025-08-12T22:37:00.000,12.8730
2025-08-12T22:38:00.000,12.8744
2025-08-12T22:39:00.000,12.8744
2025-08-12T22:40:00.000,12.8883
2025-08-12T22:41:00.000,12.9329
2025-08-12T22:42:00.000,12.9985
2025-08-12T22:43:00.000,13.0598
2025-08-12T22:44:00.000,13.1378
2025-08-12T22:45:00.000,13.2478
2025-08-12T22:46:00.000,13.3925
2025-08-12T22:47:00.000,13.5648
2025-08-12T22:48:00.000,13.7384
2025-08-12T22:49:00.000,13.8937
2025-08-12T22:50:00.000,14.0351
2025-08-12T22:51:00.000,14.1542
2025-08-12T22:52:00.000,14.2525
2025-08-12T22:53:00.000,14.3341
2025-08-12T22:54:00.000,14.3909
2025-08-12T22:55:00.000,14.4185
2025-08-12T22:56:00.000,14.4434
2025-08-12T22:57:00.000,14.4724
2025-08-12T22:58:00.000,14.5139
2025-08-12T22:59:00.000,14.5788
2025-08-12T23:00:00.000,14.6424
2025-08-12T23:01:00.000,14.7059
2025-08-12T23:02:00.000,14.7736
2025-08-12T23:03:00.000,14.8564
2025-08-12T23:04:00.000,14.9364
2025-08-12T23:05:00.000,15.0136
2025-08-12T23:06:00.000,15.1170
2025-08-12T23:07:00.000,15.2217
2025-08-12T23:08:00.000,15.3154
2025-08-12T23:09:00.000,15.4104
2025-08-12T23:10:00.000,15.5068
2025-08-12T23:11:00.000,15.5962
2025-08-12T23:12:00.000,15.6746
2025-08-12T23:13:00.000,15.7489
2025-08-12T23:14:00.000,15.8162
2025-08-12T23:15:00.000,15.8767
2025-08-12T23:16:00.000,15.9358
2025-08-12T23:17:00.000,15.8740
2025-08-12T23:18:00.000,15.7420
2025-08-12T23:19:00.000,15.6512
2025-08-12T23:20:00.000,15.6113
2025-08-12T23:21:00.000,15.4132
2025-08-12T23:22:00.000,15.2080
2025-08-12T23:23:00.000,15.1666
2025-08-12T23:24:00.000,15.1460
2025-08-12T23:25:00.000,15.1019
2025-08-12T23:26:00.000,15.1432
2025-08-12T23:27:00.000,15.1873
2025-08-12T23:28:00.000,15.2961
2025-08-12T23:29:00.000,15.4269
2025-08-12T23:30:00.000,15.5563
2025-08-12T23:31:00.000,15.6691
2025-08-12T23:32:00.000,15.7612
2025-08-12T23:33:00.000,15.8382
2025-08-12T23:34:00.000,15.8932
2025-08-12T23:35:00.000,15.9633
2025-08-12T23:36:00.000,16.0100
2025-08-12T23:37:00.000,16.0457
2025-08-12T23:38:00.000,16.0787
2025-08-12T23:39:00.000,16.0924
2025-08-12T23:40:00.000,16.0924
2025-08-12T23:41:00.000,16.0828
2025-08-12T23:42:00.000,15.9921
2025-08-12T23:43:00.000,15.9441
2025-08-12T23:44:00.000,15.9028
2025-08-12T23:45:00.000,15.8616
2025-08-12T23:46:00.000,15.5770
2025-08-12T23:47:00.000,15.3994
2025-08-12T23:48:00.000,15.2328
2025-08-12T23:49:00.000,15.1253
2025-08-12T23:50:00.000,15.0026
2025-08-12T23:51:00.000,14.9088
2025-08-12T23:52:00.000,14.8564
2025-08-12T23:53:00.000,14.8674
2025-08-12T23:54:00.000,14.9571
2025-08-12T23:55:00.000,15.0633
2025-08-12T23:56:00.000,15.1749
2025-08-12T23:57:00.000,15.2810
2025-08-12T23:58:00.000,15.3829
2025-08-12T23:59:00.000,15.4737
2025-08-13T00:00:00.000,15.5467
2025-08-13T00:01:00.000,15.6100
2025-08-13T00:02:00.000,15.6664
2025-08-13T00:03:00.000,15.7200
2025-08-13T00:04:00.000,15.7860
2025-08-13T00:05:00.000,15.8520
2025-08-13T00:06:00.000,15.9083
2025-08-13T00:07:00.000,15.9619
2025-08-13T00:08:00.000,16.0045
2025-08-13T00:09:00.000,16.0402
2025-08-13T00:10:00.000,16.0704
2025-08-13T00:11:00.000,16.0938
2025-08-13T00:12:00.000,16.1144
2025-08-13T00:13:00.000,16.1309
2025-08-13T00:14:00.000,16.1460
2025-08-13T00:15:00.000,16.1611
2025-08-13T00:16:00.000,16.1776
2025-08-13T00:17:00.000,16.1940
2025-08-13T00:18:00.000,16.2105
2025-08-13T00:19:00.000,16.2215
2025-08-13T00:20:00.000,16.2325
2025-08-13T00:21:00.000,16.2434
2025-08-13T00:22:00.000,16.2544
2025-08-13T00:23:00.000,16.2668
2025-08-13T00:24:00.000,16.2819
2025-08-13T00:25:00.000,16.2901
2025-08-13T00:26:00.000,16.2970
2025-08-13T00:27:00.000,16.3025
2025-08-13T00:28:00.000,16.3011
2025-08-13T00:29:00.000,16.3038
2025-08-13T00:30:00.000,16.3121
2025-08-13T00:31:00.000,16.3313
2025-08-13T00:32:00.000,16.3533
2025-08-13T00:33:00.000,16.3738
2025-08-13T00:34:00.000,16.3958
2025-08-13T00:35:00.000,16.4123
2025-08-13T00:36:00.000,16.4273
2025-08-13T00:37:00.000,16.4397
2025-08-13T00:38:00.000,16.4562
2025-08-13T00:39:00.000,16.4699
2025-08-13T00:40:00.000,16.4836
2025-08-13T00:41:00.000,16.5014
2025-08-13T00:42:00.000,16.5124
2025-08-13T00:43:00.000,16.5220
2025-08-13T00:44:00.000,16.5289
2025-08-13T00:45:00.000,16.5330
2025-08-13T00:46:00.000,16.5385
2025-08-13T00:47:00.000,16.5453
2025-08-13T00:48:00.000,16.5549
2025-08-13T00:49:00.000,16.5645
2025-08-13T00:50:00.000,16.5769
2025-08-13T00:51:00.000,16.5920
2025-08-13T00:52:00.000,16.6112
2025-08-13T00:53:00.000,16.6290
2025-08-13T00:54:00.000,16.6399
2025-08-13T00:55:00.000,16.6550
2025-08-13T00:56:00.000,16.6646
2025-08-13T00:57:00.000,16.6742
2025-08-13T00:58:00.000,16.6907
2025-08-13T00:59:00.000,16.6934
2025-08-13T01:00:00.000,16.6934
2025-08-13T01:01:00.000,16.6962
2025-08-13T01:02:00.000,16.7030
2025-08-13T01:03:00.000,16.7085
2025-08-13T01:04:00.000,16.7167
2025-08-13T01:05:00.000,16.7304
2025-08-13T01:06:00.000,16.7551
2025-08-13T01:07:00.000,16.7661
2025-08-13T01:08:00.000,16.7743
2025-08-13T01:09:00.000,16.7908
2025-08-13T01:10:00.000,16.7962
2025-08-13T01:11:00.000,16.7949
2025-08-13T01:12:00.000,16.7894
2025-08-13T01:13:00.000,16.8058
2025-08-13T01:14:00.000,16.8223
2025-08-13T01:15:00.000,16.8497
2025-08-13T01:16:00.000,16.8840
2025-08-13T01:17:00.000,16.9155
2025-08-13T01:18:00.000,16.9497
2025-08-13T01:19:00.000,16.9744
2025-08-13T01:20:00.000,16.9908
2025-08-13T01:21:00.000,17.0032
2025-08-13T01:22:00.000,17.0210
2025-08-13T01:23:00.000,17.0319
2025-08-13T01:24:00.000,17.0374
2025-08-13T01:25:00.000,17.0374
2025-08-13T01:26:00.000,17.0429
2025-08-13T01:27:00.000,17.0443
2025-08-13T01:28:00.000,17.0429
2025-08-13T01:29:00.000,17.0360
2025-08-13T01:30:00.000,17.0306
2025-08-13T01:31:00.000,17.0265
2025-08-13T01:32:00.000,17.0347
2025-08-13T01:33:00.000,17.0429
2025-08-13T01:34:00.000,17.0525
2025-08-13T01:35:00.000,17.0552
2025-08-13T01:36:00.000,17.0593
2025-08-13T01:37:00.000,17.0580
2025-08-13T01:38:00.000,17.0552
2025-08-13T01:39:00.000,17.0525
2025-08-13T01:40:00.000,17.0456
2025-08-13T01:41:00.000,17.0388
2025-08-13T01:42:00.000,17.0360
2025-08-13T01:43:00.000,17.0347
2025-08-13T01:44:00.000,17.0292
2025-08-13T01:45:00.000,17.0210
2025-08-13T01:46:00.000,17.0100
2025-08-13T01:47:00.000,16.9936
2025-08-13T01:48:00.000,16.9730
2025-08-13T01:49:00.000,16.9593
2025-08-13T01:50:00.000,16.9525
2025-08-13T01:51:00.000,16.9484
2025-08-13T01:52:00.000,16.9470
2025-08-13T01:53:00.000,16.9442
2025-08-13T01:54:00.000,16.9429
2025-08-13T01:55:00.000,16.9319
2025-08-13T01:56:00.000,16.9251
2025-08-13T01:57:00.000,16.9168
2025-08-13T01:58:00.000,16.9031
2025-08-13T01:59:00.000,16.8867
2025-08-13T02:00:00.000,16.8716
2025-08-13T02:01:00.000,16.8620
2025-08-13T02:02:00.000,16.8579
2025-08-13T02:03:00.000,16.8565
2025-08-13T02:04:00.000,16.8497
2025-08-13T02:05:00.000,16.8415
2025-08-13T02:06:00.000,16.8278
2025-08-13T02:07:00.000,16.8209
2025-08-13T02:08:00.000,16.8113
2025-08-13T02:09:00.000,16.8004
2025-08-13T02:10:00.000,16.7921
2025-08-13T02:11:00.000,16.7825
2025-08-13T02:12:00.000,16.7743
2025-08-13T02:13:00.000,16.7688
2025-08-13T02:14:00.000,16.7661
2025-08-13T02:15:00.000,16.7633
2025-08-13T02:16:00.000,16.7620
2025-08-13T02:17:00.000,16.7620
2025-08-13T02:18:00.000,16.7620
2025-08-13T02:19:00.000,16.7606
2025-08-13T02:20:00.000,16.7620
2025-08-13T02:21:00.000,16.7647
2025-08-13T02:22:00.000,16.7702
2025-08-13T02:23:00.000,16.7770
2025-08-13T02:24:00.000,16.7866
2025-08-13T02:25:00.000,16.7921
2025-08-13T02:26:00.000,16.7990
2025-08-13T02:27:00.000,16.8086
2025-08-13T02:28:00.000,16.8113
2025-08-13T02:29:00.000,16.8099
2025-08-13T02:30:00.000,16.8086
2025-08-13T02:31:00.000,16.8045
2025-08-13T02:32:00.000,16.8004
2025-08-13T02:33:00.000,16.7921
2025-08-13T02:34:00.000,16.7853
2025-08-13T02:35:00.000,16.7894
2025-08-13T02:36:00.000,16.7908
2025-08-13T02:37:00.000,16.7894
2025-08-13T02:38:00.000,16.7866
2025-08-13T02:39:00.000,16.7839
2025-08-13T02:40:00.000,16.7825
2025-08-13T02:41:00.000,16.7812
2025-08-13T02:42:00.000,16.7812
2025-08-13T02:43:00.000,16.7839
2025-08-13T02:44:00.000,16.7853
2025-08-13T02:45:00.000,16.7880
2025-08-13T02:46:00.000,16.7908
2025-08-13T02:47:00.000,16.7880
2025-08-13T02:48:00.000,16.7743
2025-08-13T02:49:00.000,16.7537
2025-08-13T02:50:00.000,16.7387
2025-08-13T02:51:00.000,16.7085
2025-08-13T02:52:00.000,16.6948
2025-08-13T02:53:00.000,16.6495
2025-08-13T02:54:00.000,16.6208
2025-08-13T02:55:00.000,16.5577
2025-08-13T02:56:00.000,16.4987
2025-08-13T02:57:00.000,16.3876
2025-08-13T02:58:00.000,16.3629
2025-08-13T02:59:00.000,16.3203
2025-08-13T03:00:00.000,16.2544
2025-08-13T03:01:00.000,16.2187
2025-08-13T03:02:00.000,16.1776
2025-08-13T03:03:00.000,16.1350
2025-08-13T03:04:00.000,16.0883
2025-08-13T03:05:00.000,16.0801
2025-08-13T03:06:00.000,16.0581
2025-08-13T03:07:00.000,16.0018
2025-08-13T03:08:00.000,16.0018
2025-08-13T03:09:00.000,16.0073
2025-08-13T03:10:00.000,16.0073
2025-08-13T03:11:00.000,16.0361
2025-08-13T03:12:00.000,16.0704
2025-08-13T03:13:00.000,16.1061
2025-08-13T03:14:00.000,16.1432
2025-08-13T03:15:00.000,16.1885
2025-08-13T03:16:00.000,16.2283
2025-08-13T03:17:00.000,16.2764
2025-08-13T03:18:00.000,16.3162
2025-08-13T03:19:00.000,16.3533
2025-08-13T03:20:00.000,16.3780
2025-08-13T03:21:00.000,16.3711
2025-08-13T03:22:00.000,16.3533
2025-08-13T03:23:00.000,16.3642
2025-08-13T03:24:00.000,16.4013
2025-08-13T03:25:00.000,16.4370
2025-08-13T03:26:00.000,16.4205
2025-08-13T03:27:00.000,16.3766
2025-08-13T03:28:00.000,16.3780
2025-08-13T03:29:00.000,16.3958
2025-08-13T03:30:00.000,16.3985
2025-08-13T03:31:00.000,16.3656
2025-08-13T03:32:00.000,16.3546
2025-08-13T03:33:00.000,16.3491
2025-08-13T03:34:00.000,16.2942
2025-08-13T03:35:00.000,16.2393
2025-08-13T03:36:00.000,16.1364
2025-08-13T03:37:00.000,16.0704
2025-08-13T03:38:00.000,16.0965
2025-08-13T03:39:00.000,16.0279
2025-08-13T03:40:00.000,15.9509
2025-08-13T03:41:00.000,15.9166
2025-08-13T03:42:00.000,15.9702
2025-08-13T03:43:00.000,15.9523
2025-08-13T03:44:00.000,15.8836
2025-08-13T03:45:00.000,15.8272
2025-08-13T03:46:00.000,15.8217
2025-08-13T03:47:00.000,15.7722
2025-08-13T03:48:00.000,15.7544
2025-08-13T03:49:00.000,15.7282
2025-08-13T03:50:00.000,15.7227
2025-08-13T03:51:00.000,15.7241
2025-08-13T03:52:00.000,15.6939
2025-08-13T03:53:00.000,15.6375
2025-08-13T03:54:00.000,15.5770
2025-08-13T03:55:00.000,15.5315
2025-08-13T03:56:00.000,15.6031
2025-08-13T03:57:00.000,15.6829
2025-08-13T03:58:00.000,15.7090
2025-08-13T03:59:00.000,15.7365
2025-08-13T04:00:00.000,15.7915
2025-08-13T04:01:00.000,15.8451
2025-08-13T04:02:00.000,15.8822
2025-08-13T04:03:00.000,15.8602
2025-08-13T04:04:00.000,15.8259
2025-08-13T04:05:00.000,15.8025
2025-08-13T04:06:00.000,15.7764
2025-08-13T04:07:00.000,15.7667
2025-08-13T04:08:00.000,15.7489
2025-08-13T04:09:00.000,15.7640
2025-08-13T04:10:00.000,15.7956
2025-08-13T04:11:00.000,15.8369
2025-08-13T04:12:00.000,15.8795
2025-08-13T04:13:00.000,15.9042
2025-08-13T04:14:00.000,15.9372
2025-08-13T04:15:00.000,15.9743
2025-08-13T04:16:00.000,15.9935
2025-08-13T04:17:00.000,15.9963
2025-08-13T04:18:00.000,16.0059
2025-08-13T04:19:00.000,16.0210
2025-08-13T04:20:00.000,16.0320
2025-08-13T04:21:00.000,16.0430
2025-08-13T04:22:00.000,16.0636
2025-08-13T04:23:00.000,16.0828
2025-08-13T04:24:00.000,16.1020
2025-08-13T04:25:00.000,16.1281
2025-08-13T04:26:00.000,16.1322
2025-08-13T04:27:00.000,16.1309
2025-08-13T04:28:00.000,16.1322
2025-08-13T04:29:00.000,16.1322
2025-08-13T04:30:00.000,16.0814
2025-08-13T04:31:00.000,16.0237
2025-08-13T04:32:00.000,15.9509
2025-08-13T04:33:00.000,15.8836
2025-08-13T04:34:00.000,15.8286
2025-08-13T04:35:00.000,15.8190
2025-08-13T04:36:00.000,15.8149
2025-08-13T04:37:00.000,15.7984
2025-08-13T04:38:00.000,15.7626
2025-08-13T04:39:00.000,15.7502
2025-08-13T04:40:00.000,15.7681
2025-08-13T04:41:00.000,15.8121
2025-08-13T04:42:00.000,15.8561
2025-08-13T04:43:00.000,15.8616
2025-08-13T04:44:00.000,15.8245
2025-08-13T04:45:00.000,15.7887
2025-08-13T04:46:00.000,15.7475
2025-08-13T04:47:00.000,15.7200
2025-08-13T04:48:00.000,15.6292
2025-08-13T04:49:00.000,15.5687
2025-08-13T04:50:00.000,15.5426
2025-08-13T04:51:00.000,15.5082
2025-08-13T04:52:00.000,15.4531
2025-08-13T04:53:00.000,15.4256
2025-08-13T04:54:00.000,15.3884
2025-08-13T04:55:00.000,15.3650
2025-08-13T04:56:00.000,15.3072
2025-08-13T04:57:00.000,15.2713
2025-08-13T04:58:00.000,15.2452
2025-08-13T04:59:00.000,15.2121
2025-08-13T05:00:00.000,15.2245
2025-08-13T05:01:00.000,15.2507
2025-08-13T05:02:00.000,15.2948
2025-08-13T05:03:00.000,15.3443
2025-08-13T05:04:00.000,15.3980
2025-08-13T05:05:00.000,15.4421
2025-08-13T05:06:00.000,15.4641
2025-08-13T05:07:00.000,15.4848
2025-08-13T05:08:00.000,15.5040
2025-08-13T05:09:00.000,15.5095
2025-08-13T05:10:00.000,15.5150
2025-08-13T05:11:00.000,15.5178
2025-08-13T05:12:00.000,15.5026
2025-08-13T05:13:00.000,15.4834
2025-08-13T05:14:00.000,15.4614
2025-08-13T05:15:00.000,15.4490
2025-08-13T05:16:00.000,15.4366
2025-08-13T05:17:00.000,15.4283
2025-08-13T05:18:00.000,15.4269
2025-08-13T05:19:00.000,15.4173
2025-08-13T05:20:00.000,15.4090
2025-08-13T05:21:00.000,15.4063
2025-08-13T05:22:00.000,15.4063
2025-08-13T05:23:00.000,15.4173
2025-08-13T05:24:00.000,15.4311
2025-08-13T05:25:00.000,15.4627
2025-08-13T05:26:00.000,15.4875
2025-08-13T05:27:00.000,15.4779
2025-08-13T05:28:00.000,15.4861
2025-08-13T05:29:00.000,15.5150
2025-08-13T05:30:00.000,15.5384
2025-08-13T05:31:00.000,15.5384
2025-08-13T05:32:00.000,15.5357
2025-08-13T05:33:00.000,15.5453
2025-08-13T05:34:00.000,15.5577
2025-08-13T05:35:00.000,15.5536
2025-08-13T05:36:00.000,15.4627
2025-08-13T05:37:00.000,15.3677
2025-08-13T05:38:00.000,15.2824
2025-08-13T05:39:00.000,15.1735
2025-08-13T05:40:00.000,15.0509
2025-08-13T05:41:00.000,14.9005
2025-08-13T05:42:00.000,14.7321
2025-08-13T05:43:00.000,14.5595
2025-08-13T05:44:00.000,14.3964
2025-08-13T05:45:00.000,14.2594
2025-08-13T05:46:00.000,14.1362
2025-08-13T05:47:00.000,14.0282
2025-08-13T05:48:00.000,13.9423
2025-08-13T05:49:00.000,13.8771
2025-08-13T05:50:00.000,13.8341
2025-08-13T05:51:00.000,13.7953
2025-08-13T05:52:00.000,13.7620
2025-08-13T05:53:00.000,13.7314
2025-08-13T05:54:00.000,13.6954
2025-08-13T05:55:00.000,13.6732
2025-08-13T05:56:00.000,13.6523
2025-08-13T05:57:00.000,13.6384
2025-08-13T05:58:00.000,13.6273
2025-08-13T05:59:00.000,13.6162
2025-08-13T06:00:00.000,13.6093
2025-08-13T06:01:00.000,13.6009
2025-08-13T06:02:00.000,13.5968
2025-08-13T06:03:00.000,13.5940
2025-08-13T06:04:00.000,13.6121
2025-08-13T06:05:00.000,13.6537
2025-08-13T06:06:00.000,13.7065
2025-08-13T06:07:00.000,13.7731
2025-08-13T06:08:00.000,13.8424
2025-08-13T06:09:00.000,13.9035
2025-08-13T06:10:00.000,13.9492
2025-08-13T06:11:00.000,13.9825
2025-08-13T06:12:00.000,14.0199
2025-08-13T06:13:00.000,14.0711
2025-08-13T06:14:00.000,14.1224
2025-08-13T06:15:00.000,14.1695
2025-08-13T06:16:00.000,14.2193
2025-08-13T06:17:00.000,14.2705
2025-08-13T06:18:00.000,14.3162
2025-08-13T06:19:00.000,14.3549
2025-08-13T06:20:00.000,14.3839
2025-08-13T06:21:00.000,14.4199
2025-08-13T06:22:00.000,14.4558
2025-08-13T06:23:00.000,14.4793
2025-08-13T06:24:00.000,14.4890
2025-08-13T06:25:00.000,14.4766
2025-08-13T06:26:00.000,14.4710
2025-08-13T06:27:00.000,14.4683
2025-08-13T06:28:00.000,14.4641
2025-08-13T06:29:00.000,14.4600
2025-08-13T06:30:00.000,14.4545
2025-08-13T06:31:00.000,14.4489
2025-08-13T06:32:00.000,14.4462
2025-08-13T06:33:00.000,14.4379
2025-08-13T06:34:00.000,14.3991
2025-08-13T06:35:00.000,14.3369
2025-08-13T06:36:00.000,14.2691
2025-08-13T06:37:00.000,14.2068
2025-08-13T06:38:00.000,14.1418
2025-08-13T06:39:00.000,14.0919
2025-08-13T06:40:00.000,14.0296
2025-08-13T06:41:00.000,13.9658
2025-08-13T06:42:00.000,13.9035
2025-08-13T06:43:00.000,13.8369
2025-08-13T06:44:00.000,13.7800
2025-08-13T06:45:00.000,13.7356
2025-08-13T06:46:00.000,13.6912
2025-08-13T06:47:00.000,13.6648
2025-08-13T06:48:00.000,13.6495
2025-08-13T06:49:00.000,13.6315
2025-08-13T06:50:00.000,13.6190
2025-08-13T06:51:00.000,13.6009
2025-08-13T06:52:00.000,13.5968
2025-08-13T06:53:00.000,13.6009
2025-08-13T06:54:00.000,13.5996
2025-08-13T06:55:00.000,13.6065
2025-08-13T06:56:00.000,13.6232
2025-08-13T06:57:00.000,13.6273
2025-08-13T06:58:00.000,13.6509
2025-08-13T06:59:00.000,13.7051
2025-08-13T07:00:00.000,13.7717
2025-08-13T07:01:00.000,13.8480
2025-08-13T07:02:00.000,13.9326
2025-08-13T07:03:00.000,14.0185
2025-08-13T07:04:00.000,14.1002
2025-08-13T07:05:00.000,14.1625
2025-08-13T07:06:00.000,14.1985
2025-08-13T07:07:00.000,14.2539
2025-08-13T07:08:00.000,14.3203
2025-08-13T07:09:00.000,14.3922
2025-08-13T07:10:00.000,14.4406
2025-08-13T07:11:00.000,14.4766
2025-08-13T07:12:00.000,14.5346
2025-08-13T07:13:00.000,14.6161
2025-08-13T07:14:00.000,14.6935
2025-08-13T07:15:00.000,14.7639
2025-08-13T07:16:00.000,14.8260
2025-08-13T07:17:00.000,14.8826
2025-08-13T07:18:00.000,14.9391
2025-08-13T07:19:00.000,14.9929
2025-08-13T07:20:00.000,15.0371
2025-08-13T07:21:00.000,15.0770
2025-08-13T07:22:00.000,15.1143
2025-08-13T07:23:00.000,15.1404
2025-08-13T07:24:00.000,15.1611
2025-08-13T07:25:00.000,15.1666
2025-08-13T07:26:00.000,15.1611
2025-08-13T07:27:00.000,15.1363
2025-08-13T07:28:00.000,15.1267
2025-08-13T07:29:00.000,15.1322
2025-08-13T07:30:00.000,15.1404
2025-08-13T07:31:00.000,15.1212
2025-08-13T07:32:00.000,15.0619
2025-08-13T07:33:00.000,14.9709
2025-08-13T07:34:00.000,14.8964
2025-08-13T07:35:00.000,14.8716
2025-08-13T07:36:00.000,14.8453
2025-08-13T07:37:00.000,14.7584
2025-08-13T07:38:00.000,14.6617
2025-08-13T07:39:00.000,14.6175
2025-08-13T07:40:00.000,14.5692
2025-08-13T07:41:00.000,14.4890
2025-08-13T07:42:00.000,14.4448
2025-08-13T07:43:00.000,14.4227
2025-08-13T07:44:00.000,14.3507
2025-08-13T07:45:00.000,14.2857
2025-08-13T07:46:00.000,14.2484
2025-08-13T07:47:00.000,14.2359
2025-08-13T07:48:00.000,14.2234
2025-08-13T07:49:00.000,14.2290
2025-08-13T07:50:00.000,14.2470
2025-08-13T07:51:00.000,14.2663
2025-08-13T07:52:00.000,14.2857
2025-08-13T07:53:00.000,14.2982
2025-08-13T07:54:00.000,14.3023
2025-08-13T07:55:00.000,14.3065
2025-08-13T07:56:00.000,14.3162
2025-08-13T07:57:00.000,14.3286
2025-08-13T07:58:00.000,14.3452
2025-08-13T07:59:00.000,14.3577
2025-08-13T08:00:00.000,14.3646
2025-08-13T08:01:00.000,14.3798
2025-08-13T08:02:00.000,14.4019
2025-08-13T08:03:00.000,14.4171
2025-08-13T08:04:00.000,14.4268
2025-08-13T08:05:00.000,14.4227
2025-08-13T08:06:00.000,14.4130
2025-08-13T08:07:00.000,14.3867
2025-08-13T08:08:00.000,14.3480
2025-08-13T08:09:00.000,14.3009
2025-08-13T08:10:00.000,14.2525
2025-08-13T08:11:00.000,14.2082
2025-08-13T08:12:00.000,14.1708
2025-08-13T08:13:00.000,14.1362
2025-08-13T08:14:00.000,14.1071
2025-08-13T08:15:00.000,14.0836
2025-08-13T08:16:00.000,14.0642
2025-08-13T08:17:00.000,14.0504
2025-08-13T08:18:00.000,14.0393
2025-08-13T08:19:00.000,14.0296
2025-08-13T08:20:00.000,14.0199
2025-08-13T08:21:00.000,14.0199
2025-08-13T08:22:00.000,14.0185
2025-08-13T08:23:00.000,14.0226
2025-08-13T08:24:00.000,14.0337
2025-08-13T08:25:00.000,14.0407
2025-08-13T08:26:00.000,14.0420
2025-08-13T08:27:00.000,14.0434
2025-08-13T08:28:00.000,14.0434
2025-08-13T08:29:00.000,14.0420
2025-08-13T08:30:00.000,14.0407
2025-08-13T08:31:00.000,14.0407
2025-08-13T08:32:00.000,14.0420
2025-08-13T08:33:00.000,14.0407
2025-08-13T08:34:00.000,14.0420
2025-08-13T08:35:00.000,14.0434
2025-08-13T08:36:00.000,14.0448
2025-08-13T08:37:00.000,14.0434
2025-08-13T08:38:00.000,14.0434
2025-08-13T08:39:00.000,14.0323
2025-08-13T08:40:00.000,14.0185
2025-08-13T08:41:00.000,14.0019
2025-08-13T08:42:00.000,13.9838
2025-08-13T08:43:00.000,13.9714
2025-08-13T08:44:00.000,13.9603
2025-08-13T08:45:00.000,13.9561
2025-08-13T08:46:00.000,13.9575
2025-08-13T08:47:00.000,13.9617
2025-08-13T08:48:00.000,13.9686
2025-08-13T08:49:00.000,13.9755
2025-08-13T08:50:00.000,13.9825
2025-08-13T08:51:00.000,13.9894
2025-08-13T08:52:00.000,13.9963
2025-08-13T08:53:00.000,14.0005
2025-08-13T08:54:00.000,14.0088
2025-08-13T08:55:00.000,14.0199
2025-08-13T08:56:00.000,14.0268
2025-08-13T08:57:00.000,14.0337
2025-08-13T08:58:00.000,14.0393
2025-08-13T08:59:00.000,14.0448
2025-08-13T09:00:00.000,14.0504
2025-08-13T09:01:00.000,14.0545
2025-08-13T09:02:00.000,14.0587
2025-08-13T09:03:00.000,14.0628
2025-08-13T09:04:00.000,14.0656
2025-08-13T09:05:00.000,14.0670
2025-08-13T09:06:00.000,14.0656
2025-08-13T09:07:00.000,14.0614
2025-08-13T09:08:00.000,14.0559
2025-08-13T09:09:00.000,14.0517
2025-08-13T09:10:00.000,14.0504
2025-08-13T09:11:00.000,14.0476
2025-08-13T09:12:00.000,14.0448
2025-08-13T09:13:00.000,14.0351
2025-08-13T09:14:00.000,14.0171
2025-08-13T09:15:00.000,14.0060
2025-08-13T09:16:00.000,13.9866
2025-08-13T09:17:00.000,13.9672
2025-08-13T09:18:00.000,13.9492
2025-08-13T09:19:00.000,13.9381
2025-08-13T09:20:00.000,13.9326
2025-08-13T09:21:00.000,13.9312
2025-08-13T09:22:00.000,13.9312
2025-08-13T09:23:00.000,13.9298
2025-08-13T09:24:00.000,13.9270
2025-08-13T09:25:00.000,13.9229
2025-08-13T09:26:00.000,13.9118
2025-08-13T09:27:00.000,13.8951
2025-08-13T09:28:00.000,13.8757
2025-08-13T09:29:00.000,13.8632
2025-08-13T09:30:00.000,13.8508
2025-08-13T09:31:00.000,13.8410
2025-08-13T09:32:00.000,13.8300
2025-08-13T09:33:00.000,13.8189
2025-08-13T09:34:00.000,13.8078
2025-08-13T09:35:00.000,13.8022
2025-08-13T09:36:00.000,13.7994
2025-08-13T09:37:00.000,13.7994
2025-08-13T09:38:00.000,13.8008
2025-08-13T09:39:00.000,13.8008
2025-08-13T09:40:00.000,13.8022
2025-08-13T09:41:00.000,13.8036
2025-08-13T09:42:00.000,13.8064
2025-08-13T09:43:00.000,13.8091
2025-08-13T09:44:00.000,13.8119
2025-08-13T09:45:00.000,13.8119
2025-08-13T09:46:00.000,13.8161
2025-08-13T09:47:00.000,13.8175
2025-08-13T09:48:00.000,13.8161
2025-08-13T09:49:00.000,13.8189
2025-08-13T09:50:00.000,13.8189
2025-08-13T09:51:00.000,13.8202
2025-08-13T09:52:00.000,13.8202
2025-08-13T09:53:00.000,13.8189
2025-08-13T09:54:00.000,13.8189
2025-08-13T09:55:00.000,13.8133
2025-08-13T09:56:00.000,13.8078
2025-08-13T09:57:00.000,13.8008
2025-08-13T09:58:00.000,13.7897
2025-08-13T09:59:00.000,13.7786
2025-08-13T10:00:00.000,13.7703
2025-08-13T10:01:00.000,13.7648
2025-08-13T10:02:00.000,13.7578
2025-08-13T10:03:00.000,13.7564
2025-08-13T10:04:00.000,13.7467
2025-08-13T10:05:00.000,13.7398
2025-08-13T10:06:00.000,13.7314
2025-08-13T10:07:00.000,13.7217
2025-08-13T10:08:00.000,13.7217
2025-08-13T10:09:00.000,13.7217
2025-08-13T10:10:00.000,13.7176
2025-08-13T10:11:00.000,13.7120
2025-08-13T10:12:00.000,13.7106
2025-08-13T10:13:00.000,13.7079
2025-08-13T10:14:00.000,13.7037
2025-08-13T10:15:00.000,13.7051
2025-08-13T10:16:00.000,13.7023
2025-08-13T10:17:00.000,13.6995
2025-08-13T10:18:00.000,13.6981
2025-08-13T10:19:00.000,13.6995
2025-08-13T10:20:00.000,13.7051
2025-08-13T10:21:00.000,13.7051
2025-08-13T10:22:00.000,13.6995
2025-08-13T10:23:00.000,13.6967
2025-08-13T10:24:00.000,13.6912
2025-08-13T10:25:00.000,13.6884
2025-08-13T10:26:00.000,13.6884
2025-08-13T10:27:00.000,13.6884
2025-08-13T10:28:00.000,13.6898
2025-08-13T10:29:00.000,13.6898
2025-08-13T10:30:00.000,13.6856
2025-08-13T10:31:00.000,13.6815
2025-08-13T10:32:00.000,13.6759
2025-08-13T10:33:00.000,13.6732
2025-08-13T10:34:00.000,13.6704
2025-08-13T10:35:00.000,13.6704
2025-08-13T10:36:00.000,13.6718
2025-08-13T10:37:00.000,13.6787
2025-08-13T10:38:00.000,13.6787
2025-08-13T10:39:00.000,13.6801
2025-08-13T10:40:00.000,13.6801
2025-08-13T10:41:00.000,13.6801
2025-08-13T10:42:00.000,13.6801
2025-08-13T10:43:00.000,13.6815
2025-08-13T10:44:00.000,13.6856
2025-08-13T10:45:00.000,13.6926
2025-08-13T10:46:00.000,13.7009
2025-08-13T10:47:00.000,13.7120
2025-08-13T10:48:00.000,13.7245
2025-08-13T10:49:00.000,13.7398
2025-08-13T10:50:00.000,13.7564
2025-08-13T10:51:00.000,13.7703
2025-08-13T10:52:00.000,13.7842
2025-08-13T10:53:00.000,13.7980
2025-08-13T10:54:00.000,13.8008
2025-08-13T10:55:00.000,13.8091
2025-08-13T10:56:00.000,13.8036
2025-08-13T10:57:00.000,13.8036
2025-08-13T10:58:00.000,13.8078
2025-08-13T10:59:00.000,13.8161
2025-08-13T11:00:00.000,13.8230
2025-08-13T11:01:00.000,13.8272
2025-08-13T11:02:00.000,13.8286
2025-08-13T11:03:00.000,13.8313
2025-08-13T11:04:00.000,13.8300
2025-08-13T11:05:00.000,13.8300
2025-08-13T11:06:00.000,13.8286
2025-08-13T11:07:00.000,13.8286
2025-08-13T11:08:00.000,13.8327
2025-08-13T11:09:00.000,13.8383
2025-08-13T11:10:00.000,13.8452
2025-08-13T11:11:00.000,13.8535
2025-08-13T11:12:00.000,13.8716
2025-08-13T11:13:00.000,13.8688
2025-08-13T11:14:00.000,13.8646
2025-08-13T11:15:00.000,13.8660
2025-08-13T11:16:00.000,13.8674
2025-08-13T11:17:00.000,13.8702
2025-08-13T11:18:00.000,13.8716
2025-08-13T11:19:00.000,13.8688
2025-08-13T11:20:00.000,13.8660
2025-08-13T11:21:00.000,13.8646
2025-08-13T11:22:00.000,13.8563
2025-08-13T11:23:00.000,13.8480
2025-08-13T11:24:00.000,13.8410
2025-08-13T11:25:00.000,13.8355
2025-08-13T11:26:00.000,13.8327
2025-08-13T11:27:00.000,13.8216
2025-08-13T11:28:00.000,13.8091
2025-08-13T11:29:00.000,13.7994
2025-08-13T11:30:00.000,13.7842
2025-08-13T11:31:00.000,13.7648
2025-08-13T11:32:00.000,13.7467
2025-08-13T11:33:00.000,13.7314
2025-08-13T11:34:00.000,13.7203
2025-08-13T11:35:00.000,13.7079
2025-08-13T11:36:00.000,13.7023
2025-08-13T11:37:00.000,13.7037
2025-08-13T11:38:00.000,13.7037
2025-08-13T11:39:00.000,13.7009
2025-08-13T11:40:00.000,13.6954
2025-08-13T11:41:00.000,13.6981
2025-08-13T11:42:00.000,13.6954
2025-08-13T11:43:00.000,13.6884
2025-08-13T11:44:00.000,13.6884
2025-08-13T11:45:00.000,13.6843
2025-08-13T11:46:00.000,13.6829
2025-08-13T11:47:00.000,13.6759
2025-08-13T11:48:00.000,13.6690
2025-08-13T11:49:00.000,13.6718
2025-08-13T11:50:00.000,13.6759
2025-08-13T11:51:00.000,13.6801
2025-08-13T11:52:00.000,13.6843
2025-08-13T11:53:00.000,13.6898
2025-08-13T11:54:00.000,13.6898
2025-08-13T11:55:00.000,13.6954
2025-08-13T11:56:00.000,13.6954
2025-08-13T11:57:00.000,13.6967
2025-08-13T11:58:00.000,13.7009
2025-08-13T11:59:00.000,13.7079
2025-08-13T12:00:00.000,13.7106
2025-08-13T12:01:00.000,13.7176
2025-08-13T12:02:00.000,13.7273
2025-08-13T12:03:00.000,13.7384
2025-08-13T12:04:00.000,13.7467
2025-08-13T12:05:00.000,13.7495
2025-08-13T12:06:00.000,13.7509
2025-08-13T12:07:00.000,13.7537
2025-08-13T12:08:00.000,13.7661
2025-08-13T12:09:00.000,13.7814
2025-08-13T12:10:00.000,13.7953
2025-08-13T12:11:00.000,13.8133
2025-08-13T12:12:00.000,13.8341
2025-08-13T12:13:00.000,13.8674
2025-08-13T12:14:00.000,13.9090
2025-08-13T12:15:00.000,13.9423
2025-08-13T12:16:00.000,13.9880
2025-08-13T12:17:00.000,14.0323
2025-08-13T12:18:00.000,14.0684
2025-08-13T12:19:00.000,14.1085
2025-08-13T12:20:00.000,14.1570
2025-08-13T12:21:00.000,14.1999
2025-08-13T12:22:00.000,14.2262
2025-08-13T12:23:00.000,14.2484
2025-08-13T12:24:00.000,14.2650
2025-08-13T12:25:00.000,14.2705
2025-08-13T12:26:00.000,14.2733
2025-08-13T12:27:00.000,14.2788
2025-08-13T12:28:00.000,14.2954
2025-08-13T12:29:00.000,14.3023
2025-08-13T12:30:00.000,14.3106
2025-08-13T12:31:00.000,14.3134
2025-08-13T12:32:00.000,14.3079
2025-08-13T12:33:00.000,14.3106
2025-08-13T12:34:00.000,14.3148
2025-08-13T12:35:00.000,14.3175
2025-08-13T12:36:00.000,14.3314
2025-08-13T12:37:00.000,14.3535
2025-08-13T12:38:00.000,14.3618
2025-08-13T12:39:00.000,14.3715
2025-08-13T12:40:00.000,14.3784
2025-08-13T12:41:00.000,14.3909
2025-08-13T12:42:00.000,14.4033
2025-08-13T12:43:00.000,14.4254
2025-08-13T12:44:00.000,14.4434
2025-08-13T12:45:00.000,14.4614
2025-08-13T12:46:00.000,14.4710
2025-08-13T12:47:00.000,14.4835
2025-08-13T12:48:00.000,14.5070
2025-08-13T12:49:00.000,14.5222
2025-08-13T12:50:00.000,14.5263
2025-08-13T12:51:00.000,14.5319
2025-08-13T12:52:00.000,14.5360
2025-08-13T12:53:00.000,14.5402
2025-08-13T12:54:00.000,14.5498
2025-08-13T12:55:00.000,14.5526
2025-08-13T12:56:00.000,14.5567
2025-08-13T12:57:00.000,14.5678
2025-08-13T12:58:00.000,14.5830
2025-08-13T12:59:00.000,14.6023
2025-08-13T13:00:00.000,14.6341
2025-08-13T13:01:00.000,14.6686
2025-08-13T13:02:00.000,14.7018
2025-08-13T13:03:00.000,14.7211
2025-08-13T13:04:00.000,14.7432
2025-08-13T13:05:00.000,14.7708
2025-08-13T13:06:00.000,14.8095
2025-08-13T13:07:00.000,14.8398
2025-08-13T13:08:00.000,14.8674
2025-08-13T13:09:00.000,14.9005
2025-08-13T13:10:00.000,14.9336
2025-08-13T13:11:00.000,14.9943
2025-08-13T13:12:00.000,15.0605
2025-08-13T13:13:00.000,15.0991
2025-08-13T13:14:00.000,15.1019
2025-08-13T13:15:00.000,15.0922
2025-08-13T13:16:00.000,15.0770
2025-08-13T13:17:00.000,15.0743
2025-08-13T13:18:00.000,15.0991
2025-08-13T13:19:00.000,15.1446
2025-08-13T13:20:00.000,15.1873
2025-08-13T13:21:00.000,15.2245
2025-08-13T13:22:00.000,15.3264
2025-08-13T13:23:00.000,15.4490
2025-08-13T13:24:00.000,15.5728
2025-08-13T13:25:00.000,15.6567
2025-08-13T13:26:00.000,15.6746
2025-08-13T13:27:00.000,15.6952
2025-08-13T13:28:00.000,15.7365
2025-08-13T13:29:00.000,15.7750
2025-08-13T13:30:00.000,15.7970
2025-08-13T13:31:00.000,15.8176
2025-08-13T13:32:00.000,15.8382
2025-08-13T13:33:00.000,15.8561
2025-08-13T13:34:00.000,15.8781
2025-08-13T13:35:00.000,15.8987
2025-08-13T13:36:00.000,15.9179
2025-08-13T13:37:00.000,15.9468
2025-08-13T13:38:00.000,15.9880
2025-08-13T13:39:00.000,16.0265
2025-08-13T13:40:00.000,16.0704
2025-08-13T13:41:00.000,16.1007
2025-08-13T13:42:00.000,16.1240
2025-08-13T13:43:00.000,16.1597
2025-08-13T13:44:00.000,16.2050
2025-08-13T13:45:00.000,16.2434
2025-08-13T13:46:00.000,16.2805
2025-08-13T13:47:00.000,16.3135
2025-08-13T13:48:00.000,16.3395
2025-08-13T13:49:00.000,16.3697
2025-08-13T13:50:00.000,16.3930
2025-08-13T13:51:00.000,16.4232
2025-08-13T13:52:00.000,16.4575
2025-08-13T13:53:00.000,16.4905
2025-08-13T13:54:00.000,16.5371
2025-08-13T13:55:00.000,16.5549
2025-08-13T13:56:00.000,16.5618
2025-08-13T13:57:00.000,16.5673
2025-08-13T13:58:00.000,16.5837
2025-08-13T13:59:00.000,16.6002
2025-08-13T14:00:00.000,16.6221
2025-08-13T14:01:00.000,16.6482
2025-08-13T14:02:00.000,16.6756
2025-08-13T14:03:00.000,16.6921
2025-08-13T14:04:00.000,16.7099
2025-08-13T14:05:00.000,16.7318
2025-08-13T14:06:00.000,16.7565
2025-08-13T14:07:00.000,16.7839
2025-08-13T14:08:00.000,16.8086
2025-08-13T14:09:00.000,16.7880
2025-08-13T14:10:00.000,16.7770
2025-08-13T14:11:00.000,16.7757
2025-08-13T14:12:00.000,16.7716
2025-08-13T14:13:00.000,16.7688
2025-08-13T14:14:00.000,16.7620
2025-08-13T14:15:00.000,16.7606
2025-08-13T14:16:00.000,16.7757
2025-08-13T14:17:00.000,16.7908
2025-08-13T14:18:00.000,16.7894
2025-08-13T14:19:00.000,16.7976
2025-08-13T14:20:00.000,16.7990
2025-08-13T14:21:00.000,16.8017
2025-08-13T14:22:00.000,16.8099
2025-08-13T14:23:00.000,16.8237
2025-08-13T14:24:00.000,16.8415
2025-08-13T14:25:00.000,16.8579
2025-08-13T14:26:00.000,16.8785
2025-08-13T14:27:00.000,16.9168
2025-08-13T14:28:00.000,16.9634
2025-08-13T14:29:00.000,17.0100
2025-08-13T14:30:00.000,17.0662
2025-08-13T14:31:00.000,17.1182
2025-08-13T14:32:00.000,17.1634
2025-08-13T14:33:00.000,17.2141
2025-08-13T14:34:00.000,17.2634
2025-08-13T14:35:00.000,17.3100
2025-08-13T14:36:00.000,17.3538
2025-08-13T14:37:00.000,17.3812
2025-08-13T14:38:00.000,17.4085
2025-08-13T14:39:00.000,17.4277
2025-08-13T14:40:00.000,17.4359
2025-08-13T14:41:00.000,17.4455
2025-08-13T14:42:00.000,17.4564
2025-08-13T14:43:00.000,17.4578
2025-08-13T14:44:00.000,17.4537
2025-08-13T14:45:00.000,17.4523
2025-08-13T14:46:00.000,17.4523
2025-08-13T14:47:00.000,17.4523
2025-08-13T14:48:00.000,17.4578
2025-08-13T14:49:00.000,17.4633
2025-08-13T14:50:00.000,17.4674
2025-08-13T14:51:00.000,17.4674
2025-08-13T14:52:00.000,17.4756
2025-08-13T14:53:00.000,17.4934
2025-08-13T14:54:00.000,17.5085
2025-08-13T14:55:00.000,17.5194
2025-08-13T14:56:00.000,17.5290
2025-08-13T14:57:00.000,17.5221
2025-08-13T14:58:00.000,17.5085
2025-08-13T14:59:00.000,17.5030
2025-08-13T15:00:00.000,17.5030
2025-08-13T15:01:00.000,17.5126
2025-08-13T15:02:00.000,17.5276
2025-08-13T15:03:00.000,17.5536
2025-08-13T15:04:00.000,17.5728
2025-08-13T15:05:00.000,17.5837
2025-08-13T15:06:00.000,17.6015
2025-08-13T15:07:00.000,17.6289
2025-08-13T15:08:00.000,17.6672
2025-08-13T15:09:00.000,17.7083
2025-08-13T15:10:00.000,17.7589
2025-08-13T15:11:00.000,17.8027
2025-08-13T15:12:00.000,17.8451
2025-08-13T15:13:00.000,17.9039
2025-08-13T15:14:00.000,17.9737
2025-08-13T15:15:00.000,18.0516
2025-08-13T15:16:00.000,18.1282
2025-08-13T15:17:00.000,18.1829
2025-08-13T15:18:00.000,18.2185
2025-08-13T15:19:00.000,18.2499
2025-08-13T15:20:00.000,18.2800
2025-08-13T15:21:00.000,18.3128
2025-08-13T15:22:00.000,18.3525
2025-08-13T15:23:00.000,18.4113
2025-08-13T15:24:00.000,18.4714
2025-08-13T15:25:00.000,18.5248
2025-08-13T15:26:00.000,18.5671
2025-08-13T15:27:00.000,18.6109
2025-08-13T15:28:00.000,18.6437
2025-08-13T15:29:00.000,18.6710
2025-08-13T15:30:00.000,18.6915
2025-08-13T15:31:00.000,18.7079
2025-08-13T15:32:00.000,18.7161
2025-08-13T15:33:00.000,18.7175
2025-08-13T15:34:00.000,18.7161
2025-08-13T15:35:00.000,18.7052
2025-08-13T15:36:00.000,18.7079
2025-08-13T15:37:00.000,18.7175
2025-08-13T15:38:00.000,18.7298
2025-08-13T15:39:00.000,18.7394
2025-08-13T15:40:00.000,18.7503
2025-08-13T15:41:00.000,18.7681
2025-08-13T15:42:00.000,18.7831
2025-08-13T15:43:00.000,18.7900
2025-08-13T15:44:00.000,18.7859
2025-08-13T15:45:00.000,18.7449
2025-08-13T15:46:00.000,18.7202
2025-08-13T15:47:00.000,18.6929
2025-08-13T15:48:00.000,18.6710
2025-08-13T15:49:00.000,18.6464
2025-08-13T15:50:00.000,18.6191
2025-08-13T15:51:00.000,18.5863
2025-08-13T15:52:00.000,18.5630
2025-08-13T15:53:00.000,18.5466
2025-08-13T15:54:00.000,18.5261
2025-08-13T15:55:00.000,18.4988
2025-08-13T15:56:00.000,18.4728
2025-08-13T15:57:00.000,18.4523
2025-08-13T15:58:00.000,18.4304
2025-08-13T15:59:00.000,18.4072
2025-08-13T16:00:00.000,18.3839
2025-08-13T16:01:00.000,18.3634
2025-08-13T16:02:00.000,18.3429
2025-08-13T16:03:00.000,18.3306
2025-08-13T16:04:00.000,18.3197
2025-08-13T16:05:00.000,18.3074
2025-08-13T16:06:00.000,18.2909
2025-08-13T16:07:00.000,18.2759
2025-08-13T16:08:00.000,18.2650
2025-08-13T16:09:00.000,18.2513
2025-08-13T16:10:00.000,18.2404
2025-08-13T16:11:00.000,18.2321
2025-08-13T16:12:00.000,18.2171
2025-08-13T16:13:00.000,18.1966
2025-08-13T16:14:00.000,18.1692
2025-08-13T16:15:00.000,18.1433
2025-08-13T16:16:00.000,18.1173
2025-08-13T16:17:00.000,18.0927
2025-08-13T16:18:00.000,18.0762
2025-08-13T16:19:00.000,18.0544
2025-08-13T16:20:00.000,18.0325
2025-08-13T16:21:00.000,18.0120
2025-08-13T16:22:00.000,17.9997
2025-08-13T16:23:00.000,17.9887
2025-08-13T16:24:00.000,17.9791
2025-08-13T16:25:00.000,17.9723
2025-08-13T16:26:00.000,17.9655
2025-08-13T16:27:00.000,17.9573
2025-08-13T16:28:00.000,17.9504
2025-08-13T16:29:00.000,17.9449
2025-08-13T16:30:00.000,17.9367
2025-08-13T16:31:00.000,17.9244
2025-08-13T16:32:00.000,17.9039
2025-08-13T16:33:00.000,17.8683
2025-08-13T16:34:00.000,17.8396
2025-08-13T16:35:00.000,17.8027
2025-08-13T16:36:00.000,17.7534
2025-08-13T16:37:00.000,17.6864
2025-08-13T16:38:00.000,17.6070
2025-08-13T16:39:00.000,17.5180
2025-08-13T16:40:00.000,17.4044
2025-08-13T16:41:00.000,17.2867
2025-08-13T16:42:00.000,17.1607
2025-08-13T16:43:00.000,16.9963
2025-08-13T16:44:00.000,16.8675
2025-08-13T16:45:00.000,16.7414
2025-08-13T16:46:00.000,16.5796
2025-08-13T16:47:00.000,16.4095
2025-08-13T16:48:00.000,16.2599
2025-08-13T16:49:00.000,16.1583
2025-08-13T16:50:00.000,16.0416
2025-08-13T16:51:00.000,15.9152
2025-08-13T16:52:00.000,15.7832
2025-08-13T16:53:00.000,15.6884
2025-08-13T16:54:00.000,15.6223
2025-08-13T16:55:00.000,15.5714
2025-08-13T16:56:00.000,15.5082
2025-08-13T16:57:00.000,15.4655
2025-08-13T16:58:00.000,15.4283
2025-08-13T16:59:00.000,15.4063
2025-08-13T17:00:00.000,15.3815
2025-08-13T17:01:00.000,15.3664
2025-08-13T17:02:00.000,15.3609
2025-08-13T17:03:00.000,15.3774
2025-08-13T17:04:00.000,15.3870
2025-08-13T17:05:00.000,15.3925
2025-08-13T17:06:00.000,15.3953
2025-08-13T17:07:00.000,15.3801
2025-08-13T17:08:00.000,15.3650
2025-08-13T17:09:00.000,15.3912
2025-08-13T17:10:00.000,15.4614
2025-08-13T17:11:00.000,15.5467
2025-08-13T17:12:00.000,15.6251
2025-08-13T17:13:00.000,15.7296
2025-08-13T17:14:00.000,15.8534
2025-08-13T17:15:00.000,15.9660
2025-08-13T17:16:00.000,16.0828
2025-08-13T17:17:00.000,16.1721
2025-08-13T17:18:00.000,16.2407
2025-08-13T17:19:00.000,16.3107
2025-08-13T17:20:00.000,16.3519
2025-08-13T17:21:00.000,16.4054
2025-08-13T17:22:00.000,16.4191
2025-08-13T17:23:00.000,16.4342
2025-08-13T17:24:00.000,16.4699
2025-08-13T17:25:00.000,16.4918
2025-08-13T17:26:00.000,16.5357
2025-08-13T17:27:00.000,16.5810
2025-08-13T17:28:00.000,16.6139
2025-08-13T17:29:00.000,16.6482
2025-08-13T17:30:00.000,16.6907
2025-08-13T17:31:00.000,16.7332
2025-08-13T17:32:00.000,16.7579
2025-08-13T17:33:00.000,16.7661
2025-08-13T17:34:00.000,16.7428
2025-08-13T17:35:00.000,16.6989
2025-08-13T17:36:00.000,16.6537
2025-08-13T17:37:00.000,16.6317
2025-08-13T17:38:00.000,16.6276
2025-08-13T17:39:00.000,16.6276
2025-08-13T17:40:00.000,16.6112
2025-08-13T17:41:00.000,16.5906
2025-08-13T17:42:00.000,16.5536
2025-08-13T17:43:00.000,16.5234
2025-08-13T17:44:00.000,16.4877
2025-08-13T17:45:00.000,16.4589
2025-08-13T17:46:00.000,16.4205
2025-08-13T17:47:00.000,16.3876
2025-08-13T17:48:00.000,16.3491
2025-08-13T17:49:00.000,16.3217
2025-08-13T17:50:00.000,16.3011
2025-08-13T17:51:00.000,16.2833
2025-08-13T17:52:00.000,16.2750
2025-08-13T17:53:00.000,16.2764
2025-08-13T17:54:00.000,16.2791
2025-08-13T17:55:00.000,16.2970
2025-08-13T17:56:00.000,16.3203
2025-08-13T17:57:00.000,16.3436
2025-08-13T17:58:00.000,16.3601
2025-08-13T17:59:00.000,16.3642
2025-08-13T18:00:00.000,16.3711
2025-08-13T18:01:00.000,16.3656
2025-08-13T18:02:00.000,16.3533
2025-08-13T18:03:00.000,16.3327
2025-08-13T18:04:00.000,16.2997
2025-08-13T18:05:00.000,16.2558
2025-08-13T18:06:00.000,16.2105
2025-08-13T18:07:00.000,16.1638
2025-08-13T18:08:00.000,16.1130
2025-08-13T18:09:00.000,16.0636
2025-08-13T18:10:00.000,16.0169
2025-08-13T18:11:00.000,15.9619
2025-08-13T18:12:00.000,15.9138
2025-08-13T18:13:00.000,15.8740
2025-08-13T18:14:00.000,15.8575
2025-08-13T18:15:00.000,15.8410
2025-08-13T18:16:00.000,15.8080
2025-08-13T18:17:00.000,15.7832
2025-08-13T18:18:00.000,15.7516
2025-08-13T18:19:00.000,15.7172
2025-08-13T18:20:00.000,15.6829
2025-08-13T18:21:00.000,15.6237
2025-08-13T18:22:00.000,15.5659
2025-08-13T18:23:00.000,15.5095
2025-08-13T18:24:00.000,15.4627
2025-08-13T18:25:00.000,15.4201
2025-08-13T18:26:00.000,15.3664
2025-08-13T18:27:00.000,15.3113
2025-08-13T18:28:00.000,15.2617
2025-08-13T18:29:00.000,15.2162
2025-08-13T18:30:00.000,15.1653
2025-08-13T18:31:00.000,15.0798
2025-08-13T18:32:00.000,15.0095
2025-08-13T18:33:00.000,14.9529
2025-08-13T18:34:00.000,14.9143
2025-08-13T18:35:00.000,14.8867
2025-08-13T18:36:00.000,14.8633
2025-08-13T18:37:00.000,14.8453
2025-08-13T18:38:00.000,14.8302
2025-08-13T18:39:00.000,14.8081
2025-08-13T18:40:00.000,14.7791
2025-08-13T18:41:00.000,14.7432
2025-08-13T18:42:00.000,14.7101
2025-08-13T18:43:00.000,14.6686
2025-08-13T18:44:00.000,14.6230
2025-08-13T18:45:00.000,14.5678
2025-08-13T18:46:00.000,14.5070
2025-08-13T18:47:00.000,14.4392
2025-08-13T18:48:00.000,14.3729
2025-08-13T18:49:00.000,14.3203
2025-08-13T18:50:00.000,14.2802
2025-08-13T18:51:00.000,14.2594
2025-08-13T18:52:00.000,14.2428
2025-08-13T18:53:00.000,14.2304
2025-08-13T18:54:00.000,14.2234
2025-08-13T18:55:00.000,14.2165
2025-08-13T18:56:00.000,14.2124
2025-08-13T18:57:00.000,14.2096
2025-08-13T18:58:00.000,14.2055
2025-08-13T18:59:00.000,14.1958
2025-08-13T19:00:00.000,14.1819
2025-08-13T19:01:00.000,14.1681
2025-08-13T19:02:00.000,14.1598
2025-08-13T19:03:00.000,14.1556
2025-08-13T19:04:00.000,14.1528
2025-08-13T19:05:00.000,14.1487
2025-08-13T19:06:00.000,14.1418
2025-08-13T19:07:00.000,14.1321
2025-08-13T19:08:00.000,14.1252
2025-08-13T19:09:00.000,14.1141
2025-08-13T19:10:00.000,14.1030
2025-08-13T19:11:00.000,14.0905
2025-08-13T19:12:00.000,14.0684
2025-08-13T19:13:00.000,14.0323
2025-08-13T19:14:00.000,13.9949
2025-08-13T19:15:00.000,13.9603
2025-08-13T19:16:00.000,13.9145
2025-08-13T19:17:00.000,13.8674
2025-08-13T19:18:00.000,13.8355
2025-08-13T19:19:00.000,13.8133
2025-08-13T19:20:00.000,13.7980
2025-08-13T19:21:00.000,13.7842
2025-08-13T19:22:00.000,13.7592
2025-08-13T19:23:00.000,13.7301
2025-08-13T19:24:00.000,13.7023
2025-08-13T19:25:00.000,13.6843
2025-08-13T19:26:00.000,13.6620
2025-08-13T19:27:00.000,13.6412
2025-08-13T19:28:00.000,13.6190
2025-08-13T19:29:00.000,13.5954
2025-08-13T19:30:00.000,13.5773
2025-08-13T19:31:00.000,13.5607
2025-08-13T19:32:00.000,13.5523
2025-08-13T19:33:00.000,13.5482
2025-08-13T19:34:00.000,13.5454
2025-08-13T19:35:00.000,13.5412
2025-08-13T19:36:00.000,13.5412
2025-08-13T19:37:00.000,13.5454
2025-08-13T19:38:00.000,13.5496
2025-08-13T19:39:00.000,13.5537
2025-08-13T19:40:00.000,13.5579
2025-08-13T19:41:00.000,13.5593
2025-08-13T19:42:00.000,13.5509
2025-08-13T19:43:00.000,13.5329
2025-08-13T19:44:00.000,13.5218
2025-08-13T19:45:00.000,13.5093
2025-08-13T19:46:00.000,13.5065
2025-08-13T19:47:00.000,13.5079
2025-08-13T19:48:00.000,13.5120
2025-08-13T19:49:00.000,13.5176
2025-08-13T19:50:00.000,13.5232
2025-08-13T19:51:00.000,13.5120
2025-08-13T19:52:00.000,13.4898
2025-08-13T19:53:00.000,13.4676
2025-08-13T19:54:00.000,13.4523
2025-08-13T19:55:00.000,13.4384
2025-08-13T19:56:00.000,13.4300
2025-08-13T19:57:00.000,13.4231
2025-08-13T19:58:00.000,13.4161
2025-08-13T19:59:00.000,13.4050
2025-08-13T20:00:00.000,13.3911
2025-08-13T20:01:00.000,13.3772
2025-08-13T20:02:00.000,13.3661
2025-08-13T20:03:00.000,13.3591
2025-08-13T20:04:00.000,13.3480
2025-08-13T20:05:00.000,13.3257
2025-08-13T20:06:00.000,13.3007
2025-08-13T20:07:00.000,13.2756
2025-08-13T20:08:00.000,13.2520
2025-08-13T20:09:00.000,13.2353
2025-08-13T20:10:00.000,13.2214
2025-08-13T20:11:00.000,13.2074
2025-08-13T20:12:00.000,13.1935
2025-08-13T20:13:00.000,13.1712
2025-08-13T20:14:00.000,13.1504
2025-08-13T20:15:00.000,13.1281
2025-08-13T20:16:00.000,13.1114
2025-08-13T20:17:00.000,13.0988
2025-08-13T20:18:00.000,13.0849
2025-08-13T20:19:00.000,13.0765
2025-08-13T20:20:00.000,13.0682
2025-08-13T20:21:00.000,13.0654
2025-08-13T20:22:00.000,13.0654
2025-08-13T20:23:00.000,13.0668
2025-08-13T20:24:00.000,13.0640
2025-08-13T20:25:00.000,13.0612
2025-08-13T20:26:00.000,13.0612
2025-08-13T20:27:00.000,13.0640
2025-08-13T20:28:00.000,13.0682
2025-08-13T20:29:00.000,13.0737
2025-08-13T20:30:00.000,13.0807
2025-08-13T20:31:00.000,13.0891
2025-08-13T20:32:00.000,13.0974
2025-08-13T20:33:00.000,13.1072
2025-08-13T20:34:00.000,13.1211
2025-08-13T20:35:00.000,13.1281
2025-08-13T20:36:00.000,13.1350
2025-08-13T20:37:00.000,13.1434
2025-08-13T20:38:00.000,13.1490
2025-08-13T20:39:00.000,13.1545
2025-08-13T20:40:00.000,13.1601
2025-08-13T20:41:00.000,13.1629
2025-08-13T20:42:00.000,13.1657
2025-08-13T20:43:00.000,13.1657
2025-08-13T20:44:00.000,13.1671
2025-08-13T20:45:00.000,13.1698
2025-08-13T20:46:00.000,13.1740
2025-08-13T20:47:00.000,13.1782
2025-08-13T20:48:00.000,13.1796
2025-08-13T20:49:00.000,13.1810
2025-08-13T20:50:00.000,13.1824
2025-08-13T20:51:00.000,13.1893
2025-08-13T20:52:00.000,13.1907
2025-08-13T20:53:00.000,13.1921
2025-08-13T20:54:00.000,13.1921
2025-08-13T20:55:00.000,13.1935
2025-08-13T20:56:00.000,13.1949
2025-08-13T20:57:00.000,13.1963
2025-08-13T20:58:00.000,13.2005
2025-08-13T20:59:00.000,13.2060
2025-08-13T21:00:00.000,13.2130
2025-08-13T21:01:00.000,13.2200
2025-08-13T21:02:00.000,13.2283
2025-08-13T21:03:00.000,13.2353
2025-08-13T21:04:00.000,13.2422
2025-08-13T21:05:00.000,13.2492
2025-08-13T21:06:00.000,13.2576
2025-08-13T21:07:00.000,13.2673
2025-08-13T21:08:00.000,13.2798
2025-08-13T21:09:00.000,13.2896
2025-08-13T21:10:00.000,13.3021
2025-08-13T21:11:00.000,13.3188
2025-08-13T21:12:00.000,13.3466
2025-08-13T21:13:00.000,13.3828
2025-08-13T21:14:00.000,13.4217
2025-08-13T21:15:00.000,13.4717
2025-08-13T21:16:00.000,13.5259
2025-08-13T21:17:00.000,13.5634
2025-08-13T21:18:00.000,13.6093
2025-08-13T21:19:00.000,13.6607
2025-08-13T21:20:00.000,13.7384
2025-08-13T21:21:00.000,13.8008
2025-08-13T21:22:00.000,13.8577
2025-08-13T21:23:00.000,13.9048
2025-08-13T21:24:00.000,13.9464
2025-08-13T21:25:00.000,13.9866
2025-08-13T21:26:00.000,14.0157
2025-08-13T21:27:00.000,14.0407
2025-08-13T21:28:00.000,14.0628
2025-08-13T21:29:00.000,14.0781
2025-08-13T21:30:00.000,14.0864
2025-08-13T21:31:00.000,14.0836
2025-08-13T21:32:00.000,14.0739
2025-08-13T21:33:00.000,14.0545
2025-08-13T21:34:00.000,14.0337
2025-08-13T21:35:00.000,14.0157
2025-08-13T21:36:00.000,13.9991
2025-08-13T21:37:00.000,13.9838
2025-08-13T21:38:00.000,13.9714
2025-08-13T21:39:00.000,13.9644
2025-08-13T21:40:00.000,13.9575
2025-08-13T21:41:00.000,13.9561
2025-08-13T21:42:00.000,13.9617
2025-08-13T21:43:00.000,13.9644
2025-08-13T21:44:00.000,13.9686
2025-08-13T21:45:00.000,13.9797
2025-08-13T21:46:00.000,13.9949
2025-08-13T21:47:00.000,14.0116
2025-08-13T21:48:00.000,14.0337
2025-08-13T21:49:00.000,14.0490
2025-08-13T21:50:00.000,14.0684
2025-08-13T21:51:00.000,14.1071
2025-08-13T21:52:00.000,14.1376
2025-08-13T21:53:00.000,14.1681
2025-08-13T21:54:00.000,14.2055
2025-08-13T21:55:00.000,14.2276
2025-08-13T21:56:00.000,14.2594
2025-08-13T21:57:00.000,14.2857
2025-08-13T21:58:00.000,14.3065
2025-08-13T21:59:00.000,14.3328
2025-08-13T22:00:00.000,14.3618
2025-08-13T22:01:00.000,14.3991
2025-08-13T22:02:00.000,14.4213
2025-08-13T22:03:00.000,14.4448
2025-08-13T22:04:00.000,14.4766
2025-08-13T22:05:00.000,14.5042
2025-08-13T22:06:00.000,14.5291
2025-08-13T22:07:00.000,14.5567
2025-08-13T22:08:00.000,14.5844
2025-08-13T22:09:00.000,14.6092
2025-08-13T22:10:00.000,14.6217
2025-08-13T22:11:00.000,14.6341
2025-08-13T22:12:00.000,14.6438
2025-08-13T22:13:00.000,14.6507
2025-08-13T22:14:00.000,14.6507
2025-08-13T22:15:00.000,14.6521
2025-08-13T22:16:00.000,14.6521
2025-08-13T22:17:00.000,14.6493
2025-08-13T22:18:00.000,14.6438
2025-08-13T22:19:00.000,14.6410
2025-08-13T22:20:00.000,14.6396
2025-08-13T22:21:00.000,14.6369
2025-08-13T22:22:00.000,14.6369
2025-08-13T22:23:00.000,14.6341
2025-08-13T22:24:00.000,14.6300
2025-08-13T22:25:00.000,14.6300
2025-08-13T22:26:00.000,14.6327
2025-08-13T22:27:00.000,14.6382
2025-08-13T22:28:00.000,14.6451
2025-08-13T22:29:00.000,14.6534
2025-08-13T22:30:00.000,14.6631
2025-08-13T22:31:00.000,14.6742
2025-08-13T22:32:00.000,14.6783
2025-08-13T22:33:00.000,14.6852
2025-08-13T22:34:00.000,14.6893
2025-08-13T22:35:00.000,14.6935
2025-08-13T22:36:00.000,14.6962
2025-08-13T22:37:00.000,14.6976
2025-08-13T22:38:00.000,14.6990
2025-08-13T22:39:00.000,14.7004
2025-08-13T22:40:00.000,14.7004
2025-08-13T22:41:00.000,14.7004
2025-08-13T22:42:00.000,14.7004
2025-08-13T22:43:00.000,14.7004
2025-08-13T22:44:00.000,14.7018
2025-08-13T22:45:00.000,14.7018
2025-08-13T22:46:00.000,14.7032
2025-08-13T22:47:00.000,14.7045
2025-08-13T22:48:00.000,14.7045
2025-08-13T22:49:00.000,14.7087
2025-08-13T22:50:00.000,14.7045
2025-08-13T22:51:00.000,14.7004
2025-08-13T22:52:00.000,14.6976
2025-08-13T22:53:00.000,14.6976
2025-08-13T22:54:00.000,14.6990
2025-08-13T22:55:00.000,14.6962
2025-08-13T22:56:00.000,14.6921
2025-08-13T22:57:00.000,14.6907
2025-08-13T22:58:00.000,14.6866
2025-08-13T22:59:00.000,14.6811
2025-08-13T23:00:00.000,14.6769
2025-08-13T23:01:00.000,14.6728
2025-08-13T23:02:00.000,14.6714
2025-08-13T23:03:00.000,14.6686
2025-08-13T23:04:00.000,14.6659
2025-08-13T23:05:00.000,14.6603
2025-08-13T23:06:00.000,14.6548
2025-08-13T23:07:00.000,14.6562
2025-08-13T23:08:00.000,14.6521
2025-08-13T23:09:00.000,14.6534
2025-08-13T23:10:00.000,14.6590
2025-08-13T23:11:00.000,14.6659
2025-08-13T23:12:00.000,14.6700
2025-08-13T23:13:00.000,14.6728
2025-08-13T23:14:00.000,14.6742
2025-08-13T23:15:00.000,14.6742
2025-08-13T23:16:00.000,14.6742
2025-08-13T23:17:00.000,14.6755
2025-08-13T23:18:00.000,14.6755
2025-08-13T23:19:00.000,14.6728
2025-08-13T23:20:00.000,14.6700
2025-08-13T23:21:00.000,14.6672
2025-08-13T23:22:00.000,14.6672
2025-08-13T23:23:00.000,14.6686
2025-08-13T23:24:00.000,14.6755
2025-08-13T23:25:00.000,14.6797
2025-08-13T23:26:00.000,14.6838
2025-08-13T23:27:00.000,14.6880
2025-08-13T23:28:00.000,14.6907
2025-08-13T23:29:00.000,14.6921
2025-08-13T23:30:00.000,14.6949
2025-08-13T23:31:00.000,14.6976
2025-08-13T23:32:00.000,14.7045
2025-08-13T23:33:00.000,14.7128
2025-08-13T23:34:00.000,14.7225
2025-08-13T23:35:00.000,14.7460
2025-08-13T23:36:00.000,14.7805
2025-08-13T23:37:00.000,14.8219
2025-08-13T23:38:00.000,14.8633
2025-08-13T23:39:00.000,14.8964
2025-08-13T23:40:00.000,14.9364
2025-08-13T23:41:00.000,15.0109
2025-08-13T23:42:00.000,15.1032
2025-08-13T23:43:00.000,15.1749
2025-08-13T23:44:00.000,15.2493
2025-08-13T23:45:00.000,15.3292
2025-08-13T23:46:00.000,15.4173
2025-08-13T23:47:00.000,15.4971
2025-08-13T23:48:00.000,15.5604
2025-08-13T23:49:00.000,15.6237
2025-08-13T23:50:00.000,15.6719
2025-08-13T23:51:00.000,15.6952
2025-08-13T23:52:00.000,15.7282
2025-08-13T23:53:00.000,15.7640
2025-08-13T23:54:00.000,15.7929
2025-08-13T23:55:00.000,15.8135
2025-08-13T23:56:00.000,15.8369
2025-08-13T23:57:00.000,15.8643
2025-08-13T23:58:00.000,15.8946
2025-08-13T23:59:00.000,15.9083
2025-08-14T00:00:00.000,15.9179
2025-08-14T00:01:00.000,15.9262
2025-08-14T00:02:00.000,15.9454
2025-08-14T00:03:00.000,15.9633
2025-08-14T00:04:00.000,15.9688
2025-08-14T00:05:00.000,15.9688
2025-08-14T00:06:00.000,15.9757
2025-08-14T00:07:00.000,15.9949
2025-08-14T00:08:00.000,16.0127
2025-08-14T00:09:00.000,16.0182
2025-08-14T00:10:00.000,16.0279
2025-08-14T00:11:00.000,16.0361
2025-08-14T00:12:00.000,16.0430
2025-08-14T00:13:00.000,16.0498
2025-08-14T00:14:00.000,16.0594
2025-08-14T00:15:00.000,16.0718
2025-08-14T00:16:00.000,16.0801
2025-08-14T00:17:00.000,16.0855
2025-08-14T00:18:00.000,16.0883
2025-08-14T00:19:00.000,16.0869
2025-08-14T00:20:00.000,16.0869
2025-08-14T00:21:00.000,16.0787
2025-08-14T00:22:00.000,16.0746
2025-08-14T00:23:00.000,16.0828
2025-08-14T00:24:00.000,16.0842
2025-08-14T00:25:00.000,16.0897
2025-08-14T00:26:00.000,16.0910
2025-08-14T00:27:00.000,16.0952
2025-08-14T00:28:00.000,16.1061
2025-08-14T00:29:00.000,16.1116
2025-08-14T00:30:00.000,16.1199
2025-08-14T00:31:00.000,16.1267
2025-08-14T00:32:00.000,16.1405
2025-08-14T00:33:00.000,16.1487
2025-08-14T00:34:00.000,16.1501
2025-08-14T00:35:00.000,16.1542
2025-08-14T00:36:00.000,16.1528
2025-08-14T00:37:00.000,16.1528
2025-08-14T00:38:00.000,16.1570
2025-08-14T00:39:00.000,16.1652
2025-08-14T00:40:00.000,16.1652
2025-08-14T00:41:00.000,16.1652
2025-08-14T00:42:00.000,16.1679
2025-08-14T00:43:00.000,16.1707
2025-08-14T00:44:00.000,16.1707
2025-08-14T00:45:00.000,16.1679
2025-08-14T00:46:00.000,16.1803
2025-08-14T00:47:00.000,16.1913
2025-08-14T00:48:00.000,16.1981
2025-08-14T00:49:00.000,16.2105
2025-08-14T00:50:00.000,16.2242
2025-08-14T00:51:00.000,16.2325
2025-08-14T00:52:00.000,16.2448
2025-08-14T00:53:00.000,16.2531
2025-08-14T00:54:00.000,16.2531
2025-08-14T00:55:00.000,16.2531
2025-08-14T00:56:00.000,16.2558
2025-08-14T00:57:00.000,16.2572
2025-08-14T00:58:00.000,16.2627
2025-08-14T00:59:00.000,16.2640
2025-08-14T01:00:00.000,16.2599
2025-08-14T01:01:00.000,16.2572
2025-08-14T01:02:00.000,16.2599
2025-08-14T01:03:00.000,16.2585
2025-08-14T01:04:00.000,16.2531
2025-08-14T01:05:00.000,16.2503
2025-08-14T01:06:00.000,16.2489
2025-08-14T01:07:00.000,16.2476
2025-08-14T01:08:00.000,16.2476
2025-08-14T01:09:00.000,16.2531
2025-08-14T01:10:00.000,16.2627
2025-08-14T01:11:00.000,16.2668
2025-08-14T01:12:00.000,16.2682
2025-08-14T01:13:00.000,16.2695
2025-08-14T01:14:00.000,16.2764
2025-08-14T01:15:00.000,16.2833
2025-08-14T01:16:00.000,16.2874
2025-08-14T01:17:00.000,16.2942
2025-08-14T01:18:00.000,16.2997
2025-08-14T01:19:00.000,16.2956
2025-08-14T01:20:00.000,16.3011
2025-08-14T01:21:00.000,16.3093
2025-08-14T01:22:00.000,16.3135
2025-08-14T01:23:00.000,16.3148
2025-08-14T01:24:00.000,16.3121
2025-08-14T01:25:00.000,16.2915
2025-08-14T01:26:00.000,16.2791
2025-08-14T01:27:00.000,16.2668
2025-08-14T01:28:00.000,16.2572
2025-08-14T01:29:00.000,16.2489
2025-08-14T01:30:00.000,16.2421
2025-08-14T01:31:00.000,16.2503
2025-08-14T01:32:00.000,16.2558
2025-08-14T01:33:00.000,16.2503
2025-08-14T01:34:00.000,16.2462
2025-08-14T01:35:00.000,16.2462
2025-08-14T01:36:00.000,16.2448
2025-08-14T01:37:00.000,16.2407
2025-08-14T01:38:00.000,16.2393
2025-08-14T01:39:00.000,16.2434
2025-08-14T01:40:00.000,16.2489
2025-08-14T01:41:00.000,16.2462
2025-08-14T01:42:00.000,16.2489
2025-08-14T01:43:00.000,16.2517
2025-08-14T01:44:00.000,16.2517
2025-08-14T01:45:00.000,16.2448
2025-08-14T01:46:00.000,16.2421
2025-08-14T01:47:00.000,16.2393
2025-08-14T01:48:00.000,16.2352
2025-08-14T01:49:00.000,16.2338
2025-08-14T01:50:00.000,16.2325
2025-08-14T01:51:00.000,16.2311
2025-08-14T01:52:00.000,16.2283
2025-08-14T01:53:00.000,16.2229
2025-08-14T01:54:00.000,16.2174
2025-08-14T01:55:00.000,16.2105
2025-08-14T01:56:00.000,16.1995
2025-08-14T01:57:00.000,16.1940
2025-08-14T01:58:00.000,16.1872
2025-08-14T01:59:00.000,16.1748
2025-08-14T02:00:00.000,16.1679
2025-08-14T02:01:00.000,16.1666
2025-08-14T02:02:00.000,16.1666
2025-08-14T02:03:00.000,16.1707
2025-08-14T02:04:00.000,16.1734
2025-08-14T02:05:00.000,16.1734
2025-08-14T02:06:00.000,16.1707
2025-08-14T02:07:00.000,16.1638
2025-08-14T02:08:00.000,16.1556
2025-08-14T02:09:00.000,16.1501
2025-08-14T02:10:00.000,16.1460
2025-08-14T02:11:00.000,16.1432
2025-08-14T02:12:00.000,16.1350
2025-08-14T02:13:00.000,16.1322
2025-08-14T02:14:00.000,16.1350
2025-08-14T02:15:00.000,16.1405
2025-08-14T02:16:00.000,16.1432
2025-08-14T02:17:00.000,16.1446
2025-08-14T02:18:00.000,16.1419
2025-08-14T02:19:00.000,16.1350
2025-08-14T02:20:00.000,16.1267
2025-08-14T02:21:00.000,16.1171
2025-08-14T02:22:00.000,16.1075
2025-08-14T02:23:00.000,16.0993
2025-08-14T02:24:00.000,16.0938
2025-08-14T02:25:00.000,16.0842
2025-08-14T02:26:00.000,16.0718
2025-08-14T02:27:00.000,16.0567
2025-08-14T02:28:00.000,16.0430
2025-08-14T02:29:00.000,16.0292
2025-08-14T02:30:00.000,16.0210
2025-08-14T02:31:00.000,16.0127
2025-08-14T02:32:00.000,16.0004
2025-08-14T02:33:00.000,15.9949
2025-08-14T02:34:00.000,15.9921
2025-08-14T02:35:00.000,15.9935
2025-08-14T02:36:00.000,16.0018
2025-08-14T02:37:00.000,16.0169
2025-08-14T02:38:00.000,16.0375
2025-08-14T02:39:00.000,16.0526
2025-08-14T02:40:00.000,16.0567
2025-08-14T02:41:00.000,16.0581
2025-08-14T02:42:00.000,16.0567
2025-08-14T02:43:00.000,16.0553
2025-08-14T02:44:00.000,16.0553
2025-08-14T02:45:00.000,16.0540
2025-08-14T02:46:00.000,16.0526
2025-08-14T02:47:00.000,16.0471
2025-08-14T02:48:00.000,16.0553
2025-08-14T02:49:00.000,16.0581
2025-08-14T02:50:00.000,16.0622
2025-08-14T02:51:00.000,16.0677
2025-08-14T02:52:00.000,16.0718
2025-08-14T02:53:00.000,16.0746
2025-08-14T02:54:00.000,16.0773
2025-08-14T02:55:00.000,16.0814
2025-08-14T02:56:00.000,16.0828
2025-08-14T02:57:00.000,16.0842
2025-08-14T02:58:00.000,16.0828
2025-08-14T02:59:00.000,16.0814
2025-08-14T03:00:00.000,16.0759
2025-08-14T03:01:00.000,16.0718
2025-08-14T03:02:00.000,16.0663
2025-08-14T03:03:00.000,16.0567
2025-08-14T03:04:00.000,16.0498
2025-08-14T03:05:00.000,16.0457
2025-08-14T03:06:00.000,16.0334
2025-08-14T03:07:00.000,16.0237
2025-08-14T03:08:00.000,16.0155
2025-08-14T03:09:00.000,16.0045
2025-08-14T03:10:00.000,15.9963
2025-08-14T03:11:00.000,15.9894
2025-08-14T03:12:00.000,15.9825
2025-08-14T03:13:00.000,15.9757
2025-08-14T03:14:00.000,15.9674
2025-08-14T03:15:00.000,15.9578
2025-08-14T03:16:00.000,15.9482
2025-08-14T03:17:00.000,15.9399
2025-08-14T03:18:00.000,15.9303
2025-08-14T03:19:00.000,15.9193
2025-08-14T03:20:00.000,15.9111
2025-08-14T03:21:00.000,15.9042
2025-08-14T03:22:00.000,15.9001
2025-08-14T03:23:00.000,15.8877
2025-08-14T03:24:00.000,15.8767
2025-08-14T03:25:00.000,15.8616
2025-08-14T03:26:00.000,15.8465
2025-08-14T03:27:00.000,15.8369
2025-08-14T03:28:00.000,15.8259
2025-08-14T03:29:00.000,15.8162
2025-08-14T03:30:00.000,15.8066
2025-08-14T03:31:00.000,15.7956
2025-08-14T03:32:00.000,15.7805
2025-08-14T03:33:00.000,15.7695
2025-08-14T03:34:00.000,15.7626
2025-08-14T03:35:00.000,15.7571
2025-08-14T03:36:00.000,15.7530
2025-08-14T03:37:00.000,15.7434
2025-08-14T03:38:00.000,15.7337
2025-08-14T03:39:00.000,15.7241
2025-08-14T03:40:00.000,15.7145
2025-08-14T03:41:00.000,15.7062
2025-08-14T03:42:00.000,15.6980
2025-08-14T03:43:00.000,15.6911
2025-08-14T03:44:00.000,15.6787
2025-08-14T03:45:00.000,15.6705
2025-08-14T03:46:00.000,15.6677
2025-08-14T03:47:00.000,15.6636
2025-08-14T03:48:00.000,15.6622
2025-08-14T03:49:00.000,15.6595
2025-08-14T03:50:00.000,15.6595
2025-08-14T03:51:00.000,15.6554
2025-08-14T03:52:00.000,15.6499
2025-08-14T03:53:00.000,15.6444
2025-08-14T03:54:00.000,15.6375
2025-08-14T03:55:00.000,15.6320
2025-08-14T03:56:00.000,15.6279
2025-08-14T03:57:00.000,15.6182
2025-08-14T03:58:00.000,15.6086
2025-08-14T03:59:00.000,15.6003
2025-08-14T04:00:00.000,15.5948
2025-08-14T04:01:00.000,15.5907
2025-08-14T04:02:00.000,15.5852
2025-08-14T04:03:00.000,15.5825
2025-08-14T04:04:00.000,15.5783
2025-08-14T04:05:00.000,15.5756
2025-08-14T04:06:00.000,15.5714
2025-08-14T04:07:00.000,15.5687
2025-08-14T04:08:00.000,15.5618
2025-08-14T04:09:00.000,15.5549
2025-08-14T04:10:00.000,15.5494
2025-08-14T04:11:00.000,15.5467
2025-08-14T04:12:00.000,15.5481
2025-08-14T04:13:00.000,15.5536
2025-08-14T04:14:00.000,15.5563
2025-08-14T04:15:00.000,15.5577
2025-08-14T04:16:00.000,15.5563
2025-08-14T04:17:00.000,15.5549
2025-08-14T04:18:00.000,15.5481
2025-08-14T04:19:00.000,15.5398
2025-08-14T04:20:00.000,15.5247
2025-08-14T04:21:00.000,15.5123
2025-08-14T04:22:00.000,15.5054
2025-08-14T04:23:00.000,15.5013
2025-08-14T04:24:00.000,15.4985
2025-08-14T04:25:00.000,15.4958
2025-08-14T04:26:00.000,15.4944
2025-08-14T04:27:00.000,15.4930
2025-08-14T04:28:00.000,15.4903
2025-08-14T04:29:00.000,15.4875
2025-08-14T04:30:00.000,15.4916
2025-08-14T04:31:00.000,15.4903
2025-08-14T04:32:00.000,15.4889
2025-08-14T04:33:00.000,15.4875
2025-08-14T04:34:00.000,15.4861
2025-08-14T04:35:00.000,15.4848
2025-08-14T04:36:00.000,15.4848
2025-08-14T04:37:00.000,15.4848
2025-08-14T04:38:00.000,15.4848
2025-08-14T04:39:00.000,15.4834
2025-08-14T04:40:00.000,15.4806
2025-08-14T04:41:00.000,15.4779
2025-08-14T04:42:00.000,15.4751
2025-08-14T04:43:00.000,15.4710
2025-08-14T04:44:00.000,15.4682
2025-08-14T04:45:00.000,15.4655
2025-08-14T04:46:00.000,15.4614
2025-08-14T04:47:00.000,15.4627
2025-08-14T04:48:00.000,15.4586
2025-08-14T04:49:00.000,15.4572
2025-08-14T04:50:00.000,15.4559
2025-08-14T04:51:00.000,15.4559
2025-08-14T04:52:00.000,15.4531
2025-08-14T04:53:00.000,15.4517
2025-08-14T04:54:00.000,15.4517
2025-08-14T04:55:00.000,15.4517
2025-08-14T04:56:00.000,15.4517
2025-08-14T04:57:00.000,15.4517
2025-08-14T04:58:00.000,15.4517
2025-08-14T04:59:00.000,15.4517
2025-08-14T05:00:00.000,15.4517
2025-08-14T05:01:00.000,15.4517
2025-08-14T05:02:00.000,15.4517
2025-08-14T05:03:00.000,15.4517
2025-08-14T05:04:00.000,15.4517
2025-08-14T05:05:00.000,15.4572
2025-08-14T05:06:00.000,15.4559
2025-08-14T05:07:00.000,15.4572
2025-08-14T05:08:00.000,15.4586
2025-08-14T05:09:00.000,15.4586
2025-08-14T05:10:00.000,15.4600
2025-08-14T05:11:00.000,15.4600
2025-08-14T05:12:00.000,15.4600
2025-08-14T05:13:00.000,15.4600
2025-08-14T05:14:00.000,15.4586
2025-08-14T05:15:00.000,15.4586
2025-08-14T05:16:00.000,15.4586
2025-08-14T05:17:00.000,15.4572
2025-08-14T05:18:00.000,15.4572
2025-08-14T05:19:00.000,15.4572
2025-08-14T05:20:00.000,15.4572
2025-08-14T05:21:00.000,15.4559
2025-08-14T05:22:00.000,15.4600
2025-08-14T05:23:00.000,15.4586
2025-08-14T05:24:00.000,15.4586
2025-08-14T05:25:00.000,15.4572
2025-08-14T05:26:00.000,15.4572
2025-08-14T05:27:00.000,15.4559
2025-08-14T05:28:00.000,15.4559
2025-08-14T05:29:00.000,15.4559
2025-08-14T05:30:00.000,15.4559
2025-08-14T05:31:00.000,15.4559
2025-08-14T05:32:00.000,15.4559
2025-08-14T05:33:00.000,15.4545
2025-08-14T05:34:00.000,15.4545
2025-08-14T05:35:00.000,15.4545
2025-08-14T05:36:00.000,15.4545
2025-08-14T05:37:00.000,15.4531
2025-08-14T05:38:00.000,15.4531
2025-08-14T05:39:00.000,15.4559
2025-08-14T05:40:00.000,15.4531
2025-08-14T05:41:00.000,15.4517
2025-08-14T05:42:00.000,15.4503
2025-08-14T05:43:00.000,15.4490
2025-08-14T05:44:00.000,15.4476
2025-08-14T05:45:00.000,15.4462
2025-08-14T05:46:00.000,15.4448
2025-08-14T05:47:00.000,15.4421
2025-08-14T05:48:00.000,15.4393
2025-08-14T05:49:00.000,15.4380
2025-08-14T05:50:00.000,15.4366
2025-08-14T05:51:00.000,15.4352
2025-08-14T05:52:00.000,15.4352
2025-08-14T05:53:00.000,15.4352
2025-08-14T05:54:00.000,15.4338
2025-08-14T05:55:00.000,15.4338
2025-08-14T05:56:00.000,15.4366
2025-08-14T05:57:00.000,15.4366
2025-08-14T05:58:00.000,15.4366
2025-08-14T05:59:00.000,15.4352
2025-08-14T06:00:00.000,15.4352
2025-08-14T06:01:00.000,15.4352
2025-08-14T06:02:00.000,15.4338
2025-08-14T06:03:00.000,15.4325
2025-08-14T06:04:00.000,15.4311
2025-08-14T06:05:00.000,15.4283
2025-08-14T06:06:00.000,15.4269
2025-08-14T06:07:00.000,15.4256
2025-08-14T06:08:00.000,15.4242
2025-08-14T06:09:00.000,15.4242
2025-08-14T06:10:00.000,15.4228
2025-08-14T06:11:00.000,15.4228
2025-08-14T06:12:00.000,15.4228
2025-08-14T06:13:00.000,15.4283
2025-08-14T06:14:00.000,15.4283
2025-08-14T06:15:00.000,15.4297
2025-08-14T06:16:00.000,15.4311
2025-08-14T06:17:00.000,15.4311
2025-08-14T06:18:00.000,15.4297
2025-08-14T06:19:00.000,15.4283
2025-08-14T06:20:00.000,15.4269
2025-08-14T06:21:00.000,15.4256
2025-08-14T06:22:00.000,15.4228
2025-08-14T06:23:00.000,15.4214
2025-08-14T06:24:00.000,15.4201
2025-08-14T06:25:00.000,15.4187
2025-08-14T06:26:00.000,15.4187
2025-08-14T06:27:00.000,15.4173
2025-08-14T06:28:00.000,15.4173
2025-08-14T06:29:00.000,15.4187
2025-08-14T06:30:00.000,15.4242
2025-08-14T06:31:00.000,15.4242
2025-08-14T06:32:00.000,15.4242
2025-08-14T06:33:00.000,15.4242
2025-08-14T06:34:00.000,15.4228
2025-08-14T06:35:00.000,15.4228
2025-08-14T06:36:00.000,15.4214
2025-08-14T06:37:00.000,15.4228
2025-08-14T06:38:00.000,15.4242
2025-08-14T06:39:00.000,15.4256
2025-08-14T06:40:00.000,15.4269
2025-08-14T06:41:00.000,15.4297
2025-08-14T06:42:00.000,15.4311
2025-08-14T06:43:00.000,15.4325
2025-08-14T06:44:00.000,15.4352
2025-08-14T06:45:00.000,15.4366
2025-08-14T06:46:00.000,15.4311
2025-08-14T06:47:00.000,15.4242
2025-08-14T06:48:00.000,15.4049
2025-08-14T06:49:00.000,15.3829
2025-08-14T06:50:00.000,15.3636
2025-08-14T06:51:00.000,15.3471
2025-08-14T06:52:00.000,15.3333
2025-08-14T06:53:00.000,15.3264
2025-08-14T06:54:00.000,15.3195
2025-08-14T06:55:00.000,15.3154
2025-08-14T06:56:00.000,15.3085
2025-08-14T06:57:00.000,15.3030
2025-08-14T06:58:00.000,15.2961
2025-08-14T06:59:00.000,15.2920
2025-08-14T07:00:00.000,15.2906
2025-08-14T07:01:00.000,15.2879
2025-08-14T07:02:00.000,15.2879
2025-08-14T07:03:00.000,15.2906
2025-08-14T07:04:00.000,15.2906
2025-08-14T07:05:00.000,15.2865
2025-08-14T07:06:00.000,15.2769
2025-08-14T07:07:00.000,15.2658
2025-08-14T07:08:00.000,15.2493
2025-08-14T07:09:00.000,15.2286
2025-08-14T07:10:00.000,15.2052
2025-08-14T07:11:00.000,15.1777
2025-08-14T07:12:00.000,15.1446
2025-08-14T07:13:00.000,15.1060
2025-08-14T07:14:00.000,15.0633
2025-08-14T07:15:00.000,15.0247
2025-08-14T07:16:00.000,14.9916
2025-08-14T07:17:00.000,14.9626
2025-08-14T07:18:00.000,14.9350
2025-08-14T07:19:00.000,14.9074
2025-08-14T07:20:00.000,14.8784
2025-08-14T07:21:00.000,14.8578
2025-08-14T07:22:00.000,14.8357
2025-08-14T07:23:00.000,14.8205
2025-08-14T07:24:00.000,14.8095
2025-08-14T07:25:00.000,14.8012
2025-08-14T07:26:00.000,14.7956
2025-08-14T07:27:00.000,14.7915
2025-08-14T07:28:00.000,14.7887
2025-08-14T07:29:00.000,14.7901
2025-08-14T07:30:00.000,14.7915
2025-08-14T07:31:00.000,14.7929
2025-08-14T07:32:00.000,14.7943
2025-08-14T07:33:00.000,14.7956
2025-08-14T07:34:00.000,14.7984
2025-08-14T07:35:00.000,14.7998
2025-08-14T07:36:00.000,14.8039
2025-08-14T07:37:00.000,14.8095
2025-08-14T07:38:00.000,14.8150
2025-08-14T07:39:00.000,14.8164
2025-08-14T07:40:00.000,14.8177
2025-08-14T07:41:00.000,14.8177
2025-08-14T07:42:00.000,14.8191
2025-08-14T07:43:00.000,14.8205
2025-08-14T07:44:00.000,14.8191
2025-08-14T07:45:00.000,14.8150
2025-08-14T07:46:00.000,14.8136
2025-08-14T07:47:00.000,14.8095
2025-08-14T07:48:00.000,14.8012
2025-08-14T07:49:00.000,14.7915
2025-08-14T07:50:00.000,14.7846
2025-08-14T07:51:00.000,14.7777
2025-08-14T07:52:00.000,14.7694
2025-08-14T07:53:00.000,14.7625
2025-08-14T07:54:00.000,14.7639
2025-08-14T07:55:00.000,14.7667
2025-08-14T07:56:00.000,14.7763
2025-08-14T07:57:00.000,14.7874
2025-08-14T07:58:00.000,14.8012
2025-08-14T07:59:00.000,14.8122
2025-08-14T08:00:00.000,14.8191
2025-08-14T08:01:00.000,14.8274
2025-08-14T08:02:00.000,14.8371
2025-08-14T08:03:00.000,14.8440
2025-08-14T08:04:00.000,14.8522
2025-08-14T08:05:00.000,14.8550
2025-08-14T08:06:00.000,14.8564
2025-08-14T08:07:00.000,14.8550
2025-08-14T08:08:00.000,14.8564
2025-08-14T08:09:00.000,14.8578
2025-08-14T08:10:00.000,14.8619
2025-08-14T08:11:00.000,14.8716
2025-08-14T08:12:00.000,14.8895
2025-08-14T08:13:00.000,14.9033
2025-08-14T08:14:00.000,14.9143
2025-08-14T08:15:00.000,14.9226
2025-08-14T08:16:00.000,14.9309
2025-08-14T08:17:00.000,14.9364
2025-08-14T08:18:00.000,14.9405
2025-08-14T08:19:00.000,14.9447
2025-08-14T08:20:00.000,14.9557
2025-08-14T08:21:00.000,14.9667
2025-08-14T08:22:00.000,14.9778
2025-08-14T08:23:00.000,14.9874
2025-08-14T08:24:00.000,14.9971
2025-08-14T08:25:00.000,15.0136
2025-08-14T08:26:00.000,15.0315
2025-08-14T08:27:00.000,15.0371
2025-08-14T08:28:00.000,15.0412
2025-08-14T08:29:00.000,15.0509
2025-08-14T08:30:00.000,15.0550
2025-08-14T08:31:00.000,15.0619
2025-08-14T08:32:00.000,15.0674
2025-08-14T08:33:00.000,15.0702
2025-08-14T08:34:00.000,15.0715
2025-08-14T08:35:00.000,15.0715
2025-08-14T08:36:00.000,15.0743
2025-08-14T08:37:00.000,15.0770
2025-08-14T08:38:00.000,15.0784
2025-08-14T08:39:00.000,15.0798
2025-08-14T08:40:00.000,15.0839
2025-08-14T08:41:00.000,15.0895
2025-08-14T08:42:00.000,15.0950
2025-08-14T08:43:00.000,15.1005
2025-08-14T08:44:00.000,15.1101
2025-08-14T08:45:00.000,15.1184
2025-08-14T08:46:00.000,15.1294
2025-08-14T08:47:00.000,15.1377
2025-08-14T08:48:00.000,15.1473
2025-08-14T08:49:00.000,15.1611
2025-08-14T08:50:00.000,15.1735
2025-08-14T08:51:00.000,15.1873
2025-08-14T08:52:00.000,15.2025
2025-08-14T08:53:00.000,15.2176
2025-08-14T08:54:00.000,15.2314
2025-08-14T08:55:00.000,15.2452
2025-08-14T08:56:00.000,15.2576
2025-08-14T08:57:00.000,15.2686
2025-08-14T08:58:00.000,15.2796
2025-08-14T08:59:00.000,15.2920
2025-08-14T09:00:00.000,15.3016
2025-08-14T09:01:00.000,15.3085
2025-08-14T09:02:00.000,15.3182
2025-08-14T09:03:00.000,15.3333
2025-08-14T09:04:00.000,15.3443
2025-08-14T09:05:00.000,15.3485
2025-08-14T09:06:00.000,15.3526
2025-08-14T09:07:00.000,15.3512
2025-08-14T09:08:00.000,15.3526
2025-08-14T09:09:00.000,15.3567
2025-08-14T09:10:00.000,15.3636
2025-08-14T09:11:00.000,15.3733
2025-08-14T09:12:00.000,15.3746
2025-08-14T09:13:00.000,15.3829
2025-08-14T09:14:00.000,15.3939
2025-08-14T09:15:00.000,15.4063
2025-08-14T09:16:00.000,15.4118
2025-08-14T09:17:00.000,15.4173
2025-08-14T09:18:00.000,15.4228
2025-08-14T09:19:00.000,15.4297
2025-08-14T09:20:00.000,15.4393
2025-08-14T09:21:00.000,15.4448
2025-08-14T09:22:00.000,15.4503
2025-08-14T09:23:00.000,15.4641
2025-08-14T09:24:00.000,15.4848
2025-08-14T09:25:00.000,15.5026
2025-08-14T09:26:00.000,15.5219
2025-08-14T09:27:00.000,15.5288
2025-08-14T09:28:00.000,15.5219
2025-08-14T09:29:00.000,15.5095
2025-08-14T09:30:00.000,15.4971
2025-08-14T09:31:00.000,15.4889
2025-08-14T09:32:00.000,15.4820
2025-08-14T09:33:00.000,15.4765
2025-08-14T09:34:00.000,15.4737
2025-08-14T09:35:00.000,15.4724
2025-08-14T09:36:00.000,15.4710
2025-08-14T09:37:00.000,15.4724
2025-08-14T09:38:00.000,15.4682
2025-08-14T09:39:00.000,15.4669
2025-08-14T09:40:00.000,15.4572
2025-08-14T09:41:00.000,15.3843
2025-08-14T09:42:00.000,15.3030
2025-08-14T09:43:00.000,15.2080
2025-08-14T09:44:00.000,15.1074
2025-08-14T09:45:00.000,15.0109
2025-08-14T09:46:00.000,14.9171
2025-08-14T09:47:00.000,14.8343
2025-08-14T09:48:00.000,14.7667
2025-08-14T09:49:00.000,14.7101
2025-08-14T09:50:00.000,14.6521
2025-08-14T09:51:00.000,14.6009
2025-08-14T09:52:00.000,14.5471
2025-08-14T09:53:00.000,14.5001
2025-08-14T09:54:00.000,14.4641
2025-08-14T09:55:00.000,14.4282
2025-08-14T09:56:00.000,14.4088
2025-08-14T09:57:00.000,14.3950
2025-08-14T09:58:00.000,14.3839
2025-08-14T09:59:00.000,14.3770
2025-08-14T10:00:00.000,14.3756
2025-08-14T10:01:00.000,14.3770
2025-08-14T10:02:00.000,14.3839
2025-08-14T10:03:00.000,14.3909
2025-08-14T10:04:00.000,14.4047
2025-08-14T10:05:00.000,14.4199
2025-08-14T10:06:00.000,14.4379
2025-08-14T10:07:00.000,14.4614
2025-08-14T10:08:00.000,14.4876
2025-08-14T10:09:00.000,14.5167
2025-08-14T10:10:00.000,14.5498
2025-08-14T10:11:00.000,14.5857
2025-08-14T10:12:00.000,14.6065
2025-08-14T10:13:00.000,14.5871
2025-08-14T10:14:00.000,14.5595
2025-08-14T10:15:00.000,14.5346
2025-08-14T10:16:00.000,14.5263
2025-08-14T10:17:00.000,14.5194
2025-08-14T10:18:00.000,14.5070
2025-08-14T10:19:00.000,14.4807
2025-08-14T10:20:00.000,14.4489
2025-08-14T10:21:00.000,14.4227
2025-08-14T10:22:00.000,14.3922
2025-08-14T10:23:00.000,14.3563
2025-08-14T10:24:00.000,14.3217
2025-08-14T10:25:00.000,14.2747
2025-08-14T10:26:00.000,14.2262
2025-08-14T10:27:00.000,14.1819
2025-08-14T10:28:00.000,14.1390
2025-08-14T10:29:00.000,14.1016
2025-08-14T10:30:00.000,14.0711
2025-08-14T10:31:00.000,14.0462
2025-08-14T10:32:00.000,14.0254
2025-08-14T10:33:00.000,14.0074
2025-08-14T10:34:00.000,13.9949
2025-08-14T10:35:00.000,13.9852
2025-08-14T10:36:00.000,13.9894
2025-08-14T10:37:00.000,13.9922
2025-08-14T10:38:00.000,13.9949
2025-08-14T10:39:00.000,14.0046
2025-08-14T10:40:00.000,14.0185
2025-08-14T10:41:00.000,14.0268
2025-08-14T10:42:00.000,14.0365
2025-08-14T10:43:00.000,14.0601
2025-08-14T10:44:00.000,14.0781
2025-08-14T10:45:00.000,14.1044
2025-08-14T10:46:00.000,14.1127
2025-08-14T10:47:00.000,14.1196
2025-08-14T10:48:00.000,14.1722
2025-08-14T10:49:00.000,14.2580
2025-08-14T10:50:00.000,14.3175
2025-08-14T10:51:00.000,14.3687
2025-08-14T10:52:00.000,14.3701
2025-08-14T10:53:00.000,14.3618
2025-08-14T10:54:00.000,14.3770
2025-08-14T10:55:00.000,14.4296
2025-08-14T10:56:00.000,14.4959
2025-08-14T10:57:00.000,14.5471
2025-08-14T10:58:00.000,14.5816
2025-08-14T10:59:00.000,14.6631
2025-08-14T11:00:00.000,14.7197
2025-08-14T11:01:00.000,14.7680
2025-08-14T11:02:00.000,14.8509
2025-08-14T11:03:00.000,14.8909
2025-08-14T11:04:00.000,14.9047
2025-08-14T11:05:00.000,14.9419
2025-08-14T11:06:00.000,15.0067
2025-08-14T11:07:00.000,15.0398
2025-08-14T11:08:00.000,15.0467
2025-08-14T11:09:00.000,15.0977
2025-08-14T11:10:00.000,15.1611
2025-08-14T11:11:00.000,15.1942
2025-08-14T11:12:00.000,15.2231
2025-08-14T11:13:00.000,15.2534
2025-08-14T11:14:00.000,15.3154
2025-08-14T11:15:00.000,15.3856
2025-08-14T11:16:00.000,15.4187
2025-08-14T11:17:00.000,15.4517
2025-08-14T11:18:00.000,15.4861
2025-08-14T11:19:00.000,15.5013
2025-08-14T11:20:00.000,15.5082
2025-08-14T11:21:00.000,15.5247
2025-08-14T11:22:00.000,15.5247
2025-08-14T11:23:00.000,15.5178
2025-08-14T11:24:00.000,15.5026
2025-08-14T11:25:00.000,15.4958
2025-08-14T11:26:00.000,15.4916
2025-08-14T11:27:00.000,15.4820
2025-08-14T11:28:00.000,15.4779
2025-08-14T11:29:00.000,15.4958
2025-08-14T11:30:00.000,15.4999
2025-08-14T11:31:00.000,15.4889
2025-08-14T11:32:00.000,15.4710
2025-08-14T11:33:00.000,15.4586
2025-08-14T11:34:00.000,15.4545
2025-08-14T11:35:00.000,15.4545
2025-08-14T11:36:00.000,15.4669
2025-08-14T11:37:00.000,15.4848
2025-08-14T11:38:00.000,15.5013
2025-08-14T11:39:00.000,15.5315
2025-08-14T11:40:00.000,15.5508
2025-08-14T11:41:00.000,15.5563
2025-08-14T11:42:00.000,15.5577
2025-08-14T11:43:00.000,15.5646
2025-08-14T11:44:00.000,15.5797
2025-08-14T11:45:00.000,15.6017
2025-08-14T11:46:00.000,15.6003
2025-08-14T11:47:00.000,15.5852
2025-08-14T11:48:00.000,15.5756
2025-08-14T11:49:00.000,15.5783
2025-08-14T11:50:00.000,15.5893
2025-08-14T11:51:00.000,15.6003
2025-08-14T11:52:00.000,15.6182
2025-08-14T11:53:00.000,15.6402
2025-08-14T11:54:00.000,15.6512
2025-08-14T11:55:00.000,15.6664
2025-08-14T11:56:00.000,15.6829
2025-08-14T11:57:00.000,15.6939
2025-08-14T11:58:00.000,15.7035
2025-08-14T11:59:00.000,15.7090
2025-08-14T12:00:00.000,15.7131
2025-08-14T12:01:00.000,15.7186
2025-08-14T12:02:00.000,15.7255
2025-08-14T12:03:00.000,15.7379
2025-08-14T12:04:00.000,15.7461
2025-08-14T12:05:00.000,15.7530
2025-08-14T12:06:00.000,15.7544
2025-08-14T12:07:00.000,15.7544
2025-08-14T12:08:00.000,15.7489
2025-08-14T12:09:00.000,15.7516
2025-08-14T12:10:00.000,15.7612
2025-08-14T12:11:00.000,15.7667
2025-08-14T12:12:00.000,15.7640
2025-08-14T12:13:00.000,15.7654
2025-08-14T12:14:00.000,15.7654
2025-08-14T12:15:00.000,15.7681
2025-08-14T12:16:00.000,15.7736
2025-08-14T12:17:00.000,15.7860
2025-08-14T12:18:00.000,15.7942
2025-08-14T12:19:00.000,15.8025
2025-08-14T12:20:00.000,15.8121
2025-08-14T12:21:00.000,15.8286
2025-08-14T12:22:00.000,15.8451
2025-08-14T12:23:00.000,15.8588
2025-08-14T12:24:00.000,15.8657
2025-08-14T12:25:00.000,15.8616
2025-08-14T12:26:00.000,15.8465
2025-08-14T12:27:00.000,15.8355
2025-08-14T12:28:00.000,15.8162
2025-08-14T12:29:00.000,15.7942
2025-08-14T12:30:00.000,15.7764
2025-08-14T12:31:00.000,15.7681
2025-08-14T12:32:00.000,15.7585
2025-08-14T12:33:00.000,15.7489
2025-08-14T12:34:00.000,15.7365
2025-08-14T12:35:00.000,15.7200
2025-08-14T12:36:00.000,15.6952
2025-08-14T12:37:00.000,15.6746
2025-08-14T12:38:00.000,15.6650
2025-08-14T12:39:00.000,15.6581
2025-08-14T12:40:00.000,15.6609
2025-08-14T12:41:00.000,15.6609
2025-08-14T12:42:00.000,15.6622
2025-08-14T12:43:00.000,15.6691
2025-08-14T12:44:00.000,15.6815
2025-08-14T12:45:00.000,15.6897
2025-08-14T12:46:00.000,15.6939
2025-08-14T12:47:00.000,15.6952
2025-08-14T12:48:00.000,15.6966
2025-08-14T12:49:00.000,15.6952
2025-08-14T12:50:00.000,15.7159
2025-08-14T12:51:00.000,15.7392
2025-08-14T12:52:00.000,15.7640
2025-08-14T12:53:00.000,15.7874
2025-08-14T12:54:00.000,15.7942
2025-08-14T12:55:00.000,15.7984
2025-08-14T12:56:00.000,15.8121
2025-08-14T12:57:00.000,15.8272
2025-08-14T12:58:00.000,15.8492
2025-08-14T12:59:00.000,15.8616
2025-08-14T13:00:00.000,15.8905
2025-08-14T13:01:00.000,15.9097
2025-08-14T13:02:00.000,15.9028
2025-08-14T13:03:00.000,15.8740
2025-08-14T13:04:00.000,15.8643
2025-08-14T13:05:00.000,15.8753
2025-08-14T13:06:00.000,15.9056
2025-08-14T13:07:00.000,15.9441
2025-08-14T13:08:00.000,15.9715
2025-08-14T13:09:00.000,15.9921
2025-08-14T13:10:00.000,16.0100
2025-08-14T13:11:00.000,16.0320
2025-08-14T13:12:00.000,16.0347
2025-08-14T13:13:00.000,16.0361
2025-08-14T13:14:00.000,16.0100
2025-08-14T13:15:00.000,15.9866
2025-08-14T13:16:00.000,16.0031
2025-08-14T13:17:00.000,15.9866
2025-08-14T13:18:00.000,15.9674
2025-08-14T13:19:00.000,15.9537
2025-08-14T13:20:00.000,15.9468
2025-08-14T13:21:00.000,15.9358
2025-08-14T13:22:00.000,15.9193
2025-08-14T13:23:00.000,15.9001
2025-08-14T13:24:00.000,15.8822
2025-08-14T13:25:00.000,15.8726
2025-08-14T13:26:00.000,15.8767
2025-08-14T13:27:00.000,15.8685
2025-08-14T13:28:00.000,15.8630
2025-08-14T13:29:00.000,15.8657
2025-08-14T13:30:00.000,15.8753
2025-08-14T13:31:00.000,15.8726
2025-08-14T13:32:00.000,15.8602
2025-08-14T13:33:00.000,15.8781
2025-08-14T13:34:00.000,15.8808
2025-08-14T13:35:00.000,15.8987
2025-08-14T13:36:00.000,15.9042
2025-08-14T13:37:00.000,15.9248
2025-08-14T13:38:00.000,15.9289
2025-08-14T13:39:00.000,15.9234
2025-08-14T13:40:00.000,15.9138
2025-08-14T13:41:00.000,15.9152
2025-08-14T13:42:00.000,15.9193
2025-08-14T13:43:00.000,15.9344
2025-08-14T13:44:00.000,15.9358
2025-08-14T13:45:00.000,15.9441
2025-08-14T13:46:00.000,15.9482
2025-08-14T13:47:00.000,15.9908
2025-08-14T13:48:00.000,16.0114
2025-08-14T13:49:00.000,16.0402
2025-08-14T13:50:00.000,16.0416
2025-08-14T13:51:00.000,16.0265
2025-08-14T13:52:00.000,16.0416
2025-08-14T13:53:00.000,16.0443
2025-08-14T13:54:00.000,16.0361
2025-08-14T13:55:00.000,16.0320
2025-08-14T13:56:00.000,16.0320
2025-08-14T13:57:00.000,16.0361
2025-08-14T13:58:00.000,16.0485
2025-08-14T13:59:00.000,16.0457
2025-08-14T14:00:00.000,16.0498
2025-08-14T14:01:00.000,16.0430
2025-08-14T14:02:00.000,16.0265
2025-08-14T14:03:00.000,16.0059
2025-08-14T14:04:00.000,15.9894
2025-08-14T14:05:00.000,15.9866
2025-08-14T14:06:00.000,15.9853
2025-08-14T14:07:00.000,15.9935
2025-08-14T14:08:00.000,16.0155
2025-08-14T14:09:00.000,16.0334
2025-08-14T14:10:00.000,16.0416
2025-08-14T14:11:00.000,16.0526
2025-08-14T14:12:00.000,16.0622
2025-08-14T14:13:00.000,16.0746
2025-08-14T14:14:00.000,16.0842
2025-08-14T14:15:00.000,16.0855
2025-08-14T14:16:00.000,16.0759
2025-08-14T14:17:00.000,16.0649
2025-08-14T14:18:00.000,16.0608
2025-08-14T14:19:00.000,16.0622
2025-08-14T14:20:00.000,16.0759
2025-08-14T14:21:00.000,16.0869
2025-08-14T14:22:00.000,16.1034
2025-08-14T14:23:00.000,16.1130
2025-08-14T14:24:00.000,16.1199
2025-08-14T14:25:00.000,16.1336
2025-08-14T14:26:00.000,16.1460
2025-08-14T14:27:00.000,16.1679
2025-08-14T14:28:00.000,16.1830
2025-08-14T14:29:00.000,16.1817
2025-08-14T14:30:00.000,16.1721
2025-08-14T14:31:00.000,16.1597
2025-08-14T14:32:00.000,16.1460
2025-08-14T14:33:00.000,16.1295
2025-08-14T14:34:00.000,16.1158
2025-08-14T14:35:00.000,16.0993
2025-08-14T14:36:00.000,16.0814
2025-08-14T14:37:00.000,16.0691
2025-08-14T14:38:00.000,16.0608
2025-08-14T14:39:00.000,16.0512
2025-08-14T14:40:00.000,16.0416
2025-08-14T14:41:00.000,16.0347
2025-08-14T14:42:00.000,16.0279
2025-08-14T14:43:00.000,16.0224
2025-08-14T14:44:00.000,16.0196
2025-08-14T14:45:00.000,16.0127
2025-08-14T14:46:00.000,16.0073
2025-08-14T14:47:00.000,16.0031
2025-08-14T14:48:00.000,16.0004
2025-08-14T14:49:00.000,15.9990
2025-08-14T14:50:00.000,15.9963
2025-08-14T14:51:00.000,15.9935
2025-08-14T14:52:00.000,15.9921
2025-08-14T14:53:00.000,15.9894
2025-08-14T14:54:00.000,15.9908
2025-08-14T14:55:00.000,15.9963
2025-08-14T14:56:00.000,16.0045
2025-08-14T14:57:00.000,16.0114
2025-08-14T14:58:00.000,16.0155
2025-08-14T14:59:00.000,16.0210
2025-08-14T15:00:00.000,16.0237
2025-08-14T15:01:00.000,16.0334
2025-08-14T15:02:00.000,16.0334
2025-08-14T15:03:00.000,16.0292
2025-08-14T15:04:00.000,16.0251
2025-08-14T15:05:00.000,16.0224
2025-08-14T15:06:00.000,16.0196
2025-08-14T15:07:00.000,16.0237
2025-08-14T15:08:00.000,16.0279
2025-08-14T15:09:00.000,16.0334
2025-08-14T15:10:00.000,16.0375
2025-08-14T15:11:00.000,16.0388
2025-08-14T15:12:00.000,16.0402
2025-08-14T15:13:00.000,16.0430
2025-08-14T15:14:00.000,16.0457
2025-08-14T15:15:00.000,16.0498
2025-08-14T15:16:00.000,16.0553
2025-08-14T15:17:00.000,16.0622
2025-08-14T15:18:00.000,16.0704
2025-08-14T15:19:00.000,16.0691
2025-08-14T15:20:00.000,16.0636
2025-08-14T15:21:00.000,16.0581
2025-08-14T15:22:00.000,16.0512
2025-08-14T15:23:00.000,16.0443
2025-08-14T15:24:00.000,16.0388
2025-08-14T15:25:00.000,16.0306
2025-08-14T15:26:00.000,16.0237
2025-08-14T15:27:00.000,16.0169
2025-08-14T15:28:00.000,16.0073
2025-08-14T15:29:00.000,15.9963
2025-08-14T15:30:00.000,15.9866
2025-08-14T15:31:00.000,15.9798
2025-08-14T15:32:00.000,15.9743
2025-08-14T15:33:00.000,15.9674
2025-08-14T15:34:00.000,15.9605
2025-08-14T15:35:00.000,15.9592
2025-08-14T15:36:00.000,15.9564
2025-08-14T15:37:00.000,15.9550
2025-08-14T15:38:00.000,15.9523
2025-08-14T15:39:00.000,15.9495
2025-08-14T15:40:00.000,15.9482
2025-08-14T15:41:00.000,15.9468
2025-08-14T15:42:00.000,15.9441
2025-08-14T15:43:00.000,15.9427
2025-08-14T15:44:00.000,15.9413
2025-08-14T15:45:00.000,15.9427
2025-08-14T15:46:00.000,15.9468
2025-08-14T15:47:00.000,15.9564
2025-08-14T15:48:00.000,15.9633
2025-08-14T15:49:00.000,15.9702
2025-08-14T15:50:00.000,15.9770
2025-08-14T15:51:00.000,15.9811
2025-08-14T15:52:00.000,15.9908
2025-08-14T15:53:00.000,15.9949
2025-08-14T15:54:00.000,15.9976
2025-08-14T15:55:00.000,15.9976
2025-08-14T15:56:00.000,15.9949
2025-08-14T15:57:00.000,15.9894
2025-08-14T15:58:00.000,15.9839
2025-08-14T15:59:00.000,15.9798
2025-08-14T16:00:00.000,15.9757
2025-08-14T16:01:00.000,15.9702
2025-08-14T16:02:00.000,15.9647
2025-08-14T16:03:00.000,15.9592
2025-08-14T16:04:00.000,15.9550
2025-08-14T16:05:00.000,15.9509
2025-08-14T16:06:00.000,15.9468
2025-08-14T16:07:00.000,15.9427
2025-08-14T16:08:00.000,15.9399
2025-08-14T16:09:00.000,15.9427
2025-08-14T16:10:00.000,15.9399
2025-08-14T16:11:00.000,15.9372
2025-08-14T16:12:00.000,15.9344
2025-08-14T16:13:00.000,15.9344
2025-08-14T16:14:00.000,15.9344
2025-08-14T16:15:00.000,15.9344
2025-08-14T16:16:00.000,15.9344
2025-08-14T16:17:00.000,15.9331
2025-08-14T16:18:00.000,15.9317
2025-08-14T16:19:00.000,15.9289
2025-08-14T16:20:00.000,15.9262
2025-08-14T16:21:00.000,15.9221
2025-08-14T16:22:00.000,15.9179
2025-08-14T16:23:00.000,15.9138
2025-08-14T16:24:00.000,15.9111
2025-08-14T16:25:00.000,15.9070
2025-08-14T16:26:00.000,15.9070
2025-08-14T16:27:00.000,15.9015
2025-08-14T16:28:00.000,15.8960
2025-08-14T16:29:00.000,15.8905
2025-08-14T16:30:00.000,15.8863
2025-08-14T16:31:00.000,15.8836
2025-08-14T16:32:00.000,15.8808
2025-08-14T16:33:00.000,15.8795
2025-08-14T16:34:00.000,15.8767
2025-08-14T16:35:00.000,15.8753
2025-08-14T16:36:00.000,15.8740
2025-08-14T16:37:00.000,15.8726
2025-08-14T16:38:00.000,15.8726
2025-08-14T16:39:00.000,15.8726
2025-08-14T16:40:00.000,15.8726
2025-08-14T16:41:00.000,15.8726
2025-08-14T16:42:00.000,15.8740
2025-08-14T16:43:00.000,15.8781
2025-08-14T16:44:00.000,15.8781
2025-08-14T16:45:00.000,15.8781
2025-08-14T16:46:00.000,15.8781
2025-08-14T16:47:00.000,15.8781
2025-08-14T16:48:00.000,15.8767
2025-08-14T16:49:00.000,15.8767
2025-08-14T16:50:00.000,15.8781
2025-08-14T16:51:00.000,15.8795
2025-08-14T16:52:00.000,15.8808
2025-08-14T16:53:00.000,15.8822
2025-08-14T16:54:00.000,15.8836
2025-08-14T16:55:00.000,15.8836
2025-08-14T16:56:00.000,15.8836
2025-08-14T16:57:00.000,15.8836
2025-08-14T16:58:00.000,15.8850
2025-08-14T16:59:00.000,15.8877
2025-08-14T17:00:00.000,15.8891
2025-08-14T17:01:00.000,15.8891
2025-08-14T17:02:00.000,15.8905
2025-08-14T17:03:00.000,15.8932
2025-08-14T17:04:00.000,15.8946
2025-08-14T17:05:00.000,15.8973
2025-08-14T17:06:00.000,15.8987
2025-08-14T17:07:00.000,15.9001
2025-08-14T17:08:00.000,15.9001
2025-08-14T17:09:00.000,15.8987
2025-08-14T17:10:00.000,15.8987
2025-08-14T17:11:00.000,15.8987
2025-08-14T17:12:00.000,15.8987
2025-08-14T17:13:00.000,15.8987
2025-08-14T17:14:00.000,15.8987
2025-08-14T17:15:00.000,15.9001
2025-08-14T17:16:00.000,15.9015
2025-08-14T17:17:00.000,15.9070
2025-08-14T17:18:00.000,15.9083
2025-08-14T17:19:00.000,15.9097
2025-08-14T17:20:00.000,15.9111
2025-08-14T17:21:00.000,15.9124
2025-08-14T17:22:00.000,15.9138
2025-08-14T17:23:00.000,15.9152
2025-08-14T17:24:00.000,15.9152
2025-08-14T17:25:00.000,15.9166
2025-08-14T17:26:00.000,15.9179
2025-08-14T17:27:00.000,15.9193
2025-08-14T17:28:00.000,15.9221
2025-08-14T17:29:00.000,15.9234
2025-08-14T17:30:00.000,15.9262
2025-08-14T17:31:00.000,15.9289
2025-08-14T17:32:00.000,15.9317
2025-08-14T17:33:00.000,15.9344
2025-08-14T17:34:00.000,15.9399
2025-08-14T17:35:00.000,15.9413
2025-08-14T17:36:00.000,15.9413
2025-08-14T17:37:00.000,15.9413
2025-08-14T17:38:00.000,15.9413
2025-08-14T17:39:00.000,15.9413
2025-08-14T17:40:00.000,15.9427
2025-08-14T17:41:00.000,15.9427
2025-08-14T17:42:00.000,15.9441
2025-08-14T17:43:00.000,15.9441
2025-08-14T17:44:00.000,15.9441
2025-08-14T17:45:00.000,15.9441
2025-08-14T17:46:00.000,15.9454
2025-08-14T17:47:00.000,15.9454
2025-08-14T17:48:00.000,15.9468
2025-08-14T17:49:00.000,15.9482
2025-08-14T17:50:00.000,15.9482
2025-08-14T17:51:00.000,15.9523
2025-08-14T17:52:00.000,15.9509
2025-08-14T17:53:00.000,15.9509
2025-08-14T17:54:00.000,15.9495
2025-08-14T17:55:00.000,15.9495
2025-08-14T17:56:00.000,15.9495
2025-08-14T17:57:00.000,15.9495
2025-08-14T17:58:00.000,15.9495
2025-08-14T17:59:00.000,15.9495
2025-08-14T18:00:00.000,15.9495
2025-08-14T18:01:00.000,15.9482
2025-08-14T18:02:00.000,15.9482
2025-08-14T18:03:00.000,15.9482
2025-08-14T18:04:00.000,15.9495
2025-08-14T18:05:00.000,15.9495
2025-08-14T18:06:00.000,15.9509
2025-08-14T18:07:00.000,15.9509
2025-08-14T18:08:00.000,15.9550
2025-08-14T18:09:00.000,15.9564
2025-08-14T18:10:00.000,15.9564
2025-08-14T18:11:00.000,15.9564
2025-08-14T18:12:00.000,15.9578
2025-08-14T18:13:00.000,15.9592
2025-08-14T18:14:00.000,15.9619
2025-08-14T18:15:00.000,15.9633
2025-08-14T18:16:00.000,15.9633
2025-08-14T18:17:00.000,15.9647
2025-08-14T18:18:00.000,15.9647
2025-08-14T18:19:00.000,15.9647
2025-08-14T18:20:00.000,15.9647
2025-08-14T18:21:00.000,15.9647
2025-08-14T18:22:00.000,15.9633
2025-08-14T18:23:00.000,15.9605
2025-08-14T18:24:00.000,15.9578
2025-08-14T18:25:00.000,15.9592
2025-08-14T18:26:00.000,15.9564
2025-08-14T18:27:00.000,15.9523
2025-08-14T18:28:00.000,15.9482
2025-08-14T18:29:00.000,15.9427
2025-08-14T18:30:00.000,15.9386
2025-08-14T18:31:00.000,15.9331
2025-08-14T18:32:00.000,15.9289
2025-08-14T18:33:00.000,15.9234
2025-08-14T18:34:00.000,15.9193
2025-08-14T18:35:00.000,15.9138
2025-08-14T18:36:00.000,15.9083
2025-08-14T18:37:00.000,15.9028
2025-08-14T18:38:00.000,15.8987
2025-08-14T18:39:00.000,15.8946
2025-08-14T18:40:00.000,15.8905
2025-08-14T18:41:00.000,15.8781
2025-08-14T18:42:00.000,15.8630
2025-08-14T18:43:00.000,15.8369
2025-08-14T18:44:00.000,15.8107
2025-08-14T18:45:00.000,15.7777
2025-08-14T18:46:00.000,15.7475
2025-08-14T18:47:00.000,15.7227
2025-08-14T18:48:00.000,15.7007
2025-08-14T18:49:00.000,15.6815
2025-08-14T18:50:00.000,15.6677
2025-08-14T18:51:00.000,15.6554
2025-08-14T18:52:00.000,15.6444
2025-08-14T18:53:00.000,15.6334
2025-08-14T18:54:00.000,15.6251
2025-08-14T18:55:00.000,15.6210
2025-08-14T18:56:00.000,15.6168
2025-08-14T18:57:00.000,15.6155
2025-08-14T18:58:00.000,15.6141
2025-08-14T18:59:00.000,15.6182
2025-08-14T19:00:00.000,15.6182
2025-08-14T19:01:00.000,15.6196
2025-08-14T19:02:00.000,15.6182
2025-08-14T19:03:00.000,15.6045
2025-08-14T19:04:00.000,15.5811
2025-08-14T19:05:00.000,15.5522
2025-08-14T19:06:00.000,15.5247
2025-08-14T19:07:00.000,15.4985
2025-08-14T19:08:00.000,15.4751
2025-08-14T19:09:00.000,15.4545
2025-08-14T19:10:00.000,15.4325
2025-08-14T19:11:00.000,15.4118
2025-08-14T19:12:00.000,15.3939
2025-08-14T19:13:00.000,15.3788
2025-08-14T19:14:00.000,15.3622
2025-08-14T19:15:00.000,15.3485
2025-08-14T19:16:00.000,15.3388
2025-08-14T19:17:00.000,15.3264
2025-08-14T19:18:00.000,15.3168
2025-08-14T19:19:00.000,15.3099
2025-08-14T19:20:00.000,15.3030
2025-08-14T19:21:00.000,15.2975
2025-08-14T19:22:00.000,15.2920
2025-08-14T19:23:00.000,15.2865
2025-08-14T19:24:00.000,15.2810
2025-08-14T19:25:00.000,15.2782
2025-08-14T19:26:00.000,15.2755
2025-08-14T19:27:00.000,15.2741
2025-08-14T19:28:00.000,15.2727
2025-08-14T19:29:00.000,15.2727
2025-08-14T19:30:00.000,15.2727
2025-08-14T19:31:00.000,15.2713
2025-08-14T19:32:00.000,15.2713
2025-08-14T19:33:00.000,15.2755
2025-08-14T19:34:00.000,15.2727
2025-08-14T19:35:00.000,15.2713
2025-08-14T19:36:00.000,15.2700
2025-08-14T19:37:00.000,15.2686
2025-08-14T19:38:00.000,15.2686
2025-08-14T19:39:00.000,15.2672
2025-08-14T19:40:00.000,15.2686
2025-08-14T19:41:00.000,15.2686
2025-08-14T19:42:00.000,15.2686
2025-08-14T19:43:00.000,15.2700
2025-08-14T19:44:00.000,15.2686
2025-08-14T19:45:00.000,15.2686
2025-08-14T19:46:00.000,15.2686
2025-08-14T19:47:00.000,15.2686
2025-08-14T19:48:00.000,15.2686
2025-08-14T19:49:00.000,15.2686
2025-08-14T19:50:00.000,15.2727
2025-08-14T19:51:00.000,15.2727
2025-08-14T19:52:00.000,15.2727
2025-08-14T19:53:00.000,15.2713
2025-08-14T19:54:00.000,15.2713
2025-08-14T19:55:00.000,15.2686
2025-08-14T19:56:00.000,15.2672
2025-08-14T19:57:00.000,15.2645
2025-08-14T19:58:00.000,15.2603
2025-08-14T19:59:00.000,15.2562
2025-08-14T20:00:00.000,15.2521
2025-08-14T20:01:00.000,15.2479
2025-08-14T20:02:00.000,15.2452
2025-08-14T20:03:00.000,15.2438
2025-08-14T20:04:00.000,15.2424
2025-08-14T20:05:00.000,15.2424
2025-08-14T20:06:00.000,15.2410
2025-08-14T20:07:00.000,15.2452
2025-08-14T20:08:00.000,15.2424
2025-08-14T20:09:00.000,15.2410
2025-08-14T20:10:00.000,15.2383
2025-08-14T20:11:00.000,15.2355
2025-08-14T20:12:00.000,15.2314
2025-08-14T20:13:00.000,15.2273
2025-08-14T20:14:00.000,15.2217
2025-08-14T20:15:00.000,15.2176
2025-08-14T20:16:00.000,15.2149
2025-08-14T20:17:00.000,15.2121
2025-08-14T20:18:00.000,15.2080
2025-08-14T20:19:00.000,15.2011
2025-08-14T20:20:00.000,15.1928
2025-08-14T20:21:00.000,15.1804
2025-08-14T20:22:00.000,15.1639
2025-08-14T20:23:00.000,15.1460
2025-08-14T20:24:00.000,15.1336
2025-08-14T20:25:00.000,15.1170
2025-08-14T20:26:00.000,15.1019
2025-08-14T20:27:00.000,15.0826
2025-08-14T20:28:00.000,15.0605
2025-08-14T20:29:00.000,15.0398
2025-08-14T20:30:00.000,15.0247
2025-08-14T20:31:00.000,15.0150
2025-08-14T20:32:00.000,15.0040
2025-08-14T20:33:00.000,14.9888
2025-08-14T20:34:00.000,14.9723
2025-08-14T20:35:00.000,14.9571
2025-08-14T20:36:00.000,14.9447
2025-08-14T20:37:00.000,14.9364
2025-08-14T20:38:00.000,14.9323
2025-08-14T20:39:00.000,14.9295
2025-08-14T20:40:00.000,14.9281
2025-08-14T20:41:00.000,14.9309
2025-08-14T20:42:00.000,14.9295
2025-08-14T20:43:00.000,14.9281
2025-08-14T20:44:00.000,14.9281
2025-08-14T20:45:00.000,14.9295
2025-08-14T20:46:00.000,14.9309
2025-08-14T20:47:00.000,14.9336
2025-08-14T20:48:00.000,14.9350
2025-08-14T20:49:00.000,14.9364
2025-08-14T20:50:00.000,14.9378
2025-08-14T20:51:00.000,14.9405
2025-08-14T20:52:00.000,14.9419
2025-08-14T20:53:00.000,14.9419
2025-08-14T20:54:00.000,14.9433
2025-08-14T20:55:00.000,14.9447
2025-08-14T20:56:00.000,14.9474
2025-08-14T20:57:00.000,14.9516
2025-08-14T20:58:00.000,14.9598
2025-08-14T20:59:00.000,14.9640
2025-08-14T21:00:00.000,14.9681
2025-08-14T21:01:00.000,14.9709
2025-08-14T21:02:00.000,14.9709
2025-08-14T21:03:00.000,14.9709
2025-08-14T21:04:00.000,14.9681
2025-08-14T21:05:00.000,14.9626
2025-08-14T21:06:00.000,14.9543
2025-08-14T21:07:00.000,14.9433
2025-08-14T21:08:00.000,14.9254
2025-08-14T21:09:00.000,14.8909
2025-08-14T21:10:00.000,14.8302
2025-08-14T21:11:00.000,14.7487
2025-08-14T21:12:00.000,14.6617
2025-08-14T21:13:00.000,14.5733
2025-08-14T21:14:00.000,14.4862
2025-08-14T21:15:00.000,14.3922
2025-08-14T21:16:00.000,14.2926
2025-08-14T21:17:00.000,14.1971
2025-08-14T21:18:00.000,14.1071
2025-08-14T21:19:00.000,14.0337
2025-08-14T21:20:00.000,13.9714
2025-08-14T21:21:00.000,13.9201
2025-08-14T21:22:00.000,13.8785
2025-08-14T21:23:00.000,13.8466
2025-08-14T21:24:00.000,13.8202
2025-08-14T21:25:00.000,13.7967
2025-08-14T21:26:00.000,13.7759
2025-08-14T21:27:00.000,13.7592
2025-08-14T21:28:00.000,13.7481
2025-08-14T21:29:00.000,13.7384
2025-08-14T21:30:00.000,13.7342
2025-08-14T21:31:00.000,13.7314
2025-08-14T21:32:00.000,13.7328
2025-08-14T21:33:00.000,13.7314
2025-08-14T21:34:00.000,13.7328
2025-08-14T21:35:00.000,13.7328
2025-08-14T21:36:00.000,13.7342
2025-08-14T21:37:00.000,13.7342
2025-08-14T21:38:00.000,13.7356
2025-08-14T21:39:00.000,13.7370
2025-08-14T21:40:00.000,13.7412
2025-08-14T21:41:00.000,13.7467
2025-08-14T21:42:00.000,13.7523
2025-08-14T21:43:00.000,13.7592
2025-08-14T21:44:00.000,13.7648
2025-08-14T21:45:00.000,13.7731
2025-08-14T21:46:00.000,13.7842
2025-08-14T21:47:00.000,13.8050
2025-08-14T21:48:00.000,13.8161
2025-08-14T21:49:00.000,13.8272
2025-08-14T21:50:00.000,13.8272
2025-08-14T21:51:00.000,13.8272
2025-08-14T21:52:00.000,13.8272
2025-08-14T21:53:00.000,13.8286
2025-08-14T21:54:00.000,13.8300
2025-08-14T21:55:00.000,13.8327
2025-08-14T21:56:00.000,13.8341
2025-08-14T21:57:00.000,13.8327
2025-08-14T21:58:00.000,13.8258
2025-08-14T21:59:00.000,13.8175
2025-08-14T22:00:00.000,13.8105
2025-08-14T22:01:00.000,13.8064
2025-08-14T22:02:00.000,13.8022
2025-08-14T22:03:00.000,13.7980
2025-08-14T22:04:00.000,13.7939
2025-08-14T22:05:00.000,13.7925
2025-08-14T22:06:00.000,13.7980
2025-08-14T22:07:00.000,13.7994
2025-08-14T22:08:00.000,13.8022
2025-08-14T22:09:00.000,13.8050
2025-08-14T22:10:00.000,13.8078
2025-08-14T22:11:00.000,13.8091
2025-08-14T22:12:00.000,13.8091
2025-08-14T22:13:00.000,13.8078
2025-08-14T22:14:00.000,13.8064
2025-08-14T22:15:00.000,13.8064
2025-08-14T22:16:00.000,13.8064
2025-08-14T22:17:00.000,13.8091
2025-08-14T22:18:00.000,13.8105
2025-08-14T22:19:00.000,13.8119
2025-08-14T22:20:00.000,13.8119
2025-08-14T22:21:00.000,13.8147
2025-08-14T22:22:00.000,13.8202
2025-08-14T22:23:00.000,13.8300
2025-08-14T22:24:00.000,13.8327
2025-08-14T22:25:00.000,13.8369
2025-08-14T22:26:00.000,13.8397
2025-08-14T22:27:00.000,13.8438
2025-08-14T22:28:00.000,13.8438
2025-08-14T22:29:00.000,13.8410
2025-08-14T22:30:00.000,13.8327
2025-08-14T22:31:00.000,13.8230
2025-08-14T22:32:00.000,13.8119
2025-08-14T22:33:00.000,13.7994
2025-08-14T22:34:00.000,13.7828
2025-08-14T22:35:00.000,13.7648
2025-08-14T22:36:00.000,13.7439
2025-08-14T22:37:00.000,13.7301
2025-08-14T22:38:00.000,13.7120
2025-08-14T22:39:00.000,13.6954
2025-08-14T22:40:00.000,13.6801
2025-08-14T22:41:00.000,13.6607
2025-08-14T22:42:00.000,13.6398
2025-08-14T22:43:00.000,13.6190
2025-08-14T22:44:00.000,13.5996
2025-08-14T22:45:00.000,13.5801
2025-08-14T22:46:00.000,13.5607
2025-08-14T22:47:00.000,13.5384
2025-08-14T22:48:00.000,13.5162
2025-08-14T22:49:00.000,13.4954
2025-08-14T22:50:00.000,13.4745
2025-08-14T22:51:00.000,13.4551
2025-08-14T22:52:00.000,13.4370
2025-08-14T22:53:00.000,13.4217
2025-08-14T22:54:00.000,13.4092
2025-08-14T22:55:00.000,13.3981
2025-08-14T22:56:00.000,13.3911
2025-08-14T22:57:00.000,13.3925
2025-08-14T22:58:00.000,13.3939
2025-08-14T22:59:00.000,13.3981
2025-08-14T23:00:00.000,13.4022
2025-08-14T23:01:00.000,13.4036
2025-08-14T23:02:00.000,13.4050
2025-08-14T23:03:00.000,13.4036
2025-08-14T23:04:00.000,13.3994
2025-08-14T23:05:00.000,13.3967
2025-08-14T23:06:00.000,13.3911
2025-08-14T23:07:00.000,13.3869
2025-08-14T23:08:00.000,13.3828
2025-08-14T23:09:00.000,13.3786
2025-08-14T23:10:00.000,13.3772
2025-08-14T23:11:00.000,13.3814
2025-08-14T23:12:00.000,13.3869
2025-08-14T23:13:00.000,13.3939
2025-08-14T23:14:00.000,13.4064
2025-08-14T23:15:00.000,13.4259
2025-08-14T23:16:00.000,13.4398
2025-08-14T23:17:00.000,13.4509
2025-08-14T23:18:00.000,13.4606
2025-08-14T23:19:00.000,13.4662
2025-08-14T23:20:00.000,13.4717
2025-08-14T23:21:00.000,13.4773
2025-08-14T23:22:00.000,13.4829
2025-08-14T23:23:00.000,13.4912
2025-08-14T23:24:00.000,13.4995
2025-08-14T23:25:00.000,13.5079
2025-08-14T23:26:00.000,13.5190
2025-08-14T23:27:00.000,13.5301
2025-08-14T23:28:00.000,13.5426
2025-08-14T23:29:00.000,13.5509
2025-08-14T23:30:00.000,13.5607
2025-08-14T23:31:00.000,13.5732
2025-08-14T23:32:00.000,13.6037
2025-08-14T23:33:00.000,13.6190
2025-08-14T23:34:00.000,13.6343
2025-08-14T23:35:00.000,13.6523
2025-08-14T23:36:00.000,13.7051
2025-08-14T23:37:00.000,13.7564
2025-08-14T23:38:00.000,13.8202
2025-08-14T23:39:00.000,13.9090
2025-08-14T23:40:00.000,13.9894
2025-08-14T23:41:00.000,14.0684
2025-08-14T23:42:00.000,14.1528
2025-08-14T23:43:00.000,14.2110
2025-08-14T23:44:00.000,14.2511
2025-08-14T23:45:00.000,14.2871
2025-08-14T23:46:00.000,14.3134
2025-08-14T23:47:00.000,14.3314
2025-08-14T23:48:00.000,14.3438
2025-08-14T23:49:00.000,14.3535
2025-08-14T23:50:00.000,14.3604
2025-08-14T23:51:00.000,14.3715
2025-08-14T23:52:00.000,14.3853
2025-08-14T23:53:00.000,14.3964
2025-08-14T23:54:00.000,14.4047
2025-08-14T23:55:00.000,14.4130
2025-08-14T23:56:00.000,14.4254
2025-08-14T23:57:00.000,14.4531
2025-08-14T23:58:00.000,14.4959
2025-08-14T23:59:00.000,14.5484
2025-08-15T00:00:00.000,14.6079
2025-08-15T00:01:00.000,14.6728
2025-08-15T00:02:00.000,14.7335
2025-08-15T00:03:00.000,14.7887
2025-08-15T00:04:00.000,14.8426
2025-08-15T00:05:00.000,14.8853
2025-08-15T00:06:00.000,14.9364
2025-08-15T00:07:00.000,14.9805
2025-08-15T00:08:00.000,15.0247
2025-08-15T00:09:00.000,15.0674
2025-08-15T00:10:00.000,15.1032
2025-08-15T00:11:00.000,15.1432
2025-08-15T00:12:00.000,15.1887
2025-08-15T00:13:00.000,15.2259
2025-08-15T00:14:00.000,15.2727
2025-08-15T00:15:00.000,15.3127
2025-08-15T00:16:00.000,15.3554
2025-08-15T00:17:00.000,15.3967
2025-08-15T00:18:00.000,15.4352
2025-08-15T00:19:00.000,15.4682
2025-08-15T00:20:00.000,15.4971
2025-08-15T00:21:00.000,15.5260
2025-08-15T00:22:00.000,15.5536
2025-08-15T00:23:00.000,15.5838
2025-08-15T00:24:00.000,15.6100
2025-08-15T00:25:00.000,15.6389
2025-08-15T00:26:00.000,15.6664
2025-08-15T00:27:00.000,15.6856
2025-08-15T00:28:00.000,15.6980
2025-08-15T00:29:00.000,15.7117
2025-08-15T00:30:00.000,15.7241
2025-08-15T00:31:00.000,15.7365
2025-08-15T00:32:00.000,15.7489
2025-08-15T00:33:00.000,15.7599
2025-08-15T00:34:00.000,15.7681
2025-08-15T00:35:00.000,15.7764
2025-08-15T00:36:00.000,15.7819
2025-08-15T00:37:00.000,15.7846
2025-08-15T00:38:00.000,15.7887
2025-08-15T00:39:00.000,15.7942
2025-08-15T00:40:00.000,15.8011
2025-08-15T00:41:00.000,15.8011
2025-08-15T00:42:00.000,15.7984
2025-08-15T00:43:00.000,15.7956
2025-08-15T00:44:00.000,15.7956
2025-08-15T00:45:00.000,15.7956
2025-08-15T00:46:00.000,15.7956
2025-08-15T00:47:00.000,15.7956
2025-08-15T00:48:00.000,15.7970
2025-08-15T00:49:00.000,15.7970
2025-08-15T00:50:00.000,15.7970
2025-08-15T00:51:00.000,15.7942
2025-08-15T00:52:00.000,15.7915
2025-08-15T00:53:00.000,15.7874
2025-08-15T00:54:00.000,15.7874
2025-08-15T00:55:00.000,15.7874
2025-08-15T00:56:00.000,15.7901
2025-08-15T00:57:00.000,15.7956
2025-08-15T00:58:00.000,15.7984
2025-08-15T00:59:00.000,15.8011
2025-08-15T01:00:00.000,15.8039
2025-08-15T01:01:00.000,15.8066
2025-08-15T01:02:00.000,15.8107
2025-08-15T01:03:00.000,15.8149
2025-08-15T01:04:00.000,15.8176
2025-08-15T01:05:00.000,15.8204
2025-08-15T01:06:00.000,15.8217
2025-08-15T01:07:00.000,15.8217
2025-08-15T01:08:00.000,15.8231
2025-08-15T01:09:00.000,15.8204
2025-08-15T01:10:00.000,15.8135
2025-08-15T01:11:00.000,15.8080
2025-08-15T01:12:00.000,15.8011
2025-08-15T01:13:00.000,15.7901
2025-08-15T01:14:00.000,15.7846
2025-08-15T01:15:00.000,15.7764
2025-08-15T01:16:00.000,15.7709
2025-08-15T01:17:00.000,15.7667
2025-08-15T01:18:00.000,15.7626
2025-08-15T01:19:00.000,15.7626
2025-08-15T01:20:00.000,15.7626
2025-08-15T01:21:00.000,15.7667
2025-08-15T01:22:00.000,15.7695
2025-08-15T01:23:00.000,15.7722
2025-08-15T01:24:00.000,15.7736
2025-08-15T01:25:00.000,15.7750
2025-08-15T01:26:00.000,15.7750
2025-08-15T01:27:00.000,15.7777
2025-08-15T01:28:00.000,15.7805
2025-08-15T01:29:00.000,15.7846
2025-08-15T01:30:00.000,15.7874
2025-08-15T01:31:00.000,15.7970
2025-08-15T01:32:00.000,15.8025
2025-08-15T01:33:00.000,15.8025
2025-08-15T01:34:00.000,15.8080
2025-08-15T01:35:00.000,15.8052
2025-08-15T01:36:00.000,15.8025
2025-08-15T01:37:00.000,15.7997
2025-08-15T01:38:00.000,15.7984
2025-08-15T01:39:00.000,15.7997
2025-08-15T01:40:00.000,15.8025
2025-08-15T01:41:00.000,15.8066
2025-08-15T01:42:00.000,15.8121
2025-08-15T01:43:00.000,15.8176
2025-08-15T01:44:00.000,15.8217
2025-08-15T01:45:00.000,15.8231
2025-08-15T01:46:00.000,15.8231
2025-08-15T01:47:00.000,15.8231
2025-08-15T01:48:00.000,15.8259
2025-08-15T01:49:00.000,15.8245
2025-08-15T01:50:00.000,15.8231
2025-08-15T01:51:00.000,15.8217
2025-08-15T01:52:00.000,15.8217
2025-08-15T01:53:00.000,15.8204
2025-08-15T01:54:00.000,15.8217
2025-08-15T01:55:00.000,15.8217
2025-08-15T01:56:00.000,15.8217
2025-08-15T01:57:00.000,15.8217
2025-08-15T01:58:00.000,15.8231
2025-08-15T01:59:00.000,15.8259
2025-08-15T02:00:00.000,15.8300
2025-08-15T02:01:00.000,15.8369
2025-08-15T02:02:00.000,15.8451
2025-08-15T02:03:00.000,15.8534
2025-08-15T02:04:00.000,15.8643
2025-08-15T02:05:00.000,15.8685
2025-08-15T02:06:00.000,15.8712
2025-08-15T02:07:00.000,15.8740
2025-08-15T02:08:00.000,15.8740
2025-08-15T02:09:00.000,15.8753
2025-08-15T02:10:00.000,15.8753
2025-08-15T02:11:00.000,15.8753
2025-08-15T02:12:00.000,15.8740
2025-08-15T02:13:00.000,15.8698
2025-08-15T02:14:00.000,15.8630
2025-08-15T02:15:00.000,15.8547
2025-08-15T02:16:00.000,15.8479
2025-08-15T02:17:00.000,15.8410
2025-08-15T02:18:00.000,15.8341
2025-08-15T02:19:00.000,15.8245
2025-08-15T02:20:00.000,15.8162
2025-08-15T02:21:00.000,15.8080
2025-08-15T02:22:00.000,15.8080
2025-08-15T02:23:00.000,15.8039
2025-08-15T02:24:00.000,15.7984
2025-08-15T02:25:00.000,15.7956
2025-08-15T02:26:00.000,15.7970
2025-08-15T02:27:00.000,15.7997
2025-08-15T02:28:00.000,15.8025
2025-08-15T02:29:00.000,15.8039
2025-08-15T02:30:00.000,15.8039
2025-08-15T02:31:00.000,15.8039
2025-08-15T02:32:00.000,15.8025
2025-08-15T02:33:00.000,15.7997
2025-08-15T02:34:00.000,15.7970
2025-08-15T02:35:00.000,15.7929
2025-08-15T02:36:00.000,15.7901
2025-08-15T02:37:00.000,15.7860
2025-08-15T02:38:00.000,15.7832
2025-08-15T02:39:00.000,15.7846
2025-08-15T02:40:00.000,15.7805
2025-08-15T02:41:00.000,15.7764
2025-08-15T02:42:00.000,15.7736
2025-08-15T02:43:00.000,15.7709
2025-08-15T02:44:00.000,15.7681
2025-08-15T02:45:00.000,15.7667
2025-08-15T02:46:00.000,15.7626
2025-08-15T02:47:00.000,15.7599
2025-08-15T02:48:00.000,15.7585
2025-08-15T02:49:00.000,15.7571
2025-08-15T02:50:00.000,15.7557
2025-08-15T02:51:00.000,15.7557
2025-08-15T02:52:00.000,15.7530
2025-08-15T02:53:00.000,15.7516
2025-08-15T02:54:00.000,15.7489
2025-08-15T02:55:00.000,15.7447
2025-08-15T02:56:00.000,15.7461
2025-08-15T02:57:00.000,15.7434
2025-08-15T02:58:00.000,15.7406
2025-08-15T02:59:00.000,15.7392
2025-08-15T03:00:00.000,15.7365
2025-08-15T03:01:00.000,15.7337
2025-08-15T03:02:00.000,15.7282
2025-08-15T03:03:00.000,15.7227
2025-08-15T03:04:00.000,15.7172
2025-08-15T03:05:00.000,15.7117
2025-08-15T03:06:00.000,15.7076
2025-08-15T03:07:00.000,15.7049
2025-08-15T03:08:00.000,15.6980
2025-08-15T03:09:00.000,15.6870
2025-08-15T03:10:00.000,15.6787
2025-08-15T03:11:00.000,15.6732
2025-08-15T03:12:00.000,15.6677
2025-08-15T03:13:00.000,15.6664
2025-08-15T03:14:00.000,15.6609
2025-08-15T03:15:00.000,15.6540
2025-08-15T03:16:00.000,15.6485
2025-08-15T03:17:00.000,15.6416
2025-08-15T03:18:00.000,15.6306
2025-08-15T03:19:00.000,15.6182
2025-08-15T03:20:00.000,15.6031
2025-08-15T03:21:00.000,15.5893
2025-08-15T03:22:00.000,15.5797
2025-08-15T03:23:00.000,15.5701
2025-08-15T03:24:00.000,15.5563
2025-08-15T03:25:00.000,15.5522
2025-08-15T03:26:00.000,15.5522
2025-08-15T03:27:00.000,15.5536
2025-08-15T03:28:00.000,15.5549
2025-08-15T03:29:00.000,15.5522
2025-08-15T03:30:00.000,15.5549
2025-08-15T03:31:00.000,15.5536
2025-08-15T03:32:00.000,15.5536
2025-08-15T03:33:00.000,15.5549
2025-08-15T03:34:00.000,15.5549
2025-08-15T03:35:00.000,15.5549
2025-08-15T03:36:00.000,15.5522
2025-08-15T03:37:00.000,15.5508
2025-08-15T03:38:00.000,15.5508
2025-08-15T03:39:00.000,15.5481
2025-08-15T03:40:00.000,15.5522
2025-08-15T03:41:00.000,15.5508
2025-08-15T03:42:00.000,15.5481
2025-08-15T03:43:00.000,15.5481
2025-08-15T03:44:00.000,15.5522
2025-08-15T03:45:00.000,15.5577
2025-08-15T03:46:00.000,15.5646
2025-08-15T03:47:00.000,15.5742
2025-08-15T03:48:00.000,15.5742
2025-08-15T03:49:00.000,15.5701
2025-08-15T03:50:00.000,15.5618
2025-08-15T03:51:00.000,15.5549
2025-08-15T03:52:00.000,15.5439
2025-08-15T03:53:00.000,15.5329
2025-08-15T03:54:00.000,15.5247
2025-08-15T03:55:00.000,15.5178
2025-08-15T03:56:00.000,15.5109
2025-08-15T03:57:00.000,15.5040
2025-08-15T03:58:00.000,15.4999
2025-08-15T03:59:00.000,15.4985
2025-08-15T04:00:00.000,15.4971
2025-08-15T04:01:00.000,15.4985
2025-08-15T04:02:00.000,15.4985
2025-08-15T04:03:00.000,15.5013
2025-08-15T04:04:00.000,15.5095
2025-08-15T04:05:00.000,15.5178
2025-08-15T04:06:00.000,15.5274
2025-08-15T04:07:00.000,15.5315
2025-08-15T04:08:00.000,15.5302
2025-08-15T04:09:00.000,15.5302
2025-08-15T04:10:00.000,15.5302
2025-08-15T04:11:00.000,15.5288
2025-08-15T04:12:00.000,15.5233
2025-08-15T04:13:00.000,15.5150
2025-08-15T04:14:00.000,15.5095
2025-08-15T04:15:00.000,15.5026
2025-08-15T04:16:00.000,15.4916
2025-08-15T04:17:00.000,15.4834
2025-08-15T04:18:00.000,15.4765
2025-08-15T04:19:00.000,15.4696
2025-08-15T04:20:00.000,15.4627
2025-08-15T04:21:00.000,15.4572
2025-08-15T04:22:00.000,15.4517
2025-08-15T04:23:00.000,15.4503
2025-08-15T04:24:00.000,15.4462
2025-08-15T04:25:00.000,15.4476
2025-08-15T04:26:00.000,15.4559
2025-08-15T04:27:00.000,15.4586
2025-08-15T04:28:00.000,15.4669
2025-08-15T04:29:00.000,15.4765
2025-08-15T04:30:00.000,15.4820
2025-08-15T04:31:00.000,15.4848
2025-08-15T04:32:00.000,15.4875
2025-08-15T04:33:00.000,15.4930
2025-08-15T04:34:00.000,15.5013
2025-08-15T04:35:00.000,15.5109
2025-08-15T04:36:00.000,15.5205
2025-08-15T04:37:00.000,15.5315
2025-08-15T04:38:00.000,15.5453
2025-08-15T04:39:00.000,15.5522
2025-08-15T04:40:00.000,15.5591
2025-08-15T04:41:00.000,15.5632
2025-08-15T04:42:00.000,15.5687
2025-08-15T04:43:00.000,15.5701
2025-08-15T04:44:00.000,15.5646
2025-08-15T04:45:00.000,15.5577
2025-08-15T04:46:00.000,15.5522
2025-08-15T04:47:00.000,15.5508
2025-08-15T04:48:00.000,15.5522
2025-08-15T04:49:00.000,15.5536
2025-08-15T04:50:00.000,15.5563
2025-08-15T04:51:00.000,15.5604
2025-08-15T04:52:00.000,15.5618
2025-08-15T04:53:00.000,15.5632
2025-08-15T04:54:00.000,15.5618
2025-08-15T04:55:00.000,15.5673
2025-08-15T04:56:00.000,15.5714
2025-08-15T04:57:00.000,15.5756
2025-08-15T04:58:00.000,15.5742
2025-08-15T04:59:00.000,15.5770
2025-08-15T05:00:00.000,15.5756
2025-08-15T05:01:00.000,15.5728
2025-08-15T05:02:00.000,15.5673
2025-08-15T05:03:00.000,15.5632
2025-08-15T05:04:00.000,15.5673
2025-08-15T05:05:00.000,15.5714
2025-08-15T05:06:00.000,15.5770
2025-08-15T05:07:00.000,15.5811
2025-08-15T05:08:00.000,15.5825
2025-08-15T05:09:00.000,15.5811
2025-08-15T05:10:00.000,15.5811
2025-08-15T05:11:00.000,15.5811
2025-08-15T05:12:00.000,15.5866
2025-08-15T05:13:00.000,15.5852
2025-08-15T05:14:00.000,15.5852
2025-08-15T05:15:00.000,15.5838
2025-08-15T05:16:00.000,15.5838
2025-08-15T05:17:00.000,15.5852
2025-08-15T05:18:00.000,15.5866
2025-08-15T05:19:00.000,15.5893
2025-08-15T05:20:00.000,15.5921
2025-08-15T05:21:00.000,15.5962
2025-08-15T05:22:00.000,15.5990
2025-08-15T05:23:00.000,15.6031
2025-08-15T05:24:00.000,15.6058
2025-08-15T05:25:00.000,15.6072
2025-08-15T05:26:00.000,15.6086
2025-08-15T05:27:00.000,15.6113
2025-08-15T05:28:00.000,15.6141
2025-08-15T05:29:00.000,15.6223
2025-08-15T05:30:00.000,15.6251
2025-08-15T05:31:00.000,15.6265
2025-08-15T05:32:00.000,15.6265
2025-08-15T05:33:00.000,15.6265
2025-08-15T05:34:00.000,15.6265
2025-08-15T05:35:00.000,15.6265
2025-08-15T05:36:00.000,15.6265
2025-08-15T05:37:00.000,15.6279
2025-08-15T05:38:00.000,15.6265
2025-08-15T05:39:00.000,15.6251
2025-08-15T05:40:00.000,15.6251
2025-08-15T05:41:00.000,15.6292
2025-08-15T05:42:00.000,15.6320
2025-08-15T05:43:00.000,15.6347
2025-08-15T05:44:00.000,15.6361
2025-08-15T05:45:00.000,15.6375
2025-08-15T05:46:00.000,15.6444
2025-08-15T05:47:00.000,15.6444
2025-08-15T05:48:00.000,15.6430
2025-08-15T05:49:00.000,15.6430
2025-08-15T05:50:00.000,15.6444
2025-08-15T05:51:00.000,15.6457
2025-08-15T05:52:00.000,15.6457
2025-08-15T05:53:00.000,15.6457
2025-08-15T05:54:00.000,15.6457
2025-08-15T05:55:00.000,15.6457
2025-08-15T05:56:00.000,15.6416
2025-08-15T05:57:00.000,15.6389
2025-08-15T05:58:00.000,15.6361
2025-08-15T05:59:00.000,15.6347
2025-08-15T06:00:00.000,15.6334
2025-08-15T06:01:00.000,15.6320
2025-08-15T06:02:00.000,15.6292
2025-08-15T06:03:00.000,15.6306
2025-08-15T06:04:00.000,15.6251
2025-08-15T06:05:00.000,15.6196
2025-08-15T06:06:00.000,15.6155
2025-08-15T06:07:00.000,15.6113
2025-08-15T06:08:00.000,15.6100
2025-08-15T06:09:00.000,15.6072
2025-08-15T06:10:00.000,15.6072
2025-08-15T06:11:00.000,15.6072
2025-08-15T06:12:00.000,15.6058
2025-08-15T06:13:00.000,15.6058
2025-08-15T06:14:00.000,15.6031
2025-08-15T06:15:00.000,15.5990
2025-08-15T06:16:00.000,15.5948
2025-08-15T06:17:00.000,15.5907
2025-08-15T06:18:00.000,15.5866
2025-08-15T06:19:00.000,15.5825
2025-08-15T06:20:00.000,15.5825
2025-08-15T06:21:00.000,15.5783
2025-08-15T06:22:00.000,15.5742
2025-08-15T06:23:00.000,15.5701
2025-08-15T06:24:00.000,15.5673
2025-08-15T06:25:00.000,15.5659
2025-08-15T06:26:00.000,15.5646
2025-08-15T06:27:00.000,15.5646
2025-08-15T06:28:00.000,15.5659
2025-08-15T06:29:00.000,15.5673
2025-08-15T06:30:00.000,15.5701
2025-08-15T06:31:00.000,15.5714
2025-08-15T06:32:00.000,15.5728
2025-08-15T06:33:00.000,15.5742
2025-08-15T06:34:00.000,15.5742
2025-08-15T06:35:00.000,15.5742
2025-08-15T06:36:00.000,15.5728
2025-08-15T06:37:00.000,15.5770
2025-08-15T06:38:00.000,15.5742
2025-08-15T06:39:00.000,15.5714
2025-08-15T06:40:00.000,15.5714
2025-08-15T06:41:00.000,15.5701
2025-08-15T06:42:00.000,15.5701
2025-08-15T06:43:00.000,15.5687
2025-08-15T06:44:00.000,15.5673
2025-08-15T06:45:00.000,15.5673
2025-08-15T06:46:00.000,15.5673
2025-08-15T06:47:00.000,15.5673
2025-08-15T06:48:00.000,15.5687
2025-08-15T06:49:00.000,15.5687
2025-08-15T06:50:00.000,15.5687
2025-08-15T06:51:00.000,15.5701
2025-08-15T06:52:00.000,15.5701
2025-08-15T06:53:00.000,15.5714
2025-08-15T06:54:00.000,15.5770
2025-08-15T06:55:00.000,15.5783
2025-08-15T06:56:00.000,15.5783
2025-08-15T06:57:00.000,15.5770
2025-08-15T06:58:00.000,15.5756
2025-08-15T06:59:00.000,15.5714
2025-08-15T07:00:00.000,15.5687
2025-08-15T07:01:00.000,15.5646
2025-08-15T07:02:00.000,15.5632
2025-08-15T07:03:00.000,15.5604
2025-08-15T07:04:00.000,15.5604
2025-08-15T07:05:00.000,15.5591
2025-08-15T07:06:00.000,15.5577
2025-08-15T07:07:00.000,15.5563
2025-08-15T07:08:00.000,15.5549
2025-08-15T07:09:00.000,15.5536
2025-08-15T07:10:00.000,15.5508
2025-08-15T07:11:00.000,15.5536
2025-08-15T07:12:00.000,15.5508
2025-08-15T07:13:00.000,15.5494
2025-08-15T07:14:00.000,15.5467
2025-08-15T07:15:00.000,15.5453
2025-08-15T07:16:00.000,15.5426
2025-08-15T07:17:00.000,15.5412
2025-08-15T07:18:00.000,15.5398
2025-08-15T07:19:00.000,15.5384
2025-08-15T07:20:00.000,15.5384
2025-08-15T07:21:00.000,15.5370
2025-08-15T07:22:00.000,15.5370
2025-08-15T07:23:00.000,15.5357
2025-08-15T07:24:00.000,15.5357
2025-08-15T07:25:00.000,15.5357
2025-08-15T07:26:00.000,15.5357
2025-08-15T07:27:00.000,15.5357
2025-08-15T07:28:00.000,15.5398
2025-08-15T07:29:00.000,15.5398
2025-08-15T07:30:00.000,15.5412
2025-08-15T07:31:00.000,15.5426
2025-08-15T07:32:00.000,15.5453
2025-08-15T07:33:00.000,15.5467
2025-08-15T07:34:00.000,15.5481
2025-08-15T07:35:00.000,15.5508
2025-08-15T07:36:00.000,15.5508
2025-08-15T07:37:00.000,15.5522
2025-08-15T07:38:00.000,15.5467
2025-08-15T07:39:00.000,15.5370
2025-08-15T07:40:00.000,15.5247
2025-08-15T07:41:00.000,15.5109
2025-08-15T07:42:00.000,15.4985
2025-08-15T07:43:00.000,15.4875
2025-08-15T07:44:00.000,15.4792
2025-08-15T07:45:00.000,15.4820
2025-08-15T07:46:00.000,15.4834
2025-08-15T07:47:00.000,15.4861
2025-08-15T07:48:00.000,15.4875
2025-08-15T07:49:00.000,15.4903
2025-08-15T07:50:00.000,15.4930
2025-08-15T07:51:00.000,15.4889
2025-08-15T07:52:00.000,15.4875
2025-08-15T07:53:00.000,15.4820
2025-08-15T07:54:00.000,15.4724
2025-08-15T07:55:00.000,15.4600
2025-08-15T07:56:00.000,15.4476
2025-08-15T07:57:00.000,15.4325
2025-08-15T07:58:00.000,15.4173
2025-08-15T07:59:00.000,15.4022
2025-08-15T08:00:00.000,15.3898
2025-08-15T08:01:00.000,15.3870
2025-08-15T08:02:00.000,15.3856
2025-08-15T08:03:00.000,15.3774
2025-08-15T08:04:00.000,15.3691
2025-08-15T08:05:00.000,15.3609
2025-08-15T08:06:00.000,15.3526
2025-08-15T08:07:00.000,15.3430
2025-08-15T08:08:00.000,15.3264
2025-08-15T08:09:00.000,15.3058
2025-08-15T08:10:00.000,15.2906
2025-08-15T08:11:00.000,15.2782
2025-08-15T08:12:00.000,15.2700
2025-08-15T08:13:00.000,15.2589
2025-08-15T08:14:00.000,15.2300
2025-08-15T08:15:00.000,15.1790
2025-08-15T08:16:00.000,15.1129
2025-08-15T08:17:00.000,15.0412
2025-08-15T08:18:00.000,14.9736
2025-08-15T08:19:00.000,14.9129
2025-08-15T08:20:00.000,14.8578
2025-08-15T08:21:00.000,14.8026
2025-08-15T08:22:00.000,14.7584
2025-08-15T08:23:00.000,14.7211
2025-08-15T08:24:00.000,14.6893
2025-08-15T08:25:00.000,14.6603
2025-08-15T08:26:00.000,14.6327
2025-08-15T08:27:00.000,14.6065
2025-08-15T08:28:00.000,14.5844
2025-08-15T08:29:00.000,14.5636
2025-08-15T08:30:00.000,14.5443
2025-08-15T08:31:00.000,14.5277
2025-08-15T08:32:00.000,14.5139
2025-08-15T08:33:00.000,14.4959
2025-08-15T08:34:00.000,14.4807
2025-08-15T08:35:00.000,14.4683
2025-08-15T08:36:00.000,14.4586
2025-08-15T08:37:00.000,14.4572
2025-08-15T08:38:00.000,14.4517
2025-08-15T08:39:00.000,14.4420
2025-08-15T08:40:00.000,14.4268
2025-08-15T08:41:00.000,14.3812
2025-08-15T08:42:00.000,14.3162
2025-08-15T08:43:00.000,14.2345
2025-08-15T08:44:00.000,14.1515
2025-08-15T08:45:00.000,14.0767
2025-08-15T08:46:00.000,14.0116
2025-08-15T08:47:00.000,13.9589
2025-08-15T08:48:00.000,13.9159
2025-08-15T08:49:00.000,13.8827
2025-08-15T08:50:00.000,13.8563
2025-08-15T08:51:00.000,13.8341
2025-08-15T08:52:00.000,13.8202
2025-08-15T08:53:00.000,13.8091
2025-08-15T08:54:00.000,13.8036
2025-08-15T08:55:00.000,13.7980
2025-08-15T08:56:00.000,13.7953
2025-08-15T08:57:00.000,13.7967
2025-08-15T08:58:00.000,13.8022
2025-08-15T08:59:00.000,13.8078
2025-08-15T09:00:00.000,13.8175
2025-08-15T09:01:00.000,13.8272
2025-08-15T09:02:00.000,13.8369
2025-08-15T09:03:00.000,13.8508
2025-08-15T09:04:00.000,13.8646
2025-08-15T09:05:00.000,13.8813
2025-08-15T09:06:00.000,13.9021
2025-08-15T09:07:00.000,13.9187
2025-08-15T09:08:00.000,13.9437
2025-08-15T09:09:00.000,13.9644
2025-08-15T09:10:00.000,13.9811
2025-08-15T09:11:00.000,13.9977
2025-08-15T09:12:00.000,14.0060
2025-08-15T09:13:00.000,14.0129
2025-08-15T09:14:00.000,14.0199
2025-08-15T09:15:00.000,14.0296
2025-08-15T09:16:00.000,14.0420
2025-08-15T09:17:00.000,14.0614
2025-08-15T09:18:00.000,14.0753
2025-08-15T09:19:00.000,14.0878
2025-08-15T09:20:00.000,14.1030
2025-08-15T09:21:00.000,14.1155
2025-08-15T09:22:00.000,14.1265
2025-08-15T09:23:00.000,14.1404
2025-08-15T09:24:00.000,14.1515
2025-08-15T09:25:00.000,14.1639
2025-08-15T09:26:00.000,14.1778
2025-08-15T09:27:00.000,14.1861
2025-08-15T09:28:00.000,14.1971
2025-08-15T09:29:00.000,14.2082
2025-08-15T09:30:00.000,14.2151
2025-08-15T09:31:00.000,14.2207
2025-08-15T09:32:00.000,14.2304
2025-08-15T09:33:00.000,14.2387
2025-08-15T09:34:00.000,14.2442
2025-08-15T09:35:00.000,14.2567
2025-08-15T09:36:00.000,14.2719
2025-08-15T09:37:00.000,14.2816
2025-08-15T09:38:00.000,14.2843
2025-08-15T09:39:00.000,14.2885
2025-08-15T09:40:00.000,14.2926
2025-08-15T09:41:00.000,14.2926
2025-08-15T09:42:00.000,14.2954
2025-08-15T09:43:00.000,14.2954
2025-08-15T09:44:00.000,14.2954
2025-08-15T09:45:00.000,14.3037
2025-08-15T09:46:00.000,14.3106
2025-08-15T09:47:00.000,14.3175
2025-08-15T09:48:00.000,14.3231
2025-08-15T09:49:00.000,14.3272
2025-08-15T09:50:00.000,14.3314
2025-08-15T09:51:00.000,14.3314
2025-08-15T09:52:00.000,14.3231
2025-08-15T09:53:00.000,14.3065
2025-08-15T09:54:00.000,14.2926
2025-08-15T09:55:00.000,14.2802
2025-08-15T09:56:00.000,14.2733
2025-08-15T09:57:00.000,14.2663
2025-08-15T09:58:00.000,14.2580
2025-08-15T09:59:00.000,14.2442
2025-08-15T10:00:00.000,14.2262
2025-08-15T10:01:00.000,14.2055
2025-08-15T10:02:00.000,14.1736
2025-08-15T10:03:00.000,14.1279
2025-08-15T10:04:00.000,14.0822
2025-08-15T10:05:00.000,14.0365
2025-08-15T10:06:00.000,13.9935
2025-08-15T10:07:00.000,13.9534
2025-08-15T10:08:00.000,13.9159
2025-08-15T10:09:00.000,13.8840
2025-08-15T10:10:00.000,13.8535
2025-08-15T10:11:00.000,13.8286
2025-08-15T10:12:00.000,13.8064
2025-08-15T10:13:00.000,13.7883
2025-08-15T10:14:00.000,13.7731
2025-08-15T10:15:00.000,13.7606
2025-08-15T10:16:00.000,13.7481
2025-08-15T10:17:00.000,13.7384
2025-08-15T10:18:00.000,13.7328
2025-08-15T10:19:00.000,13.7301
2025-08-15T10:20:00.000,13.7245
2025-08-15T10:21:00.000,13.7190
2025-08-15T10:22:00.000,13.7148
2025-08-15T10:23:00.000,13.7092
2025-08-15T10:24:00.000,13.7037
2025-08-15T10:25:00.000,13.6981
2025-08-15T10:26:00.000,13.6912
2025-08-15T10:27:00.000,13.6856
2025-08-15T10:28:00.000,13.6829
2025-08-15T10:29:00.000,13.6787
2025-08-15T10:30:00.000,13.6759
2025-08-15T10:31:00.000,13.6745
2025-08-15T10:32:00.000,13.6732
2025-08-15T10:33:00.000,13.6718
2025-08-15T10:34:00.000,13.6690
2025-08-15T10:35:00.000,13.6662
2025-08-15T10:36:00.000,13.6662
2025-08-15T10:37:00.000,13.6634
2025-08-15T10:38:00.000,13.6593
2025-08-15T10:39:00.000,13.6565
2025-08-15T10:40:00.000,13.6551
2025-08-15T10:41:00.000,13.6537
2025-08-15T10:42:00.000,13.6537
2025-08-15T10:43:00.000,13.6523
2025-08-15T10:44:00.000,13.6509
2025-08-15T10:45:00.000,13.6482
2025-08-15T10:46:00.000,13.6440
2025-08-15T10:47:00.000,13.6371
2025-08-15T10:48:00.000,13.6329
2025-08-15T10:49:00.000,13.6287
2025-08-15T10:50:00.000,13.6259
2025-08-15T10:51:00.000,13.6232
2025-08-15T10:52:00.000,13.6218
2025-08-15T10:53:00.000,13.6218
2025-08-15T10:54:00.000,13.6176
2025-08-15T10:55:00.000,13.6134
2025-08-15T10:56:00.000,13.6107
2025-08-15T10:57:00.000,13.6065
2025-08-15T10:58:00.000,13.6051
2025-08-15T10:59:00.000,13.6023
2025-08-15T11:00:00.000,13.6009
2025-08-15T11:01:00.000,13.5996
2025-08-15T11:02:00.000,13.5996
2025-08-15T11:03:00.000,13.5996
2025-08-15T11:04:00.000,13.5996
2025-08-15T11:05:00.000,13.5982
2025-08-15T11:06:00.000,13.5968
2025-08-15T11:07:00.000,13.5968
2025-08-15T11:08:00.000,13.5982
2025-08-15T11:09:00.000,13.6051
2025-08-15T11:10:00.000,13.6093
2025-08-15T11:11:00.000,13.6134
2025-08-15T11:12:00.000,13.6190
2025-08-15T11:13:00.000,13.6287
2025-08-15T11:14:00.000,13.6371
2025-08-15T11:15:00.000,13.6426
2025-08-15T11:16:00.000,13.6468
2025-08-15T11:17:00.000,13.6509
2025-08-15T11:18:00.000,13.6551
2025-08-15T11:19:00.000,13.6579
2025-08-15T11:20:00.000,13.6620
2025-08-15T11:21:00.000,13.6648
2025-08-15T11:22:00.000,13.6662
2025-08-15T11:23:00.000,13.6690
2025-08-15T11:24:00.000,13.6718
2025-08-15T11:25:00.000,13.6759
2025-08-15T11:26:00.000,13.6801
2025-08-15T11:27:00.000,13.6870
2025-08-15T11:28:00.000,13.6926
2025-08-15T11:29:00.000,13.6981
2025-08-15T11:30:00.000,13.7037
2025-08-15T11:31:00.000,13.7120
2025-08-15T11:32:00.000,13.7203
2025-08-15T11:33:00.000,13.7328
2025-08-15T11:34:00.000,13.7620
2025-08-15T11:35:00.000,13.8008
2025-08-15T11:36:00.000,13.8438
2025-08-15T11:37:00.000,13.8910
2025-08-15T11:38:00.000,13.9450
2025-08-15T11:39:00.000,13.9963
2025-08-15T11:40:00.000,14.0407
2025-08-15T11:41:00.000,14.0794
2025-08-15T11:42:00.000,14.1168
2025-08-15T11:43:00.000,14.1528
2025-08-15T11:44:00.000,14.1750
2025-08-15T11:45:00.000,14.1805
2025-08-15T11:46:00.000,14.1792
2025-08-15T11:47:00.000,14.1667
2025-08-15T11:48:00.000,14.1625
2025-08-15T11:49:00.000,14.1708
2025-08-15T11:50:00.000,14.1861
2025-08-15T11:51:00.000,14.1999
2025-08-15T11:52:00.000,14.2179
2025-08-15T11:53:00.000,14.2497
2025-08-15T11:54:00.000,14.2719
2025-08-15T11:55:00.000,14.2954
2025-08-15T11:56:00.000,14.3092
2025-08-15T11:57:00.000,14.3217
2025-08-15T11:58:00.000,14.3314
2025-08-15T11:59:00.000,14.3369
2025-08-15T12:00:00.000,14.3411
2025-08-15T12:01:00.000,14.3466
2025-08-15T12:02:00.000,14.3507
2025-08-15T12:03:00.000,14.3563
2025-08-15T12:04:00.000,14.3604
2025-08-15T12:05:00.000,14.3604
2025-08-15T12:06:00.000,14.3604
2025-08-15T12:07:00.000,14.3590
2025-08-15T12:08:00.000,14.3590
2025-08-15T12:09:00.000,14.3577
2025-08-15T12:10:00.000,14.3549
2025-08-15T12:11:00.000,14.3494
2025-08-15T12:12:00.000,14.3438
2025-08-15T12:13:00.000,14.3328
2025-08-15T12:14:00.000,14.3148
2025-08-15T12:15:00.000,14.2899
2025-08-15T12:16:00.000,14.2608
2025-08-15T12:17:00.000,14.2331
2025-08-15T12:18:00.000,14.2110
2025-08-15T12:19:00.000,14.1819
2025-08-15T12:20:00.000,14.1528
2025-08-15T12:21:00.000,14.1224
2025-08-15T12:22:00.000,14.0822
2025-08-15T12:23:00.000,14.0476
2025-08-15T12:24:00.000,14.0171
2025-08-15T12:25:00.000,13.9866
2025-08-15T12:26:00.000,13.9589
2025-08-15T12:27:00.000,13.9423
2025-08-15T12:28:00.000,13.9312
2025-08-15T12:29:00.000,13.9256
2025-08-15T12:30:00.000,13.9242
2025-08-15T12:31:00.000,13.9242
2025-08-15T12:32:00.000,13.9353
2025-08-15T12:33:00.000,13.9575
2025-08-15T12:34:00.000,13.9922
2025-08-15T12:35:00.000,14.0351
2025-08-15T12:36:00.000,14.0698
2025-08-15T12:37:00.000,14.1071
2025-08-15T12:38:00.000,14.1487
2025-08-15T12:39:00.000,14.1875
2025-08-15T12:40:00.000,14.2207
2025-08-15T12:41:00.000,14.2525
2025-08-15T12:42:00.000,14.2788
2025-08-15T12:43:00.000,14.3051
2025-08-15T12:44:00.000,14.3314
2025-08-15T12:45:00.000,14.3480
2025-08-15T12:46:00.000,14.3563
2025-08-15T12:47:00.000,14.3577
2025-08-15T12:48:00.000,14.3577
2025-08-15T12:49:00.000,14.3604
2025-08-15T12:50:00.000,14.3618
2025-08-15T12:51:00.000,14.3632
2025-08-15T12:52:00.000,14.3756
2025-08-15T12:53:00.000,14.3853
2025-08-15T12:54:00.000,14.3950
2025-08-15T12:55:00.000,14.4102
2025-08-15T12:56:00.000,14.4254
2025-08-15T12:57:00.000,14.4406
2025-08-15T12:58:00.000,14.4531
2025-08-15T12:59:00.000,14.4683
2025-08-15T13:00:00.000,14.4807
2025-08-15T13:01:00.000,14.4904
2025-08-15T13:02:00.000,14.5015
2025-08-15T13:03:00.000,14.5111
2025-08-15T13:04:00.000,14.5194
2025-08-15T13:05:00.000,14.5277
2025-08-15T13:06:00.000,14.5402
2025-08-15T13:07:00.000,14.5457
2025-08-15T13:08:00.000,14.5512
2025-08-15T13:09:00.000,14.5595
2025-08-15T13:10:00.000,14.5609
2025-08-15T13:11:00.000,14.5540
2025-08-15T13:12:00.000,14.5305
2025-08-15T13:13:00.000,14.5028
2025-08-15T13:14:00.000,14.4807
2025-08-15T13:15:00.000,14.4641
2025-08-15T13:16:00.000,14.4337
2025-08-15T13:17:00.000,14.3922
2025-08-15T13:18:00.000,14.3424
2025-08-15T13:19:00.000,14.2982
2025-08-15T13:20:00.000,14.2594
2025-08-15T13:21:00.000,14.2138
2025-08-15T13:22:00.000,14.1847
2025-08-15T13:23:00.000,14.1584
2025-08-15T13:24:00.000,14.1584
2025-08-15T13:25:00.000,14.1722
2025-08-15T13:26:00.000,14.1805
2025-08-15T13:27:00.000,14.1902
2025-08-15T13:28:00.000,14.2055
2025-08-15T13:29:00.000,14.2442
2025-08-15T13:30:00.000,14.2816
2025-08-15T13:31:00.000,14.3092
2025-08-15T13:32:00.000,14.3397
2025-08-15T13:33:00.000,14.3673
2025-08-15T13:34:00.000,14.3590
2025-08-15T13:35:00.000,14.3452
2025-08-15T13:36:00.000,14.3245
2025-08-15T13:37:00.000,14.2774
2025-08-15T13:38:00.000,14.2248
2025-08-15T13:39:00.000,14.1792
2025-08-15T13:40:00.000,14.1404
2025-08-15T13:41:00.000,14.1044
2025-08-15T13:42:00.000,14.0601
2025-08-15T13:43:00.000,14.0185
2025-08-15T13:44:00.000,13.9741
2025-08-15T13:45:00.000,13.9353
2025-08-15T13:46:00.000,13.9035
2025-08-15T13:47:00.000,13.8771
2025-08-15T13:48:00.000,13.8508
2025-08-15T13:49:00.000,13.8286
2025-08-15T13:50:00.000,13.8105
2025-08-15T13:51:00.000,13.8008
2025-08-15T13:52:00.000,13.7925
2025-08-15T13:53:00.000,13.7856
2025-08-15T13:54:00.000,13.7814
2025-08-15T13:55:00.000,13.7772
2025-08-15T13:56:00.000,13.7717
2025-08-15T13:57:00.000,13.7592
2025-08-15T13:58:00.000,13.7495
2025-08-15T13:59:00.000,13.7412
2025-08-15T14:00:00.000,13.7384
2025-08-15T14:01:00.000,13.7356
2025-08-15T14:02:00.000,13.7328
2025-08-15T14:03:00.000,13.7301
2025-08-15T14:04:00.000,13.7287
2025-08-15T14:05:00.000,13.7273
2025-08-15T14:06:00.000,13.7287
2025-08-15T14:07:00.000,13.7287
2025-08-15T14:08:00.000,13.7273
2025-08-15T14:09:00.000,13.7245
2025-08-15T14:10:00.000,13.7245
2025-08-15T14:11:00.000,13.7287
2025-08-15T14:12:00.000,13.7370
2025-08-15T14:13:00.000,13.7564
2025-08-15T14:14:00.000,13.7800
2025-08-15T14:15:00.000,13.8022
2025-08-15T14:16:00.000,13.8397
2025-08-15T14:17:00.000,13.8924
2025-08-15T14:18:00.000,13.9478
2025-08-15T14:19:00.000,13.9700
2025-08-15T14:20:00.000,13.9755
2025-08-15T14:21:00.000,13.9728
2025-08-15T14:22:00.000,13.9617
2025-08-15T14:23:00.000,13.9437
2025-08-15T14:24:00.000,13.9312
2025-08-15T14:25:00.000,13.9159
2025-08-15T14:26:00.000,13.8993
2025-08-15T14:27:00.000,13.8771
2025-08-15T14:28:00.000,13.8549
2025-08-15T14:29:00.000,13.8341
2025-08-15T14:30:00.000,13.8147
2025-08-15T14:31:00.000,13.7967
2025-08-15T14:32:00.000,13.7759
2025-08-15T14:33:00.000,13.7592
2025-08-15T14:34:00.000,13.7425
2025-08-15T14:35:00.000,13.7217
2025-08-15T14:36:00.000,13.7023
2025-08-15T14:37:00.000,13.6856
2025-08-15T14:38:00.000,13.6718
2025-08-15T14:39:00.000,13.6620
2025-08-15T14:40:00.000,13.6537
2025-08-15T14:41:00.000,13.6468
2025-08-15T14:42:00.000,13.6384
2025-08-15T14:43:00.000,13.6273
2025-08-15T14:44:00.000,13.6148
2025-08-15T14:45:00.000,13.6023
2025-08-15T14:46:00.000,13.5898
2025-08-15T14:47:00.000,13.5773
2025-08-15T14:48:00.000,13.5648
2025-08-15T14:49:00.000,13.5523
2025-08-15T14:50:00.000,13.5440
2025-08-15T14:51:00.000,13.5440
2025-08-15T14:52:00.000,13.5412
2025-08-15T14:53:00.000,13.5384
2025-08-15T14:54:00.000,13.5384
2025-08-15T14:55:00.000,13.5287
2025-08-15T14:56:00.000,13.5162
2025-08-15T14:57:00.000,13.4995
2025-08-15T14:58:00.000,13.4829
2025-08-15T14:59:00.000,13.4703
2025-08-15T15:00:00.000,13.4578
2025-08-15T15:01:00.000,13.4453
2025-08-15T15:02:00.000,13.4328
2025-08-15T15:03:00.000,13.4189
2025-08-15T15:04:00.000,13.4050
2025-08-15T15:05:00.000,13.3911
2025-08-15T15:06:00.000,13.3772
2025-08-15T15:07:00.000,13.3619
2025-08-15T15:08:00.000,13.3508
2025-08-15T15:09:00.000,13.3341
2025-08-15T15:10:00.000,13.3174
2025-08-15T15:11:00.000,13.3007
2025-08-15T15:12:00.000,13.2854
2025-08-15T15:13:00.000,13.2701
2025-08-15T15:14:00.000,13.2562
2025-08-15T15:15:00.000,13.2450
2025-08-15T15:16:00.000,13.2339
2025-08-15T15:17:00.000,13.2255
2025-08-15T15:18:00.000,13.2214
2025-08-15T15:19:00.000,13.2200
2025-08-15T15:20:00.000,13.2200
2025-08-15T15:21:00.000,13.2214
2025-08-15T15:22:00.000,13.2214
2025-08-15T15:23:00.000,13.2228
2025-08-15T15:24:00.000,13.2214
2025-08-15T15:25:00.000,13.2255
2025-08-15T15:26:00.000,13.2255
2025-08-15T15:27:00.000,13.2241
2025-08-15T15:28:00.000,13.2214
2025-08-15T15:29:00.000,13.2200
2025-08-15T15:30:00.000,13.2172
2025-08-15T15:31:00.000,13.2172
2025-08-15T15:32:00.000,13.2158
2025-08-15T15:33:00.000,13.2158
2025-08-15T15:34:00.000,13.2158
2025-08-15T15:35:00.000,13.2158
2025-08-15T15:36:00.000,13.2144
2025-08-15T15:37:00.000,13.2130
2025-08-15T15:38:00.000,13.2130
2025-08-15T15:39:00.000,13.2116
2025-08-15T15:40:00.000,13.2116
2025-08-15T15:41:00.000,13.2074
2025-08-15T15:42:00.000,13.2088
2025-08-15T15:43:00.000,13.2033
2025-08-15T15:44:00.000,13.1991
2025-08-15T15:45:00.000,13.1963
2025-08-15T15:46:00.000,13.1935
2025-08-15T15:47:00.000,13.1907
2025-08-15T15:48:00.000,13.1907
2025-08-15T15:49:00.000,13.1907
2025-08-15T15:50:00.000,13.1907
2025-08-15T15:51:00.000,13.1893
2025-08-15T15:52:00.000,13.1893
2025-08-15T15:53:00.000,13.1907
2025-08-15T15:54:00.000,13.1907
2025-08-15T15:55:00.000,13.1907
2025-08-15T15:56:00.000,13.1921
2025-08-15T15:57:00.000,13.1907
2025-08-15T15:58:00.000,13.1893
2025-08-15T15:59:00.000,13.1907
2025-08-15T16:00:00.000,13.1879
2025-08-15T16:01:00.000,13.1852
2025-08-15T16:02:00.000,13.1838
2025-08-15T16:03:00.000,13.1824
2025-08-15T16:04:00.000,13.1810
2025-08-15T16:05:00.000,13.1810
2025-08-15T16:06:00.000,13.1838
2025-08-15T16:07:00.000,13.1907
2025-08-15T16:08:00.000,13.1991
2025-08-15T16:09:00.000,13.2088
2025-08-15T16:10:00.000,13.2186
2025-08-15T16:11:00.000,13.2297
2025-08-15T16:12:00.000,13.2395
2025-08-15T16:13:00.000,13.2464
2025-08-15T16:14:00.000,13.2534
2025-08-15T16:15:00.000,13.2617
2025-08-15T16:16:00.000,13.2743
2025-08-15T16:17:00.000,13.2854
2025-08-15T16:18:00.000,13.3007
2025-08-15T16:19:00.000,13.3202
2025-08-15T16:20:00.000,13.3480
2025-08-15T16:21:00.000,13.3841
2025-08-15T16:22:00.000,13.4203
2025-08-15T16:23:00.000,13.4509
2025-08-15T16:24:00.000,13.4842
2025-08-15T16:25:00.000,13.5245
2025-08-15T16:26:00.000,13.5634
2025-08-15T16:27:00.000,13.5996
2025-08-15T16:28:00.000,13.6440
2025-08-15T16:29:00.000,13.6940
2025-08-15T16:30:00.000,13.7453
2025-08-15T16:31:00.000,13.7939
2025-08-15T16:32:00.000,13.8410
2025-08-15T16:33:00.000,13.8924
2025-08-15T16:34:00.000,13.9381
2025-08-15T16:35:00.000,13.9797
2025-08-15T16:36:00.000,14.0199
2025-08-15T16:37:00.000,14.0628
2025-08-15T16:38:00.000,14.1016
2025-08-15T16:39:00.000,14.1348
2025-08-15T16:40:00.000,14.1653
2025-08-15T16:41:00.000,14.1985
2025-08-15T16:42:00.000,14.2318
2025-08-15T16:43:00.000,14.2594
2025-08-15T16:44:00.000,14.2816
2025-08-15T16:45:00.000,14.3009
2025-08-15T16:46:00.000,14.3175
2025-08-15T16:47:00.000,14.3314
2025-08-15T16:48:00.000,14.3424
2025-08-15T16:49:00.000,14.3535
2025-08-15T16:50:00.000,14.3701
2025-08-15T16:51:00.000,14.3798
2025-08-15T16:52:00.000,14.3909
2025-08-15T16:53:00.000,14.3978
2025-08-15T16:54:00.000,14.4019
2025-08-15T16:55:00.000,14.4102
2025-08-15T16:56:00.000,14.4116
2025-08-15T16:57:00.000,14.4157
2025-08-15T16:58:00.000,14.4240
2025-08-15T16:59:00.000,14.4323
2025-08-15T17:00:00.000,14.4434
2025-08-15T17:01:00.000,14.4545
2025-08-15T17:02:00.000,14.4697
2025-08-15T17:03:00.000,14.4932
2025-08-15T17:04:00.000,14.5084
2025-08-15T17:05:00.000,14.5249
2025-08-15T17:06:00.000,14.5374
2025-08-15T17:07:00.000,14.5471
2025-08-15T17:08:00.000,14.5388
2025-08-15T17:09:00.000,14.5305
2025-08-15T17:10:00.000,14.5249
2025-08-15T17:11:00.000,14.5249
2025-08-15T17:12:00.000,14.5291
2025-08-15T17:13:00.000,14.5305
2025-08-15T17:14:00.000,14.5277
2025-08-15T17:15:00.000,14.5236
2025-08-15T17:16:00.000,14.5167
2025-08-15T17:17:00.000,14.5084
2025-08-15T17:18:00.000,14.4973
2025-08-15T17:19:00.000,14.4876
2025-08-15T17:20:00.000,14.4793
2025-08-15T17:21:00.000,14.4710
2025-08-15T17:22:00.000,14.4614
2025-08-15T17:23:00.000,14.4517
2025-08-15T17:24:00.000,14.4434
2025-08-15T17:25:00.000,14.4392
2025-08-15T17:26:00.000,14.4310
2025-08-15T17:27:00.000,14.4213
2025-08-15T17:28:00.000,14.4061
2025-08-15T17:29:00.000,14.3853
2025-08-15T17:30:00.000,14.3660
2025-08-15T17:31:00.000,14.3494
2025-08-15T17:32:00.000,14.3369
2025-08-15T17:33:00.000,14.3245
2025-08-15T17:34:00.000,14.3092
2025-08-15T17:35:00.000,14.2954
2025-08-15T17:36:00.000,14.2871
2025-08-15T17:37:00.000,14.2857
2025-08-15T17:38:00.000,14.2774
2025-08-15T17:39:00.000,14.2663
2025-08-15T17:40:00.000,14.2497
2025-08-15T17:41:00.000,14.2331
2025-08-15T17:42:00.000,14.2221
2025-08-15T17:43:00.000,14.2041
2025-08-15T17:44:00.000,14.1930
2025-08-15T17:45:00.000,14.1888
2025-08-15T17:46:00.000,14.1833
2025-08-15T17:47:00.000,14.1736
2025-08-15T17:48:00.000,14.1639
2025-08-15T17:49:00.000,14.1501
2025-08-15T17:50:00.000,14.1362
2025-08-15T17:51:00.000,14.1238
2025-08-15T17:52:00.000,14.1127
2025-08-15T17:53:00.000,14.1030
2025-08-15T17:54:00.000,14.0933
2025-08-15T17:55:00.000,14.0891
2025-08-15T17:56:00.000,14.0836
2025-08-15T17:57:00.000,14.0822
2025-08-15T17:58:00.000,14.0836
2025-08-15T17:59:00.000,14.0905
2025-08-15T18:00:00.000,14.0933
2025-08-15T18:01:00.000,14.0975
2025-08-15T18:02:00.000,14.1044
2025-08-15T18:03:00.000,14.1099
2025-08-15T18:04:00.000,14.1155
2025-08-15T18:05:00.000,14.1224
2025-08-15T18:06:00.000,14.1252
2025-08-15T18:07:00.000,14.1252
2025-08-15T18:08:00.000,14.1210
2025-08-15T18:09:00.000,14.1155
2025-08-15T18:10:00.000,14.1071
2025-08-15T18:11:00.000,14.0988
2025-08-15T18:12:00.000,14.0919
2025-08-15T18:13:00.000,14.0850
2025-08-15T18:14:00.000,14.0767
2025-08-15T18:15:00.000,14.0684
2025-08-15T18:16:00.000,14.0656
2025-08-15T18:17:00.000,14.0587
2025-08-15T18:18:00.000,14.0531
2025-08-15T18:19:00.000,14.0504
2025-08-15T18:20:00.000,14.0490
2025-08-15T18:21:00.000,14.0476
2025-08-15T18:22:00.000,14.0490
2025-08-15T18:23:00.000,14.0517
2025-08-15T18:24:00.000,14.0545
2025-08-15T18:25:00.000,14.0573
2025-08-15T18:26:00.000,14.0601
2025-08-15T18:27:00.000,14.0614
2025-08-15T18:28:00.000,14.0628
2025-08-15T18:29:00.000,14.0656
2025-08-15T18:30:00.000,14.0684
2025-08-15T18:31:00.000,14.0711
2025-08-15T18:32:00.000,14.0739
2025-08-15T18:33:00.000,14.0808
2025-08-15T18:34:00.000,14.0836
2025-08-15T18:35:00.000,14.0864
2025-08-15T18:36:00.000,14.0905
2025-08-15T18:37:00.000,14.0947
2025-08-15T18:38:00.000,14.1002
2025-08-15T18:39:00.000,14.1058
2025-08-15T18:40:00.000,14.1155
2025-08-15T18:41:00.000,14.1293
2025-08-15T18:42:00.000,14.1418
2025-08-15T18:43:00.000,14.1570
2025-08-15T18:44:00.000,14.1902
2025-08-15T18:45:00.000,14.2553
2025-08-15T18:46:00.000,14.3272
2025-08-15T18:47:00.000,14.3978
2025-08-15T18:48:00.000,14.4572
2025-08-15T18:49:00.000,14.5097
2025-08-15T18:50:00.000,14.5623
2025-08-15T18:51:00.000,14.5996
2025-08-15T18:52:00.000,14.6230
2025-08-15T18:53:00.000,14.6451
2025-08-15T18:54:00.000,14.6590
2025-08-15T18:55:00.000,14.6728
2025-08-15T18:56:00.000,14.6838
2025-08-15T18:57:00.000,14.6907
2025-08-15T18:58:00.000,14.6976
2025-08-15T18:59:00.000,14.7045
2025-08-15T19:00:00.000,14.7059
2025-08-15T19:01:00.000,14.7114
2025-08-15T19:02:00.000,14.7170
2025-08-15T19:03:00.000,14.7197
2025-08-15T19:04:00.000,14.7211
2025-08-15T19:05:00.000,14.7197
2025-08-15T19:06:00.000,14.7211
2025-08-15T19:07:00.000,14.7280
2025-08-15T19:08:00.000,14.7294
2025-08-15T19:09:00.000,14.7294
2025-08-15T19:10:00.000,14.7266
2025-08-15T19:11:00.000,14.7252
2025-08-15T19:12:00.000,14.7211
2025-08-15T19:13:00.000,14.7183
2025-08-15T19:14:00.000,14.7142
2025-08-15T19:15:00.000,14.7101
2025-08-15T19:16:00.000,14.7059
2025-08-15T19:17:00.000,14.7032
2025-08-15T19:18:00.000,14.7018
2025-08-15T19:19:00.000,14.6990
2025-08-15T19:20:00.000,14.6976
2025-08-15T19:21:00.000,14.6976
2025-08-15T19:22:00.000,14.6976
2025-08-15T19:23:00.000,14.6962
2025-08-15T19:24:00.000,14.7004
2025-08-15T19:25:00.000,14.6990
2025-08-15T19:26:00.000,14.6990
2025-08-15T19:27:00.000,14.6976
2025-08-15T19:28:00.000,14.6962
2025-08-15T19:29:00.000,14.6962
2025-08-15T19:30:00.000,14.6949
2025-08-15T19:31:00.000,14.6949
2025-08-15T19:32:00.000,14.6962
2025-08-15T19:33:00.000,14.6962
2025-08-15T19:34:00.000,14.6976
2025-08-15T19:35:00.000,14.6976
2025-08-15T19:36:00.000,14.6962
2025-08-15T19:37:00.000,14.6962
2025-08-15T19:38:00.000,14.6962
2025-08-15T19:39:00.000,14.6976
2025-08-15T19:40:00.000,14.6976
2025-08-15T19:41:00.000,14.7018
2025-08-15T19:42:00.000,14.7004
2025-08-15T19:43:00.000,14.7018
2025-08-15T19:44:00.000,14.7018
2025-08-15T19:45:00.000,14.7018
2025-08-15T19:46:00.000,14.7032
2025-08-15T19:47:00.000,14.7032
2025-08-15T19:48:00.000,14.7032
2025-08-15T19:49:00.000,14.7032
2025-08-15T19:50:00.000,14.7045
2025-08-15T19:51:00.000,14.7059
2025-08-15T19:52:00.000,14.7059
2025-08-15T19:53:00.000,14.7073
2025-08-15T19:54:00.000,14.7087
2025-08-15T19:55:00.000,14.7101
2025-08-15T19:56:00.000,14.7101
2025-08-15T19:57:00.000,14.7114
2025-08-15T19:58:00.000,14.7156
2025-08-15T19:59:00.000,14.7142
2025-08-15T20:00:00.000,14.7156
2025-08-15T20:01:00.000,14.7183
2025-08-15T20:02:00.000,14.7239
2025-08-15T20:03:00.000,14.7321
2025-08-15T20:04:00.000,14.7418
2025-08-15T20:05:00.000,14.7501
2025-08-15T20:06:00.000,14.7570
2025-08-15T20:07:00.000,14.7625
2025-08-15T20:08:00.000,14.7680
2025-08-15T20:09:00.000,14.7736
2025-08-15T20:10:00.000,14.7749
2025-08-15T20:11:00.000,14.7749
2025-08-15T20:12:00.000,14.7749
2025-08-15T20:13:00.000,14.7749
2025-08-15T20:14:00.000,14.7791
2025-08-15T20:15:00.000,14.7777
2025-08-15T20:16:00.000,14.7749
2025-08-15T20:17:00.000,14.7749
2025-08-15T20:18:00.000,14.7749
2025-08-15T20:19:00.000,14.7777
2025-08-15T20:20:00.000,14.7818
2025-08-15T20:21:00.000,14.7874
2025-08-15T20:22:00.000,14.7929
2025-08-15T20:23:00.000,14.7970
2025-08-15T20:24:00.000,14.8026
2025-08-15T20:25:00.000,14.8081
2025-08-15T20:26:00.000,14.8136
2025-08-15T20:27:00.000,14.8177
2025-08-15T20:28:00.000,14.8219
2025-08-15T20:29:00.000,14.8260
2025-08-15T20:30:00.000,14.8315
2025-08-15T20:31:00.000,14.8371
2025-08-15T20:32:00.000,14.8453
2025-08-15T20:33:00.000,14.8481
2025-08-15T20:34:00.000,14.8467
2025-08-15T20:35:00.000,14.8453
2025-08-15T20:36:00.000,14.8357
2025-08-15T20:37:00.000,14.8260
2025-08-15T20:38:00.000,14.8177
2025-08-15T20:39:00.000,14.8150
2025-08-15T20:40:00.000,14.8177
2025-08-15T20:41:00.000,14.8205
2025-08-15T20:42:00.000,14.8191
2025-08-15T20:43:00.000,14.8191
2025-08-15T20:44:00.000,14.8191
2025-08-15T20:45:00.000,14.8177
2025-08-15T20:46:00.000,14.8122
2025-08-15T20:47:00.000,14.8081
2025-08-15T20:48:00.000,14.8053
2025-08-15T20:49:00.000,14.8067
2025-08-15T20:50:00.000,14.8026
2025-08-15T20:51:00.000,14.7998
2025-08-15T20:52:00.000,14.7956
2025-08-15T20:53:00.000,14.7915
2025-08-15T20:54:00.000,14.7874
2025-08-15T20:55:00.000,14.7805
2025-08-15T20:56:00.000,14.7722
2025-08-15T20:57:00.000,14.7625
2025-08-15T20:58:00.000,14.7515
2025-08-15T20:59:00.000,14.7446
2025-08-15T21:00:00.000,14.7363
2025-08-15T21:01:00.000,14.7335
2025-08-15T21:02:00.000,14.7335
2025-08-15T21:03:00.000,14.7335
2025-08-15T21:04:00.000,14.7321
2025-08-15T21:05:00.000,14.7308
2025-08-15T21:06:00.000,14.7349
2025-08-15T21:07:00.000,14.7335
2025-08-15T21:08:00.000,14.7308
2025-08-15T21:09:00.000,14.7308
2025-08-15T21:10:00.000,14.7308
2025-08-15T21:11:00.000,14.7321
2025-08-15T21:12:00.000,14.7349
2025-08-15T21:13:00.000,14.7391
2025-08-15T21:14:00.000,14.7418
2025-08-15T21:15:00.000,14.7432
2025-08-15T21:16:00.000,14.7473
2025-08-15T21:17:00.000,14.7515
2025-08-15T21:18:00.000,14.7570
2025-08-15T21:19:00.000,14.7611
2025-08-15T21:20:00.000,14.7639
2025-08-15T21:21:00.000,14.7667
2025-08-15T21:22:00.000,14.7694
2025-08-15T21:23:00.000,14.7763
2025-08-15T21:24:00.000,14.7805
2025-08-15T21:25:00.000,14.7832
2025-08-15T21:26:00.000,14.7887
2025-08-15T21:27:00.000,14.7970
2025-08-15T21:28:00.000,14.8053
2025-08-15T21:29:00.000,14.8136
2025-08-15T21:30:00.000,14.8191
2025-08-15T21:31:00.000,14.8233
2025-08-15T21:32:00.000,14.8260
2025-08-15T21:33:00.000,14.8302
2025-08-15T21:34:00.000,14.8329
2025-08-15T21:35:00.000,14.8357
2025-08-15T21:36:00.000,14.8398
2025-08-15T21:37:00.000,14.8440
2025-08-15T21:38:00.000,14.8481
2025-08-15T21:39:00.000,14.8495
2025-08-15T21:40:00.000,14.8550
2025-08-15T21:41:00.000,14.8578
2025-08-15T21:42:00.000,14.8591
2025-08-15T21:43:00.000,14.8605
2025-08-15T21:44:00.000,14.8619
2025-08-15T21:45:00.000,14.8647
2025-08-15T21:46:00.000,14.8674
2025-08-15T21:47:00.000,14.8729
2025-08-15T21:48:00.000,14.8771
2025-08-15T21:49:00.000,14.8784
2025-08-15T21:50:00.000,14.8771
2025-08-15T21:51:00.000,14.8757
2025-08-15T21:52:00.000,14.8716
2025-08-15T21:53:00.000,14.8674
2025-08-15T21:54:00.000,14.8647
2025-08-15T21:55:00.000,14.8619
2025-08-15T21:56:00.000,14.8605
2025-08-15T21:57:00.000,14.8619
2025-08-15T21:58:00.000,14.8578
2025-08-15T21:59:00.000,14.8495
2025-08-15T22:00:00.000,14.8426
2025-08-15T22:01:00.000,14.8398
2025-08-15T22:02:00.000,14.8357
2025-08-15T22:03:00.000,14.8329
2025-08-15T22:04:00.000,14.8288
2025-08-15T22:05:00.000,14.8150
2025-08-15T22:06:00.000,14.7984
2025-08-15T22:07:00.000,14.7777
2025-08-15T22:08:00.000,14.7391
2025-08-15T22:09:00.000,14.7032
2025-08-15T22:10:00.000,14.6686
2025-08-15T22:11:00.000,14.6341
2025-08-15T22:12:00.000,14.6023
2025-08-15T22:13:00.000,14.5775
2025-08-15T22:14:00.000,14.5554
2025-08-15T22:15:00.000,14.5305
2025-08-15T22:16:00.000,14.5097
2025-08-15T22:17:00.000,14.4932
2025-08-15T22:18:00.000,14.4849
2025-08-15T22:19:00.000,14.4738
2025-08-15T22:20:00.000,14.4586
2025-08-15T22:21:00.000,14.4475
2025-08-15T22:22:00.000,14.4406
2025-08-15T22:23:00.000,14.4379
2025-08-15T22:24:00.000,14.4379
2025-08-15T22:25:00.000,14.4406
2025-08-15T22:26:00.000,14.4572
2025-08-15T22:27:00.000,14.4821
2025-08-15T22:28:00.000,14.5097
2025-08-15T22:29:00.000,14.5443
2025-08-15T22:30:00.000,14.5664
2025-08-15T22:31:00.000,14.5775
2025-08-15T22:32:00.000,14.5830
2025-08-15T22:33:00.000,14.5927
2025-08-15T22:34:00.000,14.6161
2025-08-15T22:35:00.000,14.6479
2025-08-15T22:36:00.000,14.6880
2025-08-15T22:37:00.000,14.7225
2025-08-15T22:38:00.000,14.7501
2025-08-15T22:39:00.000,14.7639
2025-08-15T22:40:00.000,14.7625
2025-08-15T22:41:00.000,14.7542
2025-08-15T22:42:00.000,14.7515
2025-08-15T22:43:00.000,14.7515
2025-08-15T22:44:00.000,14.7501
2025-08-15T22:45:00.000,14.7460
2025-08-15T22:46:00.000,14.7404
2025-08-15T22:47:00.000,14.7266
2025-08-15T22:48:00.000,14.7059
2025-08-15T22:49:00.000,14.6755
2025-08-15T22:50:00.000,14.6424
2025-08-15T22:51:00.000,14.6106
2025-08-15T22:52:00.000,14.5775
2025-08-15T22:53:00.000,14.5443
2025-08-15T22:54:00.000,14.5153
2025-08-15T22:55:00.000,14.4932
2025-08-15T22:56:00.000,14.4752
2025-08-15T22:57:00.000,14.4586
2025-08-15T22:58:00.000,14.4462
2025-08-15T22:59:00.000,14.4337
2025-08-15T23:00:00.000,14.4254
2025-08-15T23:01:00.000,14.4185
2025-08-15T23:02:00.000,14.4116
2025-08-15T23:03:00.000,14.4047
2025-08-15T23:04:00.000,14.3991
2025-08-15T23:05:00.000,14.4005
2025-08-15T23:06:00.000,14.3950
2025-08-15T23:07:00.000,14.3881
2025-08-15T23:08:00.000,14.3826
2025-08-15T23:09:00.000,14.3756
2025-08-15T23:10:00.000,14.3687
2025-08-15T23:11:00.000,14.3604
2025-08-15T23:12:00.000,14.3521
2025-08-15T23:13:00.000,14.3424
2025-08-15T23:14:00.000,14.3328
2025-08-15T23:15:00.000,14.3258
2025-08-15T23:16:00.000,14.3175
2025-08-15T23:17:00.000,14.3106
2025-08-15T23:18:00.000,14.3037
2025-08-15T23:19:00.000,14.2940
2025-08-15T23:20:00.000,14.2843
2025-08-15T23:21:00.000,14.2733
2025-08-15T23:22:00.000,14.2650
2025-08-15T23:23:00.000,14.2553
2025-08-15T23:24:00.000,14.2456
2025-08-15T23:25:00.000,14.2401
2025-08-15T23:26:00.000,14.2359
2025-08-15T23:27:00.000,14.2318
2025-08-15T23:28:00.000,14.2290
2025-08-15T23:29:00.000,14.2304
2025-08-15T23:30:00.000,14.2290
2025-08-15T23:31:00.000,14.2290
2025-08-15T23:32:00.000,14.2304
2025-08-15T23:33:00.000,14.2331
2025-08-15T23:34:00.000,14.2359
2025-08-15T23:35:00.000,14.2359
2025-08-15T23:36:00.000,14.2359
2025-08-15T23:37:00.000,14.2345
2025-08-15T23:38:00.000,14.2331
2025-08-15T23:39:00.000,14.2359
2025-08-15T23:40:00.000,14.2331
2025-08-15T23:41:00.000,14.2290
2025-08-15T23:42:00.000,14.2262
2025-08-15T23:43:00.000,14.2248
2025-08-15T23:44:00.000,14.2234
2025-08-15T23:45:00.000,14.2207
2025-08-15T23:46:00.000,14.2179
2025-08-15T23:47:00.000,14.2165
2025-08-15T23:48:00.000,14.2138
2025-08-15T23:49:00.000,14.2124
2025-08-15T23:50:00.000,14.2110
2025-08-15T23:51:00.000,14.2124
2025-08-15T23:52:00.000,14.2110
2025-08-15T23:53:00.000,14.2082
2025-08-15T23:54:00.000,14.2068
2025-08-15T23:55:00.000,14.2027
2025-08-15T23:56:00.000,14.2027
2025-08-15T23:57:00.000,14.1985
2025-08-15T23:58:00.000,14.1930
2025-08-15T23:59:00.000,14.1902
2025-08-16T00:00:00.000,14.1875
2025-08-16T00:01:00.000,14.1861
2025-08-16T00:02:00.000,14.1861
2025-08-16T00:03:00.000,14.1875
2025-08-16T00:04:00.000,14.1902
2025-08-16T00:05:00.000,14.1916
2025-08-16T00:06:00.000,14.1916
2025-08-16T00:07:00.000,14.1916
2025-08-16T00:08:00.000,14.1902
2025-08-16T00:09:00.000,14.1902
2025-08-16T00:10:00.000,14.1916
2025-08-16T00:11:00.000,14.1944
2025-08-16T00:12:00.000,14.1971
2025-08-16T00:13:00.000,14.2082
2025-08-16T00:14:00.000,14.2151
2025-08-16T00:15:00.000,14.2290
2025-08-16T00:16:00.000,14.2539
2025-08-16T00:17:00.000,14.2816
2025-08-16T00:18:00.000,14.3037
2025-08-16T00:19:00.000,14.3355
2025-08-16T00:20:00.000,14.3770
2025-08-16T00:21:00.000,14.4310
2025-08-16T00:22:00.000,14.4932
2025-08-16T00:23:00.000,14.5498
2025-08-16T00:24:00.000,14.6079
2025-08-16T00:25:00.000,14.6534
2025-08-16T00:26:00.000,14.7018
2025-08-16T00:27:00.000,14.7542
2025-08-16T00:28:00.000,14.8067
2025-08-16T00:29:00.000,14.8591
2025-08-16T00:30:00.000,14.9143
2025-08-16T00:31:00.000,14.9543
2025-08-16T00:32:00.000,14.9943
2025-08-16T00:33:00.000,15.0315
2025-08-16T00:34:00.000,15.0646
2025-08-16T00:35:00.000,15.0963
2025-08-16T00:36:00.000,15.1253
2025-08-16T00:37:00.000,15.1487
2025-08-16T00:38:00.000,15.1708
2025-08-16T00:39:00.000,15.1887
2025-08-16T00:40:00.000,15.2080
2025-08-16T00:41:00.000,15.2273
2025-08-16T00:42:00.000,15.2410
2025-08-16T00:43:00.000,15.2576
2025-08-16T00:44:00.000,15.2727
2025-08-16T00:45:00.000,15.2892
2025-08-16T00:46:00.000,15.3072
2025-08-16T00:47:00.000,15.3264
2025-08-16T00:48:00.000,15.3416
2025-08-16T00:49:00.000,15.3540
2025-08-16T00:50:00.000,15.3664
2025-08-16T00:51:00.000,15.3760
2025-08-16T00:52:00.000,15.3870
2025-08-16T00:53:00.000,15.3967
2025-08-16T00:54:00.000,15.4063
2025-08-16T00:55:00.000,15.4146
2025-08-16T00:56:00.000,15.4214
2025-08-16T00:57:00.000,15.4283
2025-08-16T00:58:00.000,15.4338
2025-08-16T00:59:00.000,15.4407
2025-08-16T01:00:00.000,15.4462
2025-08-16T01:01:00.000,15.4517
2025-08-16T01:02:00.000,15.4572
2025-08-16T01:03:00.000,15.4627
2025-08-16T01:04:00.000,15.4710
2025-08-16T01:05:00.000,15.4737
2025-08-16T01:06:00.000,15.4779
2025-08-16T01:07:00.000,15.4806
2025-08-16T01:08:00.000,15.4834
2025-08-16T01:09:00.000,15.4875
2025-08-16T01:10:00.000,15.4916
2025-08-16T01:11:00.000,15.4944
2025-08-16T01:12:00.000,15.4999
2025-08-16T01:13:00.000,15.5054
2025-08-16T01:14:00.000,15.5109
2025-08-16T01:15:00.000,15.5164
2025-08-16T01:16:00.000,15.5219
2025-08-16T01:17:00.000,15.5288
2025-08-16T01:18:00.000,15.5343
2025-08-16T01:19:00.000,15.5412
2025-08-16T01:20:00.000,15.5467
2025-08-16T01:21:00.000,15.5563
2025-08-16T01:22:00.000,15.5618
2025-08-16T01:23:00.000,15.5646
2025-08-16T01:24:00.000,15.5659
2025-08-16T01:25:00.000,15.5687
2025-08-16T01:26:00.000,15.5728
2025-08-16T01:27:00.000,15.5783
2025-08-16T01:28:00.000,15.5825
2025-08-16T01:29:00.000,15.5880
2025-08-16T01:30:00.000,15.5921
2025-08-16T01:31:00.000,15.5962
2025-08-16T01:32:00.000,15.6003
2025-08-16T01:33:00.000,15.6031
2025-08-16T01:34:00.000,15.6086
2025-08-16T01:35:00.000,15.6127
2025-08-16T01:36:00.000,15.6196
2025-08-16T01:37:00.000,15.6292
2025-08-16T01:38:00.000,15.6430
2025-08-16T01:39:00.000,15.6499
2025-08-16T01:40:00.000,15.6609
2025-08-16T01:41:00.000,15.6691
2025-08-16T01:42:00.000,15.6746
2025-08-16T01:43:00.000,15.6760
2025-08-16T01:44:00.000,15.6829
2025-08-16T01:45:00.000,15.6884
2025-08-16T01:46:00.000,15.6911
2025-08-16T01:47:00.000,15.6952
2025-08-16T01:48:00.000,15.6994
2025-08-16T01:49:00.000,15.7035
2025-08-16T01:50:00.000,15.7062
2025-08-16T01:51:00.000,15.7090
2025-08-16T01:52:00.000,15.7117
2025-08-16T01:53:00.000,15.7145
2025-08-16T01:54:00.000,15.7172
2025-08-16T01:55:00.000,15.7214
2025-08-16T01:56:00.000,15.7227
2025-08-16T01:57:00.000,15.7241
2025-08-16T01:58:00.000,15.7269
2025-08-16T01:59:00.000,15.7296
2025-08-16T02:00:00.000,15.7337
2025-08-16T02:01:00.000,15.7392
2025-08-16T02:02:00.000,15.7434
2025-08-16T02:03:00.000,15.7489
2025-08-16T02:04:00.000,15.7544
2025-08-16T02:05:00.000,15.7626
2025-08-16T02:06:00.000,15.7695
2025-08-16T02:07:00.000,15.7736
2025-08-16T02:08:00.000,15.7791
2025-08-16T02:09:00.000,15.7860
2025-08-16T02:10:00.000,15.7915
2025-08-16T02:11:00.000,15.7956
2025-08-16T02:12:00.000,15.8025
2025-08-16T02:13:00.000,15.8066
2025-08-16T02:14:00.000,15.8080
2025-08-16T02:15:00.000,15.8107
2025-08-16T02:16:00.000,15.8121
2025-08-16T02:17:00.000,15.8121
2025-08-16T02:18:00.000,15.8135
2025-08-16T02:19:00.000,15.8149
2025-08-16T02:20:00.000,15.8176
2025-08-16T02:21:00.000,15.8217
2025-08-16T02:22:00.000,15.8245
2025-08-16T02:23:00.000,15.8259
2025-08-16T02:24:00.000,15.8272
2025-08-16T02:25:00.000,15.8272
2025-08-16T02:26:00.000,15.8272
2025-08-16T02:27:00.000,15.8272
2025-08-16T02:28:00.000,15.8272
2025-08-16T02:29:00.000,15.8286
2025-08-16T02:30:00.000,15.8314
2025-08-16T02:31:00.000,15.8314
2025-08-16T02:32:00.000,15.8286
2025-08-16T02:33:00.000,15.8272
2025-08-16T02:34:00.000,15.8272
2025-08-16T02:35:00.000,15.8245
2025-08-16T02:36:00.000,15.8217
2025-08-16T02:37:00.000,15.8204
2025-08-16T02:38:00.000,15.8176
2025-08-16T02:39:00.000,15.8135
2025-08-16T02:40:00.000,15.8107
2025-08-16T02:41:00.000,15.8094
2025-08-16T02:42:00.000,15.8080
2025-08-16T02:43:00.000,15.8052
2025-08-16T02:44:00.000,15.8025
2025-08-16T02:45:00.000,15.8011
2025-08-16T02:46:00.000,15.7984
2025-08-16T02:47:00.000,15.7984
2025-08-16T02:48:00.000,15.7929
2025-08-16T02:49:00.000,15.7887
2025-08-16T02:50:00.000,15.7846
2025-08-16T02:51:00.000,15.7791
2025-08-16T02:52:00.000,15.7764
2025-08-16T02:53:00.000,15.7736
2025-08-16T02:54:00.000,15.7695
2025-08-16T02:55:00.000,15.7667
2025-08-16T02:56:00.000,15.7640
2025-08-16T02:57:00.000,15.7640
2025-08-16T02:58:00.000,15.7654
2025-08-16T02:59:00.000,15.7654
2025-08-16T03:00:00.000,15.7571
2025-08-16T03:01:00.000,15.7461
2025-08-16T03:02:00.000,15.7420
2025-08-16T03:03:00.000,15.7392
2025-08-16T03:04:00.000,15.7489
2025-08-16T03:05:00.000,15.7516
2025-08-16T03:06:00.000,15.7475
2025-08-16T03:07:00.000,15.7379
2025-08-16T03:08:00.000,15.7269
2025-08-16T03:09:00.000,15.7172
2025-08-16T03:10:00.000,15.7062
2025-08-16T03:11:00.000,15.6966
2025-08-16T03:12:00.000,15.6952
2025-08-16T03:13:00.000,15.6966
2025-08-16T03:14:00.000,15.6980
2025-08-16T03:15:00.000,15.6925
2025-08-16T03:16:00.000,15.6801
2025-08-16T03:17:00.000,15.6732
2025-08-16T03:18:00.000,15.6650
2025-08-16T03:19:00.000,15.6499
2025-08-16T03:20:00.000,15.6347
2025-08-16T03:21:00.000,15.6306
2025-08-16T03:22:00.000,15.6210
2025-08-16T03:23:00.000,15.6003
2025-08-16T03:24:00.000,15.5866
2025-08-16T03:25:00.000,15.5811
2025-08-16T03:26:00.000,15.5646
2025-08-16T03:27:00.000,15.5563
2025-08-16T03:28:00.000,15.5659
2025-08-16T03:29:00.000,15.5893
2025-08-16T03:30:00.000,15.6113
2025-08-16T03:31:00.000,15.6306
2025-08-16T03:32:00.000,15.6499
2025-08-16T03:33:00.000,15.6677
2025-08-16T03:34:00.000,15.6870
2025-08-16T03:35:00.000,15.7007
2025-08-16T03:36:00.000,15.7062
2025-08-16T03:37:00.000,15.7007
2025-08-16T03:38:00.000,15.7007
2025-08-16T03:39:00.000,15.6939
2025-08-16T03:40:00.000,15.6829
2025-08-16T03:41:00.000,15.6801
2025-08-16T03:42:00.000,15.6829
2025-08-16T03:43:00.000,15.6925
2025-08-16T03:44:00.000,15.7007
2025-08-16T03:45:00.000,15.7076
2025-08-16T03:46:00.000,15.7117
2025-08-16T03:47:00.000,15.7172
2025-08-16T03:48:00.000,15.7186
2025-08-16T03:49:00.000,15.7172
2025-08-16T03:50:00.000,15.7117
2025-08-16T03:51:00.000,15.7076
2025-08-16T03:52:00.000,15.7062
2025-08-16T03:53:00.000,15.7007
2025-08-16T03:54:00.000,15.6842
2025-08-16T03:55:00.000,15.6609
2025-08-16T03:56:00.000,15.6265
2025-08-16T03:57:00.000,15.5921
2025-08-16T03:58:00.000,15.5536
2025-08-16T03:59:00.000,15.5123
2025-08-16T04:00:00.000,15.4724
2025-08-16T04:01:00.000,15.4338
2025-08-16T04:02:00.000,15.3925
2025-08-16T04:03:00.000,15.3471
2025-08-16T04:04:00.000,15.3030
2025-08-16T04:05:00.000,15.2603
2025-08-16T04:06:00.000,15.2176
2025-08-16T04:07:00.000,15.1763
2025-08-16T04:08:00.000,15.1363
2025-08-16T04:09:00.000,15.0991
2025-08-16T04:10:00.000,15.0619
2025-08-16T04:11:00.000,15.0274
2025-08-16T04:12:00.000,14.9971
2025-08-16T04:13:00.000,14.9695
2025-08-16T04:14:00.000,14.9474
2025-08-16T04:15:00.000,14.9254
2025-08-16T04:16:00.000,14.9088
2025-08-16T04:17:00.000,14.8895
2025-08-16T04:18:00.000,14.8743
2025-08-16T04:19:00.000,14.8647
2025-08-16T04:20:00.000,14.8550
2025-08-16T04:21:00.000,14.8426
2025-08-16T04:22:00.000,14.8260
2025-08-16T04:23:00.000,14.8081
2025-08-16T04:24:00.000,14.7887
2025-08-16T04:25:00.000,14.7722
2025-08-16T04:26:00.000,14.7570
2025-08-16T04:27:00.000,14.7432
2025-08-16T04:28:00.000,14.7294
2025-08-16T04:29:00.000,14.7225
2025-08-16T04:30:00.000,14.7128
2025-08-16T04:31:00.000,14.7004
2025-08-16T04:32:00.000,14.6907
2025-08-16T04:33:00.000,14.6852
2025-08-16T04:34:00.000,14.6797
2025-08-16T04:35:00.000,14.6742
2025-08-16T04:36:00.000,14.6672
2025-08-16T04:37:00.000,14.6700
2025-08-16T04:38:00.000,14.6728
2025-08-16T04:39:00.000,14.6700
2025-08-16T04:40:00.000,14.6617
2025-08-16T04:41:00.000,14.6507
2025-08-16T04:42:00.000,14.6410
2025-08-16T04:43:00.000,14.6327
2025-08-16T04:44:00.000,14.6203
2025-08-16T04:45:00.000,14.6079
2025-08-16T04:46:00.000,14.6037
2025-08-16T04:47:00.000,14.5982
2025-08-16T04:48:00.000,14.5913
2025-08-16T04:49:00.000,14.5816
2025-08-16T04:50:00.000,14.5733
2025-08-16T04:51:00.000,14.5664
2025-08-16T04:52:00.000,14.5540
2025-08-16T04:53:00.000,14.5360
2025-08-16T04:54:00.000,14.5125
2025-08-16T04:55:00.000,14.4849
2025-08-16T04:56:00.000,14.4641
2025-08-16T04:57:00.000,14.4489
2025-08-16T04:58:00.000,14.4310
2025-08-16T04:59:00.000,14.4268
2025-08-16T05:00:00.000,14.4199
2025-08-16T05:01:00.000,14.4130
2025-08-16T05:02:00.000,14.4185
2025-08-16T05:03:00.000,14.4337
2025-08-16T05:04:00.000,14.4489
2025-08-16T05:05:00.000,14.4655
2025-08-16T05:06:00.000,14.4780
2025-08-16T05:07:00.000,14.4876
2025-08-16T05:08:00.000,14.4862
2025-08-16T05:09:00.000,14.4793
2025-08-16T05:10:00.000,14.4710
2025-08-16T05:11:00.000,14.4655
2025-08-16T05:12:00.000,14.4600
2025-08-16T05:13:00.000,14.4572
2025-08-16T05:14:00.000,14.4627
2025-08-16T05:15:00.000,14.4752
2025-08-16T05:16:00.000,14.4862
2025-08-16T05:17:00.000,14.4890
2025-08-16T05:18:00.000,14.4890
2025-08-16T05:19:00.000,14.4945
2025-08-16T05:20:00.000,14.5015
2025-08-16T05:21:00.000,14.4973
2025-08-16T05:22:00.000,14.4959
2025-08-16T05:23:00.000,14.4973
2025-08-16T05:24:00.000,14.5015
2025-08-16T05:25:00.000,14.5125
2025-08-16T05:26:00.000,14.5139
2025-08-16T05:27:00.000,14.5167
2025-08-16T05:28:00.000,14.5139
2025-08-16T05:29:00.000,14.5180
2025-08-16T05:30:00.000,14.5236
2025-08-16T05:31:00.000,14.5236
2025-08-16T05:32:00.000,14.5263
2025-08-16T05:33:00.000,14.5360
2025-08-16T05:34:00.000,14.5540
2025-08-16T05:35:00.000,14.5719
2025-08-16T05:36:00.000,14.5816
2025-08-16T05:37:00.000,14.5899
2025-08-16T05:38:00.000,14.5913
2025-08-16T05:39:00.000,14.5913
2025-08-16T05:40:00.000,14.5913
2025-08-16T05:41:00.000,14.5940
2025-08-16T05:42:00.000,14.5982
2025-08-16T05:43:00.000,14.6051
2025-08-16T05:44:00.000,14.6148
2025-08-16T05:45:00.000,14.6286
2025-08-16T05:46:00.000,14.6479
2025-08-16T05:47:00.000,14.6659
2025-08-16T05:48:00.000,14.6811
2025-08-16T05:49:00.000,14.6962
2025-08-16T05:50:00.000,14.7087
2025-08-16T05:51:00.000,14.7142
2025-08-16T05:52:00.000,14.7170
2025-08-16T05:53:00.000,14.7183
2025-08-16T05:54:00.000,14.7170
2025-08-16T05:55:00.000,14.7156
2025-08-16T05:56:00.000,14.7225
2025-08-16T05:57:00.000,14.7335
2025-08-16T05:58:00.000,14.7501
2025-08-16T05:59:00.000,14.7680
2025-08-16T06:00:00.000,14.7943
2025-08-16T06:01:00.000,14.8302
2025-08-16T06:02:00.000,14.8853
2025-08-16T06:03:00.000,14.9488
2025-08-16T06:04:00.000,15.0122
2025-08-16T06:05:00.000,15.0757
2025-08-16T06:06:00.000,15.1349
2025-08-16T06:07:00.000,15.1901
2025-08-16T06:08:00.000,15.2438
2025-08-16T06:09:00.000,15.2961
2025-08-16T06:10:00.000,15.3388
2025-08-16T06:11:00.000,15.3746
2025-08-16T06:12:00.000,15.3912
2025-08-16T06:13:00.000,15.3967
2025-08-16T06:14:00.000,15.4104
2025-08-16T06:15:00.000,15.4297
2025-08-16T06:16:00.000,15.4572
2025-08-16T06:17:00.000,15.4834
2025-08-16T06:18:00.000,15.5123
2025-08-16T06:19:00.000,15.5384
2025-08-16T06:20:00.000,15.5673
2025-08-16T06:21:00.000,15.5935
2025-08-16T06:22:00.000,15.6210
2025-08-16T06:23:00.000,15.6444
2025-08-16T06:24:00.000,15.6650
2025-08-16T06:25:00.000,15.6815
2025-08-16T06:26:00.000,15.6939
2025-08-16T06:27:00.000,15.7049
2025-08-16T06:28:00.000,15.7186
2025-08-16T06:29:00.000,15.7282
2025-08-16T06:30:00.000,15.7406
2025-08-16T06:31:00.000,15.7516
2025-08-16T06:32:00.000,15.7626
2025-08-16T06:33:00.000,15.7722
2025-08-16T06:34:00.000,15.7805
2025-08-16T06:35:00.000,15.7874
2025-08-16T06:36:00.000,15.7915
2025-08-16T06:37:00.000,15.7970
2025-08-16T06:38:00.000,15.7997
2025-08-16T06:39:00.000,15.8039
2025-08-16T06:40:00.000,15.8052
2025-08-16T06:41:00.000,15.8080
2025-08-16T06:42:00.000,15.8149
2025-08-16T06:43:00.000,15.8231
2025-08-16T06:44:00.000,15.8327
2025-08-16T06:45:00.000,15.8465
2025-08-16T06:46:00.000,15.8520
2025-08-16T06:47:00.000,15.8561
2025-08-16T06:48:00.000,15.8616
2025-08-16T06:49:00.000,15.8685
2025-08-16T06:50:00.000,15.8767
2025-08-16T06:51:00.000,15.8850
2025-08-16T06:52:00.000,15.8891
2025-08-16T06:53:00.000,15.8932
2025-08-16T06:54:00.000,15.8946
2025-08-16T06:55:00.000,15.8932
2025-08-16T06:56:00.000,15.8863
2025-08-16T06:57:00.000,15.8740
2025-08-16T06:58:00.000,15.8561
2025-08-16T06:59:00.000,15.8396
2025-08-16T07:00:00.000,15.8231
2025-08-16T07:01:00.000,15.8080
2025-08-16T07:02:00.000,15.7984
2025-08-16T07:03:00.000,15.7846
2025-08-16T07:04:00.000,15.7750
2025-08-16T07:05:00.000,15.7667
2025-08-16T07:06:00.000,15.7585
2025-08-16T07:07:00.000,15.7516
2025-08-16T07:08:00.000,15.7447
2025-08-16T07:09:00.000,15.7379
2025-08-16T07:10:00.000,15.7296
2025-08-16T07:11:00.000,15.7200
2025-08-16T07:12:00.000,15.7104
2025-08-16T07:13:00.000,15.7035
2025-08-16T07:14:00.000,15.6939
2025-08-16T07:15:00.000,15.6856
2025-08-16T07:16:00.000,15.6732
2025-08-16T07:17:00.000,15.6609
2025-08-16T07:18:00.000,15.6499
2025-08-16T07:19:00.000,15.6416
2025-08-16T07:20:00.000,15.6251
2025-08-16T07:21:00.000,15.6127
2025-08-16T07:22:00.000,15.5907
2025-08-16T07:23:00.000,15.5687
2025-08-16T07:24:00.000,15.5481
2025-08-16T07:25:00.000,15.5357
2025-08-16T07:26:00.000,15.5233
2025-08-16T07:27:00.000,15.5123
2025-08-16T07:28:00.000,15.5054
2025-08-16T07:29:00.000,15.5013
2025-08-16T07:30:00.000,15.4985
2025-08-16T07:31:00.000,15.4971
2025-08-16T07:32:00.000,15.4971
2025-08-16T07:33:00.000,15.4971
2025-08-16T07:34:00.000,15.4971
2025-08-16T07:35:00.000,15.4944
2025-08-16T07:36:00.000,15.4944
2025-08-16T07:37:00.000,15.4889
2025-08-16T07:38:00.000,15.4848
2025-08-16T07:39:00.000,15.4820
2025-08-16T07:40:00.000,15.4792
2025-08-16T07:41:00.000,15.4751
2025-08-16T07:42:00.000,15.4737
2025-08-16T07:43:00.000,15.4724
2025-08-16T07:44:00.000,15.4724
2025-08-16T07:45:00.000,15.4710
2025-08-16T07:46:00.000,15.4724
2025-08-16T07:47:00.000,15.4751
2025-08-16T07:48:00.000,15.4779
2025-08-16T07:49:00.000,15.4806
2025-08-16T07:50:00.000,15.4834
2025-08-16T07:51:00.000,15.4889
2025-08-16T07:52:00.000,15.4916
2025-08-16T07:53:00.000,15.4958
2025-08-16T07:54:00.000,15.4930
2025-08-16T07:55:00.000,15.4903
2025-08-16T07:56:00.000,15.4889
2025-08-16T07:57:00.000,15.4861
2025-08-16T07:58:00.000,15.4848
2025-08-16T07:59:00.000,15.4848
2025-08-16T08:00:00.000,15.4834
2025-08-16T08:01:00.000,15.4834
2025-08-16T08:02:00.000,15.4848
2025-08-16T08:03:00.000,15.4861
2025-08-16T08:04:00.000,15.4875
2025-08-16T08:05:00.000,15.4875
2025-08-16T08:06:00.000,15.4861
2025-08-16T08:07:00.000,15.4848
2025-08-16T08:08:00.000,15.4834
2025-08-16T08:09:00.000,15.4820
2025-08-16T08:10:00.000,15.4848
2025-08-16T08:11:00.000,15.4834
2025-08-16T08:12:00.000,15.4834
2025-08-16T08:13:00.000,15.4848
2025-08-16T08:14:00.000,15.4848
2025-08-16T08:15:00.000,15.4834
2025-08-16T08:16:00.000,15.4806
2025-08-16T08:17:00.000,15.4779
2025-08-16T08:18:00.000,15.4682
2025-08-16T08:19:00.000,15.4517
2025-08-16T08:20:00.000,15.4311
2025-08-16T08:21:00.000,15.4077
2025-08-16T08:22:00.000,15.3829
2025-08-16T08:23:00.000,15.3554
2025-08-16T08:24:00.000,15.3319
2025-08-16T08:25:00.000,15.3113
2025-08-16T08:26:00.000,15.2961
2025-08-16T08:27:00.000,15.2906
2025-08-16T08:28:00.000,15.2837
2025-08-16T08:29:00.000,15.2769
2025-08-16T08:30:00.000,15.2713
2025-08-16T08:31:00.000,15.2631
2025-08-16T08:32:00.000,15.2562
2025-08-16T08:33:00.000,15.2479
2025-08-16T08:34:00.000,15.2424
2025-08-16T08:35:00.000,15.2369
2025-08-16T08:36:00.000,15.2341
2025-08-16T08:37:00.000,15.2314
2025-08-16T08:38:00.000,15.2300
2025-08-16T08:39:00.000,15.2300
2025-08-16T08:40:00.000,15.2300
2025-08-16T08:41:00.000,15.2314
2025-08-16T08:42:00.000,15.2314
2025-08-16T08:43:00.000,15.2286
2025-08-16T08:44:00.000,15.2286
2025-08-16T08:45:00.000,15.2204
2025-08-16T08:46:00.000,15.2093
2025-08-16T08:47:00.000,15.1956
2025-08-16T08:48:00.000,15.1804
2025-08-16T08:49:00.000,15.1680
2025-08-16T08:50:00.000,15.1556
2025-08-16T08:51:00.000,15.1432
2025-08-16T08:52:00.000,15.1198
2025-08-16T08:53:00.000,15.0936
2025-08-16T08:54:00.000,15.0757
2025-08-16T08:55:00.000,15.0619
2025-08-16T08:56:00.000,15.0536
2025-08-16T08:57:00.000,15.0481
2025-08-16T08:58:00.000,15.0495
2025-08-16T08:59:00.000,15.0536
2025-08-16T09:00:00.000,15.0536
2025-08-16T09:01:00.000,15.0591
2025-08-16T09:02:00.000,15.0591
2025-08-16T09:03:00.000,15.0577
2025-08-16T09:04:00.000,15.0577
2025-08-16T09:05:00.000,15.0591
2025-08-16T09:06:00.000,15.0633
2025-08-16T09:07:00.000,15.0646
2025-08-16T09:08:00.000,15.0674
2025-08-16T09:09:00.000,15.0688
2025-08-16T09:10:00.000,15.0729
2025-08-16T09:11:00.000,15.0757
2025-08-16T09:12:00.000,15.0798
2025-08-16T09:13:00.000,15.0839
2025-08-16T09:14:00.000,15.0881
2025-08-16T09:15:00.000,15.0922
2025-08-16T09:16:00.000,15.0950
2025-08-16T09:17:00.000,15.0977
2025-08-16T09:18:00.000,15.1046
2025-08-16T09:19:00.000,15.1074
2025-08-16T09:20:00.000,15.1101
2025-08-16T09:21:00.000,15.1143
2025-08-16T09:22:00.000,15.1184
2025-08-16T09:23:00.000,15.1267
2025-08-16T09:24:00.000,15.1363
2025-08-16T09:25:00.000,15.1473
2025-08-16T09:26:00.000,15.1584
2025-08-16T09:27:00.000,15.1639
2025-08-16T09:28:00.000,15.1570
2025-08-16T09:29:00.000,15.1377
2025-08-16T09:30:00.000,15.1156
2025-08-16T09:31:00.000,15.0963
2025-08-16T09:32:00.000,15.0839
2025-08-16T09:33:00.000,15.0674
2025-08-16T09:34:00.000,15.0481
2025-08-16T09:35:00.000,15.0398
2025-08-16T09:36:00.000,15.0315
2025-08-16T09:37:00.000,15.0233
2025-08-16T09:38:00.000,15.0191
2025-08-16T09:39:00.000,15.0150
2025-08-16T09:40:00.000,15.0012
2025-08-16T09:41:00.000,14.9874
2025-08-16T09:42:00.000,14.9750
2025-08-16T09:43:00.000,14.9681
2025-08-16T09:44:00.000,14.9640
2025-08-16T09:45:00.000,14.9667
2025-08-16T09:46:00.000,14.9805
2025-08-16T09:47:00.000,14.9998
2025-08-16T09:48:00.000,15.0150
2025-08-16T09:49:00.000,15.0164
2025-08-16T09:50:00.000,15.0205
2025-08-16T09:51:00.000,15.0081
2025-08-16T09:52:00.000,14.9736
2025-08-16T09:53:00.000,14.9226
2025-08-16T09:54:00.000,14.8771
2025-08-16T09:55:00.000,14.8509
2025-08-16T09:56:00.000,14.8246
2025-08-16T09:57:00.000,14.8012
2025-08-16T09:58:00.000,14.7846
2025-08-16T09:59:00.000,14.7736
2025-08-16T10:00:00.000,14.7639
2025-08-16T10:01:00.000,14.7570
2025-08-16T10:02:00.000,14.7501
2025-08-16T10:03:00.000,14.7446
2025-08-16T10:04:00.000,14.7363
2025-08-16T10:05:00.000,14.7321
2025-08-16T10:06:00.000,14.7321
2025-08-16T10:07:00.000,14.7363
2025-08-16T10:08:00.000,14.7446
2025-08-16T10:09:00.000,14.7542
2025-08-16T10:10:00.000,14.7625
2025-08-16T10:11:00.000,14.7749
2025-08-16T10:12:00.000,14.7887
2025-08-16T10:13:00.000,14.7984
2025-08-16T10:14:00.000,14.8095
2025-08-16T10:15:00.000,14.8177
2025-08-16T10:16:00.000,14.8274
2025-08-16T10:17:00.000,14.8357
2025-08-16T10:18:00.000,14.8440
2025-08-16T10:19:00.000,14.8522
2025-08-16T10:20:00.000,14.8578
2025-08-16T10:21:00.000,14.8647
2025-08-16T10:22:00.000,14.8688
2025-08-16T10:23:00.000,14.8729
2025-08-16T10:24:00.000,14.8784
2025-08-16T10:25:00.000,14.8840
2025-08-16T10:26:00.000,14.8950
2025-08-16T10:27:00.000,14.9019
2025-08-16T10:28:00.000,14.9088
2025-08-16T10:29:00.000,14.9185
2025-08-16T10:30:00.000,14.9240
2025-08-16T10:31:00.000,14.9281
2025-08-16T10:32:00.000,14.9295
2025-08-16T10:33:00.000,14.9336
2025-08-16T10:34:00.000,14.9378
2025-08-16T10:35:00.000,14.9350
2025-08-16T10:36:00.000,14.9047
2025-08-16T10:37:00.000,14.8729
2025-08-16T10:38:00.000,14.8398
2025-08-16T10:39:00.000,14.7970
2025-08-16T10:40:00.000,14.7473
2025-08-16T10:41:00.000,14.6990
2025-08-16T10:42:00.000,14.6534
2025-08-16T10:43:00.000,14.6161
2025-08-16T10:44:00.000,14.5830
2025-08-16T10:45:00.000,14.5567
2025-08-16T10:46:00.000,14.5388
2025-08-16T10:47:00.000,14.5277
2025-08-16T10:48:00.000,14.5222
2025-08-16T10:49:00.000,14.5208
2025-08-16T10:50:00.000,14.5249
2025-08-16T10:51:00.000,14.5277
2025-08-16T10:52:00.000,14.5374
2025-08-16T10:53:00.000,14.5512
2025-08-16T10:54:00.000,14.5581
2025-08-16T10:55:00.000,14.5567
2025-08-16T10:56:00.000,14.5484
2025-08-16T10:57:00.000,14.5332
2025-08-16T10:58:00.000,14.5194
2025-08-16T10:59:00.000,14.5056
2025-08-16T11:00:00.000,14.4890
2025-08-16T11:01:00.000,14.4669
2025-08-16T11:02:00.000,14.4296
2025-08-16T11:03:00.000,14.3798
2025-08-16T11:04:00.000,14.3120
2025-08-16T11:05:00.000,14.2304
2025-08-16T11:06:00.000,14.1487
2025-08-16T11:07:00.000,14.0670
2025-08-16T11:08:00.000,14.0060
2025-08-16T11:09:00.000,13.9644
2025-08-16T11:10:00.000,13.9201
2025-08-16T11:11:00.000,13.8771
2025-08-16T11:12:00.000,13.8369
2025-08-16T11:13:00.000,13.7994
2025-08-16T11:14:00.000,13.7717
2025-08-16T11:15:00.000,13.7481
2025-08-16T11:16:00.000,13.7203
2025-08-16T11:17:00.000,13.6926
2025-08-16T11:18:00.000,13.6537
2025-08-16T11:19:00.000,13.6176
2025-08-16T11:20:00.000,13.5912
2025-08-16T11:21:00.000,13.5704
2025-08-16T11:22:00.000,13.5621
2025-08-16T11:23:00.000,13.5621
2025-08-16T11:24:00.000,13.5662
2025-08-16T11:25:00.000,13.5593
2025-08-16T11:26:00.000,13.5454
2025-08-16T11:27:00.000,13.5301
2025-08-16T11:28:00.000,13.5162
2025-08-16T11:29:00.000,13.5065
2025-08-16T11:30:00.000,13.4954
2025-08-16T11:31:00.000,13.4856
2025-08-16T11:32:00.000,13.4815
2025-08-16T11:33:00.000,13.4856
2025-08-16T11:34:00.000,13.4870
2025-08-16T11:35:00.000,13.4884
2025-08-16T11:36:00.000,13.4787
2025-08-16T11:37:00.000,13.4676
2025-08-16T11:38:00.000,13.4551
2025-08-16T11:39:00.000,13.4481
2025-08-16T11:40:00.000,13.4453
2025-08-16T11:41:00.000,13.4439
2025-08-16T11:42:00.000,13.4398
2025-08-16T11:43:00.000,13.4398
2025-08-16T11:44:00.000,13.4398
2025-08-16T11:45:00.000,13.4425
2025-08-16T11:46:00.000,13.4398
2025-08-16T11:47:00.000,13.4356
2025-08-16T11:48:00.000,13.4384
2025-08-16T11:49:00.000,13.4412
2025-08-16T11:50:00.000,13.4384
2025-08-16T11:51:00.000,13.4286
2025-08-16T11:52:00.000,13.4286
2025-08-16T11:53:00.000,13.4203
2025-08-16T11:54:00.000,13.4147
2025-08-16T11:55:00.000,13.4106
2025-08-16T11:56:00.000,13.4092
2025-08-16T11:57:00.000,13.4106
2025-08-16T11:58:00.000,13.4078
2025-08-16T11:59:00.000,13.4064
2025-08-16T12:00:00.000,13.4036
2025-08-16T12:01:00.000,13.4008
2025-08-16T12:02:00.000,13.3981
2025-08-16T12:03:00.000,13.3981
2025-08-16T12:04:00.000,13.4008
2025-08-16T12:05:00.000,13.4036
2025-08-16T12:06:00.000,13.4050
2025-08-16T12:07:00.000,13.4092
2025-08-16T12:08:00.000,13.4120
2025-08-16T12:09:00.000,13.4217
2025-08-16T12:10:00.000,13.4286
2025-08-16T12:11:00.000,13.4328
2025-08-16T12:12:00.000,13.4370
2025-08-16T12:13:00.000,13.4412
2025-08-16T12:14:00.000,13.4439
2025-08-16T12:15:00.000,13.4509
2025-08-16T12:16:00.000,13.4578
2025-08-16T12:17:00.000,13.4690
2025-08-16T12:18:00.000,13.4787
2025-08-16T12:19:00.000,13.4870
2025-08-16T12:20:00.000,13.4968
2025-08-16T12:21:00.000,13.5051
2025-08-16T12:22:00.000,13.5093
2025-08-16T12:23:00.000,13.5093
2025-08-16T12:24:00.000,13.5093
2025-08-16T12:25:00.000,13.5065
2025-08-16T12:26:00.000,13.5079
2025-08-16T12:27:00.000,13.5037
2025-08-16T12:28:00.000,13.5009
2025-08-16T12:29:00.000,13.4995
2025-08-16T12:30:00.000,13.5009
2025-08-16T12:31:00.000,13.5037
2025-08-16T12:32:00.000,13.5120
2025-08-16T12:33:00.000,13.5245
2025-08-16T12:34:00.000,13.5412
2025-08-16T12:35:00.000,13.5621
2025-08-16T12:36:00.000,13.5968
2025-08-16T12:37:00.000,13.6426
2025-08-16T12:38:00.000,13.6967
2025-08-16T12:39:00.000,13.7550
2025-08-16T12:40:00.000,13.8161
2025-08-16T12:41:00.000,13.8813
2025-08-16T12:42:00.000,13.9561
2025-08-16T12:43:00.000,14.0393
2025-08-16T12:44:00.000,14.1238
2025-08-16T12:45:00.000,14.2138
2025-08-16T12:46:00.000,14.2760
2025-08-16T12:47:00.000,14.3106
2025-08-16T12:48:00.000,14.3300
2025-08-16T12:49:00.000,14.3701
2025-08-16T12:50:00.000,14.4254
2025-08-16T12:51:00.000,14.4973
2025-08-16T12:52:00.000,14.5816
2025-08-16T12:53:00.000,14.6382
2025-08-16T12:54:00.000,14.7032
2025-08-16T12:55:00.000,14.7929
2025-08-16T12:56:00.000,14.9074
2025-08-16T12:57:00.000,14.9998
2025-08-16T12:58:00.000,15.0012
2025-08-16T12:59:00.000,14.9474
2025-08-16T13:00:00.000,14.9240
2025-08-16T13:01:00.000,14.8564
2025-08-16T13:02:00.000,14.7846
2025-08-16T13:03:00.000,14.7197
2025-08-16T13:04:00.000,14.6424
2025-08-16T13:05:00.000,14.5512
2025-08-16T13:06:00.000,14.4531
2025-08-16T13:07:00.000,14.3756
2025-08-16T13:08:00.000,14.2788
2025-08-16T13:09:00.000,14.2151
2025-08-16T13:10:00.000,14.1528
2025-08-16T13:11:00.000,14.1071
2025-08-16T13:12:00.000,14.0642
2025-08-16T13:13:00.000,14.0171
2025-08-16T13:14:00.000,13.9769
2025-08-16T13:15:00.000,13.9423
2025-08-16T13:16:00.000,13.9104
2025-08-16T13:17:00.000,13.8924
2025-08-16T13:18:00.000,13.8660
2025-08-16T13:19:00.000,13.8424
2025-08-16T13:20:00.000,13.8244
2025-08-16T13:21:00.000,13.8216
2025-08-16T13:22:00.000,13.8119
2025-08-16T13:23:00.000,13.8161
2025-08-16T13:24:00.000,13.8258
2025-08-16T13:25:00.000,13.8230
2025-08-16T13:26:00.000,13.8494
2025-08-16T13:27:00.000,13.8688
2025-08-16T13:28:00.000,13.8868
2025-08-16T13:29:00.000,13.9118
2025-08-16T13:30:00.000,13.9381
2025-08-16T13:31:00.000,13.9617
2025-08-16T13:32:00.000,13.9755
2025-08-16T13:33:00.000,13.9852
2025-08-16T13:34:00.000,13.9866
2025-08-16T13:35:00.000,13.9658
2025-08-16T13:36:00.000,13.9312
2025-08-16T13:37:00.000,13.8979
2025-08-16T13:38:00.000,13.8646
2025-08-16T13:39:00.000,13.8300
2025-08-16T13:40:00.000,13.7967
2025-08-16T13:41:00.000,13.7648
2025-08-16T13:42:00.000,13.7259
2025-08-16T13:43:00.000,13.6912
2025-08-16T13:44:00.000,13.6718
2025-08-16T13:45:00.000,13.6607
2025-08-16T13:46:00.000,13.6468
2025-08-16T13:47:00.000,13.6509
2025-08-16T13:48:00.000,13.6551
2025-08-16T13:49:00.000,13.6482
2025-08-16T13:50:00.000,13.6690
2025-08-16T13:51:00.000,13.6787
2025-08-16T13:52:00.000,13.6745
2025-08-16T13:53:00.000,13.6732
2025-08-16T13:54:00.000,13.6718
2025-08-16T13:55:00.000,13.6676
2025-08-16T13:56:00.000,13.6607
2025-08-16T13:57:00.000,13.6398
2025-08-16T13:58:00.000,13.6190
2025-08-16T13:59:00.000,13.5926
2025-08-16T14:00:00.000,13.5634
2025-08-16T14:01:00.000,13.5468
2025-08-16T14:02:00.000,13.5537
2025-08-16T14:03:00.000,13.5634
2025-08-16T14:04:00.000,13.5565
2025-08-16T14:05:00.000,13.5343
2025-08-16T14:06:00.000,13.5065
2025-08-16T14:07:00.000,13.4856
2025-08-16T14:08:00.000,13.4731
2025-08-16T14:09:00.000,13.4634
2025-08-16T14:10:00.000,13.4759
2025-08-16T14:11:00.000,13.5315
2025-08-16T14:12:00.000,13.5884
2025-08-16T14:13:00.000,13.6204
2025-08-16T14:14:00.000,13.6454
2025-08-16T14:15:00.000,13.6384
2025-08-16T14:16:00.000,13.6190
2025-08-16T14:17:00.000,13.6301
2025-08-16T14:18:00.000,13.6940
2025-08-16T14:19:00.000,13.8369
2025-08-16T14:20:00.000,13.9187
2025-08-16T14:21:00.000,13.8937
2025-08-16T14:22:00.000,13.9728
2025-08-16T14:23:00.000,14.1293
2025-08-16T14:24:00.000,14.3051
2025-08-16T14:25:00.000,14.3853
2025-08-16T14:26:00.000,14.3106
2025-08-16T14:27:00.000,14.3300
2025-08-16T14:28:00.000,14.3535
2025-08-16T14:29:00.000,14.4821
2025-08-16T14:30:00.000,14.6576
2025-08-16T14:31:00.000,14.8302
2025-08-16T14:32:00.000,14.9874
2025-08-16T14:33:00.000,15.1418
2025-08-16T14:34:00.000,15.2727
2025-08-16T14:35:00.000,15.3884
2025-08-16T14:36:00.000,15.4971
2025-08-16T14:37:00.000,15.5770
2025-08-16T14:38:00.000,15.6430
2025-08-16T14:39:00.000,15.7021
2025-08-16T14:40:00.000,15.7530
2025-08-16T14:41:00.000,15.7997
2025-08-16T14:42:00.000,15.8424
2025-08-16T14:43:00.000,15.8850
2025-08-16T14:44:00.000,15.9152
2025-08-16T14:45:00.000,15.9303
2025-08-16T14:46:00.000,15.9441
2025-08-16T14:47:00.000,15.9523
2025-08-16T14:48:00.000,15.8932
2025-08-16T14:49:00.000,15.8630
2025-08-16T14:50:00.000,15.8506
2025-08-16T14:51:00.000,15.8190
2025-08-16T14:52:00.000,15.7365
2025-08-16T14:53:00.000,15.6829
2025-08-16T14:54:00.000,15.5453
2025-08-16T14:55:00.000,15.4710
2025-08-16T14:56:00.000,15.3760
2025-08-16T14:57:00.000,15.2906
2025-08-16T14:58:00.000,15.1418
2025-08-16T14:59:00.000,15.0109
2025-08-16T15:00:00.000,14.9433
2025-08-16T15:01:00.000,14.8633
2025-08-16T15:02:00.000,14.7556
2025-08-16T15:03:00.000,14.6286
2025-08-16T15:04:00.000,14.4669
2025-08-16T15:05:00.000,14.3203
2025-08-16T15:06:00.000,14.2110
2025-08-16T15:07:00.000,14.1335
2025-08-16T15:08:00.000,14.0559
2025-08-16T15:09:00.000,13.9866
2025-08-16T15:10:00.000,13.9464
2025-08-16T15:11:00.000,13.9340
2025-08-16T15:12:00.000,13.9492
2025-08-16T15:13:00.000,13.9741
2025-08-16T15:14:00.000,14.0420
2025-08-16T15:15:00.000,14.1584
2025-08-16T15:16:00.000,14.3494
2025-08-16T15:17:00.000,14.5070
2025-08-16T15:18:00.000,14.6700
2025-08-16T15:19:00.000,14.8426
2025-08-16T15:20:00.000,15.0164
2025-08-16T15:21:00.000,15.1487
2025-08-16T15:22:00.000,15.2824
2025-08-16T15:23:00.000,15.4242
2025-08-16T15:24:00.000,15.5701
2025-08-16T15:25:00.000,15.6994
2025-08-16T15:26:00.000,15.8162
2025-08-16T15:27:00.000,15.9056
2025-08-16T15:28:00.000,15.9757
2025-08-16T15:29:00.000,16.0416
2025-08-16T15:30:00.000,16.0883
2025-08-16T15:31:00.000,16.1199
2025-08-16T15:32:00.000,16.1528
2025-08-16T15:33:00.000,16.1913
2025-08-16T15:34:00.000,16.2174
2025-08-16T15:35:00.000,16.2325
2025-08-16T15:36:00.000,16.2407
2025-08-16T15:37:00.000,16.2544
2025-08-16T15:38:00.000,16.2682
2025-08-16T15:39:00.000,16.2778
2025-08-16T15:40:00.000,16.2805
2025-08-16T15:41:00.000,16.2709
2025-08-16T15:42:00.000,16.2503
2025-08-16T15:43:00.000,16.2023
2025-08-16T15:44:00.000,16.1817
2025-08-16T15:45:00.000,16.1570
2025-08-16T15:46:00.000,16.1364
2025-08-16T15:47:00.000,16.1419
2025-08-16T15:48:00.000,16.1501
2025-08-16T15:49:00.000,16.1556
2025-08-16T15:50:00.000,16.1446
2025-08-16T15:51:00.000,16.1089
2025-08-16T15:52:00.000,16.0773
2025-08-16T15:53:00.000,16.0594
2025-08-16T15:54:00.000,16.0526
2025-08-16T15:55:00.000,16.0663
2025-08-16T15:56:00.000,16.0952
2025-08-16T15:57:00.000,16.1254
2025-08-16T15:58:00.000,16.1377
2025-08-16T15:59:00.000,16.1597
2025-08-16T16:00:00.000,16.1885
2025-08-16T16:01:00.000,16.2119
2025-08-16T16:02:00.000,16.2215
2025-08-16T16:03:00.000,16.2256
2025-08-16T16:04:00.000,16.2160
2025-08-16T16:05:00.000,16.1995
2025-08-16T16:06:00.000,16.1693
2025-08-16T16:07:00.000,16.1171
2025-08-16T16:08:00.000,16.0924
2025-08-16T16:09:00.000,16.0031
2025-08-16T16:10:00.000,15.9111
2025-08-16T16:11:00.000,15.8410
2025-08-16T16:12:00.000,15.7777
2025-08-16T16:13:00.000,15.7585
2025-08-16T16:14:00.000,15.7681
2025-08-16T16:15:00.000,15.7997
2025-08-16T16:16:00.000,15.7942
2025-08-16T16:17:00.000,15.8162
2025-08-16T16:18:00.000,15.8588
2025-08-16T16:19:00.000,15.8259
2025-08-16T16:20:00.000,15.7832
2025-08-16T16:21:00.000,15.7750
2025-08-16T16:22:00.000,15.7502
2025-08-16T16:23:00.000,15.7214
2025-08-16T16:24:00.000,15.7186
2025-08-16T16:25:00.000,15.6952
2025-08-16T16:26:00.000,15.6677
2025-08-16T16:27:00.000,15.6732
2025-08-16T16:28:00.000,15.6801
2025-08-16T16:29:00.000,15.6856
2025-08-16T16:30:00.000,15.6856
2025-08-16T16:31:00.000,15.6760
2025-08-16T16:32:00.000,15.6870
2025-08-16T16:33:00.000,15.6526
2025-08-16T16:34:00.000,15.6334
2025-08-16T16:35:00.000,15.6210
2025-08-16T16:36:00.000,15.6072
2025-08-16T16:37:00.000,15.6031
2025-08-16T16:38:00.000,15.5728
2025-08-16T16:39:00.000,15.5288
2025-08-16T16:40:00.000,15.4903
2025-08-16T16:41:00.000,15.4614
2025-08-16T16:42:00.000,15.4187
2025-08-16T16:43:00.000,15.3829
2025-08-16T16:44:00.000,15.4118
2025-08-16T16:45:00.000,15.4338
2025-08-16T16:46:00.000,15.4421
2025-08-16T16:47:00.000,15.4710
2025-08-16T16:48:00.000,15.4834
2025-08-16T16:49:00.000,15.4930
2025-08-16T16:50:00.000,15.5026
2025-08-16T16:51:00.000,15.5219
2025-08-16T16:52:00.000,15.5439
2025-08-16T16:53:00.000,15.5632
2025-08-16T16:54:00.000,15.5770
2025-08-16T16:55:00.000,15.5880
2025-08-16T16:56:00.000,15.5976
2025-08-16T16:57:00.000,15.6058
2025-08-16T16:58:00.000,15.6127
2025-08-16T16:59:00.000,15.6100
2025-08-16T17:00:00.000,15.6031
2025-08-16T17:01:00.000,15.5893
2025-08-16T17:02:00.000,15.5687
2025-08-16T17:03:00.000,15.5398
2025-08-16T17:04:00.000,15.5082
2025-08-16T17:05:00.000,15.4765
2025-08-16T17:06:00.000,15.4462
2025-08-16T17:07:00.000,15.4132
2025-08-16T17:08:00.000,15.3788
2025-08-16T17:09:00.000,15.3333
2025-08-16T17:10:00.000,15.2892
2025-08-16T17:11:00.000,15.2548
2025-08-16T17:12:00.000,15.2217
2025-08-16T17:13:00.000,15.1969
2025-08-16T17:14:00.000,15.1735
2025-08-16T17:15:00.000,15.1556
2025-08-16T17:16:00.000,15.1294
2025-08-16T17:17:00.000,15.1005
2025-08-16T17:18:00.000,15.0674
2025-08-16T17:19:00.000,15.0260
2025-08-16T17:20:00.000,14.9819
2025-08-16T17:21:00.000,14.9502
2025-08-16T17:22:00.000,14.9198
2025-08-16T17:23:00.000,14.8895
2025-08-16T17:24:00.000,14.8536
2025-08-16T17:25:00.000,14.8122
2025-08-16T17:26:00.000,14.7860
2025-08-16T17:27:00.000,14.7708
2025-08-16T17:28:00.000,14.7694
2025-08-16T17:29:00.000,14.7556
2025-08-16T17:30:00.000,14.7197
2025-08-16T17:31:00.000,14.6742
2025-08-16T17:32:00.000,14.6300
2025-08-16T17:33:00.000,14.5775
2025-08-16T17:34:00.000,14.5194
2025-08-16T17:35:00.000,14.4738
2025-08-16T17:36:00.000,14.4434
2025-08-16T17:37:00.000,14.4227
2025-08-16T17:38:00.000,14.4116
2025-08-16T17:39:00.000,14.4019
2025-08-16T17:40:00.000,14.3936
2025-08-16T17:41:00.000,14.3687
2025-08-16T17:42:00.000,14.3563
2025-08-16T17:43:00.000,14.3466
2025-08-16T17:44:00.000,14.3355
2025-08-16T17:45:00.000,14.3162
2025-08-16T17:46:00.000,14.2913
2025-08-16T17:47:00.000,14.2636
2025-08-16T17:48:00.000,14.2373
2025-08-16T17:49:00.000,14.2234
2025-08-16T17:50:00.000,14.2055
2025-08-16T17:51:00.000,14.1888
2025-08-16T17:52:00.000,14.1708
2025-08-16T17:53:00.000,14.1556
2025-08-16T17:54:00.000,14.1445
2025-08-16T17:55:00.000,14.1376
2025-08-16T17:56:00.000,14.1348
2025-08-16T17:57:00.000,14.1335
2025-08-16T17:58:00.000,14.1321
2025-08-16T17:59:00.000,14.1335
2025-08-16T18:00:00.000,14.1390
2025-08-16T18:01:00.000,14.1473
2025-08-16T18:02:00.000,14.1542
2025-08-16T18:03:00.000,14.1639
2025-08-16T18:04:00.000,14.1722
2025-08-16T18:05:00.000,14.1833
2025-08-16T18:06:00.000,14.1944
2025-08-16T18:07:00.000,14.2013
2025-08-16T18:08:00.000,14.2068
2025-08-16T18:09:00.000,14.2110
2025-08-16T18:10:00.000,14.2151
2025-08-16T18:11:00.000,14.2179
2025-08-16T18:12:00.000,14.2221
2025-08-16T18:13:00.000,14.2262
2025-08-16T18:14:00.000,14.2304
2025-08-16T18:15:00.000,14.2345
2025-08-16T18:16:00.000,14.2401
2025-08-16T18:17:00.000,14.2442
2025-08-16T18:18:00.000,14.2511
2025-08-16T18:19:00.000,14.2580
2025-08-16T18:20:00.000,14.2650
2025-08-16T18:21:00.000,14.2705
2025-08-16T18:22:00.000,14.2774
2025-08-16T18:23:00.000,14.2885
2025-08-16T18:24:00.000,14.2954
2025-08-16T18:25:00.000,14.3051
2025-08-16T18:26:00.000,14.3148
2025-08-16T18:27:00.000,14.3258
2025-08-16T18:28:00.000,14.3355
2025-08-16T18:29:00.000,14.3452
2025-08-16T18:30:00.000,14.3549
2025-08-16T18:31:00.000,14.3604
2025-08-16T18:32:00.000,14.3618
2025-08-16T18:33:00.000,14.3604
2025-08-16T18:34:00.000,14.3577
2025-08-16T18:35:00.000,14.3521
2025-08-16T18:36:00.000,14.3411
2025-08-16T18:37:00.000,14.3203
2025-08-16T18:38:00.000,14.3037
2025-08-16T18:39:00.000,14.2885
2025-08-16T18:40:00.000,14.2760
2025-08-16T18:41:00.000,14.2594
2025-08-16T18:42:00.000,14.2414
2025-08-16T18:43:00.000,14.2248
2025-08-16T18:44:00.000,14.2138
2025-08-16T18:45:00.000,14.2027
2025-08-16T18:46:00.000,14.1971
2025-08-16T18:47:00.000,14.1944
2025-08-16T18:48:00.000,14.1958
2025-08-16T18:49:00.000,14.1958
2025-08-16T18:50:00.000,14.1985
2025-08-16T18:51:00.000,14.1999
2025-08-16T18:52:00.000,14.2013
2025-08-16T18:53:00.000,14.2027
2025-08-16T18:54:00.000,14.2041
2025-08-16T18:55:00.000,14.2041
2025-08-16T18:56:00.000,14.2055
2025-08-16T18:57:00.000,14.2110
2025-08-16T18:58:00.000,14.2124
2025-08-16T18:59:00.000,14.2151
2025-08-16T19:00:00.000,14.2193
2025-08-16T19:01:00.000,14.2234
2025-08-16T19:02:00.000,14.2276
2025-08-16T19:03:00.000,14.2304
2025-08-16T19:04:00.000,14.2345
2025-08-16T19:05:00.000,14.2428
2025-08-16T19:06:00.000,14.2484
2025-08-16T19:07:00.000,14.2539
2025-08-16T19:08:00.000,14.2580
2025-08-16T19:09:00.000,14.2636
2025-08-16T19:10:00.000,14.2663
2025-08-16T19:11:00.000,14.2719
2025-08-16T19:12:00.000,14.2760
2025-08-16T19:13:00.000,14.2802
2025-08-16T19:14:00.000,14.2871
2025-08-16T19:15:00.000,14.2871
2025-08-16T19:16:00.000,14.2871
2025-08-16T19:17:00.000,14.2871
2025-08-16T19:18:00.000,14.2871
2025-08-16T19:19:00.000,14.2899
2025-08-16T19:20:00.000,14.2926
2025-08-16T19:21:00.000,14.2954
2025-08-16T19:22:00.000,14.2982
2025-08-16T19:23:00.000,14.2996
2025-08-16T19:24:00.000,14.3037
2025-08-16T19:25:00.000,14.3065
2025-08-16T19:26:00.000,14.3092
2025-08-16T19:27:00.000,14.3120
2025-08-16T19:28:00.000,14.3175
2025-08-16T19:29:00.000,14.3231
2025-08-16T19:30:00.000,14.3272
2025-08-16T19:31:00.000,14.3341
2025-08-16T19:32:00.000,14.3341
2025-08-16T19:33:00.000,14.3328
2025-08-16T19:34:00.000,14.3328
2025-08-16T19:35:00.000,14.3314
2025-08-16T19:36:00.000,14.3300
2025-08-16T19:37:00.000,14.3300
2025-08-16T19:38:00.000,14.3300
2025-08-16T19:39:00.000,14.3300
2025-08-16T19:40:00.000,14.3286
2025-08-16T19:41:00.000,14.3272
2025-08-16T19:42:00.000,14.3245
2025-08-16T19:43:00.000,14.3203
2025-08-16T19:44:00.000,14.3148
2025-08-16T19:45:00.000,14.3092
2025-08-16T19:46:00.000,14.3037
2025-08-16T19:47:00.000,14.2996
2025-08-16T19:48:00.000,14.2982
2025-08-16T19:49:00.000,14.2871
2025-08-16T19:50:00.000,14.2677
2025-08-16T19:51:00.000,14.2497
2025-08-16T19:52:00.000,14.2304
2025-08-16T19:53:00.000,14.2151
2025-08-16T19:54:00.000,14.2013
2025-08-16T19:55:00.000,14.1847
2025-08-16T19:56:00.000,14.1681
2025-08-16T19:57:00.000,14.1528
2025-08-16T19:58:00.000,14.1418
2025-08-16T19:59:00.000,14.1307
2025-08-16T20:00:00.000,14.1224
2025-08-16T20:01:00.000,14.1155
2025-08-16T20:02:00.000,14.1085
2025-08-16T20:03:00.000,14.1044
2025-08-16T20:04:00.000,14.1002
2025-08-16T20:05:00.000,14.1002
2025-08-16T20:06:00.000,14.0961
2025-08-16T20:07:00.000,14.0919
2025-08-16T20:08:00.000,14.0878
2025-08-16T20:09:00.000,14.0836
2025-08-16T20:10:00.000,14.0822
2025-08-16T20:11:00.000,14.0794
2025-08-16T20:12:00.000,14.0781
2025-08-16T20:13:00.000,14.0767
2025-08-16T20:14:00.000,14.0767
2025-08-16T20:15:00.000,14.0767
2025-08-16T20:16:00.000,14.0794
2025-08-16T20:17:00.000,14.0836
2025-08-16T20:18:00.000,14.0878
2025-08-16T20:19:00.000,14.0919
2025-08-16T20:20:00.000,14.0975
2025-08-16T20:21:00.000,14.1016
2025-08-16T20:22:00.000,14.1113
2025-08-16T20:23:00.000,14.1155
2025-08-16T20:24:00.000,14.1196
2025-08-16T20:25:00.000,14.1238
2025-08-16T20:26:00.000,14.1265
2025-08-16T20:27:00.000,14.1321
2025-08-16T20:28:00.000,14.1390
2025-08-16T20:29:00.000,14.1459
2025-08-16T20:30:00.000,14.1528
2025-08-16T20:31:00.000,14.1584
2025-08-16T20:32:00.000,14.1639
2025-08-16T20:33:00.000,14.1681
2025-08-16T20:34:00.000,14.1722
2025-08-16T20:35:00.000,14.1750
2025-08-16T20:36:00.000,14.1792
2025-08-16T20:37:00.000,14.1833
2025-08-16T20:38:00.000,14.1888
2025-08-16T20:39:00.000,14.1944
2025-08-16T20:40:00.000,14.2041
2025-08-16T20:41:00.000,14.2110
2025-08-16T20:42:00.000,14.2179
2025-08-16T20:43:00.000,14.2276
2025-08-16T20:44:00.000,14.2359
2025-08-16T20:45:00.000,14.2414
2025-08-16T20:46:00.000,14.2456
2025-08-16T20:47:00.000,14.2484
2025-08-16T20:48:00.000,14.2539
2025-08-16T20:49:00.000,14.2622
2025-08-16T20:50:00.000,14.2719
2025-08-16T20:51:00.000,14.2802
2025-08-16T20:52:00.000,14.2871
2025-08-16T20:53:00.000,14.2913
2025-08-16T20:54:00.000,14.2968
2025-08-16T20:55:00.000,14.3023
2025-08-16T20:56:00.000,14.3092
2025-08-16T20:57:00.000,14.3189
2025-08-16T20:58:00.000,14.3231
2025-08-16T20:59:00.000,14.3300
2025-08-16T21:00:00.000,14.3369
2025-08-16T21:01:00.000,14.3411
2025-08-16T21:02:00.000,14.3438
2025-08-16T21:03:00.000,14.3480
2025-08-16T21:04:00.000,14.3535
2025-08-16T21:05:00.000,14.3535
2025-08-16T21:06:00.000,14.3549
2025-08-16T21:07:00.000,14.3535
2025-08-16T21:08:00.000,14.3507
2025-08-16T21:09:00.000,14.3466
2025-08-16T21:10:00.000,14.3424
2025-08-16T21:11:00.000,14.3383
2025-08-16T21:12:00.000,14.3341
2025-08-16T21:13:00.000,14.3328
2025-08-16T21:14:00.000,14.3383
2025-08-16T21:15:00.000,14.3452
2025-08-16T21:16:00.000,14.3577
2025-08-16T21:17:00.000,14.3660
2025-08-16T21:18:00.000,14.3715
2025-08-16T21:19:00.000,14.3756
2025-08-16T21:20:00.000,14.3812
2025-08-16T21:21:00.000,14.3839
2025-08-16T21:22:00.000,14.3867
2025-08-16T21:23:00.000,14.3922
2025-08-16T21:24:00.000,14.4019
2025-08-16T21:25:00.000,14.4157
2025-08-16T21:26:00.000,14.4310
2025-08-16T21:27:00.000,14.4434
2025-08-16T21:28:00.000,14.4545
2025-08-16T21:29:00.000,14.4627
2025-08-16T21:30:00.000,14.4683
2025-08-16T21:31:00.000,14.4780
2025-08-16T21:32:00.000,14.4890
2025-08-16T21:33:00.000,14.5139
2025-08-16T21:34:00.000,14.5346
2025-08-16T21:35:00.000,14.5498
2025-08-16T21:36:00.000,14.5623
2025-08-16T21:37:00.000,14.5692
2025-08-16T21:38:00.000,14.5733
2025-08-16T21:39:00.000,14.5733
2025-08-16T21:40:00.000,14.5747
2025-08-16T21:41:00.000,14.5775
2025-08-16T21:42:00.000,14.5802
2025-08-16T21:43:00.000,14.5802
2025-08-16T21:44:00.000,14.5719
2025-08-16T21:45:00.000,14.5636
2025-08-16T21:46:00.000,14.5581
2025-08-16T21:47:00.000,14.5540
2025-08-16T21:48:00.000,14.5526
2025-08-16T21:49:00.000,14.5484
2025-08-16T21:50:00.000,14.5484
2025-08-16T21:51:00.000,14.5484
2025-08-16T21:52:00.000,14.5471
2025-08-16T21:53:00.000,14.5457
2025-08-16T21:54:00.000,14.5415
2025-08-16T21:55:00.000,14.5360
2025-08-16T21:56:00.000,14.5319
2025-08-16T21:57:00.000,14.5263
2025-08-16T21:58:00.000,14.5236
2025-08-16T21:59:00.000,14.5236
2025-08-16T22:00:00.000,14.5222
2025-08-16T22:01:00.000,14.5208
2025-08-16T22:02:00.000,14.5180
2025-08-16T22:03:00.000,14.5208
2025-08-16T22:04:00.000,14.5319
2025-08-16T22:05:00.000,14.5484
2025-08-16T22:06:00.000,14.5664
2025-08-16T22:07:00.000,14.5857
2025-08-16T22:08:00.000,14.6065
2025-08-16T22:09:00.000,14.6258
2025-08-16T22:10:00.000,14.6451
2025-08-16T22:11:00.000,14.6603
2025-08-16T22:12:00.000,14.6755
2025-08-16T22:13:00.000,14.6907
2025-08-16T22:14:00.000,14.6976
2025-08-16T22:15:00.000,14.7004
2025-08-16T22:16:00.000,14.7032
2025-08-16T22:17:00.000,14.7073
2025-08-16T22:18:00.000,14.7087
2025-08-16T22:19:00.000,14.7128
2025-08-16T22:20:00.000,14.7156
2025-08-16T22:21:00.000,14.7225
2025-08-16T22:22:00.000,14.7321
2025-08-16T22:23:00.000,14.7363
2025-08-16T22:24:00.000,14.7404
2025-08-16T22:25:00.000,14.7418
2025-08-16T22:26:00.000,14.7432
2025-08-16T22:27:00.000,14.7446
2025-08-16T22:28:00.000,14.7460
2025-08-16T22:29:00.000,14.7487
2025-08-16T22:30:00.000,14.7515
2025-08-16T22:31:00.000,14.7542
2025-08-16T22:32:00.000,14.7584
2025-08-16T22:33:00.000,14.7625
2025-08-16T22:34:00.000,14.7653
2025-08-16T22:35:00.000,14.7694
2025-08-16T22:36:00.000,14.7722
2025-08-16T22:37:00.000,14.7763
2025-08-16T22:38:00.000,14.7791
2025-08-16T22:39:00.000,14.7860
2025-08-16T22:40:00.000,14.7887
2025-08-16T22:41:00.000,14.7929
2025-08-16T22:42:00.000,14.7956
2025-08-16T22:43:00.000,14.8012
2025-08-16T22:44:00.000,14.8081
2025-08-16T22:45:00.000,14.8150
2025-08-16T22:46:00.000,14.8219
2025-08-16T22:47:00.000,14.8329
2025-08-16T22:48:00.000,14.8481
2025-08-16T22:49:00.000,14.8619
2025-08-16T22:50:00.000,14.8729
2025-08-16T22:51:00.000,14.8853
2025-08-16T22:52:00.000,14.8950
2025-08-16T22:53:00.000,14.9047
2025-08-16T22:54:00.000,14.9157
2025-08-16T22:55:00.000,14.9281
2025-08-16T22:56:00.000,14.9460
2025-08-16T22:57:00.000,14.9598
2025-08-16T22:58:00.000,14.9709
2025-08-16T22:59:00.000,14.9791
2025-08-16T23:00:00.000,14.9860
2025-08-16T23:01:00.000,14.9916
2025-08-16T23:02:00.000,14.9929
2025-08-16T23:03:00.000,14.9916
2025-08-16T23:04:00.000,14.9888
2025-08-16T23:05:00.000,14.9805
2025-08-16T23:06:00.000,14.9736
2025-08-16T23:07:00.000,14.9681
2025-08-16T23:08:00.000,14.9598
2025-08-16T23:09:00.000,14.9405
2025-08-16T23:10:00.000,14.9212
2025-08-16T23:11:00.000,14.8881
2025-08-16T23:12:00.000,14.8329
2025-08-16T23:13:00.000,14.7777
2025-08-16T23:14:00.000,14.7170
2025-08-16T23:15:00.000,14.6686
2025-08-16T23:16:00.000,14.6217
2025-08-16T23:17:00.000,14.5775
2025-08-16T23:18:00.000,14.5402
2025-08-16T23:19:00.000,14.5070
2025-08-16T23:20:00.000,14.4835
2025-08-16T23:21:00.000,14.4655
2025-08-16T23:22:00.000,14.4489
2025-08-16T23:23:00.000,14.4379
2025-08-16T23:24:00.000,14.4310
2025-08-16T23:25:00.000,14.4254
2025-08-16T23:26:00.000,14.4227
2025-08-16T23:27:00.000,14.4199
2025-08-16T23:28:00.000,14.4185
2025-08-16T23:29:00.000,14.4199
2025-08-16T23:30:00.000,14.4171
2025-08-16T23:31:00.000,14.4116
2025-08-16T23:32:00.000,14.4074
2025-08-16T23:33:00.000,14.4033
2025-08-16T23:34:00.000,14.4005
2025-08-16T23:35:00.000,14.3991
2025-08-16T23:36:00.000,14.3991
2025-08-16T23:37:00.000,14.4033
2025-08-16T23:38:00.000,14.4074
2025-08-16T23:39:00.000,14.4116
2025-08-16T23:40:00.000,14.4144
2025-08-16T23:41:00.000,14.4171
2025-08-16T23:42:00.000,14.4199
2025-08-16T23:43:00.000,14.4240
2025-08-16T23:44:00.000,14.4268
2025-08-16T23:45:00.000,14.4296
2025-08-16T23:46:00.000,14.4296
2025-08-16T23:47:00.000,14.4323
2025-08-16T23:48:00.000,14.4282
2025-08-16T23:49:00.000,14.4240
2025-08-16T23:50:00.000,14.4171
2025-08-16T23:51:00.000,14.4061
2025-08-16T23:52:00.000,14.3950
2025-08-16T23:53:00.000,14.3839
2025-08-16T23:54:00.000,14.3729
2025-08-16T23:55:00.000,14.3618
2025-08-16T23:56:00.000,14.3494
2025-08-16T23:57:00.000,14.3397
2025-08-16T23:58:00.000,14.3300
2025-08-16T23:59:00.000,14.3217
2025-08-17T00:00:00.000,14.3134
2025-08-17T00:01:00.000,14.3065
2025-08-17T00:02:00.000,14.3009
2025-08-17T00:03:00.000,14.2968
2025-08-17T00:04:00.000,14.2954
2025-08-17T00:05:00.000,14.2899
2025-08-17T00:06:00.000,14.2843
2025-08-17T00:07:00.000,14.2788
2025-08-17T00:08:00.000,14.2747
2025-08-17T00:09:00.000,14.2705
2025-08-17T00:10:00.000,14.2650
2025-08-17T00:11:00.000,14.2580
2025-08-17T00:12:00.000,14.2511
2025-08-17T00:13:00.000,14.2470
2025-08-17T00:14:00.000,14.2428
2025-08-17T00:15:00.000,14.2401
2025-08-17T00:16:00.000,14.2387
2025-08-17T00:17:00.000,14.2359
2025-08-17T00:18:00.000,14.2345
2025-08-17T00:19:00.000,14.2331
2025-08-17T00:20:00.000,14.2331
2025-08-17T00:21:00.000,14.2373
2025-08-17T00:22:00.000,14.2373
2025-08-17T00:23:00.000,14.2387
2025-08-17T00:24:00.000,14.2401
2025-08-17T00:25:00.000,14.2414
2025-08-17T00:26:00.000,14.2428
2025-08-17T00:27:00.000,14.2456
2025-08-17T00:28:00.000,14.2470
2025-08-17T00:29:00.000,14.2497
2025-08-17T00:30:00.000,14.2539
2025-08-17T00:31:00.000,14.2594
2025-08-17T00:32:00.000,14.2663
2025-08-17T00:33:00.000,14.2733
2025-08-17T00:34:00.000,14.2816
2025-08-17T00:35:00.000,14.2885
2025-08-17T00:36:00.000,14.2940
2025-08-17T00:37:00.000,14.2968
2025-08-17T00:38:00.000,14.3037
2025-08-17T00:39:00.000,14.3037
2025-08-17T00:40:00.000,14.3037
2025-08-17T00:41:00.000,14.3037
2025-08-17T00:42:00.000,14.2996
2025-08-17T00:43:00.000,14.2954
2025-08-17T00:44:00.000,14.2926
2025-08-17T00:45:00.000,14.2857
2025-08-17T00:46:00.000,14.2816
2025-08-17T00:47:00.000,14.2788
2025-08-17T00:48:00.000,14.2774
2025-08-17T00:49:00.000,14.2747
2025-08-17T00:50:00.000,14.2719
2025-08-17T00:51:00.000,14.2705
2025-08-17T00:52:00.000,14.2650
2025-08-17T00:53:00.000,14.2594
2025-08-17T00:54:00.000,14.2553
2025-08-17T00:55:00.000,14.2497
2025-08-17T00:56:00.000,14.2428
2025-08-17T00:57:00.000,14.2401
2025-08-17T00:58:00.000,14.2387
2025-08-17T00:59:00.000,14.2387
2025-08-17T01:00:00.000,14.2387
2025-08-17T01:01:00.000,14.2414
2025-08-17T01:02:00.000,14.2442
2025-08-17T01:03:00.000,14.2497
2025-08-17T01:04:00.000,14.2580
2025-08-17T01:05:00.000,14.2663
2025-08-17T01:06:00.000,14.2747
2025-08-17T01:07:00.000,14.2871
2025-08-17T01:08:00.000,14.3023
2025-08-17T01:09:00.000,14.3189
2025-08-17T01:10:00.000,14.3355
2025-08-17T01:11:00.000,14.3563
2025-08-17T01:12:00.000,14.3826
2025-08-17T01:13:00.000,14.4033
2025-08-17T01:14:00.000,14.4240
2025-08-17T01:15:00.000,14.4503
2025-08-17T01:16:00.000,14.4766
2025-08-17T01:17:00.000,14.5097
2025-08-17T01:18:00.000,14.5429
2025-08-17T01:19:00.000,14.5844
2025-08-17T01:20:00.000,14.6258
2025-08-17T01:21:00.000,14.6672
2025-08-17T01:22:00.000,14.7101
2025-08-17T01:23:00.000,14.7570
2025-08-17T01:24:00.000,14.8081
2025-08-17T01:25:00.000,14.8591
2025-08-17T01:26:00.000,14.9116
2025-08-17T01:27:00.000,14.9626
2025-08-17T01:28:00.000,15.0067
2025-08-17T01:29:00.000,15.0536
2025-08-17T01:30:00.000,15.0908
2025-08-17T01:31:00.000,15.1253
2025-08-17T01:32:00.000,15.1529
2025-08-17T01:33:00.000,15.1749
2025-08-17T01:34:00.000,15.1942
2025-08-17T01:35:00.000,15.2121
2025-08-17T01:36:00.000,15.2314
2025-08-17T01:37:00.000,15.2479
2025-08-17T01:38:00.000,15.2617
2025-08-17T01:39:00.000,15.2741
2025-08-17T01:40:00.000,15.2837
2025-08-17T01:41:00.000,15.2961
2025-08-17T01:42:00.000,15.3072
2025-08-17T01:43:00.000,15.3195
2025-08-17T01:44:00.000,15.3319
2025-08-17T01:45:00.000,15.3430
2025-08-17T01:46:00.000,15.3567
2025-08-17T01:47:00.000,15.3677
2025-08-17T01:48:00.000,15.3801
2025-08-17T01:49:00.000,15.3925
2025-08-17T01:50:00.000,15.4035
2025-08-17T01:51:00.000,15.4118
2025-08-17T01:52:00.000,15.4201
2025-08-17T01:53:00.000,15.4283
2025-08-17T01:54:00.000,15.4352
2025-08-17T01:55:00.000,15.4435
2025-08-17T01:56:00.000,15.4503
2025-08-17T01:57:00.000,15.4586
2025-08-17T01:58:00.000,15.4655
2025-08-17T01:59:00.000,15.4737
2025-08-17T02:00:00.000,15.4820
2025-08-17T02:01:00.000,15.4916
2025-08-17T02:02:00.000,15.5040
2025-08-17T02:03:00.000,15.5205
2025-08-17T02:04:00.000,15.5315
2025-08-17T02:05:00.000,15.5398
2025-08-17T02:06:00.000,15.5467
2025-08-17T02:07:00.000,15.5536
2025-08-17T02:08:00.000,15.5632
2025-08-17T02:09:00.000,15.5756
2025-08-17T02:10:00.000,15.5893
2025-08-17T02:11:00.000,15.6072
2025-08-17T02:12:00.000,15.6265
2025-08-17T02:13:00.000,15.6416
2025-08-17T02:14:00.000,15.6567
2025-08-17T02:15:00.000,15.6719
2025-08-17T02:16:00.000,15.6842
2025-08-17T02:17:00.000,15.6939
2025-08-17T02:18:00.000,15.6980
2025-08-17T02:19:00.000,15.7021
2025-08-17T02:20:00.000,15.7090
2025-08-17T02:21:00.000,15.7090
2025-08-17T02:22:00.000,15.7104
2025-08-17T02:23:00.000,15.7104
2025-08-17T02:24:00.000,15.7117
2025-08-17T02:25:00.000,15.7159
2025-08-17T02:26:00.000,15.7186
2025-08-17T02:27:00.000,15.7186
2025-08-17T02:28:00.000,15.7214
2025-08-17T02:29:00.000,15.7241
2025-08-17T02:30:00.000,15.7255
2025-08-17T02:31:00.000,15.7282
2025-08-17T02:32:00.000,15.7296
2025-08-17T02:33:00.000,15.7324
2025-08-17T02:34:00.000,15.7351
2025-08-17T02:35:00.000,15.7365
2025-08-17T02:36:00.000,15.7392
2025-08-17T02:37:00.000,15.7447
2025-08-17T02:38:00.000,15.7475
2025-08-17T02:39:00.000,15.7502
2025-08-17T02:40:00.000,15.7516
2025-08-17T02:41:00.000,15.7530
2025-08-17T02:42:00.000,15.7516
2025-08-17T02:43:00.000,15.7489
2025-08-17T02:44:00.000,15.7461
2025-08-17T02:45:00.000,15.7406
2025-08-17T02:46:00.000,15.7365
2025-08-17T02:47:00.000,15.7324
2025-08-17T02:48:00.000,15.7296
2025-08-17T02:49:00.000,15.7255
2025-08-17T02:50:00.000,15.7241
2025-08-17T02:51:00.000,15.7227
2025-08-17T02:52:00.000,15.7200
2025-08-17T02:53:00.000,15.7159
2025-08-17T02:54:00.000,15.7200
2025-08-17T02:55:00.000,15.7131
2025-08-17T02:56:00.000,15.7104
2025-08-17T02:57:00.000,15.7049
2025-08-17T02:58:00.000,15.6994
2025-08-17T02:59:00.000,15.6952
2025-08-17T03:00:00.000,15.6939
2025-08-17T03:01:00.000,15.6911
2025-08-17T03:02:00.000,15.6856
2025-08-17T03:03:00.000,15.6787
2025-08-17T03:04:00.000,15.6705
2025-08-17T03:05:00.000,15.6650
2025-08-17T03:06:00.000,15.6609
2025-08-17T03:07:00.000,15.6581
2025-08-17T03:08:00.000,15.6567
2025-08-17T03:09:00.000,15.6567
2025-08-17T03:10:00.000,15.6540
2025-08-17T03:11:00.000,15.6554
2025-08-17T03:12:00.000,15.6512
2025-08-17T03:13:00.000,15.6471
2025-08-17T03:14:00.000,15.6416
2025-08-17T03:15:00.000,15.6334
2025-08-17T03:16:00.000,15.6265
2025-08-17T03:17:00.000,15.6182
2025-08-17T03:18:00.000,15.6100
2025-08-17T03:19:00.000,15.5976
2025-08-17T03:20:00.000,15.5921
2025-08-17T03:21:00.000,15.5866
2025-08-17T03:22:00.000,15.5811
2025-08-17T03:23:00.000,15.5770
2025-08-17T03:24:00.000,15.5701
2025-08-17T03:25:00.000,15.5632
2025-08-17T03:26:00.000,15.5632
2025-08-17T03:27:00.000,15.5646
2025-08-17T03:28:00.000,15.5687
2025-08-17T03:29:00.000,15.5714
2025-08-17T03:30:00.000,15.5770
2025-08-17T03:31:00.000,15.5797
2025-08-17T03:32:00.000,15.5825
2025-08-17T03:33:00.000,15.5825
2025-08-17T03:34:00.000,15.5825
2025-08-17T03:35:00.000,15.5825
2025-08-17T03:36:00.000,15.5811
2025-08-17T03:37:00.000,15.5797
2025-08-17T03:38:00.000,15.5770
2025-08-17T03:39:00.000,15.5728
2025-08-17T03:40:00.000,15.5687
2025-08-17T03:41:00.000,15.5604
2025-08-17T03:42:00.000,15.5508
2025-08-17T03:43:00.000,15.5439
2025-08-17T03:44:00.000,15.5398
2025-08-17T03:45:00.000,15.5398
2025-08-17T03:46:00.000,15.5370
2025-08-17T03:47:00.000,15.5357
2025-08-17T03:48:00.000,15.5329
2025-08-17T03:49:00.000,15.5260
2025-08-17T03:50:00.000,15.5164
2025-08-17T03:51:00.000,15.5068
2025-08-17T03:52:00.000,15.4916
2025-08-17T03:53:00.000,15.4765
2025-08-17T03:54:00.000,15.4586
2025-08-17T03:55:00.000,15.4283
2025-08-17T03:56:00.000,15.3884
2025-08-17T03:57:00.000,15.3416
2025-08-17T03:58:00.000,15.2948
2025-08-17T03:59:00.000,15.2397
2025-08-17T04:00:00.000,15.1680
2025-08-17T04:01:00.000,15.0702
2025-08-17T04:02:00.000,14.9833
2025-08-17T04:03:00.000,14.8936
2025-08-17T04:04:00.000,14.8108
2025-08-17T04:05:00.000,14.7598
2025-08-17T04:06:00.000,14.7211
2025-08-17T04:07:00.000,14.6755
2025-08-17T04:08:00.000,14.6189
2025-08-17T04:09:00.000,14.5636
2025-08-17T04:10:00.000,14.5028
2025-08-17T04:11:00.000,14.4531
2025-08-17T04:12:00.000,14.4130
2025-08-17T04:13:00.000,14.3991
2025-08-17T04:14:00.000,14.3936
2025-08-17T04:15:00.000,14.3867
2025-08-17T04:16:00.000,14.3812
2025-08-17T04:17:00.000,14.3660
2025-08-17T04:18:00.000,14.3535
2025-08-17T04:19:00.000,14.3466
2025-08-17T04:20:00.000,14.3397
2025-08-17T04:21:00.000,14.3300
2025-08-17T04:22:00.000,14.3106
2025-08-17T04:23:00.000,14.2760
2025-08-17T04:24:00.000,14.2511
2025-08-17T04:25:00.000,14.2318
2025-08-17T04:26:00.000,14.2221
2025-08-17T04:27:00.000,14.2041
2025-08-17T04:28:00.000,14.1778
2025-08-17T04:29:00.000,14.1667
2025-08-17T04:30:00.000,14.1612
2025-08-17T04:31:00.000,14.1584
2025-08-17T04:32:00.000,14.1515
2025-08-17T04:33:00.000,14.1404
2025-08-17T04:34:00.000,14.1348
2025-08-17T04:35:00.000,14.1307
2025-08-17T04:36:00.000,14.1293
2025-08-17T04:37:00.000,14.1196
2025-08-17T04:38:00.000,14.1044
2025-08-17T04:39:00.000,14.0878
2025-08-17T04:40:00.000,14.0725
2025-08-17T04:41:00.000,14.0559
2025-08-17T04:42:00.000,14.0379
2025-08-17T04:43:00.000,14.0296
2025-08-17T04:44:00.000,14.0268
2025-08-17T04:45:00.000,14.0254
2025-08-17T04:46:00.000,14.0213
2025-08-17T04:47:00.000,14.0199
2025-08-17T04:48:00.000,14.0129
2025-08-17T04:49:00.000,14.0088
2025-08-17T04:50:00.000,14.0060
2025-08-17T04:51:00.000,14.0046
2025-08-17T04:52:00.000,14.0046
2025-08-17T04:53:00.000,14.0088
2025-08-17T04:54:00.000,14.0074
2025-08-17T04:55:00.000,14.0032
2025-08-17T04:56:00.000,13.9991
2025-08-17T04:57:00.000,13.9963
2025-08-17T04:58:00.000,13.9949
2025-08-17T04:59:00.000,13.9935
2025-08-17T05:00:00.000,13.9908
2025-08-17T05:01:00.000,13.9852
2025-08-17T05:02:00.000,13.9811
2025-08-17T05:03:00.000,13.9797
2025-08-17T05:04:00.000,13.9783
2025-08-17T05:05:00.000,13.9769
2025-08-17T05:06:00.000,13.9728
2025-08-17T05:07:00.000,13.9728
2025-08-17T05:08:00.000,13.9755
2025-08-17T05:09:00.000,13.9797
2025-08-17T05:10:00.000,13.9880
2025-08-17T05:11:00.000,13.9908
2025-08-17T05:12:00.000,13.9949
2025-08-17T05:13:00.000,13.9991
2025-08-17T05:14:00.000,14.0005
2025-08-17T05:15:00.000,14.0032
2025-08-17T05:16:00.000,14.0046
2025-08-17T05:17:00.000,14.0074
2025-08-17T05:18:00.000,14.0088
2025-08-17T05:19:00.000,14.0129
2025-08-17T05:20:00.000,14.0213
2025-08-17T05:21:00.000,14.0296
2025-08-17T05:22:00.000,14.0323
2025-08-17T05:23:00.000,14.0310
2025-08-17T05:24:00.000,14.0282
2025-08-17T05:25:00.000,14.0226
2025-08-17T05:26:00.000,14.0171
2025-08-17T05:27:00.000,14.0171
2025-08-17T05:28:00.000,14.0129
2025-08-17T05:29:00.000,14.0088
2025-08-17T05:30:00.000,14.0032
2025-08-17T05:31:00.000,13.9991
2025-08-17T05:32:00.000,13.9949
2025-08-17T05:33:00.000,13.9922
2025-08-17T05:34:00.000,13.9880
2025-08-17T05:35:00.000,13.9811
2025-08-17T05:36:00.000,13.9769
2025-08-17T05:37:00.000,13.9686
2025-08-17T05:38:00.000,13.9603
2025-08-17T05:39:00.000,13.9520
2025-08-17T05:40:00.000,13.9409
2025-08-17T05:41:00.000,13.9298
2025-08-17T05:42:00.000,13.9215
2025-08-17T05:43:00.000,13.9159
2025-08-17T05:44:00.000,13.9145
2025-08-17T05:45:00.000,13.9187
2025-08-17T05:46:00.000,13.9187
2025-08-17T05:47:00.000,13.9229
2025-08-17T05:48:00.000,13.9256
2025-08-17T05:49:00.000,13.9298
2025-08-17T05:50:00.000,13.9312
2025-08-17T05:51:00.000,13.9353
2025-08-17T05:52:00.000,13.9395
2025-08-17T05:53:00.000,13.9409
2025-08-17T05:54:00.000,13.9409
2025-08-17T05:55:00.000,13.9381
2025-08-17T05:56:00.000,13.9340
2025-08-17T05:57:00.000,13.9326
2025-08-17T05:58:00.000,13.9312
2025-08-17T05:59:00.000,13.9270
2025-08-17T06:00:00.000,13.9201
2025-08-17T06:01:00.000,13.9076
2025-08-17T06:02:00.000,13.9048
2025-08-17T06:03:00.000,13.9021
2025-08-17T06:04:00.000,13.8979
2025-08-17T06:05:00.000,13.8979
2025-08-17T06:06:00.000,13.9048
2025-08-17T06:07:00.000,13.9104
2025-08-17T06:08:00.000,13.9159
2025-08-17T06:09:00.000,13.9215
2025-08-17T06:10:00.000,13.9270
2025-08-17T06:11:00.000,13.9353
2025-08-17T06:12:00.000,13.9423
2025-08-17T06:13:00.000,13.9478
2025-08-17T06:14:00.000,13.9520
2025-08-17T06:15:00.000,13.9575
2025-08-17T06:16:00.000,13.9617
2025-08-17T06:17:00.000,13.9644
2025-08-17T06:18:00.000,13.9631
2025-08-17T06:19:00.000,13.9644
2025-08-17T06:20:00.000,13.9561
2025-08-17T06:21:00.000,13.9464
2025-08-17T06:22:00.000,13.9367
2025-08-17T06:23:00.000,13.9312
2025-08-17T06:24:00.000,13.9256
2025-08-17T06:25:00.000,13.9229
2025-08-17T06:26:00.000,13.9229
2025-08-17T06:27:00.000,13.9270
2025-08-17T06:28:00.000,13.9312
2025-08-17T06:29:00.000,13.9395
2025-08-17T06:30:00.000,13.9492
2025-08-17T06:31:00.000,13.9547
2025-08-17T06:32:00.000,13.9547
2025-08-17T06:33:00.000,13.9520
2025-08-17T06:34:00.000,13.9492
2025-08-17T06:35:00.000,13.9464
2025-08-17T06:36:00.000,13.9464
2025-08-17T06:37:00.000,13.9409
2025-08-17T06:38:00.000,13.9381
2025-08-17T06:39:00.000,13.9381
2025-08-17T06:40:00.000,13.9437
2025-08-17T06:41:00.000,13.9506
2025-08-17T06:42:00.000,13.9589
2025-08-17T06:43:00.000,13.9700
2025-08-17T06:44:00.000,13.9825
2025-08-17T06:45:00.000,13.9949
2025-08-17T06:46:00.000,14.0074
2025-08-17T06:47:00.000,14.0185
2025-08-17T06:48:00.000,14.0282
2025-08-17T06:49:00.000,14.0365
2025-08-17T06:50:00.000,14.0462
2025-08-17T06:51:00.000,14.0545
2025-08-17T06:52:00.000,14.0628
2025-08-17T06:53:00.000,14.0753
2025-08-17T06:54:00.000,14.0836
2025-08-17T06:55:00.000,14.0919
2025-08-17T06:56:00.000,14.0975
2025-08-17T06:57:00.000,14.1044
2025-08-17T06:58:00.000,14.1099
2025-08-17T06:59:00.000,14.1155
2025-08-17T07:00:00.000,14.1168
2025-08-17T07:01:00.000,14.1182
2025-08-17T07:02:00.000,14.1155
2025-08-17T07:03:00.000,14.1155
2025-08-17T07:04:00.000,14.1182
2025-08-17T07:05:00.000,14.1224
2025-08-17T07:06:00.000,14.1265
2025-08-17T07:07:00.000,14.1335
2025-08-17T07:08:00.000,14.1445
2025-08-17T07:09:00.000,14.1570
2025-08-17T07:10:00.000,14.1708
2025-08-17T07:11:00.000,14.1778
2025-08-17T07:12:00.000,14.1847
2025-08-17T07:13:00.000,14.1902
2025-08-17T07:14:00.000,14.1958
2025-08-17T07:15:00.000,14.1985
2025-08-17T07:16:00.000,14.2055
2025-08-17T07:17:00.000,14.2165
2025-08-17T07:18:00.000,14.2262
2025-08-17T07:19:00.000,14.2359
2025-08-17T07:20:00.000,14.2470
2025-08-17T07:21:00.000,14.2580
2025-08-17T07:22:00.000,14.2677
2025-08-17T07:23:00.000,14.2774
2025-08-17T07:24:00.000,14.2871
2025-08-17T07:25:00.000,14.2968
2025-08-17T07:26:00.000,14.3065
2025-08-17T07:27:00.000,14.3217
2025-08-17T07:28:00.000,14.3286
2025-08-17T07:29:00.000,14.3397
2025-08-17T07:30:00.000,14.3549
2025-08-17T07:31:00.000,14.3715
2025-08-17T07:32:00.000,14.3881
2025-08-17T07:33:00.000,14.3964
2025-08-17T07:34:00.000,14.3964
2025-08-17T07:35:00.000,14.3853
2025-08-17T07:36:00.000,14.3853
2025-08-17T07:37:00.000,14.3867
2025-08-17T07:38:00.000,14.3978
2025-08-17T07:39:00.000,14.4144
2025-08-17T07:40:00.000,14.4337
2025-08-17T07:41:00.000,14.4572
2025-08-17T07:42:00.000,14.4849
2025-08-17T07:43:00.000,14.5111
2025-08-17T07:44:00.000,14.5415
2025-08-17T07:45:00.000,14.5609
2025-08-17T07:46:00.000,14.5844
2025-08-17T07:47:00.000,14.5982
2025-08-17T07:48:00.000,14.6037
2025-08-17T07:49:00.000,14.6120
2025-08-17T07:50:00.000,14.6189
2025-08-17T07:51:00.000,14.6300
2025-08-17T07:52:00.000,14.6507
2025-08-17T07:53:00.000,14.6755
2025-08-17T07:54:00.000,14.7018
2025-08-17T07:55:00.000,14.7294
2025-08-17T07:56:00.000,14.7584
2025-08-17T07:57:00.000,14.7887
2025-08-17T07:58:00.000,14.8136
2025-08-17T07:59:00.000,14.8315
2025-08-17T08:00:00.000,14.8591
2025-08-17T08:01:00.000,14.8991
2025-08-17T08:02:00.000,14.9447
2025-08-17T08:03:00.000,14.9916
2025-08-17T08:04:00.000,15.0315
2025-08-17T08:05:00.000,15.0467
2025-08-17T08:06:00.000,15.0770
2025-08-17T08:07:00.000,15.1046
2025-08-17T08:08:00.000,15.1294
2025-08-17T08:09:00.000,15.1611
2025-08-17T08:10:00.000,15.1887
2025-08-17T08:11:00.000,15.2176
2025-08-17T08:12:00.000,15.2493
2025-08-17T08:13:00.000,15.2713
2025-08-17T08:14:00.000,15.2906
2025-08-17T08:15:00.000,15.3140
2025-08-17T08:16:00.000,15.3375
2025-08-17T08:17:00.000,15.3719
2025-08-17T08:18:00.000,15.4242
2025-08-17T08:19:00.000,15.4586
2025-08-17T08:20:00.000,15.4820
2025-08-17T08:21:00.000,15.4958
2025-08-17T08:22:00.000,15.5082
2025-08-17T08:23:00.000,15.5192
2025-08-17T08:24:00.000,15.5384
2025-08-17T08:25:00.000,15.5783
2025-08-17T08:26:00.000,15.6265
2025-08-17T08:27:00.000,15.6691
2025-08-17T08:28:00.000,15.7062
2025-08-17T08:29:00.000,15.7379
2025-08-17T08:30:00.000,15.7681
2025-08-17T08:31:00.000,15.7942
2025-08-17T08:32:00.000,15.8204
2025-08-17T08:33:00.000,15.8451
2025-08-17T08:34:00.000,15.8712
2025-08-17T08:35:00.000,15.8891
2025-08-17T08:36:00.000,15.9042
2025-08-17T08:37:00.000,15.9138
2025-08-17T08:38:00.000,15.9234
2025-08-17T08:39:00.000,15.9358
2025-08-17T08:40:00.000,15.9441
2025-08-17T08:41:00.000,15.9441
2025-08-17T08:42:00.000,15.9372
2025-08-17T08:43:00.000,15.9207
2025-08-17T08:44:00.000,15.9042
2025-08-17T08:45:00.000,15.8932
2025-08-17T08:46:00.000,15.8808
2025-08-17T08:47:00.000,15.8740
2025-08-17T08:48:00.000,15.8740
2025-08-17T08:49:00.000,15.8808
2025-08-17T08:50:00.000,15.8850
2025-08-17T08:51:00.000,15.8918
2025-08-17T08:52:00.000,15.9001
2025-08-17T08:53:00.000,15.9056
2025-08-17T08:54:00.000,15.9111
2025-08-17T08:55:00.000,15.9083
2025-08-17T08:56:00.000,15.9028
2025-08-17T08:57:00.000,15.8960
2025-08-17T08:58:00.000,15.8918
2025-08-17T08:59:00.000,15.8905
2025-08-17T09:00:00.000,15.8946
2025-08-17T09:01:00.000,15.8987
2025-08-17T09:02:00.000,15.9028
2025-08-17T09:03:00.000,15.9042
2025-08-17T09:04:00.000,15.9056
2025-08-17T09:05:00.000,15.9056
2025-08-17T09:06:00.000,15.9083
2025-08-17T09:07:00.000,15.9111
2025-08-17T09:08:00.000,15.9111
2025-08-17T09:09:00.000,15.9111
2025-08-17T09:10:00.000,15.9042
2025-08-17T09:11:00.000,15.8987
2025-08-17T09:12:00.000,15.8932
2025-08-17T09:13:00.000,15.8877
2025-08-17T09:14:00.000,15.8822
2025-08-17T09:15:00.000,15.8767
2025-08-17T09:16:00.000,15.8712
2025-08-17T09:17:00.000,15.8630
2025-08-17T09:18:00.000,15.8602
2025-08-17T09:19:00.000,15.8561
2025-08-17T09:20:00.000,15.8547
2025-08-17T09:21:00.000,15.8561
2025-08-17T09:22:00.000,15.8602
2025-08-17T09:23:00.000,15.8657
2025-08-17T09:24:00.000,15.8685
2025-08-17T09:25:00.000,15.8685
2025-08-17T09:26:00.000,15.8753
2025-08-17T09:27:00.000,15.8781
2025-08-17T09:28:00.000,15.8795
2025-08-17T09:29:00.000,15.8808
2025-08-17T09:30:00.000,15.8836
2025-08-17T09:31:00.000,15.8918
2025-08-17T09:32:00.000,15.8987
2025-08-17T09:33:00.000,15.9111
2025-08-17T09:34:00.000,15.9193
2025-08-17T09:35:00.000,15.9276
2025-08-17T09:36:00.000,15.9303
2025-08-17T09:37:00.000,15.9276
2025-08-17T09:38:00.000,15.9193
2025-08-17T09:39:00.000,15.9124
2025-08-17T09:40:00.000,15.9056
2025-08-17T09:41:00.000,15.9028
2025-08-17T09:42:00.000,15.9001
2025-08-17T09:43:00.000,15.9042
2025-08-17T09:44:00.000,15.9056
2025-08-17T09:45:00.000,15.9097
2025-08-17T09:46:00.000,15.9083
2025-08-17T09:47:00.000,15.9083
2025-08-17T09:48:00.000,15.9070
2025-08-17T09:49:00.000,15.9028
2025-08-17T09:50:00.000,15.8918
2025-08-17T09:51:00.000,15.8534
2025-08-17T09:52:00.000,15.7984
2025-08-17T09:53:00.000,15.7186
2025-08-17T09:54:00.000,15.6347
2025-08-17T09:55:00.000,15.5522
2025-08-17T09:56:00.000,15.4848
2025-08-17T09:57:00.000,15.4104
2025-08-17T09:58:00.000,15.3209
2025-08-17T09:59:00.000,15.2273
2025-08-17T10:00:00.000,15.1363
2025-08-17T10:01:00.000,15.0536
2025-08-17T10:02:00.000,14.9971
2025-08-17T10:03:00.000,14.9474
2025-08-17T10:04:00.000,14.9102
2025-08-17T10:05:00.000,14.8757
2025-08-17T10:06:00.000,14.8440
2025-08-17T10:07:00.000,14.8191
2025-08-17T10:08:00.000,14.7887
2025-08-17T10:09:00.000,14.7639
2025-08-17T10:10:00.000,14.7460
2025-08-17T10:11:00.000,14.7308
2025-08-17T10:12:00.000,14.7101
2025-08-17T10:13:00.000,14.6742
2025-08-17T10:14:00.000,14.6341
2025-08-17T10:15:00.000,14.5996
2025-08-17T10:16:00.000,14.5650
2025-08-17T10:17:00.000,14.5346
2025-08-17T10:18:00.000,14.4987
2025-08-17T10:19:00.000,14.4627
2025-08-17T10:20:00.000,14.4268
2025-08-17T10:21:00.000,14.3853
2025-08-17T10:22:00.000,14.3411
2025-08-17T10:23:00.000,14.2982
2025-08-17T10:24:00.000,14.2594
2025-08-17T10:25:00.000,14.2221
2025-08-17T10:26:00.000,14.1861
2025-08-17T10:27:00.000,14.1570
2025-08-17T10:28:00.000,14.1404
2025-08-17T10:29:00.000,14.1348
2025-08-17T10:30:00.000,14.1321
2025-08-17T10:31:00.000,14.1307
2025-08-17T10:32:00.000,14.1335
2025-08-17T10:33:00.000,14.1376
2025-08-17T10:34:00.000,14.1473
2025-08-17T10:35:00.000,14.1556
2025-08-17T10:36:00.000,14.1639
2025-08-17T10:37:00.000,14.1695
2025-08-17T10:38:00.000,14.1736
2025-08-17T10:39:00.000,14.1750
2025-08-17T10:40:00.000,14.1764
2025-08-17T10:41:00.000,14.1792
2025-08-17T10:42:00.000,14.1833
2025-08-17T10:43:00.000,14.1916
2025-08-17T10:44:00.000,14.1971
2025-08-17T10:45:00.000,14.2027
2025-08-17T10:46:00.000,14.2082
2025-08-17T10:47:00.000,14.2138
2025-08-17T10:48:00.000,14.2207
2025-08-17T10:49:00.000,14.2276
2025-08-17T10:50:00.000,14.2331
2025-08-17T10:51:00.000,14.2442
2025-08-17T10:52:00.000,14.2401
2025-08-17T10:53:00.000,14.2304
2025-08-17T10:54:00.000,14.2207
2025-08-17T10:55:00.000,14.2151
2025-08-17T10:56:00.000,14.2290
2025-08-17T10:57:00.000,14.2484
2025-08-17T10:58:00.000,14.2747
2025-08-17T10:59:00.000,14.2926
2025-08-17T11:00:00.000,14.2913
2025-08-17T11:01:00.000,14.2830
2025-08-17T11:02:00.000,14.2802
2025-08-17T11:03:00.000,14.2760
2025-08-17T11:04:00.000,14.2733
2025-08-17T11:05:00.000,14.2719
2025-08-17T11:06:00.000,14.2926
2025-08-17T11:07:00.000,14.3009
2025-08-17T11:08:00.000,14.2982
2025-08-17T11:09:00.000,14.2954
2025-08-17T11:10:00.000,14.2885
2025-08-17T11:11:00.000,14.2760
2025-08-17T11:12:00.000,14.2428
2025-08-17T11:13:00.000,14.2068
2025-08-17T11:14:00.000,14.1708
2025-08-17T11:15:00.000,14.1459
2025-08-17T11:16:00.000,14.1196
2025-08-17T11:17:00.000,14.1016
2025-08-17T11:18:00.000,14.0753
2025-08-17T11:19:00.000,14.0379
2025-08-17T11:20:00.000,14.0032
2025-08-17T11:21:00.000,13.9672
2025-08-17T11:22:00.000,13.9229
2025-08-17T11:23:00.000,13.8771
2025-08-17T11:24:00.000,13.8286
2025-08-17T11:25:00.000,13.7897
2025-08-17T11:26:00.000,13.7620
2025-08-17T11:27:00.000,13.7412
2025-08-17T11:28:00.000,13.7273
2025-08-17T11:29:00.000,13.7176
2025-08-17T11:30:00.000,13.7134
2025-08-17T11:31:00.000,13.7120
2025-08-17T11:32:00.000,13.7176
2025-08-17T11:33:00.000,13.7301
2025-08-17T11:34:00.000,13.7356
2025-08-17T11:35:00.000,13.7384
2025-08-17T11:36:00.000,13.7453
2025-08-17T11:37:00.000,13.7578
2025-08-17T11:38:00.000,13.7703
2025-08-17T11:39:00.000,13.7800
2025-08-17T11:40:00.000,13.7842
2025-08-17T11:41:00.000,13.7870
2025-08-17T11:42:00.000,13.7925
2025-08-17T11:43:00.000,13.7911
2025-08-17T11:44:00.000,13.7897
2025-08-17T11:45:00.000,13.7883
2025-08-17T11:46:00.000,13.7870
2025-08-17T11:47:00.000,13.7842
2025-08-17T11:48:00.000,13.7828
2025-08-17T11:49:00.000,13.7828
2025-08-17T11:50:00.000,13.7814
2025-08-17T11:51:00.000,13.7745
2025-08-17T11:52:00.000,13.7620
2025-08-17T11:53:00.000,13.7453
2025-08-17T11:54:00.000,13.7203
2025-08-17T11:55:00.000,13.6926
2025-08-17T11:56:00.000,13.6676
2025-08-17T11:57:00.000,13.6509
2025-08-17T11:58:00.000,13.6357
2025-08-17T11:59:00.000,13.6218
2025-08-17T12:00:00.000,13.6079
2025-08-17T12:01:00.000,13.5996
2025-08-17T12:02:00.000,13.6051
2025-08-17T12:03:00.000,13.6162
2025-08-17T12:04:00.000,13.6162
2025-08-17T12:05:00.000,13.6093
2025-08-17T12:06:00.000,13.5982
2025-08-17T12:07:00.000,13.5982
2025-08-17T12:08:00.000,13.6079
2025-08-17T12:09:00.000,13.6107
2025-08-17T12:10:00.000,13.6204
2025-08-17T12:11:00.000,13.6384
2025-08-17T12:12:00.000,13.6509
2025-08-17T12:13:00.000,13.6579
2025-08-17T12:14:00.000,13.6607
2025-08-17T12:15:00.000,13.6662
2025-08-17T12:16:00.000,13.6745
2025-08-17T12:17:00.000,13.6926
2025-08-17T12:18:00.000,13.7342
2025-08-17T12:19:00.000,13.7994
2025-08-17T12:20:00.000,13.8854
2025-08-17T12:21:00.000,13.9922
2025-08-17T12:22:00.000,14.1016
2025-08-17T12:23:00.000,14.1944
2025-08-17T12:24:00.000,14.2843
2025-08-17T12:25:00.000,14.3687
2025-08-17T12:26:00.000,14.4489
2025-08-17T12:27:00.000,14.5305
2025-08-17T12:28:00.000,14.6134
2025-08-17T12:29:00.000,14.6313
2025-08-17T12:30:00.000,14.6244
2025-08-17T12:31:00.000,14.6189
2025-08-17T12:32:00.000,14.6438
2025-08-17T12:33:00.000,14.6852
2025-08-17T12:34:00.000,14.7197
2025-08-17T12:35:00.000,14.7391
2025-08-17T12:36:00.000,14.7515
2025-08-17T12:37:00.000,14.7529
2025-08-17T12:38:00.000,14.7611
2025-08-17T12:39:00.000,14.7777
2025-08-17T12:40:00.000,14.7777
2025-08-17T12:41:00.000,14.7874
2025-08-17T12:42:00.000,14.8233
2025-08-17T12:43:00.000,14.8536
2025-08-17T12:44:00.000,14.8812
2025-08-17T12:45:00.000,14.8936
2025-08-17T12:46:00.000,14.8798
2025-08-17T12:47:00.000,14.8633
2025-08-17T12:48:00.000,14.8371
2025-08-17T12:49:00.000,14.8219
2025-08-17T12:50:00.000,14.8315
2025-08-17T12:51:00.000,14.8481
2025-08-17T12:52:00.000,14.8909
2025-08-17T12:53:00.000,14.9654
2025-08-17T12:54:00.000,15.0260
2025-08-17T12:55:00.000,15.0826
2025-08-17T12:56:00.000,15.1019
2025-08-17T12:57:00.000,15.0688
2025-08-17T12:58:00.000,15.0812
2025-08-17T12:59:00.000,15.0770
2025-08-17T13:00:00.000,15.0136
2025-08-17T13:01:00.000,15.0205
2025-08-17T13:02:00.000,15.0398
2025-08-17T13:03:00.000,14.9681
2025-08-17T13:04:00.000,14.8798
2025-08-17T13:05:00.000,14.8302
2025-08-17T13:06:00.000,14.8012
2025-08-17T13:07:00.000,14.8453
2025-08-17T13:08:00.000,14.8853
2025-08-17T13:09:00.000,14.9102
2025-08-17T13:10:00.000,14.8633
2025-08-17T13:11:00.000,14.8329
2025-08-17T13:12:00.000,14.6976
2025-08-17T13:13:00.000,14.5664
2025-08-17T13:14:00.000,14.4392
2025-08-17T13:15:00.000,14.3106
2025-08-17T13:16:00.000,14.1944
2025-08-17T13:17:00.000,14.0905
2025-08-17T13:18:00.000,14.0171
2025-08-17T13:19:00.000,13.9520
2025-08-17T13:20:00.000,13.8993
2025-08-17T13:21:00.000,13.8702
2025-08-17T13:22:00.000,13.8549
2025-08-17T13:23:00.000,13.8424
2025-08-17T13:24:00.000,13.8424
2025-08-17T13:25:00.000,13.8438
2025-08-17T13:26:00.000,13.8410
2025-08-17T13:27:00.000,13.8230
2025-08-17T13:28:00.000,13.8313
2025-08-17T13:29:00.000,13.8605
2025-08-17T13:30:00.000,13.8924
2025-08-17T13:31:00.000,13.9035
2025-08-17T13:32:00.000,13.8702
2025-08-17T13:33:00.000,13.8452
2025-08-17T13:34:00.000,13.8313
2025-08-17T13:35:00.000,13.7759
2025-08-17T13:36:00.000,13.7301
2025-08-17T13:37:00.000,13.7120
2025-08-17T13:38:00.000,13.6565
2025-08-17T13:39:00.000,13.6357
2025-08-17T13:40:00.000,13.6468
2025-08-17T13:41:00.000,13.5926
2025-08-17T13:42:00.000,13.5134
2025-08-17T13:43:00.000,13.4523
2025-08-17T13:44:00.000,13.4703
2025-08-17T13:45:00.000,13.4731
2025-08-17T13:46:00.000,13.4606
2025-08-17T13:47:00.000,13.4676
2025-08-17T13:48:00.000,13.4523
2025-08-17T13:49:00.000,13.4259
2025-08-17T13:50:00.000,13.4161
2025-08-17T13:51:00.000,13.3897
2025-08-17T13:52:00.000,13.3605
2025-08-17T13:53:00.000,13.3285
2025-08-17T13:54:00.000,13.3355
2025-08-17T13:55:00.000,13.4648
2025-08-17T13:56:00.000,13.4856
2025-08-17T13:57:00.000,13.4703
2025-08-17T13:58:00.000,13.4370
2025-08-17T13:59:00.000,13.3841
2025-08-17T14:00:00.000,13.3271
2025-08-17T14:01:00.000,13.2840
2025-08-17T14:02:00.000,13.2631
2025-08-17T14:03:00.000,13.2534
2025-08-17T14:04:00.000,13.2534
2025-08-17T14:05:00.000,13.2562
2025-08-17T14:06:00.000,13.2548
2025-08-17T14:07:00.000,13.2506
2025-08-17T14:08:00.000,13.2367
2025-08-17T14:09:00.000,13.2172
2025-08-17T14:10:00.000,13.1866
2025-08-17T14:11:00.000,13.1531
2025-08-17T14:12:00.000,13.1253
2025-08-17T14:13:00.000,13.1100
2025-08-17T14:14:00.000,13.1016
2025-08-17T14:15:00.000,13.0988
2025-08-17T14:16:00.000,13.0891
2025-08-17T14:17:00.000,13.0751
2025-08-17T14:18:00.000,13.0612
2025-08-17T14:19:00.000,13.0500
2025-08-17T14:20:00.000,13.0473
2025-08-17T14:21:00.000,13.0487
2025-08-17T14:22:00.000,13.0459
2025-08-17T14:23:00.000,13.0361
2025-08-17T14:24:00.000,13.0194
2025-08-17T14:25:00.000,13.0152
2025-08-17T14:26:00.000,13.0152
2025-08-17T14:27:00.000,13.0124
2025-08-17T14:28:00.000,13.0110
2025-08-17T14:29:00.000,13.0152
2025-08-17T14:30:00.000,13.0236
2025-08-17T14:31:00.000,13.0361
2025-08-17T14:32:00.000,13.0514
2025-08-17T14:33:00.000,13.0654
2025-08-17T14:34:00.000,13.0849
2025-08-17T14:35:00.000,13.1044
2025-08-17T14:36:00.000,13.1225
2025-08-17T14:37:00.000,13.1350
2025-08-17T14:38:00.000,13.1517
2025-08-17T14:39:00.000,13.1657
2025-08-17T14:40:00.000,13.1768
2025-08-17T14:41:00.000,13.1866
2025-08-17T14:42:00.000,13.2033
2025-08-17T14:43:00.000,13.2200
2025-08-17T14:44:00.000,13.2367
2025-08-17T14:45:00.000,13.2492
2025-08-17T14:46:00.000,13.2617
2025-08-17T14:47:00.000,13.2715
2025-08-17T14:48:00.000,13.2770
2025-08-17T14:49:00.000,13.2854
2025-08-17T14:50:00.000,13.2979
2025-08-17T14:51:00.000,13.3090
2025-08-17T14:52:00.000,13.3188
2025-08-17T14:53:00.000,13.3313
2025-08-17T14:54:00.000,13.3452
2025-08-17T14:55:00.000,13.3577
2025-08-17T14:56:00.000,13.3716
2025-08-17T14:57:00.000,13.3841
2025-08-17T14:58:00.000,13.3953
2025-08-17T14:59:00.000,13.4022
2025-08-17T15:00:00.000,13.4092
2025-08-17T15:01:00.000,13.4189
2025-08-17T15:02:00.000,13.4286
2025-08-17T15:03:00.000,13.4384
2025-08-17T15:04:00.000,13.4453
2025-08-17T15:05:00.000,13.4453
2025-08-17T15:06:00.000,13.4314
2025-08-17T15:07:00.000,13.4231
2025-08-17T15:08:00.000,13.4147
2025-08-17T15:09:00.000,13.4120
2025-08-17T15:10:00.000,13.4078
2025-08-17T15:11:00.000,13.3981
2025-08-17T15:12:00.000,13.3897
2025-08-17T15:13:00.000,13.3869
2025-08-17T15:14:00.000,13.3953
2025-08-17T15:15:00.000,13.4217
2025-08-17T15:16:00.000,13.4509
2025-08-17T15:17:00.000,13.4745
2025-08-17T15:18:00.000,13.4815
2025-08-17T15:19:00.000,13.4856
2025-08-17T15:20:00.000,13.4940
2025-08-17T15:21:00.000,13.4926
2025-08-17T15:22:00.000,13.4815
2025-08-17T15:23:00.000,13.4717
2025-08-17T15:24:00.000,13.4634
2025-08-17T15:25:00.000,13.4578
2025-08-17T15:26:00.000,13.4564
2025-08-17T15:27:00.000,13.4523
2025-08-17T15:28:00.000,13.4439
2025-08-17T15:29:00.000,13.4328
2025-08-17T15:30:00.000,13.4245
2025-08-17T15:31:00.000,13.4203
2025-08-17T15:32:00.000,13.4133
2025-08-17T15:33:00.000,13.4092
2025-08-17T15:34:00.000,13.4064
2025-08-17T15:35:00.000,13.3994
2025-08-17T15:36:00.000,13.3925
2025-08-17T15:37:00.000,13.3939
2025-08-17T15:38:00.000,13.3953
2025-08-17T15:39:00.000,13.4022
2025-08-17T15:40:00.000,13.4133
2025-08-17T15:41:00.000,13.4273
2025-08-17T15:42:00.000,13.4342
2025-08-17T15:43:00.000,13.4412
2025-08-17T15:44:00.000,13.4481
2025-08-17T15:45:00.000,13.4551
2025-08-17T15:46:00.000,13.4634
2025-08-17T15:47:00.000,13.4703
2025-08-17T15:48:00.000,13.4773
2025-08-17T15:49:00.000,13.4884
2025-08-17T15:50:00.000,13.4968
2025-08-17T15:51:00.000,13.5065
2025-08-17T15:52:00.000,13.5190
2025-08-17T15:53:00.000,13.5315
2025-08-17T15:54:00.000,13.5412
2025-08-17T15:55:00.000,13.5496
2025-08-17T15:56:00.000,13.5607
2025-08-17T15:57:00.000,13.5690
2025-08-17T15:58:00.000,13.5871
2025-08-17T15:59:00.000,13.6009
2025-08-17T16:00:00.000,13.6190
2025-08-17T16:01:00.000,13.6357
2025-08-17T16:02:00.000,13.6634
2025-08-17T16:03:00.000,13.6898
2025-08-17T16:04:00.000,13.7092
2025-08-17T16:05:00.000,13.7203
2025-08-17T16:06:00.000,13.7273
2025-08-17T16:07:00.000,13.7328
2025-08-17T16:08:00.000,13.7412
2025-08-17T16:09:00.000,13.7481
2025-08-17T16:10:00.000,13.7578
2025-08-17T16:11:00.000,13.7703
2025-08-17T16:12:00.000,13.7800
2025-08-17T16:13:00.000,13.7883
2025-08-17T16:14:00.000,13.7953
2025-08-17T16:15:00.000,13.8064
2025-08-17T16:16:00.000,13.8091
2025-08-17T16:17:00.000,13.8105
2025-08-17T16:18:00.000,13.8119
2025-08-17T16:19:00.000,13.8133
2025-08-17T16:20:00.000,13.8133
2025-08-17T16:21:00.000,13.8147
2025-08-17T16:22:00.000,13.8161
2025-08-17T16:23:00.000,13.8175
2025-08-17T16:24:00.000,13.8175
2025-08-17T16:25:00.000,13.8161
2025-08-17T16:26:00.000,13.8147
2025-08-17T16:27:00.000,13.8105
2025-08-17T16:28:00.000,13.8078
2025-08-17T16:29:00.000,13.8064
2025-08-17T16:30:00.000,13.8050
2025-08-17T16:31:00.000,13.8036
2025-08-17T16:32:00.000,13.8091
2025-08-17T16:33:00.000,13.8105
2025-08-17T16:34:00.000,13.8133
2025-08-17T16:35:00.000,13.8175
2025-08-17T16:36:00.000,13.8244
2025-08-17T16:37:00.000,13.8313
2025-08-17T16:38:00.000,13.8369
2025-08-17T16:39:00.000,13.8452
2025-08-17T16:40:00.000,13.8535
2025-08-17T16:41:00.000,13.8605
2025-08-17T16:42:00.000,13.8688
2025-08-17T16:43:00.000,13.8771
2025-08-17T16:44:00.000,13.8840
2025-08-17T16:45:00.000,13.8924
2025-08-17T16:46:00.000,13.9007
2025-08-17T16:47:00.000,13.9090
2025-08-17T16:48:00.000,13.9159
2025-08-17T16:49:00.000,13.9270
2025-08-17T16:50:00.000,13.9340
2025-08-17T16:51:00.000,13.9437
2025-08-17T16:52:00.000,13.9589
2025-08-17T16:53:00.000,13.9672
2025-08-17T16:54:00.000,13.9589
2025-08-17T16:55:00.000,13.9520
2025-08-17T16:56:00.000,13.9492
2025-08-17T16:57:00.000,13.9437
2025-08-17T16:58:00.000,13.9381
2025-08-17T16:59:00.000,13.9340
2025-08-17T17:00:00.000,13.9353
2025-08-17T17:01:00.000,13.9367
2025-08-17T17:02:00.000,13.9381
2025-08-17T17:03:00.000,13.9395
2025-08-17T17:04:00.000,13.9423
2025-08-17T17:05:00.000,13.9450
2025-08-17T17:06:00.000,13.9520
2025-08-17T17:07:00.000,13.9520
2025-08-17T17:08:00.000,13.9492
2025-08-17T17:09:00.000,13.9464
2025-08-17T17:10:00.000,13.9437
2025-08-17T17:11:00.000,13.9395
2025-08-17T17:12:00.000,13.9381
2025-08-17T17:13:00.000,13.9395
2025-08-17T17:14:00.000,13.9409
2025-08-17T17:15:00.000,13.9423
2025-08-17T17:16:00.000,13.9450
2025-08-17T17:17:00.000,13.9492
2025-08-17T17:18:00.000,13.9520
2025-08-17T17:19:00.000,13.9534
2025-08-17T17:20:00.000,13.9492
2025-08-17T17:21:00.000,13.9409
2025-08-17T17:22:00.000,13.9340
2025-08-17T17:23:00.000,13.9298
2025-08-17T17:24:00.000,13.9298
2025-08-17T17:25:00.000,13.9464
2025-08-17T17:26:00.000,13.9700
2025-08-17T17:27:00.000,14.0365
2025-08-17T17:28:00.000,14.1168
2025-08-17T17:29:00.000,14.2207
2025-08-17T17:30:00.000,14.3466
2025-08-17T17:31:00.000,14.4586
2025-08-17T17:32:00.000,14.5788
2025-08-17T17:33:00.000,14.6838
2025-08-17T17:34:00.000,14.7625
2025-08-17T17:35:00.000,14.8081
2025-08-17T17:36:00.000,14.8453
2025-08-17T17:37:00.000,14.8895
2025-08-17T17:38:00.000,14.9336
2025-08-17T17:39:00.000,14.9750
2025-08-17T17:40:00.000,15.0095
2025-08-17T17:41:00.000,15.0412
2025-08-17T17:42:00.000,15.0674
2025-08-17T17:43:00.000,15.0936
2025-08-17T17:44:00.000,15.1198
2025-08-17T17:45:00.000,15.1377
2025-08-17T17:46:00.000,15.1556
2025-08-17T17:47:00.000,15.1749
2025-08-17T17:48:00.000,15.1818
2025-08-17T17:49:00.000,15.1818
2025-08-17T17:50:00.000,15.1845
2025-08-17T17:51:00.000,15.1887
2025-08-17T17:52:00.000,15.1983
2025-08-17T17:53:00.000,15.2121
2025-08-17T17:54:00.000,15.2149
2025-08-17T17:55:00.000,15.2038
2025-08-17T17:56:00.000,15.1845
2025-08-17T17:57:00.000,15.1515
2025-08-17T17:58:00.000,15.1212
2025-08-17T17:59:00.000,15.1060
2025-08-17T18:00:00.000,15.0867
2025-08-17T18:01:00.000,15.0550
2025-08-17T18:02:00.000,15.0122
2025-08-17T18:03:00.000,14.9985
2025-08-17T18:04:00.000,15.0122
2025-08-17T18:05:00.000,15.0329
2025-08-17T18:06:00.000,15.0288
2025-08-17T18:07:00.000,15.0357
2025-08-17T18:08:00.000,15.0467
2025-08-17T18:09:00.000,15.0109
2025-08-17T18:10:00.000,14.9267
2025-08-17T18:11:00.000,14.8122
2025-08-17T18:12:00.000,14.7059
2025-08-17T18:13:00.000,14.6410
2025-08-17T18:14:00.000,14.6230
2025-08-17T18:15:00.000,14.5484
2025-08-17T18:16:00.000,14.4448
2025-08-17T18:17:00.000,14.3549
2025-08-17T18:18:00.000,14.2705
2025-08-17T18:19:00.000,14.2622
2025-08-17T18:20:00.000,14.3590
2025-08-17T18:21:00.000,14.5540
2025-08-17T18:22:00.000,14.7460
2025-08-17T18:23:00.000,14.8440
2025-08-17T18:24:00.000,14.8784
2025-08-17T18:25:00.000,14.9074
2025-08-17T18:26:00.000,14.9226
2025-08-17T18:27:00.000,14.9309
2025-08-17T18:28:00.000,14.8495
2025-08-17T18:29:00.000,14.7349
2025-08-17T18:30:00.000,14.6023
2025-08-17T18:31:00.000,14.5015
2025-08-17T18:32:00.000,14.4545
2025-08-17T18:33:00.000,14.4213
2025-08-17T18:34:00.000,14.3784
2025-08-17T18:35:00.000,14.3314
2025-08-17T18:36:00.000,14.2747
2025-08-17T18:37:00.000,14.2124
2025-08-17T18:38:00.000,14.1847
2025-08-17T18:39:00.000,14.1542
2025-08-17T18:40:00.000,14.1404
2025-08-17T18:41:00.000,14.1390
2025-08-17T18:42:00.000,14.1570
2025-08-17T18:43:00.000,14.2428
2025-08-17T18:44:00.000,14.3936
2025-08-17T18:45:00.000,14.5028
2025-08-17T18:46:00.000,14.5429
2025-08-17T18:47:00.000,14.5429
2025-08-17T18:48:00.000,14.6189
2025-08-17T18:49:00.000,14.7294
2025-08-17T18:50:00.000,14.7736
2025-08-17T18:51:00.000,14.7625
2025-08-17T18:52:00.000,14.8605
2025-08-17T18:53:00.000,14.9074
2025-08-17T18:54:00.000,14.8122
2025-08-17T18:55:00.000,14.7156
2025-08-17T18:56:00.000,14.5982
2025-08-17T18:57:00.000,14.4904
2025-08-17T18:58:00.000,14.3991
2025-08-17T18:59:00.000,14.3231
2025-08-17T19:00:00.000,14.2677
2025-08-17T19:01:00.000,14.2262
2025-08-17T19:02:00.000,14.1888
2025-08-17T19:03:00.000,14.1570
2025-08-17T19:04:00.000,14.1473
2025-08-17T19:05:00.000,14.1348
2025-08-17T19:06:00.000,14.1127
2025-08-17T19:07:00.000,14.0947
2025-08-17T19:08:00.000,14.0767
2025-08-17T19:09:00.000,14.0628
2025-08-17T19:10:00.000,14.0517
2025-08-17T19:11:00.000,14.0434
2025-08-17T19:12:00.000,14.0351
2025-08-17T19:13:00.000,14.0240
2025-08-17T19:14:00.000,14.0157
2025-08-17T19:15:00.000,14.0060
2025-08-17T19:16:00.000,13.9963
2025-08-17T19:17:00.000,13.9866
2025-08-17T19:18:00.000,13.9783
2025-08-17T19:19:00.000,13.9714
2025-08-17T19:20:00.000,13.9728
2025-08-17T19:21:00.000,13.9769
2025-08-17T19:22:00.000,13.9866
2025-08-17T19:23:00.000,13.9894
2025-08-17T19:24:00.000,13.9922
2025-08-17T19:25:00.000,13.9935
2025-08-17T19:26:00.000,13.9935
2025-08-17T19:27:00.000,13.9949
2025-08-17T19:28:00.000,13.9949
2025-08-17T19:29:00.000,13.9935
2025-08-17T19:30:00.000,13.9935
2025-08-17T19:31:00.000,13.9977
2025-08-17T19:32:00.000,14.0019
2025-08-17T19:33:00.000,14.0074
2025-08-17T19:34:00.000,14.0129
2025-08-17T19:35:00.000,14.0226
2025-08-17T19:36:00.000,14.0379
2025-08-17T19:37:00.000,14.0531
2025-08-17T19:38:00.000,14.0684
2025-08-17T19:39:00.000,14.0864
2025-08-17T19:40:00.000,14.0961
2025-08-17T19:41:00.000,14.1044
2025-08-17T19:42:00.000,14.1071
2025-08-17T19:43:00.000,14.1085
2025-08-17T19:44:00.000,14.1044
2025-08-17T19:45:00.000,14.1002
2025-08-17T19:46:00.000,14.0933
2025-08-17T19:47:00.000,14.0836
2025-08-17T19:48:00.000,14.0711
2025-08-17T19:49:00.000,14.0573
2025-08-17T19:50:00.000,14.0420
2025-08-17T19:51:00.000,14.0254
2025-08-17T19:52:00.000,14.0088
2025-08-17T19:53:00.000,13.9922
2025-08-17T19:54:00.000,13.9769
2025-08-17T19:55:00.000,13.9644
2025-08-17T19:56:00.000,13.9575
2025-08-17T19:57:00.000,13.9492
2025-08-17T19:58:00.000,13.9464
2025-08-17T19:59:00.000,13.9423
2025-08-17T20:00:00.000,13.9437
2025-08-17T20:01:00.000,13.9450
2025-08-17T20:02:00.000,13.9534
2025-08-17T20:03:00.000,13.9603
2025-08-17T20:04:00.000,13.9658
2025-08-17T20:05:00.000,13.9700
2025-08-17T20:06:00.000,13.9728
2025-08-17T20:07:00.000,13.9755
2025-08-17T20:08:00.000,13.9769
2025-08-17T20:09:00.000,13.9783
2025-08-17T20:10:00.000,13.9797
2025-08-17T20:11:00.000,13.9825
2025-08-17T20:12:00.000,13.9838
2025-08-17T20:13:00.000,13.9866
2025-08-17T20:14:00.000,13.9866
2025-08-17T20:15:00.000,13.9852
2025-08-17T20:16:00.000,13.9825
2025-08-17T20:17:00.000,13.9769
2025-08-17T20:18:00.000,13.9700
2025-08-17T20:19:00.000,13.9589
2025-08-17T20:20:00.000,13.9492
2025-08-17T20:21:00.000,13.9395
2025-08-17T20:22:00.000,13.9298
2025-08-17T20:23:00.000,13.9215
2025-08-17T20:24:00.000,13.9173
2025-08-17T20:25:00.000,13.9145
2025-08-17T20:26:00.000,13.9145
2025-08-17T20:27:00.000,13.9145
2025-08-17T20:28:00.000,13.9145
2025-08-17T20:29:00.000,13.9132
2025-08-17T20:30:00.000,13.9159
2025-08-17T20:31:00.000,13.9118
2025-08-17T20:32:00.000,13.9062
2025-08-17T20:33:00.000,13.9007
2025-08-17T20:34:00.000,13.8937
2025-08-17T20:35:00.000,13.8868
2025-08-17T20:36:00.000,13.8799
2025-08-17T20:37:00.000,13.8743
2025-08-17T20:38:00.000,13.8688
2025-08-17T20:39:00.000,13.8646
2025-08-17T20:40:00.000,13.8591
2025-08-17T20:41:00.000,13.8535
2025-08-17T20:42:00.000,13.8452
2025-08-17T20:43:00.000,13.8369
2025-08-17T20:44:00.000,13.8272
2025-08-17T20:45:00.000,13.8189
2025-08-17T20:46:00.000,13.8105
2025-08-17T20:47:00.000,13.8064
2025-08-17T20:48:00.000,13.7939
2025-08-17T20:49:00.000,13.7800
2025-08-17T20:50:00.000,13.7675
2025-08-17T20:51:00.000,13.7523
2025-08-17T20:52:00.000,13.7356
2025-08-17T20:53:00.000,13.7176
2025-08-17T20:54:00.000,13.6981
2025-08-17T20:55:00.000,13.6773
2025-08-17T20:56:00.000,13.6565
2025-08-17T20:57:00.000,13.6315
2025-08-17T20:58:00.000,13.6065
2025-08-17T20:59:00.000,13.5815
2025-08-17T21:00:00.000,13.5579
2025-08-17T21:01:00.000,13.5370
2025-08-17T21:02:00.000,13.5176
2025-08-17T21:03:00.000,13.4968
2025-08-17T21:04:00.000,13.4801
2025-08-17T21:05:00.000,13.4592
2025-08-17T21:06:00.000,13.4384
2025-08-17T21:07:00.000,13.4161
2025-08-17T21:08:00.000,13.3994
2025-08-17T21:09:00.000,13.3841
2025-08-17T21:10:00.000,13.3744
2025-08-17T21:11:00.000,13.3688
2025-08-17T21:12:00.000,13.3661
2025-08-17T21:13:00.000,13.3619
2025-08-17T21:14:00.000,13.3591
2025-08-17T21:15:00.000,13.3563
2025-08-17T21:16:00.000,13.3522
2025-08-17T21:17:00.000,13.3480
2025-08-17T21:18:00.000,13.3452
2025-08-17T21:19:00.000,13.3424
2025-08-17T21:20:00.000,13.3383
2025-08-17T21:21:00.000,13.3383
2025-08-17T21:22:00.000,13.3341
2025-08-17T21:23:00.000,13.3299
2025-08-17T21:24:00.000,13.3271
2025-08-17T21:25:00.000,13.3243
2025-08-17T21:26:00.000,13.3216
2025-08-17T21:27:00.000,13.3188
2025-08-17T21:28:00.000,13.3174
2025-08-17T21:29:00.000,13.3146
2025-08-17T21:30:00.000,13.3146
2025-08-17T21:31:00.000,13.3160
2025-08-17T21:32:00.000,13.3146
2025-08-17T21:33:00.000,13.3160
2025-08-17T21:34:00.000,13.3160
2025-08-17T21:35:00.000,13.3160
2025-08-17T21:36:00.000,13.3174
2025-08-17T21:37:00.000,13.3188
2025-08-17T21:38:00.000,13.3243
2025-08-17T21:39:00.000,13.3243
2025-08-17T21:40:00.000,13.3243
2025-08-17T21:41:00.000,13.3243
2025-08-17T21:42:00.000,13.3243
2025-08-17T21:43:00.000,13.3243
2025-08-17T21:44:00.000,13.3243
2025-08-17T21:45:00.000,13.3243
2025-08-17T21:46:00.000,13.3216
2025-08-17T21:47:00.000,13.3202
2025-08-17T21:48:00.000,13.3188
2025-08-17T21:49:00.000,13.3174
2025-08-17T21:50:00.000,13.3160
2025-08-17T21:51:00.000,13.3146
2025-08-17T21:52:00.000,13.3132
2025-08-17T21:53:00.000,13.3118
2025-08-17T21:54:00.000,13.3118
2025-08-17T21:55:00.000,13.3160
2025-08-17T21:56:00.000,13.3174
2025-08-17T21:57:00.000,13.3174
2025-08-17T21:58:00.000,13.3188
2025-08-17T21:59:00.000,13.3216
2025-08-17T22:00:00.000,13.3229
2025-08-17T22:01:00.000,13.3257
2025-08-17T22:02:00.000,13.3285
2025-08-17T22:03:00.000,13.3327
2025-08-17T22:04:00.000,13.3355
2025-08-17T22:05:00.000,13.3383
2025-08-17T22:06:00.000,13.3410
2025-08-17T22:07:00.000,13.3452
2025-08-17T22:08:00.000,13.3480
2025-08-17T22:09:00.000,13.3522
2025-08-17T22:10:00.000,13.3549
2025-08-17T22:11:00.000,13.3577
2025-08-17T22:12:00.000,13.3661
2025-08-17T22:13:00.000,13.3702
2025-08-17T22:14:00.000,13.3744
2025-08-17T22:15:00.000,13.3786
2025-08-17T22:16:00.000,13.3828
2025-08-17T22:17:00.000,13.3869
2025-08-17T22:18:00.000,13.3897
2025-08-17T22:19:00.000,13.3939
2025-08-17T22:20:00.000,13.3981
2025-08-17T22:21:00.000,13.4036
2025-08-17T22:22:00.000,13.4092
2025-08-17T22:23:00.000,13.4161
2025-08-17T22:24:00.000,13.4231
2025-08-17T22:25:00.000,13.4314
2025-08-17T22:26:00.000,13.4370
2025-08-17T22:27:00.000,13.4398
2025-08-17T22:28:00.000,13.4412
2025-08-17T22:29:00.000,13.4453
2025-08-17T22:30:00.000,13.4453
2025-08-17T22:31:00.000,13.4453
2025-08-17T22:32:00.000,13.4467
2025-08-17T22:33:00.000,13.4467
2025-08-17T22:34:00.000,13.4467
2025-08-17T22:35:00.000,13.4453
2025-08-17T22:36:00.000,13.4453
2025-08-17T22:37:00.000,13.4453
2025-08-17T22:38:00.000,13.4467
2025-08-17T22:39:00.000,13.4467
2025-08-17T22:40:00.000,13.4481
2025-08-17T22:41:00.000,13.4481
2025-08-17T22:42:00.000,13.4495
2025-08-17T22:43:00.000,13.4509
2025-08-17T22:44:00.000,13.4523
2025-08-17T22:45:00.000,13.4551
2025-08-17T22:46:00.000,13.4620
2025-08-17T22:47:00.000,13.4648
2025-08-17T22:48:00.000,13.4662
2025-08-17T22:49:00.000,13.4676
2025-08-17T22:50:00.000,13.4690
2025-08-17T22:51:00.000,13.4703
2025-08-17T22:52:00.000,13.4717
2025-08-17T22:53:00.000,13.4745
2025-08-17T22:54:00.000,13.4773
2025-08-17T22:55:00.000,13.4787
2025-08-17T22:56:00.000,13.4801
2025-08-17T22:57:00.000,13.4815
2025-08-17T22:58:00.000,13.4829
2025-08-17T22:59:00.000,13.4829
2025-08-17T23:00:00.000,13.4829
2025-08-17T23:01:00.000,13.4842
2025-08-17T23:02:00.000,13.4842
2025-08-17T23:03:00.000,13.4884
2025-08-17T23:04:00.000,13.4870
2025-08-17T23:05:00.000,13.4856
2025-08-17T23:06:00.000,13.4856
2025-08-17T23:07:00.000,13.4870
2025-08-17T23:08:00.000,13.4884
2025-08-17T23:09:00.000,13.4912
2025-08-17T23:10:00.000,13.4940
2025-08-17T23:11:00.000,13.4954
2025-08-17T23:12:00.000,13.4968
2025-08-17T23:13:00.000,13.4968
2025-08-17T23:14:00.000,13.4968
2025-08-17T23:15:00.000,13.4940
2025-08-17T23:16:00.000,13.4926
2025-08-17T23:17:00.000,13.4898
2025-08-17T23:18:00.000,13.4884
2025-08-17T23:19:00.000,13.4842
2025-08-17T23:20:00.000,13.4856
2025-08-17T23:21:00.000,13.4801
2025-08-17T23:22:00.000,13.4745
2025-08-17T23:23:00.000,13.4676
2025-08-17T23:24:00.000,13.4606
2025-08-17T23:25:00.000,13.4537
2025-08-17T23:26:00.000,13.4481
2025-08-17T23:27:00.000,13.4425
2025-08-17T23:28:00.000,13.4384
2025-08-17T23:29:00.000,13.4356
2025-08-17T23:30:00.000,13.4328
2025-08-17T23:31:00.000,13.4314
2025-08-17T23:32:00.000,13.4300
2025-08-17T23:33:00.000,13.4286
2025-08-17T23:34:00.000,13.4273
2025-08-17T23:35:00.000,13.4245
2025-08-17T23:36:00.000,13.4231
2025-08-17T23:37:00.000,13.4259
2025-08-17T23:38:00.000,13.4231
2025-08-17T23:39:00.000,13.4203
2025-08-17T23:40:00.000,13.4175
2025-08-17T23:41:00.000,13.4147
2025-08-17T23:42:00.000,13.4133
2025-08-17T23:43:00.000,13.4120
2025-08-17T23:44:00.000,13.4120
2025-08-17T23:45:00.000,13.4120
2025-08-17T23:46:00.000,13.4133
2025-08-17T23:47:00.000,13.4161
2025-08-17T23:48:00.000,13.4189
2025-08-17T23:49:00.000,13.4217
2025-08-17T23:50:00.000,13.4245
2025-08-17T23:51:00.000,13.4273
2025-08-17T23:52:00.000,13.4300
2025-08-17T23:53:00.000,13.4314
2025-08-17T23:54:00.000,13.4342
2025-08-17T23:55:00.000,13.4398
2025-08-17T23:56:00.000,13.4412
2025-08-17T23:57:00.000,13.4412
2025-08-17T23:58:00.000,13.4412
2025-08-17T23:59:00.000,13.4370
2025-08-18T00:00:00.000,13.4342
2025-08-18T00:01:00.000,13.4286
2025-08-18T00:02:00.000,13.4203
2025-08-18T00:03:00.000,13.4106
2025-08-18T00:04:00.000,13.4008
2025-08-18T00:05:00.000,13.3911
2025-08-18T00:06:00.000,13.3828
2025-08-18T00:07:00.000,13.3744
2025-08-18T00:08:00.000,13.3675
2025-08-18T00:09:00.000,13.3591
2025-08-18T00:10:00.000,13.3508
2025-08-18T00:11:00.000,13.3424
2025-08-18T00:12:00.000,13.3355
2025-08-18T00:13:00.000,13.3216
2025-08-18T00:14:00.000,13.3090
2025-08-18T00:15:00.000,13.2937
2025-08-18T00:16:00.000,13.2756
2025-08-18T00:17:00.000,13.2617
2025-08-18T00:18:00.000,13.2450
2025-08-18T00:19:00.000,13.2311
2025-08-18T00:20:00.000,13.2200
2025-08-18T00:21:00.000,13.2102
2025-08-18T00:22:00.000,13.2033
2025-08-18T00:23:00.000,13.1963
2025-08-18T00:24:00.000,13.1907
2025-08-18T00:25:00.000,13.1852
2025-08-18T00:26:00.000,13.1810
2025-08-18T00:27:00.000,13.1782
2025-08-18T00:28:00.000,13.1768
2025-08-18T00:29:00.000,13.1796
2025-08-18T00:30:00.000,13.1768
2025-08-18T00:31:00.000,13.1754
2025-08-18T00:32:00.000,13.1754
2025-08-18T00:33:00.000,13.1740
2025-08-18T00:34:00.000,13.1740
2025-08-18T00:35:00.000,13.1740
2025-08-18T00:36:00.000,13.1754
2025-08-18T00:37:00.000,13.1768
2025-08-18T00:38:00.000,13.1782
2025-08-18T00:39:00.000,13.1796
2025-08-18T00:40:00.000,13.1796
2025-08-18T00:41:00.000,13.1810
2025-08-18T00:42:00.000,13.1838
2025-08-18T00:43:00.000,13.1879
2025-08-18T00:44:00.000,13.1935
2025-08-18T00:45:00.000,13.1977
2025-08-18T00:46:00.000,13.2060
2025-08-18T00:47:00.000,13.2102
2025-08-18T00:48:00.000,13.2130
2025-08-18T00:49:00.000,13.2186
2025-08-18T00:50:00.000,13.2214
2025-08-18T00:51:00.000,13.2228
2025-08-18T00:52:00.000,13.2228
2025-08-18T00:53:00.000,13.2200
2025-08-18T00:54:00.000,13.2172
2025-08-18T00:55:00.000,13.2144
2025-08-18T00:56:00.000,13.2116
2025-08-18T00:57:00.000,13.2074
2025-08-18T00:58:00.000,13.2047
2025-08-18T00:59:00.000,13.2005
2025-08-18T01:00:00.000,13.1977
2025-08-18T01:01:00.000,13.1935
2025-08-18T01:02:00.000,13.1921
2025-08-18T01:03:00.000,13.1935
2025-08-18T01:04:00.000,13.1907
2025-08-18T01:05:00.000,13.1935
2025-08-18T01:06:00.000,13.1907
2025-08-18T01:07:00.000,13.1879
2025-08-18T01:08:00.000,13.1866
2025-08-18T01:09:00.000,13.1824
2025-08-18T01:10:00.000,13.1796
2025-08-18T01:11:00.000,13.1754
2025-08-18T01:12:00.000,13.1740
2025-08-18T01:13:00.000,13.1726
2025-08-18T01:14:00.000,13.1740
2025-08-18T01:15:00.000,13.1768
2025-08-18T01:16:00.000,13.1782
2025-08-18T01:17:00.000,13.1796
2025-08-18T01:18:00.000,13.1810
2025-08-18T01:19:00.000,13.1824
2025-08-18T01:20:00.000,13.1893
2025-08-18T01:21:00.000,13.1907
2025-08-18T01:22:00.000,13.1921
2025-08-18T01:23:00.000,13.1949
2025-08-18T01:24:00.000,13.1963
2025-08-18T01:25:00.000,13.1963
2025-08-18T01:26:00.000,13.1963
2025-08-18T01:27:00.000,13.1963
2025-08-18T01:28:00.000,13.1963
2025-08-18T01:29:00.000,13.1963
2025-08-18T01:30:00.000,13.1963
2025-08-18T01:31:00.000,13.1991
2025-08-18T01:32:00.000,13.2019
2025-08-18T01:33:00.000,13.2033
2025-08-18T01:34:00.000,13.2047
2025-08-18T01:35:00.000,13.2047
2025-08-18T01:36:00.000,13.2033
2025-08-18T01:37:00.000,13.2074
2025-08-18T01:38:00.000,13.2060
2025-08-18T01:39:00.000,13.2074
2025-08-18T01:40:00.000,13.2116
2025-08-18T01:41:00.000,13.2172
2025-08-18T01:42:00.000,13.2241
2025-08-18T01:43:00.000,13.2353
2025-08-18T01:44:00.000,13.2478
2025-08-18T01:45:00.000,13.2631
2025-08-18T01:46:00.000,13.2784
2025-08-18T01:47:00.000,13.2979
2025-08-18T01:48:00.000,13.3160
2025-08-18T01:49:00.000,13.3341
2025-08-18T01:50:00.000,13.3522
2025-08-18T01:51:00.000,13.3744
2025-08-18T01:52:00.000,13.4022
2025-08-18T01:53:00.000,13.4286
2025-08-18T01:54:00.000,13.4578
2025-08-18T01:55:00.000,13.4745
2025-08-18T01:56:00.000,13.4856
2025-08-18T01:57:00.000,13.4968
2025-08-18T01:58:00.000,13.5093
2025-08-18T01:59:00.000,13.5218
2025-08-18T02:00:00.000,13.5357
2025-08-18T02:01:00.000,13.5468
2025-08-18T02:02:00.000,13.5523
2025-08-18T02:03:00.000,13.5593
2025-08-18T02:04:00.000,13.5662
2025-08-18T02:05:00.000,13.5815
2025-08-18T02:06:00.000,13.5940
2025-08-18T02:07:00.000,13.6121
2025-08-18T02:08:00.000,13.6329
2025-08-18T02:09:00.000,13.6537
2025-08-18T02:10:00.000,13.6787
2025-08-18T02:11:00.000,13.6940
2025-08-18T02:12:00.000,13.7023
2025-08-18T02:13:00.000,13.7176
2025-08-18T02:14:00.000,13.7342
2025-08-18T02:15:00.000,13.7675
2025-08-18T02:16:00.000,13.8189
2025-08-18T02:17:00.000,13.8799
2025-08-18T02:18:00.000,13.9464
2025-08-18T02:19:00.000,14.0393
2025-08-18T02:20:00.000,14.1792
2025-08-18T02:21:00.000,14.2982
2025-08-18T02:22:00.000,14.4074
2025-08-18T02:23:00.000,14.5111
2025-08-18T02:24:00.000,14.5816
2025-08-18T02:25:00.000,14.6479
2025-08-18T02:26:00.000,14.6742
2025-08-18T02:27:00.000,14.6672
2025-08-18T02:28:00.000,14.6410
2025-08-18T02:29:00.000,14.5927
2025-08-18T02:30:00.000,14.4904
2025-08-18T02:31:00.000,14.3798
2025-08-18T02:32:00.000,14.2733
2025-08-18T02:33:00.000,14.1888
2025-08-18T02:34:00.000,14.0988
2025-08-18T02:35:00.000,14.0129
2025-08-18T02:36:00.000,13.9409
2025-08-18T02:37:00.000,13.8757
2025-08-18T02:38:00.000,13.8202
2025-08-18T02:39:00.000,13.7731
2025-08-18T02:40:00.000,13.7439
2025-08-18T02:41:00.000,13.7495
2025-08-18T02:42:00.000,13.7939
2025-08-18T02:43:00.000,13.8757
2025-08-18T02:44:00.000,13.9783
2025-08-18T02:45:00.000,14.1044
2025-08-18T02:46:00.000,14.2248
2025-08-18T02:47:00.000,14.3660
2025-08-18T02:48:00.000,14.5374
2025-08-18T02:49:00.000,14.7032
2025-08-18T02:50:00.000,14.8578
2025-08-18T02:51:00.000,15.0191
2025-08-18T02:52:00.000,15.1418
2025-08-18T02:53:00.000,15.2452
2025-08-18T02:54:00.000,15.3292
2025-08-18T02:55:00.000,15.3967
2025-08-18T02:56:00.000,15.4641
2025-08-18T02:57:00.000,15.5370
2025-08-18T02:58:00.000,15.6017
2025-08-18T02:59:00.000,15.6650
2025-08-18T03:00:00.000,15.7186
2025-08-18T03:01:00.000,15.7695
2025-08-18T03:02:00.000,15.8190
2025-08-18T03:03:00.000,15.8547
2025-08-18T03:04:00.000,15.8795
2025-08-18T03:05:00.000,15.9056
2025-08-18T03:06:00.000,15.9276
2025-08-18T03:07:00.000,15.9468
2025-08-18T03:08:00.000,15.9605
2025-08-18T03:09:00.000,15.9757
2025-08-18T03:10:00.000,15.9894
2025-08-18T03:11:00.000,15.9976
2025-08-18T03:12:00.000,15.9990
2025-08-18T03:13:00.000,15.9976
2025-08-18T03:14:00.000,16.0031
2025-08-18T03:15:00.000,16.0114
2025-08-18T03:16:00.000,16.0169
2025-08-18T03:17:00.000,16.0237
2025-08-18T03:18:00.000,16.0279
2025-08-18T03:19:00.000,16.0320
2025-08-18T03:20:00.000,16.0306
2025-08-18T03:21:00.000,16.0292
2025-08-18T03:22:00.000,16.0306
2025-08-18T03:23:00.000,16.0265
2025-08-18T03:24:00.000,16.0210
2025-08-18T03:25:00.000,16.0182
2025-08-18T03:26:00.000,16.0169
2025-08-18T03:27:00.000,16.0169
2025-08-18T03:28:00.000,16.0169
2025-08-18T03:29:00.000,16.0155
2025-08-18T03:30:00.000,16.0141
2025-08-18T03:31:00.000,16.0127
2025-08-18T03:32:00.000,16.0114
2025-08-18T03:33:00.000,16.0100
2025-08-18T03:34:00.000,16.0086
2025-08-18T03:35:00.000,16.0073
2025-08-18T03:36:00.000,16.0073
2025-08-18T03:37:00.000,16.0045
2025-08-18T03:38:00.000,16.0004
2025-08-18T03:39:00.000,15.9990
2025-08-18T03:40:00.000,15.9963
2025-08-18T03:41:00.000,15.9949
2025-08-18T03:42:00.000,15.9949
2025-08-18T03:43:00.000,15.9921
2025-08-18T03:44:00.000,15.9921
2025-08-18T03:45:00.000,15.9908
2025-08-18T03:46:00.000,15.9894
2025-08-18T03:47:00.000,15.9908
2025-08-18T03:48:00.000,15.9908
2025-08-18T03:49:00.000,15.9908
2025-08-18T03:50:00.000,15.9894
2025-08-18T03:51:00.000,15.9866
2025-08-18T03:52:00.000,15.9825
2025-08-18T03:53:00.000,15.9839
2025-08-18T03:54:00.000,15.9798
2025-08-18T03:55:00.000,15.9784
2025-08-18T03:56:00.000,15.9770
2025-08-18T03:57:00.000,15.9770
2025-08-18T03:58:00.000,15.9770
2025-08-18T03:59:00.000,15.9811
2025-08-18T04:00:00.000,15.9811
2025-08-18T04:01:00.000,15.9825
2025-08-18T04:02:00.000,15.9825
2025-08-18T04:03:00.000,15.9811
2025-08-18T04:04:00.000,15.9839
2025-08-18T04:05:00.000,15.9880
2025-08-18T04:06:00.000,15.9935
2025-08-18T04:07:00.000,16.0004
2025-08-18T04:08:00.000,16.0073
2025-08-18T04:09:00.000,16.0127
2025-08-18T04:10:00.000,16.0224
2025-08-18T04:11:00.000,16.0265
2025-08-18T04:12:00.000,16.0306
2025-08-18T04:13:00.000,16.0361
2025-08-18T04:14:00.000,16.0402
2025-08-18T04:15:00.000,16.0430
2025-08-18T04:16:00.000,16.0457
2025-08-18T04:17:00.000,16.0457
2025-08-18T04:18:00.000,16.0485
2025-08-18T04:19:00.000,16.0471
2025-08-18T04:20:00.000,16.0416
2025-08-18T04:21:00.000,16.0320
2025-08-18T04:22:00.000,16.0224
2025-08-18T04:23:00.000,16.0114
2025-08-18T04:24:00.000,16.0018
2025-08-18T04:25:00.000,15.9908
2025-08-18T04:26:00.000,15.9825
2025-08-18T04:27:00.000,15.9757
2025-08-18T04:28:00.000,15.9660
2025-08-18T04:29:00.000,15.9550
2025-08-18T04:30:00.000,15.9441
2025-08-18T04:31:00.000,15.9317
2025-08-18T04:32:00.000,15.9193
2025-08-18T04:33:00.000,15.9097
2025-08-18T04:34:00.000,15.9001
2025-08-18T04:35:00.000,15.8850
2025-08-18T04:36:00.000,15.8685
2025-08-18T04:37:00.000,15.8547
2025-08-18T04:38:00.000,15.8355
2025-08-18T04:39:00.000,15.7846
2025-08-18T04:40:00.000,15.7227
2025-08-18T04:41:00.000,15.6444
2025-08-18T04:42:00.000,15.5384
2025-08-18T04:43:00.000,15.4118
2025-08-18T04:44:00.000,15.2713
2025-08-18T04:45:00.000,15.1115
2025-08-18T04:46:00.000,14.9585
2025-08-18T04:47:00.000,14.8136
2025-08-18T04:48:00.000,14.6811
2025-08-18T04:49:00.000,14.5567
2025-08-18T04:50:00.000,14.4392
2025-08-18T04:51:00.000,14.3314
2025-08-18T04:52:00.000,14.2345
2025-08-18T04:53:00.000,14.1445
2025-08-18T04:54:00.000,14.0642
2025-08-18T04:55:00.000,14.0046
2025-08-18T04:56:00.000,13.9478
2025-08-18T04:57:00.000,13.8965
2025-08-18T04:58:00.000,13.8508
2025-08-18T04:59:00.000,13.8050
2025-08-18T05:00:00.000,13.7537
2025-08-18T05:01:00.000,13.7079
2025-08-18T05:02:00.000,13.6579
2025-08-18T05:03:00.000,13.6121
2025-08-18T05:04:00.000,13.5690
2025-08-18T05:05:00.000,13.5287
2025-08-18T05:06:00.000,13.4912
2025-08-18T05:07:00.000,13.4606
2025-08-18T05:08:00.000,13.4328
2025-08-18T05:09:00.000,13.4050
2025-08-18T05:10:00.000,13.3800
2025-08-18T05:11:00.000,13.3536
2025-08-18T05:12:00.000,13.3285
2025-08-18T05:13:00.000,13.3035
2025-08-18T05:14:00.000,13.2743
2025-08-18T05:15:00.000,13.2395
2025-08-18T05:16:00.000,13.2019
2025-08-18T05:17:00.000,13.1629
2025-08-18T05:18:00.000,13.1281
2025-08-18T05:19:00.000,13.0974
2025-08-18T05:20:00.000,13.0821
2025-08-18T05:21:00.000,13.0765
2025-08-18T05:22:00.000,13.0668
2025-08-18T05:23:00.000,13.0542
2025-08-18T05:24:00.000,13.0375
2025-08-18T05:25:00.000,13.0250
2025-08-18T05:26:00.000,13.0166
2025-08-18T05:27:00.000,13.0082
2025-08-18T05:28:00.000,12.9957
2025-08-18T05:29:00.000,12.9818
2025-08-18T05:30:00.000,12.9748
2025-08-18T05:31:00.000,12.9734
2025-08-18T05:32:00.000,12.9706
2025-08-18T05:33:00.000,12.9636
2025-08-18T05:34:00.000,12.9553
2025-08-18T05:35:00.000,12.9469
2025-08-18T05:36:00.000,12.9357
2025-08-18T05:37:00.000,12.9274
2025-08-18T05:38:00.000,12.9190
2025-08-18T05:39:00.000,12.9134
2025-08-18T05:40:00.000,12.9120
2025-08-18T05:41:00.000,12.9134
2025-08-18T05:42:00.000,12.9148
2025-08-18T05:43:00.000,12.9106
2025-08-18T05:44:00.000,12.8995
2025-08-18T05:45:00.000,12.8925
2025-08-18T05:46:00.000,12.8841
2025-08-18T05:47:00.000,12.8841
2025-08-18T05:48:00.000,12.8883
2025-08-18T05:49:00.000,12.9009
2025-08-18T05:50:00.000,12.9148
2025-08-18T05:51:00.000,12.9274
2025-08-18T05:52:00.000,12.9385
2025-08-18T05:53:00.000,12.9427
2025-08-18T05:54:00.000,12.9483
2025-08-18T05:55:00.000,12.9567
2025-08-18T05:56:00.000,12.9622
2025-08-18T05:57:00.000,12.9734
2025-08-18T05:58:00.000,12.9845
2025-08-18T05:59:00.000,12.9999
2025-08-18T06:00:00.000,13.0166
2025-08-18T06:01:00.000,13.0333
2025-08-18T06:02:00.000,13.0459
2025-08-18T06:03:00.000,13.0556
2025-08-18T06:04:00.000,13.0612
2025-08-18T06:05:00.000,13.0668
2025-08-18T06:06:00.000,13.0737
2025-08-18T06:07:00.000,13.0932
2025-08-18T06:08:00.000,13.1127
2025-08-18T06:09:00.000,13.1267
2025-08-18T06:10:00.000,13.1309
2025-08-18T06:11:00.000,13.1336
2025-08-18T06:12:00.000,13.1378
2025-08-18T06:13:00.000,13.1406
2025-08-18T06:14:00.000,13.1476
2025-08-18T06:15:00.000,13.1504
2025-08-18T06:16:00.000,13.1545
2025-08-18T06:17:00.000,13.1545
2025-08-18T06:18:00.000,13.1615
2025-08-18T06:19:00.000,13.1685
2025-08-18T06:20:00.000,13.1712
2025-08-18T06:21:00.000,13.1754
2025-08-18T06:22:00.000,13.1796
2025-08-18T06:23:00.000,13.1796
2025-08-18T06:24:00.000,13.1796
2025-08-18T06:25:00.000,13.1866
2025-08-18T06:26:00.000,13.1963
2025-08-18T06:27:00.000,13.2005
2025-08-18T06:28:00.000,13.1991
2025-08-18T06:29:00.000,13.1963
2025-08-18T06:30:00.000,13.1935
2025-08-18T06:31:00.000,13.1907
2025-08-18T06:32:00.000,13.1921
2025-08-18T06:33:00.000,13.1977
2025-08-18T06:34:00.000,13.2074
2025-08-18T06:35:00.000,13.2200
2025-08-18T06:36:00.000,13.2325
2025-08-18T06:37:00.000,13.2422
2025-08-18T06:38:00.000,13.2520
2025-08-18T06:39:00.000,13.2631
2025-08-18T06:40:00.000,13.2743
2025-08-18T06:41:00.000,13.2868
2025-08-18T06:42:00.000,13.3021
2025-08-18T06:43:00.000,13.3202
2025-08-18T06:44:00.000,13.3355
2025-08-18T06:45:00.000,13.3549
2025-08-18T06:46:00.000,13.3730
2025-08-18T06:47:00.000,13.3883
2025-08-18T06:48:00.000,13.4036
2025-08-18T06:49:00.000,13.4203
2025-08-18T06:50:00.000,13.4328
2025-08-18T06:51:00.000,13.4425
2025-08-18T06:52:00.000,13.4509
2025-08-18T06:53:00.000,13.4578
2025-08-18T06:54:00.000,13.4731
2025-08-18T06:55:00.000,13.4884
2025-08-18T06:56:00.000,13.5079
2025-08-18T06:57:00.000,13.5232
2025-08-18T06:58:00.000,13.5370
2025-08-18T06:59:00.000,13.5496
2025-08-18T07:00:00.000,13.5648
2025-08-18T07:01:00.000,13.5787
2025-08-18T07:02:00.000,13.5898
2025-08-18T07:03:00.000,13.5968
2025-08-18T07:04:00.000,13.5954
2025-08-18T07:05:00.000,13.5884
2025-08-18T07:06:00.000,13.5801
2025-08-18T07:07:00.000,13.5746
2025-08-18T07:08:00.000,13.5898
2025-08-18T07:09:00.000,13.6051
2025-08-18T07:10:00.000,13.6204
2025-08-18T07:11:00.000,13.6287
2025-08-18T07:12:00.000,13.6371
2025-08-18T07:13:00.000,13.6468
2025-08-18T07:14:00.000,13.6676
2025-08-18T07:15:00.000,13.7037
2025-08-18T07:16:00.000,13.7273
2025-08-18T07:17:00.000,13.7703
2025-08-18T07:18:00.000,13.8119
2025-08-18T07:19:00.000,13.8577
2025-08-18T07:20:00.000,13.9062
2025-08-18T07:21:00.000,13.9617
2025-08-18T07:22:00.000,14.0254
2025-08-18T07:23:00.000,14.0933
2025-08-18T07:24:00.000,14.1847
2025-08-18T07:25:00.000,14.2774
2025-08-18T07:26:00.000,14.3604
2025-08-18T07:27:00.000,14.4489
2025-08-18T07:28:00.000,14.5097
2025-08-18T07:29:00.000,14.5554
2025-08-18T07:30:00.000,14.5857
2025-08-18T07:31:00.000,14.6203
2025-08-18T07:32:00.000,14.6451
2025-08-18T07:33:00.000,14.6893
2025-08-18T07:34:00.000,14.7515
2025-08-18T07:35:00.000,14.8164
2025-08-18T07:36:00.000,14.8991
2025-08-18T07:37:00.000,14.9640
2025-08-18T07:38:00.000,15.1032
2025-08-18T07:39:00.000,15.1790
2025-08-18T07:40:00.000,15.2397
2025-08-18T07:41:00.000,15.2507
2025-08-18T07:42:00.000,15.2700
2025-08-18T07:43:00.000,15.2975
2025-08-18T07:44:00.000,15.3182
2025-08-18T07:45:00.000,15.3333
2025-08-18T07:46:00.000,15.3388
2025-08-18T07:47:00.000,15.3471
2025-08-18T07:48:00.000,15.3760
2025-08-18T07:49:00.000,15.4256
2025-08-18T07:50:00.000,15.4875
2025-08-18T07:51:00.000,15.5370
2025-08-18T07:52:00.000,15.5549
2025-08-18T07:53:00.000,15.5508
2025-08-18T07:54:00.000,15.5976
2025-08-18T07:55:00.000,15.6870
2025-08-18T07:56:00.000,15.7736
2025-08-18T07:57:00.000,15.8685
2025-08-18T07:58:00.000,15.9935
2025-08-18T07:59:00.000,16.1144
2025-08-18T08:00:00.000,16.1927
2025-08-18T08:01:00.000,16.2338
2025-08-18T08:02:00.000,16.2764
2025-08-18T08:03:00.000,16.3340
2025-08-18T08:04:00.000,16.3944
2025-08-18T08:05:00.000,16.4562
2025-08-18T08:06:00.000,16.5275
2025-08-18T08:07:00.000,16.6125
2025-08-18T08:08:00.000,16.7496
2025-08-18T08:09:00.000,16.8867
2025-08-18T08:10:00.000,16.9991
2025-08-18T08:11:00.000,17.0662
2025-08-18T08:12:00.000,17.0840
2025-08-18T08:13:00.000,17.0539
2025-08-18T08:14:00.000,17.0278
2025-08-18T08:15:00.000,16.9963
2025-08-18T08:16:00.000,16.9717
2025-08-18T08:17:00.000,16.9182
2025-08-18T08:18:00.000,16.8387
2025-08-18T08:19:00.000,16.7565
2025-08-18T08:20:00.000,16.6619
2025-08-18T08:21:00.000,16.5700
2025-08-18T08:22:00.000,16.4863
2025-08-18T08:23:00.000,16.4232
2025-08-18T08:24:00.000,16.3711
2025-08-18T08:25:00.000,16.3478
2025-08-18T08:26:00.000,16.3587
2025-08-18T08:27:00.000,16.3533
2025-08-18T08:28:00.000,16.3752
2025-08-18T08:29:00.000,16.4356
2025-08-18T08:30:00.000,16.4946
2025-08-18T08:31:00.000,16.5686
2025-08-18T08:32:00.000,16.6495
2025-08-18T08:33:00.000,16.7085
2025-08-18T08:34:00.000,16.7812
2025-08-18T08:35:00.000,16.8346
2025-08-18T08:36:00.000,16.8552
2025-08-18T08:37:00.000,16.8894
2025-08-18T08:38:00.000,16.9155
2025-08-18T08:39:00.000,16.9484
2025-08-18T08:40:00.000,16.9771
2025-08-18T08:41:00.000,17.0251
2025-08-18T08:42:00.000,17.0771
2025-08-18T08:43:00.000,17.1196
2025-08-18T08:44:00.000,17.1552
2025-08-18T08:45:00.000,17.1703
2025-08-18T08:46:00.000,17.1593
2025-08-18T08:47:00.000,17.1456
2025-08-18T08:48:00.000,17.1429
2025-08-18T08:49:00.000,17.1552
2025-08-18T08:50:00.000,17.1758
2025-08-18T08:51:00.000,17.1812
2025-08-18T08:52:00.000,17.1881
2025-08-18T08:53:00.000,17.2100
2025-08-18T08:54:00.000,17.2429
2025-08-18T08:55:00.000,17.3031
2025-08-18T08:56:00.000,17.3907
2025-08-18T08:57:00.000,17.4852
2025-08-18T08:58:00.000,17.6344
2025-08-18T08:59:00.000,17.7411
2025-08-18T09:00:00.000,17.7438
2025-08-18T09:01:00.000,17.7151
2025-08-18T09:02:00.000,17.7028
2025-08-18T09:03:00.000,17.6795
2025-08-18T09:04:00.000,17.6426
2025-08-18T09:05:00.000,17.5933
2025-08-18T09:06:00.000,17.5632
2025-08-18T09:07:00.000,17.5783
2025-08-18T09:08:00.000,17.6289
2025-08-18T09:09:00.000,17.6836
2025-08-18T09:10:00.000,17.7370
2025-08-18T09:11:00.000,17.7780
2025-08-18T09:12:00.000,17.8205
2025-08-18T09:13:00.000,17.8396
2025-08-18T09:14:00.000,17.8697
2025-08-18T09:15:00.000,17.9107
2025-08-18T09:16:00.000,17.9559
2025-08-18T09:17:00.000,17.9983
2025-08-18T09:18:00.000,18.0229
2025-08-18T09:19:00.000,18.0530
2025-08-18T09:20:00.000,18.0571
2025-08-18T09:21:00.000,18.0407
2025-08-18T09:22:00.000,18.0380
2025-08-18T09:23:00.000,18.0680
2025-08-18T09:24:00.000,18.0872
2025-08-18T09:25:00.000,18.0489
2025-08-18T09:26:00.000,17.9887
2025-08-18T09:27:00.000,17.9012
2025-08-18T09:28:00.000,17.7863
2025-08-18T09:29:00.000,17.6221
2025-08-18T09:30:00.000,17.3839
2025-08-18T09:31:00.000,17.1141
2025-08-18T09:32:00.000,16.8744
2025-08-18T09:33:00.000,16.6825
2025-08-18T09:34:00.000,16.5398
2025-08-18T09:35:00.000,16.4315
2025-08-18T09:36:00.000,16.3491
2025-08-18T09:37:00.000,16.2874
2025-08-18T09:38:00.000,16.2407
2025-08-18T09:39:00.000,16.2064
2025-08-18T09:40:00.000,16.1830
2025-08-18T09:41:00.000,16.1666
2025-08-18T09:42:00.000,16.1556
2025-08-18T09:43:00.000,16.1487
2025-08-18T09:44:00.000,16.1446
2025-08-18T09:45:00.000,16.1391
2025-08-18T09:46:00.000,16.1336
2025-08-18T09:47:00.000,16.1295
2025-08-18T09:48:00.000,16.1254
2025-08-18T09:49:00.000,16.1213
2025-08-18T09:50:00.000,16.1171
2025-08-18T09:51:00.000,16.1171
2025-08-18T09:52:00.000,16.1144
2025-08-18T09:53:00.000,16.1116
2025-08-18T09:54:00.000,16.1103
2025-08-18T09:55:00.000,16.1089
2025-08-18T09:56:00.000,16.1061
2025-08-18T09:57:00.000,16.1048
2025-08-18T09:58:00.000,16.1034
2025-08-18T09:59:00.000,16.1007
2025-08-18T10:00:00.000,16.0993
2025-08-18T10:01:00.000,16.0979
2025-08-18T10:02:00.000,16.0979
2025-08-18T10:03:00.000,16.0993
2025-08-18T10:04:00.000,16.1020
2025-08-18T10:05:00.000,16.1048
2025-08-18T10:06:00.000,16.1089
2025-08-18T10:07:00.000,16.1144
2025-08-18T10:08:00.000,16.1213
2025-08-18T10:09:00.000,16.1226
2025-08-18T10:10:00.000,16.1240
2025-08-18T10:11:00.000,16.1240
2025-08-18T10:12:00.000,16.1240
2025-08-18T10:13:00.000,16.1254
2025-08-18T10:14:00.000,16.1240
2025-08-18T10:15:00.000,16.1213
2025-08-18T10:16:00.000,16.1185
2025-08-18T10:17:00.000,16.1158
2025-08-18T10:18:00.000,16.1144
2025-08-18T10:19:00.000,16.1158
2025-08-18T10:20:00.000,16.1240
2025-08-18T10:21:00.000,16.1364
2025-08-18T10:22:00.000,16.1542
2025-08-18T10:23:00.000,16.1748
2025-08-18T10:24:00.000,16.1981
2025-08-18T10:25:00.000,16.2297
2025-08-18T10:26:00.000,16.2476
2025-08-18T10:27:00.000,16.2668
2025-08-18T10:28:00.000,16.2778
2025-08-18T10:29:00.000,16.2846
2025-08-18T10:30:00.000,16.2833
2025-08-18T10:31:00.000,16.2750
2025-08-18T10:32:00.000,16.2654
2025-08-18T10:33:00.000,16.2585
2025-08-18T10:34:00.000,16.2517
2025-08-18T10:35:00.000,16.2462
2025-08-18T10:36:00.000,16.2421
2025-08-18T10:37:00.000,16.2544
2025-08-18T10:38:00.000,16.2764
2025-08-18T10:39:00.000,16.2997
2025-08-18T10:40:00.000,16.3231
2025-08-18T10:41:00.000,16.3478
2025-08-18T10:42:00.000,16.3725
2025-08-18T10:43:00.000,16.3930
2025-08-18T10:44:00.000,16.4109
2025-08-18T10:45:00.000,16.4232
2025-08-18T10:46:00.000,16.4328
2025-08-18T10:47:00.000,16.4411
2025-08-18T10:48:00.000,16.4466
2025-08-18T10:49:00.000,16.4507
2025-08-18T10:50:00.000,16.4534
2025-08-18T10:51:00.000,16.4534
2025-08-18T10:52:00.000,16.4534
2025-08-18T10:53:00.000,16.4534
2025-08-18T10:54:00.000,16.4534
2025-08-18T10:55:00.000,16.4520
2025-08-18T10:56:00.000,16.4548
2025-08-18T10:57:00.000,16.4630
2025-08-18T10:58:00.000,16.4767
2025-08-18T10:59:00.000,16.4959
2025-08-18T11:00:00.000,16.4987
2025-08-18T11:01:00.000,16.5001
2025-08-18T11:02:00.000,16.4987
2025-08-18T11:03:00.000,16.4987
2025-08-18T11:04:00.000,16.5001
2025-08-18T11:05:00.000,16.5001
2025-08-18T11:06:00.000,16.5042
2025-08-18T11:07:00.000,16.5097
2025-08-18T11:08:00.000,16.5193
2025-08-18T11:09:00.000,16.5357
2025-08-18T11:10:00.000,16.5357
2025-08-18T11:11:00.000,16.5343
2025-08-18T11:12:00.000,16.5316
2025-08-18T11:13:00.000,16.5316
2025-08-18T11:14:00.000,16.5275
2025-08-18T11:15:00.000,16.5302
2025-08-18T11:16:00.000,16.5453
2025-08-18T11:17:00.000,16.5481
2025-08-18T11:18:00.000,16.5385
2025-08-18T11:19:00.000,16.5138
2025-08-18T11:20:00.000,16.4740
2025-08-18T11:21:00.000,16.4177
2025-08-18T11:22:00.000,16.3601
2025-08-18T11:23:00.000,16.2819
2025-08-18T11:24:00.000,16.1885
2025-08-18T11:25:00.000,16.0952
2025-08-18T11:26:00.000,16.0004
2025-08-18T11:27:00.000,15.9179
2025-08-18T11:28:00.000,15.8355
2025-08-18T11:29:00.000,15.7571
2025-08-18T11:30:00.000,15.6870
2025-08-18T11:31:00.000,15.6196
2025-08-18T11:32:00.000,15.5260
2025-08-18T11:33:00.000,15.4366
2025-08-18T11:34:00.000,15.3485
2025-08-18T11:35:00.000,15.2755
2025-08-18T11:36:00.000,15.2341
2025-08-18T11:37:00.000,15.2162
2025-08-18T11:38:00.000,15.1845
2025-08-18T11:39:00.000,15.1432
2025-08-18T11:40:00.000,15.1060
2025-08-18T11:41:00.000,15.0715
2025-08-18T11:42:00.000,15.0440
2025-08-18T11:43:00.000,15.0357
2025-08-18T11:44:00.000,15.0205
2025-08-18T11:45:00.000,14.9888
2025-08-18T11:46:00.000,14.9585
2025-08-18T11:47:00.000,14.9226
2025-08-18T11:48:00.000,14.8826
2025-08-18T11:49:00.000,14.8426
2025-08-18T11:50:00.000,14.8026
2025-08-18T11:51:00.000,14.7708
2025-08-18T11:52:00.000,14.7487
2025-08-18T11:53:00.000,14.7308
2025-08-18T11:54:00.000,14.7128
2025-08-18T11:55:00.000,14.6962
2025-08-18T11:56:00.000,14.6880
2025-08-18T11:57:00.000,14.6755
2025-08-18T11:58:00.000,14.6603
2025-08-18T11:59:00.000,14.6410
2025-08-18T12:00:00.000,14.6148
2025-08-18T12:01:00.000,14.5968
2025-08-18T12:02:00.000,14.5733
2025-08-18T12:03:00.000,14.5554
2025-08-18T12:04:00.000,14.5471
2025-08-18T12:05:00.000,14.5360
2025-08-18T12:06:00.000,14.5208
2025-08-18T12:07:00.000,14.5111
2025-08-18T12:08:00.000,14.5056
2025-08-18T12:09:00.000,14.4862
2025-08-18T12:10:00.000,14.4600
2025-08-18T12:11:00.000,14.4268
2025-08-18T12:12:00.000,14.3881
2025-08-18T12:13:00.000,14.3494
2025-08-18T12:14:00.000,14.3134
2025-08-18T12:15:00.000,14.2940
2025-08-18T12:16:00.000,14.2747
2025-08-18T12:17:00.000,14.2636
2025-08-18T12:18:00.000,14.2553
2025-08-18T12:19:00.000,14.2414
2025-08-18T12:20:00.000,14.2221
2025-08-18T12:21:00.000,14.2027
2025-08-18T12:22:00.000,14.1722
2025-08-18T12:23:00.000,14.1362
2025-08-18T12:24:00.000,14.0961
2025-08-18T12:25:00.000,14.0587
2025-08-18T12:26:00.000,14.0254
2025-08-18T12:27:00.000,13.9977
2025-08-18T12:28:00.000,13.9728
2025-08-18T12:29:00.000,13.9340
2025-08-18T12:30:00.000,13.8993
2025-08-18T12:31:00.000,13.8535
2025-08-18T12:32:00.000,13.8119
2025-08-18T12:33:00.000,13.7634
2025-08-18T12:34:00.000,13.7231
2025-08-18T12:35:00.000,13.6870
2025-08-18T12:36:00.000,13.6579
2025-08-18T12:37:00.000,13.6343
2025-08-18T12:38:00.000,13.6190
2025-08-18T12:39:00.000,13.6065
2025-08-18T12:40:00.000,13.5926
2025-08-18T12:41:00.000,13.5857
2025-08-18T12:42:00.000,13.5746
2025-08-18T12:43:00.000,13.5676
2025-08-18T12:44:00.000,13.5634
2025-08-18T12:45:00.000,13.5607
2025-08-18T12:46:00.000,13.5621
2025-08-18T12:47:00.000,13.5759
2025-08-18T12:48:00.000,13.6093
2025-08-18T12:49:00.000,13.6468
2025-08-18T12:50:00.000,13.6676
2025-08-18T12:51:00.000,13.6898
2025-08-18T12:52:00.000,13.7842
2025-08-18T12:53:00.000,13.9797
2025-08-18T12:54:00.000,14.1708
2025-08-18T12:55:00.000,14.3978
2025-08-18T12:56:00.000,14.6341
2025-08-18T12:57:00.000,14.8633
2025-08-18T12:58:00.000,15.0522
2025-08-18T12:59:00.000,15.1956
2025-08-18T13:00:00.000,15.2658
2025-08-18T13:01:00.000,15.3333
2025-08-18T13:02:00.000,15.3705
2025-08-18T13:03:00.000,15.4022
2025-08-18T13:04:00.000,15.4338
2025-08-18T13:05:00.000,15.4682
2025-08-18T13:06:00.000,15.5123
2025-08-18T13:07:00.000,15.5247
2025-08-18T13:08:00.000,15.5123
2025-08-18T13:09:00.000,15.5026
2025-08-18T13:10:00.000,15.4297
2025-08-18T13:11:00.000,15.3733
2025-08-18T13:12:00.000,15.3485
2025-08-18T13:13:00.000,15.3237
2025-08-18T13:14:00.000,15.2920
2025-08-18T13:15:00.000,15.2589
2025-08-18T13:16:00.000,15.2245
2025-08-18T13:17:00.000,15.2025
2025-08-18T13:18:00.000,15.1280
2025-08-18T13:19:00.000,15.0495
2025-08-18T13:20:00.000,14.9985
2025-08-18T13:21:00.000,14.9060
2025-08-18T13:22:00.000,14.8371
2025-08-18T13:23:00.000,14.7722
2025-08-18T13:24:00.000,14.7294
2025-08-18T13:25:00.000,14.7391
2025-08-18T13:26:00.000,14.7556
2025-08-18T13:27:00.000,14.7432
2025-08-18T13:28:00.000,14.7570
2025-08-18T13:29:00.000,14.7929
2025-08-18T13:30:00.000,14.8053
2025-08-18T13:31:00.000,14.8053
2025-08-18T13:32:00.000,14.7984
2025-08-18T13:33:00.000,14.8233
2025-08-18T13:34:00.000,14.8660
2025-08-18T13:35:00.000,14.9143
2025-08-18T13:36:00.000,14.9654
2025-08-18T13:37:00.000,15.0288
2025-08-18T13:38:00.000,15.0977
2025-08-18T13:39:00.000,15.1515
2025-08-18T13:40:00.000,15.1625
2025-08-18T13:41:00.000,15.1487
2025-08-18T13:42:00.000,15.1501
2025-08-18T13:43:00.000,15.1680
2025-08-18T13:44:00.000,15.1749
2025-08-18T13:45:00.000,15.1901
2025-08-18T13:46:00.000,15.1832
2025-08-18T13:47:00.000,15.1653
2025-08-18T13:48:00.000,15.1432
2025-08-18T13:49:00.000,15.1170
2025-08-18T13:50:00.000,15.0867
2025-08-18T13:51:00.000,15.0591
2025-08-18T13:52:00.000,15.0426
2025-08-18T13:53:00.000,15.0233
2025-08-18T13:54:00.000,15.0026
2025-08-18T13:55:00.000,14.9764
2025-08-18T13:56:00.000,14.9488
2025-08-18T13:57:00.000,14.9226
2025-08-18T13:58:00.000,14.9019
2025-08-18T13:59:00.000,14.8936
2025-08-18T14:00:00.000,14.8895
2025-08-18T14:01:00.000,14.8922
2025-08-18T14:02:00.000,14.8964
2025-08-18T14:03:00.000,14.8991
2025-08-18T14:04:00.000,14.9005
2025-08-18T14:05:00.000,14.9060
2025-08-18T14:06:00.000,14.9226
2025-08-18T14:07:00.000,14.9488
2025-08-18T14:08:00.000,14.9764
2025-08-18T14:09:00.000,15.0012
2025-08-18T14:10:00.000,15.0302
2025-08-18T14:11:00.000,15.0481
2025-08-18T14:12:00.000,15.0605
2025-08-18T14:13:00.000,15.0770
2025-08-18T14:14:00.000,15.1032
2025-08-18T14:15:00.000,15.1239
2025-08-18T14:16:00.000,15.1432
2025-08-18T14:17:00.000,15.1556
2025-08-18T14:18:00.000,15.1721
2025-08-18T14:19:00.000,15.1845
2025-08-18T14:20:00.000,15.1983
2025-08-18T14:21:00.000,15.2121
2025-08-18T14:22:00.000,15.2190
2025-08-18T14:23:00.000,15.2245
2025-08-18T14:24:00.000,15.2190
2025-08-18T14:25:00.000,15.2080
2025-08-18T14:26:00.000,15.1818
2025-08-18T14:27:00.000,15.1584
2025-08-18T14:28:00.000,15.1198
2025-08-18T14:29:00.000,15.0509
2025-08-18T14:30:00.000,15.0109
2025-08-18T14:31:00.000,14.9667
2025-08-18T14:32:00.000,14.9281
2025-08-18T14:33:00.000,14.8784
2025-08-18T14:34:00.000,14.8081
2025-08-18T14:35:00.000,14.7335
2025-08-18T14:36:00.000,14.6893
2025-08-18T14:37:00.000,14.6424
2025-08-18T14:38:00.000,14.5940
2025-08-18T14:39:00.000,14.5429
2025-08-18T14:40:00.000,14.5015
2025-08-18T14:41:00.000,14.4572
2025-08-18T14:42:00.000,14.4240
2025-08-18T14:43:00.000,14.3950
2025-08-18T14:44:00.000,14.3687
2025-08-18T14:45:00.000,14.3411
2025-08-18T14:46:00.000,14.3148
2025-08-18T14:47:00.000,14.2871
2025-08-18T14:48:00.000,14.2484
2025-08-18T14:49:00.000,14.1902
2025-08-18T14:50:00.000,14.1085
2025-08-18T14:51:00.000,14.0129
2025-08-18T14:52:00.000,13.9076
2025-08-18T14:53:00.000,13.8008
2025-08-18T14:54:00.000,13.7245
2025-08-18T14:55:00.000,13.6704
2025-08-18T14:56:00.000,13.6121
2025-08-18T14:57:00.000,13.5759
2025-08-18T14:58:00.000,13.5287
2025-08-18T14:59:00.000,13.4870
2025-08-18T15:00:00.000,13.4537
2025-08-18T15:01:00.000,13.4147
2025-08-18T15:02:00.000,13.3855
2025-08-18T15:03:00.000,13.3619
2025-08-18T15:04:00.000,13.3452
2025-08-18T15:05:00.000,13.3313
2025-08-18T15:06:00.000,13.3257
2025-08-18T15:07:00.000,13.3216
2025-08-18T15:08:00.000,13.3076
2025-08-18T15:09:00.000,13.2965
2025-08-18T15:10:00.000,13.2951
2025-08-18T15:11:00.000,13.2951
2025-08-18T15:12:00.000,13.3132
2025-08-18T15:13:00.000,13.3549
2025-08-18T15:14:00.000,13.4161
2025-08-18T15:15:00.000,13.4759
2025-08-18T15:16:00.000,13.5412
2025-08-18T15:17:00.000,13.6079
2025-08-18T15:18:00.000,13.6773
2025-08-18T15:19:00.000,13.7412
2025-08-18T15:20:00.000,13.8008
2025-08-18T15:21:00.000,13.8577
2025-08-18T15:22:00.000,13.9062
2025-08-18T15:23:00.000,13.9464
2025-08-18T15:24:00.000,13.9852
2025-08-18T15:25:00.000,14.0116
2025-08-18T15:26:00.000,14.0171
2025-08-18T15:27:00.000,14.0213
2025-08-18T15:28:00.000,14.0393
2025-08-18T15:29:00.000,14.0296
2025-08-18T15:30:00.000,14.0213
2025-08-18T15:31:00.000,14.0019
2025-08-18T15:32:00.000,13.9242
2025-08-18T15:33:00.000,13.8799
2025-08-18T15:34:00.000,13.8591
2025-08-18T15:35:00.000,13.8480
2025-08-18T15:36:00.000,13.8397
2025-08-18T15:37:00.000,13.8300
2025-08-18T15:38:00.000,13.8161
2025-08-18T15:39:00.000,13.8008
2025-08-18T15:40:00.000,13.7842
2025-08-18T15:41:00.000,13.7661
2025-08-18T15:42:00.000,13.7481
2025-08-18T15:43:00.000,13.7287
2025-08-18T15:44:00.000,13.7106
2025-08-18T15:45:00.000,13.6926
2025-08-18T15:46:00.000,13.6787
2025-08-18T15:47:00.000,13.6662
2025-08-18T15:48:00.000,13.6565
2025-08-18T15:49:00.000,13.6468
2025-08-18T15:50:00.000,13.6412
2025-08-18T15:51:00.000,13.6329
2025-08-18T15:52:00.000,13.6232
2025-08-18T15:53:00.000,13.6107
2025-08-18T15:54:00.000,13.5996
2025-08-18T15:55:00.000,13.5815
2025-08-18T15:56:00.000,13.5690
2025-08-18T15:57:00.000,13.5523
2025-08-18T15:58:00.000,13.5370
2025-08-18T15:59:00.000,13.5176
2025-08-18T16:00:00.000,13.5009
2025-08-18T16:01:00.000,13.4801
2025-08-18T16:02:00.000,13.4662
2025-08-18T16:03:00.000,13.4537
2025-08-18T16:04:00.000,13.4467
2025-08-18T16:05:00.000,13.4481
2025-08-18T16:06:00.000,13.4523
2025-08-18T16:07:00.000,13.4578
2025-08-18T16:08:00.000,13.4648
2025-08-18T16:09:00.000,13.4731
2025-08-18T16:10:00.000,13.4815
2025-08-18T16:11:00.000,13.4898
2025-08-18T16:12:00.000,13.4995
2025-08-18T16:13:00.000,13.5079
2025-08-18T16:14:00.000,13.5176
2025-08-18T16:15:00.000,13.5343
2025-08-18T16:16:00.000,13.5523
2025-08-18T16:17:00.000,13.5773
2025-08-18T16:18:00.000,13.6093
2025-08-18T16:19:00.000,13.6440
2025-08-18T16:20:00.000,13.6898
2025-08-18T16:21:00.000,13.7328
2025-08-18T16:22:00.000,13.7786
2025-08-18T16:23:00.000,13.8175
2025-08-18T16:24:00.000,13.8549
2025-08-18T16:25:00.000,13.8937
2025-08-18T16:26:00.000,13.9284
2025-08-18T16:27:00.000,13.9644
2025-08-18T16:28:00.000,13.9963
2025-08-18T16:29:00.000,14.0351
2025-08-18T16:30:00.000,14.0656
2025-08-18T16:31:00.000,14.0961
2025-08-18T16:32:00.000,14.1279
2025-08-18T16:33:00.000,14.1722
2025-08-18T16:34:00.000,14.2318
2025-08-18T16:35:00.000,14.2996
2025-08-18T16:36:00.000,14.3839
2025-08-18T16:37:00.000,14.4724
2025-08-18T16:38:00.000,14.5443
2025-08-18T16:39:00.000,14.6106
2025-08-18T16:40:00.000,14.6631
2025-08-18T16:41:00.000,14.7087
2025-08-18T16:42:00.000,14.7529
2025-08-18T16:43:00.000,14.7887
2025-08-18T16:44:00.000,14.8081
2025-08-18T16:45:00.000,14.8260
2025-08-18T16:46:00.000,14.8440
2025-08-18T16:47:00.000,14.8550
2025-08-18T16:48:00.000,14.8660
2025-08-18T16:49:00.000,14.8784
2025-08-18T16:50:00.000,14.8867
2025-08-18T16:51:00.000,14.8881
2025-08-18T16:52:00.000,14.8826
2025-08-18T16:53:00.000,14.8647
2025-08-18T16:54:00.000,14.8164
2025-08-18T16:55:00.000,14.7142
2025-08-18T16:56:00.000,14.6203
2025-08-18T16:57:00.000,14.4683
2025-08-18T16:58:00.000,14.3106
2025-08-18T16:59:00.000,14.1681
2025-08-18T17:00:00.000,14.0379
2025-08-18T17:01:00.000,13.9201
2025-08-18T17:02:00.000,13.8147
2025-08-18T17:03:00.000,13.7314
2025-08-18T17:04:00.000,13.6648
2025-08-18T17:05:00.000,13.6162
2025-08-18T17:06:00.000,13.5857
2025-08-18T17:07:00.000,13.5690
2025-08-18T17:08:00.000,13.5593
2025-08-18T17:09:00.000,13.5454
2025-08-18T17:10:00.000,13.5218
2025-08-18T17:11:00.000,13.4856
2025-08-18T17:12:00.000,13.4453
2025-08-18T17:13:00.000,13.4120
2025-08-18T17:14:00.000,13.3772
2025-08-18T17:15:00.000,13.3452
2025-08-18T17:16:00.000,13.3174
2025-08-18T17:17:00.000,13.2854
2025-08-18T17:18:00.000,13.2534
2025-08-18T17:19:00.000,13.2186
2025-08-18T17:20:00.000,13.1838
2025-08-18T17:21:00.000,13.1504
2025-08-18T17:22:00.000,13.1211
2025-08-18T17:23:00.000,13.0960
2025-08-18T17:24:00.000,13.0737
2025-08-18T17:25:00.000,13.0528
2025-08-18T17:26:00.000,13.0361
2025-08-18T17:27:00.000,13.0236
2025-08-18T17:28:00.000,13.0152
2025-08-18T17:29:00.000,13.0096
2025-08-18T17:30:00.000,13.0138
2025-08-18T17:31:00.000,13.0152
2025-08-18T17:32:00.000,13.0180
2025-08-18T17:33:00.000,13.0264
2025-08-18T17:34:00.000,13.0375
2025-08-18T17:35:00.000,13.0528
2025-08-18T17:36:00.000,13.0821
2025-08-18T17:37:00.000,13.1100
2025-08-18T17:38:00.000,13.1253
2025-08-18T17:39:00.000,13.1322
2025-08-18T17:40:00.000,13.1392
2025-08-18T17:41:00.000,13.1476
2025-08-18T17:42:00.000,13.1517
2025-08-18T17:43:00.000,13.1448
2025-08-18T17:44:00.000,13.1336
2025-08-18T17:45:00.000,13.1183
2025-08-18T17:46:00.000,13.1072
2025-08-18T17:47:00.000,13.1058
2025-08-18T17:48:00.000,13.1016
2025-08-18T17:49:00.000,13.0974
2025-08-18T17:50:00.000,13.0918
2025-08-18T17:51:00.000,13.0849
2025-08-18T17:52:00.000,13.0793
2025-08-18T17:53:00.000,13.0723
2025-08-18T17:54:00.000,13.0654
2025-08-18T17:55:00.000,13.0626
2025-08-18T17:56:00.000,13.0612
2025-08-18T17:57:00.000,13.0612
2025-08-18T17:58:00.000,13.0598
2025-08-18T17:59:00.000,13.0612
2025-08-18T18:00:00.000,13.0612
2025-08-18T18:01:00.000,13.0612
2025-08-18T18:02:00.000,13.0626
2025-08-18T18:03:00.000,13.0640
2025-08-18T18:04:00.000,13.0654
2025-08-18T18:05:00.000,13.0723
2025-08-18T18:06:00.000,13.0723
2025-08-18T18:07:00.000,13.0737
2025-08-18T18:08:00.000,13.0751
2025-08-18T18:09:00.000,13.0765
2025-08-18T18:10:00.000,13.0779
2025-08-18T18:11:00.000,13.0793
2025-08-18T18:12:00.000,13.0807
2025-08-18T18:13:00.000,13.0821
2025-08-18T18:14:00.000,13.0835
2025-08-18T18:15:00.000,13.0863
2025-08-18T18:16:00.000,13.0891
2025-08-18T18:17:00.000,13.0918
2025-08-18T18:18:00.000,13.0932
2025-08-18T18:19:00.000,13.0946
2025-08-18T18:20:00.000,13.0974
2025-08-18T18:21:00.000,13.0974
2025-08-18T18:22:00.000,13.1002
2025-08-18T18:23:00.000,13.0974
2025-08-18T18:24:00.000,13.0960
2025-08-18T18:25:00.000,13.0932
2025-08-18T18:26:00.000,13.0891
2025-08-18T18:27:00.000,13.0849
2025-08-18T18:28:00.000,13.0793
2025-08-18T18:29:00.000,13.0710
2025-08-18T18:30:00.000,13.0598
2025-08-18T18:31:00.000,13.0514
2025-08-18T18:32:00.000,13.0417
2025-08-18T18:33:00.000,13.0319
2025-08-18T18:34:00.000,13.0236
2025-08-18T18:35:00.000,13.0152
2025-08-18T18:36:00.000,13.0082
2025-08-18T18:37:00.000,13.0027
2025-08-18T18:38:00.000,12.9999
2025-08-18T18:39:00.000,13.0041
2025-08-18T18:40:00.000,13.0041
2025-08-18T18:41:00.000,13.0068
2025-08-18T18:42:00.000,13.0110
2025-08-18T18:43:00.000,13.0152
2025-08-18T18:44:00.000,13.0194
2025-08-18T18:45:00.000,13.0236
2025-08-18T18:46:00.000,13.0291
2025-08-18T18:47:00.000,13.0347
2025-08-18T18:48:00.000,13.0417
2025-08-18T18:49:00.000,13.0500
2025-08-18T18:50:00.000,13.0668
2025-08-18T18:51:00.000,13.0918
2025-08-18T18:52:00.000,13.1155
2025-08-18T18:53:00.000,13.1322
2025-08-18T18:54:00.000,13.1448
2025-08-18T18:55:00.000,13.1601
2025-08-18T18:56:00.000,13.1879
2025-08-18T18:57:00.000,13.2255
2025-08-18T18:58:00.000,13.2617
2025-08-18T18:59:00.000,13.2979
2025-08-18T19:00:00.000,13.3313
2025-08-18T19:01:00.000,13.3577
2025-08-18T19:02:00.000,13.3786
2025-08-18T19:03:00.000,13.3981
2025-08-18T19:04:00.000,13.4147
2025-08-18T19:05:00.000,13.4300
2025-08-18T19:06:00.000,13.4453
2025-08-18T19:07:00.000,13.4592
2025-08-18T19:08:00.000,13.4731
2025-08-18T19:09:00.000,13.4870
2025-08-18T19:10:00.000,13.5065
2025-08-18T19:11:00.000,13.5273
2025-08-18T19:12:00.000,13.5482
2025-08-18T19:13:00.000,13.5746
2025-08-18T19:14:00.000,13.5954
2025-08-18T19:15:00.000,13.6121
2025-08-18T19:16:00.000,13.6287
2025-08-18T19:17:00.000,13.6412
2025-08-18T19:18:00.000,13.6523
2025-08-18T19:19:00.000,13.6579
2025-08-18T19:20:00.000,13.6620
2025-08-18T19:21:00.000,13.6620
2025-08-18T19:22:00.000,13.6593
2025-08-18T19:23:00.000,13.6537
2025-08-18T19:24:00.000,13.6482
2025-08-18T19:25:00.000,13.6440
2025-08-18T19:26:00.000,13.6426
2025-08-18T19:27:00.000,13.6440
2025-08-18T19:28:00.000,13.6454
2025-08-18T19:29:00.000,13.6482
2025-08-18T19:30:00.000,13.6565
2025-08-18T19:31:00.000,13.6593
2025-08-18T19:32:00.000,13.6620
2025-08-18T19:33:00.000,13.6648
2025-08-18T19:34:00.000,13.6676
2025-08-18T19:35:00.000,13.6690
2025-08-18T19:36:00.000,13.6704
2025-08-18T19:37:00.000,13.6704
2025-08-18T19:38:00.000,13.6732
2025-08-18T19:39:00.000,13.6759
2025-08-18T19:40:00.000,13.6829
2025-08-18T19:41:00.000,13.6940
2025-08-18T19:42:00.000,13.6981
2025-08-18T19:43:00.000,13.6926
2025-08-18T19:44:00.000,13.6732
2025-08-18T19:45:00.000,13.6468
2025-08-18T19:46:00.000,13.6162
2025-08-18T19:47:00.000,13.5829
2025-08-18T19:48:00.000,13.5384
2025-08-18T19:49:00.000,13.4940
2025-08-18T19:50:00.000,13.4439
2025-08-18T19:51:00.000,13.3967
2025-08-18T19:52:00.000,13.3577
2025-08-18T19:53:00.000,13.3257
2025-08-18T19:54:00.000,13.2979
2025-08-18T19:55:00.000,13.2756
2025-08-18T19:56:00.000,13.2534
2025-08-18T19:57:00.000,13.2339
2025-08-18T19:58:00.000,13.2158
2025-08-18T19:59:00.000,13.1991
2025-08-18T20:00:00.000,13.1852
2025-08-18T20:01:00.000,13.1754
2025-08-18T20:02:00.000,13.1643
2025-08-18T20:03:00.000,13.1545
2025-08-18T20:04:00.000,13.1462
2025-08-18T20:05:00.000,13.1322
2025-08-18T20:06:00.000,13.1239
2025-08-18T20:07:00.000,13.1197
2025-08-18T20:08:00.000,13.1169
2025-08-18T20:09:00.000,13.1155
2025-08-18T20:10:00.000,13.1127
2025-08-18T20:11:00.000,13.1086
2025-08-18T20:12:00.000,13.1030
2025-08-18T20:13:00.000,13.0988
2025-08-18T20:14:00.000,13.0932
2025-08-18T20:15:00.000,13.0891
2025-08-18T20:16:00.000,13.0863
2025-08-18T20:17:00.000,13.0849
2025-08-18T20:18:00.000,13.0835
2025-08-18T20:19:00.000,13.0793
2025-08-18T20:20:00.000,13.0737
2025-08-18T20:21:00.000,13.0737
2025-08-18T20:22:00.000,13.0696
2025-08-18T20:23:00.000,13.0668
2025-08-18T20:24:00.000,13.0668
2025-08-18T20:25:00.000,13.0696
2025-08-18T20:26:00.000,13.0737
2025-08-18T20:27:00.000,13.0682
2025-08-18T20:28:00.000,13.0570
2025-08-18T20:29:00.000,13.0473
2025-08-18T20:30:00.000,13.0375
2025-08-18T20:31:00.000,13.0236
2025-08-18T20:32:00.000,13.0110
2025-08-18T20:33:00.000,13.0041
2025-08-18T20:34:00.000,12.9971
2025-08-18T20:35:00.000,12.9859
2025-08-18T20:36:00.000,12.9720
2025-08-18T20:37:00.000,12.9580
2025-08-18T20:38:00.000,12.9497
2025-08-18T20:39:00.000,12.9371
2025-08-18T20:40:00.000,12.9288
2025-08-18T20:41:00.000,12.9232
2025-08-18T20:42:00.000,12.9204
2025-08-18T20:43:00.000,12.9232
2025-08-18T20:44:00.000,12.9316
2025-08-18T20:45:00.000,12.9427
2025-08-18T20:46:00.000,12.9483
2025-08-18T20:47:00.000,12.9483
2025-08-18T20:48:00.000,12.9441
2025-08-18T20:49:00.000,12.9385
2025-08-18T20:50:00.000,12.9343
2025-08-18T20:51:00.000,12.9329
2025-08-18T20:52:00.000,12.9288
2025-08-18T20:53:00.000,12.9274
2025-08-18T20:54:00.000,12.9329
2025-08-18T20:55:00.000,12.9329
2025-08-18T20:56:00.000,12.9385
2025-08-18T20:57:00.000,12.9511
2025-08-18T20:58:00.000,12.9678
2025-08-18T20:59:00.000,12.9901
2025-08-18T21:00:00.000,13.0166
2025-08-18T21:01:00.000,13.0417
2025-08-18T21:02:00.000,13.0598
2025-08-18T21:03:00.000,13.0668
2025-08-18T21:04:00.000,13.0640
2025-08-18T21:05:00.000,13.0612
2025-08-18T21:06:00.000,13.0640
2025-08-18T21:07:00.000,13.0696
2025-08-18T21:08:00.000,13.0807
2025-08-18T21:09:00.000,13.0905
2025-08-18T21:10:00.000,13.0821
2025-08-18T21:11:00.000,13.0932
2025-08-18T21:12:00.000,13.1044
2025-08-18T21:13:00.000,13.1281
2025-08-18T21:14:00.000,13.1490
2025-08-18T21:15:00.000,13.1545
2025-08-18T21:16:00.000,13.1476
2025-08-18T21:17:00.000,13.1309
2025-08-18T21:18:00.000,13.1127
2025-08-18T21:19:00.000,13.0988
2025-08-18T21:20:00.000,13.0821
2025-08-18T21:21:00.000,13.0682
2025-08-18T21:22:00.000,13.0584
2025-08-18T21:23:00.000,13.0473
2025-08-18T21:24:00.000,13.0473
2025-08-18T21:25:00.000,13.0487
2025-08-18T21:26:00.000,13.0500
2025-08-18T21:27:00.000,13.0570
2025-08-18T21:28:00.000,13.0710
2025-08-18T21:29:00.000,13.1030
2025-08-18T21:30:00.000,13.1169
2025-08-18T21:31:00.000,13.1309
2025-08-18T21:32:00.000,13.1448
2025-08-18T21:33:00.000,13.1517
2025-08-18T21:34:00.000,13.1643
2025-08-18T21:35:00.000,13.1838
2025-08-18T21:36:00.000,13.2228
2025-08-18T21:37:00.000,13.2729
2025-08-18T21:38:00.000,13.3466
2025-08-18T21:39:00.000,13.4161
2025-08-18T21:40:00.000,13.5106
2025-08-18T21:41:00.000,13.6579
2025-08-18T21:42:00.000,13.8147
2025-08-18T21:43:00.000,13.9700
2025-08-18T21:44:00.000,14.1085
2025-08-18T21:45:00.000,14.2262
2025-08-18T21:46:00.000,14.3314
2025-08-18T21:47:00.000,14.4171
2025-08-18T21:48:00.000,14.4862
2025-08-18T21:49:00.000,14.5415
2025-08-18T21:50:00.000,14.5913
2025-08-18T21:51:00.000,14.6313
2025-08-18T21:52:00.000,14.6576
2025-08-18T21:53:00.000,14.6797
2025-08-18T21:54:00.000,14.7018
2025-08-18T21:55:00.000,14.7252
2025-08-18T21:56:00.000,14.7432
2025-08-18T21:57:00.000,14.7584
2025-08-18T21:58:00.000,14.7653
2025-08-18T21:59:00.000,14.7570
2025-08-18T22:00:00.000,14.6852
2025-08-18T22:01:00.000,14.6079
2025-08-18T22:02:00.000,14.5775
2025-08-18T22:03:00.000,14.4780
2025-08-18T22:04:00.000,14.3494
2025-08-18T22:05:00.000,14.2553
2025-08-18T22:06:00.000,14.1182
2025-08-18T22:07:00.000,13.9894
2025-08-18T22:08:00.000,13.8591
2025-08-18T22:09:00.000,13.7203
2025-08-18T22:10:00.000,13.5968
2025-08-18T22:11:00.000,13.4829
2025-08-18T22:12:00.000,13.3814
2025-08-18T22:13:00.000,13.2937
2025-08-18T22:14:00.000,13.2200
2025-08-18T22:15:00.000,13.1615
2025-08-18T22:16:00.000,13.1155
2025-08-18T22:17:00.000,13.0765
2025-08-18T22:18:00.000,13.0403
2025-08-18T22:19:00.000,13.0124
2025-08-18T22:20:00.000,12.9929
2025-08-18T22:21:00.000,12.9664
2025-08-18T22:22:00.000,12.9413
2025-08-18T22:23:00.000,12.9190
2025-08-18T22:24:00.000,12.9023
2025-08-18T22:25:00.000,12.8911
2025-08-18T22:26:00.000,12.8827
2025-08-18T22:27:00.000,12.8785
2025-08-18T22:28:00.000,12.8744
2025-08-18T22:29:00.000,12.8716
2025-08-18T22:30:00.000,12.8688
2025-08-18T22:31:00.000,12.8646
2025-08-18T22:32:00.000,12.8618
2025-08-18T22:33:00.000,12.8590
2025-08-18T22:34:00.000,12.8562
2025-08-18T22:35:00.000,12.8534
2025-08-18T22:36:00.000,12.8506
2025-08-18T22:37:00.000,12.8492
2025-08-18T22:38:00.000,12.8437
2025-08-18T22:39:00.000,12.8367
2025-08-18T22:40:00.000,12.8297
2025-08-18T22:41:00.000,12.8241
2025-08-18T22:42:00.000,12.8199
2025-08-18T22:43:00.000,12.8158
2025-08-18T22:44:00.000,12.8116
2025-08-18T22:45:00.000,12.8074
2025-08-18T22:46:00.000,12.8088
2025-08-18T22:47:00.000,12.8130
2025-08-18T22:48:00.000,12.8451
2025-08-18T22:49:00.000,12.8827
2025-08-18T22:50:00.000,12.9037
2025-08-18T22:51:00.000,12.9051
2025-08-18T22:52:00.000,12.8995
2025-08-18T22:53:00.000,12.8939
2025-08-18T22:54:00.000,12.8911
2025-08-18T22:55:00.000,12.8855
2025-08-18T22:56:00.000,12.8813
2025-08-18T22:57:00.000,12.8785
2025-08-18T22:58:00.000,12.8785
2025-08-18T22:59:00.000,12.8799
2025-08-18T23:00:00.000,12.8841
2025-08-18T23:01:00.000,12.8869
2025-08-18T23:02:00.000,12.8911
2025-08-18T23:03:00.000,12.8925
2025-08-18T23:04:00.000,12.8953
2025-08-18T23:05:00.000,12.8967
2025-08-18T23:06:00.000,12.8981
2025-08-18T23:07:00.000,12.8995
2025-08-18T23:08:00.000,12.9009
2025-08-18T23:09:00.000,12.9009
2025-08-18T23:10:00.000,12.9023
2025-08-18T23:11:00.000,12.9078
2025-08-18T23:12:00.000,12.9078
2025-08-18T23:13:00.000,12.9092
2025-08-18T23:14:00.000,12.9092
2025-08-18T23:15:00.000,12.9106
2025-08-18T23:16:00.000,12.9106
2025-08-18T23:17:00.000,12.9120
2025-08-18T23:18:00.000,12.9148
2025-08-18T23:19:00.000,12.9162
2025-08-18T23:20:00.000,12.9190
2025-08-18T23:21:00.000,12.9204
2025-08-18T23:22:00.000,12.9232
2025-08-18T23:23:00.000,12.9274
2025-08-18T23:24:00.000,12.9316
2025-08-18T23:25:00.000,12.9357
2025-08-18T23:26:00.000,12.9399
2025-08-18T23:27:00.000,12.9441
2025-08-18T23:28:00.000,12.9511
2025-08-18T23:29:00.000,12.9539
2025-08-18T23:30:00.000,12.9580
2025-08-18T23:31:00.000,12.9608
2025-08-18T23:32:00.000,12.9650
2025-08-18T23:33:00.000,12.9678
2025-08-18T23:34:00.000,12.9692
2025-08-18T23:35:00.000,12.9734
2025-08-18T23:36:00.000,12.9748
2025-08-18T23:37:00.000,12.9748
2025-08-18T23:38:00.000,12.9748
2025-08-18T23:39:00.000,12.9762
2025-08-18T23:40:00.000,12.9790
2025-08-18T23:41:00.000,12.9804
2025-08-18T23:42:00.000,12.9804
2025-08-18T23:43:00.000,12.9790
2025-08-18T23:44:00.000,12.9804
2025-08-18T23:45:00.000,12.9859
2025-08-18T23:46:00.000,12.9873
2025-08-18T23:47:00.000,12.9887
2025-08-18T23:48:00.000,12.9901
2025-08-18T23:49:00.000,12.9901
2025-08-18T23:50:00.000,12.9915
2025-08-18T23:51:00.000,12.9943
2025-08-18T23:52:00.000,12.9957
2025-08-18T23:53:00.000,12.9971
2025-08-18T23:54:00.000,12.9999
2025-08-18T23:55:00.000,13.0027
2025-08-18T23:56:00.000,13.0054
2025-08-18T23:57:00.000,13.0096
2025-08-18T23:58:00.000,13.0124
2025-08-18T23:59:00.000,13.0180
2025-08-19T00:00:00.000,13.0208
2025-08-19T00:01:00.000,13.0236
2025-08-19T00:02:00.000,13.0319
2025-08-19T00:03:00.000,13.0333
2025-08-19T00:04:00.000,13.0375
2025-08-19T00:05:00.000,13.0403
2025-08-19T00:06:00.000,13.0431
2025-08-19T00:07:00.000,13.0459
2025-08-19T00:08:00.000,13.0459
2025-08-19T00:09:00.000,13.0473
2025-08-19T00:10:00.000,13.0487
2025-08-19T00:11:00.000,13.0487
2025-08-19T00:12:00.000,13.0487
2025-08-19T00:13:00.000,13.0500
2025-08-19T00:14:00.000,13.0500
2025-08-19T00:15:00.000,13.0514
2025-08-19T00:16:00.000,13.0528
2025-08-19T00:17:00.000,13.0542
2025-08-19T00:18:00.000,13.0542
2025-08-19T00:19:00.000,13.0598
2025-08-19T00:20:00.000,13.0612
2025-08-19T00:21:00.000,13.0612
2025-08-19T00:22:00.000,13.0612
2025-08-19T00:23:00.000,13.0626
2025-08-19T00:24:00.000,13.0654
2025-08-19T00:25:00.000,13.0668
2025-08-19T00:26:00.000,13.0682
2025-08-19T00:27:00.000,13.0696
2025-08-19T00:28:00.000,13.0710
2025-08-19T00:29:00.000,13.0723
2025-08-19T00:30:00.000,13.0737
2025-08-19T00:31:00.000,13.0737
2025-08-19T00:32:00.000,13.0751
2025-08-19T00:33:00.000,13.0765
2025-08-19T00:34:00.000,13.0765
2025-08-19T00:35:00.000,13.0779
2025-08-19T00:36:00.000,13.0835
2025-08-19T00:37:00.000,13.0821
2025-08-19T00:38:00.000,13.0821
2025-08-19T00:39:00.000,13.0807
2025-08-19T00:40:00.000,13.0807
2025-08-19T00:41:00.000,13.0807
2025-08-19T00:42:00.000,13.0793
2025-08-19T00:43:00.000,13.0793
2025-08-19T00:44:00.000,13.0793
2025-08-19T00:45:00.000,13.0793
2025-08-19T00:46:00.000,13.0779
2025-08-19T00:47:00.000,13.0779
2025-08-19T00:48:00.000,13.0779
2025-08-19T00:49:00.000,13.0765
2025-08-19T00:50:00.000,13.0765
2025-08-19T00:51:00.000,13.0765
2025-08-19T00:52:00.000,13.0751
2025-08-19T00:53:00.000,13.0793
2025-08-19T00:54:00.000,13.0793
2025-08-19T00:55:00.000,13.0779
2025-08-19T00:56:00.000,13.0793
2025-08-19T00:57:00.000,13.0793
2025-08-19T00:58:00.000,13.0793
2025-08-19T00:59:00.000,13.0807
2025-08-19T01:00:00.000,13.0807
2025-08-19T01:01:00.000,13.0807
2025-08-19T01:02:00.000,13.0821
2025-08-19T01:03:00.000,13.0835
2025-08-19T01:04:00.000,13.0849
2025-08-19T01:05:00.000,13.0849
2025-08-19T01:06:00.000,13.0863
2025-08-19T01:07:00.000,13.0891
2025-08-19T01:08:00.000,13.0905
2025-08-19T01:09:00.000,13.0918
2025-08-19T01:10:00.000,13.0974
2025-08-19T01:11:00.000,13.0988
2025-08-19T01:12:00.000,13.0988
2025-08-19T01:13:00.000,13.1002
2025-08-19T01:14:00.000,13.1016
2025-08-19T01:15:00.000,13.1044
2025-08-19T01:16:00.000,13.1072
2025-08-19T01:17:00.000,13.1100
2025-08-19T01:18:00.000,13.1183
2025-08-19T01:19:00.000,13.1364
2025-08-19T01:20:00.000,13.1504
2025-08-19T01:21:00.000,13.1573
2025-08-19T01:22:00.000,13.1573
2025-08-19T01:23:00.000,13.1531
2025-08-19T01:24:00.000,13.1462
2025-08-19T01:25:00.000,13.1392
2025-08-19T01:26:00.000,13.1322
2025-08-19T01:27:00.000,13.1295
2025-08-19T01:28:00.000,13.1211
2025-08-19T01:29:00.000,13.1141
2025-08-19T01:30:00.000,13.1086
2025-08-19T01:31:00.000,13.1030
2025-08-19T01:32:00.000,13.1002
2025-08-19T01:33:00.000,13.0974
2025-08-19T01:34:00.000,13.0946
2025-08-19T01:35:00.000,13.0918
2025-08-19T01:36:00.000,13.0891
2025-08-19T01:37:00.000,13.0877
2025-08-19T01:38:00.000,13.0863
2025-08-19T01:39:00.000,13.0849
2025-08-19T01:40:00.000,13.0849
2025-08-19T01:41:00.000,13.0849
2025-08-19T01:42:00.000,13.0849
2025-08-19T01:43:00.000,13.0849
2025-08-19T01:44:00.000,13.0891
2025-08-19T01:45:00.000,13.0891
2025-08-19T01:46:00.000,13.0905
2025-08-19T01:47:00.000,13.0905
2025-08-19T01:48:00.000,13.0918
2025-08-19T01:49:00.000,13.0946
2025-08-19T01:50:00.000,13.0988
2025-08-19T01:51:00.000,13.1016
2025-08-19T01:52:00.000,13.1058
2025-08-19T01:53:00.000,13.1086
2025-08-19T01:54:00.000,13.1127
2025-08-19T01:55:00.000,13.1155
2025-08-19T01:56:00.000,13.1169
2025-08-19T01:57:00.000,13.1211
2025-08-19T01:58:00.000,13.1309
2025-08-19T01:59:00.000,13.1504
2025-08-19T02:00:00.000,13.1685
2025-08-19T02:01:00.000,13.1977
2025-08-19T02:02:00.000,13.2200
2025-08-19T02:03:00.000,13.2311
2025-08-19T02:04:00.000,13.2408
2025-08-19T02:05:00.000,13.2520
2025-08-19T02:06:00.000,13.2576
2025-08-19T02:07:00.000,13.2645
2025-08-19T02:08:00.000,13.2687
2025-08-19T02:09:00.000,13.2659
2025-08-19T02:10:00.000,13.2603
2025-08-19T02:11:00.000,13.2520
2025-08-19T02:12:00.000,13.2450
2025-08-19T02:13:00.000,13.2367
2025-08-19T02:14:00.000,13.2297
2025-08-19T02:15:00.000,13.2241
2025-08-19T02:16:00.000,13.2214
2025-08-19T02:17:00.000,13.2214
2025-08-19T02:18:00.000,13.2283
2025-08-19T02:19:00.000,13.2269
2025-08-19T02:20:00.000,13.2228
2025-08-19T02:21:00.000,13.2158
2025-08-19T02:22:00.000,13.2144
2025-08-19T02:23:00.000,13.2200
2025-08-19T02:24:00.000,13.2395
2025-08-19T02:25:00.000,13.2492
2025-08-19T02:26:00.000,13.2492
2025-08-19T02:27:00.000,13.2450
2025-08-19T02:28:00.000,13.2450
2025-08-19T02:29:00.000,13.2464
2025-08-19T02:30:00.000,13.2506
2025-08-19T02:31:00.000,13.2562
2025-08-19T02:32:00.000,13.2603
2025-08-19T02:33:00.000,13.2589
2025-08-19T02:34:00.000,13.2534
2025-08-19T02:35:00.000,13.2520
2025-08-19T02:36:00.000,13.2492
2025-08-19T02:37:00.000,13.2576
2025-08-19T02:38:00.000,13.2715
2025-08-19T02:39:00.000,13.2854
2025-08-19T02:40:00.000,13.3035
2025-08-19T02:41:00.000,13.3132
2025-08-19T02:42:00.000,13.3188
2025-08-19T02:43:00.000,13.3216
2025-08-19T02:44:00.000,13.3160
2025-08-19T02:45:00.000,13.3146
2025-08-19T02:46:00.000,13.3160
2025-08-19T02:47:00.000,13.3216
2025-08-19T02:48:00.000,13.3327
2025-08-19T02:49:00.000,13.3438
2025-08-19T02:50:00.000,13.3619
2025-08-19T02:51:00.000,13.3772
2025-08-19T02:52:00.000,13.4008
2025-08-19T02:53:00.000,13.4286
2025-08-19T02:54:00.000,13.4523
2025-08-19T02:55:00.000,13.4773
2025-08-19T02:56:00.000,13.5009
2025-08-19T02:57:00.000,13.5162
2025-08-19T02:58:00.000,13.5329
2025-08-19T02:59:00.000,13.5482
2025-08-19T03:00:00.000,13.5732
2025-08-19T03:01:00.000,13.6065
2025-08-19T03:02:00.000,13.6495
2025-08-19T03:03:00.000,13.6912
2025-08-19T03:04:00.000,13.7328
2025-08-19T03:05:00.000,13.7772
2025-08-19T03:06:00.000,13.8147
2025-08-19T03:07:00.000,13.8369
2025-08-19T03:08:00.000,13.8549
2025-08-19T03:09:00.000,13.8813
2025-08-19T03:10:00.000,13.9090
2025-08-19T03:11:00.000,13.9409
2025-08-19T03:12:00.000,13.9852
2025-08-19T03:13:00.000,14.0407
2025-08-19T03:14:00.000,14.0988
2025-08-19T03:15:00.000,14.1487
2025-08-19T03:16:00.000,14.2096
2025-08-19T03:17:00.000,14.2926
2025-08-19T03:18:00.000,14.3701
2025-08-19T03:19:00.000,14.4337
2025-08-19T03:20:00.000,14.5001
2025-08-19T03:21:00.000,14.5484
2025-08-19T03:22:00.000,14.5968
2025-08-19T03:23:00.000,14.6286
2025-08-19T03:24:00.000,14.6672
2025-08-19T03:25:00.000,14.7073
2025-08-19T03:26:00.000,14.7432
2025-08-19T03:27:00.000,14.7818
2025-08-19T03:28:00.000,14.8067
2025-08-19T03:29:00.000,14.8246
2025-08-19T03:30:00.000,14.8384
2025-08-19T03:31:00.000,14.8522
2025-08-19T03:32:00.000,14.8660
2025-08-19T03:33:00.000,14.8840
2025-08-19T03:34:00.000,14.8991
2025-08-19T03:35:00.000,14.9143
2025-08-19T03:36:00.000,14.9240
2025-08-19T03:37:00.000,14.9323
2025-08-19T03:38:00.000,14.9391
2025-08-19T03:39:00.000,14.9447
2025-08-19T03:40:00.000,14.9529
2025-08-19T03:41:00.000,14.9640
2025-08-19T03:42:00.000,14.9695
2025-08-19T03:43:00.000,14.9791
2025-08-19T03:44:00.000,14.9874
2025-08-19T03:45:00.000,14.9888
2025-08-19T03:46:00.000,14.9888
2025-08-19T03:47:00.000,14.9943
2025-08-19T03:48:00.000,14.9957
2025-08-19T03:49:00.000,14.9971
2025-08-19T03:50:00.000,14.9985
2025-08-19T03:51:00.000,14.9998
2025-08-19T03:52:00.000,15.0012
2025-08-19T03:53:00.000,15.0040
2025-08-19T03:54:00.000,15.0122
2025-08-19T03:55:00.000,15.0178
2025-08-19T03:56:00.000,15.0260
2025-08-19T03:57:00.000,15.0315
2025-08-19T03:58:00.000,15.0343
2025-08-19T03:59:00.000,15.0329
2025-08-19T04:00:00.000,15.0343
2025-08-19T04:01:00.000,15.0426
2025-08-19T04:02:00.000,15.0453
2025-08-19T04:03:00.000,15.0467
2025-08-19T04:04:00.000,15.0453
2025-08-19T04:05:00.000,15.0467
2025-08-19T04:06:00.000,15.0522
2025-08-19T04:07:00.000,15.0564
2025-08-19T04:08:00.000,15.0633
2025-08-19T04:09:00.000,15.0688
2025-08-19T04:10:00.000,15.0743
2025-08-19T04:11:00.000,15.0784
2025-08-19T04:12:00.000,15.0826
2025-08-19T04:13:00.000,15.0853
2025-08-19T04:14:00.000,15.0881
2025-08-19T04:15:00.000,15.0881
2025-08-19T04:16:00.000,15.0895
2025-08-19T04:17:00.000,15.0908
2025-08-19T04:18:00.000,15.0963
2025-08-19T04:19:00.000,15.1005
2025-08-19T04:20:00.000,15.1046
2025-08-19T04:21:00.000,15.1115
2025-08-19T04:22:00.000,15.1170
2025-08-19T04:23:00.000,15.1212
2025-08-19T04:24:00.000,15.1239
2025-08-19T04:25:00.000,15.1280
2025-08-19T04:26:00.000,15.1322
2025-08-19T04:27:00.000,15.1336
2025-08-19T04:28:00.000,15.1349
2025-08-19T04:29:00.000,15.1349
2025-08-19T04:30:00.000,15.1363
2025-08-19T04:31:00.000,15.1391
2025-08-19T04:32:00.000,15.1418
2025-08-19T04:33:00.000,15.1432
2025-08-19T04:34:00.000,15.1446
2025-08-19T04:35:00.000,15.1473
2025-08-19T04:36:00.000,15.1460
2025-08-19T04:37:00.000,15.1446
2025-08-19T04:38:00.000,15.1446
2025-08-19T04:39:00.000,15.1446
2025-08-19T04:40:00.000,15.1446
2025-08-19T04:41:00.000,15.1473
2025-08-19T04:42:00.000,15.1487
2025-08-19T04:43:00.000,15.1501
2025-08-19T04:44:00.000,15.1501
2025-08-19T04:45:00.000,15.1487
2025-08-19T04:46:00.000,15.1460
2025-08-19T04:47:00.000,15.1432
2025-08-19T04:48:00.000,15.1404
2025-08-19T04:49:00.000,15.1363
2025-08-19T04:50:00.000,15.1336
2025-08-19T04:51:00.000,15.1280
2025-08-19T04:52:00.000,15.1308
2025-08-19T04:53:00.000,15.1280
2025-08-19T04:54:00.000,15.1239
2025-08-19T04:55:00.000,15.1212
2025-08-19T04:56:00.000,15.1170
2025-08-19T04:57:00.000,15.1143
2025-08-19T04:58:00.000,15.1115
2025-08-19T04:59:00.000,15.1087
2025-08-19T05:00:00.000,15.1046
2025-08-19T05:01:00.000,15.1005
2025-08-19T05:02:00.000,15.0950
2025-08-19T05:03:00.000,15.0908
2025-08-19T05:04:00.000,15.0853
2025-08-19T05:05:00.000,15.0798
2025-08-19T05:06:00.000,15.0757
2025-08-19T05:07:00.000,15.0702
2025-08-19T05:08:00.000,15.0646
2025-08-19T05:09:00.000,15.0605
2025-08-19T05:10:00.000,15.0550
2025-08-19T05:11:00.000,15.0522
2025-08-19T05:12:00.000,15.0495
2025-08-19T05:13:00.000,15.0467
2025-08-19T05:14:00.000,15.0481
2025-08-19T05:15:00.000,15.0495
2025-08-19T05:16:00.000,15.0509
2025-08-19T05:17:00.000,15.0536
2025-08-19T05:18:00.000,15.0536
2025-08-19T05:19:00.000,15.0564
2025-08-19T05:20:00.000,15.0564
2025-08-19T05:21:00.000,15.0577
2025-08-19T05:22:00.000,15.0605
2025-08-19T05:23:00.000,15.0605
2025-08-19T05:24:00.000,15.0577
2025-08-19T05:25:00.000,15.0564
2025-08-19T05:26:00.000,15.0564
2025-08-19T05:27:00.000,15.0453
2025-08-19T05:28:00.000,15.0095
2025-08-19T05:29:00.000,14.9502
2025-08-19T05:30:00.000,14.8716
2025-08-19T05:31:00.000,14.7708
2025-08-19T05:32:00.000,14.6479
2025-08-19T05:33:00.000,14.5111
2025-08-19T05:34:00.000,14.3687
2025-08-19T05:35:00.000,14.2331
2025-08-19T05:36:00.000,14.1099
2025-08-19T05:37:00.000,13.9977
2025-08-19T05:38:00.000,13.9007
2025-08-19T05:39:00.000,13.8202
2025-08-19T05:40:00.000,13.7398
2025-08-19T05:41:00.000,13.6607
2025-08-19T05:42:00.000,13.5871
2025-08-19T05:43:00.000,13.5232
2025-08-19T05:44:00.000,13.4634
2025-08-19T05:45:00.000,13.4133
2025-08-19T05:46:00.000,13.3730
2025-08-19T05:47:00.000,13.3355
2025-08-19T05:48:00.000,13.2979
2025-08-19T05:49:00.000,13.2562
2025-08-19T05:50:00.000,13.2228
2025-08-19T05:51:00.000,13.1949
2025-08-19T05:52:00.000,13.1657
2025-08-19T05:53:00.000,13.1364
2025-08-19T05:54:00.000,13.1030
2025-08-19T05:55:00.000,13.0668
2025-08-19T05:56:00.000,13.0319
2025-08-19T05:57:00.000,12.9999
2025-08-19T05:58:00.000,12.9734
2025-08-19T05:59:00.000,12.9539
2025-08-19T06:00:00.000,12.9371
2025-08-19T06:01:00.000,12.9260
2025-08-19T06:02:00.000,12.9162
2025-08-19T06:03:00.000,12.8995
2025-08-19T06:04:00.000,12.8869
2025-08-19T06:05:00.000,12.8674
2025-08-19T06:06:00.000,12.8506
2025-08-19T06:07:00.000,12.8325
2025-08-19T06:08:00.000,12.8144
2025-08-19T06:09:00.000,12.7962
2025-08-19T06:10:00.000,12.7781
2025-08-19T06:11:00.000,12.7585
2025-08-19T06:12:00.000,12.7432
2025-08-19T06:13:00.000,12.7250
2025-08-19T06:14:00.000,12.7068
2025-08-19T06:15:00.000,12.6971
2025-08-19T06:16:00.000,12.6901
2025-08-19T06:17:00.000,12.6831
2025-08-19T06:18:00.000,12.6719
2025-08-19T06:19:00.000,12.6594
2025-08-19T06:20:00.000,12.6468
2025-08-19T06:21:00.000,12.6398
2025-08-19T06:22:00.000,12.6342
2025-08-19T06:23:00.000,12.6398
2025-08-19T06:24:00.000,12.6538
2025-08-19T06:25:00.000,12.6677
2025-08-19T06:26:00.000,12.6803
2025-08-19T06:27:00.000,12.6915
2025-08-19T06:28:00.000,12.6999
2025-08-19T06:29:00.000,12.7041
2025-08-19T06:30:00.000,12.7055
2025-08-19T06:31:00.000,12.7138
2025-08-19T06:32:00.000,12.7250
2025-08-19T06:33:00.000,12.7362
2025-08-19T06:34:00.000,12.7501
2025-08-19T06:35:00.000,12.7613
2025-08-19T06:36:00.000,12.7711
2025-08-19T06:37:00.000,12.7850
2025-08-19T06:38:00.000,12.8032
2025-08-19T06:39:00.000,12.8199
2025-08-19T06:40:00.000,12.8311
2025-08-19T06:41:00.000,12.8353
2025-08-19T06:42:00.000,12.8409
2025-08-19T06:43:00.000,12.8423
2025-08-19T06:44:00.000,12.8395
2025-08-19T06:45:00.000,12.8409
2025-08-19T06:46:00.000,12.8465
2025-08-19T06:47:00.000,12.8534
2025-08-19T06:48:00.000,12.8632
2025-08-19T06:49:00.000,12.8744
2025-08-19T06:50:00.000,12.8897
2025-08-19T06:51:00.000,12.9078
2025-08-19T06:52:00.000,12.9288
2025-08-19T06:53:00.000,12.9483
2025-08-19T06:54:00.000,12.9664
2025-08-19T06:55:00.000,12.9790
2025-08-19T06:56:00.000,12.9887
2025-08-19T06:57:00.000,13.0082
2025-08-19T06:58:00.000,13.0403
2025-08-19T06:59:00.000,13.0849
2025-08-19T07:00:00.000,13.1336
2025-08-19T07:01:00.000,13.1796
2025-08-19T07:02:00.000,13.2269
2025-08-19T07:03:00.000,13.2659
2025-08-19T07:04:00.000,13.2951
2025-08-19T07:05:00.000,13.3271
2025-08-19T07:06:00.000,13.3605
2025-08-19T07:07:00.000,13.3800
2025-08-19T07:08:00.000,13.4008
2025-08-19T07:09:00.000,13.4078
2025-08-19T07:10:00.000,13.4147
2025-08-19T07:11:00.000,13.4273
2025-08-19T07:12:00.000,13.4467
2025-08-19T07:13:00.000,13.4606
2025-08-19T07:14:00.000,13.4801
2025-08-19T07:15:00.000,13.4940
2025-08-19T07:16:00.000,13.4995
2025-08-19T07:17:00.000,13.5093
2025-08-19T07:18:00.000,13.5259
2025-08-19T07:19:00.000,13.5440
2025-08-19T07:20:00.000,13.5593
2025-08-19T07:21:00.000,13.5843
2025-08-19T07:22:00.000,13.5996
2025-08-19T07:23:00.000,13.5982
2025-08-19T07:24:00.000,13.5996
2025-08-19T07:25:00.000,13.6107
2025-08-19T07:26:00.000,13.6148
2025-08-19T07:27:00.000,13.6190
2025-08-19T07:28:00.000,13.6315
2025-08-19T07:29:00.000,13.6607
2025-08-19T07:30:00.000,13.7009
2025-08-19T07:31:00.000,13.7259
2025-08-19T07:32:00.000,13.7328
2025-08-19T07:33:00.000,13.7509
2025-08-19T07:34:00.000,13.7745
2025-08-19T07:35:00.000,13.8189
2025-08-19T07:36:00.000,13.8743
2025-08-19T07:37:00.000,13.9159
2025-08-19T07:38:00.000,13.9353
2025-08-19T07:39:00.000,13.9478
2025-08-19T07:40:00.000,13.9700
2025-08-19T07:41:00.000,14.0032
2025-08-19T07:42:00.000,14.0614
2025-08-19T07:43:00.000,14.1210
2025-08-19T07:44:00.000,14.2068
2025-08-19T07:45:00.000,14.2802
2025-08-19T07:46:00.000,14.3245
2025-08-19T07:47:00.000,14.3687
2025-08-19T07:48:00.000,14.4033
2025-08-19T07:49:00.000,14.4323
2025-08-19T07:50:00.000,14.4586
2025-08-19T07:51:00.000,14.4752
2025-08-19T07:52:00.000,14.4945
2025-08-19T07:53:00.000,14.5111
2025-08-19T07:54:00.000,14.5305
2025-08-19T07:55:00.000,14.5374
2025-08-19T07:56:00.000,14.5471
2025-08-19T07:57:00.000,14.5692
2025-08-19T07:58:00.000,14.5913
2025-08-19T07:59:00.000,14.6327
2025-08-19T08:00:00.000,14.6742
2025-08-19T08:01:00.000,14.7170
2025-08-19T08:02:00.000,14.7391
2025-08-19T08:03:00.000,14.7529
2025-08-19T08:04:00.000,14.7736
2025-08-19T08:05:00.000,14.8122
2025-08-19T08:06:00.000,14.8757
2025-08-19T08:07:00.000,14.9516
2025-08-19T08:08:00.000,15.0136
2025-08-19T08:09:00.000,15.0729
2025-08-19T08:10:00.000,15.1473
2025-08-19T08:11:00.000,15.2093
2025-08-19T08:12:00.000,15.2672
2025-08-19T08:13:00.000,15.3113
2025-08-19T08:14:00.000,15.3347
2025-08-19T08:15:00.000,15.3361
2025-08-19T08:16:00.000,15.3719
2025-08-19T08:17:00.000,15.4242
2025-08-19T08:18:00.000,15.5233
2025-08-19T08:19:00.000,15.6595
2025-08-19T08:20:00.000,15.7887
2025-08-19T08:21:00.000,15.9193
2025-08-19T08:22:00.000,16.0182
2025-08-19T08:23:00.000,16.0814
2025-08-19T08:24:00.000,16.1693
2025-08-19T08:25:00.000,16.2489
2025-08-19T08:26:00.000,16.2915
2025-08-19T08:27:00.000,16.2901
2025-08-19T08:28:00.000,16.2929
2025-08-19T08:29:00.000,16.3574
2025-08-19T08:30:00.000,16.4809
2025-08-19T08:31:00.000,16.7428
2025-08-19T08:32:00.000,17.0374
2025-08-19T08:33:00.000,17.2470
2025-08-19T08:34:00.000,17.3894
2025-08-19T08:35:00.000,17.4961
2025-08-19T08:36:00.000,17.6234
2025-08-19T08:37:00.000,17.7575
2025-08-19T08:38:00.000,17.9641
2025-08-19T08:39:00.000,18.1077
2025-08-19T08:40:00.000,18.0380
2025-08-19T08:41:00.000,17.8806
2025-08-19T08:42:00.000,17.7384
2025-08-19T08:43:00.000,17.6741
2025-08-19T08:44:00.000,17.6823
2025-08-19T08:45:00.000,17.7110
2025-08-19T08:46:00.000,17.7712
2025-08-19T08:47:00.000,17.7425
2025-08-19T08:48:00.000,17.6070
2025-08-19T08:49:00.000,17.4044
2025-08-19T08:50:00.000,17.2566
2025-08-19T08:51:00.000,17.1497
2025-08-19T08:52:00.000,17.0936
2025-08-19T08:53:00.000,17.0895
2025-08-19T08:54:00.000,17.0771
2025-08-19T08:55:00.000,17.1278
2025-08-19T08:56:00.000,17.1278
2025-08-19T08:57:00.000,17.1963
2025-08-19T08:58:00.000,17.3017
2025-08-19T08:59:00.000,17.4099
2025-08-19T09:00:00.000,17.3962
2025-08-19T09:01:00.000,17.4345
2025-08-19T09:02:00.000,17.3688
2025-08-19T09:03:00.000,17.2867
2025-08-19T09:04:00.000,17.2566
2025-08-19T09:05:00.000,17.3209
2025-08-19T09:06:00.000,17.5358
2025-08-19T09:07:00.000,17.7630
2025-08-19T09:08:00.000,17.9299
2025-08-19T09:09:00.000,17.9819
2025-08-19T09:10:00.000,18.0174
2025-08-19T09:11:00.000,17.9983
2025-08-19T09:12:00.000,18.0229
2025-08-19T09:13:00.000,18.0708
2025-08-19T09:14:00.000,18.0968
2025-08-19T09:15:00.000,18.0940
2025-08-19T09:16:00.000,18.1063
2025-08-19T09:17:00.000,18.0968
2025-08-19T09:18:00.000,18.0981
2025-08-19T09:19:00.000,18.2103
2025-08-19T09:20:00.000,18.2896
2025-08-19T09:21:00.000,18.2554
2025-08-19T09:22:00.000,18.2089
2025-08-19T09:23:00.000,18.2759
2025-08-19T09:24:00.000,18.4126
2025-08-19T09:25:00.000,18.5589
2025-08-19T09:26:00.000,18.6287
2025-08-19T09:27:00.000,18.6027
2025-08-19T09:28:00.000,18.5535
2025-08-19T09:29:00.000,18.5124
2025-08-19T09:30:00.000,18.4208
2025-08-19T09:31:00.000,18.3033
2025-08-19T09:32:00.000,18.1515
2025-08-19T09:33:00.000,17.9914
2025-08-19T09:34:00.000,17.8724
2025-08-19T09:35:00.000,17.8068
2025-08-19T09:36:00.000,17.7726
2025-08-19T09:37:00.000,17.7507
2025-08-19T09:38:00.000,17.7302
2025-08-19T09:39:00.000,17.6398
2025-08-19T09:40:00.000,17.5605
2025-08-19T09:41:00.000,17.5276
2025-08-19T09:42:00.000,17.5098
2025-08-19T09:43:00.000,17.5002
2025-08-19T09:44:00.000,17.5440
2025-08-19T09:45:00.000,17.5892
2025-08-19T09:46:00.000,17.6658
2025-08-19T09:47:00.000,17.7575
2025-08-19T09:48:00.000,17.8109
2025-08-19T09:49:00.000,17.8040
2025-08-19T09:50:00.000,17.7958
2025-08-19T09:51:00.000,18.1036
2025-08-19T09:52:00.000,18.3607
