ISO 8601 Time,Speed (cm/s),Heading (degrees),Velocity-N (cm/s),Velocity-E (cm/s)
2025-08-07T12:07:00.000,209.04,42.80,153.37,142.04
2025-08-07T12:08:00.000,176.41,299.93,88.02,-152.89
2025-08-07T12:09:00.000,176.99,300.02,88.55,-153.25
2025-08-07T12:10:00.000,177.09,300.16,88.97,-153.12
2025-08-07T12:11:00.000,177.29,300.19,89.16,-153.24
2025-08-07T12:12:00.000,177.50,300.22,89.34,-153.38
2025-08-07T12:13:00.000,177.63,300.19,89.31,-153.55
2025-08-07T12:14:00.000,177.81,300.18,89.40,-153.70
2025-08-07T12:15:00.000,177.90,300.20,89.48,-153.76
2025-08-07T12:16:00.000,177.71,300.31,89.68,-153.42
2025-08-07T12:17:00.000,177.86,300.30,89.74,-153.56
2025-08-07T12:18:00.000,177.86,300.32,89.80,-153.53
2025-08-07T12:19:00.000,177.96,300.29,89.77,-153.66
2025-08-07T12:20:00.000,178.17,300.32,89.93,-153.81
2025-08-07T12:21:00.000,178.25,300.31,89.96,-153.88
2025-08-07T12:22:00.000,178.36,300.45,90.38,-153.76
2025-08-07T12:23:00.000,182.92,300.83,93.74,-157.07
2025-08-07T12:24:00.000,191.65,302.43,102.79,-161.75
2025-08-07T12:25:00.000,198.91,336.22,182.03,-80.20
2025-08-07T12:26:00.000,225.67,24.76,204.93,94.50
2025-08-07T12:27:00.000,246.46,19.09,232.91,80.61
2025-08-07T12:28:00.000,214.53,20.46,201.00,74.99
2025-08-07T12:29:00.000,174.88,21.93,162.23,65.30
2025-08-07T12:30:00.000,151.55,23.29,139.20,59.93
2025-08-07T12:31:00.000,132.16,23.78,120.94,53.29
2025-08-07T12:32:00.000,114.45,29.87,99.25,57.00
2025-08-07T12:33:00.000,100.06,36.12,80.83,58.99
2025-08-07T12:34:00.000,91.55,89.89,0.18,91.55
2025-08-07T12:35:00.000,78.54,87.75,3.09,78.48
2025-08-07T12:36:00.000,69.15,89.18,0.99,69.14
2025-08-07T12:37:00.000,60.26,91.24,-1.31,60.25
2025-08-07T12:38:00.000,54.12,92.75,-2.60,54.06
2025-08-07T12:39:00.000,47.54,91.52,-1.26,47.52
2025-08-07T12:40:00.000,43.36,88.33,1.26,43.34
2025-08-07T12:41:00.000,39.52,83.13,4.73,39.23
2025-08-07T12:42:00.000,36.29,92.41,-1.53,36.26
2025-08-07T12:43:00.000,34.16,89.16,0.50,34.15
2025-08-07T12:44:00.000,31.97,78.55,6.35,31.34
2025-08-07T12:45:00.000,30.31,93.73,-1.97,30.24
2025-08-07T12:46:00.000,28.84,90.87,-0.44,28.84
2025-08-07T12:47:00.000,27.38,86.51,1.66,27.33
2025-08-07T12:48:00.000,25.99,85.95,1.84,25.92
2025-08-07T12:49:00.000,24.55,77.10,5.48,23.93
2025-08-07T12:50:00.000,22.74,71.38,7.26,21.55
2025-08-07T12:51:00.000,20.89,76.71,4.80,20.33
2025-08-07T12:52:00.000,18.88,76.24,4.49,18.34
2025-08-07T12:53:00.000,16.26,73.60,4.59,15.60
2025-08-07T12:54:00.000,13.59,70.12,4.62,12.78
2025-08-07T12:55:00.000,10.10,67.02,3.94,9.30
2025-08-07T12:56:00.000,6.29,65.06,2.65,5.70
2025-08-07T12:57:00.000,2.77,66.42,1.11,2.54
2025-08-07T12:58:00.000,1.51,68.53,0.55,1.41
2025-08-07T12:59:00.000,1.15,71.63,0.36,1.09
2025-08-07T13:00:00.000,1.07,74.78,0.28,1.03
2025-08-07T13:01:00.000,1.04,75.29,0.26,1.00
2025-08-07T13:02:00.000,1.11,77.89,0.23,1.09
2025-08-07T13:03:00.000,1.03,77.14,0.23,1.00
2025-08-07T13:04:00.000,1.03,75.37,0.26,1.00
2025-08-07T13:05:00.000,1.00,77.73,0.21,0.97
2025-08-07T13:06:00.000,0.97,77.52,0.21,0.95
2025-08-07T13:07:00.000,1.01,76.94,0.23,0.98
2025-08-07T13:08:00.000,0.97,77.27,0.21,0.95
2025-08-07T13:09:00.000,0.95,79.19,0.18,0.94
2025-08-07T13:10:00.000,0.92,80.54,0.15,0.91
2025-08-07T13:11:00.000,0.90,81.21,0.14,0.89
2025-08-07T13:12:00.000,0.89,81.32,0.13,0.88
2025-08-07T13:13:00.000,0.89,81.63,0.13,0.88
2025-08-07T13:14:00.000,0.90,81.95,0.13,0.89
2025-08-07T13:15:00.000,0.91,82.13,0.12,0.90
2025-08-07T13:16:00.000,0.92,81.86,0.13,0.91
2025-08-07T13:17:00.000,0.94,81.35,0.14,0.93
2025-08-07T13:18:00.000,0.95,81.27,0.14,0.93
2025-08-07T13:19:00.000,0.98,81.17,0.15,0.97
2025-08-07T13:20:00.000,1.03,80.33,0.17,1.02
2025-08-07T13:21:00.000,0.97,80.53,0.16,0.96
2025-08-07T13:22:00.000,0.96,81.48,0.14,0.95
2025-08-07T13:23:00.000,0.89,81.62,0.13,0.88
2025-08-07T13:24:00.000,0.91,80.72,0.15,0.90
2025-08-07T13:25:00.000,0.90,81.03,0.14,0.89
2025-08-07T13:26:00.000,0.92,80.61,0.15,0.91
2025-08-07T13:27:00.000,0.98,79.52,0.18,0.96
2025-08-07T13:28:00.000,1.07,81.30,0.16,1.06
2025-08-07T13:29:00.000,1.08,79.87,0.19,1.06
2025-08-07T13:30:00.000,1.06,80.71,0.17,1.05
2025-08-07T13:31:00.000,1.06,80.39,0.18,1.05
2025-08-07T13:32:00.000,1.02,81.81,0.15,1.01
2025-08-07T13:33:00.000,0.99,81.39,0.15,0.98
2025-08-07T13:34:00.000,1.01,81.95,0.14,1.00
2025-08-07T13:35:00.000,0.99,81.84,0.14,0.98
2025-08-07T13:36:00.000,0.96,84.56,0.09,0.96
2025-08-07T13:37:00.000,0.95,85.05,0.08,0.95
2025-08-07T13:38:00.000,0.92,86.07,0.06,0.92
2025-08-07T13:39:00.000,0.96,85.79,0.07,0.96
2025-08-07T13:40:00.000,0.88,84.41,0.09,0.88
2025-08-07T13:41:00.000,0.89,85.24,0.07,0.89
2025-08-07T13:42:00.000,0.92,85.13,0.08,0.92
2025-08-07T13:43:00.000,1.07,91.00,-0.02,1.07
2025-08-07T13:44:00.000,0.89,88.44,0.02,0.89
2025-08-07T13:45:00.000,0.90,89.19,0.01,0.90
2025-08-07T13:46:00.000,0.88,88.35,0.03,0.88
2025-08-07T13:47:00.000,0.89,87.89,0.03,0.89
2025-08-07T13:48:00.000,0.87,88.33,0.03,0.87
2025-08-07T13:49:00.000,0.88,88.71,0.02,0.88
2025-08-07T13:50:00.000,0.87,89.02,0.01,0.87
2025-08-07T13:51:00.000,0.83,88.64,0.02,0.83
2025-08-07T13:52:00.000,0.85,89.27,0.01,0.85
2025-08-07T13:53:00.000,0.88,90.37,-0.01,0.88
2025-08-07T13:54:00.000,0.87,89.42,0.01,0.87
2025-08-07T13:55:00.000,0.85,89.54,0.01,0.85
2025-08-07T13:56:00.000,0.81,89.35,0.01,0.81
2025-08-07T13:57:00.000,0.85,89.94,0.00,0.85
2025-08-07T13:58:00.000,0.81,89.30,0.01,0.81
2025-08-07T13:59:00.000,0.85,90.30,-0.00,0.85
2025-08-07T14:00:00.000,0.83,90.23,-0.00,0.83
2025-08-07T14:01:00.000,0.83,90.38,-0.01,0.83
2025-08-07T14:02:00.000,0.87,91.01,-0.02,0.87
2025-08-07T14:03:00.000,0.83,90.65,-0.01,0.83
2025-08-07T14:04:00.000,0.83,91.40,-0.02,0.83
2025-08-07T14:05:00.000,0.84,92.25,-0.03,0.84
2025-08-07T14:06:00.000,0.83,95.68,-0.08,0.82
2025-08-07T14:07:00.000,0.57,92.77,-0.03,0.57
2025-08-07T14:08:00.000,0.81,99.36,-0.13,0.80
2025-08-07T14:09:00.000,0.80,94.77,-0.07,0.79
2025-08-07T14:10:00.000,0.81,93.78,-0.05,0.81
2025-08-07T14:11:00.000,0.82,93.24,-0.05,0.81
2025-08-07T14:12:00.000,0.85,94.60,-0.07,0.85
2025-08-07T14:13:00.000,0.86,93.92,-0.06,0.85
2025-08-07T14:14:00.000,0.83,93.17,-0.05,0.83
2025-08-07T14:15:00.000,0.86,94.69,-0.07,0.86
2025-08-07T14:16:00.000,0.85,94.91,-0.07,0.85
2025-08-07T14:17:00.000,0.81,91.16,-0.02,0.81
2025-08-07T14:18:00.000,0.82,94.68,-0.07,0.82
2025-08-07T14:19:00.000,0.80,96.17,-0.09,0.80
2025-08-07T14:20:00.000,0.81,94.72,-0.07,0.81
2025-08-07T14:21:00.000,0.77,96.22,-0.08,0.77
2025-08-07T14:22:00.000,0.87,96.43,-0.10,0.86
2025-08-07T14:23:00.000,0.83,98.17,-0.12,0.82
2025-08-07T14:24:00.000,0.79,96.38,-0.09,0.79
2025-08-07T14:25:00.000,0.87,96.07,-0.09,0.87
2025-08-07T14:26:00.000,0.90,97.55,-0.12,0.90
2025-08-07T14:27:00.000,0.89,98.17,-0.13,0.88
2025-08-07T14:28:00.000,0.89,96.81,-0.11,0.88
2025-08-07T14:29:00.000,0.86,98.37,-0.13,0.85
2025-08-07T14:30:00.000,0.84,95.06,-0.07,0.84
2025-08-07T14:31:00.000,0.83,95.67,-0.08,0.83
2025-08-07T14:32:00.000,0.94,95.84,-0.10,0.94
2025-08-07T14:33:00.000,0.97,97.79,-0.13,0.96
2025-08-07T14:34:00.000,0.88,95.79,-0.09,0.88
2025-08-07T14:35:00.000,0.87,95.58,-0.08,0.87
2025-08-07T14:36:00.000,0.92,96.40,-0.10,0.91
2025-08-07T14:37:00.000,0.93,96.02,-0.10,0.92
2025-08-07T14:38:00.000,0.94,95.31,-0.09,0.94
2025-08-07T14:39:00.000,0.97,96.16,-0.10,0.96
2025-08-07T14:40:00.000,0.93,94.08,-0.07,0.93
2025-08-07T14:41:00.000,0.89,94.99,-0.08,0.89
2025-08-07T14:42:00.000,0.91,94.82,-0.08,0.91
2025-08-07T14:43:00.000,0.91,94.34,-0.07,0.91
2025-08-07T14:44:00.000,0.88,93.15,-0.05,0.88
2025-08-07T14:45:00.000,0.92,94.76,-0.08,0.92
2025-08-07T14:46:00.000,0.95,91.18,-0.02,0.95
2025-08-07T14:47:00.000,0.94,92.63,-0.04,0.94
2025-08-07T14:48:00.000,1.00,90.03,-0.00,1.00
2025-08-07T14:49:00.000,0.97,90.50,-0.01,0.97
2025-08-07T14:50:00.000,0.95,91.56,-0.03,0.95
2025-08-07T14:51:00.000,0.94,91.54,-0.03,0.94
2025-08-07T14:52:00.000,0.93,92.73,-0.04,0.93
2025-08-07T14:53:00.000,0.94,94.61,-0.08,0.94
2025-08-07T14:54:00.000,0.95,94.14,-0.07,0.95
2025-08-07T14:55:00.000,0.97,94.53,-0.08,0.97
2025-08-07T14:56:00.000,0.97,94.35,-0.07,0.97
2025-08-07T14:57:00.000,0.92,94.83,-0.08,0.92
2025-08-07T14:58:00.000,0.94,96.02,-0.10,0.94
2025-08-07T14:59:00.000,0.93,96.31,-0.10,0.92
2025-08-07T15:00:00.000,0.90,94.93,-0.08,0.90
2025-08-07T15:01:00.000,0.89,95.73,-0.09,0.88
2025-08-07T15:02:00.000,0.94,97.30,-0.12,0.93
2025-08-07T15:03:00.000,0.94,97.57,-0.12,0.93
2025-08-07T15:04:00.000,0.98,99.87,-0.17,0.96
2025-08-07T15:05:00.000,0.89,107.37,-0.27,0.85
2025-08-07T15:06:00.000,0.98,100.97,-0.19,0.96
2025-08-07T15:07:00.000,0.93,97.09,-0.11,0.92
2025-08-07T15:08:00.000,1.01,97.65,-0.13,1.00
2025-08-07T15:09:00.000,1.21,98.39,-0.18,1.19
2025-08-07T15:10:00.000,1.21,97.03,-0.15,1.20
2025-08-07T15:11:00.000,1.19,87.11,0.06,1.18
2025-08-07T15:12:00.000,1.10,90.87,-0.02,1.10
2025-08-07T15:13:00.000,0.98,89.13,0.01,0.98
2025-08-07T15:14:00.000,0.96,89.86,0.00,0.96
2025-08-07T15:15:00.000,1.01,88.77,0.02,1.01
2025-08-07T15:16:00.000,0.94,89.27,0.01,0.94
2025-08-07T15:17:00.000,0.90,92.68,-0.04,0.90
2025-08-07T15:18:00.000,0.93,92.48,-0.04,0.92
2025-08-07T15:19:00.000,0.94,94.09,-0.07,0.94
2025-08-07T15:20:00.000,0.91,93.23,-0.05,0.91
2025-08-07T15:21:00.000,0.90,91.79,-0.03,0.90
2025-08-07T15:22:00.000,0.89,89.76,0.00,0.89
2025-08-07T15:23:00.000,0.88,89.94,0.00,0.88
2025-08-07T15:24:00.000,0.82,77.64,0.18,0.80
2025-08-07T15:25:00.000,0.81,84.38,0.08,0.81
2025-08-07T15:26:00.000,0.78,86.23,0.05,0.78
2025-08-07T15:27:00.000,0.69,77.41,0.15,0.67
2025-08-07T15:28:00.000,0.70,78.43,0.14,0.69
2025-08-07T15:29:00.000,0.82,89.84,0.00,0.82
2025-08-07T15:30:00.000,0.83,88.34,0.02,0.83
2025-08-07T15:31:00.000,0.86,88.37,0.02,0.86
2025-08-07T15:32:00.000,0.87,85.63,0.07,0.87
2025-08-07T15:33:00.000,0.96,85.67,0.07,0.95
2025-08-07T15:34:00.000,0.87,80.82,0.14,0.86
2025-08-07T15:35:00.000,0.88,83.00,0.11,0.87
2025-08-07T15:36:00.000,0.89,87.97,0.03,0.89
2025-08-07T15:37:00.000,0.90,89.44,0.01,0.90
2025-08-07T15:38:00.000,0.91,90.81,-0.01,0.91
2025-08-07T15:39:00.000,0.91,91.70,-0.03,0.91
2025-08-07T15:40:00.000,0.92,89.04,0.02,0.92
2025-08-07T15:41:00.000,1.20,83.99,0.13,1.20
2025-08-07T15:42:00.000,1.32,88.50,0.03,1.32
2025-08-07T15:43:00.000,1.40,87.82,0.05,1.40
2025-08-07T15:44:00.000,1.40,81.02,0.22,1.38
2025-08-07T15:45:00.000,1.70,88.05,0.06,1.70
2025-08-07T15:46:00.000,1.58,64.16,0.69,1.42
2025-08-07T15:47:00.000,1.41,71.69,0.44,1.34
2025-08-07T15:48:00.000,1.31,63.06,0.59,1.17
2025-08-07T15:49:00.000,1.21,80.51,0.20,1.19
2025-08-07T15:50:00.000,1.27,78.39,0.26,1.24
2025-08-07T15:51:00.000,1.28,89.20,0.02,1.28
2025-08-07T15:52:00.000,1.36,88.22,0.04,1.36
2025-08-07T15:53:00.000,1.35,84.00,0.14,1.34
2025-08-07T15:54:00.000,1.44,84.72,0.13,1.44
2025-08-07T15:55:00.000,1.33,87.43,0.06,1.33
2025-08-07T15:56:00.000,1.43,73.94,0.40,1.38
2025-08-07T15:57:00.000,1.29,84.72,0.12,1.29
2025-08-07T15:58:00.000,1.46,71.82,0.46,1.39
2025-08-07T15:59:00.000,1.20,71.39,0.38,1.14
2025-08-07T16:00:00.000,0.89,86.08,0.06,0.89
2025-08-07T16:01:00.000,0.83,94.68,-0.07,0.83
2025-08-07T16:02:00.000,0.79,100.68,-0.15,0.78
2025-08-07T16:03:00.000,0.83,102.68,-0.18,0.81
2025-08-07T16:04:00.000,0.80,97.59,-0.11,0.79
2025-08-07T16:05:00.000,0.78,95.88,-0.08,0.78
2025-08-07T16:06:00.000,0.81,95.49,-0.08,0.81
2025-08-07T16:07:00.000,0.80,94.44,-0.06,0.80
2025-08-07T16:08:00.000,0.81,94.62,-0.07,0.80
2025-08-07T16:09:00.000,0.75,92.59,-0.03,0.75
2025-08-07T16:10:00.000,0.78,94.86,-0.07,0.77
2025-08-07T16:11:00.000,0.81,92.95,-0.04,0.81
2025-08-07T16:12:00.000,0.81,94.87,-0.07,0.80
2025-08-07T16:13:00.000,0.80,94.94,-0.07,0.79
2025-08-07T16:14:00.000,0.79,93.68,-0.05,0.79
2025-08-07T16:15:00.000,0.79,95.69,-0.08,0.79
2025-08-07T16:16:00.000,0.78,95.02,-0.07,0.77
2025-08-07T16:17:00.000,0.77,94.58,-0.06,0.77
2025-08-07T16:18:00.000,0.78,95.34,-0.07,0.78
2025-08-07T16:19:00.000,0.76,94.30,-0.06,0.76
2025-08-07T16:20:00.000,0.77,95.32,-0.07,0.77
2025-08-07T16:21:00.000,0.75,95.45,-0.07,0.75
2025-08-07T16:22:00.000,0.70,95.28,-0.06,0.69
2025-08-07T16:23:00.000,0.66,96.85,-0.08,0.65
2025-08-07T16:24:00.000,0.62,98.09,-0.09,0.61
2025-08-07T16:25:00.000,0.53,106.77,-0.15,0.51
2025-08-07T16:26:00.000,0.47,103.36,-0.11,0.45
2025-08-07T16:27:00.000,0.49,102.34,-0.10,0.48
2025-08-07T16:28:00.000,0.54,100.12,-0.10,0.53
2025-08-07T16:29:00.000,0.62,99.36,-0.10,0.61
2025-08-07T16:30:00.000,0.66,98.58,-0.10,0.65
2025-08-07T16:31:00.000,0.73,97.10,-0.09,0.73
2025-08-07T16:32:00.000,0.71,96.34,-0.08,0.70
2025-08-07T16:33:00.000,0.71,94.16,-0.05,0.71
2025-08-07T16:34:00.000,0.74,93.69,-0.05,0.74
2025-08-07T16:35:00.000,0.70,95.43,-0.07,0.70
2025-08-07T16:36:00.000,0.74,93.13,-0.04,0.74
2025-08-07T16:37:00.000,0.69,87.39,0.03,0.69
2025-08-07T16:38:00.000,0.64,85.28,0.05,0.64
2025-08-07T16:39:00.000,0.70,90.18,-0.00,0.70
2025-08-07T16:40:00.000,0.72,89.61,0.00,0.72
2025-08-07T16:41:00.000,0.72,92.04,-0.03,0.72
2025-08-07T16:42:00.000,0.71,91.38,-0.02,0.71
2025-08-07T16:43:00.000,0.68,90.97,-0.01,0.68
2025-08-07T16:44:00.000,0.65,94.66,-0.05,0.65
2025-08-07T16:45:00.000,0.73,94.70,-0.06,0.73
2025-08-07T16:46:00.000,0.72,94.04,-0.05,0.72
2025-08-07T16:47:00.000,0.71,97.66,-0.10,0.71
2025-08-07T16:48:00.000,0.80,103.83,-0.19,0.78
2025-08-07T16:49:00.000,0.62,91.86,-0.02,0.62
2025-08-07T16:50:00.000,0.63,95.50,-0.06,0.62
2025-08-07T16:51:00.000,0.73,97.83,-0.10,0.73
2025-08-07T16:52:00.000,0.71,97.53,-0.09,0.71
2025-08-07T16:53:00.000,0.68,95.18,-0.06,0.68
2025-08-07T16:54:00.000,0.70,96.68,-0.08,0.69
2025-08-07T16:55:00.000,0.68,92.77,-0.03,0.68
2025-08-07T16:56:00.000,0.65,95.05,-0.06,0.64
2025-08-07T16:57:00.000,0.59,94.19,-0.04,0.59
2025-08-07T16:58:00.000,0.65,97.74,-0.09,0.64
2025-08-07T16:59:00.000,0.54,96.80,-0.06,0.54
2025-08-07T17:00:00.000,0.65,97.25,-0.08,0.65
2025-08-07T17:01:00.000,0.66,97.42,-0.09,0.66
2025-08-07T17:02:00.000,0.61,95.63,-0.06,0.61
2025-08-07T17:03:00.000,0.59,96.51,-0.07,0.59
2025-08-07T17:04:00.000,0.54,99.54,-0.09,0.53
2025-08-07T17:05:00.000,0.56,102.07,-0.12,0.55
2025-08-07T17:06:00.000,0.66,99.43,-0.11,0.65
2025-08-07T17:07:00.000,0.55,103.52,-0.13,0.54
2025-08-07T17:08:00.000,0.59,103.93,-0.14,0.57
2025-08-07T17:09:00.000,0.67,102.28,-0.14,0.66
2025-08-07T17:10:00.000,0.66,105.03,-0.17,0.64
2025-08-07T17:11:00.000,0.72,99.32,-0.12,0.71
2025-08-07T17:12:00.000,0.71,96.77,-0.08,0.71
2025-08-07T17:13:00.000,0.74,96.92,-0.09,0.74
2025-08-07T17:14:00.000,0.81,97.29,-0.10,0.81
2025-08-07T17:15:00.000,0.81,97.22,-0.10,0.81
2025-08-07T17:16:00.000,0.80,97.10,-0.10,0.80
2025-08-07T17:17:00.000,0.79,96.76,-0.09,0.78
2025-08-07T17:18:00.000,0.81,99.28,-0.13,0.80
2025-08-07T17:19:00.000,0.78,98.58,-0.12,0.77
2025-08-07T17:20:00.000,0.80,99.35,-0.13,0.79
2025-08-07T17:21:00.000,0.80,99.75,-0.13,0.78
2025-08-07T17:22:00.000,0.79,99.19,-0.13,0.78
2025-08-07T17:23:00.000,0.84,99.39,-0.14,0.83
2025-08-07T17:24:00.000,0.84,98.52,-0.12,0.83
2025-08-07T17:25:00.000,0.97,97.44,-0.13,0.96
2025-08-07T17:26:00.000,0.97,96.06,-0.10,0.96
2025-08-07T17:27:00.000,0.91,97.69,-0.12,0.90
2025-08-07T17:28:00.000,0.89,99.59,-0.15,0.88
2025-08-07T17:29:00.000,0.88,100.10,-0.15,0.86
2025-08-07T17:30:00.000,0.89,103.12,-0.20,0.87
2025-08-07T17:31:00.000,0.88,101.80,-0.18,0.86
2025-08-07T17:32:00.000,0.87,100.19,-0.15,0.85
2025-08-07T17:33:00.000,0.85,100.70,-0.16,0.84
2025-08-07T17:34:00.000,0.86,98.58,-0.13,0.85
2025-08-07T17:35:00.000,0.86,97.55,-0.11,0.85
2025-08-07T17:36:00.000,0.84,96.52,-0.10,0.84
2025-08-07T17:37:00.000,0.84,97.43,-0.11,0.83
2025-08-07T17:38:00.000,0.83,97.35,-0.11,0.82
2025-08-07T17:39:00.000,0.82,97.86,-0.11,0.82
2025-08-07T17:40:00.000,0.79,98.88,-0.12,0.78
2025-08-07T17:41:00.000,0.76,98.71,-0.11,0.75
2025-08-07T17:42:00.000,0.80,98.24,-0.11,0.79
2025-08-07T17:43:00.000,0.76,97.57,-0.10,0.76
2025-08-07T17:44:00.000,0.80,97.34,-0.10,0.79
2025-08-07T17:45:00.000,0.78,96.22,-0.08,0.78
2025-08-07T17:46:00.000,0.80,96.57,-0.09,0.79
2025-08-07T17:47:00.000,0.77,96.32,-0.09,0.77
2025-08-07T17:48:00.000,0.77,96.58,-0.09,0.77
2025-08-07T17:49:00.000,0.74,95.77,-0.07,0.73
2025-08-07T17:50:00.000,0.78,97.42,-0.10,0.77
2025-08-07T17:51:00.000,0.79,105.80,-0.21,0.76
2025-08-07T17:52:00.000,0.77,110.01,-0.26,0.72
2025-08-07T17:53:00.000,0.99,127.96,-0.61,0.78
2025-08-07T17:54:00.000,0.66,122.22,-0.35,0.56
2025-08-07T17:55:00.000,0.72,113.56,-0.29,0.66
2025-08-07T17:56:00.000,0.74,113.06,-0.29,0.68
2025-08-07T17:57:00.000,0.73,111.21,-0.27,0.68
2025-08-07T17:58:00.000,0.67,109.69,-0.23,0.63
2025-08-07T17:59:00.000,0.72,109.68,-0.24,0.68
2025-08-07T18:00:00.000,0.75,108.58,-0.24,0.71
2025-08-07T18:01:00.000,0.78,108.20,-0.24,0.74
2025-08-07T18:02:00.000,0.74,108.01,-0.23,0.70
2025-08-07T18:03:00.000,0.77,108.69,-0.25,0.73
2025-08-07T18:04:00.000,0.81,105.19,-0.21,0.78
2025-08-07T18:05:00.000,0.82,107.93,-0.25,0.78
2025-08-07T18:06:00.000,0.78,104.19,-0.19,0.76
2025-08-07T18:07:00.000,0.88,106.11,-0.24,0.84
2025-08-07T18:08:00.000,0.87,105.28,-0.23,0.84
2025-08-07T18:09:00.000,0.92,106.70,-0.26,0.88
2025-08-07T18:10:00.000,0.95,108.36,-0.30,0.90
2025-08-07T18:11:00.000,0.90,120.04,-0.45,0.78
2025-08-07T18:12:00.000,0.93,104.63,-0.23,0.90
2025-08-07T18:13:00.000,0.96,105.73,-0.26,0.92
2025-08-07T18:14:00.000,0.96,107.49,-0.29,0.91
2025-08-07T18:15:00.000,0.97,105.05,-0.25,0.94
2025-08-07T18:16:00.000,1.02,105.90,-0.28,0.98
2025-08-07T18:17:00.000,0.97,106.15,-0.27,0.94
2025-08-07T18:18:00.000,0.96,104.14,-0.23,0.93
2025-08-07T18:19:00.000,0.92,105.43,-0.25,0.89
2025-08-07T18:20:00.000,0.94,105.91,-0.26,0.90
2025-08-07T18:21:00.000,0.92,106.24,-0.26,0.88
2025-08-07T18:22:00.000,0.90,102.62,-0.20,0.88
2025-08-07T18:23:00.000,0.91,103.39,-0.21,0.89
2025-08-07T18:24:00.000,0.94,103.29,-0.22,0.91
2025-08-07T18:25:00.000,0.93,103.16,-0.21,0.90
2025-08-07T18:26:00.000,0.95,102.04,-0.20,0.93
2025-08-07T18:27:00.000,0.95,100.75,-0.18,0.93
2025-08-07T18:28:00.000,0.94,101.56,-0.19,0.92
2025-08-07T18:29:00.000,0.94,101.62,-0.19,0.92
2025-08-07T18:30:00.000,0.96,100.60,-0.18,0.94
2025-08-07T18:31:00.000,0.95,101.45,-0.19,0.93
2025-08-07T18:32:00.000,0.97,101.25,-0.19,0.95
2025-08-07T18:33:00.000,0.93,99.94,-0.16,0.92
2025-08-07T18:34:00.000,0.90,98.32,-0.13,0.89
2025-08-07T18:35:00.000,0.89,100.23,-0.16,0.88
2025-08-07T18:36:00.000,0.90,99.42,-0.15,0.88
2025-08-07T18:37:00.000,0.90,100.47,-0.16,0.89
2025-08-07T18:38:00.000,0.86,101.52,-0.17,0.84
2025-08-07T18:39:00.000,0.87,100.71,-0.16,0.86
2025-08-07T18:40:00.000,0.88,102.56,-0.19,0.86
2025-08-07T18:41:00.000,0.87,102.25,-0.19,0.85
2025-08-07T18:42:00.000,0.88,102.65,-0.19,0.86
2025-08-07T18:43:00.000,0.87,101.65,-0.18,0.85
2025-08-07T18:44:00.000,0.88,101.62,-0.18,0.86
2025-08-07T18:45:00.000,0.88,101.50,-0.18,0.86
2025-08-07T18:46:00.000,0.89,101.31,-0.17,0.87
2025-08-07T18:47:00.000,0.89,100.65,-0.17,0.88
2025-08-07T18:48:00.000,0.91,99.79,-0.16,0.90
2025-08-07T18:49:00.000,0.90,100.95,-0.17,0.88
2025-08-07T18:50:00.000,0.91,101.31,-0.18,0.90
2025-08-07T18:51:00.000,0.91,101.80,-0.19,0.89
2025-08-07T18:52:00.000,0.90,103.01,-0.20,0.87
2025-08-07T18:53:00.000,0.91,101.68,-0.18,0.89
2025-08-07T18:54:00.000,0.95,100.82,-0.18,0.93
2025-08-07T18:55:00.000,0.98,101.10,-0.19,0.96
2025-08-07T18:56:00.000,0.97,98.03,-0.14,0.97
2025-08-07T18:57:00.000,0.99,97.41,-0.13,0.98
2025-08-07T18:58:00.000,1.06,91.85,-0.03,1.06
2025-08-07T18:59:00.000,1.01,88.73,0.02,1.01
2025-08-07T19:00:00.000,0.97,88.82,0.02,0.97
2025-08-07T19:01:00.000,1.04,92.08,-0.04,1.04
2025-08-07T19:02:00.000,0.94,95.93,-0.10,0.93
2025-08-07T19:03:00.000,0.93,95.58,-0.09,0.92
2025-08-07T19:04:00.000,0.96,94.69,-0.08,0.96
2025-08-07T19:05:00.000,0.96,95.52,-0.09,0.95
2025-08-07T19:06:00.000,0.96,94.26,-0.07,0.95
2025-08-07T19:07:00.000,1.00,93.00,-0.05,1.00
2025-08-07T19:08:00.000,1.04,89.89,0.00,1.04
2025-08-07T19:09:00.000,1.03,75.63,0.25,0.99
2025-08-07T19:10:00.000,1.14,73.75,0.32,1.09
2025-08-07T19:11:00.000,1.05,86.54,0.06,1.05
2025-08-07T19:12:00.000,1.05,84.73,0.10,1.04
2025-08-07T19:13:00.000,1.02,89.06,0.02,1.02
2025-08-07T19:14:00.000,0.95,90.73,-0.01,0.95
2025-08-07T19:15:00.000,0.98,90.30,-0.01,0.98
2025-08-07T19:16:00.000,0.95,90.74,-0.01,0.95
2025-08-07T19:17:00.000,0.98,91.16,-0.02,0.98
2025-08-07T19:18:00.000,0.95,90.87,-0.01,0.95
2025-08-07T19:19:00.000,0.94,92.25,-0.04,0.93
2025-08-07T19:20:00.000,0.92,93.05,-0.05,0.92
2025-08-07T19:21:00.000,0.92,92.47,-0.04,0.92
2025-08-07T19:22:00.000,0.88,94.69,-0.07,0.87
2025-08-07T19:23:00.000,0.87,96.34,-0.10,0.86
2025-08-07T19:24:00.000,0.87,96.79,-0.10,0.87
2025-08-07T19:25:00.000,0.86,97.39,-0.11,0.86
2025-08-07T19:26:00.000,0.86,97.22,-0.11,0.85
2025-08-07T19:27:00.000,0.87,96.16,-0.09,0.86
2025-08-07T19:28:00.000,0.86,96.51,-0.10,0.85
2025-08-07T19:29:00.000,0.86,96.25,-0.09,0.85
2025-08-07T19:30:00.000,0.86,96.40,-0.10,0.85
2025-08-07T19:31:00.000,0.87,96.14,-0.09,0.86
2025-08-07T19:32:00.000,0.86,96.85,-0.10,0.85
2025-08-07T19:33:00.000,0.87,97.03,-0.11,0.87
2025-08-07T19:34:00.000,0.86,96.98,-0.10,0.85
2025-08-07T19:35:00.000,0.86,96.70,-0.10,0.85
2025-08-07T19:36:00.000,0.85,96.60,-0.10,0.85
2025-08-07T19:37:00.000,0.88,96.41,-0.10,0.87
2025-08-07T19:38:00.000,0.87,96.56,-0.10,0.86
2025-08-07T19:39:00.000,0.90,95.98,-0.09,0.90
2025-08-07T19:40:00.000,0.89,95.27,-0.08,0.88
2025-08-07T19:41:00.000,0.87,96.02,-0.09,0.87
2025-08-07T19:42:00.000,0.90,95.15,-0.08,0.89
2025-08-07T19:43:00.000,0.89,95.86,-0.09,0.88
2025-08-07T19:44:00.000,0.88,96.49,-0.10,0.87
2025-08-07T19:45:00.000,0.86,95.85,-0.09,0.86
2025-08-07T19:46:00.000,0.88,97.94,-0.12,0.87
2025-08-07T19:47:00.000,0.88,97.90,-0.12,0.88
2025-08-07T19:48:00.000,0.86,98.42,-0.13,0.85
2025-08-07T19:49:00.000,0.87,98.10,-0.12,0.86
2025-08-07T19:50:00.000,0.89,96.22,-0.10,0.89
2025-08-07T19:51:00.000,0.90,94.61,-0.07,0.90
2025-08-07T19:52:00.000,0.99,90.49,-0.01,0.99
2025-08-07T19:53:00.000,0.86,92.20,-0.03,0.86
2025-08-07T19:54:00.000,0.85,89.79,0.00,0.85
2025-08-07T19:55:00.000,0.90,88.54,0.02,0.90
2025-08-07T19:56:00.000,0.97,88.93,0.02,0.97
2025-08-07T19:57:00.000,0.97,93.78,-0.06,0.97
2025-08-07T19:58:00.000,0.97,93.62,-0.06,0.97
2025-08-07T19:59:00.000,0.96,96.37,-0.11,0.95
2025-08-07T20:00:00.000,0.99,95.58,-0.10,0.99
2025-08-07T20:01:00.000,0.96,95.08,-0.09,0.96
2025-08-07T20:02:00.000,0.99,94.68,-0.08,0.98
2025-08-07T20:03:00.000,1.14,90.47,-0.01,1.14
2025-08-07T20:04:00.000,1.11,92.07,-0.04,1.11
2025-08-07T20:05:00.000,1.08,92.23,-0.04,1.07
2025-08-07T20:06:00.000,1.06,91.91,-0.04,1.06
2025-08-07T20:07:00.000,1.08,91.78,-0.03,1.08
2025-08-07T20:08:00.000,1.07,90.81,-0.02,1.07
2025-08-07T20:09:00.000,1.06,91.70,-0.03,1.06
2025-08-07T20:10:00.000,1.01,92.05,-0.04,1.01
2025-08-07T20:11:00.000,1.05,90.90,-0.02,1.05
2025-08-07T20:12:00.000,1.05,91.90,-0.03,1.05
2025-08-07T20:13:00.000,1.09,89.04,0.02,1.09
2025-08-07T20:14:00.000,1.05,86.86,0.06,1.05
2025-08-07T20:15:00.000,1.12,81.30,0.17,1.11
2025-08-07T20:16:00.000,1.12,85.03,0.10,1.12
2025-08-07T20:17:00.000,1.15,97.34,-0.15,1.14
2025-08-07T20:18:00.000,1.01,98.31,-0.15,1.00
2025-08-07T20:19:00.000,1.07,97.67,-0.14,1.06
2025-08-07T20:20:00.000,1.04,98.41,-0.15,1.03
2025-08-07T20:21:00.000,1.04,96.77,-0.12,1.03
2025-08-07T20:22:00.000,1.01,99.72,-0.17,1.00
2025-08-07T20:23:00.000,1.02,99.39,-0.17,1.01
2025-08-07T20:24:00.000,1.03,98.47,-0.15,1.02
2025-08-07T20:25:00.000,1.03,97.83,-0.14,1.02
2025-08-07T20:26:00.000,1.01,99.06,-0.16,0.99
2025-08-07T20:27:00.000,1.00,100.34,-0.18,0.99
2025-08-07T20:28:00.000,0.99,100.40,-0.18,0.97
2025-08-07T20:29:00.000,0.96,101.86,-0.20,0.94
2025-08-07T20:30:00.000,0.94,102.43,-0.20,0.92
2025-08-07T20:31:00.000,0.93,102.61,-0.20,0.91
2025-08-07T20:32:00.000,0.94,103.47,-0.22,0.92
2025-08-07T20:33:00.000,0.91,103.97,-0.22,0.88
2025-08-07T20:34:00.000,0.91,103.65,-0.22,0.89
2025-08-07T20:35:00.000,0.92,103.58,-0.21,0.89
2025-08-07T20:36:00.000,0.93,101.90,-0.19,0.91
2025-08-07T20:37:00.000,1.00,101.13,-0.19,0.98
2025-08-07T20:38:00.000,1.06,99.23,-0.17,1.05
2025-08-07T20:39:00.000,1.04,98.24,-0.15,1.03
2025-08-07T20:40:00.000,1.04,98.06,-0.15,1.03
2025-08-07T20:41:00.000,1.01,98.40,-0.15,1.00
2025-08-07T20:42:00.000,1.00,99.02,-0.16,0.99
2025-08-07T20:43:00.000,1.04,97.81,-0.14,1.03
2025-08-07T20:44:00.000,1.02,96.61,-0.12,1.01
2025-08-07T20:45:00.000,1.06,96.91,-0.13,1.05
2025-08-07T20:46:00.000,1.11,95.40,-0.10,1.10
2025-08-07T20:47:00.000,1.12,95.79,-0.11,1.12
2025-08-07T20:48:00.000,1.08,95.80,-0.11,1.07
2025-08-07T20:49:00.000,1.12,95.54,-0.11,1.11
2025-08-07T20:50:00.000,1.12,94.56,-0.09,1.12
2025-08-07T20:51:00.000,1.13,94.38,-0.09,1.13
2025-08-07T20:52:00.000,1.13,94.02,-0.08,1.13
2025-08-07T20:53:00.000,1.11,95.34,-0.10,1.11
2025-08-07T20:54:00.000,1.06,96.44,-0.12,1.06
2025-08-07T20:55:00.000,1.03,98.66,-0.15,1.02
2025-08-07T20:56:00.000,1.00,99.74,-0.17,0.99
2025-08-07T20:57:00.000,1.05,97.14,-0.13,1.04
2025-08-07T20:58:00.000,1.03,99.57,-0.17,1.02
2025-08-07T20:59:00.000,1.07,96.57,-0.12,1.07
2025-08-07T21:00:00.000,1.08,97.04,-0.13,1.07
2025-08-07T21:01:00.000,1.07,99.55,-0.18,1.06
2025-08-07T21:02:00.000,1.09,95.00,-0.10,1.09
2025-08-07T21:03:00.000,1.09,93.87,-0.07,1.08
2025-08-07T21:04:00.000,1.06,95.27,-0.10,1.05
2025-08-07T21:05:00.000,1.05,95.22,-0.10,1.04
2025-08-07T21:06:00.000,0.82,98.36,-0.12,0.81
2025-08-07T21:07:00.000,0.84,97.79,-0.11,0.84
2025-08-07T21:08:00.000,0.85,98.25,-0.12,0.84
2025-08-07T21:09:00.000,0.83,98.89,-0.13,0.82
2025-08-07T21:10:00.000,0.84,98.35,-0.12,0.83
2025-08-07T21:11:00.000,0.86,98.21,-0.12,0.85
2025-08-07T21:12:00.000,0.84,98.32,-0.12,0.83
2025-08-07T21:13:00.000,0.84,97.45,-0.11,0.83
2025-08-07T21:14:00.000,0.84,98.52,-0.12,0.83
2025-08-07T21:15:00.000,0.84,99.09,-0.13,0.83
2025-08-07T21:16:00.000,0.86,98.87,-0.13,0.85
2025-08-07T21:17:00.000,0.88,97.31,-0.11,0.87
2025-08-07T21:18:00.000,0.86,97.76,-0.12,0.85
2025-08-07T21:19:00.000,0.86,96.97,-0.10,0.86
2025-08-07T21:20:00.000,0.85,97.51,-0.11,0.84
2025-08-07T21:21:00.000,0.84,98.18,-0.12,0.83
2025-08-07T21:22:00.000,0.84,98.50,-0.12,0.83
2025-08-07T21:23:00.000,0.83,98.47,-0.12,0.82
2025-08-07T21:24:00.000,0.82,99.62,-0.14,0.81
2025-08-07T21:25:00.000,0.82,96.47,-0.09,0.81
2025-08-07T21:26:00.000,0.82,97.38,-0.11,0.82
2025-08-07T21:27:00.000,0.83,97.90,-0.11,0.82
2025-08-07T21:28:00.000,0.83,98.58,-0.12,0.82
2025-08-07T21:29:00.000,0.83,97.60,-0.11,0.83
2025-08-07T21:30:00.000,0.84,95.66,-0.08,0.83
2025-08-07T21:31:00.000,0.84,96.56,-0.10,0.84
2025-08-07T21:32:00.000,0.84,97.25,-0.11,0.84
2025-08-07T21:33:00.000,0.86,96.13,-0.09,0.85
2025-08-07T21:34:00.000,0.87,95.46,-0.08,0.86
2025-08-07T21:35:00.000,0.86,95.26,-0.08,0.86
2025-08-07T21:36:00.000,0.89,95.76,-0.09,0.88
2025-08-07T21:37:00.000,0.88,94.56,-0.07,0.88
2025-08-07T21:38:00.000,0.88,95.45,-0.08,0.88
2025-08-07T21:39:00.000,0.89,95.99,-0.09,0.88
2025-08-07T21:40:00.000,0.90,96.19,-0.10,0.89
2025-08-07T21:41:00.000,0.89,96.00,-0.09,0.88
2025-08-07T21:42:00.000,0.90,95.22,-0.08,0.90
2025-08-07T21:43:00.000,0.94,94.24,-0.07,0.93
2025-08-07T21:44:00.000,0.91,95.31,-0.08,0.91
2025-08-07T21:45:00.000,0.90,95.10,-0.08,0.90
2025-08-07T21:46:00.000,0.90,93.80,-0.06,0.90
2025-08-07T21:47:00.000,2.28,58.91,1.18,1.96
2025-08-07T21:48:00.000,1.23,88.55,0.03,1.23
2025-08-07T21:49:00.000,1.26,86.05,0.09,1.26
2025-08-07T21:50:00.000,1.21,85.08,0.10,1.21
2025-08-07T21:51:00.000,1.25,85.91,0.09,1.25
2025-08-07T21:52:00.000,1.27,83.69,0.14,1.26
2025-08-07T21:53:00.000,1.25,85.24,0.10,1.25
2025-08-07T21:54:00.000,1.29,83.60,0.14,1.28
2025-08-07T21:55:00.000,1.24,83.96,0.13,1.23
2025-08-07T21:56:00.000,1.26,84.66,0.12,1.26
2025-08-07T21:57:00.000,1.21,83.69,0.13,1.21
2025-08-07T21:58:00.000,1.20,84.95,0.11,1.20
2025-08-07T21:59:00.000,1.20,85.27,0.10,1.20
2025-08-07T22:00:00.000,1.19,85.69,0.09,1.19
2025-08-07T22:01:00.000,1.21,85.31,0.10,1.21
2025-08-07T22:02:00.000,1.21,84.75,0.11,1.20
2025-08-07T22:03:00.000,1.25,84.94,0.11,1.25
2025-08-07T22:04:00.000,1.26,84.61,0.12,1.26
2025-08-07T22:05:00.000,1.22,84.47,0.12,1.21
2025-08-07T22:06:00.000,1.24,84.71,0.11,1.24
2025-08-07T22:07:00.000,1.21,85.26,0.10,1.21
2025-08-07T22:08:00.000,1.18,85.66,0.09,1.17
2025-08-07T22:09:00.000,1.16,86.95,0.06,1.16
2025-08-07T22:10:00.000,1.15,87.56,0.05,1.15
2025-08-07T22:11:00.000,1.13,86.65,0.07,1.12
2025-08-07T22:12:00.000,1.12,87.10,0.06,1.11
2025-08-07T22:13:00.000,1.12,87.07,0.06,1.12
2025-08-07T22:14:00.000,1.12,87.31,0.05,1.12
2025-08-07T22:15:00.000,1.13,87.62,0.05,1.13
2025-08-07T22:16:00.000,1.11,87.30,0.05,1.11
2025-08-07T22:17:00.000,0.93,105.16,-0.24,0.90
2025-08-07T22:18:00.000,0.99,101.35,-0.19,0.97
2025-08-07T22:19:00.000,0.91,105.17,-0.24,0.88
2025-08-07T22:20:00.000,0.88,101.70,-0.18,0.87
2025-08-07T22:21:00.000,0.88,97.82,-0.12,0.88
2025-08-07T22:22:00.000,0.88,97.71,-0.12,0.88
2025-08-07T22:23:00.000,0.89,97.98,-0.12,0.88
2025-08-07T22:24:00.000,0.88,97.09,-0.11,0.88
2025-08-07T22:25:00.000,0.88,96.18,-0.09,0.87
2025-08-07T22:26:00.000,0.89,96.06,-0.09,0.88
2025-08-07T22:27:00.000,0.88,96.12,-0.09,0.87
2025-08-07T22:28:00.000,0.88,95.95,-0.09,0.87
2025-08-07T22:29:00.000,0.89,95.94,-0.09,0.88
2025-08-07T22:30:00.000,0.88,95.52,-0.08,0.88
2025-08-07T22:31:00.000,0.88,95.84,-0.09,0.87
2025-08-07T22:32:00.000,0.88,96.06,-0.09,0.88
2025-08-07T22:33:00.000,0.88,95.57,-0.09,0.88
2025-08-07T22:34:00.000,0.88,95.79,-0.09,0.88
2025-08-07T22:35:00.000,0.89,94.96,-0.08,0.88
2025-08-07T22:36:00.000,0.90,95.26,-0.08,0.90
2025-08-07T22:37:00.000,0.91,94.07,-0.06,0.91
2025-08-07T22:38:00.000,0.93,94.07,-0.07,0.93
2025-08-07T22:39:00.000,0.94,92.97,-0.05,0.94
2025-08-07T22:40:00.000,0.95,92.95,-0.05,0.95
2025-08-07T22:41:00.000,0.95,92.60,-0.04,0.95
2025-08-07T22:42:00.000,0.95,92.46,-0.04,0.95
2025-08-07T22:43:00.000,0.96,91.86,-0.03,0.96
2025-08-07T22:44:00.000,0.98,91.96,-0.03,0.98
2025-08-07T22:45:00.000,0.99,92.64,-0.05,0.99
2025-08-07T22:46:00.000,1.03,91.31,-0.02,1.03
2025-08-07T22:47:00.000,1.03,91.72,-0.03,1.03
2025-08-07T22:48:00.000,1.02,90.96,-0.02,1.02
2025-08-07T22:49:00.000,1.04,89.80,0.00,1.04
2025-08-07T22:50:00.000,1.06,90.92,-0.02,1.06
2025-08-07T22:51:00.000,1.03,90.35,-0.01,1.03
2025-08-07T22:52:00.000,1.04,91.72,-0.03,1.04
2025-08-07T22:53:00.000,1.03,91.39,-0.02,1.03
2025-08-07T22:54:00.000,1.02,90.83,-0.01,1.02
2025-08-07T22:55:00.000,1.03,93.74,-0.07,1.03
2025-08-07T22:56:00.000,1.03,92.55,-0.05,1.02
2025-08-07T22:57:00.000,1.03,90.62,-0.01,1.03
2025-08-07T22:58:00.000,0.98,89.41,0.01,0.98
2025-08-07T22:59:00.000,1.01,90.36,-0.01,1.01
2025-08-07T23:00:00.000,1.00,90.25,-0.00,1.00
2025-08-07T23:01:00.000,1.00,91.55,-0.03,1.00
2025-08-07T23:02:00.000,0.97,92.06,-0.03,0.97
2025-08-07T23:03:00.000,0.94,92.53,-0.04,0.94
2025-08-07T23:04:00.000,0.96,93.16,-0.05,0.95
2025-08-07T23:05:00.000,0.95,93.73,-0.06,0.95
2025-08-07T23:06:00.000,0.95,92.89,-0.05,0.95
2025-08-07T23:07:00.000,0.93,93.24,-0.05,0.93
2025-08-07T23:08:00.000,0.92,93.78,-0.06,0.92
2025-08-07T23:09:00.000,0.92,93.67,-0.06,0.92
2025-08-07T23:10:00.000,0.91,93.81,-0.06,0.91
2025-08-07T23:11:00.000,0.90,94.66,-0.07,0.90
2025-08-07T23:12:00.000,0.91,94.82,-0.08,0.90
2025-08-07T23:13:00.000,0.89,95.34,-0.08,0.89
2025-08-07T23:14:00.000,0.88,95.35,-0.08,0.88
2025-08-07T23:15:00.000,0.88,95.49,-0.08,0.88
2025-08-07T23:16:00.000,0.87,95.29,-0.08,0.87
2025-08-07T23:17:00.000,0.88,95.82,-0.09,0.87
2025-08-07T23:18:00.000,0.84,94.75,-0.07,0.84
2025-08-07T23:19:00.000,0.85,94.53,-0.07,0.85
2025-08-07T23:20:00.000,0.86,94.11,-0.06,0.85
2025-08-07T23:21:00.000,0.86,94.01,-0.06,0.86
2025-08-07T23:22:00.000,0.86,93.69,-0.06,0.86
2025-08-07T23:23:00.000,0.85,93.04,-0.05,0.85
2025-08-07T23:24:00.000,0.87,93.40,-0.05,0.87
2025-08-07T23:25:00.000,0.88,92.19,-0.03,0.88
2025-08-07T23:26:00.000,0.88,91.17,-0.02,0.88
2025-08-07T23:27:00.000,0.88,90.92,-0.01,0.88
2025-08-07T23:28:00.000,0.89,89.97,0.00,0.89
2025-08-07T23:29:00.000,0.92,90.09,-0.00,0.92
2025-08-07T23:30:00.000,0.94,88.49,0.02,0.94
2025-08-07T23:31:00.000,0.98,88.19,0.03,0.98
2025-08-07T23:32:00.000,1.02,87.85,0.04,1.02
2025-08-07T23:33:00.000,1.02,87.00,0.05,1.02
2025-08-07T23:34:00.000,1.07,86.77,0.06,1.07
2025-08-07T23:35:00.000,1.03,86.73,0.06,1.03
2025-08-07T23:36:00.000,0.98,90.19,-0.00,0.98
2025-08-07T23:37:00.000,1.01,90.47,-0.01,1.01
2025-08-07T23:38:00.000,1.03,86.35,0.07,1.03
2025-08-07T23:39:00.000,1.07,84.96,0.09,1.06
2025-08-07T23:40:00.000,1.06,85.30,0.09,1.05
2025-08-07T23:41:00.000,1.11,84.87,0.10,1.11
2025-08-07T23:42:00.000,1.16,84.04,0.12,1.15
2025-08-07T23:43:00.000,1.16,84.62,0.11,1.15
2025-08-07T23:44:00.000,1.12,84.45,0.11,1.12
2025-08-07T23:45:00.000,1.12,86.25,0.07,1.11
2025-08-07T23:46:00.000,1.08,86.72,0.06,1.08
2025-08-07T23:47:00.000,1.02,89.40,0.01,1.02
2025-08-07T23:48:00.000,0.98,91.53,-0.03,0.98
2025-08-07T23:49:00.000,1.03,89.11,0.02,1.03
2025-08-07T23:50:00.000,1.02,89.65,0.01,1.02
2025-08-07T23:51:00.000,1.01,89.92,0.00,1.01
2025-08-07T23:52:00.000,1.03,88.58,0.03,1.03
2025-08-07T23:53:00.000,0.98,90.98,-0.02,0.98
2025-08-07T23:54:00.000,0.96,92.17,-0.04,0.96
2025-08-07T23:55:00.000,0.94,92.12,-0.03,0.94
2025-08-07T23:56:00.000,2.71,55.70,1.53,2.24
2025-08-07T23:57:00.000,1.25,82.23,0.17,1.24
2025-08-07T23:58:00.000,1.22,84.12,0.13,1.22
2025-08-07T23:59:00.000,1.20,84.85,0.11,1.20
2025-08-08T00:00:00.000,1.20,84.83,0.11,1.20
2025-08-08T00:01:00.000,1.23,85.20,0.10,1.22
2025-08-08T00:02:00.000,1.19,84.63,0.11,1.18
2025-08-08T00:03:00.000,1.18,85.55,0.09,1.18
2025-08-08T00:04:00.000,1.13,85.64,0.09,1.13
2025-08-08T00:05:00.000,1.14,86.36,0.07,1.14
2025-08-08T00:06:00.000,1.14,86.28,0.07,1.13
2025-08-08T00:07:00.000,1.14,86.45,0.07,1.13
2025-08-08T00:08:00.000,1.10,87.96,0.04,1.10
2025-08-08T00:09:00.000,1.10,88.94,0.02,1.10
2025-08-08T00:10:00.000,1.09,89.26,0.01,1.09
2025-08-08T00:11:00.000,1.09,89.01,0.02,1.09
2025-08-08T00:12:00.000,1.10,89.10,0.02,1.10
2025-08-08T00:13:00.000,1.09,88.61,0.03,1.09
2025-08-08T00:14:00.000,1.10,89.24,0.01,1.10
2025-08-08T00:15:00.000,1.10,88.56,0.03,1.10
2025-08-08T00:16:00.000,1.12,88.97,0.02,1.12
2025-08-08T00:17:00.000,1.11,88.62,0.03,1.10
2025-08-08T00:18:00.000,1.10,88.38,0.03,1.10
2025-08-08T00:19:00.000,1.13,88.50,0.03,1.13
2025-08-08T00:20:00.000,1.11,88.62,0.03,1.11
2025-08-08T00:21:00.000,1.11,88.55,0.03,1.11
2025-08-08T00:22:00.000,1.12,87.73,0.04,1.12
2025-08-08T00:23:00.000,1.14,87.30,0.05,1.14
2025-08-08T00:24:00.000,1.15,86.35,0.07,1.14
2025-08-08T00:25:00.000,1.18,83.81,0.13,1.17
2025-08-08T00:26:00.000,1.04,92.63,-0.05,1.04
2025-08-08T00:27:00.000,1.04,92.60,-0.05,1.04
2025-08-08T00:28:00.000,1.02,92.48,-0.04,1.02
2025-08-08T00:29:00.000,1.07,95.78,-0.11,1.07
2025-08-08T00:30:00.000,1.03,96.70,-0.12,1.02
2025-08-08T00:31:00.000,0.99,97.17,-0.12,0.99
2025-08-08T00:32:00.000,0.98,97.38,-0.13,0.97
2025-08-08T00:33:00.000,0.97,96.86,-0.12,0.97
2025-08-08T00:34:00.000,0.98,97.96,-0.14,0.97
2025-08-08T00:35:00.000,0.99,97.78,-0.13,0.98
2025-08-08T00:36:00.000,0.98,97.46,-0.13,0.98
2025-08-08T00:37:00.000,0.99,97.40,-0.13,0.98
2025-08-08T00:38:00.000,1.00,97.85,-0.14,0.99
2025-08-08T00:39:00.000,1.00,97.18,-0.13,0.99
2025-08-08T00:40:00.000,1.01,97.74,-0.14,1.00
2025-08-08T00:41:00.000,1.01,98.53,-0.15,0.99
2025-08-08T00:42:00.000,1.00,98.11,-0.14,0.99
2025-08-08T00:43:00.000,1.01,98.50,-0.15,1.00
2025-08-08T00:44:00.000,1.04,99.08,-0.16,1.02
2025-08-08T00:45:00.000,1.07,95.13,-0.10,1.06
2025-08-08T00:46:00.000,1.07,98.59,-0.16,1.06
2025-08-08T00:47:00.000,1.08,97.32,-0.14,1.07
2025-08-08T00:48:00.000,1.05,97.68,-0.14,1.04
2025-08-08T00:49:00.000,1.04,98.40,-0.15,1.03
2025-08-08T00:50:00.000,1.02,98.59,-0.15,1.01
2025-08-08T00:51:00.000,1.02,99.27,-0.16,1.00
2025-08-08T00:52:00.000,1.02,99.68,-0.17,1.01
2025-08-08T00:53:00.000,0.98,100.51,-0.18,0.96
2025-08-08T00:54:00.000,0.98,100.11,-0.17,0.96
2025-08-08T00:55:00.000,0.98,100.54,-0.18,0.96
2025-08-08T00:56:00.000,0.97,100.30,-0.17,0.96
2025-08-08T00:57:00.000,0.98,100.53,-0.18,0.96
2025-08-08T00:58:00.000,0.98,100.21,-0.17,0.97
2025-08-08T00:59:00.000,0.99,100.51,-0.18,0.98
2025-08-08T01:00:00.000,0.99,100.12,-0.17,0.97
2025-08-08T01:01:00.000,1.00,100.01,-0.17,0.99
2025-08-08T01:02:00.000,0.98,100.26,-0.17,0.97
2025-08-08T01:03:00.000,0.97,99.86,-0.17,0.96
2025-08-08T01:04:00.000,0.96,100.09,-0.17,0.94
2025-08-08T01:05:00.000,0.95,99.97,-0.16,0.94
2025-08-08T01:06:00.000,0.96,99.76,-0.16,0.95
2025-08-08T01:07:00.000,0.96,99.73,-0.16,0.94
2025-08-08T01:08:00.000,0.95,98.98,-0.15,0.94
2025-08-08T01:09:00.000,0.94,100.16,-0.17,0.92
2025-08-08T01:10:00.000,0.89,97.38,-0.11,0.88
2025-08-08T01:11:00.000,0.93,98.60,-0.14,0.92
2025-08-08T01:12:00.000,0.92,97.82,-0.12,0.91
2025-08-08T01:13:00.000,0.92,98.40,-0.14,0.91
2025-08-08T01:14:00.000,0.93,96.55,-0.11,0.92
2025-08-08T01:15:00.000,0.96,95.49,-0.09,0.95
2025-08-08T01:16:00.000,0.96,95.88,-0.10,0.96
2025-08-08T01:17:00.000,0.95,97.31,-0.12,0.95
2025-08-08T01:18:00.000,0.94,96.57,-0.11,0.93
2025-08-08T01:19:00.000,0.93,96.19,-0.10,0.93
2025-08-08T01:20:00.000,0.94,97.43,-0.12,0.94
2025-08-08T01:21:00.000,0.95,97.50,-0.12,0.94
2025-08-08T01:22:00.000,0.95,97.57,-0.12,0.94
2025-08-08T01:23:00.000,0.94,97.79,-0.13,0.93
2025-08-08T01:24:00.000,0.94,98.62,-0.14,0.93
2025-08-08T01:25:00.000,0.95,98.21,-0.14,0.94
2025-08-08T01:26:00.000,0.95,98.06,-0.13,0.94
2025-08-08T01:27:00.000,0.95,97.25,-0.12,0.95
2025-08-08T01:28:00.000,1.01,96.37,-0.11,1.01
2025-08-08T01:29:00.000,1.04,94.74,-0.09,1.03
2025-08-08T01:30:00.000,1.04,95.68,-0.10,1.04
2025-08-08T01:31:00.000,1.05,95.37,-0.10,1.04
2025-08-08T01:32:00.000,1.11,92.54,-0.05,1.11
2025-08-08T01:33:00.000,1.06,96.16,-0.11,1.06
2025-08-08T01:34:00.000,1.02,97.28,-0.13,1.02
2025-08-08T01:35:00.000,1.06,96.21,-0.12,1.06
2025-08-08T01:36:00.000,1.02,97.01,-0.12,1.01
2025-08-08T01:37:00.000,1.07,97.71,-0.14,1.06
2025-08-08T01:38:00.000,1.10,95.19,-0.10,1.10
2025-08-08T01:39:00.000,1.08,94.01,-0.08,1.07
2025-08-08T01:40:00.000,1.02,96.49,-0.12,1.01
2025-08-08T01:41:00.000,1.07,94.90,-0.09,1.06
2025-08-08T01:42:00.000,1.07,95.50,-0.10,1.06
2025-08-08T01:43:00.000,1.01,96.23,-0.11,1.01
2025-08-08T01:44:00.000,0.99,97.74,-0.13,0.99
2025-08-08T01:45:00.000,1.01,98.23,-0.14,1.00
2025-08-08T01:46:00.000,0.97,98.84,-0.15,0.96
2025-08-08T01:47:00.000,0.99,98.26,-0.14,0.98
2025-08-08T01:48:00.000,1.00,97.69,-0.13,0.99
2025-08-08T01:49:00.000,1.07,97.30,-0.14,1.06
2025-08-08T01:50:00.000,1.03,97.38,-0.13,1.02
2025-08-08T01:51:00.000,1.03,96.20,-0.11,1.02
2025-08-08T01:52:00.000,1.09,94.72,-0.09,1.09
2025-08-08T01:53:00.000,1.07,95.37,-0.10,1.06
2025-08-08T01:54:00.000,1.00,96.61,-0.12,0.99
2025-08-08T01:55:00.000,1.00,97.53,-0.13,0.99
2025-08-08T01:56:00.000,0.96,97.38,-0.12,0.95
2025-08-08T01:57:00.000,0.96,98.44,-0.14,0.95
2025-08-08T01:58:00.000,0.96,98.09,-0.13,0.95
2025-08-08T01:59:00.000,0.96,97.97,-0.13,0.95
2025-08-08T02:00:00.000,0.96,97.29,-0.12,0.96
2025-08-08T02:01:00.000,0.98,96.43,-0.11,0.97
2025-08-08T02:02:00.000,0.99,96.58,-0.11,0.98
2025-08-08T02:03:00.000,0.98,96.62,-0.11,0.97
2025-08-08T02:04:00.000,0.97,97.64,-0.13,0.96
2025-08-08T02:05:00.000,0.95,97.63,-0.13,0.95
2025-08-08T02:06:00.000,0.95,98.42,-0.14,0.94
2025-08-08T02:07:00.000,0.95,98.37,-0.14,0.94
2025-08-08T02:08:00.000,0.95,98.17,-0.13,0.94
2025-08-08T02:09:00.000,0.95,97.96,-0.13,0.94
2025-08-08T02:10:00.000,0.94,98.05,-0.13,0.93
2025-08-08T02:11:00.000,0.94,97.17,-0.12,0.94
2025-08-08T02:12:00.000,0.96,96.30,-0.11,0.96
2025-08-08T02:13:00.000,0.97,95.73,-0.10,0.96
2025-08-08T02:14:00.000,0.97,94.92,-0.08,0.97
2025-08-08T02:15:00.000,0.97,95.57,-0.09,0.97
2025-08-08T02:16:00.000,0.97,95.73,-0.10,0.97
2025-08-08T02:17:00.000,0.97,95.59,-0.09,0.97
2025-08-08T02:18:00.000,0.97,96.01,-0.10,0.96
2025-08-08T02:19:00.000,0.97,95.14,-0.09,0.97
2025-08-08T02:20:00.000,0.97,95.62,-0.10,0.97
2025-08-08T02:21:00.000,0.96,94.65,-0.08,0.95
2025-08-08T02:22:00.000,0.99,93.63,-0.06,0.99
2025-08-08T02:23:00.000,0.99,94.33,-0.07,0.99
2025-08-08T02:24:00.000,0.97,94.19,-0.07,0.96
2025-08-08T02:25:00.000,0.96,94.34,-0.07,0.96
2025-08-08T02:26:00.000,0.95,94.65,-0.08,0.95
2025-08-08T02:27:00.000,0.95,95.62,-0.09,0.94
2025-08-08T02:28:00.000,0.97,94.91,-0.08,0.97
2025-08-08T02:29:00.000,0.96,95.44,-0.09,0.96
2025-08-08T02:30:00.000,0.96,95.32,-0.09,0.95
2025-08-08T02:31:00.000,0.96,95.42,-0.09,0.95
2025-08-08T02:32:00.000,0.97,95.86,-0.10,0.96
2025-08-08T02:33:00.000,0.97,95.77,-0.10,0.96
2025-08-08T02:34:00.000,0.96,95.72,-0.10,0.95
2025-08-08T02:35:00.000,0.95,95.98,-0.10,0.95
2025-08-08T02:36:00.000,0.98,95.21,-0.09,0.97
2025-08-08T02:37:00.000,0.95,95.83,-0.10,0.95
2025-08-08T02:38:00.000,0.94,95.93,-0.10,0.93
2025-08-08T02:39:00.000,0.96,95.56,-0.09,0.95
2025-08-08T02:40:00.000,0.97,95.18,-0.09,0.97
2025-08-08T02:41:00.000,0.98,94.88,-0.08,0.98
2025-08-08T02:42:00.000,0.97,95.31,-0.09,0.97
2025-08-08T02:43:00.000,0.96,96.95,-0.12,0.95
2025-08-08T02:44:00.000,0.97,96.52,-0.11,0.96
2025-08-08T02:45:00.000,0.96,95.91,-0.10,0.95
2025-08-08T02:46:00.000,0.97,96.22,-0.11,0.97
2025-08-08T02:47:00.000,0.95,97.49,-0.12,0.95
2025-08-08T02:48:00.000,0.95,97.67,-0.13,0.94
2025-08-08T02:49:00.000,0.94,97.49,-0.12,0.93
2025-08-08T02:50:00.000,0.94,97.24,-0.12,0.93
2025-08-08T02:51:00.000,0.94,97.26,-0.12,0.93
2025-08-08T02:52:00.000,0.94,97.57,-0.12,0.93
2025-08-08T02:53:00.000,0.94,97.25,-0.12,0.93
2025-08-08T02:54:00.000,0.94,97.24,-0.12,0.94
2025-08-08T02:55:00.000,0.94,97.75,-0.13,0.93
2025-08-08T02:56:00.000,0.93,97.41,-0.12,0.93
2025-08-08T02:57:00.000,0.93,97.82,-0.13,0.92
2025-08-08T02:58:00.000,0.93,97.61,-0.12,0.92
2025-08-08T02:59:00.000,0.93,97.68,-0.12,0.92
2025-08-08T03:00:00.000,0.93,97.83,-0.13,0.92
2025-08-08T03:01:00.000,0.92,97.69,-0.12,0.91
2025-08-08T03:02:00.000,0.93,98.08,-0.13,0.92
2025-08-08T03:03:00.000,0.94,97.54,-0.12,0.93
2025-08-08T03:04:00.000,0.92,99.03,-0.14,0.91
2025-08-08T03:05:00.000,0.92,98.96,-0.14,0.91
2025-08-08T03:06:00.000,0.92,99.07,-0.15,0.91
2025-08-08T03:07:00.000,0.92,99.13,-0.15,0.91
2025-08-08T03:08:00.000,0.92,99.59,-0.15,0.91
2025-08-08T03:09:00.000,0.92,99.55,-0.15,0.91
2025-08-08T03:10:00.000,0.92,99.60,-0.15,0.91
2025-08-08T03:11:00.000,0.92,99.39,-0.15,0.90
2025-08-08T03:12:00.000,0.92,99.41,-0.15,0.91
2025-08-08T03:13:00.000,0.92,99.20,-0.15,0.91
2025-08-08T03:14:00.000,0.91,99.32,-0.15,0.90
2025-08-08T03:15:00.000,0.92,99.16,-0.15,0.91
2025-08-08T03:16:00.000,0.92,98.98,-0.14,0.91
2025-08-08T03:17:00.000,0.92,99.35,-0.15,0.90
2025-08-08T03:18:00.000,0.92,99.55,-0.15,0.91
2025-08-08T03:19:00.000,0.92,99.15,-0.15,0.91
2025-08-08T03:20:00.000,0.92,99.07,-0.14,0.91
2025-08-08T03:21:00.000,0.92,99.12,-0.15,0.90
2025-08-08T03:22:00.000,0.92,98.87,-0.14,0.90
2025-08-08T03:23:00.000,0.91,99.57,-0.15,0.90
2025-08-08T03:24:00.000,0.91,99.39,-0.15,0.90
2025-08-08T03:25:00.000,0.90,98.90,-0.14,0.89
2025-08-08T03:26:00.000,0.89,99.44,-0.15,0.88
2025-08-08T03:27:00.000,0.88,98.99,-0.14,0.87
2025-08-08T03:28:00.000,0.82,96.77,-0.10,0.82
2025-08-08T03:29:00.000,0.76,94.99,-0.07,0.76
2025-08-08T03:30:00.000,0.70,91.77,-0.02,0.70
2025-08-08T03:31:00.000,0.65,95.56,-0.06,0.65
2025-08-08T03:32:00.000,0.59,88.34,0.02,0.59
2025-08-08T03:33:00.000,0.66,92.83,-0.03,0.66
2025-08-08T03:34:00.000,0.88,100.32,-0.16,0.86
2025-08-08T03:35:00.000,0.90,104.34,-0.22,0.87
2025-08-08T03:36:00.000,0.76,99.12,-0.12,0.75
2025-08-08T03:37:00.000,0.83,98.98,-0.13,0.82
2025-08-08T03:38:00.000,0.89,102.33,-0.19,0.87
2025-08-08T03:39:00.000,0.85,100.75,-0.16,0.83
2025-08-08T03:40:00.000,0.89,100.67,-0.17,0.88
2025-08-08T03:41:00.000,0.89,100.71,-0.17,0.88
2025-08-08T03:42:00.000,0.87,100.94,-0.17,0.85
2025-08-08T03:43:00.000,0.91,100.53,-0.17,0.89
2025-08-08T03:44:00.000,0.89,101.23,-0.17,0.88
2025-08-08T03:45:00.000,0.90,101.22,-0.18,0.89
2025-08-08T03:46:00.000,0.91,100.72,-0.17,0.89
2025-08-08T03:47:00.000,0.91,101.44,-0.18,0.89
2025-08-08T03:48:00.000,0.91,100.61,-0.17,0.89
2025-08-08T03:49:00.000,0.90,100.69,-0.17,0.89
2025-08-08T03:50:00.000,0.91,100.76,-0.17,0.89
2025-08-08T03:51:00.000,0.90,100.47,-0.16,0.88
2025-08-08T03:52:00.000,0.90,100.67,-0.17,0.88
2025-08-08T03:53:00.000,0.90,100.51,-0.16,0.89
2025-08-08T03:54:00.000,0.91,100.11,-0.16,0.89
2025-08-08T03:55:00.000,0.91,100.61,-0.17,0.89
2025-08-08T03:56:00.000,0.91,100.97,-0.17,0.89
2025-08-08T03:57:00.000,0.91,100.76,-0.17,0.89
2025-08-08T03:58:00.000,0.89,100.68,-0.16,0.87
2025-08-08T03:59:00.000,0.89,100.37,-0.16,0.88
2025-08-08T04:00:00.000,0.90,100.66,-0.17,0.88
2025-08-08T04:01:00.000,0.90,100.38,-0.16,0.88
2025-08-08T04:02:00.000,0.89,100.45,-0.16,0.88
2025-08-08T04:03:00.000,0.89,100.03,-0.15,0.87
2025-08-08T04:04:00.000,0.89,100.03,-0.16,0.88
2025-08-08T04:05:00.000,0.89,99.93,-0.15,0.88
2025-08-08T04:06:00.000,0.88,99.92,-0.15,0.87
2025-08-08T04:07:00.000,0.88,100.11,-0.15,0.86
2025-08-08T04:08:00.000,0.86,99.79,-0.15,0.85
2025-08-08T04:09:00.000,0.85,100.51,-0.16,0.84
2025-08-08T04:10:00.000,0.85,101.04,-0.16,0.84
2025-08-08T04:11:00.000,0.76,66.73,0.30,0.70
2025-08-08T04:12:00.000,0.77,96.10,-0.08,0.77
2025-08-08T04:13:00.000,0.79,95.38,-0.07,0.78
2025-08-08T04:14:00.000,0.79,94.91,-0.07,0.79
2025-08-08T04:15:00.000,0.79,95.35,-0.07,0.79
2025-08-08T04:16:00.000,0.77,97.33,-0.10,0.76
2025-08-08T04:17:00.000,0.77,96.71,-0.09,0.77
2025-08-08T04:18:00.000,0.79,96.14,-0.08,0.79
2025-08-08T04:19:00.000,0.77,97.62,-0.10,0.76
2025-08-08T04:20:00.000,0.73,99.26,-0.12,0.72
2025-08-08T04:21:00.000,0.76,98.68,-0.11,0.75
2025-08-08T04:22:00.000,0.78,97.38,-0.10,0.77
2025-08-08T04:23:00.000,0.74,99.00,-0.12,0.74
2025-08-08T04:24:00.000,0.78,104.33,-0.19,0.75
2025-08-08T04:25:00.000,0.77,104.65,-0.20,0.75
2025-08-08T04:26:00.000,0.80,104.32,-0.20,0.78
2025-08-08T04:27:00.000,0.79,104.66,-0.20,0.76
2025-08-08T04:28:00.000,0.79,104.68,-0.20,0.76
2025-08-08T04:29:00.000,0.77,105.27,-0.20,0.74
2025-08-08T04:30:00.000,0.73,106.77,-0.21,0.70
2025-08-08T04:31:00.000,0.75,105.48,-0.20,0.72
2025-08-08T04:32:00.000,0.80,103.57,-0.19,0.77
2025-08-08T04:33:00.000,0.79,103.14,-0.18,0.77
2025-08-08T04:34:00.000,0.80,103.38,-0.19,0.78
2025-08-08T04:35:00.000,0.81,103.40,-0.19,0.79
2025-08-08T04:36:00.000,0.83,103.21,-0.19,0.81
2025-08-08T04:37:00.000,0.83,103.09,-0.19,0.81
2025-08-08T04:38:00.000,0.83,101.90,-0.17,0.81
2025-08-08T04:39:00.000,0.83,102.13,-0.17,0.81
2025-08-08T04:40:00.000,0.81,103.26,-0.19,0.79
2025-08-08T04:41:00.000,0.81,103.32,-0.19,0.78
2025-08-08T04:42:00.000,0.83,101.99,-0.17,0.82
2025-08-08T04:43:00.000,0.85,102.12,-0.18,0.83
2025-08-08T04:44:00.000,0.84,102.19,-0.18,0.82
2025-08-08T04:45:00.000,0.84,101.43,-0.17,0.82
2025-08-08T04:46:00.000,0.85,101.73,-0.17,0.83
2025-08-08T04:47:00.000,0.87,101.07,-0.17,0.85
2025-08-08T04:48:00.000,0.86,101.13,-0.17,0.84
2025-08-08T04:49:00.000,0.85,100.96,-0.16,0.84
2025-08-08T04:50:00.000,0.85,101.19,-0.16,0.83
2025-08-08T04:51:00.000,0.85,101.50,-0.17,0.84
2025-08-08T04:52:00.000,0.84,100.47,-0.15,0.83
2025-08-08T04:53:00.000,0.84,100.41,-0.15,0.82
2025-08-08T04:54:00.000,0.86,100.61,-0.16,0.84
2025-08-08T04:55:00.000,0.85,100.79,-0.16,0.83
2025-08-08T04:56:00.000,0.85,100.58,-0.16,0.84
2025-08-08T04:57:00.000,0.87,100.75,-0.16,0.85
2025-08-08T04:58:00.000,0.85,100.55,-0.15,0.83
2025-08-08T04:59:00.000,0.87,100.10,-0.15,0.86
2025-08-08T05:00:00.000,0.86,100.25,-0.15,0.85
2025-08-08T05:01:00.000,0.85,100.87,-0.16,0.84
2025-08-08T05:02:00.000,0.83,101.22,-0.16,0.81
2025-08-08T05:03:00.000,0.83,101.38,-0.16,0.81
2025-08-08T05:04:00.000,0.82,101.90,-0.17,0.80
2025-08-08T05:05:00.000,0.81,102.36,-0.17,0.79
2025-08-08T05:06:00.000,0.79,102.97,-0.18,0.77
2025-08-08T05:07:00.000,0.80,102.93,-0.18,0.78
2025-08-08T05:08:00.000,0.81,102.50,-0.17,0.79
2025-08-08T05:09:00.000,0.79,103.09,-0.18,0.77
2025-08-08T05:10:00.000,0.80,104.53,-0.20,0.77
2025-08-08T05:11:00.000,0.83,102.23,-0.18,0.81
2025-08-08T05:12:00.000,0.76,109.31,-0.25,0.72
2025-08-08T05:13:00.000,0.70,110.42,-0.24,0.66
2025-08-08T05:14:00.000,0.65,110.58,-0.23,0.61
2025-08-08T05:15:00.000,0.71,109.00,-0.23,0.67
2025-08-08T05:16:00.000,0.71,107.16,-0.21,0.68
2025-08-08T05:17:00.000,0.74,105.47,-0.20,0.72
2025-08-08T05:18:00.000,0.76,103.25,-0.17,0.74
2025-08-08T05:19:00.000,0.81,101.91,-0.17,0.79
2025-08-08T05:20:00.000,0.78,102.03,-0.16,0.76
2025-08-08T05:21:00.000,0.73,102.15,-0.15,0.71
2025-08-08T05:22:00.000,0.73,103.83,-0.17,0.70
2025-08-08T05:23:00.000,0.73,103.62,-0.17,0.71
2025-08-08T05:24:00.000,0.75,103.14,-0.17,0.73
2025-08-08T05:25:00.000,0.73,104.43,-0.18,0.71
2025-08-08T05:26:00.000,0.73,103.76,-0.17,0.71
2025-08-08T05:27:00.000,0.73,104.28,-0.18,0.71
2025-08-08T05:28:00.000,0.69,104.53,-0.17,0.66
2025-08-08T05:29:00.000,0.68,105.06,-0.18,0.66
2025-08-08T05:30:00.000,0.64,106.23,-0.18,0.61
2025-08-08T05:31:00.000,0.68,106.11,-0.19,0.65
2025-08-08T05:32:00.000,0.65,104.91,-0.17,0.62
2025-08-08T05:33:00.000,0.62,105.85,-0.17,0.60
2025-08-08T05:34:00.000,0.65,106.82,-0.19,0.63
2025-08-08T05:35:00.000,0.67,107.60,-0.20,0.64
2025-08-08T05:36:00.000,0.62,109.50,-0.21,0.59
2025-08-08T05:37:00.000,0.59,110.83,-0.21,0.55
2025-08-08T05:38:00.000,0.59,111.08,-0.21,0.55
2025-08-08T05:39:00.000,0.60,111.33,-0.22,0.56
2025-08-08T05:40:00.000,0.62,108.93,-0.20,0.59
2025-08-08T05:41:00.000,0.61,108.41,-0.19,0.58
2025-08-08T05:42:00.000,0.65,106.46,-0.18,0.63
2025-08-08T05:43:00.000,0.68,106.55,-0.19,0.65
2025-08-08T05:44:00.000,0.66,106.90,-0.19,0.63
2025-08-08T05:45:00.000,0.66,107.78,-0.20,0.63
2025-08-08T05:46:00.000,0.66,107.49,-0.20,0.63
2025-08-08T05:47:00.000,0.66,107.52,-0.20,0.63
2025-08-08T05:48:00.000,0.64,107.97,-0.20,0.61
2025-08-08T05:49:00.000,0.62,109.72,-0.21,0.58
2025-08-08T05:50:00.000,0.64,108.51,-0.20,0.61
2025-08-08T05:51:00.000,0.63,110.18,-0.22,0.59
2025-08-08T05:52:00.000,0.62,110.71,-0.22,0.58
2025-08-08T05:53:00.000,0.61,110.59,-0.21,0.57
2025-08-08T05:54:00.000,0.62,110.04,-0.21,0.58
2025-08-08T05:55:00.000,0.65,107.77,-0.20,0.62
2025-08-08T05:56:00.000,0.67,107.28,-0.20,0.64
2025-08-08T05:57:00.000,0.64,107.78,-0.20,0.61
2025-08-08T05:58:00.000,0.63,110.01,-0.21,0.59
2025-08-08T05:59:00.000,0.60,113.77,-0.24,0.55
2025-08-08T06:00:00.000,0.56,116.46,-0.25,0.50
2025-08-08T06:01:00.000,0.54,116.89,-0.25,0.48
2025-08-08T06:02:00.000,0.53,117.90,-0.25,0.47
2025-08-08T06:03:00.000,0.55,116.49,-0.25,0.49
2025-08-08T06:04:00.000,0.38,142.09,-0.30,0.24
2025-08-08T06:05:00.000,0.38,139.86,-0.29,0.24
2025-08-08T06:06:00.000,0.38,138.18,-0.29,0.26
2025-08-08T06:07:00.000,0.39,135.99,-0.28,0.27
2025-08-08T06:08:00.000,0.37,135.53,-0.26,0.26
2025-08-08T06:09:00.000,0.38,135.36,-0.27,0.27
2025-08-08T06:10:00.000,0.36,147.05,-0.31,0.20
2025-08-08T06:11:00.000,0.34,156.26,-0.31,0.14
2025-08-08T06:12:00.000,0.34,149.93,-0.30,0.17
2025-08-08T06:13:00.000,0.35,156.33,-0.32,0.14
2025-08-08T06:14:00.000,0.36,152.46,-0.32,0.17
2025-08-08T06:15:00.000,0.34,148.08,-0.29,0.18
2025-08-08T06:16:00.000,0.34,147.41,-0.29,0.19
2025-08-08T06:17:00.000,0.35,155.69,-0.31,0.14
2025-08-08T06:18:00.000,0.35,144.95,-0.29,0.20
2025-08-08T06:19:00.000,0.34,148.02,-0.29,0.18
2025-08-08T06:20:00.000,0.33,154.33,-0.29,0.14
2025-08-08T06:21:00.000,0.31,166.05,-0.30,0.08
2025-08-08T06:22:00.000,0.31,158.21,-0.29,0.12
2025-08-08T06:23:00.000,0.33,162.69,-0.31,0.10
2025-08-08T06:24:00.000,0.31,157.04,-0.29,0.12
2025-08-08T06:25:00.000,0.30,160.15,-0.28,0.10
2025-08-08T06:26:00.000,0.30,149.57,-0.26,0.15
2025-08-08T06:27:00.000,0.31,145.31,-0.25,0.17
2025-08-08T06:28:00.000,0.35,127.77,-0.22,0.28
2025-08-08T06:29:00.000,0.38,121.95,-0.20,0.33
2025-08-08T06:30:00.000,0.42,115.87,-0.19,0.38
2025-08-08T06:31:00.000,0.40,119.77,-0.20,0.34
2025-08-08T06:32:00.000,0.41,119.30,-0.20,0.35
2025-08-08T06:33:00.000,0.42,117.22,-0.19,0.38
2025-08-08T06:34:00.000,0.39,117.64,-0.18,0.35
2025-08-08T06:35:00.000,0.34,133.91,-0.23,0.24
2025-08-08T06:36:00.000,0.33,136.55,-0.24,0.23
2025-08-08T06:37:00.000,0.33,146.48,-0.28,0.18
2025-08-08T06:38:00.000,0.30,149.22,-0.26,0.16
2025-08-08T06:39:00.000,0.30,149.49,-0.26,0.15
2025-08-08T06:40:00.000,0.30,151.07,-0.26,0.14
2025-08-08T06:41:00.000,0.31,147.26,-0.26,0.17
2025-08-08T06:42:00.000,0.33,143.53,-0.26,0.19
2025-08-08T06:43:00.000,0.31,137.02,-0.22,0.21
2025-08-08T06:44:00.000,0.30,142.33,-0.24,0.19
2025-08-08T06:45:00.000,0.30,146.63,-0.25,0.17
2025-08-08T06:46:00.000,0.32,139.16,-0.24,0.21
2025-08-08T06:47:00.000,0.31,143.42,-0.25,0.19
2025-08-08T06:48:00.000,0.30,151.90,-0.26,0.14
2025-08-08T06:49:00.000,0.66,215.96,-0.53,-0.39
2025-08-08T06:50:00.000,0.75,214.35,-0.62,-0.42
2025-08-08T06:51:00.000,0.65,210.41,-0.56,-0.33
2025-08-08T06:52:00.000,0.51,205.35,-0.46,-0.22
2025-08-08T06:53:00.000,0.52,208.69,-0.46,-0.25
2025-08-08T06:54:00.000,0.50,203.26,-0.46,-0.20
2025-08-08T06:55:00.000,0.50,205.54,-0.45,-0.22
2025-08-08T06:56:00.000,0.50,203.56,-0.46,-0.20
2025-08-08T06:57:00.000,0.52,206.83,-0.47,-0.24
2025-08-08T06:58:00.000,0.58,212.33,-0.49,-0.31
2025-08-08T06:59:00.000,0.60,212.42,-0.50,-0.32
2025-08-08T07:00:00.000,0.64,217.34,-0.51,-0.39
2025-08-08T07:01:00.000,0.64,217.17,-0.51,-0.39
2025-08-08T07:02:00.000,0.62,215.47,-0.50,-0.36
2025-08-08T07:03:00.000,0.61,214.35,-0.50,-0.34
2025-08-08T07:04:00.000,0.59,211.23,-0.50,-0.30
2025-08-08T07:05:00.000,0.58,211.66,-0.49,-0.30
2025-08-08T07:06:00.000,0.55,208.72,-0.48,-0.26
2025-08-08T07:07:00.000,0.51,200.93,-0.47,-0.18
2025-08-08T07:08:00.000,0.48,196.66,-0.46,-0.14
2025-08-08T07:09:00.000,0.49,197.28,-0.46,-0.14
2025-08-08T07:10:00.000,0.50,196.76,-0.48,-0.15
2025-08-08T07:11:00.000,0.48,192.45,-0.47,-0.10
2025-08-08T07:12:00.000,0.50,195.27,-0.48,-0.13
2025-08-08T07:13:00.000,0.49,189.90,-0.48,-0.08
2025-08-08T07:14:00.000,0.48,185.23,-0.47,-0.04
2025-08-08T07:15:00.000,0.46,181.36,-0.46,-0.01
2025-08-08T07:16:00.000,0.44,174.77,-0.44,0.04
2025-08-08T07:17:00.000,0.44,172.83,-0.44,0.05
2025-08-08T07:18:00.000,0.45,168.24,-0.44,0.09
2025-08-08T07:19:00.000,0.45,168.74,-0.44,0.09
2025-08-08T07:20:00.000,0.46,169.11,-0.45,0.09
2025-08-08T07:21:00.000,0.46,171.93,-0.46,0.07
2025-08-08T07:22:00.000,0.46,174.79,-0.46,0.04
2025-08-08T07:23:00.000,0.47,175.72,-0.47,0.04
2025-08-08T07:24:00.000,0.48,176.20,-0.48,0.03
2025-08-08T07:25:00.000,0.47,175.43,-0.47,0.04
2025-08-08T07:26:00.000,0.46,173.28,-0.46,0.05
2025-08-08T07:27:00.000,0.46,173.68,-0.46,0.05
2025-08-08T07:28:00.000,0.46,176.50,-0.46,0.03
2025-08-08T07:29:00.000,0.46,177.31,-0.46,0.02
2025-08-08T07:30:00.000,0.49,183.00,-0.49,-0.03
2025-08-08T07:31:00.000,0.55,200.08,-0.51,-0.19
2025-08-08T07:32:00.000,6.43,251.42,-2.05,-6.10
2025-08-08T07:33:00.000,12.77,257.93,-2.67,-12.48
2025-08-08T07:34:00.000,16.96,261.22,-2.59,-16.76
2025-08-08T07:35:00.000,20.10,263.26,-2.36,-19.96
2025-08-08T07:36:00.000,22.49,264.82,-2.03,-22.40
2025-08-08T07:37:00.000,24.38,266.23,-1.60,-24.33
2025-08-08T07:38:00.000,25.98,267.22,-1.26,-25.95
2025-08-08T07:39:00.000,27.54,268.25,-0.84,-27.53
2025-08-08T07:40:00.000,29.08,269.33,-0.34,-29.07
2025-08-08T07:41:00.000,30.91,270.14,0.07,-30.91
2025-08-08T07:42:00.000,32.69,271.24,0.71,-32.69
2025-08-08T07:43:00.000,35.29,271.79,1.10,-35.27
2025-08-08T07:44:00.000,37.84,272.29,1.51,-37.81
2025-08-08T07:45:00.000,42.24,272.85,2.10,-42.19
2025-08-08T07:46:00.000,46.78,273.45,2.81,-46.69
2025-08-08T07:47:00.000,54.16,274.09,3.87,-54.02
2025-08-08T07:48:00.000,61.39,274.72,5.05,-61.18
2025-08-08T07:49:00.000,72.75,275.37,6.80,-72.43
2025-08-08T07:50:00.000,83.82,276.21,9.07,-83.33
2025-08-08T07:51:00.000,100.74,276.42,11.27,-100.11
2025-08-08T07:52:00.000,118.91,277.25,15.00,-117.96
2025-08-08T07:53:00.000,144.43,278.08,20.30,-142.99
2025-08-08T07:54:00.000,171.84,278.56,25.57,-169.93
2025-08-08T07:55:00.000,208.15,280.35,37.40,-204.76
2025-08-08T07:56:00.000,249.49,283.78,59.41,-242.32
2025-08-08T07:57:00.000,224.86,285.47,59.98,-216.71
2025-08-08T07:58:00.000,221.98,285.76,60.30,-213.63
2025-08-08T07:59:00.000,220.97,285.89,60.48,-212.53
2025-08-08T08:00:00.000,220.92,285.90,60.53,-212.47
2025-08-08T08:01:00.000,220.83,285.93,60.60,-212.35
2025-08-08T08:02:00.000,220.76,285.89,60.42,-212.33
2025-08-08T08:03:00.000,220.59,285.83,60.19,-212.22
2025-08-08T08:04:00.000,220.57,285.90,60.41,-212.14
2025-08-08T08:05:00.000,220.59,285.92,60.52,-212.12
2025-08-08T08:06:00.000,220.49,285.90,60.39,-212.05
2025-08-08T08:07:00.000,220.31,285.86,60.22,-211.92
2025-08-08T08:08:00.000,220.31,285.89,60.30,-211.89
2025-08-08T08:09:00.000,220.33,285.85,60.19,-211.95
2025-08-08T08:10:00.000,220.19,285.86,60.17,-211.81
2025-08-08T08:11:00.000,220.25,285.88,60.26,-211.85
2025-08-08T08:12:00.000,220.28,285.90,60.36,-211.85
2025-08-08T08:13:00.000,220.31,285.87,60.24,-211.92
2025-08-08T08:14:00.000,220.32,285.89,60.30,-211.90
2025-08-08T08:15:00.000,220.31,285.83,60.10,-211.95
2025-08-08T08:16:00.000,220.35,285.84,60.15,-211.98
2025-08-08T08:17:00.000,220.33,285.83,60.10,-211.98
2025-08-08T08:18:00.000,220.33,285.83,60.10,-211.98
2025-08-08T08:19:00.000,220.25,285.86,60.18,-211.87
2025-08-08T08:20:00.000,220.24,285.80,59.97,-211.91
2025-08-08T08:21:00.000,220.25,285.81,60.01,-211.92
2025-08-08T08:22:00.000,220.25,285.81,60.00,-211.92
2025-08-08T08:23:00.000,220.23,285.84,60.12,-211.86
2025-08-08T08:24:00.000,220.22,285.87,60.23,-211.83
2025-08-08T08:25:00.000,220.21,285.86,60.18,-211.83
2025-08-08T08:26:00.000,220.25,285.86,60.18,-211.86
2025-08-08T08:27:00.000,220.29,285.89,60.31,-211.87
2025-08-08T08:28:00.000,220.32,285.87,60.25,-211.92
2025-08-08T08:29:00.000,220.32,285.88,60.29,-211.91
2025-08-08T08:30:00.000,220.33,285.86,60.22,-211.94
2025-08-08T08:31:00.000,220.37,285.92,60.46,-211.92
2025-08-08T08:32:00.000,220.30,285.87,60.25,-211.91
2025-08-08T08:33:00.000,220.35,285.85,60.20,-211.97
2025-08-08T08:34:00.000,220.29,285.84,60.14,-211.92
2025-08-08T08:35:00.000,220.33,285.85,60.19,-211.95
2025-08-08T08:36:00.000,220.41,285.87,60.27,-212.00
2025-08-08T08:37:00.000,220.36,285.86,60.23,-211.97
2025-08-08T08:38:00.000,220.34,285.85,60.19,-211.96
2025-08-08T08:39:00.000,220.39,285.85,60.19,-212.01
2025-08-08T08:40:00.000,220.35,285.85,60.19,-211.97
2025-08-08T08:41:00.000,220.42,285.85,60.19,-212.04
2025-08-08T08:42:00.000,220.39,285.86,60.21,-212.01
2025-08-08T08:43:00.000,220.35,285.88,60.28,-211.94
2025-08-08T08:44:00.000,220.38,285.86,60.24,-211.99
2025-08-08T08:45:00.000,220.35,285.84,60.14,-211.99
2025-08-08T08:46:00.000,220.38,285.85,60.19,-212.00
2025-08-08T08:47:00.000,220.42,285.85,60.20,-212.03
2025-08-08T08:48:00.000,220.38,285.88,60.29,-211.98
2025-08-08T08:49:00.000,220.30,285.84,60.12,-211.94
2025-08-08T08:50:00.000,220.34,285.86,60.21,-211.95
2025-08-08T08:51:00.000,220.28,285.84,60.14,-211.92
2025-08-08T08:52:00.000,220.32,285.87,60.26,-211.92
2025-08-08T08:53:00.000,220.29,285.88,60.27,-211.89
2025-08-08T08:54:00.000,220.31,285.88,60.27,-211.90
2025-08-08T08:55:00.000,220.23,285.86,60.19,-211.85
2025-08-08T08:56:00.000,220.32,285.86,60.22,-211.93
2025-08-08T08:57:00.000,220.33,285.89,60.33,-211.91
2025-08-08T08:58:00.000,220.32,285.87,60.26,-211.92
2025-08-08T08:59:00.000,220.29,285.89,60.32,-211.87
2025-08-08T09:00:00.000,220.31,285.88,60.29,-211.90
2025-08-08T09:01:00.000,220.32,285.88,60.28,-211.92
2025-08-08T09:02:00.000,220.33,285.86,60.20,-211.95
2025-08-08T09:03:00.000,220.33,285.87,60.26,-211.93
2025-08-08T09:04:00.000,220.29,285.85,60.18,-211.91
2025-08-08T09:05:00.000,220.33,285.86,60.20,-211.95
2025-08-08T09:06:00.000,220.33,285.91,60.39,-211.89
2025-08-08T09:07:00.000,220.33,285.86,60.22,-211.94
2025-08-08T09:08:00.000,220.28,285.86,60.19,-211.90
2025-08-08T09:09:00.000,220.31,285.90,60.34,-211.89
2025-08-08T09:10:00.000,220.40,285.88,60.32,-211.99
2025-08-08T09:11:00.000,220.24,285.86,60.17,-211.86
2025-08-08T09:12:00.000,220.28,285.85,60.16,-211.91
2025-08-08T09:13:00.000,220.26,285.86,60.19,-211.87
2025-08-08T09:14:00.000,220.23,285.83,60.07,-211.88
2025-08-08T09:15:00.000,220.28,285.87,60.23,-211.88
2025-08-08T09:16:00.000,220.28,285.84,60.14,-211.91
2025-08-08T09:17:00.000,220.26,285.84,60.11,-211.90
2025-08-08T09:18:00.000,220.24,285.85,60.14,-211.87
2025-08-08T09:19:00.000,220.23,285.85,60.14,-211.86
2025-08-08T09:20:00.000,220.24,285.85,60.17,-211.86
2025-08-08T09:21:00.000,220.28,285.88,60.26,-211.88
2025-08-08T09:22:00.000,220.23,285.92,60.40,-211.79
2025-08-08T09:23:00.000,220.18,285.85,60.14,-211.80
2025-08-08T09:24:00.000,220.18,285.87,60.21,-211.79
2025-08-08T09:25:00.000,220.18,285.86,60.19,-211.79
2025-08-08T09:26:00.000,220.15,285.86,60.18,-211.77
2025-08-08T09:27:00.000,220.09,285.84,60.07,-211.74
2025-08-08T09:28:00.000,220.09,285.91,60.32,-211.66
2025-08-08T09:29:00.000,220.01,285.85,60.09,-211.65
2025-08-08T09:30:00.000,220.00,285.87,60.17,-211.61
2025-08-08T09:31:00.000,219.99,285.84,60.03,-211.64
2025-08-08T09:32:00.000,219.94,285.82,59.98,-211.60
2025-08-08T09:33:00.000,219.90,285.84,60.02,-211.55
2025-08-08T09:34:00.000,219.88,285.87,60.12,-211.50
2025-08-08T09:35:00.000,219.93,285.88,60.16,-211.54
2025-08-08T09:36:00.000,219.89,285.84,60.01,-211.54
2025-08-08T09:37:00.000,219.82,285.80,59.87,-211.51
2025-08-08T09:38:00.000,219.86,285.84,60.00,-211.51
2025-08-08T09:39:00.000,219.83,285.81,59.89,-211.52
2025-08-08T09:40:00.000,219.85,285.81,59.88,-211.53
2025-08-08T09:41:00.000,219.86,285.77,59.76,-211.58
2025-08-08T09:42:00.000,219.88,285.80,59.87,-211.57
2025-08-08T09:43:00.000,219.80,285.83,59.97,-211.46
2025-08-08T09:44:00.000,219.69,285.78,59.74,-211.41
2025-08-08T09:45:00.000,219.76,285.82,59.91,-211.43
2025-08-08T09:46:00.000,219.81,285.81,59.89,-211.49
2025-08-08T09:47:00.000,219.73,285.82,59.90,-211.41
2025-08-08T09:48:00.000,219.89,285.84,60.01,-211.55
2025-08-08T09:49:00.000,219.83,285.88,60.17,-211.44
2025-08-08T09:50:00.000,219.80,285.83,59.94,-211.47
2025-08-08T09:51:00.000,219.80,285.86,60.06,-211.44
2025-08-08T09:52:00.000,219.80,285.83,59.97,-211.46
2025-08-08T09:53:00.000,219.80,285.81,59.88,-211.49
2025-08-08T09:54:00.000,219.77,285.81,59.88,-211.46
2025-08-08T09:55:00.000,219.75,285.83,59.93,-211.42
2025-08-08T09:56:00.000,219.74,285.81,59.87,-211.43
2025-08-08T09:57:00.000,219.72,285.81,59.86,-211.40
2025-08-08T09:58:00.000,219.79,285.82,59.91,-211.47
2025-08-08T09:59:00.000,219.71,285.79,59.80,-211.42
2025-08-08T10:00:00.000,219.75,285.80,59.84,-211.44
2025-08-08T10:01:00.000,219.74,285.81,59.86,-211.44
2025-08-08T10:02:00.000,219.80,285.80,59.86,-211.49
2025-08-08T10:03:00.000,219.77,285.79,59.81,-211.47
2025-08-08T10:04:00.000,219.77,285.83,59.93,-211.44
2025-08-08T10:05:00.000,219.71,285.77,59.70,-211.44
2025-08-08T10:06:00.000,219.72,285.78,59.75,-211.44
2025-08-08T10:07:00.000,219.70,285.79,59.79,-211.41
2025-08-08T10:08:00.000,219.77,285.80,59.86,-211.47
2025-08-08T10:09:00.000,219.78,285.81,59.87,-211.47
2025-08-08T10:10:00.000,219.76,285.83,59.94,-211.43
2025-08-08T10:11:00.000,219.74,285.85,60.01,-211.38
2025-08-08T10:12:00.000,219.70,285.82,59.90,-211.37
2025-08-08T10:13:00.000,219.68,285.82,59.88,-211.36
2025-08-08T10:14:00.000,219.72,285.81,59.88,-211.41
2025-08-08T10:15:00.000,219.72,285.81,59.85,-211.41
2025-08-08T10:16:00.000,219.65,285.84,59.95,-211.31
2025-08-08T10:17:00.000,219.70,285.83,59.92,-211.37
2025-08-08T10:18:00.000,219.64,285.83,59.90,-211.31
2025-08-08T10:19:00.000,219.62,285.79,59.76,-211.33
2025-08-08T10:20:00.000,219.54,285.82,59.87,-211.22
2025-08-08T10:21:00.000,219.60,285.79,59.76,-211.31
2025-08-08T10:22:00.000,219.63,285.81,59.84,-211.32
2025-08-08T10:23:00.000,219.60,285.78,59.72,-211.32
2025-08-08T10:24:00.000,219.52,285.77,59.68,-211.25
2025-08-08T10:25:00.000,219.55,285.76,59.64,-211.29
2025-08-08T10:26:00.000,219.45,285.77,59.63,-211.20
2025-08-08T10:27:00.000,219.39,285.77,59.64,-211.13
2025-08-08T10:28:00.000,219.35,285.75,59.54,-211.12
2025-08-08T10:29:00.000,219.26,285.74,59.48,-211.04
2025-08-08T10:30:00.000,219.15,285.69,59.25,-210.99
2025-08-08T10:31:00.000,219.06,285.72,59.35,-210.86
2025-08-08T10:32:00.000,219.01,285.67,59.17,-210.86
2025-08-08T10:33:00.000,219.12,285.72,59.38,-210.92
2025-08-08T10:34:00.000,219.13,285.69,59.28,-210.96
2025-08-08T10:35:00.000,219.19,285.71,59.34,-211.00
2025-08-08T10:36:00.000,219.27,285.73,59.45,-211.06
2025-08-08T10:37:00.000,219.36,285.72,59.43,-211.16
2025-08-08T10:38:00.000,219.44,285.78,59.66,-211.18
2025-08-08T10:39:00.000,219.46,285.78,59.67,-211.20
2025-08-08T10:40:00.000,219.51,285.78,59.70,-211.23
2025-08-08T10:41:00.000,219.56,285.78,59.72,-211.28
2025-08-08T10:42:00.000,219.62,285.77,59.69,-211.35
2025-08-08T10:43:00.000,219.73,285.78,59.76,-211.45
2025-08-08T10:44:00.000,219.81,285.81,59.88,-211.50
2025-08-08T10:45:00.000,219.79,285.81,59.86,-211.48
2025-08-08T10:46:00.000,219.89,285.79,59.85,-211.59
2025-08-08T10:47:00.000,219.90,285.80,59.87,-211.59
2025-08-08T10:48:00.000,219.91,285.79,59.85,-211.61
2025-08-08T10:49:00.000,219.97,285.81,59.93,-211.65
2025-08-08T10:50:00.000,219.97,285.84,60.05,-211.61
2025-08-08T10:51:00.000,219.98,285.88,60.18,-211.59
2025-08-08T10:52:00.000,220.04,285.86,60.13,-211.67
2025-08-08T10:53:00.000,220.01,285.85,60.08,-211.65
2025-08-08T10:54:00.000,220.11,285.89,60.27,-211.70
2025-08-08T10:55:00.000,220.03,285.87,60.18,-211.64
2025-08-08T10:56:00.000,220.05,285.87,60.17,-211.66
2025-08-08T10:57:00.000,220.07,285.88,60.22,-211.67
2025-08-08T10:58:00.000,220.09,285.89,60.27,-211.68
2025-08-08T10:59:00.000,220.05,285.90,60.27,-211.64
2025-08-08T11:00:00.000,220.11,285.94,60.44,-211.65
2025-08-08T11:01:00.000,220.11,285.93,60.41,-211.66
2025-08-08T11:02:00.000,220.12,285.95,60.49,-211.65
2025-08-08T11:03:00.000,220.08,285.96,60.52,-211.59
2025-08-08T11:04:00.000,220.09,285.97,60.57,-211.59
2025-08-08T11:05:00.000,220.10,285.99,60.64,-211.58
2025-08-08T11:06:00.000,220.00,285.98,60.57,-211.50
2025-08-08T11:07:00.000,220.00,285.92,60.35,-211.56
2025-08-08T11:08:00.000,219.92,285.93,60.36,-211.47
2025-08-08T11:09:00.000,219.91,285.95,60.43,-211.44
2025-08-08T11:10:00.000,219.86,285.93,60.35,-211.42
2025-08-08T11:11:00.000,219.81,285.96,60.43,-211.34
2025-08-08T11:12:00.000,219.73,285.91,60.22,-211.32
2025-08-08T11:13:00.000,219.74,285.93,60.29,-211.31
2025-08-08T11:14:00.000,219.70,285.86,60.04,-211.33
2025-08-08T11:15:00.000,219.61,285.87,60.07,-211.23
2025-08-08T11:16:00.000,219.65,285.83,59.93,-211.31
2025-08-08T11:17:00.000,219.67,285.83,59.91,-211.34
2025-08-08T11:18:00.000,219.60,285.86,60.00,-211.24
2025-08-08T11:19:00.000,219.62,285.85,59.99,-211.27
2025-08-08T11:20:00.000,219.57,285.84,59.95,-211.23
2025-08-08T11:21:00.000,219.64,285.87,60.08,-211.26
2025-08-08T11:22:00.000,219.66,285.87,60.05,-211.29
2025-08-08T11:23:00.000,219.67,285.88,60.10,-211.29
2025-08-08T11:24:00.000,219.71,285.86,60.03,-211.35
2025-08-08T11:25:00.000,219.78,285.92,60.27,-211.36
2025-08-08T11:26:00.000,219.81,285.89,60.17,-211.41
2025-08-08T11:27:00.000,219.79,285.90,60.20,-211.38
2025-08-08T11:28:00.000,219.73,285.86,60.05,-211.36
2025-08-08T11:29:00.000,219.64,285.88,60.11,-211.26
2025-08-08T11:30:00.000,219.61,285.88,60.10,-211.23
2025-08-08T11:31:00.000,219.66,285.88,60.10,-211.28
2025-08-08T11:32:00.000,219.69,285.90,60.17,-211.29
2025-08-08T11:33:00.000,219.73,285.92,60.26,-211.31
2025-08-08T11:34:00.000,219.65,285.87,60.06,-211.28
2025-08-08T11:35:00.000,219.63,285.89,60.12,-211.24
2025-08-08T11:36:00.000,219.68,285.90,60.18,-211.28
2025-08-08T11:37:00.000,219.76,285.91,60.25,-211.34
2025-08-08T11:38:00.000,219.81,285.92,60.28,-211.38
2025-08-08T11:39:00.000,219.72,285.90,60.21,-211.31
2025-08-08T11:40:00.000,219.74,285.92,60.27,-211.31
2025-08-08T11:41:00.000,219.76,285.95,60.40,-211.30
2025-08-08T11:42:00.000,219.77,285.92,60.30,-211.34
2025-08-08T11:43:00.000,219.75,285.99,60.55,-211.24
2025-08-08T11:44:00.000,219.70,285.95,60.38,-211.25
2025-08-08T11:45:00.000,219.59,285.97,60.41,-211.12
2025-08-08T11:46:00.000,219.59,285.97,60.43,-211.11
2025-08-08T11:47:00.000,219.47,285.96,60.35,-211.01
2025-08-08T11:48:00.000,219.39,285.96,60.32,-210.93
2025-08-08T11:49:00.000,219.44,285.96,60.33,-210.98
2025-08-08T11:50:00.000,219.33,285.92,60.15,-210.92
2025-08-08T11:51:00.000,219.36,285.95,60.28,-210.91
2025-08-08T11:52:00.000,219.35,285.94,60.24,-210.91
2025-08-08T11:53:00.000,219.25,285.93,60.18,-210.83
2025-08-08T11:54:00.000,219.33,285.93,60.19,-210.91
2025-08-08T11:55:00.000,219.41,285.92,60.17,-211.00
2025-08-08T11:56:00.000,219.46,285.92,60.20,-211.04
2025-08-08T11:57:00.000,219.48,285.93,60.25,-211.05
2025-08-08T11:58:00.000,219.55,285.92,60.23,-211.12
2025-08-08T11:59:00.000,219.58,285.87,60.05,-211.21
2025-08-08T12:00:00.000,219.59,285.88,60.07,-211.21
2025-08-08T12:01:00.000,219.59,285.89,60.10,-211.20
2025-08-08T12:02:00.000,219.58,285.89,60.14,-211.18
2025-08-08T12:03:00.000,219.53,285.87,60.03,-211.16
2025-08-08T12:04:00.000,219.63,285.88,60.10,-211.24
2025-08-08T12:05:00.000,219.62,285.88,60.08,-211.24
2025-08-08T12:06:00.000,219.63,285.87,60.06,-211.26
2025-08-08T12:07:00.000,219.78,285.88,60.15,-211.39
2025-08-08T12:08:00.000,219.90,285.90,60.25,-211.48
2025-08-08T12:09:00.000,220.01,285.92,60.35,-211.57
2025-08-08T12:10:00.000,220.07,285.89,60.27,-211.65
2025-08-08T12:11:00.000,220.14,285.94,60.44,-211.68
2025-08-08T12:12:00.000,220.23,285.94,60.47,-211.77
2025-08-08T12:13:00.000,220.28,285.95,60.54,-211.80
2025-08-08T12:14:00.000,220.32,285.97,60.62,-211.82
2025-08-08T12:15:00.000,220.39,285.96,60.60,-211.90
2025-08-08T12:16:00.000,220.39,285.98,60.68,-211.88
2025-08-08T12:17:00.000,220.40,285.98,60.68,-211.89
2025-08-08T12:18:00.000,220.48,286.00,60.76,-211.94
2025-08-08T12:19:00.000,220.45,285.98,60.70,-211.93
2025-08-08T12:20:00.000,220.51,286.04,60.91,-211.93
2025-08-08T12:21:00.000,220.55,286.04,60.95,-211.96
2025-08-08T12:22:00.000,220.59,286.07,61.05,-211.97
2025-08-08T12:23:00.000,220.70,286.10,61.21,-212.04
2025-08-08T12:24:00.000,220.70,286.07,61.10,-212.07
2025-08-08T12:25:00.000,220.70,286.07,61.08,-212.08
2025-08-08T12:26:00.000,220.76,286.14,61.38,-212.06
2025-08-08T12:27:00.000,220.79,286.16,61.44,-212.06
2025-08-08T12:28:00.000,220.79,286.13,61.34,-212.10
2025-08-08T12:29:00.000,220.78,286.15,61.40,-212.07
2025-08-08T12:30:00.000,220.82,286.12,61.31,-212.14
2025-08-08T12:31:00.000,220.76,286.09,61.20,-212.11
2025-08-08T12:32:00.000,220.65,286.12,61.26,-211.98
2025-08-08T12:33:00.000,220.50,286.06,60.99,-211.90
2025-08-08T12:34:00.000,220.40,286.04,60.90,-211.82
2025-08-08T12:35:00.000,220.39,286.06,60.96,-211.79
2025-08-08T12:36:00.000,220.28,286.06,60.93,-211.69
2025-08-08T12:37:00.000,220.27,286.04,60.84,-211.70
2025-08-08T12:38:00.000,220.15,286.04,60.82,-211.58
2025-08-08T12:39:00.000,220.18,286.06,60.93,-211.58
2025-08-08T12:40:00.000,220.10,286.09,61.00,-211.48
2025-08-08T12:41:00.000,220.08,286.07,60.92,-211.48
2025-08-08T12:42:00.000,219.99,286.04,60.77,-211.43
2025-08-08T12:43:00.000,220.00,286.07,60.88,-211.41
2025-08-08T12:44:00.000,220.04,286.09,60.96,-211.42
2025-08-08T12:45:00.000,219.90,286.08,60.89,-211.30
2025-08-08T12:46:00.000,219.89,286.08,60.90,-211.28
2025-08-08T12:47:00.000,219.83,286.08,60.89,-211.22
2025-08-08T12:48:00.000,219.84,286.10,60.96,-211.22
2025-08-08T12:49:00.000,219.88,286.10,60.99,-211.25
2025-08-08T12:50:00.000,219.89,286.08,60.92,-211.29
2025-08-08T12:51:00.000,219.92,286.06,60.84,-211.34
2025-08-08T12:52:00.000,219.89,286.08,60.91,-211.28
2025-08-08T12:53:00.000,219.85,286.09,60.92,-211.24
2025-08-08T12:54:00.000,219.94,286.09,60.95,-211.33
2025-08-08T12:55:00.000,219.93,286.09,60.95,-211.31
2025-08-08T12:56:00.000,219.96,286.08,60.93,-211.35
2025-08-08T12:57:00.000,219.94,286.13,61.10,-211.28
2025-08-08T12:58:00.000,219.97,286.14,61.14,-211.30
2025-08-08T12:59:00.000,219.93,286.16,61.21,-211.24
2025-08-08T13:00:00.000,220.02,286.17,61.26,-211.32
2025-08-08T13:01:00.000,219.95,286.14,61.14,-211.28
2025-08-08T13:02:00.000,219.88,286.14,61.12,-211.22
2025-08-08T13:03:00.000,219.81,286.14,61.11,-211.15
2025-08-08T13:04:00.000,219.71,286.15,61.12,-211.04
2025-08-08T13:05:00.000,219.50,286.23,61.37,-210.75
2025-08-08T13:06:00.000,219.29,286.36,61.76,-210.41
2025-08-08T13:07:00.000,216.41,286.73,62.29,-207.25
2025-08-08T13:08:00.000,226.00,278.92,35.03,-223.26
2025-08-08T13:09:00.000,237.17,242.14,-110.82,-209.69
2025-08-08T13:10:00.000,228.31,241.94,-107.39,-201.48
2025-08-08T13:11:00.000,221.88,349.86,218.41,-39.07
2025-08-08T13:12:00.000,190.18,21.77,176.62,70.53
2025-08-08T13:13:00.000,165.52,21.96,153.52,61.89
2025-08-08T13:14:00.000,147.78,22.55,136.48,56.67
2025-08-08T13:15:00.000,128.33,21.47,119.43,46.98
2025-08-08T13:16:00.000,110.60,24.48,100.66,45.83
2025-08-08T13:17:00.000,98.48,30.48,84.87,49.95
2025-08-08T13:18:00.000,93.07,89.59,0.67,93.07
2025-08-08T13:19:00.000,82.40,97.55,-10.83,81.68
2025-08-08T13:20:00.000,73.39,91.06,-1.36,73.37
2025-08-08T13:21:00.000,64.97,99.76,-11.02,64.03
2025-08-08T13:22:00.000,57.43,94.03,-4.04,57.29
2025-08-08T13:23:00.000,52.01,93.34,-3.03,51.92
2025-08-08T13:24:00.000,45.81,84.34,4.52,45.58
2025-08-08T13:25:00.000,42.08,86.62,2.48,42.00
2025-08-08T13:26:00.000,38.11,84.16,3.88,37.91
2025-08-08T13:27:00.000,35.83,82.37,4.76,35.52
2025-08-08T13:28:00.000,33.29,86.00,2.32,33.21
2025-08-08T13:29:00.000,31.38,86.81,1.75,31.33
2025-08-08T13:30:00.000,29.82,83.56,3.34,29.63
2025-08-08T13:31:00.000,28.09,74.75,7.39,27.10
2025-08-08T13:32:00.000,26.72,75.83,6.54,25.91
2025-08-08T13:33:00.000,25.07,67.12,9.75,23.10
2025-08-08T13:34:00.000,23.40,65.49,9.71,21.29
2025-08-08T13:35:00.000,21.33,54.18,12.48,17.30
2025-08-08T13:36:00.000,18.72,53.03,11.26,14.96
2025-08-08T13:37:00.000,15.90,51.28,9.94,12.40
2025-08-08T13:38:00.000,12.60,52.38,7.69,9.98
2025-08-08T13:39:00.000,8.71,52.13,5.35,6.88
2025-08-08T13:40:00.000,5.42,55.94,3.03,4.49
2025-08-08T13:41:00.000,2.94,56.08,1.64,2.44
2025-08-08T13:42:00.000,2.18,59.54,1.11,1.88
2025-08-08T13:43:00.000,2.22,60.81,1.08,1.94
2025-08-08T13:44:00.000,1.85,63.91,0.81,1.66
2025-08-08T13:45:00.000,1.96,61.52,0.93,1.72
2025-08-08T13:46:00.000,3.28,77.52,0.71,3.20
2025-08-08T13:47:00.000,1.63,65.92,0.67,1.49
2025-08-08T13:48:00.000,1.31,63.95,0.57,1.18
2025-08-08T13:49:00.000,1.02,76.92,0.23,1.00
2025-08-08T13:50:00.000,0.90,71.70,0.28,0.86
2025-08-08T13:51:00.000,0.96,68.24,0.36,0.90
2025-08-08T13:52:00.000,1.00,70.78,0.33,0.94
2025-08-08T13:53:00.000,1.21,73.00,0.35,1.16
2025-08-08T13:54:00.000,1.10,69.59,0.38,1.03
2025-08-08T13:55:00.000,0.96,72.63,0.29,0.91
2025-08-08T13:56:00.000,0.93,73.04,0.27,0.89
2025-08-08T13:57:00.000,0.93,72.39,0.28,0.89
2025-08-08T13:58:00.000,0.86,74.80,0.22,0.83
2025-08-08T13:59:00.000,0.81,74.58,0.22,0.78
2025-08-08T14:00:00.000,0.79,74.39,0.21,0.76
2025-08-08T14:01:00.000,0.79,71.42,0.25,0.75
2025-08-08T14:02:00.000,0.77,75.66,0.19,0.74
2025-08-08T14:03:00.000,0.78,75.18,0.20,0.76
2025-08-08T14:04:00.000,0.73,76.91,0.17,0.71
2025-08-08T14:05:00.000,0.73,76.30,0.17,0.71
2025-08-08T14:06:00.000,0.71,78.57,0.14,0.70
2025-08-08T14:07:00.000,0.78,80.22,0.13,0.77
2025-08-08T14:08:00.000,0.80,78.47,0.16,0.78
2025-08-08T14:09:00.000,0.81,82.53,0.11,0.80
2025-08-08T14:10:00.000,0.82,81.14,0.13,0.81
2025-08-08T14:11:00.000,0.84,80.13,0.14,0.83
2025-08-08T14:12:00.000,0.88,77.56,0.19,0.86
2025-08-08T14:13:00.000,0.88,76.29,0.21,0.86
2025-08-08T14:14:00.000,0.92,74.37,0.25,0.88
2025-08-08T14:15:00.000,1.45,63.19,0.66,1.30
2025-08-08T14:16:00.000,2.89,60.89,1.41,2.53
2025-08-08T14:17:00.000,4.25,59.79,2.14,3.68
2025-08-08T14:18:00.000,3.33,53.25,1.99,2.67
2025-08-08T14:19:00.000,3.14,55.98,1.76,2.60
2025-08-08T14:20:00.000,3.76,53.00,2.26,3.01
2025-08-08T14:21:00.000,5.43,54.96,3.12,4.44
2025-08-08T14:22:00.000,5.07,56.48,2.80,4.22
2025-08-08T14:23:00.000,3.11,60.07,1.55,2.70
2025-08-08T14:24:00.000,2.81,71.28,0.90,2.66
2025-08-08T14:25:00.000,2.19,71.08,0.71,2.07
2025-08-08T14:26:00.000,1.99,73.86,0.55,1.92
2025-08-08T14:27:00.000,2.05,76.40,0.48,1.99
2025-08-08T14:28:00.000,1.72,75.53,0.43,1.66
2025-08-08T14:29:00.000,1.37,74.42,0.37,1.32
2025-08-08T14:30:00.000,1.15,75.37,0.29,1.11
2025-08-08T14:31:00.000,1.12,74.48,0.30,1.08
2025-08-08T14:32:00.000,0.97,74.33,0.26,0.93
2025-08-08T14:33:00.000,0.97,75.76,0.24,0.94
2025-08-08T14:34:00.000,0.98,77.70,0.21,0.96
2025-08-08T14:35:00.000,0.94,76.30,0.22,0.91
2025-08-08T14:36:00.000,0.95,75.26,0.24,0.92
2025-08-08T14:37:00.000,0.96,75.41,0.24,0.93
2025-08-08T14:38:00.000,1.00,80.86,0.16,0.99
2025-08-08T14:39:00.000,0.95,79.65,0.17,0.93
2025-08-08T14:40:00.000,0.99,78.73,0.19,0.97
2025-08-08T14:41:00.000,1.00,78.58,0.20,0.98
2025-08-08T14:42:00.000,1.00,79.33,0.18,0.98
2025-08-08T14:43:00.000,1.03,80.15,0.18,1.02
2025-08-08T14:44:00.000,1.07,81.30,0.16,1.06
2025-08-08T14:45:00.000,1.04,79.97,0.18,1.02
2025-08-08T14:46:00.000,1.04,79.92,0.18,1.03
2025-08-08T14:47:00.000,0.98,78.63,0.19,0.96
2025-08-08T14:48:00.000,0.95,79.49,0.17,0.93
2025-08-08T14:49:00.000,0.91,78.84,0.18,0.90
2025-08-08T14:50:00.000,0.91,78.36,0.18,0.89
2025-08-08T14:51:00.000,0.98,78.94,0.19,0.96
2025-08-08T14:52:00.000,0.91,76.70,0.21,0.88
2025-08-08T14:53:00.000,0.94,76.48,0.22,0.92
2025-08-08T14:54:00.000,0.93,77.08,0.21,0.91
2025-08-08T14:55:00.000,0.93,78.41,0.19,0.91
2025-08-08T14:56:00.000,0.91,77.60,0.19,0.89
2025-08-08T14:57:00.000,0.91,79.45,0.17,0.89
2025-08-08T14:58:00.000,0.84,80.76,0.14,0.83
2025-08-08T14:59:00.000,0.93,114.97,-0.39,0.84
2025-08-08T15:00:00.000,1.30,101.95,-0.27,1.27
2025-08-08T15:01:00.000,0.78,88.06,0.03,0.78
2025-08-08T15:02:00.000,0.84,86.65,0.05,0.84
2025-08-08T15:03:00.000,0.84,84.23,0.08,0.83
2025-08-08T15:04:00.000,0.93,88.27,0.03,0.93
2025-08-08T15:05:00.000,1.00,84.04,0.10,0.99
2025-08-08T15:06:00.000,1.16,82.06,0.16,1.15
2025-08-08T15:07:00.000,1.23,81.69,0.18,1.21
2025-08-08T15:08:00.000,1.25,82.51,0.16,1.24
2025-08-08T15:09:00.000,1.04,86.35,0.07,1.04
2025-08-08T15:10:00.000,1.02,84.31,0.10,1.01
2025-08-08T15:11:00.000,0.93,76.56,0.22,0.91
2025-08-08T15:12:00.000,0.86,79.76,0.15,0.85
2025-08-08T15:13:00.000,0.69,55.67,0.39,0.57
2025-08-08T15:14:00.000,0.84,81.10,0.13,0.83
2025-08-08T15:15:00.000,0.83,83.47,0.09,0.83
2025-08-08T15:16:00.000,0.87,82.48,0.11,0.86
2025-08-08T15:17:00.000,0.89,80.97,0.14,0.88
2025-08-08T15:18:00.000,0.88,79.76,0.16,0.87
2025-08-08T15:19:00.000,0.89,75.39,0.23,0.87
2025-08-08T15:20:00.000,0.88,72.08,0.27,0.83
2025-08-08T15:21:00.000,0.86,73.96,0.24,0.83
2025-08-08T15:22:00.000,0.88,75.00,0.23,0.85
2025-08-08T15:23:00.000,0.88,75.99,0.21,0.85
2025-08-08T15:24:00.000,0.87,79.43,0.16,0.86
2025-08-08T15:25:00.000,0.88,80.48,0.15,0.87
2025-08-08T15:26:00.000,0.85,78.97,0.16,0.84
2025-08-08T15:27:00.000,0.86,81.04,0.13,0.85
2025-08-08T15:28:00.000,0.87,79.64,0.16,0.85
2025-08-08T15:29:00.000,0.92,83.48,0.10,0.91
2025-08-08T15:30:00.000,1.02,88.95,0.02,1.02
2025-08-08T15:31:00.000,0.89,84.86,0.08,0.89
2025-08-08T15:32:00.000,0.88,88.21,0.03,0.88
2025-08-08T15:33:00.000,0.86,86.58,0.05,0.86
2025-08-08T15:34:00.000,0.84,87.56,0.04,0.84
2025-08-08T15:35:00.000,0.84,89.54,0.01,0.84
2025-08-08T15:36:00.000,0.83,90.12,-0.00,0.83
2025-08-08T15:37:00.000,0.71,85.38,0.06,0.70
2025-08-08T15:38:00.000,0.78,88.80,0.02,0.78
2025-08-08T15:39:00.000,0.76,92.46,-0.03,0.76
2025-08-08T15:40:00.000,0.77,92.21,-0.03,0.77
2025-08-08T15:41:00.000,0.80,103.51,-0.19,0.78
2025-08-08T15:42:00.000,0.86,101.19,-0.17,0.84
2025-08-08T15:43:00.000,0.38,97.40,-0.05,0.37
2025-08-08T15:44:00.000,0.69,98.15,-0.10,0.68
2025-08-08T15:45:00.000,0.73,93.70,-0.05,0.73
2025-08-08T15:46:00.000,0.71,94.88,-0.06,0.70
2025-08-08T15:47:00.000,0.76,89.42,0.01,0.76
2025-08-08T15:48:00.000,0.77,85.56,0.06,0.77
2025-08-08T15:49:00.000,0.74,82.17,0.10,0.74
2025-08-08T15:50:00.000,0.80,82.80,0.10,0.79
2025-08-08T15:51:00.000,0.80,83.13,0.10,0.79
2025-08-08T15:52:00.000,0.79,83.60,0.09,0.78
2025-08-08T15:53:00.000,0.79,84.60,0.07,0.78
2025-08-08T15:54:00.000,0.76,89.80,0.00,0.76
2025-08-08T15:55:00.000,0.72,87.89,0.03,0.72
2025-08-08T15:56:00.000,0.68,91.66,-0.02,0.68
2025-08-08T15:57:00.000,0.62,98.23,-0.09,0.61
2025-08-08T15:58:00.000,0.61,96.85,-0.07,0.61
2025-08-08T15:59:00.000,0.63,89.86,0.00,0.63
2025-08-08T16:00:00.000,0.59,87.56,0.02,0.59
2025-08-08T16:01:00.000,0.68,86.39,0.04,0.68
2025-08-08T16:02:00.000,0.78,84.41,0.08,0.77
2025-08-08T16:03:00.000,0.84,86.08,0.06,0.84
2025-08-08T16:04:00.000,0.82,86.07,0.06,0.81
2025-08-08T16:05:00.000,0.79,84.76,0.07,0.79
2025-08-08T16:06:00.000,0.75,81.90,0.11,0.74
2025-08-08T16:07:00.000,0.80,82.30,0.11,0.79
2025-08-08T16:08:00.000,0.78,83.12,0.09,0.78
2025-08-08T16:09:00.000,0.80,81.98,0.11,0.79
2025-08-08T16:10:00.000,0.79,80.31,0.13,0.78
2025-08-08T16:11:00.000,0.83,79.10,0.16,0.82
2025-08-08T16:12:00.000,0.88,77.51,0.19,0.86
2025-08-08T16:13:00.000,0.95,74.32,0.26,0.92
2025-08-08T16:14:00.000,0.95,71.42,0.30,0.90
2025-08-08T16:15:00.000,1.10,69.83,0.38,1.04
2025-08-08T16:16:00.000,1.19,61.53,0.57,1.05
2025-08-08T16:17:00.000,1.22,63.64,0.54,1.09
2025-08-08T16:18:00.000,1.15,70.36,0.38,1.08
2025-08-08T16:19:00.000,1.16,75.12,0.30,1.12
2025-08-08T16:20:00.000,1.10,72.99,0.32,1.05
2025-08-08T16:21:00.000,1.12,76.99,0.25,1.09
2025-08-08T16:22:00.000,1.15,76.01,0.28,1.11
2025-08-08T16:23:00.000,1.16,71.41,0.37,1.09
2025-08-08T16:24:00.000,1.29,72.33,0.39,1.23
2025-08-08T16:25:00.000,1.29,68.61,0.47,1.20
2025-08-08T16:26:00.000,1.55,71.07,0.50,1.46
2025-08-08T16:27:00.000,1.69,69.45,0.59,1.58
2025-08-08T16:28:00.000,2.53,68.77,0.92,2.36
2025-08-08T16:29:00.000,1.67,72.41,0.51,1.60
2025-08-08T16:30:00.000,1.98,70.32,0.67,1.86
2025-08-08T16:31:00.000,2.01,74.49,0.54,1.94
2025-08-08T16:32:00.000,1.80,74.83,0.47,1.74
2025-08-08T16:33:00.000,1.68,72.06,0.52,1.60
2025-08-08T16:34:00.000,1.35,77.64,0.29,1.32
2025-08-08T16:35:00.000,1.29,79.96,0.23,1.27
2025-08-08T16:36:00.000,1.23,83.16,0.15,1.22
2025-08-08T16:37:00.000,1.20,79.35,0.22,1.18
2025-08-08T16:38:00.000,1.26,80.33,0.21,1.25
2025-08-08T16:39:00.000,1.23,77.78,0.26,1.20
2025-08-08T16:40:00.000,1.14,75.83,0.28,1.10
2025-08-08T16:41:00.000,1.16,70.32,0.39,1.09
2025-08-08T16:42:00.000,1.17,69.71,0.41,1.10
2025-08-08T16:43:00.000,1.17,67.35,0.45,1.08
2025-08-08T16:44:00.000,1.15,64.69,0.49,1.04
2025-08-08T16:45:00.000,1.11,65.35,0.46,1.01
2025-08-08T16:46:00.000,1.04,64.36,0.45,0.94
2025-08-08T16:47:00.000,1.01,64.25,0.44,0.91
2025-08-08T16:48:00.000,0.98,63.52,0.44,0.88
2025-08-08T16:49:00.000,0.94,59.79,0.47,0.81
2025-08-08T16:50:00.000,0.96,60.03,0.48,0.83
2025-08-08T16:51:00.000,0.96,64.84,0.41,0.87
2025-08-08T16:52:00.000,0.96,65.02,0.40,0.87
2025-08-08T16:53:00.000,0.95,62.19,0.44,0.84
2025-08-08T16:54:00.000,0.95,63.87,0.42,0.86
2025-08-08T16:55:00.000,0.97,68.24,0.36,0.90
2025-08-08T16:56:00.000,0.97,70.98,0.32,0.92
2025-08-08T16:57:00.000,0.96,76.83,0.22,0.94
2025-08-08T16:58:00.000,0.94,80.11,0.16,0.92
2025-08-08T16:59:00.000,0.86,78.29,0.17,0.84
2025-08-08T17:00:00.000,0.64,77.46,0.14,0.63
2025-08-08T17:01:00.000,0.67,75.42,0.17,0.64
2025-08-08T17:02:00.000,0.68,45.52,0.47,0.48
2025-08-08T17:03:00.000,0.79,39.33,0.61,0.50
2025-08-08T17:04:00.000,0.86,41.24,0.64,0.56
2025-08-08T17:05:00.000,0.90,41.81,0.67,0.60
2025-08-08T17:06:00.000,0.89,51.95,0.55,0.70
2025-08-08T17:07:00.000,0.93,51.14,0.58,0.72
2025-08-08T17:08:00.000,0.85,60.07,0.43,0.74
2025-08-08T17:09:00.000,0.87,63.29,0.39,0.78
2025-08-08T17:10:00.000,0.88,61.48,0.42,0.77
2025-08-08T17:11:00.000,0.95,50.72,0.60,0.74
2025-08-08T17:12:00.000,0.94,55.23,0.54,0.77
2025-08-08T17:13:00.000,0.88,63.12,0.40,0.78
2025-08-08T17:14:00.000,0.90,63.34,0.40,0.80
2025-08-08T17:15:00.000,1.10,41.77,0.82,0.73
2025-08-08T17:16:00.000,1.31,34.69,1.07,0.74
2025-08-08T17:17:00.000,1.31,36.62,1.05,0.78
2025-08-08T17:18:00.000,1.09,55.10,0.62,0.89
2025-08-08T17:19:00.000,1.16,58.91,0.60,0.99
2025-08-08T17:20:00.000,1.04,65.17,0.44,0.95
2025-08-08T17:21:00.000,1.03,73.51,0.29,0.99
2025-08-08T17:22:00.000,1.06,79.36,0.20,1.04
2025-08-08T17:23:00.000,1.02,73.29,0.29,0.97
2025-08-08T17:24:00.000,0.94,75.15,0.24,0.91
2025-08-08T17:25:00.000,0.96,78.48,0.19,0.94
2025-08-08T17:26:00.000,0.92,77.85,0.19,0.90
2025-08-08T17:27:00.000,0.90,78.87,0.17,0.88
2025-08-08T17:28:00.000,0.88,80.59,0.14,0.86
2025-08-08T17:29:00.000,0.87,77.48,0.19,0.85
2025-08-08T17:30:00.000,0.84,78.08,0.17,0.82
2025-08-08T17:31:00.000,0.86,81.30,0.13,0.85
2025-08-08T17:32:00.000,0.85,81.52,0.12,0.84
2025-08-08T17:33:00.000,0.83,83.30,0.10,0.82
2025-08-08T17:34:00.000,0.86,90.60,-0.01,0.86
2025-08-08T17:35:00.000,0.86,84.39,0.08,0.85
2025-08-08T17:36:00.000,0.85,81.51,0.13,0.84
2025-08-08T17:37:00.000,0.86,80.56,0.14,0.85
2025-08-08T17:38:00.000,0.83,81.66,0.12,0.82
2025-08-08T17:39:00.000,0.81,82.13,0.11,0.80
2025-08-08T17:40:00.000,0.82,83.69,0.09,0.82
2025-08-08T17:41:00.000,0.84,80.94,0.13,0.83
2025-08-08T17:42:00.000,0.89,83.54,0.10,0.89
2025-08-08T17:43:00.000,0.92,83.42,0.11,0.92
2025-08-08T17:44:00.000,0.92,87.80,0.04,0.92
2025-08-08T17:45:00.000,0.92,84.73,0.08,0.91
2025-08-08T17:46:00.000,0.91,84.43,0.09,0.90
2025-08-08T17:47:00.000,0.92,86.25,0.06,0.91
2025-08-08T17:48:00.000,0.90,85.14,0.08,0.90
2025-08-08T17:49:00.000,0.89,85.07,0.08,0.89
2025-08-08T17:50:00.000,0.84,83.72,0.09,0.83
2025-08-08T17:51:00.000,0.82,83.75,0.09,0.82
2025-08-08T17:52:00.000,0.84,83.01,0.10,0.83
2025-08-08T17:53:00.000,0.88,82.56,0.11,0.88
2025-08-08T17:54:00.000,0.87,80.35,0.15,0.85
2025-08-08T17:55:00.000,0.94,77.85,0.20,0.92
2025-08-08T17:56:00.000,1.00,77.12,0.22,0.98
2025-08-08T17:57:00.000,1.01,76.39,0.24,0.98
2025-08-08T17:58:00.000,0.96,78.88,0.19,0.94
2025-08-08T17:59:00.000,0.91,81.12,0.14,0.90
2025-08-08T18:00:00.000,0.89,82.41,0.12,0.88
2025-08-08T18:01:00.000,0.89,82.99,0.11,0.88
2025-08-08T18:02:00.000,0.87,83.13,0.10,0.87
2025-08-08T18:03:00.000,0.90,84.72,0.08,0.89
2025-08-08T18:04:00.000,0.90,85.03,0.08,0.90
2025-08-08T18:05:00.000,0.91,83.76,0.10,0.90
2025-08-08T18:06:00.000,0.91,83.25,0.11,0.91
2025-08-08T18:07:00.000,0.93,84.73,0.09,0.92
2025-08-08T18:08:00.000,0.89,82.06,0.12,0.88
2025-08-08T18:09:00.000,0.89,84.42,0.09,0.89
2025-08-08T18:10:00.000,0.92,85.71,0.07,0.92
2025-08-08T18:11:00.000,0.89,85.18,0.07,0.89
2025-08-08T18:12:00.000,0.85,85.17,0.07,0.85
2025-08-08T18:13:00.000,0.84,86.02,0.06,0.84
2025-08-08T18:14:00.000,0.86,84.74,0.08,0.86
2025-08-08T18:15:00.000,0.88,84.43,0.09,0.88
2025-08-08T18:16:00.000,0.89,82.89,0.11,0.89
2025-08-08T18:17:00.000,0.95,82.83,0.12,0.95
2025-08-08T18:18:00.000,0.98,82.42,0.13,0.97
2025-08-08T18:19:00.000,1.02,82.41,0.13,1.01
2025-08-08T18:20:00.000,1.00,82.80,0.13,0.99
2025-08-08T18:21:00.000,0.92,82.92,0.11,0.91
2025-08-08T18:22:00.000,0.97,83.94,0.10,0.96
2025-08-08T18:23:00.000,0.96,84.95,0.08,0.96
2025-08-08T18:24:00.000,0.99,86.79,0.06,0.99
2025-08-08T18:25:00.000,0.93,85.37,0.07,0.93
2025-08-08T18:26:00.000,0.95,86.00,0.07,0.95
2025-08-08T18:27:00.000,0.95,86.59,0.06,0.95
2025-08-08T18:28:00.000,0.92,86.13,0.06,0.91
2025-08-08T18:29:00.000,0.88,88.42,0.02,0.88
2025-08-08T18:30:00.000,1.01,94.62,-0.08,1.01
2025-08-08T18:31:00.000,0.90,94.13,-0.06,0.90
2025-08-08T18:32:00.000,0.87,92.45,-0.04,0.87
2025-08-08T18:33:00.000,0.86,101.46,-0.17,0.84
2025-08-08T18:34:00.000,0.85,100.10,-0.15,0.84
2025-08-08T18:35:00.000,0.84,97.25,-0.11,0.84
2025-08-08T18:36:00.000,0.86,95.85,-0.09,0.86
2025-08-08T18:37:00.000,0.89,95.43,-0.08,0.89
2025-08-08T18:38:00.000,0.90,94.75,-0.07,0.90
2025-08-08T18:39:00.000,0.90,93.56,-0.06,0.90
2025-08-08T18:40:00.000,0.89,94.40,-0.07,0.88
2025-08-08T18:41:00.000,0.86,94.75,-0.07,0.86
2025-08-08T18:42:00.000,0.78,95.28,-0.07,0.78
2025-08-08T18:43:00.000,0.79,98.28,-0.11,0.78
2025-08-08T18:44:00.000,0.70,102.59,-0.15,0.69
2025-08-08T18:45:00.000,0.69,100.39,-0.12,0.68
2025-08-08T18:46:00.000,0.76,95.50,-0.07,0.76
2025-08-08T18:47:00.000,0.67,95.46,-0.06,0.67
2025-08-08T18:48:00.000,0.68,94.04,-0.05,0.68
2025-08-08T18:49:00.000,0.72,96.14,-0.08,0.72
2025-08-08T18:50:00.000,0.72,94.56,-0.06,0.71
2025-08-08T18:51:00.000,0.69,95.45,-0.07,0.69
2025-08-08T18:52:00.000,0.72,95.83,-0.07,0.72
2025-08-08T18:53:00.000,0.67,95.33,-0.06,0.67
2025-08-08T18:54:00.000,0.63,99.04,-0.10,0.62
2025-08-08T18:55:00.000,0.67,98.89,-0.10,0.66
2025-08-08T18:56:00.000,0.73,96.31,-0.08,0.73
2025-08-08T18:57:00.000,0.76,96.65,-0.09,0.76
2025-08-08T18:58:00.000,0.79,95.51,-0.08,0.79
2025-08-08T18:59:00.000,0.80,93.32,-0.05,0.80
2025-08-08T19:00:00.000,0.84,92.30,-0.03,0.84
2025-08-08T19:01:00.000,0.85,91.17,-0.02,0.85
2025-08-08T19:02:00.000,0.86,91.02,-0.02,0.86
2025-08-08T19:03:00.000,0.93,91.20,-0.02,0.93
2025-08-08T19:04:00.000,0.80,91.61,-0.02,0.80
2025-08-08T19:05:00.000,0.79,92.95,-0.04,0.79
2025-08-08T19:06:00.000,2.70,118.96,-1.31,2.36
2025-08-08T19:07:00.000,0.87,102.36,-0.19,0.85
2025-08-08T19:08:00.000,0.87,102.69,-0.19,0.85
2025-08-08T19:09:00.000,0.95,100.39,-0.17,0.93
2025-08-08T19:10:00.000,0.91,102.28,-0.19,0.89
2025-08-08T19:11:00.000,0.90,101.53,-0.18,0.88
2025-08-08T19:12:00.000,0.95,101.00,-0.18,0.93
2025-08-08T19:13:00.000,0.95,101.55,-0.19,0.93
2025-08-08T19:14:00.000,0.90,101.34,-0.18,0.88
2025-08-08T19:15:00.000,0.90,100.87,-0.17,0.88
2025-08-08T19:16:00.000,0.89,102.22,-0.19,0.87
2025-08-08T19:17:00.000,0.84,103.36,-0.19,0.81
2025-08-08T19:18:00.000,0.85,102.39,-0.18,0.83
2025-08-08T19:19:00.000,0.84,102.88,-0.19,0.82
2025-08-08T19:20:00.000,0.84,104.48,-0.21,0.81
2025-08-08T19:21:00.000,0.81,105.88,-0.22,0.78
2025-08-08T19:22:00.000,0.81,104.83,-0.21,0.78
2025-08-08T19:23:00.000,0.84,105.08,-0.22,0.81
2025-08-08T19:24:00.000,0.78,105.51,-0.21,0.76
2025-08-08T19:25:00.000,0.78,107.30,-0.23,0.74
2025-08-08T19:26:00.000,0.77,106.63,-0.22,0.74
2025-08-08T19:27:00.000,0.82,103.44,-0.19,0.80
2025-08-08T19:28:00.000,0.86,101.97,-0.18,0.84
2025-08-08T19:29:00.000,0.84,101.88,-0.17,0.82
2025-08-08T19:30:00.000,0.81,103.07,-0.18,0.79
2025-08-08T19:31:00.000,0.80,103.20,-0.18,0.78
2025-08-08T19:32:00.000,0.81,103.79,-0.19,0.78
2025-08-08T19:33:00.000,0.78,106.58,-0.22,0.75
2025-08-08T19:34:00.000,0.75,107.26,-0.22,0.72
2025-08-08T19:35:00.000,0.74,108.01,-0.23,0.71
2025-08-08T19:36:00.000,0.74,108.73,-0.24,0.70
2025-08-08T19:37:00.000,0.75,109.10,-0.25,0.71
2025-08-08T19:38:00.000,0.78,105.71,-0.21,0.75
2025-08-08T19:39:00.000,0.78,105.26,-0.20,0.75
2025-08-08T19:40:00.000,1.31,109.34,-0.43,1.23
2025-08-08T19:41:00.000,0.72,116.01,-0.31,0.64
2025-08-08T19:42:00.000,0.69,116.51,-0.31,0.62
2025-08-08T19:43:00.000,0.47,145.55,-0.39,0.27
2025-08-08T19:44:00.000,0.56,128.27,-0.35,0.44
2025-08-08T19:45:00.000,0.58,124.44,-0.33,0.48
2025-08-08T19:46:00.000,0.58,122.24,-0.31,0.49
2025-08-08T19:47:00.000,0.64,112.75,-0.25,0.59
2025-08-08T19:48:00.000,0.70,107.75,-0.21,0.67
2025-08-08T19:49:00.000,0.73,104.23,-0.18,0.70
2025-08-08T19:50:00.000,0.74,101.55,-0.15,0.72
2025-08-08T19:51:00.000,0.76,101.89,-0.16,0.74
2025-08-08T19:52:00.000,0.73,101.80,-0.15,0.72
2025-08-08T19:53:00.000,0.71,103.52,-0.17,0.69
2025-08-08T19:54:00.000,0.64,94.58,-0.05,0.64
2025-08-08T19:55:00.000,0.64,95.41,-0.06,0.64
2025-08-08T19:56:00.000,0.60,96.10,-0.06,0.60
2025-08-08T19:57:00.000,0.61,97.13,-0.08,0.60
2025-08-08T19:58:00.000,0.56,100.52,-0.10,0.55
2025-08-08T19:59:00.000,0.57,97.70,-0.08,0.57
2025-08-08T20:00:00.000,0.58,95.08,-0.05,0.58
2025-08-08T20:01:00.000,0.62,94.34,-0.05,0.62
2025-08-08T20:02:00.000,0.59,95.05,-0.05,0.59
2025-08-08T20:03:00.000,0.63,96.15,-0.07,0.62
2025-08-08T20:04:00.000,0.61,98.81,-0.09,0.61
2025-08-08T20:05:00.000,0.57,99.79,-0.10,0.56
2025-08-08T20:06:00.000,0.53,101.34,-0.10,0.52
2025-08-08T20:07:00.000,0.53,102.72,-0.12,0.52
2025-08-08T20:08:00.000,0.59,101.23,-0.11,0.58
2025-08-08T20:09:00.000,0.63,98.41,-0.09,0.62
2025-08-08T20:10:00.000,0.66,97.01,-0.08,0.66
2025-08-08T20:11:00.000,0.73,93.42,-0.04,0.72
2025-08-08T20:12:00.000,0.74,92.36,-0.03,0.74
2025-08-08T20:13:00.000,0.78,86.76,0.04,0.78
2025-08-08T20:14:00.000,0.77,86.25,0.05,0.77
2025-08-08T20:15:00.000,0.76,86.08,0.05,0.76
2025-08-08T20:16:00.000,0.73,87.36,0.03,0.73
2025-08-08T20:17:00.000,0.68,88.53,0.02,0.68
2025-08-08T20:18:00.000,0.67,89.33,0.01,0.67
2025-08-08T20:19:00.000,0.63,89.90,0.00,0.63
2025-08-08T20:20:00.000,0.67,88.31,0.02,0.67
2025-08-08T20:21:00.000,0.66,88.97,0.01,0.66
2025-08-08T20:22:00.000,0.65,89.02,0.01,0.65
2025-08-08T20:23:00.000,0.63,91.09,-0.01,0.63
2025-08-08T20:24:00.000,0.65,91.48,-0.02,0.65
2025-08-08T20:25:00.000,0.65,93.58,-0.04,0.64
2025-08-08T20:26:00.000,0.60,94.96,-0.05,0.59
2025-08-08T20:27:00.000,0.58,97.63,-0.08,0.57
2025-08-08T20:28:00.000,0.53,101.86,-0.11,0.52
2025-08-08T20:29:00.000,0.40,109.12,-0.13,0.38
2025-08-08T20:30:00.000,0.42,103.90,-0.10,0.40
2025-08-08T20:31:00.000,0.46,94.93,-0.04,0.46
2025-08-08T20:32:00.000,0.51,91.49,-0.01,0.51
2025-08-08T20:33:00.000,0.49,89.06,0.01,0.49
2025-08-08T20:34:00.000,0.52,85.77,0.04,0.52
2025-08-08T20:35:00.000,0.54,87.25,0.03,0.54
2025-08-08T20:36:00.000,0.48,86.99,0.03,0.48
2025-08-08T20:37:00.000,0.42,90.65,-0.00,0.42
2025-08-08T20:38:00.000,0.44,96.15,-0.05,0.44
2025-08-08T20:39:00.000,0.47,84.16,0.05,0.47
2025-08-08T20:40:00.000,0.49,81.70,0.07,0.48
2025-08-08T20:41:00.000,0.48,79.39,0.09,0.47
2025-08-08T20:42:00.000,0.49,77.10,0.11,0.48
2025-08-08T20:43:00.000,0.56,79.84,0.10,0.55
2025-08-08T20:44:00.000,0.63,81.81,0.09,0.63
2025-08-08T20:45:00.000,0.60,78.43,0.12,0.59
2025-08-08T20:46:00.000,0.55,73.87,0.15,0.53
2025-08-08T20:47:00.000,0.49,70.92,0.16,0.46
2025-08-08T20:48:00.000,0.40,71.14,0.13,0.38
2025-08-08T20:49:00.000,0.20,45.84,0.14,0.15
2025-08-08T20:50:00.000,0.10,333.56,0.09,-0.05
2025-08-08T20:51:00.000,0.15,333.02,0.14,-0.07
2025-08-08T20:52:00.000,0.34,65.84,0.14,0.31
2025-08-08T20:53:00.000,0.42,73.50,0.12,0.40
2025-08-08T20:54:00.000,0.59,81.85,0.08,0.59
2025-08-08T20:55:00.000,0.62,83.93,0.07,0.62
2025-08-08T20:56:00.000,0.73,82.15,0.10,0.73
2025-08-08T20:57:00.000,0.78,85.85,0.06,0.78
2025-08-08T20:58:00.000,0.80,85.30,0.07,0.80
2025-08-08T20:59:00.000,0.80,85.30,0.07,0.80
2025-08-08T21:00:00.000,0.80,86.12,0.05,0.80
2025-08-08T21:01:00.000,0.80,84.94,0.07,0.80
2025-08-08T21:02:00.000,0.80,86.68,0.05,0.79
2025-08-08T21:03:00.000,0.79,85.82,0.06,0.79
2025-08-08T21:04:00.000,0.79,85.61,0.06,0.79
2025-08-08T21:05:00.000,0.81,84.42,0.08,0.80
2025-08-08T21:06:00.000,0.79,86.92,0.04,0.79
2025-08-08T21:07:00.000,0.78,85.44,0.06,0.77
2025-08-08T21:08:00.000,0.78,85.92,0.06,0.78
2025-08-08T21:09:00.000,0.78,85.27,0.06,0.78
2025-08-08T21:10:00.000,0.76,85.34,0.06,0.76
2025-08-08T21:11:00.000,0.74,85.49,0.06,0.74
2025-08-08T21:12:00.000,0.75,87.48,0.03,0.75
2025-08-08T21:13:00.000,0.73,86.95,0.04,0.73
2025-08-08T21:14:00.000,0.67,88.47,0.02,0.67
2025-08-08T21:15:00.000,0.70,86.38,0.04,0.70
2025-08-08T21:16:00.000,0.65,87.94,0.02,0.65
2025-08-08T21:17:00.000,0.67,86.39,0.04,0.67
2025-08-08T21:18:00.000,0.69,86.42,0.04,0.69
2025-08-08T21:19:00.000,0.70,87.95,0.03,0.70
2025-08-08T21:20:00.000,0.66,88.83,0.01,0.66
2025-08-08T21:21:00.000,0.65,88.12,0.02,0.65
2025-08-08T21:22:00.000,0.69,87.61,0.03,0.69
2025-08-08T21:23:00.000,0.71,88.59,0.02,0.71
2025-08-08T21:24:00.000,0.70,88.80,0.01,0.70
2025-08-08T21:25:00.000,0.70,88.82,0.01,0.70
2025-08-08T21:26:00.000,0.69,85.86,0.05,0.69
2025-08-08T21:27:00.000,0.71,86.97,0.04,0.71
2025-08-08T21:28:00.000,0.74,87.07,0.04,0.74
2025-08-08T21:29:00.000,0.73,86.82,0.04,0.73
2025-08-08T21:30:00.000,0.74,85.79,0.05,0.74
2025-08-08T21:31:00.000,0.74,85.41,0.06,0.73
2025-08-08T21:32:00.000,0.74,85.69,0.06,0.74
2025-08-08T21:33:00.000,0.72,86.50,0.04,0.72
2025-08-08T21:34:00.000,0.70,87.08,0.04,0.70
2025-08-08T21:35:00.000,0.68,85.70,0.05,0.68
2025-08-08T21:36:00.000,0.63,86.73,0.04,0.63
2025-08-08T21:37:00.000,0.60,87.04,0.03,0.60
2025-08-08T21:38:00.000,0.66,84.67,0.06,0.66
2025-08-08T21:39:00.000,0.70,84.85,0.06,0.69
2025-08-08T21:40:00.000,0.67,85.19,0.06,0.67
2025-08-08T21:41:00.000,0.69,85.46,0.05,0.68
2025-08-08T21:42:00.000,0.69,85.24,0.06,0.68
2025-08-08T21:43:00.000,0.69,85.41,0.06,0.68
2025-08-08T21:44:00.000,0.68,83.89,0.07,0.68
2025-08-08T21:45:00.000,0.70,83.99,0.07,0.70
2025-08-08T21:46:00.000,0.70,84.37,0.07,0.70
2025-08-08T21:47:00.000,0.72,84.97,0.06,0.71
2025-08-08T21:48:00.000,0.72,85.55,0.06,0.72
2025-08-08T21:49:00.000,0.73,84.44,0.07,0.73
2025-08-08T21:50:00.000,0.74,86.03,0.05,0.74
2025-08-08T21:51:00.000,0.76,84.89,0.07,0.76
2025-08-08T21:52:00.000,0.76,85.76,0.06,0.76
2025-08-08T21:53:00.000,0.76,84.78,0.07,0.76
2025-08-08T21:54:00.000,0.75,84.46,0.07,0.75
2025-08-08T21:55:00.000,0.76,84.60,0.07,0.76
2025-08-08T21:56:00.000,0.76,85.42,0.06,0.76
2025-08-08T21:57:00.000,0.73,85.19,0.06,0.73
2025-08-08T21:58:00.000,0.71,84.48,0.07,0.71
2025-08-08T21:59:00.000,0.70,84.81,0.06,0.70
2025-08-08T22:00:00.000,0.68,84.13,0.07,0.67
2025-08-08T22:01:00.000,0.67,84.43,0.07,0.67
2025-08-08T22:02:00.000,0.65,82.63,0.08,0.64
2025-08-08T22:03:00.000,0.65,83.28,0.08,0.65
2025-08-08T22:04:00.000,0.66,82.27,0.09,0.65
2025-08-08T22:05:00.000,0.64,82.40,0.08,0.64
2025-08-08T22:06:00.000,0.63,85.27,0.05,0.63
2025-08-08T22:07:00.000,0.66,81.40,0.10,0.66
2025-08-08T22:08:00.000,0.65,81.79,0.09,0.65
2025-08-08T22:09:00.000,0.66,80.34,0.11,0.65
2025-08-08T22:10:00.000,0.69,83.03,0.08,0.69
2025-08-08T22:11:00.000,0.68,81.57,0.10,0.68
2025-08-08T22:12:00.000,0.66,80.93,0.10,0.65
2025-08-08T22:13:00.000,0.66,80.22,0.11,0.65
2025-08-08T22:14:00.000,0.67,79.70,0.12,0.66
2025-08-08T22:15:00.000,0.71,83.02,0.09,0.70
2025-08-08T22:16:00.000,0.74,83.78,0.08,0.73
2025-08-08T22:17:00.000,0.73,83.25,0.09,0.72
2025-08-08T22:18:00.000,0.73,84.13,0.07,0.72
2025-08-08T22:19:00.000,0.75,84.24,0.08,0.75
2025-08-08T22:20:00.000,0.74,83.65,0.08,0.74
2025-08-08T22:21:00.000,0.75,84.80,0.07,0.75
2025-08-08T22:22:00.000,0.78,83.37,0.09,0.77
2025-08-08T22:23:00.000,0.78,83.78,0.08,0.77
2025-08-08T22:24:00.000,0.76,82.93,0.09,0.75
2025-08-08T22:25:00.000,0.78,83.49,0.09,0.77
2025-08-08T22:26:00.000,0.77,83.44,0.09,0.77
2025-08-08T22:27:00.000,0.76,82.98,0.09,0.76
2025-08-08T22:28:00.000,0.76,83.82,0.08,0.76
2025-08-08T22:29:00.000,0.78,84.18,0.08,0.77
2025-08-08T22:30:00.000,0.78,85.13,0.07,0.77
2025-08-08T22:31:00.000,0.77,84.66,0.07,0.77
2025-08-08T22:32:00.000,0.77,84.64,0.07,0.77
2025-08-08T22:33:00.000,0.77,86.24,0.05,0.77
2025-08-08T22:34:00.000,0.78,85.98,0.05,0.78
2025-08-08T22:35:00.000,0.78,85.94,0.06,0.78
2025-08-08T22:36:00.000,0.77,84.87,0.07,0.77
2025-08-08T22:37:00.000,0.78,85.65,0.06,0.78
2025-08-08T22:38:00.000,0.79,84.92,0.07,0.78
2025-08-08T22:39:00.000,0.79,86.00,0.06,0.79
2025-08-08T22:40:00.000,0.80,85.27,0.07,0.79
2025-08-08T22:41:00.000,0.80,84.65,0.07,0.79
2025-08-08T22:42:00.000,0.80,84.63,0.07,0.80
2025-08-08T22:43:00.000,0.80,84.26,0.08,0.79
2025-08-08T22:44:00.000,0.79,84.44,0.08,0.79
2025-08-08T22:45:00.000,0.79,84.80,0.07,0.78
2025-08-08T22:46:00.000,0.78,84.44,0.08,0.77
2025-08-08T22:47:00.000,0.77,85.16,0.07,0.77
2025-08-08T22:48:00.000,0.76,85.74,0.06,0.76
2025-08-08T22:49:00.000,0.76,85.09,0.07,0.76
2025-08-08T22:50:00.000,0.75,84.89,0.07,0.75
2025-08-08T22:51:00.000,0.74,85.43,0.06,0.74
2025-08-08T22:52:00.000,0.73,85.64,0.06,0.73
2025-08-08T22:53:00.000,0.73,85.50,0.06,0.73
2025-08-08T22:54:00.000,0.74,86.09,0.05,0.74
2025-08-08T22:55:00.000,0.73,85.92,0.05,0.72
2025-08-08T22:56:00.000,0.71,84.90,0.06,0.71
2025-08-08T22:57:00.000,0.71,84.37,0.07,0.70
2025-08-08T22:58:00.000,0.72,84.30,0.07,0.71
2025-08-08T22:59:00.000,0.74,85.29,0.06,0.74
2025-08-08T23:00:00.000,0.75,84.80,0.07,0.75
2025-08-08T23:01:00.000,0.74,83.02,0.09,0.73
2025-08-08T23:02:00.000,0.77,83.57,0.09,0.76
2025-08-08T23:03:00.000,0.79,83.63,0.09,0.78
2025-08-08T23:04:00.000,0.80,83.64,0.09,0.79
2025-08-08T23:05:00.000,0.82,82.96,0.10,0.81
2025-08-08T23:06:00.000,0.83,82.62,0.11,0.82
2025-08-08T23:07:00.000,0.83,81.12,0.13,0.82
2025-08-08T23:08:00.000,0.82,78.20,0.17,0.80
2025-08-08T23:09:00.000,0.91,79.57,0.16,0.89
2025-08-08T23:10:00.000,0.87,79.64,0.16,0.86
2025-08-08T23:11:00.000,0.89,80.49,0.15,0.87
2025-08-08T23:12:00.000,0.92,81.20,0.14,0.91
2025-08-08T23:13:00.000,0.88,81.12,0.14,0.87
2025-08-08T23:14:00.000,0.89,82.18,0.12,0.88
2025-08-08T23:15:00.000,0.88,80.81,0.14,0.87
2025-08-08T23:16:00.000,0.87,80.65,0.14,0.86
2025-08-08T23:17:00.000,0.91,82.23,0.12,0.90
2025-08-08T23:18:00.000,0.91,80.77,0.15,0.90
2025-08-08T23:19:00.000,0.92,79.90,0.16,0.90
2025-08-08T23:20:00.000,0.93,80.39,0.16,0.92
2025-08-08T23:21:00.000,0.96,80.92,0.15,0.94
2025-08-08T23:22:00.000,0.94,79.82,0.17,0.93
2025-08-08T23:23:00.000,0.90,79.57,0.16,0.88
2025-08-08T23:24:00.000,0.93,80.03,0.16,0.92
2025-08-08T23:25:00.000,0.89,80.83,0.14,0.88
2025-08-08T23:26:00.000,0.89,80.34,0.15,0.88
2025-08-08T23:27:00.000,0.86,81.15,0.13,0.85
2025-08-08T23:28:00.000,0.89,82.54,0.12,0.88
2025-08-08T23:29:00.000,0.89,81.16,0.14,0.88
2025-08-08T23:30:00.000,0.87,85.10,0.07,0.87
2025-08-08T23:31:00.000,0.88,83.27,0.10,0.88
2025-08-08T23:32:00.000,0.90,83.60,0.10,0.90
2025-08-08T23:33:00.000,0.89,82.78,0.11,0.89
2025-08-08T23:34:00.000,0.91,84.37,0.09,0.90
2025-08-08T23:35:00.000,0.88,83.26,0.10,0.87
2025-08-08T23:36:00.000,0.89,84.62,0.08,0.88
2025-08-08T23:37:00.000,0.87,83.78,0.09,0.86
2025-08-08T23:38:00.000,0.86,82.11,0.12,0.85
2025-08-08T23:39:00.000,0.86,83.32,0.10,0.86
2025-08-08T23:40:00.000,0.86,82.48,0.11,0.86
2025-08-08T23:41:00.000,0.86,81.08,0.13,0.85
2025-08-08T23:42:00.000,0.87,81.35,0.13,0.86
2025-08-08T23:43:00.000,0.87,80.61,0.14,0.86
2025-08-08T23:44:00.000,0.89,81.07,0.14,0.88
2025-08-08T23:45:00.000,0.88,80.51,0.15,0.87
2025-08-08T23:46:00.000,0.89,80.44,0.15,0.88
2025-08-08T23:47:00.000,0.87,80.77,0.14,0.86
2025-08-08T23:48:00.000,0.86,81.03,0.13,0.85
2025-08-08T23:49:00.000,0.85,81.05,0.13,0.84
2025-08-08T23:50:00.000,0.85,81.61,0.12,0.84
2025-08-08T23:51:00.000,0.85,81.11,0.13,0.84
2025-08-08T23:52:00.000,0.86,80.73,0.14,0.84
2025-08-08T23:53:00.000,0.85,80.82,0.14,0.84
2025-08-08T23:54:00.000,0.87,80.55,0.14,0.86
2025-08-08T23:55:00.000,0.88,80.54,0.14,0.87
2025-08-08T23:56:00.000,0.89,80.05,0.15,0.88
2025-08-08T23:57:00.000,0.89,80.24,0.15,0.87
2025-08-08T23:58:00.000,0.89,80.46,0.15,0.88
2025-08-08T23:59:00.000,0.88,80.92,0.14,0.87
2025-08-09T00:00:00.000,0.87,81.37,0.13,0.86
2025-08-09T00:01:00.000,0.87,81.68,0.13,0.86
2025-08-09T00:02:00.000,0.85,81.40,0.13,0.84
2025-08-09T00:03:00.000,0.87,81.73,0.13,0.86
2025-08-09T00:04:00.000,0.89,81.50,0.13,0.88
2025-08-09T00:05:00.000,0.91,103.32,-0.21,0.89
2025-08-09T00:06:00.000,0.98,96.10,-0.10,0.97
2025-08-09T00:07:00.000,0.95,93.79,-0.06,0.95
2025-08-09T00:08:00.000,1.02,93.38,-0.06,1.02
2025-08-09T00:09:00.000,0.99,94.27,-0.07,0.99
2025-08-09T00:10:00.000,0.93,96.16,-0.10,0.93
2025-08-09T00:11:00.000,0.92,95.72,-0.09,0.91
2025-08-09T00:12:00.000,0.91,96.83,-0.11,0.90
2025-08-09T00:13:00.000,0.91,96.78,-0.11,0.90
2025-08-09T00:14:00.000,0.92,96.99,-0.11,0.91
2025-08-09T00:15:00.000,0.93,95.83,-0.09,0.93
2025-08-09T00:16:00.000,0.94,94.96,-0.08,0.94
2025-08-09T00:17:00.000,0.98,93.68,-0.06,0.98
2025-08-09T00:18:00.000,0.98,92.40,-0.04,0.98
2025-08-09T00:19:00.000,0.97,92.66,-0.05,0.97
2025-08-09T00:20:00.000,0.99,93.03,-0.05,0.99
2025-08-09T00:21:00.000,0.98,93.73,-0.06,0.97
2025-08-09T00:22:00.000,0.94,94.54,-0.07,0.93
2025-08-09T00:23:00.000,0.92,95.79,-0.09,0.92
2025-08-09T00:24:00.000,0.92,95.64,-0.09,0.91
2025-08-09T00:25:00.000,0.93,95.73,-0.09,0.93
2025-08-09T00:26:00.000,0.91,95.81,-0.09,0.90
2025-08-09T00:27:00.000,0.92,95.83,-0.09,0.92
2025-08-09T00:28:00.000,0.92,96.84,-0.11,0.92
2025-08-09T00:29:00.000,0.90,95.95,-0.09,0.90
2025-08-09T00:30:00.000,0.90,96.91,-0.11,0.89
2025-08-09T00:31:00.000,0.88,97.11,-0.11,0.87
2025-08-09T00:32:00.000,0.87,97.26,-0.11,0.86
2025-08-09T00:33:00.000,0.87,96.92,-0.10,0.87
2025-08-09T00:34:00.000,0.86,97.06,-0.11,0.85
2025-08-09T00:35:00.000,0.87,96.83,-0.10,0.87
2025-08-09T00:36:00.000,0.87,96.34,-0.10,0.87
2025-08-09T00:37:00.000,0.88,94.78,-0.07,0.88
2025-08-09T00:38:00.000,0.89,94.01,-0.06,0.89
2025-08-09T00:39:00.000,0.90,92.75,-0.04,0.90
2025-08-09T00:40:00.000,0.89,93.42,-0.05,0.89
2025-08-09T00:41:00.000,0.88,93.52,-0.05,0.88
2025-08-09T00:42:00.000,0.87,94.73,-0.07,0.87
2025-08-09T00:43:00.000,0.86,94.82,-0.07,0.85
2025-08-09T00:44:00.000,0.86,94.37,-0.07,0.86
2025-08-09T00:45:00.000,0.86,94.11,-0.06,0.86
2025-08-09T00:46:00.000,0.85,93.43,-0.05,0.85
2025-08-09T00:47:00.000,0.87,94.25,-0.06,0.86
2025-08-09T00:48:00.000,0.88,94.04,-0.06,0.87
2025-08-09T00:49:00.000,0.90,90.23,-0.00,0.90
2025-08-09T00:50:00.000,0.91,91.68,-0.03,0.91
2025-08-09T00:51:00.000,0.90,93.15,-0.05,0.90
2025-08-09T00:52:00.000,0.88,93.93,-0.06,0.88
2025-08-09T00:53:00.000,0.87,95.12,-0.08,0.87
2025-08-09T00:54:00.000,0.85,96.80,-0.10,0.84
2025-08-09T00:55:00.000,0.84,96.21,-0.09,0.84
2025-08-09T00:56:00.000,0.85,96.93,-0.10,0.84
2025-08-09T00:57:00.000,0.87,96.59,-0.10,0.86
2025-08-09T00:58:00.000,0.89,95.86,-0.09,0.88
2025-08-09T00:59:00.000,0.92,94.94,-0.08,0.91
2025-08-09T01:00:00.000,0.96,93.88,-0.07,0.96
2025-08-09T01:01:00.000,0.99,93.34,-0.06,0.99
2025-08-09T01:02:00.000,0.98,93.83,-0.07,0.98
2025-08-09T01:03:00.000,0.97,94.96,-0.08,0.97
2025-08-09T01:04:00.000,0.97,94.37,-0.07,0.96
2025-08-09T01:05:00.000,1.01,93.99,-0.07,1.01
2025-08-09T01:06:00.000,0.97,95.10,-0.09,0.97
2025-08-09T01:07:00.000,0.97,95.45,-0.09,0.96
2025-08-09T01:08:00.000,0.98,95.16,-0.09,0.98
2025-08-09T01:09:00.000,0.98,94.54,-0.08,0.97
2025-08-09T01:10:00.000,1.01,94.40,-0.08,1.00
2025-08-09T01:11:00.000,1.00,94.08,-0.07,1.00
2025-08-09T01:12:00.000,1.00,93.07,-0.05,1.00
2025-08-09T01:13:00.000,0.99,94.07,-0.07,0.98
2025-08-09T01:14:00.000,0.94,94.61,-0.08,0.93
2025-08-09T01:15:00.000,0.93,96.19,-0.10,0.92
2025-08-09T01:16:00.000,0.91,96.21,-0.10,0.90
2025-08-09T01:17:00.000,0.89,97.90,-0.12,0.88
2025-08-09T01:18:00.000,0.92,96.83,-0.11,0.91
2025-08-09T01:19:00.000,0.91,96.16,-0.10,0.90
2025-08-09T01:20:00.000,0.92,93.83,-0.06,0.92
2025-08-09T01:21:00.000,0.99,86.52,0.06,0.99
2025-08-09T01:22:00.000,1.06,90.04,-0.00,1.06
2025-08-09T01:23:00.000,1.05,88.72,0.02,1.05
2025-08-09T01:24:00.000,1.06,89.00,0.02,1.06
2025-08-09T01:25:00.000,1.05,89.99,0.00,1.05
2025-08-09T01:26:00.000,0.97,92.98,-0.05,0.96
2025-08-09T01:27:00.000,0.91,95.20,-0.08,0.91
2025-08-09T01:28:00.000,0.90,96.02,-0.09,0.90
2025-08-09T01:29:00.000,0.92,95.70,-0.09,0.91
2025-08-09T01:30:00.000,0.92,95.57,-0.09,0.91
2025-08-09T01:31:00.000,0.91,95.08,-0.08,0.90
2025-08-09T01:32:00.000,0.93,94.44,-0.07,0.93
2025-08-09T01:33:00.000,0.94,95.21,-0.09,0.93
2025-08-09T01:34:00.000,0.92,95.61,-0.09,0.92
2025-08-09T01:35:00.000,0.90,96.83,-0.11,0.89
2025-08-09T01:36:00.000,0.90,97.49,-0.12,0.89
2025-08-09T01:37:00.000,0.85,99.47,-0.14,0.84
2025-08-09T01:38:00.000,0.85,100.35,-0.15,0.84
2025-08-09T01:39:00.000,0.84,99.67,-0.14,0.83
2025-08-09T01:40:00.000,0.85,97.95,-0.12,0.84
2025-08-09T01:41:00.000,0.86,97.68,-0.11,0.85
2025-08-09T01:42:00.000,0.88,96.28,-0.10,0.88
2025-08-09T01:43:00.000,0.88,95.77,-0.09,0.88
2025-08-09T01:44:00.000,0.89,95.36,-0.08,0.88
2025-08-09T01:45:00.000,0.89,96.01,-0.09,0.88
2025-08-09T01:46:00.000,0.89,96.10,-0.09,0.88
2025-08-09T01:47:00.000,0.87,96.09,-0.09,0.86
2025-08-09T01:48:00.000,0.87,96.26,-0.09,0.87
2025-08-09T01:49:00.000,0.87,95.92,-0.09,0.87
2025-08-09T01:50:00.000,0.87,95.83,-0.09,0.87
2025-08-09T01:51:00.000,0.88,95.43,-0.08,0.87
2025-08-09T01:52:00.000,0.90,94.09,-0.06,0.90
2025-08-09T01:53:00.000,0.91,93.34,-0.05,0.91
2025-08-09T01:54:00.000,0.92,92.92,-0.05,0.92
2025-08-09T01:55:00.000,0.93,92.12,-0.03,0.93
2025-08-09T01:56:00.000,0.91,92.69,-0.04,0.91
2025-08-09T01:57:00.000,0.89,93.84,-0.06,0.89
2025-08-09T01:58:00.000,0.88,94.76,-0.07,0.88
2025-08-09T01:59:00.000,0.88,95.41,-0.08,0.87
2025-08-09T02:00:00.000,0.88,95.79,-0.09,0.87
2025-08-09T02:01:00.000,0.88,95.77,-0.09,0.87
2025-08-09T02:02:00.000,0.88,95.59,-0.09,0.88
2025-08-09T02:03:00.000,0.90,94.37,-0.07,0.90
2025-08-09T02:04:00.000,0.92,91.97,-0.03,0.92
2025-08-09T02:05:00.000,0.96,89.55,0.01,0.96
2025-08-09T02:06:00.000,0.97,88.37,0.03,0.97
2025-08-09T02:07:00.000,1.01,88.48,0.03,1.01
2025-08-09T02:08:00.000,0.95,90.27,-0.00,0.95
2025-08-09T02:09:00.000,0.93,90.68,-0.01,0.93
2025-08-09T02:10:00.000,0.92,92.12,-0.03,0.92
2025-08-09T02:11:00.000,0.95,93.84,-0.06,0.95
2025-08-09T02:12:00.000,0.97,92.29,-0.04,0.97
2025-08-09T02:13:00.000,0.99,93.46,-0.06,0.99
2025-08-09T02:14:00.000,1.05,93.86,-0.07,1.04
2025-08-09T02:15:00.000,1.15,91.09,-0.02,1.15
2025-08-09T02:16:00.000,1.24,88.27,0.04,1.23
2025-08-09T02:17:00.000,1.29,88.51,0.03,1.29
2025-08-09T02:18:00.000,1.19,90.48,-0.01,1.19
2025-08-09T02:19:00.000,1.18,90.38,-0.01,1.18
2025-08-09T02:20:00.000,1.12,90.99,-0.02,1.12
2025-08-09T02:21:00.000,1.09,96.11,-0.12,1.09
2025-08-09T02:22:00.000,1.07,95.37,-0.10,1.06
2025-08-09T02:23:00.000,1.07,95.43,-0.10,1.06
2025-08-09T02:24:00.000,1.12,93.23,-0.06,1.11
2025-08-09T02:25:00.000,1.10,92.74,-0.05,1.10
2025-08-09T02:26:00.000,1.16,93.72,-0.08,1.16
2025-08-09T02:27:00.000,1.15,92.93,-0.06,1.14
2025-08-09T02:28:00.000,1.13,91.57,-0.03,1.13
2025-08-09T02:29:00.000,1.04,93.87,-0.07,1.04
2025-08-09T02:30:00.000,1.02,94.30,-0.08,1.02
2025-08-09T02:31:00.000,1.00,93.88,-0.07,1.00
2025-08-09T02:32:00.000,0.98,95.09,-0.09,0.98
2025-08-09T02:33:00.000,0.97,94.79,-0.08,0.97
2025-08-09T02:34:00.000,1.01,93.77,-0.07,1.01
2025-08-09T02:35:00.000,1.02,92.76,-0.05,1.02
2025-08-09T02:36:00.000,1.05,89.50,0.01,1.05
2025-08-09T02:37:00.000,1.07,89.72,0.01,1.07
2025-08-09T02:38:00.000,1.14,91.43,-0.03,1.14
2025-08-09T02:39:00.000,1.10,92.37,-0.05,1.10
2025-08-09T02:40:00.000,1.01,93.64,-0.06,1.01
2025-08-09T02:41:00.000,0.95,94.75,-0.08,0.95
2025-08-09T02:42:00.000,0.94,95.71,-0.09,0.94
2025-08-09T02:43:00.000,0.92,96.15,-0.10,0.91
2025-08-09T02:44:00.000,0.92,95.69,-0.09,0.91
2025-08-09T02:45:00.000,0.91,95.30,-0.08,0.91
2025-08-09T02:46:00.000,0.92,95.25,-0.08,0.92
2025-08-09T02:47:00.000,0.91,95.44,-0.09,0.91
2025-08-09T02:48:00.000,0.92,95.05,-0.08,0.92
2025-08-09T02:49:00.000,0.92,94.97,-0.08,0.92
2025-08-09T02:50:00.000,0.92,96.03,-0.10,0.91
2025-08-09T02:51:00.000,0.91,96.01,-0.10,0.90
2025-08-09T02:52:00.000,0.89,96.11,-0.09,0.89
2025-08-09T02:53:00.000,0.88,96.21,-0.10,0.88
2025-08-09T02:54:00.000,0.89,95.99,-0.09,0.88
2025-08-09T02:55:00.000,0.89,95.03,-0.08,0.89
2025-08-09T02:56:00.000,0.91,94.47,-0.07,0.91
2025-08-09T02:57:00.000,0.95,93.24,-0.05,0.95
2025-08-09T02:58:00.000,0.97,91.72,-0.03,0.97
2025-08-09T02:59:00.000,1.00,90.76,-0.01,1.00
2025-08-09T03:00:00.000,1.03,89.58,0.01,1.03
2025-08-09T03:01:00.000,1.03,87.67,0.04,1.03
2025-08-09T03:02:00.000,1.00,90.82,-0.01,1.00
2025-08-09T03:03:00.000,0.98,90.60,-0.01,0.98
2025-08-09T03:04:00.000,0.97,91.63,-0.03,0.97
2025-08-09T03:05:00.000,0.94,92.71,-0.04,0.94
2025-08-09T03:06:00.000,0.96,91.89,-0.03,0.96
2025-08-09T03:07:00.000,0.96,91.76,-0.03,0.96
2025-08-09T03:08:00.000,0.99,90.61,-0.01,0.99
2025-08-09T03:09:00.000,1.00,89.48,0.01,1.00
2025-08-09T03:10:00.000,0.99,89.39,0.01,0.99
2025-08-09T03:11:00.000,1.00,89.20,0.01,1.00
2025-08-09T03:12:00.000,0.98,91.19,-0.02,0.98
2025-08-09T03:13:00.000,0.94,93.16,-0.05,0.94
2025-08-09T03:14:00.000,0.91,94.39,-0.07,0.91
2025-08-09T03:15:00.000,0.91,94.85,-0.08,0.91
2025-08-09T03:16:00.000,0.91,95.36,-0.08,0.90
2025-08-09T03:17:00.000,0.93,94.71,-0.08,0.93
2025-08-09T03:18:00.000,0.97,94.38,-0.07,0.97
2025-08-09T03:19:00.000,1.00,93.86,-0.07,1.00
2025-08-09T03:20:00.000,1.05,93.27,-0.06,1.05
2025-08-09T03:21:00.000,1.07,91.94,-0.04,1.07
2025-08-09T03:22:00.000,1.09,92.64,-0.05,1.09
2025-08-09T03:23:00.000,1.05,93.23,-0.06,1.04
2025-08-09T03:24:00.000,1.01,93.70,-0.07,1.01
2025-08-09T03:25:00.000,1.04,93.48,-0.06,1.03
2025-08-09T03:26:00.000,1.04,95.42,-0.10,1.03
2025-08-09T03:27:00.000,0.99,97.86,-0.14,0.98
2025-08-09T03:28:00.000,0.98,97.56,-0.13,0.97
2025-08-09T03:29:00.000,0.96,96.00,-0.10,0.95
2025-08-09T03:30:00.000,0.95,95.63,-0.09,0.94
2025-08-09T03:31:00.000,0.96,95.77,-0.10,0.95
2025-08-09T03:32:00.000,0.96,95.58,-0.09,0.95
2025-08-09T03:33:00.000,0.94,95.59,-0.09,0.93
2025-08-09T03:34:00.000,0.91,96.00,-0.09,0.90
2025-08-09T03:35:00.000,0.91,96.39,-0.10,0.90
2025-08-09T03:36:00.000,0.89,96.93,-0.11,0.88
2025-08-09T03:37:00.000,0.88,96.58,-0.10,0.87
2025-08-09T03:38:00.000,0.88,97.13,-0.11,0.87
2025-08-09T03:39:00.000,0.88,96.69,-0.10,0.87
2025-08-09T03:40:00.000,0.87,96.65,-0.10,0.87
2025-08-09T03:41:00.000,0.88,96.22,-0.10,0.88
2025-08-09T03:42:00.000,0.89,95.82,-0.09,0.88
2025-08-09T03:43:00.000,0.89,95.86,-0.09,0.88
2025-08-09T03:44:00.000,0.90,95.49,-0.09,0.89
2025-08-09T03:45:00.000,0.89,95.73,-0.09,0.89
2025-08-09T03:46:00.000,0.88,95.41,-0.08,0.87
2025-08-09T03:47:00.000,0.88,95.67,-0.09,0.88
2025-08-09T03:48:00.000,0.88,96.10,-0.09,0.88
2025-08-09T03:49:00.000,0.88,96.12,-0.09,0.88
2025-08-09T03:50:00.000,0.88,96.08,-0.09,0.87
2025-08-09T03:51:00.000,0.88,95.68,-0.09,0.88
2025-08-09T03:52:00.000,0.88,95.89,-0.09,0.87
2025-08-09T03:53:00.000,0.88,95.98,-0.09,0.88
2025-08-09T03:54:00.000,0.88,96.24,-0.10,0.88
2025-08-09T03:55:00.000,0.88,96.01,-0.09,0.88
2025-08-09T03:56:00.000,0.88,96.14,-0.09,0.88
2025-08-09T03:57:00.000,0.87,96.29,-0.10,0.87
2025-08-09T03:58:00.000,0.88,96.22,-0.09,0.87
2025-08-09T03:59:00.000,0.87,95.97,-0.09,0.87
2025-08-09T04:00:00.000,0.88,96.43,-0.10,0.88
2025-08-09T04:01:00.000,0.88,96.14,-0.09,0.87
2025-08-09T04:02:00.000,0.88,95.90,-0.09,0.88
2025-08-09T04:03:00.000,0.88,95.89,-0.09,0.88
2025-08-09T04:04:00.000,0.89,96.06,-0.09,0.88
2025-08-09T04:05:00.000,0.89,95.85,-0.09,0.89
2025-08-09T04:06:00.000,0.89,95.54,-0.09,0.89
2025-08-09T04:07:00.000,0.90,95.12,-0.08,0.89
2025-08-09T04:08:00.000,0.90,95.39,-0.08,0.89
2025-08-09T04:09:00.000,0.90,95.12,-0.08,0.90
2025-08-09T04:10:00.000,0.90,94.90,-0.08,0.90
2025-08-09T04:11:00.000,0.92,94.66,-0.07,0.92
2025-08-09T04:12:00.000,0.92,94.44,-0.07,0.92
2025-08-09T04:13:00.000,0.92,94.52,-0.07,0.91
2025-08-09T04:14:00.000,0.91,94.70,-0.07,0.91
2025-08-09T04:15:00.000,0.91,94.98,-0.08,0.91
2025-08-09T04:16:00.000,0.90,95.57,-0.09,0.89
2025-08-09T04:17:00.000,0.90,96.22,-0.10,0.90
2025-08-09T04:18:00.000,0.90,96.42,-0.10,0.90
2025-08-09T04:19:00.000,0.90,96.30,-0.10,0.89
2025-08-09T04:20:00.000,0.90,96.47,-0.10,0.89
2025-08-09T04:21:00.000,0.90,96.69,-0.10,0.89
2025-08-09T04:22:00.000,0.89,96.09,-0.09,0.88
2025-08-09T04:23:00.000,0.89,96.24,-0.10,0.89
2025-08-09T04:24:00.000,0.89,96.35,-0.10,0.88
2025-08-09T04:25:00.000,0.89,96.27,-0.10,0.89
2025-08-09T04:26:00.000,0.88,96.15,-0.09,0.87
2025-08-09T04:27:00.000,0.88,96.42,-0.10,0.87
2025-08-09T04:28:00.000,0.88,96.55,-0.10,0.87
2025-08-09T04:29:00.000,0.87,96.52,-0.10,0.86
2025-08-09T04:30:00.000,0.86,97.14,-0.11,0.86
2025-08-09T04:31:00.000,0.85,96.89,-0.10,0.85
2025-08-09T04:32:00.000,0.85,96.91,-0.10,0.85
2025-08-09T04:33:00.000,0.85,96.50,-0.10,0.85
2025-08-09T04:34:00.000,0.84,96.70,-0.10,0.84
2025-08-09T04:35:00.000,0.82,97.03,-0.10,0.81
2025-08-09T04:36:00.000,0.80,97.19,-0.10,0.79
2025-08-09T04:37:00.000,0.77,98.33,-0.11,0.76
2025-08-09T04:38:00.000,0.75,99.59,-0.12,0.74
2025-08-09T04:39:00.000,0.71,100.15,-0.13,0.70
2025-08-09T04:40:00.000,0.70,102.08,-0.15,0.68
2025-08-09T04:41:00.000,0.70,102.77,-0.16,0.68
2025-08-09T04:42:00.000,0.70,103.08,-0.16,0.68
2025-08-09T04:43:00.000,0.68,104.11,-0.17,0.66
2025-08-09T04:44:00.000,0.69,103.76,-0.16,0.67
2025-08-09T04:45:00.000,0.68,102.57,-0.15,0.66
2025-08-09T04:46:00.000,0.66,102.61,-0.14,0.65
2025-08-09T04:47:00.000,0.65,102.62,-0.14,0.63
2025-08-09T04:48:00.000,0.66,101.93,-0.14,0.65
2025-08-09T04:49:00.000,0.66,102.43,-0.14,0.65
2025-08-09T04:50:00.000,0.68,102.16,-0.14,0.66
2025-08-09T04:51:00.000,0.69,100.99,-0.13,0.68
2025-08-09T04:52:00.000,0.71,100.94,-0.13,0.69
2025-08-09T04:53:00.000,0.72,100.59,-0.13,0.71
2025-08-09T04:54:00.000,0.73,100.36,-0.13,0.71
2025-08-09T04:55:00.000,0.73,100.50,-0.13,0.72
2025-08-09T04:56:00.000,0.75,100.25,-0.13,0.74
2025-08-09T04:57:00.000,1.42,83.34,0.16,1.41
2025-08-09T04:58:00.000,1.35,76.62,0.31,1.31
2025-08-09T04:59:00.000,0.82,90.70,-0.01,0.82
2025-08-09T05:00:00.000,0.80,90.99,-0.01,0.80
2025-08-09T05:01:00.000,0.79,91.01,-0.01,0.79
2025-08-09T05:02:00.000,0.80,91.04,-0.01,0.80
2025-08-09T05:03:00.000,0.83,91.74,-0.03,0.83
2025-08-09T05:04:00.000,0.82,90.76,-0.01,0.82
2025-08-09T05:05:00.000,0.83,90.58,-0.01,0.83
2025-08-09T05:06:00.000,0.85,89.51,0.01,0.85
2025-08-09T05:07:00.000,0.84,89.14,0.01,0.84
2025-08-09T05:08:00.000,0.85,89.58,0.01,0.85
2025-08-09T05:09:00.000,0.85,89.92,0.00,0.85
2025-08-09T05:10:00.000,0.84,90.27,-0.00,0.84
2025-08-09T05:11:00.000,0.84,90.51,-0.01,0.84
2025-08-09T05:12:00.000,0.84,90.27,-0.00,0.84
2025-08-09T05:13:00.000,0.85,90.13,-0.00,0.85
2025-08-09T05:14:00.000,0.85,90.01,-0.00,0.85
2025-08-09T05:15:00.000,0.85,90.52,-0.01,0.85
2025-08-09T05:16:00.000,0.85,90.36,-0.01,0.85
2025-08-09T05:17:00.000,0.84,90.85,-0.01,0.84
2025-08-09T05:18:00.000,0.83,90.67,-0.01,0.83
2025-08-09T05:19:00.000,0.82,90.92,-0.01,0.82
2025-08-09T05:20:00.000,0.81,91.18,-0.02,0.81
2025-08-09T05:21:00.000,0.78,92.03,-0.03,0.78
2025-08-09T05:22:00.000,0.76,93.44,-0.05,0.76
2025-08-09T05:23:00.000,0.70,94.91,-0.06,0.70
2025-08-09T05:24:00.000,0.67,96.57,-0.08,0.66
2025-08-09T05:25:00.000,0.65,97.66,-0.09,0.64
2025-08-09T05:26:00.000,0.70,97.38,-0.09,0.69
2025-08-09T05:27:00.000,0.67,96.23,-0.07,0.66
2025-08-09T05:28:00.000,0.69,95.25,-0.06,0.69
2025-08-09T05:29:00.000,0.66,96.35,-0.07,0.65
2025-08-09T05:30:00.000,0.65,97.17,-0.08,0.65
2025-08-09T05:31:00.000,0.62,99.20,-0.10,0.61
2025-08-09T05:32:00.000,0.64,96.77,-0.08,0.64
2025-08-09T05:33:00.000,0.61,98.19,-0.09,0.60
2025-08-09T05:34:00.000,0.59,99.50,-0.10,0.58
2025-08-09T05:35:00.000,0.58,99.41,-0.09,0.57
2025-08-09T05:36:00.000,0.46,105.43,-0.12,0.45
2025-08-09T05:37:00.000,0.54,102.86,-0.12,0.53
2025-08-09T05:38:00.000,0.56,102.79,-0.12,0.54
2025-08-09T05:39:00.000,0.58,98.22,-0.08,0.57
2025-08-09T05:40:00.000,0.56,97.23,-0.07,0.56
2025-08-09T05:41:00.000,0.62,95.64,-0.06,0.61
2025-08-09T05:42:00.000,0.59,93.90,-0.04,0.59
2025-08-09T05:43:00.000,0.60,93.56,-0.04,0.60
2025-08-09T05:44:00.000,0.58,92.83,-0.03,0.58
2025-08-09T05:45:00.000,0.54,94.32,-0.04,0.54
2025-08-09T05:46:00.000,0.53,95.09,-0.05,0.52
2025-08-09T05:47:00.000,0.57,95.28,-0.05,0.57
2025-08-09T05:48:00.000,0.61,91.09,-0.01,0.61
2025-08-09T05:49:00.000,0.58,90.82,-0.01,0.58
2025-08-09T05:50:00.000,0.59,90.25,-0.00,0.59
2025-08-09T05:51:00.000,0.58,89.60,0.00,0.58
2025-08-09T05:52:00.000,0.61,89.01,0.01,0.61
2025-08-09T05:53:00.000,0.62,88.47,0.02,0.62
2025-08-09T05:54:00.000,0.65,88.06,0.02,0.65
2025-08-09T05:55:00.000,0.61,89.46,0.01,0.61
2025-08-09T05:56:00.000,0.58,88.18,0.02,0.58
2025-08-09T05:57:00.000,0.60,90.15,-0.00,0.60
2025-08-09T05:58:00.000,0.58,89.95,0.00,0.58
2025-08-09T05:59:00.000,0.59,89.55,0.00,0.59
2025-08-09T06:00:00.000,0.56,90.65,-0.01,0.56
2025-08-09T06:01:00.000,0.64,90.25,-0.00,0.64
2025-08-09T06:02:00.000,0.68,89.65,0.00,0.68
2025-08-09T06:03:00.000,0.67,90.10,-0.00,0.67
2025-08-09T06:04:00.000,0.64,90.89,-0.01,0.64
2025-08-09T06:05:00.000,0.60,91.80,-0.02,0.60
2025-08-09T06:06:00.000,0.58,91.87,-0.02,0.58
2025-08-09T06:07:00.000,0.56,92.63,-0.03,0.56
2025-08-09T06:08:00.000,0.59,91.32,-0.01,0.59
2025-08-09T06:09:00.000,0.59,92.41,-0.02,0.59
2025-08-09T06:10:00.000,0.61,91.58,-0.02,0.61
2025-08-09T06:11:00.000,0.63,90.34,-0.00,0.63
2025-08-09T06:12:00.000,0.62,91.76,-0.02,0.62
2025-08-09T06:13:00.000,0.63,91.98,-0.02,0.63
2025-08-09T06:14:00.000,0.62,93.02,-0.03,0.62
2025-08-09T06:15:00.000,0.57,94.99,-0.05,0.57
2025-08-09T06:16:00.000,0.52,97.44,-0.07,0.52
2025-08-09T06:17:00.000,0.41,105.84,-0.11,0.40
2025-08-09T06:18:00.000,0.37,112.58,-0.14,0.34
2025-08-09T06:19:00.000,0.35,124.97,-0.20,0.28
2025-08-09T06:20:00.000,0.32,128.01,-0.20,0.25
2025-08-09T06:21:00.000,0.32,122.89,-0.18,0.27
2025-08-09T06:22:00.000,0.35,117.01,-0.16,0.31
2025-08-09T06:23:00.000,0.36,111.49,-0.13,0.34
2025-08-09T06:24:00.000,0.40,108.97,-0.13,0.38
2025-08-09T06:25:00.000,0.41,106.45,-0.12,0.40
2025-08-09T06:26:00.000,0.42,106.00,-0.11,0.40
2025-08-09T06:27:00.000,0.36,116.18,-0.16,0.32
2025-08-09T06:28:00.000,0.35,118.99,-0.17,0.30
2025-08-09T06:29:00.000,0.28,134.42,-0.20,0.20
2025-08-09T06:30:00.000,0.29,142.27,-0.23,0.18
2025-08-09T06:31:00.000,0.28,152.97,-0.25,0.13
2025-08-09T06:32:00.000,0.27,144.35,-0.22,0.16
2025-08-09T06:33:00.000,0.28,135.26,-0.20,0.20
2025-08-09T06:34:00.000,0.33,120.51,-0.17,0.28
2025-08-09T06:35:00.000,0.37,110.41,-0.13,0.34
2025-08-09T06:36:00.000,0.39,105.88,-0.11,0.38
2025-08-09T06:37:00.000,0.45,102.75,-0.10,0.44
2025-08-09T06:38:00.000,0.44,102.76,-0.10,0.43
2025-08-09T06:39:00.000,0.36,114.17,-0.15,0.33
2025-08-09T06:40:00.000,0.32,128.51,-0.20,0.25
2025-08-09T06:41:00.000,0.28,142.10,-0.22,0.17
2025-08-09T06:42:00.000,0.25,158.19,-0.23,0.09
2025-08-09T06:43:00.000,0.27,148.29,-0.23,0.14
2025-08-09T06:44:00.000,0.27,132.80,-0.18,0.20
2025-08-09T06:45:00.000,0.32,122.69,-0.17,0.27
2025-08-09T06:46:00.000,0.35,109.23,-0.12,0.33
2025-08-09T06:47:00.000,0.42,102.52,-0.09,0.41
2025-08-09T06:48:00.000,0.37,93.82,-0.02,0.37
2025-08-09T06:49:00.000,0.40,93.36,-0.02,0.40
2025-08-09T06:50:00.000,0.42,92.16,-0.02,0.42
2025-08-09T06:51:00.000,0.39,94.28,-0.03,0.38
2025-08-09T06:52:00.000,0.36,96.17,-0.04,0.36
2025-08-09T06:53:00.000,0.33,97.85,-0.05,0.33
2025-08-09T06:54:00.000,0.30,102.55,-0.07,0.30
2025-08-09T06:55:00.000,0.30,102.15,-0.06,0.29
2025-08-09T06:56:00.000,0.31,99.45,-0.05,0.31
2025-08-09T06:57:00.000,0.40,93.41,-0.02,0.40
2025-08-09T06:58:00.000,0.45,91.09,-0.01,0.45
2025-08-09T06:59:00.000,0.50,88.78,0.01,0.50
2025-08-09T07:00:00.000,0.56,87.03,0.03,0.56
2025-08-09T07:01:00.000,0.54,86.28,0.04,0.54
2025-08-09T07:02:00.000,0.53,86.48,0.03,0.53
2025-08-09T07:03:00.000,0.51,87.85,0.02,0.51
2025-08-09T07:04:00.000,0.48,87.31,0.02,0.48
2025-08-09T07:05:00.000,0.44,88.94,0.01,0.44
2025-08-09T07:06:00.000,0.41,89.47,0.00,0.41
2025-08-09T07:07:00.000,0.41,88.82,0.01,0.41
2025-08-09T07:08:00.000,0.39,91.43,-0.01,0.39
2025-08-09T07:09:00.000,0.34,92.85,-0.02,0.34
2025-08-09T07:10:00.000,0.35,92.75,-0.02,0.35
2025-08-09T07:11:00.000,0.35,93.04,-0.02,0.35
2025-08-09T07:12:00.000,0.17,118.03,-0.08,0.15
2025-08-09T07:13:00.000,0.23,88.20,0.01,0.23
2025-08-09T07:14:00.000,0.23,90.68,-0.00,0.23
2025-08-09T07:15:00.000,0.14,99.42,-0.02,0.14
2025-08-09T07:16:00.000,0.07,147.35,-0.06,0.04
2025-08-09T07:17:00.000,0.09,211.29,-0.08,-0.05
2025-08-09T07:18:00.000,0.09,208.96,-0.08,-0.04
2025-08-09T07:19:00.000,0.12,227.92,-0.08,-0.09
2025-08-09T07:20:00.000,0.14,233.95,-0.08,-0.11
2025-08-09T07:21:00.000,0.05,203.06,-0.04,-0.02
2025-08-09T07:22:00.000,0.04,106.76,-0.01,0.03
2025-08-09T07:23:00.000,0.04,198.66,-0.04,-0.01
2025-08-09T07:24:00.000,0.08,225.70,-0.06,-0.06
2025-08-09T07:25:00.000,0.10,215.01,-0.08,-0.06
2025-08-09T07:26:00.000,0.19,239.03,-0.10,-0.17
2025-08-09T07:27:00.000,0.36,247.41,-0.14,-0.33
2025-08-09T07:28:00.000,0.27,245.77,-0.11,-0.25
2025-08-09T07:29:00.000,1.20,229.23,-0.79,-0.91
2025-08-09T07:30:00.000,0.30,247.16,-0.12,-0.27
2025-08-09T07:31:00.000,0.25,245.43,-0.10,-0.23
2025-08-09T07:32:00.000,0.26,254.57,-0.07,-0.25
2025-08-09T07:33:00.000,0.35,237.46,-0.19,-0.30
2025-08-09T07:34:00.000,0.09,245.26,-0.04,-0.09
2025-08-09T07:35:00.000,0.06,158.32,-0.05,0.02
2025-08-09T07:36:00.000,0.10,240.42,-0.05,-0.09
2025-08-09T07:37:00.000,0.23,238.82,-0.12,-0.19
2025-08-09T07:38:00.000,0.50,247.75,-0.19,-0.47
2025-08-09T07:39:00.000,1.02,254.51,-0.27,-0.98
2025-08-09T07:40:00.000,0.69,256.69,-0.16,-0.67
2025-08-09T07:41:00.000,0.83,254.39,-0.22,-0.80
2025-08-09T07:42:00.000,0.77,258.64,-0.15,-0.76
2025-08-09T07:43:00.000,0.39,263.45,-0.04,-0.38
2025-08-09T07:44:00.000,0.28,256.53,-0.07,-0.28
2025-08-09T07:45:00.000,0.25,256.58,-0.06,-0.24
2025-08-09T07:46:00.000,0.32,260.20,-0.06,-0.32
2025-08-09T07:47:00.000,0.54,254.48,-0.14,-0.52
2025-08-09T07:48:00.000,0.27,247.09,-0.11,-0.25
2025-08-09T07:49:00.000,0.24,263.87,-0.03,-0.24
2025-08-09T07:50:00.000,0.49,260.90,-0.08,-0.49
2025-08-09T07:51:00.000,0.36,256.72,-0.08,-0.35
2025-08-09T07:52:00.000,0.51,249.92,-0.17,-0.48
2025-08-09T07:53:00.000,0.52,254.81,-0.14,-0.50
2025-08-09T07:54:00.000,0.53,240.48,-0.26,-0.46
2025-08-09T07:55:00.000,0.48,253.17,-0.14,-0.46
2025-08-09T07:56:00.000,0.20,210.37,-0.17,-0.10
2025-08-09T07:57:00.000,0.10,136.35,-0.07,0.07
2025-08-09T07:58:00.000,0.20,84.72,0.02,0.20
2025-08-09T07:59:00.000,0.30,91.68,-0.01,0.30
2025-08-09T08:00:00.000,0.31,83.37,0.04,0.31
2025-08-09T08:01:00.000,0.23,96.44,-0.03,0.23
2025-08-09T08:02:00.000,0.04,146.70,-0.03,0.02
2025-08-09T08:03:00.000,0.27,236.77,-0.15,-0.22
2025-08-09T08:04:00.000,0.48,242.24,-0.22,-0.42
2025-08-09T08:05:00.000,0.61,249.50,-0.21,-0.57
2025-08-09T08:06:00.000,0.82,243.34,-0.37,-0.73
2025-08-09T08:07:00.000,0.62,248.73,-0.23,-0.58
2025-08-09T08:08:00.000,0.43,244.99,-0.18,-0.39
2025-08-09T08:09:00.000,0.28,240.44,-0.14,-0.24
2025-08-09T08:10:00.000,0.11,215.11,-0.09,-0.06
2025-08-09T08:11:00.000,0.09,113.11,-0.04,0.09
2025-08-09T08:12:00.000,0.13,96.14,-0.01,0.13
2025-08-09T08:13:00.000,0.09,13.94,0.08,0.02
2025-08-09T08:14:00.000,1.76,318.36,1.32,-1.17
2025-08-09T08:15:00.000,9.87,322.59,7.84,-6.00
2025-08-09T08:16:00.000,14.48,316.34,10.48,-10.00
2025-08-09T08:17:00.000,17.90,311.21,11.79,-13.46
2025-08-09T08:18:00.000,20.66,308.32,12.81,-16.21
2025-08-09T08:19:00.000,22.91,308.52,14.27,-17.92
2025-08-09T08:20:00.000,24.75,310.76,16.16,-18.75
2025-08-09T08:21:00.000,26.33,314.48,18.45,-18.79
2025-08-09T08:22:00.000,27.83,317.74,20.60,-18.71
2025-08-09T08:23:00.000,29.27,322.46,23.21,-17.84
2025-08-09T08:24:00.000,30.98,323.48,24.89,-18.44
2025-08-09T08:25:00.000,32.63,324.65,26.61,-18.88
2025-08-09T08:26:00.000,35.34,326.58,29.50,-19.47
2025-08-09T08:27:00.000,38.29,329.92,33.13,-19.19
2025-08-09T08:28:00.000,42.85,330.66,37.35,-21.00
2025-08-09T08:29:00.000,48.09,328.94,41.19,-24.81
2025-08-09T08:30:00.000,56.00,326.32,46.60,-31.05
2025-08-09T08:31:00.000,65.56,322.96,52.33,-39.49
2025-08-09T08:32:00.000,78.33,322.25,61.93,-47.96
2025-08-09T08:33:00.000,94.43,323.25,75.67,-56.50
2025-08-09T08:34:00.000,115.05,325.82,95.18,-64.64
2025-08-09T08:35:00.000,141.98,327.80,120.13,-75.66
2025-08-09T08:36:00.000,172.27,329.92,149.07,-86.35
2025-08-09T08:37:00.000,211.90,331.29,185.85,-101.78
2025-08-09T08:38:00.000,242.83,333.98,218.22,-106.52
2025-08-09T08:39:00.000,210.69,333.67,188.83,-93.45
2025-08-09T08:40:00.000,203.25,333.89,182.51,-89.46
2025-08-09T08:41:00.000,199.23,333.93,178.96,-87.56
2025-08-09T08:42:00.000,198.29,333.85,177.99,-87.40
2025-08-09T08:43:00.000,198.16,333.75,177.72,-87.64
2025-08-09T08:44:00.000,197.99,333.74,177.55,-87.61
2025-08-09T08:45:00.000,197.82,333.72,177.38,-87.58
2025-08-09T08:46:00.000,197.66,333.69,177.18,-87.61
2025-08-09T08:47:00.000,197.50,333.64,176.97,-87.69
2025-08-09T08:48:00.000,197.41,333.64,176.88,-87.66
2025-08-09T08:49:00.000,197.34,333.66,176.86,-87.56
2025-08-09T08:50:00.000,197.22,333.65,176.73,-87.55
2025-08-09T08:51:00.000,197.18,333.65,176.68,-87.53
2025-08-09T08:52:00.000,197.08,333.62,176.55,-87.57
2025-08-09T08:53:00.000,197.04,333.65,176.56,-87.47
2025-08-09T08:54:00.000,196.98,333.64,176.50,-87.46
2025-08-09T08:55:00.000,196.95,333.61,176.42,-87.55
2025-08-09T08:56:00.000,196.90,333.62,176.40,-87.47
2025-08-09T08:57:00.000,196.79,333.61,176.27,-87.48
2025-08-09T08:58:00.000,196.74,333.55,176.14,-87.64
2025-08-09T08:59:00.000,196.63,333.58,176.09,-87.48
2025-08-09T09:00:00.000,196.50,333.52,175.89,-87.60
2025-08-09T09:01:00.000,196.49,333.54,175.92,-87.54
2025-08-09T09:02:00.000,196.46,333.56,175.92,-87.47
2025-08-09T09:03:00.000,196.43,333.57,175.90,-87.43
2025-08-09T09:04:00.000,196.45,333.54,175.86,-87.54
2025-08-09T09:05:00.000,196.40,333.51,175.78,-87.59
2025-08-09T09:06:00.000,196.37,333.51,175.75,-87.60
2025-08-09T09:07:00.000,196.31,333.55,175.75,-87.45
2025-08-09T09:08:00.000,196.30,333.52,175.70,-87.54
2025-08-09T09:09:00.000,196.26,333.52,175.67,-87.52
2025-08-09T09:10:00.000,196.35,333.53,175.76,-87.53
2025-08-09T09:11:00.000,196.33,333.51,175.72,-87.56
2025-08-09T09:12:00.000,196.26,333.52,175.67,-87.50
2025-08-09T09:13:00.000,196.29,333.50,175.66,-87.60
2025-08-09T09:14:00.000,196.25,333.55,175.71,-87.41
2025-08-09T09:15:00.000,196.27,333.51,175.67,-87.53
2025-08-09T09:16:00.000,196.30,333.53,175.73,-87.50
2025-08-09T09:17:00.000,196.30,333.57,175.77,-87.39
2025-08-09T09:18:00.000,196.32,333.57,175.80,-87.37
2025-08-09T09:19:00.000,196.28,333.54,175.71,-87.47
2025-08-09T09:20:00.000,196.28,333.52,175.69,-87.51
2025-08-09T09:21:00.000,196.34,333.50,175.71,-87.60
2025-08-09T09:22:00.000,196.30,333.50,175.68,-87.59
2025-08-09T09:23:00.000,196.33,333.50,175.71,-87.60
2025-08-09T09:24:00.000,196.30,333.53,175.72,-87.51
2025-08-09T09:25:00.000,196.33,333.52,175.73,-87.55
2025-08-09T09:26:00.000,196.36,333.53,175.78,-87.53
2025-08-09T09:27:00.000,196.26,333.52,175.67,-87.51
2025-08-09T09:28:00.000,196.32,333.52,175.72,-87.55
2025-08-09T09:29:00.000,196.26,333.52,175.67,-87.50
2025-08-09T09:30:00.000,196.32,333.49,175.68,-87.62
2025-08-09T09:31:00.000,196.27,333.49,175.64,-87.59
2025-08-09T09:32:00.000,196.31,333.51,175.70,-87.57
2025-08-09T09:33:00.000,196.23,333.45,175.54,-87.70
2025-08-09T09:34:00.000,196.16,333.46,175.49,-87.65
2025-08-09T09:35:00.000,196.20,333.47,175.54,-87.64
2025-08-09T09:36:00.000,196.18,333.44,175.48,-87.71
2025-08-09T09:37:00.000,196.18,333.41,175.43,-87.82
2025-08-09T09:38:00.000,196.14,333.41,175.40,-87.79
2025-08-09T09:39:00.000,196.16,333.40,175.40,-87.85
2025-08-09T09:40:00.000,196.20,333.41,175.44,-87.83
2025-08-09T09:41:00.000,196.08,333.36,175.27,-87.91
2025-08-09T09:42:00.000,196.05,333.38,175.26,-87.84
2025-08-09T09:43:00.000,195.97,333.36,175.16,-87.88
2025-08-09T09:44:00.000,195.92,333.31,175.05,-87.99
2025-08-09T09:45:00.000,195.86,333.34,175.04,-87.87
2025-08-09T09:46:00.000,195.71,333.33,174.90,-87.84
2025-08-09T09:47:00.000,195.72,333.35,174.93,-87.80
2025-08-09T09:48:00.000,195.72,333.35,174.93,-87.79
2025-08-09T09:49:00.000,195.74,333.34,174.92,-87.84
2025-08-09T09:50:00.000,195.72,333.37,174.95,-87.74
2025-08-09T09:51:00.000,195.69,333.39,174.97,-87.64
2025-08-09T09:52:00.000,195.74,333.36,174.96,-87.77
2025-08-09T09:53:00.000,195.79,333.39,175.05,-87.70
2025-08-09T09:54:00.000,195.74,333.37,174.98,-87.73
2025-08-09T09:55:00.000,195.81,333.39,175.07,-87.71
2025-08-09T09:56:00.000,195.83,333.39,175.09,-87.70
2025-08-09T09:57:00.000,195.78,333.34,174.97,-87.84
2025-08-09T09:58:00.000,195.80,333.34,174.98,-87.87
2025-08-09T09:59:00.000,195.78,333.36,175.00,-87.78
2025-08-09T10:00:00.000,195.74,333.34,174.93,-87.83
2025-08-09T10:01:00.000,195.68,333.30,174.82,-87.91
2025-08-09T10:02:00.000,195.66,333.33,174.84,-87.81
2025-08-09T10:03:00.000,195.65,333.33,174.84,-87.80
2025-08-09T10:04:00.000,195.65,333.36,174.89,-87.72
2025-08-09T10:05:00.000,195.73,333.38,174.98,-87.69
2025-08-09T10:06:00.000,195.71,333.41,175.01,-87.61
2025-08-09T10:07:00.000,195.61,333.44,174.96,-87.47
2025-08-09T10:08:00.000,195.60,333.46,174.99,-87.40
2025-08-09T10:09:00.000,195.54,333.47,174.96,-87.33
2025-08-09T10:10:00.000,195.48,333.47,174.90,-87.32
2025-08-09T10:11:00.000,195.62,333.46,175.00,-87.42
2025-08-09T10:12:00.000,195.56,333.44,174.92,-87.45
2025-08-09T10:13:00.000,195.61,333.41,174.93,-87.55
2025-08-09T10:14:00.000,195.60,333.40,174.90,-87.58
2025-08-09T10:15:00.000,195.56,333.44,174.93,-87.43
2025-08-09T10:16:00.000,195.52,333.41,174.84,-87.51
2025-08-09T10:17:00.000,195.53,333.39,174.82,-87.57
2025-08-09T10:18:00.000,195.58,333.41,174.89,-87.55
2025-08-09T10:19:00.000,195.63,333.40,174.93,-87.59
2025-08-09T10:20:00.000,195.68,333.37,174.92,-87.71
2025-08-09T10:21:00.000,195.58,333.34,174.78,-87.77
2025-08-09T10:22:00.000,195.57,333.35,174.80,-87.71
2025-08-09T10:23:00.000,195.51,333.37,174.76,-87.65
2025-08-09T10:24:00.000,195.46,333.30,174.63,-87.81
2025-08-09T10:25:00.000,195.45,333.30,174.61,-87.82
2025-08-09T10:26:00.000,195.33,333.32,174.53,-87.70
2025-08-09T10:27:00.000,195.37,333.33,174.58,-87.70
2025-08-09T10:28:00.000,195.30,333.35,174.56,-87.59
2025-08-09T10:29:00.000,195.43,333.37,174.71,-87.59
2025-08-09T10:30:00.000,195.53,333.36,174.77,-87.68
2025-08-09T10:31:00.000,195.63,333.35,174.84,-87.75
2025-08-09T10:32:00.000,195.70,333.36,174.92,-87.76
2025-08-09T10:33:00.000,195.78,333.33,174.95,-87.87
2025-08-09T10:34:00.000,195.80,333.37,175.03,-87.76
2025-08-09T10:35:00.000,195.90,333.36,175.11,-87.83
2025-08-09T10:36:00.000,195.96,333.36,175.15,-87.88
2025-08-09T10:37:00.000,195.90,333.32,175.04,-87.97
2025-08-09T10:38:00.000,195.95,333.33,175.10,-87.95
2025-08-09T10:39:00.000,195.93,333.36,175.13,-87.85
2025-08-09T10:40:00.000,195.92,333.36,175.12,-87.86
2025-08-09T10:41:00.000,195.93,333.38,175.17,-87.78
2025-08-09T10:42:00.000,196.01,333.39,175.25,-87.79
2025-08-09T10:43:00.000,195.98,333.37,175.19,-87.84
2025-08-09T10:44:00.000,195.96,333.38,175.19,-87.80
2025-08-09T10:45:00.000,195.95,333.38,175.18,-87.81
2025-08-09T10:46:00.000,195.99,333.35,175.18,-87.90
2025-08-09T10:47:00.000,196.09,333.37,175.29,-87.90
2025-08-09T10:48:00.000,196.05,333.37,175.26,-87.87
2025-08-09T10:49:00.000,196.06,333.37,175.26,-87.88
2025-08-09T10:50:00.000,196.03,333.35,175.20,-87.93
2025-08-09T10:51:00.000,196.14,333.34,175.29,-88.00
2025-08-09T10:52:00.000,196.10,333.36,175.29,-87.92
2025-08-09T10:53:00.000,196.11,333.35,175.28,-87.96
2025-08-09T10:54:00.000,196.08,333.37,175.28,-87.88
2025-08-09T10:55:00.000,196.13,333.38,175.33,-87.89
2025-08-09T10:56:00.000,196.06,333.37,175.26,-87.88
2025-08-09T10:57:00.000,196.10,333.37,175.30,-87.90
2025-08-09T10:58:00.000,196.10,333.39,175.33,-87.83
2025-08-09T10:59:00.000,196.11,333.39,175.33,-87.85
2025-08-09T11:00:00.000,196.17,333.43,175.46,-87.74
2025-08-09T11:01:00.000,196.24,333.43,175.51,-87.78
2025-08-09T11:02:00.000,196.28,333.45,175.58,-87.73
2025-08-09T11:03:00.000,196.24,333.42,175.50,-87.80
2025-08-09T11:04:00.000,196.28,333.46,175.60,-87.69
2025-08-09T11:05:00.000,196.21,333.45,175.51,-87.71
2025-08-09T11:06:00.000,196.24,333.44,175.54,-87.73
2025-08-09T11:07:00.000,196.24,333.43,175.52,-87.77
2025-08-09T11:08:00.000,196.20,333.41,175.45,-87.81
2025-08-09T11:09:00.000,196.25,333.43,175.53,-87.78
2025-08-09T11:10:00.000,196.24,333.44,175.53,-87.74
2025-08-09T11:11:00.000,196.18,333.43,175.47,-87.74
2025-08-09T11:12:00.000,196.28,333.42,175.53,-87.83
2025-08-09T11:13:00.000,196.29,333.39,175.50,-87.92
2025-08-09T11:14:00.000,196.31,333.42,175.56,-87.85
2025-08-09T11:15:00.000,196.26,333.43,175.54,-87.78
2025-08-09T11:16:00.000,196.21,333.41,175.45,-87.83
2025-08-09T11:17:00.000,196.14,333.41,175.40,-87.78
2025-08-09T11:18:00.000,196.13,333.43,175.42,-87.72
2025-08-09T11:19:00.000,196.26,333.41,175.51,-87.84
2025-08-09T11:20:00.000,196.18,333.42,175.45,-87.78
2025-08-09T11:21:00.000,196.16,333.38,175.37,-87.90
2025-08-09T11:22:00.000,196.09,333.39,175.31,-87.84
2025-08-09T11:23:00.000,196.05,333.42,175.33,-87.73
2025-08-09T11:24:00.000,196.09,333.43,175.39,-87.70
2025-08-09T11:25:00.000,196.05,333.42,175.34,-87.71
2025-08-09T11:26:00.000,196.05,333.43,175.34,-87.71
2025-08-09T11:27:00.000,196.06,333.42,175.33,-87.72
2025-08-09T11:28:00.000,196.08,333.45,175.41,-87.64
2025-08-09T11:29:00.000,196.10,333.45,175.42,-87.64
2025-08-09T11:30:00.000,196.16,333.46,175.49,-87.64
2025-08-09T11:31:00.000,196.12,333.47,175.48,-87.59
2025-08-09T11:32:00.000,196.13,333.49,175.51,-87.55
2025-08-09T11:33:00.000,196.13,333.49,175.51,-87.55
2025-08-09T11:34:00.000,196.04,333.46,175.39,-87.58
2025-08-09T11:35:00.000,196.01,333.47,175.37,-87.55
2025-08-09T11:36:00.000,196.06,333.45,175.39,-87.63
2025-08-09T11:37:00.000,196.11,333.48,175.47,-87.58
2025-08-09T11:38:00.000,196.04,333.49,175.43,-87.50
2025-08-09T11:39:00.000,196.07,333.50,175.46,-87.49
2025-08-09T11:40:00.000,196.04,333.44,175.35,-87.65
2025-08-09T11:41:00.000,196.09,333.47,175.44,-87.58
2025-08-09T11:42:00.000,196.04,333.48,175.41,-87.54
2025-08-09T11:43:00.000,196.01,333.48,175.39,-87.51
2025-08-09T11:44:00.000,196.04,333.50,175.44,-87.48
2025-08-09T11:45:00.000,196.16,333.48,175.53,-87.59
2025-08-09T11:46:00.000,196.16,333.48,175.52,-87.59
2025-08-09T11:47:00.000,196.19,333.47,175.54,-87.62
2025-08-09T11:48:00.000,196.14,333.48,175.51,-87.56
2025-08-09T11:49:00.000,196.12,333.48,175.49,-87.57
2025-08-09T11:50:00.000,196.12,333.48,175.49,-87.56
2025-08-09T11:51:00.000,196.07,333.47,175.43,-87.57
2025-08-09T11:52:00.000,196.03,333.45,175.36,-87.62
2025-08-09T11:53:00.000,195.98,333.42,175.27,-87.69
2025-08-09T11:54:00.000,195.98,333.44,175.29,-87.64
2025-08-09T11:55:00.000,196.01,333.43,175.32,-87.66
2025-08-09T11:56:00.000,195.95,333.45,175.28,-87.59
2025-08-09T11:57:00.000,195.97,333.45,175.30,-87.61
2025-08-09T11:58:00.000,195.91,333.43,175.22,-87.63
2025-08-09T11:59:00.000,195.95,333.46,175.30,-87.57
2025-08-09T12:00:00.000,195.99,333.45,175.32,-87.61
2025-08-09T12:01:00.000,196.06,333.47,175.42,-87.58
2025-08-09T12:02:00.000,196.15,333.50,175.54,-87.53
2025-08-09T12:03:00.000,196.22,333.47,175.56,-87.63
2025-08-09T12:04:00.000,196.27,333.48,175.62,-87.64
2025-08-09T12:05:00.000,196.27,333.48,175.61,-87.65
2025-08-09T12:06:00.000,196.29,333.48,175.63,-87.66
2025-08-09T12:07:00.000,196.30,333.48,175.65,-87.65
2025-08-09T12:08:00.000,196.30,333.46,175.61,-87.72
2025-08-09T12:09:00.000,196.28,333.49,175.63,-87.62
2025-08-09T12:10:00.000,196.21,333.46,175.54,-87.66
2025-08-09T12:11:00.000,196.21,333.44,175.51,-87.73
2025-08-09T12:12:00.000,196.12,333.47,175.46,-87.61
2025-08-09T12:13:00.000,196.16,333.47,175.50,-87.62
2025-08-09T12:14:00.000,196.13,333.48,175.49,-87.58
2025-08-09T12:15:00.000,196.15,333.48,175.51,-87.59
2025-08-09T12:16:00.000,196.10,333.48,175.47,-87.57
2025-08-09T12:17:00.000,196.06,333.47,175.42,-87.56
2025-08-09T12:18:00.000,196.00,333.45,175.34,-87.59
2025-08-09T12:19:00.000,196.02,333.45,175.35,-87.62
2025-08-09T12:20:00.000,195.99,333.47,175.35,-87.54
2025-08-09T12:21:00.000,195.98,333.49,175.37,-87.48
2025-08-09T12:22:00.000,195.99,333.47,175.34,-87.55
2025-08-09T12:23:00.000,195.95,333.46,175.31,-87.54
2025-08-09T12:24:00.000,195.97,333.49,175.36,-87.48
2025-08-09T12:25:00.000,196.02,333.48,175.40,-87.51
2025-08-09T12:26:00.000,196.03,333.48,175.40,-87.52
2025-08-09T12:27:00.000,196.10,333.51,175.51,-87.46
2025-08-09T12:28:00.000,196.06,333.50,175.46,-87.49
2025-08-09T12:29:00.000,196.07,333.49,175.45,-87.52
2025-08-09T12:30:00.000,196.02,333.47,175.39,-87.54
2025-08-09T12:31:00.000,196.01,333.50,175.41,-87.47
2025-08-09T12:32:00.000,196.06,333.52,175.49,-87.42
2025-08-09T12:33:00.000,196.06,333.54,175.52,-87.36
2025-08-09T12:34:00.000,196.21,333.57,175.70,-87.34
2025-08-09T12:35:00.000,196.16,333.56,175.64,-87.34
2025-08-09T12:36:00.000,196.22,333.55,175.68,-87.40
2025-08-09T12:37:00.000,196.21,333.55,175.67,-87.39
2025-08-09T12:38:00.000,196.29,333.57,175.77,-87.37
2025-08-09T12:39:00.000,196.25,333.60,175.77,-87.27
2025-08-09T12:40:00.000,196.20,333.59,175.72,-87.27
2025-08-09T12:41:00.000,196.25,333.62,175.82,-87.19
2025-08-09T12:42:00.000,196.29,333.64,175.89,-87.14
2025-08-09T12:43:00.000,196.25,333.61,175.80,-87.23
2025-08-09T12:44:00.000,196.29,333.63,175.86,-87.18
2025-08-09T12:45:00.000,196.29,333.60,175.81,-87.29
2025-08-09T12:46:00.000,196.25,333.63,175.83,-87.16
2025-08-09T12:47:00.000,196.16,333.62,175.73,-87.16
2025-08-09T12:48:00.000,196.20,333.63,175.78,-87.15
2025-08-09T12:49:00.000,196.20,333.61,175.76,-87.20
2025-08-09T12:50:00.000,196.22,333.62,175.80,-87.18
2025-08-09T12:51:00.000,196.20,333.59,175.73,-87.26
2025-08-09T12:52:00.000,196.19,333.59,175.71,-87.26
2025-08-09T12:53:00.000,196.18,333.62,175.75,-87.16
2025-08-09T12:54:00.000,196.19,333.62,175.76,-87.16
2025-08-09T12:55:00.000,196.15,333.61,175.71,-87.17
2025-08-09T12:56:00.000,196.19,333.61,175.75,-87.19
2025-08-09T12:57:00.000,196.14,333.64,175.74,-87.10
2025-08-09T12:58:00.000,196.15,333.65,175.77,-87.06
2025-08-09T12:59:00.000,196.07,333.63,175.67,-87.09
2025-08-09T13:00:00.000,196.11,333.63,175.71,-87.10
2025-08-09T13:01:00.000,196.04,333.61,175.62,-87.13
2025-08-09T13:02:00.000,195.97,333.64,175.59,-87.02
2025-08-09T13:03:00.000,195.91,333.64,175.54,-87.00
2025-08-09T13:04:00.000,195.94,333.61,175.52,-87.10
2025-08-09T13:05:00.000,195.86,333.60,175.44,-87.08
2025-08-09T13:06:00.000,195.89,333.65,175.55,-86.93
2025-08-09T13:07:00.000,195.86,333.63,175.48,-86.99
2025-08-09T13:08:00.000,195.84,333.62,175.44,-87.03
2025-08-09T13:09:00.000,195.86,333.62,175.47,-87.01
2025-08-09T13:10:00.000,195.85,333.57,175.38,-87.16
2025-08-09T13:11:00.000,195.79,333.59,175.35,-87.09
2025-08-09T13:12:00.000,195.71,333.59,175.30,-87.04
2025-08-09T13:13:00.000,195.67,333.57,175.22,-87.08
2025-08-09T13:14:00.000,195.66,333.59,175.25,-87.02
2025-08-09T13:15:00.000,195.77,333.58,175.33,-87.11
2025-08-09T13:16:00.000,195.70,333.57,175.25,-87.09
2025-08-09T13:17:00.000,195.67,333.59,175.25,-87.03
2025-08-09T13:18:00.000,195.74,333.58,175.30,-87.09
2025-08-09T13:19:00.000,195.77,333.64,175.40,-86.94
2025-08-09T13:20:00.000,195.77,333.65,175.42,-86.90
2025-08-09T13:21:00.000,195.83,333.67,175.51,-86.86
2025-08-09T13:22:00.000,195.87,333.65,175.52,-86.93
2025-08-09T13:23:00.000,195.84,333.65,175.50,-86.92
2025-08-09T13:24:00.000,195.87,333.65,175.52,-86.93
2025-08-09T13:25:00.000,195.94,333.65,175.59,-86.96
2025-08-09T13:26:00.000,195.96,333.67,175.64,-86.91
2025-08-09T13:27:00.000,196.02,333.67,175.68,-86.95
2025-08-09T13:28:00.000,196.14,333.68,175.80,-86.97
2025-08-09T13:29:00.000,196.17,333.68,175.83,-86.99
2025-08-09T13:30:00.000,196.19,333.70,175.88,-86.91
2025-08-09T13:31:00.000,196.17,333.74,175.93,-86.78
2025-08-09T13:32:00.000,196.25,333.74,176.00,-86.83
2025-08-09T13:33:00.000,196.34,333.76,176.11,-86.80
2025-08-09T13:34:00.000,196.31,333.77,176.10,-86.77
2025-08-09T13:35:00.000,196.26,333.79,176.08,-86.68
2025-08-09T13:36:00.000,195.95,333.79,175.80,-86.56
2025-08-09T13:37:00.000,195.27,335.19,177.25,-81.93
2025-08-09T13:38:00.000,201.31,348.23,197.08,-41.07
2025-08-09T13:39:00.000,205.20,19.08,193.93,67.06
2025-08-09T13:40:00.000,210.29,25.79,189.34,91.51
2025-08-09T13:41:00.000,223.57,23.49,205.05,89.11
2025-08-09T13:42:00.000,248.32,19.42,234.20,82.56
2025-08-09T13:43:00.000,221.31,21.21,206.32,80.07
2025-08-09T13:44:00.000,192.83,12.94,187.94,43.18
2025-08-09T13:45:00.000,168.85,11.98,165.18,35.05
2025-08-09T13:46:00.000,148.77,4.87,148.23,12.63
2025-08-09T13:47:00.000,130.96,17.68,124.78,39.77
2025-08-09T13:48:00.000,118.17,27.63,104.69,54.79
2025-08-09T13:49:00.000,108.53,25.48,97.98,46.69
2025-08-09T13:50:00.000,102.22,100.07,-17.88,100.64
2025-08-09T13:51:00.000,91.62,103.37,-21.19,89.14
2025-08-09T13:52:00.000,82.04,99.96,-14.19,80.81
2025-08-09T13:53:00.000,74.49,83.84,7.99,74.06
2025-08-09T13:54:00.000,67.52,84.26,6.75,67.18
2025-08-09T13:55:00.000,61.37,92.65,-2.84,61.30
2025-08-09T13:56:00.000,56.91,81.08,8.82,56.23
2025-08-09T13:57:00.000,52.68,80.83,8.40,52.01
2025-08-09T13:58:00.000,48.43,94.21,-3.56,48.29
2025-08-09T13:59:00.000,44.67,82.27,6.01,44.26
2025-08-09T14:00:00.000,41.60,83.94,4.39,41.37
2025-08-09T14:01:00.000,38.42,81.40,5.74,37.99
2025-08-09T14:02:00.000,36.46,81.42,5.44,36.05
2025-08-09T14:03:00.000,34.44,82.55,4.47,34.15
2025-08-09T14:04:00.000,32.50,74.11,8.90,31.26
2025-08-09T14:05:00.000,31.26,96.99,-3.80,31.03
2025-08-09T14:06:00.000,29.60,79.78,5.25,29.13
2025-08-09T14:07:00.000,28.16,60.05,14.06,24.40
2025-08-09T14:08:00.000,26.64,52.97,16.04,21.27
2025-08-09T14:09:00.000,25.20,52.02,15.51,19.87
2025-08-09T14:10:00.000,23.46,59.85,11.78,20.28
2025-08-09T14:11:00.000,21.61,58.65,11.25,18.46
2025-08-09T14:12:00.000,19.37,49.68,12.53,14.77
2025-08-09T14:13:00.000,16.37,55.23,9.34,13.44
2025-08-09T14:14:00.000,12.72,36.18,10.26,7.51
2025-08-09T14:15:00.000,8.57,53.45,5.11,6.89
2025-08-09T14:16:00.000,4.66,55.43,2.64,3.83
2025-08-09T14:17:00.000,2.89,50.46,1.84,2.23
2025-08-09T14:18:00.000,2.30,52.29,1.41,1.82
2025-08-09T14:19:00.000,1.98,56.82,1.08,1.66
2025-08-09T14:20:00.000,1.96,58.59,1.02,1.67
2025-08-09T14:21:00.000,1.49,62.37,0.69,1.32
2025-08-09T14:22:00.000,1.30,67.10,0.51,1.20
2025-08-09T14:23:00.000,1.43,59.86,0.72,1.23
2025-08-09T14:24:00.000,1.19,70.17,0.40,1.12
2025-08-09T14:25:00.000,1.12,64.58,0.48,1.01
2025-08-09T14:26:00.000,1.07,70.13,0.36,1.01
2025-08-09T14:27:00.000,1.09,67.34,0.42,1.01
2025-08-09T14:28:00.000,1.35,68.70,0.49,1.25
2025-08-09T14:29:00.000,1.37,68.35,0.50,1.27
2025-08-09T14:30:00.000,1.36,64.80,0.58,1.23
2025-08-09T14:31:00.000,1.26,65.55,0.52,1.15
2025-08-09T14:32:00.000,1.63,70.90,0.53,1.54
2025-08-09T14:33:00.000,1.36,60.07,0.68,1.18
2025-08-09T14:34:00.000,1.04,64.52,0.45,0.94
2025-08-09T14:35:00.000,0.84,66.66,0.33,0.77
2025-08-09T14:36:00.000,0.85,69.16,0.30,0.80
2025-08-09T14:37:00.000,0.87,69.56,0.30,0.82
2025-08-09T14:38:00.000,0.74,71.60,0.23,0.70
2025-08-09T14:39:00.000,0.71,69.59,0.25,0.66
2025-08-09T14:40:00.000,0.76,74.59,0.20,0.73
2025-08-09T14:41:00.000,0.73,76.20,0.17,0.71
2025-08-09T14:42:00.000,0.76,75.11,0.19,0.73
2025-08-09T14:43:00.000,0.69,74.63,0.18,0.67
2025-08-09T14:44:00.000,0.74,75.30,0.19,0.71
2025-08-09T14:45:00.000,0.71,75.00,0.18,0.68
2025-08-09T14:46:00.000,0.73,76.40,0.17,0.71
2025-08-09T14:47:00.000,0.72,76.42,0.17,0.70
2025-08-09T14:48:00.000,0.72,75.38,0.18,0.69
2025-08-09T14:49:00.000,0.74,76.41,0.17,0.72
2025-08-09T14:50:00.000,0.76,76.17,0.18,0.73
2025-08-09T14:51:00.000,0.76,76.91,0.17,0.74
2025-08-09T14:52:00.000,0.78,78.23,0.16,0.76
2025-08-09T14:53:00.000,0.77,81.69,0.11,0.77
2025-08-09T14:54:00.000,0.75,77.59,0.16,0.73
2025-08-09T14:55:00.000,0.72,75.81,0.18,0.70
2025-08-09T14:56:00.000,0.70,75.09,0.18,0.67
2025-08-09T14:57:00.000,0.74,74.69,0.20,0.71
2025-08-09T14:58:00.000,0.76,73.71,0.21,0.73
2025-08-09T14:59:00.000,0.85,71.80,0.27,0.81
2025-08-09T15:00:00.000,0.79,75.04,0.20,0.77
2025-08-09T15:01:00.000,0.81,76.79,0.18,0.79
2025-08-09T15:02:00.000,0.76,77.01,0.17,0.74
2025-08-09T15:03:00.000,0.79,78.82,0.15,0.77
2025-08-09T15:04:00.000,0.81,80.14,0.14,0.80
2025-08-09T15:05:00.000,0.83,76.05,0.20,0.81
2025-08-09T15:06:00.000,0.92,75.32,0.23,0.89
2025-08-09T15:07:00.000,1.00,73.29,0.29,0.96
2025-08-09T15:08:00.000,1.10,73.59,0.31,1.06
2025-08-09T15:09:00.000,1.02,73.29,0.29,0.97
2025-08-09T15:10:00.000,2.63,57.01,1.43,2.20
2025-08-09T15:11:00.000,1.79,63.72,0.79,1.60
2025-08-09T15:12:00.000,1.45,65.70,0.60,1.33
2025-08-09T15:13:00.000,1.24,68.85,0.45,1.16
2025-08-09T15:14:00.000,0.99,84.93,0.09,0.99
2025-08-09T15:15:00.000,1.03,83.00,0.13,1.02
2025-08-09T15:16:00.000,1.01,91.25,-0.02,1.01
2025-08-09T15:17:00.000,0.99,82.12,0.14,0.98
2025-08-09T15:18:00.000,1.02,89.24,0.01,1.02
2025-08-09T15:19:00.000,1.09,90.19,-0.00,1.09
2025-08-09T15:20:00.000,0.95,80.76,0.15,0.94
2025-08-09T15:21:00.000,1.00,82.57,0.13,0.99
2025-08-09T15:22:00.000,1.03,89.12,0.02,1.03
2025-08-09T15:23:00.000,0.96,86.58,0.06,0.96
2025-08-09T15:24:00.000,0.83,80.66,0.14,0.82
2025-08-09T15:25:00.000,0.89,77.57,0.19,0.87
2025-08-09T15:26:00.000,0.90,80.62,0.15,0.88
2025-08-09T15:27:00.000,0.84,82.08,0.12,0.83
2025-08-09T15:28:00.000,0.84,80.80,0.13,0.83
2025-08-09T15:29:00.000,0.82,79.44,0.15,0.81
2025-08-09T15:30:00.000,0.79,82.31,0.11,0.78
2025-08-09T15:31:00.000,0.82,86.02,0.06,0.81
2025-08-09T15:32:00.000,0.88,85.47,0.07,0.88
2025-08-09T15:33:00.000,0.84,83.59,0.09,0.84
2025-08-09T15:34:00.000,0.95,85.08,0.08,0.95
2025-08-09T15:35:00.000,0.88,82.04,0.12,0.87
2025-08-09T15:36:00.000,0.87,85.40,0.07,0.87
2025-08-09T15:37:00.000,0.86,85.12,0.07,0.85
2025-08-09T15:38:00.000,0.86,83.92,0.09,0.86
2025-08-09T15:39:00.000,0.84,83.68,0.09,0.83
2025-08-09T15:40:00.000,0.87,85.84,0.06,0.87
2025-08-09T15:41:00.000,0.87,86.68,0.05,0.87
2025-08-09T15:42:00.000,0.85,85.64,0.06,0.84
2025-08-09T15:43:00.000,0.91,87.29,0.04,0.91
2025-08-09T15:44:00.000,0.93,84.60,0.09,0.93
2025-08-09T15:45:00.000,1.24,73.11,0.36,1.19
2025-08-09T15:46:00.000,1.10,79.03,0.21,1.08
2025-08-09T15:47:00.000,1.05,76.95,0.24,1.03
2025-08-09T15:48:00.000,1.01,77.38,0.22,0.99
2025-08-09T15:49:00.000,0.91,78.55,0.18,0.90
2025-08-09T15:50:00.000,0.92,82.66,0.12,0.92
2025-08-09T15:51:00.000,0.90,84.71,0.08,0.89
2025-08-09T15:52:00.000,0.86,80.39,0.14,0.85
2025-08-09T15:53:00.000,0.84,81.80,0.12,0.83
2025-08-09T15:54:00.000,0.83,81.61,0.12,0.82
2025-08-09T15:55:00.000,0.86,80.08,0.15,0.85
2025-08-09T15:56:00.000,0.85,82.62,0.11,0.84
2025-08-09T15:57:00.000,0.89,81.23,0.14,0.88
2025-08-09T15:58:00.000,0.81,80.57,0.13,0.80
2025-08-09T15:59:00.000,0.89,82.38,0.12,0.89
2025-08-09T16:00:00.000,0.94,84.81,0.08,0.93
2025-08-09T16:01:00.000,0.86,83.65,0.09,0.85
2025-08-09T16:02:00.000,0.85,81.56,0.12,0.84
2025-08-09T16:03:00.000,0.91,91.17,-0.02,0.91
2025-08-09T16:04:00.000,0.79,86.65,0.05,0.79
2025-08-09T16:05:00.000,0.83,88.20,0.03,0.83
2025-08-09T16:06:00.000,0.84,87.59,0.04,0.84
2025-08-09T16:07:00.000,0.84,84.93,0.07,0.84
2025-08-09T16:08:00.000,0.85,83.23,0.10,0.84
2025-08-09T16:09:00.000,0.87,83.24,0.10,0.86
2025-08-09T16:10:00.000,0.91,82.50,0.12,0.90
2025-08-09T16:11:00.000,0.87,81.79,0.12,0.86
2025-08-09T16:12:00.000,0.89,83.78,0.10,0.89
2025-08-09T16:13:00.000,0.87,84.62,0.08,0.87
2025-08-09T16:14:00.000,0.82,81.52,0.12,0.81
2025-08-09T16:15:00.000,0.83,86.08,0.06,0.82
2025-08-09T16:16:00.000,0.78,85.66,0.06,0.78
2025-08-09T16:17:00.000,0.79,87.67,0.03,0.78
2025-08-09T16:18:00.000,0.77,87.43,0.03,0.77
2025-08-09T16:19:00.000,0.77,87.86,0.03,0.77
2025-08-09T16:20:00.000,0.74,89.89,0.00,0.74
2025-08-09T16:21:00.000,0.78,89.13,0.01,0.78
2025-08-09T16:22:00.000,0.79,89.49,0.01,0.79
2025-08-09T16:23:00.000,0.77,88.22,0.02,0.77
2025-08-09T16:24:00.000,0.79,89.32,0.01,0.79
2025-08-09T16:25:00.000,0.78,90.57,-0.01,0.78
2025-08-09T16:26:00.000,0.79,92.45,-0.03,0.79
2025-08-09T16:27:00.000,0.81,95.04,-0.07,0.81
2025-08-09T16:28:00.000,0.83,97.94,-0.11,0.82
2025-08-09T16:29:00.000,0.82,95.42,-0.08,0.81
2025-08-09T16:30:00.000,0.86,81.32,0.13,0.85
2025-08-09T16:31:00.000,0.88,76.94,0.20,0.86
2025-08-09T16:32:00.000,0.96,69.49,0.34,0.90
2025-08-09T16:33:00.000,1.29,49.77,0.84,0.99
2025-08-09T16:34:00.000,1.16,67.37,0.45,1.08
2025-08-09T16:35:00.000,1.02,75.11,0.26,0.99
2025-08-09T16:36:00.000,1.13,57.57,0.60,0.95
2025-08-09T16:37:00.000,0.99,67.13,0.39,0.92
2025-08-09T16:38:00.000,1.04,61.43,0.50,0.91
2025-08-09T16:39:00.000,0.92,66.94,0.36,0.85
2025-08-09T16:40:00.000,0.86,78.14,0.18,0.84
2025-08-09T16:41:00.000,0.88,78.59,0.17,0.86
2025-08-09T16:42:00.000,0.89,75.89,0.22,0.86
2025-08-09T16:43:00.000,0.96,71.26,0.31,0.91
2025-08-09T16:44:00.000,1.05,69.27,0.37,0.99
2025-08-09T16:45:00.000,1.12,72.42,0.34,1.07
2025-08-09T16:46:00.000,1.04,76.32,0.24,1.01
2025-08-09T16:47:00.000,1.00,76.05,0.24,0.97
2025-08-09T16:48:00.000,0.90,80.68,0.15,0.89
2025-08-09T16:49:00.000,0.86,80.52,0.14,0.85
2025-08-09T16:50:00.000,0.83,83.20,0.10,0.82
2025-08-09T16:51:00.000,0.82,82.47,0.11,0.81
2025-08-09T16:52:00.000,0.73,88.25,0.02,0.73
2025-08-09T16:53:00.000,0.74,85.09,0.06,0.74
2025-08-09T16:54:00.000,0.74,85.01,0.06,0.74
2025-08-09T16:55:00.000,0.80,81.33,0.12,0.79
2025-08-09T16:56:00.000,0.85,81.08,0.13,0.84
2025-08-09T16:57:00.000,0.82,77.24,0.18,0.80
2025-08-09T16:58:00.000,0.82,76.32,0.20,0.80
2025-08-09T16:59:00.000,0.82,77.94,0.17,0.80
2025-08-09T17:00:00.000,0.79,78.04,0.16,0.77
2025-08-09T17:01:00.000,0.79,78.01,0.16,0.77
2025-08-09T17:02:00.000,0.79,76.88,0.18,0.77
2025-08-09T17:03:00.000,0.78,76.04,0.19,0.75
2025-08-09T17:04:00.000,0.75,73.09,0.22,0.71
2025-08-09T17:05:00.000,0.76,73.84,0.21,0.73
2025-08-09T17:06:00.000,0.74,71.69,0.23,0.70
2025-08-09T17:07:00.000,0.71,66.31,0.29,0.65
2025-08-09T17:08:00.000,0.76,68.21,0.28,0.71
2025-08-09T17:09:00.000,0.79,71.54,0.25,0.74
2025-08-09T17:10:00.000,0.76,70.43,0.25,0.71
2025-08-09T17:11:00.000,0.73,72.74,0.22,0.69
2025-08-09T17:12:00.000,0.17,93.51,-0.01,0.17
2025-08-09T17:13:00.000,0.23,90.59,-0.00,0.23
2025-08-09T17:14:00.000,0.12,85.49,0.01,0.12
2025-08-09T17:15:00.000,0.22,92.15,-0.01,0.22
2025-08-09T17:16:00.000,0.25,87.83,0.01,0.25
2025-08-09T17:17:00.000,0.28,88.71,0.01,0.28
2025-08-09T17:18:00.000,0.30,87.76,0.01,0.30
2025-08-09T17:19:00.000,0.30,86.51,0.02,0.30
2025-08-09T17:20:00.000,0.31,86.49,0.02,0.31
2025-08-09T17:21:00.000,0.28,85.80,0.02,0.28
2025-08-09T17:22:00.000,0.30,88.02,0.01,0.30
2025-08-09T17:23:00.000,0.31,88.01,0.01,0.31
2025-08-09T17:24:00.000,0.28,92.36,-0.01,0.28
2025-08-09T17:25:00.000,0.26,91.79,-0.01,0.26
2025-08-09T17:26:00.000,0.25,90.64,-0.00,0.25
2025-08-09T17:27:00.000,0.37,86.75,0.02,0.37
2025-08-09T17:28:00.000,0.40,84.74,0.04,0.40
2025-08-09T17:29:00.000,0.48,81.08,0.07,0.48
2025-08-09T17:30:00.000,0.48,81.56,0.07,0.48
2025-08-09T17:31:00.000,0.43,80.50,0.07,0.43
2025-08-09T17:32:00.000,0.25,67.80,0.09,0.23
2025-08-09T17:33:00.000,0.29,75.32,0.07,0.28
2025-08-09T17:34:00.000,0.32,77.32,0.07,0.32
2025-08-09T17:35:00.000,0.19,78.23,0.04,0.19
2025-08-09T17:36:00.000,0.35,90.82,-0.01,0.35
2025-08-09T17:37:00.000,0.30,85.78,0.02,0.30
2025-08-09T17:38:00.000,0.44,89.73,0.00,0.44
2025-08-09T17:39:00.000,0.19,44.30,0.14,0.13
2025-08-09T17:40:00.000,0.28,323.65,0.22,-0.16
2025-08-09T17:41:00.000,0.23,26.51,0.20,0.10
2025-08-09T17:42:00.000,0.50,112.33,-0.19,0.46
2025-08-09T17:43:00.000,0.41,106.33,-0.11,0.39
2025-08-09T17:44:00.000,0.65,129.10,-0.41,0.51
2025-08-09T17:45:00.000,0.49,120.54,-0.25,0.43
2025-08-09T17:46:00.000,0.55,117.73,-0.26,0.49
2025-08-09T17:47:00.000,0.42,119.31,-0.21,0.37
2025-08-09T17:48:00.000,0.47,118.41,-0.22,0.41
2025-08-09T17:49:00.000,0.43,104.06,-0.10,0.42
2025-08-09T17:50:00.000,0.53,89.83,0.00,0.53
2025-08-09T17:51:00.000,0.59,88.76,0.01,0.59
2025-08-09T17:52:00.000,0.62,84.68,0.06,0.62
2025-08-09T17:53:00.000,0.64,82.73,0.08,0.63
2025-08-09T17:54:00.000,0.64,82.86,0.08,0.64
2025-08-09T17:55:00.000,0.59,76.74,0.14,0.57
2025-08-09T17:56:00.000,0.54,78.08,0.11,0.53
2025-08-09T17:57:00.000,0.44,68.22,0.16,0.41
2025-08-09T17:58:00.000,0.46,72.41,0.14,0.44
2025-08-09T17:59:00.000,0.48,80.92,0.08,0.47
2025-08-09T18:00:00.000,0.45,79.59,0.08,0.44
2025-08-09T18:01:00.000,0.41,82.95,0.05,0.40
2025-08-09T18:02:00.000,0.31,78.61,0.06,0.30
2025-08-09T18:03:00.000,0.29,59.84,0.15,0.25
2025-08-09T18:04:00.000,0.54,86.81,0.03,0.54
2025-08-09T18:05:00.000,0.48,94.44,-0.04,0.48
2025-08-09T18:06:00.000,0.43,91.85,-0.01,0.43
2025-08-09T18:07:00.000,0.50,103.63,-0.12,0.49
2025-08-09T18:08:00.000,0.46,103.37,-0.11,0.44
2025-08-09T18:09:00.000,0.43,98.32,-0.06,0.42
2025-08-09T18:10:00.000,0.56,105.76,-0.15,0.54
2025-08-09T18:11:00.000,0.57,101.97,-0.12,0.56
2025-08-09T18:12:00.000,0.57,92.75,-0.03,0.57
2025-08-09T18:13:00.000,0.65,94.46,-0.05,0.65
2025-08-09T18:14:00.000,0.76,102.99,-0.17,0.74
2025-08-09T18:15:00.000,0.79,99.40,-0.13,0.78
2025-08-09T18:16:00.000,0.87,102.11,-0.18,0.85
2025-08-09T18:17:00.000,0.80,106.40,-0.23,0.77
2025-08-09T18:18:00.000,0.75,100.63,-0.14,0.74
2025-08-09T18:19:00.000,0.74,102.94,-0.17,0.72
2025-08-09T18:20:00.000,0.74,104.55,-0.18,0.71
2025-08-09T18:21:00.000,0.72,97.39,-0.09,0.71
2025-08-09T18:22:00.000,0.73,102.51,-0.16,0.71
2025-08-09T18:23:00.000,0.69,94.82,-0.06,0.69
2025-08-09T18:24:00.000,0.76,96.70,-0.09,0.75
2025-08-09T18:25:00.000,0.70,95.54,-0.07,0.70
2025-08-09T18:26:00.000,0.71,94.19,-0.05,0.71
2025-08-09T18:27:00.000,0.68,94.67,-0.06,0.68
2025-08-09T18:28:00.000,0.67,93.82,-0.04,0.67
2025-08-09T18:29:00.000,0.67,92.29,-0.03,0.67
2025-08-09T18:30:00.000,0.66,91.30,-0.02,0.66
2025-08-09T18:31:00.000,0.66,92.58,-0.03,0.66
2025-08-09T18:32:00.000,0.66,91.69,-0.02,0.66
2025-08-09T18:33:00.000,0.67,90.77,-0.01,0.67
2025-08-09T18:34:00.000,0.67,89.84,0.00,0.67
2025-08-09T18:35:00.000,0.69,89.30,0.01,0.69
2025-08-09T18:36:00.000,0.76,87.72,0.03,0.75
2025-08-09T18:37:00.000,0.76,86.41,0.05,0.76
2025-08-09T18:38:00.000,0.78,87.40,0.04,0.78
2025-08-09T18:39:00.000,0.72,87.30,0.03,0.72
2025-08-09T18:40:00.000,0.69,89.47,0.01,0.69
2025-08-09T18:41:00.000,0.66,88.93,0.01,0.66
2025-08-09T18:42:00.000,0.65,90.11,-0.00,0.65
2025-08-09T18:43:00.000,0.61,90.42,-0.00,0.61
2025-08-09T18:44:00.000,0.62,90.82,-0.01,0.62
2025-08-09T18:45:00.000,0.61,90.00,-0.00,0.61
2025-08-09T18:46:00.000,0.65,89.10,0.01,0.65
2025-08-09T18:47:00.000,0.65,89.51,0.01,0.65
2025-08-09T18:48:00.000,0.64,88.65,0.02,0.64
2025-08-09T18:49:00.000,0.62,88.49,0.02,0.62
2025-08-09T18:50:00.000,0.64,89.29,0.01,0.64
2025-08-09T18:51:00.000,0.62,89.40,0.01,0.62
2025-08-09T18:52:00.000,0.59,90.06,-0.00,0.59
2025-08-09T18:53:00.000,0.50,92.22,-0.02,0.50
2025-08-09T18:54:00.000,0.54,90.96,-0.01,0.54
2025-08-09T18:55:00.000,0.54,89.89,0.00,0.54
2025-08-09T18:56:00.000,0.58,89.60,0.00,0.58
2025-08-09T18:57:00.000,0.59,88.38,0.02,0.59
2025-08-09T18:58:00.000,0.61,87.52,0.03,0.60
2025-08-09T18:59:00.000,0.60,88.04,0.02,0.60
2025-08-09T19:00:00.000,0.62,87.95,0.02,0.62
2025-08-09T19:01:00.000,0.60,88.11,0.02,0.60
2025-08-09T19:02:00.000,0.60,89.42,0.01,0.60
2025-08-09T19:03:00.000,0.54,90.92,-0.01,0.54
2025-08-09T19:04:00.000,0.51,91.36,-0.01,0.51
2025-08-09T19:05:00.000,0.52,93.35,-0.03,0.52
2025-08-09T19:06:00.000,0.52,94.04,-0.04,0.52
2025-08-09T19:07:00.000,0.57,93.00,-0.03,0.57
2025-08-09T19:08:00.000,0.59,91.37,-0.01,0.59
2025-08-09T19:09:00.000,0.59,88.79,0.01,0.59
2025-08-09T19:10:00.000,0.63,89.03,0.01,0.63
2025-08-09T19:11:00.000,0.64,88.28,0.02,0.64
2025-08-09T19:12:00.000,0.67,84.89,0.06,0.67
2025-08-09T19:13:00.000,0.65,87.24,0.03,0.65
2025-08-09T19:14:00.000,0.65,87.32,0.03,0.65
2025-08-09T19:15:00.000,0.64,86.17,0.04,0.64
2025-08-09T19:16:00.000,0.64,86.71,0.04,0.64
2025-08-09T19:17:00.000,0.65,86.54,0.04,0.64
2025-08-09T19:18:00.000,0.66,87.19,0.03,0.66
2025-08-09T19:19:00.000,0.65,86.72,0.04,0.65
2025-08-09T19:20:00.000,0.67,86.16,0.04,0.67
2025-08-09T19:21:00.000,0.64,85.69,0.05,0.64
2025-08-09T19:22:00.000,0.64,88.34,0.02,0.64
2025-08-09T19:23:00.000,0.63,88.10,0.02,0.63
2025-08-09T19:24:00.000,0.65,89.57,0.00,0.65
2025-08-09T19:25:00.000,0.65,89.05,0.01,0.65
2025-08-09T19:26:00.000,0.65,89.18,0.01,0.65
2025-08-09T19:27:00.000,0.65,88.22,0.02,0.65
2025-08-09T19:28:00.000,0.67,88.88,0.01,0.67
2025-08-09T19:29:00.000,0.74,88.25,0.02,0.74
2025-08-09T19:30:00.000,0.78,85.82,0.06,0.78
2025-08-09T19:31:00.000,0.85,85.56,0.07,0.85
2025-08-09T19:32:00.000,0.79,87.25,0.04,0.79
2025-08-09T19:33:00.000,0.75,88.19,0.02,0.75
2025-08-09T19:34:00.000,0.74,88.34,0.02,0.74
2025-08-09T19:35:00.000,0.73,88.56,0.02,0.73
2025-08-09T19:36:00.000,0.74,91.32,-0.02,0.74
2025-08-09T19:37:00.000,0.75,92.96,-0.04,0.74
2025-08-09T19:38:00.000,0.78,92.47,-0.03,0.78
2025-08-09T19:39:00.000,0.81,91.84,-0.03,0.81
2025-08-09T19:40:00.000,0.84,91.24,-0.02,0.84
2025-08-09T19:41:00.000,0.89,90.56,-0.01,0.88
2025-08-09T19:42:00.000,0.86,89.76,0.00,0.86
2025-08-09T19:43:00.000,0.80,90.40,-0.01,0.80
2025-08-09T19:44:00.000,0.72,91.90,-0.02,0.72
2025-08-09T19:45:00.000,0.72,94.57,-0.06,0.71
2025-08-09T19:46:00.000,0.74,98.92,-0.11,0.73
2025-08-09T19:47:00.000,0.73,93.06,-0.04,0.73
2025-08-09T19:48:00.000,0.71,90.49,-0.01,0.71
2025-08-09T19:49:00.000,0.72,90.65,-0.01,0.72
2025-08-09T19:50:00.000,0.73,90.95,-0.01,0.73
2025-08-09T19:51:00.000,0.74,89.50,0.01,0.74
2025-08-09T19:52:00.000,0.74,88.95,0.01,0.74
2025-08-09T19:53:00.000,0.72,88.76,0.02,0.72
2025-08-09T19:54:00.000,0.71,89.39,0.01,0.71
2025-08-09T19:55:00.000,0.71,91.30,-0.02,0.71
2025-08-09T19:56:00.000,0.73,92.18,-0.03,0.73
2025-08-09T19:57:00.000,0.73,92.14,-0.03,0.73
2025-08-09T19:58:00.000,0.71,91.78,-0.02,0.71
2025-08-09T19:59:00.000,0.71,90.49,-0.01,0.71
2025-08-09T20:00:00.000,0.72,90.56,-0.01,0.72
2025-08-09T20:01:00.000,0.76,89.47,0.01,0.76
2025-08-09T20:02:00.000,0.78,86.02,0.05,0.77
2025-08-09T20:03:00.000,0.75,89.64,0.00,0.75
2025-08-09T20:04:00.000,0.72,92.60,-0.03,0.72
2025-08-09T20:05:00.000,0.70,90.05,-0.00,0.70
2025-08-09T20:06:00.000,0.70,88.74,0.02,0.70
2025-08-09T20:07:00.000,0.70,93.00,-0.04,0.70
2025-08-09T20:08:00.000,0.71,91.72,-0.02,0.71
2025-08-09T20:09:00.000,0.69,90.99,-0.01,0.69
2025-08-09T20:10:00.000,0.71,89.76,0.00,0.71
2025-08-09T20:11:00.000,0.70,88.95,0.01,0.70
2025-08-09T20:12:00.000,0.69,88.47,0.02,0.69
2025-08-09T20:13:00.000,0.70,88.75,0.02,0.70
2025-08-09T20:14:00.000,0.72,88.26,0.02,0.72
2025-08-09T20:15:00.000,0.72,90.38,-0.00,0.72
2025-08-09T20:16:00.000,0.73,90.25,-0.00,0.73
2025-08-09T20:17:00.000,0.76,93.02,-0.04,0.76
2025-08-09T20:18:00.000,0.72,94.46,-0.06,0.72
2025-08-09T20:19:00.000,0.73,94.53,-0.06,0.73
2025-08-09T20:20:00.000,0.71,95.16,-0.06,0.71
2025-08-09T20:21:00.000,0.69,89.68,0.00,0.69
2025-08-09T20:22:00.000,0.72,91.32,-0.02,0.72
2025-08-09T20:23:00.000,0.69,92.30,-0.03,0.69
2025-08-09T20:24:00.000,0.70,90.89,-0.01,0.70
2025-08-09T20:25:00.000,0.69,92.48,-0.03,0.69
2025-08-09T20:26:00.000,0.69,96.05,-0.07,0.68
2025-08-09T20:27:00.000,0.64,87.93,0.02,0.64
2025-08-09T20:28:00.000,0.67,91.09,-0.01,0.67
2025-08-09T20:29:00.000,0.69,90.67,-0.01,0.69
2025-08-09T20:30:00.000,0.63,89.53,0.01,0.63
2025-08-09T20:31:00.000,0.67,92.42,-0.03,0.67
2025-08-09T20:32:00.000,0.67,90.22,-0.00,0.67
2025-08-09T20:33:00.000,0.67,91.02,-0.01,0.67
2025-08-09T20:34:00.000,0.64,89.77,0.00,0.64
2025-08-09T20:35:00.000,0.62,89.80,0.00,0.62
2025-08-09T20:36:00.000,0.62,87.29,0.03,0.62
2025-08-09T20:37:00.000,0.58,84.14,0.06,0.58
2025-08-09T20:38:00.000,0.62,87.48,0.03,0.62
2025-08-09T20:39:00.000,0.59,80.44,0.10,0.58
2025-08-09T20:40:00.000,0.50,76.64,0.12,0.49
2025-08-09T20:41:00.000,0.50,67.84,0.19,0.47
2025-08-09T20:42:00.000,0.60,82.53,0.08,0.60
2025-08-09T20:43:00.000,0.63,86.80,0.03,0.63
2025-08-09T20:44:00.000,0.63,89.71,0.00,0.63
2025-08-09T20:45:00.000,0.58,85.86,0.04,0.58
2025-08-09T20:46:00.000,0.54,85.05,0.05,0.54
2025-08-09T20:47:00.000,0.59,86.32,0.04,0.59
2025-08-09T20:48:00.000,0.57,91.03,-0.01,0.57
2025-08-09T20:49:00.000,0.65,90.25,-0.00,0.65
2025-08-09T20:50:00.000,0.62,86.01,0.04,0.62
2025-08-09T20:51:00.000,0.63,88.29,0.02,0.63
2025-08-09T20:52:00.000,0.64,89.57,0.00,0.64
2025-08-09T20:53:00.000,0.64,87.04,0.03,0.64
2025-08-09T20:54:00.000,0.66,91.44,-0.02,0.66
2025-08-09T20:55:00.000,0.64,91.09,-0.01,0.64
2025-08-09T20:56:00.000,0.61,88.23,0.02,0.61
2025-08-09T20:57:00.000,0.64,91.67,-0.02,0.64
2025-08-09T20:58:00.000,0.67,98.26,-0.10,0.66
2025-08-09T20:59:00.000,0.65,95.75,-0.07,0.65
2025-08-09T21:00:00.000,0.70,104.76,-0.18,0.68
2025-08-09T21:01:00.000,0.70,105.74,-0.19,0.68
2025-08-09T21:02:00.000,0.64,99.25,-0.10,0.63
2025-08-09T21:03:00.000,0.62,92.62,-0.03,0.62
2025-08-09T21:04:00.000,0.60,91.23,-0.01,0.60
2025-08-09T21:05:00.000,0.67,93.04,-0.04,0.67
2025-08-09T21:06:00.000,0.67,93.80,-0.04,0.66
2025-08-09T21:07:00.000,0.65,90.56,-0.01,0.65
2025-08-09T21:08:00.000,0.66,90.27,-0.00,0.66
2025-08-09T21:09:00.000,0.68,91.19,-0.01,0.68
2025-08-09T21:10:00.000,0.63,87.54,0.03,0.63
2025-08-09T21:11:00.000,0.64,89.42,0.01,0.64
2025-08-09T21:12:00.000,0.66,90.01,-0.00,0.66
2025-08-09T21:13:00.000,0.62,89.21,0.01,0.62
2025-08-09T21:14:00.000,0.61,88.52,0.02,0.61
2025-08-09T21:15:00.000,0.64,88.94,0.01,0.64
2025-08-09T21:16:00.000,0.56,82.29,0.08,0.56
2025-08-09T21:17:00.000,0.63,87.21,0.03,0.63
2025-08-09T21:18:00.000,0.60,85.71,0.05,0.60
2025-08-09T21:19:00.000,0.67,87.00,0.04,0.67
2025-08-09T21:20:00.000,0.64,86.00,0.04,0.64
2025-08-09T21:21:00.000,0.67,89.16,0.01,0.67
2025-08-09T21:22:00.000,0.62,86.88,0.03,0.62
2025-08-09T21:23:00.000,0.60,88.33,0.02,0.60
2025-08-09T21:24:00.000,0.62,87.78,0.02,0.62
2025-08-09T21:25:00.000,0.65,92.99,-0.03,0.65
2025-08-09T21:26:00.000,0.64,90.58,-0.01,0.64
2025-08-09T21:27:00.000,0.64,88.98,0.01,0.64
2025-08-09T21:28:00.000,0.63,86.38,0.04,0.63
2025-08-09T21:29:00.000,0.67,88.64,0.02,0.67
2025-08-09T21:30:00.000,0.67,87.36,0.03,0.67
2025-08-09T21:31:00.000,0.66,83.26,0.08,0.65
2025-08-09T21:32:00.000,0.67,88.23,0.02,0.67
2025-08-09T21:33:00.000,0.68,87.51,0.03,0.68
2025-08-09T21:34:00.000,0.67,81.82,0.10,0.66
2025-08-09T21:35:00.000,0.69,85.24,0.06,0.69
2025-08-09T21:36:00.000,0.68,83.18,0.08,0.67
2025-08-09T21:37:00.000,0.68,85.13,0.06,0.67
2025-08-09T21:38:00.000,0.73,87.63,0.03,0.73
2025-08-09T21:39:00.000,0.71,83.23,0.08,0.70
2025-08-09T21:40:00.000,0.74,87.15,0.04,0.74
2025-08-09T21:41:00.000,0.75,85.99,0.05,0.74
2025-08-09T21:42:00.000,0.78,82.49,0.10,0.77
2025-08-09T21:43:00.000,0.75,84.85,0.07,0.75
2025-08-09T21:44:00.000,0.73,85.00,0.06,0.72
2025-08-09T21:45:00.000,0.72,87.33,0.03,0.72
2025-08-09T21:46:00.000,0.71,86.62,0.04,0.71
2025-08-09T21:47:00.000,0.72,88.31,0.02,0.72
2025-08-09T21:48:00.000,0.71,87.59,0.03,0.71
2025-08-09T21:49:00.000,0.70,87.72,0.03,0.70
2025-08-09T21:50:00.000,0.70,88.08,0.02,0.70
2025-08-09T21:51:00.000,0.70,87.57,0.03,0.70
2025-08-09T21:52:00.000,0.70,88.60,0.02,0.70
2025-08-09T21:53:00.000,0.70,89.07,0.01,0.70
2025-08-09T21:54:00.000,0.70,88.20,0.02,0.70
2025-08-09T21:55:00.000,0.68,88.33,0.02,0.68
2025-08-09T21:56:00.000,0.68,88.10,0.02,0.68
2025-08-09T21:57:00.000,0.69,89.35,0.01,0.69
2025-08-09T21:58:00.000,0.68,88.48,0.02,0.68
2025-08-09T21:59:00.000,0.68,88.51,0.02,0.68
2025-08-09T22:00:00.000,0.69,87.49,0.03,0.69
2025-08-09T22:01:00.000,0.70,87.48,0.03,0.70
2025-08-09T22:02:00.000,0.72,86.67,0.04,0.71
2025-08-09T22:03:00.000,0.70,87.17,0.03,0.70
2025-08-09T22:04:00.000,0.71,87.58,0.03,0.71
2025-08-09T22:05:00.000,0.71,87.37,0.03,0.71
2025-08-09T22:06:00.000,0.70,87.67,0.03,0.70
2025-08-09T22:07:00.000,0.70,87.73,0.03,0.70
2025-08-09T22:08:00.000,0.70,86.81,0.04,0.70
2025-08-09T22:09:00.000,0.71,86.82,0.04,0.71
2025-08-09T22:10:00.000,0.70,87.49,0.03,0.70
2025-08-09T22:11:00.000,0.69,88.74,0.02,0.69
2025-08-09T22:12:00.000,0.70,89.54,0.01,0.70
2025-08-09T22:13:00.000,0.69,89.34,0.01,0.69
2025-08-09T22:14:00.000,0.69,89.74,0.00,0.69
2025-08-09T22:15:00.000,0.69,89.07,0.01,0.69
2025-08-09T22:16:00.000,0.69,88.94,0.01,0.69
2025-08-09T22:17:00.000,0.69,89.04,0.01,0.69
2025-08-09T22:18:00.000,0.68,89.42,0.01,0.68
2025-08-09T22:19:00.000,0.67,89.14,0.01,0.67
2025-08-09T22:20:00.000,0.64,86.76,0.04,0.64
2025-08-09T22:21:00.000,0.66,88.07,0.02,0.66
2025-08-09T22:22:00.000,0.66,85.78,0.05,0.66
2025-08-09T22:23:00.000,0.67,84.67,0.06,0.67
2025-08-09T22:24:00.000,0.68,84.26,0.07,0.67
2025-08-09T22:25:00.000,0.69,84.12,0.07,0.68
2025-08-09T22:26:00.000,0.70,83.10,0.08,0.69
2025-08-09T22:27:00.000,0.69,85.32,0.06,0.69
2025-08-09T22:28:00.000,0.68,83.35,0.08,0.67
2025-08-09T22:29:00.000,0.67,83.01,0.08,0.67
2025-08-09T22:30:00.000,0.68,83.78,0.07,0.67
2025-08-09T22:31:00.000,0.67,85.09,0.06,0.67
2025-08-09T22:32:00.000,0.67,87.74,0.03,0.67
2025-08-09T22:33:00.000,0.67,88.23,0.02,0.67
2025-08-09T22:34:00.000,0.65,87.42,0.03,0.65
2025-08-09T22:35:00.000,0.67,87.78,0.03,0.67
2025-08-09T22:36:00.000,0.68,87.91,0.02,0.68
2025-08-09T22:37:00.000,0.69,87.83,0.03,0.69
2025-08-09T22:38:00.000,0.69,88.15,0.02,0.69
2025-08-09T22:39:00.000,0.68,87.23,0.03,0.68
2025-08-09T22:40:00.000,0.68,87.17,0.03,0.68
2025-08-09T22:41:00.000,0.68,87.21,0.03,0.68
2025-08-09T22:42:00.000,0.69,87.38,0.03,0.69
2025-08-09T22:43:00.000,0.67,86.47,0.04,0.67
2025-08-09T22:44:00.000,0.67,85.80,0.05,0.67
2025-08-09T22:45:00.000,0.67,85.81,0.05,0.67
2025-08-09T22:46:00.000,0.69,85.65,0.05,0.68
2025-08-09T22:47:00.000,0.70,86.54,0.04,0.70
2025-08-09T22:48:00.000,0.70,86.16,0.05,0.70
2025-08-09T22:49:00.000,0.72,87.19,0.04,0.72
2025-08-09T22:50:00.000,0.74,89.38,0.01,0.74
2025-08-09T22:51:00.000,0.71,88.55,0.02,0.71
2025-08-09T22:52:00.000,0.69,88.92,0.01,0.69
2025-08-09T22:53:00.000,0.69,89.03,0.01,0.69
2025-08-09T22:54:00.000,0.68,87.63,0.03,0.68
2025-08-09T22:55:00.000,0.69,87.42,0.03,0.69
2025-08-09T22:56:00.000,0.72,88.85,0.01,0.72
2025-08-09T22:57:00.000,0.69,88.21,0.02,0.69
2025-08-09T22:58:00.000,0.69,88.41,0.02,0.69
2025-08-09T22:59:00.000,0.69,88.27,0.02,0.69
2025-08-09T23:00:00.000,0.69,88.88,0.01,0.69
2025-08-09T23:01:00.000,0.70,88.83,0.01,0.70
2025-08-09T23:02:00.000,0.70,89.59,0.01,0.70
2025-08-09T23:03:00.000,0.69,89.28,0.01,0.69
2025-08-09T23:04:00.000,0.68,89.21,0.01,0.68
2025-08-09T23:05:00.000,0.68,88.57,0.02,0.68
2025-08-09T23:06:00.000,0.69,89.22,0.01,0.69
2025-08-09T23:07:00.000,0.68,89.23,0.01,0.68
2025-08-09T23:08:00.000,0.69,89.29,0.01,0.69
2025-08-09T23:09:00.000,0.69,88.03,0.02,0.69
2025-08-09T23:10:00.000,0.69,88.30,0.02,0.69
2025-08-09T23:11:00.000,0.70,88.46,0.02,0.70
2025-08-09T23:12:00.000,0.68,87.04,0.03,0.68
2025-08-09T23:13:00.000,0.64,86.86,0.03,0.63
2025-08-09T23:14:00.000,0.66,88.35,0.02,0.66
2025-08-09T23:15:00.000,0.66,89.44,0.01,0.66
2025-08-09T23:16:00.000,0.63,87.76,0.02,0.63
2025-08-09T23:17:00.000,0.63,87.13,0.03,0.63
2025-08-09T23:18:00.000,0.63,88.97,0.01,0.63
2025-08-09T23:19:00.000,0.63,88.73,0.01,0.63
2025-08-09T23:20:00.000,0.63,87.81,0.02,0.63
2025-08-09T23:21:00.000,0.66,87.84,0.02,0.66
2025-08-09T23:22:00.000,0.66,87.31,0.03,0.66
2025-08-09T23:23:00.000,0.67,87.77,0.03,0.67
2025-08-09T23:24:00.000,0.67,88.44,0.02,0.67
2025-08-09T23:25:00.000,0.66,87.88,0.02,0.66
2025-08-09T23:26:00.000,0.67,88.88,0.01,0.67
2025-08-09T23:27:00.000,0.67,88.58,0.02,0.67
2025-08-09T23:28:00.000,0.68,88.83,0.01,0.68
2025-08-09T23:29:00.000,0.69,88.92,0.01,0.69
2025-08-09T23:30:00.000,0.68,87.84,0.03,0.68
2025-08-09T23:31:00.000,0.69,88.09,0.02,0.69
2025-08-09T23:32:00.000,0.69,87.39,0.03,0.69
2025-08-09T23:33:00.000,0.69,88.08,0.02,0.69
2025-08-09T23:34:00.000,0.69,88.39,0.02,0.68
2025-08-09T23:35:00.000,0.68,87.84,0.03,0.68
2025-08-09T23:36:00.000,0.68,88.66,0.02,0.68
2025-08-09T23:37:00.000,0.69,88.12,0.02,0.69
2025-08-09T23:38:00.000,0.69,88.38,0.02,0.69
2025-08-09T23:39:00.000,0.69,87.52,0.03,0.69
2025-08-09T23:40:00.000,0.70,87.36,0.03,0.70
2025-08-09T23:41:00.000,0.70,88.62,0.02,0.70
2025-08-09T23:42:00.000,0.72,86.90,0.04,0.72
2025-08-09T23:43:00.000,0.72,87.15,0.04,0.72
2025-08-09T23:44:00.000,0.74,86.32,0.05,0.73
2025-08-09T23:45:00.000,0.73,87.66,0.03,0.73
2025-08-09T23:46:00.000,0.73,89.22,0.01,0.73
2025-08-09T23:47:00.000,0.74,84.73,0.07,0.73
2025-08-09T23:48:00.000,0.74,87.35,0.03,0.74
2025-08-09T23:49:00.000,0.75,85.92,0.05,0.75
2025-08-09T23:50:00.000,0.75,87.98,0.03,0.75
2025-08-09T23:51:00.000,0.74,86.43,0.05,0.73
2025-08-09T23:52:00.000,0.72,87.29,0.03,0.72
2025-08-09T23:53:00.000,0.71,89.35,0.01,0.71
2025-08-09T23:54:00.000,0.70,88.07,0.02,0.70
2025-08-09T23:55:00.000,0.70,87.85,0.03,0.70
2025-08-09T23:56:00.000,0.69,88.51,0.02,0.69
2025-08-09T23:57:00.000,0.70,87.05,0.04,0.70
2025-08-09T23:58:00.000,0.69,87.49,0.03,0.69
2025-08-09T23:59:00.000,0.69,87.41,0.03,0.69
2025-08-10T00:00:00.000,0.72,85.31,0.06,0.72
2025-08-10T00:01:00.000,0.72,85.52,0.06,0.72
2025-08-10T00:02:00.000,0.69,86.88,0.04,0.69
2025-08-10T00:03:00.000,0.72,85.67,0.05,0.72
2025-08-10T00:04:00.000,0.76,84.40,0.07,0.75
2025-08-10T00:05:00.000,0.74,84.64,0.07,0.73
2025-08-10T00:06:00.000,0.73,86.18,0.05,0.73
2025-08-10T00:07:00.000,0.70,87.62,0.03,0.70
2025-08-10T00:08:00.000,0.70,86.92,0.04,0.70
2025-08-10T00:09:00.000,0.69,86.87,0.04,0.69
2025-08-10T00:10:00.000,0.70,86.49,0.04,0.70
2025-08-10T00:11:00.000,0.70,86.09,0.05,0.70
2025-08-10T00:12:00.000,0.70,84.93,0.06,0.70
2025-08-10T00:13:00.000,0.68,86.34,0.04,0.68
2025-08-10T00:14:00.000,0.68,85.72,0.05,0.68
2025-08-10T00:15:00.000,0.68,85.99,0.05,0.68
2025-08-10T00:16:00.000,0.66,86.87,0.04,0.66
2025-08-10T00:17:00.000,0.67,85.55,0.05,0.67
2025-08-10T00:18:00.000,0.66,87.08,0.03,0.66
2025-08-10T00:19:00.000,0.66,86.30,0.04,0.66
2025-08-10T00:20:00.000,0.67,86.69,0.04,0.67
2025-08-10T00:21:00.000,0.67,87.04,0.03,0.67
2025-08-10T00:22:00.000,0.69,85.82,0.05,0.69
2025-08-10T00:23:00.000,0.71,85.85,0.05,0.70
2025-08-10T00:24:00.000,0.74,84.07,0.08,0.74
2025-08-10T00:25:00.000,0.76,84.96,0.07,0.75
2025-08-10T00:26:00.000,0.74,82.93,0.09,0.73
2025-08-10T00:27:00.000,0.71,85.51,0.06,0.71
2025-08-10T00:28:00.000,0.68,86.12,0.05,0.68
2025-08-10T00:29:00.000,0.69,86.95,0.04,0.69
2025-08-10T00:30:00.000,0.68,87.16,0.03,0.68
2025-08-10T00:31:00.000,0.69,86.43,0.04,0.69
2025-08-10T00:32:00.000,0.72,86.42,0.05,0.72
2025-08-10T00:33:00.000,0.76,85.34,0.06,0.75
2025-08-10T00:34:00.000,0.75,85.90,0.05,0.74
2025-08-10T00:35:00.000,0.78,82.75,0.10,0.77
2025-08-10T00:36:00.000,0.80,82.80,0.10,0.79
2025-08-10T00:37:00.000,0.81,82.62,0.10,0.81
2025-08-10T00:38:00.000,0.78,84.99,0.07,0.78
2025-08-10T00:39:00.000,0.75,85.27,0.06,0.75
2025-08-10T00:40:00.000,0.73,86.69,0.04,0.73
2025-08-10T00:41:00.000,0.78,85.80,0.06,0.78
2025-08-10T00:42:00.000,0.83,86.59,0.05,0.83
2025-08-10T00:43:00.000,0.85,84.87,0.08,0.84
2025-08-10T00:44:00.000,0.89,84.80,0.08,0.89
2025-08-10T00:45:00.000,0.93,84.79,0.08,0.92
2025-08-10T00:46:00.000,0.98,83.42,0.11,0.97
2025-08-10T00:47:00.000,1.00,83.34,0.12,0.99
2025-08-10T00:48:00.000,1.05,82.26,0.14,1.04
2025-08-10T00:49:00.000,0.99,85.17,0.08,0.99
2025-08-10T00:50:00.000,0.87,85.45,0.07,0.86
2025-08-10T00:51:00.000,0.93,87.60,0.04,0.93
2025-08-10T00:52:00.000,0.80,85.53,0.06,0.80
2025-08-10T00:53:00.000,0.71,88.32,0.02,0.71
2025-08-10T00:54:00.000,0.68,89.02,0.01,0.68
2025-08-10T00:55:00.000,0.66,90.27,-0.00,0.66
2025-08-10T00:56:00.000,0.68,90.49,-0.01,0.68
2025-08-10T00:57:00.000,0.66,89.63,0.00,0.66
2025-08-10T00:58:00.000,0.63,91.07,-0.01,0.63
2025-08-10T00:59:00.000,0.67,89.87,0.00,0.67
2025-08-10T01:00:00.000,0.67,88.86,0.01,0.67
2025-08-10T01:01:00.000,0.71,90.00,-0.00,0.71
2025-08-10T01:02:00.000,0.71,90.59,-0.01,0.71
2025-08-10T01:03:00.000,0.70,91.09,-0.01,0.70
2025-08-10T01:04:00.000,0.68,91.00,-0.01,0.68
2025-08-10T01:05:00.000,0.67,89.84,0.00,0.67
2025-08-10T01:06:00.000,0.66,88.39,0.02,0.66
2025-08-10T01:07:00.000,0.67,87.27,0.03,0.67
2025-08-10T01:08:00.000,0.67,87.39,0.03,0.67
2025-08-10T01:09:00.000,0.70,86.01,0.05,0.70
2025-08-10T01:10:00.000,0.67,85.75,0.05,0.67
2025-08-10T01:11:00.000,0.65,85.30,0.05,0.65
2025-08-10T01:12:00.000,0.64,85.95,0.05,0.64
2025-08-10T01:13:00.000,0.63,85.59,0.05,0.63
2025-08-10T01:14:00.000,0.63,85.68,0.05,0.62
2025-08-10T01:15:00.000,0.62,86.19,0.04,0.62
2025-08-10T01:16:00.000,0.63,86.30,0.04,0.63
2025-08-10T01:17:00.000,0.65,85.56,0.05,0.65
2025-08-10T01:18:00.000,0.67,83.68,0.07,0.67
2025-08-10T01:19:00.000,0.68,83.02,0.08,0.68
2025-08-10T01:20:00.000,0.70,83.41,0.08,0.70
2025-08-10T01:21:00.000,0.70,82.44,0.09,0.69
2025-08-10T01:22:00.000,0.75,82.11,0.10,0.74
2025-08-10T01:23:00.000,0.76,80.82,0.12,0.75
2025-08-10T01:24:00.000,0.82,80.04,0.14,0.81
2025-08-10T01:25:00.000,0.82,80.14,0.14,0.81
2025-08-10T01:26:00.000,0.99,80.17,0.17,0.97
2025-08-10T01:27:00.000,1.20,74.27,0.33,1.16
2025-08-10T01:28:00.000,1.37,71.74,0.43,1.30
2025-08-10T01:29:00.000,1.56,69.78,0.54,1.46
2025-08-10T01:30:00.000,1.73,67.16,0.67,1.59
2025-08-10T01:31:00.000,1.59,69.40,0.56,1.49
2025-08-10T01:32:00.000,1.54,73.06,0.45,1.47
2025-08-10T01:33:00.000,1.46,69.97,0.50,1.37
2025-08-10T01:34:00.000,1.40,71.62,0.44,1.33
2025-08-10T01:35:00.000,1.36,71.63,0.43,1.29
2025-08-10T01:36:00.000,1.41,71.40,0.45,1.34
2025-08-10T01:37:00.000,1.33,73.21,0.38,1.27
2025-08-10T01:38:00.000,1.28,74.93,0.33,1.23
2025-08-10T01:39:00.000,1.43,76.18,0.34,1.39
2025-08-10T01:40:00.000,1.46,71.70,0.46,1.39
2025-08-10T01:41:00.000,1.32,73.09,0.38,1.27
2025-08-10T01:42:00.000,1.17,73.54,0.33,1.12
2025-08-10T01:43:00.000,1.23,73.26,0.36,1.18
2025-08-10T01:44:00.000,1.11,74.08,0.30,1.06
2025-08-10T01:45:00.000,1.11,74.91,0.29,1.07
2025-08-10T01:46:00.000,1.12,73.60,0.32,1.07
2025-08-10T01:47:00.000,1.10,74.30,0.30,1.06
2025-08-10T01:48:00.000,1.20,73.20,0.35,1.15
2025-08-10T01:49:00.000,1.14,73.95,0.32,1.10
2025-08-10T01:50:00.000,1.08,75.30,0.28,1.05
2025-08-10T01:51:00.000,1.08,77.91,0.23,1.06
2025-08-10T01:52:00.000,1.08,76.73,0.25,1.05
2025-08-10T01:53:00.000,1.04,74.63,0.27,1.00
2025-08-10T01:54:00.000,0.99,76.52,0.23,0.96
2025-08-10T01:55:00.000,1.00,75.06,0.26,0.97
2025-08-10T01:56:00.000,0.93,76.22,0.22,0.90
2025-08-10T01:57:00.000,0.88,78.29,0.18,0.86
2025-08-10T01:58:00.000,0.90,80.44,0.15,0.89
2025-08-10T01:59:00.000,0.86,83.08,0.10,0.85
2025-08-10T02:00:00.000,0.89,83.49,0.10,0.89
2025-08-10T02:01:00.000,0.88,82.85,0.11,0.87
2025-08-10T02:02:00.000,0.89,83.70,0.10,0.88
2025-08-10T02:03:00.000,0.91,82.23,0.12,0.90
2025-08-10T02:04:00.000,0.85,81.51,0.13,0.84
2025-08-10T02:05:00.000,0.79,81.05,0.12,0.78
2025-08-10T02:06:00.000,0.80,81.95,0.11,0.79
2025-08-10T02:07:00.000,0.81,82.41,0.11,0.80
2025-08-10T02:08:00.000,0.82,83.28,0.10,0.82
2025-08-10T02:09:00.000,0.85,83.04,0.10,0.85
2025-08-10T02:10:00.000,0.85,82.18,0.12,0.84
2025-08-10T02:11:00.000,0.89,82.83,0.11,0.89
2025-08-10T02:12:00.000,0.90,82.71,0.11,0.89
2025-08-10T02:13:00.000,0.92,81.95,0.13,0.91
2025-08-10T02:14:00.000,0.90,80.93,0.14,0.89
2025-08-10T02:15:00.000,0.96,81.12,0.15,0.95
2025-08-10T02:16:00.000,0.96,81.16,0.15,0.95
2025-08-10T02:17:00.000,0.97,81.77,0.14,0.96
2025-08-10T02:18:00.000,0.98,83.03,0.12,0.97
2025-08-10T02:19:00.000,0.93,83.09,0.11,0.92
2025-08-10T02:20:00.000,0.98,82.75,0.12,0.97
2025-08-10T02:21:00.000,0.94,81.40,0.14,0.93
2025-08-10T02:22:00.000,0.96,81.89,0.14,0.95
2025-08-10T02:23:00.000,0.95,81.88,0.13,0.94
2025-08-10T02:24:00.000,0.89,82.70,0.11,0.88
2025-08-10T02:25:00.000,0.87,82.01,0.12,0.86
2025-08-10T02:26:00.000,0.90,81.49,0.13,0.89
2025-08-10T02:27:00.000,0.92,80.99,0.14,0.91
2025-08-10T02:28:00.000,0.98,81.64,0.14,0.97
2025-08-10T02:29:00.000,0.91,80.91,0.14,0.90
2025-08-10T02:30:00.000,0.89,80.54,0.15,0.88
2025-08-10T02:31:00.000,0.85,81.67,0.12,0.84
2025-08-10T02:32:00.000,0.87,82.05,0.12,0.86
2025-08-10T02:33:00.000,0.88,82.99,0.11,0.87
2025-08-10T02:34:00.000,0.88,82.39,0.12,0.87
2025-08-10T02:35:00.000,0.97,82.67,0.12,0.96
2025-08-10T02:36:00.000,0.99,80.45,0.16,0.97
2025-08-10T02:37:00.000,0.98,77.37,0.21,0.95
2025-08-10T02:38:00.000,0.96,77.15,0.21,0.94
2025-08-10T02:39:00.000,0.97,77.87,0.20,0.95
2025-08-10T02:40:00.000,0.99,75.58,0.25,0.96
2025-08-10T02:41:00.000,0.90,75.36,0.23,0.87
2025-08-10T02:42:00.000,0.93,76.66,0.21,0.90
2025-08-10T02:43:00.000,0.83,74.08,0.23,0.80
2025-08-10T02:44:00.000,0.86,75.19,0.22,0.84
2025-08-10T02:45:00.000,0.83,76.07,0.20,0.81
2025-08-10T02:46:00.000,0.74,78.21,0.15,0.72
2025-08-10T02:47:00.000,0.73,78.06,0.15,0.72
2025-08-10T02:48:00.000,0.79,78.21,0.16,0.78
2025-08-10T02:49:00.000,0.77,80.15,0.13,0.76
2025-08-10T02:50:00.000,0.84,78.20,0.17,0.82
2025-08-10T02:51:00.000,0.74,80.60,0.12,0.73
2025-08-10T02:52:00.000,0.75,80.69,0.12,0.74
2025-08-10T02:53:00.000,0.75,81.42,0.11,0.75
2025-08-10T02:54:00.000,0.72,81.51,0.11,0.71
2025-08-10T02:55:00.000,0.74,82.97,0.09,0.74
2025-08-10T02:56:00.000,0.74,82.51,0.10,0.73
2025-08-10T02:57:00.000,0.72,83.62,0.08,0.71
2025-08-10T02:58:00.000,0.75,85.28,0.06,0.74
2025-08-10T02:59:00.000,0.75,83.43,0.09,0.74
2025-08-10T03:00:00.000,0.77,83.97,0.08,0.76
2025-08-10T03:01:00.000,0.75,83.41,0.09,0.75
2025-08-10T03:02:00.000,0.77,83.48,0.09,0.76
2025-08-10T03:03:00.000,0.77,83.19,0.09,0.76
2025-08-10T03:04:00.000,0.77,82.91,0.10,0.77
2025-08-10T03:05:00.000,0.80,83.68,0.09,0.79
2025-08-10T03:06:00.000,0.77,83.42,0.09,0.77
2025-08-10T03:07:00.000,0.76,83.31,0.09,0.75
2025-08-10T03:08:00.000,0.76,82.83,0.09,0.75
2025-08-10T03:09:00.000,0.75,83.52,0.08,0.75
2025-08-10T03:10:00.000,0.75,82.75,0.10,0.75
2025-08-10T03:11:00.000,0.75,82.43,0.10,0.74
2025-08-10T03:12:00.000,0.74,82.51,0.10,0.74
2025-08-10T03:13:00.000,0.76,81.55,0.11,0.75
2025-08-10T03:14:00.000,0.72,81.03,0.11,0.71
2025-08-10T03:15:00.000,0.73,82.34,0.10,0.72
2025-08-10T03:16:00.000,0.71,83.35,0.08,0.71
2025-08-10T03:17:00.000,0.72,83.16,0.09,0.71
2025-08-10T03:18:00.000,0.71,82.22,0.10,0.70
2025-08-10T03:19:00.000,0.70,81.83,0.10,0.70
2025-08-10T03:20:00.000,0.68,81.54,0.10,0.68
2025-08-10T03:21:00.000,0.70,82.41,0.09,0.69
2025-08-10T03:22:00.000,0.68,82.07,0.09,0.67
2025-08-10T03:23:00.000,0.66,81.21,0.10,0.65
2025-08-10T03:24:00.000,0.68,81.98,0.10,0.68
2025-08-10T03:25:00.000,0.68,80.48,0.11,0.68
2025-08-10T03:26:00.000,0.62,80.07,0.11,0.61
2025-08-10T03:27:00.000,0.64,81.34,0.10,0.64
2025-08-10T03:28:00.000,0.65,81.48,0.10,0.65
2025-08-10T03:29:00.000,0.69,82.01,0.10,0.69
2025-08-10T03:30:00.000,0.69,82.59,0.09,0.69
2025-08-10T03:31:00.000,0.69,82.08,0.10,0.69
2025-08-10T03:32:00.000,0.70,82.29,0.09,0.70
2025-08-10T03:33:00.000,0.69,81.87,0.10,0.68
2025-08-10T03:34:00.000,0.71,81.54,0.10,0.70
2025-08-10T03:35:00.000,0.71,83.46,0.08,0.71
2025-08-10T03:36:00.000,0.72,83.19,0.08,0.71
2025-08-10T03:37:00.000,0.72,82.74,0.09,0.71
2025-08-10T03:38:00.000,0.73,83.21,0.09,0.72
2025-08-10T03:39:00.000,0.71,83.92,0.08,0.71
2025-08-10T03:40:00.000,0.72,83.94,0.08,0.72
2025-08-10T03:41:00.000,0.73,84.01,0.08,0.73
2025-08-10T03:42:00.000,0.75,85.90,0.05,0.75
2025-08-10T03:43:00.000,0.78,86.51,0.05,0.78
2025-08-10T03:44:00.000,0.80,86.66,0.05,0.80
2025-08-10T03:45:00.000,0.80,87.60,0.03,0.80
2025-08-10T03:46:00.000,0.75,86.52,0.05,0.75
2025-08-10T03:47:00.000,0.74,86.99,0.04,0.73
2025-08-10T03:48:00.000,0.75,87.96,0.03,0.75
2025-08-10T03:49:00.000,0.72,87.57,0.03,0.72
2025-08-10T03:50:00.000,0.73,87.93,0.03,0.73
2025-08-10T03:51:00.000,0.73,86.81,0.04,0.73
2025-08-10T03:52:00.000,0.69,88.92,0.01,0.69
2025-08-10T03:53:00.000,0.73,85.45,0.06,0.73
2025-08-10T03:54:00.000,0.73,86.14,0.05,0.73
2025-08-10T03:55:00.000,0.73,87.04,0.04,0.73
2025-08-10T03:56:00.000,0.71,86.61,0.04,0.71
2025-08-10T03:57:00.000,0.71,87.99,0.02,0.71
2025-08-10T03:58:00.000,0.71,87.37,0.03,0.71
2025-08-10T03:59:00.000,0.69,88.85,0.01,0.69
2025-08-10T04:00:00.000,0.71,88.51,0.02,0.70
2025-08-10T04:01:00.000,0.70,87.94,0.03,0.70
2025-08-10T04:02:00.000,0.71,87.70,0.03,0.71
2025-08-10T04:03:00.000,0.71,86.90,0.04,0.71
2025-08-10T04:04:00.000,0.73,85.94,0.05,0.73
2025-08-10T04:05:00.000,0.74,85.96,0.05,0.73
2025-08-10T04:06:00.000,0.73,85.89,0.05,0.73
2025-08-10T04:07:00.000,0.73,85.67,0.06,0.73
2025-08-10T04:08:00.000,0.72,86.76,0.04,0.72
2025-08-10T04:09:00.000,0.72,86.72,0.04,0.72
2025-08-10T04:10:00.000,0.72,86.53,0.04,0.72
2025-08-10T04:11:00.000,0.71,86.65,0.04,0.70
2025-08-10T04:12:00.000,0.71,86.45,0.04,0.71
2025-08-10T04:13:00.000,0.72,86.13,0.05,0.71
2025-08-10T04:14:00.000,0.74,85.00,0.06,0.73
2025-08-10T04:15:00.000,0.75,84.59,0.07,0.75
2025-08-10T04:16:00.000,0.74,84.92,0.07,0.74
2025-08-10T04:17:00.000,0.75,84.37,0.07,0.75
2025-08-10T04:18:00.000,0.76,84.31,0.08,0.76
2025-08-10T04:19:00.000,0.76,84.03,0.08,0.75
2025-08-10T04:20:00.000,0.75,83.37,0.09,0.74
2025-08-10T04:21:00.000,0.73,84.51,0.07,0.73
2025-08-10T04:22:00.000,0.74,84.60,0.07,0.74
2025-08-10T04:23:00.000,0.74,84.94,0.07,0.74
2025-08-10T04:24:00.000,0.75,84.60,0.07,0.74
2025-08-10T04:25:00.000,0.75,84.19,0.08,0.75
2025-08-10T04:26:00.000,0.75,83.72,0.08,0.75
2025-08-10T04:27:00.000,0.74,84.60,0.07,0.74
2025-08-10T04:28:00.000,0.76,83.58,0.09,0.76
2025-08-10T04:29:00.000,0.76,83.96,0.08,0.75
2025-08-10T04:30:00.000,0.74,84.94,0.07,0.74
2025-08-10T04:31:00.000,0.74,85.58,0.06,0.74
2025-08-10T04:32:00.000,0.74,85.30,0.06,0.74
2025-08-10T04:33:00.000,0.73,85.97,0.05,0.73
2025-08-10T04:34:00.000,0.74,85.96,0.05,0.74
2025-08-10T04:35:00.000,0.71,87.24,0.03,0.71
2025-08-10T04:36:00.000,0.73,86.93,0.04,0.73
2025-08-10T04:37:00.000,0.72,87.50,0.03,0.72
2025-08-10T04:38:00.000,0.75,86.62,0.04,0.74
2025-08-10T04:39:00.000,0.73,86.98,0.04,0.73
2025-08-10T04:40:00.000,0.74,86.41,0.05,0.74
2025-08-10T04:41:00.000,0.74,86.16,0.05,0.74
2025-08-10T04:42:00.000,0.74,86.44,0.05,0.74
2025-08-10T04:43:00.000,0.74,87.23,0.04,0.74
2025-08-10T04:44:00.000,0.72,87.07,0.04,0.72
2025-08-10T04:45:00.000,0.72,86.71,0.04,0.72
2025-08-10T04:46:00.000,0.72,86.79,0.04,0.71
2025-08-10T04:47:00.000,0.71,85.96,0.05,0.71
2025-08-10T04:48:00.000,0.72,85.99,0.05,0.72
2025-08-10T04:49:00.000,0.73,85.69,0.05,0.72
2025-08-10T04:50:00.000,0.72,86.06,0.05,0.72
2025-08-10T04:51:00.000,0.71,85.35,0.06,0.71
2025-08-10T04:52:00.000,0.70,86.32,0.04,0.70
2025-08-10T04:53:00.000,0.68,86.08,0.05,0.68
2025-08-10T04:54:00.000,0.67,85.53,0.05,0.67
2025-08-10T04:55:00.000,0.69,85.75,0.05,0.68
2025-08-10T04:56:00.000,0.67,85.50,0.05,0.67
2025-08-10T04:57:00.000,0.66,86.06,0.05,0.66
2025-08-10T04:58:00.000,0.71,84.94,0.06,0.71
2025-08-10T04:59:00.000,0.68,84.80,0.06,0.68
2025-08-10T05:00:00.000,0.71,84.36,0.07,0.70
2025-08-10T05:01:00.000,0.68,84.60,0.06,0.68
2025-08-10T05:02:00.000,0.71,83.77,0.08,0.70
2025-08-10T05:03:00.000,0.68,84.74,0.06,0.68
2025-08-10T05:04:00.000,0.70,85.04,0.06,0.70
2025-08-10T05:05:00.000,0.68,86.61,0.04,0.68
2025-08-10T05:06:00.000,0.67,85.08,0.06,0.67
2025-08-10T05:07:00.000,0.70,84.49,0.07,0.70
2025-08-10T05:08:00.000,0.70,84.82,0.06,0.70
2025-08-10T05:09:00.000,0.72,84.80,0.07,0.71
2025-08-10T05:10:00.000,0.72,83.27,0.08,0.72
2025-08-10T05:11:00.000,0.74,83.43,0.08,0.74
2025-08-10T05:12:00.000,0.76,83.58,0.08,0.75
2025-08-10T05:13:00.000,0.77,81.44,0.11,0.76
2025-08-10T05:14:00.000,0.74,84.26,0.07,0.73
2025-08-10T05:15:00.000,0.77,81.14,0.12,0.76
2025-08-10T05:16:00.000,0.73,83.19,0.09,0.73
2025-08-10T05:17:00.000,0.74,83.03,0.09,0.74
2025-08-10T05:18:00.000,0.72,83.83,0.08,0.72
2025-08-10T05:19:00.000,0.76,82.87,0.09,0.75
2025-08-10T05:20:00.000,0.74,83.65,0.08,0.73
2025-08-10T05:21:00.000,0.78,81.98,0.11,0.77
2025-08-10T05:22:00.000,0.80,83.29,0.09,0.79
2025-08-10T05:23:00.000,0.76,82.89,0.09,0.76
2025-08-10T05:24:00.000,0.80,80.62,0.13,0.79
2025-08-10T05:25:00.000,0.73,79.28,0.14,0.72
2025-08-10T05:26:00.000,0.75,85.16,0.06,0.75
2025-08-10T05:27:00.000,0.75,83.93,0.08,0.74
2025-08-10T05:28:00.000,0.74,83.80,0.08,0.74
2025-08-10T05:29:00.000,0.74,83.73,0.08,0.74
2025-08-10T05:30:00.000,0.74,83.87,0.08,0.74
2025-08-10T05:31:00.000,0.75,84.34,0.07,0.75
2025-08-10T05:32:00.000,0.75,83.71,0.08,0.74
2025-08-10T05:33:00.000,0.76,83.99,0.08,0.75
2025-08-10T05:34:00.000,0.74,83.97,0.08,0.74
2025-08-10T05:35:00.000,0.72,83.95,0.08,0.72
2025-08-10T05:36:00.000,0.73,83.87,0.08,0.73
2025-08-10T05:37:00.000,0.69,84.85,0.06,0.69
2025-08-10T05:38:00.000,0.68,85.05,0.06,0.68
2025-08-10T05:39:00.000,0.68,85.47,0.05,0.68
2025-08-10T05:40:00.000,0.58,86.11,0.04,0.58
2025-08-10T05:41:00.000,0.63,86.31,0.04,0.62
2025-08-10T05:42:00.000,0.63,84.93,0.06,0.63
2025-08-10T05:43:00.000,0.58,86.31,0.04,0.58
2025-08-10T05:44:00.000,0.58,84.88,0.05,0.58
2025-08-10T05:45:00.000,0.60,85.18,0.05,0.60
2025-08-10T05:46:00.000,0.64,84.14,0.07,0.64
2025-08-10T05:47:00.000,0.59,83.95,0.06,0.58
2025-08-10T05:48:00.000,0.61,84.08,0.06,0.60
2025-08-10T05:49:00.000,0.50,87.17,0.02,0.50
2025-08-10T05:50:00.000,0.55,84.54,0.05,0.55
2025-08-10T05:51:00.000,0.49,85.67,0.04,0.49
2025-08-10T05:52:00.000,0.62,242.43,-0.29,-0.55
2025-08-10T05:53:00.000,0.04,127.56,-0.03,0.04
2025-08-10T05:54:00.000,0.04,112.17,-0.01,0.04
2025-08-10T05:55:00.000,0.18,82.05,0.02,0.17
2025-08-10T05:56:00.000,0.22,81.35,0.03,0.22
2025-08-10T05:57:00.000,0.22,77.37,0.05,0.21
2025-08-10T05:58:00.000,0.24,83.21,0.03,0.24
2025-08-10T05:59:00.000,0.24,81.68,0.03,0.23
2025-08-10T06:00:00.000,0.26,84.75,0.02,0.25
2025-08-10T06:01:00.000,0.22,86.45,0.01,0.22
2025-08-10T06:02:00.000,0.23,86.84,0.01,0.23
2025-08-10T06:03:00.000,0.24,90.25,-0.00,0.24
2025-08-10T06:04:00.000,0.20,94.99,-0.02,0.20
2025-08-10T06:05:00.000,0.28,86.84,0.02,0.28
2025-08-10T06:06:00.000,0.27,88.82,0.01,0.27
2025-08-10T06:07:00.000,0.32,85.34,0.03,0.32
2025-08-10T06:08:00.000,0.31,86.41,0.02,0.31
2025-08-10T06:09:00.000,0.32,84.52,0.03,0.32
2025-08-10T06:10:00.000,0.32,85.94,0.02,0.32
2025-08-10T06:11:00.000,0.30,85.04,0.03,0.30
2025-08-10T06:12:00.000,0.30,89.48,0.00,0.30
2025-08-10T06:13:00.000,0.30,89.15,0.00,0.30
2025-08-10T06:14:00.000,0.22,99.85,-0.04,0.22
2025-08-10T06:15:00.000,0.28,96.71,-0.03,0.27
2025-08-10T06:16:00.000,0.27,98.14,-0.04,0.27
2025-08-10T06:17:00.000,0.30,90.49,-0.00,0.30
2025-08-10T06:18:00.000,0.33,90.10,-0.00,0.33
2025-08-10T06:19:00.000,0.32,91.31,-0.01,0.32
2025-08-10T06:20:00.000,0.33,92.03,-0.01,0.33
2025-08-10T06:21:00.000,0.28,96.06,-0.03,0.28
2025-08-10T06:22:00.000,0.30,94.29,-0.02,0.30
2025-08-10T06:23:00.000,0.26,99.07,-0.04,0.25
2025-08-10T06:24:00.000,0.24,102.10,-0.05,0.23
2025-08-10T06:25:00.000,0.23,103.83,-0.05,0.22
2025-08-10T06:26:00.000,0.22,108.23,-0.07,0.21
2025-08-10T06:27:00.000,0.26,102.20,-0.06,0.26
2025-08-10T06:28:00.000,0.30,96.19,-0.03,0.30
2025-08-10T06:29:00.000,0.30,95.44,-0.03,0.30
2025-08-10T06:30:00.000,0.31,94.00,-0.02,0.31
2025-08-10T06:31:00.000,0.34,91.94,-0.01,0.34
2025-08-10T06:32:00.000,0.35,89.95,0.00,0.35
2025-08-10T06:33:00.000,0.30,94.07,-0.02,0.30
2025-08-10T06:34:00.000,0.31,90.91,-0.00,0.31
2025-08-10T06:35:00.000,0.26,91.87,-0.01,0.26
2025-08-10T06:36:00.000,0.24,93.19,-0.01,0.24
2025-08-10T06:37:00.000,0.25,90.79,-0.00,0.25
2025-08-10T06:38:00.000,0.23,93.27,-0.01,0.23
2025-08-10T06:39:00.000,0.24,90.81,-0.00,0.24
2025-08-10T06:40:00.000,0.27,89.08,0.00,0.27
2025-08-10T06:41:00.000,0.22,88.34,0.01,0.22
2025-08-10T06:42:00.000,0.21,84.21,0.02,0.21
2025-08-10T06:43:00.000,0.22,83.87,0.02,0.21
2025-08-10T06:44:00.000,0.09,80.88,0.01,0.09
2025-08-10T06:45:00.000,0.09,89.38,0.00,0.09
2025-08-10T06:46:00.000,0.07,80.05,0.01,0.07
2025-08-10T06:47:00.000,0.02,188.21,-0.02,-0.00
2025-08-10T06:48:00.000,0.05,90.27,-0.00,0.05
2025-08-10T06:49:00.000,0.03,99.94,-0.01,0.03
2025-08-10T06:50:00.000,0.03,264.09,-0.00,-0.03
2025-08-10T06:51:00.000,0.04,286.65,0.01,-0.04
2025-08-10T06:52:00.000,0.05,302.80,0.03,-0.05
2025-08-10T06:53:00.000,0.08,277.23,0.01,-0.07
2025-08-10T06:54:00.000,0.10,301.72,0.05,-0.08
2025-08-10T06:55:00.000,0.08,274.11,0.01,-0.08
2025-08-10T06:56:00.000,0.09,271.14,0.00,-0.09
2025-08-10T06:57:00.000,0.18,264.72,-0.02,-0.18
2025-08-10T06:58:00.000,0.08,276.50,0.01,-0.08
2025-08-10T06:59:00.000,0.18,263.16,-0.02,-0.18
2025-08-10T07:00:00.000,0.16,284.03,0.04,-0.15
2025-08-10T07:01:00.000,0.08,290.15,0.03,-0.08
2025-08-10T07:02:00.000,0.04,298.30,0.02,-0.04
2025-08-10T07:03:00.000,0.07,287.77,0.02,-0.07
2025-08-10T07:04:00.000,0.12,285.53,0.03,-0.12
2025-08-10T07:05:00.000,0.18,277.33,0.02,-0.18
2025-08-10T07:06:00.000,0.19,264.90,-0.02,-0.19
2025-08-10T07:07:00.000,0.26,261.18,-0.04,-0.26
2025-08-10T07:08:00.000,0.21,260.64,-0.03,-0.21
2025-08-10T07:09:00.000,0.32,250.59,-0.11,-0.30
2025-08-10T07:10:00.000,0.21,255.04,-0.05,-0.20
2025-08-10T07:11:00.000,0.14,245.94,-0.06,-0.13
2025-08-10T07:12:00.000,0.03,313.71,0.02,-0.02
2025-08-10T07:13:00.000,0.08,86.03,0.01,0.08
2025-08-10T07:14:00.000,0.09,57.63,0.05,0.08
2025-08-10T07:15:00.000,0.11,66.45,0.04,0.10
2025-08-10T07:16:00.000,0.10,56.53,0.06,0.09
2025-08-10T07:17:00.000,0.19,87.44,0.01,0.19
2025-08-10T07:18:00.000,0.20,86.05,0.01,0.20
2025-08-10T07:19:00.000,0.13,101.27,-0.02,0.12
2025-08-10T07:20:00.000,0.03,128.36,-0.02,0.02
2025-08-10T07:21:00.000,0.03,213.73,-0.03,-0.02
2025-08-10T07:22:00.000,0.12,94.74,-0.01,0.12
2025-08-10T07:23:00.000,0.08,89.72,0.00,0.08
2025-08-10T07:24:00.000,0.15,81.63,0.02,0.15
2025-08-10T07:25:00.000,0.18,91.14,-0.00,0.18
2025-08-10T07:26:00.000,0.20,85.88,0.01,0.20
2025-08-10T07:27:00.000,0.12,85.87,0.01,0.12
2025-08-10T07:28:00.000,0.09,79.72,0.02,0.09
2025-08-10T07:29:00.000,0.02,94.30,-0.00,0.02
2025-08-10T07:30:00.000,0.04,117.13,-0.02,0.04
2025-08-10T07:31:00.000,0.08,204.48,-0.07,-0.03
2025-08-10T07:32:00.000,0.07,197.97,-0.07,-0.02
2025-08-10T07:33:00.000,0.07,198.95,-0.07,-0.02
2025-08-10T07:34:00.000,0.05,179.98,-0.05,0.00
2025-08-10T07:35:00.000,0.07,130.71,-0.05,0.05
2025-08-10T07:36:00.000,0.07,107.29,-0.02,0.07
2025-08-10T07:37:00.000,0.09,97.86,-0.01,0.09
2025-08-10T07:38:00.000,0.11,91.58,-0.00,0.11
2025-08-10T07:39:00.000,0.07,97.87,-0.01,0.07
2025-08-10T07:40:00.000,0.10,94.02,-0.01,0.10
2025-08-10T07:41:00.000,0.05,112.58,-0.02,0.05
2025-08-10T07:42:00.000,0.08,239.79,-0.04,-0.07
2025-08-10T07:43:00.000,0.13,240.86,-0.06,-0.11
2025-08-10T07:44:00.000,0.16,233.94,-0.09,-0.13
2025-08-10T07:45:00.000,0.34,236.45,-0.19,-0.28
2025-08-10T07:46:00.000,0.42,239.09,-0.21,-0.36
2025-08-10T07:47:00.000,0.23,230.25,-0.15,-0.18
2025-08-10T07:48:00.000,0.22,231.40,-0.14,-0.17
2025-08-10T07:49:00.000,0.21,236.97,-0.11,-0.17
2025-08-10T07:50:00.000,0.15,225.06,-0.10,-0.10
2025-08-10T07:51:00.000,0.12,222.52,-0.09,-0.08
2025-08-10T07:52:00.000,0.13,220.68,-0.10,-0.08
2025-08-10T07:53:00.000,0.12,228.75,-0.08,-0.09
2025-08-10T07:54:00.000,0.27,243.77,-0.12,-0.24
2025-08-10T07:55:00.000,0.36,245.38,-0.15,-0.33
2025-08-10T07:56:00.000,0.29,244.89,-0.12,-0.26
2025-08-10T07:57:00.000,0.50,249.79,-0.17,-0.47
2025-08-10T07:58:00.000,0.35,246.65,-0.14,-0.32
2025-08-10T07:59:00.000,0.41,245.84,-0.17,-0.38
2025-08-10T08:00:00.000,0.43,247.08,-0.17,-0.40
2025-08-10T08:01:00.000,0.33,244.31,-0.14,-0.30
2025-08-10T08:02:00.000,0.35,244.73,-0.15,-0.31
2025-08-10T08:03:00.000,0.49,247.58,-0.19,-0.45
2025-08-10T08:04:00.000,0.46,251.40,-0.15,-0.43
2025-08-10T08:05:00.000,0.51,250.69,-0.17,-0.48
2025-08-10T08:06:00.000,0.51,249.28,-0.18,-0.48
2025-08-10T08:07:00.000,0.63,248.14,-0.24,-0.59
2025-08-10T08:08:00.000,0.76,253.19,-0.22,-0.72
2025-08-10T08:09:00.000,0.67,251.16,-0.22,-0.63
2025-08-10T08:10:00.000,0.61,249.96,-0.21,-0.57
2025-08-10T08:11:00.000,0.63,249.01,-0.23,-0.59
2025-08-10T08:12:00.000,0.54,249.55,-0.19,-0.50
2025-08-10T08:13:00.000,0.57,249.38,-0.20,-0.53
2025-08-10T08:14:00.000,0.52,250.20,-0.18,-0.49
2025-08-10T08:15:00.000,0.50,250.28,-0.17,-0.47
2025-08-10T08:16:00.000,0.48,250.55,-0.16,-0.46
2025-08-10T08:17:00.000,0.54,249.60,-0.19,-0.50
2025-08-10T08:18:00.000,0.55,251.06,-0.18,-0.52
2025-08-10T08:19:00.000,0.58,249.39,-0.20,-0.54
2025-08-10T08:20:00.000,0.63,253.09,-0.18,-0.61
2025-08-10T08:21:00.000,0.64,252.26,-0.20,-0.61
2025-08-10T08:22:00.000,1.04,251.72,-0.33,-0.99
2025-08-10T08:23:00.000,0.50,250.17,-0.17,-0.47
2025-08-10T08:24:00.000,0.56,254.72,-0.15,-0.54
2025-08-10T08:25:00.000,0.69,249.49,-0.24,-0.65
2025-08-10T08:26:00.000,0.47,250.89,-0.15,-0.45
2025-08-10T08:27:00.000,0.63,257.97,-0.13,-0.62
2025-08-10T08:28:00.000,0.65,253.42,-0.19,-0.63
2025-08-10T08:29:00.000,0.51,251.67,-0.16,-0.48
2025-08-10T08:30:00.000,0.50,252.21,-0.15,-0.48
2025-08-10T08:31:00.000,0.50,251.89,-0.16,-0.48
2025-08-10T08:32:00.000,0.53,253.78,-0.15,-0.51
2025-08-10T08:33:00.000,0.36,247.60,-0.14,-0.33
2025-08-10T08:34:00.000,0.27,248.85,-0.10,-0.25
2025-08-10T08:35:00.000,0.18,241.57,-0.08,-0.15
2025-08-10T08:36:00.000,0.19,246.98,-0.07,-0.18
2025-08-10T08:37:00.000,0.08,220.02,-0.06,-0.05
2025-08-10T08:38:00.000,0.06,192.50,-0.06,-0.01
2025-08-10T08:39:00.000,0.09,228.71,-0.06,-0.07
2025-08-10T08:40:00.000,0.15,237.91,-0.08,-0.13
2025-08-10T08:41:00.000,0.16,215.23,-0.13,-0.09
2025-08-10T08:42:00.000,0.20,238.19,-0.11,-0.17
2025-08-10T08:43:00.000,0.29,248.92,-0.11,-0.27
2025-08-10T08:44:00.000,0.34,248.16,-0.13,-0.31
2025-08-10T08:45:00.000,0.34,241.96,-0.16,-0.30
2025-08-10T08:46:00.000,0.54,241.44,-0.26,-0.47
2025-08-10T08:47:00.000,0.45,248.24,-0.17,-0.41
2025-08-10T08:48:00.000,0.40,254.79,-0.11,-0.39
2025-08-10T08:49:00.000,0.39,255.15,-0.10,-0.37
2025-08-10T08:50:00.000,0.58,254.15,-0.16,-0.56
2025-08-10T08:51:00.000,0.54,259.12,-0.10,-0.53
2025-08-10T08:52:00.000,0.63,254.73,-0.17,-0.61
2025-08-10T08:53:00.000,0.92,258.26,-0.19,-0.90
2025-08-10T08:54:00.000,1.85,260.09,-0.32,-1.82
2025-08-10T08:55:00.000,2.62,257.87,-0.55,-2.56
2025-08-10T08:56:00.000,3.95,258.54,-0.78,-3.87
2025-08-10T08:57:00.000,3.72,260.48,-0.62,-3.67
2025-08-10T08:58:00.000,4.86,262.34,-0.65,-4.82
2025-08-10T08:59:00.000,6.81,261.80,-0.97,-6.74
2025-08-10T09:00:00.000,10.71,262.37,-1.42,-10.61
2025-08-10T09:01:00.000,13.71,261.72,-1.97,-13.56
2025-08-10T09:02:00.000,16.69,269.59,-0.12,-16.69
2025-08-10T09:03:00.000,19.74,270.75,0.26,-19.73
2025-08-10T09:04:00.000,22.00,274.20,1.61,-21.94
2025-08-10T09:05:00.000,23.83,273.41,1.42,-23.79
2025-08-10T09:06:00.000,25.74,271.75,0.79,-25.73
2025-08-10T09:07:00.000,27.44,270.60,0.29,-27.44
2025-08-10T09:08:00.000,28.93,266.52,-1.76,-28.87
2025-08-10T09:09:00.000,31.11,264.05,-3.22,-30.94
2025-08-10T09:10:00.000,32.50,258.71,-6.36,-31.87
2025-08-10T09:11:00.000,36.23,237.81,-19.30,-30.66
2025-08-10T09:12:00.000,38.68,249.62,-13.47,-36.26
2025-08-10T09:13:00.000,44.25,245.95,-18.03,-40.40
2025-08-10T09:14:00.000,49.77,242.03,-23.34,-43.96
2025-08-10T09:15:00.000,58.79,244.06,-25.72,-52.86
2025-08-10T09:16:00.000,67.76,246.76,-26.74,-62.27
2025-08-10T09:17:00.000,81.07,252.86,-23.90,-77.47
2025-08-10T09:18:00.000,97.65,252.74,-28.97,-93.25
2025-08-10T09:19:00.000,116.69,252.50,-35.08,-111.30
2025-08-10T09:20:00.000,133.14,256.64,-30.77,-129.53
2025-08-10T09:21:00.000,164.03,263.04,-19.86,-162.82
2025-08-10T09:22:00.000,203.69,258.07,-42.11,-199.29
2025-08-10T09:23:00.000,239.15,247.98,-89.65,-221.71
2025-08-10T09:24:00.000,245.47,256.62,-56.80,-238.81
2025-08-10T09:25:00.000,243.38,262.43,-32.04,-241.26
2025-08-10T09:26:00.000,244.88,265.76,-18.12,-244.21
2025-08-10T09:27:00.000,244.88,265.86,-17.70,-244.24
2025-08-10T09:28:00.000,244.84,265.88,-17.60,-244.21
2025-08-10T09:29:00.000,244.68,265.79,-17.95,-244.02
2025-08-10T09:30:00.000,244.57,265.80,-17.92,-243.91
2025-08-10T09:31:00.000,244.34,265.79,-17.93,-243.68
2025-08-10T09:32:00.000,244.19,265.85,-17.68,-243.55
2025-08-10T09:33:00.000,244.01,265.82,-17.77,-243.36
2025-08-10T09:34:00.000,243.89,265.84,-17.67,-243.25
2025-08-10T09:35:00.000,243.73,265.82,-17.78,-243.08
2025-08-10T09:36:00.000,243.66,265.82,-17.74,-243.01
2025-08-10T09:37:00.000,243.59,265.83,-17.72,-242.94
2025-08-10T09:38:00.000,243.46,265.81,-17.79,-242.81
2025-08-10T09:39:00.000,243.41,265.85,-17.60,-242.77
2025-08-10T09:40:00.000,243.34,265.81,-17.77,-242.69
2025-08-10T09:41:00.000,243.34,265.83,-17.70,-242.69
2025-08-10T09:42:00.000,243.27,265.86,-17.56,-242.64
2025-08-10T09:43:00.000,243.27,265.86,-17.56,-242.64
2025-08-10T09:44:00.000,243.30,265.86,-17.56,-242.66
2025-08-10T09:45:00.000,243.25,265.86,-17.55,-242.61
2025-08-10T09:46:00.000,243.18,265.86,-17.54,-242.54
2025-08-10T09:47:00.000,243.21,265.88,-17.49,-242.58
2025-08-10T09:48:00.000,243.22,265.86,-17.55,-242.59
2025-08-10T09:49:00.000,243.17,265.86,-17.55,-242.53
2025-08-10T09:50:00.000,243.17,265.85,-17.61,-242.53
2025-08-10T09:51:00.000,243.12,265.83,-17.68,-242.47
2025-08-10T09:52:00.000,243.13,265.86,-17.55,-242.49
2025-08-10T09:53:00.000,243.04,265.86,-17.56,-242.40
2025-08-10T09:54:00.000,242.95,265.87,-17.49,-242.32
2025-08-10T09:55:00.000,243.06,265.88,-17.44,-242.43
2025-08-10T09:56:00.000,243.02,265.86,-17.54,-242.38
2025-08-10T09:57:00.000,242.92,265.84,-17.62,-242.28
2025-08-10T09:58:00.000,242.94,265.86,-17.55,-242.30
2025-08-10T09:59:00.000,242.89,265.82,-17.69,-242.25
2025-08-10T10:00:00.000,242.94,265.83,-17.68,-242.29
2025-08-10T10:01:00.000,242.88,265.92,-17.26,-242.26
2025-08-10T10:02:00.000,242.87,265.88,-17.45,-242.24
2025-08-10T10:03:00.000,242.88,265.86,-17.51,-242.25
2025-08-10T10:04:00.000,242.90,265.89,-17.39,-242.27
2025-08-10T10:05:00.000,242.82,265.89,-17.42,-242.20
2025-08-10T10:06:00.000,242.77,265.87,-17.48,-242.13
2025-08-10T10:07:00.000,242.80,265.87,-17.48,-242.17
2025-08-10T10:08:00.000,242.81,265.87,-17.50,-242.17
2025-08-10T10:09:00.000,242.70,265.85,-17.58,-242.07
2025-08-10T10:10:00.000,242.79,265.87,-17.50,-242.16
2025-08-10T10:11:00.000,242.72,265.87,-17.48,-242.09
2025-08-10T10:12:00.000,242.74,265.90,-17.36,-242.12
2025-08-10T10:13:00.000,242.67,265.88,-17.44,-242.04
2025-08-10T10:14:00.000,242.65,265.89,-17.39,-242.03
2025-08-10T10:15:00.000,242.60,265.87,-17.47,-241.97
2025-08-10T10:16:00.000,242.57,265.86,-17.53,-241.94
2025-08-10T10:17:00.000,242.51,265.91,-17.30,-241.89
2025-08-10T10:18:00.000,242.43,265.88,-17.41,-241.81
2025-08-10T10:19:00.000,242.48,265.92,-17.27,-241.87
2025-08-10T10:20:00.000,242.36,265.88,-17.40,-241.74
2025-08-10T10:21:00.000,242.49,265.93,-17.19,-241.88
2025-08-10T10:22:00.000,242.40,265.88,-17.42,-241.77
2025-08-10T10:23:00.000,242.40,265.86,-17.48,-241.76
2025-08-10T10:24:00.000,242.41,265.88,-17.43,-241.78
2025-08-10T10:25:00.000,242.39,265.91,-17.29,-241.77
2025-08-10T10:26:00.000,242.38,265.89,-17.38,-241.75
2025-08-10T10:27:00.000,242.29,265.89,-17.38,-241.66
2025-08-10T10:28:00.000,242.31,265.90,-17.30,-241.69
2025-08-10T10:29:00.000,242.33,265.89,-17.36,-241.70
2025-08-10T10:30:00.000,242.25,265.88,-17.40,-241.62
2025-08-10T10:31:00.000,242.34,265.90,-17.32,-241.72
2025-08-10T10:32:00.000,242.31,265.92,-17.23,-241.70
2025-08-10T10:33:00.000,242.26,265.90,-17.32,-241.64
2025-08-10T10:34:00.000,242.23,265.90,-17.31,-241.61
2025-08-10T10:35:00.000,242.24,265.91,-17.27,-241.62
2025-08-10T10:36:00.000,242.28,265.89,-17.35,-241.66
2025-08-10T10:37:00.000,242.21,265.88,-17.38,-241.58
2025-08-10T10:38:00.000,242.27,265.89,-17.36,-241.64
2025-08-10T10:39:00.000,242.25,265.91,-17.27,-241.63
2025-08-10T10:40:00.000,242.27,265.91,-17.28,-241.65
2025-08-10T10:41:00.000,242.25,265.90,-17.33,-241.63
2025-08-10T10:42:00.000,242.31,265.91,-17.28,-241.69
2025-08-10T10:43:00.000,242.33,265.92,-17.24,-241.71
2025-08-10T10:44:00.000,242.28,265.94,-17.13,-241.67
2025-08-10T10:45:00.000,242.22,265.94,-17.17,-241.61
2025-08-10T10:46:00.000,242.17,265.92,-17.23,-241.55
2025-08-10T10:47:00.000,242.21,265.98,-16.97,-241.62
2025-08-10T10:48:00.000,242.12,265.96,-17.05,-241.52
2025-08-10T10:49:00.000,242.15,265.97,-17.00,-241.55
2025-08-10T10:50:00.000,242.10,265.97,-17.01,-241.51
2025-08-10T10:51:00.000,242.14,266.03,-16.77,-241.56
2025-08-10T10:52:00.000,242.08,265.98,-16.98,-241.49
2025-08-10T10:53:00.000,242.08,265.97,-17.02,-241.48
2025-08-10T10:54:00.000,241.95,265.94,-17.12,-241.34
2025-08-10T10:55:00.000,241.92,266.03,-16.74,-241.34
2025-08-10T10:56:00.000,241.89,266.02,-16.79,-241.31
2025-08-10T10:57:00.000,241.90,266.02,-16.81,-241.31
2025-08-10T10:58:00.000,241.90,265.99,-16.92,-241.30
2025-08-10T10:59:00.000,241.92,266.04,-16.72,-241.34
2025-08-10T11:00:00.000,241.93,266.00,-16.90,-241.34
2025-08-10T11:01:00.000,241.89,266.03,-16.76,-241.31
2025-08-10T11:02:00.000,241.94,266.03,-16.75,-241.36
2025-08-10T11:03:00.000,241.89,266.02,-16.78,-241.31
2025-08-10T11:04:00.000,241.89,266.00,-16.88,-241.30
2025-08-10T11:05:00.000,241.84,265.99,-16.92,-241.24
2025-08-10T11:06:00.000,241.80,266.00,-16.85,-241.21
2025-08-10T11:07:00.000,241.82,266.08,-16.51,-241.26
2025-08-10T11:08:00.000,241.72,266.00,-16.86,-241.13
2025-08-10T11:09:00.000,241.66,266.04,-16.70,-241.08
2025-08-10T11:10:00.000,241.77,266.05,-16.65,-241.19
2025-08-10T11:11:00.000,241.67,266.05,-16.63,-241.10
2025-08-10T11:12:00.000,241.63,266.03,-16.75,-241.05
2025-08-10T11:13:00.000,241.59,266.04,-16.68,-241.02
2025-08-10T11:14:00.000,241.57,266.03,-16.73,-240.99
2025-08-10T11:15:00.000,241.55,266.04,-16.67,-240.97
2025-08-10T11:16:00.000,241.49,266.05,-16.62,-240.92
2025-08-10T11:17:00.000,241.56,266.07,-16.54,-240.99
2025-08-10T11:18:00.000,241.55,266.07,-16.54,-240.99
2025-08-10T11:19:00.000,241.58,266.04,-16.68,-241.00
2025-08-10T11:20:00.000,241.63,266.02,-16.75,-241.05
2025-08-10T11:21:00.000,241.78,266.06,-16.63,-241.21
2025-08-10T11:22:00.000,241.77,265.97,-16.98,-241.17
2025-08-10T11:23:00.000,241.84,266.04,-16.69,-241.26
2025-08-10T11:24:00.000,241.89,266.04,-16.72,-241.31
2025-08-10T11:25:00.000,241.83,266.06,-16.60,-241.26
2025-08-10T11:26:00.000,241.75,266.09,-16.50,-241.19
2025-08-10T11:27:00.000,241.77,266.04,-16.68,-241.20
2025-08-10T11:28:00.000,241.76,266.13,-16.30,-241.21
2025-08-10T11:29:00.000,241.75,266.10,-16.44,-241.19
2025-08-10T11:30:00.000,241.70,266.10,-16.44,-241.14
2025-08-10T11:31:00.000,241.71,266.14,-16.28,-241.16
2025-08-10T11:32:00.000,241.67,266.10,-16.45,-241.11
2025-08-10T11:33:00.000,241.69,266.10,-16.45,-241.13
2025-08-10T11:34:00.000,241.65,266.07,-16.55,-241.08
2025-08-10T11:35:00.000,241.67,266.07,-16.57,-241.10
2025-08-10T11:36:00.000,241.64,266.10,-16.43,-241.08
2025-08-10T11:37:00.000,241.70,266.09,-16.49,-241.14
2025-08-10T11:38:00.000,241.65,266.07,-16.58,-241.08
2025-08-10T11:39:00.000,241.59,266.08,-16.51,-241.02
2025-08-10T11:40:00.000,241.61,266.07,-16.57,-241.04
2025-08-10T11:41:00.000,241.66,266.09,-16.49,-241.10
2025-08-10T11:42:00.000,241.68,266.04,-16.70,-241.10
2025-08-10T11:43:00.000,241.68,266.05,-16.65,-241.10
2025-08-10T11:44:00.000,241.69,266.06,-16.60,-241.12
2025-08-10T11:45:00.000,241.64,266.09,-16.50,-241.08
2025-08-10T11:46:00.000,241.68,266.06,-16.60,-241.11
2025-08-10T11:47:00.000,241.62,266.01,-16.83,-241.03
2025-08-10T11:48:00.000,241.65,266.04,-16.67,-241.07
2025-08-10T11:49:00.000,241.67,266.10,-16.42,-241.11
2025-08-10T11:50:00.000,241.64,266.09,-16.47,-241.08
2025-08-10T11:51:00.000,241.63,266.09,-16.50,-241.06
2025-08-10T11:52:00.000,241.64,266.03,-16.72,-241.06
2025-08-10T11:53:00.000,241.55,266.02,-16.78,-240.97
2025-08-10T11:54:00.000,241.54,266.06,-16.60,-240.97
2025-08-10T11:55:00.000,241.50,266.04,-16.69,-240.92
2025-08-10T11:56:00.000,241.51,266.07,-16.57,-240.94
2025-08-10T11:57:00.000,241.50,266.05,-16.65,-240.93
2025-08-10T11:58:00.000,241.51,266.07,-16.57,-240.94
2025-08-10T11:59:00.000,241.52,266.06,-16.61,-240.95
2025-08-10T12:00:00.000,241.56,266.06,-16.60,-240.99
2025-08-10T12:01:00.000,241.51,266.07,-16.54,-240.94
2025-08-10T12:02:00.000,241.49,266.09,-16.46,-240.93
2025-08-10T12:03:00.000,239.85,262.83,-29.92,-237.97
2025-08-10T12:04:00.000,241.36,264.89,-21.52,-240.40
2025-08-10T12:05:00.000,241.38,264.90,-21.45,-240.42
2025-08-10T12:06:00.000,241.30,264.88,-21.52,-240.33
2025-08-10T12:07:00.000,241.26,264.90,-21.45,-240.31
2025-08-10T12:08:00.000,241.18,264.90,-21.46,-240.22
2025-08-10T12:09:00.000,241.15,264.91,-21.40,-240.20
2025-08-10T12:10:00.000,241.17,264.95,-21.23,-240.23
2025-08-10T12:11:00.000,241.13,264.92,-21.35,-240.19
2025-08-10T12:12:00.000,241.09,264.95,-21.24,-240.15
2025-08-10T12:13:00.000,241.07,264.91,-21.39,-240.12
2025-08-10T12:14:00.000,241.02,264.90,-21.43,-240.07
2025-08-10T12:15:00.000,240.98,264.93,-21.29,-240.04
2025-08-10T12:16:00.000,240.99,264.91,-21.37,-240.04
2025-08-10T12:17:00.000,240.97,264.94,-21.27,-240.03
2025-08-10T12:18:00.000,240.99,264.93,-21.32,-240.04
2025-08-10T12:19:00.000,240.89,264.92,-21.31,-239.94
2025-08-10T12:20:00.000,240.95,264.88,-21.49,-239.99
2025-08-10T12:21:00.000,240.87,264.91,-21.37,-239.92
2025-08-10T12:22:00.000,240.89,264.88,-21.48,-239.93
2025-08-10T12:23:00.000,240.71,264.90,-21.41,-239.76
2025-08-10T12:24:00.000,240.74,264.91,-21.34,-239.79
2025-08-10T12:25:00.000,240.71,264.89,-21.44,-239.75
2025-08-10T12:26:00.000,240.79,264.93,-21.28,-239.85
2025-08-10T12:27:00.000,240.73,264.95,-21.17,-239.80
2025-08-10T12:28:00.000,240.62,264.93,-21.27,-239.68
2025-08-10T12:29:00.000,240.65,264.94,-21.21,-239.72
2025-08-10T12:30:00.000,240.56,264.97,-21.08,-239.64
2025-08-10T12:31:00.000,240.59,265.00,-20.98,-239.67
2025-08-10T12:32:00.000,240.57,264.97,-21.09,-239.65
2025-08-10T12:33:00.000,240.51,264.95,-21.17,-239.58
2025-08-10T12:34:00.000,240.49,265.00,-20.97,-239.58
2025-08-10T12:35:00.000,240.60,265.00,-20.97,-239.69
2025-08-10T12:36:00.000,240.65,264.95,-21.19,-239.71
2025-08-10T12:37:00.000,240.63,264.99,-21.00,-239.71
2025-08-10T12:38:00.000,240.64,264.99,-21.01,-239.72
2025-08-10T12:39:00.000,240.68,264.99,-21.02,-239.77
2025-08-10T12:40:00.000,240.66,264.99,-21.00,-239.74
2025-08-10T12:41:00.000,240.64,264.98,-21.04,-239.72
2025-08-10T12:42:00.000,240.61,265.00,-20.96,-239.69
2025-08-10T12:43:00.000,240.67,265.00,-20.96,-239.75
2025-08-10T12:44:00.000,240.66,264.97,-21.11,-239.74
2025-08-10T12:45:00.000,240.73,264.95,-21.19,-239.79
2025-08-10T12:46:00.000,240.72,264.95,-21.19,-239.78
2025-08-10T12:47:00.000,240.73,265.00,-21.00,-239.82
2025-08-10T12:48:00.000,240.70,264.94,-21.22,-239.76
2025-08-10T12:49:00.000,240.70,264.95,-21.18,-239.77
2025-08-10T12:50:00.000,240.79,264.93,-21.28,-239.85
2025-08-10T12:51:00.000,240.79,264.93,-21.28,-239.84
2025-08-10T12:52:00.000,240.73,264.94,-21.23,-239.79
2025-08-10T12:53:00.000,240.78,264.98,-21.07,-239.86
2025-08-10T12:54:00.000,240.77,264.95,-21.19,-239.83
2025-08-10T12:55:00.000,240.76,264.94,-21.22,-239.82
2025-08-10T12:56:00.000,240.80,264.94,-21.24,-239.86
2025-08-10T12:57:00.000,240.80,264.93,-21.28,-239.86
2025-08-10T12:58:00.000,240.72,264.95,-21.19,-239.79
2025-08-10T12:59:00.000,240.78,264.99,-21.02,-239.86
2025-08-10T13:00:00.000,240.74,265.00,-20.99,-239.82
2025-08-10T13:01:00.000,240.71,264.97,-21.13,-239.78
2025-08-10T13:02:00.000,240.62,264.97,-21.12,-239.69
2025-08-10T13:03:00.000,240.62,264.97,-21.08,-239.70
2025-08-10T13:04:00.000,240.67,265.01,-20.95,-239.76
2025-08-10T13:05:00.000,240.65,265.01,-20.92,-239.74
2025-08-10T13:06:00.000,240.61,264.99,-21.01,-239.70
2025-08-10T13:07:00.000,240.54,265.04,-20.80,-239.64
2025-08-10T13:08:00.000,240.57,265.00,-20.97,-239.65
2025-08-10T13:09:00.000,240.47,265.05,-20.74,-239.57
2025-08-10T13:10:00.000,240.55,265.03,-20.84,-239.65
2025-08-10T13:11:00.000,240.39,265.04,-20.77,-239.49
2025-08-10T13:12:00.000,240.45,265.05,-20.77,-239.55
2025-08-10T13:13:00.000,240.43,265.04,-20.81,-239.52
2025-08-10T13:14:00.000,240.41,265.07,-20.65,-239.52
2025-08-10T13:15:00.000,240.40,265.04,-20.78,-239.50
2025-08-10T13:16:00.000,240.35,265.06,-20.70,-239.46
2025-08-10T13:17:00.000,240.34,265.09,-20.59,-239.45
2025-08-10T13:18:00.000,240.36,265.09,-20.56,-239.48
2025-08-10T13:19:00.000,240.28,265.07,-20.63,-239.39
2025-08-10T13:20:00.000,240.40,265.10,-20.54,-239.52
2025-08-10T13:21:00.000,240.35,265.08,-20.60,-239.46
2025-08-10T13:22:00.000,240.37,265.10,-20.52,-239.49
2025-08-10T13:23:00.000,240.25,265.09,-20.58,-239.36
2025-08-10T13:24:00.000,240.30,265.07,-20.64,-239.41
2025-08-10T13:25:00.000,240.20,265.05,-20.71,-239.30
2025-08-10T13:26:00.000,240.25,265.08,-20.62,-239.36
2025-08-10T13:27:00.000,240.22,265.04,-20.79,-239.31
2025-08-10T13:28:00.000,240.27,265.04,-20.75,-239.37
2025-08-10T13:29:00.000,240.27,265.04,-20.76,-239.37
2025-08-10T13:30:00.000,240.34,265.07,-20.66,-239.45
2025-08-10T13:31:00.000,240.31,265.05,-20.72,-239.42
2025-08-10T13:32:00.000,240.18,265.05,-20.71,-239.28
2025-08-10T13:33:00.000,240.20,265.06,-20.69,-239.31
2025-08-10T13:34:00.000,240.28,265.07,-20.67,-239.39
2025-08-10T13:35:00.000,240.21,265.05,-20.73,-239.32
2025-08-10T13:36:00.000,240.28,265.08,-20.61,-239.40
2025-08-10T13:37:00.000,240.23,265.05,-20.71,-239.33
2025-08-10T13:38:00.000,240.20,265.09,-20.57,-239.32
2025-08-10T13:39:00.000,240.16,265.06,-20.69,-239.27
2025-08-10T13:40:00.000,240.19,265.07,-20.65,-239.30
2025-08-10T13:41:00.000,240.21,265.06,-20.68,-239.32
2025-08-10T13:42:00.000,240.24,265.05,-20.72,-239.35
2025-08-10T13:43:00.000,240.38,265.09,-20.58,-239.50
2025-08-10T13:44:00.000,240.38,265.10,-20.55,-239.50
2025-08-10T13:45:00.000,240.35,265.06,-20.70,-239.46
2025-08-10T13:46:00.000,240.27,265.04,-20.76,-239.37
2025-08-10T13:47:00.000,240.36,265.05,-20.76,-239.46
2025-08-10T13:48:00.000,240.31,265.03,-20.84,-239.41
2025-08-10T13:49:00.000,240.37,265.03,-20.82,-239.47
2025-08-10T13:50:00.000,240.36,265.05,-20.73,-239.46
2025-08-10T13:51:00.000,240.41,265.06,-20.72,-239.52
2025-08-10T13:52:00.000,240.28,265.10,-20.52,-239.40
2025-08-10T13:53:00.000,240.35,265.08,-20.60,-239.47
2025-08-10T13:54:00.000,240.31,265.08,-20.62,-239.42
2025-08-10T13:55:00.000,240.35,265.10,-20.52,-239.47
2025-08-10T13:56:00.000,240.33,265.10,-20.52,-239.45
2025-08-10T13:57:00.000,240.36,265.12,-20.44,-239.49
2025-08-10T13:58:00.000,240.39,265.10,-20.52,-239.51
2025-08-10T13:59:00.000,240.44,265.10,-20.54,-239.56
2025-08-10T14:00:00.000,240.11,265.27,-19.79,-239.30
2025-08-10T14:01:00.000,240.24,265.46,-19.01,-239.49
2025-08-10T14:02:00.000,246.12,253.22,-71.04,-235.65
2025-08-10T14:03:00.000,240.83,244.99,-101.83,-218.25
2025-08-10T14:04:00.000,238.57,248.00,-89.36,-221.20
2025-08-10T14:05:00.000,210.97,251.46,-67.07,-200.02
2025-08-10T14:06:00.000,177.28,254.79,-46.50,-171.07
2025-08-10T14:07:00.000,148.79,252.97,-43.57,-142.27
2025-08-10T14:08:00.000,122.59,249.14,-43.65,-114.56
2025-08-10T14:09:00.000,110.00,252.96,-32.24,-105.17
2025-08-10T14:10:00.000,92.65,247.49,-35.47,-85.59
2025-08-10T14:11:00.000,79.74,245.04,-33.65,-72.29
2025-08-10T14:12:00.000,69.68,248.11,-25.97,-64.66
2025-08-10T14:13:00.000,59.24,242.46,-27.39,-52.53
2025-08-10T14:14:00.000,52.82,240.15,-26.29,-45.81
2025-08-10T14:15:00.000,48.07,217.14,-38.33,-29.02
2025-08-10T14:16:00.000,43.44,222.67,-31.94,-29.44
2025-08-10T14:17:00.000,39.99,222.26,-29.60,-26.90
2025-08-10T14:18:00.000,37.07,233.03,-22.29,-29.61
2025-08-10T14:19:00.000,34.60,233.28,-20.69,-27.73
2025-08-10T14:20:00.000,33.52,227.79,-22.52,-24.83
2025-08-10T14:21:00.000,31.44,235.60,-17.76,-25.94
2025-08-10T14:22:00.000,30.15,234.43,-17.54,-24.53
2025-08-10T14:23:00.000,29.11,240.82,-14.19,-25.41
2025-08-10T14:24:00.000,27.97,237.11,-15.19,-23.48
2025-08-10T14:25:00.000,26.94,245.43,-11.20,-24.50
2025-08-10T14:26:00.000,25.63,257.16,-5.70,-24.99
2025-08-10T14:27:00.000,24.52,255.95,-5.95,-23.79
2025-08-10T14:28:00.000,23.20,262.84,-2.89,-23.02
2025-08-10T14:29:00.000,21.59,263.82,-2.32,-21.46
2025-08-10T14:30:00.000,19.88,265.58,-1.53,-19.82
2025-08-10T14:31:00.000,18.29,262.41,-2.42,-18.13
2025-08-10T14:32:00.000,16.03,264.70,-1.48,-15.96
2025-08-10T14:33:00.000,13.54,262.22,-1.83,-13.42
2025-08-10T14:34:00.000,10.14,266.83,-0.56,-10.13
2025-08-10T14:35:00.000,6.99,268.23,-0.22,-6.99
2025-08-10T14:36:00.000,3.74,270.66,0.04,-3.74
2025-08-10T14:37:00.000,1.51,282.00,0.31,-1.48
2025-08-10T14:38:00.000,0.93,290.39,0.32,-0.87
2025-08-10T14:39:00.000,0.79,292.58,0.30,-0.73
2025-08-10T14:40:00.000,0.73,294.42,0.30,-0.67
2025-08-10T14:41:00.000,0.74,297.15,0.34,-0.66
2025-08-10T14:42:00.000,0.62,292.46,0.24,-0.58
2025-08-10T14:43:00.000,0.60,300.77,0.31,-0.51
2025-08-10T14:44:00.000,0.67,302.27,0.36,-0.57
2025-08-10T14:45:00.000,0.53,303.63,0.29,-0.44
2025-08-10T14:46:00.000,0.57,309.98,0.37,-0.44
2025-08-10T14:47:00.000,0.53,309.43,0.33,-0.41
2025-08-10T14:48:00.000,0.54,314.93,0.38,-0.38
2025-08-10T14:49:00.000,0.54,316.73,0.39,-0.37
2025-08-10T14:50:00.000,0.56,318.55,0.42,-0.37
2025-08-10T14:51:00.000,0.53,316.29,0.38,-0.37
2025-08-10T14:52:00.000,0.55,320.64,0.42,-0.35
2025-08-10T14:53:00.000,0.55,321.79,0.43,-0.34
2025-08-10T14:54:00.000,0.55,319.03,0.41,-0.36
2025-08-10T14:55:00.000,0.53,320.60,0.41,-0.34
2025-08-10T14:56:00.000,0.49,326.65,0.41,-0.27
2025-08-10T14:57:00.000,0.46,331.49,0.41,-0.22
2025-08-10T14:58:00.000,0.46,338.79,0.43,-0.17
2025-08-10T14:59:00.000,0.46,336.77,0.42,-0.18
2025-08-10T15:00:00.000,0.43,331.00,0.38,-0.21
2025-08-10T15:01:00.000,0.53,316.27,0.38,-0.36
2025-08-10T15:02:00.000,0.51,318.54,0.39,-0.34
2025-08-10T15:03:00.000,0.48,316.53,0.35,-0.33
2025-08-10T15:04:00.000,0.51,313.44,0.35,-0.37
2025-08-10T15:05:00.000,0.54,315.06,0.39,-0.38
2025-08-10T15:06:00.000,0.53,316.78,0.39,-0.36
2025-08-10T15:07:00.000,0.54,318.56,0.41,-0.36
2025-08-10T15:08:00.000,0.53,321.13,0.41,-0.33
2025-08-10T15:09:00.000,0.57,317.63,0.42,-0.39
2025-08-10T15:10:00.000,0.54,326.93,0.45,-0.29
2025-08-10T15:11:00.000,0.56,329.12,0.48,-0.29
2025-08-10T15:12:00.000,0.53,330.17,0.46,-0.27
2025-08-10T15:13:00.000,0.52,332.27,0.46,-0.24
2025-08-10T15:14:00.000,0.50,338.04,0.47,-0.19
2025-08-10T15:15:00.000,0.46,332.86,0.41,-0.21
2025-08-10T15:16:00.000,0.47,39.99,0.36,0.30
2025-08-10T15:17:00.000,0.41,11.76,0.41,0.08
2025-08-10T15:18:00.000,0.43,10.95,0.42,0.08
2025-08-10T15:19:00.000,0.43,10.38,0.42,0.08
2025-08-10T15:20:00.000,0.42,15.05,0.41,0.11
2025-08-10T15:21:00.000,0.43,13.33,0.42,0.10
2025-08-10T15:22:00.000,0.44,12.06,0.43,0.09
2025-08-10T15:23:00.000,0.45,11.97,0.44,0.09
2025-08-10T15:24:00.000,0.43,15.19,0.41,0.11
2025-08-10T15:25:00.000,0.41,15.32,0.40,0.11
2025-08-10T15:26:00.000,0.44,14.99,0.42,0.11
2025-08-10T15:27:00.000,0.45,10.57,0.44,0.08
2025-08-10T15:28:00.000,0.43,11.09,0.42,0.08
2025-08-10T15:29:00.000,0.44,11.59,0.43,0.09
2025-08-10T15:30:00.000,0.44,10.85,0.44,0.08
2025-08-10T15:31:00.000,0.41,12.72,0.40,0.09
2025-08-10T15:32:00.000,0.36,14.27,0.35,0.09
2025-08-10T15:33:00.000,0.40,14.35,0.39,0.10
2025-08-10T15:34:00.000,0.42,14.68,0.41,0.11
2025-08-10T15:35:00.000,0.43,16.85,0.42,0.13
2025-08-10T15:36:00.000,0.45,16.85,0.43,0.13
2025-08-10T15:37:00.000,0.46,18.45,0.44,0.15
2025-08-10T15:38:00.000,0.51,26.99,0.45,0.23
2025-08-10T15:39:00.000,0.49,27.24,0.43,0.22
2025-08-10T15:40:00.000,0.44,43.45,0.32,0.30
2025-08-10T15:41:00.000,0.45,27.24,0.40,0.21
2025-08-10T15:42:00.000,0.45,20.04,0.42,0.15
2025-08-10T15:43:00.000,0.47,16.55,0.45,0.13
2025-08-10T15:44:00.000,0.48,18.91,0.45,0.15
2025-08-10T15:45:00.000,0.49,24.34,0.44,0.20
2025-08-10T15:46:00.000,0.48,24.90,0.44,0.20
2025-08-10T15:47:00.000,0.53,31.57,0.45,0.28
2025-08-10T15:48:00.000,0.57,34.98,0.47,0.33
2025-08-10T15:49:00.000,0.55,33.53,0.46,0.31
2025-08-10T15:50:00.000,0.56,34.44,0.46,0.32
2025-08-10T15:51:00.000,0.55,30.78,0.47,0.28
2025-08-10T15:52:00.000,0.58,34.95,0.47,0.33
2025-08-10T15:53:00.000,0.54,21.69,0.50,0.20
2025-08-10T15:54:00.000,0.50,13.33,0.48,0.11
2025-08-10T15:55:00.000,0.46,19.13,0.43,0.15
2025-08-10T15:56:00.000,0.46,24.31,0.42,0.19
2025-08-10T15:57:00.000,0.46,22.56,0.42,0.17
2025-08-10T15:58:00.000,0.45,22.65,0.42,0.17
2025-08-10T15:59:00.000,0.52,32.65,0.44,0.28
2025-08-10T16:00:00.000,0.63,36.73,0.50,0.37
2025-08-10T16:01:00.000,0.52,25.71,0.47,0.22
2025-08-10T16:02:00.000,0.62,26.51,0.56,0.28
2025-08-10T16:03:00.000,0.57,23.14,0.52,0.22
2025-08-10T16:04:00.000,0.53,22.34,0.49,0.20
2025-08-10T16:05:00.000,0.49,15.84,0.47,0.13
2025-08-10T16:06:00.000,0.49,18.42,0.46,0.15
2025-08-10T16:07:00.000,0.49,14.03,0.47,0.12
2025-08-10T16:08:00.000,0.47,17.60,0.44,0.14
2025-08-10T16:09:00.000,0.47,16.82,0.45,0.14
2025-08-10T16:10:00.000,0.47,16.13,0.45,0.13
2025-08-10T16:11:00.000,0.49,21.38,0.46,0.18
2025-08-10T16:12:00.000,0.52,23.55,0.48,0.21
2025-08-10T16:13:00.000,0.55,22.99,0.51,0.22
2025-08-10T16:14:00.000,0.57,23.55,0.53,0.23
2025-08-10T16:15:00.000,0.53,21.21,0.49,0.19
2025-08-10T16:16:00.000,0.52,26.71,0.46,0.23
2025-08-10T16:17:00.000,0.52,29.31,0.46,0.26
2025-08-10T16:18:00.000,0.51,28.46,0.45,0.24
2025-08-10T16:19:00.000,0.49,27.23,0.44,0.23
2025-08-10T16:20:00.000,0.48,31.00,0.41,0.25
2025-08-10T16:21:00.000,0.48,30.05,0.41,0.24
2025-08-10T16:22:00.000,0.49,24.84,0.44,0.21
2025-08-10T16:23:00.000,0.49,24.61,0.45,0.21
2025-08-10T16:24:00.000,0.50,32.99,0.42,0.27
2025-08-10T16:25:00.000,0.46,30.09,0.40,0.23
2025-08-10T16:26:00.000,0.50,28.16,0.44,0.24
2025-08-10T16:27:00.000,0.49,23.61,0.45,0.20
2025-08-10T16:28:00.000,0.47,19.98,0.44,0.16
2025-08-10T16:29:00.000,0.44,20.41,0.42,0.15
2025-08-10T16:30:00.000,0.41,13.73,0.40,0.10
2025-08-10T16:31:00.000,0.39,6.59,0.39,0.05
2025-08-10T16:32:00.000,0.35,4.80,0.35,0.03
2025-08-10T16:33:00.000,0.34,0.07,0.34,0.00
2025-08-10T16:34:00.000,0.39,7.40,0.38,0.05
2025-08-10T16:35:00.000,0.39,18.71,0.37,0.12
2025-08-10T16:36:00.000,0.43,20.24,0.40,0.15
2025-08-10T16:37:00.000,0.44,16.70,0.42,0.13
2025-08-10T16:38:00.000,0.48,23.16,0.44,0.19
2025-08-10T16:39:00.000,0.47,18.04,0.44,0.14
2025-08-10T16:40:00.000,0.45,17.89,0.43,0.14
2025-08-10T16:41:00.000,0.46,16.90,0.44,0.13
2025-08-10T16:42:00.000,0.46,21.23,0.43,0.17
2025-08-10T16:43:00.000,0.47,20.38,0.44,0.16
2025-08-10T16:44:00.000,0.49,19.71,0.46,0.17
2025-08-10T16:45:00.000,0.45,24.13,0.41,0.18
2025-08-10T16:46:00.000,0.49,20.80,0.46,0.17
2025-08-10T16:47:00.000,0.47,32.02,0.39,0.25
2025-08-10T16:48:00.000,0.48,15.26,0.47,0.13
2025-08-10T16:49:00.000,0.43,22.77,0.40,0.17
2025-08-10T16:50:00.000,0.41,20.98,0.38,0.15
2025-08-10T16:51:00.000,0.47,18.89,0.44,0.15
2025-08-10T16:52:00.000,0.38,21.84,0.36,0.14
2025-08-10T16:53:00.000,0.39,15.65,0.38,0.11
2025-08-10T16:54:00.000,0.46,9.43,0.46,0.08
2025-08-10T16:55:00.000,0.43,4.84,0.43,0.04
2025-08-10T16:56:00.000,0.44,13.05,0.42,0.10
2025-08-10T16:57:00.000,0.41,22.74,0.38,0.16
2025-08-10T16:58:00.000,0.43,22.48,0.40,0.17
2025-08-10T16:59:00.000,0.45,22.47,0.41,0.17
2025-08-10T17:00:00.000,0.47,28.80,0.41,0.23
2025-08-10T17:01:00.000,0.47,26.74,0.42,0.21
2025-08-10T17:02:00.000,0.48,30.37,0.41,0.24
2025-08-10T17:03:00.000,0.52,19.71,0.49,0.17
2025-08-10T17:04:00.000,0.45,50.32,0.28,0.34
2025-08-10T17:05:00.000,0.59,31.65,0.50,0.31
2025-08-10T17:06:00.000,0.51,31.82,0.44,0.27
2025-08-10T17:07:00.000,0.63,40.72,0.48,0.41
2025-08-10T17:08:00.000,0.51,44.42,0.36,0.36
2025-08-10T17:09:00.000,0.45,55.75,0.25,0.37
2025-08-10T17:10:00.000,0.60,54.11,0.35,0.48
2025-08-10T17:11:00.000,0.90,40.23,0.69,0.58
2025-08-10T17:12:00.000,1.04,54.02,0.61,0.84
2025-08-10T17:13:00.000,0.59,31.17,0.50,0.31
2025-08-10T17:14:00.000,0.52,39.61,0.40,0.33
2025-08-10T17:15:00.000,0.53,35.32,0.43,0.31
2025-08-10T17:16:00.000,0.54,32.35,0.45,0.29
2025-08-10T17:17:00.000,0.49,28.28,0.43,0.23
2025-08-10T17:18:00.000,0.56,28.65,0.49,0.27
2025-08-10T17:19:00.000,0.61,44.23,0.44,0.43
2025-08-10T17:20:00.000,0.57,35.44,0.47,0.33
2025-08-10T17:21:00.000,0.55,40.95,0.41,0.36
2025-08-10T17:22:00.000,0.57,36.77,0.45,0.34
2025-08-10T17:23:00.000,0.52,37.30,0.41,0.31
2025-08-10T17:24:00.000,0.60,38.37,0.47,0.37
2025-08-10T17:25:00.000,0.49,37.62,0.39,0.30
2025-08-10T17:26:00.000,0.52,41.44,0.39,0.34
2025-08-10T17:27:00.000,0.81,15.32,0.78,0.21
2025-08-10T17:28:00.000,0.51,29.10,0.45,0.25
2025-08-10T17:29:00.000,0.50,16.70,0.48,0.14
2025-08-10T17:30:00.000,0.52,15.57,0.50,0.14
2025-08-10T17:31:00.000,0.45,19.94,0.42,0.15
2025-08-10T17:32:00.000,0.50,18.59,0.47,0.16
2025-08-10T17:33:00.000,0.46,21.74,0.43,0.17
2025-08-10T17:34:00.000,0.47,25.21,0.42,0.20
2025-08-10T17:35:00.000,0.47,25.83,0.42,0.21
2025-08-10T17:36:00.000,0.51,33.86,0.43,0.29
2025-08-10T17:37:00.000,0.54,35.49,0.44,0.31
2025-08-10T17:38:00.000,0.53,28.85,0.47,0.26
2025-08-10T17:39:00.000,0.54,32.38,0.46,0.29
2025-08-10T17:40:00.000,0.55,28.35,0.49,0.26
2025-08-10T17:41:00.000,0.55,29.93,0.47,0.27
2025-08-10T17:42:00.000,0.53,28.44,0.46,0.25
2025-08-10T17:43:00.000,0.53,31.85,0.45,0.28
2025-08-10T17:44:00.000,0.53,35.38,0.43,0.31
2025-08-10T17:45:00.000,0.52,37.32,0.42,0.32
2025-08-10T17:46:00.000,0.56,36.96,0.45,0.34
2025-08-10T17:47:00.000,0.52,34.48,0.43,0.29
2025-08-10T17:48:00.000,0.48,31.87,0.41,0.25
2025-08-10T17:49:00.000,0.45,24.16,0.41,0.18
2025-08-10T17:50:00.000,0.47,29.57,0.40,0.23
2025-08-10T17:51:00.000,0.47,28.93,0.41,0.23
2025-08-10T17:52:00.000,0.47,26.91,0.42,0.21
2025-08-10T17:53:00.000,0.49,28.85,0.43,0.23
2025-08-10T17:54:00.000,0.48,28.19,0.42,0.23
2025-08-10T17:55:00.000,0.52,29.41,0.45,0.25
2025-08-10T17:56:00.000,0.60,36.81,0.48,0.36
2025-08-10T17:57:00.000,0.66,39.25,0.51,0.42
2025-08-10T17:58:00.000,0.66,34.28,0.55,0.37
2025-08-10T17:59:00.000,0.63,33.24,0.53,0.35
2025-08-10T18:00:00.000,0.62,35.28,0.51,0.36
2025-08-10T18:01:00.000,0.64,35.27,0.52,0.37
2025-08-10T18:02:00.000,0.74,45.16,0.52,0.53
2025-08-10T18:03:00.000,0.61,33.72,0.50,0.34
2025-08-10T18:04:00.000,0.57,35.69,0.47,0.33
2025-08-10T18:05:00.000,0.55,35.04,0.45,0.32
2025-08-10T18:06:00.000,0.57,35.02,0.47,0.33
2025-08-10T18:07:00.000,0.55,33.10,0.46,0.30
2025-08-10T18:08:00.000,0.53,35.75,0.43,0.31
2025-08-10T18:09:00.000,0.49,36.37,0.40,0.29
2025-08-10T18:10:00.000,0.45,35.43,0.37,0.26
2025-08-10T18:11:00.000,0.46,29.03,0.41,0.23
2025-08-10T18:12:00.000,0.47,28.47,0.41,0.22
2025-08-10T18:13:00.000,0.45,31.31,0.39,0.24
2025-08-10T18:14:00.000,0.45,35.88,0.36,0.26
2025-08-10T18:15:00.000,0.48,35.14,0.39,0.27
2025-08-10T18:16:00.000,0.48,29.18,0.42,0.23
2025-08-10T18:17:00.000,0.48,31.65,0.41,0.25
2025-08-10T18:18:00.000,0.49,33.62,0.41,0.27
2025-08-10T18:19:00.000,0.47,30.38,0.41,0.24
2025-08-10T18:20:00.000,0.47,29.34,0.41,0.23
2025-08-10T18:21:00.000,0.46,27.65,0.41,0.21
2025-08-10T18:22:00.000,0.46,28.20,0.41,0.22
2025-08-10T18:23:00.000,0.47,34.25,0.39,0.27
2025-08-10T18:24:00.000,0.46,35.14,0.38,0.27
2025-08-10T18:25:00.000,0.48,37.86,0.38,0.30
2025-08-10T18:26:00.000,0.47,33.40,0.39,0.26
2025-08-10T18:27:00.000,0.48,32.82,0.40,0.26
2025-08-10T18:28:00.000,0.48,35.25,0.39,0.28
2025-08-10T18:29:00.000,0.51,42.72,0.37,0.35
2025-08-10T18:30:00.000,0.51,41.07,0.39,0.34
2025-08-10T18:31:00.000,0.50,38.01,0.39,0.31
2025-08-10T18:32:00.000,0.50,35.57,0.40,0.29
2025-08-10T18:33:00.000,0.49,30.49,0.42,0.25
2025-08-10T18:34:00.000,0.51,32.37,0.43,0.27
2025-08-10T18:35:00.000,0.52,37.21,0.41,0.31
2025-08-10T18:36:00.000,0.52,40.28,0.40,0.34
2025-08-10T18:37:00.000,0.52,40.67,0.39,0.34
2025-08-10T18:38:00.000,0.52,40.34,0.40,0.34
2025-08-10T18:39:00.000,0.52,39.62,0.40,0.33
2025-08-10T18:40:00.000,0.52,39.09,0.40,0.33
2025-08-10T18:41:00.000,0.49,34.82,0.40,0.28
2025-08-10T18:42:00.000,0.50,38.40,0.39,0.31
2025-08-10T18:43:00.000,0.49,34.66,0.40,0.28
2025-08-10T18:44:00.000,0.50,33.89,0.41,0.28
2025-08-10T18:45:00.000,0.56,25.88,0.50,0.24
2025-08-10T18:46:00.000,0.55,27.65,0.49,0.26
2025-08-10T18:47:00.000,0.55,35.10,0.45,0.31
2025-08-10T18:48:00.000,0.63,36.95,0.50,0.38
2025-08-10T18:49:00.000,0.65,37.68,0.51,0.40
2025-08-10T18:50:00.000,0.69,36.24,0.55,0.41
2025-08-10T18:51:00.000,0.67,37.97,0.53,0.41
2025-08-10T18:52:00.000,0.67,35.31,0.54,0.39
2025-08-10T18:53:00.000,0.70,32.14,0.59,0.37
2025-08-10T18:54:00.000,0.64,32.67,0.54,0.35
2025-08-10T18:55:00.000,0.66,35.90,0.54,0.39
2025-08-10T18:56:00.000,0.62,34.23,0.52,0.35
2025-08-10T18:57:00.000,0.66,32.52,0.56,0.35
2025-08-10T18:58:00.000,0.68,37.10,0.54,0.41
2025-08-10T18:59:00.000,0.70,35.43,0.57,0.40
2025-08-10T19:00:00.000,0.70,35.45,0.57,0.40
2025-08-10T19:01:00.000,0.68,33.50,0.56,0.37
2025-08-10T19:02:00.000,0.58,31.31,0.50,0.30
2025-08-10T19:03:00.000,0.53,27.26,0.47,0.24
2025-08-10T19:04:00.000,0.48,24.34,0.43,0.20
2025-08-10T19:05:00.000,0.30,38.85,0.23,0.19
2025-08-10T19:06:00.000,0.29,28.48,0.25,0.14
2025-08-10T19:07:00.000,0.29,30.92,0.25,0.15
2025-08-10T19:08:00.000,0.37,31.71,0.32,0.20
2025-08-10T19:09:00.000,0.39,32.90,0.33,0.21
2025-08-10T19:10:00.000,0.42,32.10,0.35,0.22
2025-08-10T19:11:00.000,0.49,38.64,0.38,0.31
2025-08-10T19:12:00.000,0.50,41.88,0.38,0.34
2025-08-10T19:13:00.000,0.48,50.28,0.31,0.37
2025-08-10T19:14:00.000,0.49,49.38,0.32,0.37
2025-08-10T19:15:00.000,0.51,38.49,0.40,0.31
2025-08-10T19:16:00.000,0.51,31.79,0.44,0.27
2025-08-10T19:17:00.000,0.47,32.91,0.40,0.26
2025-08-10T19:18:00.000,0.49,30.46,0.42,0.25
2025-08-10T19:19:00.000,0.49,31.24,0.42,0.26
2025-08-10T19:20:00.000,0.50,30.85,0.43,0.26
2025-08-10T19:21:00.000,0.51,28.04,0.45,0.24
2025-08-10T19:22:00.000,0.48,27.43,0.43,0.22
2025-08-10T19:23:00.000,0.48,30.28,0.41,0.24
2025-08-10T19:24:00.000,0.45,24.23,0.41,0.19
2025-08-10T19:25:00.000,0.44,23.41,0.41,0.18
2025-08-10T19:26:00.000,0.40,18.32,0.38,0.13
2025-08-10T19:27:00.000,0.38,11.33,0.37,0.07
2025-08-10T19:28:00.000,0.36,18.96,0.34,0.12
2025-08-10T19:29:00.000,0.40,22.58,0.37,0.15
2025-08-10T19:30:00.000,0.43,24.72,0.39,0.18
2025-08-10T19:31:00.000,0.44,27.16,0.40,0.20
2025-08-10T19:32:00.000,0.46,29.10,0.40,0.22
2025-08-10T19:33:00.000,0.47,30.07,0.40,0.23
2025-08-10T19:34:00.000,0.46,30.05,0.40,0.23
2025-08-10T19:35:00.000,0.46,30.84,0.40,0.24
2025-08-10T19:36:00.000,0.46,29.34,0.40,0.23
2025-08-10T19:37:00.000,0.46,32.48,0.39,0.25
2025-08-10T19:38:00.000,0.47,32.70,0.40,0.25
2025-08-10T19:39:00.000,0.47,30.68,0.41,0.24
2025-08-10T19:40:00.000,0.47,29.66,0.41,0.23
2025-08-10T19:41:00.000,0.47,34.21,0.39,0.27
2025-08-10T19:42:00.000,0.45,33.52,0.38,0.25
2025-08-10T19:43:00.000,0.48,25.19,0.43,0.20
2025-08-10T19:44:00.000,0.50,29.43,0.44,0.25
2025-08-10T19:45:00.000,0.48,31.83,0.40,0.25
2025-08-10T19:46:00.000,0.48,30.44,0.41,0.24
2025-08-10T19:47:00.000,0.46,29.46,0.40,0.22
2025-08-10T19:48:00.000,0.50,27.80,0.44,0.23
2025-08-10T19:49:00.000,0.50,27.56,0.44,0.23
2025-08-10T19:50:00.000,0.51,30.19,0.44,0.26
2025-08-10T19:51:00.000,0.53,21.58,0.49,0.19
2025-08-10T19:52:00.000,0.52,26.86,0.46,0.23
2025-08-10T19:53:00.000,0.61,35.64,0.50,0.36
2025-08-10T19:54:00.000,0.68,39.89,0.52,0.44
2025-08-10T19:55:00.000,0.68,38.77,0.53,0.43
2025-08-10T19:56:00.000,0.67,36.48,0.54,0.40
2025-08-10T19:57:00.000,0.64,34.18,0.53,0.36
2025-08-10T19:58:00.000,0.57,37.91,0.45,0.35
2025-08-10T19:59:00.000,0.54,38.98,0.42,0.34
2025-08-10T20:00:00.000,0.52,34.06,0.43,0.29
2025-08-10T20:01:00.000,0.51,33.94,0.42,0.28
2025-08-10T20:02:00.000,0.50,35.22,0.41,0.29
2025-08-10T20:03:00.000,0.52,37.83,0.41,0.32
2025-08-10T20:04:00.000,0.54,39.73,0.41,0.34
2025-08-10T20:05:00.000,0.55,39.46,0.43,0.35
2025-08-10T20:06:00.000,0.61,42.80,0.45,0.41
2025-08-10T20:07:00.000,0.56,40.76,0.43,0.37
2025-08-10T20:08:00.000,0.60,44.94,0.42,0.42
2025-08-10T20:09:00.000,0.58,44.05,0.42,0.41
2025-08-10T20:10:00.000,0.57,39.78,0.44,0.37
2025-08-10T20:11:00.000,0.52,35.46,0.42,0.30
2025-08-10T20:12:00.000,0.50,35.04,0.41,0.29
2025-08-10T20:13:00.000,0.51,32.48,0.43,0.28
2025-08-10T20:14:00.000,0.52,33.77,0.43,0.29
2025-08-10T20:15:00.000,0.52,35.75,0.42,0.31
2025-08-10T20:16:00.000,0.53,35.05,0.43,0.30
2025-08-10T20:17:00.000,0.54,36.01,0.44,0.32
2025-08-10T20:18:00.000,0.54,35.38,0.44,0.31
2025-08-10T20:19:00.000,0.50,32.29,0.43,0.27
2025-08-10T20:20:00.000,0.50,31.77,0.42,0.26
2025-08-10T20:21:00.000,0.51,32.65,0.43,0.28
2025-08-10T20:22:00.000,0.53,32.70,0.44,0.28
2025-08-10T20:23:00.000,0.53,32.98,0.44,0.29
2025-08-10T20:24:00.000,0.52,31.96,0.44,0.28
2025-08-10T20:25:00.000,0.55,33.48,0.46,0.30
2025-08-10T20:26:00.000,0.55,32.07,0.46,0.29
2025-08-10T20:27:00.000,0.56,32.00,0.47,0.30
2025-08-10T20:28:00.000,0.61,35.33,0.50,0.35
2025-08-10T20:29:00.000,0.63,37.47,0.50,0.38
2025-08-10T20:30:00.000,0.66,32.93,0.55,0.36
2025-08-10T20:31:00.000,0.61,35.78,0.50,0.36
2025-08-10T20:32:00.000,0.57,35.58,0.47,0.33
2025-08-10T20:33:00.000,0.55,33.03,0.46,0.30
2025-08-10T20:34:00.000,0.57,33.41,0.47,0.31
2025-08-10T20:35:00.000,0.57,33.78,0.47,0.32
2025-08-10T20:36:00.000,0.59,38.74,0.46,0.37
2025-08-10T20:37:00.000,0.57,29.50,0.50,0.28
2025-08-10T20:38:00.000,0.57,35.00,0.47,0.33
2025-08-10T20:39:00.000,0.53,31.37,0.45,0.28
2025-08-10T20:40:00.000,0.55,32.78,0.46,0.30
2025-08-10T20:41:00.000,0.65,36.20,0.52,0.38
2025-08-10T20:42:00.000,0.63,35.47,0.51,0.37
2025-08-10T20:43:00.000,0.67,34.63,0.55,0.38
2025-08-10T20:44:00.000,0.91,39.98,0.70,0.59
2025-08-10T20:45:00.000,0.87,38.61,0.68,0.54
2025-08-10T20:46:00.000,0.87,39.62,0.67,0.55
2025-08-10T20:47:00.000,0.83,38.45,0.65,0.51
2025-08-10T20:48:00.000,0.85,39.55,0.66,0.54
2025-08-10T20:49:00.000,0.91,40.75,0.69,0.59
2025-08-10T20:50:00.000,0.83,33.37,0.70,0.46
2025-08-10T20:51:00.000,0.71,29.64,0.62,0.35
2025-08-10T20:52:00.000,0.71,23.22,0.65,0.28
2025-08-10T20:53:00.000,0.66,19.32,0.63,0.22
2025-08-10T20:54:00.000,0.62,23.08,0.57,0.24
2025-08-10T20:55:00.000,0.64,20.92,0.60,0.23
2025-08-10T20:56:00.000,0.63,24.81,0.58,0.27
2025-08-10T20:57:00.000,0.61,23.82,0.56,0.25
2025-08-10T20:58:00.000,0.60,23.60,0.55,0.24
2025-08-10T20:59:00.000,0.58,23.88,0.53,0.23
2025-08-10T21:00:00.000,0.57,23.80,0.52,0.23
2025-08-10T21:01:00.000,0.58,24.87,0.52,0.24
2025-08-10T21:02:00.000,0.58,27.70,0.51,0.27
2025-08-10T21:03:00.000,0.58,32.39,0.49,0.31
2025-08-10T21:04:00.000,0.61,33.39,0.51,0.33
2025-08-10T21:05:00.000,0.59,30.31,0.51,0.30
2025-08-10T21:06:00.000,0.64,40.01,0.49,0.41
2025-08-10T21:07:00.000,0.60,30.39,0.51,0.30
2025-08-10T21:08:00.000,0.60,32.92,0.50,0.33
2025-08-10T21:09:00.000,0.59,32.29,0.50,0.31
2025-08-10T21:10:00.000,0.59,42.94,0.43,0.40
2025-08-10T21:11:00.000,0.51,34.15,0.42,0.28
2025-08-10T21:12:00.000,0.47,26.44,0.42,0.21
2025-08-10T21:13:00.000,0.47,1.51,0.47,0.01
2025-08-10T21:14:00.000,0.38,32.46,0.32,0.20
2025-08-10T21:15:00.000,0.41,38.21,0.32,0.25
2025-08-10T21:16:00.000,0.38,29.81,0.33,0.19
2025-08-10T21:17:00.000,0.36,29.34,0.31,0.17
2025-08-10T21:18:00.000,0.40,29.80,0.35,0.20
2025-08-10T21:19:00.000,0.36,32.14,0.31,0.19
2025-08-10T21:20:00.000,0.36,31.89,0.30,0.19
2025-08-10T21:21:00.000,0.43,31.44,0.37,0.23
2025-08-10T21:22:00.000,0.46,25.06,0.42,0.19
2025-08-10T21:23:00.000,0.46,29.12,0.40,0.23
2025-08-10T21:24:00.000,0.47,29.72,0.41,0.23
2025-08-10T21:25:00.000,0.46,25.81,0.42,0.20
2025-08-10T21:26:00.000,0.46,24.56,0.41,0.19
2025-08-10T21:27:00.000,0.47,26.74,0.42,0.21
2025-08-10T21:28:00.000,0.51,27.19,0.45,0.23
2025-08-10T21:29:00.000,0.50,25.82,0.45,0.22
2025-08-10T21:30:00.000,0.49,27.81,0.43,0.23
2025-08-10T21:31:00.000,0.49,24.66,0.45,0.20
2025-08-10T21:32:00.000,0.47,25.08,0.43,0.20
2025-08-10T21:33:00.000,0.46,23.26,0.42,0.18
2025-08-10T21:34:00.000,0.45,22.02,0.42,0.17
2025-08-10T21:35:00.000,0.42,22.40,0.39,0.16
2025-08-10T21:36:00.000,0.42,23.14,0.39,0.17
2025-08-10T21:37:00.000,0.43,23.55,0.40,0.17
2025-08-10T21:38:00.000,0.42,24.59,0.38,0.18
2025-08-10T21:39:00.000,0.45,23.69,0.41,0.18
2025-08-10T21:40:00.000,0.46,23.73,0.42,0.18
2025-08-10T21:41:00.000,0.46,24.89,0.42,0.19
2025-08-10T21:42:00.000,0.46,27.09,0.41,0.21
2025-08-10T21:43:00.000,0.46,28.00,0.41,0.22
2025-08-10T21:44:00.000,0.46,27.35,0.41,0.21
2025-08-10T21:45:00.000,0.47,26.59,0.42,0.21
2025-08-10T21:46:00.000,0.46,27.62,0.41,0.21
2025-08-10T21:47:00.000,0.45,29.42,0.39,0.22
2025-08-10T21:48:00.000,0.47,28.81,0.41,0.23
2025-08-10T21:49:00.000,0.47,30.02,0.40,0.23
2025-08-10T21:50:00.000,0.46,30.77,0.39,0.23
2025-08-10T21:51:00.000,0.45,27.87,0.40,0.21
2025-08-10T21:52:00.000,0.44,28.10,0.39,0.21
2025-08-10T21:53:00.000,0.42,25.95,0.37,0.18
2025-08-10T21:54:00.000,0.38,25.01,0.35,0.16
2025-08-10T21:55:00.000,0.40,23.51,0.37,0.16
2025-08-10T21:56:00.000,0.43,21.05,0.41,0.16
2025-08-10T21:57:00.000,0.43,23.63,0.40,0.17
2025-08-10T21:58:00.000,0.44,19.52,0.41,0.15
2025-08-10T21:59:00.000,0.45,11.94,0.44,0.09
2025-08-10T22:00:00.000,0.48,9.23,0.48,0.08
2025-08-10T22:01:00.000,0.45,15.32,0.43,0.12
2025-08-10T22:02:00.000,0.43,20.92,0.40,0.15
2025-08-10T22:03:00.000,0.40,23.80,0.36,0.16
2025-08-10T22:04:00.000,0.41,24.90,0.37,0.17
2025-08-10T22:05:00.000,0.42,26.97,0.37,0.19
2025-08-10T22:06:00.000,0.44,26.76,0.39,0.20
2025-08-10T22:07:00.000,0.46,27.98,0.41,0.22
2025-08-10T22:08:00.000,0.47,27.96,0.41,0.22
2025-08-10T22:09:00.000,0.49,31.66,0.42,0.26
2025-08-10T22:10:00.000,0.49,32.43,0.41,0.26
2025-08-10T22:11:00.000,0.48,30.69,0.41,0.24
2025-08-10T22:12:00.000,0.47,28.79,0.41,0.23
2025-08-10T22:13:00.000,0.47,28.10,0.41,0.22
2025-08-10T22:14:00.000,0.47,28.51,0.41,0.22
2025-08-10T22:15:00.000,0.46,27.23,0.41,0.21
2025-08-10T22:16:00.000,0.44,25.57,0.40,0.19
2025-08-10T22:17:00.000,0.45,28.55,0.39,0.21
2025-08-10T22:18:00.000,0.46,30.27,0.40,0.23
2025-08-10T22:19:00.000,0.48,30.69,0.42,0.25
2025-08-10T22:20:00.000,0.52,29.03,0.46,0.25
2025-08-10T22:21:00.000,0.57,26.10,0.51,0.25
2025-08-10T22:22:00.000,0.56,28.20,0.49,0.26
2025-08-10T22:23:00.000,0.47,28.75,0.41,0.23
2025-08-10T22:24:00.000,0.44,29.21,0.38,0.21
2025-08-10T22:25:00.000,0.42,29.46,0.37,0.21
2025-08-10T22:26:00.000,0.45,28.79,0.40,0.22
2025-08-10T22:27:00.000,0.44,27.56,0.39,0.20
2025-08-10T22:28:00.000,0.43,27.45,0.38,0.20
2025-08-10T22:29:00.000,0.43,26.69,0.38,0.19
2025-08-10T22:30:00.000,0.45,26.26,0.40,0.20
2025-08-10T22:31:00.000,0.46,27.20,0.41,0.21
2025-08-10T22:32:00.000,0.46,28.12,0.41,0.22
2025-08-10T22:33:00.000,0.46,25.92,0.41,0.20
2025-08-10T22:34:00.000,0.48,17.93,0.46,0.15
2025-08-10T22:35:00.000,0.46,23.06,0.43,0.18
2025-08-10T22:36:00.000,0.43,18.58,0.41,0.14
2025-08-10T22:37:00.000,0.41,4.54,0.41,0.03
2025-08-10T22:38:00.000,0.33,0.74,0.33,0.00
2025-08-10T22:39:00.000,0.35,352.20,0.35,-0.05
2025-08-10T22:40:00.000,0.43,348.43,0.42,-0.09
2025-08-10T22:41:00.000,0.41,2.55,0.41,0.02
2025-08-10T22:42:00.000,0.42,8.10,0.42,0.06
2025-08-10T22:43:00.000,0.48,8.20,0.47,0.07
2025-08-10T22:44:00.000,0.44,17.04,0.42,0.13
2025-08-10T22:45:00.000,0.44,14.51,0.43,0.11
2025-08-10T22:46:00.000,0.47,3.41,0.47,0.03
2025-08-10T22:47:00.000,0.42,12.70,0.41,0.09
2025-08-10T22:48:00.000,0.42,358.50,0.42,-0.01
2025-08-10T22:49:00.000,0.38,3.43,0.38,0.02
2025-08-10T22:50:00.000,0.38,5.25,0.38,0.03
2025-08-10T22:51:00.000,0.40,359.34,0.40,-0.00
2025-08-10T22:52:00.000,0.41,14.87,0.40,0.11
2025-08-10T22:53:00.000,0.44,17.26,0.42,0.13
2025-08-10T22:54:00.000,0.47,17.10,0.45,0.14
2025-08-10T22:55:00.000,0.47,24.01,0.43,0.19
2025-08-10T22:56:00.000,0.52,23.22,0.48,0.21
2025-08-10T22:57:00.000,0.47,22.54,0.43,0.18
2025-08-10T22:58:00.000,0.46,23.37,0.42,0.18
2025-08-10T22:59:00.000,0.48,16.43,0.46,0.14
2025-08-10T23:00:00.000,0.45,22.59,0.42,0.17
2025-08-10T23:01:00.000,0.50,20.73,0.47,0.18
2025-08-10T23:02:00.000,0.47,24.21,0.43,0.19
2025-08-10T23:03:00.000,0.50,24.21,0.46,0.21
2025-08-10T23:04:00.000,0.51,24.16,0.47,0.21
2025-08-10T23:05:00.000,0.50,34.61,0.41,0.29
2025-08-10T23:06:00.000,0.61,24.29,0.55,0.25
2025-08-10T23:07:00.000,0.53,32.38,0.45,0.28
2025-08-10T23:08:00.000,0.54,31.78,0.46,0.28
2025-08-10T23:09:00.000,0.54,27.94,0.48,0.26
2025-08-10T23:10:00.000,0.47,31.00,0.40,0.24
2025-08-10T23:11:00.000,0.52,24.34,0.47,0.21
2025-08-10T23:12:00.000,0.46,26.96,0.41,0.21
2025-08-10T23:13:00.000,0.46,27.80,0.41,0.21
2025-08-10T23:14:00.000,0.46,29.10,0.40,0.22
2025-08-10T23:15:00.000,0.48,30.71,0.41,0.24
2025-08-10T23:16:00.000,0.49,35.11,0.40,0.28
2025-08-10T23:17:00.000,0.52,33.57,0.43,0.29
2025-08-10T23:18:00.000,0.57,33.69,0.48,0.32
2025-08-10T23:19:00.000,0.52,33.51,0.43,0.29
2025-08-10T23:20:00.000,0.49,28.53,0.43,0.24
2025-08-10T23:21:00.000,0.46,27.33,0.41,0.21
2025-08-10T23:22:00.000,0.47,26.57,0.42,0.21
2025-08-10T23:23:00.000,0.47,27.74,0.42,0.22
2025-08-10T23:24:00.000,0.44,27.75,0.39,0.21
2025-08-10T23:25:00.000,0.47,24.37,0.42,0.19
2025-08-10T23:26:00.000,0.44,25.05,0.40,0.19
2025-08-10T23:27:00.000,0.43,22.59,0.40,0.17
2025-08-10T23:28:00.000,0.44,24.33,0.40,0.18
2025-08-10T23:29:00.000,0.45,24.76,0.41,0.19
2025-08-10T23:30:00.000,0.43,22.83,0.40,0.17
2025-08-10T23:31:00.000,0.43,20.20,0.40,0.15
2025-08-10T23:32:00.000,0.39,12.84,0.38,0.09
2025-08-10T23:33:00.000,0.30,2.48,0.30,0.01
2025-08-10T23:34:00.000,0.35,1.21,0.35,0.01
2025-08-10T23:35:00.000,0.31,356.87,0.31,-0.02
2025-08-10T23:36:00.000,0.36,357.51,0.36,-0.02
2025-08-10T23:37:00.000,0.36,5.74,0.36,0.04
2025-08-10T23:38:00.000,0.36,5.34,0.36,0.03
2025-08-10T23:39:00.000,0.43,13.60,0.41,0.10
2025-08-10T23:40:00.000,0.44,22.33,0.41,0.17
2025-08-10T23:41:00.000,0.45,21.01,0.42,0.16
2025-08-10T23:42:00.000,0.45,21.98,0.42,0.17
2025-08-10T23:43:00.000,0.44,20.09,0.41,0.15
2025-08-10T23:44:00.000,0.46,20.25,0.43,0.16
2025-08-10T23:45:00.000,0.44,23.42,0.40,0.18
2025-08-10T23:46:00.000,0.45,22.86,0.41,0.17
2025-08-10T23:47:00.000,0.45,25.14,0.40,0.19
2025-08-10T23:48:00.000,0.42,18.49,0.40,0.13
2025-08-10T23:49:00.000,0.41,21.12,0.38,0.15
2025-08-10T23:50:00.000,0.47,26.25,0.43,0.21
2025-08-10T23:51:00.000,0.46,25.39,0.41,0.20
2025-08-10T23:52:00.000,0.47,24.50,0.42,0.19
2025-08-10T23:53:00.000,0.55,29.13,0.48,0.27
2025-08-10T23:54:00.000,0.50,26.99,0.45,0.23
2025-08-10T23:55:00.000,0.53,28.00,0.47,0.25
2025-08-10T23:56:00.000,0.47,26.43,0.42,0.21
2025-08-10T23:57:00.000,0.49,28.70,0.43,0.24
2025-08-10T23:58:00.000,0.56,34.36,0.46,0.32
2025-08-10T23:59:00.000,0.50,30.86,0.43,0.26
2025-08-11T00:00:00.000,0.53,34.24,0.44,0.30
2025-08-11T00:01:00.000,0.63,43.08,0.46,0.43
2025-08-11T00:02:00.000,0.65,45.51,0.45,0.46
2025-08-11T00:03:00.000,0.78,48.90,0.52,0.59
2025-08-11T00:04:00.000,0.88,48.93,0.58,0.66
2025-08-11T00:05:00.000,0.71,47.05,0.48,0.52
2025-08-11T00:06:00.000,0.82,41.70,0.61,0.55
2025-08-11T00:07:00.000,0.63,42.57,0.46,0.42
2025-08-11T00:08:00.000,0.60,41.80,0.45,0.40
2025-08-11T00:09:00.000,0.58,40.28,0.45,0.38
2025-08-11T00:10:00.000,0.60,45.49,0.42,0.43
2025-08-11T00:11:00.000,0.59,45.53,0.41,0.42
2025-08-11T00:12:00.000,0.67,47.91,0.45,0.49
2025-08-11T00:13:00.000,0.62,44.13,0.45,0.43
2025-08-11T00:14:00.000,0.65,41.30,0.49,0.43
2025-08-11T00:15:00.000,0.58,41.81,0.43,0.39
2025-08-11T00:16:00.000,0.63,44.02,0.45,0.44
2025-08-11T00:17:00.000,0.78,51.46,0.49,0.61
2025-08-11T00:18:00.000,0.59,46.85,0.40,0.43
2025-08-11T00:19:00.000,0.56,47.60,0.38,0.42
2025-08-11T00:20:00.000,0.59,45.56,0.41,0.42
2025-08-11T00:21:00.000,0.48,44.49,0.35,0.34
2025-08-11T00:22:00.000,0.52,46.75,0.36,0.38
2025-08-11T00:23:00.000,0.53,44.64,0.38,0.37
2025-08-11T00:24:00.000,0.52,50.06,0.33,0.40
2025-08-11T00:25:00.000,0.59,48.70,0.39,0.44
2025-08-11T00:26:00.000,0.55,42.76,0.41,0.38
2025-08-11T00:27:00.000,0.53,40.81,0.40,0.34
2025-08-11T00:28:00.000,0.51,34.87,0.42,0.29
2025-08-11T00:29:00.000,0.49,34.58,0.40,0.28
2025-08-11T00:30:00.000,0.48,38.36,0.38,0.30
2025-08-11T00:31:00.000,0.46,32.60,0.39,0.25
2025-08-11T00:32:00.000,0.39,29.52,0.34,0.19
2025-08-11T00:33:00.000,0.45,28.93,0.40,0.22
2025-08-11T00:34:00.000,0.42,29.72,0.37,0.21
2025-08-11T00:35:00.000,0.47,29.85,0.41,0.24
2025-08-11T00:36:00.000,0.48,26.30,0.43,0.21
2025-08-11T00:37:00.000,0.47,23.52,0.43,0.19
2025-08-11T00:38:00.000,0.51,27.84,0.45,0.24
2025-08-11T00:39:00.000,0.47,25.77,0.42,0.20
2025-08-11T00:40:00.000,0.49,28.33,0.43,0.23
2025-08-11T00:41:00.000,0.49,26.70,0.44,0.22
2025-08-11T00:42:00.000,0.48,28.22,0.42,0.22
2025-08-11T00:43:00.000,0.47,26.62,0.42,0.21
2025-08-11T00:44:00.000,0.48,27.44,0.42,0.22
2025-08-11T00:45:00.000,0.47,25.32,0.42,0.20
2025-08-11T00:46:00.000,0.48,27.68,0.42,0.22
2025-08-11T00:47:00.000,0.47,24.82,0.42,0.20
2025-08-11T00:48:00.000,0.47,26.25,0.42,0.21
2025-08-11T00:49:00.000,0.51,29.68,0.44,0.25
2025-08-11T00:50:00.000,0.49,25.86,0.44,0.21
2025-08-11T00:51:00.000,0.49,23.38,0.45,0.20
2025-08-11T00:52:00.000,0.46,24.17,0.42,0.19
2025-08-11T00:53:00.000,0.47,29.94,0.40,0.23
2025-08-11T00:54:00.000,0.46,26.15,0.41,0.20
2025-08-11T00:55:00.000,0.48,30.87,0.42,0.25
2025-08-11T00:56:00.000,0.49,38.33,0.39,0.30
2025-08-11T00:57:00.000,0.48,30.33,0.41,0.24
2025-08-11T00:58:00.000,0.44,32.14,0.37,0.23
2025-08-11T00:59:00.000,0.48,35.33,0.39,0.28
2025-08-11T01:00:00.000,0.49,39.52,0.37,0.31
2025-08-11T01:01:00.000,0.49,41.23,0.37,0.32
2025-08-11T01:02:00.000,0.49,38.38,0.39,0.31
2025-08-11T01:03:00.000,0.54,44.65,0.38,0.38
2025-08-11T01:04:00.000,0.45,37.57,0.36,0.27
2025-08-11T01:05:00.000,0.44,32.36,0.37,0.24
2025-08-11T01:06:00.000,0.43,35.60,0.35,0.25
2025-08-11T01:07:00.000,0.46,35.17,0.38,0.27
2025-08-11T01:08:00.000,0.45,32.07,0.38,0.24
2025-08-11T01:09:00.000,0.44,30.34,0.38,0.22
2025-08-11T01:10:00.000,0.44,28.53,0.39,0.21
2025-08-11T01:11:00.000,0.44,27.48,0.39,0.20
2025-08-11T01:12:00.000,0.43,24.84,0.39,0.18
2025-08-11T01:13:00.000,0.42,26.97,0.38,0.19
2025-08-11T01:14:00.000,0.42,26.96,0.37,0.19
2025-08-11T01:15:00.000,0.42,26.34,0.38,0.19
2025-08-11T01:16:00.000,0.43,26.94,0.39,0.20
2025-08-11T01:17:00.000,0.44,29.02,0.38,0.21
2025-08-11T01:18:00.000,0.43,30.90,0.37,0.22
2025-08-11T01:19:00.000,0.44,30.04,0.38,0.22
2025-08-11T01:20:00.000,0.43,29.19,0.37,0.21
2025-08-11T01:21:00.000,0.44,29.41,0.39,0.22
2025-08-11T01:22:00.000,0.44,26.50,0.40,0.20
2025-08-11T01:23:00.000,0.44,23.97,0.41,0.18
2025-08-11T01:24:00.000,0.44,25.74,0.40,0.19
2025-08-11T01:25:00.000,0.45,26.36,0.40,0.20
2025-08-11T01:26:00.000,0.44,19.47,0.42,0.15
2025-08-11T01:27:00.000,0.49,13.22,0.48,0.11
2025-08-11T01:28:00.000,0.51,10.87,0.50,0.10
2025-08-11T01:29:00.000,0.52,12.65,0.50,0.11
2025-08-11T01:30:00.000,0.54,13.43,0.53,0.13
2025-08-11T01:31:00.000,0.53,15.60,0.51,0.14
2025-08-11T01:32:00.000,0.49,12.44,0.48,0.11
2025-08-11T01:33:00.000,0.50,8.98,0.49,0.08
2025-08-11T01:34:00.000,0.45,10.76,0.44,0.08
2025-08-11T01:35:00.000,0.45,20.51,0.42,0.16
2025-08-11T01:36:00.000,0.46,21.83,0.43,0.17
2025-08-11T01:37:00.000,0.47,22.14,0.43,0.18
2025-08-11T01:38:00.000,0.49,25.61,0.45,0.21
2025-08-11T01:39:00.000,0.49,27.00,0.44,0.22
2025-08-11T01:40:00.000,0.54,32.37,0.45,0.29
2025-08-11T01:41:00.000,0.48,28.34,0.42,0.23
2025-08-11T01:42:00.000,0.54,31.69,0.46,0.28
2025-08-11T01:43:00.000,0.61,39.82,0.47,0.39
2025-08-11T01:44:00.000,0.51,33.30,0.43,0.28
2025-08-11T01:45:00.000,0.51,34.74,0.42,0.29
2025-08-11T01:46:00.000,0.60,44.88,0.42,0.42
2025-08-11T01:47:00.000,0.54,34.56,0.44,0.31
2025-08-11T01:48:00.000,0.63,43.14,0.46,0.43
2025-08-11T01:49:00.000,0.61,43.72,0.44,0.42
2025-08-11T01:50:00.000,0.61,40.84,0.46,0.40
2025-08-11T01:51:00.000,0.58,34.97,0.48,0.33
2025-08-11T01:52:00.000,0.48,29.22,0.42,0.24
2025-08-11T01:53:00.000,0.58,37.81,0.46,0.36
2025-08-11T01:54:00.000,0.56,31.58,0.48,0.29
2025-08-11T01:55:00.000,0.47,24.13,0.43,0.19
2025-08-11T01:56:00.000,0.45,25.56,0.41,0.19
2025-08-11T01:57:00.000,0.52,26.91,0.46,0.24
2025-08-11T01:58:00.000,0.58,25.74,0.52,0.25
2025-08-11T01:59:00.000,0.48,29.91,0.41,0.24
2025-08-11T02:00:00.000,0.50,25.57,0.45,0.22
2025-08-11T02:01:00.000,0.50,28.91,0.44,0.24
2025-08-11T02:02:00.000,0.51,26.00,0.46,0.22
2025-08-11T02:03:00.000,0.54,22.20,0.50,0.20
2025-08-11T02:04:00.000,0.48,23.70,0.44,0.19
2025-08-11T02:05:00.000,0.46,23.57,0.42,0.18
2025-08-11T02:06:00.000,0.43,18.24,0.41,0.14
2025-08-11T02:07:00.000,0.44,23.82,0.40,0.18
2025-08-11T02:08:00.000,0.43,25.98,0.39,0.19
2025-08-11T02:09:00.000,0.41,22.97,0.38,0.16
2025-08-11T02:10:00.000,0.42,22.41,0.39,0.16
2025-08-11T02:11:00.000,0.44,27.88,0.39,0.21
2025-08-11T02:12:00.000,0.46,27.55,0.41,0.21
2025-08-11T02:13:00.000,0.42,23.04,0.38,0.16
2025-08-11T02:14:00.000,0.39,19.27,0.37,0.13
2025-08-11T02:15:00.000,0.43,25.62,0.39,0.19
2025-08-11T02:16:00.000,0.42,22.75,0.39,0.16
2025-08-11T02:17:00.000,0.42,19.80,0.39,0.14
2025-08-11T02:18:00.000,0.42,22.14,0.39,0.16
2025-08-11T02:19:00.000,0.44,22.54,0.41,0.17
2025-08-11T02:20:00.000,0.42,18.63,0.40,0.13
2025-08-11T02:21:00.000,0.45,25.56,0.40,0.19
2025-08-11T02:22:00.000,0.45,25.91,0.41,0.20
2025-08-11T02:23:00.000,0.45,25.23,0.41,0.19
2025-08-11T02:24:00.000,0.47,27.56,0.42,0.22
2025-08-11T02:25:00.000,0.56,30.76,0.48,0.29
2025-08-11T02:26:00.000,0.49,26.18,0.44,0.22
2025-08-11T02:27:00.000,0.46,24.86,0.42,0.19
2025-08-11T02:28:00.000,0.44,23.99,0.40,0.18
2025-08-11T02:29:00.000,0.45,25.00,0.41,0.19
2025-08-11T02:30:00.000,0.47,27.58,0.41,0.22
2025-08-11T02:31:00.000,0.48,27.34,0.43,0.22
2025-08-11T02:32:00.000,0.51,28.47,0.45,0.24
2025-08-11T02:33:00.000,0.59,36.47,0.47,0.35
2025-08-11T02:34:00.000,0.55,29.72,0.47,0.27
2025-08-11T02:35:00.000,0.53,36.16,0.43,0.31
2025-08-11T02:36:00.000,0.56,31.97,0.48,0.30
2025-08-11T02:37:00.000,0.52,38.48,0.40,0.32
2025-08-11T02:38:00.000,0.44,36.80,0.35,0.26
2025-08-11T02:39:00.000,0.45,32.36,0.38,0.24
2025-08-11T02:40:00.000,0.46,29.84,0.40,0.23
2025-08-11T02:41:00.000,0.46,28.42,0.40,0.22
2025-08-11T02:42:00.000,0.49,29.04,0.43,0.24
2025-08-11T02:43:00.000,0.50,36.81,0.40,0.30
2025-08-11T02:44:00.000,0.63,39.56,0.48,0.40
2025-08-11T02:45:00.000,0.63,28.90,0.56,0.31
2025-08-11T02:46:00.000,0.75,32.33,0.63,0.40
2025-08-11T02:47:00.000,0.65,29.18,0.57,0.32
2025-08-11T02:48:00.000,0.57,26.80,0.51,0.26
2025-08-11T02:49:00.000,0.52,34.86,0.42,0.30
2025-08-11T02:50:00.000,0.43,32.40,0.37,0.23
2025-08-11T02:51:00.000,0.45,29.77,0.39,0.22
2025-08-11T02:52:00.000,0.45,27.96,0.40,0.21
2025-08-11T02:53:00.000,0.47,29.74,0.41,0.23
2025-08-11T02:54:00.000,0.55,39.07,0.43,0.35
2025-08-11T02:55:00.000,0.52,37.02,0.42,0.31
2025-08-11T02:56:00.000,0.50,30.68,0.43,0.25
2025-08-11T02:57:00.000,0.51,31.60,0.43,0.27
2025-08-11T02:58:00.000,0.50,30.33,0.43,0.25
2025-08-11T02:59:00.000,0.51,33.77,0.42,0.28
2025-08-11T03:00:00.000,0.44,24.71,0.40,0.19
2025-08-11T03:01:00.000,0.39,19.82,0.37,0.13
2025-08-11T03:02:00.000,0.43,23.94,0.39,0.17
2025-08-11T03:03:00.000,0.39,21.86,0.36,0.14
2025-08-11T03:04:00.000,0.42,19.19,0.40,0.14
2025-08-11T03:05:00.000,0.43,20.61,0.40,0.15
2025-08-11T03:06:00.000,0.45,22.76,0.41,0.17
2025-08-11T03:07:00.000,0.47,25.96,0.42,0.21
2025-08-11T03:08:00.000,0.47,25.47,0.43,0.20
2025-08-11T03:09:00.000,0.48,25.91,0.43,0.21
2025-08-11T03:10:00.000,0.47,24.33,0.43,0.19
2025-08-11T03:11:00.000,0.47,23.41,0.43,0.19
2025-08-11T03:12:00.000,0.47,23.90,0.43,0.19
2025-08-11T03:13:00.000,0.43,21.47,0.40,0.16
2025-08-11T03:14:00.000,0.40,19.16,0.38,0.13
2025-08-11T03:15:00.000,0.40,16.64,0.38,0.11
2025-08-11T03:16:00.000,0.40,16.59,0.38,0.11
2025-08-11T03:17:00.000,0.45,24.76,0.40,0.19
2025-08-11T03:18:00.000,0.45,24.10,0.41,0.19
2025-08-11T03:19:00.000,0.45,23.04,0.42,0.18
2025-08-11T03:20:00.000,0.49,26.19,0.44,0.22
2025-08-11T03:21:00.000,0.53,26.90,0.47,0.24
2025-08-11T03:22:00.000,0.47,22.89,0.43,0.18
2025-08-11T03:23:00.000,0.47,23.03,0.43,0.18
2025-08-11T03:24:00.000,0.46,23.25,0.42,0.18
2025-08-11T03:25:00.000,0.47,20.36,0.44,0.16
2025-08-11T03:26:00.000,0.48,21.24,0.45,0.18
2025-08-11T03:27:00.000,0.45,23.27,0.41,0.18
2025-08-11T03:28:00.000,0.48,23.60,0.44,0.19
2025-08-11T03:29:00.000,0.50,23.41,0.46,0.20
2025-08-11T03:30:00.000,0.52,26.96,0.46,0.23
2025-08-11T03:31:00.000,0.59,33.22,0.49,0.32
2025-08-11T03:32:00.000,0.55,28.54,0.48,0.26
2025-08-11T03:33:00.000,0.48,27.08,0.43,0.22
2025-08-11T03:34:00.000,0.49,26.61,0.44,0.22
2025-08-11T03:35:00.000,0.49,24.41,0.44,0.20
2025-08-11T03:36:00.000,0.43,23.81,0.40,0.17
2025-08-11T03:37:00.000,0.44,24.47,0.40,0.18
2025-08-11T03:38:00.000,0.45,26.74,0.40,0.20
2025-08-11T03:39:00.000,0.46,26.98,0.41,0.21
2025-08-11T03:40:00.000,0.51,28.82,0.44,0.24
2025-08-11T03:41:00.000,0.49,40.28,0.37,0.31
2025-08-11T03:42:00.000,0.50,33.64,0.42,0.28
2025-08-11T03:43:00.000,0.53,32.93,0.45,0.29
2025-08-11T03:44:00.000,0.54,35.23,0.44,0.31
2025-08-11T03:45:00.000,0.48,32.80,0.40,0.26
2025-08-11T03:46:00.000,0.46,30.40,0.40,0.23
2025-08-11T03:47:00.000,0.45,27.54,0.40,0.21
2025-08-11T03:48:00.000,0.46,34.65,0.38,0.26
2025-08-11T03:49:00.000,0.53,34.61,0.44,0.30
2025-08-11T03:50:00.000,0.45,37.63,0.36,0.28
2025-08-11T03:51:00.000,0.49,38.35,0.39,0.31
2025-08-11T03:52:00.000,0.61,39.92,0.47,0.39
2025-08-11T03:53:00.000,0.56,38.72,0.44,0.35
2025-08-11T03:54:00.000,0.51,32.00,0.43,0.27
2025-08-11T03:55:00.000,0.47,31.66,0.40,0.25
2025-08-11T03:56:00.000,0.44,27.68,0.39,0.21
2025-08-11T03:57:00.000,0.48,31.35,0.41,0.25
2025-08-11T03:58:00.000,0.48,30.41,0.41,0.24
2025-08-11T03:59:00.000,0.47,26.48,0.42,0.21
2025-08-11T04:00:00.000,0.48,19.22,0.45,0.16
2025-08-11T04:01:00.000,0.52,15.04,0.51,0.14
2025-08-11T04:02:00.000,0.70,19.18,0.66,0.23
2025-08-11T04:03:00.000,0.79,21.32,0.74,0.29
2025-08-11T04:04:00.000,0.56,28.20,0.50,0.27
2025-08-11T04:05:00.000,0.58,29.61,0.50,0.29
2025-08-11T04:06:00.000,0.54,32.16,0.46,0.29
2025-08-11T04:07:00.000,0.45,20.24,0.42,0.15
2025-08-11T04:08:00.000,0.46,21.24,0.43,0.17
2025-08-11T04:09:00.000,0.38,33.46,0.31,0.21
2025-08-11T04:10:00.000,0.44,37.36,0.35,0.27
2025-08-11T04:11:00.000,0.46,26.97,0.41,0.21
2025-08-11T04:12:00.000,0.47,30.49,0.40,0.24
2025-08-11T04:13:00.000,0.52,34.84,0.42,0.29
2025-08-11T04:14:00.000,0.44,34.57,0.36,0.25
2025-08-11T04:15:00.000,0.49,43.93,0.36,0.34
2025-08-11T04:16:00.000,0.47,32.22,0.39,0.25
2025-08-11T04:17:00.000,0.45,29.43,0.39,0.22
2025-08-11T04:18:00.000,0.42,27.52,0.37,0.19
2025-08-11T04:19:00.000,0.36,24.89,0.33,0.15
2025-08-11T04:20:00.000,0.20,31.49,0.17,0.11
2025-08-11T04:21:00.000,0.36,24.29,0.33,0.15
2025-08-11T04:22:00.000,0.36,32.19,0.30,0.19
2025-08-11T04:23:00.000,0.38,29.81,0.33,0.19
2025-08-11T04:24:00.000,0.43,24.05,0.39,0.17
2025-08-11T04:25:00.000,0.46,27.51,0.40,0.21
2025-08-11T04:26:00.000,0.49,32.06,0.41,0.26
2025-08-11T04:27:00.000,0.51,30.12,0.44,0.25
2025-08-11T04:28:00.000,0.42,24.67,0.39,0.18
2025-08-11T04:29:00.000,0.40,26.07,0.36,0.18
2025-08-11T04:30:00.000,0.38,27.19,0.34,0.18
2025-08-11T04:31:00.000,0.30,13.15,0.29,0.07
2025-08-11T04:32:00.000,0.41,20.30,0.38,0.14
2025-08-11T04:33:00.000,0.40,14.90,0.39,0.10
2025-08-11T04:34:00.000,0.40,25.07,0.36,0.17
2025-08-11T04:35:00.000,0.43,24.47,0.40,0.18
2025-08-11T04:36:00.000,0.48,22.35,0.45,0.18
2025-08-11T04:37:00.000,0.52,29.83,0.45,0.26
2025-08-11T04:38:00.000,0.58,23.19,0.53,0.23
2025-08-11T04:39:00.000,0.49,11.00,0.49,0.09
2025-08-11T04:40:00.000,0.44,15.55,0.42,0.12
2025-08-11T04:41:00.000,0.36,5.60,0.36,0.04
2025-08-11T04:42:00.000,0.26,11.35,0.25,0.05
2025-08-11T04:43:00.000,0.34,13.13,0.33,0.08
2025-08-11T04:44:00.000,0.40,19.78,0.38,0.14
2025-08-11T04:45:00.000,0.44,22.21,0.40,0.16
2025-08-11T04:46:00.000,0.51,19.81,0.48,0.17
2025-08-11T04:47:00.000,0.48,19.97,0.45,0.16
2025-08-11T04:48:00.000,0.46,23.18,0.43,0.18
2025-08-11T04:49:00.000,0.48,25.67,0.43,0.21
2025-08-11T04:50:00.000,0.49,21.39,0.46,0.18
2025-08-11T04:51:00.000,0.40,21.82,0.37,0.15
2025-08-11T04:52:00.000,0.37,17.57,0.36,0.11
2025-08-11T04:53:00.000,0.36,9.42,0.36,0.06
2025-08-11T04:54:00.000,0.31,11.42,0.30,0.06
2025-08-11T04:55:00.000,0.43,16.63,0.41,0.12
2025-08-11T04:56:00.000,0.42,21.81,0.39,0.16
2025-08-11T04:57:00.000,0.47,22.89,0.44,0.18
2025-08-11T04:58:00.000,0.49,24.29,0.44,0.20
2025-08-11T04:59:00.000,0.43,23.45,0.40,0.17
2025-08-11T05:00:00.000,0.48,24.00,0.44,0.19
2025-08-11T05:01:00.000,0.44,17.12,0.43,0.13
2025-08-11T05:02:00.000,0.41,16.40,0.40,0.12
2025-08-11T05:03:00.000,0.40,14.34,0.39,0.10
2025-08-11T05:04:00.000,0.40,9.57,0.39,0.07
2025-08-11T05:05:00.000,0.41,17.41,0.39,0.12
2025-08-11T05:06:00.000,0.41,18.67,0.39,0.13
2025-08-11T05:07:00.000,0.44,18.97,0.42,0.14
2025-08-11T05:08:00.000,0.45,23.65,0.42,0.18
2025-08-11T05:09:00.000,0.44,22.34,0.41,0.17
2025-08-11T05:10:00.000,0.44,23.04,0.41,0.17
2025-08-11T05:11:00.000,0.45,27.29,0.40,0.21
2025-08-11T05:12:00.000,0.44,26.64,0.39,0.20
2025-08-11T05:13:00.000,0.39,19.85,0.37,0.13
2025-08-11T05:14:00.000,0.39,16.96,0.37,0.11
2025-08-11T05:15:00.000,0.37,18.50,0.35,0.12
2025-08-11T05:16:00.000,0.41,18.06,0.39,0.13
2025-08-11T05:17:00.000,0.41,20.88,0.39,0.15
2025-08-11T05:18:00.000,0.44,27.32,0.39,0.20
2025-08-11T05:19:00.000,0.45,25.65,0.40,0.19
2025-08-11T05:20:00.000,0.48,26.49,0.43,0.21
2025-08-11T05:21:00.000,0.45,27.34,0.40,0.21
2025-08-11T05:22:00.000,0.44,24.65,0.40,0.18
2025-08-11T05:23:00.000,0.43,22.78,0.39,0.17
2025-08-11T05:24:00.000,0.39,19.68,0.37,0.13
2025-08-11T05:25:00.000,0.40,24.94,0.36,0.17
2025-08-11T05:26:00.000,0.39,22.68,0.36,0.15
2025-08-11T05:27:00.000,0.37,18.91,0.35,0.12
2025-08-11T05:28:00.000,0.42,24.12,0.38,0.17
2025-08-11T05:29:00.000,0.42,23.81,0.39,0.17
2025-08-11T05:30:00.000,0.42,25.51,0.38,0.18
2025-08-11T05:31:00.000,0.45,24.04,0.41,0.18
2025-08-11T05:32:00.000,0.42,24.65,0.38,0.17
2025-08-11T05:33:00.000,0.42,21.17,0.39,0.15
2025-08-11T05:34:00.000,0.38,17.52,0.36,0.12
2025-08-11T05:35:00.000,0.37,17.45,0.35,0.11
2025-08-11T05:36:00.000,0.36,15.40,0.35,0.10
2025-08-11T05:37:00.000,0.36,19.62,0.34,0.12
2025-08-11T05:38:00.000,0.39,22.84,0.36,0.15
2025-08-11T05:39:00.000,0.42,22.14,0.39,0.16
2025-08-11T05:40:00.000,0.43,24.79,0.39,0.18
2025-08-11T05:41:00.000,0.43,24.62,0.39,0.18
2025-08-11T05:42:00.000,0.45,24.52,0.41,0.19
2025-08-11T05:43:00.000,0.44,24.62,0.40,0.18
2025-08-11T05:44:00.000,0.46,22.28,0.43,0.18
2025-08-11T05:45:00.000,0.46,17.59,0.44,0.14
2025-08-11T05:46:00.000,0.43,19.57,0.41,0.15
2025-08-11T05:47:00.000,0.40,17.42,0.38,0.12
2025-08-11T05:48:00.000,0.41,23.15,0.38,0.16
2025-08-11T05:49:00.000,0.40,19.63,0.38,0.13
2025-08-11T05:50:00.000,0.45,23.47,0.41,0.18
2025-08-11T05:51:00.000,0.45,25.69,0.41,0.20
2025-08-11T05:52:00.000,0.45,27.77,0.40,0.21
2025-08-11T05:53:00.000,0.44,24.92,0.40,0.18
2025-08-11T05:54:00.000,0.44,22.39,0.41,0.17
2025-08-11T05:55:00.000,0.44,18.76,0.42,0.14
2025-08-11T05:56:00.000,0.43,19.96,0.40,0.15
2025-08-11T05:57:00.000,0.37,18.83,0.35,0.12
2025-08-11T05:58:00.000,0.30,6.15,0.30,0.03
2025-08-11T05:59:00.000,0.34,349.99,0.34,-0.06
2025-08-11T06:00:00.000,0.33,333.73,0.29,-0.14
2025-08-11T06:01:00.000,0.49,29.52,0.43,0.24
2025-08-11T06:02:00.000,0.53,22.46,0.49,0.20
2025-08-11T06:03:00.000,0.48,26.64,0.43,0.21
2025-08-11T06:04:00.000,0.48,30.13,0.41,0.24
2025-08-11T06:05:00.000,0.48,28.16,0.43,0.23
2025-08-11T06:06:00.000,0.42,28.02,0.37,0.20
2025-08-11T06:07:00.000,0.42,28.14,0.37,0.20
2025-08-11T06:08:00.000,0.37,20.65,0.35,0.13
2025-08-11T06:09:00.000,0.39,19.05,0.37,0.13
2025-08-11T06:10:00.000,0.38,22.66,0.35,0.15
2025-08-11T06:11:00.000,0.41,21.39,0.38,0.15
2025-08-11T06:12:00.000,0.43,24.48,0.39,0.18
2025-08-11T06:13:00.000,0.42,23.24,0.38,0.16
2025-08-11T06:14:00.000,0.42,25.55,0.38,0.18
2025-08-11T06:15:00.000,0.41,21.29,0.39,0.15
2025-08-11T06:16:00.000,0.41,19.76,0.38,0.14
2025-08-11T06:17:00.000,0.34,6.41,0.34,0.04
2025-08-11T06:18:00.000,0.28,345.06,0.27,-0.07
2025-08-11T06:19:00.000,0.29,337.40,0.27,-0.11
2025-08-11T06:20:00.000,0.33,339.13,0.31,-0.12
2025-08-11T06:21:00.000,0.36,331.20,0.32,-0.18
2025-08-11T06:22:00.000,0.35,357.02,0.35,-0.02
2025-08-11T06:23:00.000,0.38,8.53,0.38,0.06
2025-08-11T06:24:00.000,0.44,21.52,0.41,0.16
2025-08-11T06:25:00.000,0.43,24.04,0.40,0.18
2025-08-11T06:26:00.000,0.42,23.84,0.39,0.17
2025-08-11T06:27:00.000,0.42,22.37,0.38,0.16
2025-08-11T06:28:00.000,0.42,16.25,0.41,0.12
2025-08-11T06:29:00.000,0.37,20.04,0.35,0.13
2025-08-11T06:30:00.000,0.34,17.78,0.33,0.10
2025-08-11T06:31:00.000,0.38,9.66,0.38,0.06
2025-08-11T06:32:00.000,0.38,18.59,0.36,0.12
2025-08-11T06:33:00.000,0.36,21.18,0.33,0.13
2025-08-11T06:34:00.000,0.42,21.37,0.39,0.15
2025-08-11T06:35:00.000,0.43,22.89,0.40,0.17
2025-08-11T06:36:00.000,0.42,24.16,0.38,0.17
2025-08-11T06:37:00.000,0.45,21.79,0.42,0.17
2025-08-11T06:38:00.000,0.44,18.39,0.41,0.14
2025-08-11T06:39:00.000,0.41,13.09,0.40,0.09
2025-08-11T06:40:00.000,0.40,7.06,0.39,0.05
2025-08-11T06:41:00.000,0.39,4.20,0.39,0.03
2025-08-11T06:42:00.000,0.41,10.42,0.40,0.07
2025-08-11T06:43:00.000,0.39,13.86,0.37,0.09
2025-08-11T06:44:00.000,0.41,19.02,0.39,0.13
2025-08-11T06:45:00.000,0.43,21.82,0.40,0.16
2025-08-11T06:46:00.000,0.44,22.13,0.41,0.17
2025-08-11T06:47:00.000,0.44,21.68,0.41,0.16
2025-08-11T06:48:00.000,0.44,20.12,0.42,0.15
2025-08-11T06:49:00.000,0.44,18.24,0.42,0.14
2025-08-11T06:50:00.000,0.42,18.28,0.40,0.13
2025-08-11T06:51:00.000,0.42,4.76,0.42,0.03
2025-08-11T06:52:00.000,0.39,12.32,0.38,0.08
2025-08-11T06:53:00.000,0.39,15.55,0.37,0.10
2025-08-11T06:54:00.000,0.38,9.86,0.37,0.06
2025-08-11T06:55:00.000,0.41,17.43,0.39,0.12
2025-08-11T06:56:00.000,0.41,19.65,0.39,0.14
2025-08-11T06:57:00.000,0.42,20.30,0.39,0.15
2025-08-11T06:58:00.000,0.42,18.90,0.40,0.14
2025-08-11T06:59:00.000,0.43,15.64,0.41,0.12
2025-08-11T07:00:00.000,0.41,14.30,0.39,0.10
2025-08-11T07:01:00.000,0.38,5.85,0.37,0.04
2025-08-11T07:02:00.000,0.38,4.25,0.38,0.03
2025-08-11T07:03:00.000,0.38,3.59,0.38,0.02
2025-08-11T07:04:00.000,0.37,357.83,0.37,-0.01
2025-08-11T07:05:00.000,0.38,11.31,0.37,0.07
2025-08-11T07:06:00.000,0.39,7.13,0.38,0.05
2025-08-11T07:07:00.000,0.40,12.04,0.39,0.08
2025-08-11T07:08:00.000,0.40,19.21,0.38,0.13
2025-08-11T07:09:00.000,0.41,17.83,0.39,0.13
2025-08-11T07:10:00.000,0.42,16.73,0.40,0.12
2025-08-11T07:11:00.000,0.41,15.14,0.39,0.11
2025-08-11T07:12:00.000,0.39,14.30,0.38,0.10
2025-08-11T07:13:00.000,0.38,9.14,0.38,0.06
2025-08-11T07:14:00.000,0.38,0.66,0.38,0.00
2025-08-11T07:15:00.000,0.37,2.42,0.37,0.02
2025-08-11T07:16:00.000,0.36,0.12,0.36,0.00
2025-08-11T07:17:00.000,0.37,1.25,0.37,0.01
2025-08-11T07:18:00.000,0.38,6.80,0.38,0.05
2025-08-11T07:19:00.000,0.42,5.08,0.41,0.04
2025-08-11T07:20:00.000,0.43,14.20,0.42,0.11
2025-08-11T07:21:00.000,0.42,14.07,0.40,0.10
2025-08-11T07:22:00.000,0.41,11.88,0.40,0.08
2025-08-11T07:23:00.000,0.38,8.55,0.37,0.06
2025-08-11T07:24:00.000,0.38,7.81,0.38,0.05
2025-08-11T07:25:00.000,0.36,2.51,0.36,0.02
2025-08-11T07:26:00.000,0.36,353.78,0.36,-0.04
2025-08-11T07:27:00.000,0.38,355.50,0.37,-0.03
2025-08-11T07:28:00.000,0.41,3.02,0.41,0.02
2025-08-11T07:29:00.000,0.40,4.47,0.40,0.03
2025-08-11T07:30:00.000,0.42,13.14,0.41,0.10
2025-08-11T07:31:00.000,0.40,14.27,0.39,0.10
2025-08-11T07:32:00.000,0.42,13.87,0.40,0.10
2025-08-11T07:33:00.000,0.41,13.45,0.40,0.10
2025-08-11T07:34:00.000,0.41,12.36,0.40,0.09
2025-08-11T07:35:00.000,0.40,11.01,0.39,0.08
2025-08-11T07:36:00.000,0.37,356.80,0.37,-0.02
2025-08-11T07:37:00.000,0.37,354.15,0.36,-0.04
2025-08-11T07:38:00.000,0.35,357.04,0.35,-0.02
2025-08-11T07:39:00.000,0.34,357.18,0.34,-0.02
2025-08-11T07:40:00.000,0.35,2.84,0.35,0.02
2025-08-11T07:41:00.000,0.36,6.49,0.36,0.04
2025-08-11T07:42:00.000,0.37,12.20,0.36,0.08
2025-08-11T07:43:00.000,0.39,16.75,0.37,0.11
2025-08-11T07:44:00.000,0.37,8.76,0.37,0.06
2025-08-11T07:45:00.000,0.40,13.20,0.39,0.09
2025-08-11T07:46:00.000,0.38,15.76,0.36,0.10
2025-08-11T07:47:00.000,0.33,12.03,0.32,0.07
2025-08-11T07:48:00.000,0.37,12.16,0.36,0.08
2025-08-11T07:49:00.000,0.37,13.74,0.36,0.09
2025-08-11T07:50:00.000,0.38,10.59,0.38,0.07
2025-08-11T07:51:00.000,0.36,15.59,0.35,0.10
2025-08-11T07:52:00.000,0.37,17.25,0.36,0.11
2025-08-11T07:53:00.000,0.37,15.39,0.35,0.10
2025-08-11T07:54:00.000,0.37,8.85,0.37,0.06
2025-08-11T07:55:00.000,0.38,15.02,0.37,0.10
2025-08-11T07:56:00.000,0.38,14.64,0.37,0.10
2025-08-11T07:57:00.000,0.37,11.73,0.36,0.08
2025-08-11T07:58:00.000,0.35,9.81,0.34,0.06
2025-08-11T07:59:00.000,0.32,6.43,0.32,0.04
2025-08-11T08:00:00.000,0.32,4.90,0.32,0.03
2025-08-11T08:01:00.000,0.30,359.23,0.30,-0.00
2025-08-11T08:02:00.000,0.32,353.01,0.31,-0.04
2025-08-11T08:03:00.000,0.34,4.19,0.34,0.03
2025-08-11T08:04:00.000,0.34,6.45,0.34,0.04
2025-08-11T08:05:00.000,0.38,2.55,0.37,0.02
2025-08-11T08:06:00.000,0.39,5.56,0.39,0.04
2025-08-11T08:07:00.000,0.41,8.51,0.40,0.06
2025-08-11T08:08:00.000,0.40,7.54,0.40,0.05
2025-08-11T08:09:00.000,0.40,2.00,0.40,0.01
2025-08-11T08:10:00.000,0.39,352.77,0.39,-0.05
2025-08-11T08:11:00.000,0.39,314.22,0.27,-0.28
2025-08-11T08:12:00.000,0.51,309.24,0.32,-0.40
2025-08-11T08:13:00.000,0.60,311.89,0.40,-0.45
2025-08-11T08:14:00.000,0.57,352.13,0.56,-0.08
2025-08-11T08:15:00.000,0.50,343.78,0.48,-0.14
2025-08-11T08:16:00.000,0.40,341.88,0.38,-0.12
2025-08-11T08:17:00.000,0.41,337.55,0.38,-0.16
2025-08-11T08:18:00.000,0.41,340.59,0.38,-0.14
2025-08-11T08:19:00.000,0.40,344.73,0.39,-0.11
2025-08-11T08:20:00.000,0.41,336.24,0.37,-0.16
2025-08-11T08:21:00.000,0.42,334.58,0.38,-0.18
2025-08-11T08:22:00.000,0.43,328.16,0.36,-0.23
2025-08-11T08:23:00.000,0.47,315.56,0.33,-0.33
2025-08-11T08:24:00.000,0.50,299.84,0.25,-0.43
2025-08-11T08:25:00.000,0.59,251.77,-0.18,-0.56
2025-08-11T08:26:00.000,0.62,285.33,0.16,-0.60
2025-08-11T08:27:00.000,0.44,300.82,0.23,-0.38
2025-08-11T08:28:00.000,0.36,316.17,0.26,-0.25
2025-08-11T08:29:00.000,0.33,338.25,0.31,-0.12
2025-08-11T08:30:00.000,0.34,329.55,0.30,-0.17
2025-08-11T08:31:00.000,0.41,316.39,0.30,-0.28
2025-08-11T08:32:00.000,0.39,315.50,0.28,-0.27
2025-08-11T08:33:00.000,0.43,308.62,0.27,-0.33
2025-08-11T08:34:00.000,0.47,309.24,0.30,-0.36
2025-08-11T08:35:00.000,0.52,303.61,0.29,-0.43
2025-08-11T08:36:00.000,0.49,312.83,0.33,-0.36
2025-08-11T08:37:00.000,0.46,314.25,0.32,-0.33
2025-08-11T08:38:00.000,0.47,308.77,0.30,-0.37
2025-08-11T08:39:00.000,0.44,308.39,0.27,-0.34
2025-08-11T08:40:00.000,0.37,328.17,0.31,-0.19
2025-08-11T08:41:00.000,0.37,334.10,0.33,-0.16
2025-08-11T08:42:00.000,0.40,332.90,0.35,-0.18
2025-08-11T08:43:00.000,0.41,327.11,0.34,-0.22
2025-08-11T08:44:00.000,0.39,323.19,0.31,-0.23
2025-08-11T08:45:00.000,0.39,322.22,0.31,-0.24
2025-08-11T08:46:00.000,0.41,308.91,0.26,-0.32
2025-08-11T08:47:00.000,0.43,305.45,0.25,-0.35
2025-08-11T08:48:00.000,0.37,315.49,0.26,-0.26
2025-08-11T08:49:00.000,0.36,314.87,0.25,-0.26
2025-08-11T08:50:00.000,0.37,313.42,0.26,-0.27
2025-08-11T08:51:00.000,0.40,314.84,0.28,-0.29
2025-08-11T08:52:00.000,0.35,318.44,0.26,-0.23
2025-08-11T08:53:00.000,0.34,320.42,0.26,-0.22
2025-08-11T08:54:00.000,0.43,306.42,0.26,-0.35
2025-08-11T08:55:00.000,0.38,305.83,0.22,-0.31
2025-08-11T08:56:00.000,0.42,300.30,0.21,-0.36
2025-08-11T08:57:00.000,0.55,288.71,0.18,-0.52
2025-08-11T08:58:00.000,0.52,290.57,0.18,-0.48
2025-08-11T08:59:00.000,0.47,292.92,0.18,-0.43
2025-08-11T09:00:00.000,0.50,293.96,0.20,-0.46
2025-08-11T09:01:00.000,0.54,294.67,0.22,-0.49
2025-08-11T09:02:00.000,0.43,299.25,0.21,-0.38
2025-08-11T09:03:00.000,0.42,307.08,0.25,-0.33
2025-08-11T09:04:00.000,0.40,303.87,0.22,-0.33
2025-08-11T09:05:00.000,0.45,296.19,0.20,-0.41
2025-08-11T09:06:00.000,0.56,293.79,0.23,-0.51
2025-08-11T09:07:00.000,0.69,286.11,0.19,-0.66
2025-08-11T09:08:00.000,0.82,279.80,0.14,-0.81
2025-08-11T09:09:00.000,0.96,269.57,-0.01,-0.96
2025-08-11T09:10:00.000,0.88,268.54,-0.02,-0.88
2025-08-11T09:11:00.000,0.68,281.01,0.13,-0.67
2025-08-11T09:12:00.000,0.60,285.12,0.16,-0.58
2025-08-11T09:13:00.000,0.62,284.04,0.15,-0.60
2025-08-11T09:14:00.000,0.54,292.05,0.20,-0.50
2025-08-11T09:15:00.000,0.51,289.85,0.17,-0.48
2025-08-11T09:16:00.000,0.54,289.53,0.18,-0.51
2025-08-11T09:17:00.000,0.58,284.65,0.15,-0.56
2025-08-11T09:18:00.000,0.69,281.61,0.14,-0.67
2025-08-11T09:19:00.000,0.72,281.12,0.14,-0.70
2025-08-11T09:20:00.000,0.81,277.36,0.10,-0.80
2025-08-11T09:21:00.000,0.85,275.19,0.08,-0.85
2025-08-11T09:22:00.000,0.96,271.93,0.03,-0.96
2025-08-11T09:23:00.000,1.00,267.95,-0.04,-1.00
2025-08-11T09:24:00.000,1.06,270.10,0.00,-1.06
2025-08-11T09:25:00.000,0.81,277.78,0.11,-0.80
2025-08-11T09:26:00.000,0.77,277.87,0.10,-0.76
2025-08-11T09:27:00.000,0.78,274.14,0.06,-0.78
2025-08-11T09:28:00.000,0.95,269.96,-0.00,-0.95
2025-08-11T09:29:00.000,1.06,272.71,0.05,-1.06
2025-08-11T09:30:00.000,1.66,263.18,-0.20,-1.65
2025-08-11T09:31:00.000,2.07,269.76,-0.01,-2.07
2025-08-11T09:32:00.000,2.29,240.98,-1.11,-2.01
2025-08-11T09:33:00.000,2.33,260.63,-0.38,-2.30
2025-08-11T09:34:00.000,2.56,254.25,-0.69,-2.46
2025-08-11T09:35:00.000,1.86,263.31,-0.22,-1.85
2025-08-11T09:36:00.000,2.20,265.39,-0.18,-2.20
2025-08-11T09:37:00.000,2.54,263.55,-0.29,-2.52
2025-08-11T09:38:00.000,2.74,259.03,-0.52,-2.69
2025-08-11T09:39:00.000,3.74,262.91,-0.46,-3.71
2025-08-11T09:40:00.000,3.59,261.47,-0.53,-3.55
2025-08-11T09:41:00.000,3.84,260.68,-0.62,-3.79
2025-08-11T09:42:00.000,4.32,259.85,-0.76,-4.25
2025-08-11T09:43:00.000,4.00,257.26,-0.88,-3.90
2025-08-11T09:44:00.000,5.23,260.00,-0.91,-5.15
2025-08-11T09:45:00.000,4.93,258.46,-0.99,-4.83
2025-08-11T09:46:00.000,4.91,258.38,-0.99,-4.81
2025-08-11T09:47:00.000,3.88,260.42,-0.65,-3.82
2025-08-11T09:48:00.000,5.52,259.22,-1.03,-5.42
2025-08-11T09:49:00.000,4.77,261.74,-0.69,-4.73
2025-08-11T09:50:00.000,4.67,261.54,-0.69,-4.62
2025-08-11T09:51:00.000,4.15,259.75,-0.74,-4.08
2025-08-11T09:52:00.000,5.54,262.11,-0.76,-5.49
2025-08-11T09:53:00.000,5.97,258.65,-1.17,-5.85
2025-08-11T09:54:00.000,5.52,261.94,-0.77,-5.46
2025-08-11T09:55:00.000,5.82,261.39,-0.87,-5.76
2025-08-11T09:56:00.000,6.47,260.13,-1.11,-6.37
2025-08-11T09:57:00.000,5.96,261.28,-0.90,-5.89
2025-08-11T09:58:00.000,5.41,262.14,-0.74,-5.36
2025-08-11T09:59:00.000,5.44,261.84,-0.77,-5.38
2025-08-11T10:00:00.000,6.01,264.14,-0.61,-5.98
2025-08-11T10:01:00.000,8.54,257.22,-1.89,-8.33
2025-08-11T10:02:00.000,11.66,260.75,-1.88,-11.51
2025-08-11T10:03:00.000,14.68,262.90,-1.81,-14.57
2025-08-11T10:04:00.000,16.92,260.81,-2.70,-16.71
2025-08-11T10:05:00.000,19.31,262.69,-2.46,-19.15
2025-08-11T10:06:00.000,21.42,263.90,-2.28,-21.30
2025-08-11T10:07:00.000,23.23,266.32,-1.49,-23.18
2025-08-11T10:08:00.000,24.98,266.51,-1.52,-24.94
2025-08-11T10:09:00.000,26.51,263.23,-3.12,-26.33
2025-08-11T10:10:00.000,27.86,265.36,-2.26,-27.77
2025-08-11T10:11:00.000,29.31,262.20,-3.98,-29.04
2025-08-11T10:12:00.000,31.13,260.59,-5.09,-30.71
2025-08-11T10:13:00.000,32.58,260.34,-5.47,-32.12
2025-08-11T10:14:00.000,35.55,249.48,-12.46,-33.30
2025-08-11T10:15:00.000,37.91,246.73,-14.98,-34.83
2025-08-11T10:16:00.000,42.09,248.99,-15.09,-39.29
2025-08-11T10:17:00.000,46.10,252.18,-14.11,-43.89
2025-08-11T10:18:00.000,52.55,245.54,-21.76,-47.83
2025-08-11T10:19:00.000,59.07,242.73,-27.06,-52.51
2025-08-11T10:20:00.000,65.10,246.73,-25.72,-59.80
2025-08-11T10:21:00.000,75.32,246.98,-29.45,-69.32
2025-08-11T10:22:00.000,86.17,252.22,-26.31,-82.06
2025-08-11T10:23:00.000,104.13,250.84,-34.18,-98.36
2025-08-11T10:24:00.000,115.57,251.77,-36.16,-109.76
2025-08-11T10:25:00.000,132.04,265.60,-10.13,-131.65
2025-08-11T10:26:00.000,150.93,271.21,3.18,-150.90
2025-08-11T10:27:00.000,181.08,254.27,-49.10,-174.30
2025-08-11T10:28:00.000,207.06,250.98,-67.47,-195.76
2025-08-11T10:29:00.000,234.52,244.72,-100.15,-212.06
2025-08-11T10:30:00.000,237.83,243.31,-106.83,-212.48
2025-08-11T10:31:00.000,234.90,240.46,-115.80,-204.37
2025-08-11T10:32:00.000,233.53,239.47,-118.65,-201.15
2025-08-11T10:33:00.000,233.80,239.39,-119.05,-201.22
2025-08-11T10:34:00.000,233.78,239.46,-118.80,-201.35
2025-08-11T10:35:00.000,234.00,239.47,-118.85,-201.57
2025-08-11T10:36:00.000,234.08,239.52,-118.73,-201.73
2025-08-11T10:37:00.000,234.20,239.52,-118.81,-201.83
2025-08-11T10:38:00.000,234.37,239.52,-118.89,-201.98
2025-08-11T10:39:00.000,234.61,239.58,-118.79,-202.32
2025-08-11T10:40:00.000,234.78,239.63,-118.72,-202.55
2025-08-11T10:41:00.000,234.88,239.70,-118.50,-202.80
2025-08-11T10:42:00.000,235.06,239.69,-118.63,-202.93
2025-08-11T10:43:00.000,235.16,239.73,-118.55,-203.09
2025-08-11T10:44:00.000,235.26,239.77,-118.45,-203.27
2025-08-11T10:45:00.000,235.30,239.79,-118.39,-203.35
2025-08-11T10:46:00.000,235.44,239.82,-118.36,-203.53
2025-08-11T10:47:00.000,235.53,239.80,-118.47,-203.57
2025-08-11T10:48:00.000,235.57,239.83,-118.40,-203.66
2025-08-11T10:49:00.000,235.66,239.82,-118.46,-203.72
2025-08-11T10:50:00.000,235.68,239.83,-118.45,-203.76
2025-08-11T10:51:00.000,235.72,239.87,-118.31,-203.87
2025-08-11T10:52:00.000,235.81,239.87,-118.36,-203.96
2025-08-11T10:53:00.000,235.84,239.89,-118.30,-204.02
2025-08-11T10:54:00.000,235.81,239.89,-118.29,-204.00
2025-08-11T10:55:00.000,235.87,239.92,-118.22,-204.11
2025-08-11T10:56:00.000,235.97,239.94,-118.21,-204.22
2025-08-11T10:57:00.000,235.90,239.96,-118.10,-204.21
2025-08-11T10:58:00.000,235.96,239.97,-118.10,-204.28
2025-08-11T10:59:00.000,235.94,239.95,-118.15,-204.23
2025-08-11T11:00:00.000,235.99,240.00,-117.99,-204.38
2025-08-11T11:01:00.000,236.08,240.01,-118.00,-204.48
2025-08-11T11:02:00.000,236.14,239.99,-118.10,-204.49
2025-08-11T11:03:00.000,236.24,240.02,-118.04,-204.64
2025-08-11T11:04:00.000,236.20,240.06,-117.90,-204.67
2025-08-11T11:05:00.000,236.19,240.06,-117.88,-204.67
2025-08-11T11:06:00.000,236.26,240.07,-117.88,-204.75
2025-08-11T11:07:00.000,236.28,240.06,-117.92,-204.74
2025-08-11T11:08:00.000,236.25,240.03,-118.02,-204.65
2025-08-11T11:09:00.000,236.27,240.03,-118.02,-204.68
2025-08-11T11:10:00.000,236.33,240.05,-118.00,-204.77
2025-08-11T11:11:00.000,236.38,240.09,-117.86,-204.90
2025-08-11T11:12:00.000,236.41,240.08,-117.90,-204.91
2025-08-11T11:13:00.000,236.42,240.11,-117.81,-204.97
2025-08-11T11:14:00.000,236.50,240.10,-117.88,-205.03
2025-08-11T11:15:00.000,236.62,240.15,-117.77,-205.23
2025-08-11T11:16:00.000,236.56,240.14,-117.78,-205.15
2025-08-11T11:17:00.000,236.61,240.11,-117.92,-205.13
2025-08-11T11:18:00.000,236.67,240.11,-117.93,-205.20
2025-08-11T11:19:00.000,236.73,240.11,-117.97,-205.24
2025-08-11T11:20:00.000,236.79,240.13,-117.94,-205.33
2025-08-11T11:21:00.000,236.86,240.12,-117.99,-205.39
2025-08-11T11:22:00.000,236.87,240.16,-117.87,-205.46
2025-08-11T11:23:00.000,236.90,240.19,-117.79,-205.55
2025-08-11T11:24:00.000,237.03,240.15,-117.96,-205.59
2025-08-11T11:25:00.000,237.06,240.13,-118.05,-205.58
2025-08-11T11:26:00.000,237.03,240.20,-117.81,-205.68
2025-08-11T11:27:00.000,237.03,240.20,-117.78,-205.70
2025-08-11T11:28:00.000,237.06,240.21,-117.78,-205.73
2025-08-11T11:29:00.000,237.11,240.18,-117.90,-205.72
2025-08-11T11:30:00.000,237.09,240.22,-117.75,-205.79
2025-08-11T11:31:00.000,237.16,240.24,-117.71,-205.89
2025-08-11T11:32:00.000,237.19,240.24,-117.73,-205.91
2025-08-11T11:33:00.000,237.14,240.23,-117.73,-205.85
2025-08-11T11:34:00.000,237.17,240.22,-117.81,-205.84
2025-08-11T11:35:00.000,237.13,240.19,-117.90,-205.75
2025-08-11T11:36:00.000,237.16,240.24,-117.71,-205.88
2025-08-11T11:37:00.000,237.21,240.21,-117.85,-205.86
2025-08-11T11:38:00.000,237.16,240.27,-117.62,-205.94
2025-08-11T11:39:00.000,237.22,240.23,-117.77,-205.92
2025-08-11T11:40:00.000,237.28,240.21,-117.89,-205.93
2025-08-11T11:41:00.000,237.21,240.26,-117.68,-205.96
2025-08-11T11:42:00.000,237.19,240.25,-117.70,-205.93
2025-08-11T11:43:00.000,237.20,240.27,-117.63,-205.98
2025-08-11T11:44:00.000,237.31,240.29,-117.63,-206.11
2025-08-11T11:45:00.000,237.25,240.26,-117.71,-205.99
2025-08-11T11:46:00.000,237.28,240.26,-117.72,-206.02
2025-08-11T11:47:00.000,237.34,240.26,-117.74,-206.08
2025-08-11T11:48:00.000,237.32,240.30,-117.59,-206.14
2025-08-11T11:49:00.000,237.35,240.29,-117.65,-206.14
2025-08-11T11:50:00.000,237.38,240.29,-117.65,-206.18
2025-08-11T11:51:00.000,237.38,240.27,-117.72,-206.13
2025-08-11T11:52:00.000,237.27,240.31,-117.53,-206.12
2025-08-11T11:53:00.000,237.27,240.32,-117.48,-206.15
2025-08-11T11:54:00.000,237.36,240.31,-117.58,-206.20
2025-08-11T11:55:00.000,237.37,240.30,-117.61,-206.18
2025-08-11T11:56:00.000,237.46,240.33,-117.52,-206.33
2025-08-11T11:57:00.000,237.43,240.33,-117.51,-206.31
2025-08-11T11:58:00.000,237.45,240.38,-117.38,-206.41
2025-08-11T11:59:00.000,237.53,240.38,-117.39,-206.50
2025-08-11T12:00:00.000,237.46,240.37,-117.40,-206.41
2025-08-11T12:01:00.000,237.62,240.35,-117.54,-206.51
2025-08-11T12:02:00.000,237.74,240.42,-117.35,-206.76
2025-08-11T12:03:00.000,237.61,240.41,-117.34,-206.61
2025-08-11T12:04:00.000,237.55,240.41,-117.30,-206.57
2025-08-11T12:05:00.000,237.60,240.40,-117.37,-206.59
2025-08-11T12:06:00.000,237.64,240.42,-117.30,-206.68
2025-08-11T12:07:00.000,237.72,240.43,-117.30,-206.76
2025-08-11T12:08:00.000,237.58,240.42,-117.29,-206.61
2025-08-11T12:09:00.000,237.51,240.41,-117.29,-206.53
2025-08-11T12:10:00.000,237.32,240.39,-117.25,-206.33
2025-08-11T12:11:00.000,237.27,240.32,-117.50,-206.14
2025-08-11T12:12:00.000,237.28,240.36,-117.36,-206.23
2025-08-11T12:13:00.000,237.20,240.38,-117.24,-206.20
2025-08-11T12:14:00.000,237.15,240.32,-117.44,-206.03
2025-08-11T12:15:00.000,237.11,240.31,-117.44,-205.98
2025-08-11T12:16:00.000,237.15,240.30,-117.49,-206.00
2025-08-11T12:17:00.000,237.17,240.30,-117.51,-206.01
2025-08-11T12:18:00.000,237.15,240.31,-117.47,-206.02
2025-08-11T12:19:00.000,237.18,240.30,-117.51,-206.02
2025-08-11T12:20:00.000,237.30,240.31,-117.54,-206.14
2025-08-11T12:21:00.000,237.30,240.34,-117.43,-206.21
2025-08-11T12:22:00.000,237.45,240.35,-117.46,-206.36
2025-08-11T12:23:00.000,237.51,240.41,-117.29,-206.53
2025-08-11T12:24:00.000,237.64,240.39,-117.41,-206.61
2025-08-11T12:25:00.000,237.67,240.45,-117.23,-206.74
2025-08-11T12:26:00.000,237.78,240.40,-117.45,-206.75
2025-08-11T12:27:00.000,237.76,240.42,-117.37,-206.77
2025-08-11T12:28:00.000,237.70,240.39,-117.44,-206.66
2025-08-11T12:29:00.000,237.59,240.43,-117.24,-206.65
2025-08-11T12:30:00.000,237.43,240.35,-117.46,-206.34
2025-08-11T12:31:00.000,237.27,240.38,-117.28,-206.26
2025-08-11T12:32:00.000,237.25,240.39,-117.24,-206.27
2025-08-11T12:33:00.000,237.12,240.34,-117.35,-206.04
2025-08-11T12:34:00.000,237.16,240.33,-117.39,-206.06
2025-08-11T12:35:00.000,237.08,240.33,-117.36,-205.99
2025-08-11T12:36:00.000,237.06,240.33,-117.36,-205.97
2025-08-11T12:37:00.000,237.05,240.31,-117.43,-205.92
2025-08-11T12:38:00.000,237.05,240.33,-117.34,-205.98
2025-08-11T12:39:00.000,237.08,240.30,-117.47,-205.93
2025-08-11T12:40:00.000,237.04,240.30,-117.43,-205.91
2025-08-11T12:41:00.000,237.00,240.32,-117.37,-205.90
2025-08-11T12:42:00.000,237.06,240.30,-117.46,-205.91
2025-08-11T12:43:00.000,237.02,240.31,-117.41,-205.90
2025-08-11T12:44:00.000,237.10,240.28,-117.55,-205.91
2025-08-11T12:45:00.000,237.17,240.29,-117.53,-205.99
2025-08-11T12:46:00.000,237.29,240.33,-117.47,-206.17
2025-08-11T12:47:00.000,237.40,240.31,-117.60,-206.22
2025-08-11T12:48:00.000,237.51,240.38,-117.40,-206.46
2025-08-11T12:49:00.000,237.55,240.37,-117.45,-206.49
2025-08-11T12:50:00.000,237.64,240.39,-117.42,-206.60
2025-08-11T12:51:00.000,237.75,240.40,-117.45,-206.72
2025-08-11T12:52:00.000,237.76,240.41,-117.41,-206.75
2025-08-11T12:53:00.000,237.83,240.44,-117.34,-206.87
2025-08-11T12:54:00.000,237.92,240.45,-117.34,-206.97
2025-08-11T12:55:00.000,237.95,240.46,-117.32,-207.01
2025-08-11T12:56:00.000,237.92,240.47,-117.27,-207.01
2025-08-11T12:57:00.000,237.88,240.44,-117.34,-206.93
2025-08-11T12:58:00.000,237.81,240.46,-117.25,-206.90
2025-08-11T12:59:00.000,237.91,240.45,-117.32,-206.97
2025-08-11T13:00:00.000,237.85,240.45,-117.31,-206.91
2025-08-11T13:01:00.000,237.91,240.46,-117.31,-206.97
2025-08-11T13:02:00.000,238.01,240.47,-117.31,-207.09
2025-08-11T13:03:00.000,237.98,240.49,-117.23,-207.10
2025-08-11T13:04:00.000,238.02,240.53,-117.09,-207.22
2025-08-11T13:05:00.000,238.07,240.53,-117.11,-207.28
2025-08-11T13:06:00.000,238.19,240.54,-117.13,-207.40
2025-08-11T13:07:00.000,238.23,240.56,-117.10,-207.47
2025-08-11T13:08:00.000,238.00,240.55,-117.02,-207.24
2025-08-11T13:09:00.000,237.88,240.51,-117.11,-207.05
2025-08-11T13:10:00.000,237.60,240.49,-117.03,-206.78
2025-08-11T13:11:00.000,237.51,240.46,-117.12,-206.63
2025-08-11T13:12:00.000,237.49,240.41,-117.26,-206.53
2025-08-11T13:13:00.000,237.38,240.39,-117.29,-206.38
2025-08-11T13:14:00.000,237.34,240.43,-117.12,-206.43
2025-08-11T13:15:00.000,237.27,240.38,-117.28,-206.26
2025-08-11T13:16:00.000,237.22,240.37,-117.30,-206.19
2025-08-11T13:17:00.000,237.17,240.38,-117.20,-206.18
2025-08-11T13:18:00.000,237.19,240.35,-117.34,-206.13
2025-08-11T13:19:00.000,237.05,240.34,-117.32,-205.98
2025-08-11T13:20:00.000,237.07,240.35,-117.29,-206.02
2025-08-11T13:21:00.000,237.08,240.35,-117.29,-206.03
2025-08-11T13:22:00.000,237.16,240.33,-117.39,-206.07
2025-08-11T13:23:00.000,237.15,240.34,-117.35,-206.08
2025-08-11T13:24:00.000,237.27,240.36,-117.35,-206.22
2025-08-11T13:25:00.000,237.22,240.39,-117.21,-206.24
2025-08-11T13:26:00.000,237.15,240.37,-117.26,-206.14
2025-08-11T13:27:00.000,237.16,240.37,-117.24,-206.15
2025-08-11T13:28:00.000,237.14,240.35,-117.31,-206.09
2025-08-11T13:29:00.000,237.19,240.33,-117.42,-206.09
2025-08-11T13:30:00.000,237.18,240.35,-117.32,-206.13
2025-08-11T13:31:00.000,237.16,240.38,-117.21,-206.17
2025-08-11T13:32:00.000,237.24,240.37,-117.28,-206.22
2025-08-11T13:33:00.000,237.27,240.36,-117.34,-206.22
2025-08-11T13:34:00.000,237.13,240.36,-117.28,-206.10
2025-08-11T13:35:00.000,237.24,240.35,-117.37,-206.17
2025-08-11T13:36:00.000,237.12,240.34,-117.33,-206.06
2025-08-11T13:37:00.000,237.12,240.32,-117.42,-206.01
2025-08-11T13:38:00.000,237.27,240.33,-117.44,-206.17
2025-08-11T13:39:00.000,237.33,240.35,-117.42,-206.25
2025-08-11T13:40:00.000,237.40,240.44,-117.12,-206.50
2025-08-11T13:41:00.000,237.44,240.45,-117.10,-206.55
2025-08-11T13:42:00.000,237.39,240.45,-117.08,-206.51
2025-08-11T13:43:00.000,237.41,240.42,-117.19,-206.47
2025-08-11T13:44:00.000,237.54,240.40,-117.35,-206.53
2025-08-11T13:45:00.000,237.63,240.46,-117.15,-206.74
2025-08-11T13:46:00.000,237.70,240.50,-117.05,-206.89
2025-08-11T13:47:00.000,237.74,240.54,-116.94,-206.99
2025-08-11T13:48:00.000,237.92,240.53,-117.05,-207.13
2025-08-11T13:49:00.000,237.93,240.57,-116.92,-207.22
2025-08-11T13:50:00.000,238.00,240.58,-116.90,-207.31
2025-08-11T13:51:00.000,238.03,240.58,-116.91,-207.34
2025-08-11T13:52:00.000,238.17,240.63,-116.80,-207.57
2025-08-11T13:53:00.000,238.27,240.60,-116.96,-207.59
2025-08-11T13:54:00.000,238.20,240.63,-116.81,-207.60
2025-08-11T13:55:00.000,238.20,240.64,-116.79,-207.61
2025-08-11T13:56:00.000,238.13,240.64,-116.76,-207.54
2025-08-11T13:57:00.000,237.96,240.64,-116.69,-207.39
2025-08-11T13:58:00.000,237.91,240.62,-116.74,-207.31
2025-08-11T13:59:00.000,237.85,240.63,-116.66,-207.28
2025-08-11T14:00:00.000,237.66,240.57,-116.76,-207.00
2025-08-11T14:01:00.000,237.81,240.52,-117.05,-207.01
2025-08-11T14:02:00.000,238.90,241.34,-114.59,-209.63
2025-08-11T14:03:00.000,246.47,249.91,-84.66,-231.47
2025-08-11T14:04:00.000,233.64,256.22,-55.67,-226.91
2025-08-11T14:05:00.000,198.75,254.29,-53.83,-191.32
2025-08-11T14:06:00.000,175.39,254.86,-45.81,-169.30
2025-08-11T14:07:00.000,155.74,257.71,-33.15,-152.17
2025-08-11T14:08:00.000,132.16,260.56,-21.67,-130.38
2025-08-11T14:09:00.000,117.97,256.55,-27.45,-114.73
2025-08-11T14:10:00.000,106.44,265.41,-8.52,-106.10
2025-08-11T14:11:00.000,96.15,250.78,-31.65,-90.79
2025-08-11T14:12:00.000,84.06,271.10,1.61,-84.05
2025-08-11T14:13:00.000,76.15,266.63,-4.48,-76.01
2025-08-11T14:14:00.000,68.07,250.15,-23.11,-64.03
2025-08-11T14:15:00.000,61.35,265.77,-4.52,-61.19
2025-08-11T14:16:00.000,55.97,265.19,-4.69,-55.77
2025-08-11T14:17:00.000,50.99,253.32,-14.64,-48.84
2025-08-11T14:18:00.000,46.51,264.39,-4.55,-46.29
2025-08-11T14:19:00.000,43.87,266.38,-2.77,-43.78
2025-08-11T14:20:00.000,40.94,255.63,-10.16,-39.66
2025-08-11T14:21:00.000,38.11,256.65,-8.80,-37.08
2025-08-11T14:22:00.000,36.11,254.63,-9.57,-34.82
2025-08-11T14:23:00.000,34.36,261.73,-4.94,-34.00
2025-08-11T14:24:00.000,32.45,261.51,-4.79,-32.10
2025-08-11T14:25:00.000,31.28,261.41,-4.67,-30.93
2025-08-11T14:26:00.000,30.00,263.56,-3.37,-29.81
2025-08-11T14:27:00.000,28.71,263.40,-3.30,-28.52
2025-08-11T14:28:00.000,27.54,263.91,-2.92,-27.38
2025-08-11T14:29:00.000,26.28,264.17,-2.67,-26.14
2025-08-11T14:30:00.000,25.14,265.38,-2.03,-25.06
2025-08-11T14:31:00.000,23.64,263.11,-2.83,-23.47
2025-08-11T14:32:00.000,22.10,264.37,-2.17,-22.00
2025-08-11T14:33:00.000,20.12,265.06,-1.73,-20.04
2025-08-11T14:34:00.000,17.86,265.42,-1.43,-17.80
2025-08-11T14:35:00.000,15.08,266.27,-0.98,-15.05
2025-08-11T14:36:00.000,11.61,264.78,-1.06,-11.56
2025-08-11T14:37:00.000,7.75,262.06,-1.07,-7.68
2025-08-11T14:38:00.000,3.58,260.12,-0.61,-3.53
2025-08-11T14:39:00.000,1.48,262.62,-0.19,-1.47
2025-08-11T14:40:00.000,0.94,264.28,-0.09,-0.93
2025-08-11T14:41:00.000,0.81,262.07,-0.11,-0.80
2025-08-11T14:42:00.000,0.78,263.58,-0.09,-0.78
2025-08-11T14:43:00.000,0.79,262.57,-0.10,-0.78
2025-08-11T14:44:00.000,0.80,263.08,-0.10,-0.80
2025-08-11T14:45:00.000,0.77,261.91,-0.11,-0.76
2025-08-11T14:46:00.000,0.79,262.00,-0.11,-0.78
2025-08-11T14:47:00.000,0.78,261.05,-0.12,-0.77
2025-08-11T14:48:00.000,0.78,261.78,-0.11,-0.77
2025-08-11T14:49:00.000,0.77,262.28,-0.10,-0.76
2025-08-11T14:50:00.000,0.76,263.08,-0.09,-0.75
2025-08-11T14:51:00.000,0.75,261.93,-0.11,-0.74
2025-08-11T14:52:00.000,0.75,263.00,-0.09,-0.75
2025-08-11T14:53:00.000,0.76,263.03,-0.09,-0.76
2025-08-11T14:54:00.000,0.75,262.05,-0.10,-0.75
2025-08-11T14:55:00.000,0.77,261.76,-0.11,-0.76
2025-08-11T14:56:00.000,0.78,261.42,-0.12,-0.77
2025-08-11T14:57:00.000,0.79,261.47,-0.12,-0.78
2025-08-11T14:58:00.000,0.81,261.21,-0.12,-0.80
2025-08-11T14:59:00.000,0.82,259.58,-0.15,-0.81
2025-08-11T15:00:00.000,0.83,259.89,-0.15,-0.82
2025-08-11T15:01:00.000,0.82,260.56,-0.14,-0.81
2025-08-11T15:02:00.000,0.82,260.99,-0.13,-0.81
2025-08-11T15:03:00.000,0.82,260.19,-0.14,-0.80
2025-08-11T15:04:00.000,0.78,262.48,-0.10,-0.77
2025-08-11T15:05:00.000,0.77,261.33,-0.12,-0.77
2025-08-11T15:06:00.000,0.81,260.05,-0.14,-0.79
2025-08-11T15:07:00.000,0.81,257.16,-0.18,-0.79
2025-08-11T15:08:00.000,0.83,260.31,-0.14,-0.82
2025-08-11T15:09:00.000,0.79,260.48,-0.13,-0.78
2025-08-11T15:10:00.000,0.84,265.92,-0.06,-0.84
2025-08-11T15:11:00.000,0.80,264.46,-0.08,-0.80
2025-08-11T15:12:00.000,0.78,263.66,-0.09,-0.77
2025-08-11T15:13:00.000,0.78,265.51,-0.06,-0.78
2025-08-11T15:14:00.000,0.77,267.07,-0.04,-0.77
2025-08-11T15:15:00.000,0.70,267.98,-0.02,-0.70
2025-08-11T15:16:00.000,0.67,265.94,-0.05,-0.67
2025-08-11T15:17:00.000,0.68,264.01,-0.07,-0.67
2025-08-11T15:18:00.000,0.34,179.56,-0.34,0.00
2025-08-11T15:19:00.000,0.62,218.68,-0.49,-0.39
2025-08-11T15:20:00.000,0.64,264.24,-0.06,-0.63
2025-08-11T15:21:00.000,0.63,265.80,-0.05,-0.63
2025-08-11T15:22:00.000,0.65,266.81,-0.04,-0.65
2025-08-11T15:23:00.000,0.63,265.31,-0.05,-0.63
2025-08-11T15:24:00.000,0.64,267.89,-0.02,-0.64
2025-08-11T15:25:00.000,0.62,266.09,-0.04,-0.62
2025-08-11T15:26:00.000,0.61,260.72,-0.10,-0.60
2025-08-11T15:27:00.000,0.55,267.08,-0.03,-0.55
2025-08-11T15:28:00.000,0.43,278.37,0.06,-0.43
2025-08-11T15:29:00.000,0.34,283.46,0.08,-0.33
2025-08-11T15:30:00.000,0.22,324.64,0.18,-0.13
2025-08-11T15:31:00.000,0.15,49.21,0.10,0.11
2025-08-11T15:32:00.000,0.28,319.47,0.21,-0.18
2025-08-11T15:33:00.000,0.35,307.40,0.22,-0.28
2025-08-11T15:34:00.000,0.38,282.36,0.08,-0.37
2025-08-11T15:35:00.000,0.39,273.37,0.02,-0.39
2025-08-11T15:36:00.000,0.45,269.60,-0.00,-0.45
2025-08-11T15:37:00.000,0.46,268.34,-0.01,-0.46
2025-08-11T15:38:00.000,0.28,266.64,-0.02,-0.28
2025-08-11T15:39:00.000,0.29,302.16,0.16,-0.25
2025-08-11T15:40:00.000,0.40,303.19,0.22,-0.34
2025-08-11T15:41:00.000,0.38,293.98,0.16,-0.35
2025-08-11T15:42:00.000,0.44,271.57,0.01,-0.44
2025-08-11T15:43:00.000,0.42,255.71,-0.10,-0.41
2025-08-11T15:44:00.000,0.57,276.74,0.07,-0.56
2025-08-11T15:45:00.000,0.58,268.82,-0.01,-0.58
2025-08-11T15:46:00.000,0.58,275.46,0.06,-0.58
2025-08-11T15:47:00.000,0.61,275.18,0.05,-0.60
2025-08-11T15:48:00.000,0.62,277.00,0.08,-0.62
2025-08-11T15:49:00.000,0.61,290.14,0.21,-0.57
2025-08-11T15:50:00.000,0.54,270.45,0.00,-0.54
2025-08-11T15:51:00.000,0.56,278.57,0.08,-0.55
2025-08-11T15:52:00.000,0.58,285.07,0.15,-0.56
2025-08-11T15:53:00.000,0.61,282.65,0.13,-0.59
2025-08-11T15:54:00.000,0.57,283.67,0.14,-0.56
2025-08-11T15:55:00.000,0.60,281.16,0.12,-0.59
2025-08-11T15:56:00.000,0.63,279.04,0.10,-0.62
2025-08-11T15:57:00.000,0.61,277.66,0.08,-0.61
2025-08-11T15:58:00.000,0.48,277.82,0.07,-0.48
2025-08-11T15:59:00.000,0.62,280.86,0.12,-0.61
2025-08-11T16:00:00.000,0.62,282.49,0.13,-0.60
2025-08-11T16:01:00.000,0.57,281.20,0.11,-0.55
2025-08-11T16:02:00.000,0.59,283.33,0.14,-0.57
2025-08-11T16:03:00.000,0.59,284.80,0.15,-0.57
2025-08-11T16:04:00.000,0.58,283.03,0.13,-0.56
2025-08-11T16:05:00.000,0.58,283.83,0.14,-0.56
2025-08-11T16:06:00.000,0.62,284.51,0.16,-0.60
2025-08-11T16:07:00.000,0.57,280.88,0.11,-0.56
2025-08-11T16:08:00.000,0.56,279.52,0.09,-0.56
2025-08-11T16:09:00.000,0.56,279.48,0.09,-0.56
2025-08-11T16:10:00.000,0.55,282.49,0.12,-0.54
2025-08-11T16:11:00.000,0.58,281.17,0.11,-0.57
2025-08-11T16:12:00.000,0.50,277.29,0.06,-0.50
2025-08-11T16:13:00.000,0.59,283.66,0.14,-0.57
2025-08-11T16:14:00.000,0.54,285.43,0.14,-0.52
2025-08-11T16:15:00.000,0.54,298.65,0.26,-0.48
2025-08-11T16:16:00.000,0.36,308.32,0.23,-0.29
2025-08-11T16:17:00.000,0.45,304.33,0.25,-0.37
2025-08-11T16:18:00.000,0.43,306.49,0.25,-0.34
2025-08-11T16:19:00.000,0.55,330.78,0.48,-0.27
2025-08-11T16:20:00.000,0.69,307.99,0.42,-0.54
2025-08-11T16:21:00.000,0.58,289.32,0.19,-0.55
2025-08-11T16:22:00.000,0.57,284.77,0.15,-0.55
2025-08-11T16:23:00.000,0.48,280.22,0.09,-0.47
2025-08-11T16:24:00.000,0.61,297.77,0.28,-0.54
2025-08-11T16:25:00.000,0.56,287.67,0.17,-0.53
2025-08-11T16:26:00.000,0.58,282.78,0.13,-0.56
2025-08-11T16:27:00.000,0.57,283.92,0.14,-0.55
2025-08-11T16:28:00.000,0.50,278.23,0.07,-0.50
2025-08-11T16:29:00.000,0.55,283.17,0.12,-0.53
2025-08-11T16:30:00.000,0.55,275.68,0.05,-0.55
2025-08-11T16:31:00.000,0.62,275.72,0.06,-0.62
2025-08-11T16:32:00.000,0.60,281.49,0.12,-0.59
2025-08-11T16:33:00.000,0.64,279.21,0.10,-0.63
2025-08-11T16:34:00.000,0.63,276.62,0.07,-0.63
2025-08-11T16:35:00.000,0.62,276.04,0.07,-0.62
2025-08-11T16:36:00.000,0.62,277.00,0.08,-0.61
2025-08-11T16:37:00.000,0.62,276.31,0.07,-0.62
2025-08-11T16:38:00.000,0.68,276.74,0.08,-0.68
2025-08-11T16:39:00.000,0.66,273.18,0.04,-0.66
2025-08-11T16:40:00.000,0.63,275.78,0.06,-0.63
2025-08-11T16:41:00.000,0.61,277.77,0.08,-0.60
2025-08-11T16:42:00.000,0.62,279.35,0.10,-0.61
2025-08-11T16:43:00.000,0.61,279.88,0.11,-0.61
2025-08-11T16:44:00.000,0.63,279.99,0.11,-0.62
2025-08-11T16:45:00.000,0.62,280.00,0.11,-0.61
2025-08-11T16:46:00.000,0.62,282.84,0.14,-0.60
2025-08-11T16:47:00.000,0.63,282.07,0.13,-0.62
2025-08-11T16:48:00.000,0.63,279.95,0.11,-0.62
2025-08-11T16:49:00.000,0.67,280.31,0.12,-0.66
2025-08-11T16:50:00.000,0.66,279.46,0.11,-0.65
2025-08-11T16:51:00.000,0.65,280.33,0.12,-0.64
2025-08-11T16:52:00.000,0.63,279.66,0.11,-0.62
2025-08-11T16:53:00.000,0.65,280.62,0.12,-0.64
2025-08-11T16:54:00.000,0.67,282.62,0.15,-0.65
2025-08-11T16:55:00.000,0.65,281.33,0.13,-0.64
2025-08-11T16:56:00.000,0.61,280.23,0.11,-0.60
2025-08-11T16:57:00.000,0.56,274.63,0.05,-0.56
2025-08-11T16:58:00.000,0.57,282.82,0.13,-0.56
2025-08-11T16:59:00.000,0.63,281.83,0.13,-0.62
2025-08-11T17:00:00.000,0.63,276.07,0.07,-0.63
2025-08-11T17:01:00.000,0.60,276.74,0.07,-0.60
2025-08-11T17:02:00.000,0.62,277.16,0.08,-0.62
2025-08-11T17:03:00.000,0.61,277.14,0.08,-0.60
2025-08-11T17:04:00.000,0.63,281.27,0.12,-0.62
2025-08-11T17:05:00.000,0.56,279.99,0.10,-0.55
2025-08-11T17:06:00.000,0.46,278.95,0.07,-0.45
2025-08-11T17:07:00.000,0.43,285.05,0.11,-0.41
2025-08-11T17:08:00.000,0.42,283.63,0.10,-0.40
2025-08-11T17:09:00.000,0.51,286.35,0.14,-0.49
2025-08-11T17:10:00.000,0.55,284.62,0.14,-0.53
2025-08-11T17:11:00.000,0.54,286.88,0.16,-0.52
2025-08-11T17:12:00.000,0.51,285.59,0.14,-0.50
2025-08-11T17:13:00.000,0.48,285.63,0.13,-0.46
2025-08-11T17:14:00.000,0.52,283.64,0.12,-0.51
2025-08-11T17:15:00.000,0.52,284.26,0.13,-0.51
2025-08-11T17:16:00.000,0.51,282.35,0.11,-0.50
2025-08-11T17:17:00.000,0.51,285.40,0.14,-0.50
2025-08-11T17:18:00.000,0.52,287.03,0.15,-0.50
2025-08-11T17:19:00.000,0.55,288.10,0.17,-0.52
2025-08-11T17:20:00.000,0.55,286.77,0.16,-0.53
2025-08-11T17:21:00.000,0.57,287.80,0.17,-0.54
2025-08-11T17:22:00.000,0.61,284.62,0.15,-0.59
2025-08-11T17:23:00.000,0.61,284.93,0.16,-0.59
2025-08-11T17:24:00.000,0.61,282.84,0.14,-0.60
2025-08-11T17:25:00.000,0.58,281.17,0.11,-0.57
2025-08-11T17:26:00.000,0.57,281.63,0.11,-0.56
2025-08-11T17:27:00.000,0.58,282.97,0.13,-0.57
2025-08-11T17:28:00.000,0.52,281.34,0.10,-0.51
2025-08-11T17:29:00.000,0.56,290.59,0.20,-0.53
2025-08-11T17:30:00.000,0.62,289.90,0.21,-0.58
2025-08-11T17:31:00.000,0.59,293.08,0.23,-0.54
2025-08-11T17:32:00.000,0.62,287.59,0.19,-0.59
2025-08-11T17:33:00.000,0.63,296.13,0.28,-0.56
2025-08-11T17:34:00.000,0.65,292.35,0.25,-0.60
2025-08-11T17:35:00.000,0.62,287.59,0.19,-0.59
2025-08-11T17:36:00.000,0.64,287.91,0.20,-0.61
2025-08-11T17:37:00.000,0.64,287.06,0.19,-0.61
2025-08-11T17:38:00.000,0.62,285.87,0.17,-0.59
2025-08-11T17:39:00.000,0.61,287.43,0.18,-0.58
2025-08-11T17:40:00.000,0.58,290.93,0.21,-0.54
2025-08-11T17:41:00.000,0.60,289.24,0.20,-0.57
2025-08-11T17:42:00.000,0.62,289.29,0.20,-0.58
2025-08-11T17:43:00.000,0.61,289.43,0.20,-0.58
2025-08-11T17:44:00.000,0.63,292.73,0.24,-0.58
2025-08-11T17:45:00.000,0.64,290.55,0.22,-0.60
2025-08-11T17:46:00.000,0.64,286.96,0.19,-0.61
2025-08-11T17:47:00.000,0.65,286.84,0.19,-0.62
2025-08-11T17:48:00.000,0.64,286.49,0.18,-0.61
2025-08-11T17:49:00.000,0.63,286.33,0.18,-0.60
2025-08-11T17:50:00.000,0.63,288.00,0.19,-0.60
2025-08-11T17:51:00.000,0.61,290.55,0.21,-0.57
2025-08-11T17:52:00.000,0.57,291.90,0.21,-0.53
2025-08-11T17:53:00.000,0.57,293.40,0.23,-0.53
2025-08-11T17:54:00.000,0.56,294.87,0.23,-0.51
2025-08-11T17:55:00.000,0.58,290.73,0.21,-0.55
2025-08-11T17:56:00.000,0.59,290.87,0.21,-0.55
2025-08-11T17:57:00.000,0.66,288.14,0.20,-0.62
2025-08-11T17:58:00.000,0.60,281.73,0.12,-0.59
2025-08-11T17:59:00.000,0.60,289.16,0.20,-0.57
2025-08-11T18:00:00.000,0.63,291.48,0.23,-0.58
2025-08-11T18:01:00.000,0.59,295.56,0.25,-0.53
2025-08-11T18:02:00.000,0.52,299.60,0.26,-0.45
2025-08-11T18:03:00.000,0.55,302.68,0.30,-0.46
2025-08-11T18:04:00.000,0.56,302.18,0.30,-0.47
2025-08-11T18:05:00.000,0.58,301.78,0.30,-0.49
2025-08-11T18:06:00.000,0.60,300.13,0.30,-0.52
2025-08-11T18:07:00.000,0.61,293.92,0.25,-0.56
2025-08-11T18:08:00.000,0.63,292.94,0.24,-0.58
2025-08-11T18:09:00.000,0.59,297.07,0.27,-0.53
2025-08-11T18:10:00.000,0.60,295.58,0.26,-0.54
2025-08-11T18:11:00.000,0.60,292.42,0.23,-0.56
2025-08-11T18:12:00.000,0.56,296.56,0.25,-0.50
2025-08-11T18:13:00.000,0.56,298.28,0.27,-0.49
2025-08-11T18:14:00.000,0.58,297.69,0.27,-0.51
2025-08-11T18:15:00.000,0.57,298.70,0.27,-0.50
2025-08-11T18:16:00.000,0.54,298.10,0.26,-0.48
2025-08-11T18:17:00.000,0.61,290.81,0.22,-0.57
2025-08-11T18:18:00.000,0.61,279.33,0.10,-0.60
2025-08-11T18:19:00.000,0.64,281.49,0.13,-0.62
2025-08-11T18:20:00.000,0.70,282.01,0.15,-0.69
2025-08-11T18:21:00.000,0.70,283.31,0.16,-0.68
2025-08-11T18:22:00.000,0.64,285.32,0.17,-0.62
2025-08-11T18:23:00.000,0.60,285.87,0.16,-0.58
2025-08-11T18:24:00.000,0.59,289.14,0.19,-0.56
2025-08-11T18:25:00.000,0.61,289.88,0.21,-0.57
2025-08-11T18:26:00.000,0.51,301.44,0.27,-0.44
2025-08-11T18:27:00.000,0.70,281.67,0.14,-0.69
2025-08-11T18:28:00.000,0.65,288.17,0.20,-0.62
2025-08-11T18:29:00.000,0.73,283.97,0.18,-0.71
2025-08-11T18:30:00.000,0.71,292.98,0.28,-0.66
2025-08-11T18:31:00.000,0.72,282.38,0.15,-0.70
2025-08-11T18:32:00.000,0.76,285.09,0.20,-0.73
2025-08-11T18:33:00.000,0.71,282.96,0.16,-0.69
2025-08-11T18:34:00.000,0.75,288.28,0.24,-0.72
2025-08-11T18:35:00.000,0.71,278.06,0.10,-0.70
2025-08-11T18:36:00.000,0.71,286.74,0.21,-0.68
2025-08-11T18:37:00.000,0.68,284.21,0.17,-0.66
2025-08-11T18:38:00.000,0.66,284.45,0.17,-0.64
2025-08-11T18:39:00.000,0.69,281.33,0.14,-0.68
2025-08-11T18:40:00.000,0.68,277.26,0.09,-0.68
2025-08-11T18:41:00.000,0.69,276.20,0.07,-0.69
2025-08-11T18:42:00.000,0.69,276.21,0.07,-0.68
2025-08-11T18:43:00.000,0.68,278.88,0.11,-0.67
2025-08-11T18:44:00.000,0.75,274.33,0.06,-0.74
2025-08-11T18:45:00.000,0.71,274.11,0.05,-0.71
2025-08-11T18:46:00.000,0.61,285.60,0.16,-0.59
2025-08-11T18:47:00.000,0.61,281.96,0.13,-0.60
2025-08-11T18:48:00.000,0.57,277.99,0.08,-0.56
2025-08-11T18:49:00.000,0.42,283.99,0.10,-0.41
2025-08-11T18:50:00.000,0.37,290.95,0.13,-0.35
2025-08-11T18:51:00.000,0.53,280.89,0.10,-0.52
2025-08-11T18:52:00.000,0.58,281.27,0.11,-0.56
2025-08-11T18:53:00.000,0.55,268.54,-0.01,-0.55
2025-08-11T18:54:00.000,0.65,277.84,0.09,-0.64
2025-08-11T18:55:00.000,0.59,277.14,0.07,-0.59
2025-08-11T18:56:00.000,0.62,269.71,-0.00,-0.62
2025-08-11T18:57:00.000,0.64,278.05,0.09,-0.63
2025-08-11T18:58:00.000,0.67,275.55,0.07,-0.67
2025-08-11T18:59:00.000,0.64,280.62,0.12,-0.63
2025-08-11T19:00:00.000,0.68,278.22,0.10,-0.67
2025-08-11T19:01:00.000,0.80,275.42,0.08,-0.79
2025-08-11T19:02:00.000,0.70,278.93,0.11,-0.69
2025-08-11T19:03:00.000,0.69,287.31,0.21,-0.66
2025-08-11T19:04:00.000,0.68,277.73,0.09,-0.68
2025-08-11T19:05:00.000,0.69,280.21,0.12,-0.68
2025-08-11T19:06:00.000,0.72,275.37,0.07,-0.72
2025-08-11T19:07:00.000,0.72,271.87,0.02,-0.72
2025-08-11T19:08:00.000,0.74,274.77,0.06,-0.74
2025-08-11T19:09:00.000,0.68,276.87,0.08,-0.68
2025-08-11T19:10:00.000,0.68,282.12,0.14,-0.66
2025-08-11T19:11:00.000,0.70,281.14,0.14,-0.69
2025-08-11T19:12:00.000,0.69,281.80,0.14,-0.68
2025-08-11T19:13:00.000,0.69,279.61,0.11,-0.68
2025-08-11T19:14:00.000,0.68,276.79,0.08,-0.67
2025-08-11T19:15:00.000,0.66,274.28,0.05,-0.66
2025-08-11T19:16:00.000,0.65,276.09,0.07,-0.65
2025-08-11T19:17:00.000,0.69,274.02,0.05,-0.69
2025-08-11T19:18:00.000,0.74,277.73,0.10,-0.73
2025-08-11T19:19:00.000,0.72,276.32,0.08,-0.72
2025-08-11T19:20:00.000,0.72,273.34,0.04,-0.72
2025-08-11T19:21:00.000,0.75,275.75,0.08,-0.75
2025-08-11T19:22:00.000,0.72,277.41,0.09,-0.71
2025-08-11T19:23:00.000,0.69,279.19,0.11,-0.68
2025-08-11T19:24:00.000,0.74,279.42,0.12,-0.73
2025-08-11T19:25:00.000,0.71,280.22,0.13,-0.70
2025-08-11T19:26:00.000,0.72,281.21,0.14,-0.70
2025-08-11T19:27:00.000,0.71,280.88,0.13,-0.70
2025-08-11T19:28:00.000,0.70,281.22,0.14,-0.69
2025-08-11T19:29:00.000,0.66,282.66,0.15,-0.65
2025-08-11T19:30:00.000,0.70,282.15,0.15,-0.68
2025-08-11T19:31:00.000,0.72,282.77,0.16,-0.70
2025-08-11T19:32:00.000,0.69,283.55,0.16,-0.67
2025-08-11T19:33:00.000,0.68,282.97,0.15,-0.66
2025-08-11T19:34:00.000,0.69,281.70,0.14,-0.68
2025-08-11T19:35:00.000,0.69,283.94,0.17,-0.67
2025-08-11T19:36:00.000,0.67,286.05,0.19,-0.65
2025-08-11T19:37:00.000,0.69,286.11,0.19,-0.66
2025-08-11T19:38:00.000,0.69,286.68,0.20,-0.66
2025-08-11T19:39:00.000,0.68,288.22,0.21,-0.65
2025-08-11T19:40:00.000,0.70,285.12,0.18,-0.68
2025-08-11T19:41:00.000,0.73,286.44,0.21,-0.70
2025-08-11T19:42:00.000,0.71,289.28,0.24,-0.67
2025-08-11T19:43:00.000,0.70,289.05,0.23,-0.66
2025-08-11T19:44:00.000,0.73,288.33,0.23,-0.69
2025-08-11T19:45:00.000,0.69,290.13,0.24,-0.65
2025-08-11T19:46:00.000,0.68,286.25,0.19,-0.65
2025-08-11T19:47:00.000,0.68,285.62,0.18,-0.66
2025-08-11T19:48:00.000,0.66,285.35,0.17,-0.63
2025-08-11T19:49:00.000,0.65,284.65,0.16,-0.63
2025-08-11T19:50:00.000,0.61,285.85,0.17,-0.59
2025-08-11T19:51:00.000,0.63,288.55,0.20,-0.60
2025-08-11T19:52:00.000,0.59,296.47,0.26,-0.52
2025-08-11T19:53:00.000,0.57,293.56,0.23,-0.52
2025-08-11T19:54:00.000,0.64,282.82,0.14,-0.63
2025-08-11T19:55:00.000,0.61,286.48,0.17,-0.59
2025-08-11T19:56:00.000,0.63,288.83,0.20,-0.59
2025-08-11T19:57:00.000,0.62,288.93,0.20,-0.58
2025-08-11T19:58:00.000,0.64,288.93,0.21,-0.61
2025-08-11T19:59:00.000,0.61,292.31,0.23,-0.56
2025-08-11T20:00:00.000,0.65,289.73,0.22,-0.61
2025-08-11T20:01:00.000,0.66,285.18,0.17,-0.64
2025-08-11T20:02:00.000,0.66,285.87,0.18,-0.63
2025-08-11T20:03:00.000,0.67,285.26,0.18,-0.65
2025-08-11T20:04:00.000,0.67,284.16,0.16,-0.65
2025-08-11T20:05:00.000,0.68,284.56,0.17,-0.66
2025-08-11T20:06:00.000,0.67,283.90,0.16,-0.65
2025-08-11T20:07:00.000,0.68,285.52,0.18,-0.65
2025-08-11T20:08:00.000,0.69,284.25,0.17,-0.67
2025-08-11T20:09:00.000,0.72,282.08,0.15,-0.71
2025-08-11T20:10:00.000,0.74,281.05,0.14,-0.73
2025-08-11T20:11:00.000,0.75,282.57,0.16,-0.73
2025-08-11T20:12:00.000,0.72,282.78,0.16,-0.71
2025-08-11T20:13:00.000,0.72,281.97,0.15,-0.70
2025-08-11T20:14:00.000,0.70,282.03,0.15,-0.68
2025-08-11T20:15:00.000,0.72,281.47,0.14,-0.70
2025-08-11T20:16:00.000,0.68,280.07,0.12,-0.67
2025-08-11T20:17:00.000,0.71,280.42,0.13,-0.70
2025-08-11T20:18:00.000,0.71,282.14,0.15,-0.69
2025-08-11T20:19:00.000,0.69,281.69,0.14,-0.67
2025-08-11T20:20:00.000,0.67,281.97,0.14,-0.66
2025-08-11T20:21:00.000,0.68,281.80,0.14,-0.66
2025-08-11T20:22:00.000,0.69,280.38,0.12,-0.68
2025-08-11T20:23:00.000,0.67,279.89,0.12,-0.66
2025-08-11T20:24:00.000,0.64,276.77,0.07,-0.63
2025-08-11T20:25:00.000,0.64,276.60,0.07,-0.63
2025-08-11T20:26:00.000,0.67,281.87,0.14,-0.65
2025-08-11T20:27:00.000,0.65,284.33,0.16,-0.63
2025-08-11T20:28:00.000,0.66,283.17,0.15,-0.64
2025-08-11T20:29:00.000,0.63,285.14,0.17,-0.61
2025-08-11T20:30:00.000,0.65,285.08,0.17,-0.63
2025-08-11T20:31:00.000,0.62,286.83,0.18,-0.60
2025-08-11T20:32:00.000,0.58,290.92,0.21,-0.54
2025-08-11T20:33:00.000,0.62,288.10,0.19,-0.59
2025-08-11T20:34:00.000,0.57,289.30,0.19,-0.54
2025-08-11T20:35:00.000,0.60,288.70,0.19,-0.57
2025-08-11T20:36:00.000,0.58,292.07,0.22,-0.54
2025-08-11T20:37:00.000,0.62,284.47,0.16,-0.60
2025-08-11T20:38:00.000,0.59,283.85,0.14,-0.57
2025-08-11T20:39:00.000,0.61,286.31,0.17,-0.59
2025-08-11T20:40:00.000,0.59,285.93,0.16,-0.57
2025-08-11T20:41:00.000,0.58,290.39,0.20,-0.54
2025-08-11T20:42:00.000,0.59,297.07,0.27,-0.53
2025-08-11T20:43:00.000,0.58,298.85,0.28,-0.51
2025-08-11T20:44:00.000,0.62,290.54,0.22,-0.58
2025-08-11T20:45:00.000,0.63,286.19,0.17,-0.60
2025-08-11T20:46:00.000,0.65,283.59,0.15,-0.64
2025-08-11T20:47:00.000,0.67,283.67,0.16,-0.65
2025-08-11T20:48:00.000,0.62,287.11,0.18,-0.59
2025-08-11T20:49:00.000,0.64,285.65,0.17,-0.62
2025-08-11T20:50:00.000,0.65,284.75,0.17,-0.63
2025-08-11T20:51:00.000,0.65,285.31,0.17,-0.63
2025-08-11T20:52:00.000,0.67,283.40,0.15,-0.65
2025-08-11T20:53:00.000,0.68,283.44,0.16,-0.66
2025-08-11T20:54:00.000,0.67,283.87,0.16,-0.65
2025-08-11T20:55:00.000,0.67,282.52,0.14,-0.65
2025-08-11T20:56:00.000,0.67,282.10,0.14,-0.65
2025-08-11T20:57:00.000,0.68,284.94,0.17,-0.65
2025-08-11T20:58:00.000,0.69,283.91,0.17,-0.67
2025-08-11T20:59:00.000,0.68,283.60,0.16,-0.66
2025-08-11T21:00:00.000,0.70,284.10,0.17,-0.68
2025-08-11T21:01:00.000,0.68,283.35,0.16,-0.66
2025-08-11T21:02:00.000,0.68,283.72,0.16,-0.67
2025-08-11T21:03:00.000,0.67,283.66,0.16,-0.65
2025-08-11T21:04:00.000,0.66,283.07,0.15,-0.64
2025-08-11T21:05:00.000,0.67,284.44,0.17,-0.65
2025-08-11T21:06:00.000,0.67,283.08,0.15,-0.66
2025-08-11T21:07:00.000,0.69,282.38,0.15,-0.67
2025-08-11T21:08:00.000,0.70,283.32,0.16,-0.68
2025-08-11T21:09:00.000,0.66,283.96,0.16,-0.64
2025-08-11T21:10:00.000,0.65,284.21,0.16,-0.63
2025-08-11T21:11:00.000,0.67,282.67,0.15,-0.66
2025-08-11T21:12:00.000,0.67,284.34,0.17,-0.65
2025-08-11T21:13:00.000,0.63,285.29,0.17,-0.60
2025-08-11T21:14:00.000,0.66,283.06,0.15,-0.64
2025-08-11T21:15:00.000,0.67,283.43,0.15,-0.65
2025-08-11T21:16:00.000,0.66,283.56,0.15,-0.64
2025-08-11T21:17:00.000,0.67,283.73,0.16,-0.65
2025-08-11T21:18:00.000,0.66,284.32,0.16,-0.64
2025-08-11T21:19:00.000,0.67,283.55,0.16,-0.65
2025-08-11T21:20:00.000,0.62,285.78,0.17,-0.60
2025-08-11T21:21:00.000,0.65,283.67,0.15,-0.63
2025-08-11T21:22:00.000,0.66,284.41,0.17,-0.64
2025-08-11T21:23:00.000,0.64,284.17,0.16,-0.63
2025-08-11T21:24:00.000,0.67,283.42,0.15,-0.65
2025-08-11T21:25:00.000,0.65,284.08,0.16,-0.63
2025-08-11T21:26:00.000,0.63,284.48,0.16,-0.61
2025-08-11T21:27:00.000,2.09,22.14,1.93,0.79
2025-08-11T21:28:00.000,3.64,282.98,0.82,-3.55
2025-08-11T21:29:00.000,2.34,16.17,2.25,0.65
2025-08-11T21:30:00.000,2.29,20.01,2.15,0.78
2025-08-11T21:31:00.000,2.13,17.73,2.03,0.65
2025-08-11T21:32:00.000,2.96,312.42,2.00,-2.19
2025-08-11T21:33:00.000,3.01,316.53,2.18,-2.07
2025-08-11T21:34:00.000,2.93,313.80,2.03,-2.11
2025-08-11T21:35:00.000,3.09,309.60,1.97,-2.38
2025-08-11T21:36:00.000,2.98,320.93,2.32,-1.88
2025-08-11T21:37:00.000,3.00,321.75,2.36,-1.86
2025-08-11T21:38:00.000,3.01,318.72,2.26,-1.99
2025-08-11T21:39:00.000,3.01,319.38,2.28,-1.96
2025-08-11T21:40:00.000,3.00,318.93,2.26,-1.97
2025-08-11T21:41:00.000,3.01,317.26,2.21,-2.04
2025-08-11T21:42:00.000,2.94,314.58,2.06,-2.10
2025-08-11T21:43:00.000,2.54,282.92,0.57,-2.48
2025-08-11T21:44:00.000,2.31,208.33,-2.04,-1.10
2025-08-11T21:45:00.000,2.65,214.68,-2.18,-1.51
2025-08-11T21:46:00.000,2.57,212.77,-2.16,-1.39
2025-08-11T21:47:00.000,2.65,213.34,-2.22,-1.46
2025-08-11T21:48:00.000,2.73,213.59,-2.28,-1.51
2025-08-11T21:49:00.000,2.92,214.50,-2.40,-1.65
2025-08-11T21:50:00.000,2.98,217.93,-2.35,-1.83
2025-08-11T21:51:00.000,2.98,219.29,-2.30,-1.89
2025-08-11T21:52:00.000,3.04,222.25,-2.25,-2.04
2025-08-11T21:53:00.000,0.89,252.41,-0.27,-0.85
2025-08-11T21:54:00.000,0.66,257.94,-0.14,-0.64
2025-08-11T21:55:00.000,0.73,255.26,-0.18,-0.70
2025-08-11T21:56:00.000,0.73,256.47,-0.17,-0.71
2025-08-11T21:57:00.000,0.76,257.43,-0.17,-0.75
2025-08-11T21:58:00.000,0.74,264.43,-0.07,-0.74
2025-08-11T21:59:00.000,0.79,266.67,-0.05,-0.79
2025-08-11T22:00:00.000,0.79,265.52,-0.06,-0.79
2025-08-11T22:01:00.000,0.81,264.24,-0.08,-0.80
2025-08-11T22:02:00.000,0.82,262.71,-0.10,-0.81
2025-08-11T22:03:00.000,0.82,263.12,-0.10,-0.82
2025-08-11T22:04:00.000,0.77,265.47,-0.06,-0.77
2025-08-11T22:05:00.000,0.78,263.12,-0.09,-0.78
2025-08-11T22:06:00.000,0.82,261.06,-0.13,-0.81
2025-08-11T22:07:00.000,0.82,259.17,-0.15,-0.81
2025-08-11T22:08:00.000,0.83,259.28,-0.15,-0.81
2025-08-11T22:09:00.000,0.86,259.96,-0.15,-0.85
2025-08-11T22:10:00.000,0.84,258.91,-0.16,-0.82
2025-08-11T22:11:00.000,0.86,261.55,-0.13,-0.85
2025-08-11T22:12:00.000,0.72,267.36,-0.03,-0.72
2025-08-11T22:13:00.000,0.68,274.04,0.05,-0.68
2025-08-11T22:14:00.000,0.74,264.54,-0.07,-0.74
2025-08-11T22:15:00.000,0.75,260.90,-0.12,-0.74
2025-08-11T22:16:00.000,0.77,260.81,-0.12,-0.76
2025-08-11T22:17:00.000,0.75,258.34,-0.15,-0.73
2025-08-11T22:18:00.000,0.77,252.71,-0.23,-0.74
2025-08-11T22:19:00.000,0.76,261.56,-0.11,-0.75
2025-08-11T22:20:00.000,0.75,262.15,-0.10,-0.74
2025-08-11T22:21:00.000,0.80,255.45,-0.20,-0.78
2025-08-11T22:22:00.000,0.76,251.59,-0.24,-0.72
2025-08-11T22:23:00.000,0.78,249.34,-0.28,-0.73
2025-08-11T22:24:00.000,0.76,247.58,-0.29,-0.70
2025-08-11T22:25:00.000,0.77,250.18,-0.26,-0.72
2025-08-11T22:26:00.000,0.72,254.26,-0.20,-0.70
2025-08-11T22:27:00.000,0.68,259.15,-0.13,-0.66
2025-08-11T22:28:00.000,0.72,263.39,-0.08,-0.71
2025-08-11T22:29:00.000,0.72,267.04,-0.04,-0.72
2025-08-11T22:30:00.000,0.76,274.47,0.06,-0.76
2025-08-11T22:31:00.000,0.79,279.02,0.12,-0.78
2025-08-11T22:32:00.000,0.79,281.60,0.16,-0.77
2025-08-11T22:33:00.000,0.81,281.28,0.16,-0.79
2025-08-11T22:34:00.000,0.81,282.72,0.18,-0.79
2025-08-11T22:35:00.000,0.81,283.11,0.18,-0.79
2025-08-11T22:36:00.000,0.81,282.51,0.18,-0.79
2025-08-11T22:37:00.000,0.84,296.29,0.37,-0.75
2025-08-11T22:38:00.000,0.92,304.69,0.52,-0.75
2025-08-11T22:39:00.000,0.95,304.88,0.54,-0.78
2025-08-11T22:40:00.000,0.97,304.91,0.56,-0.80
2025-08-11T22:41:00.000,0.98,305.96,0.57,-0.79
2025-08-11T22:42:00.000,0.98,304.28,0.55,-0.81
2025-08-11T22:43:00.000,0.98,303.82,0.54,-0.81
2025-08-11T22:44:00.000,0.98,304.87,0.56,-0.80
2025-08-11T22:45:00.000,1.02,306.14,0.60,-0.83
2025-08-11T22:46:00.000,1.03,305.50,0.60,-0.83
2025-08-11T22:47:00.000,1.04,309.70,0.66,-0.80
2025-08-11T22:48:00.000,1.05,307.34,0.64,-0.83
2025-08-11T22:49:00.000,1.03,307.38,0.63,-0.82
2025-08-11T22:50:00.000,1.04,306.59,0.62,-0.83
2025-08-11T22:51:00.000,1.02,305.65,0.60,-0.83
2025-08-11T22:52:00.000,1.01,304.44,0.57,-0.83
2025-08-11T22:53:00.000,0.93,300.56,0.47,-0.80
2025-08-11T22:54:00.000,0.85,297.74,0.40,-0.76
2025-08-11T22:55:00.000,0.90,298.70,0.43,-0.79
2025-08-11T22:56:00.000,0.95,297.12,0.43,-0.85
2025-08-11T22:57:00.000,0.98,297.47,0.45,-0.87
2025-08-11T22:58:00.000,0.93,295.70,0.40,-0.84
2025-08-11T22:59:00.000,0.98,295.63,0.42,-0.88
2025-08-11T23:00:00.000,0.97,295.51,0.42,-0.88
2025-08-11T23:01:00.000,0.99,295.87,0.43,-0.89
2025-08-11T23:02:00.000,0.94,295.76,0.41,-0.85
2025-08-11T23:03:00.000,0.94,295.52,0.41,-0.85
2025-08-11T23:04:00.000,0.95,295.89,0.41,-0.85
2025-08-11T23:05:00.000,0.95,295.59,0.41,-0.86
2025-08-11T23:06:00.000,0.95,295.68,0.41,-0.85
2025-08-11T23:07:00.000,0.92,295.86,0.40,-0.83
2025-08-11T23:08:00.000,0.95,296.50,0.42,-0.85
2025-08-11T23:09:00.000,0.97,297.10,0.44,-0.87
2025-08-11T23:10:00.000,1.02,300.93,0.52,-0.87
2025-08-11T23:11:00.000,0.97,297.58,0.45,-0.86
2025-08-11T23:12:00.000,0.94,296.57,0.42,-0.84
2025-08-11T23:13:00.000,0.95,297.20,0.43,-0.84
2025-08-11T23:14:00.000,0.98,299.49,0.48,-0.86
2025-08-11T23:15:00.000,0.96,297.92,0.45,-0.85
2025-08-11T23:16:00.000,0.97,297.79,0.45,-0.86
2025-08-11T23:17:00.000,0.78,293.74,0.31,-0.71
2025-08-11T23:18:00.000,0.90,300.70,0.46,-0.78
2025-08-11T23:19:00.000,0.92,299.70,0.46,-0.80
2025-08-11T23:20:00.000,0.91,298.90,0.44,-0.80
2025-08-11T23:21:00.000,0.91,298.49,0.43,-0.80
2025-08-11T23:22:00.000,0.89,298.82,0.43,-0.78
2025-08-11T23:23:00.000,0.90,298.37,0.43,-0.79
2025-08-11T23:24:00.000,0.94,301.60,0.49,-0.80
2025-08-11T23:25:00.000,0.91,299.71,0.45,-0.79
2025-08-11T23:26:00.000,0.91,299.08,0.44,-0.80
2025-08-11T23:27:00.000,0.88,297.52,0.41,-0.78
2025-08-11T23:28:00.000,0.86,298.57,0.41,-0.76
2025-08-11T23:29:00.000,0.83,298.69,0.40,-0.73
2025-08-11T23:30:00.000,0.82,299.51,0.40,-0.72
2025-08-11T23:31:00.000,0.83,301.26,0.43,-0.71
2025-08-11T23:32:00.000,0.91,310.05,0.59,-0.70
2025-08-11T23:33:00.000,0.90,310.08,0.58,-0.69
2025-08-11T23:34:00.000,0.85,304.99,0.49,-0.70
2025-08-11T23:35:00.000,0.83,305.17,0.48,-0.68
2025-08-11T23:36:00.000,0.80,302.40,0.43,-0.68
2025-08-11T23:37:00.000,0.82,301.59,0.43,-0.70
2025-08-11T23:38:00.000,0.77,308.58,0.48,-0.60
2025-08-11T23:39:00.000,0.71,307.27,0.43,-0.57
2025-08-11T23:40:00.000,0.74,309.78,0.47,-0.57
2025-08-11T23:41:00.000,0.76,309.58,0.48,-0.59
2025-08-11T23:42:00.000,0.78,310.32,0.51,-0.60
2025-08-11T23:43:00.000,0.78,309.10,0.49,-0.61
2025-08-11T23:44:00.000,0.77,306.91,0.46,-0.62
2025-08-11T23:45:00.000,0.77,307.63,0.47,-0.61
2025-08-11T23:46:00.000,0.79,306.64,0.47,-0.63
2025-08-11T23:47:00.000,0.79,306.37,0.47,-0.64
2025-08-11T23:48:00.000,0.80,307.17,0.49,-0.64
2025-08-11T23:49:00.000,0.83,307.91,0.51,-0.65
2025-08-11T23:50:00.000,0.82,307.60,0.50,-0.65
2025-08-11T23:51:00.000,0.81,308.89,0.51,-0.63
2025-08-11T23:52:00.000,0.82,308.14,0.50,-0.64
2025-08-11T23:53:00.000,0.80,307.73,0.49,-0.64
2025-08-11T23:54:00.000,0.81,306.77,0.48,-0.65
2025-08-11T23:55:00.000,0.88,308.36,0.54,-0.69
2025-08-11T23:56:00.000,0.84,307.08,0.51,-0.67
2025-08-11T23:57:00.000,0.85,306.75,0.51,-0.68
2025-08-11T23:58:00.000,0.84,306.76,0.50,-0.67
2025-08-11T23:59:00.000,0.85,306.35,0.50,-0.68
2025-08-12T00:00:00.000,0.93,305.64,0.54,-0.75
2025-08-12T00:01:00.000,0.93,305.45,0.54,-0.76
2025-08-12T00:02:00.000,0.91,305.07,0.52,-0.74
2025-08-12T00:03:00.000,0.91,304.51,0.51,-0.75
2025-08-12T00:04:00.000,0.91,303.50,0.50,-0.76
2025-08-12T00:05:00.000,0.90,303.34,0.50,-0.75
2025-08-12T00:06:00.000,0.91,302.96,0.50,-0.77
2025-08-12T00:07:00.000,0.92,300.93,0.47,-0.79
2025-08-12T00:08:00.000,0.96,302.72,0.52,-0.81
2025-08-12T00:09:00.000,0.92,302.02,0.49,-0.78
2025-08-12T00:10:00.000,0.92,302.42,0.50,-0.78
2025-08-12T00:11:00.000,0.92,303.23,0.50,-0.77
2025-08-12T00:12:00.000,0.91,303.59,0.51,-0.76
2025-08-12T00:13:00.000,0.91,304.03,0.51,-0.76
2025-08-12T00:14:00.000,0.91,303.89,0.51,-0.76
2025-08-12T00:15:00.000,0.91,304.69,0.52,-0.74
2025-08-12T00:16:00.000,0.89,303.64,0.49,-0.74
2025-08-12T00:17:00.000,0.87,303.39,0.48,-0.72
2025-08-12T00:18:00.000,0.87,303.97,0.48,-0.72
2025-08-12T00:19:00.000,0.86,303.59,0.48,-0.72
2025-08-12T00:20:00.000,0.87,303.91,0.48,-0.72
2025-08-12T00:21:00.000,0.88,305.45,0.51,-0.71
2025-08-12T00:22:00.000,0.87,305.08,0.50,-0.71
2025-08-12T00:23:00.000,0.86,306.63,0.52,-0.69
2025-08-12T00:24:00.000,0.86,306.46,0.51,-0.69
2025-08-12T00:25:00.000,0.86,307.36,0.52,-0.68
2025-08-12T00:26:00.000,0.83,307.25,0.50,-0.66
2025-08-12T00:27:00.000,0.89,309.98,0.57,-0.68
2025-08-12T00:28:00.000,0.89,310.58,0.58,-0.67
2025-08-12T00:29:00.000,0.88,306.40,0.53,-0.71
2025-08-12T00:30:00.000,0.87,307.03,0.52,-0.69
2025-08-12T00:31:00.000,0.74,307.49,0.45,-0.59
2025-08-12T00:32:00.000,0.96,311.61,0.63,-0.71
2025-08-12T00:33:00.000,0.93,314.15,0.65,-0.67
2025-08-12T00:34:00.000,0.87,309.28,0.55,-0.67
2025-08-12T00:35:00.000,0.90,310.88,0.59,-0.68
2025-08-12T00:36:00.000,0.91,309.33,0.58,-0.71
2025-08-12T00:37:00.000,0.84,308.17,0.52,-0.66
2025-08-12T00:38:00.000,0.87,304.33,0.49,-0.72
2025-08-12T00:39:00.000,0.80,298.43,0.38,-0.70
2025-08-12T00:40:00.000,0.84,300.14,0.42,-0.73
2025-08-12T00:41:00.000,0.84,298.47,0.40,-0.74
2025-08-12T00:42:00.000,0.86,296.91,0.39,-0.76
2025-08-12T00:43:00.000,0.91,308.98,0.57,-0.71
2025-08-12T00:44:00.000,0.95,308.76,0.59,-0.74
2025-08-12T00:45:00.000,0.91,327.70,0.77,-0.48
2025-08-12T00:46:00.000,0.81,330.76,0.70,-0.39
2025-08-12T00:47:00.000,0.71,299.68,0.35,-0.61
2025-08-12T00:48:00.000,0.72,294.78,0.30,-0.65
2025-08-12T00:49:00.000,0.71,294.79,0.30,-0.65
2025-08-12T00:50:00.000,0.68,295.03,0.29,-0.62
2025-08-12T00:51:00.000,0.70,294.10,0.28,-0.64
2025-08-12T00:52:00.000,0.72,293.41,0.29,-0.66
2025-08-12T00:53:00.000,0.72,293.73,0.29,-0.66
2025-08-12T00:54:00.000,0.71,294.66,0.30,-0.65
2025-08-12T00:55:00.000,0.70,296.31,0.31,-0.63
2025-08-12T00:56:00.000,0.70,297.06,0.32,-0.62
2025-08-12T00:57:00.000,0.70,298.00,0.33,-0.62
2025-08-12T00:58:00.000,0.71,296.57,0.32,-0.63
2025-08-12T00:59:00.000,0.69,298.75,0.33,-0.60
2025-08-12T01:00:00.000,0.69,297.65,0.32,-0.61
2025-08-12T01:01:00.000,0.70,297.87,0.33,-0.62
2025-08-12T01:02:00.000,0.69,296.39,0.31,-0.62
2025-08-12T01:03:00.000,0.68,296.03,0.30,-0.61
2025-08-12T01:04:00.000,0.68,294.23,0.28,-0.62
2025-08-12T01:05:00.000,0.65,293.47,0.26,-0.60
2025-08-12T01:06:00.000,0.66,296.06,0.29,-0.59
2025-08-12T01:07:00.000,0.67,294.46,0.28,-0.61
2025-08-12T01:08:00.000,0.64,295.79,0.28,-0.58
2025-08-12T01:09:00.000,0.65,297.49,0.30,-0.58
2025-08-12T01:10:00.000,0.68,295.70,0.29,-0.61
2025-08-12T01:11:00.000,0.68,297.19,0.31,-0.61
2025-08-12T01:12:00.000,0.68,296.41,0.30,-0.61
2025-08-12T01:13:00.000,0.68,295.97,0.30,-0.61
2025-08-12T01:14:00.000,0.68,295.07,0.29,-0.62
2025-08-12T01:15:00.000,0.68,296.16,0.30,-0.61
2025-08-12T01:16:00.000,0.68,295.07,0.29,-0.61
2025-08-12T01:17:00.000,0.65,299.30,0.32,-0.56
2025-08-12T01:18:00.000,0.63,300.87,0.32,-0.54
2025-08-12T01:19:00.000,0.60,304.63,0.34,-0.50
2025-08-12T01:20:00.000,0.62,303.65,0.34,-0.51
2025-08-12T01:21:00.000,0.59,304.90,0.34,-0.48
2025-08-12T01:22:00.000,0.60,301.78,0.32,-0.51
2025-08-12T01:23:00.000,0.64,301.23,0.33,-0.55
2025-08-12T01:24:00.000,0.61,301.24,0.32,-0.52
2025-08-12T01:25:00.000,0.64,300.69,0.32,-0.55
2025-08-12T01:26:00.000,0.66,297.18,0.30,-0.59
2025-08-12T01:27:00.000,0.66,297.97,0.31,-0.58
2025-08-12T01:28:00.000,0.65,299.36,0.32,-0.57
2025-08-12T01:29:00.000,0.63,299.77,0.31,-0.55
2025-08-12T01:30:00.000,0.61,304.67,0.35,-0.50
2025-08-12T01:31:00.000,0.61,302.41,0.33,-0.52
2025-08-12T01:32:00.000,0.60,302.82,0.33,-0.51
2025-08-12T01:33:00.000,0.61,302.35,0.33,-0.51
2025-08-12T01:34:00.000,0.63,299.42,0.31,-0.55
2025-08-12T01:35:00.000,0.61,299.27,0.30,-0.54
2025-08-12T01:36:00.000,0.66,294.88,0.28,-0.60
2025-08-12T01:37:00.000,0.67,297.24,0.30,-0.59
2025-08-12T01:38:00.000,0.66,297.42,0.30,-0.58
2025-08-12T01:39:00.000,0.65,296.07,0.29,-0.59
2025-08-12T01:40:00.000,0.66,296.92,0.30,-0.59
2025-08-12T01:41:00.000,0.65,297.68,0.30,-0.57
2025-08-12T01:42:00.000,0.60,303.82,0.33,-0.50
2025-08-12T01:43:00.000,0.62,302.41,0.33,-0.52
2025-08-12T01:44:00.000,0.64,299.51,0.32,-0.56
2025-08-12T01:45:00.000,0.65,297.04,0.30,-0.58
2025-08-12T01:46:00.000,0.67,295.19,0.29,-0.61
2025-08-12T01:47:00.000,0.67,295.55,0.29,-0.61
2025-08-12T01:48:00.000,0.67,294.26,0.28,-0.61
2025-08-12T01:49:00.000,0.67,294.93,0.28,-0.60
2025-08-12T01:50:00.000,0.68,294.68,0.28,-0.61
2025-08-12T01:51:00.000,0.66,296.38,0.29,-0.59
2025-08-12T01:52:00.000,0.66,296.89,0.30,-0.59
2025-08-12T01:53:00.000,0.65,298.10,0.31,-0.57
2025-08-12T01:54:00.000,0.62,299.93,0.31,-0.54
2025-08-12T01:55:00.000,0.65,297.33,0.30,-0.58
2025-08-12T01:56:00.000,0.62,299.99,0.31,-0.54
2025-08-12T01:57:00.000,0.64,296.20,0.28,-0.57
2025-08-12T01:58:00.000,0.66,295.07,0.28,-0.59
2025-08-12T01:59:00.000,0.65,293.95,0.27,-0.60
2025-08-12T02:00:00.000,0.67,293.67,0.27,-0.61
2025-08-12T02:01:00.000,0.66,294.01,0.27,-0.60
2025-08-12T02:02:00.000,0.67,294.42,0.28,-0.61
2025-08-12T02:03:00.000,0.67,294.01,0.27,-0.61
2025-08-12T02:04:00.000,0.66,294.57,0.28,-0.60
2025-08-12T02:05:00.000,0.67,294.91,0.28,-0.60
2025-08-12T02:06:00.000,0.65,296.37,0.29,-0.59
2025-08-12T02:07:00.000,0.63,296.90,0.29,-0.56
2025-08-12T02:08:00.000,0.66,294.80,0.28,-0.60
2025-08-12T02:09:00.000,0.66,294.26,0.27,-0.60
2025-08-12T02:10:00.000,0.67,294.87,0.28,-0.60
2025-08-12T02:11:00.000,0.66,294.84,0.28,-0.60
2025-08-12T02:12:00.000,0.67,294.21,0.28,-0.61
2025-08-12T02:13:00.000,0.66,296.72,0.30,-0.59
2025-08-12T02:14:00.000,0.66,295.96,0.29,-0.59
2025-08-12T02:15:00.000,0.63,299.30,0.31,-0.55
2025-08-12T02:16:00.000,0.62,301.65,0.32,-0.52
2025-08-12T02:17:00.000,0.61,304.84,0.35,-0.50
2025-08-12T02:18:00.000,0.61,306.95,0.37,-0.49
2025-08-12T02:19:00.000,0.60,303.18,0.33,-0.51
2025-08-12T02:20:00.000,0.64,301.87,0.34,-0.54
2025-08-12T02:21:00.000,0.63,298.33,0.30,-0.56
2025-08-12T02:22:00.000,0.65,296.67,0.29,-0.58
2025-08-12T02:23:00.000,0.65,296.36,0.29,-0.58
2025-08-12T02:24:00.000,0.62,297.85,0.29,-0.55
2025-08-12T02:25:00.000,0.64,297.74,0.30,-0.56
2025-08-12T02:26:00.000,0.61,299.70,0.30,-0.53
2025-08-12T02:27:00.000,0.61,302.26,0.33,-0.52
2025-08-12T02:28:00.000,0.60,303.62,0.33,-0.50
2025-08-12T02:29:00.000,0.57,303.97,0.32,-0.47
2025-08-12T02:30:00.000,0.58,306.11,0.34,-0.47
2025-08-12T02:31:00.000,0.62,300.78,0.32,-0.53
2025-08-12T02:32:00.000,0.59,301.96,0.31,-0.50
2025-08-12T02:33:00.000,0.59,301.76,0.31,-0.50
2025-08-12T02:34:00.000,0.58,302.06,0.31,-0.49
2025-08-12T02:35:00.000,0.61,299.20,0.30,-0.54
2025-08-12T02:36:00.000,0.54,308.27,0.33,-0.42
2025-08-12T02:37:00.000,0.56,307.56,0.34,-0.44
2025-08-12T02:38:00.000,0.50,317.81,0.37,-0.34
2025-08-12T02:39:00.000,0.56,313.70,0.39,-0.41
2025-08-12T02:40:00.000,0.58,309.00,0.36,-0.45
2025-08-12T02:41:00.000,0.58,306.07,0.34,-0.47
2025-08-12T02:42:00.000,0.55,308.03,0.34,-0.44
2025-08-12T02:43:00.000,0.63,300.59,0.32,-0.54
2025-08-12T02:44:00.000,0.62,298.18,0.29,-0.55
2025-08-12T02:45:00.000,0.65,296.19,0.29,-0.58
2025-08-12T02:46:00.000,0.66,292.73,0.26,-0.61
2025-08-12T02:47:00.000,0.66,294.01,0.27,-0.60
2025-08-12T02:48:00.000,0.67,295.76,0.29,-0.61
2025-08-12T02:49:00.000,0.70,294.18,0.29,-0.64
2025-08-12T02:50:00.000,0.68,297.96,0.32,-0.60
2025-08-12T02:51:00.000,0.69,302.90,0.38,-0.58
2025-08-12T02:52:00.000,0.66,300.43,0.34,-0.57
2025-08-12T02:53:00.000,0.66,298.38,0.31,-0.58
2025-08-12T02:54:00.000,0.65,300.46,0.33,-0.56
2025-08-12T02:55:00.000,0.68,301.80,0.36,-0.57
2025-08-12T02:56:00.000,0.73,298.60,0.35,-0.64
2025-08-12T02:57:00.000,0.74,296.67,0.33,-0.66
2025-08-12T02:58:00.000,0.68,292.27,0.26,-0.63
2025-08-12T02:59:00.000,0.67,291.53,0.25,-0.62
2025-08-12T03:00:00.000,0.67,294.81,0.28,-0.61
2025-08-12T03:01:00.000,0.68,292.59,0.26,-0.63
2025-08-12T03:02:00.000,0.68,294.44,0.28,-0.62
2025-08-12T03:03:00.000,0.66,292.17,0.25,-0.61
2025-08-12T03:04:00.000,0.66,294.42,0.27,-0.60
2025-08-12T03:05:00.000,0.66,292.23,0.25,-0.61
2025-08-12T03:06:00.000,0.66,292.69,0.25,-0.61
2025-08-12T03:07:00.000,0.66,292.60,0.25,-0.61
2025-08-12T03:08:00.000,0.64,293.38,0.25,-0.59
2025-08-12T03:09:00.000,0.65,293.49,0.26,-0.60
2025-08-12T03:10:00.000,0.63,292.64,0.24,-0.58
2025-08-12T03:11:00.000,0.63,293.86,0.25,-0.57
2025-08-12T03:12:00.000,0.63,294.38,0.26,-0.58
2025-08-12T03:13:00.000,0.60,298.19,0.28,-0.53
2025-08-12T03:14:00.000,0.61,302.27,0.33,-0.52
2025-08-12T03:15:00.000,0.62,295.67,0.27,-0.56
2025-08-12T03:16:00.000,0.59,307.10,0.35,-0.47
2025-08-12T03:17:00.000,0.54,302.52,0.29,-0.45
2025-08-12T03:18:00.000,0.44,316.76,0.32,-0.30
2025-08-12T03:19:00.000,0.49,311.19,0.32,-0.37
2025-08-12T03:20:00.000,0.38,324.16,0.31,-0.22
2025-08-12T03:21:00.000,0.39,326.65,0.32,-0.21
2025-08-12T03:22:00.000,0.51,319.98,0.39,-0.33
2025-08-12T03:23:00.000,0.49,305.47,0.29,-0.40
2025-08-12T03:24:00.000,0.47,313.91,0.32,-0.34
2025-08-12T03:25:00.000,0.34,324.03,0.28,-0.20
2025-08-12T03:26:00.000,0.44,347.32,0.43,-0.10
2025-08-12T03:27:00.000,0.39,339.24,0.36,-0.14
2025-08-12T03:28:00.000,0.37,341.00,0.35,-0.12
2025-08-12T03:29:00.000,0.33,341.64,0.32,-0.11
2025-08-12T03:30:00.000,0.31,352.73,0.30,-0.04
2025-08-12T03:31:00.000,0.35,352.02,0.34,-0.05
2025-08-12T03:32:00.000,0.39,339.60,0.37,-0.14
2025-08-12T03:33:00.000,0.39,359.25,0.39,-0.01
2025-08-12T03:34:00.000,0.41,11.93,0.40,0.09
2025-08-12T03:35:00.000,0.42,24.57,0.38,0.18
2025-08-12T03:36:00.000,0.85,50.82,0.53,0.66
2025-08-12T03:37:00.000,0.61,43.98,0.44,0.43
2025-08-12T03:38:00.000,0.49,27.81,0.44,0.23
2025-08-12T03:39:00.000,0.35,29.56,0.31,0.17
2025-08-12T03:40:00.000,0.42,25.65,0.38,0.18
2025-08-12T03:41:00.000,0.36,4.99,0.36,0.03
2025-08-12T03:42:00.000,0.33,353.06,0.33,-0.04
2025-08-12T03:43:00.000,0.36,351.12,0.35,-0.06
2025-08-12T03:44:00.000,0.51,338.42,0.47,-0.19
2025-08-12T03:45:00.000,0.69,343.57,0.66,-0.20
2025-08-12T03:46:00.000,0.43,324.24,0.35,-0.25
2025-08-12T03:47:00.000,0.69,330.51,0.60,-0.34
2025-08-12T03:48:00.000,0.45,317.31,0.33,-0.31
2025-08-12T03:49:00.000,0.32,311.06,0.21,-0.24
2025-08-12T03:50:00.000,0.26,300.50,0.13,-0.22
2025-08-12T03:51:00.000,0.37,311.19,0.24,-0.28
2025-08-12T03:52:00.000,0.38,310.49,0.25,-0.29
2025-08-12T03:53:00.000,0.33,308.00,0.21,-0.26
2025-08-12T03:54:00.000,0.32,309.77,0.20,-0.24
2025-08-12T03:55:00.000,0.34,309.11,0.21,-0.26
2025-08-12T03:56:00.000,0.38,311.90,0.26,-0.29
2025-08-12T03:57:00.000,0.40,317.06,0.29,-0.27
2025-08-12T03:58:00.000,0.40,315.36,0.28,-0.28
2025-08-12T03:59:00.000,0.36,326.66,0.30,-0.20
2025-08-12T04:00:00.000,0.36,331.35,0.32,-0.17
2025-08-12T04:01:00.000,0.40,343.93,0.38,-0.11
2025-08-12T04:02:00.000,0.35,351.49,0.35,-0.05
2025-08-12T04:03:00.000,0.34,349.04,0.34,-0.07
2025-08-12T04:04:00.000,0.35,338.27,0.32,-0.13
2025-08-12T04:05:00.000,0.30,352.52,0.29,-0.04
2025-08-12T04:06:00.000,0.37,3.81,0.37,0.02
2025-08-12T04:07:00.000,0.56,27.80,0.49,0.26
2025-08-12T04:08:00.000,0.40,9.82,0.39,0.07
2025-08-12T04:09:00.000,0.71,40.37,0.54,0.46
2025-08-12T04:10:00.000,0.46,32.09,0.39,0.24
2025-08-12T04:11:00.000,0.47,23.09,0.43,0.18
2025-08-12T04:12:00.000,0.50,31.34,0.43,0.26
2025-08-12T04:13:00.000,0.44,23.49,0.40,0.17
2025-08-12T04:14:00.000,0.54,24.40,0.49,0.22
2025-08-12T04:15:00.000,0.43,358.36,0.43,-0.01
2025-08-12T04:16:00.000,0.44,4.51,0.43,0.03
2025-08-12T04:17:00.000,0.39,355.78,0.39,-0.03
2025-08-12T04:18:00.000,0.41,341.27,0.38,-0.13
2025-08-12T04:19:00.000,0.40,359.39,0.40,-0.00
2025-08-12T04:20:00.000,0.36,340.17,0.34,-0.12
2025-08-12T04:21:00.000,0.47,4.91,0.46,0.04
2025-08-12T04:22:00.000,0.46,6.48,0.46,0.05
2025-08-12T04:23:00.000,0.40,6.73,0.40,0.05
2025-08-12T04:24:00.000,0.53,14.82,0.52,0.14
2025-08-12T04:25:00.000,0.55,6.71,0.54,0.06
2025-08-12T04:26:00.000,0.55,15.37,0.53,0.15
2025-08-12T04:27:00.000,0.52,12.04,0.51,0.11
2025-08-12T04:28:00.000,0.53,19.54,0.50,0.18
2025-08-12T04:29:00.000,0.48,7.39,0.47,0.06
2025-08-12T04:30:00.000,0.49,7.32,0.49,0.06
2025-08-12T04:31:00.000,0.55,3.29,0.55,0.03
2025-08-12T04:32:00.000,0.40,353.55,0.40,-0.05
2025-08-12T04:33:00.000,0.37,4.00,0.37,0.03
2025-08-12T04:34:00.000,0.52,14.47,0.50,0.13
2025-08-12T04:35:00.000,0.41,3.15,0.41,0.02
2025-08-12T04:36:00.000,0.47,12.89,0.46,0.11
2025-08-12T04:37:00.000,0.39,0.34,0.39,0.00
2025-08-12T04:38:00.000,0.51,23.10,0.47,0.20
2025-08-12T04:39:00.000,0.41,10.33,0.41,0.07
2025-08-12T04:40:00.000,0.43,16.81,0.42,0.13
2025-08-12T04:41:00.000,1.88,57.26,1.02,1.59
2025-08-12T04:42:00.000,0.35,69.62,0.12,0.32
2025-08-12T04:43:00.000,0.93,32.58,0.78,0.50
2025-08-12T04:44:00.000,0.62,34.43,0.51,0.35
2025-08-12T04:45:00.000,0.48,356.54,0.48,-0.03
2025-08-12T04:46:00.000,0.52,14.89,0.50,0.13
2025-08-12T04:47:00.000,0.52,6.63,0.52,0.06
2025-08-12T04:48:00.000,0.57,14.77,0.55,0.15
2025-08-12T04:49:00.000,0.54,18.44,0.51,0.17
2025-08-12T04:50:00.000,0.48,355.91,0.48,-0.03
2025-08-12T04:51:00.000,0.43,14.38,0.42,0.11
2025-08-12T04:52:00.000,0.48,357.70,0.48,-0.02
2025-08-12T04:53:00.000,0.53,6.03,0.53,0.06
2025-08-12T04:54:00.000,0.41,359.22,0.41,-0.01
2025-08-12T04:55:00.000,0.48,5.08,0.48,0.04
2025-08-12T04:56:00.000,0.36,339.78,0.34,-0.12
2025-08-12T04:57:00.000,0.34,341.31,0.32,-0.11
2025-08-12T04:58:00.000,0.34,356.74,0.34,-0.02
2025-08-12T04:59:00.000,0.33,342.59,0.32,-0.10
2025-08-12T05:00:00.000,0.35,314.52,0.24,-0.25
2025-08-12T05:01:00.000,0.35,312.85,0.24,-0.25
2025-08-12T05:02:00.000,0.34,315.71,0.25,-0.24
2025-08-12T05:03:00.000,0.31,317.65,0.23,-0.21
2025-08-12T05:04:00.000,0.37,308.47,0.23,-0.29
2025-08-12T05:05:00.000,0.37,307.78,0.23,-0.29
2025-08-12T05:06:00.000,0.38,312.68,0.26,-0.28
2025-08-12T05:07:00.000,0.35,306.72,0.21,-0.28
2025-08-12T05:08:00.000,0.34,310.86,0.22,-0.26
2025-08-12T05:09:00.000,0.36,308.46,0.23,-0.29
2025-08-12T05:10:00.000,0.37,312.29,0.25,-0.28
2025-08-12T05:11:00.000,0.40,307.59,0.24,-0.32
2025-08-12T05:12:00.000,0.41,309.61,0.26,-0.31
2025-08-12T05:13:00.000,0.40,308.95,0.25,-0.31
2025-08-12T05:14:00.000,0.42,307.40,0.26,-0.33
2025-08-12T05:15:00.000,0.40,309.48,0.26,-0.31
2025-08-12T05:16:00.000,0.40,310.87,0.26,-0.31
2025-08-12T05:17:00.000,0.39,307.27,0.24,-0.31
2025-08-12T05:18:00.000,0.41,312.76,0.28,-0.30
2025-08-12T05:19:00.000,0.40,310.03,0.25,-0.30
2025-08-12T05:20:00.000,0.34,322.70,0.27,-0.20
2025-08-12T05:21:00.000,0.40,312.88,0.27,-0.29
2025-08-12T05:22:00.000,0.40,308.68,0.25,-0.31
2025-08-12T05:23:00.000,0.40,312.48,0.27,-0.30
2025-08-12T05:24:00.000,0.41,307.43,0.25,-0.32
2025-08-12T05:25:00.000,0.39,313.09,0.27,-0.29
2025-08-12T05:26:00.000,0.42,306.84,0.25,-0.34
2025-08-12T05:27:00.000,0.37,315.93,0.27,-0.26
2025-08-12T05:28:00.000,0.42,316.06,0.30,-0.29
2025-08-12T05:29:00.000,0.42,318.65,0.31,-0.28
2025-08-12T05:30:00.000,0.43,334.06,0.39,-0.19
2025-08-12T05:31:00.000,0.43,322.28,0.34,-0.26
2025-08-12T05:32:00.000,0.39,330.77,0.34,-0.19
2025-08-12T05:33:00.000,0.42,321.28,0.33,-0.26
2025-08-12T05:34:00.000,0.42,332.17,0.37,-0.20
2025-08-12T05:35:00.000,0.42,339.66,0.40,-0.15
2025-08-12T05:36:00.000,0.41,313.31,0.28,-0.30
2025-08-12T05:37:00.000,0.39,320.61,0.30,-0.25
2025-08-12T05:38:00.000,0.40,316.34,0.29,-0.27
2025-08-12T05:39:00.000,0.39,317.94,0.29,-0.26
2025-08-12T05:40:00.000,0.40,318.40,0.30,-0.27
2025-08-12T05:41:00.000,0.38,322.66,0.31,-0.23
2025-08-12T05:42:00.000,0.41,315.48,0.29,-0.29
2025-08-12T05:43:00.000,0.45,318.70,0.34,-0.29
2025-08-12T05:44:00.000,0.44,328.60,0.38,-0.23
2025-08-12T05:45:00.000,0.38,326.60,0.32,-0.21
2025-08-12T05:46:00.000,0.41,309.97,0.27,-0.32
2025-08-12T05:47:00.000,0.40,310.78,0.26,-0.30
2025-08-12T05:48:00.000,0.40,309.35,0.26,-0.31
2025-08-12T05:49:00.000,0.40,309.58,0.26,-0.31
2025-08-12T05:50:00.000,0.43,303.48,0.24,-0.36
2025-08-12T05:51:00.000,0.42,307.65,0.25,-0.33
2025-08-12T05:52:00.000,0.42,306.72,0.25,-0.34
2025-08-12T05:53:00.000,0.45,301.21,0.23,-0.38
2025-08-12T05:54:00.000,0.44,305.28,0.25,-0.36
2025-08-12T05:55:00.000,0.44,300.56,0.22,-0.38
2025-08-12T05:56:00.000,0.43,304.47,0.25,-0.36
2025-08-12T05:57:00.000,0.47,294.20,0.19,-0.43
2025-08-12T05:58:00.000,0.46,298.00,0.21,-0.40
2025-08-12T05:59:00.000,0.46,287.93,0.14,-0.44
2025-08-12T06:00:00.000,0.48,288.68,0.15,-0.45
2025-08-12T06:01:00.000,0.45,292.15,0.17,-0.42
2025-08-12T06:02:00.000,0.46,297.18,0.21,-0.40
2025-08-12T06:03:00.000,0.62,275.24,0.06,-0.62
2025-08-12T06:04:00.000,0.48,295.43,0.21,-0.43
2025-08-12T06:05:00.000,0.47,294.45,0.19,-0.43
2025-08-12T06:06:00.000,0.46,299.46,0.22,-0.40
2025-08-12T06:07:00.000,0.49,294.46,0.20,-0.45
2025-08-12T06:08:00.000,0.45,297.14,0.21,-0.40
2025-08-12T06:09:00.000,0.45,301.78,0.24,-0.38
2025-08-12T06:10:00.000,0.51,294.88,0.21,-0.46
2025-08-12T06:11:00.000,0.53,289.78,0.18,-0.49
2025-08-12T06:12:00.000,0.46,299.52,0.23,-0.40
2025-08-12T06:13:00.000,0.49,292.84,0.19,-0.45
2025-08-12T06:14:00.000,0.54,291.94,0.20,-0.50
2025-08-12T06:15:00.000,0.48,301.13,0.25,-0.41
2025-08-12T06:16:00.000,0.47,300.68,0.24,-0.40
2025-08-12T06:17:00.000,0.50,301.42,0.26,-0.43
2025-08-12T06:18:00.000,0.47,302.56,0.25,-0.39
2025-08-12T06:19:00.000,0.46,304.22,0.26,-0.38
2025-08-12T06:20:00.000,0.50,296.27,0.22,-0.45
2025-08-12T06:21:00.000,0.51,298.51,0.24,-0.45
2025-08-12T06:22:00.000,0.48,300.24,0.24,-0.41
2025-08-12T06:23:00.000,0.49,299.05,0.24,-0.43
2025-08-12T06:24:00.000,0.55,293.39,0.22,-0.50
2025-08-12T06:25:00.000,0.51,292.94,0.20,-0.47
2025-08-12T06:26:00.000,0.47,303.08,0.26,-0.39
2025-08-12T06:27:00.000,0.45,303.02,0.25,-0.38
2025-08-12T06:28:00.000,0.47,305.32,0.27,-0.38
2025-08-12T06:29:00.000,0.44,305.69,0.26,-0.36
2025-08-12T06:30:00.000,0.42,313.61,0.29,-0.30
2025-08-12T06:31:00.000,0.45,304.69,0.26,-0.37
2025-08-12T06:32:00.000,0.42,306.39,0.25,-0.34
2025-08-12T06:33:00.000,0.43,305.09,0.24,-0.35
2025-08-12T06:34:00.000,0.45,305.96,0.26,-0.36
2025-08-12T06:35:00.000,0.45,308.37,0.28,-0.36
2025-08-12T06:36:00.000,0.51,292.98,0.20,-0.47
2025-08-12T06:37:00.000,0.50,292.66,0.19,-0.46
2025-08-12T06:38:00.000,0.52,292.56,0.20,-0.48
2025-08-12T06:39:00.000,0.50,294.72,0.21,-0.46
2025-08-12T06:40:00.000,0.47,294.13,0.19,-0.43
2025-08-12T06:41:00.000,0.52,292.64,0.20,-0.48
2025-08-12T06:42:00.000,0.51,292.22,0.19,-0.47
2025-08-12T06:43:00.000,0.52,292.37,0.20,-0.48
2025-08-12T06:44:00.000,0.52,291.79,0.19,-0.49
2025-08-12T06:45:00.000,0.56,288.49,0.18,-0.53
2025-08-12T06:46:00.000,0.55,288.20,0.17,-0.52
2025-08-12T06:47:00.000,0.54,288.89,0.17,-0.51
2025-08-12T06:48:00.000,0.55,288.83,0.18,-0.52
2025-08-12T06:49:00.000,0.55,288.81,0.18,-0.52
2025-08-12T06:50:00.000,0.52,292.41,0.20,-0.48
2025-08-12T06:51:00.000,0.54,289.82,0.18,-0.51
2025-08-12T06:52:00.000,0.54,288.47,0.17,-0.52
2025-08-12T06:53:00.000,0.55,289.15,0.18,-0.52
2025-08-12T06:54:00.000,0.54,287.65,0.16,-0.51
2025-08-12T06:55:00.000,0.58,285.74,0.16,-0.56
2025-08-12T06:56:00.000,0.60,283.21,0.14,-0.58
2025-08-12T06:57:00.000,0.53,290.50,0.19,-0.50
2025-08-12T06:58:00.000,0.64,280.73,0.12,-0.63
2025-08-12T06:59:00.000,0.59,285.88,0.16,-0.57
2025-08-12T07:00:00.000,0.59,283.77,0.14,-0.57
2025-08-12T07:01:00.000,0.60,285.64,0.16,-0.58
2025-08-12T07:02:00.000,0.66,282.17,0.14,-0.65
2025-08-12T07:03:00.000,0.65,285.84,0.18,-0.62
2025-08-12T07:04:00.000,0.64,282.71,0.14,-0.63
2025-08-12T07:05:00.000,0.67,283.89,0.16,-0.65
2025-08-12T07:06:00.000,0.83,272.44,0.04,-0.83
2025-08-12T07:07:00.000,0.70,277.55,0.09,-0.69
2025-08-12T07:08:00.000,0.70,277.27,0.09,-0.69
2025-08-12T07:09:00.000,0.71,275.87,0.07,-0.71
2025-08-12T07:10:00.000,0.66,280.34,0.12,-0.65
2025-08-12T07:11:00.000,0.62,284.18,0.15,-0.60
2025-08-12T07:12:00.000,0.60,285.68,0.16,-0.58
2025-08-12T07:13:00.000,0.61,280.98,0.12,-0.60
2025-08-12T07:14:00.000,0.58,288.40,0.18,-0.55
2025-08-12T07:15:00.000,0.55,287.27,0.16,-0.52
2025-08-12T07:16:00.000,0.55,290.28,0.19,-0.51
2025-08-12T07:17:00.000,0.54,288.85,0.17,-0.51
2025-08-12T07:18:00.000,0.53,291.98,0.20,-0.49
2025-08-12T07:19:00.000,0.53,289.05,0.17,-0.50
2025-08-12T07:20:00.000,0.57,290.40,0.20,-0.54
2025-08-12T07:21:00.000,0.53,289.90,0.18,-0.50
2025-08-12T07:22:00.000,0.53,292.21,0.20,-0.49
2025-08-12T07:23:00.000,0.53,291.16,0.19,-0.49
2025-08-12T07:24:00.000,0.51,294.01,0.21,-0.47
2025-08-12T07:25:00.000,0.51,291.71,0.19,-0.47
2025-08-12T07:26:00.000,0.53,291.24,0.19,-0.49
2025-08-12T07:27:00.000,0.57,287.18,0.17,-0.54
2025-08-12T07:28:00.000,0.57,286.56,0.16,-0.54
2025-08-12T07:29:00.000,0.53,288.95,0.17,-0.50
2025-08-12T07:30:00.000,0.54,288.04,0.17,-0.52
2025-08-12T07:31:00.000,0.52,290.83,0.19,-0.49
2025-08-12T07:32:00.000,0.54,289.79,0.18,-0.51
2025-08-12T07:33:00.000,0.52,291.22,0.19,-0.49
2025-08-12T07:34:00.000,0.52,292.23,0.20,-0.48
2025-08-12T07:35:00.000,0.52,292.51,0.20,-0.48
2025-08-12T07:36:00.000,0.51,292.49,0.20,-0.47
2025-08-12T07:37:00.000,0.53,291.87,0.20,-0.49
2025-08-12T07:38:00.000,0.53,290.89,0.19,-0.49
2025-08-12T07:39:00.000,0.52,291.67,0.19,-0.48
2025-08-12T07:40:00.000,0.54,288.48,0.17,-0.51
2025-08-12T07:41:00.000,0.52,292.02,0.20,-0.48
2025-08-12T07:42:00.000,0.54,289.13,0.18,-0.51
2025-08-12T07:43:00.000,0.51,291.71,0.19,-0.48
2025-08-12T07:44:00.000,0.52,292.10,0.19,-0.48
2025-08-12T07:45:00.000,0.53,293.30,0.21,-0.48
2025-08-12T07:46:00.000,0.51,293.86,0.21,-0.47
2025-08-12T07:47:00.000,0.54,293.90,0.22,-0.49
2025-08-12T07:48:00.000,0.54,293.78,0.22,-0.49
2025-08-12T07:49:00.000,0.55,293.06,0.21,-0.50
2025-08-12T07:50:00.000,0.57,291.23,0.20,-0.53
2025-08-12T07:51:00.000,0.59,289.61,0.20,-0.55
2025-08-12T07:52:00.000,0.65,285.81,0.18,-0.62
2025-08-12T07:53:00.000,0.65,286.41,0.18,-0.63
2025-08-12T07:54:00.000,0.70,290.57,0.25,-0.65
2025-08-12T07:55:00.000,0.83,293.68,0.33,-0.76
2025-08-12T07:56:00.000,0.72,293.32,0.28,-0.66
2025-08-12T07:57:00.000,0.72,293.51,0.29,-0.66
2025-08-12T07:58:00.000,0.73,294.63,0.30,-0.66
2025-08-12T07:59:00.000,0.72,292.49,0.28,-0.67
2025-08-12T08:00:00.000,0.69,293.26,0.27,-0.63
2025-08-12T08:01:00.000,0.69,291.84,0.26,-0.64
2025-08-12T08:02:00.000,0.71,292.03,0.27,-0.66
2025-08-12T08:03:00.000,0.70,291.68,0.26,-0.65
2025-08-12T08:04:00.000,0.72,291.38,0.26,-0.67
2025-08-12T08:05:00.000,0.71,291.20,0.26,-0.66
2025-08-12T08:06:00.000,0.70,291.91,0.26,-0.65
2025-08-12T08:07:00.000,0.68,292.50,0.26,-0.63
2025-08-12T08:08:00.000,0.69,291.52,0.25,-0.64
2025-08-12T08:09:00.000,0.66,292.23,0.25,-0.61
2025-08-12T08:10:00.000,0.66,291.22,0.24,-0.62
2025-08-12T08:11:00.000,0.63,293.66,0.25,-0.58
2025-08-12T08:12:00.000,0.66,291.60,0.24,-0.61
2025-08-12T08:13:00.000,0.65,291.21,0.23,-0.61
2025-08-12T08:14:00.000,0.66,291.75,0.24,-0.61
2025-08-12T08:15:00.000,0.65,292.16,0.24,-0.60
2025-08-12T08:16:00.000,0.65,291.64,0.24,-0.60
2025-08-12T08:17:00.000,0.65,291.88,0.24,-0.61
2025-08-12T08:18:00.000,0.65,292.28,0.25,-0.61
2025-08-12T08:19:00.000,0.64,292.35,0.24,-0.60
2025-08-12T08:20:00.000,0.63,293.78,0.25,-0.58
2025-08-12T08:21:00.000,0.65,291.27,0.24,-0.61
2025-08-12T08:22:00.000,0.64,292.03,0.24,-0.60
2025-08-12T08:23:00.000,0.65,292.43,0.25,-0.60
2025-08-12T08:24:00.000,0.65,291.81,0.24,-0.61
2025-08-12T08:25:00.000,0.65,292.49,0.25,-0.60
2025-08-12T08:26:00.000,0.66,292.69,0.26,-0.61
2025-08-12T08:27:00.000,0.67,291.94,0.25,-0.62
2025-08-12T08:28:00.000,0.65,293.18,0.25,-0.60
2025-08-12T08:29:00.000,0.65,292.25,0.25,-0.60
2025-08-12T08:30:00.000,0.64,293.08,0.25,-0.59
2025-08-12T08:31:00.000,0.65,292.40,0.25,-0.60
2025-08-12T08:32:00.000,0.66,292.71,0.26,-0.61
2025-08-12T08:33:00.000,0.64,292.40,0.25,-0.60
2025-08-12T08:34:00.000,0.65,292.58,0.25,-0.60
2025-08-12T08:35:00.000,0.65,291.21,0.24,-0.61
2025-08-12T08:36:00.000,0.66,291.70,0.24,-0.61
2025-08-12T08:37:00.000,0.66,291.84,0.25,-0.61
2025-08-12T08:38:00.000,0.65,291.68,0.24,-0.60
2025-08-12T08:39:00.000,0.65,291.96,0.24,-0.60
2025-08-12T08:40:00.000,0.65,292.20,0.25,-0.60
2025-08-12T08:41:00.000,0.64,291.68,0.24,-0.60
2025-08-12T08:42:00.000,0.65,292.25,0.25,-0.60
2025-08-12T08:43:00.000,0.66,291.47,0.24,-0.61
2025-08-12T08:44:00.000,0.66,291.62,0.24,-0.62
2025-08-12T08:45:00.000,0.65,291.96,0.24,-0.60
2025-08-12T08:46:00.000,0.67,290.81,0.24,-0.63
2025-08-12T08:47:00.000,0.67,290.32,0.23,-0.63
2025-08-12T08:48:00.000,0.66,290.41,0.23,-0.61
2025-08-12T08:49:00.000,0.66,290.63,0.23,-0.62
2025-08-12T08:50:00.000,0.65,291.43,0.24,-0.61
2025-08-12T08:51:00.000,0.65,292.23,0.25,-0.60
2025-08-12T08:52:00.000,0.65,292.61,0.25,-0.60
2025-08-12T08:53:00.000,0.65,292.69,0.25,-0.60
2025-08-12T08:54:00.000,0.64,293.17,0.25,-0.59
2025-08-12T08:55:00.000,0.64,293.41,0.25,-0.59
2025-08-12T08:56:00.000,0.64,292.55,0.25,-0.59
2025-08-12T08:57:00.000,0.65,292.24,0.25,-0.60
2025-08-12T08:58:00.000,0.64,293.28,0.25,-0.58
2025-08-12T08:59:00.000,0.64,293.02,0.25,-0.59
2025-08-12T09:00:00.000,0.64,292.53,0.25,-0.59
2025-08-12T09:01:00.000,0.64,293.06,0.25,-0.59
2025-08-12T09:02:00.000,0.62,294.97,0.26,-0.56
2025-08-12T09:03:00.000,0.61,297.59,0.28,-0.54
2025-08-12T09:04:00.000,0.59,297.62,0.27,-0.52
2025-08-12T09:05:00.000,0.60,295.77,0.26,-0.54
2025-08-12T09:06:00.000,0.56,297.55,0.26,-0.50
2025-08-12T09:07:00.000,0.59,295.83,0.26,-0.53
2025-08-12T09:08:00.000,0.59,294.57,0.24,-0.53
2025-08-12T09:09:00.000,0.60,291.81,0.22,-0.56
2025-08-12T09:10:00.000,0.60,290.92,0.21,-0.56
2025-08-12T09:11:00.000,0.59,292.84,0.23,-0.54
2025-08-12T09:12:00.000,0.59,293.29,0.23,-0.54
2025-08-12T09:13:00.000,0.60,292.55,0.23,-0.55
2025-08-12T09:14:00.000,0.59,293.12,0.23,-0.55
2025-08-12T09:15:00.000,0.57,296.02,0.25,-0.52
2025-08-12T09:16:00.000,0.59,295.92,0.26,-0.53
2025-08-12T09:17:00.000,0.59,295.97,0.26,-0.53
2025-08-12T09:18:00.000,0.59,294.82,0.25,-0.53
2025-08-12T09:19:00.000,0.60,293.42,0.24,-0.55
2025-08-12T09:20:00.000,0.60,293.82,0.24,-0.55
2025-08-12T09:21:00.000,0.60,293.84,0.24,-0.55
2025-08-12T09:22:00.000,0.61,292.56,0.23,-0.56
2025-08-12T09:23:00.000,0.60,292.82,0.23,-0.56
2025-08-12T09:24:00.000,0.61,293.59,0.24,-0.56
2025-08-12T09:25:00.000,0.60,294.41,0.25,-0.55
2025-08-12T09:26:00.000,0.60,294.16,0.25,-0.55
2025-08-12T09:27:00.000,0.60,295.45,0.26,-0.54
2025-08-12T09:28:00.000,0.61,293.61,0.24,-0.56
2025-08-12T09:29:00.000,0.59,293.53,0.23,-0.54
2025-08-12T09:30:00.000,0.61,292.94,0.24,-0.57
2025-08-12T09:31:00.000,0.63,292.08,0.24,-0.58
2025-08-12T09:32:00.000,0.66,290.29,0.23,-0.61
2025-08-12T09:33:00.000,0.66,288.48,0.21,-0.63
2025-08-12T09:34:00.000,0.65,288.29,0.20,-0.62
2025-08-12T09:35:00.000,0.64,288.97,0.21,-0.61
2025-08-12T09:36:00.000,0.64,289.16,0.21,-0.61
2025-08-12T09:37:00.000,0.63,291.02,0.23,-0.59
2025-08-12T09:38:00.000,0.63,291.04,0.23,-0.59
2025-08-12T09:39:00.000,0.62,291.78,0.23,-0.57
2025-08-12T09:40:00.000,0.61,292.25,0.23,-0.56
2025-08-12T09:41:00.000,0.60,292.39,0.23,-0.55
2025-08-12T09:42:00.000,0.60,291.57,0.22,-0.56
2025-08-12T09:43:00.000,0.61,292.36,0.23,-0.57
2025-08-12T09:44:00.000,0.63,291.53,0.23,-0.58
2025-08-12T09:45:00.000,0.61,291.75,0.23,-0.57
2025-08-12T09:46:00.000,0.62,291.93,0.23,-0.57
2025-08-12T09:47:00.000,0.63,292.36,0.24,-0.58
2025-08-12T09:48:00.000,0.63,292.93,0.25,-0.58
2025-08-12T09:49:00.000,0.63,292.79,0.24,-0.58
2025-08-12T09:50:00.000,0.58,287.95,0.18,-0.55
2025-08-12T09:51:00.000,0.67,288.31,0.21,-0.63
2025-08-12T09:52:00.000,0.64,288.46,0.20,-0.61
2025-08-12T09:53:00.000,0.67,288.74,0.22,-0.64
2025-08-12T09:54:00.000,0.69,288.39,0.22,-0.65
2025-08-12T09:55:00.000,0.70,288.06,0.22,-0.67
2025-08-12T09:56:00.000,0.74,286.85,0.21,-0.71
2025-08-12T09:57:00.000,0.78,287.61,0.24,-0.74
2025-08-12T09:58:00.000,0.78,288.34,0.25,-0.74
2025-08-12T09:59:00.000,0.70,287.63,0.21,-0.66
2025-08-12T10:00:00.000,0.71,285.88,0.19,-0.68
2025-08-12T10:01:00.000,0.69,286.25,0.19,-0.66
2025-08-12T10:02:00.000,0.67,287.35,0.20,-0.64
2025-08-12T10:03:00.000,0.68,287.05,0.20,-0.65
2025-08-12T10:04:00.000,0.66,287.51,0.20,-0.63
2025-08-12T10:05:00.000,0.65,287.90,0.20,-0.62
2025-08-12T10:06:00.000,0.67,287.47,0.20,-0.64
2025-08-12T10:07:00.000,0.65,287.36,0.20,-0.62
2025-08-12T10:08:00.000,0.68,286.45,0.19,-0.65
2025-08-12T10:09:00.000,0.68,286.37,0.19,-0.65
2025-08-12T10:10:00.000,0.66,285.46,0.18,-0.64
2025-08-12T10:11:00.000,0.67,285.85,0.18,-0.64
2025-08-12T10:12:00.000,0.67,285.80,0.18,-0.65
2025-08-12T10:13:00.000,0.67,285.48,0.18,-0.65
2025-08-12T10:14:00.000,0.67,286.06,0.18,-0.64
2025-08-12T10:15:00.000,0.67,285.64,0.18,-0.65
2025-08-12T10:16:00.000,0.68,285.16,0.18,-0.66
2025-08-12T10:17:00.000,0.69,284.25,0.17,-0.67
2025-08-12T10:18:00.000,0.69,284.73,0.18,-0.67
2025-08-12T10:19:00.000,0.73,282.05,0.15,-0.72
2025-08-12T10:20:00.000,0.70,283.71,0.17,-0.68
2025-08-12T10:21:00.000,0.68,284.21,0.17,-0.66
2025-08-12T10:22:00.000,0.70,280.26,0.12,-0.69
2025-08-12T10:23:00.000,0.69,278.50,0.10,-0.69
2025-08-12T10:24:00.000,0.69,280.85,0.13,-0.68
2025-08-12T10:25:00.000,0.72,278.32,0.10,-0.71
2025-08-12T10:26:00.000,0.71,280.12,0.12,-0.69
2025-08-12T10:27:00.000,0.71,280.16,0.13,-0.70
2025-08-12T10:28:00.000,0.76,279.00,0.12,-0.75
2025-08-12T10:29:00.000,0.74,279.25,0.12,-0.73
2025-08-12T10:30:00.000,0.74,279.96,0.13,-0.72
2025-08-12T10:31:00.000,0.80,278.23,0.11,-0.79
2025-08-12T10:32:00.000,0.79,278.94,0.12,-0.78
2025-08-12T10:33:00.000,0.81,277.61,0.11,-0.81
2025-08-12T10:34:00.000,0.74,279.21,0.12,-0.73
2025-08-12T10:35:00.000,0.78,276.08,0.08,-0.78
2025-08-12T10:36:00.000,0.89,274.13,0.06,-0.89
2025-08-12T10:37:00.000,0.95,271.76,0.03,-0.95
2025-08-12T10:38:00.000,1.04,269.82,-0.00,-1.04
2025-08-12T10:39:00.000,1.06,269.60,-0.01,-1.06
2025-08-12T10:40:00.000,1.05,270.23,0.00,-1.05
2025-08-12T10:41:00.000,0.97,272.11,0.04,-0.97
2025-08-12T10:42:00.000,0.98,271.57,0.03,-0.98
2025-08-12T10:43:00.000,0.97,272.92,0.05,-0.97
2025-08-12T10:44:00.000,0.93,273.15,0.05,-0.93
2025-08-12T10:45:00.000,0.85,273.86,0.06,-0.84
2025-08-12T10:46:00.000,0.85,273.18,0.05,-0.85
2025-08-12T10:47:00.000,0.84,274.51,0.07,-0.84
2025-08-12T10:48:00.000,0.89,272.27,0.04,-0.89
2025-08-12T10:49:00.000,0.85,271.71,0.03,-0.85
2025-08-12T10:50:00.000,0.90,270.35,0.01,-0.90
2025-08-12T10:51:00.000,0.92,270.85,0.01,-0.92
2025-08-12T10:52:00.000,0.87,273.09,0.05,-0.87
2025-08-12T10:53:00.000,0.95,269.69,-0.01,-0.95
2025-08-12T10:54:00.000,1.09,269.19,-0.02,-1.09
2025-08-12T10:55:00.000,0.98,271.13,0.02,-0.98
2025-08-12T10:56:00.000,0.95,270.73,0.01,-0.95
2025-08-12T10:57:00.000,1.01,272.63,0.05,-1.01
2025-08-12T10:58:00.000,1.02,270.61,0.01,-1.02
2025-08-12T10:59:00.000,1.10,270.29,0.01,-1.10
2025-08-12T11:00:00.000,1.28,270.50,0.01,-1.28
2025-08-12T11:01:00.000,1.15,271.78,0.04,-1.15
2025-08-12T11:02:00.000,1.63,268.30,-0.05,-1.63
2025-08-12T11:03:00.000,1.48,267.12,-0.07,-1.48
2025-08-12T11:04:00.000,1.59,266.48,-0.10,-1.59
2025-08-12T11:05:00.000,1.80,267.22,-0.09,-1.79
2025-08-12T11:06:00.000,1.85,266.38,-0.12,-1.85
2025-08-12T11:07:00.000,1.57,269.17,-0.02,-1.57
2025-08-12T11:08:00.000,1.57,269.31,-0.02,-1.57
2025-08-12T11:09:00.000,1.59,267.83,-0.06,-1.59
2025-08-12T11:10:00.000,1.54,268.34,-0.04,-1.54
2025-08-12T11:11:00.000,1.60,267.65,-0.07,-1.60
2025-08-12T11:12:00.000,1.69,268.34,-0.05,-1.69
2025-08-12T11:13:00.000,1.86,267.56,-0.08,-1.85
2025-08-12T11:14:00.000,1.94,269.88,-0.00,-1.94
2025-08-12T11:15:00.000,2.06,267.90,-0.08,-2.05
2025-08-12T11:16:00.000,2.93,266.34,-0.19,-2.93
2025-08-12T11:17:00.000,2.50,267.22,-0.12,-2.50
2025-08-12T11:18:00.000,3.07,271.41,0.08,-3.07
2025-08-12T11:19:00.000,3.26,267.43,-0.15,-3.26
2025-08-12T11:20:00.000,5.02,261.90,-0.71,-4.97
2025-08-12T11:21:00.000,5.35,265.09,-0.46,-5.33
2025-08-12T11:22:00.000,5.41,264.52,-0.52,-5.38
2025-08-12T11:23:00.000,4.52,264.69,-0.42,-4.50
2025-08-12T11:24:00.000,4.82,264.07,-0.50,-4.79
2025-08-12T11:25:00.000,4.59,266.39,-0.29,-4.58
2025-08-12T11:26:00.000,4.16,269.68,-0.02,-4.16
2025-08-12T11:27:00.000,4.93,268.13,-0.16,-4.93
2025-08-12T11:28:00.000,4.81,269.03,-0.08,-4.81
2025-08-12T11:29:00.000,4.90,267.91,-0.18,-4.89
2025-08-12T11:30:00.000,4.71,267.85,-0.18,-4.70
2025-08-12T11:31:00.000,4.79,270.37,0.03,-4.79
2025-08-12T11:32:00.000,5.65,268.63,-0.14,-5.65
2025-08-12T11:33:00.000,6.59,267.53,-0.28,-6.59
2025-08-12T11:34:00.000,5.83,262.14,-0.80,-5.77
2025-08-12T11:35:00.000,6.02,265.20,-0.50,-6.00
2025-08-12T11:36:00.000,7.05,256.95,-1.59,-6.87
2025-08-12T11:37:00.000,9.09,262.64,-1.16,-9.02
2025-08-12T11:38:00.000,9.99,264.18,-1.01,-9.94
2025-08-12T11:39:00.000,11.31,264.53,-1.08,-11.26
2025-08-12T11:40:00.000,12.71,264.77,-1.16,-12.66
2025-08-12T11:41:00.000,13.93,267.42,-0.63,-13.92
2025-08-12T11:42:00.000,15.86,264.05,-1.64,-15.78
2025-08-12T11:43:00.000,17.07,260.92,-2.69,-16.85
2025-08-12T11:44:00.000,17.83,265.05,-1.54,-17.76
2025-08-12T11:45:00.000,18.68,264.29,-1.86,-18.58
2025-08-12T11:46:00.000,19.74,269.28,-0.25,-19.74
2025-08-12T11:47:00.000,20.86,269.69,-0.11,-20.86
2025-08-12T11:48:00.000,21.75,269.87,-0.05,-21.75
2025-08-12T11:49:00.000,22.30,265.17,-1.88,-22.22
2025-08-12T11:50:00.000,23.19,265.68,-1.75,-23.12
2025-08-12T11:51:00.000,23.85,266.03,-1.65,-23.79
2025-08-12T11:52:00.000,24.57,266.50,-1.50,-24.53
2025-08-12T11:53:00.000,25.22,262.01,-3.51,-24.97
2025-08-12T11:54:00.000,25.76,265.80,-1.88,-25.69
2025-08-12T11:55:00.000,26.49,266.16,-1.77,-26.43
2025-08-12T11:56:00.000,26.76,266.32,-1.72,-26.70
2025-08-12T11:57:00.000,27.25,265.83,-1.98,-27.18
2025-08-12T11:58:00.000,27.78,264.21,-2.80,-27.64
2025-08-12T11:59:00.000,28.42,265.58,-2.19,-28.34
2025-08-12T12:00:00.000,28.62,270.79,0.40,-28.61
2025-08-12T12:01:00.000,29.25,259.08,-5.54,-28.72
2025-08-12T12:02:00.000,29.88,261.26,-4.54,-29.54
2025-08-12T12:03:00.000,30.15,258.32,-6.10,-29.53
2025-08-12T12:04:00.000,30.90,259.16,-5.81,-30.34
2025-08-12T12:05:00.000,31.26,261.04,-4.87,-30.88
2025-08-12T12:06:00.000,31.87,259.90,-5.59,-31.37
2025-08-12T12:07:00.000,32.48,248.90,-11.69,-30.30
2025-08-12T12:08:00.000,33.13,251.12,-10.72,-31.34
2025-08-12T12:09:00.000,33.95,252.80,-10.04,-32.44
2025-08-12T12:10:00.000,34.87,254.99,-9.03,-33.68
2025-08-12T12:11:00.000,35.91,255.56,-8.96,-34.78
2025-08-12T12:12:00.000,36.17,255.29,-9.18,-34.98
2025-08-12T12:13:00.000,37.25,253.15,-10.80,-35.65
2025-08-12T12:14:00.000,37.76,248.85,-13.62,-35.22
2025-08-12T12:15:00.000,39.46,255.41,-9.94,-38.19
2025-08-12T12:16:00.000,40.28,254.07,-11.06,-38.73
2025-08-12T12:17:00.000,41.57,255.27,-10.57,-40.20
2025-08-12T12:18:00.000,42.73,254.75,-11.24,-41.23
2025-08-12T12:19:00.000,43.22,251.53,-13.69,-41.00
2025-08-12T12:20:00.000,44.87,255.88,-10.95,-43.52
2025-08-12T12:21:00.000,45.75,251.58,-14.46,-43.40
2025-08-12T12:22:00.000,47.09,247.96,-17.67,-43.65
2025-08-12T12:23:00.000,48.42,247.70,-18.38,-44.80
2025-08-12T12:24:00.000,49.61,251.27,-15.93,-46.98
2025-08-12T12:25:00.000,50.67,249.85,-17.45,-47.57
2025-08-12T12:26:00.000,52.54,249.89,-18.07,-49.34
2025-08-12T12:27:00.000,53.71,250.25,-18.15,-50.55
2025-08-12T12:28:00.000,55.40,245.51,-22.97,-50.42
2025-08-12T12:29:00.000,56.21,242.33,-26.10,-49.78
2025-08-12T12:30:00.000,55.83,243.23,-25.15,-49.85
2025-08-12T12:31:00.000,56.32,244.15,-24.56,-50.68
2025-08-12T12:32:00.000,58.20,244.70,-24.88,-52.62
2025-08-12T12:33:00.000,59.20,241.28,-28.44,-51.91
2025-08-12T12:34:00.000,60.85,242.30,-28.29,-53.88
2025-08-12T12:35:00.000,61.34,242.88,-27.96,-54.60
2025-08-12T12:36:00.000,61.17,243.54,-27.26,-54.76
2025-08-12T12:37:00.000,60.90,248.20,-22.61,-56.55
2025-08-12T12:38:00.000,60.69,243.91,-26.69,-54.51
2025-08-12T12:39:00.000,63.49,245.11,-26.72,-57.59
2025-08-12T12:40:00.000,66.22,247.49,-25.35,-61.18
2025-08-12T12:41:00.000,66.92,245.28,-27.99,-60.79
2025-08-12T12:42:00.000,66.86,246.01,-27.18,-61.08
2025-08-12T12:43:00.000,66.93,247.27,-25.87,-61.74
2025-08-12T12:44:00.000,68.00,249.73,-23.56,-63.79
2025-08-12T12:45:00.000,68.62,246.36,-27.51,-62.87
2025-08-12T12:46:00.000,69.60,247.00,-27.19,-64.07
2025-08-12T12:47:00.000,69.18,257.36,-15.14,-67.50
2025-08-12T12:48:00.000,69.82,251.38,-22.30,-66.17
2025-08-12T12:49:00.000,70.82,247.33,-27.29,-65.35
2025-08-12T12:50:00.000,70.06,253.17,-20.28,-67.06
2025-08-12T12:51:00.000,69.93,249.07,-24.99,-65.32
2025-08-12T12:52:00.000,69.88,254.48,-18.70,-67.33
2025-08-12T12:53:00.000,68.41,252.70,-20.34,-65.32
2025-08-12T12:54:00.000,67.35,259.52,-12.25,-66.23
2025-08-12T12:55:00.000,66.38,258.91,-12.77,-65.14
2025-08-12T12:56:00.000,67.31,254.64,-17.83,-64.91
2025-08-12T12:57:00.000,65.45,249.80,-22.60,-61.42
2025-08-12T12:58:00.000,64.13,246.73,-25.34,-58.92
2025-08-12T12:59:00.000,60.79,250.62,-20.17,-57.34
2025-08-12T13:00:00.000,60.42,246.09,-24.49,-55.23
2025-08-12T13:01:00.000,58.63,254.24,-15.92,-56.43
2025-08-12T13:02:00.000,57.35,254.13,-15.68,-55.16
2025-08-12T13:03:00.000,56.08,253.23,-16.18,-53.70
2025-08-12T13:04:00.000,55.16,250.31,-18.58,-51.94
2025-08-12T13:05:00.000,53.36,250.10,-18.17,-50.18
2025-08-12T13:06:00.000,51.26,246.52,-20.43,-47.02
2025-08-12T13:07:00.000,49.77,252.46,-14.99,-47.45
2025-08-12T13:08:00.000,47.81,257.35,-10.47,-46.65
2025-08-12T13:09:00.000,46.55,254.27,-12.62,-44.81
2025-08-12T13:10:00.000,45.58,254.03,-12.54,-43.82
2025-08-12T13:11:00.000,44.70,245.20,-18.75,-40.57
2025-08-12T13:12:00.000,43.86,247.67,-16.66,-40.57
2025-08-12T13:13:00.000,43.00,248.24,-15.94,-39.93
2025-08-12T13:14:00.000,41.83,246.50,-16.68,-38.36
2025-08-12T13:15:00.000,41.03,250.08,-13.98,-38.57
2025-08-12T13:16:00.000,39.83,251.02,-12.96,-37.66
2025-08-12T13:17:00.000,39.29,250.60,-13.05,-37.06
2025-08-12T13:18:00.000,37.95,248.28,-14.04,-35.26
2025-08-12T13:19:00.000,37.49,251.37,-11.97,-35.52
2025-08-12T13:20:00.000,36.86,254.04,-10.13,-35.44
2025-08-12T13:21:00.000,36.26,256.63,-8.39,-35.28
2025-08-12T13:22:00.000,35.36,258.29,-7.18,-34.63
2025-08-12T13:23:00.000,34.56,257.87,-7.26,-33.78
2025-08-12T13:24:00.000,34.18,254.99,-8.85,-33.01
2025-08-12T13:25:00.000,33.49,256.80,-7.65,-32.61
2025-08-12T13:26:00.000,32.87,257.46,-7.13,-32.08
2025-08-12T13:27:00.000,32.11,258.07,-6.64,-31.41
2025-08-12T13:28:00.000,31.70,259.00,-6.05,-31.12
2025-08-12T13:29:00.000,31.05,274.64,2.51,-30.95
2025-08-12T13:30:00.000,30.33,310.52,19.71,-23.06
2025-08-12T13:31:00.000,29.95,340.75,28.27,-9.87
2025-08-12T13:32:00.000,29.46,356.60,29.41,-1.75
2025-08-12T13:33:00.000,29.10,358.81,29.10,-0.60
2025-08-12T13:34:00.000,28.45,355.52,28.37,-2.22
2025-08-12T13:35:00.000,27.94,0.18,27.94,0.09
2025-08-12T13:36:00.000,27.40,355.01,27.30,-2.38
2025-08-12T13:37:00.000,27.00,0.17,27.00,0.08
2025-08-12T13:38:00.000,26.50,10.53,26.05,4.84
2025-08-12T13:39:00.000,25.91,8.87,25.60,4.00
2025-08-12T13:40:00.000,25.60,23.53,23.47,10.22
2025-08-12T13:41:00.000,25.06,20.28,23.50,8.68
2025-08-12T13:42:00.000,24.47,19.76,23.03,8.27
2025-08-12T13:43:00.000,23.58,23.67,21.60,9.47
2025-08-12T13:44:00.000,23.09,18.26,21.92,7.23
2025-08-12T13:45:00.000,22.38,25.84,20.15,9.76
2025-08-12T13:46:00.000,21.72,20.86,20.30,7.74
2025-08-12T13:47:00.000,20.81,23.22,19.12,8.20
2025-08-12T13:48:00.000,20.16,25.29,18.23,8.61
2025-08-12T13:49:00.000,19.06,23.72,17.45,7.67
2025-08-12T13:50:00.000,17.65,27.56,15.64,8.17
2025-08-12T13:51:00.000,16.41,28.48,14.42,7.82
2025-08-12T13:52:00.000,15.29,30.72,13.15,7.81
2025-08-12T13:53:00.000,14.21,36.23,11.47,8.40
2025-08-12T13:54:00.000,12.24,30.92,10.50,6.29
2025-08-12T13:55:00.000,10.86,29.63,9.44,5.37
2025-08-12T13:56:00.000,8.73,33.13,7.31,4.77
2025-08-12T13:57:00.000,7.13,35.06,5.83,4.09
2025-08-12T13:58:00.000,5.41,41.35,4.06,3.58
2025-08-12T13:59:00.000,3.98,45.05,2.81,2.82
2025-08-12T14:00:00.000,3.45,48.69,2.28,2.59
2025-08-12T14:01:00.000,3.13,52.91,1.89,2.50
2025-08-12T14:02:00.000,2.68,45.63,1.87,1.91
2025-08-12T14:03:00.000,2.19,50.03,1.40,1.68
2025-08-12T14:04:00.000,3.61,56.62,1.99,3.01
2025-08-12T14:05:00.000,3.54,52.18,2.17,2.79
2025-08-12T14:06:00.000,3.50,55.96,1.96,2.90
2025-08-12T14:07:00.000,2.82,54.14,1.65,2.28
2025-08-12T14:08:00.000,3.02,50.58,1.92,2.33
2025-08-12T14:09:00.000,2.82,52.84,1.70,2.25
2025-08-12T14:10:00.000,3.35,49.72,2.17,2.56
2025-08-12T14:11:00.000,3.01,54.47,1.75,2.45
2025-08-12T14:12:00.000,3.13,56.38,1.73,2.61
2025-08-12T14:13:00.000,3.10,52.36,1.89,2.46
2025-08-12T14:14:00.000,3.30,55.83,1.86,2.73
2025-08-12T14:15:00.000,1.80,47.67,1.21,1.33
2025-08-12T14:16:00.000,1.76,48.76,1.16,1.32
2025-08-12T14:17:00.000,1.30,48.00,0.87,0.97
2025-08-12T14:18:00.000,1.73,52.23,1.06,1.36
2025-08-12T14:19:00.000,2.42,48.68,1.60,1.82
2025-08-12T14:20:00.000,1.45,43.01,1.06,0.99
2025-08-12T14:21:00.000,1.24,38.54,0.97,0.77
2025-08-12T14:22:00.000,1.28,41.27,0.96,0.84
2025-08-12T14:23:00.000,0.99,42.12,0.73,0.66
2025-08-12T14:24:00.000,1.42,43.45,1.03,0.98
2025-08-12T14:25:00.000,1.19,38.12,0.94,0.74
2025-08-12T14:26:00.000,1.34,39.53,1.03,0.85
2025-08-12T14:27:00.000,1.51,46.29,1.04,1.09
2025-08-12T14:28:00.000,1.61,47.53,1.09,1.19
2025-08-12T14:29:00.000,1.42,45.81,0.99,1.01
2025-08-12T14:30:00.000,1.43,45.61,1.00,1.02
2025-08-12T14:31:00.000,1.50,48.29,1.00,1.12
2025-08-12T14:32:00.000,2.02,49.81,1.30,1.54
2025-08-12T14:33:00.000,1.53,50.13,0.98,1.17
2025-08-12T14:34:00.000,1.82,49.13,1.19,1.37
2025-08-12T14:35:00.000,2.49,54.93,1.43,2.04
2025-08-12T14:36:00.000,1.72,53.04,1.04,1.38
2025-08-12T14:37:00.000,2.64,54.07,1.55,2.14
2025-08-12T14:38:00.000,2.49,55.86,1.40,2.06
2025-08-12T14:39:00.000,3.28,58.05,1.74,2.79
2025-08-12T14:40:00.000,2.19,56.53,1.21,1.83
2025-08-12T14:41:00.000,2.10,54.05,1.24,1.70
2025-08-12T14:42:00.000,1.76,54.99,1.01,1.44
2025-08-12T14:43:00.000,2.03,59.39,1.03,1.75
2025-08-12T14:44:00.000,1.69,50.62,1.07,1.30
2025-08-12T14:45:00.000,1.98,56.59,1.09,1.66
2025-08-12T14:46:00.000,2.86,59.57,1.45,2.47
2025-08-12T14:47:00.000,2.32,59.00,1.20,1.99
2025-08-12T14:48:00.000,2.04,38.10,1.61,1.26
2025-08-12T14:49:00.000,1.68,39.58,1.30,1.07
2025-08-12T14:50:00.000,1.09,37.59,0.86,0.67
2025-08-12T14:51:00.000,1.54,51.65,0.95,1.20
2025-08-12T14:52:00.000,1.20,36.69,0.96,0.72
2025-08-12T14:53:00.000,1.13,43.42,0.82,0.78
2025-08-12T14:54:00.000,1.27,47.21,0.87,0.94
2025-08-12T14:55:00.000,1.28,48.86,0.84,0.96
2025-08-12T14:56:00.000,1.27,46.37,0.88,0.92
2025-08-12T14:57:00.000,1.35,46.67,0.92,0.98
2025-08-12T14:58:00.000,1.31,47.92,0.88,0.97
2025-08-12T14:59:00.000,1.53,53.66,0.91,1.24
2025-08-12T15:00:00.000,1.29,43.83,0.93,0.89
2025-08-12T15:01:00.000,1.66,53.32,0.99,1.33
2025-08-12T15:02:00.000,1.50,43.36,1.09,1.03
2025-08-12T15:03:00.000,1.52,48.68,1.01,1.14
2025-08-12T15:04:00.000,1.33,45.36,0.94,0.95
2025-08-12T15:05:00.000,1.30,48.04,0.87,0.97
2025-08-12T15:06:00.000,1.32,48.82,0.87,0.99
2025-08-12T15:07:00.000,1.66,48.39,1.10,1.24
2025-08-12T15:08:00.000,1.87,57.38,1.01,1.58
2025-08-12T15:09:00.000,1.66,53.32,0.99,1.33
2025-08-12T15:10:00.000,1.41,49.25,0.92,1.07
2025-08-12T15:11:00.000,1.68,54.99,0.97,1.38
2025-08-12T15:12:00.000,2.84,64.55,1.22,2.56
2025-08-12T15:13:00.000,1.94,52.11,1.19,1.53
2025-08-12T15:14:00.000,1.43,52.85,0.87,1.14
2025-08-12T15:15:00.000,1.64,57.86,0.87,1.39
2025-08-12T15:16:00.000,1.53,53.87,0.90,1.24
2025-08-12T15:17:00.000,1.37,49.20,0.90,1.04
2025-08-12T15:18:00.000,1.29,48.96,0.85,0.97
2025-08-12T15:19:00.000,1.69,57.79,0.90,1.43
2025-08-12T15:20:00.000,1.57,50.05,1.01,1.20
2025-08-12T15:21:00.000,1.55,57.21,0.84,1.30
2025-08-12T15:22:00.000,1.75,47.66,1.18,1.30
2025-08-12T15:23:00.000,1.85,48.07,1.23,1.37
2025-08-12T15:24:00.000,1.90,58.67,0.99,1.62
2025-08-12T15:25:00.000,2.27,52.35,1.39,1.80
2025-08-12T15:26:00.000,2.46,57.30,1.33,2.07
2025-08-12T15:27:00.000,2.34,61.41,1.12,2.05
2025-08-12T15:28:00.000,2.31,59.69,1.17,1.99
2025-08-12T15:29:00.000,2.37,60.83,1.15,2.07
2025-08-12T15:30:00.000,1.83,59.51,0.93,1.58
2025-08-12T15:31:00.000,2.61,54.95,1.50,2.13
2025-08-12T15:32:00.000,2.62,58.49,1.37,2.24
2025-08-12T15:33:00.000,1.59,43.64,1.15,1.10
2025-08-12T15:34:00.000,2.50,57.81,1.33,2.12
2025-08-12T15:35:00.000,1.75,49.99,1.13,1.34
2025-08-12T15:36:00.000,1.40,47.88,0.94,1.04
2025-08-12T15:37:00.000,1.52,54.64,0.88,1.24
2025-08-12T15:38:00.000,1.33,52.30,0.81,1.05
2025-08-12T15:39:00.000,1.70,57.77,0.91,1.44
2025-08-12T15:40:00.000,1.31,40.52,0.99,0.85
2025-08-12T15:41:00.000,1.70,53.69,1.01,1.37
2025-08-12T15:42:00.000,1.43,44.27,1.02,0.99
2025-08-12T15:43:00.000,1.50,50.88,0.95,1.17
2025-08-12T15:44:00.000,1.37,43.66,0.99,0.94
2025-08-12T15:45:00.000,1.17,42.60,0.86,0.79
2025-08-12T15:46:00.000,1.43,50.83,0.90,1.11
2025-08-12T15:47:00.000,1.12,44.23,0.80,0.78
2025-08-12T15:48:00.000,1.29,47.02,0.88,0.94
2025-08-12T15:49:00.000,1.55,51.76,0.96,1.22
2025-08-12T15:50:00.000,2.72,65.11,1.15,2.47
2025-08-12T15:51:00.000,1.46,50.65,0.92,1.13
2025-08-12T15:52:00.000,1.33,48.92,0.87,1.00
2025-08-12T15:53:00.000,1.41,52.17,0.87,1.12
2025-08-12T15:54:00.000,1.25,47.91,0.83,0.92
2025-08-12T15:55:00.000,1.39,49.78,0.90,1.07
2025-08-12T15:56:00.000,1.45,46.14,1.01,1.05
2025-08-12T15:57:00.000,1.21,46.76,0.83,0.88
2025-08-12T15:58:00.000,1.43,49.89,0.92,1.09
2025-08-12T15:59:00.000,2.10,50.06,1.35,1.61
2025-08-12T16:00:00.000,1.43,45.80,1.00,1.02
2025-08-12T16:01:00.000,1.65,58.05,0.88,1.40
2025-08-12T16:02:00.000,1.47,51.49,0.92,1.15
2025-08-12T16:03:00.000,1.65,54.93,0.95,1.35
2025-08-12T16:04:00.000,1.54,39.48,1.19,0.98
2025-08-12T16:05:00.000,1.68,56.33,0.93,1.40
2025-08-12T16:06:00.000,3.93,53.67,2.33,3.17
2025-08-12T16:07:00.000,2.99,61.15,1.44,2.62
2025-08-12T16:08:00.000,1.55,56.98,0.85,1.30
2025-08-12T16:09:00.000,1.88,49.06,1.23,1.42
2025-08-12T16:10:00.000,2.20,47.69,1.48,1.63
2025-08-12T16:11:00.000,2.14,53.17,1.28,1.71
2025-08-12T16:12:00.000,2.19,51.90,1.35,1.73
2025-08-12T16:13:00.000,4.37,58.96,2.25,3.74
2025-08-12T16:14:00.000,3.12,62.53,1.44,2.76
2025-08-12T16:15:00.000,2.49,69.27,0.88,2.33
2025-08-12T16:16:00.000,4.10,75.28,1.04,3.96
2025-08-12T16:17:00.000,4.11,75.89,1.00,3.99
2025-08-12T16:18:00.000,3.71,66.51,1.48,3.40
2025-08-12T16:19:00.000,1.98,65.87,0.81,1.81
2025-08-12T16:20:00.000,2.34,61.02,1.13,2.05
2025-08-12T16:21:00.000,1.65,58.13,0.87,1.40
2025-08-12T16:22:00.000,2.18,60.60,1.07,1.90
2025-08-12T16:23:00.000,1.83,59.21,0.94,1.57
2025-08-12T16:24:00.000,3.39,73.57,0.96,3.25
2025-08-12T16:25:00.000,3.13,63.09,1.42,2.79
2025-08-12T16:26:00.000,4.33,69.43,1.52,4.06
2025-08-12T16:27:00.000,4.42,64.32,1.92,3.99
2025-08-12T16:28:00.000,3.23,65.06,1.36,2.93
2025-08-12T16:29:00.000,3.25,73.09,0.94,3.11
2025-08-12T16:30:00.000,1.92,62.96,0.87,1.71
2025-08-12T16:31:00.000,1.25,60.90,0.61,1.09
2025-08-12T16:32:00.000,1.60,59.82,0.80,1.38
2025-08-12T16:33:00.000,2.32,67.11,0.90,2.14
2025-08-12T16:34:00.000,2.61,68.14,0.97,2.42
2025-08-12T16:35:00.000,1.13,56.14,0.63,0.94
2025-08-12T16:36:00.000,3.27,70.69,1.08,3.09
2025-08-12T16:37:00.000,3.07,70.04,1.05,2.88
2025-08-12T16:38:00.000,4.21,81.10,0.65,4.16
2025-08-12T16:39:00.000,4.59,77.30,1.01,4.48
2025-08-12T16:40:00.000,2.59,59.25,1.32,2.23
2025-08-12T16:41:00.000,3.12,54.14,1.83,2.53
2025-08-12T16:42:00.000,2.55,64.10,1.11,2.29
2025-08-12T16:43:00.000,2.64,62.92,1.20,2.35
2025-08-12T16:44:00.000,2.91,71.54,0.92,2.76
2025-08-12T16:45:00.000,1.48,58.49,0.77,1.26
2025-08-12T16:46:00.000,1.09,50.04,0.70,0.84
2025-08-12T16:47:00.000,1.14,59.53,0.58,0.99
2025-08-12T16:48:00.000,1.57,62.03,0.74,1.39
2025-08-12T16:49:00.000,4.23,68.73,1.54,3.94
2025-08-12T16:50:00.000,5.12,68.43,1.88,4.76
2025-08-12T16:51:00.000,2.15,64.49,0.93,1.94
2025-08-12T16:52:00.000,1.91,67.12,0.74,1.76
2025-08-12T16:53:00.000,1.63,69.69,0.57,1.53
2025-08-12T16:54:00.000,1.65,60.84,0.80,1.44
2025-08-12T16:55:00.000,2.43,65.95,0.99,2.22
2025-08-12T16:56:00.000,1.80,67.94,0.68,1.67
2025-08-12T16:57:00.000,1.26,58.57,0.66,1.08
2025-08-12T16:58:00.000,6.02,80.94,0.95,5.94
2025-08-12T16:59:00.000,4.20,82.25,0.57,4.16
2025-08-12T17:00:00.000,5.44,78.31,1.10,5.32
2025-08-12T17:01:00.000,3.53,66.75,1.39,3.24
2025-08-12T17:02:00.000,1.90,63.54,0.85,1.70
2025-08-12T17:03:00.000,2.29,77.68,0.49,2.24
2025-08-12T17:04:00.000,1.57,67.73,0.59,1.45
2025-08-12T17:05:00.000,1.30,58.59,0.68,1.11
2025-08-12T17:06:00.000,1.38,64.34,0.60,1.24
2025-08-12T17:07:00.000,1.14,54.66,0.66,0.93
2025-08-12T17:08:00.000,1.20,51.39,0.75,0.94
2025-08-12T17:09:00.000,1.15,49.15,0.75,0.87
2025-08-12T17:10:00.000,1.48,52.65,0.90,1.17
2025-08-12T17:11:00.000,1.21,34.85,0.99,0.69
2025-08-12T17:12:00.000,1.26,49.92,0.81,0.96
2025-08-12T17:13:00.000,1.17,40.76,0.88,0.76
2025-08-12T17:14:00.000,1.73,39.08,1.35,1.09
2025-08-12T17:15:00.000,1.19,20.92,1.11,0.43
2025-08-12T17:16:00.000,0.85,25.05,0.77,0.36
2025-08-12T17:17:00.000,1.66,75.37,0.42,1.60
2025-08-12T17:18:00.000,1.46,72.73,0.43,1.40
2025-08-12T17:19:00.000,1.25,58.10,0.66,1.06
2025-08-12T17:20:00.000,1.26,66.06,0.51,1.15
2025-08-12T17:21:00.000,1.34,63.65,0.60,1.20
2025-08-12T17:22:00.000,1.33,52.43,0.81,1.05
2025-08-12T17:23:00.000,2.22,33.65,1.85,1.23
2025-08-12T17:24:00.000,2.88,325.43,2.37,-1.63
2025-08-12T17:25:00.000,2.14,144.71,-1.75,1.24
2025-08-12T17:26:00.000,1.54,98.38,-0.22,1.52
2025-08-12T17:27:00.000,1.90,97.21,-0.24,1.88
2025-08-12T17:28:00.000,1.09,111.45,-0.40,1.01
2025-08-12T17:29:00.000,1.30,87.87,0.05,1.30
2025-08-12T17:30:00.000,1.01,41.59,0.76,0.67
2025-08-12T17:31:00.000,1.49,38.25,1.17,0.92
2025-08-12T17:32:00.000,1.06,5.24,1.05,0.10
2025-08-12T17:33:00.000,0.99,3.62,0.99,0.06
2025-08-12T17:34:00.000,0.90,1.19,0.90,0.02
2025-08-12T17:35:00.000,0.70,54.22,0.41,0.57
2025-08-12T17:36:00.000,0.73,53.72,0.43,0.59
2025-08-12T17:37:00.000,0.65,36.68,0.52,0.39
2025-08-12T17:38:00.000,0.66,35.59,0.54,0.38
2025-08-12T17:39:00.000,0.62,32.70,0.52,0.34
2025-08-12T17:40:00.000,0.63,31.90,0.53,0.33
2025-08-12T17:41:00.000,0.63,30.30,0.55,0.32
2025-08-12T17:42:00.000,0.67,34.37,0.55,0.38
2025-08-12T17:43:00.000,0.70,33.50,0.58,0.39
2025-08-12T17:44:00.000,0.62,30.67,0.53,0.32
2025-08-12T17:45:00.000,0.67,30.04,0.58,0.34
2025-08-12T17:46:00.000,0.62,30.96,0.53,0.32
2025-08-12T17:47:00.000,0.65,32.66,0.55,0.35
2025-08-12T17:48:00.000,0.68,36.54,0.55,0.41
2025-08-12T17:49:00.000,0.70,40.68,0.53,0.46
2025-08-12T17:50:00.000,0.74,28.10,0.65,0.35
2025-08-12T17:51:00.000,0.64,26.80,0.57,0.29
2025-08-12T17:52:00.000,0.64,24.28,0.58,0.26
2025-08-12T17:53:00.000,0.70,23.98,0.64,0.28
2025-08-12T17:54:00.000,0.70,25.15,0.63,0.30
2025-08-12T17:55:00.000,0.66,26.74,0.59,0.30
2025-08-12T17:56:00.000,0.65,33.96,0.54,0.37
2025-08-12T17:57:00.000,0.62,27.04,0.55,0.28
2025-08-12T17:58:00.000,0.65,28.24,0.58,0.31
2025-08-12T17:59:00.000,0.72,23.65,0.66,0.29
2025-08-12T18:00:00.000,1.14,30.52,0.98,0.58
2025-08-12T18:01:00.000,0.94,15.60,0.90,0.25
2025-08-12T18:02:00.000,1.15,49.20,0.75,0.87
2025-08-12T18:03:00.000,1.05,35.92,0.85,0.61
2025-08-12T18:04:00.000,1.09,12.93,1.07,0.24
2025-08-12T18:05:00.000,1.50,26.22,1.34,0.66
2025-08-12T18:06:00.000,1.43,31.07,1.23,0.74
2025-08-12T18:07:00.000,1.52,9.11,1.50,0.24
2025-08-12T18:08:00.000,1.42,17.41,1.36,0.43
2025-08-12T18:09:00.000,1.11,23.45,1.02,0.44
2025-08-12T18:10:00.000,1.31,44.34,0.93,0.91
2025-08-12T18:11:00.000,1.18,18.97,1.11,0.38
2025-08-12T18:12:00.000,1.27,20.76,1.19,0.45
2025-08-12T18:13:00.000,1.51,46.27,1.04,1.09
2025-08-12T18:14:00.000,1.90,63.94,0.83,1.71
2025-08-12T18:15:00.000,1.88,35.70,1.53,1.10
2025-08-12T18:16:00.000,1.45,26.55,1.29,0.65
2025-08-12T18:17:00.000,1.00,22.23,0.92,0.38
2025-08-12T18:18:00.000,1.11,53.28,0.67,0.89
2025-08-12T18:19:00.000,1.22,38.96,0.95,0.77
2025-08-12T18:20:00.000,1.17,47.04,0.79,0.85
2025-08-12T18:21:00.000,1.28,38.16,1.01,0.79
2025-08-12T18:22:00.000,1.23,49.12,0.80,0.93
2025-08-12T18:23:00.000,1.13,41.32,0.84,0.74
2025-08-12T18:24:00.000,1.14,49.76,0.73,0.87
2025-08-12T18:25:00.000,1.17,47.43,0.79,0.87
2025-08-12T18:26:00.000,1.19,41.30,0.89,0.78
2025-08-12T18:27:00.000,0.84,29.99,0.73,0.42
2025-08-12T18:28:00.000,0.78,24.35,0.71,0.32
2025-08-12T18:29:00.000,0.83,23.60,0.76,0.33
2025-08-12T18:30:00.000,0.86,24.86,0.78,0.36
2025-08-12T18:31:00.000,0.78,29.06,0.68,0.38
2025-08-12T18:32:00.000,0.95,25.64,0.86,0.41
2025-08-12T18:33:00.000,0.94,32.58,0.79,0.50
2025-08-12T18:34:00.000,1.22,37.45,0.97,0.74
2025-08-12T18:35:00.000,1.17,34.71,0.96,0.66
2025-08-12T18:36:00.000,1.21,41.80,0.90,0.80
2025-08-12T18:37:00.000,1.50,36.67,1.20,0.90
2025-08-12T18:38:00.000,1.10,39.40,0.85,0.70
2025-08-12T18:39:00.000,1.52,24.00,1.39,0.62
2025-08-12T18:40:00.000,0.99,28.96,0.87,0.48
2025-08-12T18:41:00.000,0.81,45.79,0.57,0.58
2025-08-12T18:42:00.000,1.07,67.88,0.40,0.99
2025-08-12T18:43:00.000,0.85,52.76,0.52,0.68
2025-08-12T18:44:00.000,1.17,50.28,0.74,0.90
2025-08-12T18:45:00.000,0.98,42.40,0.72,0.66
2025-08-12T18:46:00.000,1.09,41.88,0.81,0.73
2025-08-12T18:47:00.000,1.25,33.26,1.04,0.68
2025-08-12T18:48:00.000,1.32,41.97,0.98,0.89
2025-08-12T18:49:00.000,1.56,54.49,0.90,1.27
2025-08-12T18:50:00.000,1.27,60.37,0.63,1.10
2025-08-12T18:51:00.000,1.33,45.28,0.93,0.94
2025-08-12T18:52:00.000,1.20,52.89,0.73,0.96
2025-08-12T18:53:00.000,1.49,45.35,1.05,1.06
2025-08-12T18:54:00.000,1.00,36.93,0.80,0.60
2025-08-12T18:55:00.000,1.26,61.28,0.60,1.10
2025-08-12T18:56:00.000,1.30,58.01,0.69,1.11
2025-08-12T18:57:00.000,1.60,58.92,0.82,1.37
2025-08-12T18:58:00.000,1.40,36.09,1.13,0.82
2025-08-12T18:59:00.000,0.95,42.43,0.70,0.64
2025-08-12T19:00:00.000,0.93,41.04,0.70,0.61
2025-08-12T19:01:00.000,0.80,32.46,0.67,0.43
2025-08-12T19:02:00.000,0.93,38.22,0.73,0.58
2025-08-12T19:03:00.000,0.58,52.29,0.35,0.46
2025-08-12T19:04:00.000,0.72,37.90,0.57,0.44
2025-08-12T19:05:00.000,0.71,35.02,0.58,0.41
2025-08-12T19:06:00.000,0.81,24.39,0.74,0.34
2025-08-12T19:07:00.000,0.76,14.76,0.74,0.19
2025-08-12T19:08:00.000,1.21,7.15,1.20,0.15
2025-08-12T19:09:00.000,1.94,346.71,1.89,-0.45
2025-08-12T19:10:00.000,2.63,341.92,2.50,-0.82
2025-08-12T19:11:00.000,1.60,350.28,1.58,-0.27
2025-08-12T19:12:00.000,0.97,351.27,0.96,-0.15
2025-08-12T19:13:00.000,1.25,353.47,1.24,-0.14
2025-08-12T19:14:00.000,2.22,343.30,2.13,-0.64
2025-08-12T19:15:00.000,5.12,334.15,4.61,-2.23
2025-08-12T19:16:00.000,5.65,325.20,4.64,-3.23
2025-08-12T19:17:00.000,3.65,327.05,3.06,-1.98
2025-08-12T19:18:00.000,2.59,327.14,2.18,-1.41
2025-08-12T19:19:00.000,2.19,326.66,1.83,-1.20
2025-08-12T19:20:00.000,1.84,323.96,1.48,-1.08
2025-08-12T19:21:00.000,1.65,326.29,1.38,-0.92
2025-08-12T19:22:00.000,0.84,340.73,0.79,-0.28
2025-08-12T19:23:00.000,0.94,337.91,0.87,-0.35
2025-08-12T19:24:00.000,0.91,340.33,0.86,-0.31
2025-08-12T19:25:00.000,0.87,347.36,0.85,-0.19
2025-08-12T19:26:00.000,0.90,344.21,0.86,-0.24
2025-08-12T19:27:00.000,0.63,11.14,0.62,0.12
2025-08-12T19:28:00.000,0.82,354.32,0.82,-0.08
2025-08-12T19:29:00.000,0.74,11.71,0.73,0.15
2025-08-12T19:30:00.000,0.85,0.85,0.85,0.01
2025-08-12T19:31:00.000,0.80,359.99,0.80,-0.00
2025-08-12T19:32:00.000,0.78,4.65,0.77,0.06
2025-08-12T19:33:00.000,0.78,357.30,0.78,-0.04
2025-08-12T19:34:00.000,0.79,358.68,0.79,-0.02
2025-08-12T19:35:00.000,0.80,2.54,0.80,0.04
2025-08-12T19:36:00.000,0.89,359.72,0.89,-0.00
2025-08-12T19:37:00.000,0.89,359.80,0.89,-0.00
2025-08-12T19:38:00.000,0.88,359.19,0.88,-0.01
2025-08-12T19:39:00.000,0.91,11.16,0.90,0.18
2025-08-12T19:40:00.000,0.89,9.55,0.88,0.15
2025-08-12T19:41:00.000,0.84,1.93,0.84,0.03
2025-08-12T19:42:00.000,0.75,10.38,0.74,0.14
2025-08-12T19:43:00.000,0.87,16.61,0.83,0.25
2025-08-12T19:44:00.000,0.72,12.60,0.71,0.16
2025-08-12T19:45:00.000,0.68,11.68,0.67,0.14
2025-08-12T19:46:00.000,0.70,15.30,0.68,0.19
2025-08-12T19:47:00.000,0.70,9.00,0.69,0.11
2025-08-12T19:48:00.000,0.70,7.97,0.69,0.10
2025-08-12T19:49:00.000,0.71,8.26,0.70,0.10
2025-08-12T19:50:00.000,0.70,7.59,0.69,0.09
2025-08-12T19:51:00.000,0.69,6.78,0.69,0.08
2025-08-12T19:52:00.000,0.70,3.08,0.70,0.04
2025-08-12T19:53:00.000,0.70,3.87,0.70,0.05
2025-08-12T19:54:00.000,0.72,3.70,0.72,0.05
2025-08-12T19:55:00.000,0.72,4.52,0.71,0.06
2025-08-12T19:56:00.000,0.70,3.47,0.70,0.04
2025-08-12T19:57:00.000,0.66,3.81,0.65,0.04
2025-08-12T19:58:00.000,0.66,3.03,0.65,0.03
2025-08-12T19:59:00.000,0.62,2.51,0.62,0.03
2025-08-12T20:00:00.000,0.58,7.37,0.58,0.07
2025-08-12T20:01:00.000,0.64,3.27,0.64,0.04
2025-08-12T20:02:00.000,0.63,2.23,0.63,0.02
2025-08-12T20:03:00.000,0.59,0.71,0.59,0.01
2025-08-12T20:04:00.000,0.60,1.97,0.60,0.02
2025-08-12T20:05:00.000,0.60,1.83,0.60,0.02
2025-08-12T20:06:00.000,0.65,1.13,0.65,0.01
2025-08-12T20:07:00.000,0.66,0.02,0.66,0.00
2025-08-12T20:08:00.000,0.67,359.56,0.67,-0.01
2025-08-12T20:09:00.000,0.68,359.78,0.68,-0.00
2025-08-12T20:10:00.000,0.70,357.85,0.70,-0.03
2025-08-12T20:11:00.000,0.70,358.96,0.70,-0.01
2025-08-12T20:12:00.000,0.69,0.26,0.69,0.00
2025-08-12T20:13:00.000,0.69,0.88,0.69,0.01
2025-08-12T20:14:00.000,0.71,359.49,0.71,-0.01
2025-08-12T20:15:00.000,0.76,1.86,0.76,0.02
2025-08-12T20:16:00.000,0.78,1.16,0.78,0.02
2025-08-12T20:17:00.000,0.83,4.32,0.83,0.06
2025-08-12T20:18:00.000,0.73,5.24,0.73,0.07
2025-08-12T20:19:00.000,0.78,5.15,0.77,0.07
2025-08-12T20:20:00.000,0.73,6.64,0.72,0.08
2025-08-12T20:21:00.000,0.71,6.40,0.71,0.08
2025-08-12T20:22:00.000,0.69,5.49,0.69,0.07
2025-08-12T20:23:00.000,0.68,5.53,0.68,0.07
2025-08-12T20:24:00.000,0.66,5.17,0.66,0.06
2025-08-12T20:25:00.000,0.67,7.09,0.66,0.08
2025-08-12T20:26:00.000,0.67,10.03,0.66,0.12
2025-08-12T20:27:00.000,0.68,12.76,0.67,0.15
2025-08-12T20:28:00.000,0.75,11.97,0.73,0.15
2025-08-12T20:29:00.000,0.73,10.82,0.72,0.14
2025-08-12T20:30:00.000,0.77,14.14,0.74,0.19
2025-08-12T20:31:00.000,0.76,17.30,0.73,0.23
2025-08-12T20:32:00.000,0.78,21.47,0.72,0.29
2025-08-12T20:33:00.000,0.78,18.75,0.74,0.25
2025-08-12T20:34:00.000,0.77,17.95,0.73,0.24
2025-08-12T20:35:00.000,0.84,20.29,0.79,0.29
2025-08-12T20:36:00.000,0.92,22.72,0.85,0.36
2025-08-12T20:37:00.000,1.01,24.84,0.91,0.42
2025-08-12T20:38:00.000,0.98,29.95,0.85,0.49
2025-08-12T20:39:00.000,0.97,27.91,0.86,0.45
2025-08-12T20:40:00.000,0.97,23.73,0.89,0.39
2025-08-12T20:41:00.000,0.95,30.27,0.82,0.48
2025-08-12T20:42:00.000,0.90,26.83,0.80,0.41
2025-08-12T20:43:00.000,0.91,31.98,0.77,0.48
2025-08-12T20:44:00.000,0.86,25.93,0.78,0.38
2025-08-12T20:45:00.000,0.81,23.91,0.74,0.33
2025-08-12T20:46:00.000,0.74,13.39,0.72,0.17
2025-08-12T20:47:00.000,0.72,13.56,0.70,0.17
2025-08-12T20:48:00.000,0.70,12.76,0.68,0.15
2025-08-12T20:49:00.000,0.68,14.37,0.66,0.17
2025-08-12T20:50:00.000,0.68,12.36,0.66,0.15
2025-08-12T20:51:00.000,0.68,9.99,0.67,0.12
2025-08-12T20:52:00.000,0.68,10.95,0.67,0.13
2025-08-12T20:53:00.000,0.67,9.94,0.66,0.12
2025-08-12T20:54:00.000,0.66,10.74,0.64,0.12
2025-08-12T20:55:00.000,0.64,9.97,0.63,0.11
2025-08-12T20:56:00.000,0.65,9.19,0.64,0.10
2025-08-12T20:57:00.000,0.67,5.86,0.67,0.07
2025-08-12T20:58:00.000,0.66,4.98,0.66,0.06
2025-08-12T20:59:00.000,0.63,2.94,0.63,0.03
2025-08-12T21:00:00.000,0.64,3.53,0.64,0.04
2025-08-12T21:01:00.000,0.64,4.89,0.63,0.05
2025-08-12T21:02:00.000,0.65,3.54,0.65,0.04
2025-08-12T21:03:00.000,0.66,4.79,0.66,0.06
2025-08-12T21:04:00.000,0.66,4.22,0.66,0.05
2025-08-12T21:05:00.000,0.67,2.95,0.67,0.03
2025-08-12T21:06:00.000,0.65,2.18,0.65,0.02
2025-08-12T21:07:00.000,0.65,1.56,0.65,0.02
2025-08-12T21:08:00.000,0.68,1.89,0.68,0.02
2025-08-12T21:09:00.000,0.68,0.38,0.68,0.00
2025-08-12T21:10:00.000,0.70,0.18,0.70,0.00
2025-08-12T21:11:00.000,0.69,1.18,0.69,0.01
2025-08-12T21:12:00.000,0.69,1.97,0.69,0.02
2025-08-12T21:13:00.000,0.71,0.24,0.71,0.00
2025-08-12T21:14:00.000,0.75,359.56,0.75,-0.01
2025-08-12T21:15:00.000,0.78,358.51,0.77,-0.02
2025-08-12T21:16:00.000,0.79,356.46,0.79,-0.05
2025-08-12T21:17:00.000,0.81,357.31,0.81,-0.04
2025-08-12T21:18:00.000,0.78,358.14,0.78,-0.03
2025-08-12T21:19:00.000,0.76,357.94,0.76,-0.03
2025-08-12T21:20:00.000,0.75,358.81,0.75,-0.02
2025-08-12T21:21:00.000,0.74,0.71,0.74,0.01
2025-08-12T21:22:00.000,0.75,0.99,0.75,0.01
2025-08-12T21:23:00.000,0.72,0.79,0.72,0.01
2025-08-12T21:24:00.000,0.71,2.09,0.71,0.03
2025-08-12T21:25:00.000,0.70,3.01,0.70,0.04
2025-08-12T21:26:00.000,0.69,4.29,0.69,0.05
2025-08-12T21:27:00.000,0.68,3.86,0.68,0.05
2025-08-12T21:28:00.000,0.67,5.51,0.67,0.06
2025-08-12T21:29:00.000,0.66,5.35,0.66,0.06
2025-08-12T21:30:00.000,0.64,7.86,0.63,0.09
2025-08-12T21:31:00.000,0.65,5.05,0.64,0.06
2025-08-12T21:32:00.000,0.63,5.06,0.63,0.06
2025-08-12T21:33:00.000,0.60,1.90,0.60,0.02
2025-08-12T21:34:00.000,0.60,358.94,0.60,-0.01
2025-08-12T21:35:00.000,0.60,359.40,0.60,-0.01
2025-08-12T21:36:00.000,0.60,3.97,0.60,0.04
2025-08-12T21:37:00.000,0.60,3.08,0.60,0.03
2025-08-12T21:38:00.000,0.59,358.80,0.58,-0.01
2025-08-12T21:39:00.000,0.64,346.82,0.62,-0.15
2025-08-12T21:40:00.000,0.54,346.48,0.52,-0.13
2025-08-12T21:41:00.000,0.59,349.06,0.57,-0.11
2025-08-12T21:42:00.000,0.60,350.85,0.59,-0.10
2025-08-12T21:43:00.000,0.60,343.93,0.57,-0.17
2025-08-12T21:44:00.000,0.58,348.73,0.57,-0.11
2025-08-12T21:45:00.000,0.54,343.78,0.52,-0.15
2025-08-12T21:46:00.000,0.56,350.48,0.55,-0.09
2025-08-12T21:47:00.000,0.59,353.90,0.58,-0.06
2025-08-12T21:48:00.000,0.59,352.13,0.58,-0.08
2025-08-12T21:49:00.000,0.59,352.32,0.58,-0.08
2025-08-12T21:50:00.000,0.59,350.94,0.58,-0.09
2025-08-12T21:51:00.000,0.58,343.49,0.56,-0.17
2025-08-12T21:52:00.000,0.61,339.89,0.58,-0.21
2025-08-12T21:53:00.000,0.64,341.12,0.60,-0.21
2025-08-12T21:54:00.000,0.59,345.07,0.57,-0.15
2025-08-12T21:55:00.000,0.60,341.89,0.57,-0.19
2025-08-12T21:56:00.000,0.63,339.33,0.59,-0.22
2025-08-12T21:57:00.000,0.69,331.13,0.61,-0.33
2025-08-12T21:58:00.000,0.80,317.11,0.58,-0.54
2025-08-12T21:59:00.000,0.84,318.11,0.62,-0.56
2025-08-12T22:00:00.000,0.77,321.59,0.60,-0.48
2025-08-12T22:01:00.000,0.81,313.62,0.56,-0.59
2025-08-12T22:02:00.000,0.82,318.97,0.62,-0.54
2025-08-12T22:03:00.000,0.95,307.77,0.58,-0.75
2025-08-12T22:04:00.000,0.88,312.15,0.59,-0.65
2025-08-12T22:05:00.000,0.81,314.53,0.57,-0.58
2025-08-12T22:06:00.000,0.76,318.32,0.57,-0.51
2025-08-12T22:07:00.000,0.75,320.65,0.58,-0.48
2025-08-12T22:08:00.000,0.70,328.19,0.59,-0.37
2025-08-12T22:09:00.000,0.65,337.03,0.60,-0.25
2025-08-12T22:10:00.000,0.63,338.08,0.58,-0.23
2025-08-12T22:11:00.000,0.57,340.08,0.54,-0.20
2025-08-12T22:12:00.000,0.58,342.42,0.56,-0.18
2025-08-12T22:13:00.000,0.59,345.51,0.57,-0.15
2025-08-12T22:14:00.000,0.60,349.13,0.59,-0.11
2025-08-12T22:15:00.000,0.60,347.14,0.59,-0.13
2025-08-12T22:16:00.000,0.60,350.30,0.60,-0.10
2025-08-12T22:17:00.000,0.59,349.53,0.58,-0.11
2025-08-12T22:18:00.000,0.61,352.35,0.61,-0.08
2025-08-12T22:19:00.000,0.63,351.51,0.63,-0.09
2025-08-12T22:20:00.000,0.62,353.27,0.62,-0.07
2025-08-12T22:21:00.000,0.65,354.39,0.65,-0.06
2025-08-12T22:22:00.000,0.67,352.74,0.66,-0.08
2025-08-12T22:23:00.000,0.69,3.31,0.68,0.04
2025-08-12T22:24:00.000,0.69,2.11,0.69,0.03
2025-08-12T22:25:00.000,0.71,0.34,0.71,0.00
2025-08-12T22:26:00.000,0.68,1.17,0.68,0.01
2025-08-12T22:27:00.000,0.69,358.22,0.69,-0.02
2025-08-12T22:28:00.000,0.70,355.33,0.70,-0.06
2025-08-12T22:29:00.000,0.66,0.38,0.66,0.00
2025-08-12T22:30:00.000,0.69,353.81,0.69,-0.07
2025-08-12T22:31:00.000,0.75,347.89,0.73,-0.16
2025-08-12T22:32:00.000,0.68,354.11,0.68,-0.07
2025-08-12T22:33:00.000,0.71,355.81,0.71,-0.05
2025-08-12T22:34:00.000,0.75,352.32,0.75,-0.10
2025-08-12T22:35:00.000,0.67,357.49,0.67,-0.03
2025-08-12T22:36:00.000,0.69,352.86,0.68,-0.09
2025-08-12T22:37:00.000,0.77,340.54,0.73,-0.26
2025-08-12T22:38:00.000,0.74,342.20,0.70,-0.23
2025-08-12T22:39:00.000,0.75,340.46,0.70,-0.25
2025-08-12T22:40:00.000,0.88,332.94,0.78,-0.40
2025-08-12T22:41:00.000,0.90,331.27,0.79,-0.43
2025-08-12T22:42:00.000,0.83,340.84,0.79,-0.27
2025-08-12T22:43:00.000,0.87,338.50,0.81,-0.32
2025-08-12T22:44:00.000,1.05,329.61,0.91,-0.53
2025-08-12T22:45:00.000,1.08,325.15,0.89,-0.62
2025-08-12T22:46:00.000,1.20,316.58,0.87,-0.82
2025-08-12T22:47:00.000,1.66,302.86,0.90,-1.40
2025-08-12T22:48:00.000,1.54,301.24,0.80,-1.31
2025-08-12T22:49:00.000,1.58,298.49,0.75,-1.39
2025-08-12T22:50:00.000,1.55,298.37,0.73,-1.36
2025-08-12T22:51:00.000,1.40,298.61,0.67,-1.23
2025-08-12T22:52:00.000,1.30,302.77,0.70,-1.09
2025-08-12T22:53:00.000,1.24,305.30,0.72,-1.01
2025-08-12T22:54:00.000,0.92,323.99,0.74,-0.54
2025-08-12T22:55:00.000,0.86,330.88,0.75,-0.42
2025-08-12T22:56:00.000,0.87,331.50,0.76,-0.41
2025-08-12T22:57:00.000,0.87,332.31,0.77,-0.40
2025-08-12T22:58:00.000,0.84,333.67,0.76,-0.37
2025-08-12T22:59:00.000,0.84,336.26,0.77,-0.34
2025-08-12T23:00:00.000,0.85,335.71,0.77,-0.35
2025-08-12T23:01:00.000,0.84,332.15,0.74,-0.39
2025-08-12T23:02:00.000,0.84,329.00,0.72,-0.43
2025-08-12T23:03:00.000,0.82,327.62,0.69,-0.44
2025-08-12T23:04:00.000,0.82,327.56,0.69,-0.44
2025-08-12T23:05:00.000,0.80,331.01,0.70,-0.39
2025-08-12T23:06:00.000,0.78,334.42,0.70,-0.34
2025-08-12T23:07:00.000,0.81,335.38,0.74,-0.34
2025-08-12T23:08:00.000,0.81,338.00,0.75,-0.30
2025-08-12T23:09:00.000,0.79,340.30,0.74,-0.27
2025-08-12T23:10:00.000,0.77,338.68,0.72,-0.28
2025-08-12T23:11:00.000,0.77,338.13,0.71,-0.29
2025-08-12T23:12:00.000,0.76,335.53,0.69,-0.32
2025-08-12T23:13:00.000,0.77,334.45,0.70,-0.33
2025-08-12T23:14:00.000,0.76,333.68,0.68,-0.34
2025-08-12T23:15:00.000,0.76,335.37,0.69,-0.32
2025-08-12T23:16:00.000,0.72,338.33,0.67,-0.26
2025-08-12T23:17:00.000,0.64,335.28,0.58,-0.27
2025-08-12T23:18:00.000,0.72,336.99,0.66,-0.28
2025-08-12T23:19:00.000,0.76,338.60,0.70,-0.28
2025-08-12T23:20:00.000,0.74,340.49,0.69,-0.25
2025-08-12T23:21:00.000,0.71,338.92,0.66,-0.26
2025-08-12T23:22:00.000,0.78,337.09,0.72,-0.30
2025-08-12T23:23:00.000,0.75,340.35,0.71,-0.25
2025-08-12T23:24:00.000,0.78,335.58,0.71,-0.32
2025-08-12T23:25:00.000,0.77,334.22,0.69,-0.33
2025-08-12T23:26:00.000,0.77,336.58,0.71,-0.31
2025-08-12T23:27:00.000,0.84,331.69,0.74,-0.40
2025-08-12T23:28:00.000,0.86,329.93,0.74,-0.43
2025-08-12T23:29:00.000,0.89,331.93,0.78,-0.42
2025-08-12T23:30:00.000,0.97,327.09,0.81,-0.52
2025-08-12T23:31:00.000,0.92,330.07,0.80,-0.46
2025-08-12T23:32:00.000,0.90,332.17,0.80,-0.42
2025-08-12T23:33:00.000,0.86,334.77,0.78,-0.37
2025-08-12T23:34:00.000,0.86,339.83,0.81,-0.30
2025-08-12T23:35:00.000,0.86,333.02,0.76,-0.39
2025-08-12T23:36:00.000,0.83,331.95,0.73,-0.39
2025-08-12T23:37:00.000,0.76,332.19,0.67,-0.35
2025-08-12T23:38:00.000,0.79,332.61,0.70,-0.36
2025-08-12T23:39:00.000,0.73,332.03,0.64,-0.34
2025-08-12T23:40:00.000,0.73,329.90,0.63,-0.37
2025-08-12T23:41:00.000,0.71,332.92,0.63,-0.32
2025-08-12T23:42:00.000,0.68,333.75,0.61,-0.30
2025-08-12T23:43:00.000,0.68,336.42,0.62,-0.27
2025-08-12T23:44:00.000,0.67,335.65,0.61,-0.28
2025-08-12T23:45:00.000,0.47,328.13,0.40,-0.25
2025-08-12T23:46:00.000,0.66,333.36,0.59,-0.29
2025-08-12T23:47:00.000,0.64,337.61,0.59,-0.24
2025-08-12T23:48:00.000,0.63,337.68,0.59,-0.24
2025-08-12T23:49:00.000,0.64,337.89,0.60,-0.24
2025-08-12T23:50:00.000,0.65,337.02,0.60,-0.25
2025-08-12T23:51:00.000,0.66,339.73,0.62,-0.23
2025-08-12T23:52:00.000,0.66,341.38,0.63,-0.21
2025-08-12T23:53:00.000,0.67,341.76,0.63,-0.21
2025-08-12T23:54:00.000,0.67,340.20,0.63,-0.23
2025-08-12T23:55:00.000,0.67,340.06,0.63,-0.23
2025-08-12T23:56:00.000,0.66,337.62,0.61,-0.25
2025-08-12T23:57:00.000,0.65,334.99,0.59,-0.27
2025-08-12T23:58:00.000,0.66,330.79,0.57,-0.32
2025-08-12T23:59:00.000,0.66,327.78,0.56,-0.35
2025-08-13T00:00:00.000,0.70,321.75,0.55,-0.43
2025-08-13T00:01:00.000,0.69,322.03,0.54,-0.42
2025-08-13T00:02:00.000,0.71,321.37,0.56,-0.44
2025-08-13T00:03:00.000,0.70,318.36,0.53,-0.47
2025-08-13T00:04:00.000,0.71,323.82,0.57,-0.42
2025-08-13T00:05:00.000,0.72,322.76,0.58,-0.44
2025-08-13T00:06:00.000,0.68,324.78,0.56,-0.39
2025-08-13T00:07:00.000,0.69,325.53,0.57,-0.39
2025-08-13T00:08:00.000,0.67,322.46,0.53,-0.41
2025-08-13T00:09:00.000,0.65,325.38,0.53,-0.37
2025-08-13T00:10:00.000,0.65,327.07,0.54,-0.35
2025-08-13T00:11:00.000,0.66,328.38,0.56,-0.34
2025-08-13T00:12:00.000,0.64,331.85,0.57,-0.30
2025-08-13T00:13:00.000,0.64,329.32,0.55,-0.33
2025-08-13T00:14:00.000,0.65,330.78,0.56,-0.32
2025-08-13T00:15:00.000,0.65,333.31,0.58,-0.29
2025-08-13T00:16:00.000,0.67,330.59,0.59,-0.33
2025-08-13T00:17:00.000,0.66,332.06,0.58,-0.31
2025-08-13T00:18:00.000,0.68,328.25,0.58,-0.36
2025-08-13T00:19:00.000,0.67,330.82,0.59,-0.33
2025-08-13T00:20:00.000,0.67,336.31,0.61,-0.27
2025-08-13T00:21:00.000,0.67,340.97,0.63,-0.22
2025-08-13T00:22:00.000,0.68,337.50,0.63,-0.26
2025-08-13T00:23:00.000,0.69,336.76,0.64,-0.27
2025-08-13T00:24:00.000,0.70,336.41,0.64,-0.28
2025-08-13T00:25:00.000,0.71,335.75,0.64,-0.29
2025-08-13T00:26:00.000,0.72,335.34,0.65,-0.30
2025-08-13T00:27:00.000,0.70,337.81,0.65,-0.27
2025-08-13T00:28:00.000,0.72,338.78,0.67,-0.26
2025-08-13T00:29:00.000,0.71,338.77,0.67,-0.26
2025-08-13T00:30:00.000,0.72,338.07,0.67,-0.27
2025-08-13T00:31:00.000,0.69,338.23,0.64,-0.26
2025-08-13T00:32:00.000,0.70,337.51,0.64,-0.27
2025-08-13T00:33:00.000,0.69,338.44,0.64,-0.25
2025-08-13T00:34:00.000,0.70,336.80,0.64,-0.27
2025-08-13T00:35:00.000,0.70,338.68,0.65,-0.25
2025-08-13T00:36:00.000,0.72,338.68,0.67,-0.26
2025-08-13T00:37:00.000,0.71,338.18,0.65,-0.26
2025-08-13T00:38:00.000,0.70,336.22,0.64,-0.28
2025-08-13T00:39:00.000,0.72,335.56,0.66,-0.30
2025-08-13T00:40:00.000,0.70,336.95,0.65,-0.27
2025-08-13T00:41:00.000,0.71,334.55,0.64,-0.31
2025-08-13T00:42:00.000,0.73,331.32,0.64,-0.35
2025-08-13T00:43:00.000,0.71,338.13,0.66,-0.26
2025-08-13T00:44:00.000,0.70,338.78,0.65,-0.25
2025-08-13T00:45:00.000,0.72,340.58,0.68,-0.24
2025-08-13T00:46:00.000,0.73,341.31,0.70,-0.24
2025-08-13T00:47:00.000,0.73,341.06,0.69,-0.24
2025-08-13T00:48:00.000,0.80,344.35,0.77,-0.22
2025-08-13T00:49:00.000,0.83,342.39,0.79,-0.25
2025-08-13T00:50:00.000,0.81,338.65,0.75,-0.29
2025-08-13T00:51:00.000,0.80,340.23,0.76,-0.27
2025-08-13T00:52:00.000,0.83,340.00,0.78,-0.28
2025-08-13T00:53:00.000,0.83,337.38,0.76,-0.32
2025-08-13T00:54:00.000,0.83,336.32,0.76,-0.33
2025-08-13T00:55:00.000,0.83,335.50,0.76,-0.35
2025-08-13T00:56:00.000,0.83,333.57,0.75,-0.37
2025-08-13T00:57:00.000,0.84,335.95,0.76,-0.34
2025-08-13T00:58:00.000,0.86,336.78,0.79,-0.34
2025-08-13T00:59:00.000,0.85,335.62,0.78,-0.35
2025-08-13T01:00:00.000,0.83,336.29,0.76,-0.34
2025-08-13T01:01:00.000,0.81,334.30,0.73,-0.35
2025-08-13T01:02:00.000,0.80,332.97,0.72,-0.37
2025-08-13T01:03:00.000,0.79,332.35,0.70,-0.37
2025-08-13T01:04:00.000,0.80,322.40,0.64,-0.49
2025-08-13T01:05:00.000,0.79,318.81,0.60,-0.52
2025-08-13T01:06:00.000,0.78,319.19,0.59,-0.51
2025-08-13T01:07:00.000,0.79,318.09,0.59,-0.53
2025-08-13T01:08:00.000,0.78,316.32,0.56,-0.54
2025-08-13T01:09:00.000,0.78,315.76,0.56,-0.54
2025-08-13T01:10:00.000,0.75,320.02,0.58,-0.48
2025-08-13T01:11:00.000,0.72,324.89,0.59,-0.41
2025-08-13T01:12:00.000,0.70,325.40,0.57,-0.39
2025-08-13T01:13:00.000,0.69,325.80,0.57,-0.39
2025-08-13T01:14:00.000,0.70,329.00,0.60,-0.36
2025-08-13T01:15:00.000,0.69,327.27,0.58,-0.37
2025-08-13T01:16:00.000,0.71,326.53,0.59,-0.39
2025-08-13T01:17:00.000,0.70,323.36,0.56,-0.42
2025-08-13T01:18:00.000,0.72,317.98,0.54,-0.48
2025-08-13T01:19:00.000,0.72,317.13,0.53,-0.49
2025-08-13T01:20:00.000,0.74,312.47,0.50,-0.54
2025-08-13T01:21:00.000,0.77,310.94,0.50,-0.58
2025-08-13T01:22:00.000,0.74,313.23,0.51,-0.54
2025-08-13T01:23:00.000,0.77,315.43,0.55,-0.54
2025-08-13T01:24:00.000,0.75,316.45,0.54,-0.51
2025-08-13T01:25:00.000,0.76,319.50,0.58,-0.49
2025-08-13T01:26:00.000,0.71,324.43,0.58,-0.41
2025-08-13T01:27:00.000,0.70,325.09,0.57,-0.40
2025-08-13T01:28:00.000,0.70,323.51,0.56,-0.42
2025-08-13T01:29:00.000,0.69,326.50,0.58,-0.38
2025-08-13T01:30:00.000,0.69,326.58,0.57,-0.38
2025-08-13T01:31:00.000,0.69,325.20,0.56,-0.39
2025-08-13T01:32:00.000,0.68,329.05,0.58,-0.35
2025-08-13T01:33:00.000,0.67,330.70,0.59,-0.33
2025-08-13T01:34:00.000,0.67,331.32,0.59,-0.32
2025-08-13T01:35:00.000,0.67,333.20,0.60,-0.30
2025-08-13T01:36:00.000,0.67,333.13,0.59,-0.30
2025-08-13T01:37:00.000,0.71,344.25,0.68,-0.19
2025-08-13T01:38:00.000,0.65,345.96,0.63,-0.16
2025-08-13T01:39:00.000,0.60,346.43,0.58,-0.14
2025-08-13T01:40:00.000,0.62,348.12,0.60,-0.13
2025-08-13T01:41:00.000,0.60,347.40,0.59,-0.13
2025-08-13T01:42:00.000,0.60,343.28,0.57,-0.17
2025-08-13T01:43:00.000,0.56,346.72,0.55,-0.13
2025-08-13T01:44:00.000,0.61,347.47,0.60,-0.13
2025-08-13T01:45:00.000,0.59,344.67,0.57,-0.16
2025-08-13T01:46:00.000,0.70,342.81,0.67,-0.21
2025-08-13T01:47:00.000,0.58,339.27,0.54,-0.21
2025-08-13T01:48:00.000,0.58,344.48,0.56,-0.16
2025-08-13T01:49:00.000,0.64,345.58,0.62,-0.16
2025-08-13T01:50:00.000,0.59,344.27,0.57,-0.16
2025-08-13T01:51:00.000,0.66,339.60,0.62,-0.23
2025-08-13T01:52:00.000,0.53,342.19,0.50,-0.16
2025-08-13T01:53:00.000,0.47,347.94,0.46,-0.10
2025-08-13T01:54:00.000,0.51,5.76,0.50,0.05
2025-08-13T01:55:00.000,0.57,356.14,0.57,-0.04
2025-08-13T01:56:00.000,0.55,356.83,0.55,-0.03
2025-08-13T01:57:00.000,0.48,8.79,0.48,0.07
2025-08-13T01:58:00.000,0.55,3.13,0.55,0.03
2025-08-13T01:59:00.000,0.49,0.27,0.49,0.00
2025-08-13T02:00:00.000,0.56,359.49,0.56,-0.00
2025-08-13T02:01:00.000,0.54,350.80,0.54,-0.09
2025-08-13T02:02:00.000,0.54,349.92,0.53,-0.09
2025-08-13T02:03:00.000,0.51,344.23,0.49,-0.14
2025-08-13T02:04:00.000,0.55,350.58,0.54,-0.09
2025-08-13T02:05:00.000,0.54,341.98,0.52,-0.17
2025-08-13T02:06:00.000,0.55,340.69,0.52,-0.18
2025-08-13T02:07:00.000,0.57,350.24,0.56,-0.10
2025-08-13T02:08:00.000,0.58,353.37,0.58,-0.07
2025-08-13T02:09:00.000,0.56,345.18,0.55,-0.14
2025-08-13T02:10:00.000,0.57,346.83,0.55,-0.13
2025-08-13T02:11:00.000,0.56,349.26,0.55,-0.10
2025-08-13T02:12:00.000,0.56,350.85,0.56,-0.09
2025-08-13T02:13:00.000,0.56,346.65,0.55,-0.13
2025-08-13T02:14:00.000,0.56,346.20,0.54,-0.13
2025-08-13T02:15:00.000,0.54,349.65,0.53,-0.10
2025-08-13T02:16:00.000,0.55,349.79,0.54,-0.10
2025-08-13T02:17:00.000,0.55,349.02,0.54,-0.10
2025-08-13T02:18:00.000,0.56,353.29,0.55,-0.07
2025-08-13T02:19:00.000,0.55,1.40,0.55,0.01
2025-08-13T02:20:00.000,0.55,358.51,0.55,-0.01
2025-08-13T02:21:00.000,0.55,0.29,0.55,0.00
2025-08-13T02:22:00.000,0.58,6.22,0.58,0.06
2025-08-13T02:23:00.000,0.59,7.16,0.59,0.07
2025-08-13T02:24:00.000,0.60,5.65,0.59,0.06
2025-08-13T02:25:00.000,0.59,1.96,0.58,0.02
2025-08-13T02:26:00.000,0.55,358.55,0.55,-0.01
2025-08-13T02:27:00.000,0.55,0.61,0.55,0.01
2025-08-13T02:28:00.000,0.55,3.24,0.55,0.03
2025-08-13T02:29:00.000,0.53,0.37,0.53,0.00
2025-08-13T02:30:00.000,0.54,9.58,0.53,0.09
2025-08-13T02:31:00.000,0.54,13.90,0.52,0.13
2025-08-13T02:32:00.000,0.53,12.16,0.52,0.11
2025-08-13T02:33:00.000,0.64,16.57,0.62,0.18
2025-08-13T02:34:00.000,0.65,16.95,0.62,0.19
2025-08-13T02:35:00.000,0.65,25.11,0.59,0.28
2025-08-13T02:36:00.000,0.63,15.87,0.61,0.17
2025-08-13T02:37:00.000,0.63,12.82,0.61,0.14
2025-08-13T02:38:00.000,0.61,13.20,0.60,0.14
2025-08-13T02:39:00.000,0.62,12.84,0.60,0.14
2025-08-13T02:40:00.000,0.57,358.96,0.57,-0.01
2025-08-13T02:41:00.000,0.57,357.02,0.57,-0.03
2025-08-13T02:42:00.000,0.56,357.04,0.56,-0.03
2025-08-13T02:43:00.000,0.55,357.25,0.55,-0.03
2025-08-13T02:44:00.000,0.55,356.84,0.55,-0.03
2025-08-13T02:45:00.000,0.57,359.24,0.57,-0.01
2025-08-13T02:46:00.000,0.57,358.06,0.56,-0.02
2025-08-13T02:47:00.000,0.57,356.60,0.56,-0.03
2025-08-13T02:48:00.000,0.51,353.95,0.51,-0.05
2025-08-13T02:49:00.000,0.55,353.83,0.54,-0.06
2025-08-13T02:50:00.000,0.54,355.64,0.53,-0.04
2025-08-13T02:51:00.000,0.50,350.19,0.49,-0.09
2025-08-13T02:52:00.000,0.51,351.86,0.51,-0.07
2025-08-13T02:53:00.000,0.53,352.71,0.52,-0.07
2025-08-13T02:54:00.000,0.63,0.11,0.63,0.00
2025-08-13T02:55:00.000,0.63,356.80,0.63,-0.04
2025-08-13T02:56:00.000,0.65,358.44,0.65,-0.02
2025-08-13T02:57:00.000,0.66,356.43,0.66,-0.04
2025-08-13T02:58:00.000,0.66,358.82,0.66,-0.01
2025-08-13T02:59:00.000,0.69,0.03,0.69,0.00
2025-08-13T03:00:00.000,0.70,359.35,0.70,-0.01
2025-08-13T03:01:00.000,0.68,0.10,0.68,0.00
2025-08-13T03:02:00.000,0.70,359.12,0.70,-0.01
2025-08-13T03:03:00.000,0.66,355.99,0.66,-0.05
2025-08-13T03:04:00.000,0.66,357.51,0.66,-0.03
2025-08-13T03:05:00.000,0.67,358.79,0.67,-0.01
2025-08-13T03:06:00.000,0.59,351.07,0.58,-0.09
2025-08-13T03:07:00.000,0.62,343.83,0.60,-0.17
2025-08-13T03:08:00.000,0.62,355.42,0.62,-0.05
2025-08-13T03:09:00.000,0.64,356.32,0.63,-0.04
2025-08-13T03:10:00.000,0.63,354.20,0.62,-0.06
2025-08-13T03:11:00.000,0.62,354.77,0.62,-0.06
2025-08-13T03:12:00.000,0.60,357.24,0.59,-0.03
2025-08-13T03:13:00.000,0.59,356.35,0.59,-0.04
2025-08-13T03:14:00.000,0.64,358.02,0.64,-0.02
2025-08-13T03:15:00.000,0.63,2.40,0.62,0.03
2025-08-13T03:16:00.000,0.63,2.92,0.63,0.03
2025-08-13T03:17:00.000,0.65,5.42,0.64,0.06
2025-08-13T03:18:00.000,0.65,3.71,0.65,0.04
2025-08-13T03:19:00.000,0.60,9.84,0.59,0.10
2025-08-13T03:20:00.000,0.65,12.42,0.63,0.14
2025-08-13T03:21:00.000,0.68,7.06,0.67,0.08
2025-08-13T03:22:00.000,0.69,5.72,0.68,0.07
2025-08-13T03:23:00.000,0.66,6.83,0.66,0.08
2025-08-13T03:24:00.000,0.61,7.85,0.60,0.08
2025-08-13T03:25:00.000,0.54,359.28,0.54,-0.01
2025-08-13T03:26:00.000,0.54,357.43,0.54,-0.02
2025-08-13T03:27:00.000,0.54,354.37,0.54,-0.05
2025-08-13T03:28:00.000,0.54,354.60,0.54,-0.05
2025-08-13T03:29:00.000,0.53,353.51,0.53,-0.06
2025-08-13T03:30:00.000,0.52,354.56,0.52,-0.05
2025-08-13T03:31:00.000,0.54,357.58,0.54,-0.02
2025-08-13T03:32:00.000,0.55,349.07,0.54,-0.10
2025-08-13T03:33:00.000,0.54,348.27,0.53,-0.11
2025-08-13T03:34:00.000,0.55,349.66,0.54,-0.10
2025-08-13T03:35:00.000,0.54,352.66,0.53,-0.07
2025-08-13T03:36:00.000,0.58,337.51,0.54,-0.22
2025-08-13T03:37:00.000,0.56,354.39,0.56,-0.06
2025-08-13T03:38:00.000,0.56,353.98,0.56,-0.06
2025-08-13T03:39:00.000,0.56,353.68,0.56,-0.06
2025-08-13T03:40:00.000,0.58,352.74,0.57,-0.07
2025-08-13T03:41:00.000,0.56,355.94,0.56,-0.04
2025-08-13T03:42:00.000,0.55,353.75,0.55,-0.06
2025-08-13T03:43:00.000,0.55,357.47,0.55,-0.02
2025-08-13T03:44:00.000,0.56,354.36,0.56,-0.05
2025-08-13T03:45:00.000,0.56,355.37,0.56,-0.05
2025-08-13T03:46:00.000,0.56,353.51,0.56,-0.06
2025-08-13T03:47:00.000,0.56,354.77,0.56,-0.05
2025-08-13T03:48:00.000,0.58,350.48,0.58,-0.10
2025-08-13T03:49:00.000,0.58,349.10,0.57,-0.11
2025-08-13T03:50:00.000,0.57,352.72,0.57,-0.07
2025-08-13T03:51:00.000,0.56,351.80,0.56,-0.08
2025-08-13T03:52:00.000,0.56,349.75,0.55,-0.10
2025-08-13T03:53:00.000,0.56,353.81,0.56,-0.06
2025-08-13T03:54:00.000,0.58,353.05,0.57,-0.07
2025-08-13T03:55:00.000,0.58,353.01,0.58,-0.07
2025-08-13T03:56:00.000,0.59,351.46,0.58,-0.09
2025-08-13T03:57:00.000,0.60,355.97,0.60,-0.04
2025-08-13T03:58:00.000,0.61,355.26,0.61,-0.05
2025-08-13T03:59:00.000,0.62,353.32,0.62,-0.07
2025-08-13T04:00:00.000,0.62,353.21,0.62,-0.07
2025-08-13T04:01:00.000,0.60,354.68,0.60,-0.06
2025-08-13T04:02:00.000,0.58,354.86,0.58,-0.05
2025-08-13T04:03:00.000,0.58,355.76,0.58,-0.04
2025-08-13T04:04:00.000,0.57,355.09,0.57,-0.05
2025-08-13T04:05:00.000,0.55,354.42,0.55,-0.05
2025-08-13T04:06:00.000,0.59,354.52,0.59,-0.06
2025-08-13T04:07:00.000,0.57,354.60,0.56,-0.05
2025-08-13T04:08:00.000,0.56,356.10,0.56,-0.04
2025-08-13T04:09:00.000,0.54,356.03,0.54,-0.04
2025-08-13T04:10:00.000,0.54,354.29,0.54,-0.05
2025-08-13T04:11:00.000,0.55,352.94,0.54,-0.07
2025-08-13T04:12:00.000,0.55,356.12,0.55,-0.04
2025-08-13T04:13:00.000,0.57,359.56,0.57,-0.00
2025-08-13T04:14:00.000,0.56,358.16,0.56,-0.02
2025-08-13T04:15:00.000,0.57,359.32,0.57,-0.01
2025-08-13T04:16:00.000,0.57,0.37,0.57,0.00
2025-08-13T04:17:00.000,0.59,2.44,0.59,0.03
2025-08-13T04:18:00.000,0.60,4.28,0.60,0.04
2025-08-13T04:19:00.000,0.59,8.11,0.59,0.08
2025-08-13T04:20:00.000,0.62,11.00,0.61,0.12
2025-08-13T04:21:00.000,0.62,9.42,0.61,0.10
2025-08-13T04:22:00.000,0.59,7.19,0.58,0.07
2025-08-13T04:23:00.000,0.66,13.06,0.64,0.15
2025-08-13T04:24:00.000,0.65,11.87,0.63,0.13
2025-08-13T04:25:00.000,0.54,6.89,0.54,0.07
2025-08-13T04:26:00.000,0.56,8.97,0.56,0.09
2025-08-13T04:27:00.000,0.56,6.42,0.56,0.06
2025-08-13T04:28:00.000,0.57,9.05,0.56,0.09
2025-08-13T04:29:00.000,0.51,1.49,0.51,0.01
2025-08-13T04:30:00.000,0.52,6.93,0.51,0.06
2025-08-13T04:31:00.000,0.50,4.20,0.50,0.04
2025-08-13T04:32:00.000,0.54,5.01,0.53,0.05
2025-08-13T04:33:00.000,0.52,7.28,0.52,0.07
2025-08-13T04:34:00.000,0.55,8.56,0.55,0.08
2025-08-13T04:35:00.000,0.55,5.06,0.55,0.05
2025-08-13T04:36:00.000,0.58,0.81,0.58,0.01
2025-08-13T04:37:00.000,0.55,2.05,0.55,0.02
2025-08-13T04:38:00.000,0.56,5.04,0.55,0.05
2025-08-13T04:39:00.000,0.59,2.91,0.59,0.03
2025-08-13T04:40:00.000,0.57,7.16,0.57,0.07
2025-08-13T04:41:00.000,0.56,2.13,0.56,0.02
2025-08-13T04:42:00.000,0.55,2.49,0.55,0.02
2025-08-13T04:43:00.000,0.54,356.72,0.54,-0.03
2025-08-13T04:44:00.000,0.53,356.78,0.53,-0.03
2025-08-13T04:45:00.000,0.54,355.81,0.53,-0.04
2025-08-13T04:46:00.000,0.52,355.49,0.52,-0.04
2025-08-13T04:47:00.000,0.50,347.46,0.49,-0.11
2025-08-13T04:48:00.000,0.53,345.19,0.51,-0.13
2025-08-13T04:49:00.000,0.54,346.80,0.52,-0.12
2025-08-13T04:50:00.000,0.54,339.20,0.50,-0.19
2025-08-13T04:51:00.000,0.57,330.33,0.49,-0.28
2025-08-13T04:52:00.000,0.57,334.01,0.51,-0.25
2025-08-13T04:53:00.000,0.55,335.10,0.50,-0.23
2025-08-13T04:54:00.000,0.56,330.17,0.48,-0.28
2025-08-13T04:55:00.000,0.53,333.14,0.47,-0.24
2025-08-13T04:56:00.000,0.54,335.38,0.49,-0.23
2025-08-13T04:57:00.000,0.55,341.83,0.53,-0.17
2025-08-13T04:58:00.000,0.55,347.83,0.54,-0.12
2025-08-13T04:59:00.000,0.57,350.64,0.56,-0.09
2025-08-13T05:00:00.000,0.56,353.55,0.56,-0.06
2025-08-13T05:01:00.000,0.56,354.45,0.55,-0.05
2025-08-13T05:02:00.000,0.55,354.78,0.55,-0.05
2025-08-13T05:03:00.000,0.55,354.36,0.55,-0.05
2025-08-13T05:04:00.000,0.54,354.25,0.54,-0.05
2025-08-13T05:05:00.000,0.54,352.93,0.54,-0.07
2025-08-13T05:06:00.000,0.53,352.35,0.53,-0.07
2025-08-13T05:07:00.000,0.53,350.33,0.52,-0.09
2025-08-13T05:08:00.000,0.52,351.44,0.51,-0.08
2025-08-13T05:09:00.000,0.52,350.95,0.52,-0.08
2025-08-13T05:10:00.000,0.53,351.86,0.53,-0.08
2025-08-13T05:11:00.000,0.52,355.09,0.52,-0.04
2025-08-13T05:12:00.000,0.53,353.82,0.53,-0.06
2025-08-13T05:13:00.000,0.54,354.21,0.54,-0.05
2025-08-13T05:14:00.000,0.54,357.01,0.53,-0.03
2025-08-13T05:15:00.000,0.55,354.56,0.55,-0.05
2025-08-13T05:16:00.000,0.55,356.07,0.55,-0.04
2025-08-13T05:17:00.000,0.54,356.28,0.54,-0.04
2025-08-13T05:18:00.000,0.55,356.77,0.55,-0.03
2025-08-13T05:19:00.000,0.54,357.13,0.54,-0.03
2025-08-13T05:20:00.000,0.55,359.98,0.55,-0.00
2025-08-13T05:21:00.000,0.57,1.93,0.57,0.02
2025-08-13T05:22:00.000,0.65,9.30,0.64,0.11
2025-08-13T05:23:00.000,0.73,13.11,0.71,0.17
2025-08-13T05:24:00.000,0.72,13.92,0.70,0.17
2025-08-13T05:25:00.000,0.74,21.19,0.69,0.27
2025-08-13T05:26:00.000,0.56,28.03,0.50,0.27
2025-08-13T05:27:00.000,0.55,14.55,0.54,0.14
2025-08-13T05:28:00.000,0.54,14.97,0.52,0.14
2025-08-13T05:29:00.000,0.51,14.54,0.50,0.13
2025-08-13T05:30:00.000,0.53,8.50,0.53,0.08
2025-08-13T05:31:00.000,0.55,4.75,0.55,0.05
2025-08-13T05:32:00.000,0.53,9.95,0.52,0.09
2025-08-13T05:33:00.000,0.53,11.02,0.52,0.10
2025-08-13T05:34:00.000,0.52,4.06,0.52,0.04
2025-08-13T05:35:00.000,0.32,357.52,0.32,-0.01
2025-08-13T05:36:00.000,0.44,0.11,0.44,0.00
2025-08-13T05:37:00.000,0.47,358.49,0.47,-0.01
2025-08-13T05:38:00.000,0.46,350.61,0.46,-0.08
2025-08-13T05:39:00.000,0.43,338.43,0.40,-0.16
2025-08-13T05:40:00.000,0.46,341.94,0.44,-0.14
2025-08-13T05:41:00.000,0.43,345.46,0.42,-0.11
2025-08-13T05:42:00.000,0.39,342.88,0.38,-0.12
2025-08-13T05:43:00.000,0.46,341.58,0.43,-0.14
2025-08-13T05:44:00.000,0.46,344.30,0.44,-0.12
2025-08-13T05:45:00.000,0.48,344.64,0.46,-0.13
2025-08-13T05:46:00.000,0.51,350.38,0.50,-0.09
2025-08-13T05:47:00.000,0.51,352.04,0.50,-0.07
2025-08-13T05:48:00.000,0.51,349.96,0.50,-0.09
2025-08-13T05:49:00.000,0.53,341.70,0.51,-0.17
2025-08-13T05:50:00.000,0.54,342.60,0.51,-0.16
2025-08-13T05:51:00.000,0.53,347.81,0.52,-0.11
2025-08-13T05:52:00.000,0.54,349.21,0.53,-0.10
2025-08-13T05:53:00.000,0.53,354.59,0.53,-0.05
2025-08-13T05:54:00.000,0.54,351.85,0.53,-0.08
2025-08-13T05:55:00.000,0.55,354.03,0.55,-0.06
2025-08-13T05:56:00.000,0.54,352.34,0.53,-0.07
2025-08-13T05:57:00.000,0.56,351.77,0.55,-0.08
2025-08-13T05:58:00.000,0.56,356.12,0.56,-0.04
2025-08-13T05:59:00.000,0.58,356.36,0.57,-0.04
2025-08-13T06:00:00.000,0.57,356.31,0.57,-0.04
2025-08-13T06:01:00.000,0.58,356.08,0.58,-0.04
2025-08-13T06:02:00.000,0.58,358.49,0.58,-0.02
2025-08-13T06:03:00.000,0.59,357.04,0.58,-0.03
2025-08-13T06:04:00.000,0.59,359.47,0.59,-0.01
2025-08-13T06:05:00.000,0.60,359.45,0.60,-0.01
2025-08-13T06:06:00.000,0.61,0.81,0.61,0.01
2025-08-13T06:07:00.000,0.62,1.64,0.62,0.02
2025-08-13T06:08:00.000,0.63,3.98,0.63,0.04
2025-08-13T06:09:00.000,0.62,2.95,0.61,0.03
2025-08-13T06:10:00.000,0.59,3.25,0.59,0.03
2025-08-13T06:11:00.000,0.60,0.34,0.60,0.00
2025-08-13T06:12:00.000,0.59,1.06,0.59,0.01
2025-08-13T06:13:00.000,0.58,0.74,0.58,0.01
2025-08-13T06:14:00.000,0.57,1.01,0.57,0.01
2025-08-13T06:15:00.000,0.58,2.60,0.58,0.03
2025-08-13T06:16:00.000,0.57,3.88,0.57,0.04
2025-08-13T06:17:00.000,0.59,6.85,0.59,0.07
2025-08-13T06:18:00.000,0.61,9.00,0.60,0.10
2025-08-13T06:19:00.000,0.62,11.32,0.61,0.12
2025-08-13T06:20:00.000,0.59,7.70,0.58,0.08
2025-08-13T06:21:00.000,0.60,8.51,0.59,0.09
2025-08-13T06:22:00.000,0.57,7.74,0.57,0.08
2025-08-13T06:23:00.000,0.56,5.31,0.56,0.05
2025-08-13T06:24:00.000,0.56,2.36,0.56,0.02
2025-08-13T06:25:00.000,0.56,1.10,0.56,0.01
2025-08-13T06:26:00.000,0.54,0.03,0.54,0.00
2025-08-13T06:27:00.000,0.52,1.91,0.51,0.02
2025-08-13T06:28:00.000,0.53,359.41,0.53,-0.01
2025-08-13T06:29:00.000,0.53,357.81,0.53,-0.02
2025-08-13T06:30:00.000,0.53,359.38,0.53,-0.01
2025-08-13T06:31:00.000,0.54,359.35,0.54,-0.01
2025-08-13T06:32:00.000,0.54,359.51,0.54,-0.00
2025-08-13T06:33:00.000,0.51,358.17,0.51,-0.02
2025-08-13T06:34:00.000,0.49,357.28,0.49,-0.02
2025-08-13T06:35:00.000,0.47,349.22,0.46,-0.09
2025-08-13T06:36:00.000,0.47,345.34,0.45,-0.12
2025-08-13T06:37:00.000,0.46,348.14,0.45,-0.09
2025-08-13T06:38:00.000,0.47,344.73,0.46,-0.13
2025-08-13T06:39:00.000,0.59,346.56,0.57,-0.14
2025-08-13T06:40:00.000,0.58,351.93,0.58,-0.08
2025-08-13T06:41:00.000,0.58,353.09,0.58,-0.07
2025-08-13T06:42:00.000,0.59,356.78,0.59,-0.03
2025-08-13T06:43:00.000,0.61,355.73,0.60,-0.05
2025-08-13T06:44:00.000,0.61,356.25,0.61,-0.04
2025-08-13T06:45:00.000,0.62,357.07,0.62,-0.03
2025-08-13T06:46:00.000,0.64,356.08,0.63,-0.04
2025-08-13T06:47:00.000,0.64,355.68,0.64,-0.05
2025-08-13T06:48:00.000,0.64,357.14,0.64,-0.03
2025-08-13T06:49:00.000,0.63,356.22,0.63,-0.04
2025-08-13T06:50:00.000,0.63,356.87,0.63,-0.03
2025-08-13T06:51:00.000,0.62,354.26,0.62,-0.06
2025-08-13T06:52:00.000,0.64,352.53,0.63,-0.08
2025-08-13T06:53:00.000,0.64,352.42,0.63,-0.08
2025-08-13T06:54:00.000,0.66,352.67,0.65,-0.08
2025-08-13T06:55:00.000,0.66,355.37,0.65,-0.05
2025-08-13T06:56:00.000,0.66,357.37,0.66,-0.03
2025-08-13T06:57:00.000,0.69,358.15,0.69,-0.02
2025-08-13T06:58:00.000,0.73,1.76,0.73,0.02
2025-08-13T06:59:00.000,0.75,2.17,0.75,0.03
2025-08-13T07:00:00.000,0.78,2.67,0.78,0.04
2025-08-13T07:01:00.000,0.77,0.77,0.77,0.01
2025-08-13T07:02:00.000,0.78,359.97,0.78,-0.00
2025-08-13T07:03:00.000,0.76,0.35,0.76,0.00
2025-08-13T07:04:00.000,0.74,1.90,0.74,0.02
2025-08-13T07:05:00.000,0.74,2.58,0.74,0.03
2025-08-13T07:06:00.000,0.73,3.85,0.73,0.05
2025-08-13T07:07:00.000,0.73,5.59,0.73,0.07
2025-08-13T07:08:00.000,0.75,4.41,0.74,0.06
2025-08-13T07:09:00.000,0.78,8.54,0.77,0.12
2025-08-13T07:10:00.000,0.77,8.76,0.76,0.12
2025-08-13T07:11:00.000,0.79,9.70,0.78,0.13
2025-08-13T07:12:00.000,0.77,9.08,0.76,0.12
2025-08-13T07:13:00.000,0.74,6.49,0.74,0.08
2025-08-13T07:14:00.000,0.72,3.57,0.72,0.04
2025-08-13T07:15:00.000,0.70,3.47,0.69,0.04
2025-08-13T07:16:00.000,0.67,0.86,0.67,0.01
2025-08-13T07:17:00.000,0.67,0.02,0.67,0.00
2025-08-13T07:18:00.000,0.66,0.30,0.66,0.00
2025-08-13T07:19:00.000,0.66,0.90,0.66,0.01
2025-08-13T07:20:00.000,0.68,2.38,0.68,0.03
2025-08-13T07:21:00.000,0.63,0.30,0.63,0.00
2025-08-13T07:22:00.000,0.66,3.65,0.66,0.04
2025-08-13T07:23:00.000,0.66,4.73,0.66,0.05
2025-08-13T07:24:00.000,0.69,6.76,0.68,0.08
2025-08-13T07:25:00.000,0.68,7.99,0.67,0.09
2025-08-13T07:26:00.000,0.67,7.18,0.66,0.08
2025-08-13T07:27:00.000,0.64,4.41,0.64,0.05
2025-08-13T07:28:00.000,0.63,359.92,0.63,-0.00
2025-08-13T07:29:00.000,0.62,358.42,0.62,-0.02
2025-08-13T07:30:00.000,0.61,359.08,0.61,-0.01
2025-08-13T07:31:00.000,0.64,12.06,0.63,0.13
2025-08-13T07:32:00.000,0.66,2.41,0.66,0.03
2025-08-13T07:33:00.000,0.63,358.70,0.63,-0.01
2025-08-13T07:34:00.000,0.63,359.33,0.63,-0.01
2025-08-13T07:35:00.000,0.66,357.43,0.66,-0.03
2025-08-13T07:36:00.000,0.66,356.94,0.66,-0.04
2025-08-13T07:37:00.000,0.66,356.82,0.66,-0.04
2025-08-13T07:38:00.000,0.67,357.22,0.67,-0.03
2025-08-13T07:39:00.000,0.66,356.63,0.66,-0.04
2025-08-13T07:40:00.000,0.65,356.39,0.65,-0.04
2025-08-13T07:41:00.000,0.64,356.96,0.64,-0.03
2025-08-13T07:42:00.000,0.65,356.29,0.65,-0.04
2025-08-13T07:43:00.000,0.65,355.21,0.64,-0.05
2025-08-13T07:44:00.000,0.65,357.99,0.65,-0.02
2025-08-13T07:45:00.000,0.66,4.86,0.65,0.06
2025-08-13T07:46:00.000,0.70,13.72,0.68,0.17
2025-08-13T07:47:00.000,0.75,17.42,0.71,0.22
2025-08-13T07:48:00.000,0.80,25.79,0.72,0.35
2025-08-13T07:49:00.000,0.86,35.21,0.70,0.49
2025-08-13T07:50:00.000,1.05,42.67,0.77,0.71
2025-08-13T07:51:00.000,0.92,35.34,0.75,0.53
2025-08-13T07:52:00.000,0.88,32.96,0.74,0.48
2025-08-13T07:53:00.000,0.74,22.32,0.69,0.28
2025-08-13T07:54:00.000,0.80,30.87,0.69,0.41
2025-08-13T07:55:00.000,0.83,25.41,0.75,0.36
2025-08-13T07:56:00.000,0.87,34.40,0.72,0.49
2025-08-13T07:57:00.000,1.10,43.46,0.80,0.76
2025-08-13T07:58:00.000,1.14,40.47,0.87,0.74
2025-08-13T07:59:00.000,0.97,33.49,0.81,0.54
2025-08-13T08:00:00.000,1.11,38.05,0.87,0.68
2025-08-13T08:01:00.000,1.66,53.10,1.00,1.33
2025-08-13T08:02:00.000,1.43,49.41,0.93,1.09
2025-08-13T08:03:00.000,1.20,49.10,0.79,0.91
2025-08-13T08:04:00.000,1.32,47.58,0.89,0.98
2025-08-13T08:05:00.000,1.14,45.39,0.80,0.81
2025-08-13T08:06:00.000,0.89,39.74,0.68,0.57
2025-08-13T08:07:00.000,1.10,49.75,0.71,0.84
2025-08-13T08:08:00.000,1.06,49.28,0.69,0.81
2025-08-13T08:09:00.000,0.77,36.37,0.62,0.46
2025-08-13T08:10:00.000,0.98,43.15,0.71,0.67
2025-08-13T08:11:00.000,1.10,46.11,0.76,0.79
2025-08-13T08:12:00.000,1.02,43.50,0.74,0.70
2025-08-13T08:13:00.000,0.96,39.28,0.74,0.61
2025-08-13T08:14:00.000,0.93,39.80,0.71,0.59
2025-08-13T08:15:00.000,0.84,33.74,0.70,0.47
2025-08-13T08:16:00.000,0.84,33.35,0.70,0.46
2025-08-13T08:17:00.000,0.85,34.03,0.71,0.48
2025-08-13T08:18:00.000,0.94,36.97,0.75,0.57
2025-08-13T08:19:00.000,1.01,32.25,0.85,0.54
2025-08-13T08:20:00.000,0.98,20.56,0.92,0.34
2025-08-13T08:21:00.000,0.81,17.06,0.77,0.24
2025-08-13T08:22:00.000,0.82,19.35,0.77,0.27
2025-08-13T08:23:00.000,0.83,23.92,0.76,0.34
2025-08-13T08:24:00.000,0.82,19.64,0.77,0.28
2025-08-13T08:25:00.000,0.84,18.24,0.80,0.26
2025-08-13T08:26:00.000,0.80,18.63,0.76,0.26
2025-08-13T08:27:00.000,0.83,19.84,0.78,0.28
2025-08-13T08:28:00.000,0.91,23.34,0.83,0.36
2025-08-13T08:29:00.000,0.85,19.15,0.81,0.28
2025-08-13T08:30:00.000,0.93,21.39,0.86,0.34
2025-08-13T08:31:00.000,0.94,23.31,0.86,0.37
2025-08-13T08:32:00.000,0.89,20.97,0.83,0.32
2025-08-13T08:33:00.000,0.77,17.31,0.73,0.23
2025-08-13T08:34:00.000,0.80,15.40,0.77,0.21
2025-08-13T08:35:00.000,0.79,13.66,0.77,0.19
2025-08-13T08:36:00.000,0.79,13.17,0.77,0.18
2025-08-13T08:37:00.000,0.83,15.55,0.80,0.22
2025-08-13T08:38:00.000,0.86,17.59,0.82,0.26
2025-08-13T08:39:00.000,0.94,22.84,0.86,0.36
2025-08-13T08:40:00.000,1.02,26.98,0.91,0.46
2025-08-13T08:41:00.000,1.28,32.03,1.09,0.68
2025-08-13T08:42:00.000,1.14,25.48,1.03,0.49
2025-08-13T08:43:00.000,1.30,30.41,1.12,0.66
2025-08-13T08:44:00.000,1.07,25.82,0.96,0.47
2025-08-13T08:45:00.000,1.02,24.30,0.93,0.42
2025-08-13T08:46:00.000,0.93,19.81,0.87,0.31
2025-08-13T08:47:00.000,0.95,20.65,0.89,0.33
2025-08-13T08:48:00.000,0.99,22.66,0.91,0.38
2025-08-13T08:49:00.000,1.04,23.31,0.96,0.41
2025-08-13T08:50:00.000,1.03,25.91,0.93,0.45
2025-08-13T08:51:00.000,1.00,24.28,0.91,0.41
2025-08-13T08:52:00.000,0.98,22.38,0.90,0.37
2025-08-13T08:53:00.000,0.95,21.53,0.89,0.35
2025-08-13T08:54:00.000,0.85,17.39,0.81,0.26
2025-08-13T08:55:00.000,0.92,21.37,0.85,0.33
2025-08-13T08:56:00.000,0.86,19.44,0.81,0.29
2025-08-13T08:57:00.000,0.86,15.69,0.82,0.23
2025-08-13T08:58:00.000,0.81,15.26,0.78,0.21
2025-08-13T08:59:00.000,0.84,16.79,0.80,0.24
2025-08-13T09:00:00.000,0.81,16.70,0.78,0.23
2025-08-13T09:01:00.000,0.80,16.28,0.77,0.22
2025-08-13T09:02:00.000,0.81,16.75,0.77,0.23
2025-08-13T09:03:00.000,0.83,18.79,0.78,0.27
2025-08-13T09:04:00.000,0.84,20.08,0.79,0.29
2025-08-13T09:05:00.000,0.96,24.83,0.87,0.40
2025-08-13T09:06:00.000,0.85,20.74,0.79,0.30
2025-08-13T09:07:00.000,0.80,18.49,0.76,0.25
2025-08-13T09:08:00.000,0.77,16.20,0.74,0.21
2025-08-13T09:09:00.000,0.74,14.07,0.72,0.18
2025-08-13T09:10:00.000,0.75,15.69,0.72,0.20
2025-08-13T09:11:00.000,0.77,15.33,0.74,0.20
2025-08-13T09:12:00.000,0.76,17.19,0.73,0.22
2025-08-13T09:13:00.000,0.77,17.76,0.73,0.23
2025-08-13T09:14:00.000,0.77,16.35,0.74,0.22
2025-08-13T09:15:00.000,0.86,18.98,0.81,0.28
2025-08-13T09:16:00.000,0.74,22.22,0.69,0.28
2025-08-13T09:17:00.000,0.71,19.09,0.67,0.23
2025-08-13T09:18:00.000,0.70,16.58,0.68,0.20
2025-08-13T09:19:00.000,0.65,12.44,0.63,0.14
2025-08-13T09:20:00.000,0.66,11.79,0.64,0.13
2025-08-13T09:21:00.000,0.66,11.05,0.65,0.13
2025-08-13T09:22:00.000,0.66,10.34,0.65,0.12
2025-08-13T09:23:00.000,0.65,13.44,0.63,0.15
2025-08-13T09:24:00.000,0.67,14.54,0.65,0.17
2025-08-13T09:25:00.000,0.70,19.07,0.66,0.23
2025-08-13T09:26:00.000,0.74,24.05,0.67,0.30
2025-08-13T09:27:00.000,0.75,22.63,0.69,0.29
2025-08-13T09:28:00.000,0.78,18.83,0.74,0.25
2025-08-13T09:29:00.000,0.74,17.62,0.71,0.23
2025-08-13T09:30:00.000,0.75,18.82,0.71,0.24
2025-08-13T09:31:00.000,0.78,24.68,0.70,0.32
2025-08-13T09:32:00.000,0.75,23.16,0.69,0.30
2025-08-13T09:33:00.000,0.78,23.02,0.72,0.31
2025-08-13T09:34:00.000,0.74,17.21,0.71,0.22
2025-08-13T09:35:00.000,0.70,14.12,0.68,0.17
2025-08-13T09:36:00.000,0.71,13.77,0.69,0.17
2025-08-13T09:37:00.000,0.68,17.54,0.65,0.20
2025-08-13T09:38:00.000,0.75,17.12,0.71,0.22
2025-08-13T09:39:00.000,0.76,17.47,0.73,0.23
2025-08-13T09:40:00.000,0.77,15.84,0.74,0.21
2025-08-13T09:41:00.000,0.76,15.39,0.73,0.20
2025-08-13T09:42:00.000,0.76,16.83,0.73,0.22
2025-08-13T09:43:00.000,0.77,19.90,0.73,0.26
2025-08-13T09:44:00.000,0.77,14.55,0.74,0.19
2025-08-13T09:45:00.000,0.74,15.08,0.71,0.19
2025-08-13T09:46:00.000,0.72,16.95,0.69,0.21
2025-08-13T09:47:00.000,0.84,19.02,0.79,0.27
2025-08-13T09:48:00.000,0.74,17.10,0.70,0.22
2025-08-13T09:49:00.000,0.79,18.43,0.75,0.25
2025-08-13T09:50:00.000,0.73,17.25,0.69,0.22
2025-08-13T09:51:00.000,0.77,19.13,0.73,0.25
2025-08-13T09:52:00.000,0.80,19.94,0.75,0.27
2025-08-13T09:53:00.000,0.78,22.99,0.72,0.31
2025-08-13T09:54:00.000,0.91,23.31,0.83,0.36
2025-08-13T09:55:00.000,0.86,24.81,0.78,0.36
2025-08-13T09:56:00.000,0.76,18.48,0.72,0.24
2025-08-13T09:57:00.000,0.81,20.02,0.76,0.28
2025-08-13T09:58:00.000,0.85,25.01,0.77,0.36
2025-08-13T09:59:00.000,0.81,20.15,0.76,0.28
2025-08-13T10:00:00.000,0.72,17.11,0.69,0.21
2025-08-13T10:01:00.000,0.72,17.17,0.69,0.21
2025-08-13T10:02:00.000,0.74,16.34,0.71,0.21
2025-08-13T10:03:00.000,0.71,19.29,0.67,0.24
2025-08-13T10:04:00.000,0.73,16.96,0.70,0.21
2025-08-13T10:05:00.000,0.71,16.84,0.68,0.20
2025-08-13T10:06:00.000,0.71,15.33,0.68,0.19
2025-08-13T10:07:00.000,0.67,10.78,0.66,0.13
2025-08-13T10:08:00.000,0.69,15.70,0.67,0.19
2025-08-13T10:09:00.000,0.69,16.02,0.67,0.19
2025-08-13T10:10:00.000,0.70,14.81,0.68,0.18
2025-08-13T10:11:00.000,0.66,13.82,0.64,0.16
2025-08-13T10:12:00.000,0.66,13.66,0.64,0.15
2025-08-13T10:13:00.000,0.67,13.67,0.65,0.16
2025-08-13T10:14:00.000,0.67,13.06,0.66,0.15
2025-08-13T10:15:00.000,0.68,18.90,0.64,0.22
2025-08-13T10:16:00.000,0.67,16.37,0.64,0.19
2025-08-13T10:17:00.000,0.68,16.54,0.65,0.19
2025-08-13T10:18:00.000,0.67,15.69,0.64,0.18
2025-08-13T10:19:00.000,0.67,14.49,0.65,0.17
2025-08-13T10:20:00.000,0.69,17.05,0.66,0.20
2025-08-13T10:21:00.000,0.68,16.80,0.65,0.20
2025-08-13T10:22:00.000,0.68,15.04,0.65,0.18
2025-08-13T10:23:00.000,0.69,15.22,0.66,0.18
2025-08-13T10:24:00.000,0.68,15.65,0.66,0.18
2025-08-13T10:25:00.000,0.66,10.67,0.65,0.12
2025-08-13T10:26:00.000,0.67,12.96,0.66,0.15
2025-08-13T10:27:00.000,0.66,12.19,0.65,0.14
2025-08-13T10:28:00.000,0.68,13.91,0.66,0.16
2025-08-13T10:29:00.000,0.68,15.13,0.65,0.18
2025-08-13T10:30:00.000,0.70,16.47,0.68,0.20
2025-08-13T10:31:00.000,0.77,19.44,0.72,0.26
2025-08-13T10:32:00.000,0.74,15.21,0.71,0.19
2025-08-13T10:33:00.000,0.71,14.76,0.69,0.18
2025-08-13T10:34:00.000,0.70,16.35,0.67,0.20
2025-08-13T10:35:00.000,0.67,12.18,0.66,0.14
2025-08-13T10:36:00.000,0.68,11.59,0.67,0.14
2025-08-13T10:37:00.000,0.71,13.72,0.69,0.17
2025-08-13T10:38:00.000,0.71,15.19,0.68,0.19
2025-08-13T10:39:00.000,0.70,14.57,0.68,0.18
2025-08-13T10:40:00.000,0.70,15.37,0.68,0.19
2025-08-13T10:41:00.000,0.71,11.40,0.69,0.14
2025-08-13T10:42:00.000,0.72,15.72,0.69,0.19
2025-08-13T10:43:00.000,0.73,14.85,0.70,0.19
2025-08-13T10:44:00.000,0.71,11.90,0.69,0.15
2025-08-13T10:45:00.000,0.68,9.69,0.67,0.11
2025-08-13T10:46:00.000,0.69,10.43,0.68,0.12
2025-08-13T10:47:00.000,0.66,9.84,0.65,0.11
2025-08-13T10:48:00.000,0.65,9.34,0.64,0.10
2025-08-13T10:49:00.000,0.65,10.83,0.64,0.12
2025-08-13T10:50:00.000,0.65,7.76,0.64,0.09
2025-08-13T10:51:00.000,0.65,8.94,0.64,0.10
2025-08-13T10:52:00.000,0.65,9.77,0.64,0.11
2025-08-13T10:53:00.000,0.67,10.76,0.66,0.12
2025-08-13T10:54:00.000,0.66,9.40,0.65,0.11
2025-08-13T10:55:00.000,0.65,10.89,0.64,0.12
2025-08-13T10:56:00.000,0.66,8.14,0.66,0.09
2025-08-13T10:57:00.000,0.64,8.76,0.63,0.10
2025-08-13T10:58:00.000,0.65,7.77,0.65,0.09
2025-08-13T10:59:00.000,0.65,9.37,0.64,0.11
2025-08-13T11:00:00.000,0.65,6.98,0.65,0.08
2025-08-13T11:01:00.000,0.64,5.56,0.63,0.06
2025-08-13T11:02:00.000,0.69,7.77,0.68,0.09
2025-08-13T11:03:00.000,0.67,7.42,0.66,0.09
2025-08-13T11:04:00.000,0.69,10.67,0.68,0.13
2025-08-13T11:05:00.000,0.69,10.31,0.68,0.12
2025-08-13T11:06:00.000,0.68,9.41,0.67,0.11
2025-08-13T11:07:00.000,0.66,6.64,0.65,0.08
2025-08-13T11:08:00.000,0.65,5.42,0.65,0.06
2025-08-13T11:09:00.000,0.64,6.00,0.64,0.07
2025-08-13T11:10:00.000,0.62,3.76,0.62,0.04
2025-08-13T11:11:00.000,0.61,4.14,0.61,0.04
2025-08-13T11:12:00.000,0.59,5.75,0.59,0.06
2025-08-13T11:13:00.000,0.59,5.03,0.58,0.05
2025-08-13T11:14:00.000,0.59,3.90,0.59,0.04
2025-08-13T11:15:00.000,0.60,5.33,0.60,0.06
2025-08-13T11:16:00.000,0.62,6.02,0.62,0.06
2025-08-13T11:17:00.000,0.61,8.31,0.60,0.09
2025-08-13T11:18:00.000,0.60,9.83,0.59,0.10
2025-08-13T11:19:00.000,0.60,6.03,0.59,0.06
2025-08-13T11:20:00.000,0.61,8.42,0.60,0.09
2025-08-13T11:21:00.000,0.60,6.69,0.59,0.07
2025-08-13T11:22:00.000,0.59,8.98,0.58,0.09
2025-08-13T11:23:00.000,0.60,6.07,0.60,0.06
2025-08-13T11:24:00.000,0.60,7.09,0.60,0.07
2025-08-13T11:25:00.000,0.60,7.40,0.60,0.08
2025-08-13T11:26:00.000,0.66,14.92,0.64,0.17
2025-08-13T11:27:00.000,0.66,15.80,0.63,0.18
2025-08-13T11:28:00.000,0.67,15.15,0.65,0.18
2025-08-13T11:29:00.000,0.63,16.57,0.61,0.18
2025-08-13T11:30:00.000,0.68,19.87,0.64,0.23
2025-08-13T11:31:00.000,0.65,18.53,0.62,0.21
2025-08-13T11:32:00.000,0.64,19.94,0.61,0.22
2025-08-13T11:33:00.000,0.70,24.02,0.64,0.28
2025-08-13T11:34:00.000,0.63,21.28,0.59,0.23
2025-08-13T11:35:00.000,0.61,15.79,0.58,0.16
2025-08-13T11:36:00.000,0.60,15.39,0.58,0.16
2025-08-13T11:37:00.000,0.61,15.36,0.58,0.16
2025-08-13T11:38:00.000,0.62,16.71,0.59,0.18
2025-08-13T11:39:00.000,0.60,20.56,0.56,0.21
2025-08-13T11:40:00.000,0.61,15.03,0.59,0.16
2025-08-13T11:41:00.000,0.65,21.11,0.61,0.23
2025-08-13T11:42:00.000,0.67,26.78,0.60,0.30
2025-08-13T11:43:00.000,0.66,16.20,0.63,0.18
2025-08-13T11:44:00.000,0.68,10.29,0.67,0.12
2025-08-13T11:45:00.000,0.62,11.60,0.61,0.13
2025-08-13T11:46:00.000,0.64,11.49,0.63,0.13
2025-08-13T11:47:00.000,0.63,8.75,0.63,0.10
2025-08-13T11:48:00.000,0.65,7.39,0.64,0.08
2025-08-13T11:49:00.000,0.69,11.21,0.68,0.13
2025-08-13T11:50:00.000,0.65,9.24,0.64,0.10
2025-08-13T11:51:00.000,0.71,10.40,0.70,0.13
2025-08-13T11:52:00.000,0.70,11.87,0.69,0.14
2025-08-13T11:53:00.000,0.70,18.02,0.67,0.22
2025-08-13T11:54:00.000,0.66,8.99,0.65,0.10
2025-08-13T11:55:00.000,0.67,8.44,0.66,0.10
2025-08-13T11:56:00.000,0.66,13.76,0.64,0.16
2025-08-13T11:57:00.000,0.65,14.08,0.63,0.16
2025-08-13T11:58:00.000,0.66,9.11,0.65,0.10
2025-08-13T11:59:00.000,0.68,12.55,0.66,0.15
2025-08-13T12:00:00.000,0.65,7.78,0.65,0.09
2025-08-13T12:01:00.000,0.65,10.08,0.64,0.11
2025-08-13T12:02:00.000,0.67,9.48,0.67,0.11
2025-08-13T12:03:00.000,0.65,10.15,0.64,0.11
2025-08-13T12:04:00.000,0.67,13.63,0.65,0.16
2025-08-13T12:05:00.000,0.72,15.66,0.69,0.19
2025-08-13T12:06:00.000,0.72,16.99,0.68,0.21
2025-08-13T12:07:00.000,0.71,15.05,0.68,0.18
2025-08-13T12:08:00.000,0.71,13.46,0.69,0.16
2025-08-13T12:09:00.000,0.69,11.64,0.68,0.14
2025-08-13T12:10:00.000,0.66,10.30,0.65,0.12
2025-08-13T12:11:00.000,0.67,10.05,0.66,0.12
2025-08-13T12:12:00.000,0.67,13.26,0.66,0.15
2025-08-13T12:13:00.000,0.66,11.59,0.64,0.13
2025-08-13T12:14:00.000,0.65,15.83,0.63,0.18
2025-08-13T12:15:00.000,0.60,10.39,0.59,0.11
2025-08-13T12:16:00.000,0.63,11.19,0.62,0.12
2025-08-13T12:17:00.000,0.61,14.59,0.59,0.15
2025-08-13T12:18:00.000,0.64,14.85,0.61,0.16
2025-08-13T12:19:00.000,0.61,12.30,0.59,0.13
2025-08-13T12:20:00.000,0.59,14.41,0.58,0.15
2025-08-13T12:21:00.000,0.61,15.39,0.59,0.16
2025-08-13T12:22:00.000,0.58,16.84,0.55,0.17
2025-08-13T12:23:00.000,0.64,11.86,0.62,0.13
2025-08-13T12:24:00.000,0.63,10.77,0.62,0.12
2025-08-13T12:25:00.000,0.63,8.47,0.62,0.09
2025-08-13T12:26:00.000,0.61,12.21,0.59,0.13
2025-08-13T12:27:00.000,0.61,10.77,0.60,0.11
2025-08-13T12:28:00.000,0.63,7.57,0.62,0.08
2025-08-13T12:29:00.000,0.62,7.72,0.61,0.08
2025-08-13T12:30:00.000,0.63,8.41,0.63,0.09
2025-08-13T12:31:00.000,0.62,10.42,0.61,0.11
2025-08-13T12:32:00.000,0.64,8.88,0.63,0.10
2025-08-13T12:33:00.000,0.63,7.45,0.63,0.08
2025-08-13T12:34:00.000,0.64,8.05,0.63,0.09
2025-08-13T12:35:00.000,0.63,7.82,0.63,0.09
2025-08-13T12:36:00.000,0.61,8.49,0.61,0.09
2025-08-13T12:37:00.000,0.62,8.14,0.61,0.09
2025-08-13T12:38:00.000,0.63,7.89,0.62,0.09
2025-08-13T12:39:00.000,0.63,6.85,0.62,0.07
2025-08-13T12:40:00.000,0.62,4.36,0.62,0.05
2025-08-13T12:41:00.000,0.61,3.62,0.61,0.04
2025-08-13T12:42:00.000,0.62,3.73,0.62,0.04
2025-08-13T12:43:00.000,0.61,7.76,0.60,0.08
2025-08-13T12:44:00.000,0.60,6.27,0.60,0.07
2025-08-13T12:45:00.000,0.61,8.28,0.60,0.09
2025-08-13T12:46:00.000,0.61,6.10,0.61,0.07
2025-08-13T12:47:00.000,0.61,5.25,0.61,0.06
2025-08-13T12:48:00.000,0.62,3.79,0.62,0.04
2025-08-13T12:49:00.000,0.62,4.09,0.62,0.04
2025-08-13T12:50:00.000,0.60,4.73,0.60,0.05
2025-08-13T12:51:00.000,0.60,2.01,0.60,0.02
2025-08-13T12:52:00.000,0.64,357.17,0.64,-0.03
2025-08-13T12:53:00.000,0.62,1.19,0.62,0.01
2025-08-13T12:54:00.000,0.63,357.46,0.63,-0.03
2025-08-13T12:55:00.000,0.63,358.71,0.63,-0.01
2025-08-13T12:56:00.000,0.63,358.09,0.63,-0.02
2025-08-13T12:57:00.000,0.64,356.92,0.63,-0.03
2025-08-13T12:58:00.000,0.63,354.29,0.63,-0.06
2025-08-13T12:59:00.000,0.62,356.82,0.62,-0.03
2025-08-13T13:00:00.000,0.61,1.60,0.61,0.02
2025-08-13T13:01:00.000,0.63,0.63,0.63,0.01
2025-08-13T13:02:00.000,0.61,359.61,0.61,-0.00
2025-08-13T13:03:00.000,0.62,358.73,0.62,-0.01
2025-08-13T13:04:00.000,0.63,358.46,0.63,-0.02
2025-08-13T13:05:00.000,0.61,0.37,0.61,0.00
2025-08-13T13:06:00.000,0.62,359.88,0.62,-0.00
2025-08-13T13:07:00.000,0.59,2.12,0.59,0.02
2025-08-13T13:08:00.000,0.60,1.22,0.60,0.01
2025-08-13T13:09:00.000,0.61,1.74,0.61,0.02
2025-08-13T13:10:00.000,0.60,3.22,0.60,0.03
2025-08-13T13:11:00.000,0.60,1.12,0.60,0.01
2025-08-13T13:12:00.000,0.59,0.69,0.59,0.01
2025-08-13T13:13:00.000,0.60,359.76,0.60,-0.00
2025-08-13T13:14:00.000,0.59,359.67,0.59,-0.00
2025-08-13T13:15:00.000,0.60,357.59,0.60,-0.03
2025-08-13T13:16:00.000,0.60,358.41,0.60,-0.02
2025-08-13T13:17:00.000,0.62,358.33,0.62,-0.02
2025-08-13T13:18:00.000,0.62,359.73,0.62,-0.00
2025-08-13T13:19:00.000,0.62,359.91,0.62,-0.00
2025-08-13T13:20:00.000,0.63,0.70,0.63,0.01
2025-08-13T13:21:00.000,0.61,1.95,0.61,0.02
2025-08-13T13:22:00.000,0.59,3.12,0.59,0.03
2025-08-13T13:23:00.000,0.63,359.53,0.63,-0.01
2025-08-13T13:24:00.000,0.62,6.38,0.61,0.07
2025-08-13T13:25:00.000,0.59,6.65,0.59,0.07
2025-08-13T13:26:00.000,0.62,6.07,0.61,0.07
2025-08-13T13:27:00.000,0.60,6.11,0.60,0.06
2025-08-13T13:28:00.000,0.62,7.04,0.62,0.08
2025-08-13T13:29:00.000,0.60,5.94,0.60,0.06
2025-08-13T13:30:00.000,0.62,4.60,0.62,0.05
2025-08-13T13:31:00.000,0.60,8.21,0.60,0.09
2025-08-13T13:32:00.000,0.62,8.88,0.62,0.10
2025-08-13T13:33:00.000,0.63,6.68,0.63,0.07
2025-08-13T13:34:00.000,1.00,5.40,0.99,0.09
2025-08-13T13:35:00.000,1.08,12.24,1.06,0.23
2025-08-13T13:36:00.000,0.85,24.89,0.77,0.36
2025-08-13T13:37:00.000,0.77,16.20,0.74,0.21
2025-08-13T13:38:00.000,0.76,18.98,0.72,0.25
2025-08-13T13:39:00.000,0.79,20.88,0.74,0.28
2025-08-13T13:40:00.000,0.80,19.47,0.75,0.27
2025-08-13T13:41:00.000,0.73,14.56,0.70,0.18
2025-08-13T13:42:00.000,0.83,18.12,0.79,0.26
2025-08-13T13:43:00.000,0.77,16.64,0.74,0.22
2025-08-13T13:44:00.000,0.82,16.34,0.78,0.23
2025-08-13T13:45:00.000,0.72,11.51,0.71,0.14
2025-08-13T13:46:00.000,0.70,10.22,0.69,0.12
2025-08-13T13:47:00.000,0.69,7.80,0.68,0.09
2025-08-13T13:48:00.000,0.68,11.07,0.67,0.13
2025-08-13T13:49:00.000,0.66,7.10,0.66,0.08
2025-08-13T13:50:00.000,0.64,5.53,0.63,0.06
2025-08-13T13:51:00.000,0.65,1.93,0.65,0.02
2025-08-13T13:52:00.000,0.63,4.14,0.63,0.05
2025-08-13T13:53:00.000,0.62,3.35,0.62,0.04
2025-08-13T13:54:00.000,0.61,358.36,0.61,-0.02
2025-08-13T13:55:00.000,0.53,7.05,0.52,0.06
2025-08-13T13:56:00.000,0.53,0.76,0.53,0.01
2025-08-13T13:57:00.000,0.54,5.93,0.53,0.06
2025-08-13T13:58:00.000,0.53,1.09,0.53,0.01
2025-08-13T13:59:00.000,0.55,359.73,0.55,-0.00
2025-08-13T14:00:00.000,0.55,359.97,0.55,-0.00
2025-08-13T14:01:00.000,0.56,357.42,0.56,-0.03
2025-08-13T14:02:00.000,0.53,356.64,0.53,-0.03
2025-08-13T14:03:00.000,0.54,357.44,0.54,-0.02
2025-08-13T14:04:00.000,0.54,357.58,0.54,-0.02
2025-08-13T14:05:00.000,0.53,358.94,0.53,-0.01
2025-08-13T14:06:00.000,0.53,356.96,0.53,-0.03
2025-08-13T14:07:00.000,0.54,357.53,0.54,-0.02
2025-08-13T14:08:00.000,0.54,352.00,0.53,-0.07
2025-08-13T14:09:00.000,0.53,354.37,0.53,-0.05
2025-08-13T14:10:00.000,0.54,352.93,0.53,-0.07
2025-08-13T14:11:00.000,0.52,353.63,0.52,-0.06
2025-08-13T14:12:00.000,0.52,353.03,0.51,-0.06
2025-08-13T14:13:00.000,0.51,350.98,0.51,-0.08
2025-08-13T14:14:00.000,0.51,351.33,0.51,-0.08
2025-08-13T14:15:00.000,0.51,351.75,0.51,-0.07
2025-08-13T14:16:00.000,0.52,351.49,0.52,-0.08
2025-08-13T14:17:00.000,0.51,352.01,0.51,-0.07
2025-08-13T14:18:00.000,0.52,351.77,0.51,-0.07
2025-08-13T14:19:00.000,0.52,351.35,0.52,-0.08
2025-08-13T14:20:00.000,0.52,352.57,0.52,-0.07
2025-08-13T14:21:00.000,0.54,351.62,0.53,-0.08
2025-08-13T14:22:00.000,0.54,349.33,0.53,-0.10
2025-08-13T14:23:00.000,0.55,341.84,0.52,-0.17
2025-08-13T14:24:00.000,0.54,344.91,0.52,-0.14
2025-08-13T14:25:00.000,0.53,341.43,0.51,-0.17
2025-08-13T14:26:00.000,0.53,344.14,0.51,-0.14
2025-08-13T14:27:00.000,0.51,344.09,0.49,-0.14
2025-08-13T14:28:00.000,0.50,344.83,0.49,-0.13
2025-08-13T14:29:00.000,0.46,348.76,0.45,-0.09
2025-08-13T14:30:00.000,0.48,348.38,0.47,-0.10
2025-08-13T14:31:00.000,0.46,351.03,0.45,-0.07
2025-08-13T14:32:00.000,0.41,352.34,0.41,-0.05
2025-08-13T14:33:00.000,0.44,352.02,0.44,-0.06
2025-08-13T14:34:00.000,0.41,353.88,0.41,-0.04
2025-08-13T14:35:00.000,0.44,349.76,0.44,-0.08
2025-08-13T14:36:00.000,0.42,346.07,0.41,-0.10
2025-08-13T14:37:00.000,0.46,347.25,0.45,-0.10
2025-08-13T14:38:00.000,0.45,347.09,0.44,-0.10
2025-08-13T14:39:00.000,0.46,347.52,0.45,-0.10
2025-08-13T14:40:00.000,0.46,343.51,0.44,-0.13
2025-08-13T14:41:00.000,0.46,340.01,0.44,-0.16
2025-08-13T14:42:00.000,0.49,339.29,0.46,-0.17
2025-08-13T14:43:00.000,0.53,342.45,0.51,-0.16
2025-08-13T14:44:00.000,0.54,343.23,0.51,-0.15
2025-08-13T14:45:00.000,0.51,346.01,0.49,-0.12
2025-08-13T14:46:00.000,0.52,345.99,0.51,-0.13
2025-08-13T14:47:00.000,0.54,342.85,0.51,-0.16
2025-08-13T14:48:00.000,0.54,343.95,0.52,-0.15
2025-08-13T14:49:00.000,0.54,343.99,0.52,-0.15
2025-08-13T14:50:00.000,0.53,348.45,0.52,-0.11
2025-08-13T14:51:00.000,0.56,346.60,0.55,-0.13
2025-08-13T14:52:00.000,0.55,347.69,0.54,-0.12
2025-08-13T14:53:00.000,0.56,347.13,0.55,-0.12
2025-08-13T14:54:00.000,0.56,348.13,0.54,-0.11
2025-08-13T14:55:00.000,0.53,350.61,0.52,-0.09
2025-08-13T14:56:00.000,0.55,349.91,0.54,-0.10
2025-08-13T14:57:00.000,0.55,349.59,0.54,-0.10
2025-08-13T14:58:00.000,0.55,349.64,0.54,-0.10
2025-08-13T14:59:00.000,0.57,347.85,0.55,-0.12
2025-08-13T15:00:00.000,0.56,349.49,0.55,-0.10
2025-08-13T15:01:00.000,0.60,344.79,0.58,-0.16
2025-08-13T15:02:00.000,0.61,344.08,0.58,-0.17
2025-08-13T15:03:00.000,0.60,344.15,0.58,-0.16
2025-08-13T15:04:00.000,0.62,341.99,0.59,-0.19
2025-08-13T15:05:00.000,0.62,343.66,0.60,-0.18
2025-08-13T15:06:00.000,0.69,343.41,0.66,-0.20
2025-08-13T15:07:00.000,0.67,346.17,0.65,-0.16
2025-08-13T15:08:00.000,0.64,346.27,0.63,-0.15
2025-08-13T15:09:00.000,0.62,349.39,0.61,-0.11
2025-08-13T15:10:00.000,0.61,349.84,0.60,-0.11
2025-08-13T15:11:00.000,0.66,347.03,0.65,-0.15
2025-08-13T15:12:00.000,0.67,350.95,0.66,-0.11
2025-08-13T15:13:00.000,0.69,351.95,0.68,-0.10
2025-08-13T15:14:00.000,0.67,359.02,0.67,-0.01
2025-08-13T15:15:00.000,0.88,20.48,0.82,0.31
2025-08-13T15:16:00.000,0.85,15.00,0.82,0.22
2025-08-13T15:17:00.000,1.07,17.47,1.02,0.32
2025-08-13T15:18:00.000,0.90,14.08,0.87,0.22
2025-08-13T15:19:00.000,1.05,20.61,0.98,0.37
2025-08-13T15:20:00.000,0.95,17.05,0.91,0.28
2025-08-13T15:21:00.000,0.86,20.19,0.81,0.30
2025-08-13T15:22:00.000,0.91,22.33,0.84,0.35
2025-08-13T15:23:00.000,0.77,19.78,0.72,0.26
2025-08-13T15:24:00.000,0.79,18.72,0.74,0.25
2025-08-13T15:25:00.000,0.82,24.30,0.75,0.34
2025-08-13T15:26:00.000,0.81,21.59,0.75,0.30
2025-08-13T15:27:00.000,0.78,18.85,0.74,0.25
2025-08-13T15:28:00.000,0.76,24.20,0.69,0.31
2025-08-13T15:29:00.000,0.76,21.98,0.70,0.28
2025-08-13T15:30:00.000,0.72,22.40,0.66,0.27
2025-08-13T15:31:00.000,0.72,21.10,0.67,0.26
2025-08-13T15:32:00.000,0.62,14.09,0.60,0.15
2025-08-13T15:33:00.000,0.79,22.29,0.73,0.30
2025-08-13T15:34:00.000,0.75,20.86,0.71,0.27
2025-08-13T15:35:00.000,0.75,18.80,0.71,0.24
2025-08-13T15:36:00.000,0.88,29.65,0.76,0.43
2025-08-13T15:37:00.000,1.11,37.07,0.88,0.67
2025-08-13T15:38:00.000,0.78,27.05,0.69,0.35
2025-08-13T15:39:00.000,0.97,32.32,0.82,0.52
2025-08-13T15:40:00.000,0.93,32.88,0.78,0.50
2025-08-13T15:41:00.000,0.80,30.90,0.68,0.41
2025-08-13T15:42:00.000,0.75,31.72,0.64,0.40
2025-08-13T15:43:00.000,0.63,24.00,0.58,0.26
2025-08-13T15:44:00.000,0.56,23.71,0.51,0.22
2025-08-13T15:45:00.000,0.69,29.92,0.60,0.35
2025-08-13T15:46:00.000,0.69,25.86,0.62,0.30
2025-08-13T15:47:00.000,0.71,28.25,0.62,0.33
2025-08-13T15:48:00.000,0.70,30.09,0.61,0.35
2025-08-13T15:49:00.000,0.79,34.23,0.65,0.44
2025-08-13T15:50:00.000,1.12,45.91,0.78,0.81
2025-08-13T15:51:00.000,1.01,42.19,0.75,0.68
2025-08-13T15:52:00.000,0.87,36.88,0.69,0.52
2025-08-13T15:53:00.000,0.93,37.65,0.74,0.57
2025-08-13T15:54:00.000,0.95,37.97,0.75,0.58
2025-08-13T15:55:00.000,0.89,37.91,0.70,0.55
2025-08-13T15:56:00.000,0.85,35.75,0.69,0.50
2025-08-13T15:57:00.000,1.12,39.84,0.86,0.72
2025-08-13T15:58:00.000,1.09,41.37,0.82,0.72
2025-08-13T15:59:00.000,1.15,44.81,0.82,0.81
2025-08-13T16:00:00.000,1.40,50.73,0.88,1.08
2025-08-13T16:01:00.000,1.53,53.00,0.92,1.22
2025-08-13T16:02:00.000,1.52,48.07,1.02,1.13
2025-08-13T16:03:00.000,1.76,51.80,1.09,1.38
2025-08-13T16:04:00.000,1.49,52.93,0.90,1.19
2025-08-13T16:05:00.000,1.53,48.64,1.01,1.15
2025-08-13T16:06:00.000,1.42,43.57,1.03,0.98
2025-08-13T16:07:00.000,1.16,41.05,0.87,0.76
2025-08-13T16:08:00.000,1.41,46.54,0.97,1.02
2025-08-13T16:09:00.000,1.17,37.96,0.92,0.72
2025-08-13T16:10:00.000,1.12,35.48,0.91,0.65
2025-08-13T16:11:00.000,1.33,37.25,1.06,0.81
2025-08-13T16:12:00.000,1.48,45.99,1.03,1.06
2025-08-13T16:13:00.000,1.27,40.75,0.96,0.83
2025-08-13T16:14:00.000,1.28,44.12,0.92,0.89
2025-08-13T16:15:00.000,1.48,42.52,1.09,1.00
2025-08-13T16:16:00.000,1.45,43.96,1.05,1.01
2025-08-13T16:17:00.000,1.27,44.03,0.91,0.88
2025-08-13T16:18:00.000,1.40,45.69,0.98,1.00
2025-08-13T16:19:00.000,2.31,60.48,1.14,2.01
2025-08-13T16:20:00.000,3.28,65.46,1.36,2.98
2025-08-13T16:21:00.000,2.80,62.84,1.28,2.49
2025-08-13T16:22:00.000,2.51,59.74,1.26,2.17
2025-08-13T16:23:00.000,2.04,58.41,1.07,1.74
2025-08-13T16:24:00.000,1.70,55.58,0.96,1.40
2025-08-13T16:25:00.000,1.54,55.90,0.86,1.27
2025-08-13T16:26:00.000,1.31,51.97,0.81,1.03
2025-08-13T16:27:00.000,1.34,51.44,0.84,1.05
2025-08-13T16:28:00.000,1.07,46.42,0.74,0.77
2025-08-13T16:29:00.000,1.13,48.68,0.75,0.85
2025-08-13T16:30:00.000,0.87,41.96,0.65,0.58
2025-08-13T16:31:00.000,0.87,48.07,0.58,0.64
2025-08-13T16:32:00.000,0.88,45.84,0.61,0.63
2025-08-13T16:33:00.000,1.05,49.34,0.68,0.79
2025-08-13T16:34:00.000,1.07,50.79,0.68,0.83
2025-08-13T16:35:00.000,0.83,41.85,0.62,0.56
2025-08-13T16:36:00.000,0.82,39.30,0.63,0.52
2025-08-13T16:37:00.000,0.90,43.69,0.65,0.62
2025-08-13T16:38:00.000,0.84,40.15,0.65,0.54
2025-08-13T16:39:00.000,0.89,41.02,0.67,0.59
2025-08-13T16:40:00.000,0.90,42.47,0.67,0.61
2025-08-13T16:41:00.000,0.82,40.11,0.63,0.53
2025-08-13T16:42:00.000,0.86,43.24,0.62,0.59
2025-08-13T16:43:00.000,0.85,34.46,0.70,0.48
2025-08-13T16:44:00.000,0.83,34.41,0.69,0.47
2025-08-13T16:45:00.000,0.80,34.75,0.66,0.45
2025-08-13T16:46:00.000,0.82,36.68,0.66,0.49
2025-08-13T16:47:00.000,0.85,38.20,0.67,0.53
2025-08-13T16:48:00.000,0.85,33.66,0.71,0.47
2025-08-13T16:49:00.000,0.86,39.56,0.66,0.55
2025-08-13T16:50:00.000,0.85,37.25,0.67,0.51
2025-08-13T16:51:00.000,0.77,38.35,0.60,0.48
2025-08-13T16:52:00.000,0.78,32.74,0.66,0.42
2025-08-13T16:53:00.000,0.72,30.70,0.62,0.37
2025-08-13T16:54:00.000,0.75,30.35,0.65,0.38
2025-08-13T16:55:00.000,0.75,33.65,0.62,0.41
2025-08-13T16:56:00.000,0.78,30.73,0.67,0.40
2025-08-13T16:57:00.000,0.77,29.78,0.67,0.38
2025-08-13T16:58:00.000,0.81,31.16,0.69,0.42
2025-08-13T16:59:00.000,0.79,31.71,0.68,0.42
2025-08-13T17:00:00.000,0.87,32.96,0.73,0.47
2025-08-13T17:01:00.000,0.89,35.14,0.72,0.51
2025-08-13T17:02:00.000,0.98,36.54,0.79,0.58
2025-08-13T17:03:00.000,0.87,34.02,0.72,0.49
2025-08-13T17:04:00.000,0.98,33.59,0.82,0.54
2025-08-13T17:05:00.000,0.87,30.18,0.75,0.44
2025-08-13T17:06:00.000,0.83,29.11,0.72,0.40
2025-08-13T17:07:00.000,0.87,33.27,0.72,0.47
2025-08-13T17:08:00.000,0.88,29.33,0.77,0.43
2025-08-13T17:09:00.000,0.91,31.16,0.78,0.47
2025-08-13T17:10:00.000,1.07,36.24,0.86,0.63
2025-08-13T17:11:00.000,1.13,33.54,0.94,0.63
2025-08-13T17:12:00.000,1.32,39.25,1.02,0.83
2025-08-13T17:13:00.000,1.26,39.68,0.97,0.81
2025-08-13T17:14:00.000,1.20,41.91,0.89,0.80
2025-08-13T17:15:00.000,1.20,37.36,0.95,0.73
2025-08-13T17:16:00.000,1.21,41.56,0.90,0.80
2025-08-13T17:17:00.000,1.04,38.22,0.82,0.64
2025-08-13T17:18:00.000,1.19,49.71,0.77,0.91
2025-08-13T17:19:00.000,0.84,36.86,0.67,0.50
2025-08-13T17:20:00.000,1.56,56.00,0.87,1.29
2025-08-13T17:21:00.000,0.94,48.16,0.63,0.70
2025-08-13T17:22:00.000,1.02,45.26,0.72,0.73
2025-08-13T17:23:00.000,1.06,34.94,0.87,0.60
2025-08-13T17:24:00.000,1.10,36.93,0.88,0.66
2025-08-13T17:25:00.000,1.18,38.13,0.93,0.73
2025-08-13T17:26:00.000,1.05,39.57,0.81,0.67
2025-08-13T17:27:00.000,0.97,37.98,0.77,0.60
2025-08-13T17:28:00.000,1.18,39.87,0.91,0.76
2025-08-13T17:29:00.000,1.07,36.33,0.86,0.64
2025-08-13T17:30:00.000,1.17,41.34,0.88,0.77
2025-08-13T17:31:00.000,1.31,53.82,0.77,1.06
2025-08-13T17:32:00.000,1.79,58.23,0.94,1.52
2025-08-13T17:33:00.000,1.36,51.46,0.85,1.07
2025-08-13T17:34:00.000,1.46,50.41,0.93,1.12
2025-08-13T17:35:00.000,1.69,57.26,0.91,1.42
2025-08-13T17:36:00.000,1.70,56.78,0.93,1.42
2025-08-13T17:37:00.000,2.65,59.65,1.34,2.29
2025-08-13T17:38:00.000,2.55,65.29,1.07,2.32
2025-08-13T17:39:00.000,4.43,73.40,1.27,4.25
2025-08-13T17:40:00.000,4.38,74.38,1.18,4.22
2025-08-13T17:41:00.000,2.28,71.40,0.73,2.16
2025-08-13T17:42:00.000,2.73,67.35,1.05,2.52
2025-08-13T17:43:00.000,3.45,72.15,1.06,3.28
2025-08-13T17:44:00.000,3.83,70.84,1.26,3.62
2025-08-13T17:45:00.000,2.73,65.31,1.14,2.48
2025-08-13T17:46:00.000,2.71,68.37,1.00,2.52
2025-08-13T17:47:00.000,2.73,71.29,0.88,2.59
2025-08-13T17:48:00.000,5.37,74.14,1.47,5.17
2025-08-13T17:49:00.000,4.47,72.44,1.35,4.26
2025-08-13T17:50:00.000,4.23,69.80,1.46,3.97
2025-08-13T17:51:00.000,5.33,67.74,2.02,4.93
2025-08-13T17:52:00.000,6.14,71.29,1.97,5.82
2025-08-13T17:53:00.000,5.53,68.33,2.04,5.14
2025-08-13T17:54:00.000,6.42,70.51,2.14,6.05
2025-08-13T17:55:00.000,5.40,64.90,2.29,4.89
2025-08-13T17:56:00.000,5.55,68.78,2.01,5.18
2025-08-13T17:57:00.000,6.03,72.62,1.80,5.76
2025-08-13T17:58:00.000,3.04,63.47,1.36,2.72
2025-08-13T17:59:00.000,2.03,63.96,0.89,1.82
2025-08-13T18:00:00.000,2.22,65.68,0.91,2.02
2025-08-13T18:01:00.000,2.31,67.19,0.90,2.13
2025-08-13T18:02:00.000,2.05,65.86,0.84,1.87
2025-08-13T18:03:00.000,2.05,70.71,0.68,1.93
2025-08-13T18:04:00.000,2.57,75.00,0.67,2.49
2025-08-13T18:05:00.000,1.57,58.76,0.82,1.34
2025-08-13T18:06:00.000,1.20,53.29,0.72,0.96
2025-08-13T18:07:00.000,1.72,58.86,0.89,1.47
2025-08-13T18:08:00.000,1.18,46.20,0.82,0.85
2025-08-13T18:09:00.000,2.06,58.49,1.07,1.75
2025-08-13T18:10:00.000,2.21,64.74,0.94,2.00
2025-08-13T18:11:00.000,1.94,57.99,1.03,1.64
2025-08-13T18:12:00.000,2.41,58.09,1.27,2.04
2025-08-13T18:13:00.000,2.20,54.70,1.27,1.79
2025-08-13T18:14:00.000,2.20,54.04,1.29,1.78
2025-08-13T18:15:00.000,4.13,63.20,1.86,3.68
2025-08-13T18:16:00.000,2.04,62.14,0.95,1.80
2025-08-13T18:17:00.000,2.18,64.13,0.95,1.96
2025-08-13T18:18:00.000,2.60,67.51,0.99,2.40
2025-08-13T18:19:00.000,1.50,57.56,0.80,1.26
2025-08-13T18:20:00.000,4.01,76.40,0.94,3.90
2025-08-13T18:21:00.000,2.68,65.13,1.13,2.44
2025-08-13T18:22:00.000,1.60,58.68,0.83,1.37
2025-08-13T18:23:00.000,1.24,54.86,0.71,1.01
2025-08-13T18:24:00.000,1.17,48.04,0.78,0.87
2025-08-13T18:25:00.000,1.61,70.74,0.53,1.52
2025-08-13T18:26:00.000,1.71,66.20,0.69,1.56
2025-08-13T18:27:00.000,1.58,58.60,0.82,1.35
2025-08-13T18:28:00.000,1.58,58.89,0.82,1.35
2025-08-13T18:29:00.000,1.61,60.31,0.80,1.40
2025-08-13T18:30:00.000,3.31,74.00,0.91,3.18
2025-08-13T18:31:00.000,1.59,57.84,0.85,1.35
2025-08-13T18:32:00.000,1.11,52.11,0.68,0.87
2025-08-13T18:33:00.000,1.24,56.44,0.69,1.04
2025-08-13T18:34:00.000,1.39,64.56,0.60,1.26
2025-08-13T18:35:00.000,1.49,65.01,0.63,1.35
2025-08-13T18:36:00.000,1.37,61.60,0.65,1.21
2025-08-13T18:37:00.000,1.37,60.92,0.66,1.20
2025-08-13T18:38:00.000,1.37,60.22,0.68,1.19
2025-08-13T18:39:00.000,1.51,60.70,0.74,1.31
2025-08-13T18:40:00.000,1.35,58.45,0.71,1.15
2025-08-13T18:41:00.000,1.40,54.56,0.81,1.14
2025-08-13T18:42:00.000,1.12,47.20,0.76,0.82
2025-08-13T18:43:00.000,1.07,48.08,0.72,0.80
2025-08-13T18:44:00.000,1.03,51.04,0.65,0.80
2025-08-13T18:45:00.000,0.98,48.37,0.65,0.74
2025-08-13T18:46:00.000,1.11,53.08,0.66,0.88
2025-08-13T18:47:00.000,1.16,51.56,0.72,0.91
2025-08-13T18:48:00.000,1.11,49.53,0.72,0.84
2025-08-13T18:49:00.000,1.02,38.98,0.79,0.64
2025-08-13T18:50:00.000,1.04,31.93,0.88,0.55
2025-08-13T18:51:00.000,0.95,27.13,0.85,0.44
2025-08-13T18:52:00.000,1.01,28.55,0.88,0.48
2025-08-13T18:53:00.000,1.02,32.12,0.86,0.54
2025-08-13T18:54:00.000,1.00,31.09,0.86,0.52
2025-08-13T18:55:00.000,0.98,34.78,0.80,0.56
2025-08-13T18:56:00.000,0.90,28.79,0.79,0.43
2025-08-13T18:57:00.000,0.99,34.00,0.82,0.56
2025-08-13T18:58:00.000,0.97,41.03,0.73,0.64
2025-08-13T18:59:00.000,1.08,42.90,0.79,0.73
2025-08-13T19:00:00.000,1.08,39.79,0.83,0.69
2025-08-13T19:01:00.000,0.92,30.77,0.79,0.47
2025-08-13T19:02:00.000,0.89,30.46,0.77,0.45
2025-08-13T19:03:00.000,0.83,31.40,0.71,0.43
2025-08-13T19:04:00.000,0.88,29.81,0.76,0.44
2025-08-13T19:05:00.000,0.80,30.13,0.69,0.40
2025-08-13T19:06:00.000,0.86,35.32,0.70,0.50
2025-08-13T19:07:00.000,0.89,39.64,0.68,0.57
2025-08-13T19:08:00.000,0.97,36.73,0.78,0.58
2025-08-13T19:09:00.000,0.94,37.72,0.74,0.57
2025-08-13T19:10:00.000,1.11,42.93,0.81,0.76
2025-08-13T19:11:00.000,1.26,43.93,0.90,0.87
2025-08-13T19:12:00.000,1.37,47.29,0.93,1.01
2025-08-13T19:13:00.000,1.47,47.48,0.99,1.08
2025-08-13T19:14:00.000,1.66,50.50,1.06,1.28
2025-08-13T19:15:00.000,1.70,54.42,0.99,1.38
2025-08-13T19:16:00.000,1.51,54.03,0.89,1.23
2025-08-13T19:17:00.000,1.66,57.35,0.90,1.40
2025-08-13T19:18:00.000,1.65,66.39,0.66,1.52
2025-08-13T19:19:00.000,1.40,52.43,0.85,1.11
2025-08-13T19:20:00.000,1.56,58.88,0.81,1.34
2025-08-13T19:21:00.000,1.71,60.01,0.85,1.48
2025-08-13T19:22:00.000,1.54,57.84,0.82,1.31
2025-08-13T19:23:00.000,1.64,50.52,1.04,1.27
2025-08-13T19:24:00.000,1.57,55.07,0.90,1.28
2025-08-13T19:25:00.000,1.76,50.39,1.12,1.35
2025-08-13T19:26:00.000,1.66,56.66,0.91,1.39
2025-08-13T19:27:00.000,1.40,43.68,1.01,0.96
2025-08-13T19:28:00.000,1.57,53.42,0.93,1.26
2025-08-13T19:29:00.000,1.12,44.36,0.80,0.78
2025-08-13T19:30:00.000,1.71,51.73,1.06,1.34
2025-08-13T19:31:00.000,1.30,47.45,0.88,0.96
2025-08-13T19:32:00.000,1.36,47.48,0.92,1.00
2025-08-13T19:33:00.000,1.89,63.21,0.85,1.69
2025-08-13T19:34:00.000,1.82,53.47,1.08,1.46
2025-08-13T19:35:00.000,1.18,41.51,0.89,0.78
2025-08-13T19:36:00.000,1.00,28.98,0.87,0.48
2025-08-13T19:37:00.000,1.00,27.80,0.88,0.47
2025-08-13T19:38:00.000,0.91,34.37,0.75,0.52
2025-08-13T19:39:00.000,0.98,32.85,0.82,0.53
2025-08-13T19:40:00.000,0.90,24.81,0.82,0.38
2025-08-13T19:41:00.000,1.14,26.99,1.01,0.52
2025-08-13T19:42:00.000,1.28,24.82,1.17,0.54
2025-08-13T19:43:00.000,1.21,27.29,1.07,0.55
2025-08-13T19:44:00.000,1.05,20.10,0.99,0.36
2025-08-13T19:45:00.000,0.96,21.67,0.90,0.36
2025-08-13T19:46:00.000,0.83,20.06,0.78,0.29
2025-08-13T19:47:00.000,0.77,19.36,0.72,0.25
2025-08-13T19:48:00.000,0.77,16.49,0.74,0.22
2025-08-13T19:49:00.000,0.75,18.30,0.71,0.24
2025-08-13T19:50:00.000,0.79,21.01,0.74,0.29
2025-08-13T19:51:00.000,0.86,28.12,0.76,0.41
2025-08-13T19:52:00.000,0.91,32.21,0.77,0.49
2025-08-13T19:53:00.000,0.86,30.29,0.75,0.44
2025-08-13T19:54:00.000,0.94,32.35,0.79,0.50
2025-08-13T19:55:00.000,1.67,79.46,0.31,1.64
2025-08-13T19:56:00.000,0.78,36.15,0.63,0.46
2025-08-13T19:57:00.000,0.76,35.14,0.62,0.44
2025-08-13T19:58:00.000,0.63,30.45,0.54,0.32
2025-08-13T19:59:00.000,0.71,40.86,0.54,0.47
2025-08-13T20:00:00.000,0.68,25.75,0.61,0.29
2025-08-13T20:01:00.000,0.68,33.65,0.56,0.37
2025-08-13T20:02:00.000,1.67,54.46,0.97,1.36
2025-08-13T20:03:00.000,0.89,29.79,0.77,0.44
2025-08-13T20:04:00.000,0.97,28.67,0.85,0.47
2025-08-13T20:05:00.000,0.91,34.05,0.76,0.51
2025-08-13T20:06:00.000,1.00,33.21,0.84,0.55
2025-08-13T20:07:00.000,0.92,29.66,0.80,0.45
2025-08-13T20:08:00.000,0.81,18.58,0.77,0.26
2025-08-13T20:09:00.000,0.77,19.00,0.73,0.25
2025-08-13T20:10:00.000,0.71,24.56,0.64,0.29
2025-08-13T20:11:00.000,0.81,16.72,0.78,0.23
2025-08-13T20:12:00.000,0.90,24.53,0.82,0.37
2025-08-13T20:13:00.000,0.89,27.48,0.79,0.41
2025-08-13T20:14:00.000,1.00,29.96,0.87,0.50
2025-08-13T20:15:00.000,0.89,24.91,0.81,0.38
2025-08-13T20:16:00.000,0.85,23.43,0.78,0.34
2025-08-13T20:17:00.000,0.86,20.08,0.80,0.29
2025-08-13T20:18:00.000,0.83,15.85,0.80,0.23
2025-08-13T20:19:00.000,0.84,13.79,0.81,0.20
2025-08-13T20:20:00.000,0.88,16.47,0.84,0.25
2025-08-13T20:21:00.000,0.90,18.25,0.85,0.28
2025-08-13T20:22:00.000,0.93,18.22,0.89,0.29
2025-08-13T20:23:00.000,0.99,18.49,0.94,0.32
2025-08-13T20:24:00.000,1.02,16.95,0.98,0.30
2025-08-13T20:25:00.000,1.01,16.36,0.97,0.28
2025-08-13T20:26:00.000,0.88,11.17,0.86,0.17
2025-08-13T20:27:00.000,0.82,6.92,0.81,0.10
2025-08-13T20:28:00.000,0.81,8.60,0.80,0.12
2025-08-13T20:29:00.000,0.79,6.29,0.78,0.09
2025-08-13T20:30:00.000,0.76,5.57,0.75,0.07
2025-08-13T20:31:00.000,0.83,7.67,0.82,0.11
2025-08-13T20:32:00.000,0.83,5.65,0.83,0.08
2025-08-13T20:33:00.000,0.81,7.55,0.80,0.11
2025-08-13T20:34:00.000,0.75,1.20,0.75,0.02
2025-08-13T20:35:00.000,0.74,1.78,0.74,0.02
2025-08-13T20:36:00.000,0.76,359.48,0.76,-0.01
2025-08-13T20:37:00.000,0.75,0.83,0.75,0.01
2025-08-13T20:38:00.000,0.75,0.05,0.75,0.00
2025-08-13T20:39:00.000,0.74,359.76,0.74,-0.00
2025-08-13T20:40:00.000,0.73,359.13,0.73,-0.01
2025-08-13T20:41:00.000,0.75,0.47,0.75,0.01
2025-08-13T20:42:00.000,0.76,358.66,0.76,-0.02
2025-08-13T20:43:00.000,0.77,359.59,0.77,-0.01
2025-08-13T20:44:00.000,0.75,2.59,0.75,0.03
2025-08-13T20:45:00.000,0.76,359.61,0.76,-0.01
2025-08-13T20:46:00.000,0.77,359.57,0.77,-0.01
2025-08-13T20:47:00.000,0.79,359.35,0.79,-0.01
2025-08-13T20:48:00.000,0.76,359.87,0.76,-0.00
2025-08-13T20:49:00.000,0.78,3.01,0.78,0.04
2025-08-13T20:50:00.000,0.70,358.38,0.70,-0.02
2025-08-13T20:51:00.000,0.77,357.61,0.77,-0.03
2025-08-13T20:52:00.000,0.74,356.23,0.74,-0.05
2025-08-13T20:53:00.000,0.75,0.02,0.75,0.00
2025-08-13T20:54:00.000,0.72,357.03,0.72,-0.04
2025-08-13T20:55:00.000,0.71,350.74,0.70,-0.11
2025-08-13T20:56:00.000,0.78,347.90,0.76,-0.16
2025-08-13T20:57:00.000,0.82,343.48,0.78,-0.23
2025-08-13T20:58:00.000,0.85,345.12,0.82,-0.22
2025-08-13T20:59:00.000,0.84,341.12,0.80,-0.27
2025-08-13T21:00:00.000,0.78,344.55,0.75,-0.21
2025-08-13T21:01:00.000,0.70,343.30,0.67,-0.20
2025-08-13T21:02:00.000,0.75,347.24,0.73,-0.17
2025-08-13T21:03:00.000,0.71,347.17,0.69,-0.16
2025-08-13T21:04:00.000,0.78,351.87,0.77,-0.11
2025-08-13T21:05:00.000,0.74,344.61,0.72,-0.20
2025-08-13T21:06:00.000,0.74,347.70,0.72,-0.16
2025-08-13T21:07:00.000,0.72,344.30,0.69,-0.19
2025-08-13T21:08:00.000,0.70,343.14,0.67,-0.20
2025-08-13T21:09:00.000,0.70,344.14,0.67,-0.19
2025-08-13T21:10:00.000,0.72,340.49,0.68,-0.24
2025-08-13T21:11:00.000,0.71,335.91,0.65,-0.29
2025-08-13T21:12:00.000,0.77,338.16,0.71,-0.29
2025-08-13T21:13:00.000,0.78,339.99,0.73,-0.27
2025-08-13T21:14:00.000,0.77,336.22,0.71,-0.31
2025-08-13T21:15:00.000,0.84,327.02,0.71,-0.46
2025-08-13T21:16:00.000,0.81,324.34,0.65,-0.47
2025-08-13T21:17:00.000,0.92,316.18,0.67,-0.64
2025-08-13T21:18:00.000,0.92,306.93,0.56,-0.74
2025-08-13T21:19:00.000,1.47,290.93,0.53,-1.37
2025-08-13T21:20:00.000,1.66,287.43,0.50,-1.59
2025-08-13T21:21:00.000,1.66,281.78,0.34,-1.62
2025-08-13T21:22:00.000,2.03,288.19,0.63,-1.93
2025-08-13T21:23:00.000,1.60,290.50,0.56,-1.50
2025-08-13T21:24:00.000,1.29,301.57,0.68,-1.10
2025-08-13T21:25:00.000,1.27,295.94,0.55,-1.14
2025-08-13T21:26:00.000,1.21,306.82,0.72,-0.96
2025-08-13T21:27:00.000,1.94,288.59,0.62,-1.84
2025-08-13T21:28:00.000,1.64,290.93,0.58,-1.53
2025-08-13T21:29:00.000,1.64,295.69,0.71,-1.48
2025-08-13T21:30:00.000,1.45,297.72,0.67,-1.28
2025-08-13T21:31:00.000,1.52,298.66,0.73,-1.33
2025-08-13T21:32:00.000,1.87,292.81,0.72,-1.72
2025-08-13T21:33:00.000,1.72,300.04,0.86,-1.49
2025-08-13T21:34:00.000,1.25,315.87,0.90,-0.87
2025-08-13T21:35:00.000,1.59,302.54,0.86,-1.34
2025-08-13T21:36:00.000,1.54,298.73,0.74,-1.35
2025-08-13T21:37:00.000,1.61,299.45,0.79,-1.40
2025-08-13T21:38:00.000,2.26,291.30,0.82,-2.10
2025-08-13T21:39:00.000,1.81,292.46,0.69,-1.67
2025-08-13T21:40:00.000,1.92,293.94,0.78,-1.76
2025-08-13T21:41:00.000,1.72,295.40,0.74,-1.56
2025-08-13T21:42:00.000,1.85,286.76,0.53,-1.77
2025-08-13T21:43:00.000,1.44,301.67,0.75,-1.22
2025-08-13T21:44:00.000,1.56,296.74,0.70,-1.39
2025-08-13T21:45:00.000,1.68,292.00,0.63,-1.56
2025-08-13T21:46:00.000,1.38,300.09,0.69,-1.19
2025-08-13T21:47:00.000,1.52,296.98,0.69,-1.36
2025-08-13T21:48:00.000,1.35,300.45,0.68,-1.16
2025-08-13T21:49:00.000,1.32,302.96,0.72,-1.11
2025-08-13T21:50:00.000,1.27,304.41,0.72,-1.05
2025-08-13T21:51:00.000,1.17,308.01,0.72,-0.92
2025-08-13T21:52:00.000,1.11,311.27,0.73,-0.83
2025-08-13T21:53:00.000,1.04,313.58,0.72,-0.76
2025-08-13T21:54:00.000,0.97,320.51,0.75,-0.62
2025-08-13T21:55:00.000,0.81,324.43,0.66,-0.47
2025-08-13T21:56:00.000,0.80,320.33,0.61,-0.51
2025-08-13T21:57:00.000,0.81,325.61,0.67,-0.46
2025-08-13T21:58:00.000,0.88,324.54,0.72,-0.51
2025-08-13T21:59:00.000,0.79,320.29,0.61,-0.51
2025-08-13T22:00:00.000,0.76,322.75,0.61,-0.46
2025-08-13T22:01:00.000,0.73,319.85,0.56,-0.47
2025-08-13T22:02:00.000,0.74,325.42,0.61,-0.42
2025-08-13T22:03:00.000,0.79,324.43,0.65,-0.46
2025-08-13T22:04:00.000,0.75,333.10,0.67,-0.34
2025-08-13T22:05:00.000,0.76,327.71,0.64,-0.41
2025-08-13T22:06:00.000,0.82,330.00,0.71,-0.41
2025-08-13T22:07:00.000,0.79,327.78,0.67,-0.42
2025-08-13T22:08:00.000,0.83,325.89,0.68,-0.46
2025-08-13T22:09:00.000,0.77,326.53,0.64,-0.42
2025-08-13T22:10:00.000,0.86,325.91,0.71,-0.48
2025-08-13T22:11:00.000,0.84,325.24,0.69,-0.48
2025-08-13T22:12:00.000,0.93,326.62,0.78,-0.51
2025-08-13T22:13:00.000,0.86,327.75,0.73,-0.46
2025-08-13T22:14:00.000,0.80,328.64,0.68,-0.42
2025-08-13T22:15:00.000,0.88,334.84,0.80,-0.37
2025-08-13T22:16:00.000,0.87,333.19,0.77,-0.39
2025-08-13T22:17:00.000,0.85,333.59,0.76,-0.38
2025-08-13T22:18:00.000,0.82,333.86,0.74,-0.36
2025-08-13T22:19:00.000,0.81,335.10,0.73,-0.34
2025-08-13T22:20:00.000,0.80,331.16,0.70,-0.39
2025-08-13T22:21:00.000,0.77,330.52,0.67,-0.38
2025-08-13T22:22:00.000,0.81,330.36,0.70,-0.40
2025-08-13T22:23:00.000,0.78,332.38,0.69,-0.36
2025-08-13T22:24:00.000,0.77,333.94,0.69,-0.34
2025-08-13T22:25:00.000,0.77,336.62,0.71,-0.31
2025-08-13T22:26:00.000,0.76,335.91,0.70,-0.31
2025-08-13T22:27:00.000,0.79,336.27,0.72,-0.32
2025-08-13T22:28:00.000,0.79,335.77,0.72,-0.32
2025-08-13T22:29:00.000,0.78,333.36,0.70,-0.35
2025-08-13T22:30:00.000,0.80,333.76,0.71,-0.35
2025-08-13T22:31:00.000,0.82,330.61,0.72,-0.40
2025-08-13T22:32:00.000,0.77,334.10,0.70,-0.34
2025-08-13T22:33:00.000,0.75,334.74,0.67,-0.32
2025-08-13T22:34:00.000,0.71,336.88,0.65,-0.28
2025-08-13T22:35:00.000,0.71,338.33,0.66,-0.26
2025-08-13T22:36:00.000,0.71,337.39,0.65,-0.27
2025-08-13T22:37:00.000,0.71,340.39,0.67,-0.24
2025-08-13T22:38:00.000,0.71,339.12,0.66,-0.25
2025-08-13T22:39:00.000,0.69,340.67,0.66,-0.23
2025-08-13T22:40:00.000,0.66,346.13,0.64,-0.16
2025-08-13T22:41:00.000,0.65,346.21,0.64,-0.16
2025-08-13T22:42:00.000,0.67,345.82,0.65,-0.16
2025-08-13T22:43:00.000,0.68,343.54,0.65,-0.19
2025-08-13T22:44:00.000,0.66,346.91,0.64,-0.15
2025-08-13T22:45:00.000,0.68,346.13,0.66,-0.16
2025-08-13T22:46:00.000,0.69,345.50,0.67,-0.17
2025-08-13T22:47:00.000,0.71,346.88,0.69,-0.16
2025-08-13T22:48:00.000,0.71,345.93,0.69,-0.17
2025-08-13T22:49:00.000,0.72,347.09,0.70,-0.16
2025-08-13T22:50:00.000,0.72,346.97,0.70,-0.16
2025-08-13T22:51:00.000,0.69,345.84,0.67,-0.17
2025-08-13T22:52:00.000,0.71,343.74,0.68,-0.20
2025-08-13T22:53:00.000,0.69,341.78,0.66,-0.22
2025-08-13T22:54:00.000,0.70,339.76,0.66,-0.24
2025-08-13T22:55:00.000,0.68,338.45,0.64,-0.25
2025-08-13T22:56:00.000,0.69,339.99,0.65,-0.24
2025-08-13T22:57:00.000,0.68,339.18,0.63,-0.24
2025-08-13T22:58:00.000,0.68,340.80,0.64,-0.22
2025-08-13T22:59:00.000,0.69,341.17,0.65,-0.22
2025-08-13T23:00:00.000,0.68,342.24,0.65,-0.21
2025-08-13T23:01:00.000,0.69,342.64,0.66,-0.21
2025-08-13T23:02:00.000,0.69,344.39,0.67,-0.19
2025-08-13T23:03:00.000,0.69,340.24,0.65,-0.23
2025-08-13T23:04:00.000,0.68,341.34,0.65,-0.22
2025-08-13T23:05:00.000,0.66,341.82,0.63,-0.21
2025-08-13T23:06:00.000,0.68,341.98,0.65,-0.21
2025-08-13T23:07:00.000,0.69,339.07,0.64,-0.25
2025-08-13T23:08:00.000,0.70,341.19,0.67,-0.23
2025-08-13T23:09:00.000,0.74,342.27,0.70,-0.23
2025-08-13T23:10:00.000,0.74,343.88,0.71,-0.21
2025-08-13T23:11:00.000,0.73,343.24,0.70,-0.21
2025-08-13T23:12:00.000,0.76,337.88,0.71,-0.29
2025-08-13T23:13:00.000,0.77,335.15,0.70,-0.32
2025-08-13T23:14:00.000,0.80,323.72,0.65,-0.47
2025-08-13T23:15:00.000,0.73,333.03,0.65,-0.33
2025-08-13T23:16:00.000,0.74,328.92,0.64,-0.38
2025-08-13T23:17:00.000,0.87,321.25,0.68,-0.54
2025-08-13T23:18:00.000,0.83,321.36,0.65,-0.52
2025-08-13T23:19:00.000,1.02,322.71,0.81,-0.62
2025-08-13T23:20:00.000,0.98,323.50,0.79,-0.59
2025-08-13T23:21:00.000,1.22,317.49,0.90,-0.82
2025-08-13T23:22:00.000,1.14,321.85,0.89,-0.70
2025-08-13T23:23:00.000,1.10,327.96,0.93,-0.58
2025-08-13T23:24:00.000,1.21,323.02,0.96,-0.73
2025-08-13T23:25:00.000,1.19,325.11,0.97,-0.68
2025-08-13T23:26:00.000,1.37,325.54,1.13,-0.78
2025-08-13T23:27:00.000,1.26,322.76,1.00,-0.76
2025-08-13T23:28:00.000,1.26,320.63,0.97,-0.80
2025-08-13T23:29:00.000,1.48,324.29,1.21,-0.87
2025-08-13T23:30:00.000,1.35,328.67,1.15,-0.70
2025-08-13T23:31:00.000,1.45,326.20,1.20,-0.80
2025-08-13T23:32:00.000,1.23,329.52,1.06,-0.62
2025-08-13T23:33:00.000,1.14,332.75,1.02,-0.52
2025-08-13T23:34:00.000,1.27,327.57,1.07,-0.68
2025-08-13T23:35:00.000,1.17,327.27,0.99,-0.63
2025-08-13T23:36:00.000,1.25,325.80,1.03,-0.70
2025-08-13T23:37:00.000,1.15,326.80,0.96,-0.63
2025-08-13T23:38:00.000,1.07,329.53,0.92,-0.54
2025-08-13T23:39:00.000,1.14,327.30,0.96,-0.62
2025-08-13T23:40:00.000,1.29,324.64,1.05,-0.75
2025-08-13T23:41:00.000,1.12,324.31,0.91,-0.65
2025-08-13T23:42:00.000,1.14,326.40,0.95,-0.63
2025-08-13T23:43:00.000,1.05,327.25,0.89,-0.57
2025-08-13T23:44:00.000,1.04,328.48,0.88,-0.54
2025-08-13T23:45:00.000,0.98,329.78,0.85,-0.50
2025-08-13T23:46:00.000,0.98,329.62,0.84,-0.49
2025-08-13T23:47:00.000,0.99,329.87,0.86,-0.50
2025-08-13T23:48:00.000,1.00,328.08,0.85,-0.53
2025-08-13T23:49:00.000,1.03,322.70,0.82,-0.63
2025-08-13T23:50:00.000,1.03,320.49,0.80,-0.66
2025-08-13T23:51:00.000,0.99,320.39,0.76,-0.63
2025-08-13T23:52:00.000,0.93,321.02,0.72,-0.58
2025-08-13T23:53:00.000,0.94,322.47,0.75,-0.57
2025-08-13T23:54:00.000,0.94,326.01,0.78,-0.53
2025-08-13T23:55:00.000,0.92,328.86,0.79,-0.48
2025-08-13T23:56:00.000,0.94,327.79,0.80,-0.50
2025-08-13T23:57:00.000,0.96,327.30,0.81,-0.52
2025-08-13T23:58:00.000,0.95,328.39,0.81,-0.50
2025-08-13T23:59:00.000,0.95,326.69,0.79,-0.52
2025-08-14T00:00:00.000,0.95,326.15,0.79,-0.53
2025-08-14T00:01:00.000,0.98,325.73,0.81,-0.55
2025-08-14T00:02:00.000,0.94,325.62,0.78,-0.53
2025-08-14T00:03:00.000,0.94,328.47,0.80,-0.49
2025-08-14T00:04:00.000,0.95,329.06,0.82,-0.49
2025-08-14T00:05:00.000,0.97,333.17,0.86,-0.44
2025-08-14T00:06:00.000,0.93,330.81,0.81,-0.45
2025-08-14T00:07:00.000,0.95,333.43,0.85,-0.43
2025-08-14T00:08:00.000,0.96,332.64,0.85,-0.44
2025-08-14T00:09:00.000,0.94,333.23,0.84,-0.42
2025-08-14T00:10:00.000,0.97,331.71,0.85,-0.46
2025-08-14T00:11:00.000,0.98,328.48,0.83,-0.51
2025-08-14T00:12:00.000,0.95,326.36,0.79,-0.53
2025-08-14T00:13:00.000,0.95,324.01,0.77,-0.56
2025-08-14T00:14:00.000,0.95,322.47,0.76,-0.58
2025-08-14T00:15:00.000,0.93,325.19,0.76,-0.53
2025-08-14T00:16:00.000,0.89,328.24,0.76,-0.47
2025-08-14T00:17:00.000,0.86,330.35,0.74,-0.42
2025-08-14T00:18:00.000,0.90,332.30,0.80,-0.42
2025-08-14T00:19:00.000,0.88,334.62,0.80,-0.38
2025-08-14T00:20:00.000,0.85,336.50,0.78,-0.34
2025-08-14T00:21:00.000,0.88,335.93,0.80,-0.36
2025-08-14T00:22:00.000,0.87,334.88,0.79,-0.37
2025-08-14T00:23:00.000,0.90,334.46,0.81,-0.39
2025-08-14T00:24:00.000,0.89,332.79,0.80,-0.41
2025-08-14T00:25:00.000,0.89,332.99,0.80,-0.41
2025-08-14T00:26:00.000,0.90,332.73,0.80,-0.41
2025-08-14T00:27:00.000,0.84,333.96,0.75,-0.37
2025-08-14T00:28:00.000,0.88,333.12,0.79,-0.40
2025-08-14T00:29:00.000,0.86,333.48,0.77,-0.38
2025-08-14T00:30:00.000,0.88,333.42,0.79,-0.39
2025-08-14T00:31:00.000,0.82,333.55,0.73,-0.36
2025-08-14T00:32:00.000,0.89,331.52,0.78,-0.42
2025-08-14T00:33:00.000,0.90,329.11,0.78,-0.46
2025-08-14T00:34:00.000,0.88,326.90,0.74,-0.48
2025-08-14T00:35:00.000,0.94,324.23,0.76,-0.55
2025-08-14T00:36:00.000,0.89,322.54,0.71,-0.54
2025-08-14T00:37:00.000,0.88,321.99,0.69,-0.54
2025-08-14T00:38:00.000,0.86,323.23,0.69,-0.52
2025-08-14T00:39:00.000,0.87,325.68,0.72,-0.49
2025-08-14T00:40:00.000,0.85,328.53,0.73,-0.44
2025-08-14T00:41:00.000,0.85,331.07,0.74,-0.41
2025-08-14T00:42:00.000,0.88,332.23,0.78,-0.41
2025-08-14T00:43:00.000,0.85,333.27,0.76,-0.38
2025-08-14T00:44:00.000,0.80,334.37,0.72,-0.35
2025-08-14T00:45:00.000,0.79,332.60,0.70,-0.36
2025-08-14T00:46:00.000,0.78,329.84,0.67,-0.39
2025-08-14T00:47:00.000,0.80,329.87,0.70,-0.40
2025-08-14T00:48:00.000,0.81,326.83,0.68,-0.44
2025-08-14T00:49:00.000,0.80,326.76,0.67,-0.44
2025-08-14T00:50:00.000,0.81,325.86,0.67,-0.45
2025-08-14T00:51:00.000,0.79,325.43,0.65,-0.45
2025-08-14T00:52:00.000,0.79,326.48,0.66,-0.44
2025-08-14T00:53:00.000,0.80,328.04,0.67,-0.42
2025-08-14T00:54:00.000,0.80,329.03,0.68,-0.41
2025-08-14T00:55:00.000,0.78,329.92,0.68,-0.39
2025-08-14T00:56:00.000,0.80,330.22,0.69,-0.40
2025-08-14T00:57:00.000,0.78,330.41,0.68,-0.38
2025-08-14T00:58:00.000,0.78,329.33,0.67,-0.40
2025-08-14T00:59:00.000,0.80,326.97,0.67,-0.43
2025-08-14T01:00:00.000,0.78,328.13,0.66,-0.41
2025-08-14T01:01:00.000,0.78,327.16,0.65,-0.42
2025-08-14T01:02:00.000,0.77,328.19,0.65,-0.40
2025-08-14T01:03:00.000,0.76,329.56,0.66,-0.39
2025-08-14T01:04:00.000,0.76,332.14,0.67,-0.35
2025-08-14T01:05:00.000,0.76,334.10,0.68,-0.33
2025-08-14T01:06:00.000,0.75,335.50,0.68,-0.31
2025-08-14T01:07:00.000,0.75,337.22,0.70,-0.29
2025-08-14T01:08:00.000,0.75,337.12,0.69,-0.29
2025-08-14T01:09:00.000,0.75,336.98,0.69,-0.29
2025-08-14T01:10:00.000,0.75,336.31,0.68,-0.30
2025-08-14T01:11:00.000,0.75,334.91,0.68,-0.32
2025-08-14T01:12:00.000,0.78,338.01,0.72,-0.29
2025-08-14T01:13:00.000,0.68,334.27,0.61,-0.29
2025-08-14T01:14:00.000,0.70,327.90,0.59,-0.37
2025-08-14T01:15:00.000,0.74,318.00,0.55,-0.49
2025-08-14T01:16:00.000,0.73,326.94,0.61,-0.40
2025-08-14T01:17:00.000,0.71,321.28,0.55,-0.44
2025-08-14T01:18:00.000,0.73,320.88,0.57,-0.46
2025-08-14T01:19:00.000,0.67,318.34,0.50,-0.45
2025-08-14T01:20:00.000,0.57,320.68,0.44,-0.36
2025-08-14T01:21:00.000,0.52,327.81,0.44,-0.28
2025-08-14T01:22:00.000,0.52,330.11,0.45,-0.26
2025-08-14T01:23:00.000,0.53,338.96,0.50,-0.19
2025-08-14T01:24:00.000,0.53,333.02,0.47,-0.24
2025-08-14T01:25:00.000,0.53,333.77,0.47,-0.23
2025-08-14T01:26:00.000,0.53,334.76,0.48,-0.22
2025-08-14T01:27:00.000,0.52,336.28,0.47,-0.21
2025-08-14T01:28:00.000,0.45,337.82,0.42,-0.17
2025-08-14T01:29:00.000,0.60,357.98,0.60,-0.02
2025-08-14T01:30:00.000,0.57,357.42,0.57,-0.03
2025-08-14T01:31:00.000,0.57,354.95,0.56,-0.05
2025-08-14T01:32:00.000,0.77,3.25,0.77,0.04
2025-08-14T01:33:00.000,0.60,351.45,0.59,-0.09
2025-08-14T01:34:00.000,0.60,350.26,0.59,-0.10
2025-08-14T01:35:00.000,0.60,349.75,0.59,-0.11
2025-08-14T01:36:00.000,0.51,355.47,0.51,-0.04
2025-08-14T01:37:00.000,0.60,347.63,0.59,-0.13
2025-08-14T01:38:00.000,0.60,347.82,0.59,-0.13
2025-08-14T01:39:00.000,0.61,347.78,0.59,-0.13
2025-08-14T01:40:00.000,0.64,351.13,0.63,-0.10
2025-08-14T01:41:00.000,0.62,349.01,0.61,-0.12
2025-08-14T01:42:00.000,0.61,349.02,0.60,-0.12
2025-08-14T01:43:00.000,0.61,349.21,0.60,-0.11
2025-08-14T01:44:00.000,0.60,346.92,0.58,-0.14
2025-08-14T01:45:00.000,0.61,350.61,0.60,-0.10
2025-08-14T01:46:00.000,0.59,351.13,0.59,-0.09
2025-08-14T01:47:00.000,0.60,351.18,0.59,-0.09
2025-08-14T01:48:00.000,0.74,352.19,0.73,-0.10
2025-08-14T01:49:00.000,0.65,357.95,0.65,-0.02
2025-08-14T01:50:00.000,0.63,353.67,0.63,-0.07
2025-08-14T01:51:00.000,0.64,353.25,0.64,-0.08
2025-08-14T01:52:00.000,0.64,353.83,0.63,-0.07
2025-08-14T01:53:00.000,0.69,357.04,0.69,-0.04
2025-08-14T01:54:00.000,0.65,353.87,0.65,-0.07
2025-08-14T01:55:00.000,0.66,358.28,0.66,-0.02
2025-08-14T01:56:00.000,0.73,8.10,0.72,0.10
2025-08-14T01:57:00.000,0.64,359.82,0.64,-0.00
2025-08-14T01:58:00.000,0.60,355.55,0.60,-0.05
2025-08-14T01:59:00.000,0.61,349.38,0.60,-0.11
2025-08-14T02:00:00.000,0.50,341.80,0.47,-0.15
2025-08-14T02:01:00.000,0.51,338.12,0.47,-0.19
2025-08-14T02:02:00.000,0.55,336.66,0.50,-0.22
2025-08-14T02:03:00.000,0.55,337.14,0.50,-0.21
2025-08-14T02:04:00.000,0.55,339.64,0.52,-0.19
2025-08-14T02:05:00.000,0.56,342.19,0.53,-0.17
2025-08-14T02:06:00.000,0.63,342.85,0.60,-0.19
2025-08-14T02:07:00.000,0.59,345.27,0.57,-0.15
2025-08-14T02:08:00.000,0.59,344.64,0.57,-0.16
2025-08-14T02:09:00.000,0.60,344.79,0.58,-0.16
2025-08-14T02:10:00.000,0.59,344.14,0.57,-0.16
2025-08-14T02:11:00.000,0.62,346.63,0.60,-0.14
2025-08-14T02:12:00.000,0.60,345.56,0.58,-0.15
2025-08-14T02:13:00.000,0.60,344.96,0.58,-0.16
2025-08-14T02:14:00.000,0.60,343.20,0.57,-0.17
2025-08-14T02:15:00.000,0.60,342.18,0.57,-0.18
2025-08-14T02:16:00.000,0.61,342.42,0.58,-0.18
2025-08-14T02:17:00.000,0.61,343.79,0.59,-0.17
2025-08-14T02:18:00.000,0.61,345.09,0.59,-0.16
2025-08-14T02:19:00.000,0.62,345.74,0.60,-0.15
2025-08-14T02:20:00.000,0.61,345.63,0.60,-0.15
2025-08-14T02:21:00.000,0.63,344.10,0.60,-0.17
2025-08-14T02:22:00.000,0.63,342.55,0.60,-0.19
2025-08-14T02:23:00.000,0.63,341.43,0.59,-0.20
2025-08-14T02:24:00.000,0.63,339.69,0.59,-0.22
2025-08-14T02:25:00.000,0.64,336.13,0.58,-0.26
2025-08-14T02:26:00.000,0.64,336.70,0.59,-0.25
2025-08-14T02:27:00.000,0.63,338.86,0.59,-0.23
2025-08-14T02:28:00.000,0.64,340.51,0.60,-0.21
2025-08-14T02:29:00.000,0.64,343.50,0.61,-0.18
2025-08-14T02:30:00.000,0.63,345.56,0.61,-0.16
2025-08-14T02:31:00.000,0.64,345.48,0.62,-0.16
2025-08-14T02:32:00.000,0.63,346.88,0.62,-0.14
2025-08-14T02:33:00.000,0.63,347.77,0.62,-0.13
2025-08-14T02:34:00.000,0.64,349.41,0.63,-0.12
2025-08-14T02:35:00.000,0.64,351.07,0.64,-0.10
2025-08-14T02:36:00.000,0.64,350.49,0.63,-0.11
2025-08-14T02:37:00.000,0.60,354.39,0.60,-0.06
2025-08-14T02:38:00.000,0.64,358.56,0.64,-0.02
2025-08-14T02:39:00.000,0.62,355.65,0.62,-0.05
2025-08-14T02:40:00.000,0.65,355.54,0.64,-0.05
2025-08-14T02:41:00.000,0.63,356.40,0.63,-0.04
2025-08-14T02:42:00.000,0.63,358.25,0.63,-0.02
2025-08-14T02:43:00.000,0.62,358.15,0.62,-0.02
2025-08-14T02:44:00.000,0.65,359.88,0.65,-0.00
2025-08-14T02:45:00.000,0.66,359.68,0.66,-0.00
2025-08-14T02:46:00.000,0.66,3.03,0.66,0.03
2025-08-14T02:47:00.000,0.61,358.83,0.61,-0.01
2025-08-14T02:48:00.000,0.60,355.92,0.60,-0.04
2025-08-14T02:49:00.000,0.58,355.95,0.58,-0.04
2025-08-14T02:50:00.000,0.59,356.01,0.59,-0.04
2025-08-14T02:51:00.000,0.60,355.88,0.60,-0.04
2025-08-14T02:52:00.000,0.62,357.23,0.62,-0.03
2025-08-14T02:53:00.000,0.61,357.37,0.61,-0.03
2025-08-14T02:54:00.000,0.60,357.06,0.60,-0.03
2025-08-14T02:55:00.000,0.59,356.82,0.59,-0.03
2025-08-14T02:56:00.000,0.60,354.14,0.59,-0.06
2025-08-14T02:57:00.000,0.60,353.25,0.59,-0.07
2025-08-14T02:58:00.000,0.61,352.55,0.60,-0.08
2025-08-14T02:59:00.000,0.60,352.90,0.60,-0.07
2025-08-14T03:00:00.000,0.61,351.87,0.60,-0.09
2025-08-14T03:01:00.000,0.59,351.85,0.58,-0.08
2025-08-14T03:02:00.000,0.60,348.74,0.59,-0.12
2025-08-14T03:03:00.000,0.58,347.13,0.57,-0.13
2025-08-14T03:04:00.000,0.58,345.01,0.56,-0.15
2025-08-14T03:05:00.000,0.58,343.06,0.55,-0.17
2025-08-14T03:06:00.000,0.59,339.46,0.55,-0.21
2025-08-14T03:07:00.000,0.58,339.21,0.54,-0.21
2025-08-14T03:08:00.000,0.59,338.52,0.55,-0.22
2025-08-14T03:09:00.000,0.60,337.33,0.55,-0.23
2025-08-14T03:10:00.000,0.59,337.35,0.55,-0.23
2025-08-14T03:11:00.000,0.62,336.65,0.57,-0.25
2025-08-14T03:12:00.000,0.63,333.39,0.56,-0.28
2025-08-14T03:13:00.000,0.65,330.67,0.56,-0.32
2025-08-14T03:14:00.000,0.63,329.09,0.54,-0.32
2025-08-14T03:15:00.000,0.63,332.75,0.56,-0.29
2025-08-14T03:16:00.000,0.63,336.21,0.57,-0.25
2025-08-14T03:17:00.000,0.62,340.05,0.58,-0.21
2025-08-14T03:18:00.000,0.61,344.24,0.59,-0.17
2025-08-14T03:19:00.000,0.62,346.50,0.60,-0.14
2025-08-14T03:20:00.000,0.61,347.04,0.60,-0.14
2025-08-14T03:21:00.000,0.63,348.43,0.62,-0.13
2025-08-14T03:22:00.000,0.63,350.98,0.63,-0.10
2025-08-14T03:23:00.000,0.63,352.83,0.62,-0.08
2025-08-14T03:24:00.000,0.62,352.46,0.62,-0.08
2025-08-14T03:25:00.000,0.63,352.22,0.62,-0.09
2025-08-14T03:26:00.000,0.62,352.60,0.61,-0.08
2025-08-14T03:27:00.000,0.52,346.90,0.50,-0.12
2025-08-14T03:28:00.000,0.57,348.44,0.56,-0.11
2025-08-14T03:29:00.000,0.56,348.36,0.55,-0.11
2025-08-14T03:30:00.000,0.57,347.42,0.55,-0.12
2025-08-14T03:31:00.000,0.56,347.97,0.55,-0.12
2025-08-14T03:32:00.000,0.58,348.69,0.57,-0.11
2025-08-14T03:33:00.000,0.57,350.08,0.56,-0.10
2025-08-14T03:34:00.000,0.58,350.03,0.57,-0.10
2025-08-14T03:35:00.000,0.58,350.47,0.57,-0.10
2025-08-14T03:36:00.000,0.55,353.24,0.54,-0.06
2025-08-14T03:37:00.000,0.51,341.61,0.48,-0.16
2025-08-14T03:38:00.000,0.59,352.31,0.58,-0.08
2025-08-14T03:39:00.000,0.59,352.57,0.58,-0.08
2025-08-14T03:40:00.000,0.60,352.21,0.59,-0.08
2025-08-14T03:41:00.000,0.64,350.01,0.63,-0.11
2025-08-14T03:42:00.000,0.56,348.62,0.55,-0.11
2025-08-14T03:43:00.000,0.51,350.27,0.51,-0.09
2025-08-14T03:44:00.000,0.52,350.17,0.51,-0.09
2025-08-14T03:45:00.000,0.52,351.67,0.51,-0.07
2025-08-14T03:46:00.000,0.51,351.45,0.50,-0.08
2025-08-14T03:47:00.000,0.52,351.16,0.51,-0.08
2025-08-14T03:48:00.000,0.51,346.90,0.50,-0.12
2025-08-14T03:49:00.000,0.50,348.55,0.49,-0.10
2025-08-14T03:50:00.000,0.48,344.27,0.46,-0.13
2025-08-14T03:51:00.000,0.50,343.30,0.48,-0.14
2025-08-14T03:52:00.000,0.49,340.10,0.46,-0.17
2025-08-14T03:53:00.000,0.50,339.30,0.46,-0.18
2025-08-14T03:54:00.000,0.50,338.00,0.47,-0.19
2025-08-14T03:55:00.000,0.51,340.61,0.49,-0.17
2025-08-14T03:56:00.000,0.52,342.82,0.50,-0.15
2025-08-14T03:57:00.000,0.51,343.71,0.49,-0.14
2025-08-14T03:58:00.000,0.51,344.63,0.49,-0.14
2025-08-14T03:59:00.000,0.51,345.05,0.50,-0.13
2025-08-14T04:00:00.000,0.51,344.94,0.50,-0.13
2025-08-14T04:01:00.000,0.51,344.39,0.49,-0.14
2025-08-14T04:02:00.000,0.52,343.08,0.50,-0.15
2025-08-14T04:03:00.000,0.53,343.39,0.51,-0.15
2025-08-14T04:04:00.000,0.52,344.15,0.50,-0.14
2025-08-14T04:05:00.000,0.52,345.23,0.51,-0.13
2025-08-14T04:06:00.000,0.52,344.84,0.50,-0.14
2025-08-14T04:07:00.000,0.41,349.00,0.40,-0.08
2025-08-14T04:08:00.000,0.51,351.72,0.50,-0.07
2025-08-14T04:09:00.000,0.50,350.89,0.49,-0.08
2025-08-14T04:10:00.000,0.50,351.81,0.50,-0.07
2025-08-14T04:11:00.000,0.50,351.35,0.49,-0.07
2025-08-14T04:12:00.000,0.49,350.74,0.49,-0.08
2025-08-14T04:13:00.000,0.49,349.81,0.48,-0.09
2025-08-14T04:14:00.000,0.49,349.04,0.48,-0.09
2025-08-14T04:15:00.000,0.48,345.83,0.47,-0.12
2025-08-14T04:16:00.000,0.47,343.66,0.45,-0.13
2025-08-14T04:17:00.000,0.49,346.41,0.47,-0.11
2025-08-14T04:18:00.000,0.50,349.15,0.49,-0.09
2025-08-14T04:19:00.000,0.51,351.22,0.51,-0.08
2025-08-14T04:20:00.000,0.57,351.56,0.57,-0.08
2025-08-14T04:21:00.000,0.61,349.94,0.60,-0.11
2025-08-14T04:22:00.000,0.64,356.94,0.64,-0.03
2025-08-14T04:23:00.000,0.62,357.18,0.62,-0.03
2025-08-14T04:24:00.000,0.59,358.13,0.59,-0.02
2025-08-14T04:25:00.000,0.59,358.29,0.59,-0.02
2025-08-14T04:26:00.000,0.59,357.40,0.59,-0.03
2025-08-14T04:27:00.000,0.59,357.41,0.59,-0.03
2025-08-14T04:28:00.000,0.60,9.42,0.59,0.10
2025-08-14T04:29:00.000,0.54,348.71,0.53,-0.11
2025-08-14T04:30:00.000,0.62,0.87,0.62,0.01
2025-08-14T04:31:00.000,0.64,2.52,0.63,0.03
2025-08-14T04:32:00.000,0.64,4.87,0.63,0.05
2025-08-14T04:33:00.000,0.71,20.40,0.66,0.25
2025-08-14T04:34:00.000,0.63,14.62,0.61,0.16
2025-08-14T04:35:00.000,0.63,15.72,0.61,0.17
2025-08-14T04:36:00.000,0.61,10.92,0.60,0.12
2025-08-14T04:37:00.000,0.60,3.70,0.60,0.04
2025-08-14T04:38:00.000,0.61,0.54,0.61,0.01
2025-08-14T04:39:00.000,0.61,359.45,0.61,-0.01
2025-08-14T04:40:00.000,0.67,357.78,0.67,-0.03
2025-08-14T04:41:00.000,0.60,355.48,0.60,-0.05
2025-08-14T04:42:00.000,0.60,355.57,0.60,-0.05
2025-08-14T04:43:00.000,0.59,358.56,0.59,-0.01
2025-08-14T04:44:00.000,0.59,359.34,0.59,-0.01
2025-08-14T04:45:00.000,0.66,3.30,0.66,0.04
2025-08-14T04:46:00.000,0.67,9.40,0.66,0.11
2025-08-14T04:47:00.000,0.67,4.82,0.66,0.06
2025-08-14T04:48:00.000,0.63,359.89,0.63,-0.00
2025-08-14T04:49:00.000,0.61,359.86,0.61,-0.00
2025-08-14T04:50:00.000,0.63,357.21,0.63,-0.03
2025-08-14T04:51:00.000,0.66,359.14,0.66,-0.01
2025-08-14T04:52:00.000,0.62,356.72,0.62,-0.04
2025-08-14T04:53:00.000,0.61,356.44,0.61,-0.04
2025-08-14T04:54:00.000,0.61,356.81,0.61,-0.03
2025-08-14T04:55:00.000,0.61,358.09,0.60,-0.02
2025-08-14T04:56:00.000,0.62,358.37,0.62,-0.02
2025-08-14T04:57:00.000,0.61,0.14,0.61,0.00
2025-08-14T04:58:00.000,0.63,2.10,0.63,0.02
2025-08-14T04:59:00.000,0.62,5.29,0.62,0.06
2025-08-14T05:00:00.000,0.64,5.77,0.63,0.06
2025-08-14T05:01:00.000,0.63,3.35,0.63,0.04
2025-08-14T05:02:00.000,0.62,4.36,0.62,0.05
2025-08-14T05:03:00.000,0.62,1.86,0.62,0.02
2025-08-14T05:04:00.000,0.61,358.53,0.61,-0.02
2025-08-14T05:05:00.000,0.60,357.27,0.60,-0.03
2025-08-14T05:06:00.000,0.61,358.23,0.61,-0.02
2025-08-14T05:07:00.000,0.60,357.37,0.60,-0.03
2025-08-14T05:08:00.000,0.61,358.11,0.61,-0.02
2025-08-14T05:09:00.000,0.61,358.28,0.61,-0.02
2025-08-14T05:10:00.000,0.62,0.09,0.62,0.00
2025-08-14T05:11:00.000,0.62,0.19,0.62,0.00
2025-08-14T05:12:00.000,0.62,0.26,0.62,0.00
2025-08-14T05:13:00.000,0.62,359.55,0.62,-0.00
2025-08-14T05:14:00.000,0.62,358.40,0.62,-0.02
2025-08-14T05:15:00.000,0.61,357.89,0.61,-0.02
2025-08-14T05:16:00.000,0.61,357.41,0.61,-0.03
2025-08-14T05:17:00.000,0.61,357.43,0.60,-0.03
2025-08-14T05:18:00.000,0.66,0.19,0.66,0.00
2025-08-14T05:19:00.000,0.54,346.31,0.52,-0.13
2025-08-14T05:20:00.000,0.54,347.36,0.53,-0.12
2025-08-14T05:21:00.000,0.53,349.10,0.52,-0.10
2025-08-14T05:22:00.000,0.54,350.03,0.53,-0.09
2025-08-14T05:23:00.000,0.55,356.81,0.55,-0.03
2025-08-14T05:24:00.000,0.55,357.46,0.55,-0.02
2025-08-14T05:25:00.000,0.56,355.57,0.56,-0.04
2025-08-14T05:26:00.000,0.56,354.71,0.56,-0.05
2025-08-14T05:27:00.000,0.55,356.15,0.55,-0.04
2025-08-14T05:28:00.000,0.55,355.71,0.55,-0.04
2025-08-14T05:29:00.000,0.54,354.94,0.54,-0.05
2025-08-14T05:30:00.000,0.55,352.88,0.54,-0.07
2025-08-14T05:31:00.000,0.54,349.35,0.53,-0.10
2025-08-14T05:32:00.000,0.55,352.21,0.54,-0.07
2025-08-14T05:33:00.000,0.54,350.63,0.54,-0.09
2025-08-14T05:34:00.000,0.43,32.87,0.36,0.23
2025-08-14T05:35:00.000,0.55,23.35,0.51,0.22
2025-08-14T05:36:00.000,0.55,15.75,0.53,0.15
2025-08-14T05:37:00.000,0.55,12.75,0.53,0.12
2025-08-14T05:38:00.000,0.55,13.80,0.53,0.13
2025-08-14T05:39:00.000,0.54,12.59,0.52,0.12
2025-08-14T05:40:00.000,0.53,11.83,0.52,0.11
2025-08-14T05:41:00.000,0.53,11.06,0.52,0.10
2025-08-14T05:42:00.000,0.53,9.25,0.52,0.08
2025-08-14T05:43:00.000,0.50,5.75,0.50,0.05
2025-08-14T05:44:00.000,0.50,8.09,0.50,0.07
2025-08-14T05:45:00.000,0.49,7.72,0.49,0.07
2025-08-14T05:46:00.000,0.51,8.82,0.50,0.08
2025-08-14T05:47:00.000,0.52,10.93,0.51,0.10
2025-08-14T05:48:00.000,0.54,11.85,0.53,0.11
2025-08-14T05:49:00.000,0.53,12.41,0.52,0.11
2025-08-14T05:50:00.000,0.54,12.96,0.53,0.12
2025-08-14T05:51:00.000,0.55,11.24,0.54,0.11
2025-08-14T05:52:00.000,0.54,10.93,0.53,0.10
2025-08-14T05:53:00.000,0.53,10.44,0.52,0.10
2025-08-14T05:54:00.000,0.53,9.90,0.52,0.09
2025-08-14T05:55:00.000,0.54,10.16,0.53,0.09
2025-08-14T05:56:00.000,0.52,10.39,0.51,0.09
2025-08-14T05:57:00.000,0.53,11.31,0.52,0.10
2025-08-14T05:58:00.000,0.52,10.66,0.52,0.10
2025-08-14T05:59:00.000,0.54,11.59,0.53,0.11
2025-08-14T06:00:00.000,0.54,11.79,0.53,0.11
2025-08-14T06:01:00.000,0.53,12.49,0.52,0.11
2025-08-14T06:02:00.000,0.53,13.70,0.51,0.12
2025-08-14T06:03:00.000,0.52,15.34,0.51,0.14
2025-08-14T06:04:00.000,0.52,12.31,0.51,0.11
2025-08-14T06:05:00.000,0.52,12.96,0.51,0.12
2025-08-14T06:06:00.000,0.53,11.00,0.52,0.10
2025-08-14T06:07:00.000,0.53,9.89,0.52,0.09
2025-08-14T06:08:00.000,0.54,11.42,0.53,0.11
2025-08-14T06:09:00.000,0.53,11.33,0.52,0.10
2025-08-14T06:10:00.000,0.56,13.91,0.55,0.14
2025-08-14T06:11:00.000,0.62,23.04,0.57,0.24
2025-08-14T06:12:00.000,0.60,24.49,0.54,0.25
2025-08-14T06:13:00.000,0.63,27.02,0.56,0.29
2025-08-14T06:14:00.000,0.69,30.99,0.59,0.36
2025-08-14T06:15:00.000,0.67,33.08,0.57,0.37
2025-08-14T06:16:00.000,0.69,32.51,0.58,0.37
2025-08-14T06:17:00.000,0.71,32.89,0.59,0.38
2025-08-14T06:18:00.000,0.70,32.22,0.59,0.37
2025-08-14T06:19:00.000,0.72,38.82,0.56,0.45
2025-08-14T06:20:00.000,0.70,39.25,0.54,0.44
2025-08-14T06:21:00.000,0.77,35.89,0.62,0.45
2025-08-14T06:22:00.000,0.75,32.97,0.63,0.41
2025-08-14T06:23:00.000,0.69,24.23,0.63,0.28
2025-08-14T06:24:00.000,0.67,29.70,0.58,0.33
2025-08-14T06:25:00.000,0.71,31.68,0.60,0.37
2025-08-14T06:26:00.000,0.64,25.83,0.58,0.28
2025-08-14T06:27:00.000,0.63,24.68,0.58,0.27
2025-08-14T06:28:00.000,0.63,21.85,0.59,0.24
2025-08-14T06:29:00.000,0.63,17.36,0.60,0.19
2025-08-14T06:30:00.000,0.60,15.24,0.58,0.16
2025-08-14T06:31:00.000,0.61,15.14,0.59,0.16
2025-08-14T06:32:00.000,0.60,15.95,0.58,0.17
2025-08-14T06:33:00.000,0.59,14.06,0.57,0.14
2025-08-14T06:34:00.000,0.59,14.57,0.57,0.15
2025-08-14T06:35:00.000,0.60,16.20,0.58,0.17
2025-08-14T06:36:00.000,0.60,15.67,0.58,0.16
2025-08-14T06:37:00.000,0.59,13.50,0.58,0.14
2025-08-14T06:38:00.000,0.59,13.70,0.57,0.14
2025-08-14T06:39:00.000,0.58,11.56,0.57,0.12
2025-08-14T06:40:00.000,0.57,9.81,0.56,0.10
2025-08-14T06:41:00.000,0.56,11.23,0.55,0.11
2025-08-14T06:42:00.000,0.56,10.93,0.55,0.11
2025-08-14T06:43:00.000,0.56,10.33,0.55,0.10
2025-08-14T06:44:00.000,0.56,10.12,0.55,0.10
2025-08-14T06:45:00.000,0.56,9.14,0.56,0.09
2025-08-14T06:46:00.000,0.54,11.29,0.53,0.11
2025-08-14T06:47:00.000,0.54,11.82,0.53,0.11
2025-08-14T06:48:00.000,0.55,11.13,0.54,0.11
2025-08-14T06:49:00.000,0.56,9.52,0.55,0.09
2025-08-14T06:50:00.000,0.56,10.21,0.55,0.10
2025-08-14T06:51:00.000,0.55,9.37,0.55,0.09
2025-08-14T06:52:00.000,0.53,7.55,0.52,0.07
2025-08-14T06:53:00.000,0.52,7.54,0.52,0.07
2025-08-14T06:54:00.000,0.55,8.20,0.54,0.08
2025-08-14T06:55:00.000,0.55,8.09,0.55,0.08
2025-08-14T06:56:00.000,0.56,9.67,0.55,0.09
2025-08-14T06:57:00.000,0.57,12.09,0.56,0.12
2025-08-14T06:58:00.000,0.59,15.30,0.57,0.16
2025-08-14T06:59:00.000,0.59,17.55,0.57,0.18
2025-08-14T07:00:00.000,0.59,14.40,0.57,0.15
2025-08-14T07:01:00.000,0.59,15.45,0.57,0.16
2025-08-14T07:02:00.000,0.56,12.01,0.55,0.12
2025-08-14T07:03:00.000,0.56,9.77,0.55,0.09
2025-08-14T07:04:00.000,0.57,12.82,0.56,0.13
2025-08-14T07:05:00.000,0.56,12.12,0.55,0.12
2025-08-14T07:06:00.000,0.57,13.27,0.56,0.13
2025-08-14T07:07:00.000,0.58,14.85,0.56,0.15
2025-08-14T07:08:00.000,0.59,14.78,0.57,0.15
2025-08-14T07:09:00.000,0.60,17.67,0.57,0.18
2025-08-14T07:10:00.000,0.61,19.71,0.58,0.21
2025-08-14T07:11:00.000,0.61,18.47,0.58,0.19
2025-08-14T07:12:00.000,0.61,19.50,0.58,0.20
2025-08-14T07:13:00.000,0.63,21.19,0.58,0.23
2025-08-14T07:14:00.000,0.60,15.51,0.58,0.16
2025-08-14T07:15:00.000,0.58,10.76,0.57,0.11
2025-08-14T07:16:00.000,0.59,15.83,0.57,0.16
2025-08-14T07:17:00.000,0.61,17.40,0.58,0.18
2025-08-14T07:18:00.000,0.63,19.05,0.60,0.21
2025-08-14T07:19:00.000,0.66,20.15,0.62,0.23
2025-08-14T07:20:00.000,0.68,23.62,0.62,0.27
2025-08-14T07:21:00.000,0.73,25.58,0.66,0.32
2025-08-14T07:22:00.000,0.65,19.35,0.62,0.22
2025-08-14T07:23:00.000,0.65,19.94,0.61,0.22
2025-08-14T07:24:00.000,0.64,18.58,0.61,0.20
2025-08-14T07:25:00.000,0.62,17.06,0.59,0.18
2025-08-14T07:26:00.000,0.39,19.40,0.37,0.13
2025-08-14T07:27:00.000,0.40,10.28,0.40,0.07
2025-08-14T07:28:00.000,0.40,10.14,0.40,0.07
2025-08-14T07:29:00.000,0.39,9.26,0.39,0.06
2025-08-14T07:30:00.000,0.40,8.26,0.39,0.06
2025-08-14T07:31:00.000,0.40,9.27,0.40,0.06
2025-08-14T07:32:00.000,0.39,10.05,0.39,0.07
2025-08-14T07:33:00.000,0.39,9.41,0.39,0.06
2025-08-14T07:34:00.000,0.39,6.34,0.39,0.04
2025-08-14T07:35:00.000,0.39,8.14,0.39,0.06
2025-08-14T07:36:00.000,0.38,5.68,0.37,0.04
2025-08-14T07:37:00.000,0.37,4.51,0.37,0.03
2025-08-14T07:38:00.000,0.38,6.20,0.38,0.04
2025-08-14T07:39:00.000,0.37,7.31,0.37,0.05
2025-08-14T07:40:00.000,0.38,7.53,0.38,0.05
2025-08-14T07:41:00.000,0.40,6.23,0.39,0.04
2025-08-14T07:42:00.000,0.40,7.31,0.39,0.05
2025-08-14T07:43:00.000,0.40,6.72,0.39,0.05
2025-08-14T07:44:00.000,0.39,5.81,0.39,0.04
2025-08-14T07:45:00.000,0.39,6.65,0.38,0.04
2025-08-14T07:46:00.000,0.37,6.86,0.37,0.04
2025-08-14T07:47:00.000,0.36,3.15,0.36,0.02
2025-08-14T07:48:00.000,0.35,2.75,0.35,0.02
2025-08-14T07:49:00.000,0.35,3.47,0.35,0.02
2025-08-14T07:50:00.000,0.35,3.80,0.35,0.02
2025-08-14T07:51:00.000,0.37,6.63,0.37,0.04
2025-08-14T07:52:00.000,0.38,8.02,0.37,0.05
2025-08-14T07:53:00.000,0.38,9.43,0.38,0.06
2025-08-14T07:54:00.000,0.39,10.07,0.39,0.07
2025-08-14T07:55:00.000,0.39,10.73,0.38,0.07
2025-08-14T07:56:00.000,0.39,8.86,0.39,0.06
2025-08-14T07:57:00.000,0.41,7.40,0.40,0.05
2025-08-14T07:58:00.000,0.35,13.24,0.34,0.08
2025-08-14T07:59:00.000,0.55,349.31,0.54,-0.10
2025-08-14T08:00:00.000,0.55,351.92,0.54,-0.08
2025-08-14T08:01:00.000,0.53,354.60,0.53,-0.05
2025-08-14T08:02:00.000,0.54,354.20,0.54,-0.05
2025-08-14T08:03:00.000,0.56,356.58,0.56,-0.03
2025-08-14T08:04:00.000,0.57,0.31,0.57,0.00
2025-08-14T08:05:00.000,0.62,6.21,0.61,0.07
2025-08-14T08:06:00.000,0.61,5.93,0.61,0.06
2025-08-14T08:07:00.000,0.62,5.69,0.61,0.06
2025-08-14T08:08:00.000,0.60,3.40,0.60,0.04
2025-08-14T08:09:00.000,0.58,3.15,0.58,0.03
2025-08-14T08:10:00.000,0.57,359.51,0.57,-0.00
2025-08-14T08:11:00.000,0.57,357.45,0.57,-0.03
2025-08-14T08:12:00.000,0.58,356.47,0.58,-0.04
2025-08-14T08:13:00.000,0.56,355.28,0.55,-0.05
2025-08-14T08:14:00.000,0.57,357.68,0.57,-0.02
2025-08-14T08:15:00.000,0.59,358.52,0.59,-0.02
2025-08-14T08:16:00.000,0.60,359.73,0.60,-0.00
2025-08-14T08:17:00.000,0.60,3.61,0.60,0.04
2025-08-14T08:18:00.000,0.61,9.00,0.60,0.10
2025-08-14T08:19:00.000,0.55,12.54,0.54,0.12
2025-08-14T08:20:00.000,0.59,3.57,0.59,0.04
2025-08-14T08:21:00.000,0.61,5.15,0.61,0.06
2025-08-14T08:22:00.000,0.62,3.10,0.62,0.03
2025-08-14T08:23:00.000,0.62,0.08,0.62,0.00
2025-08-14T08:24:00.000,0.59,358.97,0.59,-0.01
2025-08-14T08:25:00.000,0.58,355.34,0.58,-0.05
2025-08-14T08:26:00.000,0.57,353.86,0.56,-0.06
2025-08-14T08:27:00.000,0.54,351.43,0.54,-0.08
2025-08-14T08:28:00.000,0.55,353.26,0.55,-0.06
2025-08-14T08:29:00.000,0.56,352.64,0.55,-0.07
2025-08-14T08:30:00.000,0.56,353.74,0.55,-0.06
2025-08-14T08:31:00.000,0.54,352.94,0.54,-0.07
2025-08-14T08:32:00.000,0.54,350.20,0.54,-0.09
2025-08-14T08:33:00.000,0.54,349.13,0.53,-0.10
2025-08-14T08:34:00.000,0.52,348.32,0.51,-0.11
2025-08-14T08:35:00.000,0.53,346.27,0.52,-0.13
2025-08-14T08:36:00.000,0.51,346.07,0.49,-0.12
2025-08-14T08:37:00.000,0.51,336.13,0.47,-0.21
2025-08-14T08:38:00.000,0.50,339.46,0.47,-0.18
2025-08-14T08:39:00.000,0.50,339.73,0.47,-0.17
2025-08-14T08:40:00.000,0.52,333.41,0.47,-0.23
2025-08-14T08:41:00.000,0.53,337.39,0.49,-0.20
2025-08-14T08:42:00.000,0.52,342.22,0.50,-0.16
2025-08-14T08:43:00.000,0.52,341.86,0.49,-0.16
2025-08-14T08:44:00.000,0.53,343.14,0.51,-0.15
2025-08-14T08:45:00.000,0.53,344.31,0.51,-0.14
2025-08-14T08:46:00.000,0.53,345.62,0.51,-0.13
2025-08-14T08:47:00.000,0.51,345.13,0.50,-0.13
2025-08-14T08:48:00.000,0.55,345.30,0.53,-0.14
2025-08-14T08:49:00.000,0.53,346.74,0.51,-0.12
2025-08-14T08:50:00.000,0.53,346.69,0.51,-0.12
2025-08-14T08:51:00.000,0.54,349.86,0.54,-0.10
2025-08-14T08:52:00.000,0.56,347.89,0.54,-0.12
2025-08-14T08:53:00.000,0.55,349.12,0.54,-0.10
2025-08-14T08:54:00.000,0.56,350.46,0.55,-0.09
2025-08-14T08:55:00.000,0.56,349.47,0.55,-0.10
2025-08-14T08:56:00.000,0.56,352.10,0.56,-0.08
2025-08-14T08:57:00.000,0.58,352.22,0.57,-0.08
2025-08-14T08:58:00.000,0.58,351.91,0.57,-0.08
2025-08-14T08:59:00.000,0.59,353.30,0.58,-0.07
2025-08-14T09:00:00.000,0.58,352.76,0.58,-0.07
2025-08-14T09:01:00.000,0.57,353.62,0.56,-0.06
2025-08-14T09:02:00.000,0.56,353.47,0.56,-0.06
2025-08-14T09:03:00.000,0.55,353.13,0.55,-0.07
2025-08-14T09:04:00.000,0.56,350.63,0.55,-0.09
2025-08-14T09:05:00.000,0.57,352.29,0.56,-0.08
2025-08-14T09:06:00.000,0.34,342.86,0.33,-0.10
2025-08-14T09:07:00.000,0.32,344.02,0.31,-0.09
2025-08-14T09:08:00.000,0.27,343.93,0.26,-0.08
2025-08-14T09:09:00.000,0.30,346.69,0.29,-0.07
2025-08-14T09:10:00.000,0.28,351.58,0.28,-0.04
2025-08-14T09:11:00.000,2.96,6.55,2.94,0.34
2025-08-14T09:12:00.000,2.27,28.32,2.00,1.08
2025-08-14T09:13:00.000,0.78,5.80,0.78,0.08
2025-08-14T09:14:00.000,0.76,5.43,0.76,0.07
2025-08-14T09:15:00.000,0.75,5.06,0.75,0.07
2025-08-14T09:16:00.000,0.74,3.19,0.74,0.04
2025-08-14T09:17:00.000,0.74,2.47,0.74,0.03
2025-08-14T09:18:00.000,0.74,3.22,0.73,0.04
2025-08-14T09:19:00.000,0.74,3.95,0.74,0.05
2025-08-14T09:20:00.000,0.73,2.87,0.73,0.04
2025-08-14T09:21:00.000,0.73,3.30,0.73,0.04
2025-08-14T09:22:00.000,0.73,2.92,0.73,0.04
2025-08-14T09:23:00.000,0.73,3.59,0.73,0.05
2025-08-14T09:24:00.000,0.72,3.47,0.72,0.04
2025-08-14T09:25:00.000,0.72,2.84,0.72,0.04
2025-08-14T09:26:00.000,0.72,3.04,0.72,0.04
2025-08-14T09:27:00.000,0.70,0.38,0.70,0.00
2025-08-14T09:28:00.000,0.67,358.45,0.67,-0.02
2025-08-14T09:29:00.000,0.64,352.30,0.63,-0.09
2025-08-14T09:30:00.000,0.61,345.21,0.59,-0.16
2025-08-14T09:31:00.000,0.61,348.29,0.59,-0.12
2025-08-14T09:32:00.000,0.60,347.45,0.58,-0.13
2025-08-14T09:33:00.000,0.62,349.53,0.61,-0.11
2025-08-14T09:34:00.000,0.60,349.01,0.59,-0.12
2025-08-14T09:35:00.000,0.61,350.33,0.60,-0.10
2025-08-14T09:36:00.000,0.59,347.28,0.58,-0.13
2025-08-14T09:37:00.000,0.61,354.30,0.61,-0.06
2025-08-14T09:38:00.000,0.60,353.02,0.59,-0.07
2025-08-14T09:39:00.000,0.59,351.54,0.58,-0.09
2025-08-14T09:40:00.000,0.54,359.50,0.54,-0.00
2025-08-14T09:41:00.000,0.48,354.58,0.48,-0.05
2025-08-14T09:42:00.000,0.52,355.04,0.52,-0.05
2025-08-14T09:43:00.000,0.55,357.09,0.55,-0.03
2025-08-14T09:44:00.000,0.57,357.14,0.57,-0.03
2025-08-14T09:45:00.000,0.59,359.49,0.59,-0.01
2025-08-14T09:46:00.000,0.60,4.62,0.60,0.05
2025-08-14T09:47:00.000,0.65,3.94,0.65,0.04
2025-08-14T09:48:00.000,0.67,5.92,0.66,0.07
2025-08-14T09:49:00.000,0.65,6.53,0.64,0.07
2025-08-14T09:50:00.000,0.64,4.76,0.63,0.05
2025-08-14T09:51:00.000,0.64,4.00,0.64,0.04
2025-08-14T09:52:00.000,0.66,5.01,0.66,0.06
2025-08-14T09:53:00.000,0.68,5.67,0.68,0.07
2025-08-14T09:54:00.000,0.70,5.57,0.70,0.07
2025-08-14T09:55:00.000,0.72,6.05,0.72,0.08
2025-08-14T09:56:00.000,0.73,7.14,0.72,0.09
2025-08-14T09:57:00.000,0.73,7.35,0.72,0.09
2025-08-14T09:58:00.000,0.73,7.48,0.72,0.10
2025-08-14T09:59:00.000,0.75,7.32,0.74,0.10
2025-08-14T10:00:00.000,0.78,8.19,0.77,0.11
2025-08-14T10:01:00.000,0.76,6.44,0.76,0.09
2025-08-14T10:02:00.000,0.73,3.21,0.73,0.04
2025-08-14T10:03:00.000,0.72,1.56,0.72,0.02
2025-08-14T10:04:00.000,0.73,2.28,0.73,0.03
2025-08-14T10:05:00.000,0.73,0.82,0.73,0.01
2025-08-14T10:06:00.000,0.72,1.18,0.72,0.01
2025-08-14T10:07:00.000,0.72,0.16,0.72,0.00
2025-08-14T10:08:00.000,0.71,1.05,0.71,0.01
2025-08-14T10:09:00.000,0.71,1.72,0.71,0.02
2025-08-14T10:10:00.000,0.71,3.65,0.71,0.05
2025-08-14T10:11:00.000,0.71,3.14,0.71,0.04
2025-08-14T10:12:00.000,0.59,343.19,0.57,-0.17
2025-08-14T10:13:00.000,0.59,338.95,0.55,-0.21
2025-08-14T10:14:00.000,0.64,8.84,0.63,0.10
2025-08-14T10:15:00.000,0.60,359.88,0.60,-0.00
2025-08-14T10:16:00.000,0.64,0.90,0.64,0.01
2025-08-14T10:17:00.000,0.55,354.78,0.55,-0.05
2025-08-14T10:18:00.000,0.52,352.54,0.52,-0.07
2025-08-14T10:19:00.000,0.54,354.99,0.54,-0.05
2025-08-14T10:20:00.000,0.52,352.12,0.52,-0.07
2025-08-14T10:21:00.000,0.55,350.09,0.54,-0.09
2025-08-14T10:22:00.000,0.56,355.27,0.56,-0.05
2025-08-14T10:23:00.000,0.54,354.63,0.54,-0.05
2025-08-14T10:24:00.000,0.51,354.83,0.51,-0.05
2025-08-14T10:25:00.000,0.46,344.20,0.44,-0.12
2025-08-14T10:26:00.000,0.48,349.49,0.47,-0.09
2025-08-14T10:27:00.000,0.51,354.06,0.51,-0.05
2025-08-14T10:28:00.000,0.49,340.55,0.46,-0.16
2025-08-14T10:29:00.000,0.51,344.09,0.49,-0.14
2025-08-14T10:30:00.000,0.54,349.71,0.53,-0.10
2025-08-14T10:31:00.000,0.52,347.53,0.51,-0.11
2025-08-14T10:32:00.000,0.54,350.58,0.54,-0.09
2025-08-14T10:33:00.000,0.51,339.56,0.48,-0.18
2025-08-14T10:34:00.000,0.57,346.22,0.55,-0.14
2025-08-14T10:35:00.000,0.59,342.77,0.56,-0.17
2025-08-14T10:36:00.000,0.61,350.35,0.61,-0.10
2025-08-14T10:37:00.000,0.59,338.15,0.55,-0.22
2025-08-14T10:38:00.000,0.57,352.35,0.56,-0.08
2025-08-14T10:39:00.000,0.55,349.15,0.54,-0.10
2025-08-14T10:40:00.000,0.50,350.73,0.49,-0.08
2025-08-14T10:41:00.000,0.54,351.04,0.53,-0.08
2025-08-14T10:42:00.000,0.58,349.03,0.57,-0.11
2025-08-14T10:43:00.000,0.61,346.40,0.59,-0.14
2025-08-14T10:44:00.000,0.63,345.81,0.61,-0.15
2025-08-14T10:45:00.000,0.59,347.07,0.57,-0.13
2025-08-14T10:46:00.000,0.60,346.64,0.59,-0.14
2025-08-14T10:47:00.000,0.55,323.28,0.44,-0.33
2025-08-14T10:48:00.000,0.61,339.85,0.57,-0.21
2025-08-14T10:49:00.000,0.60,346.99,0.58,-0.13
2025-08-14T10:50:00.000,0.61,341.18,0.57,-0.20
2025-08-14T10:51:00.000,0.63,355.63,0.63,-0.05
2025-08-14T10:52:00.000,0.58,354.24,0.58,-0.06
2025-08-14T10:53:00.000,0.57,348.66,0.55,-0.11
2025-08-14T10:54:00.000,0.52,333.66,0.47,-0.23
2025-08-14T10:55:00.000,0.57,340.42,0.54,-0.19
2025-08-14T10:56:00.000,0.61,345.40,0.59,-0.15
2025-08-14T10:57:00.000,0.67,335.89,0.61,-0.27
2025-08-14T10:58:00.000,0.61,320.93,0.48,-0.39
2025-08-14T10:59:00.000,0.53,338.75,0.49,-0.19
2025-08-14T11:00:00.000,0.52,343.89,0.50,-0.14
2025-08-14T11:01:00.000,0.46,347.93,0.45,-0.10
2025-08-14T11:02:00.000,0.56,350.84,0.56,-0.09
2025-08-14T11:03:00.000,0.78,356.42,0.77,-0.05
2025-08-14T11:04:00.000,0.59,351.35,0.58,-0.09
2025-08-14T11:05:00.000,0.56,355.78,0.56,-0.04
2025-08-14T11:06:00.000,0.58,355.24,0.58,-0.05
2025-08-14T11:07:00.000,0.64,355.83,0.64,-0.05
2025-08-14T11:08:00.000,0.58,357.53,0.58,-0.03
2025-08-14T11:09:00.000,0.59,350.42,0.58,-0.10
2025-08-14T11:10:00.000,0.54,327.20,0.45,-0.29
2025-08-14T11:11:00.000,0.54,355.84,0.54,-0.04
2025-08-14T11:12:00.000,0.49,350.58,0.48,-0.08
2025-08-14T11:13:00.000,0.56,355.21,0.55,-0.05
2025-08-14T11:14:00.000,0.55,0.20,0.55,0.00
2025-08-14T11:15:00.000,0.62,5.05,0.62,0.05
2025-08-14T11:16:00.000,0.57,2.66,0.57,0.03
2025-08-14T11:17:00.000,0.58,357.54,0.58,-0.02
2025-08-14T11:18:00.000,0.59,3.26,0.59,0.03
2025-08-14T11:19:00.000,0.57,358.78,0.57,-0.01
2025-08-14T11:20:00.000,0.56,6.11,0.56,0.06
2025-08-14T11:21:00.000,0.55,0.71,0.55,0.01
2025-08-14T11:22:00.000,0.58,356.30,0.58,-0.04
2025-08-14T11:23:00.000,0.52,357.68,0.52,-0.02
2025-08-14T11:24:00.000,0.53,355.18,0.53,-0.04
2025-08-14T11:25:00.000,0.54,1.39,0.54,0.01
2025-08-14T11:26:00.000,0.39,353.79,0.39,-0.04
2025-08-14T11:27:00.000,0.47,359.34,0.47,-0.01
2025-08-14T11:28:00.000,0.53,0.01,0.53,0.00
2025-08-14T11:29:00.000,0.50,344.36,0.48,-0.14
2025-08-14T11:30:00.000,0.50,339.50,0.47,-0.18
2025-08-14T11:31:00.000,0.39,300.12,0.19,-0.33
2025-08-14T11:32:00.000,0.50,334.14,0.45,-0.22
2025-08-14T11:33:00.000,0.56,351.01,0.55,-0.09
2025-08-14T11:34:00.000,0.33,317.11,0.24,-0.23
2025-08-14T11:35:00.000,0.47,356.48,0.47,-0.03
2025-08-14T11:36:00.000,0.55,2.96,0.55,0.03
2025-08-14T11:37:00.000,0.54,343.08,0.51,-0.16
2025-08-14T11:38:00.000,0.46,8.08,0.45,0.06
2025-08-14T11:39:00.000,0.47,359.65,0.47,-0.00
2025-08-14T11:40:00.000,0.54,359.93,0.54,-0.00
2025-08-14T11:41:00.000,0.56,348.61,0.55,-0.11
2025-08-14T11:42:00.000,0.56,1.02,0.56,0.01
2025-08-14T11:43:00.000,0.45,7.06,0.44,0.06
2025-08-14T11:44:00.000,0.53,5.12,0.53,0.05
2025-08-14T11:45:00.000,0.58,348.31,0.56,-0.12
2025-08-14T11:46:00.000,0.53,46.33,0.36,0.38
2025-08-14T11:47:00.000,0.63,53.97,0.37,0.51
2025-08-14T11:48:00.000,0.68,45.24,0.48,0.48
2025-08-14T11:49:00.000,0.93,37.82,0.73,0.57
2025-08-14T11:50:00.000,0.98,34.33,0.81,0.55
2025-08-14T11:51:00.000,0.52,11.85,0.51,0.11
2025-08-14T11:52:00.000,0.91,30.24,0.79,0.46
2025-08-14T11:53:00.000,0.53,9.38,0.53,0.09
2025-08-14T11:54:00.000,0.55,12.94,0.53,0.12
2025-08-14T11:55:00.000,0.40,13.37,0.39,0.09
2025-08-14T11:56:00.000,0.62,15.20,0.60,0.16
2025-08-14T11:57:00.000,0.60,10.26,0.59,0.11
2025-08-14T11:58:00.000,0.61,17.30,0.58,0.18
2025-08-14T11:59:00.000,0.71,19.45,0.67,0.24
2025-08-14T12:00:00.000,0.67,13.49,0.65,0.16
2025-08-14T12:01:00.000,0.58,8.14,0.58,0.08
2025-08-14T12:02:00.000,0.59,7.69,0.58,0.08
2025-08-14T12:03:00.000,0.59,356.09,0.59,-0.04
2025-08-14T12:04:00.000,0.56,12.43,0.55,0.12
2025-08-14T12:05:00.000,0.43,337.95,0.40,-0.16
2025-08-14T12:06:00.000,0.43,349.44,0.43,-0.08
2025-08-14T12:07:00.000,0.31,348.29,0.31,-0.06
2025-08-14T12:08:00.000,0.43,4.31,0.43,0.03
2025-08-14T12:09:00.000,0.48,3.40,0.47,0.03
2025-08-14T12:10:00.000,0.50,1.33,0.50,0.01
2025-08-14T12:11:00.000,0.53,16.39,0.51,0.15
2025-08-14T12:12:00.000,0.62,1.09,0.62,0.01
2025-08-14T12:13:00.000,0.44,351.34,0.43,-0.07
2025-08-14T12:14:00.000,0.35,338.67,0.33,-0.13
2025-08-14T12:15:00.000,0.40,324.25,0.33,-0.24
2025-08-14T12:16:00.000,0.38,312.26,0.26,-0.28
2025-08-14T12:17:00.000,0.48,316.02,0.35,-0.33
2025-08-14T12:18:00.000,0.44,330.45,0.38,-0.22
2025-08-14T12:19:00.000,0.45,342.97,0.43,-0.13
2025-08-14T12:20:00.000,0.51,3.74,0.50,0.03
2025-08-14T12:21:00.000,0.51,1.16,0.51,0.01
2025-08-14T12:22:00.000,0.58,8.16,0.57,0.08
2025-08-14T12:23:00.000,0.46,0.20,0.46,0.00
2025-08-14T12:24:00.000,0.49,358.91,0.49,-0.01
2025-08-14T12:25:00.000,0.39,328.45,0.34,-0.21
2025-08-14T12:26:00.000,0.48,348.20,0.47,-0.10
2025-08-14T12:27:00.000,0.51,349.31,0.50,-0.10
2025-08-14T12:28:00.000,0.45,315.30,0.32,-0.32
2025-08-14T12:29:00.000,0.46,343.98,0.44,-0.13
2025-08-14T12:30:00.000,0.53,3.22,0.53,0.03
2025-08-14T12:31:00.000,0.51,358.11,0.51,-0.02
2025-08-14T12:32:00.000,0.42,353.55,0.41,-0.05
2025-08-14T12:33:00.000,0.47,356.28,0.47,-0.03
2025-08-14T12:34:00.000,0.44,8.82,0.43,0.07
2025-08-14T12:35:00.000,0.29,330.06,0.25,-0.15
2025-08-14T12:36:00.000,0.51,345.75,0.49,-0.12
2025-08-14T12:37:00.000,0.53,359.17,0.53,-0.01
2025-08-14T12:38:00.000,0.47,342.97,0.45,-0.14
2025-08-14T12:39:00.000,0.51,348.69,0.50,-0.10
2025-08-14T12:40:00.000,0.41,346.23,0.40,-0.10
2025-08-14T12:41:00.000,0.44,341.04,0.41,-0.14
2025-08-14T12:42:00.000,0.48,0.51,0.48,0.00
2025-08-14T12:43:00.000,0.56,7.28,0.55,0.07
2025-08-14T12:44:00.000,0.55,8.42,0.55,0.08
2025-08-14T12:45:00.000,0.53,10.46,0.52,0.10
2025-08-14T12:46:00.000,0.54,2.84,0.54,0.03
2025-08-14T12:47:00.000,0.45,0.24,0.45,0.00
2025-08-14T12:48:00.000,0.54,356.78,0.54,-0.03
2025-08-14T12:49:00.000,0.50,351.36,0.49,-0.07
2025-08-14T12:50:00.000,0.56,0.46,0.56,0.00
2025-08-14T12:51:00.000,0.51,356.08,0.51,-0.04
2025-08-14T12:52:00.000,0.52,353.49,0.52,-0.06
2025-08-14T12:53:00.000,0.55,349.83,0.54,-0.10
2025-08-14T12:54:00.000,0.46,355.12,0.46,-0.04
2025-08-14T12:55:00.000,0.59,11.36,0.58,0.12
2025-08-14T12:56:00.000,0.52,9.59,0.51,0.09
2025-08-14T12:57:00.000,0.51,7.66,0.51,0.07
2025-08-14T12:58:00.000,0.54,8.55,0.53,0.08
2025-08-14T12:59:00.000,0.52,4.79,0.52,0.04
2025-08-14T13:00:00.000,0.52,356.99,0.52,-0.03
2025-08-14T13:01:00.000,0.63,313.64,0.43,-0.45
2025-08-14T13:02:00.000,0.34,345.66,0.33,-0.09
2025-08-14T13:03:00.000,0.55,1.55,0.55,0.01
2025-08-14T13:04:00.000,0.42,351.08,0.41,-0.06
2025-08-14T13:05:00.000,0.70,334.63,0.63,-0.30
2025-08-14T13:06:00.000,0.46,358.13,0.46,-0.02
2025-08-14T13:07:00.000,0.55,4.08,0.54,0.04
2025-08-14T13:08:00.000,0.38,7.90,0.37,0.05
2025-08-14T13:09:00.000,0.48,2.66,0.48,0.02
2025-08-14T13:10:00.000,0.26,344.22,0.25,-0.07
2025-08-14T13:11:00.000,0.31,322.55,0.25,-0.19
2025-08-14T13:12:00.000,0.34,342.07,0.33,-0.11
2025-08-14T13:13:00.000,0.49,358.11,0.49,-0.02
2025-08-14T13:14:00.000,0.39,18.54,0.37,0.12
2025-08-14T13:15:00.000,0.23,335.92,0.21,-0.09
2025-08-14T13:16:00.000,0.46,350.47,0.45,-0.08
2025-08-14T13:17:00.000,0.48,4.13,0.48,0.03
2025-08-14T13:18:00.000,0.47,354.97,0.47,-0.04
2025-08-14T13:19:00.000,0.53,4.87,0.53,0.05
2025-08-14T13:20:00.000,0.55,2.77,0.55,0.03
2025-08-14T13:21:00.000,0.44,345.41,0.43,-0.11
2025-08-14T13:22:00.000,0.45,346.77,0.44,-0.10
2025-08-14T13:23:00.000,0.47,347.10,0.46,-0.11
2025-08-14T13:24:00.000,0.52,346.38,0.51,-0.12
2025-08-14T13:25:00.000,0.52,355.07,0.52,-0.04
2025-08-14T13:26:00.000,0.56,343.57,0.54,-0.16
2025-08-14T13:27:00.000,0.49,351.19,0.48,-0.07
2025-08-14T13:28:00.000,0.49,335.59,0.45,-0.20
2025-08-14T13:29:00.000,0.51,358.65,0.51,-0.01
2025-08-14T13:30:00.000,0.53,358.43,0.53,-0.01
2025-08-14T13:31:00.000,0.46,351.23,0.45,-0.07
2025-08-14T13:32:00.000,0.54,348.36,0.53,-0.11
2025-08-14T13:33:00.000,0.32,346.36,0.31,-0.08
2025-08-14T13:34:00.000,0.54,309.28,0.34,-0.41
2025-08-14T13:35:00.000,0.46,314.78,0.32,-0.32
2025-08-14T13:36:00.000,0.51,350.16,0.50,-0.09
2025-08-14T13:37:00.000,0.45,301.55,0.23,-0.38
2025-08-14T13:38:00.000,0.51,350.02,0.51,-0.09
2025-08-14T13:39:00.000,0.57,347.16,0.56,-0.13
2025-08-14T13:40:00.000,0.42,345.75,0.41,-0.10
2025-08-14T13:41:00.000,0.50,354.01,0.50,-0.05
2025-08-14T13:42:00.000,0.40,26.57,0.35,0.18
2025-08-14T13:43:00.000,0.49,356.24,0.49,-0.03
2025-08-14T13:44:00.000,0.48,5.67,0.48,0.05
2025-08-14T13:45:00.000,0.46,339.68,0.44,-0.16
2025-08-14T13:46:00.000,0.35,350.42,0.34,-0.06
2025-08-14T13:47:00.000,0.44,338.32,0.41,-0.16
2025-08-14T13:48:00.000,0.38,333.76,0.34,-0.17
2025-08-14T13:49:00.000,0.38,347.82,0.37,-0.08
2025-08-14T13:50:00.000,0.59,347.79,0.58,-0.13
2025-08-14T13:51:00.000,0.43,355.45,0.43,-0.03
2025-08-14T13:52:00.000,0.46,354.95,0.46,-0.04
2025-08-14T13:53:00.000,0.47,351.22,0.47,-0.07
2025-08-14T13:54:00.000,0.39,359.02,0.39,-0.01
2025-08-14T13:55:00.000,0.43,0.23,0.43,0.00
2025-08-14T13:56:00.000,0.46,357.39,0.46,-0.02
2025-08-14T13:57:00.000,0.50,353.07,0.49,-0.06
2025-08-14T13:58:00.000,0.46,1.25,0.46,0.01
2025-08-14T13:59:00.000,0.46,348.40,0.45,-0.09
2025-08-14T14:00:00.000,0.50,343.33,0.48,-0.14
2025-08-14T14:01:00.000,0.21,291.79,0.08,-0.19
2025-08-14T14:02:00.000,0.44,327.10,0.37,-0.24
2025-08-14T14:03:00.000,0.62,336.17,0.57,-0.25
2025-08-14T14:04:00.000,0.46,345.88,0.45,-0.11
2025-08-14T14:05:00.000,0.51,343.67,0.49,-0.14
2025-08-14T14:06:00.000,0.52,1.60,0.52,0.01
2025-08-14T14:07:00.000,0.53,352.11,0.52,-0.07
2025-08-14T14:08:00.000,0.55,350.57,0.54,-0.09
2025-08-14T14:09:00.000,0.51,350.13,0.50,-0.09
2025-08-14T14:10:00.000,0.56,355.51,0.56,-0.04
2025-08-14T14:11:00.000,0.54,344.61,0.52,-0.14
2025-08-14T14:12:00.000,0.56,345.61,0.54,-0.14
2025-08-14T14:13:00.000,0.52,357.75,0.52,-0.02
2025-08-14T14:14:00.000,0.53,342.20,0.50,-0.16
2025-08-14T14:15:00.000,0.53,347.61,0.51,-0.11
2025-08-14T14:16:00.000,0.51,352.29,0.50,-0.07
2025-08-14T14:17:00.000,0.56,339.85,0.52,-0.19
2025-08-14T14:18:00.000,0.49,357.51,0.49,-0.02
2025-08-14T14:19:00.000,0.52,352.50,0.52,-0.07
2025-08-14T14:20:00.000,0.51,349.60,0.50,-0.09
2025-08-14T14:21:00.000,0.48,352.58,0.47,-0.06
2025-08-14T14:22:00.000,0.51,349.27,0.50,-0.09
2025-08-14T14:23:00.000,0.41,333.34,0.37,-0.19
2025-08-14T14:24:00.000,0.50,348.79,0.49,-0.10
2025-08-14T14:25:00.000,0.43,329.00,0.37,-0.22
2025-08-14T14:26:00.000,0.50,347.04,0.49,-0.11
2025-08-14T14:27:00.000,0.41,346.50,0.40,-0.10
2025-08-14T14:28:00.000,0.43,332.63,0.38,-0.20
2025-08-14T14:29:00.000,0.51,345.77,0.49,-0.12
2025-08-14T14:30:00.000,0.46,355.62,0.46,-0.04
2025-08-14T14:31:00.000,0.42,343.37,0.40,-0.12
2025-08-14T14:32:00.000,0.49,348.94,0.48,-0.09
2025-08-14T14:33:00.000,0.45,347.77,0.44,-0.09
2025-08-14T14:34:00.000,0.43,338.38,0.40,-0.16
2025-08-14T14:35:00.000,0.43,339.79,0.40,-0.15
2025-08-14T14:36:00.000,0.44,353.70,0.44,-0.05
2025-08-14T14:37:00.000,0.44,350.91,0.43,-0.07
2025-08-14T14:38:00.000,0.57,301.41,0.29,-0.48
2025-08-14T14:39:00.000,0.53,327.17,0.45,-0.29
2025-08-14T14:40:00.000,0.43,338.00,0.40,-0.16
2025-08-14T14:41:00.000,0.49,321.60,0.38,-0.30
2025-08-14T14:42:00.000,0.43,326.35,0.35,-0.24
2025-08-14T14:43:00.000,0.55,327.35,0.46,-0.30
2025-08-14T14:44:00.000,0.51,331.52,0.45,-0.24
2025-08-14T14:45:00.000,0.48,324.10,0.39,-0.28
2025-08-14T14:46:00.000,0.51,348.24,0.50,-0.10
2025-08-14T14:47:00.000,0.52,319.37,0.39,-0.34
2025-08-14T14:48:00.000,0.52,338.66,0.48,-0.19
2025-08-14T14:49:00.000,0.52,295.84,0.23,-0.47
2025-08-14T14:50:00.000,0.51,318.36,0.38,-0.34
2025-08-14T14:51:00.000,0.46,323.89,0.37,-0.27
2025-08-14T14:52:00.000,0.45,311.52,0.30,-0.34
2025-08-14T14:53:00.000,0.48,312.72,0.33,-0.36
2025-08-14T14:54:00.000,0.45,336.97,0.41,-0.17
2025-08-14T14:55:00.000,0.45,350.39,0.45,-0.08
2025-08-14T14:56:00.000,0.45,344.81,0.44,-0.12
2025-08-14T14:57:00.000,0.41,338.82,0.38,-0.15
2025-08-14T14:58:00.000,0.47,348.60,0.46,-0.09
2025-08-14T14:59:00.000,0.47,349.57,0.46,-0.09
2025-08-14T15:00:00.000,0.48,355.06,0.48,-0.04
2025-08-14T15:01:00.000,0.47,352.84,0.47,-0.06
2025-08-14T15:02:00.000,0.47,346.08,0.46,-0.11
2025-08-14T15:03:00.000,0.43,348.96,0.42,-0.08
2025-08-14T15:04:00.000,0.46,345.71,0.44,-0.11
2025-08-14T15:05:00.000,0.44,345.37,0.43,-0.11
2025-08-14T15:06:00.000,0.47,354.98,0.47,-0.04
2025-08-14T15:07:00.000,0.47,359.32,0.47,-0.01
2025-08-14T15:08:00.000,0.46,354.74,0.46,-0.04
2025-08-14T15:09:00.000,0.46,359.37,0.46,-0.01
2025-08-14T15:10:00.000,0.45,356.55,0.45,-0.03
2025-08-14T15:11:00.000,0.47,354.80,0.46,-0.04
2025-08-14T15:12:00.000,0.47,355.44,0.47,-0.04
2025-08-14T15:13:00.000,0.44,1.77,0.44,0.01
2025-08-14T15:14:00.000,0.49,358.15,0.49,-0.02
2025-08-14T15:15:00.000,0.64,353.50,0.63,-0.07
2025-08-14T15:16:00.000,0.44,355.70,0.44,-0.03
2025-08-14T15:17:00.000,0.56,0.31,0.56,0.00
2025-08-14T15:18:00.000,0.48,0.87,0.48,0.01
2025-08-14T15:19:00.000,0.50,359.70,0.50,-0.00
2025-08-14T15:20:00.000,0.53,359.77,0.53,-0.00
2025-08-14T15:21:00.000,0.52,357.74,0.52,-0.02
2025-08-14T15:22:00.000,0.50,1.78,0.50,0.02
2025-08-14T15:23:00.000,0.50,358.26,0.50,-0.02
2025-08-14T15:24:00.000,0.49,8.15,0.49,0.07
2025-08-14T15:25:00.000,0.50,1.34,0.50,0.01
2025-08-14T15:26:00.000,0.46,353.64,0.46,-0.05
2025-08-14T15:27:00.000,0.45,339.66,0.42,-0.16
2025-08-14T15:28:00.000,0.49,344.72,0.47,-0.13
2025-08-14T15:29:00.000,0.40,331.70,0.35,-0.19
2025-08-14T15:30:00.000,0.25,344.41,0.24,-0.07
2025-08-14T15:31:00.000,0.45,342.31,0.43,-0.14
2025-08-14T15:32:00.000,0.44,323.19,0.35,-0.26
2025-08-14T15:33:00.000,0.43,333.30,0.38,-0.19
2025-08-14T15:34:00.000,0.48,342.74,0.46,-0.14
2025-08-14T15:35:00.000,0.48,344.59,0.46,-0.13
2025-08-14T15:36:00.000,0.53,346.41,0.51,-0.12
2025-08-14T15:37:00.000,0.52,342.20,0.49,-0.16
2025-08-14T15:38:00.000,0.54,329.25,0.46,-0.28
2025-08-14T15:39:00.000,0.50,339.60,0.47,-0.17
2025-08-14T15:40:00.000,0.52,323.80,0.42,-0.31
2025-08-14T15:41:00.000,0.50,294.69,0.21,-0.45
2025-08-14T15:42:00.000,0.40,329.24,0.34,-0.20
2025-08-14T15:43:00.000,0.45,341.34,0.43,-0.14
2025-08-14T15:44:00.000,0.49,341.60,0.46,-0.15
2025-08-14T15:45:00.000,0.49,348.58,0.48,-0.10
2025-08-14T15:46:00.000,0.48,357.64,0.48,-0.02
2025-08-14T15:47:00.000,0.47,351.54,0.47,-0.07
2025-08-14T15:48:00.000,0.46,353.52,0.46,-0.05
2025-08-14T15:49:00.000,0.49,344.73,0.47,-0.13
2025-08-14T15:50:00.000,0.43,347.26,0.42,-0.09
2025-08-14T15:51:00.000,0.45,342.49,0.43,-0.13
2025-08-14T15:52:00.000,0.47,350.07,0.47,-0.08
2025-08-14T15:53:00.000,0.50,356.16,0.49,-0.03
2025-08-14T15:54:00.000,0.48,350.65,0.47,-0.08
2025-08-14T15:55:00.000,0.45,340.71,0.42,-0.15
2025-08-14T15:56:00.000,0.46,348.54,0.45,-0.09
2025-08-14T15:57:00.000,0.49,351.77,0.48,-0.07
2025-08-14T15:58:00.000,0.49,354.77,0.49,-0.04
2025-08-14T15:59:00.000,0.50,352.84,0.49,-0.06
2025-08-14T16:00:00.000,0.49,355.27,0.49,-0.04
2025-08-14T16:01:00.000,0.50,353.20,0.49,-0.06
2025-08-14T16:02:00.000,0.51,353.16,0.51,-0.06
2025-08-14T16:03:00.000,0.48,350.52,0.47,-0.08
2025-08-14T16:04:00.000,0.48,351.75,0.48,-0.07
2025-08-14T16:05:00.000,0.46,341.88,0.44,-0.14
2025-08-14T16:06:00.000,0.50,353.63,0.50,-0.06
2025-08-14T16:07:00.000,0.49,355.14,0.49,-0.04
2025-08-14T16:08:00.000,0.48,356.71,0.48,-0.03
2025-08-14T16:09:00.000,0.50,354.30,0.50,-0.05
2025-08-14T16:10:00.000,0.49,350.59,0.48,-0.08
2025-08-14T16:11:00.000,0.47,348.99,0.47,-0.09
2025-08-14T16:12:00.000,0.50,355.58,0.49,-0.04
2025-08-14T16:13:00.000,0.49,352.59,0.48,-0.06
2025-08-14T16:14:00.000,0.47,352.54,0.47,-0.06
2025-08-14T16:15:00.000,0.47,354.88,0.47,-0.04
2025-08-14T16:16:00.000,0.48,355.02,0.48,-0.04
2025-08-14T16:17:00.000,0.47,350.57,0.46,-0.08
2025-08-14T16:18:00.000,0.47,352.03,0.47,-0.07
2025-08-14T16:19:00.000,0.45,351.07,0.45,-0.07
2025-08-14T16:20:00.000,0.47,355.55,0.47,-0.04
2025-08-14T16:21:00.000,0.49,353.75,0.48,-0.05
2025-08-14T16:22:00.000,0.49,354.33,0.49,-0.05
2025-08-14T16:23:00.000,0.47,350.03,0.46,-0.08
2025-08-14T16:24:00.000,0.45,351.00,0.44,-0.07
2025-08-14T16:25:00.000,0.47,347.19,0.45,-0.10
2025-08-14T16:26:00.000,0.49,353.54,0.48,-0.05
2025-08-14T16:27:00.000,0.30,332.95,0.27,-0.14
2025-08-14T16:28:00.000,0.42,348.94,0.41,-0.08
2025-08-14T16:29:00.000,0.40,351.08,0.39,-0.06
2025-08-14T16:30:00.000,0.40,347.17,0.39,-0.09
2025-08-14T16:31:00.000,0.33,339.46,0.31,-0.12
2025-08-14T16:32:00.000,0.37,338.84,0.34,-0.13
2025-08-14T16:33:00.000,0.34,340.51,0.32,-0.11
2025-08-14T16:34:00.000,0.40,353.29,0.40,-0.05
2025-08-14T16:35:00.000,0.39,347.78,0.38,-0.08
2025-08-14T16:36:00.000,0.40,352.54,0.39,-0.05
2025-08-14T16:37:00.000,0.43,351.73,0.43,-0.06
2025-08-14T16:38:00.000,0.46,357.28,0.46,-0.02
2025-08-14T16:39:00.000,0.44,354.84,0.44,-0.04
2025-08-14T16:40:00.000,0.46,0.02,0.46,0.00
2025-08-14T16:41:00.000,0.45,357.90,0.45,-0.02
2025-08-14T16:42:00.000,0.46,357.87,0.45,-0.02
2025-08-14T16:43:00.000,0.44,351.46,0.44,-0.07
2025-08-14T16:44:00.000,0.45,359.14,0.45,-0.01
2025-08-14T16:45:00.000,0.42,353.26,0.42,-0.05
2025-08-14T16:46:00.000,0.43,351.66,0.42,-0.06
2025-08-14T16:47:00.000,0.42,353.81,0.41,-0.04
2025-08-14T16:48:00.000,0.43,352.70,0.42,-0.05
2025-08-14T16:49:00.000,0.46,359.16,0.46,-0.01
2025-08-14T16:50:00.000,0.45,359.64,0.45,-0.00
2025-08-14T16:51:00.000,0.48,3.62,0.48,0.03
2025-08-14T16:52:00.000,0.47,0.95,0.47,0.01
2025-08-14T16:53:00.000,0.48,0.56,0.48,0.00
2025-08-14T16:54:00.000,0.46,0.70,0.46,0.01
2025-08-14T16:55:00.000,0.46,1.22,0.46,0.01
2025-08-14T16:56:00.000,0.46,0.35,0.46,0.00
2025-08-14T16:57:00.000,0.46,1.85,0.46,0.01
2025-08-14T16:58:00.000,0.48,0.72,0.48,0.01
2025-08-14T16:59:00.000,0.49,2.88,0.49,0.02
2025-08-14T17:00:00.000,0.48,3.36,0.48,0.03
2025-08-14T17:01:00.000,0.50,5.82,0.49,0.05
2025-08-14T17:02:00.000,0.50,4.85,0.50,0.04
2025-08-14T17:03:00.000,0.50,6.27,0.50,0.05
2025-08-14T17:04:00.000,0.49,5.53,0.49,0.05
2025-08-14T17:05:00.000,0.48,0.72,0.48,0.01
2025-08-14T17:06:00.000,0.47,357.56,0.47,-0.02
2025-08-14T17:07:00.000,0.46,355.68,0.46,-0.03
2025-08-14T17:08:00.000,0.47,357.18,0.47,-0.02
2025-08-14T17:09:00.000,0.47,356.98,0.47,-0.02
2025-08-14T17:10:00.000,0.48,354.80,0.47,-0.04
2025-08-14T17:11:00.000,0.45,352.65,0.45,-0.06
2025-08-14T17:12:00.000,0.48,354.04,0.47,-0.05
2025-08-14T17:13:00.000,0.46,347.56,0.45,-0.10
2025-08-14T17:14:00.000,0.45,338.99,0.42,-0.16
2025-08-14T17:15:00.000,0.44,335.96,0.41,-0.18
2025-08-14T17:16:00.000,0.46,350.60,0.45,-0.08
2025-08-14T17:17:00.000,0.47,348.94,0.47,-0.09
2025-08-14T17:18:00.000,0.50,356.93,0.50,-0.03
2025-08-14T17:19:00.000,0.50,0.17,0.50,0.00
2025-08-14T17:20:00.000,0.47,353.31,0.47,-0.06
2025-08-14T17:21:00.000,0.45,356.90,0.45,-0.02
2025-08-14T17:22:00.000,0.50,353.68,0.49,-0.05
2025-08-14T17:23:00.000,0.36,337.03,0.33,-0.14
2025-08-14T17:24:00.000,0.39,345.28,0.38,-0.10
2025-08-14T17:25:00.000,0.42,350.48,0.41,-0.07
2025-08-14T17:26:00.000,0.43,351.90,0.42,-0.06
2025-08-14T17:27:00.000,0.44,353.32,0.44,-0.05
2025-08-14T17:28:00.000,0.44,351.98,0.44,-0.06
2025-08-14T17:29:00.000,0.43,353.97,0.43,-0.05
2025-08-14T17:30:00.000,0.46,353.53,0.45,-0.05
2025-08-14T17:31:00.000,0.47,354.43,0.47,-0.05
2025-08-14T17:32:00.000,0.46,352.39,0.46,-0.06
2025-08-14T17:33:00.000,0.45,352.67,0.45,-0.06
2025-08-14T17:34:00.000,0.44,344.02,0.42,-0.12
2025-08-14T17:35:00.000,0.43,338.11,0.40,-0.16
2025-08-14T17:36:00.000,0.42,336.84,0.39,-0.17
2025-08-14T17:37:00.000,0.45,339.54,0.42,-0.16
2025-08-14T17:38:00.000,0.45,352.12,0.45,-0.06
2025-08-14T17:39:00.000,0.46,356.42,0.46,-0.03
2025-08-14T17:40:00.000,0.47,358.10,0.47,-0.02
2025-08-14T17:41:00.000,0.47,355.43,0.47,-0.04
2025-08-14T17:42:00.000,0.47,359.23,0.47,-0.01
2025-08-14T17:43:00.000,0.45,359.44,0.45,-0.00
2025-08-14T17:44:00.000,0.49,1.41,0.49,0.01
2025-08-14T17:45:00.000,0.47,358.89,0.47,-0.01
2025-08-14T17:46:00.000,0.46,352.79,0.46,-0.06
2025-08-14T17:47:00.000,0.44,348.75,0.43,-0.09
2025-08-14T17:48:00.000,0.46,341.95,0.43,-0.14
2025-08-14T17:49:00.000,0.46,342.23,0.44,-0.14
2025-08-14T17:50:00.000,0.48,340.52,0.45,-0.16
2025-08-14T17:51:00.000,0.45,345.82,0.44,-0.11
2025-08-14T17:52:00.000,0.46,345.12,0.44,-0.12
2025-08-14T17:53:00.000,0.37,329.94,0.32,-0.19
2025-08-14T17:54:00.000,0.47,354.81,0.46,-0.04
2025-08-14T17:55:00.000,0.47,340.34,0.44,-0.16
2025-08-14T17:56:00.000,0.42,340.61,0.39,-0.14
2025-08-14T17:57:00.000,0.42,326.17,0.35,-0.23
2025-08-14T17:58:00.000,0.45,314.96,0.32,-0.32
2025-08-14T17:59:00.000,0.45,327.42,0.38,-0.24
2025-08-14T18:00:00.000,0.46,342.69,0.44,-0.14
2025-08-14T18:01:00.000,0.48,350.27,0.47,-0.08
2025-08-14T18:02:00.000,0.45,350.03,0.44,-0.08
2025-08-14T18:03:00.000,0.47,358.36,0.47,-0.01
2025-08-14T18:04:00.000,0.48,0.45,0.48,0.00
2025-08-14T18:05:00.000,0.47,1.55,0.47,0.01
2025-08-14T18:06:00.000,0.44,355.91,0.44,-0.03
2025-08-14T18:07:00.000,0.44,0.33,0.44,0.00
2025-08-14T18:08:00.000,0.42,349.75,0.41,-0.08
2025-08-14T18:09:00.000,0.43,344.04,0.41,-0.12
2025-08-14T18:10:00.000,0.43,338.90,0.40,-0.16
2025-08-14T18:11:00.000,0.45,350.60,0.45,-0.07
2025-08-14T18:12:00.000,0.44,350.59,0.43,-0.07
2025-08-14T18:13:00.000,0.46,356.72,0.46,-0.03
2025-08-14T18:14:00.000,0.46,5.99,0.46,0.05
2025-08-14T18:15:00.000,0.46,3.90,0.46,0.03
2025-08-14T18:16:00.000,0.45,2.26,0.45,0.02
2025-08-14T18:17:00.000,0.44,357.98,0.44,-0.02
2025-08-14T18:18:00.000,0.40,349.15,0.40,-0.08
2025-08-14T18:19:00.000,0.40,346.81,0.39,-0.09
2025-08-14T18:20:00.000,0.41,354.13,0.41,-0.04
2025-08-14T18:21:00.000,0.39,354.97,0.39,-0.03
2025-08-14T18:22:00.000,0.43,1.11,0.43,0.01
2025-08-14T18:23:00.000,0.44,1.27,0.44,0.01
2025-08-14T18:24:00.000,0.46,5.07,0.46,0.04
2025-08-14T18:25:00.000,0.43,5.14,0.43,0.04
2025-08-14T18:26:00.000,0.43,6.34,0.42,0.05
2025-08-14T18:27:00.000,0.43,5.96,0.43,0.04
2025-08-14T18:28:00.000,0.40,357.97,0.40,-0.01
2025-08-14T18:29:00.000,0.38,356.06,0.38,-0.03
2025-08-14T18:30:00.000,0.37,358.27,0.37,-0.01
2025-08-14T18:31:00.000,0.33,356.93,0.33,-0.02
2025-08-14T18:32:00.000,0.34,352.72,0.34,-0.04
2025-08-14T18:33:00.000,0.32,348.86,0.31,-0.06
2025-08-14T18:34:00.000,0.29,354.18,0.29,-0.03
2025-08-14T18:35:00.000,0.31,354.61,0.31,-0.03
2025-08-14T18:36:00.000,0.26,350.13,0.25,-0.04
2025-08-14T18:37:00.000,0.30,355.48,0.30,-0.02
2025-08-14T18:38:00.000,0.33,3.29,0.33,0.02
2025-08-14T18:39:00.000,0.31,359.90,0.31,-0.00
2025-08-14T18:40:00.000,0.37,8.59,0.36,0.05
2025-08-14T18:41:00.000,0.35,10.65,0.35,0.07
2025-08-14T18:42:00.000,0.36,6.85,0.35,0.04
2025-08-14T18:43:00.000,0.38,7.17,0.37,0.05
2025-08-14T18:44:00.000,0.37,9.36,0.37,0.06
2025-08-14T18:45:00.000,0.32,12.98,0.32,0.07
2025-08-14T18:46:00.000,0.36,11.47,0.36,0.07
2025-08-14T18:47:00.000,0.34,8.83,0.33,0.05
2025-08-14T18:48:00.000,0.33,10.47,0.32,0.06
2025-08-14T18:49:00.000,0.29,1.88,0.29,0.01
2025-08-14T18:50:00.000,0.27,356.93,0.27,-0.01
2025-08-14T18:51:00.000,0.26,354.68,0.26,-0.02
2025-08-14T18:52:00.000,0.27,352.62,0.27,-0.03
2025-08-14T18:53:00.000,0.31,359.98,0.31,-0.00
2025-08-14T18:54:00.000,0.32,1.16,0.32,0.01
2025-08-14T18:55:00.000,0.37,5.68,0.37,0.04
2025-08-14T18:56:00.000,0.36,4.74,0.36,0.03
2025-08-14T18:57:00.000,0.38,7.57,0.38,0.05
2025-08-14T18:58:00.000,0.37,8.87,0.36,0.06
2025-08-14T18:59:00.000,0.25,4.92,0.25,0.02
2025-08-14T19:00:00.000,0.17,357.81,0.17,-0.01
2025-08-14T19:01:00.000,0.20,3.63,0.20,0.01
2025-08-14T19:02:00.000,0.23,25.31,0.21,0.10
2025-08-14T19:03:00.000,0.16,30.49,0.14,0.08
2025-08-14T19:04:00.000,0.21,51.38,0.13,0.16
2025-08-14T19:05:00.000,0.21,37.28,0.17,0.13
2025-08-14T19:06:00.000,0.26,30.82,0.22,0.13
2025-08-14T19:07:00.000,0.36,32.12,0.31,0.19
2025-08-14T19:08:00.000,0.33,34.28,0.27,0.18
2025-08-14T19:09:00.000,0.32,23.99,0.29,0.13
2025-08-14T19:10:00.000,0.37,24.15,0.34,0.15
2025-08-14T19:11:00.000,0.33,13.66,0.32,0.08
2025-08-14T19:12:00.000,0.38,13.81,0.37,0.09
2025-08-14T19:13:00.000,0.38,21.73,0.35,0.14
2025-08-14T19:14:00.000,0.39,25.36,0.35,0.17
2025-08-14T19:15:00.000,0.42,26.66,0.37,0.19
2025-08-14T19:16:00.000,0.41,24.23,0.37,0.17
2025-08-14T19:17:00.000,0.44,29.68,0.38,0.22
2025-08-14T19:18:00.000,0.47,24.23,0.43,0.19
2025-08-14T19:19:00.000,0.47,20.76,0.44,0.17
2025-08-14T19:20:00.000,0.45,20.33,0.42,0.16
2025-08-14T19:21:00.000,0.44,24.45,0.40,0.18
2025-08-14T19:22:00.000,0.43,23.28,0.39,0.17
2025-08-14T19:23:00.000,0.44,19.08,0.42,0.14
2025-08-14T19:24:00.000,0.44,12.84,0.43,0.10
2025-08-14T19:25:00.000,0.46,14.16,0.44,0.11
2025-08-14T19:26:00.000,0.45,15.35,0.44,0.12
2025-08-14T19:27:00.000,0.46,14.34,0.45,0.11
2025-08-14T19:28:00.000,0.44,16.61,0.42,0.13
2025-08-14T19:29:00.000,0.46,15.16,0.44,0.12
2025-08-14T19:30:00.000,0.44,17.18,0.42,0.13
2025-08-14T19:31:00.000,0.44,13.19,0.43,0.10
2025-08-14T19:32:00.000,0.43,12.35,0.42,0.09
2025-08-14T19:33:00.000,0.44,12.30,0.43,0.09
2025-08-14T19:34:00.000,0.43,11.26,0.42,0.08
2025-08-14T19:35:00.000,0.44,11.78,0.43,0.09
2025-08-14T19:36:00.000,0.46,15.68,0.44,0.12
2025-08-14T19:37:00.000,0.47,15.57,0.46,0.13
2025-08-14T19:38:00.000,0.47,11.48,0.46,0.09
2025-08-14T19:39:00.000,0.48,12.09,0.47,0.10
2025-08-14T19:40:00.000,0.46,13.85,0.45,0.11
2025-08-14T19:41:00.000,0.45,11.09,0.44,0.09
2025-08-14T19:42:00.000,0.45,12.11,0.44,0.09
2025-08-14T19:43:00.000,0.44,8.49,0.44,0.07
2025-08-14T19:44:00.000,0.44,6.61,0.44,0.05
2025-08-14T19:45:00.000,0.45,8.29,0.44,0.06
2025-08-14T19:46:00.000,0.45,9.94,0.45,0.08
2025-08-14T19:47:00.000,0.43,7.06,0.43,0.05
2025-08-14T19:48:00.000,0.45,7.63,0.45,0.06
2025-08-14T19:49:00.000,0.45,10.62,0.45,0.08
2025-08-14T19:50:00.000,0.47,11.16,0.46,0.09
2025-08-14T19:51:00.000,0.46,9.29,0.45,0.07
2025-08-14T19:52:00.000,0.46,11.40,0.45,0.09
2025-08-14T19:53:00.000,0.45,11.38,0.44,0.09
2025-08-14T19:54:00.000,0.44,7.58,0.43,0.06
2025-08-14T19:55:00.000,0.43,14.00,0.42,0.10
2025-08-14T19:56:00.000,0.45,16.47,0.43,0.13
2025-08-14T19:57:00.000,0.46,12.83,0.45,0.10
2025-08-14T19:58:00.000,0.48,13.36,0.46,0.11
2025-08-14T19:59:00.000,0.49,11.13,0.48,0.09
2025-08-14T20:00:00.000,0.49,14.75,0.47,0.12
2025-08-14T20:01:00.000,0.48,13.85,0.47,0.12
2025-08-14T20:02:00.000,0.48,15.04,0.46,0.12
2025-08-14T20:03:00.000,0.47,12.79,0.46,0.10
2025-08-14T20:04:00.000,0.48,14.11,0.47,0.12
2025-08-14T20:05:00.000,0.48,12.81,0.46,0.11
2025-08-14T20:06:00.000,0.45,12.50,0.44,0.10
2025-08-14T20:07:00.000,0.46,12.93,0.45,0.10
2025-08-14T20:08:00.000,0.45,12.92,0.44,0.10
2025-08-14T20:09:00.000,0.46,13.30,0.45,0.11
2025-08-14T20:10:00.000,0.45,10.58,0.44,0.08
2025-08-14T20:11:00.000,0.44,13.86,0.42,0.10
2025-08-14T20:12:00.000,0.45,14.40,0.43,0.11
2025-08-14T20:13:00.000,0.46,15.37,0.44,0.12
2025-08-14T20:14:00.000,0.48,17.04,0.46,0.14
2025-08-14T20:15:00.000,0.49,16.42,0.47,0.14
2025-08-14T20:16:00.000,0.52,17.90,0.49,0.16
2025-08-14T20:17:00.000,0.52,20.00,0.49,0.18
2025-08-14T20:18:00.000,0.55,25.30,0.49,0.23
2025-08-14T20:19:00.000,0.55,22.20,0.51,0.21
2025-08-14T20:20:00.000,0.55,24.21,0.51,0.23
2025-08-14T20:21:00.000,0.59,24.65,0.54,0.25
2025-08-14T20:22:00.000,0.59,22.67,0.54,0.23
2025-08-14T20:23:00.000,0.56,20.36,0.53,0.20
2025-08-14T20:24:00.000,0.56,19.68,0.52,0.19
2025-08-14T20:25:00.000,0.56,18.12,0.53,0.17
2025-08-14T20:26:00.000,0.57,20.48,0.53,0.20
2025-08-14T20:27:00.000,0.59,21.45,0.55,0.22
2025-08-14T20:28:00.000,0.56,19.10,0.53,0.18
2025-08-14T20:29:00.000,0.59,18.60,0.56,0.19
2025-08-14T20:30:00.000,0.58,17.24,0.55,0.17
2025-08-14T20:31:00.000,0.58,18.51,0.55,0.18
2025-08-14T20:32:00.000,0.57,17.55,0.54,0.17
2025-08-14T20:33:00.000,0.55,17.10,0.52,0.16
2025-08-14T20:34:00.000,0.52,15.35,0.50,0.14
2025-08-14T20:35:00.000,0.53,15.31,0.51,0.14
2025-08-14T20:36:00.000,0.53,13.88,0.51,0.13
2025-08-14T20:37:00.000,0.53,14.92,0.51,0.14
2025-08-14T20:38:00.000,0.54,16.65,0.52,0.16
2025-08-14T20:39:00.000,0.53,14.88,0.51,0.14
2025-08-14T20:40:00.000,0.53,15.06,0.51,0.14
2025-08-14T20:41:00.000,0.53,14.94,0.51,0.14
2025-08-14T20:42:00.000,0.52,13.31,0.50,0.12
2025-08-14T20:43:00.000,0.50,10.32,0.49,0.09
2025-08-14T20:44:00.000,0.50,10.36,0.49,0.09
2025-08-14T20:45:00.000,0.48,8.02,0.47,0.07
2025-08-14T20:46:00.000,0.47,7.45,0.46,0.06
2025-08-14T20:47:00.000,0.48,10.23,0.47,0.09
2025-08-14T20:48:00.000,0.48,9.36,0.47,0.08
2025-08-14T20:49:00.000,0.48,10.73,0.48,0.09
2025-08-14T20:50:00.000,0.48,11.36,0.47,0.09
2025-08-14T20:51:00.000,0.50,11.49,0.49,0.10
2025-08-14T20:52:00.000,0.49,11.68,0.48,0.10
2025-08-14T20:53:00.000,0.49,11.49,0.48,0.10
2025-08-14T20:54:00.000,0.49,12.36,0.48,0.11
2025-08-14T20:55:00.000,0.49,10.54,0.48,0.09
2025-08-14T20:56:00.000,0.47,12.85,0.46,0.10
2025-08-14T20:57:00.000,0.48,11.20,0.47,0.09
2025-08-14T20:58:00.000,0.48,11.22,0.48,0.09
2025-08-14T20:59:00.000,0.48,11.10,0.47,0.09
2025-08-14T21:00:00.000,0.48,13.51,0.47,0.11
2025-08-14T21:01:00.000,0.48,13.02,0.47,0.11
2025-08-14T21:02:00.000,0.47,13.19,0.46,0.11
2025-08-14T21:03:00.000,0.49,14.90,0.47,0.13
2025-08-14T21:04:00.000,0.48,15.80,0.46,0.13
2025-08-14T21:05:00.000,0.47,15.62,0.45,0.13
2025-08-14T21:06:00.000,0.47,16.95,0.45,0.14
2025-08-14T21:07:00.000,0.47,18.95,0.44,0.15
2025-08-14T21:08:00.000,0.50,22.86,0.46,0.20
2025-08-14T21:09:00.000,0.52,26.71,0.46,0.23
2025-08-14T21:10:00.000,0.53,28.26,0.47,0.25
2025-08-14T21:11:00.000,0.52,26.88,0.47,0.24
2025-08-14T21:12:00.000,0.57,30.43,0.49,0.29
2025-08-14T21:13:00.000,0.61,30.90,0.52,0.31
2025-08-14T21:14:00.000,0.64,31.93,0.54,0.34
2025-08-14T21:15:00.000,0.68,35.02,0.56,0.39
2025-08-14T21:16:00.000,0.74,40.07,0.56,0.47
2025-08-14T21:17:00.000,0.70,34.28,0.58,0.39
2025-08-14T21:18:00.000,0.68,33.68,0.57,0.38
2025-08-14T21:19:00.000,0.73,37.22,0.58,0.44
2025-08-14T21:20:00.000,0.69,34.11,0.57,0.39
2025-08-14T21:21:00.000,0.66,33.22,0.56,0.36
2025-08-14T21:22:00.000,0.63,31.66,0.54,0.33
2025-08-14T21:23:00.000,0.65,32.02,0.55,0.34
2025-08-14T21:24:00.000,0.59,29.23,0.51,0.29
2025-08-14T21:25:00.000,0.62,31.56,0.53,0.33
2025-08-14T21:26:00.000,0.63,30.56,0.54,0.32
2025-08-14T21:27:00.000,0.60,24.64,0.54,0.25
2025-08-14T21:28:00.000,0.56,24.39,0.51,0.23
2025-08-14T21:29:00.000,0.56,23.01,0.52,0.22
2025-08-14T21:30:00.000,0.53,20.51,0.50,0.19
2025-08-14T21:31:00.000,0.53,18.68,0.51,0.17
2025-08-14T21:32:00.000,0.54,20.53,0.50,0.19
2025-08-14T21:33:00.000,3.45,40.09,2.64,2.22
2025-08-14T21:34:00.000,3.38,308.15,2.09,-2.66
2025-08-14T21:35:00.000,4.68,318.92,3.53,-3.08
2025-08-14T21:36:00.000,4.11,296.00,1.80,-3.70
2025-08-14T21:37:00.000,4.14,296.00,1.81,-3.72
2025-08-14T21:38:00.000,4.50,296.86,2.03,-4.01
2025-08-14T21:39:00.000,4.72,312.99,3.22,-3.45
2025-08-14T21:40:00.000,4.56,316.00,3.28,-3.17
2025-08-14T21:41:00.000,4.48,316.96,3.28,-3.06
2025-08-14T21:42:00.000,4.24,315.08,3.00,-2.99
2025-08-14T21:43:00.000,3.94,315.25,2.80,-2.78
2025-08-14T21:44:00.000,3.45,83.27,0.40,3.43
2025-08-14T21:45:00.000,2.84,17.99,2.70,0.88
2025-08-14T21:46:00.000,2.71,17.03,2.59,0.79
2025-08-14T21:47:00.000,2.69,19.39,2.53,0.89
2025-08-14T21:48:00.000,2.94,22.33,2.72,1.12
2025-08-14T21:49:00.000,3.40,37.79,2.69,2.08
2025-08-14T21:50:00.000,3.54,317.89,2.63,-2.37
2025-08-14T21:51:00.000,3.58,318.96,2.70,-2.35
2025-08-14T21:52:00.000,3.65,319.50,2.78,-2.37
2025-08-14T21:53:00.000,3.68,320.10,2.82,-2.36
2025-08-14T21:54:00.000,3.72,322.50,2.95,-2.26
2025-08-14T21:55:00.000,3.65,323.27,2.92,-2.18
2025-08-14T21:56:00.000,3.69,323.50,2.97,-2.19
2025-08-14T21:57:00.000,3.58,323.91,2.89,-2.11
2025-08-14T21:58:00.000,0.94,342.60,0.90,-0.28
2025-08-14T21:59:00.000,1.36,325.62,1.12,-0.77
2025-08-14T22:00:00.000,1.41,330.61,1.23,-0.69
2025-08-14T22:01:00.000,1.34,328.71,1.14,-0.69
2025-08-14T22:02:00.000,1.11,333.65,1.00,-0.49
2025-08-14T22:03:00.000,0.68,359.45,0.68,-0.01
2025-08-14T22:04:00.000,1.40,65.36,0.58,1.27
2025-08-14T22:05:00.000,1.15,61.51,0.55,1.01
2025-08-14T22:06:00.000,1.07,58.89,0.55,0.92
2025-08-14T22:07:00.000,1.07,61.78,0.51,0.95
2025-08-14T22:08:00.000,1.01,61.50,0.48,0.89
2025-08-14T22:09:00.000,1.01,62.55,0.47,0.90
2025-08-14T22:10:00.000,0.98,62.06,0.46,0.86
2025-08-14T22:11:00.000,0.91,60.73,0.45,0.80
2025-08-14T22:12:00.000,0.93,61.40,0.44,0.82
2025-08-14T22:13:00.000,0.94,63.57,0.42,0.84
2025-08-14T22:14:00.000,1.00,63.10,0.45,0.89
2025-08-14T22:15:00.000,0.90,60.03,0.45,0.78
2025-08-14T22:16:00.000,0.85,58.15,0.45,0.72
2025-08-14T22:17:00.000,0.85,57.21,0.46,0.72
2025-08-14T22:18:00.000,0.84,56.46,0.47,0.70
2025-08-14T22:19:00.000,0.82,53.60,0.49,0.66
2025-08-14T22:20:00.000,0.80,50.27,0.51,0.61
2025-08-14T22:21:00.000,0.80,47.94,0.54,0.60
2025-08-14T22:22:00.000,0.81,44.35,0.58,0.57
2025-08-14T22:23:00.000,0.79,44.24,0.57,0.55
2025-08-14T22:24:00.000,0.84,46.16,0.58,0.60
2025-08-14T22:25:00.000,0.80,40.56,0.61,0.52
2025-08-14T22:26:00.000,0.78,37.34,0.62,0.47
2025-08-14T22:27:00.000,0.77,36.24,0.62,0.45
2025-08-14T22:28:00.000,0.80,36.26,0.65,0.48
2025-08-14T22:29:00.000,1.01,62.14,0.47,0.90
2025-08-14T22:30:00.000,0.84,43.56,0.61,0.58
2025-08-14T22:31:00.000,0.83,39.99,0.63,0.53
2025-08-14T22:32:00.000,0.82,38.93,0.64,0.52
2025-08-14T22:33:00.000,0.77,33.52,0.64,0.43
2025-08-14T22:34:00.000,0.70,34.42,0.58,0.39
2025-08-14T22:35:00.000,0.68,31.66,0.58,0.36
2025-08-14T22:36:00.000,0.68,28.97,0.60,0.33
2025-08-14T22:37:00.000,0.68,25.50,0.62,0.29
2025-08-14T22:38:00.000,0.66,25.29,0.59,0.28
2025-08-14T22:39:00.000,0.65,24.80,0.59,0.27
2025-08-14T22:40:00.000,0.66,24.43,0.60,0.27
2025-08-14T22:41:00.000,0.66,25.20,0.59,0.28
2025-08-14T22:42:00.000,0.64,23.96,0.58,0.26
2025-08-14T22:43:00.000,0.64,28.93,0.56,0.31
2025-08-14T22:44:00.000,0.62,22.35,0.58,0.24
2025-08-14T22:45:00.000,0.62,21.41,0.58,0.23
2025-08-14T22:46:00.000,0.61,21.44,0.57,0.22
2025-08-14T22:47:00.000,0.60,20.80,0.56,0.21
2025-08-14T22:48:00.000,0.62,21.25,0.58,0.22
2025-08-14T22:49:00.000,0.63,20.41,0.59,0.22
2025-08-14T22:50:00.000,0.63,20.54,0.59,0.22
2025-08-14T22:51:00.000,0.64,21.13,0.59,0.23
2025-08-14T22:52:00.000,0.64,20.79,0.60,0.23
2025-08-14T22:53:00.000,0.65,20.04,0.61,0.22
2025-08-14T22:54:00.000,0.72,39.20,0.56,0.46
2025-08-14T22:55:00.000,0.72,34.84,0.59,0.41
2025-08-14T22:56:00.000,0.71,32.55,0.60,0.38
2025-08-14T22:57:00.000,0.72,33.66,0.60,0.40
2025-08-14T22:58:00.000,0.72,34.03,0.60,0.41
2025-08-14T22:59:00.000,0.74,34.15,0.61,0.41
2025-08-14T23:00:00.000,0.73,33.94,0.61,0.41
2025-08-14T23:01:00.000,0.74,33.74,0.61,0.41
2025-08-14T23:02:00.000,0.68,25.63,0.61,0.29
2025-08-14T23:03:00.000,0.70,26.31,0.63,0.31
2025-08-14T23:04:00.000,0.70,24.02,0.64,0.28
2025-08-14T23:05:00.000,0.69,23.79,0.63,0.28
2025-08-14T23:06:00.000,0.68,21.72,0.63,0.25
2025-08-14T23:07:00.000,0.68,20.00,0.64,0.23
2025-08-14T23:08:00.000,0.67,19.32,0.64,0.22
2025-08-14T23:09:00.000,0.68,19.04,0.65,0.22
2025-08-14T23:10:00.000,0.66,17.60,0.63,0.20
2025-08-14T23:11:00.000,0.66,16.55,0.63,0.19
2025-08-14T23:12:00.000,0.66,16.33,0.63,0.18
2025-08-14T23:13:00.000,0.66,15.01,0.63,0.17
2025-08-14T23:14:00.000,0.66,14.70,0.64,0.17
2025-08-14T23:15:00.000,0.67,13.80,0.65,0.16
2025-08-14T23:16:00.000,0.68,12.63,0.66,0.15
2025-08-14T23:17:00.000,0.67,11.55,0.66,0.13
2025-08-14T23:18:00.000,0.68,14.05,0.66,0.16
2025-08-14T23:19:00.000,0.69,11.78,0.68,0.14
2025-08-14T23:20:00.000,0.69,12.23,0.67,0.15
2025-08-14T23:21:00.000,0.69,12.95,0.68,0.16
2025-08-14T23:22:00.000,0.71,11.55,0.70,0.14
2025-08-14T23:23:00.000,0.71,11.34,0.70,0.14
2025-08-14T23:24:00.000,0.72,9.47,0.71,0.12
2025-08-14T23:25:00.000,0.75,7.61,0.75,0.10
2025-08-14T23:26:00.000,0.84,340.85,0.79,-0.28
2025-08-14T23:27:00.000,1.02,339.77,0.96,-0.35
2025-08-14T23:28:00.000,1.02,338.84,0.95,-0.37
2025-08-14T23:29:00.000,1.06,336.33,0.97,-0.42
2025-08-14T23:30:00.000,1.12,331.16,0.98,-0.54
2025-08-14T23:31:00.000,1.14,328.74,0.98,-0.59
2025-08-14T23:32:00.000,1.15,331.56,1.01,-0.55
2025-08-14T23:33:00.000,1.15,332.13,1.02,-0.54
2025-08-14T23:34:00.000,1.30,321.88,1.03,-0.80
2025-08-14T23:35:00.000,1.52,311.71,1.01,-1.14
2025-08-14T23:36:00.000,1.33,320.68,1.03,-0.84
2025-08-14T23:37:00.000,1.48,307.28,0.90,-1.18
2025-08-14T23:38:00.000,1.76,299.86,0.88,-1.53
2025-08-14T23:39:00.000,1.93,298.95,0.93,-1.69
2025-08-14T23:40:00.000,1.50,301.23,0.78,-1.28
2025-08-14T23:41:00.000,2.90,284.92,0.75,-2.80
2025-08-14T23:42:00.000,1.96,282.31,0.42,-1.91
2025-08-14T23:43:00.000,1.29,295.32,0.55,-1.17
2025-08-14T23:44:00.000,1.19,295.02,0.50,-1.07
2025-08-14T23:45:00.000,1.19,290.17,0.41,-1.12
2025-08-14T23:46:00.000,1.12,295.72,0.49,-1.01
2025-08-14T23:47:00.000,1.02,298.51,0.49,-0.90
2025-08-14T23:48:00.000,1.02,298.64,0.49,-0.89
2025-08-14T23:49:00.000,1.03,298.20,0.49,-0.91
2025-08-14T23:50:00.000,1.05,295.69,0.46,-0.95
2025-08-14T23:51:00.000,1.09,292.36,0.41,-1.01
2025-08-14T23:52:00.000,1.08,293.54,0.43,-0.99
2025-08-14T23:53:00.000,0.99,298.14,0.47,-0.87
2025-08-14T23:54:00.000,1.03,296.22,0.46,-0.92
2025-08-14T23:55:00.000,1.09,295.26,0.47,-0.99
2025-08-14T23:56:00.000,1.21,291.97,0.45,-1.12
2025-08-14T23:57:00.000,1.33,288.54,0.42,-1.26
2025-08-14T23:58:00.000,1.40,287.06,0.41,-1.34
2025-08-14T23:59:00.000,1.68,279.02,0.26,-1.66
2025-08-15T00:00:00.000,3.27,266.68,-0.19,-3.26
2025-08-15T00:01:00.000,2.20,270.86,0.03,-2.20
2025-08-15T00:02:00.000,1.69,280.16,0.30,-1.66
2025-08-15T00:03:00.000,1.61,277.13,0.20,-1.60
2025-08-15T00:04:00.000,1.36,285.13,0.35,-1.31
2025-08-15T00:05:00.000,1.36,287.43,0.41,-1.29
2025-08-15T00:06:00.000,1.43,286.10,0.40,-1.38
2025-08-15T00:07:00.000,1.41,285.97,0.39,-1.35
2025-08-15T00:08:00.000,1.36,288.07,0.42,-1.29
2025-08-15T00:09:00.000,1.30,290.80,0.46,-1.22
2025-08-15T00:10:00.000,1.35,287.92,0.42,-1.28
2025-08-15T00:11:00.000,1.44,284.99,0.37,-1.39
2025-08-15T00:12:00.000,1.43,285.45,0.38,-1.38
2025-08-15T00:13:00.000,1.46,281.98,0.30,-1.43
2025-08-15T00:14:00.000,1.44,282.80,0.32,-1.40
2025-08-15T00:15:00.000,1.35,284.50,0.34,-1.31
2025-08-15T00:16:00.000,1.30,286.71,0.37,-1.25
2025-08-15T00:17:00.000,1.31,286.66,0.38,-1.25
2025-08-15T00:18:00.000,1.28,286.33,0.36,-1.22
2025-08-15T00:19:00.000,1.28,285.08,0.33,-1.23
2025-08-15T00:20:00.000,1.34,282.46,0.29,-1.31
2025-08-15T00:21:00.000,1.41,281.35,0.28,-1.38
2025-08-15T00:22:00.000,1.42,280.55,0.26,-1.40
2025-08-15T00:23:00.000,1.43,281.54,0.29,-1.40
2025-08-15T00:24:00.000,1.62,279.38,0.26,-1.60
2025-08-15T00:25:00.000,1.52,280.68,0.28,-1.50
2025-08-15T00:26:00.000,1.43,282.25,0.30,-1.40
2025-08-15T00:27:00.000,1.38,282.96,0.31,-1.34
2025-08-15T00:28:00.000,1.33,285.54,0.36,-1.28
2025-08-15T00:29:00.000,1.30,286.28,0.36,-1.24
2025-08-15T00:30:00.000,1.21,290.27,0.42,-1.14
2025-08-15T00:31:00.000,1.18,290.53,0.41,-1.10
2025-08-15T00:32:00.000,1.20,290.27,0.41,-1.12
2025-08-15T00:33:00.000,1.23,288.83,0.40,-1.16
2025-08-15T00:34:00.000,1.26,286.19,0.35,-1.21
2025-08-15T00:35:00.000,1.30,286.57,0.37,-1.25
2025-08-15T00:36:00.000,1.36,283.61,0.32,-1.33
2025-08-15T00:37:00.000,1.30,285.24,0.34,-1.26
2025-08-15T00:38:00.000,1.33,284.52,0.33,-1.29
2025-08-15T00:39:00.000,1.24,288.91,0.40,-1.17
2025-08-15T00:40:00.000,1.16,289.82,0.39,-1.09
2025-08-15T00:41:00.000,1.08,292.52,0.42,-1.00
2025-08-15T00:42:00.000,1.06,293.56,0.43,-0.98
2025-08-15T00:43:00.000,1.01,294.41,0.42,-0.92
2025-08-15T00:44:00.000,1.07,292.26,0.41,-0.99
2025-08-15T00:45:00.000,1.06,290.35,0.37,-0.99
2025-08-15T00:46:00.000,1.07,291.80,0.40,-0.99
2025-08-15T00:47:00.000,1.15,288.66,0.37,-1.09
2025-08-15T00:48:00.000,1.17,287.93,0.36,-1.11
2025-08-15T00:49:00.000,1.32,283.82,0.32,-1.29
2025-08-15T00:50:00.000,1.29,284.79,0.33,-1.24
2025-08-15T00:51:00.000,1.22,287.01,0.36,-1.16
2025-08-15T00:52:00.000,1.23,288.29,0.39,-1.17
2025-08-15T00:53:00.000,1.25,287.22,0.37,-1.19
2025-08-15T00:54:00.000,1.13,291.14,0.41,-1.06
2025-08-15T00:55:00.000,1.19,289.50,0.40,-1.12
2025-08-15T00:56:00.000,1.14,289.71,0.38,-1.07
2025-08-15T00:57:00.000,1.08,289.58,0.36,-1.02
2025-08-15T00:58:00.000,1.10,290.62,0.39,-1.03
2025-08-15T00:59:00.000,1.12,291.45,0.41,-1.04
2025-08-15T01:00:00.000,1.11,291.23,0.40,-1.03
2025-08-15T01:01:00.000,1.12,289.95,0.38,-1.05
2025-08-15T01:02:00.000,1.10,289.96,0.37,-1.03
2025-08-15T01:03:00.000,1.10,289.72,0.37,-1.03
2025-08-15T01:04:00.000,1.05,292.38,0.40,-0.97
2025-08-15T01:05:00.000,1.07,290.68,0.38,-1.00
2025-08-15T01:06:00.000,1.06,290.50,0.37,-1.00
2025-08-15T01:07:00.000,1.09,288.69,0.35,-1.03
2025-08-15T01:08:00.000,1.06,289.69,0.36,-0.99
2025-08-15T01:09:00.000,1.04,288.17,0.33,-0.99
2025-08-15T01:10:00.000,1.14,283.68,0.27,-1.10
2025-08-15T01:11:00.000,1.15,283.20,0.26,-1.12
2025-08-15T01:12:00.000,1.16,284.56,0.29,-1.12
2025-08-15T01:13:00.000,1.12,284.84,0.29,-1.09
2025-08-15T01:14:00.000,1.02,288.40,0.32,-0.97
2025-08-15T01:15:00.000,1.06,285.45,0.28,-1.02
2025-08-15T01:16:00.000,1.06,287.30,0.31,-1.01
2025-08-15T01:17:00.000,1.05,286.15,0.29,-1.01
2025-08-15T01:18:00.000,1.00,288.18,0.31,-0.95
2025-08-15T01:19:00.000,1.01,287.23,0.30,-0.96
2025-08-15T01:20:00.000,0.96,290.60,0.34,-0.90
2025-08-15T01:21:00.000,0.94,291.36,0.34,-0.88
2025-08-15T01:22:00.000,0.94,290.65,0.33,-0.88
2025-08-15T01:23:00.000,0.90,292.41,0.34,-0.84
2025-08-15T01:24:00.000,0.94,290.57,0.33,-0.88
2025-08-15T01:25:00.000,0.91,291.80,0.34,-0.84
2025-08-15T01:26:00.000,0.92,291.48,0.34,-0.86
2025-08-15T01:27:00.000,0.90,293.85,0.36,-0.82
2025-08-15T01:28:00.000,0.90,294.33,0.37,-0.82
2025-08-15T01:29:00.000,0.85,297.61,0.39,-0.75
2025-08-15T01:30:00.000,0.83,299.07,0.40,-0.72
2025-08-15T01:31:00.000,0.85,296.98,0.39,-0.76
2025-08-15T01:32:00.000,0.90,292.51,0.35,-0.84
2025-08-15T01:33:00.000,1.02,288.95,0.33,-0.97
2025-08-15T01:34:00.000,1.03,287.88,0.31,-0.98
2025-08-15T01:35:00.000,0.99,288.98,0.32,-0.93
2025-08-15T01:36:00.000,0.98,291.28,0.36,-0.91
2025-08-15T01:37:00.000,0.89,298.32,0.42,-0.78
2025-08-15T01:38:00.000,0.87,298.61,0.42,-0.76
2025-08-15T01:39:00.000,0.89,297.75,0.42,-0.79
2025-08-15T01:40:00.000,0.89,297.24,0.41,-0.79
2025-08-15T01:41:00.000,0.86,299.25,0.42,-0.75
2025-08-15T01:42:00.000,0.81,304.54,0.46,-0.67
2025-08-15T01:43:00.000,0.75,307.53,0.46,-0.59
2025-08-15T01:44:00.000,0.76,307.07,0.46,-0.61
2025-08-15T01:45:00.000,0.75,308.24,0.46,-0.59
2025-08-15T01:46:00.000,0.79,303.03,0.43,-0.66
2025-08-15T01:47:00.000,0.77,303.38,0.42,-0.64
2025-08-15T01:48:00.000,0.80,299.97,0.40,-0.69
2025-08-15T01:49:00.000,0.82,299.69,0.41,-0.71
2025-08-15T01:50:00.000,0.80,301.57,0.42,-0.68
2025-08-15T01:51:00.000,0.77,319.61,0.59,-0.50
2025-08-15T01:52:00.000,0.74,323.54,0.60,-0.44
2025-08-15T01:53:00.000,0.74,325.83,0.61,-0.41
2025-08-15T01:54:00.000,0.75,324.98,0.61,-0.43
2025-08-15T01:55:00.000,0.74,322.60,0.59,-0.45
2025-08-15T01:56:00.000,0.77,319.85,0.59,-0.49
2025-08-15T01:57:00.000,0.72,293.83,0.29,-0.66
2025-08-15T01:58:00.000,0.81,303.43,0.45,-0.67
2025-08-15T01:59:00.000,0.85,298.64,0.41,-0.75
2025-08-15T02:00:00.000,0.99,291.56,0.36,-0.92
2025-08-15T02:01:00.000,1.12,288.57,0.36,-1.07
2025-08-15T02:02:00.000,1.04,290.07,0.36,-0.98
2025-08-15T02:03:00.000,0.91,295.73,0.39,-0.82
2025-08-15T02:04:00.000,0.82,300.69,0.42,-0.70
2025-08-15T02:05:00.000,0.71,310.40,0.46,-0.54
2025-08-15T02:06:00.000,0.60,328.22,0.51,-0.31
2025-08-15T02:07:00.000,0.58,330.83,0.51,-0.28
2025-08-15T02:08:00.000,0.57,331.81,0.50,-0.27
2025-08-15T02:09:00.000,0.59,330.32,0.51,-0.29
2025-08-15T02:10:00.000,0.59,329.05,0.50,-0.30
2025-08-15T02:11:00.000,0.59,329.27,0.51,-0.30
2025-08-15T02:12:00.000,0.60,325.80,0.49,-0.33
2025-08-15T02:13:00.000,0.59,327.19,0.50,-0.32
2025-08-15T02:14:00.000,0.58,330.43,0.51,-0.29
2025-08-15T02:15:00.000,0.58,331.56,0.51,-0.28
2025-08-15T02:16:00.000,0.58,333.75,0.52,-0.26
2025-08-15T02:17:00.000,0.58,334.77,0.53,-0.25
2025-08-15T02:18:00.000,0.55,335.94,0.51,-0.23
2025-08-15T02:19:00.000,0.61,338.24,0.57,-0.23
2025-08-15T02:20:00.000,0.62,337.53,0.58,-0.24
2025-08-15T02:21:00.000,0.62,335.99,0.57,-0.25
2025-08-15T02:22:00.000,0.63,333.19,0.56,-0.28
2025-08-15T02:23:00.000,0.65,328.08,0.55,-0.34
2025-08-15T02:24:00.000,0.70,318.11,0.52,-0.47
2025-08-15T02:25:00.000,0.72,315.89,0.52,-0.50
2025-08-15T02:26:00.000,0.71,316.73,0.52,-0.49
2025-08-15T02:27:00.000,0.72,316.24,0.52,-0.50
2025-08-15T02:28:00.000,0.71,318.17,0.53,-0.47
2025-08-15T02:29:00.000,0.68,322.91,0.54,-0.41
2025-08-15T02:30:00.000,0.67,324.09,0.54,-0.39
2025-08-15T02:31:00.000,0.65,329.45,0.56,-0.33
2025-08-15T02:32:00.000,0.65,329.64,0.56,-0.33
2025-08-15T02:33:00.000,0.65,328.46,0.55,-0.34
2025-08-15T02:34:00.000,0.64,331.19,0.56,-0.31
2025-08-15T02:35:00.000,0.66,328.62,0.56,-0.34
2025-08-15T02:36:00.000,0.67,323.06,0.54,-0.40
2025-08-15T02:37:00.000,0.66,321.87,0.52,-0.41
2025-08-15T02:38:00.000,0.75,312.69,0.51,-0.55
2025-08-15T02:39:00.000,0.78,311.23,0.51,-0.58
2025-08-15T02:40:00.000,0.86,304.98,0.49,-0.71
2025-08-15T02:41:00.000,0.96,301.88,0.51,-0.82
2025-08-15T02:42:00.000,0.96,305.80,0.56,-0.78
2025-08-15T02:43:00.000,1.25,303.69,0.69,-1.04
2025-08-15T02:44:00.000,1.76,298.58,0.84,-1.55
2025-08-15T02:45:00.000,3.24,296.38,1.44,-2.90
2025-08-15T02:46:00.000,6.30,292.20,2.38,-5.83
2025-08-15T02:47:00.000,9.06,289.26,2.99,-8.56
2025-08-15T02:48:00.000,11.57,289.11,3.79,-10.93
2025-08-15T02:49:00.000,13.24,288.75,4.26,-12.54
2025-08-15T02:50:00.000,14.90,286.37,4.20,-14.30
2025-08-15T02:51:00.000,16.52,284.52,4.14,-15.99
2025-08-15T02:52:00.000,18.15,283.43,4.22,-17.66
2025-08-15T02:53:00.000,19.45,281.85,4.00,-19.04
2025-08-15T02:54:00.000,20.40,280.90,3.86,-20.03
2025-08-15T02:55:00.000,21.55,281.50,4.30,-21.12
2025-08-15T02:56:00.000,22.54,281.96,4.67,-22.05
2025-08-15T02:57:00.000,23.24,283.26,5.33,-22.62
2025-08-15T02:58:00.000,23.74,284.40,5.90,-23.00
2025-08-15T02:59:00.000,24.30,284.82,6.21,-23.49
2025-08-15T03:00:00.000,24.77,285.88,6.78,-23.82
2025-08-15T03:01:00.000,25.08,286.22,7.01,-24.08
2025-08-15T03:02:00.000,25.40,286.26,7.11,-24.38
2025-08-15T03:03:00.000,26.10,286.00,7.19,-25.09
2025-08-15T03:04:00.000,26.56,285.88,7.27,-25.55
2025-08-15T03:05:00.000,26.83,285.65,7.24,-25.83
2025-08-15T03:06:00.000,26.95,285.39,7.15,-25.98
2025-08-15T03:07:00.000,27.30,285.11,7.12,-26.35
2025-08-15T03:08:00.000,27.75,284.95,7.16,-26.81
2025-08-15T03:09:00.000,28.13,284.94,7.25,-27.18
2025-08-15T03:10:00.000,28.52,284.94,7.35,-27.56
2025-08-15T03:11:00.000,28.86,285.20,7.57,-27.85
2025-08-15T03:12:00.000,29.12,285.13,7.60,-28.11
2025-08-15T03:13:00.000,29.07,285.04,7.55,-28.07
2025-08-15T03:14:00.000,29.19,285.13,7.62,-28.17
2025-08-15T03:15:00.000,29.45,285.03,7.64,-28.44
2025-08-15T03:16:00.000,29.64,285.16,7.75,-28.61
2025-08-15T03:17:00.000,29.80,285.37,7.90,-28.73
2025-08-15T03:18:00.000,29.84,285.27,7.86,-28.79
2025-08-15T03:19:00.000,30.05,285.03,7.79,-29.02
2025-08-15T03:20:00.000,30.09,284.90,7.74,-29.07
2025-08-15T03:21:00.000,30.06,284.79,7.67,-29.06
2025-08-15T03:22:00.000,30.02,284.80,7.67,-29.02
2025-08-15T03:23:00.000,30.01,284.93,7.73,-28.99
2025-08-15T03:24:00.000,30.00,284.99,7.76,-28.98
2025-08-15T03:25:00.000,29.89,285.16,7.82,-28.85
2025-08-15T03:26:00.000,30.03,285.09,7.82,-28.99
2025-08-15T03:27:00.000,29.99,285.13,7.83,-28.95
2025-08-15T03:28:00.000,29.96,285.21,7.86,-28.91
2025-08-15T03:29:00.000,29.69,285.21,7.79,-28.65
2025-08-15T03:30:00.000,29.44,285.29,7.77,-28.40
2025-08-15T03:31:00.000,29.42,285.25,7.74,-28.39
2025-08-15T03:32:00.000,29.54,285.23,7.76,-28.50
2025-08-15T03:33:00.000,29.53,285.22,7.75,-28.50
2025-08-15T03:34:00.000,29.67,285.14,7.75,-28.64
2025-08-15T03:35:00.000,29.86,284.99,7.72,-28.85
2025-08-15T03:36:00.000,29.93,284.93,7.71,-28.92
2025-08-15T03:37:00.000,30.09,284.74,7.65,-29.10
2025-08-15T03:38:00.000,30.19,284.58,7.60,-29.22
2025-08-15T03:39:00.000,30.56,284.29,7.54,-29.61
2025-08-15T03:40:00.000,30.78,284.48,7.70,-29.80
2025-08-15T03:41:00.000,30.97,284.95,7.99,-29.92
2025-08-15T03:42:00.000,31.31,285.26,8.24,-30.20
2025-08-15T03:43:00.000,31.67,285.24,8.32,-30.56
2025-08-15T03:44:00.000,31.78,285.26,8.36,-30.66
2025-08-15T03:45:00.000,31.86,285.17,8.34,-30.75
2025-08-15T03:46:00.000,32.14,285.17,8.41,-31.02
2025-08-15T03:47:00.000,32.33,285.49,8.64,-31.16
2025-08-15T03:48:00.000,32.61,286.12,9.06,-31.33
2025-08-15T03:49:00.000,32.81,286.38,9.25,-31.48
2025-08-15T03:50:00.000,33.48,286.99,9.78,-32.02
2025-08-15T03:51:00.000,33.77,287.28,10.03,-32.24
2025-08-15T03:52:00.000,34.13,287.52,10.28,-32.54
2025-08-15T03:53:00.000,34.30,287.49,10.31,-32.71
2025-08-15T03:54:00.000,34.71,287.35,10.35,-33.13
2025-08-15T03:55:00.000,34.92,287.22,10.34,-33.36
2025-08-15T03:56:00.000,35.06,287.44,10.51,-33.45
2025-08-15T03:57:00.000,35.16,287.58,10.62,-33.51
2025-08-15T03:58:00.000,35.41,287.43,10.61,-33.78
2025-08-15T03:59:00.000,35.76,287.34,10.66,-34.13
2025-08-15T04:00:00.000,35.60,287.27,10.57,-33.99
2025-08-15T04:01:00.000,36.00,286.81,10.41,-34.46
2025-08-15T04:02:00.000,36.06,286.76,10.40,-34.53
2025-08-15T04:03:00.000,36.35,286.63,10.40,-34.83
2025-08-15T04:04:00.000,36.22,286.54,10.31,-34.73
2025-08-15T04:05:00.000,36.64,286.36,10.32,-35.16
2025-08-15T04:06:00.000,36.88,286.01,10.17,-35.45
2025-08-15T04:07:00.000,37.12,286.21,10.36,-35.64
2025-08-15T04:08:00.000,37.07,286.24,10.37,-35.59
2025-08-15T04:09:00.000,36.83,286.33,10.36,-35.34
2025-08-15T04:10:00.000,36.85,286.58,10.51,-35.31
2025-08-15T04:11:00.000,36.64,286.85,10.62,-35.07
2025-08-15T04:12:00.000,36.43,287.22,10.79,-34.80
2025-08-15T04:13:00.000,36.11,287.56,10.89,-34.43
2025-08-15T04:14:00.000,35.83,287.74,10.92,-34.13
2025-08-15T04:15:00.000,35.16,287.64,10.66,-33.51
2025-08-15T04:16:00.000,34.60,287.51,10.41,-33.00
2025-08-15T04:17:00.000,34.03,287.05,9.98,-32.53
2025-08-15T04:18:00.000,33.72,287.10,9.92,-32.22
2025-08-15T04:19:00.000,33.06,287.41,9.89,-31.55
2025-08-15T04:20:00.000,32.18,288.15,10.02,-30.58
2025-08-15T04:21:00.000,31.65,288.40,9.99,-30.03
2025-08-15T04:22:00.000,31.09,289.52,10.39,-29.31
2025-08-15T04:23:00.000,30.48,290.96,10.90,-28.46
2025-08-15T04:24:00.000,29.92,291.28,10.86,-27.88
2025-08-15T04:25:00.000,29.28,290.78,10.39,-27.38
2025-08-15T04:26:00.000,28.72,291.12,10.35,-26.79
2025-08-15T04:27:00.000,27.98,289.96,9.55,-26.30
2025-08-15T04:28:00.000,27.36,289.21,9.00,-25.84
2025-08-15T04:29:00.000,26.85,289.21,8.83,-25.36
2025-08-15T04:30:00.000,26.64,289.06,8.70,-25.18
2025-08-15T04:31:00.000,26.10,290.27,9.04,-24.48
2025-08-15T04:32:00.000,25.73,285.31,6.79,-24.82
2025-08-15T04:33:00.000,25.42,286.29,7.13,-24.40
2025-08-15T04:34:00.000,24.94,288.02,7.72,-23.72
2025-08-15T04:35:00.000,24.48,287.66,7.43,-23.33
2025-08-15T04:36:00.000,24.02,289.85,8.16,-22.60
2025-08-15T04:37:00.000,23.97,290.60,8.43,-22.43
2025-08-15T04:38:00.000,23.77,290.72,8.41,-22.24
2025-08-15T04:39:00.000,23.58,290.05,8.08,-22.15
2025-08-15T04:40:00.000,23.13,291.67,8.54,-21.50
2025-08-15T04:41:00.000,22.92,293.69,9.21,-20.99
2025-08-15T04:42:00.000,22.73,303.49,12.54,-18.95
2025-08-15T04:43:00.000,22.60,303.11,12.35,-18.93
2025-08-15T04:44:00.000,22.69,302.22,12.10,-19.20
2025-08-15T04:45:00.000,22.85,301.71,12.01,-19.44
2025-08-15T04:46:00.000,22.85,301.78,12.03,-19.42
2025-08-15T04:47:00.000,22.74,300.71,11.61,-19.55
2025-08-15T04:48:00.000,22.67,299.46,11.15,-19.74
2025-08-15T04:49:00.000,22.55,298.55,10.78,-19.81
2025-08-15T04:50:00.000,22.74,299.96,11.35,-19.70
2025-08-15T04:51:00.000,22.74,294.83,9.55,-20.63
2025-08-15T04:52:00.000,22.74,295.14,9.66,-20.59
2025-08-15T04:53:00.000,22.63,295.43,9.72,-20.44
2025-08-15T04:54:00.000,22.75,295.44,9.77,-20.54
2025-08-15T04:55:00.000,22.48,295.54,9.69,-20.28
2025-08-15T04:56:00.000,22.39,295.61,9.68,-20.19
2025-08-15T04:57:00.000,22.28,295.52,9.60,-20.11
2025-08-15T04:58:00.000,22.04,295.77,9.58,-19.85
2025-08-15T04:59:00.000,21.94,296.05,9.63,-19.71
2025-08-15T05:00:00.000,21.62,296.13,9.52,-19.41
2025-08-15T05:01:00.000,21.44,296.44,9.54,-19.20
2025-08-15T05:02:00.000,20.91,296.92,9.46,-18.64
2025-08-15T05:03:00.000,20.21,298.05,9.50,-17.83
2025-08-15T05:04:00.000,19.11,298.85,9.22,-16.74
2025-08-15T05:05:00.000,18.27,299.34,8.95,-15.92
2025-08-15T05:06:00.000,17.44,299.56,8.60,-15.17
2025-08-15T05:07:00.000,16.45,301.19,8.52,-14.07
2025-08-15T05:08:00.000,14.86,305.31,8.59,-12.12
2025-08-15T05:09:00.000,12.88,308.20,7.96,-10.12
2025-08-15T05:10:00.000,10.62,312.12,7.12,-7.88
2025-08-15T05:11:00.000,8.11,316.97,5.93,-5.54
2025-08-15T05:12:00.000,4.92,326.94,4.12,-2.68
2025-08-15T05:13:00.000,3.03,331.79,2.67,-1.43
2025-08-15T05:14:00.000,1.67,335.42,1.52,-0.70
2025-08-15T05:15:00.000,1.01,337.87,0.94,-0.38
2025-08-15T05:16:00.000,1.06,335.89,0.96,-0.43
2025-08-15T05:17:00.000,1.08,335.01,0.98,-0.46
2025-08-15T05:18:00.000,1.09,336.04,0.99,-0.44
2025-08-15T05:19:00.000,1.10,337.96,1.02,-0.41
2025-08-15T05:20:00.000,1.12,338.07,1.04,-0.42
2025-08-15T05:21:00.000,1.12,338.90,1.04,-0.40
2025-08-15T05:22:00.000,1.11,336.16,1.02,-0.45
2025-08-15T05:23:00.000,1.13,337.53,1.05,-0.43
2025-08-15T05:24:00.000,1.11,339.68,1.04,-0.39
2025-08-15T05:25:00.000,1.09,342.17,1.03,-0.33
2025-08-15T05:26:00.000,1.09,342.27,1.04,-0.33
2025-08-15T05:27:00.000,1.07,343.26,1.03,-0.31
2025-08-15T05:28:00.000,1.09,341.37,1.03,-0.35
2025-08-15T05:29:00.000,1.08,341.11,1.02,-0.35
2025-08-15T05:30:00.000,1.09,340.55,1.03,-0.36
2025-08-15T05:31:00.000,1.07,340.65,1.01,-0.35
2025-08-15T05:32:00.000,0.98,338.76,0.92,-0.36
2025-08-15T05:33:00.000,0.97,340.42,0.91,-0.32
2025-08-15T05:34:00.000,0.97,340.09,0.91,-0.33
2025-08-15T05:35:00.000,0.98,339.19,0.91,-0.35
2025-08-15T05:36:00.000,0.99,349.94,0.98,-0.17
2025-08-15T05:37:00.000,1.30,73.30,0.37,1.24
2025-08-15T05:38:00.000,1.47,34.74,1.21,0.84
2025-08-15T05:39:00.000,0.93,29.44,0.81,0.46
2025-08-15T05:40:00.000,0.80,21.80,0.74,0.30
2025-08-15T05:41:00.000,0.80,18.51,0.76,0.25
2025-08-15T05:42:00.000,0.79,14.85,0.76,0.20
2025-08-15T05:43:00.000,0.76,11.66,0.75,0.15
2025-08-15T05:44:00.000,0.76,11.69,0.74,0.15
2025-08-15T05:45:00.000,0.75,9.44,0.74,0.12
2025-08-15T05:46:00.000,0.63,14.41,0.61,0.16
2025-08-15T05:47:00.000,0.67,11.66,0.66,0.14
2025-08-15T05:48:00.000,0.64,356.19,0.64,-0.04
2025-08-15T05:49:00.000,0.60,355.35,0.60,-0.05
2025-08-15T05:50:00.000,0.58,355.90,0.58,-0.04
2025-08-15T05:51:00.000,0.55,0.09,0.55,0.00
2025-08-15T05:52:00.000,0.56,358.97,0.56,-0.01
2025-08-15T05:53:00.000,0.58,358.11,0.58,-0.02
2025-08-15T05:54:00.000,0.59,357.36,0.59,-0.03
2025-08-15T05:55:00.000,0.60,358.15,0.60,-0.02
2025-08-15T05:56:00.000,0.58,357.55,0.58,-0.03
2025-08-15T05:57:00.000,0.60,356.58,0.60,-0.04
2025-08-15T05:58:00.000,0.60,358.51,0.60,-0.02
2025-08-15T05:59:00.000,0.61,359.53,0.61,-0.00
2025-08-15T06:00:00.000,0.60,359.91,0.60,-0.00
2025-08-15T06:01:00.000,0.60,0.54,0.60,0.01
2025-08-15T06:02:00.000,0.62,1.70,0.62,0.02
2025-08-15T06:03:00.000,0.62,2.19,0.62,0.02
2025-08-15T06:04:00.000,0.62,0.98,0.62,0.01
2025-08-15T06:05:00.000,0.63,359.43,0.63,-0.01
2025-08-15T06:06:00.000,0.63,358.27,0.63,-0.02
2025-08-15T06:07:00.000,0.62,358.06,0.62,-0.02
2025-08-15T06:08:00.000,0.61,357.32,0.61,-0.03
2025-08-15T06:09:00.000,0.61,357.28,0.61,-0.03
2025-08-15T06:10:00.000,0.62,357.76,0.62,-0.02
2025-08-15T06:11:00.000,0.62,358.63,0.62,-0.01
2025-08-15T06:12:00.000,0.63,359.66,0.63,-0.00
2025-08-15T06:13:00.000,0.63,0.11,0.63,0.00
2025-08-15T06:14:00.000,0.65,3.93,0.65,0.04
2025-08-15T06:15:00.000,0.65,2.93,0.65,0.03
2025-08-15T06:16:00.000,0.66,3.89,0.66,0.04
2025-08-15T06:17:00.000,0.64,3.29,0.64,0.04
2025-08-15T06:18:00.000,0.65,2.26,0.64,0.03
2025-08-15T06:19:00.000,0.65,2.43,0.65,0.03
2025-08-15T06:20:00.000,0.64,0.60,0.64,0.01
2025-08-15T06:21:00.000,0.64,359.89,0.64,-0.00
2025-08-15T06:22:00.000,0.65,359.89,0.65,-0.00
2025-08-15T06:23:00.000,0.67,1.21,0.67,0.01
2025-08-15T06:24:00.000,0.66,0.99,0.66,0.01
2025-08-15T06:25:00.000,0.68,2.87,0.68,0.03
2025-08-15T06:26:00.000,0.68,3.65,0.68,0.04
2025-08-15T06:27:00.000,0.70,6.39,0.70,0.08
2025-08-15T06:28:00.000,0.68,5.77,0.68,0.07
2025-08-15T06:29:00.000,0.67,5.21,0.66,0.06
2025-08-15T06:30:00.000,0.66,2.84,0.66,0.03
2025-08-15T06:31:00.000,0.65,1.34,0.65,0.02
2025-08-15T06:32:00.000,0.65,359.46,0.65,-0.01
2025-08-15T06:33:00.000,0.64,357.77,0.64,-0.02
2025-08-15T06:34:00.000,0.63,357.51,0.63,-0.03
2025-08-15T06:35:00.000,0.63,356.49,0.63,-0.04
2025-08-15T06:36:00.000,0.63,354.20,0.63,-0.06
2025-08-15T06:37:00.000,0.62,354.96,0.62,-0.05
2025-08-15T06:38:00.000,0.63,355.56,0.63,-0.05
2025-08-15T06:39:00.000,0.63,355.68,0.63,-0.05
2025-08-15T06:40:00.000,0.63,355.01,0.63,-0.05
2025-08-15T06:41:00.000,0.63,355.49,0.63,-0.05
2025-08-15T06:42:00.000,0.62,355.99,0.62,-0.04
2025-08-15T06:43:00.000,0.63,356.07,0.63,-0.04
2025-08-15T06:44:00.000,0.63,357.14,0.63,-0.03
2025-08-15T06:45:00.000,0.62,354.45,0.62,-0.06
2025-08-15T06:46:00.000,0.62,353.59,0.61,-0.07
2025-08-15T06:47:00.000,0.61,352.96,0.61,-0.07
2025-08-15T06:48:00.000,0.61,353.21,0.60,-0.07
2025-08-15T06:49:00.000,0.62,354.54,0.62,-0.06
2025-08-15T06:50:00.000,0.62,355.48,0.62,-0.05
2025-08-15T06:51:00.000,0.63,356.36,0.63,-0.04
2025-08-15T06:52:00.000,0.64,357.46,0.64,-0.03
2025-08-15T06:53:00.000,0.65,359.92,0.65,-0.00
2025-08-15T06:54:00.000,0.67,1.16,0.67,0.01
2025-08-15T06:55:00.000,0.68,3.49,0.67,0.04
2025-08-15T06:56:00.000,0.70,7.27,0.70,0.09
2025-08-15T06:57:00.000,0.72,8.56,0.71,0.11
2025-08-15T06:58:00.000,0.71,8.51,0.70,0.11
2025-08-15T06:59:00.000,0.72,9.25,0.71,0.12
2025-08-15T07:00:00.000,0.69,5.43,0.69,0.07
2025-08-15T07:01:00.000,0.73,6.99,0.72,0.09
2025-08-15T07:02:00.000,0.69,5.12,0.69,0.06
2025-08-15T07:03:00.000,0.73,9.80,0.72,0.12
2025-08-15T07:04:00.000,0.74,12.16,0.73,0.16
2025-08-15T07:05:00.000,0.76,13.03,0.74,0.17
2025-08-15T07:06:00.000,0.75,16.52,0.72,0.21
2025-08-15T07:07:00.000,0.82,21.33,0.76,0.30
2025-08-15T07:08:00.000,0.74,14.27,0.72,0.18
2025-08-15T07:09:00.000,0.76,18.25,0.72,0.24
2025-08-15T07:10:00.000,0.73,8.75,0.72,0.11
2025-08-15T07:11:00.000,0.76,17.63,0.72,0.23
2025-08-15T07:12:00.000,0.81,14.12,0.78,0.20
2025-08-15T07:13:00.000,0.77,14.93,0.75,0.20
2025-08-15T07:14:00.000,0.72,7.77,0.71,0.10
2025-08-15T07:15:00.000,0.70,6.25,0.70,0.08
2025-08-15T07:16:00.000,0.71,6.81,0.70,0.08
2025-08-15T07:17:00.000,0.74,8.69,0.73,0.11
2025-08-15T07:18:00.000,0.74,8.17,0.73,0.10
2025-08-15T07:19:00.000,0.68,4.02,0.68,0.05
2025-08-15T07:20:00.000,0.68,5.85,0.68,0.07
2025-08-15T07:21:00.000,0.67,4.51,0.67,0.05
2025-08-15T07:22:00.000,0.66,1.19,0.66,0.01
2025-08-15T07:23:00.000,0.65,2.87,0.65,0.03
2025-08-15T07:24:00.000,0.64,3.66,0.64,0.04
2025-08-15T07:25:00.000,0.66,1.68,0.66,0.02
2025-08-15T07:26:00.000,0.65,3.61,0.65,0.04
2025-08-15T07:27:00.000,0.64,5.11,0.64,0.06
2025-08-15T07:28:00.000,0.65,3.43,0.64,0.04
2025-08-15T07:29:00.000,0.64,1.09,0.64,0.01
2025-08-15T07:30:00.000,0.64,0.32,0.64,0.00
2025-08-15T07:31:00.000,0.64,0.77,0.64,0.01
2025-08-15T07:32:00.000,0.63,357.53,0.63,-0.03
2025-08-15T07:33:00.000,0.62,356.08,0.61,-0.04
2025-08-15T07:34:00.000,0.62,356.16,0.62,-0.04
2025-08-15T07:35:00.000,0.61,355.04,0.61,-0.05
2025-08-15T07:36:00.000,0.59,350.59,0.58,-0.10
2025-08-15T07:37:00.000,0.62,354.30,0.62,-0.06
2025-08-15T07:38:00.000,0.63,354.60,0.63,-0.06
2025-08-15T07:39:00.000,0.63,354.09,0.63,-0.06
2025-08-15T07:40:00.000,0.65,354.20,0.64,-0.07
2025-08-15T07:41:00.000,0.64,356.37,0.64,-0.04
2025-08-15T07:42:00.000,0.64,355.42,0.64,-0.05
2025-08-15T07:43:00.000,0.64,355.07,0.63,-0.05
2025-08-15T07:44:00.000,0.63,356.22,0.63,-0.04
2025-08-15T07:45:00.000,0.63,357.72,0.63,-0.02
2025-08-15T07:46:00.000,0.62,356.53,0.62,-0.04
2025-08-15T07:47:00.000,0.63,355.06,0.62,-0.05
2025-08-15T07:48:00.000,0.63,356.93,0.63,-0.03
2025-08-15T07:49:00.000,0.66,357.14,0.66,-0.03
2025-08-15T07:50:00.000,0.66,0.26,0.66,0.00
2025-08-15T07:51:00.000,0.67,3.51,0.67,0.04
2025-08-15T07:52:00.000,0.70,8.59,0.70,0.10
2025-08-15T07:53:00.000,0.68,9.68,0.67,0.11
2025-08-15T07:54:00.000,0.75,13.46,0.73,0.17
2025-08-15T07:55:00.000,0.70,6.10,0.69,0.07
2025-08-15T07:56:00.000,0.66,3.24,0.65,0.04
2025-08-15T07:57:00.000,0.64,2.43,0.64,0.03
2025-08-15T07:58:00.000,0.64,6.53,0.64,0.07
2025-08-15T07:59:00.000,0.62,2.64,0.62,0.03
2025-08-15T08:00:00.000,0.63,7.34,0.63,0.08
2025-08-15T08:01:00.000,0.65,11.39,0.64,0.13
2025-08-15T08:02:00.000,0.73,14.65,0.71,0.18
2025-08-15T08:03:00.000,0.68,13.71,0.66,0.16
2025-08-15T08:04:00.000,0.67,16.91,0.65,0.20
2025-08-15T08:05:00.000,0.67,15.17,0.65,0.18
2025-08-15T08:06:00.000,0.63,11.45,0.62,0.12
2025-08-15T08:07:00.000,0.61,13.12,0.60,0.14
2025-08-15T08:08:00.000,0.65,24.76,0.59,0.27
2025-08-15T08:09:00.000,0.65,12.42,0.63,0.14
2025-08-15T08:10:00.000,0.67,13.48,0.65,0.16
2025-08-15T08:11:00.000,0.73,8.49,0.73,0.11
2025-08-15T08:12:00.000,0.71,6.82,0.70,0.08
2025-08-15T08:13:00.000,0.68,19.58,0.64,0.23
2025-08-15T08:14:00.000,0.83,30.75,0.72,0.43
2025-08-15T08:15:00.000,0.86,26.91,0.77,0.39
2025-08-15T08:16:00.000,0.94,31.63,0.80,0.49
2025-08-15T08:17:00.000,0.80,23.41,0.74,0.32
2025-08-15T08:18:00.000,0.76,17.66,0.72,0.23
2025-08-15T08:19:00.000,0.81,28.79,0.71,0.39
2025-08-15T08:20:00.000,0.69,18.12,0.66,0.22
2025-08-15T08:21:00.000,0.66,6.92,0.65,0.08
2025-08-15T08:22:00.000,0.64,5.93,0.64,0.07
2025-08-15T08:23:00.000,0.70,9.83,0.69,0.12
2025-08-15T08:24:00.000,0.66,7.20,0.66,0.08
2025-08-15T08:25:00.000,0.64,7.40,0.64,0.08
2025-08-15T08:26:00.000,0.65,6.62,0.65,0.07
2025-08-15T08:27:00.000,0.66,7.42,0.65,0.08
2025-08-15T08:28:00.000,0.66,6.89,0.65,0.08
2025-08-15T08:29:00.000,0.67,5.50,0.66,0.06
2025-08-15T08:30:00.000,0.68,7.80,0.68,0.09
2025-08-15T08:31:00.000,0.67,8.86,0.66,0.10
2025-08-15T08:32:00.000,0.65,4.62,0.65,0.05
2025-08-15T08:33:00.000,0.68,4.00,0.68,0.05
2025-08-15T08:34:00.000,0.67,4.87,0.66,0.06
2025-08-15T08:35:00.000,0.69,6.46,0.69,0.08
2025-08-15T08:36:00.000,0.72,7.82,0.71,0.10
2025-08-15T08:37:00.000,0.76,10.85,0.75,0.14
2025-08-15T08:38:00.000,0.83,16.90,0.79,0.24
2025-08-15T08:39:00.000,0.81,16.94,0.78,0.24
2025-08-15T08:40:00.000,0.84,21.72,0.78,0.31
2025-08-15T08:41:00.000,1.01,28.76,0.89,0.49
2025-08-15T08:42:00.000,0.97,34.57,0.80,0.55
2025-08-15T08:43:00.000,1.01,30.55,0.87,0.51
2025-08-15T08:44:00.000,1.07,29.22,0.93,0.52
2025-08-15T08:45:00.000,1.24,35.33,1.01,0.72
2025-08-15T08:46:00.000,0.99,28.42,0.87,0.47
2025-08-15T08:47:00.000,0.95,27.62,0.84,0.44
2025-08-15T08:48:00.000,0.93,22.59,0.86,0.36
2025-08-15T08:49:00.000,1.01,32.65,0.85,0.54
2025-08-15T08:50:00.000,1.28,39.30,0.99,0.81
2025-08-15T08:51:00.000,1.21,35.77,0.98,0.70
2025-08-15T08:52:00.000,1.32,36.06,1.07,0.78
2025-08-15T08:53:00.000,1.24,39.80,0.95,0.79
2025-08-15T08:54:00.000,1.03,26.60,0.92,0.46
2025-08-15T08:55:00.000,0.95,24.02,0.86,0.39
2025-08-15T08:56:00.000,0.92,26.42,0.82,0.41
2025-08-15T08:57:00.000,0.97,27.13,0.86,0.44
2025-08-15T08:58:00.000,0.89,21.67,0.83,0.33
2025-08-15T08:59:00.000,0.95,25.32,0.86,0.41
2025-08-15T09:00:00.000,1.13,30.35,0.97,0.57
2025-08-15T09:01:00.000,1.09,25.21,0.99,0.47
2025-08-15T09:02:00.000,1.03,25.02,0.93,0.44
2025-08-15T09:03:00.000,1.37,34.08,1.14,0.77
2025-08-15T09:04:00.000,1.46,33.84,1.21,0.81
2025-08-15T09:05:00.000,1.75,35.25,1.43,1.01
2025-08-15T09:06:00.000,1.84,36.13,1.48,1.08
2025-08-15T09:07:00.000,1.70,40.79,1.28,1.11
2025-08-15T09:08:00.000,1.18,26.02,1.06,0.52
2025-08-15T09:09:00.000,1.33,32.17,1.13,0.71
2025-08-15T09:10:00.000,1.13,29.28,0.98,0.55
2025-08-15T09:11:00.000,1.23,29.10,1.07,0.60
2025-08-15T09:12:00.000,1.11,27.80,0.98,0.52
2025-08-15T09:13:00.000,1.23,27.36,1.09,0.56
2025-08-15T09:14:00.000,1.25,33.50,1.04,0.69
2025-08-15T09:15:00.000,1.14,28.07,1.00,0.53
2025-08-15T09:16:00.000,1.05,28.33,0.92,0.50
2025-08-15T09:17:00.000,1.02,25.99,0.92,0.45
2025-08-15T09:18:00.000,1.00,20.15,0.94,0.35
2025-08-15T09:19:00.000,1.02,22.37,0.94,0.39
2025-08-15T09:20:00.000,0.94,20.15,0.88,0.32
2025-08-15T09:21:00.000,1.04,21.16,0.97,0.38
2025-08-15T09:22:00.000,0.87,17.52,0.82,0.26
2025-08-15T09:23:00.000,0.94,16.98,0.90,0.28
2025-08-15T09:24:00.000,0.92,14.61,0.89,0.23
2025-08-15T09:25:00.000,0.90,14.37,0.87,0.22
2025-08-15T09:26:00.000,0.94,16.71,0.90,0.27
2025-08-15T09:27:00.000,0.89,14.64,0.86,0.23
2025-08-15T09:28:00.000,0.95,17.28,0.91,0.28
2025-08-15T09:29:00.000,0.97,20.91,0.91,0.35
2025-08-15T09:30:00.000,0.90,16.60,0.86,0.26
2025-08-15T09:31:00.000,0.96,17.06,0.92,0.28
2025-08-15T09:32:00.000,0.89,18.90,0.84,0.29
2025-08-15T09:33:00.000,0.92,16.76,0.88,0.26
2025-08-15T09:34:00.000,0.89,17.30,0.85,0.26
2025-08-15T09:35:00.000,0.89,17.09,0.85,0.26
2025-08-15T09:36:00.000,0.87,18.18,0.82,0.27
2025-08-15T09:37:00.000,0.88,14.58,0.86,0.22
2025-08-15T09:38:00.000,0.89,15.40,0.86,0.24
2025-08-15T09:39:00.000,0.89,17.67,0.85,0.27
2025-08-15T09:40:00.000,0.90,17.55,0.86,0.27
2025-08-15T09:41:00.000,0.90,16.34,0.86,0.25
2025-08-15T09:42:00.000,0.88,16.22,0.85,0.25
2025-08-15T09:43:00.000,0.85,18.00,0.80,0.26
2025-08-15T09:44:00.000,0.88,19.54,0.83,0.29
2025-08-15T09:45:00.000,0.83,16.04,0.80,0.23
2025-08-15T09:46:00.000,0.83,14.63,0.80,0.21
2025-08-15T09:47:00.000,0.81,15.12,0.78,0.21
2025-08-15T09:48:00.000,0.87,19.24,0.82,0.29
2025-08-15T09:49:00.000,0.86,20.53,0.81,0.30
2025-08-15T09:50:00.000,0.94,23.62,0.87,0.38
2025-08-15T09:51:00.000,0.93,26.46,0.83,0.41
2025-08-15T09:52:00.000,0.93,26.18,0.84,0.41
2025-08-15T09:53:00.000,0.92,22.49,0.85,0.35
2025-08-15T09:54:00.000,0.94,22.49,0.87,0.36
2025-08-15T09:55:00.000,0.86,19.52,0.81,0.29
2025-08-15T09:56:00.000,0.87,20.18,0.82,0.30
2025-08-15T09:57:00.000,0.87,19.25,0.82,0.29
2025-08-15T09:58:00.000,0.84,17.28,0.80,0.25
2025-08-15T09:59:00.000,0.85,18.41,0.81,0.27
2025-08-15T10:00:00.000,0.87,21.19,0.81,0.31
2025-08-15T10:01:00.000,0.96,27.09,0.86,0.44
2025-08-15T10:02:00.000,0.90,23.02,0.83,0.35
2025-08-15T10:03:00.000,0.92,23.20,0.85,0.36
2025-08-15T10:04:00.000,0.89,24.87,0.81,0.37
2025-08-15T10:05:00.000,0.84,20.87,0.78,0.30
2025-08-15T10:06:00.000,0.87,24.33,0.80,0.36
2025-08-15T10:07:00.000,0.87,26.00,0.78,0.38
2025-08-15T10:08:00.000,0.90,25.23,0.81,0.38
2025-08-15T10:09:00.000,0.90,25.43,0.81,0.39
2025-08-15T10:10:00.000,0.92,27.01,0.82,0.42
2025-08-15T10:11:00.000,1.00,29.62,0.87,0.49
2025-08-15T10:12:00.000,0.93,22.37,0.86,0.35
2025-08-15T10:13:00.000,0.98,27.66,0.86,0.45
2025-08-15T10:14:00.000,0.92,24.08,0.84,0.38
2025-08-15T10:15:00.000,0.94,27.43,0.84,0.43
2025-08-15T10:16:00.000,0.86,20.40,0.80,0.30
2025-08-15T10:17:00.000,0.82,17.48,0.78,0.25
2025-08-15T10:18:00.000,0.86,22.64,0.80,0.33
2025-08-15T10:19:00.000,0.82,19.18,0.77,0.27
2025-08-15T10:20:00.000,0.82,19.08,0.77,0.27
2025-08-15T10:21:00.000,0.88,21.32,0.82,0.32
2025-08-15T10:22:00.000,0.89,23.15,0.82,0.35
2025-08-15T10:23:00.000,0.87,21.66,0.81,0.32
2025-08-15T10:24:00.000,0.93,25.49,0.84,0.40
2025-08-15T10:25:00.000,0.85,21.30,0.80,0.31
2025-08-15T10:26:00.000,0.85,18.31,0.80,0.27
2025-08-15T10:27:00.000,0.83,16.98,0.79,0.24
2025-08-15T10:28:00.000,0.86,16.28,0.82,0.24
2025-08-15T10:29:00.000,0.83,13.26,0.81,0.19
2025-08-15T10:30:00.000,0.83,14.17,0.80,0.20
2025-08-15T10:31:00.000,0.86,15.72,0.83,0.23
2025-08-15T10:32:00.000,0.92,20.30,0.86,0.32
2025-08-15T10:33:00.000,0.97,23.51,0.89,0.39
2025-08-15T10:34:00.000,0.95,21.67,0.88,0.35
2025-08-15T10:35:00.000,0.95,19.79,0.90,0.32
2025-08-15T10:36:00.000,0.93,19.14,0.88,0.30
2025-08-15T10:37:00.000,0.93,19.24,0.88,0.31
2025-08-15T10:38:00.000,0.88,16.00,0.84,0.24
2025-08-15T10:39:00.000,0.84,15.06,0.81,0.22
2025-08-15T10:40:00.000,0.81,11.28,0.80,0.16
2025-08-15T10:41:00.000,0.83,13.64,0.80,0.20
2025-08-15T10:42:00.000,0.80,16.47,0.77,0.23
2025-08-15T10:43:00.000,0.86,17.85,0.82,0.26
2025-08-15T10:44:00.000,0.91,23.02,0.84,0.36
2025-08-15T10:45:00.000,0.99,24.11,0.91,0.41
2025-08-15T10:46:00.000,0.99,22.49,0.91,0.38
2025-08-15T10:47:00.000,1.10,24.23,1.00,0.45
2025-08-15T10:48:00.000,0.99,21.50,0.92,0.36
2025-08-15T10:49:00.000,0.89,19.55,0.84,0.30
2025-08-15T10:50:00.000,0.89,16.38,0.85,0.25
2025-08-15T10:51:00.000,0.85,14.49,0.83,0.21
2025-08-15T10:52:00.000,0.83,14.11,0.80,0.20
2025-08-15T10:53:00.000,0.85,14.02,0.82,0.20
2025-08-15T10:54:00.000,0.81,14.28,0.79,0.20
2025-08-15T10:55:00.000,0.88,15.80,0.85,0.24
2025-08-15T10:56:00.000,0.91,17.38,0.87,0.27
2025-08-15T10:57:00.000,0.88,16.52,0.84,0.25
2025-08-15T10:58:00.000,0.90,15.72,0.87,0.24
2025-08-15T10:59:00.000,0.88,15.34,0.85,0.23
2025-08-15T11:00:00.000,0.85,11.67,0.83,0.17
2025-08-15T11:01:00.000,0.86,10.96,0.85,0.16
2025-08-15T11:02:00.000,0.82,10.99,0.81,0.16
2025-08-15T11:03:00.000,0.84,12.97,0.82,0.19
2025-08-15T11:04:00.000,0.89,16.32,0.86,0.25
2025-08-15T11:05:00.000,0.95,15.07,0.92,0.25
2025-08-15T11:06:00.000,0.95,15.94,0.91,0.26
2025-08-15T11:07:00.000,0.97,20.18,0.91,0.33
2025-08-15T11:08:00.000,1.12,23.11,1.03,0.44
2025-08-15T11:09:00.000,1.03,18.60,0.98,0.33
2025-08-15T11:10:00.000,1.18,22.86,1.09,0.46
2025-08-15T11:11:00.000,1.03,18.94,0.97,0.33
2025-08-15T11:12:00.000,1.03,17.67,0.98,0.31
2025-08-15T11:13:00.000,1.04,19.54,0.98,0.35
2025-08-15T11:14:00.000,0.95,14.18,0.92,0.23
2025-08-15T11:15:00.000,0.93,13.54,0.90,0.22
2025-08-15T11:16:00.000,0.91,11.38,0.89,0.18
2025-08-15T11:17:00.000,0.89,11.27,0.88,0.17
2025-08-15T11:18:00.000,1.01,14.82,0.98,0.26
2025-08-15T11:19:00.000,0.96,12.91,0.94,0.22
2025-08-15T11:20:00.000,0.89,10.22,0.88,0.16
2025-08-15T11:21:00.000,0.81,6.65,0.81,0.09
2025-08-15T11:22:00.000,0.82,4.96,0.82,0.07
2025-08-15T11:23:00.000,0.88,8.34,0.87,0.13
2025-08-15T11:24:00.000,0.88,6.42,0.88,0.10
2025-08-15T11:25:00.000,0.82,6.26,0.82,0.09
2025-08-15T11:26:00.000,0.86,9.34,0.85,0.14
2025-08-15T11:27:00.000,0.91,3.98,0.91,0.06
2025-08-15T11:28:00.000,0.92,4.31,0.92,0.07
2025-08-15T11:29:00.000,0.93,4.54,0.92,0.07
2025-08-15T11:30:00.000,0.93,2.79,0.93,0.05
2025-08-15T11:31:00.000,0.85,3.61,0.85,0.05
2025-08-15T11:32:00.000,0.95,357.89,0.95,-0.04
2025-08-15T11:33:00.000,0.92,359.51,0.92,-0.01
2025-08-15T11:34:00.000,0.85,358.94,0.85,-0.02
2025-08-15T11:35:00.000,0.83,352.46,0.83,-0.11
2025-08-15T11:36:00.000,0.80,354.19,0.80,-0.08
2025-08-15T11:37:00.000,0.80,335.07,0.73,-0.34
2025-08-15T11:38:00.000,0.76,350.98,0.75,-0.12
2025-08-15T11:39:00.000,0.82,333.18,0.73,-0.37
2025-08-15T11:40:00.000,0.81,341.63,0.77,-0.25
2025-08-15T11:41:00.000,0.76,335.65,0.69,-0.31
2025-08-15T11:42:00.000,0.79,307.65,0.48,-0.62
2025-08-15T11:43:00.000,0.75,327.11,0.63,-0.41
2025-08-15T11:44:00.000,0.81,323.59,0.65,-0.48
2025-08-15T11:45:00.000,0.79,333.80,0.71,-0.35
2025-08-15T11:46:00.000,0.80,338.20,0.74,-0.30
2025-08-15T11:47:00.000,0.88,331.75,0.78,-0.42
2025-08-15T11:48:00.000,0.82,332.84,0.73,-0.37
2025-08-15T11:49:00.000,0.91,336.37,0.84,-0.37
2025-08-15T11:50:00.000,0.86,332.38,0.76,-0.40
2025-08-15T11:51:00.000,0.83,329.68,0.72,-0.42
2025-08-15T11:52:00.000,0.81,333.67,0.73,-0.36
2025-08-15T11:53:00.000,0.80,337.45,0.74,-0.31
2025-08-15T11:54:00.000,0.82,339.90,0.77,-0.28
2025-08-15T11:55:00.000,0.78,341.91,0.74,-0.24
2025-08-15T11:56:00.000,0.80,339.60,0.75,-0.28
2025-08-15T11:57:00.000,0.74,339.89,0.69,-0.25
2025-08-15T11:58:00.000,0.74,338.03,0.69,-0.28
2025-08-15T11:59:00.000,0.74,344.00,0.71,-0.20
2025-08-15T12:00:00.000,0.76,340.37,0.72,-0.26
2025-08-15T12:01:00.000,0.78,337.39,0.72,-0.30
2025-08-15T12:02:00.000,0.73,345.25,0.71,-0.19
2025-08-15T12:03:00.000,0.77,333.93,0.69,-0.34
2025-08-15T12:04:00.000,0.76,323.94,0.62,-0.45
2025-08-15T12:05:00.000,0.73,338.51,0.68,-0.27
2025-08-15T12:06:00.000,0.74,330.62,0.65,-0.36
2025-08-15T12:07:00.000,0.74,340.74,0.70,-0.24
2025-08-15T12:08:00.000,0.73,329.46,0.63,-0.37
2025-08-15T12:09:00.000,0.72,343.08,0.68,-0.21
2025-08-15T12:10:00.000,0.72,326.59,0.60,-0.40
2025-08-15T12:11:00.000,0.74,340.06,0.70,-0.25
2025-08-15T12:12:00.000,0.69,349.62,0.68,-0.12
2025-08-15T12:13:00.000,0.69,336.11,0.63,-0.28
2025-08-15T12:14:00.000,0.66,345.10,0.64,-0.17
2025-08-15T12:15:00.000,0.70,342.04,0.67,-0.22
2025-08-15T12:16:00.000,0.66,349.87,0.65,-0.12
2025-08-15T12:17:00.000,0.70,341.14,0.66,-0.23
2025-08-15T12:18:00.000,0.65,332.04,0.57,-0.30
2025-08-15T12:19:00.000,0.65,339.54,0.61,-0.23
2025-08-15T12:20:00.000,0.66,345.20,0.64,-0.17
2025-08-15T12:21:00.000,0.65,333.02,0.58,-0.30
2025-08-15T12:22:00.000,0.67,342.16,0.64,-0.21
2025-08-15T12:23:00.000,0.62,340.05,0.58,-0.21
2025-08-15T12:24:00.000,0.69,344.72,0.67,-0.18
2025-08-15T12:25:00.000,0.67,339.45,0.63,-0.24
2025-08-15T12:26:00.000,0.64,347.50,0.62,-0.14
2025-08-15T12:27:00.000,0.65,345.60,0.63,-0.16
2025-08-15T12:28:00.000,0.72,347.11,0.70,-0.16
2025-08-15T12:29:00.000,0.68,348.53,0.66,-0.13
2025-08-15T12:30:00.000,0.68,345.53,0.66,-0.17
2025-08-15T12:31:00.000,0.72,355.01,0.72,-0.06
2025-08-15T12:32:00.000,0.75,341.83,0.71,-0.23
2025-08-15T12:33:00.000,0.69,356.05,0.69,-0.05
2025-08-15T12:34:00.000,0.73,331.01,0.64,-0.35
2025-08-15T12:35:00.000,0.71,330.39,0.62,-0.35
2025-08-15T12:36:00.000,0.75,339.12,0.70,-0.27
2025-08-15T12:37:00.000,0.72,345.90,0.70,-0.18
2025-08-15T12:38:00.000,0.72,343.01,0.69,-0.21
2025-08-15T12:39:00.000,0.76,318.34,0.57,-0.51
2025-08-15T12:40:00.000,0.69,350.12,0.68,-0.12
2025-08-15T12:41:00.000,0.68,347.63,0.67,-0.15
2025-08-15T12:42:00.000,0.72,344.22,0.69,-0.20
2025-08-15T12:43:00.000,0.68,343.27,0.65,-0.19
2025-08-15T12:44:00.000,0.68,346.30,0.66,-0.16
2025-08-15T12:45:00.000,0.68,344.50,0.66,-0.18
2025-08-15T12:46:00.000,0.71,348.24,0.70,-0.15
2025-08-15T12:47:00.000,0.66,347.64,0.65,-0.14
2025-08-15T12:48:00.000,0.63,350.31,0.62,-0.11
2025-08-15T12:49:00.000,0.73,338.88,0.68,-0.26
2025-08-15T12:50:00.000,0.74,350.96,0.73,-0.12
2025-08-15T12:51:00.000,0.61,343.03,0.59,-0.18
2025-08-15T12:52:00.000,0.67,332.63,0.59,-0.31
2025-08-15T12:53:00.000,0.64,342.37,0.61,-0.19
2025-08-15T12:54:00.000,0.64,343.25,0.61,-0.18
2025-08-15T12:55:00.000,0.66,338.45,0.61,-0.24
2025-08-15T12:56:00.000,0.64,336.16,0.59,-0.26
2025-08-15T12:57:00.000,0.71,333.49,0.63,-0.32
2025-08-15T12:58:00.000,0.70,338.10,0.65,-0.26
2025-08-15T12:59:00.000,0.78,330.01,0.67,-0.39
2025-08-15T13:00:00.000,0.69,316.91,0.50,-0.47
2025-08-15T13:01:00.000,0.62,336.44,0.57,-0.25
2025-08-15T13:02:00.000,0.62,332.78,0.55,-0.29
2025-08-15T13:03:00.000,0.88,333.07,0.78,-0.40
2025-08-15T13:04:00.000,0.78,326.07,0.65,-0.44
2025-08-15T13:05:00.000,0.63,334.28,0.57,-0.27
2025-08-15T13:06:00.000,0.60,327.76,0.51,-0.32
2025-08-15T13:07:00.000,0.51,311.71,0.34,-0.38
2025-08-15T13:08:00.000,0.57,327.16,0.48,-0.31
2025-08-15T13:09:00.000,0.59,333.50,0.53,-0.26
2025-08-15T13:10:00.000,0.64,309.67,0.41,-0.49
2025-08-15T13:11:00.000,0.68,350.07,0.67,-0.12
2025-08-15T13:12:00.000,0.54,351.67,0.54,-0.08
2025-08-15T13:13:00.000,0.55,352.15,0.54,-0.07
2025-08-15T13:14:00.000,0.52,348.72,0.51,-0.10
2025-08-15T13:15:00.000,0.53,354.82,0.53,-0.05
2025-08-15T13:16:00.000,0.52,0.21,0.52,0.00
2025-08-15T13:17:00.000,0.55,350.34,0.55,-0.09
2025-08-15T13:18:00.000,0.56,349.42,0.55,-0.10
2025-08-15T13:19:00.000,0.56,352.31,0.56,-0.08
2025-08-15T13:20:00.000,0.53,336.96,0.48,-0.21
2025-08-15T13:21:00.000,0.60,338.76,0.56,-0.22
2025-08-15T13:22:00.000,0.59,354.69,0.59,-0.05
2025-08-15T13:23:00.000,0.57,340.34,0.54,-0.19
2025-08-15T13:24:00.000,0.66,350.39,0.65,-0.11
2025-08-15T13:25:00.000,0.51,339.75,0.48,-0.18
2025-08-15T13:26:00.000,0.67,7.12,0.66,0.08
2025-08-15T13:27:00.000,0.65,356.49,0.65,-0.04
2025-08-15T13:28:00.000,0.69,352.47,0.68,-0.09
2025-08-15T13:29:00.000,0.55,352.98,0.54,-0.07
2025-08-15T13:30:00.000,0.60,348.01,0.58,-0.12
2025-08-15T13:31:00.000,0.57,342.84,0.55,-0.17
2025-08-15T13:32:00.000,0.62,337.26,0.57,-0.24
2025-08-15T13:33:00.000,0.52,320.48,0.40,-0.33
2025-08-15T13:34:00.000,0.54,349.85,0.53,-0.10
2025-08-15T13:35:00.000,0.55,343.79,0.53,-0.15
2025-08-15T13:36:00.000,0.71,5.80,0.71,0.07
2025-08-15T13:37:00.000,0.59,357.84,0.59,-0.02
2025-08-15T13:38:00.000,0.59,350.14,0.58,-0.10
2025-08-15T13:39:00.000,0.66,357.78,0.66,-0.03
2025-08-15T13:40:00.000,0.63,358.39,0.63,-0.02
2025-08-15T13:41:00.000,0.54,349.67,0.53,-0.10
2025-08-15T13:42:00.000,0.58,340.63,0.55,-0.19
2025-08-15T13:43:00.000,0.61,352.48,0.61,-0.08
2025-08-15T13:44:00.000,0.55,347.78,0.54,-0.12
2025-08-15T13:45:00.000,0.52,334.54,0.47,-0.22
2025-08-15T13:46:00.000,0.58,347.69,0.56,-0.12
2025-08-15T13:47:00.000,0.59,346.99,0.58,-0.13
2025-08-15T13:48:00.000,0.66,1.25,0.66,0.01
2025-08-15T13:49:00.000,0.65,357.07,0.65,-0.03
2025-08-15T13:50:00.000,0.51,355.52,0.51,-0.04
2025-08-15T13:51:00.000,0.62,8.84,0.61,0.10
2025-08-15T13:52:00.000,0.62,0.95,0.62,0.01
2025-08-15T13:53:00.000,0.61,355.82,0.61,-0.04
2025-08-15T13:54:00.000,0.59,345.94,0.57,-0.14
2025-08-15T13:55:00.000,0.60,355.98,0.60,-0.04
2025-08-15T13:56:00.000,0.62,339.97,0.58,-0.21
2025-08-15T13:57:00.000,0.54,351.98,0.54,-0.08
2025-08-15T13:58:00.000,0.54,358.17,0.54,-0.02
2025-08-15T13:59:00.000,0.53,349.09,0.52,-0.10
2025-08-15T14:00:00.000,0.59,353.25,0.59,-0.07
2025-08-15T14:01:00.000,0.64,1.38,0.64,0.02
2025-08-15T14:02:00.000,0.59,359.38,0.59,-0.01
2025-08-15T14:03:00.000,0.68,3.71,0.68,0.04
2025-08-15T14:04:00.000,0.72,357.10,0.71,-0.04
2025-08-15T14:05:00.000,0.64,343.65,0.61,-0.18
2025-08-15T14:06:00.000,0.56,354.96,0.56,-0.05
2025-08-15T14:07:00.000,0.50,343.94,0.48,-0.14
2025-08-15T14:08:00.000,0.64,350.44,0.64,-0.11
2025-08-15T14:09:00.000,0.77,325.12,0.63,-0.44
2025-08-15T14:10:00.000,0.67,350.40,0.66,-0.11
2025-08-15T14:11:00.000,0.73,3.57,0.73,0.05
2025-08-15T14:12:00.000,0.60,349.50,0.59,-0.11
2025-08-15T14:13:00.000,0.68,2.86,0.68,0.03
2025-08-15T14:14:00.000,0.61,2.39,0.61,0.03
2025-08-15T14:15:00.000,0.91,10.36,0.89,0.16
2025-08-15T14:16:00.000,0.84,8.76,0.83,0.13
2025-08-15T14:17:00.000,0.80,9.62,0.79,0.13
2025-08-15T14:18:00.000,0.67,10.24,0.66,0.12
2025-08-15T14:19:00.000,0.59,357.80,0.59,-0.02
2025-08-15T14:20:00.000,0.61,358.15,0.61,-0.02
2025-08-15T14:21:00.000,0.56,355.41,0.56,-0.04
2025-08-15T14:22:00.000,0.66,358.52,0.66,-0.02
2025-08-15T14:23:00.000,0.75,11.26,0.73,0.15
2025-08-15T14:24:00.000,0.60,353.79,0.60,-0.07
2025-08-15T14:25:00.000,0.60,16.39,0.58,0.17
2025-08-15T14:26:00.000,0.57,351.61,0.56,-0.08
2025-08-15T14:27:00.000,0.70,10.78,0.69,0.13
2025-08-15T14:28:00.000,0.69,9.68,0.68,0.12
2025-08-15T14:29:00.000,0.54,8.01,0.53,0.08
2025-08-15T14:30:00.000,0.53,8.20,0.53,0.08
2025-08-15T14:31:00.000,0.44,327.08,0.37,-0.24
2025-08-15T14:32:00.000,0.72,1.66,0.72,0.02
2025-08-15T14:33:00.000,0.37,355.18,0.37,-0.03
2025-08-15T14:34:00.000,0.47,336.02,0.43,-0.19
2025-08-15T14:35:00.000,0.55,11.74,0.54,0.11
2025-08-15T14:36:00.000,0.55,350.45,0.54,-0.09
2025-08-15T14:37:00.000,0.64,18.72,0.60,0.20
2025-08-15T14:38:00.000,0.67,7.27,0.67,0.09
2025-08-15T14:39:00.000,0.60,3.50,0.60,0.04
2025-08-15T14:40:00.000,0.69,10.45,0.68,0.13
2025-08-15T14:41:00.000,0.50,334.32,0.45,-0.22
2025-08-15T14:42:00.000,0.68,12.40,0.66,0.15
2025-08-15T14:43:00.000,0.66,357.02,0.66,-0.03
2025-08-15T14:44:00.000,0.55,350.28,0.54,-0.09
2025-08-15T14:45:00.000,0.51,5.53,0.51,0.05
2025-08-15T14:46:00.000,0.50,335.64,0.45,-0.20
2025-08-15T14:47:00.000,0.57,356.54,0.57,-0.03
2025-08-15T14:48:00.000,0.53,346.44,0.51,-0.12
2025-08-15T14:49:00.000,0.50,344.07,0.48,-0.14
2025-08-15T14:50:00.000,0.63,6.19,0.62,0.07
2025-08-15T14:51:00.000,0.63,344.69,0.61,-0.17
2025-08-15T14:52:00.000,0.54,1.10,0.54,0.01
2025-08-15T14:53:00.000,0.64,3.30,0.64,0.04
2025-08-15T14:54:00.000,0.36,330.21,0.31,-0.18
2025-08-15T14:55:00.000,0.48,347.14,0.47,-0.11
2025-08-15T14:56:00.000,0.55,358.68,0.55,-0.01
2025-08-15T14:57:00.000,0.51,339.52,0.48,-0.18
2025-08-15T14:58:00.000,0.56,340.10,0.53,-0.19
2025-08-15T14:59:00.000,0.61,349.02,0.60,-0.12
2025-08-15T15:00:00.000,0.43,346.36,0.42,-0.10
2025-08-15T15:01:00.000,0.47,357.12,0.47,-0.02
2025-08-15T15:02:00.000,0.58,358.07,0.58,-0.02
2025-08-15T15:03:00.000,0.49,16.73,0.47,0.14
2025-08-15T15:04:00.000,0.55,353.82,0.54,-0.06
2025-08-15T15:05:00.000,0.69,11.75,0.67,0.14
2025-08-15T15:06:00.000,0.70,8.33,0.69,0.10
2025-08-15T15:07:00.000,0.56,359.60,0.56,-0.00
2025-08-15T15:08:00.000,0.53,358.27,0.53,-0.02
2025-08-15T15:09:00.000,0.62,5.31,0.61,0.06
2025-08-15T15:10:00.000,0.52,3.65,0.52,0.03
2025-08-15T15:11:00.000,0.59,16.69,0.56,0.17
2025-08-15T15:12:00.000,0.57,6.53,0.56,0.06
2025-08-15T15:13:00.000,0.55,9.13,0.55,0.09
2025-08-15T15:14:00.000,0.78,18.60,0.74,0.25
2025-08-15T15:15:00.000,0.56,12.66,0.55,0.12
2025-08-15T15:16:00.000,0.67,21.73,0.62,0.25
2025-08-15T15:17:00.000,0.69,8.79,0.68,0.10
2025-08-15T15:18:00.000,0.67,13.46,0.65,0.16
2025-08-15T15:19:00.000,0.67,12.99,0.65,0.15
2025-08-15T15:20:00.000,0.65,22.03,0.60,0.24
2025-08-15T15:21:00.000,0.60,7.72,0.60,0.08
2025-08-15T15:22:00.000,0.67,10.38,0.65,0.12
2025-08-15T15:23:00.000,0.51,356.85,0.51,-0.03
2025-08-15T15:24:00.000,0.59,1.33,0.59,0.01
2025-08-15T15:25:00.000,0.64,359.47,0.64,-0.01
2025-08-15T15:26:00.000,0.48,355.09,0.48,-0.04
2025-08-15T15:27:00.000,0.60,1.66,0.60,0.02
2025-08-15T15:28:00.000,0.62,359.67,0.62,-0.00
2025-08-15T15:29:00.000,0.71,358.44,0.71,-0.02
2025-08-15T15:30:00.000,0.63,5.86,0.63,0.06
2025-08-15T15:31:00.000,0.63,2.81,0.63,0.03
2025-08-15T15:32:00.000,0.64,1.34,0.64,0.01
2025-08-15T15:33:00.000,0.60,2.04,0.60,0.02
2025-08-15T15:34:00.000,0.59,352.12,0.58,-0.08
2025-08-15T15:35:00.000,0.56,351.02,0.55,-0.09
2025-08-15T15:36:00.000,0.74,340.99,0.70,-0.24
2025-08-15T15:37:00.000,0.55,355.89,0.55,-0.04
2025-08-15T15:38:00.000,0.66,354.74,0.66,-0.06
2025-08-15T15:39:00.000,0.62,8.37,0.62,0.09
2025-08-15T15:40:00.000,0.60,6.24,0.60,0.07
2025-08-15T15:41:00.000,0.59,357.17,0.59,-0.03
2025-08-15T15:42:00.000,0.57,6.35,0.56,0.06
2025-08-15T15:43:00.000,0.63,355.72,0.63,-0.05
2025-08-15T15:44:00.000,0.68,348.84,0.67,-0.13
2025-08-15T15:45:00.000,0.71,0.97,0.71,0.01
2025-08-15T15:46:00.000,0.56,339.07,0.52,-0.20
2025-08-15T15:47:00.000,0.52,350.65,0.52,-0.09
2025-08-15T15:48:00.000,0.47,343.34,0.45,-0.13
2025-08-15T15:49:00.000,0.53,345.72,0.52,-0.13
2025-08-15T15:50:00.000,0.47,342.93,0.45,-0.14
2025-08-15T15:51:00.000,0.59,357.56,0.59,-0.03
2025-08-15T15:52:00.000,0.65,0.21,0.65,0.00
2025-08-15T15:53:00.000,0.65,2.46,0.65,0.03
2025-08-15T15:54:00.000,0.61,0.07,0.61,0.00
2025-08-15T15:55:00.000,0.58,0.08,0.58,0.00
2025-08-15T15:56:00.000,0.57,356.60,0.57,-0.03
2025-08-15T15:57:00.000,0.56,345.94,0.54,-0.14
2025-08-15T15:58:00.000,0.61,348.83,0.60,-0.12
2025-08-15T15:59:00.000,0.63,351.45,0.63,-0.09
2025-08-15T16:00:00.000,0.62,340.88,0.59,-0.20
2025-08-15T16:01:00.000,0.62,355.76,0.62,-0.05
2025-08-15T16:02:00.000,0.60,342.25,0.57,-0.18
2025-08-15T16:03:00.000,0.61,360.00,0.61,-0.00
2025-08-15T16:04:00.000,0.67,359.48,0.67,-0.01
2025-08-15T16:05:00.000,0.80,5.76,0.80,0.08
2025-08-15T16:06:00.000,0.87,10.12,0.86,0.15
2025-08-15T16:07:00.000,0.67,1.37,0.67,0.02
2025-08-15T16:08:00.000,0.71,358.32,0.71,-0.02
2025-08-15T16:09:00.000,0.65,352.81,0.64,-0.08
2025-08-15T16:10:00.000,0.77,319.25,0.58,-0.50
2025-08-15T16:11:00.000,0.69,350.91,0.68,-0.11
2025-08-15T16:12:00.000,0.62,343.47,0.60,-0.18
2025-08-15T16:13:00.000,0.67,3.16,0.67,0.04
2025-08-15T16:14:00.000,0.64,0.70,0.64,0.01
2025-08-15T16:15:00.000,0.66,359.40,0.66,-0.01
2025-08-15T16:16:00.000,0.65,359.67,0.65,-0.00
2025-08-15T16:17:00.000,0.67,356.58,0.67,-0.04
2025-08-15T16:18:00.000,0.69,1.32,0.69,0.02
2025-08-15T16:19:00.000,0.78,357.71,0.78,-0.03
2025-08-15T16:20:00.000,0.75,355.95,0.75,-0.05
2025-08-15T16:21:00.000,0.69,357.14,0.69,-0.03
2025-08-15T16:22:00.000,0.66,352.19,0.65,-0.09
2025-08-15T16:23:00.000,0.67,353.72,0.67,-0.07
2025-08-15T16:24:00.000,0.74,352.18,0.73,-0.10
2025-08-15T16:25:00.000,0.71,359.45,0.71,-0.01
2025-08-15T16:26:00.000,0.90,4.67,0.89,0.07
2025-08-15T16:27:00.000,0.72,0.68,0.72,0.01
2025-08-15T16:28:00.000,0.88,12.08,0.87,0.19
2025-08-15T16:29:00.000,0.72,3.63,0.72,0.05
2025-08-15T16:30:00.000,0.78,5.67,0.77,0.08
2025-08-15T16:31:00.000,0.73,2.80,0.73,0.04
2025-08-15T16:32:00.000,0.72,2.71,0.72,0.03
2025-08-15T16:33:00.000,0.73,7.13,0.73,0.09
2025-08-15T16:34:00.000,0.77,11.58,0.76,0.15
2025-08-15T16:35:00.000,0.68,6.06,0.68,0.07
2025-08-15T16:36:00.000,0.66,4.32,0.66,0.05
2025-08-15T16:37:00.000,0.66,6.71,0.66,0.08
2025-08-15T16:38:00.000,0.65,3.02,0.65,0.03
2025-08-15T16:39:00.000,0.72,8.22,0.71,0.10
2025-08-15T16:40:00.000,0.73,11.61,0.72,0.15
2025-08-15T16:41:00.000,0.68,6.36,0.67,0.07
2025-08-15T16:42:00.000,0.61,3.14,0.61,0.03
2025-08-15T16:43:00.000,0.61,357.31,0.61,-0.03
2025-08-15T16:44:00.000,0.63,1.01,0.63,0.01
2025-08-15T16:45:00.000,0.61,358.53,0.61,-0.02
2025-08-15T16:46:00.000,0.66,2.73,0.66,0.03
2025-08-15T16:47:00.000,0.64,0.97,0.64,0.01
2025-08-15T16:48:00.000,0.62,358.30,0.62,-0.02
2025-08-15T16:49:00.000,0.63,358.22,0.63,-0.02
2025-08-15T16:50:00.000,0.60,355.93,0.60,-0.04
2025-08-15T16:51:00.000,0.64,6.19,0.64,0.07
2025-08-15T16:52:00.000,0.74,10.55,0.73,0.14
2025-08-15T16:53:00.000,0.69,4.28,0.69,0.05
2025-08-15T16:54:00.000,0.80,13.45,0.77,0.19
2025-08-15T16:55:00.000,0.63,3.84,0.63,0.04
2025-08-15T16:56:00.000,0.60,5.32,0.60,0.06
2025-08-15T16:57:00.000,0.73,21.42,0.68,0.27
2025-08-15T16:58:00.000,0.74,10.39,0.73,0.13
2025-08-15T16:59:00.000,0.86,22.42,0.79,0.33
2025-08-15T17:00:00.000,0.71,6.58,0.70,0.08
2025-08-15T17:01:00.000,0.70,20.59,0.66,0.25
2025-08-15T17:02:00.000,0.73,11.69,0.71,0.15
2025-08-15T17:03:00.000,0.61,7.85,0.60,0.08
2025-08-15T17:04:00.000,0.73,14.98,0.71,0.19
2025-08-15T17:05:00.000,0.61,6.93,0.60,0.07
2025-08-15T17:06:00.000,0.69,15.44,0.66,0.18
2025-08-15T17:07:00.000,0.58,1.94,0.58,0.02
2025-08-15T17:08:00.000,0.56,7.26,0.56,0.07
2025-08-15T17:09:00.000,0.53,359.70,0.53,-0.00
2025-08-15T17:10:00.000,0.52,3.67,0.51,0.03
2025-08-15T17:11:00.000,0.50,1.27,0.50,0.01
2025-08-15T17:12:00.000,0.37,9.37,0.36,0.06
2025-08-15T17:13:00.000,0.44,4.43,0.44,0.03
2025-08-15T17:14:00.000,0.46,10.13,0.45,0.08
2025-08-15T17:15:00.000,0.47,10.12,0.46,0.08
2025-08-15T17:16:00.000,0.49,6.36,0.49,0.05
2025-08-15T17:17:00.000,0.46,8.77,0.46,0.07
2025-08-15T17:18:00.000,0.51,4.25,0.50,0.04
2025-08-15T17:19:00.000,0.55,6.85,0.54,0.07
2025-08-15T17:20:00.000,0.50,6.56,0.50,0.06
2025-08-15T17:21:00.000,0.51,3.89,0.51,0.03
2025-08-15T17:22:00.000,0.53,7.12,0.53,0.07
2025-08-15T17:23:00.000,0.53,2.34,0.53,0.02
2025-08-15T17:24:00.000,0.54,4.38,0.54,0.04
2025-08-15T17:25:00.000,0.54,5.69,0.54,0.05
2025-08-15T17:26:00.000,0.55,3.32,0.54,0.03
2025-08-15T17:27:00.000,0.53,9.05,0.52,0.08
2025-08-15T17:28:00.000,0.51,1.77,0.51,0.02
2025-08-15T17:29:00.000,0.47,3.56,0.47,0.03
2025-08-15T17:30:00.000,0.51,4.98,0.51,0.04
2025-08-15T17:31:00.000,0.56,3.58,0.55,0.03
2025-08-15T17:32:00.000,0.59,6.88,0.58,0.07
2025-08-15T17:33:00.000,0.57,3.25,0.57,0.03
2025-08-15T17:34:00.000,0.59,12.76,0.57,0.13
2025-08-15T17:35:00.000,0.52,7.50,0.52,0.07
2025-08-15T17:36:00.000,0.57,0.65,0.57,0.01
2025-08-15T17:37:00.000,0.52,5.95,0.52,0.05
2025-08-15T17:38:00.000,0.53,3.53,0.53,0.03
2025-08-15T17:39:00.000,0.58,13.69,0.56,0.14
2025-08-15T17:40:00.000,0.59,2.48,0.59,0.03
2025-08-15T17:41:00.000,0.58,11.03,0.57,0.11
2025-08-15T17:42:00.000,0.58,6.80,0.58,0.07
2025-08-15T17:43:00.000,0.61,14.41,0.60,0.15
2025-08-15T17:44:00.000,0.70,19.54,0.66,0.23
2025-08-15T17:45:00.000,0.57,13.19,0.56,0.13
2025-08-15T17:46:00.000,0.62,26.96,0.56,0.28
2025-08-15T17:47:00.000,0.61,17.36,0.59,0.18
2025-08-15T17:48:00.000,0.52,15.36,0.50,0.14
2025-08-15T17:49:00.000,0.55,7.87,0.55,0.08
2025-08-15T17:50:00.000,0.56,7.58,0.55,0.07
2025-08-15T17:51:00.000,0.56,5.38,0.56,0.05
2025-08-15T17:52:00.000,0.57,5.46,0.57,0.05
2025-08-15T17:53:00.000,0.57,6.20,0.57,0.06
2025-08-15T17:54:00.000,0.61,14.40,0.59,0.15
2025-08-15T17:55:00.000,0.62,10.68,0.61,0.12
2025-08-15T17:56:00.000,0.84,8.98,0.83,0.13
2025-08-15T17:57:00.000,0.75,14.65,0.72,0.19
2025-08-15T17:58:00.000,0.64,12.31,0.62,0.14
2025-08-15T17:59:00.000,0.68,16.64,0.66,0.20
2025-08-15T18:00:00.000,0.64,15.37,0.62,0.17
2025-08-15T18:01:00.000,0.71,18.53,0.68,0.23
2025-08-15T18:02:00.000,0.61,8.83,0.60,0.09
2025-08-15T18:03:00.000,0.63,11.79,0.61,0.13
2025-08-15T18:04:00.000,0.61,9.24,0.60,0.10
2025-08-15T18:05:00.000,0.62,5.77,0.62,0.06
2025-08-15T18:06:00.000,0.63,7.43,0.63,0.08
2025-08-15T18:07:00.000,0.63,3.37,0.63,0.04
2025-08-15T18:08:00.000,0.59,2.68,0.59,0.03
2025-08-15T18:09:00.000,0.58,1.49,0.58,0.02
2025-08-15T18:10:00.000,0.57,1.70,0.57,0.02
2025-08-15T18:11:00.000,0.57,1.25,0.57,0.01
2025-08-15T18:12:00.000,0.56,355.02,0.56,-0.05
2025-08-15T18:13:00.000,0.53,351.33,0.53,-0.08
2025-08-15T18:14:00.000,0.60,355.43,0.59,-0.05
2025-08-15T18:15:00.000,0.61,351.94,0.60,-0.09
2025-08-15T18:16:00.000,0.62,356.69,0.62,-0.04
2025-08-15T18:17:00.000,0.64,357.08,0.64,-0.03
2025-08-15T18:18:00.000,0.64,356.02,0.64,-0.04
2025-08-15T18:19:00.000,0.64,359.92,0.64,-0.00
2025-08-15T18:20:00.000,0.65,358.83,0.65,-0.01
2025-08-15T18:21:00.000,0.63,358.24,0.63,-0.02
2025-08-15T18:22:00.000,0.63,352.15,0.63,-0.09
2025-08-15T18:23:00.000,0.64,358.61,0.64,-0.02
2025-08-15T18:24:00.000,0.62,348.10,0.61,-0.13
2025-08-15T18:25:00.000,0.64,355.75,0.64,-0.05
2025-08-15T18:26:00.000,0.64,352.99,0.64,-0.08
2025-08-15T18:27:00.000,0.67,350.86,0.66,-0.11
2025-08-15T18:28:00.000,0.67,349.68,0.66,-0.12
2025-08-15T18:29:00.000,0.68,342.86,0.65,-0.20
2025-08-15T18:30:00.000,0.68,346.17,0.66,-0.16
2025-08-15T18:31:00.000,0.68,329.61,0.59,-0.34
2025-08-15T18:32:00.000,0.77,318.44,0.58,-0.51
2025-08-15T18:33:00.000,0.82,323.28,0.66,-0.49
2025-08-15T18:34:00.000,0.82,331.76,0.73,-0.39
2025-08-15T18:35:00.000,0.72,339.07,0.68,-0.26
2025-08-15T18:36:00.000,0.71,351.00,0.70,-0.11
2025-08-15T18:37:00.000,0.72,354.67,0.72,-0.07
2025-08-15T18:38:00.000,0.73,355.26,0.73,-0.06
2025-08-15T18:39:00.000,0.78,354.06,0.78,-0.08
2025-08-15T18:40:00.000,0.84,0.90,0.84,0.01
2025-08-15T18:41:00.000,0.92,4.77,0.91,0.08
2025-08-15T18:42:00.000,1.01,14.78,0.97,0.26
2025-08-15T18:43:00.000,1.13,21.79,1.05,0.42
2025-08-15T18:44:00.000,1.14,22.61,1.06,0.44
2025-08-15T18:45:00.000,1.37,25.92,1.24,0.60
2025-08-15T18:46:00.000,1.31,25.25,1.19,0.56
2025-08-15T18:47:00.000,1.25,28.93,1.10,0.61
2025-08-15T18:48:00.000,1.15,28.59,1.01,0.55
2025-08-15T18:49:00.000,0.94,26.81,0.84,0.42
2025-08-15T18:50:00.000,0.93,27.80,0.82,0.43
2025-08-15T18:51:00.000,0.77,12.30,0.75,0.16
2025-08-15T18:52:00.000,0.84,21.37,0.78,0.30
2025-08-15T18:53:00.000,0.76,12.29,0.74,0.16
2025-08-15T18:54:00.000,0.75,14.70,0.72,0.19
2025-08-15T18:55:00.000,0.74,20.06,0.69,0.25
2025-08-15T18:56:00.000,0.79,15.02,0.77,0.21
2025-08-15T18:57:00.000,0.77,18.92,0.73,0.25
2025-08-15T18:58:00.000,0.92,22.22,0.85,0.35
2025-08-15T18:59:00.000,0.98,27.98,0.86,0.46
2025-08-15T19:00:00.000,1.04,28.92,0.91,0.50
2025-08-15T19:01:00.000,1.02,27.80,0.90,0.48
2025-08-15T19:02:00.000,0.90,27.52,0.80,0.42
2025-08-15T19:03:00.000,0.88,24.42,0.80,0.36
2025-08-15T19:04:00.000,0.77,17.67,0.74,0.24
2025-08-15T19:05:00.000,0.77,21.07,0.72,0.28
2025-08-15T19:06:00.000,0.87,26.63,0.78,0.39
2025-08-15T19:07:00.000,0.89,26.56,0.79,0.40
2025-08-15T19:08:00.000,1.01,30.21,0.87,0.51
2025-08-15T19:09:00.000,1.02,31.28,0.87,0.53
2025-08-15T19:10:00.000,0.92,27.51,0.82,0.43
2025-08-15T19:11:00.000,0.80,19.49,0.75,0.27
2025-08-15T19:12:00.000,0.73,15.60,0.70,0.20
2025-08-15T19:13:00.000,2.75,308.57,1.72,-2.15
2025-08-15T19:14:00.000,1.26,320.40,0.97,-0.80
2025-08-15T19:15:00.000,1.24,331.02,1.08,-0.60
2025-08-15T19:16:00.000,0.67,354.41,0.67,-0.07
2025-08-15T19:17:00.000,0.67,353.31,0.66,-0.08
2025-08-15T19:18:00.000,0.69,358.98,0.69,-0.01
2025-08-15T19:19:00.000,0.70,0.57,0.70,0.01
2025-08-15T19:20:00.000,0.72,2.61,0.72,0.03
2025-08-15T19:21:00.000,0.71,2.05,0.71,0.03
2025-08-15T19:22:00.000,0.71,0.65,0.71,0.01
2025-08-15T19:23:00.000,0.65,354.40,0.65,-0.06
2025-08-15T19:24:00.000,0.64,354.28,0.64,-0.06
2025-08-15T19:25:00.000,0.64,351.71,0.63,-0.09
2025-08-15T19:26:00.000,0.64,350.04,0.63,-0.11
2025-08-15T19:27:00.000,0.62,353.98,0.62,-0.06
2025-08-15T19:28:00.000,0.63,355.23,0.63,-0.05
2025-08-15T19:29:00.000,0.64,356.04,0.64,-0.04
2025-08-15T19:30:00.000,0.66,356.28,0.66,-0.04
2025-08-15T19:31:00.000,0.71,358.60,0.71,-0.02
2025-08-15T19:32:00.000,0.77,1.23,0.77,0.02
2025-08-15T19:33:00.000,0.70,357.35,0.70,-0.03
2025-08-15T19:34:00.000,0.68,355.99,0.68,-0.05
2025-08-15T19:35:00.000,0.66,351.89,0.66,-0.09
2025-08-15T19:36:00.000,0.68,344.59,0.66,-0.18
2025-08-15T19:37:00.000,0.67,346.74,0.66,-0.15
2025-08-15T19:38:00.000,0.69,342.80,0.66,-0.20
2025-08-15T19:39:00.000,0.67,348.18,0.66,-0.14
2025-08-15T19:40:00.000,0.67,353.05,0.67,-0.08
2025-08-15T19:41:00.000,0.67,354.10,0.67,-0.07
2025-08-15T19:42:00.000,0.69,355.57,0.69,-0.05
2025-08-15T19:43:00.000,0.66,356.95,0.66,-0.04
2025-08-15T19:44:00.000,0.66,355.12,0.66,-0.06
2025-08-15T19:45:00.000,0.68,351.54,0.67,-0.10
2025-08-15T19:46:00.000,0.69,346.85,0.67,-0.16
2025-08-15T19:47:00.000,0.72,342.11,0.68,-0.22
2025-08-15T19:48:00.000,0.71,341.35,0.67,-0.23
2025-08-15T19:49:00.000,0.70,346.41,0.68,-0.16
2025-08-15T19:50:00.000,0.71,353.03,0.71,-0.09
2025-08-15T19:51:00.000,0.73,355.93,0.73,-0.05
2025-08-15T19:52:00.000,0.73,357.00,0.72,-0.04
2025-08-15T19:53:00.000,0.74,358.51,0.74,-0.02
2025-08-15T19:54:00.000,0.74,356.82,0.74,-0.04
2025-08-15T19:55:00.000,0.73,354.94,0.73,-0.06
2025-08-15T19:56:00.000,0.75,359.05,0.75,-0.01
2025-08-15T19:57:00.000,0.69,356.11,0.68,-0.05
2025-08-15T19:58:00.000,0.69,356.67,0.69,-0.04
2025-08-15T19:59:00.000,0.67,357.76,0.67,-0.03
2025-08-15T20:00:00.000,0.70,0.09,0.70,0.00
2025-08-15T20:01:00.000,0.76,1.26,0.76,0.02
2025-08-15T20:02:00.000,0.75,2.96,0.75,0.04
2025-08-15T20:03:00.000,0.76,0.57,0.76,0.01
2025-08-15T20:04:00.000,0.77,356.65,0.76,-0.04
2025-08-15T20:05:00.000,0.78,358.99,0.78,-0.01
2025-08-15T20:06:00.000,0.77,357.50,0.76,-0.03
2025-08-15T20:07:00.000,0.72,352.65,0.72,-0.09
2025-08-15T20:08:00.000,0.70,348.64,0.69,-0.14
2025-08-15T20:09:00.000,0.69,350.15,0.68,-0.12
2025-08-15T20:10:00.000,0.68,348.62,0.67,-0.13
2025-08-15T20:11:00.000,0.67,353.58,0.66,-0.07
2025-08-15T20:12:00.000,0.65,354.25,0.65,-0.07
2025-08-15T20:13:00.000,0.66,355.81,0.66,-0.05
2025-08-15T20:14:00.000,0.66,356.69,0.66,-0.04
2025-08-15T20:15:00.000,0.65,355.35,0.65,-0.05
2025-08-15T20:16:00.000,0.64,353.67,0.64,-0.07
2025-08-15T20:17:00.000,0.65,352.14,0.64,-0.09
2025-08-15T20:18:00.000,0.63,346.64,0.62,-0.15
2025-08-15T20:19:00.000,0.64,348.40,0.62,-0.13
2025-08-15T20:20:00.000,0.63,346.14,0.61,-0.15
2025-08-15T20:21:00.000,0.63,348.16,0.61,-0.13
2025-08-15T20:22:00.000,0.64,353.18,0.64,-0.08
2025-08-15T20:23:00.000,0.66,349.73,0.65,-0.12
2025-08-15T20:24:00.000,0.66,350.88,0.65,-0.10
2025-08-15T20:25:00.000,0.65,352.67,0.64,-0.08
2025-08-15T20:26:00.000,0.64,349.50,0.63,-0.12
2025-08-15T20:27:00.000,0.65,345.63,0.63,-0.16
2025-08-15T20:28:00.000,0.62,348.45,0.61,-0.12
2025-08-15T20:29:00.000,0.63,344.14,0.61,-0.17
2025-08-15T20:30:00.000,0.64,345.97,0.62,-0.15
2025-08-15T20:31:00.000,0.63,350.99,0.62,-0.10
2025-08-15T20:32:00.000,0.62,353.70,0.61,-0.07
2025-08-15T20:33:00.000,0.62,355.45,0.62,-0.05
2025-08-15T20:34:00.000,0.62,357.01,0.62,-0.03
2025-08-15T20:35:00.000,0.62,357.08,0.61,-0.03
2025-08-15T20:36:00.000,0.64,354.26,0.63,-0.06
2025-08-15T20:37:00.000,0.64,352.79,0.64,-0.08
2025-08-15T20:38:00.000,0.66,350.87,0.65,-0.10
2025-08-15T20:39:00.000,0.68,350.58,0.67,-0.11
2025-08-15T20:40:00.000,0.66,352.60,0.66,-0.09
2025-08-15T20:41:00.000,0.66,353.65,0.66,-0.07
2025-08-15T20:42:00.000,0.65,352.32,0.64,-0.09
2025-08-15T20:43:00.000,0.63,354.49,0.63,-0.06
2025-08-15T20:44:00.000,0.62,355.10,0.62,-0.05
2025-08-15T20:45:00.000,0.62,354.92,0.61,-0.05
2025-08-15T20:46:00.000,0.63,355.51,0.63,-0.05
2025-08-15T20:47:00.000,0.64,355.61,0.63,-0.05
2025-08-15T20:48:00.000,0.64,355.83,0.64,-0.05
2025-08-15T20:49:00.000,0.63,355.78,0.63,-0.05
2025-08-15T20:50:00.000,0.62,356.63,0.62,-0.04
2025-08-15T20:51:00.000,0.62,356.56,0.62,-0.04
2025-08-15T20:52:00.000,0.62,355.77,0.62,-0.05
2025-08-15T20:53:00.000,0.63,356.96,0.63,-0.03
2025-08-15T20:54:00.000,0.62,356.15,0.62,-0.04
2025-08-15T20:55:00.000,0.61,355.95,0.60,-0.04
2025-08-15T20:56:00.000,0.61,356.67,0.61,-0.04
2025-08-15T20:57:00.000,0.60,355.84,0.60,-0.04
2025-08-15T20:58:00.000,0.61,355.12,0.61,-0.05
2025-08-15T20:59:00.000,0.60,352.67,0.60,-0.08
2025-08-15T21:00:00.000,0.60,352.70,0.59,-0.08
2025-08-15T21:01:00.000,0.58,348.28,0.57,-0.12
2025-08-15T21:02:00.000,0.59,351.90,0.59,-0.08
2025-08-15T21:03:00.000,0.60,351.48,0.59,-0.09
2025-08-15T21:04:00.000,0.60,350.13,0.59,-0.10
2025-08-15T21:05:00.000,0.60,349.94,0.59,-0.10
2025-08-15T21:06:00.000,0.60,349.52,0.59,-0.11
2025-08-15T21:07:00.000,0.60,347.09,0.58,-0.13
2025-08-15T21:08:00.000,0.58,347.52,0.57,-0.13
2025-08-15T21:09:00.000,0.60,349.04,0.59,-0.11
2025-08-15T21:10:00.000,0.58,347.52,0.57,-0.13
2025-08-15T21:11:00.000,0.59,347.14,0.58,-0.13
2025-08-15T21:12:00.000,0.60,346.88,0.59,-0.14
2025-08-15T21:13:00.000,0.59,342.69,0.57,-0.18
2025-08-15T21:14:00.000,0.59,342.02,0.56,-0.18
2025-08-15T21:15:00.000,0.57,336.92,0.53,-0.22
2025-08-15T21:16:00.000,0.57,326.53,0.48,-0.32
2025-08-15T21:17:00.000,0.60,318.21,0.45,-0.40
2025-08-15T21:18:00.000,0.61,318.45,0.46,-0.40
2025-08-15T21:19:00.000,0.66,309.99,0.43,-0.51
2025-08-15T21:20:00.000,0.68,308.39,0.42,-0.54
2025-08-15T21:21:00.000,0.65,316.88,0.47,-0.44
2025-08-15T21:22:00.000,0.65,320.61,0.50,-0.41
2025-08-15T21:23:00.000,0.64,329.26,0.55,-0.33
2025-08-15T21:24:00.000,0.63,333.82,0.56,-0.28
2025-08-15T21:25:00.000,0.63,333.68,0.57,-0.28
2025-08-15T21:26:00.000,0.67,325.55,0.55,-0.38
2025-08-15T21:27:00.000,0.66,327.59,0.56,-0.35
2025-08-15T21:28:00.000,0.65,327.50,0.55,-0.35
2025-08-15T21:29:00.000,0.64,326.25,0.53,-0.36
2025-08-15T21:30:00.000,0.62,331.06,0.54,-0.30
2025-08-15T21:31:00.000,0.63,338.02,0.58,-0.24
2025-08-15T21:32:00.000,0.64,342.19,0.61,-0.20
2025-08-15T21:33:00.000,0.64,346.52,0.62,-0.15
2025-08-15T21:34:00.000,0.64,350.45,0.63,-0.11
2025-08-15T21:35:00.000,0.65,350.09,0.64,-0.11
2025-08-15T21:36:00.000,0.65,344.25,0.63,-0.18
2025-08-15T21:37:00.000,0.64,338.34,0.60,-0.24
2025-08-15T21:38:00.000,0.66,326.22,0.55,-0.37
2025-08-15T21:39:00.000,0.71,310.74,0.47,-0.54
2025-08-15T21:40:00.000,0.72,308.55,0.45,-0.56
2025-08-15T21:41:00.000,0.74,314.77,0.52,-0.52
2025-08-15T21:42:00.000,0.66,326.15,0.55,-0.37
2025-08-15T21:43:00.000,0.63,333.90,0.56,-0.28
2025-08-15T21:44:00.000,0.65,343.79,0.63,-0.18
2025-08-15T21:45:00.000,0.62,342.76,0.59,-0.18
2025-08-15T21:46:00.000,0.61,341.66,0.58,-0.19
2025-08-15T21:47:00.000,0.59,336.80,0.54,-0.23
2025-08-15T21:48:00.000,0.56,332.72,0.50,-0.26
2025-08-15T21:49:00.000,0.51,325.27,0.42,-0.29
2025-08-15T21:50:00.000,0.52,330.32,0.45,-0.26
2025-08-15T21:51:00.000,0.49,327.20,0.41,-0.26
2025-08-15T21:52:00.000,0.50,334.06,0.45,-0.22
2025-08-15T21:53:00.000,0.51,339.87,0.48,-0.18
2025-08-15T21:54:00.000,0.53,343.14,0.51,-0.15
2025-08-15T21:55:00.000,0.57,348.62,0.55,-0.11
2025-08-15T21:56:00.000,0.56,350.66,0.55,-0.09
2025-08-15T21:57:00.000,0.54,349.73,0.53,-0.10
2025-08-15T21:58:00.000,0.51,344.04,0.49,-0.14
2025-08-15T21:59:00.000,0.51,337.32,0.47,-0.20
2025-08-15T22:00:00.000,0.50,323.15,0.40,-0.30
2025-08-15T22:01:00.000,0.52,324.26,0.42,-0.30
2025-08-15T22:02:00.000,0.51,322.11,0.40,-0.32
2025-08-15T22:03:00.000,0.52,341.59,0.49,-0.16
2025-08-15T22:04:00.000,0.54,346.06,0.53,-0.13
2025-08-15T22:05:00.000,0.56,348.72,0.55,-0.11
2025-08-15T22:06:00.000,0.57,354.46,0.56,-0.05
2025-08-15T22:07:00.000,0.45,0.53,0.45,0.00
2025-08-15T22:08:00.000,0.46,353.23,0.46,-0.05
2025-08-15T22:09:00.000,0.49,353.63,0.49,-0.05
2025-08-15T22:10:00.000,0.46,355.62,0.46,-0.03
2025-08-15T22:11:00.000,0.51,356.27,0.51,-0.03
2025-08-15T22:12:00.000,0.52,357.70,0.52,-0.02
2025-08-15T22:13:00.000,0.51,359.91,0.51,-0.00
2025-08-15T22:14:00.000,0.54,359.68,0.54,-0.00
2025-08-15T22:15:00.000,0.53,358.85,0.53,-0.01
2025-08-15T22:16:00.000,0.53,356.62,0.53,-0.03
2025-08-15T22:17:00.000,0.52,354.04,0.52,-0.05
2025-08-15T22:18:00.000,0.54,357.70,0.53,-0.02
2025-08-15T22:19:00.000,0.50,355.53,0.50,-0.04
2025-08-15T22:20:00.000,0.52,352.60,0.52,-0.07
2025-08-15T22:21:00.000,0.55,354.40,0.55,-0.05
2025-08-15T22:22:00.000,0.55,355.18,0.55,-0.05
2025-08-15T22:23:00.000,0.57,353.64,0.57,-0.06
2025-08-15T22:24:00.000,0.57,355.29,0.56,-0.05
2025-08-15T22:25:00.000,0.57,356.54,0.57,-0.03
2025-08-15T22:26:00.000,0.57,355.97,0.57,-0.04
2025-08-15T22:27:00.000,0.56,354.34,0.56,-0.06
2025-08-15T22:28:00.000,0.53,353.24,0.53,-0.06
2025-08-15T22:29:00.000,0.53,348.06,0.52,-0.11
2025-08-15T22:30:00.000,0.54,352.68,0.54,-0.07
2025-08-15T22:31:00.000,0.54,353.44,0.54,-0.06
2025-08-15T22:32:00.000,0.56,355.46,0.56,-0.04
2025-08-15T22:33:00.000,0.58,357.94,0.58,-0.02
2025-08-15T22:34:00.000,0.60,358.17,0.60,-0.02
2025-08-15T22:35:00.000,0.60,358.85,0.60,-0.01
2025-08-15T22:36:00.000,0.58,357.44,0.58,-0.03
2025-08-15T22:37:00.000,0.56,355.92,0.56,-0.04
2025-08-15T22:38:00.000,0.56,354.65,0.55,-0.05
2025-08-15T22:39:00.000,0.55,353.32,0.55,-0.06
2025-08-15T22:40:00.000,0.54,349.97,0.53,-0.09
2025-08-15T22:41:00.000,0.54,351.28,0.53,-0.08
2025-08-15T22:42:00.000,0.53,345.71,0.51,-0.13
2025-08-15T22:43:00.000,0.54,350.82,0.54,-0.09
2025-08-15T22:44:00.000,0.54,352.14,0.54,-0.07
2025-08-15T22:45:00.000,0.54,355.79,0.54,-0.04
2025-08-15T22:46:00.000,0.52,358.95,0.52,-0.01
2025-08-15T22:47:00.000,0.47,357.83,0.47,-0.02
2025-08-15T22:48:00.000,0.49,356.36,0.49,-0.03
2025-08-15T22:49:00.000,0.46,352.69,0.46,-0.06
2025-08-15T22:50:00.000,0.43,344.77,0.41,-0.11
2025-08-15T22:51:00.000,0.41,345.26,0.40,-0.11
2025-08-15T22:52:00.000,0.31,349.85,0.31,-0.06
2025-08-15T22:53:00.000,0.29,336.85,0.27,-0.12
2025-08-15T22:54:00.000,0.37,353.38,0.36,-0.04
2025-08-15T22:55:00.000,0.43,358.94,0.43,-0.01
2025-08-15T22:56:00.000,0.46,0.75,0.46,0.01
2025-08-15T22:57:00.000,0.45,0.99,0.45,0.01
2025-08-15T22:58:00.000,0.43,359.31,0.43,-0.01
2025-08-15T22:59:00.000,0.44,359.78,0.44,-0.00
2025-08-15T23:00:00.000,0.41,357.92,0.41,-0.02
2025-08-15T23:01:00.000,0.39,358.73,0.39,-0.01
2025-08-15T23:02:00.000,0.42,357.86,0.42,-0.02
2025-08-15T23:03:00.000,0.44,358.52,0.44,-0.01
2025-08-15T23:04:00.000,0.46,0.72,0.46,0.01
2025-08-15T23:05:00.000,0.49,359.40,0.49,-0.01
2025-08-15T23:06:00.000,0.48,359.10,0.48,-0.01
2025-08-15T23:07:00.000,0.50,359.41,0.50,-0.01
2025-08-15T23:08:00.000,0.50,0.39,0.50,0.00
2025-08-15T23:09:00.000,0.51,356.99,0.51,-0.03
2025-08-15T23:10:00.000,0.50,354.60,0.50,-0.05
2025-08-15T23:11:00.000,0.51,359.27,0.51,-0.01
2025-08-15T23:12:00.000,0.47,350.48,0.47,-0.08
2025-08-15T23:13:00.000,0.51,355.35,0.51,-0.04
2025-08-15T23:14:00.000,0.53,357.07,0.52,-0.03
2025-08-15T23:15:00.000,0.53,358.39,0.53,-0.01
2025-08-15T23:16:00.000,0.54,0.20,0.54,0.00
2025-08-15T23:17:00.000,0.52,359.31,0.52,-0.01
2025-08-15T23:18:00.000,0.53,0.89,0.53,0.01
2025-08-15T23:19:00.000,0.53,359.36,0.53,-0.01
2025-08-15T23:20:00.000,0.52,357.41,0.52,-0.02
2025-08-15T23:21:00.000,0.53,359.85,0.53,-0.00
2025-08-15T23:22:00.000,0.54,358.77,0.53,-0.01
2025-08-15T23:23:00.000,0.53,359.83,0.53,-0.00
2025-08-15T23:24:00.000,0.54,359.82,0.54,-0.00
2025-08-15T23:25:00.000,0.54,358.83,0.54,-0.01
2025-08-15T23:26:00.000,0.56,359.74,0.56,-0.00
2025-08-15T23:27:00.000,0.53,355.99,0.53,-0.04
2025-08-15T23:28:00.000,0.54,358.94,0.54,-0.01
2025-08-15T23:29:00.000,0.51,353.36,0.50,-0.06
2025-08-15T23:30:00.000,0.47,346.77,0.46,-0.11
2025-08-15T23:31:00.000,0.49,351.06,0.48,-0.08
2025-08-15T23:32:00.000,0.49,340.28,0.46,-0.17
2025-08-15T23:33:00.000,0.49,344.92,0.47,-0.13
2025-08-15T23:34:00.000,0.49,349.13,0.48,-0.09
2025-08-15T23:35:00.000,0.52,356.92,0.52,-0.03
2025-08-15T23:36:00.000,0.52,356.70,0.52,-0.03
2025-08-15T23:37:00.000,0.54,358.50,0.54,-0.01
2025-08-15T23:38:00.000,0.53,358.53,0.53,-0.01
2025-08-15T23:39:00.000,0.50,354.12,0.50,-0.05
2025-08-15T23:40:00.000,0.54,22.50,0.50,0.21
2025-08-15T23:41:00.000,0.38,12.34,0.37,0.08
2025-08-15T23:42:00.000,0.42,5.68,0.41,0.04
2025-08-15T23:43:00.000,0.46,12.13,0.45,0.10
2025-08-15T23:44:00.000,0.46,15.24,0.44,0.12
2025-08-15T23:45:00.000,0.48,17.74,0.46,0.15
2025-08-15T23:46:00.000,0.51,18.01,0.48,0.16
2025-08-15T23:47:00.000,0.50,20.30,0.47,0.18
2025-08-15T23:48:00.000,0.52,19.04,0.49,0.17
2025-08-15T23:49:00.000,0.51,17.40,0.49,0.15
2025-08-15T23:50:00.000,0.47,8.30,0.46,0.07
2025-08-15T23:51:00.000,0.40,6.00,0.40,0.04
2025-08-15T23:52:00.000,0.35,350.33,0.34,-0.06
2025-08-15T23:53:00.000,0.37,306.89,0.22,-0.30
2025-08-15T23:54:00.000,0.42,352.35,0.42,-0.06
2025-08-15T23:55:00.000,0.41,355.15,0.41,-0.03
2025-08-15T23:56:00.000,0.44,356.11,0.44,-0.03
2025-08-15T23:57:00.000,0.47,7.60,0.47,0.06
2025-08-15T23:58:00.000,0.49,9.66,0.48,0.08
2025-08-15T23:59:00.000,0.52,13.11,0.51,0.12
2025-08-16T00:00:00.000,0.52,11.63,0.51,0.10
2025-08-16T00:01:00.000,0.51,11.06,0.50,0.10
2025-08-16T00:02:00.000,0.50,11.97,0.49,0.10
2025-08-16T00:03:00.000,0.47,4.27,0.47,0.03
2025-08-16T00:04:00.000,0.46,357.48,0.45,-0.02
2025-08-16T00:05:00.000,0.49,0.67,0.49,0.01
2025-08-16T00:06:00.000,0.45,4.90,0.45,0.04
2025-08-16T00:07:00.000,0.48,3.06,0.47,0.03
2025-08-16T00:08:00.000,0.50,9.74,0.49,0.08
2025-08-16T00:09:00.000,0.52,13.64,0.51,0.12
2025-08-16T00:10:00.000,0.50,9.62,0.50,0.08
2025-08-16T00:11:00.000,0.55,10.73,0.54,0.10
2025-08-16T00:12:00.000,0.49,0.23,0.49,0.00
2025-08-16T00:13:00.000,0.51,0.61,0.51,0.01
2025-08-16T00:14:00.000,0.50,341.11,0.47,-0.16
2025-08-16T00:15:00.000,0.57,317.91,0.43,-0.39
2025-08-16T00:16:00.000,0.54,317.34,0.39,-0.36
2025-08-16T00:17:00.000,0.56,315.43,0.40,-0.40
2025-08-16T00:18:00.000,0.60,286.43,0.17,-0.58
2025-08-16T00:19:00.000,0.70,279.88,0.12,-0.69
2025-08-16T00:20:00.000,0.72,282.95,0.16,-0.70
2025-08-16T00:21:00.000,0.72,276.18,0.08,-0.71
2025-08-16T00:22:00.000,0.60,284.87,0.15,-0.58
2025-08-16T00:23:00.000,0.61,277.56,0.08,-0.60
2025-08-16T00:24:00.000,0.60,282.67,0.13,-0.58
2025-08-16T00:25:00.000,0.73,269.47,-0.01,-0.73
2025-08-16T00:26:00.000,0.75,276.66,0.09,-0.74
2025-08-16T00:27:00.000,0.94,267.35,-0.04,-0.93
2025-08-16T00:28:00.000,0.83,273.83,0.06,-0.83
2025-08-16T00:29:00.000,0.90,268.82,-0.02,-0.90
2025-08-16T00:30:00.000,0.68,277.65,0.09,-0.68
2025-08-16T00:31:00.000,0.67,277.89,0.09,-0.66
2025-08-16T00:32:00.000,0.68,281.38,0.13,-0.66
2025-08-16T00:33:00.000,0.59,278.69,0.09,-0.59
2025-08-16T00:34:00.000,0.59,282.64,0.13,-0.57
2025-08-16T00:35:00.000,0.73,274.12,0.05,-0.73
2025-08-16T00:36:00.000,0.75,274.94,0.06,-0.75
2025-08-16T00:37:00.000,0.77,273.78,0.05,-0.77
2025-08-16T00:38:00.000,0.78,272.74,0.04,-0.78
2025-08-16T00:39:00.000,0.78,275.66,0.08,-0.77
2025-08-16T00:40:00.000,0.86,273.44,0.05,-0.86
2025-08-16T00:41:00.000,0.75,275.96,0.08,-0.74
2025-08-16T00:42:00.000,1.10,280.37,0.20,-1.08
2025-08-16T00:43:00.000,1.02,283.07,0.23,-1.00
2025-08-16T00:44:00.000,1.08,280.03,0.19,-1.06
2025-08-16T00:45:00.000,1.18,277.09,0.15,-1.17
2025-08-16T00:46:00.000,1.61,272.12,0.06,-1.61
2025-08-16T00:47:00.000,2.41,264.54,-0.23,-2.40
2025-08-16T00:48:00.000,2.30,268.85,-0.05,-2.30
2025-08-16T00:49:00.000,2.51,265.51,-0.20,-2.50
2025-08-16T00:50:00.000,2.27,269.80,-0.01,-2.27
2025-08-16T00:51:00.000,2.20,270.65,0.02,-2.20
2025-08-16T00:52:00.000,1.66,275.36,0.16,-1.65
2025-08-16T00:53:00.000,1.50,278.60,0.22,-1.48
2025-08-16T00:54:00.000,1.52,277.17,0.19,-1.51
2025-08-16T00:55:00.000,1.34,281.25,0.26,-1.31
2025-08-16T00:56:00.000,1.37,278.31,0.20,-1.36
2025-08-16T00:57:00.000,1.45,278.19,0.21,-1.43
2025-08-16T00:58:00.000,1.48,276.79,0.18,-1.47
2025-08-16T00:59:00.000,1.40,277.74,0.19,-1.38
2025-08-16T01:00:00.000,1.46,277.32,0.19,-1.45
2025-08-16T01:01:00.000,1.47,277.05,0.18,-1.46
2025-08-16T01:02:00.000,1.51,274.91,0.13,-1.51
2025-08-16T01:03:00.000,1.47,276.23,0.16,-1.46
2025-08-16T01:04:00.000,1.66,273.56,0.10,-1.65
2025-08-16T01:05:00.000,1.79,271.63,0.05,-1.79
2025-08-16T01:06:00.000,1.68,273.42,0.10,-1.68
2025-08-16T01:07:00.000,1.75,271.83,0.06,-1.75
2025-08-16T01:08:00.000,2.02,268.74,-0.04,-2.02
2025-08-16T01:09:00.000,2.15,266.85,-0.12,-2.15
2025-08-16T01:10:00.000,2.01,267.86,-0.08,-2.01
2025-08-16T01:11:00.000,1.77,271.10,0.03,-1.76
2025-08-16T01:12:00.000,1.76,270.53,0.02,-1.76
2025-08-16T01:13:00.000,1.65,271.46,0.04,-1.65
2025-08-16T01:14:00.000,1.39,277.29,0.18,-1.38
2025-08-16T01:15:00.000,1.27,279.15,0.20,-1.25
2025-08-16T01:16:00.000,1.23,280.26,0.22,-1.21
2025-08-16T01:17:00.000,1.13,284.64,0.28,-1.09
2025-08-16T01:18:00.000,1.17,280.86,0.22,-1.15
2025-08-16T01:19:00.000,1.12,284.38,0.28,-1.09
2025-08-16T01:20:00.000,1.01,286.84,0.29,-0.97
2025-08-16T01:21:00.000,1.05,285.60,0.28,-1.01
2025-08-16T01:22:00.000,1.03,290.27,0.36,-0.97
2025-08-16T01:23:00.000,0.99,289.63,0.33,-0.93
2025-08-16T01:24:00.000,0.98,291.65,0.36,-0.91
2025-08-16T01:25:00.000,0.80,303.06,0.43,-0.67
2025-08-16T01:26:00.000,0.95,295.28,0.41,-0.86
2025-08-16T01:27:00.000,0.92,295.10,0.39,-0.83
2025-08-16T01:28:00.000,0.86,298.22,0.41,-0.76
2025-08-16T01:29:00.000,0.95,291.75,0.35,-0.88
2025-08-16T01:30:00.000,1.07,287.60,0.32,-1.02
2025-08-16T01:31:00.000,1.02,290.27,0.35,-0.96
2025-08-16T01:32:00.000,1.18,278.33,0.17,-1.17
2025-08-16T01:33:00.000,1.26,277.09,0.16,-1.25
2025-08-16T01:34:00.000,1.23,279.15,0.20,-1.21
2025-08-16T01:35:00.000,1.37,280.21,0.24,-1.34
2025-08-16T01:36:00.000,1.18,279.98,0.20,-1.16
2025-08-16T01:37:00.000,1.06,288.35,0.33,-1.00
2025-08-16T01:38:00.000,1.05,286.75,0.30,-1.00
2025-08-16T01:39:00.000,0.96,288.99,0.31,-0.91
2025-08-16T01:40:00.000,0.84,290.57,0.29,-0.79
2025-08-16T01:41:00.000,0.95,289.77,0.32,-0.90
2025-08-16T01:42:00.000,1.02,291.45,0.37,-0.95
2025-08-16T01:43:00.000,0.98,286.75,0.28,-0.94
2025-08-16T01:44:00.000,1.03,286.23,0.29,-0.99
2025-08-16T01:45:00.000,1.17,284.28,0.29,-1.13
2025-08-16T01:46:00.000,1.33,281.94,0.28,-1.30
2025-08-16T01:47:00.000,1.27,282.21,0.27,-1.24
2025-08-16T01:48:00.000,1.15,286.56,0.33,-1.10
2025-08-16T01:49:00.000,1.28,283.44,0.30,-1.25
2025-08-16T01:50:00.000,1.30,283.16,0.30,-1.27
2025-08-16T01:51:00.000,1.23,284.00,0.30,-1.19
2025-08-16T01:52:00.000,1.31,283.09,0.30,-1.28
2025-08-16T01:53:00.000,1.49,277.54,0.20,-1.48
2025-08-16T01:54:00.000,1.43,280.24,0.25,-1.41
2025-08-16T01:55:00.000,1.57,275.80,0.16,-1.57
2025-08-16T01:56:00.000,1.68,274.73,0.14,-1.67
2025-08-16T01:57:00.000,2.41,266.53,-0.15,-2.40
2025-08-16T01:58:00.000,3.53,265.71,-0.26,-3.52
2025-08-16T01:59:00.000,2.91,265.94,-0.21,-2.90
2025-08-16T02:00:00.000,1.76,273.92,0.12,-1.75
2025-08-16T02:01:00.000,1.70,275.95,0.18,-1.69
2025-08-16T02:02:00.000,1.30,282.95,0.29,-1.27
2025-08-16T02:03:00.000,1.08,287.19,0.32,-1.03
2025-08-16T02:04:00.000,1.24,284.93,0.32,-1.20
2025-08-16T02:05:00.000,1.10,287.63,0.33,-1.05
2025-08-16T02:06:00.000,0.89,292.46,0.34,-0.82
2025-08-16T02:07:00.000,0.92,275.24,0.08,-0.92
2025-08-16T02:08:00.000,0.97,272.98,0.05,-0.97
2025-08-16T02:09:00.000,1.02,273.54,0.06,-1.02
2025-08-16T02:10:00.000,0.99,273.38,0.06,-0.98
2025-08-16T02:11:00.000,0.94,272.81,0.05,-0.94
2025-08-16T02:12:00.000,0.98,273.21,0.05,-0.98
2025-08-16T02:13:00.000,0.99,274.19,0.07,-0.99
2025-08-16T02:14:00.000,0.92,275.06,0.08,-0.92
2025-08-16T02:15:00.000,0.92,277.31,0.12,-0.91
2025-08-16T02:16:00.000,0.84,279.44,0.14,-0.83
2025-08-16T02:17:00.000,0.83,280.78,0.16,-0.82
2025-08-16T02:18:00.000,0.82,281.25,0.16,-0.80
2025-08-16T02:19:00.000,0.79,282.35,0.17,-0.77
2025-08-16T02:20:00.000,0.90,278.15,0.13,-0.89
2025-08-16T02:21:00.000,0.89,277.95,0.12,-0.88
2025-08-16T02:22:00.000,0.92,275.97,0.10,-0.91
2025-08-16T02:23:00.000,1.03,273.51,0.06,-1.03
2025-08-16T02:24:00.000,0.99,276.28,0.11,-0.98
2025-08-16T02:25:00.000,0.90,278.76,0.14,-0.89
2025-08-16T02:26:00.000,0.98,276.73,0.11,-0.97
2025-08-16T02:27:00.000,0.89,280.47,0.16,-0.88
2025-08-16T02:28:00.000,0.86,289.39,0.28,-0.81
2025-08-16T02:29:00.000,0.87,281.53,0.17,-0.85
2025-08-16T02:30:00.000,0.78,287.13,0.23,-0.75
2025-08-16T02:31:00.000,0.78,289.57,0.26,-0.73
2025-08-16T02:32:00.000,0.81,286.15,0.23,-0.78
2025-08-16T02:33:00.000,0.74,291.20,0.27,-0.69
2025-08-16T02:34:00.000,0.59,302.97,0.32,-0.50
2025-08-16T02:35:00.000,0.63,307.89,0.39,-0.50
2025-08-16T02:36:00.000,0.63,300.02,0.31,-0.54
2025-08-16T02:37:00.000,0.59,309.09,0.37,-0.46
2025-08-16T02:38:00.000,0.62,302.56,0.33,-0.52
2025-08-16T02:39:00.000,0.65,303.15,0.36,-0.55
2025-08-16T02:40:00.000,0.66,300.02,0.33,-0.57
2025-08-16T02:41:00.000,0.59,307.72,0.36,-0.46
2025-08-16T02:42:00.000,0.60,303.57,0.33,-0.50
2025-08-16T02:43:00.000,0.61,300.80,0.31,-0.53
2025-08-16T02:44:00.000,0.56,308.62,0.35,-0.44
2025-08-16T02:45:00.000,0.55,308.22,0.34,-0.43
2025-08-16T02:46:00.000,0.56,309.58,0.36,-0.43
2025-08-16T02:47:00.000,0.67,295.88,0.29,-0.60
2025-08-16T02:48:00.000,0.54,307.28,0.32,-0.43
2025-08-16T02:49:00.000,0.52,313.50,0.36,-0.38
2025-08-16T02:50:00.000,0.64,298.58,0.30,-0.56
2025-08-16T02:51:00.000,0.60,305.43,0.35,-0.49
2025-08-16T02:52:00.000,0.58,309.51,0.37,-0.45
2025-08-16T02:53:00.000,0.82,279.72,0.14,-0.81
2025-08-16T02:54:00.000,0.70,291.32,0.25,-0.65
2025-08-16T02:55:00.000,0.60,301.10,0.31,-0.52
2025-08-16T02:56:00.000,1.30,277.99,0.18,-1.29
2025-08-16T02:57:00.000,0.92,288.56,0.29,-0.87
2025-08-16T02:58:00.000,0.83,297.13,0.38,-0.74
2025-08-16T02:59:00.000,3.72,282.56,0.81,-3.63
2025-08-16T03:00:00.000,6.85,284.02,1.66,-6.65
2025-08-16T03:01:00.000,7.62,285.18,2.00,-7.35
2025-08-16T03:02:00.000,10.80,270.08,0.01,-10.80
2025-08-16T03:03:00.000,12.61,270.65,0.14,-12.61
2025-08-16T03:04:00.000,14.68,275.12,1.31,-14.62
2025-08-16T03:05:00.000,16.31,275.75,1.64,-16.23
2025-08-16T03:06:00.000,19.74,274.03,1.39,-19.69
2025-08-16T03:07:00.000,20.72,275.79,2.09,-20.61
2025-08-16T03:08:00.000,22.60,275.99,2.36,-22.48
2025-08-16T03:09:00.000,22.31,275.25,2.04,-22.22
2025-08-16T03:10:00.000,23.86,275.35,2.23,-23.76
2025-08-16T03:11:00.000,25.04,271.96,0.86,-25.03
2025-08-16T03:12:00.000,26.12,271.74,0.79,-26.10
2025-08-16T03:13:00.000,26.85,271.87,0.87,-26.84
2025-08-16T03:14:00.000,27.88,271.69,0.82,-27.87
2025-08-16T03:15:00.000,28.82,271.92,0.97,-28.81
2025-08-16T03:16:00.000,29.10,272.14,1.08,-29.08
2025-08-16T03:17:00.000,29.84,272.46,1.28,-29.82
2025-08-16T03:18:00.000,31.03,272.79,1.51,-31.00
2025-08-16T03:19:00.000,32.23,272.69,1.51,-32.19
2025-08-16T03:20:00.000,32.96,273.27,1.88,-32.90
2025-08-16T03:21:00.000,34.23,273.16,1.89,-34.18
2025-08-16T03:22:00.000,35.18,272.14,1.31,-35.15
2025-08-16T03:23:00.000,37.56,272.27,1.49,-37.53
2025-08-16T03:24:00.000,38.10,271.77,1.18,-38.08
2025-08-16T03:25:00.000,40.53,270.45,0.32,-40.53
2025-08-16T03:26:00.000,41.96,270.26,0.19,-41.96
2025-08-16T03:27:00.000,44.72,271.33,1.04,-44.70
2025-08-16T03:28:00.000,46.17,270.85,0.68,-46.16
2025-08-16T03:29:00.000,48.92,270.87,0.74,-48.91
2025-08-16T03:30:00.000,52.45,271.21,1.11,-52.44
2025-08-16T03:31:00.000,54.60,270.85,0.81,-54.59
2025-08-16T03:32:00.000,55.98,270.78,0.76,-55.97
2025-08-16T03:33:00.000,58.24,270.17,0.18,-58.24
2025-08-16T03:34:00.000,64.12,269.67,-0.37,-64.12
2025-08-16T03:35:00.000,70.69,269.24,-0.94,-70.69
2025-08-16T03:36:00.000,71.94,269.40,-0.76,-71.93
2025-08-16T03:37:00.000,74.70,268.55,-1.89,-74.68
2025-08-16T03:38:00.000,79.77,268.40,-2.22,-79.74
2025-08-16T03:39:00.000,84.19,268.75,-1.84,-84.17
2025-08-16T03:40:00.000,90.05,268.99,-1.59,-90.04
2025-08-16T03:41:00.000,97.69,268.80,-2.04,-97.67
2025-08-16T03:42:00.000,107.75,269.67,-0.62,-107.75
2025-08-16T03:43:00.000,109.89,269.47,-1.01,-109.89
2025-08-16T03:44:00.000,111.12,269.23,-1.49,-111.11
2025-08-16T03:45:00.000,115.23,269.31,-1.39,-115.22
2025-08-16T03:46:00.000,128.59,269.12,-1.97,-128.57
2025-08-16T03:47:00.000,137.90,269.16,-2.03,-137.89
2025-08-16T03:48:00.000,144.39,269.08,-2.31,-144.37
2025-08-16T03:49:00.000,151.67,269.27,-1.93,-151.66
2025-08-16T03:50:00.000,162.42,269.32,-1.94,-162.41
2025-08-16T03:51:00.000,167.92,269.28,-2.11,-167.91
2025-08-16T03:52:00.000,175.47,269.41,-1.82,-175.46
2025-08-16T03:53:00.000,192.11,269.45,-1.84,-192.10
2025-08-16T03:54:00.000,209.15,269.41,-2.14,-209.14
2025-08-16T03:55:00.000,217.57,269.69,-1.16,-217.57
2025-08-16T03:56:00.000,223.06,269.75,-0.96,-223.05
2025-08-16T03:57:00.000,236.67,270.22,0.89,-236.66
2025-08-16T03:58:00.000,249.15,270.69,3.01,-249.13
2025-08-16T03:59:00.000,240.27,271.02,4.28,-240.23
2025-08-16T04:00:00.000,238.25,271.08,4.47,-238.21
2025-08-16T04:01:00.000,237.68,271.10,4.56,-237.64
2025-08-16T04:02:00.000,237.40,271.11,4.61,-237.36
2025-08-16T04:03:00.000,237.15,271.11,4.59,-237.10
2025-08-16T04:04:00.000,237.09,271.13,4.66,-237.04
2025-08-16T04:05:00.000,236.92,271.11,4.60,-236.88
2025-08-16T04:06:00.000,236.96,271.14,4.70,-236.91
2025-08-16T04:07:00.000,236.85,271.10,4.53,-236.81
2025-08-16T04:08:00.000,236.88,271.12,4.62,-236.84
2025-08-16T04:09:00.000,236.95,271.10,4.57,-236.91
2025-08-16T04:10:00.000,236.91,271.10,4.55,-236.87
2025-08-16T04:11:00.000,236.91,271.11,4.58,-236.87
2025-08-16T04:12:00.000,236.94,271.07,4.44,-236.89
2025-08-16T04:13:00.000,236.95,271.10,4.53,-236.91
2025-08-16T04:14:00.000,236.98,271.10,4.54,-236.93
2025-08-16T04:15:00.000,236.91,271.08,4.45,-236.87
2025-08-16T04:16:00.000,236.92,271.07,4.42,-236.88
2025-08-16T04:17:00.000,236.94,271.07,4.44,-236.90
2025-08-16T04:18:00.000,236.89,271.07,4.44,-236.85
2025-08-16T04:19:00.000,237.01,271.10,4.56,-236.96
2025-08-16T04:20:00.000,236.99,271.09,4.50,-236.95
2025-08-16T04:21:00.000,236.94,271.09,4.52,-236.90
2025-08-16T04:22:00.000,237.05,271.09,4.51,-237.00
2025-08-16T04:23:00.000,236.99,271.07,4.44,-236.95
2025-08-16T04:24:00.000,236.97,271.06,4.37,-236.93
2025-08-16T04:25:00.000,237.00,271.09,4.49,-236.95
2025-08-16T04:26:00.000,237.01,271.08,4.47,-236.97
2025-08-16T04:27:00.000,236.97,271.06,4.37,-236.93
2025-08-16T04:28:00.000,236.98,271.10,4.54,-236.93
2025-08-16T04:29:00.000,236.99,271.07,4.41,-236.94
2025-08-16T04:30:00.000,237.08,271.09,4.52,-237.04
2025-08-16T04:31:00.000,237.00,271.06,4.40,-236.96
2025-08-16T04:32:00.000,237.05,271.08,4.48,-237.00
2025-08-16T04:33:00.000,237.03,271.09,4.53,-236.99
2025-08-16T04:34:00.000,237.08,271.08,4.46,-237.04
2025-08-16T04:35:00.000,236.99,271.07,4.42,-236.95
2025-08-16T04:36:00.000,237.04,271.08,4.45,-237.00
2025-08-16T04:37:00.000,236.96,271.07,4.42,-236.92
2025-08-16T04:38:00.000,237.08,271.09,4.52,-237.04
2025-08-16T04:39:00.000,236.99,271.05,4.35,-236.95
2025-08-16T04:40:00.000,237.13,271.10,4.55,-237.08
2025-08-16T04:41:00.000,237.10,271.07,4.44,-237.06
2025-08-16T04:42:00.000,237.18,271.11,4.59,-237.13
2025-08-16T04:43:00.000,237.07,271.10,4.55,-237.03
2025-08-16T04:44:00.000,237.13,271.10,4.57,-237.08
2025-08-16T04:45:00.000,237.05,271.09,4.52,-237.01
2025-08-16T04:46:00.000,237.10,271.05,4.36,-237.06
2025-08-16T04:47:00.000,237.08,271.09,4.49,-237.03
2025-08-16T04:48:00.000,237.05,271.06,4.39,-237.01
2025-08-16T04:49:00.000,237.09,271.10,4.56,-237.05
2025-08-16T04:50:00.000,237.14,271.13,4.66,-237.10
2025-08-16T04:51:00.000,237.10,271.11,4.61,-237.05
2025-08-16T04:52:00.000,237.11,271.09,4.49,-237.06
2025-08-16T04:53:00.000,237.15,271.12,4.63,-237.11
2025-08-16T04:54:00.000,237.16,271.14,4.71,-237.11
2025-08-16T04:55:00.000,237.19,271.13,4.68,-237.15
2025-08-16T04:56:00.000,237.18,271.11,4.59,-237.13
2025-08-16T04:57:00.000,237.12,271.11,4.58,-237.08
2025-08-16T04:58:00.000,237.17,271.14,4.71,-237.12
2025-08-16T04:59:00.000,237.17,271.13,4.68,-237.12
2025-08-16T05:00:00.000,237.18,271.10,4.54,-237.14
2025-08-16T05:01:00.000,237.24,271.13,4.69,-237.19
2025-08-16T05:02:00.000,237.23,271.19,4.92,-237.18
2025-08-16T05:03:00.000,237.18,271.10,4.53,-237.13
2025-08-16T05:04:00.000,237.15,271.13,4.66,-237.10
2025-08-16T05:05:00.000,237.16,271.11,4.59,-237.12
2025-08-16T05:06:00.000,237.21,271.12,4.63,-237.17
2025-08-16T05:07:00.000,237.21,271.11,4.58,-237.17
2025-08-16T05:08:00.000,237.26,271.12,4.64,-237.22
2025-08-16T05:09:00.000,237.24,271.14,4.73,-237.19
2025-08-16T05:10:00.000,237.19,271.09,4.51,-237.14
2025-08-16T05:11:00.000,237.21,271.10,4.54,-237.16
2025-08-16T05:12:00.000,237.19,271.12,4.62,-237.14
2025-08-16T05:13:00.000,237.18,271.11,4.58,-237.14
2025-08-16T05:14:00.000,237.19,271.10,4.54,-237.15
2025-08-16T05:15:00.000,237.25,271.08,4.47,-237.20
2025-08-16T05:16:00.000,237.14,271.09,4.51,-237.09
2025-08-16T05:17:00.000,237.19,271.11,4.62,-237.15
2025-08-16T05:18:00.000,237.18,271.10,4.56,-237.14
2025-08-16T05:19:00.000,237.18,271.14,4.71,-237.14
2025-08-16T05:20:00.000,237.15,271.11,4.59,-237.10
2025-08-16T05:21:00.000,237.21,271.13,4.66,-237.17
2025-08-16T05:22:00.000,237.19,271.09,4.49,-237.15
2025-08-16T05:23:00.000,237.15,271.12,4.63,-237.11
2025-08-16T05:24:00.000,237.14,271.10,4.55,-237.10
2025-08-16T05:25:00.000,237.18,271.12,4.62,-237.14
2025-08-16T05:26:00.000,237.16,271.12,4.65,-237.12
2025-08-16T05:27:00.000,237.19,271.10,4.56,-237.15
2025-08-16T05:28:00.000,237.15,271.10,4.54,-237.11
2025-08-16T05:29:00.000,237.23,271.11,4.59,-237.18
2025-08-16T05:30:00.000,237.20,271.13,4.68,-237.16
2025-08-16T05:31:00.000,237.16,271.13,4.68,-237.11
2025-08-16T05:32:00.000,237.19,271.11,4.58,-237.15
2025-08-16T05:33:00.000,237.13,271.10,4.54,-237.09
2025-08-16T05:34:00.000,237.20,271.11,4.58,-237.16
2025-08-16T05:35:00.000,237.16,271.08,4.47,-237.11
2025-08-16T05:36:00.000,237.15,271.08,4.47,-237.11
2025-08-16T05:37:00.000,237.08,271.09,4.53,-237.04
2025-08-16T05:38:00.000,237.11,271.08,4.49,-237.07
2025-08-16T05:39:00.000,237.18,271.08,4.45,-237.14
2025-08-16T05:40:00.000,237.24,271.10,4.55,-237.20
2025-08-16T05:41:00.000,237.16,271.09,4.49,-237.12
2025-08-16T05:42:00.000,237.18,271.08,4.49,-237.14
2025-08-16T05:43:00.000,237.11,271.06,4.40,-237.07
2025-08-16T05:44:00.000,237.17,271.08,4.47,-237.12
2025-08-16T05:45:00.000,237.12,271.07,4.42,-237.08
2025-08-16T05:46:00.000,237.10,271.06,4.38,-237.06
2025-08-16T05:47:00.000,237.14,271.07,4.44,-237.10
2025-08-16T05:48:00.000,237.16,271.08,4.49,-237.12
2025-08-16T05:49:00.000,237.08,271.06,4.39,-237.04
2025-08-16T05:50:00.000,237.12,271.06,4.40,-237.08
2025-08-16T05:51:00.000,237.12,271.04,4.32,-237.08
2025-08-16T05:52:00.000,237.08,271.07,4.43,-237.04
2025-08-16T05:53:00.000,237.09,271.06,4.40,-237.05
2025-08-16T05:54:00.000,237.11,271.08,4.45,-237.07
2025-08-16T05:55:00.000,237.06,271.07,4.44,-237.02
2025-08-16T05:56:00.000,237.07,271.06,4.37,-237.03
2025-08-16T05:57:00.000,237.13,271.07,4.41,-237.09
2025-08-16T05:58:00.000,237.07,271.04,4.30,-237.03
2025-08-16T05:59:00.000,237.16,271.06,4.38,-237.12
2025-08-16T06:00:00.000,237.08,271.06,4.39,-237.04
2025-08-16T06:01:00.000,237.17,271.08,4.46,-237.13
2025-08-16T06:02:00.000,237.18,271.07,4.44,-237.13
2025-08-16T06:03:00.000,237.96,271.06,4.41,-237.92
2025-08-16T06:04:00.000,248.18,270.89,3.84,-248.15
2025-08-16T06:05:00.000,232.86,271.67,6.80,-232.76
2025-08-16T06:06:00.000,218.97,273.83,14.63,-218.48
2025-08-16T06:07:00.000,202.75,273.77,13.32,-202.31
2025-08-16T06:08:00.000,183.76,274.01,12.85,-183.31
2025-08-16T06:09:00.000,168.01,273.63,10.64,-167.67
2025-08-16T06:10:00.000,156.13,273.80,10.35,-155.79
2025-08-16T06:11:00.000,148.40,301.62,77.81,-126.36
2025-08-16T06:12:00.000,136.43,304.67,77.61,-112.20
2025-08-16T06:13:00.000,124.35,305.75,72.66,-100.92
2025-08-16T06:14:00.000,114.59,305.71,66.88,-93.04
2025-08-16T06:15:00.000,104.08,305.34,60.20,-84.90
2025-08-16T06:16:00.000,98.03,305.52,56.95,-79.78
2025-08-16T06:17:00.000,90.04,305.92,52.82,-72.92
2025-08-16T06:18:00.000,82.55,306.83,49.49,-66.07
2025-08-16T06:19:00.000,75.62,309.05,47.64,-58.72
2025-08-16T06:20:00.000,68.96,310.71,44.98,-52.27
2025-08-16T06:21:00.000,61.89,310.22,39.97,-47.26
2025-08-16T06:22:00.000,57.97,310.74,37.84,-43.92
2025-08-16T06:23:00.000,53.61,313.58,36.96,-38.84
2025-08-16T06:24:00.000,48.91,315.82,35.08,-34.09
2025-08-16T06:25:00.000,45.29,314.18,31.56,-32.48
2025-08-16T06:26:00.000,41.92,314.57,29.42,-29.87
2025-08-16T06:27:00.000,39.36,312.34,26.51,-29.10
2025-08-16T06:28:00.000,37.34,309.79,23.90,-28.69
2025-08-16T06:29:00.000,35.72,309.43,22.69,-27.59
2025-08-16T06:30:00.000,34.12,309.53,21.71,-26.32
2025-08-16T06:31:00.000,32.54,307.88,19.98,-25.68
2025-08-16T06:32:00.000,31.64,307.24,19.15,-25.19
2025-08-16T06:33:00.000,30.71,306.85,18.42,-24.58
2025-08-16T06:34:00.000,29.98,306.60,17.87,-24.07
2025-08-16T06:35:00.000,29.19,306.41,17.32,-23.49
2025-08-16T06:36:00.000,28.56,306.28,16.90,-23.03
2025-08-16T06:37:00.000,27.84,306.58,16.59,-22.36
2025-08-16T06:38:00.000,27.17,305.99,15.97,-21.99
2025-08-16T06:39:00.000,26.42,304.31,14.89,-21.82
2025-08-16T06:40:00.000,26.03,303.25,14.27,-21.77
2025-08-16T06:41:00.000,25.48,303.14,13.93,-21.34
2025-08-16T06:42:00.000,25.05,302.51,13.46,-21.12
2025-08-16T06:43:00.000,24.53,301.11,12.67,-21.00
2025-08-16T06:44:00.000,23.95,300.93,12.31,-20.55
2025-08-16T06:45:00.000,23.33,301.09,12.05,-19.98
2025-08-16T06:46:00.000,22.68,301.38,11.81,-19.37
2025-08-16T06:47:00.000,21.96,302.04,11.65,-18.62
2025-08-16T06:48:00.000,21.13,303.32,11.61,-17.66
2025-08-16T06:49:00.000,20.72,304.47,11.73,-17.08
2025-08-16T06:50:00.000,19.61,305.74,11.46,-15.92
2025-08-16T06:51:00.000,18.82,305.90,11.03,-15.24
2025-08-16T06:52:00.000,17.76,306.34,10.52,-14.30
2025-08-16T06:53:00.000,16.82,306.69,10.05,-13.48
2025-08-16T06:54:00.000,15.05,307.04,9.07,-12.02
2025-08-16T06:55:00.000,14.25,307.61,8.70,-11.29
2025-08-16T06:56:00.000,13.01,308.91,8.17,-10.12
2025-08-16T06:57:00.000,12.04,309.30,7.63,-9.32
2025-08-16T06:58:00.000,10.75,311.23,7.08,-8.08
2025-08-16T06:59:00.000,9.50,312.08,6.37,-7.05
2025-08-16T07:00:00.000,7.87,312.32,5.30,-5.82
2025-08-16T07:01:00.000,6.15,313.60,4.24,-4.45
2025-08-16T07:02:00.000,5.05,314.48,3.54,-3.60
2025-08-16T07:03:00.000,3.56,317.07,2.60,-2.42
2025-08-16T07:04:00.000,2.79,319.97,2.14,-1.79
2025-08-16T07:05:00.000,1.87,321.19,1.46,-1.17
2025-08-16T07:06:00.000,1.38,325.44,1.13,-0.78
2025-08-16T07:07:00.000,1.18,328.58,1.01,-0.61
2025-08-16T07:08:00.000,1.09,329.76,0.94,-0.55
2025-08-16T07:09:00.000,1.02,332.71,0.90,-0.47
2025-08-16T07:10:00.000,1.02,333.96,0.91,-0.45
2025-08-16T07:11:00.000,1.01,335.01,0.92,-0.43
2025-08-16T07:12:00.000,1.00,338.49,0.94,-0.37
2025-08-16T07:13:00.000,1.00,338.48,0.93,-0.37
2025-08-16T07:14:00.000,0.97,339.72,0.91,-0.34
2025-08-16T07:15:00.000,0.97,343.79,0.93,-0.27
2025-08-16T07:16:00.000,0.98,343.43,0.94,-0.28
2025-08-16T07:17:00.000,0.97,343.78,0.93,-0.27
2025-08-16T07:18:00.000,0.97,344.37,0.93,-0.26
2025-08-16T07:19:00.000,0.97,346.11,0.94,-0.23
2025-08-16T07:20:00.000,0.98,345.59,0.95,-0.24
2025-08-16T07:21:00.000,0.96,349.43,0.94,-0.18
2025-08-16T07:22:00.000,0.96,349.75,0.94,-0.17
2025-08-16T07:23:00.000,0.96,349.16,0.94,-0.18
2025-08-16T07:24:00.000,0.97,341.49,0.92,-0.31
2025-08-16T07:25:00.000,1.00,338.21,0.93,-0.37
2025-08-16T07:26:00.000,1.01,336.46,0.93,-0.40
2025-08-16T07:27:00.000,1.00,336.41,0.92,-0.40
2025-08-16T07:28:00.000,0.99,335.39,0.90,-0.41
2025-08-16T07:29:00.000,1.00,333.78,0.90,-0.44
2025-08-16T07:30:00.000,1.01,334.19,0.90,-0.44
2025-08-16T07:31:00.000,1.00,334.47,0.90,-0.43
2025-08-16T07:32:00.000,1.00,335.15,0.91,-0.42
2025-08-16T07:33:00.000,1.00,335.42,0.91,-0.42
2025-08-16T07:34:00.000,0.99,335.82,0.90,-0.40
2025-08-16T07:35:00.000,0.99,334.90,0.89,-0.42
2025-08-16T07:36:00.000,0.99,333.99,0.89,-0.44
2025-08-16T07:37:00.000,0.98,334.48,0.88,-0.42
2025-08-16T07:38:00.000,0.98,336.38,0.90,-0.39
2025-08-16T07:39:00.000,0.99,335.04,0.90,-0.42
2025-08-16T07:40:00.000,0.84,336.60,0.77,-0.33
2025-08-16T07:41:00.000,0.73,352.20,0.72,-0.10
2025-08-16T07:42:00.000,0.73,353.06,0.72,-0.09
2025-08-16T07:43:00.000,0.73,354.45,0.73,-0.07
2025-08-16T07:44:00.000,0.74,357.32,0.74,-0.03
2025-08-16T07:45:00.000,0.73,359.32,0.73,-0.01
2025-08-16T07:46:00.000,0.72,357.43,0.72,-0.03
2025-08-16T07:47:00.000,0.74,2.36,0.74,0.03
2025-08-16T07:48:00.000,0.73,359.40,0.73,-0.01
2025-08-16T07:49:00.000,0.73,0.71,0.73,0.01
2025-08-16T07:50:00.000,0.76,11.28,0.74,0.15
2025-08-16T07:51:00.000,0.73,3.43,0.73,0.04
2025-08-16T07:52:00.000,0.76,11.72,0.74,0.15
2025-08-16T07:53:00.000,0.78,13.98,0.75,0.19
2025-08-16T07:54:00.000,0.76,8.10,0.75,0.11
2025-08-16T07:55:00.000,0.76,12.30,0.74,0.16
2025-08-16T07:56:00.000,0.74,7.45,0.73,0.10
2025-08-16T07:57:00.000,0.72,5.56,0.72,0.07
2025-08-16T07:58:00.000,0.73,6.79,0.73,0.09
2025-08-16T07:59:00.000,0.74,3.88,0.74,0.05
2025-08-16T08:00:00.000,0.75,6.51,0.74,0.08
2025-08-16T08:01:00.000,0.77,12.73,0.75,0.17
2025-08-16T08:02:00.000,0.76,9.64,0.75,0.13
2025-08-16T08:03:00.000,0.77,9.77,0.76,0.13
2025-08-16T08:04:00.000,0.77,13.96,0.75,0.19
2025-08-16T08:05:00.000,0.70,11.08,0.69,0.14
2025-08-16T08:06:00.000,0.70,3.62,0.69,0.04
2025-08-16T08:07:00.000,0.73,8.22,0.72,0.10
2025-08-16T08:08:00.000,0.71,359.51,0.71,-0.01
2025-08-16T08:09:00.000,0.73,2.40,0.73,0.03
2025-08-16T08:10:00.000,0.74,14.76,0.72,0.19
2025-08-16T08:11:00.000,0.73,4.74,0.73,0.06
2025-08-16T08:12:00.000,0.70,9.85,0.69,0.12
2025-08-16T08:13:00.000,0.73,5.80,0.73,0.07
2025-08-16T08:14:00.000,0.70,6.35,0.70,0.08
2025-08-16T08:15:00.000,0.69,357.47,0.69,-0.03
2025-08-16T08:16:00.000,0.70,353.96,0.70,-0.07
2025-08-16T08:17:00.000,0.68,352.47,0.68,-0.09
2025-08-16T08:18:00.000,0.69,355.46,0.69,-0.05
2025-08-16T08:19:00.000,0.67,348.98,0.66,-0.13
2025-08-16T08:20:00.000,0.67,352.52,0.67,-0.09
2025-08-16T08:21:00.000,0.67,354.47,0.67,-0.06
2025-08-16T08:22:00.000,0.66,351.05,0.65,-0.10
2025-08-16T08:23:00.000,0.65,352.83,0.65,-0.08
2025-08-16T08:24:00.000,0.67,351.37,0.66,-0.10
2025-08-16T08:25:00.000,0.67,350.94,0.66,-0.11
2025-08-16T08:26:00.000,0.69,350.53,0.68,-0.11
2025-08-16T08:27:00.000,0.69,349.25,0.68,-0.13
2025-08-16T08:28:00.000,0.68,349.84,0.67,-0.12
2025-08-16T08:29:00.000,0.70,349.19,0.69,-0.13
2025-08-16T08:30:00.000,0.68,347.26,0.66,-0.15
2025-08-16T08:31:00.000,0.69,348.08,0.67,-0.14
2025-08-16T08:32:00.000,0.65,341.97,0.62,-0.20
2025-08-16T08:33:00.000,0.66,341.72,0.63,-0.21
2025-08-16T08:34:00.000,0.62,340.45,0.58,-0.21
2025-08-16T08:35:00.000,0.65,345.62,0.63,-0.16
2025-08-16T08:36:00.000,0.65,342.76,0.62,-0.19
2025-08-16T08:37:00.000,0.67,346.61,0.65,-0.16
2025-08-16T08:38:00.000,0.67,347.04,0.66,-0.15
2025-08-16T08:39:00.000,0.68,347.84,0.67,-0.14
2025-08-16T08:40:00.000,0.70,348.28,0.68,-0.14
2025-08-16T08:41:00.000,0.68,349.43,0.67,-0.13
2025-08-16T08:42:00.000,0.68,348.92,0.67,-0.13
2025-08-16T08:43:00.000,0.68,348.44,0.67,-0.14
2025-08-16T08:44:00.000,0.69,348.76,0.67,-0.13
2025-08-16T08:45:00.000,0.68,348.24,0.67,-0.14
2025-08-16T08:46:00.000,0.68,347.81,0.66,-0.14
2025-08-16T08:47:00.000,0.65,345.92,0.63,-0.16
2025-08-16T08:48:00.000,0.64,345.52,0.62,-0.16
2025-08-16T08:49:00.000,0.50,338.09,0.47,-0.19
2025-08-16T08:50:00.000,0.63,342.77,0.60,-0.19
2025-08-16T08:51:00.000,0.54,356.74,0.54,-0.03
2025-08-16T08:52:00.000,0.44,11.08,0.43,0.09
2025-08-16T08:53:00.000,0.50,12.64,0.49,0.11
2025-08-16T08:54:00.000,0.48,7.55,0.47,0.06
2025-08-16T08:55:00.000,0.49,1.81,0.49,0.02
2025-08-16T08:56:00.000,0.49,354.27,0.48,-0.05
2025-08-16T08:57:00.000,0.47,352.53,0.47,-0.06
2025-08-16T08:58:00.000,0.47,351.95,0.47,-0.07
2025-08-16T08:59:00.000,0.48,352.18,0.47,-0.06
2025-08-16T09:00:00.000,0.48,355.60,0.48,-0.04
2025-08-16T09:01:00.000,0.49,355.83,0.48,-0.04
2025-08-16T09:02:00.000,0.50,354.26,0.50,-0.05
2025-08-16T09:03:00.000,0.49,357.87,0.49,-0.02
2025-08-16T09:04:00.000,0.53,0.91,0.53,0.01
2025-08-16T09:05:00.000,0.52,0.45,0.52,0.00
2025-08-16T09:06:00.000,0.53,359.67,0.53,-0.00
2025-08-16T09:07:00.000,0.54,1.47,0.54,0.01
2025-08-16T09:08:00.000,0.53,355.49,0.52,-0.04
2025-08-16T09:09:00.000,0.53,354.53,0.52,-0.05
2025-08-16T09:10:00.000,0.50,352.30,0.50,-0.07
2025-08-16T09:11:00.000,0.51,349.66,0.50,-0.09
2025-08-16T09:12:00.000,0.50,351.27,0.49,-0.08
2025-08-16T09:13:00.000,0.49,350.50,0.49,-0.08
2025-08-16T09:14:00.000,0.49,351.15,0.49,-0.08
2025-08-16T09:15:00.000,0.53,356.61,0.53,-0.03
2025-08-16T09:16:00.000,0.52,353.10,0.52,-0.06
2025-08-16T09:17:00.000,0.53,356.46,0.52,-0.03
2025-08-16T09:18:00.000,0.52,355.70,0.51,-0.04
2025-08-16T09:19:00.000,0.49,353.17,0.49,-0.06
2025-08-16T09:20:00.000,0.48,349.02,0.47,-0.09
2025-08-16T09:21:00.000,0.48,348.04,0.47,-0.10
2025-08-16T09:22:00.000,0.47,346.46,0.45,-0.11
2025-08-16T09:23:00.000,0.47,348.12,0.46,-0.10
2025-08-16T09:24:00.000,0.48,348.00,0.47,-0.10
2025-08-16T09:25:00.000,0.46,351.58,0.45,-0.07
2025-08-16T09:26:00.000,0.45,352.42,0.44,-0.06
2025-08-16T09:27:00.000,0.42,356.39,0.42,-0.03
2025-08-16T09:28:00.000,0.42,5.05,0.42,0.04
2025-08-16T09:29:00.000,0.47,12.82,0.45,0.10
2025-08-16T09:30:00.000,0.51,17.37,0.49,0.15
2025-08-16T09:31:00.000,0.51,11.05,0.50,0.10
2025-08-16T09:32:00.000,0.48,2.73,0.48,0.02
2025-08-16T09:33:00.000,0.50,356.33,0.50,-0.03
2025-08-16T09:34:00.000,0.51,354.54,0.50,-0.05
2025-08-16T09:35:00.000,0.50,352.03,0.50,-0.07
2025-08-16T09:36:00.000,0.51,350.27,0.50,-0.09
2025-08-16T09:37:00.000,0.50,354.25,0.50,-0.05
2025-08-16T09:38:00.000,0.50,355.95,0.50,-0.04
2025-08-16T09:39:00.000,0.52,359.82,0.52,-0.00
2025-08-16T09:40:00.000,0.62,5.84,0.62,0.06
2025-08-16T09:41:00.000,0.68,2.06,0.68,0.02
2025-08-16T09:42:00.000,0.65,358.19,0.65,-0.02
2025-08-16T09:43:00.000,0.64,355.93,0.63,-0.05
2025-08-16T09:44:00.000,0.64,359.23,0.64,-0.01
2025-08-16T09:45:00.000,0.62,354.73,0.61,-0.06
2025-08-16T09:46:00.000,0.62,355.48,0.62,-0.05
2025-08-16T09:47:00.000,0.62,358.99,0.62,-0.01
2025-08-16T09:48:00.000,0.63,4.51,0.63,0.05
2025-08-16T09:49:00.000,0.63,10.13,0.62,0.11
2025-08-16T09:50:00.000,0.61,13.99,0.59,0.15
2025-08-16T09:51:00.000,0.63,20.10,0.59,0.22
2025-08-16T09:52:00.000,1.01,48.14,0.68,0.76
2025-08-16T09:53:00.000,1.06,40.49,0.81,0.69
2025-08-16T09:54:00.000,0.86,31.09,0.74,0.44
2025-08-16T09:55:00.000,0.80,29.69,0.69,0.40
2025-08-16T09:56:00.000,0.90,31.07,0.77,0.47
2025-08-16T09:57:00.000,0.92,29.46,0.80,0.45
2025-08-16T09:58:00.000,0.90,30.93,0.77,0.46
2025-08-16T09:59:00.000,1.01,35.34,0.82,0.58
2025-08-16T10:00:00.000,0.87,30.98,0.74,0.45
2025-08-16T10:01:00.000,0.77,23.07,0.70,0.30
2025-08-16T10:02:00.000,1.02,33.16,0.85,0.56
2025-08-16T10:03:00.000,1.24,37.28,0.99,0.75
2025-08-16T10:04:00.000,0.96,38.21,0.75,0.59
2025-08-16T10:05:00.000,0.82,24.81,0.75,0.35
2025-08-16T10:06:00.000,0.95,24.42,0.87,0.39
2025-08-16T10:07:00.000,0.88,24.49,0.80,0.37
2025-08-16T10:08:00.000,0.95,24.85,0.86,0.40
2025-08-16T10:09:00.000,1.05,36.87,0.84,0.63
2025-08-16T10:10:00.000,1.05,32.24,0.89,0.56
2025-08-16T10:11:00.000,1.35,36.63,1.09,0.81
2025-08-16T10:12:00.000,1.00,59.61,0.51,0.86
2025-08-16T10:13:00.000,0.89,53.76,0.52,0.72
2025-08-16T10:14:00.000,0.65,39.43,0.50,0.41
2025-08-16T10:15:00.000,0.67,46.64,0.46,0.48
2025-08-16T10:16:00.000,0.61,37.88,0.48,0.37
2025-08-16T10:17:00.000,0.59,39.45,0.46,0.38
2025-08-16T10:18:00.000,0.54,33.81,0.45,0.30
2025-08-16T10:19:00.000,0.54,33.76,0.45,0.30
2025-08-16T10:20:00.000,0.65,43.11,0.47,0.44
2025-08-16T10:21:00.000,0.65,38.58,0.51,0.40
2025-08-16T10:22:00.000,0.74,46.31,0.51,0.53
2025-08-16T10:23:00.000,0.69,49.53,0.45,0.52
2025-08-16T10:24:00.000,0.70,44.83,0.49,0.49
2025-08-16T10:25:00.000,0.67,45.86,0.46,0.48
2025-08-16T10:26:00.000,0.61,42.16,0.45,0.41
2025-08-16T10:27:00.000,0.55,40.26,0.42,0.35
2025-08-16T10:28:00.000,0.49,34.21,0.40,0.27
2025-08-16T10:29:00.000,0.49,32.64,0.41,0.26
2025-08-16T10:30:00.000,0.47,28.68,0.41,0.23
2025-08-16T10:31:00.000,0.49,33.50,0.41,0.27
2025-08-16T10:32:00.000,0.51,37.29,0.40,0.31
2025-08-16T10:33:00.000,0.50,33.73,0.42,0.28
2025-08-16T10:34:00.000,0.50,39.83,0.38,0.32
2025-08-16T10:35:00.000,0.46,51.46,0.29,0.36
2025-08-16T10:36:00.000,0.48,44.88,0.34,0.34
2025-08-16T10:37:00.000,0.45,40.77,0.34,0.30
2025-08-16T10:38:00.000,0.42,42.50,0.31,0.28
2025-08-16T10:39:00.000,0.38,44.63,0.27,0.26
2025-08-16T10:40:00.000,0.39,37.30,0.31,0.24
2025-08-16T10:41:00.000,0.42,42.52,0.31,0.28
2025-08-16T10:42:00.000,0.39,43.03,0.28,0.27
2025-08-16T10:43:00.000,0.44,43.95,0.32,0.31
2025-08-16T10:44:00.000,0.49,46.34,0.34,0.35
2025-08-16T10:45:00.000,0.50,47.33,0.34,0.37
2025-08-16T10:46:00.000,0.53,47.11,0.36,0.39
2025-08-16T10:47:00.000,0.54,44.93,0.39,0.38
2025-08-16T10:48:00.000,0.52,43.62,0.38,0.36
2025-08-16T10:49:00.000,0.55,46.61,0.38,0.40
2025-08-16T10:50:00.000,0.57,37.70,0.45,0.35
2025-08-16T10:51:00.000,0.58,42.29,0.43,0.39
2025-08-16T10:52:00.000,0.58,45.77,0.41,0.42
2025-08-16T10:53:00.000,0.60,48.56,0.40,0.45
2025-08-16T10:54:00.000,0.66,51.01,0.42,0.52
2025-08-16T10:55:00.000,0.71,58.45,0.37,0.61
2025-08-16T10:56:00.000,0.94,62.03,0.44,0.83
2025-08-16T10:57:00.000,1.07,65.29,0.45,0.97
2025-08-16T10:58:00.000,0.96,57.39,0.52,0.81
2025-08-16T10:59:00.000,1.26,66.28,0.51,1.16
2025-08-16T11:00:00.000,0.77,54.82,0.44,0.63
2025-08-16T11:01:00.000,1.20,53.79,0.71,0.97
2025-08-16T11:02:00.000,1.12,65.99,0.46,1.02
2025-08-16T11:03:00.000,1.33,69.49,0.47,1.24
2025-08-16T11:04:00.000,1.33,66.06,0.54,1.22
2025-08-16T11:05:00.000,1.44,63.73,0.64,1.29
2025-08-16T11:06:00.000,1.55,63.39,0.69,1.38
2025-08-16T11:07:00.000,1.61,61.41,0.77,1.42
2025-08-16T11:08:00.000,1.44,58.05,0.76,1.23
2025-08-16T11:09:00.000,1.18,58.20,0.62,1.00
2025-08-16T11:10:00.000,1.39,58.93,0.72,1.19
2025-08-16T11:11:00.000,1.25,61.45,0.60,1.10
2025-08-16T11:12:00.000,1.25,64.15,0.54,1.12
2025-08-16T11:13:00.000,1.05,59.49,0.54,0.91
2025-08-16T11:14:00.000,0.86,57.17,0.47,0.73
2025-08-16T11:15:00.000,0.93,62.83,0.43,0.83
2025-08-16T11:16:00.000,1.00,66.79,0.39,0.92
2025-08-16T11:17:00.000,0.94,61.78,0.44,0.83
2025-08-16T11:18:00.000,0.84,51.30,0.52,0.65
2025-08-16T11:19:00.000,0.78,52.49,0.47,0.62
2025-08-16T11:20:00.000,0.78,53.57,0.46,0.62
2025-08-16T11:21:00.000,0.74,50.00,0.47,0.56
2025-08-16T11:22:00.000,0.75,50.21,0.48,0.58
2025-08-16T11:23:00.000,0.74,49.34,0.48,0.56
2025-08-16T11:24:00.000,0.72,50.50,0.46,0.56
2025-08-16T11:25:00.000,0.73,51.51,0.45,0.57
2025-08-16T11:26:00.000,0.73,50.67,0.46,0.56
2025-08-16T11:27:00.000,0.74,49.98,0.47,0.57
2025-08-16T11:28:00.000,0.73,50.08,0.47,0.56
2025-08-16T11:29:00.000,0.72,52.60,0.44,0.57
2025-08-16T11:30:00.000,0.68,51.35,0.43,0.53
2025-08-16T11:31:00.000,0.68,47.55,0.46,0.50
2025-08-16T11:32:00.000,0.67,46.80,0.46,0.49
2025-08-16T11:33:00.000,0.64,50.07,0.41,0.49
2025-08-16T11:34:00.000,0.64,50.84,0.40,0.50
2025-08-16T11:35:00.000,0.65,51.10,0.41,0.51
2025-08-16T11:36:00.000,0.64,49.41,0.42,0.49
2025-08-16T11:37:00.000,0.67,49.20,0.44,0.51
2025-08-16T11:38:00.000,0.71,49.14,0.46,0.54
2025-08-16T11:39:00.000,0.74,50.98,0.47,0.58
2025-08-16T11:40:00.000,0.76,51.24,0.47,0.59
2025-08-16T11:41:00.000,0.73,51.93,0.45,0.57
2025-08-16T11:42:00.000,0.74,51.63,0.46,0.58
2025-08-16T11:43:00.000,0.72,47.98,0.48,0.54
2025-08-16T11:44:00.000,0.71,48.05,0.48,0.53
2025-08-16T11:45:00.000,0.39,25.02,0.35,0.16
2025-08-16T11:46:00.000,0.78,34.84,0.64,0.45
2025-08-16T11:47:00.000,0.80,37.03,0.64,0.48
2025-08-16T11:48:00.000,0.85,41.14,0.64,0.56
2025-08-16T11:49:00.000,0.95,43.19,0.69,0.65
2025-08-16T11:50:00.000,1.29,55.06,0.74,1.06
2025-08-16T11:51:00.000,1.31,58.30,0.69,1.11
2025-08-16T11:52:00.000,1.66,59.82,0.83,1.44
2025-08-16T11:53:00.000,1.50,55.25,0.86,1.24
2025-08-16T11:54:00.000,1.93,51.58,1.20,1.51
2025-08-16T11:55:00.000,1.53,46.36,1.06,1.11
2025-08-16T11:56:00.000,1.27,45.96,0.88,0.91
2025-08-16T11:57:00.000,1.28,45.68,0.90,0.92
2025-08-16T11:58:00.000,1.33,43.73,0.96,0.92
2025-08-16T11:59:00.000,1.50,51.63,0.93,1.18
2025-08-16T12:00:00.000,1.62,45.52,1.14,1.16
2025-08-16T12:01:00.000,1.53,47.04,1.04,1.12
2025-08-16T12:02:00.000,1.59,50.10,1.02,1.22
2025-08-16T12:03:00.000,1.36,52.37,0.83,1.08
2025-08-16T12:04:00.000,1.56,51.88,0.96,1.23
2025-08-16T12:05:00.000,1.54,49.73,1.00,1.18
2025-08-16T12:06:00.000,1.39,49.38,0.91,1.06
2025-08-16T12:07:00.000,1.20,48.06,0.80,0.90
2025-08-16T12:08:00.000,1.01,46.95,0.69,0.74
2025-08-16T12:09:00.000,0.98,46.59,0.67,0.71
2025-08-16T12:10:00.000,1.02,45.74,0.71,0.73
2025-08-16T12:11:00.000,0.99,44.74,0.70,0.70
2025-08-16T12:12:00.000,0.96,43.70,0.69,0.66
2025-08-16T12:13:00.000,0.97,43.88,0.70,0.67
2025-08-16T12:14:00.000,0.99,43.62,0.72,0.69
2025-08-16T12:15:00.000,0.95,44.03,0.68,0.66
2025-08-16T12:16:00.000,0.92,43.48,0.67,0.63
2025-08-16T12:17:00.000,0.88,43.12,0.64,0.60
2025-08-16T12:18:00.000,0.83,40.79,0.63,0.54
2025-08-16T12:19:00.000,0.82,40.14,0.63,0.53
2025-08-16T12:20:00.000,0.76,41.56,0.57,0.51
2025-08-16T12:21:00.000,0.72,42.43,0.53,0.49
2025-08-16T12:22:00.000,0.72,42.77,0.53,0.49
2025-08-16T12:23:00.000,0.72,43.08,0.53,0.49
2025-08-16T12:24:00.000,0.72,41.10,0.55,0.48
2025-08-16T12:25:00.000,0.74,39.64,0.57,0.47
2025-08-16T12:26:00.000,0.73,39.86,0.56,0.47
2025-08-16T12:27:00.000,0.76,39.06,0.59,0.48
2025-08-16T12:28:00.000,0.75,36.93,0.60,0.45
2025-08-16T12:29:00.000,0.78,36.03,0.63,0.46
2025-08-16T12:30:00.000,0.79,33.17,0.66,0.43
2025-08-16T12:31:00.000,0.79,33.33,0.66,0.44
2025-08-16T12:32:00.000,0.76,22.62,0.70,0.29
2025-08-16T12:33:00.000,0.69,13.40,0.67,0.16
2025-08-16T12:34:00.000,0.78,9.50,0.76,0.13
2025-08-16T12:35:00.000,0.94,12.01,0.92,0.20
2025-08-16T12:36:00.000,0.95,8.90,0.93,0.15
2025-08-16T12:37:00.000,0.84,8.27,0.83,0.12
2025-08-16T12:38:00.000,0.92,12.76,0.89,0.20
2025-08-16T12:39:00.000,1.02,3.91,1.02,0.07
2025-08-16T12:40:00.000,0.98,2.09,0.98,0.04
2025-08-16T12:41:00.000,0.91,3.08,0.91,0.05
2025-08-16T12:42:00.000,0.91,4.02,0.91,0.06
2025-08-16T12:43:00.000,0.84,3.80,0.84,0.06
2025-08-16T12:44:00.000,0.83,5.10,0.83,0.07
2025-08-16T12:45:00.000,0.79,15.49,0.76,0.21
2025-08-16T12:46:00.000,0.73,29.29,0.64,0.36
2025-08-16T12:47:00.000,0.76,31.37,0.65,0.39
2025-08-16T12:48:00.000,0.78,27.07,0.70,0.36
2025-08-16T12:49:00.000,0.80,24.18,0.73,0.33
2025-08-16T12:50:00.000,0.80,27.51,0.71,0.37
2025-08-16T12:51:00.000,0.44,12.62,0.43,0.10
2025-08-16T12:52:00.000,0.60,32.39,0.51,0.32
2025-08-16T12:53:00.000,0.59,29.09,0.51,0.28
2025-08-16T12:54:00.000,0.57,17.35,0.55,0.17
2025-08-16T12:55:00.000,0.50,14.93,0.48,0.13
2025-08-16T12:56:00.000,0.49,18.99,0.47,0.16
2025-08-16T12:57:00.000,0.52,37.86,0.41,0.32
2025-08-16T12:58:00.000,0.39,45.56,0.27,0.28
2025-08-16T12:59:00.000,0.39,34.16,0.32,0.22
2025-08-16T13:00:00.000,0.37,43.80,0.27,0.26
2025-08-16T13:01:00.000,0.35,58.38,0.18,0.30
2025-08-16T13:02:00.000,0.43,43.23,0.31,0.29
2025-08-16T13:03:00.000,0.36,49.52,0.23,0.27
2025-08-16T13:04:00.000,0.52,44.60,0.37,0.37
2025-08-16T13:05:00.000,0.49,40.39,0.37,0.32
2025-08-16T13:06:00.000,0.39,27.81,0.34,0.18
2025-08-16T13:07:00.000,0.41,37.32,0.32,0.25
2025-08-16T13:08:00.000,0.30,23.73,0.27,0.12
2025-08-16T13:09:00.000,0.30,34.67,0.25,0.17
2025-08-16T13:10:00.000,0.31,22.77,0.29,0.12
2025-08-16T13:11:00.000,0.29,16.08,0.28,0.08
2025-08-16T13:12:00.000,0.28,29.91,0.24,0.14
2025-08-16T13:13:00.000,0.32,28.10,0.28,0.15
2025-08-16T13:14:00.000,0.32,22.30,0.30,0.12
2025-08-16T13:15:00.000,0.27,14.49,0.26,0.07
2025-08-16T13:16:00.000,0.29,14.09,0.28,0.07
2025-08-16T13:17:00.000,0.28,24.14,0.25,0.11
2025-08-16T13:18:00.000,0.25,348.05,0.25,-0.05
2025-08-16T13:19:00.000,0.23,302.95,0.13,-0.19
2025-08-16T13:20:00.000,0.33,323.21,0.26,-0.20
2025-08-16T13:21:00.000,0.28,341.80,0.26,-0.09
2025-08-16T13:22:00.000,0.28,324.87,0.23,-0.16
2025-08-16T13:23:00.000,0.28,335.35,0.26,-0.12
2025-08-16T13:24:00.000,0.18,13.84,0.17,0.04
2025-08-16T13:25:00.000,0.43,255.16,-0.11,-0.41
2025-08-16T13:26:00.000,0.55,302.31,0.30,-0.47
2025-08-16T13:27:00.000,0.39,358.34,0.39,-0.01
2025-08-16T13:28:00.000,0.35,351.06,0.34,-0.05
2025-08-16T13:29:00.000,0.37,353.05,0.36,-0.04
2025-08-16T13:30:00.000,0.39,15.19,0.38,0.10
2025-08-16T13:31:00.000,0.40,26.80,0.35,0.18
2025-08-16T13:32:00.000,0.56,23.67,0.51,0.22
2025-08-16T13:33:00.000,0.57,33.29,0.47,0.31
2025-08-16T13:34:00.000,0.65,52.44,0.39,0.51
2025-08-16T13:35:00.000,0.66,49.86,0.43,0.51
2025-08-16T13:36:00.000,0.56,39.09,0.44,0.36
2025-08-16T13:37:00.000,0.67,56.50,0.37,0.56
2025-08-16T13:38:00.000,0.64,56.38,0.36,0.54
2025-08-16T13:39:00.000,0.61,45.67,0.43,0.44
2025-08-16T13:40:00.000,0.70,54.09,0.41,0.57
2025-08-16T13:41:00.000,0.67,44.33,0.48,0.47
2025-08-16T13:42:00.000,0.67,42.35,0.50,0.45
2025-08-16T13:43:00.000,0.71,48.43,0.47,0.53
2025-08-16T13:44:00.000,0.74,41.89,0.55,0.49
2025-08-16T13:45:00.000,0.73,45.27,0.52,0.52
2025-08-16T13:46:00.000,0.69,41.63,0.51,0.46
2025-08-16T13:47:00.000,0.77,39.00,0.60,0.48
2025-08-16T13:48:00.000,0.76,47.35,0.52,0.56
2025-08-16T13:49:00.000,0.68,41.24,0.51,0.45
2025-08-16T13:50:00.000,0.65,47.44,0.44,0.48
2025-08-16T13:51:00.000,0.63,44.60,0.45,0.44
2025-08-16T13:52:00.000,0.62,43.00,0.45,0.42
2025-08-16T13:53:00.000,0.64,45.51,0.45,0.46
2025-08-16T13:54:00.000,0.65,47.91,0.44,0.48
2025-08-16T13:55:00.000,0.64,49.13,0.42,0.49
2025-08-16T13:56:00.000,0.62,45.95,0.43,0.45
2025-08-16T13:57:00.000,0.62,44.05,0.44,0.43
2025-08-16T13:58:00.000,0.59,40.88,0.45,0.39
2025-08-16T13:59:00.000,0.50,27.81,0.44,0.23
2025-08-16T14:00:00.000,0.24,3.26,0.24,0.01
2025-08-16T14:01:00.000,0.30,338.94,0.28,-0.11
2025-08-16T14:02:00.000,0.34,296.33,0.15,-0.31
2025-08-16T14:03:00.000,0.35,306.51,0.21,-0.28
2025-08-16T14:04:00.000,0.06,291.58,0.02,-0.06
2025-08-16T14:05:00.000,0.20,351.14,0.20,-0.03
2025-08-16T14:06:00.000,0.29,343.53,0.28,-0.08
2025-08-16T14:07:00.000,0.30,1.37,0.30,0.01
2025-08-16T14:08:00.000,0.44,350.46,0.43,-0.07
2025-08-16T14:09:00.000,0.85,314.94,0.60,-0.60
2025-08-16T14:10:00.000,1.62,283.32,0.37,-1.58
2025-08-16T14:11:00.000,1.47,285.37,0.39,-1.42
2025-08-16T14:12:00.000,0.75,287.90,0.23,-0.71
2025-08-16T14:13:00.000,0.51,304.18,0.29,-0.42
2025-08-16T14:14:00.000,0.31,337.19,0.28,-0.12
2025-08-16T14:15:00.000,0.30,24.05,0.27,0.12
2025-08-16T14:16:00.000,0.41,338.23,0.38,-0.15
2025-08-16T14:17:00.000,0.60,326.97,0.50,-0.32
2025-08-16T14:18:00.000,0.79,302.50,0.42,-0.66
2025-08-16T14:19:00.000,0.50,321.49,0.39,-0.31
2025-08-16T14:20:00.000,0.69,72.32,0.21,0.66
2025-08-16T14:21:00.000,0.38,14.77,0.36,0.10
2025-08-16T14:22:00.000,0.58,3.98,0.58,0.04
2025-08-16T14:23:00.000,0.57,324.31,0.46,-0.33
2025-08-16T14:24:00.000,0.45,343.53,0.44,-0.13
2025-08-16T14:25:00.000,0.46,91.36,-0.01,0.46
2025-08-16T14:26:00.000,0.38,26.26,0.34,0.17
2025-08-16T14:27:00.000,0.49,25.12,0.45,0.21
2025-08-16T14:28:00.000,0.43,357.10,0.43,-0.02
2025-08-16T14:29:00.000,0.48,349.21,0.47,-0.09
2025-08-16T14:30:00.000,0.45,352.11,0.45,-0.06
2025-08-16T14:31:00.000,0.46,21.04,0.42,0.16
2025-08-16T14:32:00.000,0.45,31.48,0.38,0.23
2025-08-16T14:33:00.000,0.46,34.67,0.38,0.26
2025-08-16T14:34:00.000,0.40,33.73,0.33,0.22
2025-08-16T14:35:00.000,0.32,32.13,0.27,0.17
2025-08-16T14:36:00.000,0.35,34.84,0.29,0.20
2025-08-16T14:37:00.000,0.43,38.84,0.34,0.27
2025-08-16T14:38:00.000,0.48,37.65,0.38,0.29
2025-08-16T14:39:00.000,0.51,37.76,0.40,0.31
2025-08-16T14:40:00.000,0.51,36.68,0.41,0.31
2025-08-16T14:41:00.000,0.54,39.57,0.41,0.34
2025-08-16T14:42:00.000,0.56,44.40,0.40,0.39
2025-08-16T14:43:00.000,0.49,42.15,0.36,0.33
2025-08-16T14:44:00.000,0.49,39.99,0.38,0.32
2025-08-16T14:45:00.000,0.50,38.18,0.39,0.31
2025-08-16T14:46:00.000,0.51,36.83,0.41,0.31
2025-08-16T14:47:00.000,0.43,50.02,0.28,0.33
2025-08-16T14:48:00.000,0.43,36.53,0.34,0.25
2025-08-16T14:49:00.000,0.47,39.51,0.36,0.30
2025-08-16T14:50:00.000,0.35,92.18,-0.01,0.35
2025-08-16T14:51:00.000,0.28,113.33,-0.11,0.26
2025-08-16T14:52:00.000,0.29,73.75,0.08,0.28
2025-08-16T14:53:00.000,0.33,87.76,0.01,0.33
2025-08-16T14:54:00.000,0.21,79.96,0.04,0.21
2025-08-16T14:55:00.000,0.19,132.25,-0.12,0.14
2025-08-16T14:56:00.000,0.10,158.30,-0.10,0.04
2025-08-16T14:57:00.000,0.25,158.26,-0.23,0.09
2025-08-16T14:58:00.000,0.11,154.71,-0.10,0.05
2025-08-16T14:59:00.000,0.13,102.46,-0.03,0.13
2025-08-16T15:00:00.000,0.20,120.53,-0.10,0.17
2025-08-16T15:01:00.000,0.23,113.04,-0.09,0.21
2025-08-16T15:02:00.000,0.25,124.78,-0.14,0.20
2025-08-16T15:03:00.000,0.65,138.71,-0.49,0.43
2025-08-16T15:04:00.000,0.36,120.91,-0.19,0.31
2025-08-16T15:05:00.000,0.29,127.53,-0.18,0.23
2025-08-16T15:06:00.000,0.30,123.20,-0.16,0.25
2025-08-16T15:07:00.000,0.48,105.50,-0.13,0.47
2025-08-16T15:08:00.000,0.50,101.36,-0.10,0.49
2025-08-16T15:09:00.000,0.46,97.26,-0.06,0.45
2025-08-16T15:10:00.000,0.45,97.44,-0.06,0.44
2025-08-16T15:11:00.000,0.41,94.77,-0.03,0.41
2025-08-16T15:12:00.000,0.41,92.58,-0.02,0.41
2025-08-16T15:13:00.000,0.33,85.73,0.02,0.33
2025-08-16T15:14:00.000,0.27,77.35,0.06,0.26
2025-08-16T15:15:00.000,0.26,89.27,0.00,0.26
2025-08-16T15:16:00.000,0.34,95.23,-0.03,0.34
2025-08-16T15:17:00.000,0.36,94.66,-0.03,0.36
2025-08-16T15:18:00.000,0.28,97.75,-0.04,0.28
2025-08-16T15:19:00.000,0.33,97.41,-0.04,0.33
2025-08-16T15:20:00.000,0.40,91.91,-0.01,0.40
2025-08-16T15:21:00.000,0.32,91.39,-0.01,0.32
2025-08-16T15:22:00.000,0.30,81.51,0.04,0.30
2025-08-16T15:23:00.000,0.30,82.39,0.04,0.29
2025-08-16T15:24:00.000,0.29,85.09,0.03,0.29
2025-08-16T15:25:00.000,0.28,88.86,0.01,0.28
2025-08-16T15:26:00.000,0.31,91.76,-0.01,0.31
2025-08-16T15:27:00.000,0.25,85.39,0.02,0.25
2025-08-16T15:28:00.000,0.21,92.49,-0.01,0.21
2025-08-16T15:29:00.000,0.24,112.73,-0.09,0.22
2025-08-16T15:30:00.000,0.18,131.09,-0.12,0.13
2025-08-16T15:31:00.000,0.22,104.16,-0.05,0.21
2025-08-16T15:32:00.000,0.20,99.95,-0.03,0.19
2025-08-16T15:33:00.000,0.33,87.66,0.01,0.33
2025-08-16T15:34:00.000,0.45,87.57,0.02,0.45
2025-08-16T15:35:00.000,0.34,94.47,-0.03,0.34
2025-08-16T15:36:00.000,0.28,83.10,0.03,0.28
2025-08-16T15:37:00.000,0.40,80.66,0.07,0.40
2025-08-16T15:38:00.000,0.33,81.50,0.05,0.33
2025-08-16T15:39:00.000,0.34,83.42,0.04,0.34
2025-08-16T15:40:00.000,0.38,81.76,0.05,0.38
2025-08-16T15:41:00.000,0.33,92.01,-0.01,0.33
2025-08-16T15:42:00.000,0.28,89.22,0.00,0.28
2025-08-16T15:43:00.000,0.27,87.63,0.01,0.27
2025-08-16T15:44:00.000,0.32,87.68,0.01,0.32
2025-08-16T15:45:00.000,0.37,87.28,0.02,0.37
2025-08-16T15:46:00.000,0.27,87.21,0.01,0.27
2025-08-16T15:47:00.000,0.34,86.70,0.02,0.34
2025-08-16T15:48:00.000,0.31,90.44,-0.00,0.31
2025-08-16T15:49:00.000,0.29,90.71,-0.00,0.29
2025-08-16T15:50:00.000,0.32,88.61,0.01,0.32
2025-08-16T15:51:00.000,0.27,90.02,-0.00,0.27
2025-08-16T15:52:00.000,0.32,87.04,0.02,0.31
2025-08-16T15:53:00.000,0.22,91.53,-0.01,0.22
2025-08-16T15:54:00.000,0.22,97.74,-0.03,0.22
2025-08-16T15:55:00.000,0.12,109.19,-0.04,0.11
2025-08-16T15:56:00.000,0.19,82.63,0.02,0.19
2025-08-16T15:57:00.000,0.37,78.58,0.07,0.36
2025-08-16T15:58:00.000,0.33,84.16,0.03,0.33
2025-08-16T15:59:00.000,0.43,77.19,0.09,0.42
2025-08-16T16:00:00.000,0.44,83.45,0.05,0.44
2025-08-16T16:01:00.000,0.46,83.32,0.05,0.45
2025-08-16T16:02:00.000,0.42,85.98,0.03,0.42
2025-08-16T16:03:00.000,0.41,89.59,0.00,0.41
2025-08-16T16:04:00.000,0.45,86.73,0.03,0.45
2025-08-16T16:05:00.000,0.51,92.13,-0.02,0.51
2025-08-16T16:06:00.000,0.44,90.14,-0.00,0.44
2025-08-16T16:07:00.000,0.43,88.65,0.01,0.43
2025-08-16T16:08:00.000,0.69,97.09,-0.09,0.69
2025-08-16T16:09:00.000,0.45,88.07,0.02,0.45
2025-08-16T16:10:00.000,0.51,85.48,0.04,0.51
2025-08-16T16:11:00.000,0.53,88.74,0.01,0.53
2025-08-16T16:12:00.000,0.48,87.97,0.02,0.48
2025-08-16T16:13:00.000,0.51,84.82,0.05,0.50
2025-08-16T16:14:00.000,0.50,85.11,0.04,0.50
2025-08-16T16:15:00.000,0.52,82.48,0.07,0.52
2025-08-16T16:16:00.000,0.34,73.35,0.10,0.32
2025-08-16T16:17:00.000,0.52,88.56,0.01,0.52
2025-08-16T16:18:00.000,0.99,107.79,-0.30,0.94
2025-08-16T16:19:00.000,0.67,85.35,0.05,0.66
2025-08-16T16:20:00.000,0.55,84.77,0.05,0.55
2025-08-16T16:21:00.000,0.65,83.57,0.07,0.65
2025-08-16T16:22:00.000,0.62,85.83,0.05,0.62
2025-08-16T16:23:00.000,0.60,82.17,0.08,0.59
2025-08-16T16:24:00.000,0.65,84.14,0.07,0.65
2025-08-16T16:25:00.000,0.80,97.79,-0.11,0.79
2025-08-16T16:26:00.000,0.69,78.45,0.14,0.68
2025-08-16T16:27:00.000,0.76,82.02,0.11,0.75
2025-08-16T16:28:00.000,0.80,81.14,0.12,0.79
2025-08-16T16:29:00.000,0.68,81.68,0.10,0.67
2025-08-16T16:30:00.000,0.63,80.78,0.10,0.62
2025-08-16T16:31:00.000,0.60,84.91,0.05,0.59
2025-08-16T16:32:00.000,0.61,103.43,-0.14,0.59
2025-08-16T16:33:00.000,0.62,82.89,0.08,0.62
2025-08-16T16:34:00.000,0.58,86.26,0.04,0.58
2025-08-16T16:35:00.000,0.60,87.11,0.03,0.60
2025-08-16T16:36:00.000,0.54,85.33,0.04,0.54
2025-08-16T16:37:00.000,0.61,95.87,-0.06,0.61
2025-08-16T16:38:00.000,0.73,94.53,-0.06,0.72
2025-08-16T16:39:00.000,0.89,88.04,0.03,0.89
2025-08-16T16:40:00.000,0.97,88.92,0.02,0.97
2025-08-16T16:41:00.000,0.97,87.19,0.05,0.97
2025-08-16T16:42:00.000,0.94,85.32,0.08,0.94
2025-08-16T16:43:00.000,0.82,79.58,0.15,0.81
2025-08-16T16:44:00.000,0.83,80.63,0.13,0.82
2025-08-16T16:45:00.000,0.74,86.53,0.04,0.74
2025-08-16T16:46:00.000,0.78,80.32,0.13,0.77
2025-08-16T16:47:00.000,0.71,84.93,0.06,0.70
2025-08-16T16:48:00.000,0.75,84.67,0.07,0.75
2025-08-16T16:49:00.000,0.73,83.17,0.09,0.72
2025-08-16T16:50:00.000,0.73,80.55,0.12,0.72
2025-08-16T16:51:00.000,0.77,82.55,0.10,0.76
2025-08-16T16:52:00.000,0.87,82.02,0.12,0.86
2025-08-16T16:53:00.000,0.94,77.50,0.20,0.92
2025-08-16T16:54:00.000,1.10,81.52,0.16,1.09
2025-08-16T16:55:00.000,0.99,83.04,0.12,0.99
2025-08-16T16:56:00.000,0.86,84.71,0.08,0.85
2025-08-16T16:57:00.000,0.78,82.02,0.11,0.77
2025-08-16T16:58:00.000,1.15,89.58,0.01,1.15
2025-08-16T16:59:00.000,0.94,81.54,0.14,0.93
2025-08-16T17:00:00.000,1.19,78.38,0.24,1.16
2025-08-16T17:01:00.000,1.07,79.43,0.20,1.06
2025-08-16T17:02:00.000,1.26,78.65,0.25,1.24
2025-08-16T17:03:00.000,1.42,75.92,0.35,1.38
2025-08-16T17:04:00.000,0.93,71.07,0.30,0.88
2025-08-16T17:05:00.000,0.94,79.09,0.18,0.92
2025-08-16T17:06:00.000,1.00,75.61,0.25,0.97
2025-08-16T17:07:00.000,0.91,73.91,0.25,0.88
2025-08-16T17:08:00.000,1.28,66.12,0.52,1.17
2025-08-16T17:09:00.000,1.38,48.43,0.92,1.04
2025-08-16T17:10:00.000,1.64,59.35,0.84,1.41
2025-08-16T17:11:00.000,1.45,62.32,0.67,1.28
2025-08-16T17:12:00.000,1.47,69.50,0.51,1.38
2025-08-16T17:13:00.000,1.31,67.52,0.50,1.21
2025-08-16T17:14:00.000,1.39,72.40,0.42,1.33
2025-08-16T17:15:00.000,1.66,76.55,0.39,1.61
2025-08-16T17:16:00.000,1.68,74.47,0.45,1.62
2025-08-16T17:17:00.000,1.79,77.61,0.38,1.75
2025-08-16T17:18:00.000,1.88,81.38,0.28,1.86
2025-08-16T17:19:00.000,1.75,81.76,0.25,1.73
2025-08-16T17:20:00.000,1.65,80.65,0.27,1.63
2025-08-16T17:21:00.000,1.47,78.02,0.31,1.44
2025-08-16T17:22:00.000,1.43,79.83,0.25,1.40
2025-08-16T17:23:00.000,1.39,78.31,0.28,1.36
2025-08-16T17:24:00.000,1.27,78.24,0.26,1.25
2025-08-16T17:25:00.000,1.15,71.32,0.37,1.09
2025-08-16T17:26:00.000,1.19,68.04,0.45,1.11
2025-08-16T17:27:00.000,1.01,70.05,0.35,0.95
2025-08-16T17:28:00.000,1.00,69.33,0.35,0.94
2025-08-16T17:29:00.000,1.10,67.48,0.42,1.02
2025-08-16T17:30:00.000,1.12,67.88,0.42,1.04
2025-08-16T17:31:00.000,0.96,70.80,0.32,0.91
2025-08-16T17:32:00.000,0.93,66.85,0.37,0.86
2025-08-16T17:33:00.000,1.25,73.68,0.35,1.20
2025-08-16T17:34:00.000,0.99,65.68,0.41,0.90
2025-08-16T17:35:00.000,1.06,67.32,0.41,0.98
2025-08-16T17:36:00.000,1.07,65.68,0.44,0.97
2025-08-16T17:37:00.000,1.02,70.84,0.34,0.96
2025-08-16T17:38:00.000,1.17,66.87,0.46,1.08
2025-08-16T17:39:00.000,1.12,64.80,0.48,1.01
2025-08-16T17:40:00.000,1.44,72.62,0.43,1.37
2025-08-16T17:41:00.000,0.89,72.80,0.26,0.85
2025-08-16T17:42:00.000,0.94,72.30,0.29,0.90
2025-08-16T17:43:00.000,0.85,74.58,0.23,0.82
2025-08-16T17:44:00.000,0.96,66.00,0.39,0.88
2025-08-16T17:45:00.000,1.22,67.02,0.48,1.12
2025-08-16T17:46:00.000,1.31,66.50,0.52,1.20
2025-08-16T17:47:00.000,1.32,63.82,0.58,1.18
2025-08-16T17:48:00.000,1.27,62.95,0.58,1.13
2025-08-16T17:49:00.000,1.35,70.11,0.46,1.27
2025-08-16T17:50:00.000,1.15,63.53,0.51,1.03
2025-08-16T17:51:00.000,1.26,65.85,0.52,1.15
2025-08-16T17:52:00.000,1.30,65.22,0.54,1.18
2025-08-16T17:53:00.000,1.28,63.66,0.57,1.14
2025-08-16T17:54:00.000,1.45,61.42,0.69,1.27
2025-08-16T17:55:00.000,1.28,63.32,0.57,1.14
2025-08-16T17:56:00.000,1.26,62.33,0.59,1.12
2025-08-16T17:57:00.000,1.22,57.75,0.65,1.03
2025-08-16T17:58:00.000,1.31,57.44,0.70,1.10
2025-08-16T17:59:00.000,1.13,59.65,0.57,0.98
2025-08-16T18:00:00.000,1.09,61.43,0.52,0.96
2025-08-16T18:01:00.000,1.08,59.94,0.54,0.94
2025-08-16T18:02:00.000,1.03,58.63,0.53,0.88
2025-08-16T18:03:00.000,4.55,334.46,4.10,-1.96
2025-08-16T18:04:00.000,0.97,51.51,0.61,0.76
2025-08-16T18:05:00.000,1.18,51.24,0.74,0.92
2025-08-16T18:06:00.000,1.13,51.23,0.71,0.88
2025-08-16T18:07:00.000,1.10,51.50,0.68,0.86
2025-08-16T18:08:00.000,1.01,53.48,0.60,0.81
2025-08-16T18:09:00.000,1.12,52.49,0.68,0.89
2025-08-16T18:10:00.000,1.07,53.44,0.64,0.86
2025-08-16T18:11:00.000,1.01,49.97,0.65,0.77
2025-08-16T18:12:00.000,1.04,51.20,0.65,0.81
2025-08-16T18:13:00.000,0.99,51.53,0.61,0.77
2025-08-16T18:14:00.000,0.99,51.29,0.62,0.77
2025-08-16T18:15:00.000,1.03,52.05,0.64,0.82
2025-08-16T18:16:00.000,1.03,51.89,0.63,0.81
2025-08-16T18:17:00.000,1.05,50.98,0.66,0.81
2025-08-16T18:18:00.000,1.06,50.08,0.68,0.81
2025-08-16T18:19:00.000,1.13,49.06,0.74,0.85
2025-08-16T18:20:00.000,1.11,46.72,0.76,0.81
2025-08-16T18:21:00.000,1.05,48.66,0.70,0.79
2025-08-16T18:22:00.000,1.08,48.43,0.72,0.81
2025-08-16T18:23:00.000,0.97,48.51,0.64,0.73
2025-08-16T18:24:00.000,0.96,50.80,0.61,0.74
2025-08-16T18:25:00.000,0.92,51.60,0.57,0.72
2025-08-16T18:26:00.000,0.94,53.14,0.56,0.75
2025-08-16T18:27:00.000,0.88,54.51,0.51,0.72
2025-08-16T18:28:00.000,0.89,54.55,0.51,0.72
2025-08-16T18:29:00.000,0.94,57.55,0.50,0.79
2025-08-16T18:30:00.000,0.90,58.34,0.47,0.76
2025-08-16T18:31:00.000,1.12,62.89,0.51,1.00
2025-08-16T18:32:00.000,1.12,60.18,0.56,0.97
2025-08-16T18:33:00.000,1.19,59.49,0.61,1.03
2025-08-16T18:34:00.000,0.98,64.35,0.42,0.88
2025-08-16T18:35:00.000,1.03,63.37,0.46,0.92
2025-08-16T18:36:00.000,1.41,70.97,0.46,1.34
2025-08-16T18:37:00.000,1.20,67.43,0.46,1.11
2025-08-16T18:38:00.000,1.32,65.04,0.56,1.20
2025-08-16T18:39:00.000,1.39,64.03,0.61,1.25
2025-08-16T18:40:00.000,1.13,68.82,0.41,1.05
2025-08-16T18:41:00.000,1.08,67.09,0.42,0.99
2025-08-16T18:42:00.000,1.00,63.48,0.45,0.89
2025-08-16T18:43:00.000,0.98,61.89,0.46,0.86
2025-08-16T18:44:00.000,0.90,63.21,0.41,0.81
2025-08-16T18:45:00.000,0.97,63.17,0.44,0.86
2025-08-16T18:46:00.000,0.95,63.29,0.43,0.85
2025-08-16T18:47:00.000,0.94,60.55,0.46,0.82
2025-08-16T18:48:00.000,0.97,62.54,0.45,0.86
2025-08-16T18:49:00.000,0.99,62.18,0.46,0.87
2025-08-16T18:50:00.000,0.94,62.47,0.43,0.83
2025-08-16T18:51:00.000,0.95,62.96,0.43,0.85
2025-08-16T18:52:00.000,0.99,62.47,0.46,0.88
2025-08-16T18:53:00.000,0.89,62.53,0.41,0.79
2025-08-16T18:54:00.000,0.90,63.45,0.40,0.81
2025-08-16T18:55:00.000,0.97,63.43,0.43,0.87
2025-08-16T18:56:00.000,1.04,60.47,0.51,0.91
2025-08-16T18:57:00.000,1.04,62.73,0.48,0.93
2025-08-16T18:58:00.000,1.12,59.97,0.56,0.97
2025-08-16T18:59:00.000,1.00,61.24,0.48,0.87
2025-08-16T19:00:00.000,1.07,62.71,0.49,0.95
2025-08-16T19:01:00.000,0.97,63.36,0.43,0.86
2025-08-16T19:02:00.000,0.95,62.37,0.44,0.84
2025-08-16T19:03:00.000,0.91,63.65,0.40,0.81
2025-08-16T19:04:00.000,0.90,63.06,0.41,0.80
2025-08-16T19:05:00.000,0.86,62.72,0.39,0.76
2025-08-16T19:06:00.000,0.85,62.32,0.40,0.75
2025-08-16T19:07:00.000,0.92,61.55,0.44,0.81
2025-08-16T19:08:00.000,0.99,58.69,0.51,0.84
2025-08-16T19:09:00.000,0.97,60.81,0.47,0.85
2025-08-16T19:10:00.000,1.06,61.12,0.51,0.93
2025-08-16T19:11:00.000,1.03,61.86,0.49,0.91
2025-08-16T19:12:00.000,0.90,63.47,0.40,0.81
2025-08-16T19:13:00.000,0.84,64.71,0.36,0.76
2025-08-16T19:14:00.000,0.82,64.71,0.35,0.74
2025-08-16T19:15:00.000,0.79,64.44,0.34,0.71
2025-08-16T19:16:00.000,0.80,64.65,0.34,0.72
2025-08-16T19:17:00.000,0.82,63.32,0.37,0.73
2025-08-16T19:18:00.000,0.83,63.31,0.37,0.74
2025-08-16T19:19:00.000,0.86,63.20,0.39,0.77
2025-08-16T19:20:00.000,0.88,63.36,0.39,0.78
2025-08-16T19:21:00.000,0.90,61.30,0.43,0.79
2025-08-16T19:22:00.000,0.91,62.07,0.42,0.80
2025-08-16T19:23:00.000,0.85,62.85,0.39,0.76
2025-08-16T19:24:00.000,0.84,62.79,0.38,0.75
2025-08-16T19:25:00.000,0.81,64.02,0.35,0.73
2025-08-16T19:26:00.000,0.81,63.40,0.36,0.73
2025-08-16T19:27:00.000,0.89,60.78,0.43,0.78
2025-08-16T19:28:00.000,0.87,61.12,0.42,0.77
2025-08-16T19:29:00.000,0.99,59.13,0.51,0.85
2025-08-16T19:30:00.000,1.03,58.04,0.54,0.87
2025-08-16T19:31:00.000,1.10,56.29,0.61,0.91
2025-08-16T19:32:00.000,1.01,56.97,0.55,0.85
2025-08-16T19:33:00.000,0.98,60.07,0.49,0.85
2025-08-16T19:34:00.000,0.94,61.63,0.45,0.83
2025-08-16T19:35:00.000,0.87,61.74,0.41,0.76
2025-08-16T19:36:00.000,0.83,61.92,0.39,0.73
2025-08-16T19:37:00.000,0.85,61.16,0.41,0.74
2025-08-16T19:38:00.000,0.83,61.46,0.40,0.73
2025-08-16T19:39:00.000,0.88,61.79,0.42,0.77
2025-08-16T19:40:00.000,0.97,60.67,0.48,0.85
2025-08-16T19:41:00.000,0.92,60.04,0.46,0.80
2025-08-16T19:42:00.000,0.95,59.71,0.48,0.82
2025-08-16T19:43:00.000,0.94,58.73,0.49,0.80
2025-08-16T19:44:00.000,0.93,57.23,0.51,0.79
2025-08-16T19:45:00.000,0.91,59.83,0.46,0.79
2025-08-16T19:46:00.000,0.98,59.32,0.50,0.84
2025-08-16T19:47:00.000,0.96,58.79,0.50,0.82
2025-08-16T19:48:00.000,1.16,57.21,0.63,0.97
2025-08-16T19:49:00.000,1.29,57.45,0.70,1.09
2025-08-16T19:50:00.000,1.25,56.82,0.68,1.05
2025-08-16T19:51:00.000,1.29,55.33,0.73,1.06
2025-08-16T19:52:00.000,1.25,55.00,0.71,1.02
2025-08-16T19:53:00.000,1.20,56.56,0.66,1.00
2025-08-16T19:54:00.000,1.26,56.22,0.70,1.05
2025-08-16T19:55:00.000,1.12,56.94,0.61,0.94
2025-08-16T19:56:00.000,1.11,60.45,0.55,0.97
2025-08-16T19:57:00.000,0.98,61.39,0.47,0.86
2025-08-16T19:58:00.000,0.91,60.20,0.45,0.79
2025-08-16T19:59:00.000,1.09,60.33,0.54,0.95
2025-08-16T20:00:00.000,1.08,60.50,0.53,0.94
2025-08-16T20:01:00.000,1.09,60.21,0.54,0.95
2025-08-16T20:02:00.000,1.00,63.06,0.45,0.89
2025-08-16T20:03:00.000,0.97,61.76,0.46,0.86
2025-08-16T20:04:00.000,0.95,60.77,0.46,0.83
2025-08-16T20:05:00.000,0.97,62.49,0.45,0.86
2025-08-16T20:06:00.000,0.92,64.19,0.40,0.83
2025-08-16T20:07:00.000,0.98,63.01,0.44,0.87
2025-08-16T20:08:00.000,0.98,62.32,0.46,0.87
2025-08-16T20:09:00.000,1.02,62.13,0.48,0.90
2025-08-16T20:10:00.000,1.05,62.24,0.49,0.93
2025-08-16T20:11:00.000,1.12,64.02,0.49,1.01
2025-08-16T20:12:00.000,1.11,63.35,0.50,0.99
2025-08-16T20:13:00.000,1.04,62.73,0.48,0.92
2025-08-16T20:14:00.000,0.96,63.21,0.43,0.86
2025-08-16T20:15:00.000,0.95,63.53,0.42,0.85
2025-08-16T20:16:00.000,1.02,67.91,0.38,0.94
2025-08-16T20:17:00.000,0.97,67.03,0.38,0.89
2025-08-16T20:18:00.000,0.94,65.58,0.39,0.85
2025-08-16T20:19:00.000,0.97,66.69,0.38,0.89
2025-08-16T20:20:00.000,0.95,65.28,0.40,0.86
2025-08-16T20:21:00.000,0.97,65.84,0.40,0.88
2025-08-16T20:22:00.000,0.99,64.78,0.42,0.90
2025-08-16T20:23:00.000,0.90,63.14,0.40,0.80
2025-08-16T20:24:00.000,0.91,62.75,0.42,0.81
2025-08-16T20:25:00.000,0.86,62.75,0.40,0.77
2025-08-16T20:26:00.000,0.86,62.53,0.40,0.77
2025-08-16T20:27:00.000,0.88,61.69,0.42,0.78
2025-08-16T20:28:00.000,0.89,61.26,0.43,0.78
2025-08-16T20:29:00.000,0.93,61.03,0.45,0.81
2025-08-16T20:30:00.000,0.92,61.16,0.44,0.80
2025-08-16T20:31:00.000,0.95,62.06,0.45,0.84
2025-08-16T20:32:00.000,0.94,60.23,0.47,0.81
2025-08-16T20:33:00.000,0.97,58.25,0.51,0.82
2025-08-16T20:34:00.000,0.94,60.70,0.46,0.82
2025-08-16T20:35:00.000,0.94,59.91,0.47,0.81
2025-08-16T20:36:00.000,0.93,58.90,0.48,0.80
2025-08-16T20:37:00.000,0.95,57.83,0.51,0.81
2025-08-16T20:38:00.000,0.94,59.30,0.48,0.81
2025-08-16T20:39:00.000,0.93,59.79,0.47,0.80
2025-08-16T20:40:00.000,0.94,59.03,0.48,0.80
2025-08-16T20:41:00.000,0.98,58.48,0.51,0.84
2025-08-16T20:42:00.000,0.97,56.36,0.54,0.81
2025-08-16T20:43:00.000,1.03,56.97,0.56,0.86
2025-08-16T20:44:00.000,0.94,56.92,0.51,0.79
2025-08-16T20:45:00.000,0.88,57.90,0.47,0.75
2025-08-16T20:46:00.000,0.87,57.80,0.46,0.73
2025-08-16T20:47:00.000,0.89,55.83,0.50,0.74
2025-08-16T20:48:00.000,0.87,55.52,0.49,0.72
2025-08-16T20:49:00.000,0.88,56.99,0.48,0.73
2025-08-16T20:50:00.000,0.84,57.29,0.46,0.71
2025-08-16T20:51:00.000,0.86,57.43,0.46,0.72
2025-08-16T20:52:00.000,0.84,57.95,0.44,0.71
2025-08-16T20:53:00.000,0.83,57.54,0.45,0.70
2025-08-16T20:54:00.000,0.82,57.08,0.45,0.69
2025-08-16T20:55:00.000,0.82,58.17,0.43,0.70
2025-08-16T20:56:00.000,0.80,57.90,0.43,0.68
2025-08-16T20:57:00.000,0.81,57.88,0.43,0.68
2025-08-16T20:58:00.000,0.83,59.31,0.42,0.71
2025-08-16T20:59:00.000,0.84,59.35,0.43,0.72
2025-08-16T21:00:00.000,0.85,59.89,0.43,0.73
2025-08-16T21:01:00.000,0.88,58.92,0.45,0.75
2025-08-16T21:02:00.000,0.92,58.48,0.48,0.79
2025-08-16T21:03:00.000,0.94,58.30,0.50,0.80
2025-08-16T21:04:00.000,0.95,60.72,0.46,0.83
2025-08-16T21:05:00.000,0.92,62.30,0.43,0.82
2025-08-16T21:06:00.000,0.88,62.40,0.41,0.78
2025-08-16T21:07:00.000,0.91,63.70,0.40,0.82
2025-08-16T21:08:00.000,0.82,63.50,0.37,0.74
2025-08-16T21:09:00.000,0.85,64.38,0.37,0.76
2025-08-16T21:10:00.000,0.90,62.90,0.41,0.80
2025-08-16T21:11:00.000,0.85,64.30,0.37,0.77
2025-08-16T21:12:00.000,0.87,62.53,0.40,0.77
2025-08-16T21:13:00.000,0.83,63.53,0.37,0.75
2025-08-16T21:14:00.000,0.82,62.21,0.38,0.73
2025-08-16T21:15:00.000,0.79,63.07,0.36,0.71
2025-08-16T21:16:00.000,0.78,63.02,0.35,0.69
2025-08-16T21:17:00.000,0.78,62.23,0.36,0.69
2025-08-16T21:18:00.000,0.77,61.46,0.37,0.68
2025-08-16T21:19:00.000,0.77,61.54,0.37,0.67
2025-08-16T21:20:00.000,0.78,62.34,0.36,0.69
2025-08-16T21:21:00.000,0.78,62.20,0.36,0.69
2025-08-16T21:22:00.000,0.79,62.52,0.36,0.70
2025-08-16T21:23:00.000,0.79,63.08,0.36,0.70
2025-08-16T21:24:00.000,0.79,62.99,0.36,0.71
2025-08-16T21:25:00.000,0.78,63.80,0.34,0.70
2025-08-16T21:26:00.000,0.78,63.54,0.35,0.70
2025-08-16T21:27:00.000,0.77,63.67,0.34,0.69
2025-08-16T21:28:00.000,0.78,63.21,0.35,0.69
2025-08-16T21:29:00.000,0.78,64.23,0.34,0.71
2025-08-16T21:30:00.000,0.76,63.05,0.35,0.68
2025-08-16T21:31:00.000,2.01,259.82,-0.36,-1.98
2025-08-16T21:32:00.000,0.10,61.38,0.05,0.08
2025-08-16T21:33:00.000,0.10,68.04,0.04,0.09
2025-08-16T21:34:00.000,0.13,68.29,0.05,0.12
2025-08-16T21:35:00.000,0.18,61.29,0.09,0.16
2025-08-16T21:36:00.000,0.16,67.38,0.06,0.15
2025-08-16T21:37:00.000,0.17,66.10,0.07,0.15
2025-08-16T21:38:00.000,0.16,73.92,0.04,0.15
2025-08-16T21:39:00.000,0.17,70.02,0.06,0.16
2025-08-16T21:40:00.000,0.20,70.77,0.07,0.19
2025-08-16T21:41:00.000,0.20,73.17,0.06,0.19
2025-08-16T21:42:00.000,0.28,58.98,0.14,0.24
2025-08-16T21:43:00.000,0.28,61.56,0.13,0.25
2025-08-16T21:44:00.000,0.24,60.76,0.12,0.21
2025-08-16T21:45:00.000,0.25,63.43,0.11,0.23
2025-08-16T21:46:00.000,0.21,66.67,0.08,0.20
2025-08-16T21:47:00.000,0.20,68.78,0.07,0.19
2025-08-16T21:48:00.000,0.22,63.35,0.10,0.19
2025-08-16T21:49:00.000,0.26,57.10,0.14,0.22
2025-08-16T21:50:00.000,0.24,61.43,0.12,0.21
2025-08-16T21:51:00.000,0.21,65.63,0.08,0.19
2025-08-16T21:52:00.000,0.24,63.98,0.10,0.21
2025-08-16T21:53:00.000,0.23,69.05,0.08,0.22
2025-08-16T21:54:00.000,0.29,64.60,0.12,0.26
2025-08-16T21:55:00.000,0.30,61.51,0.14,0.26
2025-08-16T21:56:00.000,0.24,60.08,0.12,0.21
2025-08-16T21:57:00.000,0.26,56.72,0.14,0.22
2025-08-16T21:58:00.000,0.22,57.29,0.12,0.19
2025-08-16T21:59:00.000,0.29,74.51,0.08,0.28
2025-08-16T22:00:00.000,0.31,74.97,0.08,0.30
2025-08-16T22:01:00.000,0.28,74.94,0.07,0.27
2025-08-16T22:02:00.000,0.27,72.28,0.08,0.25
2025-08-16T22:03:00.000,0.24,76.60,0.06,0.24
2025-08-16T22:04:00.000,0.27,79.45,0.05,0.27
2025-08-16T22:05:00.000,0.25,79.79,0.04,0.24
2025-08-16T22:06:00.000,0.24,79.11,0.05,0.23
2025-08-16T22:07:00.000,0.26,78.63,0.05,0.25
2025-08-16T22:08:00.000,0.19,79.37,0.03,0.19
2025-08-16T22:09:00.000,0.16,79.63,0.03,0.16
2025-08-16T22:10:00.000,0.14,85.71,0.01,0.14
2025-08-16T22:11:00.000,0.18,84.12,0.02,0.18
2025-08-16T22:12:00.000,0.19,76.12,0.05,0.18
2025-08-16T22:13:00.000,0.21,78.97,0.04,0.21
2025-08-16T22:14:00.000,0.22,75.11,0.06,0.21
2025-08-16T22:15:00.000,0.19,71.25,0.06,0.18
2025-08-16T22:16:00.000,0.20,74.89,0.05,0.19
2025-08-16T22:17:00.000,0.18,77.20,0.04,0.17
2025-08-16T22:18:00.000,0.17,71.36,0.06,0.16
2025-08-16T22:19:00.000,0.13,76.11,0.03,0.12
2025-08-16T22:20:00.000,0.18,78.35,0.04,0.18
2025-08-16T22:21:00.000,0.16,77.55,0.03,0.15
2025-08-16T22:22:00.000,0.16,78.02,0.03,0.16
2025-08-16T22:23:00.000,0.19,76.16,0.05,0.19
2025-08-16T22:24:00.000,0.20,69.35,0.07,0.19
2025-08-16T22:25:00.000,0.20,70.84,0.07,0.19
2025-08-16T22:26:00.000,0.21,72.27,0.06,0.20
2025-08-16T22:27:00.000,0.19,72.91,0.06,0.18
2025-08-16T22:28:00.000,0.18,70.75,0.06,0.17
2025-08-16T22:29:00.000,0.15,68.21,0.06,0.14
2025-08-16T22:30:00.000,0.17,72.36,0.05,0.17
2025-08-16T22:31:00.000,0.17,71.19,0.05,0.16
2025-08-16T22:32:00.000,0.18,73.31,0.05,0.17
2025-08-16T22:33:00.000,0.19,70.27,0.06,0.18
2025-08-16T22:34:00.000,0.19,71.12,0.06,0.18
2025-08-16T22:35:00.000,0.18,72.11,0.05,0.17
2025-08-16T22:36:00.000,0.19,74.31,0.05,0.18
2025-08-16T22:37:00.000,0.18,74.08,0.05,0.18
2025-08-16T22:38:00.000,0.18,73.13,0.05,0.17
2025-08-16T22:39:00.000,0.19,72.06,0.06,0.18
2025-08-16T22:40:00.000,0.18,69.27,0.06,0.17
2025-08-16T22:41:00.000,0.16,70.02,0.06,0.15
2025-08-16T22:42:00.000,0.16,67.82,0.06,0.14
2025-08-16T22:43:00.000,0.17,75.01,0.04,0.17
2025-08-16T22:44:00.000,0.18,67.38,0.07,0.17
2025-08-16T22:45:00.000,0.19,69.03,0.07,0.18
2025-08-16T22:46:00.000,0.17,67.78,0.07,0.16
2025-08-16T22:47:00.000,0.17,68.24,0.06,0.16
2025-08-16T22:48:00.000,0.17,69.23,0.06,0.16
2025-08-16T22:49:00.000,0.20,76.27,0.05,0.19
2025-08-16T22:50:00.000,0.18,73.02,0.05,0.17
2025-08-16T22:51:00.000,0.21,74.13,0.06,0.20
2025-08-16T22:52:00.000,0.20,73.95,0.06,0.20
2025-08-16T22:53:00.000,0.20,77.30,0.04,0.19
2025-08-16T22:54:00.000,0.17,76.15,0.04,0.17
2025-08-16T22:55:00.000,0.19,78.69,0.04,0.19
2025-08-16T22:56:00.000,0.18,81.72,0.03,0.18
2025-08-16T22:57:00.000,0.17,84.20,0.02,0.17
2025-08-16T22:58:00.000,0.13,92.23,-0.01,0.13
2025-08-16T22:59:00.000,0.13,90.36,-0.00,0.13
2025-08-16T23:00:00.000,0.10,99.86,-0.02,0.10
2025-08-16T23:01:00.000,0.09,109.35,-0.03,0.08
2025-08-16T23:02:00.000,0.09,121.87,-0.05,0.07
2025-08-16T23:03:00.000,0.09,131.43,-0.06,0.07
2025-08-16T23:04:00.000,0.09,125.94,-0.05,0.07
2025-08-16T23:05:00.000,0.11,123.63,-0.06,0.09
2025-08-16T23:06:00.000,0.10,133.44,-0.07,0.07
2025-08-16T23:07:00.000,0.13,122.30,-0.07,0.11
2025-08-16T23:08:00.000,0.18,94.67,-0.01,0.18
2025-08-16T23:09:00.000,0.15,108.59,-0.05,0.14
2025-08-16T23:10:00.000,0.19,100.46,-0.03,0.18
2025-08-16T23:11:00.000,0.27,104.15,-0.07,0.26
2025-08-16T23:12:00.000,0.28,95.74,-0.03,0.28
2025-08-16T23:13:00.000,0.29,98.08,-0.04,0.29
2025-08-16T23:14:00.000,0.30,94.89,-0.03,0.30
2025-08-16T23:15:00.000,0.34,96.48,-0.04,0.33
2025-08-16T23:16:00.000,0.34,97.22,-0.04,0.34
2025-08-16T23:17:00.000,0.36,101.14,-0.07,0.35
2025-08-16T23:18:00.000,0.31,98.22,-0.04,0.31
2025-08-16T23:19:00.000,0.30,96.38,-0.03,0.30
2025-08-16T23:20:00.000,0.30,96.39,-0.03,0.30
2025-08-16T23:21:00.000,0.29,97.87,-0.04,0.29
2025-08-16T23:22:00.000,0.28,94.82,-0.02,0.28
2025-08-16T23:23:00.000,0.30,95.39,-0.03,0.30
2025-08-16T23:24:00.000,0.31,95.56,-0.03,0.30
2025-08-16T23:25:00.000,0.31,95.87,-0.03,0.31
2025-08-16T23:26:00.000,0.31,96.84,-0.04,0.31
2025-08-16T23:27:00.000,0.30,97.63,-0.04,0.29
2025-08-16T23:28:00.000,0.30,97.28,-0.04,0.30
2025-08-16T23:29:00.000,0.30,102.21,-0.06,0.29
2025-08-16T23:30:00.000,0.27,106.81,-0.08,0.26
2025-08-16T23:31:00.000,0.27,107.95,-0.08,0.26
2025-08-16T23:32:00.000,0.27,103.19,-0.06,0.26
2025-08-16T23:33:00.000,0.27,100.87,-0.05,0.27
2025-08-16T23:34:00.000,0.29,99.93,-0.05,0.29
2025-08-16T23:35:00.000,0.31,94.81,-0.03,0.31
2025-08-16T23:36:00.000,0.31,93.17,-0.02,0.31
2025-08-16T23:37:00.000,0.31,91.09,-0.01,0.31
2025-08-16T23:38:00.000,0.32,91.67,-0.01,0.32
2025-08-16T23:39:00.000,0.32,90.48,-0.00,0.32
2025-08-16T23:40:00.000,0.31,92.33,-0.01,0.31
2025-08-16T23:41:00.000,0.28,97.83,-0.04,0.28
2025-08-16T23:42:00.000,0.27,101.71,-0.06,0.27
2025-08-16T23:43:00.000,0.24,107.62,-0.07,0.22
2025-08-16T23:44:00.000,0.23,108.95,-0.08,0.22
2025-08-16T23:45:00.000,0.23,107.60,-0.07,0.22
2025-08-16T23:46:00.000,0.24,99.88,-0.04,0.24
2025-08-16T23:47:00.000,0.26,95.10,-0.02,0.26
2025-08-16T23:48:00.000,0.23,101.95,-0.05,0.22
2025-08-16T23:49:00.000,0.24,101.82,-0.05,0.24
2025-08-16T23:50:00.000,0.21,108.49,-0.07,0.20
2025-08-16T23:51:00.000,0.17,117.75,-0.08,0.15
2025-08-16T23:52:00.000,0.14,134.50,-0.10,0.10
2025-08-16T23:53:00.000,0.14,155.07,-0.12,0.06
2025-08-16T23:54:00.000,0.16,167.62,-0.16,0.04
2025-08-16T23:55:00.000,0.15,174.12,-0.15,0.02
2025-08-16T23:56:00.000,0.14,161.57,-0.14,0.05
2025-08-16T23:57:00.000,0.16,138.15,-0.12,0.11
2025-08-16T23:58:00.000,0.15,128.19,-0.09,0.12
2025-08-16T23:59:00.000,0.18,109.59,-0.06,0.17
2025-08-17T00:00:00.000,0.15,119.79,-0.08,0.13
2025-08-17T00:01:00.000,0.18,118.56,-0.08,0.15
2025-08-17T00:02:00.000,0.15,148.81,-0.13,0.08
2025-08-17T00:03:00.000,0.14,145.07,-0.12,0.08
2025-08-17T00:04:00.000,0.13,168.78,-0.13,0.03
2025-08-17T00:05:00.000,0.12,175.00,-0.12,0.01
2025-08-17T00:06:00.000,0.12,162.10,-0.12,0.04
2025-08-17T00:07:00.000,0.12,167.19,-0.12,0.03
2025-08-17T00:08:00.000,0.13,176.61,-0.13,0.01
2025-08-17T00:09:00.000,0.10,181.61,-0.10,-0.00
2025-08-17T00:10:00.000,0.10,178.04,-0.10,0.00
2025-08-17T00:11:00.000,0.11,157.93,-0.10,0.04
2025-08-17T00:12:00.000,0.11,158.11,-0.10,0.04
2025-08-17T00:13:00.000,0.10,180.10,-0.10,-0.00
2025-08-17T00:14:00.000,0.14,200.29,-0.13,-0.05
2025-08-17T00:15:00.000,0.14,196.34,-0.14,-0.04
2025-08-17T00:16:00.000,0.16,204.81,-0.14,-0.07
2025-08-17T00:17:00.000,0.13,207.13,-0.12,-0.06
2025-08-17T00:18:00.000,0.12,197.30,-0.12,-0.04
2025-08-17T00:19:00.000,0.09,163.75,-0.09,0.02
2025-08-17T00:20:00.000,0.10,148.48,-0.08,0.05
2025-08-17T00:21:00.000,0.08,152.65,-0.07,0.04
2025-08-17T00:22:00.000,0.09,172.90,-0.09,0.01
2025-08-17T00:23:00.000,0.11,139.78,-0.08,0.07
2025-08-17T00:24:00.000,0.11,173.95,-0.11,0.01
2025-08-17T00:25:00.000,0.07,156.32,-0.06,0.03
2025-08-17T00:26:00.000,0.07,146.19,-0.06,0.04
2025-08-17T00:27:00.000,0.10,146.76,-0.08,0.05
2025-08-17T00:28:00.000,0.09,187.21,-0.09,-0.01
2025-08-17T00:29:00.000,0.10,181.64,-0.10,-0.00
2025-08-17T00:30:00.000,0.12,182.58,-0.12,-0.01
2025-08-17T00:31:00.000,0.11,187.54,-0.10,-0.01
2025-08-17T00:32:00.000,0.10,184.51,-0.10,-0.01
2025-08-17T00:33:00.000,0.10,185.40,-0.10,-0.01
2025-08-17T00:34:00.000,0.12,180.59,-0.12,-0.00
2025-08-17T00:35:00.000,0.11,152.53,-0.09,0.05
2025-08-17T00:36:00.000,0.07,159.89,-0.07,0.02
2025-08-17T00:37:00.000,0.10,175.19,-0.10,0.01
2025-08-17T00:38:00.000,0.10,179.64,-0.10,0.00
2025-08-17T00:39:00.000,0.09,157.03,-0.09,0.04
2025-08-17T00:40:00.000,0.12,118.60,-0.06,0.11
2025-08-17T00:41:00.000,0.11,129.51,-0.07,0.09
2025-08-17T00:42:00.000,0.10,157.78,-0.10,0.04
2025-08-17T00:43:00.000,0.10,184.37,-0.10,-0.01
2025-08-17T00:44:00.000,0.09,174.96,-0.09,0.01
2025-08-17T00:45:00.000,0.11,189.21,-0.11,-0.02
2025-08-17T00:46:00.000,0.18,212.05,-0.15,-0.09
2025-08-17T00:47:00.000,0.13,204.14,-0.12,-0.05
2025-08-17T00:48:00.000,0.15,209.09,-0.13,-0.07
2025-08-17T00:49:00.000,0.18,220.64,-0.14,-0.12
2025-08-17T00:50:00.000,0.16,218.69,-0.12,-0.10
2025-08-17T00:51:00.000,0.14,208.79,-0.12,-0.07
2025-08-17T00:52:00.000,0.14,195.28,-0.13,-0.04
2025-08-17T00:53:00.000,0.13,209.10,-0.11,-0.06
2025-08-17T00:54:00.000,0.13,202.80,-0.12,-0.05
2025-08-17T00:55:00.000,0.20,224.47,-0.15,-0.14
2025-08-17T00:56:00.000,0.36,236.15,-0.20,-0.30
2025-08-17T00:57:00.000,0.44,236.50,-0.25,-0.37
2025-08-17T00:58:00.000,0.37,234.62,-0.22,-0.31
2025-08-17T00:59:00.000,0.44,231.84,-0.27,-0.34
2025-08-17T01:00:00.000,0.36,241.03,-0.17,-0.31
2025-08-17T01:01:00.000,0.28,237.94,-0.15,-0.24
2025-08-17T01:02:00.000,0.26,230.60,-0.17,-0.20
2025-08-17T01:03:00.000,0.30,233.83,-0.18,-0.25
2025-08-17T01:04:00.000,0.21,230.79,-0.13,-0.16
2025-08-17T01:05:00.000,0.21,228.38,-0.14,-0.16
2025-08-17T01:06:00.000,0.23,234.39,-0.13,-0.19
2025-08-17T01:07:00.000,0.36,248.44,-0.13,-0.34
2025-08-17T01:08:00.000,0.28,240.96,-0.14,-0.25
2025-08-17T01:09:00.000,0.21,231.39,-0.13,-0.16
2025-08-17T01:10:00.000,0.24,239.70,-0.12,-0.20
2025-08-17T01:11:00.000,0.29,242.07,-0.14,-0.26
2025-08-17T01:12:00.000,0.31,247.68,-0.12,-0.29
2025-08-17T01:13:00.000,0.33,248.03,-0.12,-0.31
2025-08-17T01:14:00.000,0.46,246.57,-0.18,-0.42
2025-08-17T01:15:00.000,0.40,248.59,-0.15,-0.37
2025-08-17T01:16:00.000,0.40,244.70,-0.17,-0.36
2025-08-17T01:17:00.000,0.34,247.42,-0.13,-0.32
2025-08-17T01:18:00.000,0.48,249.92,-0.17,-0.46
2025-08-17T01:19:00.000,0.51,248.67,-0.19,-0.48
2025-08-17T01:20:00.000,0.53,248.44,-0.19,-0.49
2025-08-17T01:21:00.000,0.57,250.08,-0.19,-0.53
2025-08-17T01:22:00.000,0.65,249.83,-0.22,-0.61
2025-08-17T01:23:00.000,0.82,250.39,-0.27,-0.77
2025-08-17T01:24:00.000,0.94,249.39,-0.33,-0.88
2025-08-17T01:25:00.000,0.96,250.04,-0.33,-0.91
2025-08-17T01:26:00.000,1.01,248.51,-0.37,-0.94
2025-08-17T01:27:00.000,1.07,247.89,-0.40,-0.99
2025-08-17T01:28:00.000,1.10,249.85,-0.38,-1.03
2025-08-17T01:29:00.000,1.07,249.29,-0.38,-1.00
2025-08-17T01:30:00.000,1.12,249.87,-0.39,-1.05
2025-08-17T01:31:00.000,0.99,249.01,-0.35,-0.92
2025-08-17T01:32:00.000,1.02,248.37,-0.38,-0.95
2025-08-17T01:33:00.000,0.96,251.74,-0.30,-0.91
2025-08-17T01:34:00.000,1.00,252.17,-0.31,-0.96
2025-08-17T01:35:00.000,0.98,249.51,-0.34,-0.92
2025-08-17T01:36:00.000,0.94,250.28,-0.32,-0.89
2025-08-17T01:37:00.000,0.99,250.61,-0.33,-0.93
2025-08-17T01:38:00.000,1.02,249.43,-0.36,-0.95
2025-08-17T01:39:00.000,0.94,250.39,-0.31,-0.88
2025-08-17T01:40:00.000,1.06,251.92,-0.33,-1.01
2025-08-17T01:41:00.000,0.96,249.40,-0.34,-0.89
2025-08-17T01:42:00.000,0.94,249.73,-0.33,-0.88
2025-08-17T01:43:00.000,0.79,250.45,-0.26,-0.74
2025-08-17T01:44:00.000,0.78,249.37,-0.28,-0.73
2025-08-17T01:45:00.000,0.83,249.95,-0.28,-0.78
2025-08-17T01:46:00.000,0.86,250.34,-0.29,-0.81
2025-08-17T01:47:00.000,0.81,249.09,-0.29,-0.75
2025-08-17T01:48:00.000,0.88,250.91,-0.29,-0.83
2025-08-17T01:49:00.000,0.86,249.24,-0.31,-0.81
2025-08-17T01:50:00.000,0.90,248.25,-0.33,-0.84
2025-08-17T01:51:00.000,0.99,248.06,-0.37,-0.92
2025-08-17T01:52:00.000,1.10,246.78,-0.43,-1.01
2025-08-17T01:53:00.000,0.94,248.84,-0.34,-0.87
2025-08-17T01:54:00.000,0.81,246.41,-0.33,-0.74
2025-08-17T01:55:00.000,0.73,244.33,-0.32,-0.66
2025-08-17T01:56:00.000,0.68,245.78,-0.28,-0.62
2025-08-17T01:57:00.000,0.67,242.49,-0.31,-0.59
2025-08-17T01:58:00.000,0.59,244.82,-0.25,-0.53
2025-08-17T01:59:00.000,0.50,245.17,-0.21,-0.45
2025-08-17T02:00:00.000,0.60,245.51,-0.25,-0.55
2025-08-17T02:01:00.000,0.63,243.97,-0.28,-0.57
2025-08-17T02:02:00.000,0.62,243.60,-0.28,-0.56
2025-08-17T02:03:00.000,0.54,244.63,-0.23,-0.49
2025-08-17T02:04:00.000,0.45,241.32,-0.22,-0.39
2025-08-17T02:05:00.000,0.39,244.73,-0.17,-0.35
2025-08-17T02:06:00.000,0.35,240.59,-0.17,-0.31
2025-08-17T02:07:00.000,0.31,242.76,-0.14,-0.28
2025-08-17T02:08:00.000,0.27,240.95,-0.13,-0.24
2025-08-17T02:09:00.000,0.20,233.74,-0.12,-0.16
2025-08-17T02:10:00.000,0.18,235.70,-0.10,-0.15
2025-08-17T02:11:00.000,0.25,240.34,-0.12,-0.21
2025-08-17T02:12:00.000,0.25,239.29,-0.13,-0.22
2025-08-17T02:13:00.000,0.29,239.94,-0.14,-0.25
2025-08-17T02:14:00.000,0.36,240.45,-0.18,-0.32
2025-08-17T02:15:00.000,0.40,242.25,-0.19,-0.35
2025-08-17T02:16:00.000,0.38,245.20,-0.16,-0.35
2025-08-17T02:17:00.000,0.46,243.15,-0.21,-0.41
2025-08-17T02:18:00.000,0.52,243.93,-0.23,-0.47
2025-08-17T02:19:00.000,0.46,243.14,-0.21,-0.41
2025-08-17T02:20:00.000,0.47,243.18,-0.21,-0.42
2025-08-17T02:21:00.000,0.41,244.82,-0.17,-0.37
2025-08-17T02:22:00.000,0.39,244.57,-0.17,-0.35
2025-08-17T02:23:00.000,0.38,239.61,-0.19,-0.33
2025-08-17T02:24:00.000,0.37,243.66,-0.16,-0.33
2025-08-17T02:25:00.000,0.34,242.38,-0.16,-0.30
2025-08-17T02:26:00.000,0.28,246.83,-0.11,-0.25
2025-08-17T02:27:00.000,0.29,243.51,-0.13,-0.26
2025-08-17T02:28:00.000,0.33,245.44,-0.14,-0.30
2025-08-17T02:29:00.000,0.33,244.44,-0.14,-0.30
2025-08-17T02:30:00.000,0.39,245.08,-0.17,-0.36
2025-08-17T02:31:00.000,0.34,242.64,-0.16,-0.30
2025-08-17T02:32:00.000,0.26,244.47,-0.11,-0.24
2025-08-17T02:33:00.000,0.21,240.27,-0.11,-0.19
2025-08-17T02:34:00.000,0.24,241.25,-0.12,-0.21
2025-08-17T02:35:00.000,0.20,243.16,-0.09,-0.18
2025-08-17T02:36:00.000,0.27,245.64,-0.11,-0.24
2025-08-17T02:37:00.000,0.33,244.58,-0.14,-0.30
2025-08-17T02:38:00.000,0.38,246.27,-0.15,-0.35
2025-08-17T02:39:00.000,0.42,246.07,-0.17,-0.39
2025-08-17T02:40:00.000,0.52,245.65,-0.21,-0.47
2025-08-17T02:41:00.000,0.54,246.03,-0.22,-0.49
2025-08-17T02:42:00.000,0.59,250.49,-0.20,-0.56
2025-08-17T02:43:00.000,0.57,249.98,-0.19,-0.53
2025-08-17T02:44:00.000,0.58,248.13,-0.21,-0.53
2025-08-17T02:45:00.000,0.56,251.20,-0.18,-0.53
2025-08-17T02:46:00.000,0.40,246.55,-0.16,-0.37
2025-08-17T02:47:00.000,0.40,249.58,-0.14,-0.38
2025-08-17T02:48:00.000,0.32,245.23,-0.13,-0.29
2025-08-17T02:49:00.000,0.34,248.88,-0.12,-0.32
2025-08-17T02:50:00.000,0.36,245.58,-0.15,-0.33
2025-08-17T02:51:00.000,0.38,245.37,-0.16,-0.35
2025-08-17T02:52:00.000,0.39,242.01,-0.18,-0.35
2025-08-17T02:53:00.000,0.33,239.76,-0.16,-0.28
2025-08-17T02:54:00.000,0.38,241.45,-0.18,-0.34
2025-08-17T02:55:00.000,0.23,238.76,-0.12,-0.20
2025-08-17T02:56:00.000,0.22,237.09,-0.12,-0.18
2025-08-17T02:57:00.000,0.17,234.21,-0.10,-0.14
2025-08-17T02:58:00.000,0.10,224.87,-0.07,-0.07
2025-08-17T02:59:00.000,0.04,187.41,-0.04,-0.01
2025-08-17T03:00:00.000,0.04,126.70,-0.02,0.03
2025-08-17T03:01:00.000,0.06,140.86,-0.04,0.04
2025-08-17T03:02:00.000,0.05,154.41,-0.04,0.02
2025-08-17T03:03:00.000,0.05,157.67,-0.05,0.02
2025-08-17T03:04:00.000,0.08,189.92,-0.08,-0.01
2025-08-17T03:05:00.000,0.08,195.11,-0.08,-0.02
2025-08-17T03:06:00.000,0.10,195.96,-0.10,-0.03
2025-08-17T03:07:00.000,0.10,213.50,-0.08,-0.05
2025-08-17T03:08:00.000,0.11,213.98,-0.09,-0.06
2025-08-17T03:09:00.000,0.10,219.65,-0.08,-0.06
2025-08-17T03:10:00.000,0.07,204.37,-0.07,-0.03
2025-08-17T03:11:00.000,0.06,162.25,-0.06,0.02
2025-08-17T03:12:00.000,0.08,132.75,-0.05,0.06
2025-08-17T03:13:00.000,0.06,118.48,-0.03,0.06
2025-08-17T03:14:00.000,0.22,83.13,0.03,0.22
2025-08-17T03:15:00.000,0.26,73.89,0.07,0.25
2025-08-17T03:16:00.000,0.21,98.89,-0.03,0.21
2025-08-17T03:17:00.000,0.24,87.58,0.01,0.24
2025-08-17T03:18:00.000,0.25,97.38,-0.03,0.25
2025-08-17T03:19:00.000,0.41,93.63,-0.03,0.41
2025-08-17T03:20:00.000,3.81,85.11,0.32,3.80
2025-08-17T03:21:00.000,7.22,77.97,1.50,7.06
2025-08-17T03:22:00.000,10.74,72.05,3.31,10.21
2025-08-17T03:23:00.000,13.91,68.93,5.00,12.98
2025-08-17T03:24:00.000,16.83,67.16,6.53,15.51
2025-08-17T03:25:00.000,18.85,66.53,7.51,17.29
2025-08-17T03:26:00.000,20.62,66.76,8.14,18.94
2025-08-17T03:27:00.000,22.12,66.69,8.75,20.31
2025-08-17T03:28:00.000,23.37,64.29,10.14,21.06
2025-08-17T03:29:00.000,24.63,63.70,10.92,22.08
2025-08-17T03:30:00.000,25.75,62.91,11.72,22.92
2025-08-17T03:31:00.000,27.00,61.59,12.85,23.75
2025-08-17T03:32:00.000,28.15,61.11,13.60,24.65
2025-08-17T03:33:00.000,29.25,60.70,14.31,25.51
2025-08-17T03:34:00.000,30.54,60.02,15.26,26.46
2025-08-17T03:35:00.000,31.86,58.64,16.58,27.21
2025-08-17T03:36:00.000,33.46,57.83,17.82,28.33
2025-08-17T03:37:00.000,35.58,57.02,19.37,29.84
2025-08-17T03:38:00.000,37.61,57.37,20.28,31.67
2025-08-17T03:39:00.000,41.26,57.27,22.31,34.70
2025-08-17T03:40:00.000,44.74,56.47,24.71,37.30
2025-08-17T03:41:00.000,49.30,52.76,29.83,39.24
2025-08-17T03:42:00.000,54.46,50.39,34.72,41.96
2025-08-17T03:43:00.000,59.75,43.49,43.35,41.12
2025-08-17T03:44:00.000,67.04,42.12,49.73,44.97
2025-08-17T03:45:00.000,75.61,40.03,57.89,48.63
2025-08-17T03:46:00.000,84.09,40.28,64.15,54.36
2025-08-17T03:47:00.000,96.90,38.39,75.95,60.18
2025-08-17T03:48:00.000,109.34,36.76,87.60,65.43
2025-08-17T03:49:00.000,120.61,34.94,98.87,69.07
2025-08-17T03:50:00.000,138.29,34.40,114.11,78.13
2025-08-17T03:51:00.000,152.48,33.39,127.31,83.92
2025-08-17T03:52:00.000,171.56,33.48,143.08,94.65
2025-08-17T03:53:00.000,195.86,33.11,164.07,106.98
2025-08-17T03:54:00.000,223.32,31.92,189.55,118.07
2025-08-17T03:55:00.000,248.59,31.44,212.09,129.66
2025-08-17T03:56:00.000,228.23,29.54,198.57,112.51
2025-08-17T03:57:00.000,215.38,28.82,188.71,103.81
2025-08-17T03:58:00.000,210.84,28.25,185.73,99.80
2025-08-17T03:59:00.000,208.05,27.97,183.75,97.57
2025-08-17T04:00:00.000,205.82,27.85,181.98,96.15
2025-08-17T04:01:00.000,205.97,27.85,182.11,96.21
2025-08-17T04:02:00.000,205.94,27.89,182.03,96.33
2025-08-17T04:03:00.000,205.99,27.88,182.08,96.34
2025-08-17T04:04:00.000,205.98,27.91,182.02,96.42
2025-08-17T04:05:00.000,205.98,27.86,182.09,96.27
2025-08-17T04:06:00.000,205.96,27.86,182.09,96.25
2025-08-17T04:07:00.000,206.01,27.86,182.13,96.27
2025-08-17T04:08:00.000,206.01,27.89,182.08,96.36
2025-08-17T04:09:00.000,206.02,27.90,182.08,96.39
2025-08-17T04:10:00.000,206.03,27.91,182.07,96.43
2025-08-17T04:11:00.000,206.09,27.91,182.12,96.47
2025-08-17T04:12:00.000,206.06,27.92,182.08,96.49
2025-08-17T04:13:00.000,206.19,27.90,182.23,96.49
2025-08-17T04:14:00.000,206.14,27.90,182.17,96.47
2025-08-17T04:15:00.000,206.16,27.93,182.15,96.57
2025-08-17T04:16:00.000,206.13,27.93,182.12,96.56
2025-08-17T04:17:00.000,206.15,27.94,182.12,96.59
2025-08-17T04:18:00.000,206.27,27.94,182.22,96.65
2025-08-17T04:19:00.000,206.26,27.91,182.26,96.56
2025-08-17T04:20:00.000,206.31,27.92,182.30,96.59
2025-08-17T04:21:00.000,206.24,27.93,182.21,96.61
2025-08-17T04:22:00.000,206.26,27.93,182.23,96.62
2025-08-17T04:23:00.000,206.27,27.94,182.24,96.64
2025-08-17T04:24:00.000,206.29,27.94,182.25,96.65
2025-08-17T04:25:00.000,206.30,27.96,182.23,96.71
2025-08-17T04:26:00.000,206.34,27.91,182.35,96.57
2025-08-17T04:27:00.000,206.30,27.96,182.21,96.73
2025-08-17T04:28:00.000,206.27,27.95,182.21,96.68
2025-08-17T04:29:00.000,206.26,27.97,182.17,96.73
2025-08-17T04:30:00.000,206.24,27.95,182.18,96.67
2025-08-17T04:31:00.000,206.25,27.96,182.17,96.72
2025-08-17T04:32:00.000,206.18,27.97,182.10,96.71
2025-08-17T04:33:00.000,206.24,27.98,182.14,96.75
2025-08-17T04:34:00.000,206.28,27.95,182.23,96.68
2025-08-17T04:35:00.000,206.24,27.97,182.15,96.72
2025-08-17T04:36:00.000,206.27,27.98,182.16,96.76
2025-08-17T04:37:00.000,206.27,28.00,182.13,96.82
2025-08-17T04:38:00.000,206.29,27.99,182.15,96.83
2025-08-17T04:39:00.000,206.26,27.99,182.13,96.80
2025-08-17T04:40:00.000,206.33,27.98,182.20,96.81
2025-08-17T04:41:00.000,206.29,27.98,182.17,96.78
2025-08-17T04:42:00.000,206.36,27.98,182.23,96.83
2025-08-17T04:43:00.000,206.26,28.00,182.12,96.83
2025-08-17T04:44:00.000,206.25,28.01,182.10,96.86
2025-08-17T04:45:00.000,206.16,27.98,182.07,96.71
2025-08-17T04:46:00.000,206.07,27.97,182.00,96.66
2025-08-17T04:47:00.000,206.06,28.00,181.94,96.73
2025-08-17T04:48:00.000,206.04,27.99,181.94,96.70
2025-08-17T04:49:00.000,205.97,27.96,181.93,96.58
2025-08-17T04:50:00.000,206.02,27.97,181.95,96.63
2025-08-17T04:51:00.000,205.95,27.98,181.87,96.64
2025-08-17T04:52:00.000,205.92,27.98,181.84,96.62
2025-08-17T04:53:00.000,205.85,27.98,181.80,96.57
2025-08-17T04:54:00.000,205.85,27.96,181.81,96.53
2025-08-17T04:55:00.000,205.83,27.97,181.79,96.53
2025-08-17T04:56:00.000,205.81,27.98,181.75,96.57
2025-08-17T04:57:00.000,205.82,27.98,181.76,96.57
2025-08-17T04:58:00.000,205.84,27.96,181.82,96.50
2025-08-17T04:59:00.000,205.87,27.98,181.81,96.58
2025-08-17T05:00:00.000,205.78,27.98,181.73,96.56
2025-08-17T05:01:00.000,205.81,27.96,181.78,96.49
2025-08-17T05:02:00.000,205.78,27.98,181.73,96.55
2025-08-17T05:03:00.000,205.75,27.97,181.72,96.49
2025-08-17T05:04:00.000,205.80,27.97,181.77,96.51
2025-08-17T05:05:00.000,205.81,27.97,181.77,96.53
2025-08-17T05:06:00.000,205.81,27.96,181.80,96.49
2025-08-17T05:07:00.000,205.79,27.97,181.75,96.51
2025-08-17T05:08:00.000,205.76,27.98,181.71,96.54
2025-08-17T05:09:00.000,205.82,27.96,181.80,96.49
2025-08-17T05:10:00.000,205.83,27.96,181.80,96.51
2025-08-17T05:11:00.000,205.79,27.94,181.81,96.42
2025-08-17T05:12:00.000,205.82,27.94,181.83,96.43
2025-08-17T05:13:00.000,205.75,27.95,181.76,96.42
2025-08-17T05:14:00.000,205.82,27.95,181.82,96.46
2025-08-17T05:15:00.000,205.78,27.94,181.79,96.42
2025-08-17T05:16:00.000,205.81,27.96,181.79,96.49
2025-08-17T05:17:00.000,205.75,27.95,181.76,96.43
2025-08-17T05:18:00.000,205.80,27.93,181.82,96.40
2025-08-17T05:19:00.000,205.76,27.94,181.78,96.41
2025-08-17T05:20:00.000,205.77,27.94,181.79,96.40
2025-08-17T05:21:00.000,205.78,27.94,181.80,96.41
2025-08-17T05:22:00.000,205.75,27.95,181.74,96.45
2025-08-17T05:23:00.000,205.74,27.94,181.76,96.39
2025-08-17T05:24:00.000,205.76,27.94,181.77,96.42
2025-08-17T05:25:00.000,205.77,27.99,181.70,96.56
2025-08-17T05:26:00.000,205.73,27.96,181.72,96.46
2025-08-17T05:27:00.000,205.74,27.98,181.70,96.51
2025-08-17T05:28:00.000,205.68,27.97,181.65,96.47
2025-08-17T05:29:00.000,205.79,27.97,181.75,96.52
2025-08-17T05:30:00.000,205.73,27.98,181.69,96.51
2025-08-17T05:31:00.000,205.76,27.97,181.73,96.51
2025-08-17T05:32:00.000,205.82,28.00,181.72,96.63
2025-08-17T05:33:00.000,205.81,27.98,181.75,96.56
2025-08-17T05:34:00.000,205.74,27.94,181.76,96.39
2025-08-17T05:35:00.000,205.73,27.99,181.67,96.55
2025-08-17T05:36:00.000,205.69,28.00,181.62,96.55
2025-08-17T05:37:00.000,205.80,28.00,181.70,96.63
2025-08-17T05:38:00.000,205.83,27.99,181.77,96.59
2025-08-17T05:39:00.000,205.78,28.00,181.69,96.61
2025-08-17T05:40:00.000,205.79,27.99,181.72,96.59
2025-08-17T05:41:00.000,205.79,27.99,181.72,96.59
2025-08-17T05:42:00.000,205.82,27.97,181.78,96.53
2025-08-17T05:43:00.000,205.76,28.00,181.67,96.60
2025-08-17T05:44:00.000,205.74,27.98,181.69,96.53
2025-08-17T05:45:00.000,205.81,27.98,181.75,96.56
2025-08-17T05:46:00.000,205.86,27.99,181.78,96.62
2025-08-17T05:47:00.000,205.84,27.97,181.79,96.54
2025-08-17T05:48:00.000,205.79,27.97,181.75,96.52
2025-08-17T05:49:00.000,205.76,27.99,181.69,96.56
2025-08-17T05:50:00.000,205.77,27.98,181.71,96.55
2025-08-17T05:51:00.000,205.84,27.99,181.76,96.61
2025-08-17T05:52:00.000,205.80,27.99,181.73,96.57
2025-08-17T05:53:00.000,205.73,27.99,181.67,96.56
2025-08-17T05:54:00.000,205.84,27.95,181.83,96.48
2025-08-17T05:55:00.000,205.76,27.96,181.76,96.46
2025-08-17T05:56:00.000,205.83,27.97,181.78,96.54
2025-08-17T05:57:00.000,205.75,27.98,181.70,96.53
2025-08-17T05:58:00.000,205.82,27.96,181.79,96.51
2025-08-17T05:59:00.000,205.78,27.95,181.78,96.44
2025-08-17T06:00:00.000,205.75,27.95,181.74,96.45
2025-08-17T06:01:00.000,205.83,27.97,181.80,96.53
2025-08-17T06:02:00.000,205.82,27.99,181.75,96.58
2025-08-17T06:03:00.000,205.79,27.98,181.75,96.54
2025-08-17T06:04:00.000,205.82,27.98,181.77,96.56
2025-08-17T06:05:00.000,205.86,27.96,181.83,96.53
2025-08-17T06:06:00.000,205.77,27.99,181.70,96.56
2025-08-17T06:07:00.000,205.80,27.98,181.75,96.55
2025-08-17T06:08:00.000,205.77,27.97,181.73,96.52
2025-08-17T06:09:00.000,205.78,27.98,181.72,96.54
2025-08-17T06:10:00.000,205.86,27.97,181.81,96.55
2025-08-17T06:11:00.000,205.77,27.98,181.71,96.55
2025-08-17T06:12:00.000,205.81,27.99,181.74,96.59
2025-08-17T06:13:00.000,205.82,27.99,181.75,96.59
2025-08-17T06:14:00.000,205.85,27.99,181.78,96.60
2025-08-17T06:15:00.000,205.84,27.97,181.80,96.54
2025-08-17T06:16:00.000,205.82,27.96,181.80,96.49
2025-08-17T06:17:00.000,205.79,27.97,181.76,96.50
2025-08-17T06:18:00.000,205.75,27.95,181.76,96.42
2025-08-17T06:19:00.000,205.85,27.97,181.80,96.55
2025-08-17T06:20:00.000,205.83,27.97,181.78,96.55
2025-08-17T06:21:00.000,205.80,27.96,181.77,96.50
2025-08-17T06:22:00.000,205.80,27.99,181.73,96.58
2025-08-17T06:23:00.000,205.82,27.99,181.74,96.59
2025-08-17T06:24:00.000,205.87,27.96,181.85,96.51
2025-08-17T06:25:00.000,205.83,27.96,181.81,96.50
2025-08-17T06:26:00.000,205.85,27.98,181.78,96.58
2025-08-17T06:27:00.000,205.76,27.98,181.72,96.52
2025-08-17T06:28:00.000,205.86,27.96,181.84,96.51
2025-08-17T06:29:00.000,205.84,27.97,181.79,96.55
2025-08-17T06:30:00.000,205.76,27.99,181.70,96.56
2025-08-17T06:31:00.000,205.84,27.96,181.82,96.51
2025-08-17T06:32:00.000,205.84,27.97,181.80,96.53
2025-08-17T06:33:00.000,205.80,27.93,181.83,96.38
2025-08-17T06:34:00.000,205.83,27.97,181.79,96.53
2025-08-17T06:35:00.000,205.79,27.95,181.78,96.47
2025-08-17T06:36:00.000,205.80,27.94,181.82,96.42
2025-08-17T06:37:00.000,205.80,27.94,181.81,96.42
2025-08-17T06:38:00.000,205.76,27.95,181.76,96.44
2025-08-17T06:39:00.000,205.76,27.96,181.74,96.48
2025-08-17T06:40:00.000,205.84,27.95,181.83,96.48
2025-08-17T06:41:00.000,205.82,27.97,181.78,96.53
2025-08-17T06:42:00.000,205.78,27.95,181.78,96.43
2025-08-17T06:43:00.000,205.77,27.95,181.78,96.43
2025-08-17T06:44:00.000,205.78,27.95,181.78,96.45
2025-08-17T06:45:00.000,205.75,27.94,181.76,96.41
2025-08-17T06:46:00.000,205.80,27.92,181.85,96.36
2025-08-17T06:47:00.000,205.73,27.95,181.73,96.44
2025-08-17T06:48:00.000,205.79,27.92,181.84,96.37
2025-08-17T06:49:00.000,205.78,27.91,181.84,96.33
2025-08-17T06:50:00.000,205.74,27.95,181.74,96.43
2025-08-17T06:51:00.000,205.75,27.95,181.75,96.44
2025-08-17T06:52:00.000,205.72,27.92,181.78,96.32
2025-08-17T06:53:00.000,205.72,27.92,181.78,96.32
2025-08-17T06:54:00.000,205.76,27.92,181.81,96.34
2025-08-17T06:55:00.000,205.73,27.90,181.81,96.27
2025-08-17T06:56:00.000,205.74,27.90,181.83,96.28
2025-08-17T06:57:00.000,205.74,27.89,181.84,96.24
2025-08-17T06:58:00.000,205.63,27.90,181.73,96.22
2025-08-17T06:59:00.000,205.76,27.87,181.89,96.19
2025-08-17T07:00:00.000,205.76,27.86,181.90,96.16
2025-08-17T07:01:00.000,205.77,27.88,181.88,96.23
2025-08-17T07:02:00.000,205.72,27.90,181.81,96.25
2025-08-17T07:03:00.000,205.71,27.88,181.84,96.19
2025-08-17T07:04:00.000,205.66,27.89,181.78,96.20
2025-08-17T07:05:00.000,205.69,27.87,181.83,96.16
2025-08-17T07:06:00.000,205.70,27.87,181.84,96.16
2025-08-17T07:07:00.000,205.65,27.86,181.82,96.10
2025-08-17T07:08:00.000,205.69,27.84,181.88,96.07
2025-08-17T07:09:00.000,205.69,27.86,181.85,96.12
2025-08-17T07:10:00.000,205.74,27.85,181.91,96.10
2025-08-17T07:11:00.000,205.70,27.85,181.88,96.08
2025-08-17T07:12:00.000,205.77,27.84,181.96,96.10
2025-08-17T07:13:00.000,205.67,27.87,181.81,96.15
2025-08-17T07:14:00.000,205.67,27.84,181.87,96.04
2025-08-17T07:15:00.000,205.69,27.85,181.86,96.10
2025-08-17T07:16:00.000,205.71,27.84,181.89,96.08
2025-08-17T07:17:00.000,205.73,27.86,181.88,96.14
2025-08-17T07:18:00.000,205.65,27.86,181.81,96.11
2025-08-17T07:19:00.000,205.74,27.85,181.91,96.12
2025-08-17T07:20:00.000,205.63,27.86,181.80,96.10
2025-08-17T07:21:00.000,205.72,27.84,181.91,96.07
2025-08-17T07:22:00.000,205.72,27.81,181.96,95.99
2025-08-17T07:23:00.000,205.66,27.85,181.85,96.06
2025-08-17T07:24:00.000,205.73,27.83,181.94,96.04
2025-08-17T07:25:00.000,205.67,27.83,181.88,96.01
2025-08-17T07:26:00.000,205.70,27.82,181.92,96.01
2025-08-17T07:27:00.000,205.70,27.83,181.91,96.02
2025-08-17T07:28:00.000,205.65,27.83,181.87,96.00
2025-08-17T07:29:00.000,205.67,27.83,181.89,96.01
2025-08-17T07:30:00.000,205.71,27.82,181.94,96.01
2025-08-17T07:31:00.000,205.67,27.81,181.91,95.96
2025-08-17T07:32:00.000,205.70,27.81,181.95,95.96
2025-08-17T07:33:00.000,205.60,27.83,181.82,95.98
2025-08-17T07:34:00.000,205.65,27.80,181.91,95.91
2025-08-17T07:35:00.000,205.55,27.82,181.79,95.93
2025-08-17T07:36:00.000,205.45,27.81,181.72,95.84
2025-08-17T07:37:00.000,205.46,27.78,181.78,95.77
2025-08-17T07:38:00.000,205.46,27.78,181.78,95.77
2025-08-17T07:39:00.000,205.41,27.77,181.76,95.70
2025-08-17T07:40:00.000,205.35,27.77,181.70,95.67
2025-08-17T07:41:00.000,205.38,27.77,181.73,95.69
2025-08-17T07:42:00.000,205.33,27.78,181.67,95.69
2025-08-17T07:43:00.000,205.33,27.79,181.65,95.74
2025-08-17T07:44:00.000,205.34,27.76,181.70,95.65
2025-08-17T07:45:00.000,205.28,27.78,181.63,95.67
2025-08-17T07:46:00.000,205.28,27.78,181.63,95.66
2025-08-17T07:47:00.000,205.29,27.80,181.60,95.74
2025-08-17T07:48:00.000,205.29,27.79,181.62,95.71
2025-08-17T07:49:00.000,205.22,27.81,181.52,95.74
2025-08-17T07:50:00.000,205.25,27.80,181.57,95.72
2025-08-17T07:51:00.000,205.24,27.77,181.60,95.63
2025-08-17T07:52:00.000,205.18,27.77,181.54,95.60
2025-08-17T07:53:00.000,205.19,27.79,181.52,95.67
2025-08-17T07:54:00.000,205.16,27.77,181.52,95.60
2025-08-17T07:55:00.000,205.18,27.77,181.56,95.58
2025-08-17T07:56:00.000,205.19,27.75,181.59,95.53
2025-08-17T07:57:00.000,205.13,27.75,181.53,95.53
2025-08-17T07:58:00.000,205.16,27.75,181.56,95.52
2025-08-17T07:59:00.000,205.08,27.76,181.48,95.52
2025-08-17T08:00:00.000,204.84,27.74,181.30,95.35
2025-08-17T08:01:00.000,204.95,27.71,181.45,95.29
2025-08-17T08:02:00.000,205.44,27.72,181.86,95.58
2025-08-17T08:03:00.000,206.01,27.71,182.39,95.79
2025-08-17T08:04:00.000,207.45,27.66,183.73,96.32
2025-08-17T08:05:00.000,209.54,27.64,185.64,97.20
2025-08-17T08:06:00.000,215.64,27.09,191.99,98.19
2025-08-17T08:07:00.000,234.83,22.91,216.30,91.42
2025-08-17T08:08:00.000,244.28,358.08,244.14,-8.20
2025-08-17T08:09:00.000,229.04,348.10,224.11,-47.22
2025-08-17T08:10:00.000,212.81,349.85,209.48,-37.49
2025-08-17T08:11:00.000,199.05,357.23,198.82,-9.62
2025-08-17T08:12:00.000,183.01,1.12,182.97,3.57
2025-08-17T08:13:00.000,169.08,4.30,168.60,12.68
2025-08-17T08:14:00.000,158.81,4.50,158.32,12.46
2025-08-17T08:15:00.000,147.82,5.47,147.15,14.08
2025-08-17T08:16:00.000,136.06,5.96,135.33,14.13
2025-08-17T08:17:00.000,124.42,6.19,123.70,13.41
2025-08-17T08:18:00.000,115.07,5.83,114.48,11.68
2025-08-17T08:19:00.000,106.07,5.11,105.65,9.44
2025-08-17T08:20:00.000,96.78,4.37,96.50,7.37
2025-08-17T08:21:00.000,86.30,4.04,86.09,6.07
2025-08-17T08:22:00.000,80.00,5.01,79.70,6.99
2025-08-17T08:23:00.000,73.67,4.78,73.41,6.14
2025-08-17T08:24:00.000,67.24,5.85,66.89,6.85
2025-08-17T08:25:00.000,60.50,7.21,60.02,7.59
2025-08-17T08:26:00.000,56.56,6.90,56.15,6.79
2025-08-17T08:27:00.000,51.05,6.61,50.71,5.88
2025-08-17T08:28:00.000,46.44,6.67,46.13,5.40
2025-08-17T08:29:00.000,43.39,7.97,42.97,6.02
2025-08-17T08:30:00.000,40.48,7.93,40.09,5.59
2025-08-17T08:31:00.000,37.78,9.30,37.29,6.11
2025-08-17T08:32:00.000,35.98,12.21,35.16,7.61
2025-08-17T08:33:00.000,34.30,11.45,33.61,6.81
2025-08-17T08:34:00.000,32.58,12.71,31.78,7.17
2025-08-17T08:35:00.000,31.45,12.88,30.66,7.01
2025-08-17T08:36:00.000,30.32,13.12,29.53,6.88
2025-08-17T08:37:00.000,29.29,14.50,28.36,7.33
2025-08-17T08:38:00.000,28.50,14.66,27.57,7.21
2025-08-17T08:39:00.000,27.56,14.96,26.63,7.11
2025-08-17T08:40:00.000,26.51,16.52,25.41,7.54
2025-08-17T08:41:00.000,25.64,17.54,24.44,7.72
2025-08-17T08:42:00.000,24.76,19.42,23.35,8.23
2025-08-17T08:43:00.000,23.47,23.16,21.58,9.23
2025-08-17T08:44:00.000,22.07,23.58,20.22,8.83
2025-08-17T08:45:00.000,20.22,24.96,18.33,8.53
2025-08-17T08:46:00.000,18.42,24.62,16.75,7.67
2025-08-17T08:47:00.000,15.97,22.61,14.75,6.14
2025-08-17T08:48:00.000,13.62,22.01,12.63,5.11
2025-08-17T08:49:00.000,10.95,21.80,10.17,4.07
2025-08-17T08:50:00.000,7.70,23.85,7.04,3.11
2025-08-17T08:51:00.000,4.07,24.84,3.70,1.71
2025-08-17T08:52:00.000,1.98,31.14,1.69,1.02
2025-08-17T08:53:00.000,1.45,34.03,1.20,0.81
2025-08-17T08:54:00.000,1.44,34.25,1.19,0.81
2025-08-17T08:55:00.000,1.44,35.59,1.17,0.84
2025-08-17T08:56:00.000,1.44,34.95,1.18,0.83
2025-08-17T08:57:00.000,1.43,34.50,1.18,0.81
2025-08-17T08:58:00.000,1.41,34.18,1.17,0.79
2025-08-17T08:59:00.000,1.39,33.08,1.16,0.76
2025-08-17T09:00:00.000,1.38,32.70,1.16,0.74
2025-08-17T09:01:00.000,1.38,32.50,1.16,0.74
2025-08-17T09:02:00.000,1.38,32.64,1.16,0.74
2025-08-17T09:03:00.000,1.37,32.25,1.16,0.73
2025-08-17T09:04:00.000,1.37,32.47,1.16,0.74
2025-08-17T09:05:00.000,1.37,32.55,1.16,0.74
2025-08-17T09:06:00.000,1.38,33.67,1.15,0.76
2025-08-17T09:07:00.000,1.39,34.20,1.15,0.78
2025-08-17T09:08:00.000,1.41,34.79,1.15,0.80
2025-08-17T09:09:00.000,1.42,35.06,1.16,0.82
2025-08-17T09:10:00.000,1.45,36.12,1.17,0.85
2025-08-17T09:11:00.000,1.46,36.70,1.17,0.87
2025-08-17T09:12:00.000,1.46,36.83,1.17,0.88
2025-08-17T09:13:00.000,1.44,36.38,1.16,0.85
2025-08-17T09:14:00.000,1.44,36.09,1.16,0.85
2025-08-17T09:15:00.000,1.42,35.95,1.15,0.83
2025-08-17T09:16:00.000,1.39,34.49,1.15,0.79
2025-08-17T09:17:00.000,1.38,34.29,1.14,0.78
2025-08-17T09:18:00.000,1.39,34.98,1.14,0.80
2025-08-17T09:19:00.000,1.39,35.21,1.14,0.80
2025-08-17T09:20:00.000,1.39,34.63,1.14,0.79
2025-08-17T09:21:00.000,1.40,34.90,1.15,0.80
2025-08-17T09:22:00.000,1.41,36.49,1.14,0.84
2025-08-17T09:23:00.000,1.28,36.75,1.02,0.76
2025-08-17T09:24:00.000,1.26,38.20,0.99,0.78
2025-08-17T09:25:00.000,1.27,39.32,0.98,0.81
2025-08-17T09:26:00.000,1.29,39.52,0.99,0.82
2025-08-17T09:27:00.000,1.29,38.98,1.00,0.81
2025-08-17T09:28:00.000,1.29,38.08,1.02,0.80
2025-08-17T09:29:00.000,1.33,38.87,1.04,0.84
2025-08-17T09:30:00.000,1.37,41.42,1.03,0.91
2025-08-17T09:31:00.000,1.36,40.87,1.03,0.89
2025-08-17T09:32:00.000,1.34,40.22,1.02,0.86
2025-08-17T09:33:00.000,1.35,39.80,1.04,0.86
2025-08-17T09:34:00.000,1.40,40.62,1.06,0.91
2025-08-17T09:35:00.000,1.42,43.69,1.03,0.98
2025-08-17T09:36:00.000,1.46,44.91,1.04,1.03
2025-08-17T09:37:00.000,1.47,44.09,1.06,1.02
2025-08-17T09:38:00.000,1.51,45.37,1.06,1.07
2025-08-17T09:39:00.000,1.43,41.79,1.07,0.95
2025-08-17T09:40:00.000,1.42,42.81,1.04,0.96
2025-08-17T09:41:00.000,1.38,42.60,1.02,0.94
2025-08-17T09:42:00.000,1.33,41.09,1.00,0.87
2025-08-17T09:43:00.000,1.32,40.24,1.01,0.85
2025-08-17T09:44:00.000,1.32,40.24,1.01,0.85
2025-08-17T09:45:00.000,1.33,40.98,1.01,0.87
2025-08-17T09:46:00.000,1.32,40.65,1.00,0.86
2025-08-17T09:47:00.000,1.28,39.75,0.98,0.82
2025-08-17T09:48:00.000,1.20,39.33,0.93,0.76
2025-08-17T09:49:00.000,1.19,40.05,0.91,0.77
2025-08-17T09:50:00.000,1.17,39.70,0.90,0.75
2025-08-17T09:51:00.000,1.16,40.04,0.89,0.75
2025-08-17T09:52:00.000,1.17,40.76,0.89,0.76
2025-08-17T09:53:00.000,1.20,41.60,0.89,0.79
2025-08-17T09:54:00.000,1.23,43.37,0.89,0.84
2025-08-17T09:55:00.000,1.27,43.08,0.92,0.86
2025-08-17T09:56:00.000,1.38,43.29,1.01,0.95
2025-08-17T09:57:00.000,1.44,45.35,1.01,1.03
2025-08-17T09:58:00.000,1.47,45.37,1.03,1.05
2025-08-17T09:59:00.000,1.64,46.95,1.12,1.20
2025-08-17T10:00:00.000,1.40,48.08,0.93,1.04
2025-08-17T10:01:00.000,1.24,46.21,0.86,0.90
2025-08-17T10:02:00.000,1.16,44.97,0.82,0.82
2025-08-17T10:03:00.000,1.14,46.30,0.79,0.83
2025-08-17T10:04:00.000,1.12,45.02,0.79,0.79
2025-08-17T10:05:00.000,1.14,44.17,0.82,0.80
2025-08-17T10:06:00.000,1.19,47.13,0.81,0.87
2025-08-17T10:07:00.000,1.25,50.93,0.79,0.97
2025-08-17T10:08:00.000,1.28,47.89,0.86,0.95
2025-08-17T10:09:00.000,1.24,48.22,0.83,0.93
2025-08-17T10:10:00.000,1.23,49.15,0.80,0.93
2025-08-17T10:11:00.000,1.16,48.05,0.78,0.86
2025-08-17T10:12:00.000,1.19,49.55,0.77,0.90
2025-08-17T10:13:00.000,1.21,48.14,0.81,0.90
2025-08-17T10:14:00.000,1.20,47.88,0.81,0.89
2025-08-17T10:15:00.000,1.22,49.11,0.80,0.92
2025-08-17T10:16:00.000,1.30,49.49,0.85,0.99
2025-08-17T10:17:00.000,1.39,50.69,0.88,1.08
2025-08-17T10:18:00.000,1.38,49.97,0.89,1.06
2025-08-17T10:19:00.000,1.39,51.14,0.87,1.08
2025-08-17T10:20:00.000,1.51,53.56,0.90,1.21
2025-08-17T10:21:00.000,1.67,53.59,0.99,1.35
2025-08-17T10:22:00.000,1.57,54.14,0.92,1.27
2025-08-17T10:23:00.000,1.57,54.58,0.91,1.28
2025-08-17T10:24:00.000,1.64,55.77,0.92,1.36
2025-08-17T10:25:00.000,2.14,41.62,1.60,1.42
2025-08-17T10:26:00.000,2.49,50.85,1.57,1.93
2025-08-17T10:27:00.000,2.05,41.81,1.53,1.37
2025-08-17T10:28:00.000,1.20,52.87,0.73,0.96
2025-08-17T10:29:00.000,1.31,54.04,0.77,1.06
2025-08-17T10:30:00.000,1.59,57.04,0.86,1.33
2025-08-17T10:31:00.000,1.39,52.71,0.84,1.10
2025-08-17T10:32:00.000,1.46,54.68,0.85,1.19
2025-08-17T10:33:00.000,1.40,54.56,0.81,1.14
2025-08-17T10:34:00.000,1.42,54.07,0.83,1.15
2025-08-17T10:35:00.000,1.39,54.57,0.81,1.13
2025-08-17T10:36:00.000,1.32,55.34,0.75,1.09
2025-08-17T10:37:00.000,1.29,56.45,0.72,1.08
2025-08-17T10:38:00.000,1.24,53.03,0.75,0.99
2025-08-17T10:39:00.000,1.38,53.95,0.81,1.11
2025-08-17T10:40:00.000,1.31,51.22,0.82,1.02
2025-08-17T10:41:00.000,1.28,52.82,0.77,1.02
2025-08-17T10:42:00.000,1.31,50.36,0.84,1.01
2025-08-17T10:43:00.000,1.39,52.43,0.85,1.10
2025-08-17T10:44:00.000,1.38,51.61,0.86,1.08
2025-08-17T10:45:00.000,1.31,53.69,0.77,1.05
2025-08-17T10:46:00.000,1.25,52.92,0.75,1.00
2025-08-17T10:47:00.000,1.23,52.67,0.75,0.98
2025-08-17T10:48:00.000,1.26,51.80,0.78,0.99
2025-08-17T10:49:00.000,1.15,52.82,0.69,0.91
2025-08-17T10:50:00.000,1.14,55.79,0.64,0.95
2025-08-17T10:51:00.000,1.13,56.39,0.63,0.94
2025-08-17T10:52:00.000,1.13,53.02,0.68,0.91
2025-08-17T10:53:00.000,1.17,48.28,0.78,0.87
2025-08-17T10:54:00.000,1.28,64.43,0.55,1.16
2025-08-17T10:55:00.000,1.25,63.98,0.55,1.12
2025-08-17T10:56:00.000,1.16,65.39,0.48,1.06
2025-08-17T10:57:00.000,1.16,66.24,0.47,1.07
2025-08-17T10:58:00.000,1.16,68.66,0.42,1.08
2025-08-17T10:59:00.000,1.17,64.63,0.50,1.06
2025-08-17T11:00:00.000,1.12,49.80,0.72,0.86
2025-08-17T11:01:00.000,1.02,50.32,0.65,0.79
2025-08-17T11:02:00.000,1.04,57.02,0.57,0.88
2025-08-17T11:03:00.000,0.99,55.49,0.56,0.82
2025-08-17T11:04:00.000,0.97,55.55,0.55,0.80
2025-08-17T11:05:00.000,0.97,55.97,0.54,0.80
2025-08-17T11:06:00.000,0.96,59.09,0.49,0.83
2025-08-17T11:07:00.000,0.90,58.53,0.47,0.77
2025-08-17T11:08:00.000,0.87,59.07,0.45,0.75
2025-08-17T11:09:00.000,0.86,59.26,0.44,0.74
2025-08-17T11:10:00.000,0.85,62.91,0.39,0.76
2025-08-17T11:11:00.000,0.81,72.32,0.25,0.77
2025-08-17T11:12:00.000,0.89,66.62,0.35,0.81
2025-08-17T11:13:00.000,0.90,64.37,0.39,0.81
2025-08-17T11:14:00.000,0.90,62.92,0.41,0.80
2025-08-17T11:15:00.000,0.89,61.52,0.43,0.79
2025-08-17T11:16:00.000,0.92,61.47,0.44,0.80
2025-08-17T11:17:00.000,0.90,61.73,0.43,0.79
2025-08-17T11:18:00.000,0.92,63.56,0.41,0.83
2025-08-17T11:19:00.000,0.99,62.90,0.45,0.88
2025-08-17T11:20:00.000,1.03,60.30,0.51,0.89
2025-08-17T11:21:00.000,1.02,60.19,0.50,0.88
2025-08-17T11:22:00.000,1.03,60.89,0.50,0.90
2025-08-17T11:23:00.000,1.02,61.52,0.49,0.90
2025-08-17T11:24:00.000,0.94,60.05,0.47,0.81
2025-08-17T11:25:00.000,0.89,58.15,0.47,0.76
2025-08-17T11:26:00.000,0.88,57.91,0.47,0.75
2025-08-17T11:27:00.000,0.90,58.36,0.47,0.77
2025-08-17T11:28:00.000,0.90,58.05,0.48,0.77
2025-08-17T11:29:00.000,0.89,58.13,0.47,0.76
2025-08-17T11:30:00.000,0.86,55.13,0.49,0.71
2025-08-17T11:31:00.000,0.86,55.56,0.49,0.71
2025-08-17T11:32:00.000,0.83,54.81,0.48,0.68
2025-08-17T11:33:00.000,0.83,54.04,0.49,0.67
2025-08-17T11:34:00.000,1.00,61.69,0.48,0.88
2025-08-17T11:35:00.000,0.83,58.37,0.44,0.71
2025-08-17T11:36:00.000,0.85,62.41,0.39,0.75
2025-08-17T11:37:00.000,0.78,63.98,0.34,0.70
2025-08-17T11:38:00.000,0.79,64.70,0.34,0.72
2025-08-17T11:39:00.000,0.79,63.43,0.35,0.71
2025-08-17T11:40:00.000,0.78,63.99,0.34,0.70
2025-08-17T11:41:00.000,0.74,61.10,0.36,0.65
2025-08-17T11:42:00.000,0.77,64.91,0.33,0.70
2025-08-17T11:43:00.000,0.76,63.99,0.33,0.69
2025-08-17T11:44:00.000,0.77,65.11,0.33,0.70
2025-08-17T11:45:00.000,0.75,64.72,0.32,0.68
2025-08-17T11:46:00.000,0.79,64.67,0.34,0.71
2025-08-17T11:47:00.000,0.80,65.56,0.33,0.73
2025-08-17T11:48:00.000,0.80,64.25,0.35,0.72
2025-08-17T11:49:00.000,0.79,66.61,0.31,0.73
2025-08-17T11:50:00.000,0.85,68.33,0.31,0.79
2025-08-17T11:51:00.000,0.84,69.64,0.29,0.79
2025-08-17T11:52:00.000,1.00,71.10,0.32,0.95
2025-08-17T11:53:00.000,1.63,66.18,0.66,1.49
2025-08-17T11:54:00.000,1.63,59.61,0.82,1.41
2025-08-17T11:55:00.000,2.10,50.99,1.32,1.63
2025-08-17T11:56:00.000,1.41,34.65,1.16,0.80
2025-08-17T11:57:00.000,1.65,50.41,1.05,1.28
2025-08-17T11:58:00.000,1.43,51.01,0.90,1.11
2025-08-17T11:59:00.000,1.23,45.46,0.86,0.87
2025-08-17T12:00:00.000,1.40,53.63,0.83,1.12
2025-08-17T12:01:00.000,1.37,52.10,0.84,1.08
2025-08-17T12:02:00.000,1.15,48.45,0.76,0.86
2025-08-17T12:03:00.000,1.26,49.42,0.82,0.96
2025-08-17T12:04:00.000,1.28,54.39,0.74,1.04
2025-08-17T12:05:00.000,1.17,49.47,0.76,0.89
2025-08-17T12:06:00.000,1.06,42.93,0.77,0.72
2025-08-17T12:07:00.000,1.00,47.61,0.68,0.74
2025-08-17T12:08:00.000,0.90,47.44,0.61,0.67
2025-08-17T12:09:00.000,0.87,48.35,0.58,0.65
2025-08-17T12:10:00.000,0.86,46.97,0.59,0.63
2025-08-17T12:11:00.000,0.87,47.59,0.59,0.64
2025-08-17T12:12:00.000,0.88,50.75,0.55,0.68
2025-08-17T12:13:00.000,0.88,51.68,0.54,0.69
2025-08-17T12:14:00.000,0.86,48.97,0.57,0.65
2025-08-17T12:15:00.000,0.87,47.02,0.59,0.64
2025-08-17T12:16:00.000,0.89,46.75,0.61,0.65
2025-08-17T12:17:00.000,0.85,45.75,0.60,0.61
2025-08-17T12:18:00.000,0.80,46.20,0.56,0.58
2025-08-17T12:19:00.000,0.78,41.53,0.58,0.52
2025-08-17T12:20:00.000,0.74,34.28,0.61,0.42
2025-08-17T12:21:00.000,0.67,32.38,0.56,0.36
2025-08-17T12:22:00.000,0.63,29.69,0.55,0.31
2025-08-17T12:23:00.000,0.72,24.24,0.65,0.29
2025-08-17T12:24:00.000,0.59,3.07,0.58,0.03
2025-08-17T12:25:00.000,0.65,4.88,0.65,0.06
2025-08-17T12:26:00.000,0.72,13.34,0.70,0.17
2025-08-17T12:27:00.000,0.61,18.32,0.58,0.19
2025-08-17T12:28:00.000,0.58,19.42,0.55,0.19
2025-08-17T12:29:00.000,0.49,29.10,0.43,0.24
2025-08-17T12:30:00.000,0.42,327.20,0.36,-0.23
2025-08-17T12:31:00.000,0.76,290.93,0.27,-0.71
2025-08-17T12:32:00.000,0.70,303.79,0.39,-0.58
2025-08-17T12:33:00.000,0.79,301.49,0.41,-0.67
2025-08-17T12:34:00.000,0.42,330.92,0.37,-0.20
2025-08-17T12:35:00.000,0.42,25.22,0.38,0.18
2025-08-17T12:36:00.000,0.43,40.22,0.33,0.28
2025-08-17T12:37:00.000,0.31,34.47,0.26,0.18
2025-08-17T12:38:00.000,0.45,24.93,0.41,0.19
2025-08-17T12:39:00.000,0.48,40.02,0.37,0.31
2025-08-17T12:40:00.000,0.41,35.46,0.33,0.24
2025-08-17T12:41:00.000,0.40,26.83,0.36,0.18
2025-08-17T12:42:00.000,0.49,41.88,0.36,0.33
2025-08-17T12:43:00.000,0.48,42.11,0.36,0.32
2025-08-17T12:44:00.000,0.51,45.38,0.36,0.36
2025-08-17T12:45:00.000,0.49,46.23,0.34,0.36
2025-08-17T12:46:00.000,0.56,50.41,0.36,0.43
2025-08-17T12:47:00.000,0.64,54.75,0.37,0.52
2025-08-17T12:48:00.000,0.64,53.16,0.38,0.51
2025-08-17T12:49:00.000,0.76,54.44,0.44,0.62
2025-08-17T12:50:00.000,0.69,50.37,0.44,0.53
2025-08-17T12:51:00.000,0.76,51.12,0.48,0.59
2025-08-17T12:52:00.000,1.09,46.44,0.75,0.79
2025-08-17T12:53:00.000,0.83,45.27,0.58,0.59
2025-08-17T12:54:00.000,1.08,49.01,0.71,0.81
2025-08-17T12:55:00.000,0.88,55.47,0.50,0.72
2025-08-17T12:56:00.000,0.98,59.62,0.50,0.84
2025-08-17T12:57:00.000,1.09,55.25,0.62,0.90
2025-08-17T12:58:00.000,1.17,49.67,0.75,0.89
2025-08-17T12:59:00.000,0.79,58.97,0.40,0.67
2025-08-17T13:00:00.000,1.23,62.08,0.58,1.09
2025-08-17T13:01:00.000,1.25,59.58,0.63,1.08
2025-08-17T13:02:00.000,0.72,64.70,0.31,0.65
2025-08-17T13:03:00.000,0.74,57.11,0.40,0.63
2025-08-17T13:04:00.000,0.73,55.65,0.41,0.61
2025-08-17T13:05:00.000,0.70,55.26,0.40,0.57
2025-08-17T13:06:00.000,0.91,53.25,0.55,0.73
2025-08-17T13:07:00.000,0.76,51.42,0.47,0.59
2025-08-17T13:08:00.000,0.72,52.30,0.44,0.57
2025-08-17T13:09:00.000,0.66,58.33,0.34,0.56
2025-08-17T13:10:00.000,0.72,55.03,0.41,0.59
2025-08-17T13:11:00.000,0.49,72.36,0.15,0.47
2025-08-17T13:12:00.000,0.58,58.25,0.30,0.49
2025-08-17T13:13:00.000,0.54,58.82,0.28,0.46
2025-08-17T13:14:00.000,0.54,59.81,0.27,0.47
2025-08-17T13:15:00.000,0.58,56.66,0.32,0.49
2025-08-17T13:16:00.000,0.56,61.03,0.27,0.49
2025-08-17T13:17:00.000,0.55,60.67,0.27,0.48
2025-08-17T13:18:00.000,0.50,55.49,0.28,0.41
2025-08-17T13:19:00.000,0.43,51.39,0.27,0.34
2025-08-17T13:20:00.000,0.36,46.03,0.25,0.26
2025-08-17T13:21:00.000,0.27,7.62,0.27,0.04
2025-08-17T13:22:00.000,0.16,37.49,0.13,0.10
2025-08-17T13:23:00.000,0.69,252.63,-0.21,-0.66
2025-08-17T13:24:00.000,0.14,211.26,-0.12,-0.07
2025-08-17T13:25:00.000,0.19,357.68,0.19,-0.01
2025-08-17T13:26:00.000,0.21,52.78,0.13,0.17
2025-08-17T13:27:00.000,0.28,305.95,0.16,-0.23
2025-08-17T13:28:00.000,0.64,296.74,0.29,-0.57
2025-08-17T13:29:00.000,0.65,289.14,0.21,-0.61
2025-08-17T13:30:00.000,0.22,303.98,0.12,-0.18
2025-08-17T13:31:00.000,0.19,75.53,0.05,0.19
2025-08-17T13:32:00.000,0.11,29.86,0.10,0.06
2025-08-17T13:33:00.000,0.39,295.94,0.17,-0.35
2025-08-17T13:34:00.000,0.22,67.41,0.09,0.21
2025-08-17T13:35:00.000,0.26,58.91,0.13,0.22
2025-08-17T13:36:00.000,0.41,302.53,0.22,-0.34
2025-08-17T13:37:00.000,0.24,27.71,0.22,0.11
2025-08-17T13:38:00.000,0.30,39.27,0.24,0.19
2025-08-17T13:39:00.000,0.25,1.51,0.25,0.01
2025-08-17T13:40:00.000,0.68,106.43,-0.19,0.66
2025-08-17T13:41:00.000,0.42,76.51,0.10,0.41
2025-08-17T13:42:00.000,0.49,61.56,0.23,0.43
2025-08-17T13:43:00.000,0.54,326.31,0.45,-0.30
2025-08-17T13:44:00.000,0.43,349.39,0.43,-0.08
2025-08-17T13:45:00.000,0.45,55.02,0.26,0.37
2025-08-17T13:46:00.000,0.42,341.81,0.40,-0.13
2025-08-17T13:47:00.000,0.42,55.23,0.24,0.35
2025-08-17T13:48:00.000,0.53,75.02,0.14,0.51
2025-08-17T13:49:00.000,0.53,56.09,0.30,0.44
2025-08-17T13:50:00.000,0.58,36.02,0.47,0.34
2025-08-17T13:51:00.000,0.50,47.91,0.34,0.37
2025-08-17T13:52:00.000,0.69,71.90,0.21,0.65
2025-08-17T13:53:00.000,0.66,57.53,0.35,0.55
2025-08-17T13:54:00.000,0.57,25.84,0.51,0.25
2025-08-17T13:55:00.000,0.66,78.41,0.13,0.64
2025-08-17T13:56:00.000,0.58,62.23,0.27,0.51
2025-08-17T13:57:00.000,0.67,64.23,0.29,0.60
2025-08-17T13:58:00.000,0.66,73.90,0.18,0.64
2025-08-17T13:59:00.000,0.77,62.47,0.36,0.68
2025-08-17T14:00:00.000,0.71,61.22,0.34,0.63
2025-08-17T14:01:00.000,0.80,61.69,0.38,0.70
2025-08-17T14:02:00.000,0.77,62.01,0.36,0.68
2025-08-17T14:03:00.000,0.71,58.16,0.38,0.60
2025-08-17T14:04:00.000,0.64,66.22,0.26,0.58
2025-08-17T14:05:00.000,0.64,65.44,0.27,0.58
2025-08-17T14:06:00.000,0.62,67.85,0.23,0.57
2025-08-17T14:07:00.000,0.64,60.98,0.31,0.56
2025-08-17T14:08:00.000,0.64,61.84,0.30,0.57
2025-08-17T14:09:00.000,0.69,78.37,0.14,0.67
2025-08-17T14:10:00.000,0.70,65.58,0.29,0.64
2025-08-17T14:11:00.000,0.63,70.16,0.21,0.59
2025-08-17T14:12:00.000,0.68,60.62,0.33,0.59
2025-08-17T14:13:00.000,0.73,69.44,0.26,0.68
2025-08-17T14:14:00.000,0.69,66.75,0.27,0.64
2025-08-17T14:15:00.000,0.68,66.59,0.27,0.63
2025-08-17T14:16:00.000,0.75,72.46,0.23,0.72
2025-08-17T14:17:00.000,0.83,67.96,0.31,0.77
2025-08-17T14:18:00.000,0.83,62.79,0.38,0.74
2025-08-17T14:19:00.000,0.86,62.44,0.40,0.77
2025-08-17T14:20:00.000,0.96,57.64,0.51,0.81
2025-08-17T14:21:00.000,0.97,63.34,0.43,0.86
2025-08-17T14:22:00.000,1.04,64.03,0.46,0.93
2025-08-17T14:23:00.000,1.58,56.44,0.87,1.31
2025-08-17T14:24:00.000,1.12,41.59,0.84,0.74
2025-08-17T14:25:00.000,1.18,53.18,0.71,0.95
2025-08-17T14:26:00.000,1.17,57.70,0.63,0.99
2025-08-17T14:27:00.000,1.03,61.77,0.49,0.91
2025-08-17T14:28:00.000,1.00,63.72,0.44,0.89
2025-08-17T14:29:00.000,0.99,56.01,0.55,0.82
2025-08-17T14:30:00.000,0.98,57.16,0.53,0.83
2025-08-17T14:31:00.000,1.04,59.85,0.52,0.90
2025-08-17T14:32:00.000,1.14,50.34,0.73,0.88
2025-08-17T14:33:00.000,1.15,64.02,0.50,1.03
2025-08-17T14:34:00.000,1.20,69.91,0.41,1.12
2025-08-17T14:35:00.000,1.38,68.32,0.51,1.29
2025-08-17T14:36:00.000,1.25,59.17,0.64,1.07
2025-08-17T14:37:00.000,1.04,49.07,0.68,0.79
2025-08-17T14:38:00.000,1.26,58.37,0.66,1.07
2025-08-17T14:39:00.000,1.26,75.08,0.32,1.22
2025-08-17T14:40:00.000,1.46,68.33,0.54,1.36
2025-08-17T14:41:00.000,1.72,66.89,0.67,1.58
2025-08-17T14:42:00.000,1.52,68.44,0.56,1.41
2025-08-17T14:43:00.000,1.54,64.84,0.65,1.39
2025-08-17T14:44:00.000,1.27,71.51,0.40,1.21
2025-08-17T14:45:00.000,1.65,73.00,0.48,1.58
2025-08-17T14:46:00.000,1.55,65.82,0.63,1.41
2025-08-17T14:47:00.000,1.35,68.17,0.50,1.25
2025-08-17T14:48:00.000,1.20,57.73,0.64,1.02
2025-08-17T14:49:00.000,1.08,49.89,0.70,0.83
2025-08-17T14:50:00.000,1.43,52.72,0.87,1.14
2025-08-17T14:51:00.000,1.21,51.64,0.75,0.95
2025-08-17T14:52:00.000,1.04,68.63,0.38,0.97
2025-08-17T14:53:00.000,1.26,43.40,0.92,0.87
2025-08-17T14:54:00.000,1.85,40.54,1.41,1.21
2025-08-17T14:55:00.000,1.47,50.91,0.92,1.14
2025-08-17T14:56:00.000,1.13,54.75,0.65,0.92
2025-08-17T14:57:00.000,1.29,59.89,0.65,1.11
2025-08-17T14:58:00.000,1.06,51.16,0.66,0.82
2025-08-17T14:59:00.000,1.45,45.13,1.02,1.02
2025-08-17T15:00:00.000,1.50,47.41,1.02,1.11
2025-08-17T15:01:00.000,1.17,56.14,0.65,0.98
2025-08-17T15:02:00.000,1.50,54.70,0.86,1.22
2025-08-17T15:03:00.000,1.09,69.25,0.38,1.02
2025-08-17T15:04:00.000,1.40,70.95,0.46,1.32
2025-08-17T15:05:00.000,1.68,67.51,0.64,1.55
2025-08-17T15:06:00.000,1.45,70.00,0.50,1.36
2025-08-17T15:07:00.000,1.63,63.64,0.72,1.46
2025-08-17T15:08:00.000,1.22,63.69,0.54,1.09
2025-08-17T15:09:00.000,1.20,64.16,0.52,1.08
2025-08-17T15:10:00.000,1.68,60.32,0.83,1.46
2025-08-17T15:11:00.000,1.42,54.56,0.82,1.16
2025-08-17T15:12:00.000,2.26,46.28,1.56,1.63
2025-08-17T15:13:00.000,2.81,19.77,2.64,0.95
2025-08-17T15:14:00.000,1.86,9.24,1.83,0.30
2025-08-17T15:15:00.000,1.50,16.36,1.44,0.42
2025-08-17T15:16:00.000,0.95,49.77,0.62,0.73
2025-08-17T15:17:00.000,0.97,40.57,0.73,0.63
2025-08-17T15:18:00.000,0.85,44.17,0.61,0.59
2025-08-17T15:19:00.000,0.86,58.97,0.44,0.74
2025-08-17T15:20:00.000,0.86,53.89,0.50,0.69
2025-08-17T15:21:00.000,1.26,73.85,0.35,1.21
2025-08-17T15:22:00.000,0.94,52.73,0.57,0.75
2025-08-17T15:23:00.000,1.37,62.74,0.63,1.22
2025-08-17T15:24:00.000,1.21,61.55,0.57,1.06
2025-08-17T15:25:00.000,1.20,53.49,0.71,0.96
2025-08-17T15:26:00.000,1.43,68.71,0.52,1.33
2025-08-17T15:27:00.000,1.28,63.24,0.58,1.14
2025-08-17T15:28:00.000,1.32,60.60,0.65,1.15
2025-08-17T15:29:00.000,1.17,58.41,0.61,0.99
2025-08-17T15:30:00.000,1.15,65.36,0.48,1.04
2025-08-17T15:31:00.000,1.39,59.86,0.70,1.20
2025-08-17T15:32:00.000,1.39,59.64,0.70,1.20
2025-08-17T15:33:00.000,1.74,61.77,0.82,1.54
2025-08-17T15:34:00.000,2.12,54.16,1.24,1.72
2025-08-17T15:35:00.000,3.17,55.65,1.79,2.61
2025-08-17T15:36:00.000,5.00,61.06,2.42,4.37
2025-08-17T15:37:00.000,3.02,58.84,1.56,2.58
2025-08-17T15:38:00.000,2.17,68.13,0.81,2.01
2025-08-17T15:39:00.000,2.24,63.74,0.99,2.01
2025-08-17T15:40:00.000,2.16,58.20,1.14,1.84
2025-08-17T15:41:00.000,2.20,62.27,1.02,1.95
2025-08-17T15:42:00.000,2.41,58.22,1.27,2.04
2025-08-17T15:43:00.000,3.41,55.25,1.94,2.80
2025-08-17T15:44:00.000,2.99,52.30,1.83,2.36
2025-08-17T15:45:00.000,3.32,52.97,2.00,2.65
2025-08-17T15:46:00.000,2.63,58.78,1.36,2.25
2025-08-17T15:47:00.000,2.32,55.27,1.32,1.91
2025-08-17T15:48:00.000,2.27,56.10,1.27,1.89
2025-08-17T15:49:00.000,2.21,55.42,1.25,1.82
2025-08-17T15:50:00.000,2.32,62.15,1.09,2.06
2025-08-17T15:51:00.000,2.36,59.04,1.21,2.02
2025-08-17T15:52:00.000,2.24,64.13,0.98,2.01
2025-08-17T15:53:00.000,2.19,61.49,1.05,1.93
2025-08-17T15:54:00.000,2.07,65.52,0.86,1.89
2025-08-17T15:55:00.000,2.64,66.02,1.07,2.41
2025-08-17T15:56:00.000,2.27,63.96,0.99,2.04
2025-08-17T15:57:00.000,2.15,62.14,1.00,1.90
2025-08-17T15:58:00.000,1.74,57.41,0.94,1.47
2025-08-17T15:59:00.000,1.25,56.20,0.70,1.04
2025-08-17T16:00:00.000,1.85,68.71,0.67,1.73
2025-08-17T16:01:00.000,2.98,62.81,1.36,2.65
2025-08-17T16:02:00.000,1.83,60.77,0.89,1.60
2025-08-17T16:03:00.000,2.52,55.25,1.44,2.07
2025-08-17T16:04:00.000,1.92,52.55,1.17,1.53
2025-08-17T16:05:00.000,2.40,59.63,1.21,2.07
2025-08-17T16:06:00.000,3.61,55.05,2.07,2.96
2025-08-17T16:07:00.000,3.02,44.49,2.15,2.11
2025-08-17T16:08:00.000,3.99,51.07,2.51,3.11
2025-08-17T16:09:00.000,2.21,47.83,1.49,1.64
2025-08-17T16:10:00.000,2.03,59.20,1.04,1.74
2025-08-17T16:11:00.000,1.29,64.39,0.56,1.17
2025-08-17T16:12:00.000,1.06,52.45,0.64,0.84
2025-08-17T16:13:00.000,1.27,58.79,0.66,1.08
2025-08-17T16:14:00.000,1.22,58.45,0.64,1.04
2025-08-17T16:15:00.000,1.42,59.78,0.71,1.23
2025-08-17T16:16:00.000,1.60,60.60,0.78,1.39
2025-08-17T16:17:00.000,1.78,56.94,0.97,1.49
2025-08-17T16:18:00.000,1.85,66.19,0.75,1.69
2025-08-17T16:19:00.000,1.81,63.83,0.80,1.63
2025-08-17T16:20:00.000,1.45,56.24,0.81,1.21
2025-08-17T16:21:00.000,1.03,64.34,0.45,0.93
2025-08-17T16:22:00.000,0.98,65.78,0.40,0.89
2025-08-17T16:23:00.000,1.08,61.22,0.52,0.94
2025-08-17T16:24:00.000,0.99,61.94,0.47,0.88
2025-08-17T16:25:00.000,1.20,62.73,0.55,1.07
2025-08-17T16:26:00.000,1.31,62.87,0.60,1.17
2025-08-17T16:27:00.000,1.56,57.24,0.84,1.31
2025-08-17T16:28:00.000,2.23,54.28,1.30,1.81
2025-08-17T16:29:00.000,2.68,51.74,1.66,2.11
2025-08-17T16:30:00.000,1.90,48.87,1.25,1.43
2025-08-17T16:31:00.000,1.41,54.44,0.82,1.15
2025-08-17T16:32:00.000,1.14,59.63,0.58,0.98
2025-08-17T16:33:00.000,1.35,69.77,0.47,1.27
2025-08-17T16:34:00.000,1.12,62.17,0.52,0.99
2025-08-17T16:35:00.000,2.01,57.97,1.06,1.70
2025-08-17T16:36:00.000,2.32,52.50,1.41,1.84
2025-08-17T16:37:00.000,2.02,57.33,1.09,1.70
2025-08-17T16:38:00.000,2.40,48.88,1.58,1.81
2025-08-17T16:39:00.000,1.97,63.24,0.89,1.76
2025-08-17T16:40:00.000,1.75,57.51,0.94,1.47
2025-08-17T16:41:00.000,1.66,45.08,1.17,1.18
2025-08-17T16:42:00.000,1.46,46.61,1.00,1.06
2025-08-17T16:43:00.000,1.33,46.79,0.91,0.97
2025-08-17T16:44:00.000,1.47,54.03,0.86,1.19
2025-08-17T16:45:00.000,1.52,65.02,0.64,1.38
2025-08-17T16:46:00.000,1.45,59.43,0.74,1.25
2025-08-17T16:47:00.000,1.35,65.64,0.55,1.23
2025-08-17T16:48:00.000,1.43,64.05,0.62,1.28
2025-08-17T16:49:00.000,1.34,65.05,0.56,1.21
2025-08-17T16:50:00.000,1.18,69.02,0.42,1.10
2025-08-17T16:51:00.000,1.10,75.04,0.28,1.06
2025-08-17T16:52:00.000,1.22,83.85,0.13,1.21
2025-08-17T16:53:00.000,1.47,77.66,0.31,1.44
2025-08-17T16:54:00.000,1.43,80.35,0.24,1.41
2025-08-17T16:55:00.000,1.42,76.87,0.32,1.38
2025-08-17T16:56:00.000,1.17,74.39,0.31,1.12
2025-08-17T16:57:00.000,1.58,74.84,0.41,1.52
2025-08-17T16:58:00.000,1.18,68.47,0.43,1.09
2025-08-17T16:59:00.000,0.97,68.40,0.36,0.91
2025-08-17T17:00:00.000,1.17,68.91,0.42,1.09
2025-08-17T17:01:00.000,0.97,71.50,0.31,0.92
2025-08-17T17:02:00.000,0.88,71.10,0.29,0.84
2025-08-17T17:03:00.000,0.91,70.69,0.30,0.86
2025-08-17T17:04:00.000,0.91,62.22,0.43,0.81
2025-08-17T17:05:00.000,0.86,62.27,0.40,0.76
2025-08-17T17:06:00.000,0.89,62.91,0.41,0.79
2025-08-17T17:07:00.000,0.91,62.37,0.42,0.81
2025-08-17T17:08:00.000,0.95,56.32,0.53,0.79
2025-08-17T17:09:00.000,1.06,58.73,0.55,0.91
2025-08-17T17:10:00.000,1.14,60.00,0.57,0.98
2025-08-17T17:11:00.000,1.06,58.55,0.56,0.91
2025-08-17T17:12:00.000,1.07,59.05,0.55,0.92
2025-08-17T17:13:00.000,1.11,60.24,0.55,0.97
2025-08-17T17:14:00.000,1.13,60.03,0.56,0.97
2025-08-17T17:15:00.000,1.29,63.73,0.57,1.16
2025-08-17T17:16:00.000,1.42,59.71,0.72,1.22
2025-08-17T17:17:00.000,1.42,58.14,0.75,1.21
2025-08-17T17:18:00.000,1.65,54.25,0.97,1.34
2025-08-17T17:19:00.000,1.84,59.07,0.95,1.58
2025-08-17T17:20:00.000,1.95,59.31,0.99,1.67
2025-08-17T17:21:00.000,1.87,59.06,0.96,1.61
2025-08-17T17:22:00.000,2.05,52.80,1.24,1.63
2025-08-17T17:23:00.000,2.12,50.02,1.36,1.63
2025-08-17T17:24:00.000,1.69,49.39,1.10,1.28
2025-08-17T17:25:00.000,1.69,50.32,1.08,1.30
2025-08-17T17:26:00.000,1.65,47.60,1.11,1.22
2025-08-17T17:27:00.000,1.55,47.72,1.04,1.15
2025-08-17T17:28:00.000,1.53,48.00,1.03,1.14
2025-08-17T17:29:00.000,1.51,53.76,0.89,1.22
2025-08-17T17:30:00.000,1.75,52.19,1.07,1.38
2025-08-17T17:31:00.000,1.86,41.84,1.38,1.24
2025-08-17T17:32:00.000,1.77,43.14,1.29,1.21
2025-08-17T17:33:00.000,1.75,44.72,1.24,1.23
2025-08-17T17:34:00.000,1.68,45.93,1.17,1.21
2025-08-17T17:35:00.000,1.63,47.69,1.10,1.21
2025-08-17T17:36:00.000,1.82,53.39,1.09,1.46
2025-08-17T17:37:00.000,1.79,54.56,1.04,1.46
2025-08-17T17:38:00.000,1.79,51.15,1.12,1.39
2025-08-17T17:39:00.000,2.34,51.51,1.46,1.83
2025-08-17T17:40:00.000,2.08,59.07,1.07,1.78
2025-08-17T17:41:00.000,1.98,53.58,1.17,1.59
2025-08-17T17:42:00.000,1.90,58.33,1.00,1.61
2025-08-17T17:43:00.000,1.81,52.93,1.09,1.44
2025-08-17T17:44:00.000,1.61,56.11,0.90,1.34
2025-08-17T17:45:00.000,1.73,54.44,1.01,1.41
2025-08-17T17:46:00.000,1.75,62.20,0.82,1.55
2025-08-17T17:47:00.000,1.47,59.50,0.75,1.27
2025-08-17T17:48:00.000,1.26,58.47,0.66,1.08
2025-08-17T17:49:00.000,1.28,55.76,0.72,1.06
2025-08-17T17:50:00.000,1.31,57.00,0.71,1.10
2025-08-17T17:51:00.000,1.24,58.39,0.65,1.06
2025-08-17T17:52:00.000,1.19,58.83,0.61,1.02
2025-08-17T17:53:00.000,1.20,59.62,0.61,1.04
2025-08-17T17:54:00.000,1.17,61.12,0.56,1.02
2025-08-17T17:55:00.000,1.11,63.40,0.49,0.99
2025-08-17T17:56:00.000,1.06,61.99,0.50,0.93
2025-08-17T17:57:00.000,1.09,61.82,0.51,0.96
2025-08-17T17:58:00.000,1.13,58.93,0.58,0.97
2025-08-17T17:59:00.000,1.11,58.74,0.58,0.95
2025-08-17T18:00:00.000,1.04,61.06,0.50,0.91
2025-08-17T18:01:00.000,1.00,62.55,0.46,0.89
2025-08-17T18:02:00.000,1.04,60.09,0.52,0.90
2025-08-17T18:03:00.000,1.08,57.49,0.58,0.91
2025-08-17T18:04:00.000,1.06,58.46,0.56,0.90
2025-08-17T18:05:00.000,0.98,60.38,0.49,0.85
2025-08-17T18:06:00.000,0.97,60.06,0.49,0.84
2025-08-17T18:07:00.000,0.96,61.00,0.47,0.84
2025-08-17T18:08:00.000,0.80,71.19,0.26,0.76
2025-08-17T18:09:00.000,0.48,121.04,-0.25,0.41
2025-08-17T18:10:00.000,0.51,101.40,-0.10,0.50
2025-08-17T18:11:00.000,0.53,77.14,0.12,0.51
2025-08-17T18:12:00.000,0.64,67.98,0.24,0.60
2025-08-17T18:13:00.000,0.69,67.42,0.27,0.64
2025-08-17T18:14:00.000,1.34,106.22,-0.37,1.28
2025-08-17T18:15:00.000,0.82,86.42,0.05,0.82
2025-08-17T18:16:00.000,0.90,90.87,-0.01,0.90
2025-08-17T18:17:00.000,0.92,84.08,0.09,0.91
2025-08-17T18:18:00.000,0.85,73.40,0.24,0.81
2025-08-17T18:19:00.000,0.91,69.81,0.31,0.85
2025-08-17T18:20:00.000,0.98,64.09,0.43,0.88
2025-08-17T18:21:00.000,1.01,65.10,0.42,0.91
2025-08-17T18:22:00.000,0.94,70.14,0.32,0.88
2025-08-17T18:23:00.000,1.02,74.59,0.27,0.99
2025-08-17T18:24:00.000,1.03,76.20,0.25,1.00
2025-08-17T18:25:00.000,1.31,75.55,0.33,1.27
2025-08-17T18:26:00.000,1.19,69.24,0.42,1.12
2025-08-17T18:27:00.000,1.39,68.49,0.51,1.29
2025-08-17T18:28:00.000,1.05,81.64,0.15,1.04
2025-08-17T18:29:00.000,1.10,74.55,0.29,1.06
2025-08-17T18:30:00.000,1.17,76.05,0.28,1.14
2025-08-17T18:31:00.000,1.21,63.17,0.55,1.08
2025-08-17T18:32:00.000,1.15,66.27,0.46,1.06
2025-08-17T18:33:00.000,1.12,73.49,0.32,1.07
2025-08-17T18:34:00.000,0.95,64.89,0.40,0.86
2025-08-17T18:35:00.000,0.96,79.86,0.17,0.95
2025-08-17T18:36:00.000,0.98,70.07,0.34,0.93
2025-08-17T18:37:00.000,1.05,60.49,0.52,0.92
2025-08-17T18:38:00.000,0.92,65.58,0.38,0.84
2025-08-17T18:39:00.000,0.99,67.04,0.39,0.91
2025-08-17T18:40:00.000,0.93,65.83,0.38,0.85
2025-08-17T18:41:00.000,0.95,63.79,0.42,0.86
2025-08-17T18:42:00.000,0.98,63.52,0.43,0.87
2025-08-17T18:43:00.000,0.97,62.29,0.45,0.86
2025-08-17T18:44:00.000,0.92,67.81,0.35,0.85
2025-08-17T18:45:00.000,0.82,71.24,0.26,0.78
2025-08-17T18:46:00.000,0.88,68.30,0.32,0.81
2025-08-17T18:47:00.000,0.94,64.87,0.40,0.85
2025-08-17T18:48:00.000,0.98,62.62,0.45,0.87
2025-08-17T18:49:00.000,0.88,68.42,0.32,0.82
2025-08-17T18:50:00.000,0.91,68.11,0.34,0.84
2025-08-17T18:51:00.000,0.90,66.00,0.36,0.82
2025-08-17T18:52:00.000,0.84,69.07,0.30,0.79
2025-08-17T18:53:00.000,0.78,72.30,0.24,0.75
2025-08-17T18:54:00.000,0.80,72.74,0.24,0.77
2025-08-17T18:55:00.000,0.80,76.84,0.18,0.78
2025-08-17T18:56:00.000,0.79,73.56,0.22,0.76
2025-08-17T18:57:00.000,0.83,77.21,0.18,0.81
2025-08-17T18:58:00.000,0.84,74.24,0.23,0.80
2025-08-17T18:59:00.000,0.82,73.09,0.24,0.79
2025-08-17T19:00:00.000,1.07,77.62,0.23,1.04
2025-08-17T19:01:00.000,1.17,77.73,0.25,1.14
2025-08-17T19:02:00.000,1.56,79.02,0.30,1.53
2025-08-17T19:03:00.000,1.25,76.60,0.29,1.22
2025-08-17T19:04:00.000,1.35,79.35,0.25,1.32
2025-08-17T19:05:00.000,1.33,77.47,0.29,1.30
2025-08-17T19:06:00.000,1.27,74.51,0.34,1.23
2025-08-17T19:07:00.000,1.16,73.65,0.33,1.11
2025-08-17T19:08:00.000,1.36,73.39,0.39,1.31
2025-08-17T19:09:00.000,1.55,72.11,0.48,1.48
2025-08-17T19:10:00.000,1.43,74.78,0.38,1.38
2025-08-17T19:11:00.000,1.35,70.98,0.44,1.28
2025-08-17T19:12:00.000,1.60,71.36,0.51,1.51
2025-08-17T19:13:00.000,1.37,64.56,0.59,1.24
2025-08-17T19:14:00.000,1.55,69.96,0.53,1.46
2025-08-17T19:15:00.000,1.33,69.14,0.47,1.24
2025-08-17T19:16:00.000,1.22,71.85,0.38,1.16
2025-08-17T19:17:00.000,1.51,69.25,0.53,1.41
2025-08-17T19:18:00.000,1.35,70.28,0.46,1.27
2025-08-17T19:19:00.000,1.51,66.01,0.61,1.38
2025-08-17T19:20:00.000,1.58,66.08,0.64,1.45
2025-08-17T19:21:00.000,1.51,68.03,0.56,1.40
2025-08-17T19:22:00.000,1.46,68.34,0.54,1.36
2025-08-17T19:23:00.000,1.41,69.70,0.49,1.33
2025-08-17T19:24:00.000,1.72,66.46,0.69,1.58
2025-08-17T19:25:00.000,1.83,63.39,0.82,1.64
2025-08-17T19:26:00.000,1.75,63.93,0.77,1.57
2025-08-17T19:27:00.000,1.66,63.89,0.73,1.49
2025-08-17T19:28:00.000,1.73,64.48,0.74,1.56
2025-08-17T19:29:00.000,1.76,63.99,0.77,1.58
2025-08-17T19:30:00.000,1.61,63.08,0.73,1.43
2025-08-17T19:31:00.000,1.55,64.60,0.66,1.40
2025-08-17T19:32:00.000,1.71,62.50,0.79,1.52
2025-08-17T19:33:00.000,1.57,63.17,0.71,1.40
2025-08-17T19:34:00.000,1.74,64.73,0.74,1.57
2025-08-17T19:35:00.000,1.86,63.47,0.83,1.67
2025-08-17T19:36:00.000,1.65,63.13,0.74,1.47
2025-08-17T19:37:00.000,1.62,63.89,0.71,1.46
2025-08-17T19:38:00.000,1.49,64.54,0.64,1.34
2025-08-17T19:39:00.000,1.34,63.14,0.61,1.20
2025-08-17T19:40:00.000,1.28,64.97,0.54,1.16
2025-08-17T19:41:00.000,1.15,68.00,0.43,1.07
2025-08-17T19:42:00.000,1.17,67.56,0.45,1.08
2025-08-17T19:43:00.000,1.12,67.93,0.42,1.04
2025-08-17T19:44:00.000,1.11,68.10,0.41,1.03
2025-08-17T19:45:00.000,1.12,68.03,0.42,1.03
2025-08-17T19:46:00.000,1.10,70.02,0.37,1.03
2025-08-17T19:47:00.000,1.14,68.50,0.42,1.06
2025-08-17T19:48:00.000,1.16,68.71,0.42,1.08
2025-08-17T19:49:00.000,1.23,68.31,0.45,1.14
2025-08-17T19:50:00.000,1.15,69.50,0.40,1.08
2025-08-17T19:51:00.000,1.11,68.39,0.41,1.04
2025-08-17T19:52:00.000,1.06,69.40,0.37,0.99
2025-08-17T19:53:00.000,1.05,69.32,0.37,0.98
2025-08-17T19:54:00.000,1.08,68.62,0.39,1.01
2025-08-17T19:55:00.000,1.09,67.27,0.42,1.00
2025-08-17T19:56:00.000,1.11,67.90,0.42,1.03
2025-08-17T19:57:00.000,1.16,67.05,0.45,1.06
2025-08-17T19:58:00.000,1.21,68.88,0.44,1.13
2025-08-17T19:59:00.000,1.23,67.35,0.47,1.14
2025-08-17T20:00:00.000,1.15,68.23,0.43,1.06
2025-08-17T20:01:00.000,1.20,68.29,0.44,1.12
2025-08-17T20:02:00.000,1.26,68.50,0.46,1.17
2025-08-17T20:03:00.000,1.16,67.32,0.45,1.07
2025-08-17T20:04:00.000,1.17,68.42,0.43,1.09
2025-08-17T20:05:00.000,1.15,67.37,0.44,1.06
2025-08-17T20:06:00.000,1.12,67.99,0.42,1.03
2025-08-17T20:07:00.000,1.14,68.28,0.42,1.06
2025-08-17T20:08:00.000,1.20,67.67,0.46,1.11
2025-08-17T20:09:00.000,1.16,67.91,0.43,1.07
2025-08-17T20:10:00.000,1.24,66.76,0.49,1.14
2025-08-17T20:11:00.000,1.16,66.56,0.46,1.07
2025-08-17T20:12:00.000,1.13,68.29,0.42,1.05
2025-08-17T20:13:00.000,1.11,67.39,0.43,1.02
2025-08-17T20:14:00.000,1.10,69.08,0.39,1.02
2025-08-17T20:15:00.000,1.06,70.30,0.36,1.00
2025-08-17T20:16:00.000,1.20,68.68,0.43,1.11
2025-08-17T20:17:00.000,1.17,68.08,0.44,1.08
2025-08-17T20:18:00.000,1.30,65.93,0.53,1.19
2025-08-17T20:19:00.000,1.34,66.44,0.54,1.23
2025-08-17T20:20:00.000,1.53,68.82,0.55,1.43
2025-08-17T20:21:00.000,1.45,66.90,0.57,1.33
2025-08-17T20:22:00.000,1.51,63.69,0.67,1.36
2025-08-17T20:23:00.000,1.45,65.29,0.60,1.31
2025-08-17T20:24:00.000,1.34,64.61,0.57,1.21
2025-08-17T20:25:00.000,1.21,68.30,0.45,1.12
2025-08-17T20:26:00.000,1.27,66.84,0.50,1.17
2025-08-17T20:27:00.000,1.35,68.75,0.49,1.25
2025-08-17T20:28:00.000,1.35,67.59,0.52,1.25
2025-08-17T20:29:00.000,1.28,66.75,0.50,1.17
2025-08-17T20:30:00.000,1.46,67.40,0.56,1.35
2025-08-17T20:31:00.000,1.48,67.99,0.56,1.37
2025-08-17T20:32:00.000,1.48,67.86,0.56,1.37
2025-08-17T20:33:00.000,1.41,67.58,0.54,1.31
2025-08-17T20:34:00.000,1.29,70.65,0.43,1.22
2025-08-17T20:35:00.000,1.25,69.36,0.44,1.17
2025-08-17T20:36:00.000,1.15,69.42,0.40,1.08
2025-08-17T20:37:00.000,1.12,69.93,0.38,1.05
2025-08-17T20:38:00.000,1.18,70.23,0.40,1.11
2025-08-17T20:39:00.000,1.13,69.68,0.39,1.06
2025-08-17T20:40:00.000,1.16,69.78,0.40,1.09
2025-08-17T20:41:00.000,1.18,70.03,0.40,1.11
2025-08-17T20:42:00.000,1.17,69.73,0.41,1.10
2025-08-17T20:43:00.000,1.19,68.62,0.43,1.11
2025-08-17T20:44:00.000,1.25,66.28,0.50,1.14
2025-08-17T20:45:00.000,1.13,68.43,0.42,1.05
2025-08-17T20:46:00.000,1.15,68.70,0.42,1.07
2025-08-17T20:47:00.000,1.17,68.54,0.43,1.09
2025-08-17T20:48:00.000,1.08,70.55,0.36,1.02
2025-08-17T20:49:00.000,1.09,69.94,0.37,1.02
2025-08-17T20:50:00.000,1.21,68.97,0.43,1.13
2025-08-17T20:51:00.000,1.10,70.28,0.37,1.04
2025-08-17T20:52:00.000,1.15,68.37,0.42,1.07
2025-08-17T20:53:00.000,1.16,68.49,0.42,1.08
2025-08-17T20:54:00.000,1.36,66.92,0.53,1.25
2025-08-17T20:55:00.000,1.28,67.90,0.48,1.19
2025-08-17T20:56:00.000,1.36,68.17,0.50,1.26
2025-08-17T20:57:00.000,1.22,67.32,0.47,1.13
2025-08-17T20:58:00.000,1.29,67.46,0.49,1.19
2025-08-17T20:59:00.000,1.22,68.41,0.45,1.14
2025-08-17T21:00:00.000,1.19,69.48,0.42,1.11
2025-08-17T21:01:00.000,1.27,68.13,0.47,1.17
2025-08-17T21:02:00.000,1.50,67.54,0.57,1.38
2025-08-17T21:03:00.000,1.43,70.17,0.48,1.34
2025-08-17T21:04:00.000,1.56,67.02,0.61,1.44
2025-08-17T21:05:00.000,1.51,66.33,0.60,1.38
2025-08-17T21:06:00.000,1.56,68.62,0.57,1.45
2025-08-17T21:07:00.000,1.55,67.61,0.59,1.43
2025-08-17T21:08:00.000,1.29,67.38,0.50,1.19
2025-08-17T21:09:00.000,1.26,68.11,0.47,1.17
2025-08-17T21:10:00.000,1.37,67.46,0.52,1.26
2025-08-17T21:11:00.000,1.38,68.07,0.52,1.28
2025-08-17T21:12:00.000,1.30,69.62,0.45,1.22
2025-08-17T21:13:00.000,1.44,67.97,0.54,1.34
2025-08-17T21:14:00.000,1.46,67.48,0.56,1.35
2025-08-17T21:15:00.000,1.45,67.82,0.55,1.35
2025-08-17T21:16:00.000,1.42,67.02,0.55,1.30
2025-08-17T21:17:00.000,1.42,67.97,0.53,1.32
2025-08-17T21:18:00.000,1.33,68.92,0.48,1.24
2025-08-17T21:19:00.000,1.41,66.21,0.57,1.29
2025-08-17T21:20:00.000,1.25,68.76,0.45,1.17
2025-08-17T21:21:00.000,1.26,68.26,0.47,1.17
2025-08-17T21:22:00.000,1.23,67.62,0.47,1.14
2025-08-17T21:23:00.000,1.22,70.43,0.41,1.14
2025-08-17T21:24:00.000,1.29,71.28,0.41,1.22
2025-08-17T21:25:00.000,1.23,70.25,0.42,1.16
2025-08-17T21:26:00.000,1.27,69.91,0.44,1.19
2025-08-17T21:27:00.000,1.22,69.78,0.42,1.15
2025-08-17T21:28:00.000,1.08,70.47,0.36,1.01
2025-08-17T21:29:00.000,0.78,73.79,0.22,0.75
2025-08-17T21:30:00.000,0.89,74.16,0.24,0.86
2025-08-17T21:31:00.000,1.10,71.75,0.34,1.04
2025-08-17T21:32:00.000,1.13,72.11,0.35,1.07
2025-08-17T21:33:00.000,1.09,70.90,0.36,1.03
2025-08-17T21:34:00.000,1.08,72.95,0.32,1.03
2025-08-17T21:35:00.000,1.10,69.41,0.39,1.03
2025-08-17T21:36:00.000,1.09,70.87,0.36,1.03
2025-08-17T21:37:00.000,0.98,71.25,0.32,0.93
2025-08-17T21:38:00.000,1.00,69.93,0.34,0.94
2025-08-17T21:39:00.000,1.03,70.34,0.35,0.97
2025-08-17T21:40:00.000,1.05,69.29,0.37,0.98
2025-08-17T21:41:00.000,1.00,71.24,0.32,0.95
2025-08-17T21:42:00.000,0.98,70.91,0.32,0.93
2025-08-17T21:43:00.000,1.00,71.32,0.32,0.95
2025-08-17T21:44:00.000,1.00,72.85,0.30,0.96
2025-08-17T21:45:00.000,1.02,71.43,0.33,0.97
2025-08-17T21:46:00.000,1.00,70.68,0.33,0.95
2025-08-17T21:47:00.000,0.98,71.79,0.31,0.94
2025-08-17T21:48:00.000,0.97,72.20,0.30,0.92
2025-08-17T21:49:00.000,0.99,71.68,0.31,0.94
2025-08-17T21:50:00.000,0.98,71.85,0.30,0.93
2025-08-17T21:51:00.000,0.98,71.84,0.31,0.93
2025-08-17T21:52:00.000,1.03,71.25,0.33,0.98
2025-08-17T21:53:00.000,1.03,71.39,0.33,0.97
2025-08-17T21:54:00.000,1.05,70.18,0.36,0.99
2025-08-17T21:55:00.000,1.13,68.82,0.41,1.05
2025-08-17T21:56:00.000,1.13,67.76,0.43,1.04
2025-08-17T21:57:00.000,1.15,66.03,0.47,1.05
2025-08-17T21:58:00.000,1.17,66.05,0.47,1.07
2025-08-17T21:59:00.000,1.22,67.14,0.47,1.12
2025-08-17T22:00:00.000,1.14,67.30,0.44,1.06
2025-08-17T22:01:00.000,1.10,67.82,0.41,1.02
2025-08-17T22:02:00.000,1.07,68.77,0.39,1.00
2025-08-17T22:03:00.000,1.12,69.69,0.39,1.05
2025-08-17T22:04:00.000,1.11,69.40,0.39,1.04
2025-08-17T22:05:00.000,1.19,68.28,0.44,1.11
2025-08-17T22:06:00.000,1.24,65.68,0.51,1.13
2025-08-17T22:07:00.000,1.21,62.61,0.56,1.08
2025-08-17T22:08:00.000,1.23,68.06,0.46,1.14
2025-08-17T22:09:00.000,1.34,71.52,0.43,1.27
2025-08-17T22:10:00.000,1.19,69.16,0.43,1.12
2025-08-17T22:11:00.000,1.19,68.33,0.44,1.11
2025-08-17T22:12:00.000,1.14,67.28,0.44,1.05
2025-08-17T22:13:00.000,1.04,67.88,0.39,0.96
2025-08-17T22:14:00.000,1.06,70.95,0.34,1.00
2025-08-17T22:15:00.000,1.05,70.21,0.35,0.99
2025-08-17T22:16:00.000,1.00,68.68,0.36,0.93
2025-08-17T22:17:00.000,1.03,71.09,0.33,0.97
2025-08-17T22:18:00.000,1.04,71.76,0.32,0.98
2025-08-17T22:19:00.000,1.01,70.02,0.35,0.95
2025-08-17T22:20:00.000,1.02,70.78,0.34,0.96
2025-08-17T22:21:00.000,1.55,11.16,1.52,0.30
2025-08-17T22:22:00.000,2.72,99.83,-0.46,2.68
2025-08-17T22:23:00.000,2.53,102.30,-0.54,2.47
2025-08-17T22:24:00.000,2.48,102.20,-0.52,2.42
2025-08-17T22:25:00.000,2.49,103.23,-0.57,2.43
2025-08-17T22:26:00.000,2.43,102.79,-0.54,2.37
2025-08-17T22:27:00.000,2.45,102.38,-0.53,2.39
2025-08-17T22:28:00.000,2.46,102.58,-0.54,2.40
2025-08-17T22:29:00.000,2.43,102.51,-0.53,2.37
2025-08-17T22:30:00.000,2.45,102.27,-0.52,2.39
2025-08-17T22:31:00.000,2.44,102.49,-0.53,2.39
2025-08-17T22:32:00.000,2.41,102.83,-0.53,2.35
2025-08-17T22:33:00.000,2.41,102.72,-0.53,2.36
2025-08-17T22:34:00.000,2.41,103.15,-0.55,2.35
2025-08-17T22:35:00.000,2.33,103.64,-0.55,2.27
2025-08-17T22:36:00.000,2.30,103.63,-0.54,2.23
2025-08-17T22:37:00.000,2.35,103.07,-0.53,2.28
2025-08-17T22:38:00.000,2.37,102.97,-0.53,2.31
2025-08-17T22:39:00.000,2.39,102.92,-0.53,2.33
2025-08-17T22:40:00.000,2.39,102.81,-0.53,2.33
2025-08-17T22:41:00.000,2.38,102.80,-0.53,2.32
2025-08-17T22:42:00.000,0.77,291.13,0.28,-0.72
2025-08-17T22:43:00.000,1.22,318.90,0.92,-0.80
2025-08-17T22:44:00.000,1.23,320.90,0.95,-0.78
2025-08-17T22:45:00.000,1.25,321.40,0.98,-0.78
2025-08-17T22:46:00.000,1.27,325.66,1.05,-0.72
2025-08-17T22:47:00.000,1.27,327.43,1.07,-0.69
2025-08-17T22:48:00.000,1.28,329.02,1.09,-0.66
2025-08-17T22:49:00.000,1.28,333.33,1.14,-0.57
2025-08-17T22:50:00.000,1.27,337.50,1.18,-0.49
2025-08-17T22:51:00.000,1.29,338.82,1.20,-0.46
2025-08-17T22:52:00.000,1.27,340.67,1.19,-0.42
2025-08-17T22:53:00.000,1.28,344.89,1.24,-0.33
2025-08-17T22:54:00.000,1.29,346.09,1.25,-0.31
2025-08-17T22:55:00.000,1.29,344.92,1.25,-0.34
2025-08-17T22:56:00.000,1.35,351.19,1.33,-0.21
2025-08-17T22:57:00.000,1.43,352.80,1.42,-0.18
2025-08-17T22:58:00.000,0.67,150.87,-0.59,0.33
2025-08-17T22:59:00.000,0.56,162.21,-0.53,0.17
2025-08-17T23:00:00.000,0.54,153.20,-0.48,0.24
2025-08-17T23:01:00.000,0.51,158.13,-0.47,0.19
2025-08-17T23:02:00.000,0.83,154.33,-0.75,0.36
2025-08-17T23:03:00.000,0.79,153.55,-0.71,0.35
2025-08-17T23:04:00.000,0.74,154.96,-0.67,0.31
2025-08-17T23:05:00.000,0.73,162.58,-0.69,0.22
2025-08-17T23:06:00.000,0.74,162.07,-0.71,0.23
2025-08-17T23:07:00.000,0.77,158.29,-0.71,0.28
2025-08-17T23:08:00.000,0.74,165.93,-0.72,0.18
2025-08-17T23:09:00.000,1.43,61.16,0.69,1.26
2025-08-17T23:10:00.000,1.41,63.66,0.62,1.26
2025-08-17T23:11:00.000,1.35,63.49,0.60,1.20
2025-08-17T23:12:00.000,1.31,63.91,0.57,1.17
2025-08-17T23:13:00.000,1.29,64.75,0.55,1.17
2025-08-17T23:14:00.000,1.25,64.98,0.53,1.13
2025-08-17T23:15:00.000,1.24,64.89,0.53,1.13
2025-08-17T23:16:00.000,1.82,60.58,0.89,1.59
2025-08-17T23:17:00.000,1.63,61.63,0.78,1.44
2025-08-17T23:18:00.000,1.34,57.92,0.71,1.13
2025-08-17T23:19:00.000,1.31,61.15,0.63,1.15
2025-08-17T23:20:00.000,1.28,62.46,0.59,1.14
2025-08-17T23:21:00.000,1.27,63.44,0.57,1.13
2025-08-17T23:22:00.000,1.27,63.58,0.57,1.14
2025-08-17T23:23:00.000,1.26,64.14,0.55,1.13
2025-08-17T23:24:00.000,1.25,63.29,0.56,1.12
2025-08-17T23:25:00.000,1.25,63.47,0.56,1.12
2025-08-17T23:26:00.000,1.25,63.73,0.55,1.12
2025-08-17T23:27:00.000,1.22,62.86,0.56,1.09
2025-08-17T23:28:00.000,1.20,63.89,0.53,1.08
2025-08-17T23:29:00.000,1.18,64.32,0.51,1.06
2025-08-17T23:30:00.000,1.16,64.09,0.51,1.04
2025-08-17T23:31:00.000,1.13,62.77,0.52,1.00
2025-08-17T23:32:00.000,1.10,63.98,0.48,0.99
2025-08-17T23:33:00.000,1.12,64.02,0.49,1.01
2025-08-17T23:34:00.000,1.33,59.72,0.67,1.15
2025-08-17T23:35:00.000,1.27,60.94,0.62,1.11
2025-08-17T23:36:00.000,1.21,61.14,0.59,1.06
2025-08-17T23:37:00.000,1.18,61.77,0.56,1.04
2025-08-17T23:38:00.000,1.16,61.97,0.55,1.03
2025-08-17T23:39:00.000,1.16,62.45,0.54,1.03
2025-08-17T23:40:00.000,1.16,63.41,0.52,1.04
2025-08-17T23:41:00.000,1.16,63.74,0.52,1.04
2025-08-17T23:42:00.000,1.16,63.04,0.52,1.03
2025-08-17T23:43:00.000,1.18,62.74,0.54,1.05
2025-08-17T23:44:00.000,1.19,63.28,0.54,1.07
2025-08-17T23:45:00.000,1.21,62.86,0.55,1.08
2025-08-17T23:46:00.000,1.23,62.90,0.56,1.10
2025-08-17T23:47:00.000,1.32,54.57,0.76,1.07
2025-08-17T23:48:00.000,1.24,59.74,0.63,1.07
2025-08-17T23:49:00.000,1.22,61.92,0.57,1.07
2025-08-17T23:50:00.000,1.19,61.96,0.56,1.05
2025-08-17T23:51:00.000,1.10,62.15,0.52,0.98
2025-08-17T23:52:00.000,1.06,62.61,0.49,0.94
2025-08-17T23:53:00.000,1.03,64.41,0.45,0.93
2025-08-17T23:54:00.000,1.01,64.09,0.44,0.91
2025-08-17T23:55:00.000,1.00,65.36,0.42,0.91
2025-08-17T23:56:00.000,0.98,65.80,0.40,0.89
2025-08-17T23:57:00.000,0.97,66.34,0.39,0.89
2025-08-17T23:58:00.000,0.96,66.17,0.39,0.88
2025-08-17T23:59:00.000,1.04,62.38,0.48,0.92
2025-08-18T00:00:00.000,1.01,64.32,0.44,0.91
2025-08-18T00:01:00.000,0.95,66.41,0.38,0.87
2025-08-18T00:02:00.000,0.93,67.64,0.36,0.86
2025-08-18T00:03:00.000,0.91,69.54,0.32,0.85
2025-08-18T00:04:00.000,0.92,68.13,0.34,0.85
2025-08-18T00:05:00.000,0.93,67.34,0.36,0.86
2025-08-18T00:06:00.000,0.92,67.95,0.35,0.86
2025-08-18T00:07:00.000,0.93,67.05,0.36,0.85
2025-08-18T00:08:00.000,0.92,67.34,0.36,0.85
2025-08-18T00:09:00.000,0.92,67.16,0.36,0.85
2025-08-18T00:10:00.000,0.91,67.52,0.35,0.84
2025-08-18T00:11:00.000,0.89,68.70,0.32,0.83
2025-08-18T00:12:00.000,0.86,68.41,0.32,0.80
2025-08-18T00:13:00.000,0.86,68.48,0.31,0.80
2025-08-18T00:14:00.000,0.83,68.12,0.31,0.77
2025-08-18T00:15:00.000,0.83,67.54,0.32,0.76
2025-08-18T00:16:00.000,0.98,60.37,0.49,0.85
2025-08-18T00:17:00.000,0.97,64.54,0.42,0.87
2025-08-18T00:18:00.000,1.03,62.62,0.47,0.91
2025-08-18T00:19:00.000,0.96,63.10,0.44,0.86
2025-08-18T00:20:00.000,1.10,56.85,0.60,0.92
2025-08-18T00:21:00.000,0.95,64.81,0.40,0.86
2025-08-18T00:22:00.000,0.93,65.63,0.38,0.84
2025-08-18T00:23:00.000,0.92,66.11,0.37,0.84
2025-08-18T00:24:00.000,0.78,82.17,0.11,0.77
2025-08-18T00:25:00.000,1.22,161.09,-1.15,0.40
2025-08-18T00:26:00.000,1.42,30.37,1.23,0.72
2025-08-18T00:27:00.000,1.53,332.60,1.36,-0.71
2025-08-18T00:28:00.000,2.68,134.64,-1.88,1.91
2025-08-18T00:29:00.000,2.48,135.28,-1.76,1.74
2025-08-18T00:30:00.000,2.43,136.97,-1.78,1.66
2025-08-18T00:31:00.000,2.37,139.62,-1.81,1.54
2025-08-18T00:32:00.000,2.39,136.78,-1.74,1.64
2025-08-18T00:33:00.000,2.48,118.92,-1.20,2.17
2025-08-18T00:34:00.000,2.69,117.44,-1.24,2.39
2025-08-18T00:35:00.000,2.59,121.58,-1.36,2.20
2025-08-18T00:36:00.000,2.54,123.22,-1.39,2.12
2025-08-18T00:37:00.000,2.51,123.28,-1.38,2.10
2025-08-18T00:38:00.000,2.51,124.47,-1.42,2.07
2025-08-18T00:39:00.000,2.51,125.11,-1.45,2.06
2025-08-18T00:40:00.000,2.42,131.71,-1.61,1.81
2025-08-18T00:41:00.000,2.29,137.96,-1.70,1.53
2025-08-18T00:42:00.000,2.21,142.52,-1.75,1.35
2025-08-18T00:43:00.000,2.06,151.83,-1.82,0.97
2025-08-18T00:44:00.000,2.07,151.76,-1.82,0.98
2025-08-18T00:45:00.000,2.08,151.23,-1.83,1.00
2025-08-18T00:46:00.000,2.08,151.20,-1.82,1.00
2025-08-18T00:47:00.000,2.19,148.45,-1.86,1.14
2025-08-18T00:48:00.000,2.16,150.87,-1.88,1.05
2025-08-18T00:49:00.000,2.15,150.31,-1.87,1.06
2025-08-18T00:50:00.000,2.15,150.72,-1.87,1.05
2025-08-18T00:51:00.000,2.14,153.02,-1.91,0.97
2025-08-18T00:52:00.000,2.16,153.84,-1.94,0.95
2025-08-18T00:53:00.000,2.15,157.40,-1.98,0.83
2025-08-18T00:54:00.000,2.17,160.61,-2.05,0.72
2025-08-18T00:55:00.000,1.95,192.41,-1.90,-0.42
2025-08-18T00:56:00.000,0.66,133.65,-0.46,0.48
2025-08-18T00:57:00.000,0.60,128.20,-0.37,0.47
2025-08-18T00:58:00.000,0.59,123.70,-0.33,0.49
2025-08-18T00:59:00.000,0.62,121.12,-0.32,0.53
2025-08-18T01:00:00.000,0.61,121.38,-0.32,0.52
2025-08-18T01:01:00.000,0.61,121.79,-0.32,0.52
2025-08-18T01:02:00.000,0.60,121.62,-0.31,0.51
2025-08-18T01:03:00.000,0.56,125.52,-0.33,0.46
2025-08-18T01:04:00.000,0.56,125.52,-0.32,0.45
2025-08-18T01:05:00.000,0.57,123.28,-0.31,0.47
2025-08-18T01:06:00.000,0.58,120.15,-0.29,0.50
2025-08-18T01:07:00.000,0.60,118.74,-0.29,0.53
2025-08-18T01:08:00.000,0.61,116.84,-0.28,0.55
2025-08-18T01:09:00.000,0.59,117.16,-0.27,0.52
2025-08-18T01:10:00.000,0.59,116.42,-0.26,0.53
2025-08-18T01:11:00.000,0.59,117.48,-0.27,0.52
2025-08-18T01:12:00.000,0.56,120.43,-0.28,0.48
2025-08-18T01:13:00.000,0.54,121.48,-0.28,0.46
2025-08-18T01:14:00.000,0.54,120.39,-0.27,0.47
2025-08-18T01:15:00.000,0.56,119.91,-0.28,0.48
2025-08-18T01:16:00.000,0.56,119.54,-0.28,0.49
2025-08-18T01:17:00.000,0.58,117.58,-0.27,0.51
2025-08-18T01:18:00.000,0.59,116.07,-0.26,0.53
2025-08-18T01:19:00.000,0.59,115.73,-0.26,0.54
2025-08-18T01:20:00.000,0.60,115.79,-0.26,0.54
2025-08-18T01:21:00.000,0.60,115.05,-0.26,0.55
2025-08-18T01:22:00.000,0.58,116.66,-0.26,0.52
2025-08-18T01:23:00.000,0.56,119.35,-0.27,0.48
2025-08-18T01:24:00.000,0.57,119.85,-0.28,0.49
2025-08-18T01:25:00.000,0.55,123.33,-0.30,0.46
2025-08-18T01:26:00.000,0.54,121.63,-0.28,0.46
2025-08-18T01:27:00.000,0.55,118.69,-0.27,0.49
2025-08-18T01:28:00.000,0.55,116.62,-0.25,0.49
2025-08-18T01:29:00.000,0.55,115.49,-0.24,0.49
2025-08-18T01:30:00.000,0.53,115.64,-0.23,0.48
2025-08-18T01:31:00.000,0.63,117.66,-0.29,0.56
2025-08-18T01:32:00.000,0.51,115.16,-0.22,0.46
2025-08-18T01:33:00.000,0.49,115.46,-0.21,0.44
2025-08-18T01:34:00.000,0.48,116.48,-0.21,0.43
2025-08-18T01:35:00.000,0.46,116.82,-0.21,0.41
2025-08-18T01:36:00.000,0.46,114.61,-0.19,0.42
2025-08-18T01:37:00.000,0.47,113.97,-0.19,0.43
2025-08-18T01:38:00.000,0.46,111.89,-0.17,0.43
2025-08-18T01:39:00.000,0.49,109.72,-0.17,0.47
2025-08-18T01:40:00.000,0.50,107.54,-0.15,0.48
2025-08-18T01:41:00.000,0.50,106.20,-0.14,0.48
2025-08-18T01:42:00.000,0.55,108.33,-0.17,0.52
2025-08-18T01:43:00.000,0.47,103.90,-0.11,0.45
2025-08-18T01:44:00.000,0.37,107.53,-0.11,0.35
2025-08-18T01:45:00.000,0.31,119.94,-0.15,0.26
2025-08-18T01:46:00.000,0.24,140.14,-0.18,0.15
2025-08-18T01:47:00.000,0.20,160.59,-0.19,0.07
2025-08-18T01:48:00.000,0.19,157.14,-0.17,0.07
2025-08-18T01:49:00.000,0.23,133.73,-0.16,0.16
2025-08-18T01:50:00.000,0.19,127.14,-0.12,0.15
2025-08-18T01:51:00.000,0.22,121.38,-0.12,0.19
2025-08-18T01:52:00.000,0.21,126.97,-0.13,0.17
2025-08-18T01:53:00.000,0.30,117.58,-0.14,0.27
2025-08-18T01:54:00.000,0.25,124.27,-0.14,0.20
2025-08-18T01:55:00.000,0.28,121.83,-0.15,0.24
2025-08-18T01:56:00.000,0.44,122.83,-0.24,0.37
2025-08-18T01:57:00.000,0.32,129.32,-0.21,0.25
2025-08-18T01:58:00.000,0.29,133.33,-0.20,0.21
2025-08-18T01:59:00.000,0.29,134.28,-0.21,0.21
2025-08-18T02:00:00.000,0.36,126.54,-0.21,0.29
2025-08-18T02:01:00.000,0.34,123.37,-0.19,0.28
2025-08-18T02:02:00.000,0.38,118.45,-0.18,0.34
2025-08-18T02:03:00.000,0.39,117.42,-0.18,0.35
2025-08-18T02:04:00.000,0.34,125.84,-0.20,0.27
2025-08-18T02:05:00.000,0.35,127.72,-0.21,0.28
2025-08-18T02:06:00.000,0.31,153.70,-0.27,0.14
2025-08-18T02:07:00.000,0.35,172.38,-0.35,0.05
2025-08-18T02:08:00.000,0.36,168.09,-0.35,0.07
2025-08-18T02:09:00.000,0.35,156.21,-0.32,0.14
2025-08-18T02:10:00.000,0.35,145.95,-0.29,0.20
2025-08-18T02:11:00.000,0.37,131.55,-0.25,0.28
2025-08-18T02:12:00.000,0.37,126.61,-0.22,0.30
2025-08-18T02:13:00.000,0.40,120.96,-0.21,0.35
2025-08-18T02:14:00.000,0.39,121.79,-0.20,0.33
2025-08-18T02:15:00.000,0.36,125.43,-0.21,0.29
2025-08-18T02:16:00.000,0.35,131.63,-0.23,0.26
2025-08-18T02:17:00.000,0.40,126.90,-0.24,0.32
2025-08-18T02:18:00.000,0.34,124.06,-0.19,0.28
2025-08-18T02:19:00.000,0.28,130.92,-0.18,0.21
2025-08-18T02:20:00.000,0.26,132.56,-0.18,0.19
2025-08-18T02:21:00.000,0.23,139.69,-0.18,0.15
2025-08-18T02:22:00.000,0.31,159.12,-0.29,0.11
2025-08-18T02:23:00.000,0.35,161.92,-0.34,0.11
2025-08-18T02:24:00.000,0.28,175.53,-0.28,0.02
2025-08-18T02:25:00.000,0.26,181.94,-0.26,-0.01
2025-08-18T02:26:00.000,0.26,178.33,-0.26,0.01
2025-08-18T02:27:00.000,0.32,198.99,-0.30,-0.10
2025-08-18T02:28:00.000,0.44,210.45,-0.38,-0.22
2025-08-18T02:29:00.000,0.43,207.96,-0.38,-0.20
2025-08-18T02:30:00.000,0.45,210.55,-0.39,-0.23
2025-08-18T02:31:00.000,0.47,211.07,-0.40,-0.24
2025-08-18T02:32:00.000,0.51,214.37,-0.42,-0.29
2025-08-18T02:33:00.000,0.51,210.04,-0.44,-0.25
2025-08-18T02:34:00.000,0.43,208.93,-0.38,-0.21
2025-08-18T02:35:00.000,0.52,214.60,-0.43,-0.29
2025-08-18T02:36:00.000,0.55,218.10,-0.43,-0.34
2025-08-18T02:37:00.000,0.54,212.70,-0.45,-0.29
2025-08-18T02:38:00.000,0.48,210.61,-0.42,-0.25
2025-08-18T02:39:00.000,0.42,206.28,-0.37,-0.18
2025-08-18T02:40:00.000,0.39,208.00,-0.35,-0.18
2025-08-18T02:41:00.000,0.34,198.09,-0.32,-0.11
2025-08-18T02:42:00.000,0.33,201.03,-0.30,-0.12
2025-08-18T02:43:00.000,0.32,202.89,-0.30,-0.13
2025-08-18T02:44:00.000,0.43,215.86,-0.35,-0.25
2025-08-18T02:45:00.000,0.35,220.49,-0.27,-0.23
2025-08-18T02:46:00.000,0.35,228.55,-0.23,-0.26
2025-08-18T02:47:00.000,0.42,229.42,-0.27,-0.32
2025-08-18T02:48:00.000,0.46,231.15,-0.29,-0.36
2025-08-18T02:49:00.000,0.54,236.86,-0.29,-0.45
2025-08-18T02:50:00.000,0.68,243.53,-0.30,-0.61
2025-08-18T02:51:00.000,0.88,242.77,-0.40,-0.78
2025-08-18T02:52:00.000,0.90,244.62,-0.39,-0.82
2025-08-18T02:53:00.000,0.93,243.97,-0.41,-0.84
2025-08-18T02:54:00.000,0.96,246.65,-0.38,-0.88
2025-08-18T02:55:00.000,0.95,246.31,-0.38,-0.87
2025-08-18T02:56:00.000,0.98,246.92,-0.39,-0.91
2025-08-18T02:57:00.000,0.93,248.71,-0.34,-0.87
2025-08-18T02:58:00.000,0.90,244.90,-0.38,-0.82
2025-08-18T02:59:00.000,0.84,243.94,-0.37,-0.75
2025-08-18T03:00:00.000,0.66,237.69,-0.35,-0.56
2025-08-18T03:01:00.000,0.57,242.34,-0.26,-0.50
2025-08-18T03:02:00.000,0.39,236.67,-0.22,-0.33
2025-08-18T03:03:00.000,0.26,234.63,-0.15,-0.21
2025-08-18T03:04:00.000,0.20,227.50,-0.14,-0.15
2025-08-18T03:05:00.000,0.19,229.69,-0.12,-0.14
2025-08-18T03:06:00.000,0.20,228.36,-0.13,-0.15
2025-08-18T03:07:00.000,0.26,229.35,-0.17,-0.19
2025-08-18T03:08:00.000,0.26,237.39,-0.14,-0.22
2025-08-18T03:09:00.000,0.27,191.43,-0.27,-0.05
2025-08-18T03:10:00.000,0.24,182.29,-0.24,-0.01
2025-08-18T03:11:00.000,0.23,159.26,-0.22,0.08
2025-08-18T03:12:00.000,0.27,148.84,-0.23,0.14
2025-08-18T03:13:00.000,0.25,148.48,-0.21,0.13
2025-08-18T03:14:00.000,0.24,146.14,-0.20,0.13
2025-08-18T03:15:00.000,0.25,140.29,-0.19,0.16
2025-08-18T03:16:00.000,0.23,147.27,-0.20,0.13
2025-08-18T03:17:00.000,0.24,171.01,-0.23,0.04
2025-08-18T03:18:00.000,0.25,188.44,-0.25,-0.04
2025-08-18T03:19:00.000,0.30,200.26,-0.28,-0.10
2025-08-18T03:20:00.000,0.31,206.02,-0.27,-0.13
2025-08-18T03:21:00.000,0.33,213.40,-0.28,-0.18
2025-08-18T03:22:00.000,0.39,227.96,-0.26,-0.29
2025-08-18T03:23:00.000,0.30,222.08,-0.23,-0.20
2025-08-18T03:24:00.000,0.39,262.43,-0.05,-0.38
2025-08-18T03:25:00.000,0.39,275.70,0.04,-0.39
2025-08-18T03:26:00.000,0.38,272.52,0.02,-0.38
2025-08-18T03:27:00.000,0.42,275.84,0.04,-0.42
2025-08-18T03:28:00.000,0.44,275.32,0.04,-0.43
2025-08-18T03:29:00.000,0.51,269.37,-0.01,-0.50
2025-08-18T03:30:00.000,0.59,260.84,-0.09,-0.58
2025-08-18T03:31:00.000,0.83,262.96,-0.10,-0.82
2025-08-18T03:32:00.000,0.85,260.06,-0.15,-0.84
2025-08-18T03:33:00.000,0.87,261.07,-0.14,-0.86
2025-08-18T03:34:00.000,0.85,261.06,-0.13,-0.84
2025-08-18T03:35:00.000,0.78,262.40,-0.10,-0.78
2025-08-18T03:36:00.000,0.67,264.31,-0.07,-0.66
2025-08-18T03:37:00.000,0.52,266.73,-0.03,-0.52
2025-08-18T03:38:00.000,0.41,269.91,-0.00,-0.41
2025-08-18T03:39:00.000,0.36,277.62,0.05,-0.35
2025-08-18T03:40:00.000,0.37,273.07,0.02,-0.37
2025-08-18T03:41:00.000,0.39,269.00,-0.01,-0.39
2025-08-18T03:42:00.000,0.37,269.31,-0.00,-0.37
2025-08-18T03:43:00.000,0.41,269.14,-0.01,-0.41
2025-08-18T03:44:00.000,0.38,268.69,-0.01,-0.38
2025-08-18T03:45:00.000,0.33,270.73,0.00,-0.33
2025-08-18T03:46:00.000,0.30,272.24,0.01,-0.30
2025-08-18T03:47:00.000,0.25,275.28,0.02,-0.25
2025-08-18T03:48:00.000,0.24,276.19,0.03,-0.24
2025-08-18T03:49:00.000,0.21,278.77,0.03,-0.21
2025-08-18T03:50:00.000,0.21,277.71,0.03,-0.21
2025-08-18T03:51:00.000,0.18,279.60,0.03,-0.18
2025-08-18T03:52:00.000,0.18,278.09,0.03,-0.18
2025-08-18T03:53:00.000,0.23,276.25,0.03,-0.23
2025-08-18T03:54:00.000,0.21,275.19,0.02,-0.21
2025-08-18T03:55:00.000,0.19,277.55,0.03,-0.19
2025-08-18T03:56:00.000,0.19,263.50,-0.02,-0.19
2025-08-18T03:57:00.000,0.21,271.28,0.00,-0.21
2025-08-18T03:58:00.000,0.16,270.44,0.00,-0.16
2025-08-18T03:59:00.000,0.07,149.87,-0.06,0.03
2025-08-18T04:00:00.000,0.14,80.21,0.02,0.14
2025-08-18T04:01:00.000,0.16,87.76,0.01,0.16
2025-08-18T04:02:00.000,0.18,81.55,0.03,0.18
2025-08-18T04:03:00.000,0.24,85.44,0.02,0.24
2025-08-18T04:04:00.000,0.22,83.17,0.03,0.22
2025-08-18T04:05:00.000,0.24,82.78,0.03,0.24
2025-08-18T04:06:00.000,0.28,83.29,0.03,0.28
2025-08-18T04:07:00.000,0.29,80.44,0.05,0.29
2025-08-18T04:08:00.000,0.37,71.80,0.12,0.35
2025-08-18T04:09:00.000,0.48,53.42,0.29,0.39
2025-08-18T04:10:00.000,3.15,19.24,2.97,1.04
2025-08-18T04:11:00.000,9.55,15.66,9.20,2.58
2025-08-18T04:12:00.000,13.38,13.24,13.02,3.06
2025-08-18T04:13:00.000,16.49,10.46,16.22,2.99
2025-08-18T04:14:00.000,19.06,6.89,18.92,2.29
2025-08-18T04:15:00.000,21.23,2.59,21.20,0.96
2025-08-18T04:16:00.000,23.15,357.12,23.12,-1.16
2025-08-18T04:17:00.000,24.81,351.09,24.51,-3.84
2025-08-18T04:18:00.000,26.25,346.24,25.50,-6.24
2025-08-18T04:19:00.000,27.71,340.17,26.07,-9.40
2025-08-18T04:20:00.000,29.19,332.72,25.95,-13.38
2025-08-18T04:21:00.000,30.89,329.53,26.63,-15.66
2025-08-18T04:22:00.000,32.44,327.98,27.51,-17.20
2025-08-18T04:23:00.000,34.61,328.11,29.39,-18.28
2025-08-18T04:24:00.000,36.90,328.99,31.62,-19.01
2025-08-18T04:25:00.000,40.16,330.27,34.87,-19.92
2025-08-18T04:26:00.000,44.08,330.65,38.42,-21.61
2025-08-18T04:27:00.000,48.93,330.82,42.72,-23.86
2025-08-18T04:28:00.000,55.54,330.06,48.12,-27.72
2025-08-18T04:29:00.000,61.69,328.74,52.73,-32.02
2025-08-18T04:30:00.000,70.46,326.92,59.04,-38.45
2025-08-18T04:31:00.000,79.06,325.12,64.86,-45.21
2025-08-18T04:32:00.000,88.97,324.82,72.72,-51.26
2025-08-18T04:33:00.000,102.39,325.94,84.83,-57.34
2025-08-18T04:34:00.000,115.41,327.08,96.87,-62.72
2025-08-18T04:35:00.000,132.57,327.66,112.01,-70.91
2025-08-18T04:36:00.000,153.48,328.01,130.17,-81.32
2025-08-18T04:37:00.000,173.49,328.31,147.63,-91.14
2025-08-18T04:38:00.000,196.92,328.20,167.36,-103.77
2025-08-18T04:39:00.000,223.07,328.02,189.21,-118.16
2025-08-18T04:40:00.000,247.61,327.26,208.28,-133.92
2025-08-18T04:41:00.000,221.54,327.18,186.17,-120.09
2025-08-18T04:42:00.000,209.90,327.53,177.07,-112.70
2025-08-18T04:43:00.000,199.86,328.28,170.02,-105.07
2025-08-18T04:44:00.000,192.95,328.61,164.71,-100.51
2025-08-18T04:45:00.000,191.49,328.68,163.59,-99.54
2025-08-18T04:46:00.000,191.63,328.67,163.69,-99.64
2025-08-18T04:47:00.000,191.66,328.70,163.77,-99.57
2025-08-18T04:48:00.000,191.58,328.71,163.71,-99.51
2025-08-18T04:49:00.000,191.53,328.71,163.66,-99.49
2025-08-18T04:50:00.000,191.57,328.72,163.72,-99.47
2025-08-18T04:51:00.000,191.57,328.72,163.72,-99.48
2025-08-18T04:52:00.000,191.48,328.72,163.65,-99.41
2025-08-18T04:53:00.000,191.57,328.72,163.73,-99.45
2025-08-18T04:54:00.000,191.59,328.74,163.78,-99.41
2025-08-18T04:55:00.000,191.60,328.72,163.75,-99.47
2025-08-18T04:56:00.000,191.63,328.77,163.85,-99.36
2025-08-18T04:57:00.000,191.64,328.75,163.85,-99.41
2025-08-18T04:58:00.000,191.58,328.73,163.75,-99.44
2025-08-18T04:59:00.000,191.52,328.69,163.63,-99.52
2025-08-18T05:00:00.000,191.61,328.73,163.78,-99.45
2025-08-18T05:01:00.000,191.57,328.78,163.83,-99.30
2025-08-18T05:02:00.000,191.61,328.73,163.76,-99.47
2025-08-18T05:03:00.000,191.66,328.74,163.84,-99.45
2025-08-18T05:04:00.000,191.62,328.76,163.83,-99.39
2025-08-18T05:05:00.000,191.66,328.78,163.90,-99.34
2025-08-18T05:06:00.000,191.55,328.77,163.79,-99.32
2025-08-18T05:07:00.000,191.60,328.74,163.79,-99.42
2025-08-18T05:08:00.000,191.55,328.77,163.79,-99.32
2025-08-18T05:09:00.000,191.57,328.78,163.83,-99.29
2025-08-18T05:10:00.000,191.54,328.76,163.76,-99.34
2025-08-18T05:11:00.000,191.60,328.77,163.84,-99.34
2025-08-18T05:12:00.000,191.56,328.79,163.83,-99.27
2025-08-18T05:13:00.000,191.57,328.80,163.86,-99.24
2025-08-18T05:14:00.000,191.58,328.79,163.86,-99.27
2025-08-18T05:15:00.000,191.64,328.80,163.93,-99.26
2025-08-18T05:16:00.000,191.63,328.80,163.92,-99.27
2025-08-18T05:17:00.000,191.56,328.82,163.89,-99.17
2025-08-18T05:18:00.000,191.59,328.83,163.93,-99.16
2025-08-18T05:19:00.000,191.52,328.82,163.85,-99.16
2025-08-18T05:20:00.000,191.57,328.80,163.87,-99.23
2025-08-18T05:21:00.000,191.51,328.83,163.86,-99.12
2025-08-18T05:22:00.000,191.52,328.80,163.81,-99.22
2025-08-18T05:23:00.000,191.56,328.82,163.89,-99.19
2025-08-18T05:24:00.000,191.53,328.80,163.84,-99.20
2025-08-18T05:25:00.000,191.51,328.84,163.88,-99.11
2025-08-18T05:26:00.000,191.53,328.81,163.85,-99.19
2025-08-18T05:27:00.000,191.57,328.80,163.87,-99.22
2025-08-18T05:28:00.000,191.46,328.81,163.79,-99.15
2025-08-18T05:29:00.000,191.53,328.81,163.83,-99.20
2025-08-18T05:30:00.000,191.46,328.81,163.79,-99.15
2025-08-18T05:31:00.000,191.48,328.82,163.82,-99.13
2025-08-18T05:32:00.000,191.55,328.83,163.89,-99.15
2025-08-18T05:33:00.000,191.51,328.83,163.86,-99.13
2025-08-18T05:34:00.000,191.46,328.82,163.80,-99.12
2025-08-18T05:35:00.000,191.53,328.85,163.91,-99.08
2025-08-18T05:36:00.000,191.51,328.82,163.84,-99.16
2025-08-18T05:37:00.000,191.49,328.82,163.84,-99.13
2025-08-18T05:38:00.000,191.49,328.81,163.81,-99.17
2025-08-18T05:39:00.000,191.46,328.81,163.78,-99.17
2025-08-18T05:40:00.000,191.51,328.81,163.83,-99.18
2025-08-18T05:41:00.000,191.49,328.81,163.80,-99.17
2025-08-18T05:42:00.000,191.49,328.83,163.85,-99.10
2025-08-18T05:43:00.000,191.42,328.80,163.73,-99.16
2025-08-18T05:44:00.000,191.47,328.79,163.77,-99.21
2025-08-18T05:45:00.000,191.44,328.77,163.70,-99.24
2025-08-18T05:46:00.000,191.44,328.79,163.74,-99.19
2025-08-18T05:47:00.000,191.49,328.78,163.75,-99.25
2025-08-18T05:48:00.000,191.51,328.80,163.81,-99.21
2025-08-18T05:49:00.000,191.44,328.79,163.74,-99.19
2025-08-18T05:50:00.000,191.47,328.82,163.81,-99.13
2025-08-18T05:51:00.000,191.42,328.80,163.73,-99.17
2025-08-18T05:52:00.000,191.45,328.78,163.73,-99.22
2025-08-18T05:53:00.000,191.46,328.82,163.80,-99.13
2025-08-18T05:54:00.000,191.45,328.80,163.76,-99.19
2025-08-18T05:55:00.000,191.43,328.78,163.71,-99.21
2025-08-18T05:56:00.000,191.38,328.80,163.70,-99.14
2025-08-18T05:57:00.000,191.36,328.78,163.65,-99.18
2025-08-18T05:58:00.000,191.42,328.80,163.74,-99.15
2025-08-18T05:59:00.000,191.40,328.79,163.70,-99.17
2025-08-18T06:00:00.000,191.38,328.79,163.69,-99.16
2025-08-18T06:01:00.000,191.43,328.83,163.80,-99.07
2025-08-18T06:02:00.000,191.42,328.81,163.75,-99.14
2025-08-18T06:03:00.000,191.38,328.82,163.73,-99.08
2025-08-18T06:04:00.000,191.35,328.81,163.68,-99.10
2025-08-18T06:05:00.000,191.38,328.81,163.72,-99.10
2025-08-18T06:06:00.000,191.29,328.79,163.61,-99.12
2025-08-18T06:07:00.000,191.38,328.81,163.72,-99.10
2025-08-18T06:08:00.000,191.38,328.82,163.73,-99.08
2025-08-18T06:09:00.000,191.40,328.80,163.72,-99.14
2025-08-18T06:10:00.000,191.36,328.79,163.67,-99.15
2025-08-18T06:11:00.000,191.35,328.81,163.70,-99.08
2025-08-18T06:12:00.000,191.39,328.81,163.73,-99.10
2025-08-18T06:13:00.000,191.32,328.79,163.62,-99.15
2025-08-18T06:14:00.000,191.33,328.81,163.67,-99.10
2025-08-18T06:15:00.000,191.37,328.80,163.69,-99.13
2025-08-18T06:16:00.000,191.33,328.81,163.67,-99.10
2025-08-18T06:17:00.000,191.32,328.79,163.63,-99.15
2025-08-18T06:18:00.000,191.30,328.78,163.60,-99.16
2025-08-18T06:19:00.000,191.31,328.79,163.62,-99.13
2025-08-18T06:20:00.000,191.36,328.83,163.72,-99.05
2025-08-18T06:21:00.000,191.32,328.80,163.65,-99.10
2025-08-18T06:22:00.000,191.32,328.81,163.66,-99.09
2025-08-18T06:23:00.000,191.34,328.79,163.65,-99.15
2025-08-18T06:24:00.000,191.37,328.80,163.69,-99.12
2025-08-18T06:25:00.000,191.30,328.80,163.64,-99.10
2025-08-18T06:26:00.000,191.29,328.82,163.66,-99.04
2025-08-18T06:27:00.000,191.31,328.80,163.64,-99.10
2025-08-18T06:28:00.000,191.35,328.80,163.68,-99.12
2025-08-18T06:29:00.000,191.29,328.78,163.58,-99.15
2025-08-18T06:30:00.000,191.38,328.81,163.71,-99.12
2025-08-18T06:31:00.000,191.36,328.80,163.68,-99.14
2025-08-18T06:32:00.000,191.34,328.83,163.72,-99.03
2025-08-18T06:33:00.000,191.36,328.80,163.68,-99.12
2025-08-18T06:34:00.000,191.41,328.80,163.73,-99.15
2025-08-18T06:35:00.000,191.33,328.79,163.65,-99.14
2025-08-18T06:36:00.000,191.29,328.78,163.60,-99.15
2025-08-18T06:37:00.000,191.29,328.78,163.59,-99.16
2025-08-18T06:38:00.000,191.34,328.76,163.59,-99.23
2025-08-18T06:39:00.000,191.31,328.77,163.59,-99.20
2025-08-18T06:40:00.000,191.26,328.78,163.56,-99.15
2025-08-18T06:41:00.000,191.20,328.77,163.50,-99.12
2025-08-18T06:42:00.000,191.27,328.79,163.59,-99.11
2025-08-18T06:43:00.000,191.34,328.81,163.68,-99.10
2025-08-18T06:44:00.000,191.33,328.77,163.61,-99.20
2025-08-18T06:45:00.000,191.28,328.80,163.60,-99.10
2025-08-18T06:46:00.000,191.21,328.77,163.50,-99.14
2025-08-18T06:47:00.000,191.25,328.78,163.56,-99.12
2025-08-18T06:48:00.000,191.23,328.82,163.61,-99.00
2025-08-18T06:49:00.000,191.28,328.79,163.60,-99.11
2025-08-18T06:50:00.000,191.17,328.79,163.50,-99.06
2025-08-18T06:51:00.000,191.22,328.77,163.52,-99.13
2025-08-18T06:52:00.000,191.24,328.77,163.53,-99.14
2025-08-18T06:53:00.000,191.19,328.75,163.46,-99.17
2025-08-18T06:54:00.000,191.13,328.77,163.43,-99.09
2025-08-18T06:55:00.000,191.20,328.78,163.51,-99.11
2025-08-18T06:56:00.000,191.20,328.76,163.48,-99.17
2025-08-18T06:57:00.000,191.22,328.77,163.52,-99.13
2025-08-18T06:58:00.000,191.17,328.76,163.45,-99.14
2025-08-18T06:59:00.000,191.20,328.77,163.49,-99.14
2025-08-18T07:00:00.000,191.13,328.74,163.39,-99.18
2025-08-18T07:01:00.000,191.16,328.75,163.43,-99.15
2025-08-18T07:02:00.000,191.12,328.74,163.37,-99.17
2025-08-18T07:03:00.000,191.12,328.74,163.38,-99.17
2025-08-18T07:04:00.000,191.14,328.77,163.44,-99.10
2025-08-18T07:05:00.000,191.14,328.76,163.43,-99.13
2025-08-18T07:06:00.000,191.14,328.74,163.40,-99.17
2025-08-18T07:07:00.000,191.07,328.76,163.36,-99.10
2025-08-18T07:08:00.000,191.04,328.75,163.32,-99.11
2025-08-18T07:09:00.000,191.11,328.78,163.43,-99.07
2025-08-18T07:10:00.000,191.07,328.74,163.33,-99.15
2025-08-18T07:11:00.000,191.03,328.74,163.28,-99.14
2025-08-18T07:12:00.000,191.05,328.76,163.34,-99.10
2025-08-18T07:13:00.000,191.06,328.77,163.37,-99.07
2025-08-18T07:14:00.000,191.02,328.76,163.31,-99.07
2025-08-18T07:15:00.000,191.06,328.75,163.34,-99.11
2025-08-18T07:16:00.000,190.98,328.73,163.24,-99.14
2025-08-18T07:17:00.000,191.02,328.75,163.31,-99.10
2025-08-18T07:18:00.000,191.02,328.77,163.33,-99.05
2025-08-18T07:19:00.000,191.03,328.75,163.32,-99.09
2025-08-18T07:20:00.000,191.01,328.74,163.28,-99.12
2025-08-18T07:21:00.000,191.00,328.76,163.31,-99.05
2025-08-18T07:22:00.000,190.92,328.78,163.27,-98.96
2025-08-18T07:23:00.000,190.91,328.77,163.25,-98.98
2025-08-18T07:24:00.000,190.89,328.75,163.19,-99.03
2025-08-18T07:25:00.000,190.90,328.79,163.26,-98.93
2025-08-18T07:26:00.000,190.91,328.77,163.24,-98.99
2025-08-18T07:27:00.000,190.88,328.77,163.23,-98.95
2025-08-18T07:28:00.000,190.89,328.75,163.20,-99.02
2025-08-18T07:29:00.000,190.86,328.77,163.20,-98.97
2025-08-18T07:30:00.000,190.79,328.75,163.10,-98.99
2025-08-18T07:31:00.000,190.82,328.77,163.17,-98.94
2025-08-18T07:32:00.000,190.80,328.77,163.15,-98.92
2025-08-18T07:33:00.000,190.83,328.79,163.20,-98.89
2025-08-18T07:34:00.000,190.72,328.75,163.06,-98.94
2025-08-18T07:35:00.000,190.73,328.73,163.03,-98.99
2025-08-18T07:36:00.000,190.75,328.74,163.05,-98.99
2025-08-18T07:37:00.000,190.69,328.71,162.96,-99.03
2025-08-18T07:38:00.000,190.70,328.74,163.02,-98.95
2025-08-18T07:39:00.000,190.66,328.77,163.03,-98.87
2025-08-18T07:40:00.000,190.67,328.76,163.02,-98.88
2025-08-18T07:41:00.000,190.66,328.77,163.03,-98.85
2025-08-18T07:42:00.000,190.70,328.74,163.01,-98.96
2025-08-18T07:43:00.000,190.61,328.74,162.93,-98.92
2025-08-18T07:44:00.000,190.56,328.75,162.91,-98.86
2025-08-18T07:45:00.000,190.54,328.73,162.85,-98.92
2025-08-18T07:46:00.000,190.68,328.77,163.04,-98.87
2025-08-18T07:47:00.000,190.52,328.75,162.89,-98.82
2025-08-18T07:48:00.000,190.57,328.73,162.89,-98.91
2025-08-18T07:49:00.000,190.59,328.72,162.87,-98.97
2025-08-18T07:50:00.000,190.66,328.73,162.97,-98.96
2025-08-18T07:51:00.000,190.58,328.73,162.89,-98.92
2025-08-18T07:52:00.000,190.54,328.71,162.84,-98.95
2025-08-18T07:53:00.000,190.55,328.71,162.84,-98.95
2025-08-18T07:54:00.000,190.48,328.70,162.75,-98.97
2025-08-18T07:55:00.000,190.40,328.71,162.70,-98.90
2025-08-18T07:56:00.000,190.43,328.73,162.77,-98.85
2025-08-18T07:57:00.000,190.47,328.75,162.83,-98.82
2025-08-18T07:58:00.000,190.43,328.72,162.74,-98.88
2025-08-18T07:59:00.000,190.40,328.73,162.74,-98.84
2025-08-18T08:00:00.000,190.34,328.70,162.65,-98.87
2025-08-18T08:01:00.000,190.36,328.69,162.64,-98.91
2025-08-18T08:02:00.000,190.39,328.71,162.70,-98.88
2025-08-18T08:03:00.000,190.27,328.67,162.52,-98.94
2025-08-18T08:04:00.000,190.33,328.68,162.60,-98.92
2025-08-18T08:05:00.000,190.27,328.68,162.54,-98.91
2025-08-18T08:06:00.000,190.28,328.71,162.60,-98.83
2025-08-18T08:07:00.000,190.19,328.66,162.44,-98.92
2025-08-18T08:08:00.000,190.19,328.69,162.50,-98.84
2025-08-18T08:09:00.000,190.21,328.68,162.49,-98.89
2025-08-18T08:10:00.000,190.15,328.65,162.39,-98.92
2025-08-18T08:11:00.000,190.13,328.64,162.35,-98.95
2025-08-18T08:12:00.000,190.16,328.66,162.41,-98.91
2025-08-18T08:13:00.000,190.16,328.68,162.46,-98.84
2025-08-18T08:14:00.000,190.17,328.67,162.45,-98.87
2025-08-18T08:15:00.000,190.12,328.68,162.42,-98.83
2025-08-18T08:16:00.000,190.16,328.69,162.46,-98.83
2025-08-18T08:17:00.000,190.17,328.70,162.50,-98.79
2025-08-18T08:18:00.000,190.21,328.68,162.50,-98.86
2025-08-18T08:19:00.000,190.18,328.68,162.46,-98.87
2025-08-18T08:20:00.000,190.21,328.67,162.47,-98.91
2025-08-18T08:21:00.000,190.21,328.69,162.52,-98.83
2025-08-18T08:22:00.000,190.24,328.65,162.46,-98.98
2025-08-18T08:23:00.000,190.29,328.66,162.53,-98.96
2025-08-18T08:24:00.000,190.28,328.67,162.53,-98.94
2025-08-18T08:25:00.000,190.20,328.67,162.47,-98.89
2025-08-18T08:26:00.000,190.24,328.67,162.50,-98.92
2025-08-18T08:27:00.000,190.26,328.67,162.52,-98.92
2025-08-18T08:28:00.000,190.28,328.67,162.53,-98.94
2025-08-18T08:29:00.000,190.23,328.66,162.47,-98.95
2025-08-18T08:30:00.000,190.26,328.68,162.53,-98.89
2025-08-18T08:31:00.000,190.19,328.67,162.46,-98.89
2025-08-18T08:32:00.000,190.27,328.68,162.55,-98.91
2025-08-18T08:33:00.000,190.24,328.67,162.49,-98.93
2025-08-18T08:34:00.000,190.18,328.63,162.37,-99.01
2025-08-18T08:35:00.000,190.11,328.60,162.26,-99.06
2025-08-18T08:36:00.000,190.13,328.62,162.32,-98.99
2025-08-18T08:37:00.000,190.20,328.64,162.41,-98.99
2025-08-18T08:38:00.000,190.19,328.64,162.40,-98.98
2025-08-18T08:39:00.000,190.14,328.61,162.31,-99.04
2025-08-18T08:40:00.000,190.13,328.61,162.30,-99.04
2025-08-18T08:41:00.000,190.19,328.61,162.35,-99.06
2025-08-18T08:42:00.000,190.14,328.61,162.32,-99.03
2025-08-18T08:43:00.000,190.14,328.59,162.29,-99.08
2025-08-18T08:44:00.000,190.07,328.58,162.20,-99.09
2025-08-18T08:45:00.000,190.12,328.61,162.29,-99.04
2025-08-18T08:46:00.000,190.09,328.61,162.27,-99.00
2025-08-18T08:47:00.000,190.12,328.62,162.32,-98.99
2025-08-18T08:48:00.000,190.10,328.57,162.20,-99.13
2025-08-18T08:49:00.000,190.10,328.59,162.25,-99.06
2025-08-18T08:50:00.000,190.18,328.60,162.33,-99.08
2025-08-18T08:51:00.000,190.14,328.58,162.25,-99.13
2025-08-18T08:52:00.000,190.04,328.57,162.15,-99.10
2025-08-18T08:53:00.000,190.15,328.56,162.22,-99.19
2025-08-18T08:54:00.000,190.16,328.57,162.25,-99.16
2025-08-18T08:55:00.000,190.12,328.59,162.26,-99.09
2025-08-18T08:56:00.000,190.11,328.57,162.22,-99.14
2025-08-18T08:57:00.000,190.02,328.60,162.20,-98.99
2025-08-18T08:58:00.000,190.12,328.57,162.22,-99.15
2025-08-18T08:59:00.000,190.06,328.56,162.17,-99.13
2025-08-18T09:00:00.000,190.03,328.59,162.18,-99.05
2025-08-18T09:01:00.000,190.16,328.61,162.32,-99.06
2025-08-18T09:02:00.000,190.12,328.57,162.23,-99.14
2025-08-18T09:03:00.000,190.20,328.59,162.33,-99.12
2025-08-18T09:04:00.000,190.28,328.61,162.43,-99.11
2025-08-18T09:05:00.000,190.27,328.62,162.44,-99.07
2025-08-18T09:06:00.000,190.19,328.61,162.34,-99.07
2025-08-18T09:07:00.000,190.14,328.59,162.28,-99.10
2025-08-18T09:08:00.000,190.15,328.60,162.30,-99.08
2025-08-18T09:09:00.000,190.18,328.62,162.36,-99.03
2025-08-18T09:10:00.000,190.10,328.61,162.27,-99.03
2025-08-18T09:11:00.000,190.13,328.62,162.32,-99.01
2025-08-18T09:12:00.000,190.12,328.61,162.29,-99.03
2025-08-18T09:13:00.000,190.14,328.59,162.29,-99.08
2025-08-18T09:14:00.000,190.09,328.62,162.29,-98.97
2025-08-18T09:15:00.000,190.11,328.65,162.35,-98.91
2025-08-18T09:16:00.000,190.05,328.61,162.24,-98.99
2025-08-18T09:17:00.000,189.93,328.63,162.17,-98.87
2025-08-18T09:18:00.000,189.98,328.59,162.14,-99.01
2025-08-18T09:19:00.000,189.91,328.59,162.08,-98.97
2025-08-18T09:20:00.000,189.95,328.60,162.14,-98.95
2025-08-18T09:21:00.000,189.94,328.59,162.10,-98.99
2025-08-18T09:22:00.000,189.95,328.61,162.15,-98.94
2025-08-18T09:23:00.000,190.32,328.62,162.48,-99.11
2025-08-18T09:24:00.000,191.67,328.56,163.54,-99.97
2025-08-18T09:25:00.000,195.26,328.49,166.47,-102.05
2025-08-18T09:26:00.000,204.43,328.31,173.95,-107.39
2025-08-18T09:27:00.000,237.05,337.70,219.32,-89.96
2025-08-18T09:28:00.000,234.82,5.61,233.70,22.95
2025-08-18T09:29:00.000,207.82,13.75,201.86,49.41
2025-08-18T09:30:00.000,182.60,17.47,174.17,54.82
2025-08-18T09:31:00.000,162.84,16.75,155.93,46.93
2025-08-18T09:32:00.000,144.60,27.34,128.45,66.40
2025-08-18T09:33:00.000,124.62,28.59,109.42,59.63
2025-08-18T09:34:00.000,110.02,28.22,96.94,52.02
2025-08-18T09:35:00.000,96.06,27.84,84.94,44.86
2025-08-18T09:36:00.000,83.31,29.36,72.61,40.85
2025-08-18T09:37:00.000,74.67,31.93,63.37,39.49
2025-08-18T09:38:00.000,65.89,35.40,53.71,38.17
2025-08-18T09:39:00.000,58.89,33.87,48.90,32.82
2025-08-18T09:40:00.000,53.25,35.37,43.42,30.82
2025-08-18T09:41:00.000,47.55,37.40,37.77,28.88
2025-08-18T09:42:00.000,43.84,38.98,34.08,27.58
2025-08-18T09:43:00.000,40.71,41.48,30.50,26.97
2025-08-18T09:44:00.000,37.60,43.09,27.46,25.68
2025-08-18T09:45:00.000,35.72,47.79,24.00,26.46
2025-08-18T09:46:00.000,33.77,48.27,22.48,25.20
2025-08-18T09:47:00.000,32.13,47.80,21.58,23.80
2025-08-18T09:48:00.000,30.81,47.17,20.94,22.59
2025-08-18T09:49:00.000,29.50,48.59,19.51,22.13
2025-08-18T09:50:00.000,28.46,49.26,18.57,21.56
2025-08-18T09:51:00.000,27.43,46.48,18.89,19.89
2025-08-18T09:52:00.000,26.33,47.24,17.88,19.33
2025-08-18T09:53:00.000,25.19,47.47,17.03,18.56
2025-08-18T09:54:00.000,24.05,47.83,16.15,17.83
2025-08-18T09:55:00.000,22.75,47.44,15.39,16.76
2025-08-18T09:56:00.000,21.26,49.52,13.80,16.17
2025-08-18T09:57:00.000,19.59,54.83,11.28,16.01
2025-08-18T09:58:00.000,17.60,57.47,9.46,14.84
2025-08-18T09:59:00.000,15.19,59.28,7.76,13.06
2025-08-18T10:00:00.000,12.31,58.65,6.41,10.52
2025-08-18T10:01:00.000,9.47,63.31,4.25,8.46
2025-08-18T10:02:00.000,6.65,63.60,2.96,5.96
2025-08-18T10:03:00.000,4.40,65.85,1.80,4.01
2025-08-18T10:04:00.000,3.07,68.76,1.11,2.86
2025-08-18T10:05:00.000,2.26,65.49,0.94,2.05
2025-08-18T10:06:00.000,2.00,64.44,0.86,1.80
2025-08-18T10:07:00.000,1.85,63.12,0.84,1.65
2025-08-18T10:08:00.000,1.85,63.10,0.84,1.65
2025-08-18T10:09:00.000,1.81,63.54,0.81,1.62
2025-08-18T10:10:00.000,1.90,64.30,0.82,1.71
2025-08-18T10:11:00.000,1.85,63.37,0.83,1.65
2025-08-18T10:12:00.000,1.89,61.65,0.90,1.66
2025-08-18T10:13:00.000,1.73,61.13,0.83,1.51
2025-08-18T10:14:00.000,2.39,61.38,1.14,2.10
2025-08-18T10:15:00.000,2.58,67.18,1.00,2.38
2025-08-18T10:16:00.000,1.91,68.56,0.70,1.78
2025-08-18T10:17:00.000,2.78,73.01,0.81,2.66
2025-08-18T10:18:00.000,3.84,72.97,1.13,3.67
2025-08-18T10:19:00.000,2.08,69.55,0.73,1.95
2025-08-18T10:20:00.000,2.56,69.07,0.92,2.39
2025-08-18T10:21:00.000,3.16,72.62,0.94,3.02
2025-08-18T10:22:00.000,2.26,72.34,0.69,2.15
2025-08-18T10:23:00.000,1.88,71.67,0.59,1.78
2025-08-18T10:24:00.000,1.36,66.93,0.53,1.25
2025-08-18T10:25:00.000,1.22,65.85,0.50,1.11
2025-08-18T10:26:00.000,1.24,68.70,0.45,1.15
2025-08-18T10:27:00.000,1.29,65.67,0.53,1.18
2025-08-18T10:28:00.000,1.22,65.48,0.51,1.11
2025-08-18T10:29:00.000,1.43,64.01,0.63,1.28
2025-08-18T10:30:00.000,2.19,61.59,1.04,1.92
2025-08-18T10:31:00.000,2.67,56.40,1.48,2.23
2025-08-18T10:32:00.000,6.32,39.10,4.91,3.99
2025-08-18T10:33:00.000,6.01,53.95,3.54,4.86
2025-08-18T10:34:00.000,6.19,71.85,1.93,5.88
2025-08-18T10:35:00.000,3.30,76.16,0.79,3.20
2025-08-18T10:36:00.000,3.69,70.27,1.24,3.47
2025-08-18T10:37:00.000,5.00,73.58,1.41,4.80
2025-08-18T10:38:00.000,4.21,71.25,1.35,3.99
2025-08-18T10:39:00.000,5.24,69.42,1.84,4.90
2025-08-18T10:40:00.000,5.45,70.49,1.82,5.13
2025-08-18T10:41:00.000,5.67,69.76,1.96,5.32
2025-08-18T10:42:00.000,5.10,65.35,2.13,4.64
2025-08-18T10:43:00.000,7.65,71.74,2.40,7.26
2025-08-18T10:44:00.000,4.78,75.90,1.16,4.63
2025-08-18T10:45:00.000,5.09,66.92,2.00,4.68
2025-08-18T10:46:00.000,3.71,72.85,1.10,3.55
2025-08-18T10:47:00.000,4.85,72.55,1.46,4.63
2025-08-18T10:48:00.000,3.85,73.43,1.10,3.69
2025-08-18T10:49:00.000,4.16,71.04,1.35,3.94
2025-08-18T10:50:00.000,3.14,72.57,0.94,2.99
2025-08-18T10:51:00.000,4.01,75.09,1.03,3.87
2025-08-18T10:52:00.000,2.88,76.70,0.66,2.80
2025-08-18T10:53:00.000,3.66,72.66,1.09,3.50
2025-08-18T10:54:00.000,2.66,64.13,1.16,2.40
2025-08-18T10:55:00.000,3.44,68.83,1.24,3.21
2025-08-18T10:56:00.000,3.42,70.77,1.13,3.23
2025-08-18T10:57:00.000,2.31,71.20,0.75,2.19
2025-08-18T10:58:00.000,2.37,63.51,1.06,2.12
2025-08-18T10:59:00.000,2.67,74.23,0.73,2.57
2025-08-18T11:00:00.000,1.89,70.60,0.63,1.78
2025-08-18T11:01:00.000,1.70,71.07,0.55,1.61
2025-08-18T11:02:00.000,1.75,68.46,0.64,1.63
2025-08-18T11:03:00.000,1.64,68.39,0.60,1.52
2025-08-18T11:04:00.000,1.72,68.59,0.63,1.60
2025-08-18T11:05:00.000,1.52,68.60,0.56,1.42
2025-08-18T11:06:00.000,1.82,70.53,0.61,1.72
2025-08-18T11:07:00.000,1.60,72.00,0.50,1.53
2025-08-18T11:08:00.000,1.48,71.73,0.46,1.41
2025-08-18T11:09:00.000,1.52,72.10,0.47,1.45
2025-08-18T11:10:00.000,1.43,73.12,0.41,1.36
2025-08-18T11:11:00.000,1.37,73.53,0.39,1.31
2025-08-18T11:12:00.000,1.31,72.38,0.40,1.25
2025-08-18T11:13:00.000,1.24,69.13,0.44,1.16
2025-08-18T11:14:00.000,0.99,73.01,0.29,0.95
2025-08-18T11:15:00.000,0.91,70.31,0.31,0.86
2025-08-18T11:16:00.000,0.88,71.95,0.27,0.84
2025-08-18T11:17:00.000,0.88,71.72,0.28,0.84
2025-08-18T11:18:00.000,0.79,75.63,0.20,0.77
2025-08-18T11:19:00.000,0.81,73.59,0.23,0.78
2025-08-18T11:20:00.000,0.83,73.83,0.23,0.79
2025-08-18T11:21:00.000,0.90,73.55,0.25,0.86
2025-08-18T11:22:00.000,0.89,73.98,0.25,0.86
2025-08-18T11:23:00.000,0.87,74.32,0.24,0.84
2025-08-18T11:24:00.000,0.84,73.63,0.24,0.81
2025-08-18T11:25:00.000,0.88,72.19,0.27,0.84
2025-08-18T11:26:00.000,0.86,72.59,0.26,0.82
2025-08-18T11:27:00.000,0.84,73.34,0.24,0.81
2025-08-18T11:28:00.000,0.76,75.32,0.19,0.74
2025-08-18T11:29:00.000,0.79,78.69,0.15,0.77
2025-08-18T11:30:00.000,0.79,74.89,0.21,0.76
2025-08-18T11:31:00.000,0.79,73.84,0.22,0.76
2025-08-18T11:32:00.000,0.87,76.25,0.21,0.85
2025-08-18T11:33:00.000,0.93,73.59,0.26,0.89
2025-08-18T11:34:00.000,0.78,70.55,0.26,0.74
2025-08-18T11:35:00.000,0.75,69.69,0.26,0.71
2025-08-18T11:36:00.000,0.75,71.60,0.24,0.71
2025-08-18T11:37:00.000,0.85,81.40,0.13,0.84
2025-08-18T11:38:00.000,0.71,70.32,0.24,0.67
2025-08-18T11:39:00.000,0.72,70.27,0.24,0.68
2025-08-18T11:40:00.000,0.78,76.56,0.18,0.76
2025-08-18T11:41:00.000,0.70,71.12,0.23,0.66
2025-08-18T11:42:00.000,0.70,72.59,0.21,0.67
2025-08-18T11:43:00.000,0.69,72.17,0.21,0.66
2025-08-18T11:44:00.000,0.66,71.29,0.21,0.63
2025-08-18T11:45:00.000,0.64,72.03,0.20,0.61
2025-08-18T11:46:00.000,0.65,72.66,0.19,0.62
2025-08-18T11:47:00.000,0.64,73.80,0.18,0.61
2025-08-18T11:48:00.000,0.67,73.74,0.19,0.64
2025-08-18T11:49:00.000,0.60,67.46,0.23,0.56
2025-08-18T11:50:00.000,0.57,78.21,0.12,0.56
2025-08-18T11:51:00.000,0.57,77.86,0.12,0.56
2025-08-18T11:52:00.000,0.58,77.84,0.12,0.56
2025-08-18T11:53:00.000,0.59,79.01,0.11,0.58
2025-08-18T11:54:00.000,0.55,75.95,0.13,0.54
2025-08-18T11:55:00.000,0.59,79.32,0.11,0.58
2025-08-18T11:56:00.000,0.58,81.80,0.08,0.58
2025-08-18T11:57:00.000,0.57,82.06,0.08,0.57
2025-08-18T11:58:00.000,0.58,80.28,0.10,0.57
2025-08-18T11:59:00.000,0.53,76.32,0.13,0.52
2025-08-18T12:00:00.000,0.56,75.43,0.14,0.54
2025-08-18T12:01:00.000,0.43,82.16,0.06,0.43
2025-08-18T12:02:00.000,0.56,73.58,0.16,0.54
2025-08-18T12:03:00.000,0.59,77.21,0.13,0.58
2025-08-18T12:04:00.000,0.64,81.33,0.10,0.64
2025-08-18T12:05:00.000,0.66,77.93,0.14,0.65
2025-08-18T12:06:00.000,0.65,75.95,0.16,0.63
2025-08-18T12:07:00.000,0.62,74.83,0.16,0.60
2025-08-18T12:08:00.000,0.61,75.99,0.15,0.59
2025-08-18T12:09:00.000,0.61,77.40,0.13,0.59
2025-08-18T12:10:00.000,0.55,77.92,0.11,0.54
2025-08-18T12:11:00.000,0.55,79.58,0.10,0.54
2025-08-18T12:12:00.000,0.50,75.90,0.12,0.48
2025-08-18T12:13:00.000,0.51,74.68,0.14,0.49
2025-08-18T12:14:00.000,0.49,73.67,0.14,0.47
2025-08-18T12:15:00.000,0.49,72.82,0.15,0.47
2025-08-18T12:16:00.000,0.53,75.48,0.13,0.51
2025-08-18T12:17:00.000,0.54,72.44,0.16,0.52
2025-08-18T12:18:00.000,0.50,69.84,0.17,0.46
2025-08-18T12:19:00.000,0.46,78.12,0.10,0.45
2025-08-18T12:20:00.000,0.45,79.46,0.08,0.44
2025-08-18T12:21:00.000,0.43,77.07,0.10,0.42
2025-08-18T12:22:00.000,0.30,84.13,0.03,0.30
2025-08-18T12:23:00.000,0.01,279.39,0.00,-0.01
2025-08-18T12:24:00.000,0.19,69.27,0.07,0.18
2025-08-18T12:25:00.000,0.12,98.78,-0.02,0.12
2025-08-18T12:26:00.000,0.29,112.78,-0.11,0.27
2025-08-18T12:27:00.000,0.23,81.53,0.03,0.23
2025-08-18T12:28:00.000,0.35,88.33,0.01,0.35
2025-08-18T12:29:00.000,0.23,92.07,-0.01,0.23
2025-08-18T12:30:00.000,0.19,158.48,-0.17,0.07
2025-08-18T12:31:00.000,0.07,146.74,-0.06,0.04
2025-08-18T12:32:00.000,0.16,119.23,-0.08,0.14
2025-08-18T12:33:00.000,0.12,127.55,-0.07,0.09
2025-08-18T12:34:00.000,0.10,147.61,-0.08,0.05
2025-08-18T12:35:00.000,0.20,138.70,-0.15,0.13
2025-08-18T12:36:00.000,0.10,142.74,-0.08,0.06
2025-08-18T12:37:00.000,0.09,130.58,-0.06,0.07
2025-08-18T12:38:00.000,0.08,202.44,-0.07,-0.03
2025-08-18T12:39:00.000,0.13,120.24,-0.07,0.11
2025-08-18T12:40:00.000,0.06,216.69,-0.05,-0.04
2025-08-18T12:41:00.000,0.27,248.02,-0.10,-0.25
2025-08-18T12:42:00.000,0.21,245.14,-0.09,-0.19
2025-08-18T12:43:00.000,0.36,267.94,-0.01,-0.36
2025-08-18T12:44:00.000,0.20,267.00,-0.01,-0.20
2025-08-18T12:45:00.000,0.02,249.29,-0.01,-0.02
2025-08-18T12:46:00.000,0.39,75.79,0.10,0.38
2025-08-18T12:47:00.000,0.51,71.03,0.17,0.49
2025-08-18T12:48:00.000,0.62,72.23,0.19,0.59
2025-08-18T12:49:00.000,0.72,66.93,0.28,0.66
2025-08-18T12:50:00.000,0.82,64.47,0.35,0.74
2025-08-18T12:51:00.000,0.81,64.79,0.35,0.73
2025-08-18T12:52:00.000,0.79,79.60,0.14,0.78
2025-08-18T12:53:00.000,1.60,125.04,-0.92,1.31
2025-08-18T12:54:00.000,2.85,57.28,1.54,2.40
2025-08-18T12:55:00.000,2.51,61.11,1.21,2.20
2025-08-18T12:56:00.000,2.79,63.92,1.23,2.50
2025-08-18T12:57:00.000,2.98,60.36,1.48,2.59
2025-08-18T12:58:00.000,1.84,78.05,0.38,1.80
2025-08-18T12:59:00.000,1.70,76.82,0.39,1.65
2025-08-18T13:00:00.000,3.87,81.84,0.55,3.83
2025-08-18T13:01:00.000,2.72,70.81,0.89,2.57
2025-08-18T13:02:00.000,3.34,73.80,0.93,3.21
2025-08-18T13:03:00.000,2.79,76.92,0.63,2.72
2025-08-18T13:04:00.000,1.98,80.43,0.33,1.95
2025-08-18T13:05:00.000,4.08,95.40,-0.38,4.06
2025-08-18T13:06:00.000,3.10,113.33,-1.23,2.85
2025-08-18T13:07:00.000,1.81,110.43,-0.63,1.69
2025-08-18T13:08:00.000,1.55,119.06,-0.75,1.35
2025-08-18T13:09:00.000,1.18,109.88,-0.40,1.11
2025-08-18T13:10:00.000,1.88,100.32,-0.34,1.85
2025-08-18T13:11:00.000,2.25,87.03,0.12,2.25
2025-08-18T13:12:00.000,2.91,105.51,-0.78,2.81
2025-08-18T13:13:00.000,2.28,77.61,0.49,2.23
2025-08-18T13:14:00.000,1.65,85.86,0.12,1.65
2025-08-18T13:15:00.000,0.86,78.86,0.17,0.84
2025-08-18T13:16:00.000,0.74,86.49,0.05,0.74
2025-08-18T13:17:00.000,0.69,119.56,-0.34,0.60
2025-08-18T13:18:00.000,0.61,105.65,-0.17,0.59
2025-08-18T13:19:00.000,0.86,103.46,-0.20,0.84
2025-08-18T13:20:00.000,0.98,131.23,-0.64,0.74
2025-08-18T13:21:00.000,0.91,124.23,-0.51,0.75
2025-08-18T13:22:00.000,0.55,103.77,-0.13,0.53
2025-08-18T13:23:00.000,0.65,94.19,-0.05,0.64
2025-08-18T13:24:00.000,0.65,95.17,-0.06,0.64
2025-08-18T13:25:00.000,0.66,94.43,-0.05,0.65
2025-08-18T13:26:00.000,0.59,97.04,-0.07,0.59
2025-08-18T13:27:00.000,0.53,93.62,-0.03,0.53
2025-08-18T13:28:00.000,0.36,98.96,-0.06,0.36
2025-08-18T13:29:00.000,0.15,188.79,-0.15,-0.02
2025-08-18T13:30:00.000,0.11,212.53,-0.09,-0.06
2025-08-18T13:31:00.000,0.45,262.66,-0.06,-0.45
2025-08-18T13:32:00.000,0.11,234.92,-0.07,-0.09
2025-08-18T13:33:00.000,0.26,88.50,0.01,0.26
2025-08-18T13:34:00.000,0.33,75.83,0.08,0.32
2025-08-18T13:35:00.000,0.37,74.84,0.10,0.36
2025-08-18T13:36:00.000,0.45,74.99,0.12,0.43
2025-08-18T13:37:00.000,0.48,80.00,0.08,0.47
2025-08-18T13:38:00.000,0.47,86.94,0.02,0.47
2025-08-18T13:39:00.000,0.48,90.89,-0.01,0.48
2025-08-18T13:40:00.000,0.56,94.95,-0.05,0.56
2025-08-18T13:41:00.000,0.51,95.67,-0.05,0.51
2025-08-18T13:42:00.000,0.57,95.62,-0.06,0.57
2025-08-18T13:43:00.000,0.63,94.94,-0.05,0.62
2025-08-18T13:44:00.000,0.64,97.79,-0.09,0.63
2025-08-18T13:45:00.000,0.66,96.03,-0.07,0.65
2025-08-18T13:46:00.000,0.66,98.95,-0.10,0.65
2025-08-18T13:47:00.000,0.72,105.06,-0.19,0.69
2025-08-18T13:48:00.000,0.69,112.66,-0.27,0.64
2025-08-18T13:49:00.000,0.67,107.34,-0.20,0.64
2025-08-18T13:50:00.000,0.70,105.17,-0.18,0.68
2025-08-18T13:51:00.000,0.73,99.67,-0.12,0.72
2025-08-18T13:52:00.000,0.77,99.20,-0.12,0.76
2025-08-18T13:53:00.000,0.79,98.40,-0.12,0.79
2025-08-18T13:54:00.000,0.88,97.30,-0.11,0.88
2025-08-18T13:55:00.000,0.91,96.57,-0.10,0.90
2025-08-18T13:56:00.000,0.90,89.26,0.01,0.90
2025-08-18T13:57:00.000,0.86,87.26,0.04,0.86
2025-08-18T13:58:00.000,0.83,87.88,0.03,0.83
2025-08-18T13:59:00.000,0.83,83.93,0.09,0.82
2025-08-18T14:00:00.000,0.79,85.80,0.06,0.78
2025-08-18T14:01:00.000,0.80,88.56,0.02,0.80
2025-08-18T14:02:00.000,0.75,88.55,0.02,0.75
2025-08-18T14:03:00.000,0.81,87.85,0.03,0.81
2025-08-18T14:04:00.000,0.87,86.12,0.06,0.86
2025-08-18T14:05:00.000,1.02,85.30,0.08,1.02
2025-08-18T14:06:00.000,1.06,84.07,0.11,1.06
2025-08-18T14:07:00.000,0.98,81.76,0.14,0.97
2025-08-18T14:08:00.000,0.93,87.61,0.04,0.93
2025-08-18T14:09:00.000,0.76,91.75,-0.02,0.76
2025-08-18T14:10:00.000,0.74,91.93,-0.03,0.74
2025-08-18T14:11:00.000,0.68,94.15,-0.05,0.68
2025-08-18T14:12:00.000,0.65,94.16,-0.05,0.64
2025-08-18T14:13:00.000,0.70,94.21,-0.05,0.70
2025-08-18T14:14:00.000,0.71,94.92,-0.06,0.71
2025-08-18T14:15:00.000,0.76,87.14,0.04,0.76
2025-08-18T14:16:00.000,0.72,90.51,-0.01,0.72
2025-08-18T14:17:00.000,0.69,89.59,0.00,0.69
2025-08-18T14:18:00.000,0.66,87.44,0.03,0.66
2025-08-18T14:19:00.000,0.66,90.68,-0.01,0.66
2025-08-18T14:20:00.000,0.67,93.19,-0.04,0.67
2025-08-18T14:21:00.000,0.68,102.59,-0.15,0.66
2025-08-18T14:22:00.000,0.65,105.75,-0.18,0.63
2025-08-18T14:23:00.000,0.65,102.98,-0.15,0.64
2025-08-18T14:24:00.000,0.77,129.80,-0.49,0.59
2025-08-18T14:25:00.000,0.79,115.64,-0.34,0.71
2025-08-18T14:26:00.000,0.75,108.73,-0.24,0.71
2025-08-18T14:27:00.000,0.75,103.19,-0.17,0.73
2025-08-18T14:28:00.000,0.71,98.60,-0.11,0.70
2025-08-18T14:29:00.000,0.73,103.12,-0.17,0.71
2025-08-18T14:30:00.000,0.85,105.59,-0.23,0.82
2025-08-18T14:31:00.000,0.64,108.81,-0.21,0.61
2025-08-18T14:32:00.000,0.52,114.76,-0.22,0.48
2025-08-18T14:33:00.000,0.55,112.72,-0.21,0.50
2025-08-18T14:34:00.000,0.57,116.59,-0.26,0.51
2025-08-18T14:35:00.000,0.63,113.21,-0.25,0.58
2025-08-18T14:36:00.000,0.72,109.71,-0.24,0.68
2025-08-18T14:37:00.000,0.83,110.51,-0.29,0.78
2025-08-18T14:38:00.000,1.20,107.11,-0.35,1.15
2025-08-18T14:39:00.000,1.36,100.41,-0.25,1.34
2025-08-18T14:40:00.000,1.39,100.44,-0.25,1.37
2025-08-18T14:41:00.000,1.42,98.67,-0.21,1.40
2025-08-18T14:42:00.000,1.09,91.87,-0.04,1.09
2025-08-18T14:43:00.000,0.96,93.48,-0.06,0.96
2025-08-18T14:44:00.000,0.82,93.06,-0.04,0.82
2025-08-18T14:45:00.000,0.81,95.24,-0.07,0.81
2025-08-18T14:46:00.000,0.82,93.31,-0.05,0.82
2025-08-18T14:47:00.000,0.91,91.53,-0.02,0.91
2025-08-18T14:48:00.000,1.21,82.68,0.15,1.20
2025-08-18T14:49:00.000,1.32,76.66,0.30,1.28
2025-08-18T14:50:00.000,1.39,73.12,0.40,1.33
2025-08-18T14:51:00.000,1.73,71.64,0.54,1.64
2025-08-18T14:52:00.000,1.76,56.30,0.98,1.47
2025-08-18T14:53:00.000,1.09,68.49,0.40,1.01
2025-08-18T14:54:00.000,0.92,67.47,0.35,0.85
2025-08-18T14:55:00.000,0.85,75.01,0.22,0.82
2025-08-18T14:56:00.000,0.82,75.08,0.21,0.80
2025-08-18T14:57:00.000,1.07,71.52,0.34,1.01
2025-08-18T14:58:00.000,1.02,71.02,0.33,0.96
2025-08-18T14:59:00.000,1.05,75.04,0.27,1.01
2025-08-18T15:00:00.000,1.21,69.28,0.43,1.14
2025-08-18T15:01:00.000,1.19,63.66,0.53,1.06
2025-08-18T15:02:00.000,1.21,63.58,0.54,1.08
2025-08-18T15:03:00.000,1.10,65.33,0.46,1.00
2025-08-18T15:04:00.000,1.03,67.68,0.39,0.96
2025-08-18T15:05:00.000,0.99,68.57,0.36,0.92
2025-08-18T15:06:00.000,1.00,68.62,0.36,0.93
2025-08-18T15:07:00.000,1.20,67.82,0.45,1.11
2025-08-18T15:08:00.000,1.28,62.42,0.59,1.14
2025-08-18T15:09:00.000,1.20,62.07,0.56,1.06
2025-08-18T15:10:00.000,1.50,58.63,0.78,1.28
2025-08-18T15:11:00.000,1.54,57.44,0.83,1.30
2025-08-18T15:12:00.000,1.19,65.13,0.50,1.08
2025-08-18T15:13:00.000,1.20,61.77,0.57,1.06
2025-08-18T15:14:00.000,0.96,62.62,0.44,0.85
2025-08-18T15:15:00.000,0.87,65.09,0.37,0.79
2025-08-18T15:16:00.000,0.80,66.88,0.32,0.74
2025-08-18T15:17:00.000,0.79,67.66,0.30,0.73
2025-08-18T15:18:00.000,0.75,64.94,0.32,0.68
2025-08-18T15:19:00.000,0.79,63.57,0.35,0.71
2025-08-18T15:20:00.000,0.83,64.71,0.35,0.75
2025-08-18T15:21:00.000,0.83,65.70,0.34,0.76
2025-08-18T15:22:00.000,0.71,64.78,0.30,0.64
2025-08-18T15:23:00.000,0.67,71.34,0.21,0.63
2025-08-18T15:24:00.000,0.68,72.90,0.20,0.65
2025-08-18T15:25:00.000,0.69,75.89,0.17,0.67
2025-08-18T15:26:00.000,0.63,75.04,0.16,0.61
2025-08-18T15:27:00.000,0.61,74.36,0.17,0.59
2025-08-18T15:28:00.000,0.75,78.59,0.15,0.73
2025-08-18T15:29:00.000,0.74,70.75,0.24,0.70
2025-08-18T15:30:00.000,0.88,72.66,0.26,0.84
2025-08-18T15:31:00.000,1.64,71.03,0.53,1.55
2025-08-18T15:32:00.000,2.12,66.75,0.84,1.95
2025-08-18T15:33:00.000,1.84,75.18,0.47,1.78
2025-08-18T15:34:00.000,1.63,76.58,0.38,1.59
2025-08-18T15:35:00.000,1.85,77.87,0.39,1.81
2025-08-18T15:36:00.000,1.81,79.13,0.34,1.77
2025-08-18T15:37:00.000,1.74,80.41,0.29,1.72
2025-08-18T15:38:00.000,1.83,77.92,0.38,1.79
2025-08-18T15:39:00.000,1.94,80.57,0.32,1.92
2025-08-18T15:40:00.000,1.87,81.11,0.29,1.85
2025-08-18T15:41:00.000,2.15,78.42,0.43,2.11
2025-08-18T15:42:00.000,1.93,77.67,0.41,1.88
2025-08-18T15:43:00.000,1.78,78.28,0.36,1.74
2025-08-18T15:44:00.000,1.62,79.43,0.30,1.59
2025-08-18T15:45:00.000,1.65,79.23,0.31,1.62
2025-08-18T15:46:00.000,1.48,77.90,0.31,1.45
2025-08-18T15:47:00.000,1.42,78.16,0.29,1.39
2025-08-18T15:48:00.000,1.63,76.52,0.38,1.58
2025-08-18T15:49:00.000,1.53,76.03,0.37,1.49
2025-08-18T15:50:00.000,2.15,70.23,0.73,2.02
2025-08-18T15:51:00.000,2.57,68.37,0.95,2.39
2025-08-18T15:52:00.000,1.72,55.17,0.98,1.41
2025-08-18T15:53:00.000,2.40,62.99,1.09,2.14
2025-08-18T15:54:00.000,1.95,47.16,1.32,1.43
2025-08-18T15:55:00.000,1.52,60.77,0.74,1.33
2025-08-18T15:56:00.000,1.57,65.11,0.66,1.42
2025-08-18T15:57:00.000,1.19,62.02,0.56,1.05
2025-08-18T15:58:00.000,1.56,63.35,0.70,1.40
2025-08-18T15:59:00.000,1.42,68.18,0.53,1.32
2025-08-18T16:00:00.000,1.65,70.18,0.56,1.55
2025-08-18T16:01:00.000,1.93,60.06,0.96,1.67
2025-08-18T16:02:00.000,2.24,58.89,1.16,1.92
2025-08-18T16:03:00.000,1.71,62.12,0.80,1.51
2025-08-18T16:04:00.000,1.59,63.20,0.72,1.42
2025-08-18T16:05:00.000,1.38,68.96,0.49,1.28
2025-08-18T16:06:00.000,1.32,66.72,0.52,1.21
2025-08-18T16:07:00.000,1.29,65.92,0.53,1.18
2025-08-18T16:08:00.000,1.30,67.66,0.49,1.20
2025-08-18T16:09:00.000,1.40,65.46,0.58,1.28
2025-08-18T16:10:00.000,1.48,64.00,0.65,1.33
2025-08-18T16:11:00.000,1.53,58.01,0.81,1.30
2025-08-18T16:12:00.000,1.73,55.09,0.99,1.42
2025-08-18T16:13:00.000,1.83,53.72,1.08,1.47
2025-08-18T16:14:00.000,2.05,51.85,1.27,1.61
2025-08-18T16:15:00.000,1.94,46.91,1.33,1.42
2025-08-18T16:16:00.000,1.78,43.42,1.30,1.23
2025-08-18T16:17:00.000,1.58,44.65,1.13,1.11
2025-08-18T16:18:00.000,1.55,45.80,1.08,1.11
2025-08-18T16:19:00.000,1.43,44.53,1.02,1.00
2025-08-18T16:20:00.000,1.51,47.02,1.03,1.10
2025-08-18T16:21:00.000,1.73,43.09,1.26,1.18
2025-08-18T16:22:00.000,2.12,38.55,1.66,1.32
2025-08-18T16:23:00.000,2.06,38.36,1.62,1.28
2025-08-18T16:24:00.000,2.11,44.49,1.51,1.48
2025-08-18T16:25:00.000,1.92,38.71,1.50,1.20
2025-08-18T16:26:00.000,2.71,27.53,2.40,1.25
2025-08-18T16:27:00.000,2.27,21.05,2.12,0.82
2025-08-18T16:28:00.000,2.54,13.05,2.47,0.57
2025-08-18T16:29:00.000,2.04,12.69,1.99,0.45
2025-08-18T16:30:00.000,2.07,10.93,2.04,0.39
2025-08-18T16:31:00.000,2.34,13.81,2.27,0.56
2025-08-18T16:32:00.000,2.11,22.39,1.95,0.80
2025-08-18T16:33:00.000,1.81,32.01,1.54,0.96
2025-08-18T16:34:00.000,1.64,36.52,1.32,0.97
2025-08-18T16:35:00.000,1.57,40.51,1.19,1.02
2025-08-18T16:36:00.000,1.21,46.38,0.83,0.87
2025-08-18T16:37:00.000,1.29,45.69,0.90,0.92
2025-08-18T16:38:00.000,1.23,50.92,0.77,0.95
2025-08-18T16:39:00.000,1.11,50.73,0.70,0.86
2025-08-18T16:40:00.000,1.25,48.67,0.83,0.94
2025-08-18T16:41:00.000,1.14,57.57,0.61,0.96
2025-08-18T16:42:00.000,1.24,53.65,0.74,1.00
2025-08-18T16:43:00.000,1.41,59.78,0.71,1.22
2025-08-18T16:44:00.000,1.38,53.15,0.83,1.10
2025-08-18T16:45:00.000,1.43,52.35,0.87,1.13
2025-08-18T16:46:00.000,1.36,53.39,0.81,1.09
2025-08-18T16:47:00.000,1.25,54.28,0.73,1.01
2025-08-18T16:48:00.000,1.11,56.69,0.61,0.93
2025-08-18T16:49:00.000,1.06,60.24,0.52,0.92
2025-08-18T16:50:00.000,1.02,60.59,0.50,0.89
2025-08-18T16:51:00.000,1.09,58.86,0.56,0.93
2025-08-18T16:52:00.000,1.04,63.11,0.47,0.93
2025-08-18T16:53:00.000,0.87,63.00,0.39,0.77
2025-08-18T16:54:00.000,0.80,89.99,0.00,0.80
2025-08-18T16:55:00.000,0.78,71.74,0.25,0.74
2025-08-18T16:56:00.000,0.80,75.17,0.20,0.77
2025-08-18T16:57:00.000,0.76,72.07,0.23,0.72
2025-08-18T16:58:00.000,0.75,69.81,0.26,0.70
2025-08-18T16:59:00.000,0.77,76.98,0.17,0.75
2025-08-18T17:00:00.000,0.78,73.56,0.22,0.75
2025-08-18T17:01:00.000,0.80,77.81,0.17,0.79
2025-08-18T17:02:00.000,0.84,70.61,0.28,0.79
2025-08-18T17:03:00.000,0.88,69.71,0.30,0.82
2025-08-18T17:04:00.000,0.86,69.68,0.30,0.81
2025-08-18T17:05:00.000,0.88,68.06,0.33,0.82
2025-08-18T17:06:00.000,0.87,69.60,0.30,0.81
2025-08-18T17:07:00.000,0.85,70.88,0.28,0.80
2025-08-18T17:08:00.000,0.76,73.14,0.22,0.73
2025-08-18T17:09:00.000,0.76,74.94,0.20,0.74
2025-08-18T17:10:00.000,0.77,73.68,0.22,0.74
2025-08-18T17:11:00.000,0.80,74.44,0.21,0.77
2025-08-18T17:12:00.000,0.85,71.15,0.28,0.81
2025-08-18T17:13:00.000,0.86,69.07,0.31,0.81
2025-08-18T17:14:00.000,0.87,70.12,0.29,0.81
2025-08-18T17:15:00.000,0.82,67.73,0.31,0.76
2025-08-18T17:16:00.000,0.84,68.83,0.30,0.78
2025-08-18T17:17:00.000,0.85,68.81,0.31,0.79
2025-08-18T17:18:00.000,0.90,69.32,0.32,0.84
2025-08-18T17:19:00.000,0.95,68.97,0.34,0.88
2025-08-18T17:20:00.000,0.95,68.02,0.36,0.88
2025-08-18T17:21:00.000,0.93,70.19,0.32,0.88
2025-08-18T17:22:00.000,1.05,66.48,0.42,0.96
2025-08-18T17:23:00.000,1.18,67.70,0.45,1.09
2025-08-18T17:24:00.000,1.46,67.58,0.56,1.35
2025-08-18T17:25:00.000,1.21,63.89,0.53,1.08
2025-08-18T17:26:00.000,1.14,65.60,0.47,1.04
2025-08-18T17:27:00.000,1.29,59.57,0.66,1.12
2025-08-18T17:28:00.000,1.15,63.38,0.51,1.02
2025-08-18T17:29:00.000,1.29,54.87,0.74,1.05
2025-08-18T17:30:00.000,1.13,53.61,0.67,0.91
2025-08-18T17:31:00.000,1.33,51.79,0.83,1.05
2025-08-18T17:32:00.000,1.13,47.35,0.77,0.83
2025-08-18T17:33:00.000,0.89,57.90,0.48,0.76
2025-08-18T17:34:00.000,0.93,61.34,0.44,0.81
2025-08-18T17:35:00.000,0.83,57.85,0.44,0.70
2025-08-18T17:36:00.000,0.84,63.59,0.37,0.75
2025-08-18T17:37:00.000,0.85,63.75,0.38,0.76
2025-08-18T17:38:00.000,0.87,68.09,0.32,0.80
2025-08-18T17:39:00.000,0.93,70.98,0.30,0.88
2025-08-18T17:40:00.000,0.86,68.95,0.31,0.80
2025-08-18T17:41:00.000,0.86,75.02,0.22,0.83
2025-08-18T17:42:00.000,0.99,73.02,0.29,0.95
2025-08-18T17:43:00.000,1.02,74.14,0.28,0.98
2025-08-18T17:44:00.000,1.51,74.76,0.40,1.46
2025-08-18T17:45:00.000,1.18,69.95,0.40,1.11
2025-08-18T17:46:00.000,1.12,68.82,0.40,1.04
2025-08-18T17:47:00.000,0.99,69.98,0.34,0.93
2025-08-18T17:48:00.000,1.09,67.75,0.41,1.00
2025-08-18T17:49:00.000,1.28,69.18,0.45,1.19
2025-08-18T17:50:00.000,1.15,67.87,0.43,1.07
2025-08-18T17:51:00.000,1.20,72.09,0.37,1.14
2025-08-18T17:52:00.000,1.44,68.83,0.52,1.35
2025-08-18T17:53:00.000,1.33,68.19,0.49,1.24
2025-08-18T17:54:00.000,1.41,69.60,0.49,1.32
2025-08-18T17:55:00.000,1.44,72.14,0.44,1.37
2025-08-18T17:56:00.000,1.38,69.47,0.48,1.29
2025-08-18T17:57:00.000,1.29,67.12,0.50,1.19
2025-08-18T17:58:00.000,1.38,71.18,0.44,1.31
2025-08-18T17:59:00.000,1.23,71.55,0.39,1.17
2025-08-18T18:00:00.000,1.27,67.39,0.49,1.18
2025-08-18T18:01:00.000,1.18,66.91,0.46,1.08
2025-08-18T18:02:00.000,1.17,68.35,0.43,1.09
2025-08-18T18:03:00.000,1.43,65.95,0.58,1.31
2025-08-18T18:04:00.000,1.33,69.07,0.48,1.25
2025-08-18T18:05:00.000,1.33,69.15,0.48,1.25
2025-08-18T18:06:00.000,1.49,67.83,0.56,1.38
2025-08-18T18:07:00.000,1.15,69.08,0.41,1.08
2025-08-18T18:08:00.000,1.14,63.12,0.52,1.02
2025-08-18T18:09:00.000,1.18,66.71,0.47,1.09
2025-08-18T18:10:00.000,1.08,69.71,0.38,1.02
2025-08-18T18:11:00.000,1.04,66.44,0.42,0.96
2025-08-18T18:12:00.000,1.02,67.09,0.40,0.94
2025-08-18T18:13:00.000,0.91,71.10,0.30,0.86
2025-08-18T18:14:00.000,0.97,67.84,0.37,0.90
2025-08-18T18:15:00.000,0.93,68.39,0.34,0.86
2025-08-18T18:16:00.000,0.92,69.51,0.32,0.86
2025-08-18T18:17:00.000,0.94,67.65,0.36,0.87
2025-08-18T18:18:00.000,0.85,69.88,0.29,0.80
2025-08-18T18:19:00.000,0.86,69.84,0.30,0.81
2025-08-18T18:20:00.000,0.92,71.82,0.29,0.87
2025-08-18T18:21:00.000,0.90,74.03,0.25,0.86
2025-08-18T18:22:00.000,0.87,71.19,0.28,0.83
2025-08-18T18:23:00.000,0.85,71.35,0.27,0.81
2025-08-18T18:24:00.000,0.87,72.04,0.27,0.83
2025-08-18T18:25:00.000,0.87,72.88,0.26,0.83
2025-08-18T18:26:00.000,0.86,71.80,0.27,0.82
2025-08-18T18:27:00.000,0.73,71.62,0.23,0.69
2025-08-18T18:28:00.000,0.74,84.04,0.08,0.74
2025-08-18T18:29:00.000,0.76,86.01,0.05,0.76
2025-08-18T18:30:00.000,0.68,84.76,0.06,0.68
2025-08-18T18:31:00.000,0.70,84.35,0.07,0.69
2025-08-18T18:32:00.000,0.68,83.24,0.08,0.68
2025-08-18T18:33:00.000,0.69,83.66,0.08,0.68
2025-08-18T18:34:00.000,0.68,80.12,0.12,0.67
2025-08-18T18:35:00.000,0.68,80.48,0.11,0.68
2025-08-18T18:36:00.000,0.69,79.17,0.13,0.67
2025-08-18T18:37:00.000,0.71,78.80,0.14,0.69
2025-08-18T18:38:00.000,0.69,78.03,0.14,0.68
2025-08-18T18:39:00.000,0.69,74.74,0.18,0.66
2025-08-18T18:40:00.000,0.72,74.90,0.19,0.70
2025-08-18T18:41:00.000,0.73,75.94,0.18,0.71
2025-08-18T18:42:00.000,0.70,74.75,0.18,0.68
2025-08-18T18:43:00.000,0.67,74.67,0.18,0.64
2025-08-18T18:44:00.000,0.65,71.12,0.21,0.62
2025-08-18T18:45:00.000,0.67,72.28,0.20,0.64
2025-08-18T18:46:00.000,0.69,73.55,0.20,0.66
2025-08-18T18:47:00.000,0.74,69.21,0.26,0.69
2025-08-18T18:48:00.000,0.86,60.06,0.43,0.75
2025-08-18T18:49:00.000,1.00,48.26,0.67,0.75
2025-08-18T18:50:00.000,1.05,54.36,0.61,0.85
2025-08-18T18:51:00.000,0.92,64.79,0.39,0.83
2025-08-18T18:52:00.000,0.90,69.15,0.32,0.84
2025-08-18T18:53:00.000,0.88,70.17,0.30,0.83
2025-08-18T18:54:00.000,0.89,69.40,0.31,0.83
2025-08-18T18:55:00.000,0.93,66.20,0.38,0.86
2025-08-18T18:56:00.000,0.91,67.13,0.35,0.84
2025-08-18T18:57:00.000,0.94,68.81,0.34,0.88
2025-08-18T18:58:00.000,0.95,70.61,0.31,0.89
2025-08-18T18:59:00.000,1.03,68.22,0.38,0.96
2025-08-18T19:00:00.000,1.05,68.64,0.38,0.98
2025-08-18T19:01:00.000,1.02,67.97,0.38,0.95
2025-08-18T19:02:00.000,1.11,64.38,0.48,1.00
2025-08-18T19:03:00.000,1.03,66.73,0.41,0.95
2025-08-18T19:04:00.000,1.01,66.06,0.41,0.93
2025-08-18T19:05:00.000,0.95,65.17,0.40,0.86
2025-08-18T19:06:00.000,0.91,65.04,0.38,0.82
2025-08-18T19:07:00.000,0.88,65.83,0.36,0.81
2025-08-18T19:08:00.000,0.87,64.59,0.37,0.78
2025-08-18T19:09:00.000,0.82,67.29,0.32,0.75
2025-08-18T19:10:00.000,0.81,70.05,0.28,0.76
2025-08-18T19:11:00.000,0.83,72.19,0.25,0.79
2025-08-18T19:12:00.000,0.79,74.53,0.21,0.76
2025-08-18T19:13:00.000,0.77,74.78,0.20,0.74
2025-08-18T19:14:00.000,0.73,74.61,0.19,0.71
2025-08-18T19:15:00.000,0.70,77.68,0.15,0.68
2025-08-18T19:16:00.000,0.67,77.67,0.14,0.65
2025-08-18T19:17:00.000,0.67,77.13,0.15,0.65
2025-08-18T19:18:00.000,0.64,75.61,0.16,0.62
2025-08-18T19:19:00.000,0.61,75.75,0.15,0.60
2025-08-18T19:20:00.000,0.58,75.60,0.14,0.56
2025-08-18T19:21:00.000,0.59,76.14,0.14,0.57
2025-08-18T19:22:00.000,0.60,77.05,0.13,0.59
2025-08-18T19:23:00.000,0.61,76.86,0.14,0.60
2025-08-18T19:24:00.000,0.59,75.35,0.15,0.57
2025-08-18T19:25:00.000,0.58,76.17,0.14,0.56
2025-08-18T19:26:00.000,0.59,75.88,0.14,0.57
2025-08-18T19:27:00.000,0.57,75.61,0.14,0.55
2025-08-18T19:28:00.000,0.54,72.56,0.16,0.51
2025-08-18T19:29:00.000,0.51,70.79,0.17,0.48
2025-08-18T19:30:00.000,0.56,71.77,0.18,0.53
2025-08-18T19:31:00.000,0.56,73.09,0.16,0.54
2025-08-18T19:32:00.000,0.58,75.51,0.14,0.56
2025-08-18T19:33:00.000,0.61,75.67,0.15,0.59
2025-08-18T19:34:00.000,0.63,76.20,0.15,0.61
2025-08-18T19:35:00.000,0.64,75.51,0.16,0.62
2025-08-18T19:36:00.000,0.60,71.54,0.19,0.57
2025-08-18T19:37:00.000,0.58,71.77,0.18,0.55
2025-08-18T19:38:00.000,0.60,72.35,0.18,0.57
2025-08-18T19:39:00.000,0.60,70.89,0.20,0.57
2025-08-18T19:40:00.000,0.61,73.56,0.17,0.59
2025-08-18T19:41:00.000,0.64,77.05,0.14,0.63
2025-08-18T19:42:00.000,0.63,75.64,0.16,0.61
2025-08-18T19:43:00.000,0.66,77.56,0.14,0.64
2025-08-18T19:44:00.000,0.65,77.50,0.14,0.63
2025-08-18T19:45:00.000,0.64,76.57,0.15,0.63
2025-08-18T19:46:00.000,0.64,77.60,0.14,0.62
2025-08-18T19:47:00.000,0.64,77.28,0.14,0.62
2025-08-18T19:48:00.000,0.64,79.52,0.12,0.63
2025-08-18T19:49:00.000,0.65,79.06,0.12,0.64
2025-08-18T19:50:00.000,0.68,79.69,0.12,0.67
2025-08-18T19:51:00.000,0.66,77.89,0.14,0.64
2025-08-18T19:52:00.000,0.67,78.36,0.14,0.66
2025-08-18T19:53:00.000,0.65,77.69,0.14,0.63
2025-08-18T19:54:00.000,0.66,79.58,0.12,0.65
2025-08-18T19:55:00.000,0.66,78.78,0.13,0.65
2025-08-18T19:56:00.000,0.64,77.75,0.13,0.62
2025-08-18T19:57:00.000,0.64,78.91,0.12,0.63
2025-08-18T19:58:00.000,0.63,75.75,0.16,0.61
2025-08-18T19:59:00.000,0.65,77.55,0.14,0.64
2025-08-18T20:00:00.000,0.66,77.69,0.14,0.64
2025-08-18T20:01:00.000,0.66,77.30,0.15,0.64
2025-08-18T20:02:00.000,0.68,77.01,0.15,0.66
2025-08-18T20:03:00.000,0.66,75.64,0.16,0.64
2025-08-18T20:04:00.000,0.74,83.55,0.08,0.74
2025-08-18T20:05:00.000,0.71,82.93,0.09,0.70
2025-08-18T20:06:00.000,0.70,84.15,0.07,0.69
2025-08-18T20:07:00.000,0.67,83.49,0.08,0.67
2025-08-18T20:08:00.000,0.68,83.03,0.08,0.68
2025-08-18T20:09:00.000,0.68,84.75,0.06,0.68
2025-08-18T20:10:00.000,0.70,85.12,0.06,0.70
2025-08-18T20:11:00.000,0.70,83.15,0.08,0.70
2025-08-18T20:12:00.000,0.71,83.93,0.08,0.71
2025-08-18T20:13:00.000,0.70,83.79,0.08,0.70
2025-08-18T20:14:00.000,0.71,83.51,0.08,0.70
2025-08-18T20:15:00.000,0.69,83.33,0.08,0.69
2025-08-18T20:16:00.000,0.69,83.36,0.08,0.69
2025-08-18T20:17:00.000,0.70,84.05,0.07,0.70
2025-08-18T20:18:00.000,0.70,84.44,0.07,0.69
2025-08-18T20:19:00.000,0.72,84.09,0.07,0.71
2025-08-18T20:20:00.000,0.71,82.76,0.09,0.71
2025-08-18T20:21:00.000,0.73,83.26,0.09,0.72
2025-08-18T20:22:00.000,0.73,81.64,0.11,0.72
2025-08-18T20:23:00.000,0.77,81.94,0.11,0.76
2025-08-18T20:24:00.000,0.80,81.08,0.12,0.79
2025-08-18T20:25:00.000,0.78,81.38,0.12,0.77
2025-08-18T20:26:00.000,0.78,80.66,0.13,0.77
2025-08-18T20:27:00.000,0.76,81.15,0.12,0.75
2025-08-18T20:28:00.000,0.75,81.25,0.11,0.74
2025-08-18T20:29:00.000,0.75,80.27,0.13,0.74
2025-08-18T20:30:00.000,0.76,81.09,0.12,0.76
2025-08-18T20:31:00.000,0.77,79.50,0.14,0.75
2025-08-18T20:32:00.000,0.77,78.94,0.15,0.76
2025-08-18T20:33:00.000,0.78,80.08,0.13,0.76
2025-08-18T20:34:00.000,0.78,79.78,0.14,0.77
2025-08-18T20:35:00.000,0.76,81.30,0.12,0.76
2025-08-18T20:36:00.000,0.75,81.31,0.11,0.74
2025-08-18T20:37:00.000,0.76,80.83,0.12,0.75
2025-08-18T20:38:00.000,0.73,79.59,0.13,0.72
2025-08-18T20:39:00.000,0.72,78.93,0.14,0.70
2025-08-18T20:40:00.000,0.73,79.91,0.13,0.72
2025-08-18T20:41:00.000,0.73,79.01,0.14,0.72
2025-08-18T20:42:00.000,0.75,78.56,0.15,0.73
2025-08-18T20:43:00.000,0.78,79.19,0.15,0.76
2025-08-18T20:44:00.000,0.79,78.05,0.16,0.77
2025-08-18T20:45:00.000,0.78,77.71,0.17,0.76
2025-08-18T20:46:00.000,0.77,79.46,0.14,0.75
2025-08-18T20:47:00.000,0.76,79.76,0.13,0.75
2025-08-18T20:48:00.000,0.75,80.33,0.13,0.74
2025-08-18T20:49:00.000,0.74,78.51,0.15,0.73
2025-08-18T20:50:00.000,0.75,78.16,0.15,0.73
2025-08-18T20:51:00.000,0.75,79.57,0.14,0.74
2025-08-18T20:52:00.000,0.77,78.98,0.15,0.75
2025-08-18T20:53:00.000,0.77,77.41,0.17,0.75
2025-08-18T20:54:00.000,0.78,78.54,0.15,0.76
2025-08-18T20:55:00.000,0.75,78.29,0.15,0.73
2025-08-18T20:56:00.000,0.74,77.13,0.16,0.72
2025-08-18T20:57:00.000,0.72,79.60,0.13,0.70
2025-08-18T20:58:00.000,0.70,81.66,0.10,0.69
2025-08-18T20:59:00.000,0.68,80.95,0.11,0.68
2025-08-18T21:00:00.000,0.66,80.67,0.11,0.65
2025-08-18T21:01:00.000,0.66,80.85,0.10,0.65
2025-08-18T21:02:00.000,0.68,82.46,0.09,0.67
2025-08-18T21:03:00.000,0.70,84.88,0.06,0.70
2025-08-18T21:04:00.000,0.69,84.30,0.07,0.69
2025-08-18T21:05:00.000,0.70,84.15,0.07,0.70
2025-08-18T21:06:00.000,0.71,84.16,0.07,0.70
2025-08-18T21:07:00.000,0.71,84.53,0.07,0.70
2025-08-18T21:08:00.000,0.70,84.52,0.07,0.70
2025-08-18T21:09:00.000,0.52,79.81,0.09,0.51
2025-08-18T21:10:00.000,0.40,87.05,0.02,0.40
2025-08-18T21:11:00.000,0.50,98.44,-0.07,0.49
2025-08-18T21:12:00.000,0.42,86.61,0.03,0.42
2025-08-18T21:13:00.000,0.51,82.46,0.07,0.51
2025-08-18T21:14:00.000,0.53,81.90,0.07,0.52
2025-08-18T21:15:00.000,0.52,83.11,0.06,0.52
2025-08-18T21:16:00.000,0.53,80.47,0.09,0.52
2025-08-18T21:17:00.000,0.53,82.92,0.06,0.52
2025-08-18T21:18:00.000,0.52,81.02,0.08,0.52
2025-08-18T21:19:00.000,0.52,84.91,0.05,0.52
2025-08-18T21:20:00.000,0.51,83.91,0.05,0.50
2025-08-18T21:21:00.000,0.47,83.65,0.05,0.47
2025-08-18T21:22:00.000,0.51,83.49,0.06,0.50
2025-08-18T21:23:00.000,0.50,77.91,0.11,0.49
2025-08-18T21:24:00.000,0.55,78.52,0.11,0.54
2025-08-18T21:25:00.000,0.54,78.40,0.11,0.53
2025-08-18T21:26:00.000,0.52,77.37,0.11,0.51
2025-08-18T21:27:00.000,0.51,76.90,0.12,0.50
2025-08-18T21:28:00.000,0.52,76.31,0.12,0.50
2025-08-18T21:29:00.000,0.57,79.78,0.10,0.56
2025-08-18T21:30:00.000,0.49,78.29,0.10,0.48
2025-08-18T21:31:00.000,0.53,77.23,0.12,0.52
2025-08-18T21:32:00.000,0.54,78.52,0.11,0.53
2025-08-18T21:33:00.000,0.55,76.79,0.13,0.54
2025-08-18T21:34:00.000,0.54,75.22,0.14,0.52
2025-08-18T21:35:00.000,0.51,75.67,0.13,0.49
2025-08-18T21:36:00.000,0.53,75.68,0.13,0.51
2025-08-18T21:37:00.000,0.53,76.82,0.12,0.52
2025-08-18T21:38:00.000,0.54,75.26,0.14,0.52
2025-08-18T21:39:00.000,0.51,77.86,0.11,0.50
2025-08-18T21:40:00.000,0.49,77.79,0.10,0.48
2025-08-18T21:41:00.000,0.49,76.36,0.12,0.48
2025-08-18T21:42:00.000,0.49,75.38,0.12,0.47
2025-08-18T21:43:00.000,0.50,73.39,0.14,0.48
2025-08-18T21:44:00.000,0.49,73.26,0.14,0.47
2025-08-18T21:45:00.000,0.48,72.34,0.15,0.46
2025-08-18T21:46:00.000,0.48,72.33,0.15,0.46
2025-08-18T21:47:00.000,0.48,73.04,0.14,0.46
2025-08-18T21:48:00.000,0.48,72.24,0.15,0.46
2025-08-18T21:49:00.000,0.48,71.92,0.15,0.45
2025-08-18T21:50:00.000,0.47,72.10,0.14,0.45
2025-08-18T21:51:00.000,0.46,72.36,0.14,0.44
2025-08-18T21:52:00.000,0.43,71.88,0.14,0.41
2025-08-18T21:53:00.000,0.45,71.87,0.14,0.43
2025-08-18T21:54:00.000,0.46,71.87,0.14,0.43
2025-08-18T21:55:00.000,0.46,70.47,0.15,0.44
2025-08-18T21:56:00.000,0.47,72.10,0.14,0.45
2025-08-18T21:57:00.000,0.47,71.86,0.14,0.44
2025-08-18T21:58:00.000,0.45,72.83,0.13,0.43
2025-08-18T21:59:00.000,0.46,74.01,0.13,0.45
2025-08-18T22:00:00.000,0.46,73.61,0.13,0.44
2025-08-18T22:01:00.000,0.45,74.77,0.12,0.43
2025-08-18T22:02:00.000,0.50,76.72,0.12,0.49
2025-08-18T22:03:00.000,0.49,76.17,0.12,0.48
2025-08-18T22:04:00.000,0.50,76.91,0.11,0.49
2025-08-18T22:05:00.000,0.54,76.88,0.12,0.53
2025-08-18T22:06:00.000,0.52,76.33,0.12,0.50
2025-08-18T22:07:00.000,0.54,79.25,0.10,0.53
2025-08-18T22:08:00.000,0.55,78.01,0.11,0.54
2025-08-18T22:09:00.000,0.55,78.76,0.11,0.54
2025-08-18T22:10:00.000,0.56,79.10,0.11,0.55
2025-08-18T22:11:00.000,0.57,78.98,0.11,0.56
2025-08-18T22:12:00.000,0.59,78.57,0.12,0.58
2025-08-18T22:13:00.000,0.62,77.92,0.13,0.61
2025-08-18T22:14:00.000,0.72,79.18,0.13,0.70
2025-08-18T22:15:00.000,0.78,75.46,0.20,0.76
2025-08-18T22:16:00.000,0.76,77.94,0.16,0.74
2025-08-18T22:17:00.000,0.74,77.47,0.16,0.72
2025-08-18T22:18:00.000,0.80,77.77,0.17,0.78
2025-08-18T22:19:00.000,0.86,76.17,0.21,0.83
2025-08-18T22:20:00.000,1.00,77.36,0.22,0.97
2025-08-18T22:21:00.000,0.99,74.30,0.27,0.95
2025-08-18T22:22:00.000,1.10,75.78,0.27,1.07
2025-08-18T22:23:00.000,0.96,74.25,0.26,0.92
2025-08-18T22:24:00.000,0.95,75.78,0.23,0.93
2025-08-18T22:25:00.000,0.90,77.40,0.20,0.88
2025-08-18T22:26:00.000,1.04,76.44,0.24,1.01
2025-08-18T22:27:00.000,0.97,75.37,0.24,0.94
2025-08-18T22:28:00.000,0.92,75.91,0.22,0.90
2025-08-18T22:29:00.000,0.82,77.49,0.18,0.80
2025-08-18T22:30:00.000,0.82,78.78,0.16,0.80
2025-08-18T22:31:00.000,0.84,77.36,0.18,0.82
2025-08-18T22:32:00.000,0.85,75.07,0.22,0.82
2025-08-18T22:33:00.000,0.97,75.99,0.23,0.94
2025-08-18T22:34:00.000,1.02,74.25,0.28,0.98
2025-08-18T22:35:00.000,1.12,72.85,0.33,1.07
2025-08-18T22:36:00.000,1.29,72.31,0.39,1.23
2025-08-18T22:37:00.000,1.12,74.97,0.29,1.08
2025-08-18T22:38:00.000,1.25,73.68,0.35,1.19
2025-08-18T22:39:00.000,1.11,76.91,0.25,1.09
2025-08-18T22:40:00.000,1.01,77.27,0.22,0.99
2025-08-18T22:41:00.000,1.00,79.97,0.17,0.98
2025-08-18T22:42:00.000,0.97,79.02,0.18,0.95
2025-08-18T22:43:00.000,1.01,77.81,0.21,0.98
2025-08-18T22:44:00.000,1.16,79.42,0.21,1.14
2025-08-18T22:45:00.000,1.35,76.33,0.32,1.31
2025-08-18T22:46:00.000,1.51,75.94,0.37,1.46
2025-08-18T22:47:00.000,1.33,100.18,-0.23,1.31
2025-08-18T22:48:00.000,1.43,97.92,-0.20,1.42
2025-08-18T22:49:00.000,1.11,100.40,-0.20,1.09
2025-08-18T22:50:00.000,1.14,100.27,-0.20,1.12
2025-08-18T22:51:00.000,1.10,99.34,-0.18,1.09
2025-08-18T22:52:00.000,1.14,101.50,-0.23,1.12
2025-08-18T22:53:00.000,1.10,101.80,-0.22,1.07
2025-08-18T22:54:00.000,1.06,102.45,-0.23,1.04
2025-08-18T22:55:00.000,1.11,99.28,-0.18,1.09
2025-08-18T22:56:00.000,1.12,99.22,-0.18,1.11
2025-08-18T22:57:00.000,1.10,97.79,-0.15,1.09
2025-08-18T22:58:00.000,1.10,97.76,-0.15,1.09
2025-08-18T22:59:00.000,1.02,100.95,-0.19,1.01
2025-08-18T23:00:00.000,1.00,104.11,-0.24,0.97
2025-08-18T23:01:00.000,0.93,105.00,-0.24,0.89
2025-08-18T23:02:00.000,0.95,105.78,-0.26,0.91
2025-08-18T23:03:00.000,0.92,105.35,-0.24,0.89
2025-08-18T23:04:00.000,0.96,105.81,-0.26,0.92
2025-08-18T23:05:00.000,0.97,104.77,-0.25,0.94
2025-08-18T23:06:00.000,0.96,103.92,-0.23,0.93
2025-08-18T23:07:00.000,0.97,100.43,-0.18,0.96
2025-08-18T23:08:00.000,0.97,102.38,-0.21,0.95
2025-08-18T23:09:00.000,0.90,104.37,-0.22,0.88
2025-08-18T23:10:00.000,0.90,105.02,-0.23,0.87
2025-08-18T23:11:00.000,0.89,106.64,-0.26,0.85
2025-08-18T23:12:00.000,0.88,107.06,-0.26,0.84
2025-08-18T23:13:00.000,0.88,106.48,-0.25,0.84
2025-08-18T23:14:00.000,0.88,105.30,-0.23,0.85
2025-08-18T23:15:00.000,0.90,104.46,-0.22,0.87
2025-08-18T23:16:00.000,0.93,101.42,-0.18,0.91
2025-08-18T23:17:00.000,0.97,95.90,-0.10,0.97
2025-08-18T23:18:00.000,1.00,95.50,-0.10,0.99
2025-08-18T23:19:00.000,1.03,95.90,-0.11,1.02
2025-08-18T23:20:00.000,0.92,98.39,-0.13,0.91
2025-08-18T23:21:00.000,0.91,98.14,-0.13,0.90
2025-08-18T23:22:00.000,0.90,100.62,-0.17,0.88
2025-08-18T23:23:00.000,0.91,101.15,-0.18,0.89
2025-08-18T23:24:00.000,0.89,101.68,-0.18,0.87
2025-08-18T23:25:00.000,0.89,101.50,-0.18,0.88
2025-08-18T23:26:00.000,0.94,99.93,-0.16,0.93
2025-08-18T23:27:00.000,0.97,96.61,-0.11,0.96
2025-08-18T23:28:00.000,1.02,95.59,-0.10,1.01
2025-08-18T23:29:00.000,1.02,96.09,-0.11,1.02
2025-08-18T23:30:00.000,1.03,95.55,-0.10,1.02
2025-08-18T23:31:00.000,0.99,96.96,-0.12,0.99
2025-08-18T23:32:00.000,0.95,99.99,-0.16,0.93
2025-08-18T23:33:00.000,0.89,102.48,-0.19,0.87
2025-08-18T23:34:00.000,0.93,102.23,-0.20,0.91
2025-08-18T23:35:00.000,0.90,102.03,-0.19,0.88
2025-08-18T23:36:00.000,0.92,101.32,-0.18,0.90
2025-08-18T23:37:00.000,0.96,98.44,-0.14,0.95
2025-08-18T23:38:00.000,0.97,96.20,-0.11,0.97
2025-08-18T23:39:00.000,1.01,96.02,-0.11,1.01
2025-08-18T23:40:00.000,0.99,96.97,-0.12,0.99
2025-08-18T23:41:00.000,0.93,99.72,-0.16,0.92
2025-08-18T23:42:00.000,0.88,103.26,-0.20,0.86
2025-08-18T23:43:00.000,0.88,101.74,-0.18,0.86
2025-08-18T23:44:00.000,0.85,104.51,-0.21,0.83
2025-08-18T23:45:00.000,0.84,105.80,-0.23,0.81
2025-08-18T23:46:00.000,0.86,104.34,-0.21,0.83
2025-08-18T23:47:00.000,0.82,105.20,-0.21,0.79
2025-08-18T23:48:00.000,0.76,104.81,-0.19,0.73
2025-08-18T23:49:00.000,0.80,103.66,-0.19,0.78
2025-08-18T23:50:00.000,0.73,101.76,-0.15,0.72
2025-08-18T23:51:00.000,0.73,99.44,-0.12,0.72
2025-08-18T23:52:00.000,0.66,98.93,-0.10,0.65
2025-08-18T23:53:00.000,0.65,101.54,-0.13,0.63
2025-08-18T23:54:00.000,0.64,103.46,-0.15,0.62
2025-08-18T23:55:00.000,0.64,102.65,-0.14,0.63
2025-08-18T23:56:00.000,0.65,102.58,-0.14,0.63
2025-08-18T23:57:00.000,0.64,100.70,-0.12,0.63
2025-08-18T23:58:00.000,0.65,98.67,-0.10,0.65
2025-08-18T23:59:00.000,0.65,99.43,-0.11,0.64
2025-08-19T00:00:00.000,0.69,94.50,-0.05,0.69
2025-08-19T00:01:00.000,0.65,97.43,-0.08,0.65
2025-08-19T00:02:00.000,0.67,95.88,-0.07,0.67
2025-08-19T00:03:00.000,0.65,98.00,-0.09,0.64
2025-08-19T00:04:00.000,0.66,101.61,-0.13,0.65
2025-08-19T00:05:00.000,0.64,103.65,-0.15,0.62
2025-08-19T00:06:00.000,0.65,103.23,-0.15,0.63
2025-08-19T00:07:00.000,0.67,101.24,-0.13,0.65
2025-08-19T00:08:00.000,0.68,100.29,-0.12,0.67
2025-08-19T00:09:00.000,0.67,100.42,-0.12,0.66
2025-08-19T00:10:00.000,0.69,98.74,-0.10,0.68
2025-08-19T00:11:00.000,0.67,101.11,-0.13,0.66
2025-08-19T00:12:00.000,0.66,99.49,-0.11,0.65
2025-08-19T00:13:00.000,0.67,103.07,-0.15,0.65
2025-08-19T00:14:00.000,0.65,103.08,-0.15,0.64
2025-08-19T00:15:00.000,0.65,103.47,-0.15,0.63
2025-08-19T00:16:00.000,0.65,102.74,-0.14,0.63
2025-08-19T00:17:00.000,0.64,103.03,-0.14,0.62
2025-08-19T00:18:00.000,0.65,102.96,-0.15,0.64
2025-08-19T00:19:00.000,0.65,102.72,-0.14,0.63
2025-08-19T00:20:00.000,0.65,102.48,-0.14,0.64
2025-08-19T00:21:00.000,0.67,103.65,-0.16,0.65
2025-08-19T00:22:00.000,0.66,103.27,-0.15,0.65
2025-08-19T00:23:00.000,0.65,103.85,-0.16,0.63
2025-08-19T00:24:00.000,0.65,104.42,-0.16,0.63
2025-08-19T00:25:00.000,0.65,104.12,-0.16,0.63
2025-08-19T00:26:00.000,0.65,104.02,-0.16,0.63
2025-08-19T00:27:00.000,0.64,103.37,-0.15,0.62
2025-08-19T00:28:00.000,0.67,104.35,-0.16,0.64
2025-08-19T00:29:00.000,0.67,103.50,-0.16,0.65
2025-08-19T00:30:00.000,0.67,104.12,-0.16,0.65
2025-08-19T00:31:00.000,0.68,104.13,-0.17,0.66
2025-08-19T00:32:00.000,0.69,104.59,-0.17,0.67
2025-08-19T00:33:00.000,0.67,104.98,-0.17,0.64
2025-08-19T00:34:00.000,0.67,105.71,-0.18,0.64
2025-08-19T00:35:00.000,0.67,105.61,-0.18,0.64
2025-08-19T00:36:00.000,0.66,105.33,-0.18,0.64
2025-08-19T00:37:00.000,0.66,105.06,-0.17,0.64
2025-08-19T00:38:00.000,0.66,105.27,-0.17,0.64
2025-08-19T00:39:00.000,0.67,104.87,-0.17,0.64
2025-08-19T00:40:00.000,0.67,105.56,-0.18,0.64
2025-08-19T00:41:00.000,0.66,105.38,-0.17,0.63
2025-08-19T00:42:00.000,0.65,106.12,-0.18,0.62
2025-08-19T00:43:00.000,0.64,105.83,-0.18,0.62
2025-08-19T00:44:00.000,0.64,106.88,-0.19,0.61
2025-08-19T00:45:00.000,0.64,106.88,-0.18,0.61
2025-08-19T00:46:00.000,0.64,105.45,-0.17,0.62
2025-08-19T00:47:00.000,0.65,105.31,-0.17,0.63
2025-08-19T00:48:00.000,0.65,105.51,-0.17,0.62
2025-08-19T00:49:00.000,0.65,104.86,-0.17,0.63
2025-08-19T00:50:00.000,0.65,103.72,-0.16,0.64
2025-08-19T00:51:00.000,0.65,103.49,-0.15,0.63
2025-08-19T00:52:00.000,0.64,103.50,-0.15,0.63
2025-08-19T00:53:00.000,0.64,104.84,-0.17,0.62
2025-08-19T00:54:00.000,0.64,104.92,-0.16,0.61
2025-08-19T00:55:00.000,0.63,106.21,-0.18,0.60
2025-08-19T00:56:00.000,0.63,105.98,-0.17,0.60
2025-08-19T00:57:00.000,0.63,105.76,-0.17,0.61
2025-08-19T00:58:00.000,0.63,105.31,-0.17,0.61
2025-08-19T00:59:00.000,0.63,105.16,-0.17,0.61
2025-08-19T01:00:00.000,0.63,105.39,-0.17,0.61
2025-08-19T01:01:00.000,0.62,103.67,-0.15,0.60
2025-08-19T01:02:00.000,0.63,105.61,-0.17,0.60
2025-08-19T01:03:00.000,0.61,104.11,-0.15,0.59
2025-08-19T01:04:00.000,0.60,107.20,-0.18,0.57
2025-08-19T01:05:00.000,0.59,107.75,-0.18,0.56
2025-08-19T01:06:00.000,0.56,107.33,-0.17,0.54
2025-08-19T01:07:00.000,0.59,108.55,-0.19,0.56
2025-08-19T01:08:00.000,0.59,107.03,-0.17,0.56
2025-08-19T01:09:00.000,0.62,106.00,-0.17,0.59
2025-08-19T01:10:00.000,0.62,104.40,-0.16,0.60
2025-08-19T01:11:00.000,0.63,104.99,-0.16,0.61
2025-08-19T01:12:00.000,0.64,103.03,-0.14,0.62
2025-08-19T01:13:00.000,0.63,104.74,-0.16,0.61
2025-08-19T01:14:00.000,0.61,104.62,-0.15,0.59
2025-08-19T01:15:00.000,0.62,107.18,-0.18,0.59
2025-08-19T01:16:00.000,0.60,108.69,-0.19,0.56
2025-08-19T01:17:00.000,0.60,114.33,-0.25,0.54
2025-08-19T01:18:00.000,0.63,116.49,-0.28,0.56
2025-08-19T01:19:00.000,0.67,114.07,-0.27,0.61
2025-08-19T01:20:00.000,0.67,110.85,-0.24,0.63
2025-08-19T01:21:00.000,0.68,110.64,-0.24,0.64
2025-08-19T01:22:00.000,0.68,110.63,-0.24,0.63
2025-08-19T01:23:00.000,0.65,111.56,-0.24,0.61
2025-08-19T01:24:00.000,0.66,111.66,-0.24,0.62
2025-08-19T01:25:00.000,0.64,113.56,-0.26,0.59
2025-08-19T01:26:00.000,0.62,114.73,-0.26,0.56
2025-08-19T01:27:00.000,0.62,118.97,-0.30,0.54
2025-08-19T01:28:00.000,0.59,119.87,-0.30,0.52
2025-08-19T01:29:00.000,0.60,117.59,-0.28,0.53
2025-08-19T01:30:00.000,0.66,112.38,-0.25,0.61
2025-08-19T01:31:00.000,0.65,110.48,-0.23,0.61
2025-08-19T01:32:00.000,0.68,109.45,-0.23,0.64
2025-08-19T01:33:00.000,0.68,108.98,-0.22,0.64
2025-08-19T01:34:00.000,0.68,108.39,-0.21,0.64
2025-08-19T01:35:00.000,0.68,108.99,-0.22,0.64
2025-08-19T01:36:00.000,0.66,110.29,-0.23,0.62
2025-08-19T01:37:00.000,0.63,111.50,-0.23,0.59
2025-08-19T01:38:00.000,0.60,114.36,-0.25,0.55
2025-08-19T01:39:00.000,0.61,116.09,-0.27,0.55
2025-08-19T01:40:00.000,0.60,115.30,-0.26,0.54
2025-08-19T01:41:00.000,0.63,114.21,-0.26,0.57
2025-08-19T01:42:00.000,0.64,111.19,-0.23,0.59
2025-08-19T01:43:00.000,0.64,110.49,-0.23,0.60
2025-08-19T01:44:00.000,0.65,109.90,-0.22,0.61
2025-08-19T01:45:00.000,0.65,110.05,-0.22,0.61
2025-08-19T01:46:00.000,0.63,110.56,-0.22,0.59
2025-08-19T01:47:00.000,0.59,112.68,-0.23,0.55
2025-08-19T01:48:00.000,0.57,114.09,-0.23,0.52
2025-08-19T01:49:00.000,0.55,114.36,-0.23,0.50
2025-08-19T01:50:00.000,0.56,113.38,-0.22,0.52
2025-08-19T01:51:00.000,0.61,112.59,-0.23,0.56
2025-08-19T01:52:00.000,0.62,110.63,-0.22,0.58
2025-08-19T01:53:00.000,0.64,109.66,-0.22,0.60
2025-08-19T01:54:00.000,0.65,108.48,-0.21,0.62
2025-08-19T01:55:00.000,0.67,108.52,-0.21,0.63
2025-08-19T01:56:00.000,0.66,108.01,-0.20,0.63
2025-08-19T01:57:00.000,0.63,110.07,-0.22,0.59
2025-08-19T01:58:00.000,0.61,111.74,-0.23,0.57
2025-08-19T01:59:00.000,0.57,114.65,-0.24,0.52
2025-08-19T02:00:00.000,0.54,119.06,-0.26,0.47
2025-08-19T02:01:00.000,0.53,121.25,-0.27,0.45
2025-08-19T02:02:00.000,0.55,116.90,-0.25,0.49
2025-08-19T02:03:00.000,0.57,115.08,-0.24,0.51
2025-08-19T02:04:00.000,0.58,113.96,-0.23,0.53
2025-08-19T02:05:00.000,0.61,111.98,-0.23,0.56
2025-08-19T02:06:00.000,0.61,111.60,-0.22,0.57
2025-08-19T02:07:00.000,0.59,112.19,-0.22,0.55
2025-08-19T02:08:00.000,0.57,110.87,-0.20,0.53
2025-08-19T02:09:00.000,0.51,118.33,-0.24,0.45
2025-08-19T02:10:00.000,0.46,124.89,-0.27,0.38
2025-08-19T02:11:00.000,0.45,128.93,-0.29,0.35
2025-08-19T02:12:00.000,0.48,127.86,-0.29,0.38
2025-08-19T02:13:00.000,0.49,122.60,-0.26,0.41
2025-08-19T02:14:00.000,0.52,118.25,-0.24,0.45
2025-08-19T02:15:00.000,0.53,115.50,-0.23,0.48
2025-08-19T02:16:00.000,0.57,112.21,-0.21,0.52
2025-08-19T02:17:00.000,0.56,112.25,-0.21,0.52
2025-08-19T02:18:00.000,0.57,111.45,-0.21,0.53
2025-08-19T02:19:00.000,0.54,114.23,-0.22,0.49
2025-08-19T02:20:00.000,0.52,118.44,-0.25,0.46
2025-08-19T02:21:00.000,0.46,124.37,-0.26,0.38
2025-08-19T02:22:00.000,0.37,136.79,-0.27,0.25
2025-08-19T02:23:00.000,0.35,137.59,-0.26,0.24
2025-08-19T02:24:00.000,0.41,128.17,-0.25,0.32
2025-08-19T02:25:00.000,0.46,121.58,-0.24,0.39
2025-08-19T02:26:00.000,0.49,117.64,-0.23,0.43
2025-08-19T02:27:00.000,0.49,115.17,-0.21,0.44
2025-08-19T02:28:00.000,0.54,111.44,-0.20,0.51
2025-08-19T02:29:00.000,0.54,111.81,-0.20,0.50
2025-08-19T02:30:00.000,0.53,112.84,-0.21,0.49
2025-08-19T02:31:00.000,0.52,114.76,-0.22,0.47
2025-08-19T02:32:00.000,0.48,120.32,-0.24,0.42
2025-08-19T02:33:00.000,0.45,125.84,-0.26,0.36
2025-08-19T02:34:00.000,0.41,130.71,-0.27,0.31
2025-08-19T02:35:00.000,0.41,129.87,-0.26,0.32
2025-08-19T02:36:00.000,0.40,127.95,-0.24,0.31
2025-08-19T02:37:00.000,0.43,122.12,-0.23,0.37
2025-08-19T02:38:00.000,0.45,119.87,-0.22,0.39
2025-08-19T02:39:00.000,0.45,116.80,-0.21,0.41
2025-08-19T02:40:00.000,0.50,114.47,-0.21,0.46
2025-08-19T02:41:00.000,0.46,118.70,-0.22,0.40
2025-08-19T02:42:00.000,0.43,124.99,-0.25,0.36
2025-08-19T02:43:00.000,0.40,136.30,-0.29,0.28
2025-08-19T02:44:00.000,0.37,142.92,-0.29,0.22
2025-08-19T02:45:00.000,0.37,142.28,-0.29,0.23
2025-08-19T02:46:00.000,0.36,143.00,-0.29,0.22
2025-08-19T02:47:00.000,0.35,133.70,-0.24,0.25
2025-08-19T02:48:00.000,0.41,122.94,-0.22,0.34
2025-08-19T02:49:00.000,0.43,120.00,-0.21,0.37
2025-08-19T02:50:00.000,0.45,117.18,-0.21,0.40
2025-08-19T02:51:00.000,0.46,115.92,-0.20,0.41
2025-08-19T02:52:00.000,0.42,120.27,-0.21,0.36
2025-08-19T02:53:00.000,0.42,123.23,-0.23,0.35
2025-08-19T02:54:00.000,0.40,129.47,-0.25,0.31
2025-08-19T02:55:00.000,0.36,135.65,-0.26,0.25
2025-08-19T02:56:00.000,0.34,144.21,-0.28,0.20
2025-08-19T02:57:00.000,0.32,149.43,-0.27,0.16
2025-08-19T02:58:00.000,0.32,155.44,-0.29,0.13
2025-08-19T02:59:00.000,0.30,152.00,-0.26,0.14
2025-08-19T03:00:00.000,0.28,147.08,-0.24,0.15
2025-08-19T03:01:00.000,0.27,147.48,-0.23,0.14
2025-08-19T03:02:00.000,0.28,144.22,-0.23,0.17
2025-08-19T03:03:00.000,0.27,147.37,-0.23,0.14
2025-08-19T03:04:00.000,0.26,162.42,-0.25,0.08
2025-08-19T03:05:00.000,0.30,172.86,-0.30,0.04
2025-08-19T03:06:00.000,0.33,184.05,-0.33,-0.02
2025-08-19T03:07:00.000,0.33,182.01,-0.33,-0.01
2025-08-19T03:08:00.000,0.29,183.38,-0.29,-0.02
2025-08-19T03:09:00.000,0.29,177.78,-0.29,0.01
2025-08-19T03:10:00.000,0.29,164.90,-0.28,0.08
2025-08-19T03:11:00.000,0.30,152.71,-0.26,0.14
2025-08-19T03:12:00.000,0.29,159.33,-0.27,0.10
2025-08-19T03:13:00.000,0.30,156.81,-0.28,0.12
2025-08-19T03:14:00.000,0.30,157.23,-0.28,0.12
2025-08-19T03:15:00.000,0.31,163.96,-0.30,0.09
2025-08-19T03:16:00.000,0.31,171.36,-0.31,0.05
2025-08-19T03:17:00.000,0.33,176.74,-0.33,0.02
2025-08-19T03:18:00.000,0.33,177.90,-0.33,0.01
2025-08-19T03:19:00.000,0.33,180.14,-0.33,-0.00
2025-08-19T03:20:00.000,0.35,173.98,-0.35,0.04
2025-08-19T03:21:00.000,0.37,173.00,-0.36,0.04
2025-08-19T03:22:00.000,0.33,180.79,-0.33,-0.00
2025-08-19T03:23:00.000,0.31,174.57,-0.31,0.03
2025-08-19T03:24:00.000,0.33,175.08,-0.33,0.03
2025-08-19T03:25:00.000,0.35,182.42,-0.35,-0.01
2025-08-19T03:26:00.000,0.35,184.21,-0.35,-0.03
2025-08-19T03:27:00.000,0.38,185.93,-0.38,-0.04
2025-08-19T03:28:00.000,0.38,185.55,-0.37,-0.04
2025-08-19T03:29:00.000,0.32,186.95,-0.32,-0.04
2025-08-19T03:30:00.000,0.33,176.31,-0.33,0.02
2025-08-19T03:31:00.000,0.29,175.40,-0.29,0.02
2025-08-19T03:32:00.000,0.36,164.75,-0.35,0.09
2025-08-19T03:33:00.000,0.31,172.78,-0.31,0.04
2025-08-19T03:34:00.000,0.38,166.99,-0.37,0.09
2025-08-19T03:35:00.000,0.33,178.56,-0.33,0.01
2025-08-19T03:36:00.000,0.34,166.10,-0.33,0.08
2025-08-19T03:37:00.000,0.36,171.37,-0.35,0.05
2025-08-19T03:38:00.000,0.34,172.69,-0.34,0.04
2025-08-19T03:39:00.000,0.33,160.98,-0.31,0.11
2025-08-19T03:40:00.000,0.33,164.37,-0.32,0.09
2025-08-19T03:41:00.000,0.31,162.64,-0.29,0.09
2025-08-19T03:42:00.000,0.38,172.29,-0.38,0.05
2025-08-19T03:43:00.000,0.34,170.86,-0.33,0.05
2025-08-19T03:44:00.000,0.40,178.14,-0.40,0.01
2025-08-19T03:45:00.000,0.40,189.37,-0.39,-0.06
2025-08-19T03:46:00.000,0.46,196.67,-0.44,-0.13
2025-08-19T03:47:00.000,0.52,204.96,-0.47,-0.22
2025-08-19T03:48:00.000,0.55,211.72,-0.47,-0.29
2025-08-19T03:49:00.000,0.61,211.11,-0.52,-0.32
2025-08-19T03:50:00.000,0.53,210.73,-0.46,-0.27
2025-08-19T03:51:00.000,0.52,208.96,-0.46,-0.25
2025-08-19T03:52:00.000,0.48,200.93,-0.45,-0.17
2025-08-19T03:53:00.000,0.41,191.79,-0.40,-0.08
2025-08-19T03:54:00.000,0.39,188.49,-0.39,-0.06
2025-08-19T03:55:00.000,0.41,199.28,-0.38,-0.13
2025-08-19T03:56:00.000,0.45,203.58,-0.41,-0.18
2025-08-19T03:57:00.000,0.55,214.85,-0.45,-0.32
2025-08-19T03:58:00.000,0.60,206.27,-0.54,-0.26
2025-08-19T03:59:00.000,0.60,216.47,-0.48,-0.36
2025-08-19T04:00:00.000,0.51,205.54,-0.46,-0.22
2025-08-19T04:01:00.000,0.45,193.70,-0.44,-0.11
2025-08-19T04:02:00.000,0.39,185.79,-0.39,-0.04
2025-08-19T04:03:00.000,0.33,180.92,-0.33,-0.01
2025-08-19T04:04:00.000,0.33,177.64,-0.33,0.01
2025-08-19T04:05:00.000,0.35,163.25,-0.34,0.10
2025-08-19T04:06:00.000,0.32,165.42,-0.31,0.08
2025-08-19T04:07:00.000,0.36,174.24,-0.36,0.04
2025-08-19T04:08:00.000,0.34,180.20,-0.34,-0.00
2025-08-19T04:09:00.000,0.35,187.17,-0.35,-0.04
2025-08-19T04:10:00.000,0.38,185.80,-0.38,-0.04
2025-08-19T04:11:00.000,0.42,188.67,-0.41,-0.06
2025-08-19T04:12:00.000,0.40,185.74,-0.39,-0.04
2025-08-19T04:13:00.000,0.37,175.37,-0.37,0.03
2025-08-19T04:14:00.000,0.33,165.63,-0.32,0.08
2025-08-19T04:15:00.000,0.34,152.96,-0.30,0.16
2025-08-19T04:16:00.000,0.31,152.43,-0.27,0.14
2025-08-19T04:17:00.000,0.33,157.95,-0.31,0.12
2025-08-19T04:18:00.000,0.32,159.70,-0.30,0.11
2025-08-19T04:19:00.000,0.34,176.04,-0.34,0.02
2025-08-19T04:20:00.000,0.38,178.55,-0.38,0.01
2025-08-19T04:21:00.000,0.37,189.66,-0.36,-0.06
2025-08-19T04:22:00.000,0.37,194.33,-0.36,-0.09
2025-08-19T04:23:00.000,0.36,189.12,-0.35,-0.06
2025-08-19T04:24:00.000,0.34,178.83,-0.34,0.01
2025-08-19T04:25:00.000,0.32,169.21,-0.31,0.06
2025-08-19T04:26:00.000,0.31,162.42,-0.30,0.09
2025-08-19T04:27:00.000,0.32,157.48,-0.29,0.12
2025-08-19T04:28:00.000,0.30,155.27,-0.28,0.13
2025-08-19T04:29:00.000,0.31,162.71,-0.30,0.09
2025-08-19T04:30:00.000,0.30,167.33,-0.29,0.07
2025-08-19T04:31:00.000,0.30,167.21,-0.29,0.07
2025-08-19T04:32:00.000,0.30,175.06,-0.30,0.03
2025-08-19T04:33:00.000,0.30,179.79,-0.30,0.00
2025-08-19T04:34:00.000,0.33,186.54,-0.33,-0.04
2025-08-19T04:35:00.000,0.32,193.16,-0.32,-0.07
2025-08-19T04:36:00.000,0.32,201.95,-0.30,-0.12
2025-08-19T04:37:00.000,0.26,189.83,-0.26,-0.04
2025-08-19T04:38:00.000,0.26,180.85,-0.26,-0.00
2025-08-19T04:39:00.000,0.26,166.58,-0.25,0.06
2025-08-19T04:40:00.000,0.23,164.03,-0.22,0.06
2025-08-19T04:41:00.000,0.26,153.36,-0.23,0.11
2025-08-19T04:42:00.000,0.27,143.39,-0.22,0.16
2025-08-19T04:43:00.000,0.29,138.41,-0.22,0.19
2025-08-19T04:44:00.000,0.30,136.48,-0.22,0.20
2025-08-19T04:45:00.000,0.30,138.68,-0.23,0.20
2025-08-19T04:46:00.000,0.31,140.77,-0.24,0.20
2025-08-19T04:47:00.000,0.32,134.19,-0.22,0.23
2025-08-19T04:48:00.000,0.32,128.12,-0.20,0.25
2025-08-19T04:49:00.000,0.33,125.95,-0.20,0.27
2025-08-19T04:50:00.000,0.37,121.49,-0.19,0.31
2025-08-19T04:51:00.000,0.35,121.02,-0.18,0.30
2025-08-19T04:52:00.000,0.38,117.65,-0.17,0.33
2025-08-19T04:53:00.000,0.41,113.70,-0.17,0.38
2025-08-19T04:54:00.000,0.43,112.04,-0.16,0.40
2025-08-19T04:55:00.000,0.45,111.81,-0.17,0.41
2025-08-19T04:56:00.000,0.43,111.13,-0.16,0.40
2025-08-19T04:57:00.000,0.43,112.30,-0.16,0.40
2025-08-19T04:58:00.000,0.42,114.46,-0.18,0.39
2025-08-19T04:59:00.000,0.40,114.65,-0.17,0.36
2025-08-19T05:00:00.000,0.40,108.32,-0.12,0.38
2025-08-19T05:01:00.000,0.35,92.63,-0.02,0.35
2025-08-19T05:02:00.000,7.58,348.33,7.43,-1.53
2025-08-19T05:03:00.000,11.93,343.57,11.45,-3.37
2025-08-19T05:04:00.000,15.57,342.33,14.84,-4.73
2025-08-19T05:05:00.000,18.62,341.78,17.69,-5.82
2025-08-19T05:06:00.000,21.20,341.16,20.06,-6.85
2025-08-19T05:07:00.000,23.30,339.98,21.89,-7.98
2025-08-19T05:08:00.000,25.01,337.87,23.17,-9.42
2025-08-19T05:09:00.000,26.46,334.32,23.85,-11.47
2025-08-19T05:10:00.000,27.86,333.19,24.86,-12.57
2025-08-19T05:11:00.000,29.24,331.80,25.77,-13.82
2025-08-19T05:12:00.000,31.00,330.61,27.01,-15.21
2025-08-19T05:13:00.000,32.91,328.87,28.17,-17.01
2025-08-19T05:14:00.000,35.66,328.16,30.30,-18.81
2025-08-19T05:15:00.000,38.63,327.80,32.69,-20.59
2025-08-19T05:16:00.000,42.54,328.24,36.17,-22.39
2025-08-19T05:17:00.000,46.14,329.15,39.61,-23.66
2025-08-19T05:18:00.000,52.04,329.96,45.05,-26.05
2025-08-19T05:19:00.000,58.78,331.00,51.42,-28.50
2025-08-19T05:20:00.000,67.95,331.76,59.86,-32.16
2025-08-19T05:21:00.000,78.31,332.47,69.44,-36.20
2025-08-19T05:22:00.000,89.67,332.55,79.57,-41.33
2025-08-19T05:23:00.000,104.86,332.07,92.65,-49.11
2025-08-19T05:24:00.000,119.74,331.27,105.00,-57.56
2025-08-19T05:25:00.000,141.00,330.44,122.64,-69.57
2025-08-19T05:26:00.000,163.97,330.09,142.13,-81.77
2025-08-19T05:27:00.000,192.64,330.24,167.23,-95.63
2025-08-19T05:28:00.000,227.23,330.55,197.87,-111.71
2025-08-19T05:29:00.000,234.69,329.90,203.03,-117.72
2025-08-19T05:30:00.000,206.39,330.59,179.79,-101.35
2025-08-19T05:31:00.000,196.39,331.00,171.76,-95.21
2025-08-19T05:32:00.000,191.12,331.08,167.29,-92.42
2025-08-19T05:33:00.000,188.98,331.09,165.42,-91.37
2025-08-19T05:34:00.000,188.83,331.10,165.31,-91.26
2025-08-19T05:35:00.000,188.77,331.13,165.30,-91.15
2025-08-19T05:36:00.000,188.79,331.09,165.26,-91.26
2025-08-19T05:37:00.000,188.88,331.10,165.36,-91.28
2025-08-19T05:38:00.000,188.86,331.09,165.33,-91.29
2025-08-19T05:39:00.000,188.89,331.12,165.39,-91.24
2025-08-19T05:40:00.000,188.97,331.15,165.51,-91.19
2025-08-19T05:41:00.000,188.93,331.15,165.48,-91.16
2025-08-19T05:42:00.000,188.95,331.18,165.54,-91.09
2025-08-19T05:43:00.000,188.97,331.16,165.53,-91.16
2025-08-19T05:44:00.000,189.00,331.15,165.54,-91.21
2025-08-19T05:45:00.000,189.03,331.12,165.52,-91.30
2025-08-19T05:46:00.000,189.09,331.15,165.61,-91.25
2025-08-19T05:47:00.000,189.15,331.13,165.65,-91.31
2025-08-19T05:48:00.000,189.19,331.14,165.70,-91.32
2025-08-19T05:49:00.000,189.29,331.15,165.80,-91.32
2025-08-19T05:50:00.000,189.25,331.11,165.69,-91.44
2025-08-19T05:51:00.000,189.18,331.13,165.67,-91.33
2025-08-19T05:52:00.000,189.23,331.16,165.76,-91.28
2025-08-19T05:53:00.000,189.16,331.16,165.70,-91.23
2025-08-19T05:54:00.000,189.19,331.17,165.74,-91.22
2025-08-19T05:55:00.000,189.20,331.16,165.74,-91.27
2025-08-19T05:56:00.000,189.20,331.18,165.76,-91.21
2025-08-19T05:57:00.000,189.22,331.17,165.77,-91.23
2025-08-19T05:58:00.000,189.25,331.20,165.85,-91.17
2025-08-19T05:59:00.000,189.17,331.19,165.76,-91.15
2025-08-19T06:00:00.000,189.17,331.18,165.73,-91.20
2025-08-19T06:01:00.000,189.18,331.18,165.76,-91.18
2025-08-19T06:02:00.000,189.16,331.21,165.77,-91.10
2025-08-19T06:03:00.000,189.20,331.21,165.81,-91.11
2025-08-19T06:04:00.000,189.19,331.19,165.78,-91.17
2025-08-19T06:05:00.000,189.20,331.19,165.78,-91.18
2025-08-19T06:06:00.000,189.21,331.19,165.79,-91.18
2025-08-19T06:07:00.000,189.23,331.21,165.84,-91.14
2025-08-19T06:08:00.000,189.17,331.22,165.80,-91.08
2025-08-19T06:09:00.000,189.18,331.19,165.77,-91.17
2025-08-19T06:10:00.000,189.15,331.23,165.79,-91.04
2025-08-19T06:11:00.000,189.22,331.21,165.83,-91.12
2025-08-19T06:12:00.000,189.20,331.24,165.86,-91.03
2025-08-19T06:13:00.000,189.21,331.24,165.87,-91.03
2025-08-19T06:14:00.000,189.21,331.22,165.83,-91.10
2025-08-19T06:15:00.000,189.22,331.23,165.87,-91.07
2025-08-19T06:16:00.000,189.15,331.20,165.74,-91.13
2025-08-19T06:17:00.000,189.18,331.20,165.77,-91.15
2025-08-19T06:18:00.000,189.13,331.17,165.69,-91.19
2025-08-19T06:19:00.000,189.14,331.17,165.71,-91.20
2025-08-19T06:20:00.000,189.28,331.16,165.81,-91.30
2025-08-19T06:21:00.000,189.23,331.15,165.74,-91.32
2025-08-19T06:22:00.000,189.16,331.18,165.73,-91.19
2025-08-19T06:23:00.000,189.22,331.18,165.79,-91.21
2025-08-19T06:24:00.000,189.22,331.17,165.77,-91.24
2025-08-19T06:25:00.000,189.18,331.19,165.76,-91.18
2025-08-19T06:26:00.000,189.22,331.20,165.81,-91.17
2025-08-19T06:27:00.000,189.27,331.20,165.86,-91.18
2025-08-19T06:28:00.000,189.23,331.20,165.82,-91.18
2025-08-19T06:29:00.000,189.21,331.20,165.81,-91.14
2025-08-19T06:30:00.000,189.22,331.22,165.86,-91.09
2025-08-19T06:31:00.000,189.17,331.18,165.74,-91.18
2025-08-19T06:32:00.000,189.23,331.21,165.84,-91.13
2025-08-19T06:33:00.000,189.19,331.21,165.81,-91.11
2025-08-19T06:34:00.000,189.20,331.20,165.79,-91.16
2025-08-19T06:35:00.000,189.17,331.21,165.80,-91.10
2025-08-19T06:36:00.000,189.17,331.19,165.76,-91.17
2025-08-19T06:37:00.000,189.17,331.20,165.78,-91.12
2025-08-19T06:38:00.000,189.16,331.17,165.71,-91.23
2025-08-19T06:39:00.000,189.19,331.18,165.76,-91.21
2025-08-19T06:40:00.000,189.22,331.20,165.80,-91.17
2025-08-19T06:41:00.000,189.13,331.16,165.67,-91.24
2025-08-19T06:42:00.000,189.16,331.14,165.67,-91.31
2025-08-19T06:43:00.000,189.13,331.18,165.70,-91.17
2025-08-19T06:44:00.000,189.15,331.16,165.68,-91.25
2025-08-19T06:45:00.000,189.15,331.17,165.71,-91.21
2025-08-19T06:46:00.000,189.14,331.17,165.70,-91.21
2025-08-19T06:47:00.000,189.15,331.19,165.73,-91.17
2025-08-19T06:48:00.000,189.19,331.17,165.74,-91.23
2025-08-19T06:49:00.000,189.17,331.19,165.75,-91.17
2025-08-19T06:50:00.000,189.14,331.17,165.69,-91.21
2025-08-19T06:51:00.000,189.11,331.16,165.66,-91.21
2025-08-19T06:52:00.000,189.13,331.16,165.68,-91.22
2025-08-19T06:53:00.000,189.16,331.15,165.67,-91.28
2025-08-19T06:54:00.000,189.10,331.16,165.64,-91.23
2025-08-19T06:55:00.000,189.07,331.15,165.60,-91.24
2025-08-19T06:56:00.000,189.10,331.13,165.61,-91.29
2025-08-19T06:57:00.000,189.04,331.14,165.56,-91.26
2025-08-19T06:58:00.000,189.13,331.14,165.63,-91.30
2025-08-19T06:59:00.000,189.11,331.12,165.59,-91.34
2025-08-19T07:00:00.000,189.03,331.13,165.55,-91.26
2025-08-19T07:01:00.000,189.12,331.14,165.63,-91.29
2025-08-19T07:02:00.000,189.03,331.12,165.52,-91.30
2025-08-19T07:03:00.000,189.04,331.13,165.55,-91.27
2025-08-19T07:04:00.000,189.03,331.11,165.51,-91.33
2025-08-19T07:05:00.000,189.04,331.14,165.57,-91.24
2025-08-19T07:06:00.000,189.03,331.16,165.58,-91.18
2025-08-19T07:07:00.000,189.01,331.14,165.54,-91.22
2025-08-19T07:08:00.000,189.01,331.11,165.49,-91.31
2025-08-19T07:09:00.000,189.09,331.13,165.60,-91.29
2025-08-19T07:10:00.000,189.03,331.13,165.53,-91.28
2025-08-19T07:11:00.000,189.07,331.11,165.54,-91.34
2025-08-19T07:12:00.000,189.08,331.13,165.59,-91.28
2025-08-19T07:13:00.000,189.03,331.17,165.60,-91.16
2025-08-19T07:14:00.000,189.05,331.13,165.56,-91.27
2025-08-19T07:15:00.000,189.01,331.12,165.50,-91.29
2025-08-19T07:16:00.000,189.03,331.12,165.52,-91.31
2025-08-19T07:17:00.000,189.01,331.10,165.46,-91.36
2025-08-19T07:18:00.000,189.05,331.11,165.52,-91.35
2025-08-19T07:19:00.000,189.05,331.13,165.55,-91.29
2025-08-19T07:20:00.000,189.05,331.11,165.53,-91.32
2025-08-19T07:21:00.000,189.03,331.09,165.47,-91.39
2025-08-19T07:22:00.000,189.05,331.10,165.50,-91.38
2025-08-19T07:23:00.000,188.97,331.11,165.46,-91.28
2025-08-19T07:24:00.000,188.96,331.13,165.47,-91.24
2025-08-19T07:25:00.000,188.92,331.11,165.41,-91.26
2025-08-19T07:26:00.000,188.89,331.11,165.39,-91.26
2025-08-19T07:27:00.000,188.94,331.13,165.45,-91.24
2025-08-19T07:28:00.000,189.00,331.09,165.45,-91.36
2025-08-19T07:29:00.000,188.93,331.11,165.41,-91.29
2025-08-19T07:30:00.000,188.94,331.09,165.39,-91.34
2025-08-19T07:31:00.000,188.92,331.07,165.35,-91.38
2025-08-19T07:32:00.000,188.89,331.08,165.33,-91.36
2025-08-19T07:33:00.000,188.95,331.08,165.38,-91.37
2025-08-19T07:34:00.000,188.93,331.08,165.36,-91.37
2025-08-19T07:35:00.000,188.90,331.05,165.29,-91.45
2025-08-19T07:36:00.000,188.89,331.06,165.30,-91.41
2025-08-19T07:37:00.000,188.87,331.07,165.29,-91.37
2025-08-19T07:38:00.000,188.89,331.07,165.32,-91.38
2025-08-19T07:39:00.000,188.84,331.07,165.28,-91.35
2025-08-19T07:40:00.000,188.93,331.08,165.37,-91.35
2025-08-19T07:41:00.000,188.87,331.11,165.37,-91.24
2025-08-19T07:42:00.000,188.87,331.12,165.38,-91.22
2025-08-19T07:43:00.000,188.78,331.14,165.33,-91.13
2025-08-19T07:44:00.000,188.84,331.15,165.40,-91.12
2025-08-19T07:45:00.000,188.75,331.15,165.33,-91.06
2025-08-19T07:46:00.000,188.80,331.16,165.38,-91.07
2025-08-19T07:47:00.000,188.74,331.19,165.37,-90.96
2025-08-19T07:48:00.000,188.78,331.15,165.35,-91.08
2025-08-19T07:49:00.000,188.77,331.15,165.34,-91.07
2025-08-19T07:50:00.000,188.79,331.19,165.43,-90.98
2025-08-19T07:51:00.000,188.73,331.19,165.37,-90.96
2025-08-19T07:52:00.000,188.72,331.19,165.37,-90.93
2025-08-19T07:53:00.000,188.73,331.22,165.41,-90.87
2025-08-19T07:54:00.000,188.73,331.22,165.42,-90.86
2025-08-19T07:55:00.000,188.78,331.20,165.44,-90.93
2025-08-19T07:56:00.000,188.74,331.16,165.33,-91.04
2025-08-19T07:57:00.000,188.72,331.13,165.27,-91.11
2025-08-19T07:58:00.000,188.75,331.12,165.28,-91.15
2025-08-19T07:59:00.000,188.73,331.12,165.25,-91.16
2025-08-19T08:00:00.000,188.69,331.10,165.19,-91.19
2025-08-19T08:01:00.000,188.71,331.08,165.17,-91.27
2025-08-19T08:02:00.000,188.70,331.07,165.16,-91.28
2025-08-19T08:03:00.000,188.67,331.08,165.14,-91.24
2025-08-19T08:04:00.000,188.68,331.07,165.14,-91.27
2025-08-19T08:05:00.000,188.70,331.05,165.11,-91.35
2025-08-19T08:06:00.000,188.65,331.05,165.08,-91.32
2025-08-19T08:07:00.000,188.63,331.04,165.05,-91.34
2025-08-19T08:08:00.000,188.63,331.06,165.08,-91.28
2025-08-19T08:09:00.000,188.63,331.09,165.13,-91.18
2025-08-19T08:10:00.000,188.59,331.09,165.08,-91.18
2025-08-19T08:11:00.000,188.56,331.08,165.05,-91.17
2025-08-19T08:12:00.000,188.59,331.11,165.11,-91.11
2025-08-19T08:13:00.000,188.55,331.05,164.99,-91.28
2025-08-19T08:14:00.000,188.63,331.09,165.12,-91.19
2025-08-19T08:15:00.000,188.54,331.07,165.02,-91.20
2025-08-19T08:16:00.000,188.62,331.07,165.09,-91.24
2025-08-19T08:17:00.000,188.54,331.10,165.06,-91.13
2025-08-19T08:18:00.000,188.55,331.11,165.10,-91.08
2025-08-19T08:19:00.000,188.52,331.15,165.12,-90.95
2025-08-19T08:20:00.000,188.55,331.14,165.13,-91.02
2025-08-19T08:21:00.000,188.46,331.11,165.00,-91.06
2025-08-19T08:22:00.000,188.46,331.07,164.94,-91.17
2025-08-19T08:23:00.000,188.43,331.09,164.94,-91.10
2025-08-19T08:24:00.000,188.45,331.09,164.97,-91.10
2025-08-19T08:25:00.000,188.42,331.11,164.97,-91.03
2025-08-19T08:26:00.000,188.40,331.10,164.94,-91.04
2025-08-19T08:27:00.000,188.37,331.09,164.89,-91.08
2025-08-19T08:28:00.000,188.35,331.08,164.86,-91.09
2025-08-19T08:29:00.000,188.43,331.07,164.92,-91.14
2025-08-19T08:30:00.000,188.40,331.05,164.86,-91.20
2025-08-19T08:31:00.000,188.39,331.06,164.86,-91.16
2025-08-19T08:32:00.000,188.27,331.06,164.75,-91.11
2025-08-19T08:33:00.000,188.22,331.04,164.69,-91.12
2025-08-19T08:34:00.000,188.23,331.05,164.71,-91.10
2025-08-19T08:35:00.000,188.21,331.07,164.72,-91.05
2025-08-19T08:36:00.000,188.13,331.08,164.68,-90.97
2025-08-19T08:37:00.000,188.09,331.08,164.64,-90.95
2025-08-19T08:38:00.000,187.99,331.02,164.45,-91.07
2025-08-19T08:39:00.000,187.92,331.00,164.37,-91.09
2025-08-19T08:40:00.000,187.99,331.07,164.53,-90.95
2025-08-19T08:41:00.000,187.98,331.10,164.57,-90.85
2025-08-19T08:42:00.000,188.09,331.11,164.68,-90.88
2025-08-19T08:43:00.000,188.06,331.11,164.65,-90.87
2025-08-19T08:44:00.000,188.07,331.12,164.68,-90.83
2025-08-19T08:45:00.000,188.12,331.11,164.71,-90.87
2025-08-19T08:46:00.000,188.04,331.11,164.64,-90.84
2025-08-19T08:47:00.000,188.00,331.10,164.58,-90.87
2025-08-19T08:48:00.000,188.04,331.11,164.64,-90.84
2025-08-19T08:49:00.000,188.09,331.09,164.65,-90.93
2025-08-19T08:50:00.000,188.17,331.06,164.67,-91.06
2025-08-19T08:51:00.000,188.14,331.10,164.72,-90.92
2025-08-19T08:52:00.000,188.21,331.11,164.79,-90.93
2025-08-19T08:53:00.000,188.16,331.11,164.74,-90.91
2025-08-19T08:54:00.000,188.25,331.11,164.82,-90.95
2025-08-19T08:55:00.000,188.16,331.14,164.79,-90.83
2025-08-19T08:56:00.000,188.18,331.14,164.82,-90.82
2025-08-19T08:57:00.000,188.23,331.14,164.85,-90.85
2025-08-19T08:58:00.000,188.16,331.16,164.82,-90.77
2025-08-19T08:59:00.000,188.03,331.17,164.72,-90.68
2025-08-19T09:00:00.000,188.00,331.15,164.67,-90.70
2025-08-19T09:01:00.000,188.03,331.15,164.69,-90.73
2025-08-19T09:02:00.000,188.01,331.14,164.66,-90.74
2025-08-19T09:03:00.000,188.11,331.13,164.73,-90.83
2025-08-19T09:04:00.000,188.20,331.16,164.87,-90.77
2025-08-19T09:05:00.000,188.08,331.12,164.69,-90.84
2025-08-19T09:06:00.000,188.13,331.12,164.74,-90.85
2025-08-19T09:07:00.000,188.02,331.09,164.60,-90.88
2025-08-19T09:08:00.000,188.06,331.08,164.61,-90.95
2025-08-19T09:09:00.000,187.43,331.09,164.07,-90.61
2025-08-19T09:10:00.000,186.00,331.13,162.88,-89.81
2025-08-19T09:11:00.000,184.65,331.15,161.73,-89.10
2025-08-19T09:12:00.000,184.63,331.14,161.70,-89.11
2025-08-19T09:13:00.000,184.63,331.19,161.77,-88.99
2025-08-19T09:14:00.000,184.69,331.16,161.78,-89.08
2025-08-19T09:15:00.000,184.63,331.16,161.73,-89.05
2025-08-19T09:16:00.000,184.62,331.16,161.73,-89.04
2025-08-19T09:17:00.000,184.59,331.15,161.68,-89.06
2025-08-19T09:18:00.000,184.58,331.17,161.70,-89.02
2025-08-19T09:19:00.000,184.63,331.13,161.68,-89.14
2025-08-19T09:20:00.000,184.59,331.17,161.71,-89.02
2025-08-19T09:21:00.000,184.58,331.21,161.77,-88.89
2025-08-19T09:22:00.000,184.62,331.17,161.74,-89.01
2025-08-19T09:23:00.000,184.58,331.15,161.67,-89.08
2025-08-19T09:24:00.000,184.57,331.14,161.64,-89.09
2025-08-19T09:25:00.000,184.57,331.15,161.66,-89.05
2025-08-19T09:26:00.000,184.54,331.15,161.64,-89.04
2025-08-19T09:27:00.000,184.49,331.15,161.60,-89.02
2025-08-19T09:28:00.000,184.55,331.12,161.60,-89.14
2025-08-19T09:29:00.000,184.58,331.16,161.68,-89.04
2025-08-19T09:30:00.000,184.61,331.16,161.72,-89.04
2025-08-19T09:31:00.000,184.61,331.09,161.60,-89.26
2025-08-19T09:32:00.000,184.63,331.08,161.60,-89.29
2025-08-19T09:33:00.000,184.70,331.16,161.78,-89.10
2025-08-19T09:34:00.000,184.65,331.14,161.71,-89.14
2025-08-19T09:35:00.000,184.72,331.17,161.83,-89.06
2025-08-19T09:36:00.000,184.76,331.18,161.88,-89.07
2025-08-19T09:37:00.000,184.72,331.19,161.85,-89.03
2025-08-19T09:38:00.000,184.69,331.16,161.78,-89.08
2025-08-19T09:39:00.000,184.74,331.17,161.85,-89.08
2025-08-19T09:40:00.000,184.70,331.16,161.79,-89.10
2025-08-19T09:41:00.000,184.74,331.17,161.84,-89.08
2025-08-19T09:42:00.000,184.75,331.17,161.85,-89.10
2025-08-19T09:43:00.000,184.77,331.19,161.89,-89.05
2025-08-19T09:44:00.000,184.78,331.19,161.90,-89.05
2025-08-19T09:45:00.000,184.70,331.19,161.84,-89.01
2025-08-19T09:46:00.000,184.69,331.17,161.79,-89.06
2025-08-19T09:47:00.000,184.71,331.15,161.79,-89.12
2025-08-19T09:48:00.000,184.75,331.14,161.81,-89.16
2025-08-19T09:49:00.000,184.66,331.15,161.74,-89.10
2025-08-19T09:50:00.000,83.62,332.99,74.50,-37.97
2025-08-19T09:51:00.000,34.41,205.03,-31.18,-14.56
2025-08-19T09:52:00.000,5.52,31.10,4.72,2.85
