ISO 8601 Time,Speed (cm/s),Heading (degrees),Velocity-N (cm/s),Velocity-E (cm/s)
2025-08-07T14:03:00.000,41.28,39.74,31.75,26.39
2025-08-07T14:04:00.000,248.45,192.34,-242.71,-53.09
2025-08-07T14:05:00.000,197.82,298.57,94.60,-173.73
2025-08-07T14:06:00.000,198.02,298.58,94.72,-173.89
2025-08-07T14:07:00.000,198.04,298.60,94.79,-173.88
2025-08-07T14:08:00.000,198.19,298.65,95.03,-173.92
2025-08-07T14:09:00.000,198.38,298.67,95.16,-174.07
2025-08-07T14:10:00.000,198.46,298.70,95.31,-174.07
2025-08-07T14:11:00.000,198.52,298.73,95.42,-174.09
2025-08-07T14:12:00.000,198.60,298.71,95.40,-174.19
2025-08-07T14:13:00.000,198.64,298.74,95.51,-174.17
2025-08-07T14:14:00.000,198.71,298.73,95.53,-174.24
2025-08-07T14:15:00.000,198.80,298.79,95.75,-174.22
2025-08-07T14:16:00.000,198.79,298.79,95.72,-174.22
2025-08-07T14:17:00.000,198.88,298.79,95.78,-174.29
2025-08-07T14:18:00.000,198.97,298.77,95.77,-174.40
2025-08-07T14:19:00.000,198.88,298.76,95.70,-174.34
2025-08-07T14:20:00.000,198.68,298.76,95.59,-174.17
2025-08-07T14:21:00.000,198.51,298.76,95.50,-174.03
2025-08-07T14:22:00.000,198.59,298.85,95.82,-173.94
2025-08-07T14:23:00.000,198.50,299.95,99.11,-171.99
2025-08-07T14:24:00.000,199.33,301.03,102.76,-170.80
2025-08-07T14:25:00.000,211.63,1.61,211.54,5.95
2025-08-07T14:26:00.000,225.97,79.86,39.78,222.44
2025-08-07T14:27:00.000,215.24,93.73,-13.99,214.79
2025-08-07T14:28:00.000,204.54,100.79,-38.29,200.92
2025-08-07T14:29:00.000,179.70,89.06,2.95,179.67
2025-08-07T14:30:00.000,149.99,40.62,113.85,97.65
2025-08-07T14:31:00.000,125.54,25.67,113.15,54.38
2025-08-07T14:32:00.000,113.35,68.78,41.03,105.67
2025-08-07T14:33:00.000,96.30,67.13,37.43,88.73
2025-08-07T14:34:00.000,84.12,77.45,18.28,82.11
2025-08-07T14:35:00.000,76.06,77.43,16.56,74.24
2025-08-07T14:36:00.000,64.39,71.20,20.75,60.95
2025-08-07T14:37:00.000,57.13,66.65,22.64,52.45
2025-08-07T14:38:00.000,51.62,80.67,8.37,50.93
2025-08-07T14:39:00.000,45.63,69.61,15.90,42.77
2025-08-07T14:40:00.000,41.32,52.58,25.11,32.82
2025-08-07T14:41:00.000,38.48,73.60,10.87,36.91
2025-08-07T14:42:00.000,36.04,74.77,9.47,34.77
2025-08-07T14:43:00.000,33.68,67.07,13.12,31.02
2025-08-07T14:44:00.000,31.56,58.00,16.72,26.76
2025-08-07T14:45:00.000,30.10,56.06,16.80,24.97
2025-08-07T14:46:00.000,28.94,76.21,6.90,28.10
2025-08-07T14:47:00.000,27.52,60.81,13.42,24.02
2025-08-07T14:48:00.000,26.20,57.42,14.11,22.08
2025-08-07T14:49:00.000,24.47,42.68,17.99,16.59
2025-08-07T14:50:00.000,23.03,45.24,16.22,16.35
2025-08-07T14:51:00.000,21.06,23.46,19.32,8.38
2025-08-07T14:52:00.000,19.11,25.57,17.24,8.25
2025-08-07T14:53:00.000,17.29,43.26,12.59,11.85
2025-08-07T14:54:00.000,13.44,17.96,12.78,4.14
2025-08-07T14:55:00.000,10.15,8.65,10.03,1.53
2025-08-07T14:56:00.000,6.79,5.45,6.76,0.65
2025-08-07T14:57:00.000,3.70,6.30,3.67,0.41
2025-08-07T14:58:00.000,2.08,359.76,2.08,-0.01
2025-08-07T14:59:00.000,1.65,359.98,1.65,-0.00
2025-08-07T15:00:00.000,1.56,352.88,1.55,-0.19
2025-08-07T15:01:00.000,1.44,353.93,1.43,-0.15
2025-08-07T15:02:00.000,1.42,353.74,1.41,-0.15
2025-08-07T15:03:00.000,1.37,353.20,1.36,-0.16
2025-08-07T15:04:00.000,1.40,352.25,1.39,-0.19
2025-08-07T15:05:00.000,1.45,354.13,1.45,-0.15
2025-08-07T15:06:00.000,1.40,349.30,1.38,-0.26
2025-08-07T15:07:00.000,1.42,354.31,1.41,-0.14
2025-08-07T15:08:00.000,1.51,353.21,1.50,-0.18
2025-08-07T15:09:00.000,1.50,0.78,1.50,0.02
2025-08-07T15:10:00.000,1.53,5.64,1.52,0.15
2025-08-07T15:11:00.000,1.54,6.70,1.53,0.18
2025-08-07T15:12:00.000,1.54,5.52,1.53,0.15
2025-08-07T15:13:00.000,1.47,355.90,1.47,-0.11
2025-08-07T15:14:00.000,1.44,352.61,1.43,-0.19
2025-08-07T15:15:00.000,1.62,1.48,1.62,0.04
2025-08-07T15:16:00.000,1.56,359.83,1.56,-0.00
2025-08-07T15:17:00.000,1.52,355.96,1.52,-0.11
2025-08-07T15:18:00.000,1.48,357.77,1.48,-0.06
2025-08-07T15:19:00.000,1.57,4.61,1.56,0.13
2025-08-07T15:20:00.000,1.55,4.47,1.55,0.12
2025-08-07T15:21:00.000,1.60,7.72,1.58,0.21
2025-08-07T15:22:00.000,1.70,17.33,1.62,0.51
2025-08-07T15:23:00.000,1.65,13.19,1.60,0.38
2025-08-07T15:24:00.000,1.82,16.24,1.74,0.51
2025-08-07T15:25:00.000,1.61,14.46,1.55,0.40
2025-08-07T15:26:00.000,1.56,6.58,1.55,0.18
2025-08-07T15:27:00.000,1.51,5.70,1.50,0.15
2025-08-07T15:28:00.000,1.49,6.37,1.48,0.17
2025-08-07T15:29:00.000,1.47,8.42,1.46,0.22
2025-08-07T15:30:00.000,1.57,14.12,1.53,0.38
2025-08-07T15:31:00.000,1.71,21.98,1.58,0.64
2025-08-07T15:32:00.000,2.59,35.98,2.10,1.52
2025-08-07T15:33:00.000,2.83,41.89,2.11,1.89
2025-08-07T15:34:00.000,1.79,27.10,1.59,0.81
2025-08-07T15:35:00.000,1.60,23.53,1.46,0.64
2025-08-07T15:36:00.000,1.41,14.36,1.37,0.35
2025-08-07T15:37:00.000,1.36,7.35,1.35,0.17
2025-08-07T15:38:00.000,1.26,7.11,1.25,0.16
2025-08-07T15:39:00.000,1.21,6.00,1.20,0.13
2025-08-07T15:40:00.000,1.32,5.91,1.31,0.14
2025-08-07T15:41:00.000,1.31,17.37,1.25,0.39
2025-08-07T15:42:00.000,1.28,1.20,1.28,0.03
2025-08-07T15:43:00.000,1.15,356.99,1.14,-0.06
2025-08-07T15:44:00.000,1.76,12.67,1.72,0.39
2025-08-07T15:45:00.000,1.63,10.66,1.60,0.30
2025-08-07T15:46:00.000,2.03,9.30,2.00,0.33
2025-08-07T15:47:00.000,1.67,11.21,1.64,0.32
2025-08-07T15:48:00.000,1.50,7.30,1.49,0.19
2025-08-07T15:49:00.000,1.44,5.28,1.43,0.13
2025-08-07T15:50:00.000,1.44,5.57,1.43,0.14
2025-08-07T15:51:00.000,1.45,6.37,1.44,0.16
2025-08-07T15:52:00.000,1.48,4.53,1.47,0.12
2025-08-07T15:53:00.000,1.55,6.28,1.54,0.17
2025-08-07T15:54:00.000,1.72,19.59,1.62,0.58
2025-08-07T15:55:00.000,1.94,25.47,1.75,0.84
2025-08-07T15:56:00.000,2.20,22.47,2.03,0.84
2025-08-07T15:57:00.000,2.38,30.69,2.05,1.22
2025-08-07T15:58:00.000,2.27,29.94,1.97,1.13
2025-08-07T15:59:00.000,2.15,28.60,1.89,1.03
2025-08-07T16:00:00.000,1.81,16.92,1.74,0.53
2025-08-07T16:01:00.000,1.47,7.47,1.46,0.19
2025-08-07T16:02:00.000,1.45,13.17,1.41,0.33
2025-08-07T16:03:00.000,1.44,11.57,1.41,0.29
2025-08-07T16:04:00.000,1.69,25.22,1.53,0.72
2025-08-07T16:05:00.000,2.47,41.32,1.85,1.63
2025-08-07T16:06:00.000,2.26,29.41,1.97,1.11
2025-08-07T16:07:00.000,1.81,25.10,1.64,0.77
2025-08-07T16:08:00.000,1.74,23.72,1.60,0.70
2025-08-07T16:09:00.000,1.82,22.60,1.68,0.70
2025-08-07T16:10:00.000,1.74,10.91,1.70,0.33
2025-08-07T16:11:00.000,1.53,7.68,1.52,0.20
2025-08-07T16:12:00.000,1.46,4.13,1.46,0.11
2025-08-07T16:13:00.000,1.43,2.21,1.43,0.06
2025-08-07T16:14:00.000,1.42,359.92,1.42,-0.00
2025-08-07T16:15:00.000,1.44,358.13,1.44,-0.05
2025-08-07T16:16:00.000,1.38,357.74,1.38,-0.05
2025-08-07T16:17:00.000,1.29,351.55,1.27,-0.19
2025-08-07T16:18:00.000,1.47,1.42,1.47,0.04
2025-08-07T16:19:00.000,1.41,7.90,1.40,0.19
2025-08-07T16:20:00.000,1.40,3.49,1.40,0.09
2025-08-07T16:21:00.000,1.41,0.64,1.41,0.02
2025-08-07T16:22:00.000,1.41,359.75,1.41,-0.01
2025-08-07T16:23:00.000,1.42,358.24,1.42,-0.04
2025-08-07T16:24:00.000,1.41,357.34,1.41,-0.07
2025-08-07T16:25:00.000,1.37,357.71,1.37,-0.05
2025-08-07T16:26:00.000,1.37,355.89,1.37,-0.10
2025-08-07T16:27:00.000,1.38,355.71,1.38,-0.10
2025-08-07T16:28:00.000,1.40,356.37,1.40,-0.09
2025-08-07T16:29:00.000,1.40,356.94,1.40,-0.07
2025-08-07T16:30:00.000,1.42,357.81,1.42,-0.05
2025-08-07T16:31:00.000,1.42,358.20,1.42,-0.04
2025-08-07T16:32:00.000,1.42,358.38,1.42,-0.04
2025-08-07T16:33:00.000,1.43,359.26,1.43,-0.02
2025-08-07T16:34:00.000,1.42,356.36,1.42,-0.09
2025-08-07T16:35:00.000,1.42,357.19,1.41,-0.07
2025-08-07T16:36:00.000,1.41,357.07,1.41,-0.07
2025-08-07T16:37:00.000,1.44,0.01,1.44,0.00
2025-08-07T16:38:00.000,1.40,355.92,1.40,-0.10
2025-08-07T16:39:00.000,1.37,355.98,1.37,-0.10
2025-08-07T16:40:00.000,1.37,357.02,1.37,-0.07
2025-08-07T16:41:00.000,1.34,357.49,1.34,-0.06
2025-08-07T16:42:00.000,1.37,355.95,1.37,-0.10
2025-08-07T16:43:00.000,1.38,355.89,1.38,-0.10
2025-08-07T16:44:00.000,1.36,355.70,1.36,-0.10
2025-08-07T16:45:00.000,1.36,352.45,1.35,-0.18
2025-08-07T16:46:00.000,1.40,353.53,1.39,-0.16
2025-08-07T16:47:00.000,1.39,353.06,1.38,-0.17
2025-08-07T16:48:00.000,1.38,353.85,1.37,-0.15
2025-08-07T16:49:00.000,1.38,354.24,1.37,-0.14
2025-08-07T16:50:00.000,1.38,354.92,1.38,-0.12
2025-08-07T16:51:00.000,1.36,356.01,1.36,-0.09
2025-08-07T16:52:00.000,1.38,354.70,1.37,-0.13
2025-08-07T16:53:00.000,1.40,355.57,1.39,-0.11
2025-08-07T16:54:00.000,1.51,359.78,1.51,-0.01
2025-08-07T16:55:00.000,1.39,354.78,1.38,-0.13
2025-08-07T16:56:00.000,1.41,351.97,1.40,-0.20
2025-08-07T16:57:00.000,1.41,350.73,1.39,-0.23
2025-08-07T16:58:00.000,1.35,350.04,1.33,-0.23
2025-08-07T16:59:00.000,1.38,349.43,1.36,-0.25
2025-08-07T17:00:00.000,1.31,349.30,1.29,-0.24
2025-08-07T17:01:00.000,1.36,349.21,1.33,-0.25
2025-08-07T17:02:00.000,1.35,349.91,1.33,-0.24
2025-08-07T17:03:00.000,1.36,349.27,1.34,-0.25
2025-08-07T17:04:00.000,1.36,350.31,1.34,-0.23
2025-08-07T17:05:00.000,1.36,349.52,1.33,-0.25
2025-08-07T17:06:00.000,1.33,345.83,1.28,-0.32
2025-08-07T17:07:00.000,1.26,339.77,1.18,-0.44
2025-08-07T17:08:00.000,1.22,327.31,1.03,-0.66
2025-08-07T17:09:00.000,1.18,316.29,0.85,-0.81
2025-08-07T17:10:00.000,1.28,309.82,0.82,-0.99
2025-08-07T17:11:00.000,1.24,308.75,0.78,-0.97
2025-08-07T17:12:00.000,1.20,307.08,0.72,-0.95
2025-08-07T17:13:00.000,1.02,306.57,0.61,-0.82
2025-08-07T17:14:00.000,1.29,296.10,0.57,-1.16
2025-08-07T17:15:00.000,1.14,307.78,0.70,-0.90
2025-08-07T17:16:00.000,1.02,303.83,0.57,-0.84
2025-08-07T17:17:00.000,1.25,277.91,0.17,-1.24
2025-08-07T17:18:00.000,1.71,268.31,-0.05,-1.71
2025-08-07T17:19:00.000,1.71,270.54,0.02,-1.71
2025-08-07T17:20:00.000,1.86,264.45,-0.18,-1.85
2025-08-07T17:21:00.000,2.20,249.42,-0.77,-2.06
2025-08-07T17:22:00.000,1.77,261.03,-0.28,-1.75
2025-08-07T17:23:00.000,1.08,282.87,0.24,-1.05
2025-08-07T17:24:00.000,1.07,292.84,0.41,-0.98
2025-08-07T17:25:00.000,0.85,305.62,0.50,-0.69
2025-08-07T17:26:00.000,0.99,331.37,0.87,-0.48
2025-08-07T17:27:00.000,0.92,326.70,0.77,-0.51
2025-08-07T17:28:00.000,0.96,333.88,0.86,-0.42
2025-08-07T17:29:00.000,0.96,332.78,0.85,-0.44
2025-08-07T17:30:00.000,0.97,331.35,0.85,-0.46
2025-08-07T17:31:00.000,0.98,330.12,0.85,-0.49
2025-08-07T17:32:00.000,1.07,337.55,0.99,-0.41
2025-08-07T17:33:00.000,1.05,328.71,0.89,-0.54
2025-08-07T17:34:00.000,1.10,319.35,0.83,-0.72
2025-08-07T17:35:00.000,1.11,331.73,0.98,-0.53
2025-08-07T17:36:00.000,1.10,334.10,0.99,-0.48
2025-08-07T17:37:00.000,1.13,332.52,1.01,-0.52
2025-08-07T17:38:00.000,1.14,334.07,1.02,-0.50
2025-08-07T17:39:00.000,1.05,339.24,0.99,-0.37
2025-08-07T17:40:00.000,1.06,329.50,0.92,-0.54
2025-08-07T17:41:00.000,1.12,308.98,0.70,-0.87
2025-08-07T17:42:00.000,1.09,316.38,0.79,-0.75
2025-08-07T17:43:00.000,1.13,302.91,0.62,-0.95
2025-08-07T17:44:00.000,1.12,291.91,0.42,-1.04
2025-08-07T17:45:00.000,1.13,312.41,0.76,-0.83
2025-08-07T17:46:00.000,1.07,309.43,0.68,-0.83
2025-08-07T17:47:00.000,1.07,309.33,0.68,-0.83
2025-08-07T17:48:00.000,1.07,310.83,0.70,-0.81
2025-08-07T17:49:00.000,1.09,311.49,0.72,-0.82
2025-08-07T17:50:00.000,1.06,329.33,0.92,-0.54
2025-08-07T17:51:00.000,1.09,315.57,0.78,-0.76
2025-08-07T17:52:00.000,1.02,300.48,0.52,-0.88
2025-08-07T17:53:00.000,1.17,283.69,0.28,-1.14
2025-08-07T17:54:00.000,1.14,280.78,0.21,-1.12
2025-08-07T17:55:00.000,0.82,339.65,0.76,-0.28
2025-08-07T17:56:00.000,0.88,338.60,0.82,-0.32
2025-08-07T17:57:00.000,1.04,331.23,0.91,-0.50
2025-08-07T17:58:00.000,1.08,337.72,1.00,-0.41
2025-08-07T17:59:00.000,1.10,337.06,1.01,-0.43
2025-08-07T18:00:00.000,1.06,331.61,0.93,-0.50
2025-08-07T18:01:00.000,1.10,325.64,0.90,-0.62
2025-08-07T18:02:00.000,1.08,322.95,0.86,-0.65
2025-08-07T18:03:00.000,1.09,319.60,0.83,-0.70
2025-08-07T18:04:00.000,1.02,322.01,0.80,-0.63
2025-08-07T18:05:00.000,1.03,321.15,0.80,-0.64
2025-08-07T18:06:00.000,1.08,336.78,0.99,-0.43
2025-08-07T18:07:00.000,1.04,335.61,0.95,-0.43
2025-08-07T18:08:00.000,1.12,347.38,1.09,-0.24
2025-08-07T18:09:00.000,1.13,339.77,1.06,-0.39
2025-08-07T18:10:00.000,1.20,344.62,1.16,-0.32
2025-08-07T18:11:00.000,0.99,343.76,0.95,-0.28
2025-08-07T18:12:00.000,1.10,340.17,1.04,-0.37
2025-08-07T18:13:00.000,1.23,351.11,1.21,-0.19
2025-08-07T18:14:00.000,1.20,349.32,1.18,-0.22
2025-08-07T18:15:00.000,1.22,349.70,1.20,-0.22
2025-08-07T18:16:00.000,1.19,348.76,1.17,-0.23
2025-08-07T18:17:00.000,1.20,347.10,1.17,-0.27
2025-08-07T18:18:00.000,1.15,346.09,1.12,-0.28
2025-08-07T18:19:00.000,1.19,343.48,1.14,-0.34
2025-08-07T18:20:00.000,1.18,342.82,1.13,-0.35
2025-08-07T18:21:00.000,1.14,340.64,1.07,-0.38
2025-08-07T18:22:00.000,1.20,338.91,1.12,-0.43
2025-08-07T18:23:00.000,1.08,335.34,0.98,-0.45
2025-08-07T18:24:00.000,1.13,337.96,1.05,-0.42
2025-08-07T18:25:00.000,1.20,334.68,1.09,-0.51
2025-08-07T18:26:00.000,1.17,335.92,1.07,-0.48
2025-08-07T18:27:00.000,1.21,338.86,1.13,-0.44
2025-08-07T18:28:00.000,1.17,338.23,1.09,-0.44
2025-08-07T18:29:00.000,1.17,338.06,1.09,-0.44
2025-08-07T18:30:00.000,1.18,339.46,1.10,-0.41
2025-08-07T18:31:00.000,1.20,335.46,1.09,-0.50
2025-08-07T18:32:00.000,1.11,328.67,0.95,-0.58
2025-08-07T18:33:00.000,1.13,325.35,0.93,-0.64
2025-08-07T18:34:00.000,1.11,336.13,1.02,-0.45
2025-08-07T18:35:00.000,1.10,335.04,1.00,-0.47
2025-08-07T18:36:00.000,1.04,334.17,0.93,-0.45
2025-08-07T18:37:00.000,1.13,332.57,1.00,-0.52
2025-08-07T18:38:00.000,1.15,319.29,0.87,-0.75
2025-08-07T18:39:00.000,1.15,306.27,0.68,-0.92
2025-08-07T18:40:00.000,0.99,299.58,0.49,-0.86
2025-08-07T18:41:00.000,1.09,301.10,0.56,-0.93
2025-08-07T18:42:00.000,1.10,301.66,0.58,-0.93
2025-08-07T18:43:00.000,1.09,321.28,0.85,-0.68
2025-08-07T18:44:00.000,1.11,324.67,0.90,-0.64
2025-08-07T18:45:00.000,1.11,332.40,0.99,-0.52
2025-08-07T18:46:00.000,1.16,334.16,1.05,-0.51
2025-08-07T18:47:00.000,1.16,330.87,1.01,-0.56
2025-08-07T18:48:00.000,1.15,326.64,0.96,-0.63
2025-08-07T18:49:00.000,1.23,328.78,1.05,-0.64
2025-08-07T18:50:00.000,1.24,330.81,1.09,-0.61
2025-08-07T18:51:00.000,1.26,334.42,1.14,-0.54
2025-08-07T18:52:00.000,1.25,339.20,1.17,-0.44
2025-08-07T18:53:00.000,1.20,337.44,1.10,-0.46
2025-08-07T18:54:00.000,1.24,340.94,1.17,-0.41
2025-08-07T18:55:00.000,1.23,335.70,1.12,-0.51
2025-08-07T18:56:00.000,1.23,337.98,1.14,-0.46
2025-08-07T18:57:00.000,1.26,340.15,1.18,-0.43
2025-08-07T18:58:00.000,1.37,338.61,1.28,-0.50
2025-08-07T18:59:00.000,1.31,341.10,1.24,-0.42
2025-08-07T19:00:00.000,1.30,342.24,1.24,-0.40
2025-08-07T19:01:00.000,1.32,345.73,1.28,-0.33
2025-08-07T19:02:00.000,1.30,342.49,1.24,-0.39
2025-08-07T19:03:00.000,1.33,346.78,1.29,-0.30
2025-08-07T19:04:00.000,1.33,346.89,1.30,-0.30
2025-08-07T19:05:00.000,1.34,346.40,1.30,-0.31
2025-08-07T19:06:00.000,1.35,348.09,1.32,-0.28
2025-08-07T19:07:00.000,1.37,347.75,1.34,-0.29
2025-08-07T19:08:00.000,1.41,344.38,1.35,-0.38
2025-08-07T19:09:00.000,1.41,346.21,1.36,-0.34
2025-08-07T19:10:00.000,1.51,351.33,1.49,-0.23
2025-08-07T19:11:00.000,1.42,349.80,1.40,-0.25
2025-08-07T19:12:00.000,1.48,344.25,1.42,-0.40
2025-08-07T19:13:00.000,1.41,347.81,1.38,-0.30
2025-08-07T19:14:00.000,1.39,349.12,1.37,-0.26
2025-08-07T19:15:00.000,1.40,349.73,1.38,-0.25
2025-08-07T19:16:00.000,1.39,349.18,1.37,-0.26
2025-08-07T19:17:00.000,1.42,348.16,1.39,-0.29
2025-08-07T19:18:00.000,1.40,349.01,1.37,-0.27
2025-08-07T19:19:00.000,1.40,347.13,1.36,-0.31
2025-08-07T19:20:00.000,1.40,344.49,1.35,-0.38
2025-08-07T19:21:00.000,1.39,347.44,1.35,-0.30
2025-08-07T19:22:00.000,1.38,346.29,1.34,-0.33
2025-08-07T19:23:00.000,1.32,341.42,1.25,-0.42
2025-08-07T19:24:00.000,1.28,339.60,1.20,-0.45
2025-08-07T19:25:00.000,1.57,322.73,1.25,-0.95
2025-08-07T19:26:00.000,1.36,332.63,1.21,-0.62
2025-08-07T19:27:00.000,1.33,341.01,1.26,-0.43
2025-08-07T19:28:00.000,1.36,341.49,1.29,-0.43
2025-08-07T19:29:00.000,1.38,341.99,1.31,-0.43
2025-08-07T19:30:00.000,1.35,341.50,1.28,-0.43
2025-08-07T19:31:00.000,1.38,343.09,1.32,-0.40
2025-08-07T19:32:00.000,1.37,341.26,1.30,-0.44
2025-08-07T19:33:00.000,1.35,340.96,1.28,-0.44
2025-08-07T19:34:00.000,1.32,340.19,1.25,-0.45
2025-08-07T19:35:00.000,1.32,334.78,1.20,-0.56
2025-08-07T19:36:00.000,1.35,339.52,1.26,-0.47
2025-08-07T19:37:00.000,1.35,341.49,1.28,-0.43
2025-08-07T19:38:00.000,1.31,343.13,1.25,-0.38
2025-08-07T19:39:00.000,1.35,343.98,1.30,-0.37
2025-08-07T19:40:00.000,1.32,346.73,1.28,-0.30
2025-08-07T19:41:00.000,1.32,345.73,1.28,-0.33
2025-08-07T19:42:00.000,1.35,346.05,1.31,-0.32
2025-08-07T19:43:00.000,1.35,344.90,1.30,-0.35
2025-08-07T19:44:00.000,1.36,345.26,1.32,-0.35
2025-08-07T19:45:00.000,1.37,345.49,1.33,-0.34
2025-08-07T19:46:00.000,1.39,341.62,1.32,-0.44
2025-08-07T19:47:00.000,1.49,343.78,1.43,-0.42
2025-08-07T19:48:00.000,1.45,348.47,1.42,-0.29
2025-08-07T19:49:00.000,1.45,347.04,1.41,-0.32
2025-08-07T19:50:00.000,1.44,347.81,1.40,-0.30
2025-08-07T19:51:00.000,1.42,346.63,1.38,-0.33
2025-08-07T19:52:00.000,1.48,346.11,1.44,-0.36
2025-08-07T19:53:00.000,1.42,351.49,1.40,-0.21
2025-08-07T19:54:00.000,1.43,348.03,1.40,-0.30
2025-08-07T19:55:00.000,1.46,348.78,1.43,-0.28
2025-08-07T19:56:00.000,1.45,348.64,1.42,-0.29
2025-08-07T19:57:00.000,1.39,349.93,1.37,-0.24
2025-08-07T19:58:00.000,1.42,350.05,1.40,-0.24
2025-08-07T19:59:00.000,1.41,351.06,1.39,-0.22
2025-08-07T20:00:00.000,1.43,350.97,1.41,-0.22
2025-08-07T20:01:00.000,1.41,350.76,1.39,-0.23
2025-08-07T20:02:00.000,1.42,351.10,1.40,-0.22
2025-08-07T20:03:00.000,1.41,351.38,1.39,-0.21
2025-08-07T20:04:00.000,1.39,351.74,1.38,-0.20
2025-08-07T20:05:00.000,1.40,351.03,1.38,-0.22
2025-08-07T20:06:00.000,1.41,349.93,1.39,-0.25
2025-08-07T20:07:00.000,1.40,349.95,1.37,-0.24
2025-08-07T20:08:00.000,1.38,351.08,1.36,-0.21
2025-08-07T20:09:00.000,1.37,350.23,1.35,-0.23
2025-08-07T20:10:00.000,1.41,349.93,1.39,-0.25
2025-08-07T20:11:00.000,1.39,348.99,1.36,-0.27
2025-08-07T20:12:00.000,1.39,350.72,1.37,-0.22
2025-08-07T20:13:00.000,1.36,351.17,1.34,-0.21
2025-08-07T20:14:00.000,1.44,350.84,1.42,-0.23
2025-08-07T20:15:00.000,1.41,352.25,1.39,-0.19
2025-08-07T20:16:00.000,1.41,350.53,1.39,-0.23
2025-08-07T20:17:00.000,1.42,352.85,1.41,-0.18
2025-08-07T20:18:00.000,1.39,351.78,1.37,-0.20
2025-08-07T20:19:00.000,1.38,351.26,1.37,-0.21
2025-08-07T20:20:00.000,1.41,349.97,1.39,-0.25
2025-08-07T20:21:00.000,1.42,348.23,1.39,-0.29
2025-08-07T20:22:00.000,1.39,349.81,1.37,-0.25
2025-08-07T20:23:00.000,1.41,349.57,1.39,-0.26
2025-08-07T20:24:00.000,1.40,350.30,1.38,-0.24
2025-08-07T20:25:00.000,1.41,351.06,1.39,-0.22
2025-08-07T20:26:00.000,1.41,349.67,1.38,-0.25
2025-08-07T20:27:00.000,1.42,348.55,1.39,-0.28
2025-08-07T20:28:00.000,1.39,349.64,1.36,-0.25
2025-08-07T20:29:00.000,1.40,348.36,1.37,-0.28
2025-08-07T20:30:00.000,1.37,347.78,1.34,-0.29
2025-08-07T20:31:00.000,1.40,343.86,1.34,-0.39
2025-08-07T20:32:00.000,1.36,345.71,1.32,-0.34
2025-08-07T20:33:00.000,1.34,345.93,1.30,-0.32
2025-08-07T20:34:00.000,1.34,342.50,1.27,-0.40
2025-08-07T20:35:00.000,1.33,341.53,1.26,-0.42
2025-08-07T20:36:00.000,1.29,339.47,1.21,-0.45
2025-08-07T20:37:00.000,1.26,339.97,1.18,-0.43
2025-08-07T20:38:00.000,1.26,339.51,1.18,-0.44
2025-08-07T20:39:00.000,1.25,338.49,1.17,-0.46
2025-08-07T20:40:00.000,1.20,338.39,1.12,-0.44
2025-08-07T20:41:00.000,1.18,338.41,1.10,-0.43
2025-08-07T20:42:00.000,1.17,341.40,1.11,-0.37
2025-08-07T20:43:00.000,1.16,341.33,1.10,-0.37
2025-08-07T20:44:00.000,1.21,343.19,1.16,-0.35
2025-08-07T20:45:00.000,1.28,346.11,1.25,-0.31
2025-08-07T20:46:00.000,1.27,344.52,1.22,-0.34
2025-08-07T20:47:00.000,1.27,345.18,1.22,-0.32
2025-08-07T20:48:00.000,1.26,347.25,1.23,-0.28
2025-08-07T20:49:00.000,1.28,348.06,1.26,-0.27
2025-08-07T20:50:00.000,1.29,346.76,1.26,-0.30
2025-08-07T20:51:00.000,1.30,347.01,1.27,-0.29
2025-08-07T20:52:00.000,1.31,347.43,1.28,-0.28
2025-08-07T20:53:00.000,1.29,345.57,1.25,-0.32
2025-08-07T20:54:00.000,1.19,344.63,1.15,-0.32
2025-08-07T20:55:00.000,1.26,340.60,1.18,-0.42
2025-08-07T20:56:00.000,1.22,342.28,1.16,-0.37
2025-08-07T20:57:00.000,1.22,342.13,1.16,-0.37
2025-08-07T20:58:00.000,1.26,343.34,1.20,-0.36
2025-08-07T20:59:00.000,1.24,344.63,1.19,-0.33
2025-08-07T21:00:00.000,1.27,342.37,1.21,-0.39
2025-08-07T21:01:00.000,1.25,342.10,1.19,-0.38
2025-08-07T21:02:00.000,1.24,344.30,1.20,-0.34
2025-08-07T21:03:00.000,1.24,345.26,1.20,-0.32
2025-08-07T21:04:00.000,1.22,343.54,1.17,-0.34
2025-08-07T21:05:00.000,1.22,342.62,1.16,-0.36
2025-08-07T21:06:00.000,1.27,346.80,1.23,-0.29
2025-08-07T21:07:00.000,1.26,345.61,1.23,-0.31
2025-08-07T21:08:00.000,1.30,346.33,1.26,-0.31
2025-08-07T21:09:00.000,1.30,346.68,1.26,-0.30
2025-08-07T21:10:00.000,1.25,345.50,1.21,-0.31
2025-08-07T21:11:00.000,1.25,345.64,1.22,-0.31
2025-08-07T21:12:00.000,1.29,346.08,1.25,-0.31
2025-08-07T21:13:00.000,1.29,346.71,1.25,-0.30
2025-08-07T21:14:00.000,1.23,346.21,1.19,-0.29
2025-08-07T21:15:00.000,1.26,345.54,1.22,-0.32
2025-08-07T21:16:00.000,1.27,345.79,1.23,-0.31
2025-08-07T21:17:00.000,1.30,347.62,1.27,-0.28
2025-08-07T21:18:00.000,1.30,346.39,1.27,-0.31
2025-08-07T21:19:00.000,1.25,347.98,1.22,-0.26
2025-08-07T21:20:00.000,1.29,347.42,1.26,-0.28
2025-08-07T21:21:00.000,1.21,342.97,1.16,-0.35
2025-08-07T21:22:00.000,1.20,337.59,1.11,-0.46
2025-08-07T21:23:00.000,1.14,341.88,1.09,-0.36
2025-08-07T21:24:00.000,1.14,336.96,1.05,-0.45
2025-08-07T21:25:00.000,1.14,337.22,1.05,-0.44
2025-08-07T21:26:00.000,1.13,337.83,1.04,-0.43
2025-08-07T21:27:00.000,1.11,334.23,1.00,-0.48
2025-08-07T21:28:00.000,1.08,335.16,0.98,-0.45
2025-08-07T21:29:00.000,1.12,338.27,1.04,-0.42
2025-08-07T21:30:00.000,1.12,338.06,1.04,-0.42
2025-08-07T21:31:00.000,1.13,336.96,1.04,-0.44
2025-08-07T21:32:00.000,1.12,336.63,1.03,-0.44
2025-08-07T21:33:00.000,1.10,334.11,0.99,-0.48
2025-08-07T21:34:00.000,1.10,333.66,0.99,-0.49
2025-08-07T21:35:00.000,1.08,327.64,0.91,-0.58
2025-08-07T21:36:00.000,1.10,331.96,0.97,-0.52
2025-08-07T21:37:00.000,1.09,332.66,0.97,-0.50
2025-08-07T21:38:00.000,1.02,333.46,0.92,-0.46
2025-08-07T21:39:00.000,1.11,333.81,1.00,-0.49
2025-08-07T21:40:00.000,1.14,337.64,1.06,-0.43
2025-08-07T21:41:00.000,1.16,339.09,1.09,-0.42
2025-08-07T21:42:00.000,1.14,339.85,1.07,-0.39
2025-08-07T21:43:00.000,1.15,341.97,1.10,-0.36
2025-08-07T21:44:00.000,1.15,340.79,1.09,-0.38
2025-08-07T21:45:00.000,1.16,340.96,1.09,-0.38
2025-08-07T21:46:00.000,1.16,341.24,1.10,-0.37
2025-08-07T21:47:00.000,1.16,340.37,1.10,-0.39
2025-08-07T21:48:00.000,1.16,340.10,1.09,-0.40
2025-08-07T21:49:00.000,1.17,340.78,1.10,-0.38
2025-08-07T21:50:00.000,1.17,342.20,1.12,-0.36
2025-08-07T21:51:00.000,1.22,343.36,1.17,-0.35
2025-08-07T21:52:00.000,1.24,343.81,1.19,-0.34
2025-08-07T21:53:00.000,1.26,346.24,1.22,-0.30
2025-08-07T21:54:00.000,1.26,344.63,1.22,-0.33
2025-08-07T21:55:00.000,1.26,341.08,1.19,-0.41
2025-08-07T21:56:00.000,1.25,341.43,1.19,-0.40
2025-08-07T21:57:00.000,1.23,338.85,1.14,-0.44
2025-08-07T21:58:00.000,1.20,337.30,1.10,-0.46
2025-08-07T21:59:00.000,1.19,334.89,1.08,-0.50
2025-08-07T22:00:00.000,1.19,338.64,1.11,-0.44
2025-08-07T22:01:00.000,1.26,339.20,1.17,-0.45
2025-08-07T22:02:00.000,1.34,346.69,1.30,-0.31
2025-08-07T22:03:00.000,1.30,343.24,1.25,-0.38
2025-08-07T22:04:00.000,1.29,342.77,1.24,-0.38
2025-08-07T22:05:00.000,1.31,344.46,1.26,-0.35
2025-08-07T22:06:00.000,1.29,339.53,1.21,-0.45
2025-08-07T22:07:00.000,1.15,342.71,1.09,-0.34
2025-08-07T22:08:00.000,1.15,332.49,1.02,-0.53
2025-08-07T22:09:00.000,1.16,329.31,1.00,-0.59
2025-08-07T22:10:00.000,1.04,322.64,0.83,-0.63
2025-08-07T22:11:00.000,1.08,316.96,0.79,-0.74
2025-08-07T22:12:00.000,1.20,303.56,0.66,-1.00
2025-08-07T22:13:00.000,1.29,294.68,0.54,-1.17
2025-08-07T22:14:00.000,1.24,295.77,0.54,-1.11
2025-08-07T22:15:00.000,1.23,299.22,0.60,-1.07
2025-08-07T22:16:00.000,1.19,307.93,0.73,-0.94
2025-08-07T22:17:00.000,1.03,309.73,0.66,-0.79
2025-08-07T22:18:00.000,1.18,308.48,0.74,-0.92
2025-08-07T22:19:00.000,1.20,309.42,0.76,-0.93
2025-08-07T22:20:00.000,1.18,304.32,0.66,-0.97
2025-08-07T22:21:00.000,1.32,296.20,0.58,-1.18
2025-08-07T22:22:00.000,1.27,294.37,0.53,-1.16
2025-08-07T22:23:00.000,1.22,299.91,0.61,-1.06
2025-08-07T22:24:00.000,1.20,306.65,0.71,-0.96
2025-08-07T22:25:00.000,1.23,301.03,0.63,-1.05
2025-08-07T22:26:00.000,1.22,311.09,0.80,-0.92
2025-08-07T22:27:00.000,1.20,314.76,0.85,-0.85
2025-08-07T22:28:00.000,1.19,321.19,0.93,-0.75
2025-08-07T22:29:00.000,1.21,325.28,1.00,-0.69
2025-08-07T22:30:00.000,1.22,319.99,0.93,-0.78
2025-08-07T22:31:00.000,1.18,319.46,0.90,-0.77
2025-08-07T22:32:00.000,1.17,322.43,0.93,-0.71
2025-08-07T22:33:00.000,1.24,326.27,1.03,-0.69
2025-08-07T22:34:00.000,1.22,321.68,0.96,-0.76
2025-08-07T22:35:00.000,1.23,328.85,1.05,-0.64
2025-08-07T22:36:00.000,1.24,331.23,1.09,-0.60
2025-08-07T22:37:00.000,1.28,335.87,1.17,-0.52
2025-08-07T22:38:00.000,1.28,335.65,1.17,-0.53
2025-08-07T22:39:00.000,1.30,337.58,1.20,-0.49
2025-08-07T22:40:00.000,1.32,340.89,1.24,-0.43
2025-08-07T22:41:00.000,1.32,339.99,1.24,-0.45
2025-08-07T22:42:00.000,1.33,340.12,1.25,-0.45
2025-08-07T22:43:00.000,1.36,341.58,1.29,-0.43
2025-08-07T22:44:00.000,1.36,342.49,1.29,-0.41
2025-08-07T22:45:00.000,1.38,344.54,1.33,-0.37
2025-08-07T22:46:00.000,1.41,346.92,1.37,-0.32
2025-08-07T22:47:00.000,1.41,347.25,1.38,-0.31
2025-08-07T22:48:00.000,1.43,348.04,1.40,-0.30
2025-08-07T22:49:00.000,1.41,348.25,1.38,-0.29
2025-08-07T22:50:00.000,1.38,348.34,1.35,-0.28
2025-08-07T22:51:00.000,1.37,348.11,1.34,-0.28
2025-08-07T22:52:00.000,1.38,348.04,1.35,-0.29
2025-08-07T22:53:00.000,1.41,346.95,1.37,-0.32
2025-08-07T22:54:00.000,1.40,346.17,1.36,-0.33
2025-08-07T22:55:00.000,1.37,345.85,1.33,-0.34
2025-08-07T22:56:00.000,1.38,345.53,1.34,-0.35
2025-08-07T22:57:00.000,1.37,346.08,1.33,-0.33
2025-08-07T22:58:00.000,1.36,347.08,1.32,-0.30
2025-08-07T22:59:00.000,1.32,344.50,1.27,-0.35
2025-08-07T23:00:00.000,1.34,346.70,1.31,-0.31
2025-08-07T23:01:00.000,1.32,346.44,1.28,-0.31
2025-08-07T23:02:00.000,1.15,337.24,1.06,-0.44
2025-08-07T23:03:00.000,1.20,341.59,1.14,-0.38
2025-08-07T23:04:00.000,1.20,341.70,1.14,-0.38
2025-08-07T23:05:00.000,1.20,343.25,1.15,-0.35
2025-08-07T23:06:00.000,1.25,342.30,1.19,-0.38
2025-08-07T23:07:00.000,1.28,347.38,1.25,-0.28
2025-08-07T23:08:00.000,1.27,348.18,1.24,-0.26
2025-08-07T23:09:00.000,1.29,347.79,1.26,-0.27
2025-08-07T23:10:00.000,1.31,345.64,1.27,-0.33
2025-08-07T23:11:00.000,1.32,346.60,1.28,-0.30
2025-08-07T23:12:00.000,1.34,348.45,1.32,-0.27
2025-08-07T23:13:00.000,1.35,347.28,1.31,-0.30
2025-08-07T23:14:00.000,1.31,343.60,1.26,-0.37
2025-08-07T23:15:00.000,1.33,344.30,1.28,-0.36
2025-08-07T23:16:00.000,1.37,345.87,1.32,-0.33
2025-08-07T23:17:00.000,1.39,345.75,1.35,-0.34
2025-08-07T23:18:00.000,1.37,344.84,1.32,-0.36
2025-08-07T23:19:00.000,1.40,345.86,1.35,-0.34
2025-08-07T23:20:00.000,1.37,345.23,1.32,-0.35
2025-08-07T23:21:00.000,1.36,345.68,1.32,-0.34
2025-08-07T23:22:00.000,1.35,345.54,1.31,-0.34
2025-08-07T23:23:00.000,1.36,345.54,1.32,-0.34
2025-08-07T23:24:00.000,1.36,346.09,1.32,-0.33
2025-08-07T23:25:00.000,1.35,345.31,1.30,-0.34
2025-08-07T23:26:00.000,1.38,344.47,1.33,-0.37
2025-08-07T23:27:00.000,1.31,344.94,1.27,-0.34
2025-08-07T23:28:00.000,1.31,345.93,1.27,-0.32
2025-08-07T23:29:00.000,1.32,346.14,1.28,-0.32
2025-08-07T23:30:00.000,1.32,347.14,1.28,-0.29
2025-08-07T23:31:00.000,1.31,347.96,1.28,-0.27
2025-08-07T23:32:00.000,1.32,348.40,1.29,-0.26
2025-08-07T23:33:00.000,1.36,348.47,1.33,-0.27
2025-08-07T23:34:00.000,1.35,349.20,1.32,-0.25
2025-08-07T23:35:00.000,1.34,349.03,1.31,-0.25
2025-08-07T23:36:00.000,1.35,348.83,1.33,-0.26
2025-08-07T23:37:00.000,1.35,348.87,1.32,-0.26
2025-08-07T23:38:00.000,1.35,349.77,1.33,-0.24
2025-08-07T23:39:00.000,1.35,350.27,1.33,-0.23
2025-08-07T23:40:00.000,1.36,350.13,1.34,-0.23
2025-08-07T23:41:00.000,1.36,351.13,1.35,-0.21
2025-08-07T23:42:00.000,1.39,352.16,1.38,-0.19
2025-08-07T23:43:00.000,1.38,351.41,1.37,-0.21
2025-08-07T23:44:00.000,1.36,351.01,1.34,-0.21
2025-08-07T23:45:00.000,1.36,349.59,1.34,-0.25
2025-08-07T23:46:00.000,1.29,350.57,1.27,-0.21
2025-08-07T23:47:00.000,1.35,349.44,1.32,-0.25
2025-08-07T23:48:00.000,1.36,349.19,1.33,-0.25
2025-08-07T23:49:00.000,1.34,348.78,1.32,-0.26
2025-08-07T23:50:00.000,1.35,349.18,1.32,-0.25
2025-08-07T23:51:00.000,1.36,348.47,1.33,-0.27
2025-08-07T23:52:00.000,1.34,347.84,1.31,-0.28
2025-08-07T23:53:00.000,1.36,347.14,1.32,-0.30
2025-08-07T23:54:00.000,1.32,347.11,1.28,-0.29
2025-08-07T23:55:00.000,1.35,346.42,1.31,-0.32
2025-08-07T23:56:00.000,1.32,345.93,1.28,-0.32
2025-08-07T23:57:00.000,1.32,343.93,1.27,-0.36
2025-08-07T23:58:00.000,1.31,344.08,1.26,-0.36
2025-08-07T23:59:00.000,1.32,345.57,1.28,-0.33
2025-08-08T00:00:00.000,1.33,346.08,1.29,-0.32
2025-08-08T00:01:00.000,1.33,346.20,1.29,-0.32
2025-08-08T00:02:00.000,1.35,346.66,1.31,-0.31
2025-08-08T00:03:00.000,1.31,343.33,1.25,-0.38
2025-08-08T00:04:00.000,1.30,344.80,1.26,-0.34
2025-08-08T00:05:00.000,1.30,344.26,1.25,-0.35
2025-08-08T00:06:00.000,1.32,343.34,1.26,-0.38
2025-08-08T00:07:00.000,1.30,341.87,1.23,-0.40
2025-08-08T00:08:00.000,1.32,341.58,1.25,-0.42
2025-08-08T00:09:00.000,1.27,342.52,1.21,-0.38
2025-08-08T00:10:00.000,1.32,339.41,1.23,-0.46
2025-08-08T00:11:00.000,1.29,339.75,1.21,-0.45
2025-08-08T00:12:00.000,1.29,336.75,1.18,-0.51
2025-08-08T00:13:00.000,1.29,338.32,1.20,-0.48
2025-08-08T00:14:00.000,1.31,341.00,1.24,-0.43
2025-08-08T00:15:00.000,1.31,341.41,1.24,-0.42
2025-08-08T00:16:00.000,1.30,343.89,1.25,-0.36
2025-08-08T00:17:00.000,1.33,344.82,1.29,-0.35
2025-08-08T00:18:00.000,1.36,345.84,1.32,-0.33
2025-08-08T00:19:00.000,1.37,345.21,1.33,-0.35
2025-08-08T00:20:00.000,1.37,345.88,1.33,-0.33
2025-08-08T00:21:00.000,1.38,350.06,1.36,-0.24
2025-08-08T00:22:00.000,1.39,350.82,1.37,-0.22
2025-08-08T00:23:00.000,1.40,351.50,1.38,-0.21
2025-08-08T00:24:00.000,1.42,351.39,1.40,-0.21
2025-08-08T00:25:00.000,1.43,351.84,1.41,-0.20
2025-08-08T00:26:00.000,1.42,352.15,1.41,-0.19
2025-08-08T00:27:00.000,1.42,352.79,1.40,-0.18
2025-08-08T00:28:00.000,1.42,353.02,1.41,-0.17
2025-08-08T00:29:00.000,1.40,352.54,1.39,-0.18
2025-08-08T00:30:00.000,1.38,352.76,1.37,-0.17
2025-08-08T00:31:00.000,1.41,351.95,1.40,-0.20
2025-08-08T00:32:00.000,1.38,352.01,1.37,-0.19
2025-08-08T00:33:00.000,1.41,352.16,1.39,-0.19
2025-08-08T00:34:00.000,1.40,352.20,1.39,-0.19
2025-08-08T00:35:00.000,1.40,353.08,1.39,-0.17
2025-08-08T00:36:00.000,1.42,352.46,1.41,-0.19
2025-08-08T00:37:00.000,1.40,354.47,1.39,-0.13
2025-08-08T00:38:00.000,1.39,353.55,1.38,-0.16
2025-08-08T00:39:00.000,1.39,353.02,1.38,-0.17
2025-08-08T00:40:00.000,1.36,353.98,1.35,-0.14
2025-08-08T00:41:00.000,1.35,355.20,1.34,-0.11
2025-08-08T00:42:00.000,1.35,354.88,1.35,-0.12
2025-08-08T00:43:00.000,1.36,354.39,1.36,-0.13
2025-08-08T00:44:00.000,1.35,354.71,1.34,-0.12
2025-08-08T00:45:00.000,1.36,355.20,1.36,-0.11
2025-08-08T00:46:00.000,1.36,355.31,1.35,-0.11
2025-08-08T00:47:00.000,1.35,354.93,1.34,-0.12
2025-08-08T00:48:00.000,1.37,354.12,1.37,-0.14
2025-08-08T00:49:00.000,1.37,353.26,1.36,-0.16
2025-08-08T00:50:00.000,1.37,352.67,1.36,-0.18
2025-08-08T00:51:00.000,1.37,352.63,1.36,-0.18
2025-08-08T00:52:00.000,1.41,348.21,1.38,-0.29
2025-08-08T00:53:00.000,1.40,348.75,1.37,-0.27
2025-08-08T00:54:00.000,1.37,350.20,1.35,-0.23
2025-08-08T00:55:00.000,1.38,349.20,1.35,-0.26
2025-08-08T00:56:00.000,1.38,349.16,1.35,-0.26
2025-08-08T00:57:00.000,1.37,349.33,1.34,-0.25
2025-08-08T00:58:00.000,1.38,349.60,1.36,-0.25
2025-08-08T00:59:00.000,1.38,349.78,1.36,-0.25
2025-08-08T01:00:00.000,1.37,349.62,1.35,-0.25
2025-08-08T01:01:00.000,1.37,349.52,1.35,-0.25
2025-08-08T01:02:00.000,1.38,349.03,1.35,-0.26
2025-08-08T01:03:00.000,1.35,348.59,1.32,-0.27
2025-08-08T01:04:00.000,1.36,348.83,1.33,-0.26
2025-08-08T01:05:00.000,1.35,349.37,1.33,-0.25
2025-08-08T01:06:00.000,1.46,348.83,1.43,-0.28
2025-08-08T01:07:00.000,1.42,347.90,1.39,-0.30
2025-08-08T01:08:00.000,1.42,348.34,1.39,-0.29
2025-08-08T01:09:00.000,1.42,348.15,1.39,-0.29
2025-08-08T01:10:00.000,1.43,348.73,1.40,-0.28
2025-08-08T01:11:00.000,1.43,348.57,1.40,-0.28
2025-08-08T01:12:00.000,1.43,348.29,1.40,-0.29
2025-08-08T01:13:00.000,1.43,347.90,1.40,-0.30
2025-08-08T01:14:00.000,1.43,348.44,1.40,-0.29
2025-08-08T01:15:00.000,1.44,348.15,1.41,-0.30
2025-08-08T01:16:00.000,1.43,349.57,1.41,-0.26
2025-08-08T01:17:00.000,1.44,348.63,1.41,-0.28
2025-08-08T01:18:00.000,1.46,346.89,1.42,-0.33
2025-08-08T01:19:00.000,1.46,349.07,1.43,-0.28
2025-08-08T01:20:00.000,1.45,349.62,1.43,-0.26
2025-08-08T01:21:00.000,1.46,348.74,1.43,-0.28
2025-08-08T01:22:00.000,1.44,349.22,1.41,-0.27
2025-08-08T01:23:00.000,1.45,348.68,1.42,-0.28
2025-08-08T01:24:00.000,1.44,348.43,1.41,-0.29
2025-08-08T01:25:00.000,1.44,349.23,1.41,-0.27
2025-08-08T01:26:00.000,1.46,349.98,1.44,-0.25
2025-08-08T01:27:00.000,1.48,351.06,1.46,-0.23
2025-08-08T01:28:00.000,1.51,351.93,1.50,-0.21
2025-08-08T01:29:00.000,1.50,352.05,1.48,-0.21
2025-08-08T01:30:00.000,1.48,352.44,1.47,-0.19
2025-08-08T01:31:00.000,1.49,353.31,1.48,-0.17
2025-08-08T01:32:00.000,1.49,352.85,1.48,-0.19
2025-08-08T01:33:00.000,1.47,350.79,1.45,-0.23
2025-08-08T01:34:00.000,1.45,349.69,1.43,-0.26
2025-08-08T01:35:00.000,1.43,350.78,1.42,-0.23
2025-08-08T01:36:00.000,1.41,350.56,1.39,-0.23
2025-08-08T01:37:00.000,1.42,350.97,1.40,-0.22
2025-08-08T01:38:00.000,1.44,351.42,1.42,-0.21
2025-08-08T01:39:00.000,1.43,351.74,1.41,-0.21
2025-08-08T01:40:00.000,1.43,352.56,1.42,-0.19
2025-08-08T01:41:00.000,1.43,351.58,1.42,-0.21
2025-08-08T01:42:00.000,1.44,351.40,1.43,-0.22
2025-08-08T01:43:00.000,1.43,350.69,1.42,-0.23
2025-08-08T01:44:00.000,1.40,349.32,1.38,-0.26
2025-08-08T01:45:00.000,1.40,348.38,1.38,-0.28
2025-08-08T01:46:00.000,1.38,348.11,1.35,-0.28
2025-08-08T01:47:00.000,1.39,348.48,1.37,-0.28
2025-08-08T01:48:00.000,1.40,348.82,1.38,-0.27
2025-08-08T01:49:00.000,1.41,349.26,1.38,-0.26
2025-08-08T01:50:00.000,1.41,349.68,1.38,-0.25
2025-08-08T01:51:00.000,1.42,349.87,1.40,-0.25
2025-08-08T01:52:00.000,1.41,349.91,1.39,-0.25
2025-08-08T01:53:00.000,1.43,350.70,1.41,-0.23
2025-08-08T01:54:00.000,1.43,350.26,1.41,-0.24
2025-08-08T01:55:00.000,1.42,350.14,1.40,-0.24
2025-08-08T01:56:00.000,1.41,349.63,1.39,-0.25
2025-08-08T01:57:00.000,1.41,349.13,1.38,-0.27
2025-08-08T01:58:00.000,1.41,349.15,1.38,-0.27
2025-08-08T01:59:00.000,1.41,349.27,1.39,-0.26
2025-08-08T02:00:00.000,1.41,349.31,1.39,-0.26
2025-08-08T02:01:00.000,1.42,349.58,1.39,-0.26
2025-08-08T02:02:00.000,1.41,349.40,1.39,-0.26
2025-08-08T02:03:00.000,1.42,349.01,1.39,-0.27
2025-08-08T02:04:00.000,1.41,348.96,1.39,-0.27
2025-08-08T02:05:00.000,1.41,348.60,1.39,-0.28
2025-08-08T02:06:00.000,1.37,348.45,1.34,-0.27
2025-08-08T02:07:00.000,1.37,347.31,1.34,-0.30
2025-08-08T02:08:00.000,1.40,347.85,1.37,-0.29
2025-08-08T02:09:00.000,1.37,347.01,1.34,-0.31
2025-08-08T02:10:00.000,1.39,348.05,1.36,-0.29
2025-08-08T02:11:00.000,1.42,347.81,1.38,-0.30
2025-08-08T02:12:00.000,1.41,349.08,1.38,-0.27
2025-08-08T02:13:00.000,1.42,348.81,1.40,-0.28
2025-08-08T02:14:00.000,1.42,349.16,1.39,-0.27
2025-08-08T02:15:00.000,1.44,348.80,1.41,-0.28
2025-08-08T02:16:00.000,1.35,351.04,1.33,-0.21
2025-08-08T02:17:00.000,1.43,349.18,1.40,-0.27
2025-08-08T02:18:00.000,1.42,349.46,1.40,-0.26
2025-08-08T02:19:00.000,1.43,349.80,1.41,-0.25
2025-08-08T02:20:00.000,1.44,350.23,1.41,-0.24
2025-08-08T02:21:00.000,1.46,350.90,1.44,-0.23
2025-08-08T02:22:00.000,1.47,351.91,1.45,-0.21
2025-08-08T02:23:00.000,1.46,352.03,1.44,-0.20
2025-08-08T02:24:00.000,1.44,351.39,1.43,-0.22
2025-08-08T02:25:00.000,1.43,352.09,1.42,-0.20
2025-08-08T02:26:00.000,1.51,349.83,1.48,-0.27
2025-08-08T02:27:00.000,1.41,349.90,1.39,-0.25
2025-08-08T02:28:00.000,1.40,350.37,1.38,-0.23
2025-08-08T02:29:00.000,1.40,349.84,1.37,-0.25
2025-08-08T02:30:00.000,1.39,349.93,1.37,-0.24
2025-08-08T02:31:00.000,1.39,349.57,1.37,-0.25
2025-08-08T02:32:00.000,1.29,354.89,1.29,-0.12
2025-08-08T02:33:00.000,1.33,350.70,1.32,-0.22
2025-08-08T02:34:00.000,1.34,350.47,1.32,-0.22
2025-08-08T02:35:00.000,1.33,350.35,1.31,-0.22
2025-08-08T02:36:00.000,1.33,350.32,1.31,-0.22
2025-08-08T02:37:00.000,1.33,350.32,1.31,-0.22
2025-08-08T02:38:00.000,1.33,350.53,1.31,-0.22
2025-08-08T02:39:00.000,1.34,356.15,1.34,-0.09
2025-08-08T02:40:00.000,1.33,352.92,1.32,-0.16
2025-08-08T02:41:00.000,1.35,352.81,1.34,-0.17
2025-08-08T02:42:00.000,1.34,352.88,1.33,-0.17
2025-08-08T02:43:00.000,1.34,353.51,1.33,-0.15
2025-08-08T02:44:00.000,1.34,354.12,1.33,-0.14
2025-08-08T02:45:00.000,1.47,351.67,1.46,-0.21
2025-08-08T02:46:00.000,1.47,352.33,1.45,-0.20
2025-08-08T02:47:00.000,1.45,351.00,1.43,-0.23
2025-08-08T02:48:00.000,1.30,354.67,1.30,-0.12
2025-08-08T02:49:00.000,1.25,349.34,1.23,-0.23
2025-08-08T02:50:00.000,1.39,357.18,1.39,-0.07
2025-08-08T02:51:00.000,1.37,359.28,1.37,-0.02
2025-08-08T02:52:00.000,1.55,359.26,1.55,-0.02
2025-08-08T02:53:00.000,1.57,0.02,1.57,0.00
2025-08-08T02:54:00.000,1.55,0.81,1.55,0.02
2025-08-08T02:55:00.000,1.62,358.01,1.62,-0.06
2025-08-08T02:56:00.000,1.35,353.75,1.34,-0.15
2025-08-08T02:57:00.000,1.32,354.56,1.32,-0.13
2025-08-08T02:58:00.000,1.36,353.06,1.35,-0.16
2025-08-08T02:59:00.000,1.36,352.87,1.35,-0.17
2025-08-08T03:00:00.000,1.65,350.08,1.63,-0.28
2025-08-08T03:01:00.000,1.48,353.27,1.47,-0.17
2025-08-08T03:02:00.000,1.50,352.04,1.48,-0.21
2025-08-08T03:03:00.000,1.41,352.77,1.40,-0.18
2025-08-08T03:04:00.000,1.45,353.44,1.44,-0.17
2025-08-08T03:05:00.000,1.45,354.60,1.45,-0.14
2025-08-08T03:06:00.000,1.45,355.01,1.45,-0.13
2025-08-08T03:07:00.000,1.43,354.20,1.43,-0.14
2025-08-08T03:08:00.000,1.41,354.55,1.41,-0.13
2025-08-08T03:09:00.000,1.42,354.65,1.42,-0.13
2025-08-08T03:10:00.000,1.47,355.24,1.47,-0.12
2025-08-08T03:11:00.000,1.43,354.96,1.42,-0.13
2025-08-08T03:12:00.000,1.39,353.49,1.39,-0.16
2025-08-08T03:13:00.000,1.42,353.93,1.42,-0.15
2025-08-08T03:14:00.000,1.41,353.94,1.40,-0.15
2025-08-08T03:15:00.000,1.40,353.80,1.40,-0.15
2025-08-08T03:16:00.000,1.42,353.98,1.41,-0.15
2025-08-08T03:17:00.000,1.43,353.85,1.42,-0.15
2025-08-08T03:18:00.000,1.43,354.00,1.42,-0.15
2025-08-08T03:19:00.000,1.42,353.96,1.41,-0.15
2025-08-08T03:20:00.000,1.41,353.86,1.40,-0.15
2025-08-08T03:21:00.000,1.42,353.71,1.41,-0.16
2025-08-08T03:22:00.000,1.42,353.82,1.41,-0.15
2025-08-08T03:23:00.000,1.43,353.89,1.42,-0.15
2025-08-08T03:24:00.000,1.43,354.08,1.42,-0.15
2025-08-08T03:25:00.000,1.43,353.51,1.42,-0.16
2025-08-08T03:26:00.000,1.41,353.73,1.40,-0.15
2025-08-08T03:27:00.000,1.41,353.57,1.40,-0.16
2025-08-08T03:28:00.000,1.40,353.59,1.39,-0.16
2025-08-08T03:29:00.000,1.40,352.85,1.39,-0.17
2025-08-08T03:30:00.000,1.41,352.85,1.40,-0.18
2025-08-08T03:31:00.000,1.48,354.77,1.48,-0.14
2025-08-08T03:32:00.000,1.53,356.36,1.53,-0.10
2025-08-08T03:33:00.000,1.28,350.12,1.26,-0.22
2025-08-08T03:34:00.000,1.36,353.56,1.35,-0.15
2025-08-08T03:35:00.000,1.37,353.37,1.36,-0.16
2025-08-08T03:36:00.000,1.37,354.10,1.36,-0.14
2025-08-08T03:37:00.000,1.36,353.09,1.35,-0.16
2025-08-08T03:38:00.000,1.37,353.90,1.37,-0.15
2025-08-08T03:39:00.000,1.37,354.56,1.36,-0.13
2025-08-08T03:40:00.000,1.38,354.42,1.37,-0.13
2025-08-08T03:41:00.000,1.38,354.44,1.37,-0.13
2025-08-08T03:42:00.000,1.39,353.58,1.38,-0.15
2025-08-08T03:43:00.000,1.39,353.12,1.38,-0.17
2025-08-08T03:44:00.000,1.39,353.26,1.38,-0.16
2025-08-08T03:45:00.000,1.40,353.23,1.39,-0.16
2025-08-08T03:46:00.000,1.39,352.49,1.38,-0.18
2025-08-08T03:47:00.000,1.34,355.06,1.34,-0.12
2025-08-08T03:48:00.000,1.45,351.40,1.43,-0.22
2025-08-08T03:49:00.000,1.41,352.08,1.39,-0.19
2025-08-08T03:50:00.000,1.42,351.15,1.40,-0.22
2025-08-08T03:51:00.000,1.42,352.27,1.41,-0.19
2025-08-08T03:52:00.000,1.45,352.07,1.43,-0.20
2025-08-08T03:53:00.000,1.45,353.12,1.44,-0.17
2025-08-08T03:54:00.000,1.42,354.12,1.42,-0.15
2025-08-08T03:55:00.000,1.38,352.53,1.37,-0.18
2025-08-08T03:56:00.000,1.32,352.70,1.31,-0.17
2025-08-08T03:57:00.000,1.38,351.97,1.36,-0.19
2025-08-08T03:58:00.000,1.37,351.99,1.36,-0.19
2025-08-08T03:59:00.000,1.41,350.81,1.39,-0.22
2025-08-08T04:00:00.000,1.42,351.48,1.40,-0.21
2025-08-08T04:01:00.000,1.42,352.33,1.40,-0.19
2025-08-08T04:02:00.000,1.44,352.17,1.42,-0.20
2025-08-08T04:03:00.000,1.42,352.13,1.41,-0.19
2025-08-08T04:04:00.000,1.41,352.94,1.40,-0.17
2025-08-08T04:05:00.000,1.40,353.61,1.39,-0.16
2025-08-08T04:06:00.000,1.39,353.50,1.38,-0.16
2025-08-08T04:07:00.000,1.41,351.32,1.39,-0.21
2025-08-08T04:08:00.000,1.41,350.92,1.39,-0.22
2025-08-08T04:09:00.000,1.41,350.28,1.39,-0.24
2025-08-08T04:10:00.000,1.41,350.03,1.39,-0.24
2025-08-08T04:11:00.000,1.42,349.93,1.39,-0.25
2025-08-08T04:12:00.000,1.40,350.35,1.38,-0.23
2025-08-08T04:13:00.000,1.41,350.39,1.39,-0.23
2025-08-08T04:14:00.000,1.39,350.04,1.37,-0.24
2025-08-08T04:15:00.000,1.41,350.42,1.39,-0.23
2025-08-08T04:16:00.000,1.40,350.27,1.38,-0.24
2025-08-08T04:17:00.000,1.40,350.46,1.38,-0.23
2025-08-08T04:18:00.000,1.40,350.38,1.38,-0.23
2025-08-08T04:19:00.000,1.40,350.02,1.38,-0.24
2025-08-08T04:20:00.000,1.40,349.93,1.38,-0.24
2025-08-08T04:21:00.000,1.40,350.06,1.38,-0.24
2025-08-08T04:22:00.000,1.40,350.21,1.38,-0.24
2025-08-08T04:23:00.000,1.39,350.07,1.37,-0.24
2025-08-08T04:24:00.000,1.39,349.72,1.37,-0.25
2025-08-08T04:25:00.000,1.38,349.19,1.36,-0.26
2025-08-08T04:26:00.000,1.39,348.91,1.36,-0.27
2025-08-08T04:27:00.000,1.39,348.44,1.36,-0.28
2025-08-08T04:28:00.000,1.39,348.62,1.36,-0.27
2025-08-08T04:29:00.000,1.39,348.51,1.36,-0.28
2025-08-08T04:30:00.000,1.37,348.84,1.35,-0.27
2025-08-08T04:31:00.000,1.38,348.02,1.35,-0.29
2025-08-08T04:32:00.000,1.38,348.17,1.35,-0.28
2025-08-08T04:33:00.000,1.38,348.33,1.35,-0.28
2025-08-08T04:34:00.000,1.39,348.04,1.36,-0.29
2025-08-08T04:35:00.000,1.39,348.05,1.36,-0.29
2025-08-08T04:36:00.000,1.35,351.84,1.34,-0.19
2025-08-08T04:37:00.000,1.36,348.09,1.33,-0.28
2025-08-08T04:38:00.000,1.37,348.47,1.34,-0.27
2025-08-08T04:39:00.000,1.37,348.52,1.34,-0.27
2025-08-08T04:40:00.000,1.37,348.19,1.35,-0.28
2025-08-08T04:41:00.000,1.39,347.09,1.35,-0.31
2025-08-08T04:42:00.000,1.38,347.83,1.35,-0.29
2025-08-08T04:43:00.000,1.38,347.91,1.35,-0.29
2025-08-08T04:44:00.000,1.38,347.96,1.35,-0.29
2025-08-08T04:45:00.000,1.41,349.08,1.39,-0.27
2025-08-08T04:46:00.000,1.42,354.58,1.41,-0.13
2025-08-08T04:47:00.000,1.42,354.87,1.41,-0.13
2025-08-08T04:48:00.000,1.40,354.58,1.39,-0.13
2025-08-08T04:49:00.000,1.35,352.44,1.34,-0.18
2025-08-08T04:50:00.000,1.41,352.57,1.40,-0.18
2025-08-08T04:51:00.000,1.43,354.19,1.43,-0.15
2025-08-08T04:52:00.000,1.45,353.41,1.44,-0.17
2025-08-08T04:53:00.000,1.44,353.11,1.43,-0.17
2025-08-08T04:54:00.000,1.44,353.78,1.43,-0.16
2025-08-08T04:55:00.000,1.44,353.50,1.43,-0.16
2025-08-08T04:56:00.000,1.45,353.34,1.44,-0.17
2025-08-08T04:57:00.000,1.44,353.46,1.43,-0.16
2025-08-08T04:58:00.000,1.44,353.02,1.43,-0.18
2025-08-08T04:59:00.000,1.44,353.46,1.44,-0.16
2025-08-08T05:00:00.000,1.45,352.55,1.43,-0.19
2025-08-08T05:01:00.000,1.44,351.97,1.42,-0.20
2025-08-08T05:02:00.000,1.44,353.13,1.43,-0.17
2025-08-08T05:03:00.000,1.43,353.36,1.42,-0.16
2025-08-08T05:04:00.000,1.42,352.36,1.41,-0.19
2025-08-08T05:05:00.000,1.42,352.56,1.41,-0.18
2025-08-08T05:06:00.000,1.41,351.35,1.39,-0.21
2025-08-08T05:07:00.000,1.42,350.98,1.40,-0.22
2025-08-08T05:08:00.000,1.40,351.02,1.38,-0.22
2025-08-08T05:09:00.000,1.40,350.49,1.39,-0.23
2025-08-08T05:10:00.000,1.41,350.02,1.39,-0.24
2025-08-08T05:11:00.000,1.42,350.87,1.41,-0.23
2025-08-08T05:12:00.000,1.36,348.93,1.34,-0.26
2025-08-08T05:13:00.000,1.37,346.62,1.34,-0.32
2025-08-08T05:14:00.000,1.33,345.64,1.29,-0.33
2025-08-08T05:15:00.000,1.37,345.08,1.32,-0.35
2025-08-08T05:16:00.000,1.36,342.78,1.30,-0.40
2025-08-08T05:17:00.000,1.35,344.29,1.30,-0.37
2025-08-08T05:18:00.000,1.39,349.48,1.37,-0.25
2025-08-08T05:19:00.000,1.40,349.73,1.38,-0.25
2025-08-08T05:20:00.000,1.41,350.60,1.39,-0.23
2025-08-08T05:21:00.000,1.40,350.97,1.39,-0.22
2025-08-08T05:22:00.000,1.40,348.99,1.37,-0.27
2025-08-08T05:23:00.000,1.41,348.96,1.38,-0.27
2025-08-08T05:24:00.000,1.38,349.22,1.36,-0.26
2025-08-08T05:25:00.000,1.40,348.68,1.38,-0.28
2025-08-08T05:26:00.000,1.41,347.69,1.37,-0.30
2025-08-08T05:27:00.000,1.41,348.19,1.38,-0.29
2025-08-08T05:28:00.000,1.40,347.42,1.37,-0.31
2025-08-08T05:29:00.000,1.42,348.94,1.39,-0.27
2025-08-08T05:30:00.000,1.40,349.33,1.38,-0.26
2025-08-08T05:31:00.000,1.40,349.06,1.38,-0.27
2025-08-08T05:32:00.000,1.40,348.57,1.38,-0.28
2025-08-08T05:33:00.000,1.41,349.51,1.38,-0.26
2025-08-08T05:34:00.000,1.44,350.86,1.42,-0.23
2025-08-08T05:35:00.000,1.42,349.46,1.40,-0.26
2025-08-08T05:36:00.000,1.40,349.09,1.38,-0.27
2025-08-08T05:37:00.000,1.43,348.88,1.40,-0.28
2025-08-08T05:38:00.000,1.41,347.88,1.37,-0.30
2025-08-08T05:39:00.000,1.41,348.98,1.38,-0.27
2025-08-08T05:40:00.000,1.42,349.44,1.40,-0.26
2025-08-08T05:41:00.000,1.44,349.82,1.42,-0.25
2025-08-08T05:42:00.000,1.43,350.52,1.41,-0.24
2025-08-08T05:43:00.000,1.68,348.43,1.64,-0.34
2025-08-08T05:44:00.000,2.65,343.23,2.54,-0.77
2025-08-08T05:45:00.000,6.66,339.42,6.24,-2.34
2025-08-08T05:46:00.000,10.57,340.17,9.95,-3.59
2025-08-08T05:47:00.000,13.86,339.32,12.97,-4.90
2025-08-08T05:48:00.000,16.63,338.60,15.48,-6.07
2025-08-08T05:49:00.000,19.04,337.94,17.65,-7.15
2025-08-08T05:50:00.000,21.07,332.59,18.71,-9.70
2025-08-08T05:51:00.000,22.76,332.34,20.15,-10.57
2025-08-08T05:52:00.000,24.20,332.38,21.44,-11.22
2025-08-08T05:53:00.000,25.44,332.37,22.54,-11.80
2025-08-08T05:54:00.000,26.68,332.80,23.73,-12.19
2025-08-08T05:55:00.000,27.89,333.05,24.86,-12.64
2025-08-08T05:56:00.000,29.07,333.76,26.07,-12.85
2025-08-08T05:57:00.000,30.56,333.30,27.30,-13.73
2025-08-08T05:58:00.000,32.00,333.05,28.52,-14.50
2025-08-08T05:59:00.000,33.91,332.14,29.98,-15.85
2025-08-08T06:00:00.000,36.21,330.89,31.63,-17.61
2025-08-08T06:01:00.000,39.02,329.37,33.57,-19.88
2025-08-08T06:02:00.000,42.80,330.10,37.10,-21.33
2025-08-08T06:03:00.000,46.38,329.82,40.10,-23.32
2025-08-08T06:04:00.000,52.66,330.28,45.73,-26.10
2025-08-08T06:05:00.000,59.21,330.99,51.78,-28.71
2025-08-08T06:06:00.000,67.72,331.53,59.53,-32.28
2025-08-08T06:07:00.000,77.65,332.27,68.73,-36.13
2025-08-08T06:08:00.000,88.95,332.64,79.00,-40.88
2025-08-08T06:09:00.000,104.23,332.45,92.41,-48.21
2025-08-08T06:10:00.000,119.72,332.35,106.04,-55.56
2025-08-08T06:11:00.000,142.25,332.28,125.93,-66.17
2025-08-08T06:12:00.000,167.46,331.38,147.00,-80.21
2025-08-08T06:13:00.000,198.51,329.15,170.42,-101.80
2025-08-08T06:14:00.000,232.62,328.02,197.32,-123.20
2025-08-08T06:15:00.000,233.02,327.69,196.94,-124.56
2025-08-08T06:16:00.000,206.62,327.65,174.56,-110.55
2025-08-08T06:17:00.000,204.38,327.60,172.57,-109.50
2025-08-08T06:18:00.000,204.13,327.57,172.30,-109.47
2025-08-08T06:19:00.000,204.19,327.57,172.35,-109.50
2025-08-08T06:20:00.000,204.25,327.57,172.40,-109.53
2025-08-08T06:21:00.000,204.28,327.53,172.36,-109.66
2025-08-08T06:22:00.000,204.37,327.54,172.45,-109.68
2025-08-08T06:23:00.000,204.37,327.52,172.41,-109.74
2025-08-08T06:24:00.000,204.39,327.54,172.45,-109.70
2025-08-08T06:25:00.000,204.47,327.56,172.56,-109.69
2025-08-08T06:26:00.000,204.58,327.55,172.65,-109.76
2025-08-08T06:27:00.000,204.58,327.54,172.61,-109.81
2025-08-08T06:28:00.000,204.64,327.54,172.68,-109.82
2025-08-08T06:29:00.000,204.64,327.54,172.67,-109.83
2025-08-08T06:30:00.000,204.74,327.55,172.77,-109.86
2025-08-08T06:31:00.000,204.76,327.56,172.81,-109.84
2025-08-08T06:32:00.000,204.80,327.57,172.86,-109.82
2025-08-08T06:33:00.000,204.79,327.56,172.83,-109.87
2025-08-08T06:34:00.000,204.81,327.54,172.82,-109.91
2025-08-08T06:35:00.000,204.83,327.53,172.82,-109.95
2025-08-08T06:36:00.000,204.87,327.53,172.84,-109.99
2025-08-08T06:37:00.000,204.81,327.53,172.79,-109.95
2025-08-08T06:38:00.000,204.88,327.56,172.91,-109.90
2025-08-08T06:39:00.000,204.93,327.54,172.92,-109.98
2025-08-08T06:40:00.000,204.91,327.54,172.89,-109.99
2025-08-08T06:41:00.000,204.92,327.54,172.91,-109.97
2025-08-08T06:42:00.000,204.87,327.54,172.87,-109.95
2025-08-08T06:43:00.000,204.88,327.54,172.87,-109.97
2025-08-08T06:44:00.000,204.85,327.54,172.86,-109.93
2025-08-08T06:45:00.000,204.88,327.54,172.87,-109.97
2025-08-08T06:46:00.000,204.87,327.56,172.90,-109.89
2025-08-08T06:47:00.000,204.90,327.56,172.92,-109.93
2025-08-08T06:48:00.000,204.88,327.55,172.89,-109.93
2025-08-08T06:49:00.000,204.90,327.57,172.93,-109.89
2025-08-08T06:50:00.000,204.88,327.60,172.99,-109.78
2025-08-08T06:51:00.000,204.80,327.60,172.92,-109.72
2025-08-08T06:52:00.000,204.66,327.64,172.87,-109.55
2025-08-08T06:53:00.000,204.45,327.62,172.66,-109.50
2025-08-08T06:54:00.000,204.31,327.69,172.67,-109.21
2025-08-08T06:55:00.000,204.17,327.70,172.58,-109.10
2025-08-08T06:56:00.000,204.00,327.68,172.40,-109.06
2025-08-08T06:57:00.000,203.89,327.70,172.35,-108.94
2025-08-08T06:58:00.000,203.83,327.69,172.27,-108.94
2025-08-08T06:59:00.000,203.89,327.70,172.34,-108.94
2025-08-08T07:00:00.000,203.77,327.69,172.23,-108.90
2025-08-08T07:01:00.000,203.76,327.69,172.21,-108.91
2025-08-08T07:02:00.000,203.77,327.70,172.24,-108.89
2025-08-08T07:03:00.000,203.68,327.69,172.15,-108.86
2025-08-08T07:04:00.000,203.68,327.71,172.18,-108.82
2025-08-08T07:05:00.000,203.53,327.70,172.04,-108.74
2025-08-08T07:06:00.000,203.49,327.73,172.05,-108.66
2025-08-08T07:07:00.000,203.45,327.73,172.01,-108.63
2025-08-08T07:08:00.000,203.48,327.73,172.06,-108.63
2025-08-08T07:09:00.000,203.55,327.74,172.13,-108.65
2025-08-08T07:10:00.000,203.53,327.72,172.06,-108.71
2025-08-08T07:11:00.000,203.49,327.72,172.05,-108.68
2025-08-08T07:12:00.000,203.40,327.74,172.00,-108.57
2025-08-08T07:13:00.000,203.26,327.78,171.96,-108.37
2025-08-08T07:14:00.000,203.03,327.80,171.80,-108.19
2025-08-08T07:15:00.000,202.85,327.80,171.65,-108.09
2025-08-08T07:16:00.000,202.79,327.87,171.73,-107.86
2025-08-08T07:17:00.000,202.67,327.87,171.64,-107.78
2025-08-08T07:18:00.000,202.46,327.89,171.50,-107.61
2025-08-08T07:19:00.000,202.36,327.88,171.39,-107.60
2025-08-08T07:20:00.000,202.28,327.92,171.40,-107.43
2025-08-08T07:21:00.000,202.18,327.89,171.25,-107.46
2025-08-08T07:22:00.000,202.13,327.93,171.29,-107.32
2025-08-08T07:23:00.000,201.98,327.94,171.18,-107.21
2025-08-08T07:24:00.000,201.93,327.96,171.16,-107.13
2025-08-08T07:25:00.000,201.86,327.98,171.15,-107.03
2025-08-08T07:26:00.000,201.69,328.00,171.05,-106.87
2025-08-08T07:27:00.000,201.64,327.99,170.99,-106.89
2025-08-08T07:28:00.000,201.46,328.01,170.87,-106.72
2025-08-08T07:29:00.000,201.44,328.05,170.92,-106.61
2025-08-08T07:30:00.000,201.33,328.03,170.80,-106.59
2025-08-08T07:31:00.000,201.25,328.06,170.78,-106.46
2025-08-08T07:32:00.000,201.26,328.09,170.85,-106.37
2025-08-08T07:33:00.000,201.12,328.11,170.76,-106.25
2025-08-08T07:34:00.000,201.15,328.13,170.82,-106.21
2025-08-08T07:35:00.000,201.09,328.09,170.70,-106.30
2025-08-08T07:36:00.000,201.22,328.12,170.87,-106.26
2025-08-08T07:37:00.000,201.21,328.09,170.80,-106.36
2025-08-08T07:38:00.000,201.22,328.04,170.72,-106.51
2025-08-08T07:39:00.000,201.24,328.06,170.78,-106.45
2025-08-08T07:40:00.000,201.16,328.11,170.80,-106.27
2025-08-08T07:41:00.000,201.13,328.12,170.78,-106.23
2025-08-08T07:42:00.000,201.13,328.10,170.75,-106.28
2025-08-08T07:43:00.000,201.11,328.05,170.65,-106.41
2025-08-08T07:44:00.000,201.08,328.04,170.60,-106.44
2025-08-08T07:45:00.000,201.06,328.08,170.66,-106.31
2025-08-08T07:46:00.000,200.98,328.13,170.68,-106.11
2025-08-08T07:47:00.000,200.88,328.13,170.60,-106.07
2025-08-08T07:48:00.000,200.77,328.12,170.48,-106.05
2025-08-08T07:49:00.000,200.79,328.15,170.55,-105.96
2025-08-08T07:50:00.000,200.78,328.16,170.57,-105.93
2025-08-08T07:51:00.000,200.72,328.19,170.57,-105.80
2025-08-08T07:52:00.000,200.68,328.20,170.55,-105.76
2025-08-08T07:53:00.000,200.70,328.16,170.50,-105.89
2025-08-08T07:54:00.000,200.75,328.14,170.50,-105.97
2025-08-08T07:55:00.000,200.70,328.15,170.49,-105.90
2025-08-08T07:56:00.000,200.69,328.12,170.43,-105.99
2025-08-08T07:57:00.000,200.68,328.17,170.50,-105.83
2025-08-08T07:58:00.000,200.61,328.13,170.37,-105.92
2025-08-08T07:59:00.000,200.49,328.13,170.26,-105.85
2025-08-08T08:00:00.000,200.44,328.17,170.30,-105.72
2025-08-08T08:01:00.000,200.48,328.20,170.38,-105.64
2025-08-08T08:02:00.000,200.35,328.17,170.22,-105.66
2025-08-08T08:03:00.000,200.32,328.14,170.13,-105.75
2025-08-08T08:04:00.000,200.24,328.17,170.12,-105.61
2025-08-08T08:05:00.000,200.18,328.17,170.07,-105.58
2025-08-08T08:06:00.000,200.10,328.18,170.03,-105.49
2025-08-08T08:07:00.000,199.97,328.14,169.85,-105.54
2025-08-08T08:08:00.000,199.99,328.16,169.90,-105.51
2025-08-08T08:09:00.000,199.94,328.15,169.84,-105.49
2025-08-08T08:10:00.000,200.04,328.19,169.99,-105.45
2025-08-08T08:11:00.000,200.30,328.19,170.22,-105.58
2025-08-08T08:12:00.000,200.44,328.17,170.29,-105.73
2025-08-08T08:13:00.000,200.65,328.21,170.55,-105.71
2025-08-08T08:14:00.000,200.85,328.05,170.43,-106.28
2025-08-08T08:15:00.000,201.02,328.04,170.56,-106.40
2025-08-08T08:16:00.000,201.25,327.99,170.65,-106.67
2025-08-08T08:17:00.000,201.40,327.94,170.69,-106.90
2025-08-08T08:18:00.000,201.66,327.91,170.85,-107.13
2025-08-08T08:19:00.000,201.81,327.88,170.93,-107.30
2025-08-08T08:20:00.000,201.89,327.85,170.94,-107.43
2025-08-08T08:21:00.000,201.97,327.88,171.05,-107.39
2025-08-08T08:22:00.000,201.86,327.93,171.06,-107.18
2025-08-08T08:23:00.000,201.63,327.96,170.92,-106.96
2025-08-08T08:24:00.000,201.45,328.03,170.89,-106.68
2025-08-08T08:25:00.000,201.28,328.02,170.73,-106.60
2025-08-08T08:26:00.000,201.15,328.08,170.75,-106.34
2025-08-08T08:27:00.000,200.99,328.07,170.58,-106.30
2025-08-08T08:28:00.000,201.01,328.07,170.60,-106.31
2025-08-08T08:29:00.000,201.01,328.09,170.63,-106.25
2025-08-08T08:30:00.000,201.10,328.08,170.68,-106.34
2025-08-08T08:31:00.000,201.10,328.08,170.69,-106.34
2025-08-08T08:32:00.000,201.16,328.04,170.68,-106.47
2025-08-08T08:33:00.000,201.38,328.00,170.78,-106.71
2025-08-08T08:34:00.000,201.54,327.92,170.76,-107.03
2025-08-08T08:35:00.000,201.84,327.92,171.03,-107.19
2025-08-08T08:36:00.000,202.10,327.87,171.15,-107.48
2025-08-08T08:37:00.000,202.27,327.83,171.22,-107.69
2025-08-08T08:38:00.000,202.41,327.82,171.31,-107.81
2025-08-08T08:39:00.000,202.61,327.84,171.52,-107.86
2025-08-08T08:40:00.000,202.68,327.79,171.48,-108.05
2025-08-08T08:41:00.000,202.85,327.78,171.61,-108.17
2025-08-08T08:42:00.000,202.96,327.74,171.64,-108.32
2025-08-08T08:43:00.000,203.01,327.71,171.62,-108.45
2025-08-08T08:44:00.000,203.11,327.70,171.67,-108.54
2025-08-08T08:45:00.000,203.07,327.65,171.56,-108.65
2025-08-08T08:46:00.000,203.19,327.65,171.65,-108.74
2025-08-08T08:47:00.000,203.26,327.64,171.70,-108.78
2025-08-08T08:48:00.000,203.28,327.67,171.77,-108.72
2025-08-08T08:49:00.000,203.30,327.69,171.82,-108.67
2025-08-08T08:50:00.000,203.30,327.66,171.78,-108.75
2025-08-08T08:51:00.000,203.35,327.68,171.86,-108.71
2025-08-08T08:52:00.000,203.35,327.67,171.83,-108.75
2025-08-08T08:53:00.000,203.42,327.65,171.86,-108.83
2025-08-08T08:54:00.000,203.43,327.66,171.87,-108.83
2025-08-08T08:55:00.000,203.47,327.65,171.88,-108.88
2025-08-08T08:56:00.000,203.42,327.62,171.79,-108.94
2025-08-08T08:57:00.000,203.44,327.62,171.80,-108.96
2025-08-08T08:58:00.000,203.53,327.67,171.98,-108.83
2025-08-08T08:59:00.000,203.46,327.66,171.90,-108.84
2025-08-08T09:00:00.000,203.46,327.62,171.83,-108.96
2025-08-08T09:01:00.000,203.47,327.63,171.86,-108.92
2025-08-08T09:02:00.000,203.43,327.61,171.78,-108.96
2025-08-08T09:03:00.000,203.44,327.64,171.84,-108.90
2025-08-08T09:04:00.000,203.42,327.63,171.81,-108.90
2025-08-08T09:05:00.000,203.47,327.63,171.86,-108.92
2025-08-08T09:06:00.000,203.40,327.64,171.82,-108.87
2025-08-08T09:07:00.000,203.45,327.65,171.86,-108.87
2025-08-08T09:08:00.000,203.43,327.64,171.84,-108.87
2025-08-08T09:09:00.000,203.44,327.64,171.84,-108.90
2025-08-08T09:10:00.000,203.48,327.65,171.91,-108.87
2025-08-08T09:11:00.000,203.48,327.64,171.89,-108.90
2025-08-08T09:12:00.000,203.39,327.66,171.83,-108.81
2025-08-08T09:13:00.000,203.45,327.66,171.89,-108.84
2025-08-08T09:14:00.000,203.46,327.68,171.94,-108.78
2025-08-08T09:15:00.000,203.41,327.66,171.86,-108.82
2025-08-08T09:16:00.000,203.44,327.66,171.87,-108.84
2025-08-08T09:17:00.000,203.43,327.66,171.88,-108.81
2025-08-08T09:18:00.000,203.48,327.69,171.97,-108.76
2025-08-08T09:19:00.000,203.43,327.66,171.87,-108.82
2025-08-08T09:20:00.000,203.43,327.66,171.87,-108.84
2025-08-08T09:21:00.000,203.43,327.66,171.86,-108.84
2025-08-08T09:22:00.000,203.37,327.68,171.86,-108.74
2025-08-08T09:23:00.000,203.36,327.69,171.87,-108.70
2025-08-08T09:24:00.000,203.28,327.68,171.79,-108.69
2025-08-08T09:25:00.000,203.23,327.71,171.81,-108.56
2025-08-08T09:26:00.000,203.25,327.71,171.81,-108.59
2025-08-08T09:27:00.000,203.25,327.70,171.80,-108.60
2025-08-08T09:28:00.000,203.24,327.69,171.77,-108.63
2025-08-08T09:29:00.000,203.19,327.69,171.73,-108.61
2025-08-08T09:30:00.000,203.29,327.68,171.79,-108.70
2025-08-08T09:31:00.000,203.23,327.69,171.76,-108.64
2025-08-08T09:32:00.000,203.23,327.68,171.75,-108.65
2025-08-08T09:33:00.000,203.26,327.69,171.78,-108.65
2025-08-08T09:34:00.000,203.22,327.68,171.73,-108.66
2025-08-08T09:35:00.000,203.27,327.69,171.80,-108.65
2025-08-08T09:36:00.000,203.23,327.68,171.75,-108.65
2025-08-08T09:37:00.000,203.25,327.68,171.76,-108.66
2025-08-08T09:38:00.000,203.24,327.72,171.82,-108.56
2025-08-08T09:39:00.000,203.14,327.70,171.70,-108.55
2025-08-08T09:40:00.000,203.13,327.72,171.73,-108.49
2025-08-08T09:41:00.000,203.03,327.71,171.63,-108.47
2025-08-08T09:42:00.000,202.88,327.70,171.48,-108.42
2025-08-08T09:43:00.000,202.86,327.73,171.52,-108.32
2025-08-08T09:44:00.000,202.89,327.74,171.58,-108.29
2025-08-08T09:45:00.000,202.80,327.71,171.44,-108.33
2025-08-08T09:46:00.000,202.74,327.78,171.52,-108.10
2025-08-08T09:47:00.000,202.45,327.81,171.34,-107.85
2025-08-08T09:48:00.000,202.32,327.85,171.30,-107.65
2025-08-08T09:49:00.000,202.06,327.94,171.24,-107.27
2025-08-08T09:50:00.000,201.81,328.00,171.15,-106.93
2025-08-08T09:51:00.000,201.66,328.02,171.06,-106.80
2025-08-08T09:52:00.000,201.46,328.03,170.90,-106.67
2025-08-08T09:53:00.000,201.33,328.08,170.87,-106.46
2025-08-08T09:54:00.000,201.22,328.07,170.77,-106.42
2025-08-08T09:55:00.000,201.12,328.11,170.76,-106.25
2025-08-08T09:56:00.000,201.05,328.15,170.77,-106.11
2025-08-08T09:57:00.000,200.94,328.10,170.59,-106.18
2025-08-08T09:58:00.000,200.88,328.15,170.63,-106.01
2025-08-08T09:59:00.000,200.82,328.13,170.55,-106.02
2025-08-08T10:00:00.000,200.83,328.14,170.56,-106.02
2025-08-08T10:01:00.000,200.68,328.10,170.37,-106.05
2025-08-08T10:02:00.000,200.72,328.10,170.41,-106.06
2025-08-08T10:03:00.000,200.63,328.12,170.38,-105.95
2025-08-08T10:04:00.000,200.61,328.14,170.39,-105.88
2025-08-08T10:05:00.000,200.50,328.14,170.30,-105.82
2025-08-08T10:06:00.000,200.58,328.17,170.41,-105.80
2025-08-08T10:07:00.000,200.52,328.17,170.35,-105.76
2025-08-08T10:08:00.000,200.53,328.18,170.38,-105.74
2025-08-08T10:09:00.000,200.51,328.17,170.35,-105.76
2025-08-08T10:10:00.000,200.45,328.19,170.35,-105.65
2025-08-08T10:11:00.000,200.55,328.22,170.48,-105.63
2025-08-08T10:12:00.000,200.42,328.20,170.34,-105.61
2025-08-08T10:13:00.000,200.45,328.23,170.41,-105.55
2025-08-08T10:14:00.000,200.43,328.24,170.42,-105.49
2025-08-08T10:15:00.000,200.44,328.24,170.42,-105.51
2025-08-08T10:16:00.000,200.37,328.21,170.30,-105.56
2025-08-08T10:17:00.000,200.30,328.26,170.34,-105.36
2025-08-08T10:18:00.000,200.24,328.24,170.25,-105.41
2025-08-08T10:19:00.000,200.33,328.24,170.33,-105.45
2025-08-08T10:20:00.000,200.31,328.24,170.31,-105.44
2025-08-08T10:21:00.000,200.31,328.21,170.26,-105.53
2025-08-08T10:22:00.000,200.33,328.20,170.27,-105.55
2025-08-08T10:23:00.000,200.32,328.15,170.16,-105.70
2025-08-08T10:24:00.000,200.38,328.20,170.31,-105.58
2025-08-08T10:25:00.000,200.21,328.17,170.11,-105.59
2025-08-08T10:26:00.000,200.11,328.18,170.04,-105.50
2025-08-08T10:27:00.000,199.98,328.21,169.99,-105.34
2025-08-08T10:28:00.000,199.97,328.23,170.00,-105.29
2025-08-08T10:29:00.000,199.89,328.22,169.91,-105.29
2025-08-08T10:30:00.000,199.70,328.18,169.70,-105.28
2025-08-08T10:31:00.000,199.66,328.22,169.73,-105.15
2025-08-08T10:32:00.000,199.66,328.24,169.76,-105.08
2025-08-08T10:33:00.000,199.70,328.22,169.76,-105.18
2025-08-08T10:34:00.000,199.80,328.21,169.82,-105.26
2025-08-08T10:35:00.000,199.83,328.21,169.85,-105.28
2025-08-08T10:36:00.000,199.90,328.19,169.87,-105.37
2025-08-08T10:37:00.000,200.01,328.18,169.95,-105.46
2025-08-08T10:38:00.000,200.10,328.16,169.99,-105.56
2025-08-08T10:39:00.000,200.21,328.17,170.11,-105.58
2025-08-08T10:40:00.000,200.20,328.17,170.09,-105.58
2025-08-08T10:41:00.000,200.28,328.15,170.13,-105.67
2025-08-08T10:42:00.000,200.34,328.17,170.22,-105.66
2025-08-08T10:43:00.000,200.46,328.15,170.28,-105.78
2025-08-08T10:44:00.000,200.50,328.12,170.25,-105.90
2025-08-08T10:45:00.000,200.58,328.10,170.29,-106.00
2025-08-08T10:46:00.000,200.69,328.10,170.37,-106.06
2025-08-08T10:47:00.000,200.72,328.12,170.44,-106.02
2025-08-08T10:48:00.000,200.78,328.11,170.48,-106.06
2025-08-08T10:49:00.000,200.79,328.07,170.41,-106.20
2025-08-08T10:50:00.000,200.79,328.07,170.41,-106.19
2025-08-08T10:51:00.000,200.82,328.10,170.49,-106.12
2025-08-08T10:52:00.000,200.80,328.09,170.46,-106.13
2025-08-08T10:53:00.000,200.77,328.09,170.43,-106.12
2025-08-08T10:54:00.000,200.89,328.13,170.61,-106.07
2025-08-08T10:55:00.000,200.83,328.10,170.51,-106.12
2025-08-08T10:56:00.000,200.90,328.11,170.57,-106.15
2025-08-08T10:57:00.000,200.88,328.12,170.58,-106.09
2025-08-08T10:58:00.000,200.91,328.15,170.66,-106.02
2025-08-08T10:59:00.000,200.88,328.14,170.62,-106.03
2025-08-08T11:00:00.000,200.91,328.16,170.67,-106.00
2025-08-08T11:01:00.000,200.86,328.16,170.63,-105.97
2025-08-08T11:02:00.000,200.88,328.19,170.70,-105.90
2025-08-08T11:03:00.000,200.85,328.18,170.67,-105.89
2025-08-08T11:04:00.000,200.91,328.18,170.72,-105.92
2025-08-08T11:05:00.000,200.92,328.16,170.69,-105.98
2025-08-08T11:06:00.000,200.80,328.17,170.61,-105.89
2025-08-08T11:07:00.000,200.83,328.19,170.66,-105.87
2025-08-08T11:08:00.000,200.80,328.19,170.63,-105.85
2025-08-08T11:09:00.000,200.70,328.21,170.59,-105.74
2025-08-08T11:10:00.000,200.65,328.22,170.58,-105.66
2025-08-08T11:11:00.000,200.59,328.24,170.55,-105.59
2025-08-08T11:12:00.000,200.46,328.22,170.40,-105.58
2025-08-08T11:13:00.000,200.52,328.24,170.50,-105.54
2025-08-08T11:14:00.000,200.50,328.27,170.52,-105.46
2025-08-08T11:15:00.000,200.44,328.27,170.49,-105.41
2025-08-08T11:16:00.000,200.44,328.26,170.47,-105.44
2025-08-08T11:17:00.000,200.45,328.28,170.51,-105.40
2025-08-08T11:18:00.000,200.39,328.26,170.43,-105.40
2025-08-08T11:19:00.000,200.37,328.27,170.41,-105.39
2025-08-08T11:20:00.000,200.36,328.27,170.42,-105.37
2025-08-08T11:21:00.000,200.35,328.27,170.41,-105.36
2025-08-08T11:22:00.000,200.34,328.29,170.43,-105.31
2025-08-08T11:23:00.000,200.39,328.25,170.40,-105.46
2025-08-08T11:24:00.000,200.44,328.24,170.43,-105.49
2025-08-08T11:25:00.000,200.46,328.24,170.44,-105.52
2025-08-08T11:26:00.000,200.55,328.24,170.52,-105.55
2025-08-08T11:27:00.000,200.52,328.24,170.50,-105.54
2025-08-08T11:28:00.000,200.36,328.24,170.36,-105.46
2025-08-08T11:29:00.000,200.41,328.28,170.48,-105.37
2025-08-08T11:30:00.000,200.43,328.31,170.54,-105.30
2025-08-08T11:31:00.000,200.30,328.30,170.42,-105.26
2025-08-08T11:32:00.000,200.31,328.29,170.41,-105.28
2025-08-08T11:33:00.000,200.33,328.32,170.48,-105.20
2025-08-08T11:34:00.000,200.29,328.31,170.43,-105.22
2025-08-08T11:35:00.000,200.26,328.30,170.38,-105.24
2025-08-08T11:36:00.000,200.33,328.32,170.48,-105.20
2025-08-08T11:37:00.000,200.35,328.32,170.49,-105.22
2025-08-08T11:38:00.000,200.35,328.32,170.49,-105.22
2025-08-08T11:39:00.000,200.39,328.30,170.50,-105.30
2025-08-08T11:40:00.000,200.44,328.30,170.53,-105.33
2025-08-08T11:41:00.000,200.36,328.30,170.48,-105.28
2025-08-08T11:42:00.000,200.35,328.32,170.51,-105.21
2025-08-08T11:43:00.000,200.35,328.34,170.53,-105.16
2025-08-08T11:44:00.000,200.35,328.39,170.63,-105.00
2025-08-08T11:45:00.000,200.19,328.37,170.45,-105.00
2025-08-08T11:46:00.000,200.15,328.40,170.47,-104.87
2025-08-08T11:47:00.000,199.99,328.39,170.32,-104.83
2025-08-08T11:48:00.000,199.96,328.41,170.32,-104.76
2025-08-08T11:49:00.000,199.95,328.42,170.35,-104.71
2025-08-08T11:50:00.000,199.87,328.43,170.29,-104.63
2025-08-08T11:51:00.000,199.85,328.42,170.26,-104.66
2025-08-08T11:52:00.000,199.79,328.42,170.21,-104.63
2025-08-08T11:53:00.000,199.70,328.41,170.11,-104.61
2025-08-08T11:54:00.000,199.73,328.42,170.15,-104.60
2025-08-08T11:55:00.000,199.79,328.41,170.19,-104.66
2025-08-08T11:56:00.000,199.96,328.39,170.29,-104.81
2025-08-08T11:57:00.000,199.95,328.37,170.25,-104.85
2025-08-08T11:58:00.000,200.03,328.38,170.34,-104.86
2025-08-08T11:59:00.000,200.08,328.36,170.34,-104.95
2025-08-08T12:00:00.000,200.11,328.36,170.36,-104.99
2025-08-08T12:01:00.000,200.08,328.35,170.33,-104.99
2025-08-08T12:02:00.000,200.05,328.34,170.29,-104.99
2025-08-08T12:03:00.000,199.95,328.32,170.16,-105.01
2025-08-08T12:04:00.000,200.02,328.33,170.23,-105.02
2025-08-08T12:05:00.000,200.06,328.34,170.28,-105.02
2025-08-08T12:06:00.000,200.13,328.32,170.31,-105.10
2025-08-08T12:07:00.000,200.24,328.34,170.43,-105.11
2025-08-08T12:08:00.000,200.35,328.28,170.43,-105.32
2025-08-08T12:09:00.000,200.48,328.27,170.52,-105.44
2025-08-08T12:10:00.000,200.65,328.26,170.64,-105.57
2025-08-08T12:11:00.000,200.72,328.23,170.65,-105.68
2025-08-08T12:12:00.000,200.90,328.22,170.79,-105.80
2025-08-08T12:13:00.000,200.96,328.19,170.78,-105.91
2025-08-08T12:14:00.000,201.00,328.19,170.81,-105.95
2025-08-08T12:15:00.000,201.01,328.18,170.80,-105.99
2025-08-08T12:16:00.000,201.14,328.18,170.92,-106.04
2025-08-08T12:17:00.000,201.02,328.17,170.79,-106.00
2025-08-08T12:18:00.000,201.08,328.19,170.88,-106.00
2025-08-08T12:19:00.000,201.12,328.18,170.90,-106.04
2025-08-08T12:20:00.000,201.17,328.19,170.96,-106.04
2025-08-08T12:21:00.000,201.23,328.17,170.98,-106.12
2025-08-08T12:22:00.000,201.18,328.18,170.95,-106.06
2025-08-08T12:23:00.000,201.28,328.18,171.04,-106.12
2025-08-08T12:24:00.000,201.38,328.20,171.15,-106.12
2025-08-08T12:25:00.000,201.40,328.20,171.17,-106.11
2025-08-08T12:26:00.000,201.44,328.18,171.16,-106.21
2025-08-08T12:27:00.000,201.57,328.20,171.31,-106.22
2025-08-08T12:28:00.000,201.50,328.16,171.18,-106.31
2025-08-08T12:29:00.000,201.62,328.16,171.27,-106.38
2025-08-08T12:30:00.000,201.56,328.18,171.26,-106.28
2025-08-08T12:31:00.000,201.47,328.15,171.14,-106.31
2025-08-08T12:32:00.000,201.37,328.17,171.08,-106.21
2025-08-08T12:33:00.000,201.30,328.20,171.08,-106.09
2025-08-08T12:34:00.000,201.16,328.22,171.00,-105.96
2025-08-08T12:35:00.000,201.07,328.25,170.99,-105.80
2025-08-08T12:36:00.000,201.03,328.25,170.95,-105.77
2025-08-08T12:37:00.000,200.95,328.25,170.88,-105.74
2025-08-08T12:38:00.000,200.95,328.29,170.94,-105.63
2025-08-08T12:39:00.000,200.95,328.28,170.94,-105.64
2025-08-08T12:40:00.000,200.93,328.29,170.93,-105.62
2025-08-08T12:41:00.000,200.86,328.31,170.91,-105.52
2025-08-08T12:42:00.000,200.80,328.31,170.86,-105.48
2025-08-08T12:43:00.000,200.76,328.36,170.92,-105.32
2025-08-08T12:44:00.000,200.69,328.34,170.83,-105.33
2025-08-08T12:45:00.000,200.68,328.38,170.89,-105.22
2025-08-08T12:46:00.000,200.60,328.40,170.86,-105.11
2025-08-08T12:47:00.000,200.54,328.41,170.83,-105.03
2025-08-08T12:48:00.000,200.49,328.40,170.77,-105.05
2025-08-08T12:49:00.000,200.42,328.41,170.72,-104.99
2025-08-08T12:50:00.000,200.45,328.43,170.78,-104.95
2025-08-08T12:51:00.000,200.43,328.43,170.76,-104.95
2025-08-08T12:52:00.000,200.48,328.44,170.82,-104.94
2025-08-08T12:53:00.000,200.46,328.44,170.81,-104.92
2025-08-08T12:54:00.000,200.49,328.43,170.81,-104.97
2025-08-08T12:55:00.000,200.53,328.42,170.83,-105.00
2025-08-08T12:56:00.000,200.46,328.44,170.82,-104.90
2025-08-08T12:57:00.000,200.57,328.46,170.94,-104.91
2025-08-08T12:58:00.000,200.51,328.44,170.85,-104.94
2025-08-08T12:59:00.000,200.58,328.44,170.92,-104.97
2025-08-08T13:00:00.000,200.54,328.44,170.88,-104.95
2025-08-08T13:01:00.000,200.48,328.46,170.86,-104.87
2025-08-08T13:02:00.000,200.53,328.48,170.94,-104.84
2025-08-08T13:03:00.000,200.60,328.46,170.98,-104.92
2025-08-08T13:04:00.000,200.66,328.44,170.98,-105.02
2025-08-08T13:05:00.000,200.63,328.45,170.97,-104.98
2025-08-08T13:06:00.000,200.63,328.42,170.93,-105.05
2025-08-08T13:07:00.000,200.69,328.43,170.98,-105.08
2025-08-08T13:08:00.000,200.74,328.41,170.99,-105.17
2025-08-08T13:09:00.000,200.75,328.39,170.97,-105.22
2025-08-08T13:10:00.000,200.78,328.38,170.98,-105.26
2025-08-08T13:11:00.000,200.78,328.36,170.94,-105.32
2025-08-08T13:12:00.000,200.73,328.34,170.86,-105.35
2025-08-08T13:13:00.000,200.70,328.35,170.85,-105.31
2025-08-08T13:14:00.000,200.79,328.35,170.94,-105.35
2025-08-08T13:15:00.000,200.76,328.33,170.87,-105.41
2025-08-08T13:16:00.000,200.81,328.32,170.88,-105.47
2025-08-08T13:17:00.000,200.76,328.31,170.84,-105.45
2025-08-08T13:18:00.000,200.84,328.32,170.91,-105.49
2025-08-08T13:19:00.000,200.86,328.33,170.94,-105.47
2025-08-08T13:20:00.000,200.82,328.31,170.87,-105.51
2025-08-08T13:21:00.000,200.92,328.30,170.94,-105.59
2025-08-08T13:22:00.000,200.93,328.30,170.95,-105.58
2025-08-08T13:23:00.000,200.92,328.28,170.91,-105.62
2025-08-08T13:24:00.000,200.93,328.29,170.93,-105.62
2025-08-08T13:25:00.000,200.84,328.29,170.86,-105.57
2025-08-08T13:26:00.000,200.77,328.30,170.81,-105.51
2025-08-08T13:27:00.000,200.64,328.31,170.72,-105.41
2025-08-08T13:28:00.000,200.69,328.34,170.83,-105.32
2025-08-08T13:29:00.000,200.53,328.32,170.64,-105.32
2025-08-08T13:30:00.000,200.61,328.35,170.77,-105.27
2025-08-08T13:31:00.000,200.53,328.33,170.67,-105.27
2025-08-08T13:32:00.000,200.66,328.37,170.85,-105.24
2025-08-08T13:33:00.000,200.63,328.35,170.79,-105.26
2025-08-08T13:34:00.000,200.70,328.32,170.80,-105.40
2025-08-08T13:35:00.000,200.73,328.35,170.88,-105.32
2025-08-08T13:36:00.000,200.73,328.34,170.86,-105.35
2025-08-08T13:37:00.000,200.72,328.33,170.84,-105.37
2025-08-08T13:38:00.000,200.70,328.33,170.80,-105.38
2025-08-08T13:39:00.000,200.72,328.35,170.87,-105.33
2025-08-08T13:40:00.000,200.64,328.36,170.82,-105.25
2025-08-08T13:41:00.000,200.59,328.34,170.75,-105.27
2025-08-08T13:42:00.000,200.59,328.40,170.84,-105.12
2025-08-08T13:43:00.000,200.47,328.42,170.79,-104.98
2025-08-08T13:44:00.000,200.39,328.47,170.80,-104.79
2025-08-08T13:45:00.000,200.36,328.49,170.81,-104.72
2025-08-08T13:46:00.000,200.30,328.52,170.82,-104.60
2025-08-08T13:47:00.000,200.35,328.51,170.85,-104.64
2025-08-08T13:48:00.000,200.41,328.51,170.90,-104.67
2025-08-08T13:49:00.000,200.48,328.51,170.95,-104.73
2025-08-08T13:50:00.000,200.46,328.50,170.93,-104.73
2025-08-08T13:51:00.000,200.39,328.51,170.88,-104.68
2025-08-08T13:52:00.000,200.38,328.51,170.86,-104.68
2025-08-08T13:53:00.000,200.35,328.52,170.86,-104.63
2025-08-08T13:54:00.000,200.35,328.50,170.83,-104.68
2025-08-08T13:55:00.000,200.35,328.49,170.80,-104.72
2025-08-08T13:56:00.000,200.23,328.50,170.73,-104.61
2025-08-08T13:57:00.000,200.19,328.51,170.71,-104.57
2025-08-08T13:58:00.000,200.08,328.52,170.64,-104.48
2025-08-08T13:59:00.000,199.92,328.53,170.51,-104.36
2025-08-08T14:00:00.000,199.98,328.56,170.63,-104.30
2025-08-08T14:01:00.000,200.10,328.56,170.72,-104.38
2025-08-08T14:02:00.000,200.31,328.56,170.90,-104.48
2025-08-08T14:03:00.000,200.41,328.51,170.89,-104.69
2025-08-08T14:04:00.000,200.30,328.51,170.80,-104.64
2025-08-08T14:05:00.000,200.29,328.51,170.79,-104.62
2025-08-08T14:06:00.000,200.28,328.51,170.78,-104.61
2025-08-08T14:07:00.000,200.34,328.52,170.85,-104.62
2025-08-08T14:08:00.000,200.27,328.52,170.79,-104.58
2025-08-08T14:09:00.000,200.28,328.54,170.83,-104.54
2025-08-08T14:10:00.000,200.46,328.56,171.02,-104.56
2025-08-08T14:11:00.000,200.50,328.51,170.97,-104.75
2025-08-08T14:12:00.000,200.49,328.47,170.89,-104.84
2025-08-08T14:13:00.000,200.66,328.50,171.08,-104.85
2025-08-08T14:14:00.000,200.77,328.50,171.18,-104.91
2025-08-08T14:15:00.000,200.79,328.41,171.04,-105.18
2025-08-08T14:16:00.000,200.88,328.41,171.12,-105.22
2025-08-08T14:17:00.000,200.86,328.40,171.09,-105.23
2025-08-08T14:18:00.000,200.78,328.42,171.05,-105.14
2025-08-08T14:19:00.000,200.65,328.45,170.99,-104.98
2025-08-08T14:20:00.000,200.54,328.46,170.91,-104.90
2025-08-08T14:21:00.000,200.52,328.47,170.93,-104.85
2025-08-08T14:22:00.000,200.47,328.51,170.94,-104.72
2025-08-08T14:23:00.000,200.34,328.51,170.84,-104.63
2025-08-08T14:24:00.000,200.25,328.52,170.77,-104.58
2025-08-08T14:25:00.000,200.24,328.53,170.79,-104.53
2025-08-08T14:26:00.000,200.16,328.54,170.74,-104.47
2025-08-08T14:27:00.000,200.20,328.54,170.77,-104.47
2025-08-08T14:28:00.000,200.13,328.55,170.73,-104.42
2025-08-08T14:29:00.000,200.19,328.56,170.79,-104.43
2025-08-08T14:30:00.000,200.25,328.51,170.75,-104.61
2025-08-08T14:31:00.000,200.25,328.51,170.76,-104.60
2025-08-08T14:32:00.000,200.20,328.53,170.75,-104.53
2025-08-08T14:33:00.000,200.16,328.56,170.78,-104.39
2025-08-08T14:34:00.000,200.14,328.54,170.72,-104.46
2025-08-08T14:35:00.000,200.04,328.57,170.68,-104.31
2025-08-08T14:36:00.000,200.05,328.56,170.68,-104.34
2025-08-08T14:37:00.000,200.09,328.57,170.73,-104.33
2025-08-08T14:38:00.000,200.08,328.56,170.71,-104.35
2025-08-08T14:39:00.000,200.02,328.56,170.66,-104.34
2025-08-08T14:40:00.000,200.10,328.56,170.73,-104.37
2025-08-08T14:41:00.000,200.16,328.58,170.81,-104.36
2025-08-08T14:42:00.000,200.10,328.54,170.68,-104.45
2025-08-08T14:43:00.000,200.14,328.53,170.70,-104.49
2025-08-08T14:44:00.000,200.18,328.55,170.79,-104.43
2025-08-08T14:45:00.000,200.20,328.56,170.81,-104.42
2025-08-08T14:46:00.000,200.19,328.56,170.80,-104.41
2025-08-08T14:47:00.000,200.20,328.53,170.75,-104.52
2025-08-08T14:48:00.000,200.20,328.52,170.74,-104.53
2025-08-08T14:49:00.000,200.19,328.53,170.75,-104.49
2025-08-08T14:50:00.000,200.25,328.51,170.76,-104.59
2025-08-08T14:51:00.000,200.21,328.49,170.69,-104.63
2025-08-08T14:52:00.000,200.26,328.54,170.81,-104.53
2025-08-08T14:53:00.000,200.20,328.51,170.73,-104.56
2025-08-08T14:54:00.000,200.24,328.50,170.73,-104.63
2025-08-08T14:55:00.000,200.29,328.53,170.83,-104.56
2025-08-08T14:56:00.000,200.27,328.52,170.78,-104.59
2025-08-08T14:57:00.000,200.34,328.51,170.84,-104.65
2025-08-08T14:58:00.000,200.34,328.51,170.84,-104.65
2025-08-08T14:59:00.000,200.34,328.51,170.84,-104.64
2025-08-08T15:00:00.000,198.74,332.73,176.65,-91.07
2025-08-08T15:01:00.000,202.31,121.87,-106.83,171.81
2025-08-08T15:02:00.000,202.26,121.90,-106.88,171.72
2025-08-08T15:03:00.000,202.21,121.91,-106.87,171.66
2025-08-08T15:04:00.000,202.20,121.91,-106.89,171.63
2025-08-08T15:05:00.000,202.16,121.87,-106.75,171.68
2025-08-08T15:06:00.000,202.00,120.38,-102.15,174.27
2025-08-08T15:07:00.000,201.73,120.05,-101.02,174.61
2025-08-08T15:08:00.000,200.71,113.36,-79.57,184.26
2025-08-08T15:09:00.000,194.33,111.28,-70.53,181.08
2025-08-08T15:10:00.000,175.56,113.14,-69.01,161.43
2025-08-08T15:11:00.000,153.72,118.94,-74.39,134.52
2025-08-08T15:12:00.000,131.17,96.26,-14.31,130.39
2025-08-08T15:13:00.000,111.83,93.21,-6.27,111.66
2025-08-08T15:14:00.000,91.81,97.76,-12.39,90.97
2025-08-08T15:15:00.000,80.02,99.78,-13.59,78.85
2025-08-08T15:16:00.000,69.86,99.05,-10.99,68.99
2025-08-08T15:17:00.000,61.96,104.11,-15.11,60.09
2025-08-08T15:18:00.000,55.16,99.77,-9.36,54.36
2025-08-08T15:19:00.000,48.18,97.73,-6.48,47.74
2025-08-08T15:20:00.000,42.69,100.67,-7.90,41.95
2025-08-08T15:21:00.000,38.47,106.43,-10.88,36.90
2025-08-08T15:22:00.000,35.44,92.81,-1.73,35.40
2025-08-08T15:23:00.000,32.70,97.36,-4.19,32.43
2025-08-08T15:24:00.000,31.16,88.57,0.78,31.15
2025-08-08T15:25:00.000,29.03,90.80,-0.41,29.03
2025-08-08T15:26:00.000,26.87,84.91,2.39,26.76
2025-08-08T15:27:00.000,25.25,60.10,12.59,21.89
2025-08-08T15:28:00.000,23.13,73.79,6.45,22.21
2025-08-08T15:29:00.000,20.19,65.37,8.42,18.35
2025-08-08T15:30:00.000,17.82,67.69,6.77,16.49
2025-08-08T15:31:00.000,13.98,40.49,10.64,9.08
2025-08-08T15:32:00.000,9.75,40.28,7.44,6.30
2025-08-08T15:33:00.000,4.02,39.56,3.10,2.56
2025-08-08T15:34:00.000,1.02,70.40,0.34,0.96
2025-08-08T15:35:00.000,0.35,108.84,-0.11,0.33
2025-08-08T15:36:00.000,0.24,195.70,-0.23,-0.06
2025-08-08T15:37:00.000,0.44,157.20,-0.40,0.17
2025-08-08T15:38:00.000,0.35,191.01,-0.34,-0.07
2025-08-08T15:39:00.000,0.63,201.08,-0.59,-0.23
2025-08-08T15:40:00.000,0.79,196.09,-0.76,-0.22
2025-08-08T15:41:00.000,1.16,195.06,-1.12,-0.30
2025-08-08T15:42:00.000,0.76,177.63,-0.76,0.03
2025-08-08T15:43:00.000,0.88,185.18,-0.88,-0.08
2025-08-08T15:44:00.000,0.66,194.67,-0.64,-0.17
2025-08-08T15:45:00.000,0.49,213.66,-0.41,-0.27
2025-08-08T15:46:00.000,0.41,185.65,-0.40,-0.04
2025-08-08T15:47:00.000,0.45,203.86,-0.42,-0.18
2025-08-08T15:48:00.000,0.41,181.98,-0.41,-0.01
2025-08-08T15:49:00.000,0.28,163.25,-0.26,0.08
2025-08-08T15:50:00.000,0.26,136.40,-0.19,0.18
2025-08-08T15:51:00.000,0.24,99.48,-0.04,0.24
2025-08-08T15:52:00.000,0.55,91.99,-0.02,0.55
2025-08-08T15:53:00.000,0.22,88.09,0.01,0.22
2025-08-08T15:54:00.000,0.28,150.29,-0.24,0.14
2025-08-08T15:55:00.000,0.44,190.95,-0.44,-0.08
2025-08-08T15:56:00.000,0.47,186.61,-0.46,-0.05
2025-08-08T15:57:00.000,0.49,181.63,-0.49,-0.01
2025-08-08T15:58:00.000,0.46,190.71,-0.45,-0.08
2025-08-08T15:59:00.000,0.44,183.39,-0.44,-0.03
2025-08-08T16:00:00.000,0.41,183.19,-0.41,-0.02
2025-08-08T16:01:00.000,0.43,197.95,-0.41,-0.13
2025-08-08T16:02:00.000,0.31,201.07,-0.29,-0.11
2025-08-08T16:03:00.000,0.29,177.00,-0.29,0.01
2025-08-08T16:04:00.000,0.12,202.90,-0.11,-0.05
2025-08-08T16:05:00.000,0.20,192.11,-0.20,-0.04
2025-08-08T16:06:00.000,0.32,201.82,-0.30,-0.12
2025-08-08T16:07:00.000,0.32,205.97,-0.29,-0.14
2025-08-08T16:08:00.000,0.30,200.05,-0.28,-0.10
2025-08-08T16:09:00.000,0.16,187.46,-0.16,-0.02
2025-08-08T16:10:00.000,0.14,124.69,-0.08,0.12
2025-08-08T16:11:00.000,0.41,79.59,0.07,0.41
2025-08-08T16:12:00.000,0.61,83.64,0.07,0.61
2025-08-08T16:13:00.000,0.71,76.87,0.16,0.69
2025-08-08T16:14:00.000,1.61,68.10,0.60,1.50
2025-08-08T16:15:00.000,4.30,61.70,2.04,3.79
2025-08-08T16:16:00.000,5.78,57.62,3.10,4.88
2025-08-08T16:17:00.000,5.84,57.04,3.18,4.90
2025-08-08T16:18:00.000,4.78,57.87,2.54,4.05
2025-08-08T16:19:00.000,3.24,57.57,1.74,2.73
2025-08-08T16:20:00.000,2.35,56.96,1.28,1.97
2025-08-08T16:21:00.000,1.26,71.20,0.41,1.19
2025-08-08T16:22:00.000,0.82,81.30,0.12,0.81
2025-08-08T16:23:00.000,0.56,84.71,0.05,0.56
2025-08-08T16:24:00.000,0.97,101.01,-0.19,0.96
2025-08-08T16:25:00.000,0.51,109.11,-0.17,0.49
2025-08-08T16:26:00.000,0.50,105.29,-0.13,0.48
2025-08-08T16:27:00.000,0.53,100.74,-0.10,0.52
2025-08-08T16:28:00.000,0.64,88.53,0.02,0.64
2025-08-08T16:29:00.000,0.78,80.04,0.14,0.77
2025-08-08T16:30:00.000,0.57,82.58,0.07,0.56
2025-08-08T16:31:00.000,0.92,68.15,0.34,0.86
2025-08-08T16:32:00.000,0.87,78.51,0.17,0.85
2025-08-08T16:33:00.000,0.40,91.01,-0.01,0.40
2025-08-08T16:34:00.000,0.26,102.46,-0.06,0.25
2025-08-08T16:35:00.000,0.20,108.92,-0.07,0.19
2025-08-08T16:36:00.000,0.19,123.21,-0.10,0.16
2025-08-08T16:37:00.000,0.16,136.83,-0.11,0.11
2025-08-08T16:38:00.000,0.16,139.76,-0.13,0.11
2025-08-08T16:39:00.000,0.17,164.14,-0.17,0.05
2025-08-08T16:40:00.000,0.20,159.72,-0.19,0.07
2025-08-08T16:41:00.000,0.19,167.94,-0.18,0.04
2025-08-08T16:42:00.000,0.20,172.45,-0.20,0.03
2025-08-08T16:43:00.000,0.19,179.22,-0.19,0.00
2025-08-08T16:44:00.000,0.20,176.55,-0.20,0.01
2025-08-08T16:45:00.000,0.20,173.99,-0.20,0.02
2025-08-08T16:46:00.000,0.20,176.72,-0.20,0.01
2025-08-08T16:47:00.000,0.20,178.44,-0.20,0.01
2025-08-08T16:48:00.000,0.14,212.38,-0.12,-0.07
2025-08-08T16:49:00.000,0.20,173.93,-0.20,0.02
2025-08-08T16:50:00.000,0.13,187.97,-0.13,-0.02
2025-08-08T16:51:00.000,0.13,156.76,-0.12,0.05
2025-08-08T16:52:00.000,0.12,123.43,-0.06,0.10
2025-08-08T16:53:00.000,0.09,86.17,0.01,0.09
2025-08-08T16:54:00.000,0.24,47.16,0.16,0.17
2025-08-08T16:55:00.000,0.35,41.57,0.27,0.24
2025-08-08T16:56:00.000,0.18,17.35,0.17,0.05
2025-08-08T16:57:00.000,0.38,45.17,0.26,0.27
2025-08-08T16:58:00.000,0.40,55.33,0.23,0.33
2025-08-08T16:59:00.000,0.23,64.85,0.10,0.21
2025-08-08T17:00:00.000,0.10,136.71,-0.07,0.07
2025-08-08T17:01:00.000,0.12,151.82,-0.10,0.06
2025-08-08T17:02:00.000,0.17,159.95,-0.16,0.06
2025-08-08T17:03:00.000,0.14,163.70,-0.13,0.04
2025-08-08T17:04:00.000,0.16,165.07,-0.15,0.04
2025-08-08T17:05:00.000,0.25,168.99,-0.24,0.05
2025-08-08T17:06:00.000,0.24,181.69,-0.24,-0.01
2025-08-08T17:07:00.000,0.23,180.37,-0.23,-0.00
2025-08-08T17:08:00.000,0.28,196.07,-0.26,-0.08
2025-08-08T17:09:00.000,0.28,195.92,-0.27,-0.08
2025-08-08T17:10:00.000,0.29,196.22,-0.28,-0.08
2025-08-08T17:11:00.000,0.29,196.37,-0.28,-0.08
2025-08-08T17:12:00.000,0.31,199.97,-0.29,-0.11
2025-08-08T17:13:00.000,0.33,204.77,-0.30,-0.14
2025-08-08T17:14:00.000,0.42,210.97,-0.36,-0.22
2025-08-08T17:15:00.000,0.37,209.57,-0.32,-0.18
2025-08-08T17:16:00.000,0.34,210.36,-0.29,-0.17
2025-08-08T17:17:00.000,0.31,238.86,-0.16,-0.27
2025-08-08T17:18:00.000,0.23,264.97,-0.02,-0.23
2025-08-08T17:19:00.000,0.21,226.92,-0.14,-0.15
2025-08-08T17:20:00.000,0.25,216.49,-0.20,-0.15
2025-08-08T17:21:00.000,0.33,201.43,-0.31,-0.12
2025-08-08T17:22:00.000,0.30,211.22,-0.26,-0.16
2025-08-08T17:23:00.000,0.34,214.50,-0.28,-0.19
2025-08-08T17:24:00.000,0.36,215.25,-0.30,-0.21
2025-08-08T17:25:00.000,0.39,218.04,-0.31,-0.24
2025-08-08T17:26:00.000,0.45,219.56,-0.34,-0.28
2025-08-08T17:27:00.000,0.49,208.27,-0.43,-0.23
2025-08-08T17:28:00.000,0.59,213.99,-0.49,-0.33
2025-08-08T17:29:00.000,0.69,223.29,-0.50,-0.47
2025-08-08T17:30:00.000,0.81,226.52,-0.56,-0.59
2025-08-08T17:31:00.000,0.75,227.56,-0.51,-0.55
2025-08-08T17:32:00.000,0.74,226.08,-0.51,-0.53
2025-08-08T17:33:00.000,0.75,232.74,-0.46,-0.60
2025-08-08T17:34:00.000,0.81,233.44,-0.48,-0.65
2025-08-08T17:35:00.000,0.90,234.32,-0.53,-0.73
2025-08-08T17:36:00.000,0.81,233.18,-0.49,-0.65
2025-08-08T17:37:00.000,0.86,231.52,-0.54,-0.67
2025-08-08T17:38:00.000,0.89,226.94,-0.61,-0.65
2025-08-08T17:39:00.000,0.99,220.96,-0.75,-0.65
2025-08-08T17:40:00.000,1.06,223.39,-0.77,-0.73
2025-08-08T17:41:00.000,1.19,223.12,-0.87,-0.81
2025-08-08T17:42:00.000,1.01,223.60,-0.73,-0.70
2025-08-08T17:43:00.000,1.19,225.13,-0.84,-0.85
2025-08-08T17:44:00.000,1.60,236.97,-0.87,-1.34
2025-08-08T17:45:00.000,1.42,225.04,-1.00,-1.01
2025-08-08T17:46:00.000,1.60,226.84,-1.10,-1.17
2025-08-08T17:47:00.000,2.76,224.78,-1.96,-1.94
2025-08-08T17:48:00.000,3.23,225.97,-2.24,-2.32
2025-08-08T17:49:00.000,4.90,226.53,-3.37,-3.55
2025-08-08T17:50:00.000,5.04,226.91,-3.44,-3.68
2025-08-08T17:51:00.000,4.85,224.03,-3.49,-3.37
2025-08-08T17:52:00.000,4.48,228.03,-3.00,-3.33
2025-08-08T17:53:00.000,2.61,224.71,-1.85,-1.83
2025-08-08T17:54:00.000,1.87,222.91,-1.37,-1.28
2025-08-08T17:55:00.000,1.57,224.57,-1.12,-1.11
2025-08-08T17:56:00.000,1.55,223.28,-1.13,-1.06
2025-08-08T17:57:00.000,1.68,224.35,-1.20,-1.17
2025-08-08T17:58:00.000,1.75,219.46,-1.35,-1.11
2025-08-08T17:59:00.000,1.81,223.18,-1.32,-1.24
2025-08-08T18:00:00.000,1.81,225.20,-1.28,-1.29
2025-08-08T18:01:00.000,1.85,225.83,-1.29,-1.33
2025-08-08T18:02:00.000,1.71,227.61,-1.15,-1.26
2025-08-08T18:03:00.000,1.46,223.71,-1.05,-1.01
2025-08-08T18:04:00.000,1.11,221.55,-0.83,-0.73
2025-08-08T18:05:00.000,1.04,219.27,-0.81,-0.66
2025-08-08T18:06:00.000,1.17,224.78,-0.83,-0.82
2025-08-08T18:07:00.000,1.04,223.33,-0.76,-0.71
2025-08-08T18:08:00.000,1.12,221.72,-0.84,-0.75
2025-08-08T18:09:00.000,1.22,222.73,-0.89,-0.83
2025-08-08T18:10:00.000,1.03,218.45,-0.80,-0.64
2025-08-08T18:11:00.000,1.54,222.23,-1.14,-1.04
2025-08-08T18:12:00.000,1.81,215.01,-1.48,-1.04
2025-08-08T18:13:00.000,1.56,225.45,-1.09,-1.11
2025-08-08T18:14:00.000,1.51,216.75,-1.21,-0.90
2025-08-08T18:15:00.000,1.30,217.03,-1.04,-0.78
2025-08-08T18:16:00.000,1.16,220.69,-0.88,-0.75
2025-08-08T18:17:00.000,1.03,219.08,-0.80,-0.65
2025-08-08T18:18:00.000,0.98,217.04,-0.78,-0.59
2025-08-08T18:19:00.000,0.94,217.18,-0.75,-0.57
2025-08-08T18:20:00.000,0.95,218.79,-0.74,-0.59
2025-08-08T18:21:00.000,0.94,219.48,-0.73,-0.60
2025-08-08T18:22:00.000,0.94,217.47,-0.74,-0.57
2025-08-08T18:23:00.000,0.91,216.81,-0.72,-0.54
2025-08-08T18:24:00.000,0.89,219.51,-0.69,-0.57
2025-08-08T18:25:00.000,0.87,220.61,-0.66,-0.57
2025-08-08T18:26:00.000,0.86,219.83,-0.66,-0.55
2025-08-08T18:27:00.000,0.79,222.24,-0.59,-0.53
2025-08-08T18:28:00.000,0.81,221.54,-0.61,-0.54
2025-08-08T18:29:00.000,0.85,221.01,-0.64,-0.55
2025-08-08T18:30:00.000,0.72,223.45,-0.53,-0.50
2025-08-08T18:31:00.000,0.71,213.95,-0.59,-0.40
2025-08-08T18:32:00.000,0.79,221.97,-0.59,-0.53
2025-08-08T18:33:00.000,0.82,222.09,-0.61,-0.55
2025-08-08T18:34:00.000,0.87,221.94,-0.64,-0.58
2025-08-08T18:35:00.000,0.93,223.76,-0.67,-0.64
2025-08-08T18:36:00.000,0.85,220.46,-0.64,-0.55
2025-08-08T18:37:00.000,0.80,219.13,-0.62,-0.50
2025-08-08T18:38:00.000,0.77,218.95,-0.60,-0.48
2025-08-08T18:39:00.000,0.78,219.91,-0.60,-0.50
2025-08-08T18:40:00.000,0.84,220.06,-0.64,-0.54
2025-08-08T18:41:00.000,0.94,226.61,-0.65,-0.68
2025-08-08T18:42:00.000,1.04,227.54,-0.70,-0.77
2025-08-08T18:43:00.000,0.96,218.03,-0.75,-0.59
2025-08-08T18:44:00.000,1.15,226.93,-0.79,-0.84
2025-08-08T18:45:00.000,1.18,227.86,-0.79,-0.88
2025-08-08T18:46:00.000,1.18,226.20,-0.82,-0.85
2025-08-08T18:47:00.000,1.22,230.53,-0.77,-0.94
2025-08-08T18:48:00.000,1.25,225.36,-0.88,-0.89
2025-08-08T18:49:00.000,1.21,223.98,-0.87,-0.84
2025-08-08T18:50:00.000,1.12,226.34,-0.77,-0.81
2025-08-08T18:51:00.000,1.21,230.43,-0.77,-0.94
2025-08-08T18:52:00.000,1.20,232.32,-0.73,-0.95
2025-08-08T18:53:00.000,1.23,231.50,-0.76,-0.96
2025-08-08T18:54:00.000,1.11,227.03,-0.75,-0.81
2025-08-08T18:55:00.000,1.05,223.46,-0.76,-0.72
2025-08-08T18:56:00.000,0.92,220.44,-0.70,-0.60
2025-08-08T18:57:00.000,0.95,218.06,-0.75,-0.58
2025-08-08T18:58:00.000,0.89,220.00,-0.68,-0.57
2025-08-08T18:59:00.000,0.85,221.35,-0.64,-0.56
2025-08-08T19:00:00.000,0.84,221.10,-0.63,-0.55
2025-08-08T19:01:00.000,0.84,217.72,-0.67,-0.52
2025-08-08T19:02:00.000,0.78,217.15,-0.63,-0.47
2025-08-08T19:03:00.000,0.72,217.98,-0.57,-0.44
2025-08-08T19:04:00.000,0.86,223.25,-0.63,-0.59
2025-08-08T19:05:00.000,0.79,218.24,-0.62,-0.49
2025-08-08T19:06:00.000,0.75,217.65,-0.59,-0.46
2025-08-08T19:07:00.000,0.72,214.64,-0.60,-0.41
2025-08-08T19:08:00.000,0.69,215.13,-0.56,-0.39
2025-08-08T19:09:00.000,0.65,216.25,-0.53,-0.39
2025-08-08T19:10:00.000,0.66,212.89,-0.55,-0.36
2025-08-08T19:11:00.000,0.66,214.27,-0.54,-0.37
2025-08-08T19:12:00.000,0.67,214.90,-0.55,-0.39
2025-08-08T19:13:00.000,0.71,215.97,-0.58,-0.42
2025-08-08T19:14:00.000,0.73,214.74,-0.60,-0.41
2025-08-08T19:15:00.000,0.75,215.90,-0.60,-0.44
2025-08-08T19:16:00.000,0.77,219.55,-0.60,-0.49
2025-08-08T19:17:00.000,0.82,213.19,-0.68,-0.45
2025-08-08T19:18:00.000,0.74,215.06,-0.61,-0.43
2025-08-08T19:19:00.000,0.74,215.84,-0.60,-0.43
2025-08-08T19:20:00.000,0.80,214.79,-0.66,-0.46
2025-08-08T19:21:00.000,0.85,214.22,-0.71,-0.48
2025-08-08T19:22:00.000,0.87,221.05,-0.65,-0.57
2025-08-08T19:23:00.000,0.98,224.92,-0.69,-0.69
2025-08-08T19:24:00.000,0.94,220.40,-0.71,-0.61
2025-08-08T19:25:00.000,0.97,221.91,-0.72,-0.65
2025-08-08T19:26:00.000,0.99,218.73,-0.77,-0.62
2025-08-08T19:27:00.000,0.91,219.81,-0.70,-0.58
2025-08-08T19:28:00.000,0.87,219.38,-0.67,-0.55
2025-08-08T19:29:00.000,0.88,217.98,-0.69,-0.54
2025-08-08T19:30:00.000,0.90,218.73,-0.70,-0.56
2025-08-08T19:31:00.000,0.99,216.55,-0.80,-0.59
2025-08-08T19:32:00.000,1.11,221.11,-0.84,-0.73
2025-08-08T19:33:00.000,1.48,218.00,-1.17,-0.91
2025-08-08T19:34:00.000,1.71,219.41,-1.32,-1.08
2025-08-08T19:35:00.000,1.75,219.31,-1.36,-1.11
2025-08-08T19:36:00.000,1.97,218.70,-1.54,-1.23
2025-08-08T19:37:00.000,2.02,222.81,-1.48,-1.37
2025-08-08T19:38:00.000,1.71,222.64,-1.26,-1.16
2025-08-08T19:39:00.000,1.73,225.27,-1.22,-1.23
2025-08-08T19:40:00.000,1.71,222.62,-1.26,-1.15
2025-08-08T19:41:00.000,1.74,219.95,-1.33,-1.12
2025-08-08T19:42:00.000,1.73,223.31,-1.26,-1.19
2025-08-08T19:43:00.000,1.79,222.48,-1.32,-1.21
2025-08-08T19:44:00.000,2.68,223.84,-1.93,-1.86
2025-08-08T19:45:00.000,3.35,224.07,-2.40,-2.33
2025-08-08T19:46:00.000,2.23,220.98,-1.68,-1.46
2025-08-08T19:47:00.000,2.16,220.47,-1.64,-1.40
2025-08-08T19:48:00.000,1.79,219.51,-1.38,-1.14
2025-08-08T19:49:00.000,1.53,221.33,-1.15,-1.01
2025-08-08T19:50:00.000,1.34,218.99,-1.04,-0.84
2025-08-08T19:51:00.000,1.21,218.18,-0.95,-0.75
2025-08-08T19:52:00.000,1.19,217.16,-0.95,-0.72
2025-08-08T19:53:00.000,1.19,216.03,-0.96,-0.70
2025-08-08T19:54:00.000,1.17,216.20,-0.95,-0.69
2025-08-08T19:55:00.000,1.20,218.61,-0.94,-0.75
2025-08-08T19:56:00.000,1.18,219.67,-0.91,-0.75
2025-08-08T19:57:00.000,1.14,217.22,-0.91,-0.69
2025-08-08T19:58:00.000,1.08,216.99,-0.86,-0.65
2025-08-08T19:59:00.000,1.06,217.39,-0.84,-0.64
2025-08-08T20:00:00.000,1.06,218.32,-0.84,-0.66
2025-08-08T20:01:00.000,1.06,217.70,-0.84,-0.65
2025-08-08T20:02:00.000,1.24,223.61,-0.90,-0.86
2025-08-08T20:03:00.000,1.42,226.74,-0.97,-1.03
2025-08-08T20:04:00.000,1.61,226.38,-1.11,-1.16
2025-08-08T20:05:00.000,2.19,229.69,-1.42,-1.67
2025-08-08T20:06:00.000,3.81,231.12,-2.39,-2.97
2025-08-08T20:07:00.000,4.01,234.42,-2.34,-3.26
2025-08-08T20:08:00.000,3.14,229.27,-2.05,-2.38
2025-08-08T20:09:00.000,1.70,227.66,-1.14,-1.25
2025-08-08T20:10:00.000,1.47,222.80,-1.08,-1.00
2025-08-08T20:11:00.000,1.23,224.06,-0.88,-0.86
2025-08-08T20:12:00.000,1.04,222.08,-0.77,-0.70
2025-08-08T20:13:00.000,0.77,221.33,-0.58,-0.51
2025-08-08T20:14:00.000,0.65,225.16,-0.46,-0.46
2025-08-08T20:15:00.000,0.66,224.07,-0.47,-0.46
2025-08-08T20:16:00.000,0.69,226.78,-0.47,-0.50
2025-08-08T20:17:00.000,0.73,224.95,-0.52,-0.52
2025-08-08T20:18:00.000,0.75,223.48,-0.54,-0.51
2025-08-08T20:19:00.000,0.83,230.77,-0.53,-0.64
2025-08-08T20:20:00.000,0.80,227.33,-0.54,-0.59
2025-08-08T20:21:00.000,0.82,228.32,-0.54,-0.61
2025-08-08T20:22:00.000,0.78,224.21,-0.56,-0.54
2025-08-08T20:23:00.000,0.73,225.42,-0.51,-0.52
2025-08-08T20:24:00.000,0.84,228.49,-0.56,-0.63
2025-08-08T20:25:00.000,1.08,230.56,-0.69,-0.84
2025-08-08T20:26:00.000,1.09,229.03,-0.71,-0.82
2025-08-08T20:27:00.000,1.10,228.30,-0.73,-0.82
2025-08-08T20:28:00.000,1.14,228.30,-0.76,-0.85
2025-08-08T20:29:00.000,0.98,223.91,-0.70,-0.68
2025-08-08T20:30:00.000,0.98,223.69,-0.71,-0.68
2025-08-08T20:31:00.000,1.05,226.58,-0.72,-0.76
2025-08-08T20:32:00.000,0.98,226.52,-0.67,-0.71
2025-08-08T20:33:00.000,0.90,225.78,-0.63,-0.65
2025-08-08T20:34:00.000,0.96,226.72,-0.65,-0.70
2025-08-08T20:35:00.000,1.03,229.45,-0.67,-0.78
2025-08-08T20:36:00.000,1.22,236.39,-0.68,-1.02
2025-08-08T20:37:00.000,1.44,217.25,-1.14,-0.87
2025-08-08T20:38:00.000,1.32,229.06,-0.86,-1.00
2025-08-08T20:39:00.000,1.59,232.61,-0.97,-1.26
2025-08-08T20:40:00.000,1.55,231.88,-0.95,-1.22
2025-08-08T20:41:00.000,1.38,232.77,-0.84,-1.10
2025-08-08T20:42:00.000,1.37,231.98,-0.84,-1.08
2025-08-08T20:43:00.000,1.29,229.52,-0.83,-0.98
2025-08-08T20:44:00.000,1.01,225.49,-0.71,-0.72
2025-08-08T20:45:00.000,0.93,224.95,-0.66,-0.66
2025-08-08T20:46:00.000,0.91,224.80,-0.65,-0.64
2025-08-08T20:47:00.000,1.06,232.13,-0.65,-0.84
2025-08-08T20:48:00.000,1.04,228.46,-0.69,-0.78
2025-08-08T20:49:00.000,0.84,227.11,-0.57,-0.62
2025-08-08T20:50:00.000,0.80,222.00,-0.59,-0.54
2025-08-08T20:51:00.000,0.84,219.06,-0.65,-0.53
2025-08-08T20:52:00.000,0.73,217.35,-0.58,-0.44
2025-08-08T20:53:00.000,0.70,217.42,-0.56,-0.43
2025-08-08T20:54:00.000,0.70,217.36,-0.55,-0.42
2025-08-08T20:55:00.000,0.68,214.91,-0.56,-0.39
2025-08-08T20:56:00.000,0.70,228.40,-0.47,-0.53
2025-08-08T20:57:00.000,0.58,219.96,-0.45,-0.37
2025-08-08T20:58:00.000,0.57,215.77,-0.46,-0.33
2025-08-08T20:59:00.000,0.56,218.08,-0.44,-0.35
2025-08-08T21:00:00.000,0.56,215.52,-0.46,-0.33
2025-08-08T21:01:00.000,0.56,215.00,-0.46,-0.32
2025-08-08T21:02:00.000,0.55,216.06,-0.45,-0.33
2025-08-08T21:03:00.000,0.36,217.85,-0.29,-0.22
2025-08-08T21:04:00.000,0.34,205.47,-0.31,-0.15
2025-08-08T21:05:00.000,0.33,208.36,-0.29,-0.16
2025-08-08T21:06:00.000,0.32,209.68,-0.28,-0.16
2025-08-08T21:07:00.000,0.38,203.94,-0.35,-0.15
2025-08-08T21:08:00.000,0.42,209.63,-0.36,-0.21
2025-08-08T21:09:00.000,0.42,214.55,-0.34,-0.24
2025-08-08T21:10:00.000,0.49,218.31,-0.38,-0.30
2025-08-08T21:11:00.000,0.79,210.62,-0.68,-0.40
2025-08-08T21:12:00.000,0.77,212.27,-0.65,-0.41
2025-08-08T21:13:00.000,0.71,210.77,-0.61,-0.36
2025-08-08T21:14:00.000,0.69,207.87,-0.61,-0.32
2025-08-08T21:15:00.000,0.70,205.39,-0.63,-0.30
2025-08-08T21:16:00.000,0.80,210.03,-0.70,-0.40
2025-08-08T21:17:00.000,0.83,212.47,-0.70,-0.45
2025-08-08T21:18:00.000,0.72,207.74,-0.64,-0.33
2025-08-08T21:19:00.000,0.70,206.19,-0.63,-0.31
2025-08-08T21:20:00.000,0.72,207.05,-0.65,-0.33
2025-08-08T21:21:00.000,0.87,202.62,-0.80,-0.33
2025-08-08T21:22:00.000,1.09,215.47,-0.89,-0.63
2025-08-08T21:23:00.000,0.98,216.32,-0.79,-0.58
2025-08-08T21:24:00.000,1.02,218.23,-0.80,-0.63
2025-08-08T21:25:00.000,0.92,217.01,-0.73,-0.55
2025-08-08T21:26:00.000,0.89,219.44,-0.69,-0.57
2025-08-08T21:27:00.000,0.84,215.73,-0.68,-0.49
2025-08-08T21:28:00.000,0.93,221.63,-0.69,-0.61
2025-08-08T21:29:00.000,0.93,218.41,-0.73,-0.58
2025-08-08T21:30:00.000,0.88,221.24,-0.66,-0.58
2025-08-08T21:31:00.000,0.93,221.91,-0.69,-0.62
2025-08-08T21:32:00.000,0.93,223.44,-0.68,-0.64
2025-08-08T21:33:00.000,0.98,223.43,-0.71,-0.67
2025-08-08T21:34:00.000,1.06,223.92,-0.77,-0.74
2025-08-08T21:35:00.000,1.07,225.57,-0.75,-0.76
2025-08-08T21:36:00.000,1.13,224.30,-0.81,-0.79
2025-08-08T21:37:00.000,1.14,222.47,-0.84,-0.77
2025-08-08T21:38:00.000,1.07,227.97,-0.71,-0.79
2025-08-08T21:39:00.000,0.99,226.35,-0.68,-0.72
2025-08-08T21:40:00.000,1.02,230.52,-0.65,-0.78
2025-08-08T21:41:00.000,0.94,227.57,-0.63,-0.69
2025-08-08T21:42:00.000,0.76,225.74,-0.53,-0.54
2025-08-08T21:43:00.000,0.57,230.88,-0.36,-0.44
2025-08-08T21:44:00.000,0.57,222.66,-0.42,-0.39
2025-08-08T21:45:00.000,0.57,226.02,-0.40,-0.41
2025-08-08T21:46:00.000,0.74,229.32,-0.48,-0.56
2025-08-08T21:47:00.000,0.60,219.88,-0.46,-0.38
2025-08-08T21:48:00.000,0.50,216.97,-0.40,-0.30
2025-08-08T21:49:00.000,0.48,200.06,-0.45,-0.17
2025-08-08T21:50:00.000,0.51,204.60,-0.46,-0.21
2025-08-08T21:51:00.000,0.46,209.23,-0.40,-0.22
2025-08-08T21:52:00.000,0.43,213.56,-0.36,-0.24
2025-08-08T21:53:00.000,0.50,212.84,-0.42,-0.27
2025-08-08T21:54:00.000,0.47,209.45,-0.41,-0.23
2025-08-08T21:55:00.000,0.47,215.57,-0.38,-0.27
2025-08-08T21:56:00.000,0.45,215.18,-0.37,-0.26
2025-08-08T21:57:00.000,0.49,214.93,-0.40,-0.28
2025-08-08T21:58:00.000,0.59,227.54,-0.40,-0.44
2025-08-08T21:59:00.000,0.66,211.29,-0.56,-0.34
2025-08-08T22:00:00.000,0.68,211.11,-0.58,-0.35
2025-08-08T22:01:00.000,0.63,216.21,-0.51,-0.37
2025-08-08T22:02:00.000,0.60,217.55,-0.48,-0.37
2025-08-08T22:03:00.000,0.60,216.54,-0.48,-0.36
2025-08-08T22:04:00.000,0.61,217.84,-0.49,-0.38
2025-08-08T22:05:00.000,0.61,216.96,-0.49,-0.37
2025-08-08T22:06:00.000,0.49,210.38,-0.42,-0.25
2025-08-08T22:07:00.000,0.49,213.04,-0.41,-0.27
2025-08-08T22:08:00.000,0.52,212.56,-0.44,-0.28
2025-08-08T22:09:00.000,0.50,212.24,-0.42,-0.27
2025-08-08T22:10:00.000,0.51,213.43,-0.42,-0.28
2025-08-08T22:11:00.000,0.52,223.20,-0.38,-0.36
2025-08-08T22:12:00.000,0.50,219.88,-0.38,-0.32
2025-08-08T22:13:00.000,0.49,221.44,-0.36,-0.32
2025-08-08T22:14:00.000,0.43,218.22,-0.34,-0.27
2025-08-08T22:15:00.000,0.44,219.19,-0.34,-0.28
2025-08-08T22:16:00.000,0.43,216.18,-0.34,-0.25
2025-08-08T22:17:00.000,0.41,215.19,-0.34,-0.24
2025-08-08T22:18:00.000,0.45,217.23,-0.36,-0.27
2025-08-08T22:19:00.000,0.45,214.37,-0.37,-0.25
2025-08-08T22:20:00.000,0.47,215.92,-0.38,-0.28
2025-08-08T22:21:00.000,0.46,210.08,-0.40,-0.23
2025-08-08T22:22:00.000,0.63,163.53,-0.60,0.18
2025-08-08T22:23:00.000,0.18,183.07,-0.18,-0.01
2025-08-08T22:24:00.000,0.21,165.99,-0.20,0.05
2025-08-08T22:25:00.000,0.20,167.34,-0.19,0.04
2025-08-08T22:26:00.000,0.24,189.08,-0.24,-0.04
2025-08-08T22:27:00.000,0.21,174.66,-0.21,0.02
2025-08-08T22:28:00.000,0.19,162.70,-0.19,0.06
2025-08-08T22:29:00.000,0.22,178.51,-0.22,0.01
2025-08-08T22:30:00.000,0.22,185.54,-0.22,-0.02
2025-08-08T22:31:00.000,0.20,173.46,-0.20,0.02
2025-08-08T22:32:00.000,0.20,167.54,-0.19,0.04
2025-08-08T22:33:00.000,0.23,185.65,-0.23,-0.02
2025-08-08T22:34:00.000,0.22,182.32,-0.22,-0.01
2025-08-08T22:35:00.000,0.27,187.78,-0.27,-0.04
2025-08-08T22:36:00.000,0.34,206.71,-0.30,-0.15
2025-08-08T22:37:00.000,0.32,204.37,-0.29,-0.13
2025-08-08T22:38:00.000,0.36,207.30,-0.32,-0.17
2025-08-08T22:39:00.000,0.38,209.47,-0.33,-0.19
2025-08-08T22:40:00.000,0.38,213.78,-0.31,-0.21
2025-08-08T22:41:00.000,0.34,211.68,-0.29,-0.18
2025-08-08T22:42:00.000,0.36,225.31,-0.25,-0.25
2025-08-08T22:43:00.000,0.41,223.97,-0.30,-0.29
2025-08-08T22:44:00.000,0.40,225.70,-0.28,-0.29
2025-08-08T22:45:00.000,0.30,214.56,-0.24,-0.17
2025-08-08T22:46:00.000,0.34,219.34,-0.26,-0.22
2025-08-08T22:47:00.000,0.44,214.52,-0.36,-0.25
2025-08-08T22:48:00.000,0.46,216.25,-0.37,-0.27
2025-08-08T22:49:00.000,0.45,218.01,-0.35,-0.27
2025-08-08T22:50:00.000,0.44,216.48,-0.36,-0.26
2025-08-08T22:51:00.000,0.45,219.10,-0.35,-0.28
2025-08-08T22:52:00.000,0.46,219.94,-0.35,-0.30
2025-08-08T22:53:00.000,0.46,221.26,-0.35,-0.30
2025-08-08T22:54:00.000,0.45,223.99,-0.33,-0.32
2025-08-08T22:55:00.000,0.45,224.20,-0.32,-0.32
2025-08-08T22:56:00.000,0.47,226.08,-0.32,-0.34
2025-08-08T22:57:00.000,0.45,223.75,-0.33,-0.31
2025-08-08T22:58:00.000,0.45,221.70,-0.34,-0.30
2025-08-08T22:59:00.000,0.45,219.98,-0.34,-0.29
2025-08-08T23:00:00.000,0.42,218.11,-0.33,-0.26
2025-08-08T23:01:00.000,0.41,218.01,-0.32,-0.25
2025-08-08T23:02:00.000,0.38,217.63,-0.30,-0.23
2025-08-08T23:03:00.000,0.35,213.46,-0.29,-0.19
2025-08-08T23:04:00.000,0.28,209.41,-0.24,-0.14
2025-08-08T23:05:00.000,0.26,206.59,-0.23,-0.12
2025-08-08T23:06:00.000,0.25,200.20,-0.23,-0.08
2025-08-08T23:07:00.000,0.25,198.20,-0.24,-0.08
2025-08-08T23:08:00.000,0.24,184.88,-0.23,-0.02
2025-08-08T23:09:00.000,0.26,185.53,-0.25,-0.02
2025-08-08T23:10:00.000,0.25,188.75,-0.24,-0.04
2025-08-08T23:11:00.000,0.29,189.41,-0.29,-0.05
2025-08-08T23:12:00.000,0.31,180.80,-0.31,-0.00
2025-08-08T23:13:00.000,0.27,185.66,-0.27,-0.03
2025-08-08T23:14:00.000,0.28,185.53,-0.28,-0.03
2025-08-08T23:15:00.000,0.34,204.69,-0.31,-0.14
2025-08-08T23:16:00.000,0.39,210.61,-0.33,-0.20
2025-08-08T23:17:00.000,0.38,209.96,-0.33,-0.19
2025-08-08T23:18:00.000,0.42,222.75,-0.31,-0.28
2025-08-08T23:19:00.000,0.45,218.31,-0.35,-0.28
2025-08-08T23:20:00.000,0.36,206.01,-0.32,-0.16
2025-08-08T23:21:00.000,0.28,201.56,-0.26,-0.10
2025-08-08T23:22:00.000,0.25,194.47,-0.24,-0.06
2025-08-08T23:23:00.000,0.23,199.95,-0.22,-0.08
2025-08-08T23:24:00.000,0.16,188.00,-0.16,-0.02
2025-08-08T23:25:00.000,0.22,197.55,-0.21,-0.07
2025-08-08T23:26:00.000,0.26,203.88,-0.24,-0.11
2025-08-08T23:27:00.000,0.29,208.18,-0.26,-0.14
2025-08-08T23:28:00.000,0.23,208.45,-0.20,-0.11
2025-08-08T23:29:00.000,0.28,212.32,-0.24,-0.15
2025-08-08T23:30:00.000,0.23,218.04,-0.18,-0.14
2025-08-08T23:31:00.000,0.26,216.43,-0.21,-0.16
2025-08-08T23:32:00.000,0.29,210.97,-0.25,-0.15
2025-08-08T23:33:00.000,0.34,213.25,-0.28,-0.19
2025-08-08T23:34:00.000,0.38,219.09,-0.30,-0.24
2025-08-08T23:35:00.000,0.45,218.30,-0.36,-0.28
2025-08-08T23:36:00.000,0.57,231.27,-0.35,-0.44
2025-08-08T23:37:00.000,0.58,227.12,-0.40,-0.43
2025-08-08T23:38:00.000,0.58,226.76,-0.40,-0.42
2025-08-08T23:39:00.000,0.58,226.10,-0.40,-0.42
2025-08-08T23:40:00.000,0.57,225.64,-0.40,-0.41
2025-08-08T23:41:00.000,0.56,226.73,-0.38,-0.41
2025-08-08T23:42:00.000,0.48,223.61,-0.35,-0.33
2025-08-08T23:43:00.000,0.39,221.62,-0.29,-0.26
2025-08-08T23:44:00.000,0.39,223.80,-0.28,-0.27
2025-08-08T23:45:00.000,0.39,225.56,-0.27,-0.28
2025-08-08T23:46:00.000,0.40,222.53,-0.29,-0.27
2025-08-08T23:47:00.000,0.41,223.00,-0.30,-0.28
2025-08-08T23:48:00.000,0.44,225.55,-0.31,-0.31
2025-08-08T23:49:00.000,0.48,226.16,-0.33,-0.34
2025-08-08T23:50:00.000,0.47,225.62,-0.33,-0.34
2025-08-08T23:51:00.000,0.49,225.70,-0.34,-0.35
2025-08-08T23:52:00.000,0.48,223.32,-0.35,-0.33
2025-08-08T23:53:00.000,0.50,217.06,-0.40,-0.30
2025-08-08T23:54:00.000,0.49,221.33,-0.36,-0.32
2025-08-08T23:55:00.000,0.46,220.57,-0.35,-0.30
2025-08-08T23:56:00.000,0.45,220.97,-0.34,-0.30
2025-08-08T23:57:00.000,0.35,215.42,-0.28,-0.20
2025-08-08T23:58:00.000,0.43,210.23,-0.37,-0.22
2025-08-08T23:59:00.000,0.46,213.00,-0.38,-0.25
2025-08-09T00:00:00.000,0.47,215.60,-0.39,-0.28
2025-08-09T00:01:00.000,0.53,225.76,-0.37,-0.38
2025-08-09T00:02:00.000,0.51,220.06,-0.39,-0.33
2025-08-09T00:03:00.000,0.57,216.44,-0.46,-0.34
2025-08-09T00:04:00.000,0.47,219.46,-0.36,-0.30
2025-08-09T00:05:00.000,0.35,206.24,-0.31,-0.15
2025-08-09T00:06:00.000,0.42,213.99,-0.35,-0.23
2025-08-09T00:07:00.000,0.37,217.73,-0.30,-0.23
2025-08-09T00:08:00.000,0.37,220.39,-0.28,-0.24
2025-08-09T00:09:00.000,0.36,219.03,-0.28,-0.22
2025-08-09T00:10:00.000,0.39,214.21,-0.32,-0.22
2025-08-09T00:11:00.000,0.41,221.34,-0.31,-0.27
2025-08-09T00:12:00.000,0.49,214.10,-0.41,-0.28
2025-08-09T00:13:00.000,0.51,216.88,-0.41,-0.31
2025-08-09T00:14:00.000,0.50,216.50,-0.40,-0.30
2025-08-09T00:15:00.000,0.49,215.17,-0.40,-0.28
2025-08-09T00:16:00.000,0.19,200.66,-0.18,-0.07
2025-08-09T00:17:00.000,0.20,162.26,-0.19,0.06
2025-08-09T00:18:00.000,0.19,142.10,-0.15,0.12
2025-08-09T00:19:00.000,0.15,135.63,-0.11,0.10
2025-08-09T00:20:00.000,0.16,159.55,-0.15,0.06
2025-08-09T00:21:00.000,0.16,131.37,-0.11,0.12
2025-08-09T00:22:00.000,0.19,127.30,-0.11,0.15
2025-08-09T00:23:00.000,0.17,161.09,-0.16,0.05
2025-08-09T00:24:00.000,0.21,181.29,-0.21,-0.00
2025-08-09T00:25:00.000,0.21,190.63,-0.21,-0.04
2025-08-09T00:26:00.000,0.19,197.40,-0.18,-0.06
2025-08-09T00:27:00.000,0.23,201.83,-0.22,-0.09
2025-08-09T00:28:00.000,0.40,201.68,-0.38,-0.15
2025-08-09T00:29:00.000,0.39,205.25,-0.35,-0.17
2025-08-09T00:30:00.000,0.45,207.62,-0.40,-0.21
2025-08-09T00:31:00.000,0.34,218.30,-0.27,-0.21
2025-08-09T00:32:00.000,0.44,211.88,-0.38,-0.23
2025-08-09T00:33:00.000,0.49,218.41,-0.39,-0.31
2025-08-09T00:34:00.000,0.49,217.62,-0.39,-0.30
2025-08-09T00:35:00.000,0.49,216.61,-0.40,-0.29
2025-08-09T00:36:00.000,0.48,217.14,-0.38,-0.29
2025-08-09T00:37:00.000,0.43,215.07,-0.35,-0.25
2025-08-09T00:38:00.000,0.30,202.72,-0.27,-0.11
2025-08-09T00:39:00.000,0.28,204.94,-0.26,-0.12
2025-08-09T00:40:00.000,0.25,200.47,-0.23,-0.09
2025-08-09T00:41:00.000,0.31,207.96,-0.28,-0.15
2025-08-09T00:42:00.000,0.36,209.98,-0.31,-0.18
2025-08-09T00:43:00.000,0.40,213.76,-0.33,-0.22
2025-08-09T00:44:00.000,0.43,217.16,-0.34,-0.26
2025-08-09T00:45:00.000,0.41,219.00,-0.32,-0.26
2025-08-09T00:46:00.000,0.41,219.61,-0.32,-0.26
2025-08-09T00:47:00.000,0.41,221.64,-0.31,-0.27
2025-08-09T00:48:00.000,0.41,219.86,-0.31,-0.26
2025-08-09T00:49:00.000,0.38,217.02,-0.30,-0.23
2025-08-09T00:50:00.000,0.38,213.27,-0.31,-0.21
2025-08-09T00:51:00.000,0.38,212.03,-0.32,-0.20
2025-08-09T00:52:00.000,0.42,213.32,-0.35,-0.23
2025-08-09T00:53:00.000,0.44,214.25,-0.36,-0.24
2025-08-09T00:54:00.000,0.45,215.15,-0.36,-0.26
2025-08-09T00:55:00.000,0.45,215.76,-0.36,-0.26
2025-08-09T00:56:00.000,0.55,219.40,-0.43,-0.35
2025-08-09T00:57:00.000,0.46,218.56,-0.36,-0.28
2025-08-09T00:58:00.000,0.41,206.79,-0.36,-0.18
2025-08-09T00:59:00.000,0.25,201.82,-0.23,-0.09
2025-08-09T01:00:00.000,0.23,184.29,-0.23,-0.02
2025-08-09T01:01:00.000,0.16,187.77,-0.16,-0.02
2025-08-09T01:02:00.000,0.24,198.39,-0.23,-0.07
2025-08-09T01:03:00.000,0.31,207.67,-0.27,-0.14
2025-08-09T01:04:00.000,0.33,212.82,-0.28,-0.18
2025-08-09T01:05:00.000,0.34,214.39,-0.28,-0.19
2025-08-09T01:06:00.000,0.36,220.16,-0.27,-0.23
2025-08-09T01:07:00.000,0.40,220.40,-0.30,-0.26
2025-08-09T01:08:00.000,0.40,221.73,-0.30,-0.27
2025-08-09T01:09:00.000,0.45,225.22,-0.32,-0.32
2025-08-09T01:10:00.000,0.28,202.18,-0.26,-0.11
2025-08-09T01:11:00.000,0.15,189.23,-0.15,-0.02
2025-08-09T01:12:00.000,0.15,184.19,-0.15,-0.01
2025-08-09T01:13:00.000,0.21,195.87,-0.20,-0.06
2025-08-09T01:14:00.000,0.24,184.21,-0.24,-0.02
2025-08-09T01:15:00.000,0.32,201.61,-0.29,-0.12
2025-08-09T01:16:00.000,0.38,212.64,-0.32,-0.20
2025-08-09T01:17:00.000,0.37,214.23,-0.30,-0.21
2025-08-09T01:18:00.000,0.38,212.51,-0.32,-0.20
2025-08-09T01:19:00.000,0.36,211.16,-0.31,-0.19
2025-08-09T01:20:00.000,0.33,206.97,-0.29,-0.15
2025-08-09T01:21:00.000,0.35,210.85,-0.30,-0.18
2025-08-09T01:22:00.000,0.31,207.24,-0.28,-0.14
2025-08-09T01:23:00.000,0.18,170.29,-0.18,0.03
2025-08-09T01:24:00.000,0.18,148.49,-0.16,0.10
2025-08-09T01:25:00.000,0.20,174.70,-0.20,0.02
2025-08-09T01:26:00.000,0.32,203.36,-0.29,-0.13
2025-08-09T01:27:00.000,0.36,212.06,-0.30,-0.19
2025-08-09T01:28:00.000,0.41,220.03,-0.31,-0.26
2025-08-09T01:29:00.000,0.39,219.82,-0.30,-0.25
2025-08-09T01:30:00.000,0.39,220.21,-0.29,-0.25
2025-08-09T01:31:00.000,0.37,220.52,-0.28,-0.24
2025-08-09T01:32:00.000,0.35,232.04,-0.22,-0.28
2025-08-09T01:33:00.000,0.27,227.85,-0.18,-0.20
2025-08-09T01:34:00.000,0.38,224.91,-0.27,-0.27
2025-08-09T01:35:00.000,0.44,223.54,-0.32,-0.30
2025-08-09T01:36:00.000,0.47,224.52,-0.33,-0.33
2025-08-09T01:37:00.000,0.51,227.92,-0.34,-0.38
2025-08-09T01:38:00.000,0.55,228.34,-0.36,-0.41
2025-08-09T01:39:00.000,0.56,224.04,-0.40,-0.39
2025-08-09T01:40:00.000,0.54,225.21,-0.38,-0.38
2025-08-09T01:41:00.000,0.51,223.28,-0.37,-0.35
2025-08-09T01:42:00.000,0.51,221.95,-0.38,-0.34
2025-08-09T01:43:00.000,0.45,223.44,-0.32,-0.31
2025-08-09T01:44:00.000,0.43,229.56,-0.28,-0.33
2025-08-09T01:45:00.000,0.44,225.05,-0.31,-0.31
2025-08-09T01:46:00.000,0.46,224.36,-0.33,-0.32
2025-08-09T01:47:00.000,0.48,224.16,-0.34,-0.33
2025-08-09T01:48:00.000,0.50,224.57,-0.35,-0.35
2025-08-09T01:49:00.000,0.49,222.80,-0.36,-0.34
2025-08-09T01:50:00.000,0.49,222.72,-0.36,-0.33
2025-08-09T01:51:00.000,0.46,224.66,-0.33,-0.32
2025-08-09T01:52:00.000,0.43,222.90,-0.31,-0.29
2025-08-09T01:53:00.000,0.37,218.74,-0.29,-0.23
2025-08-09T01:54:00.000,0.31,215.55,-0.25,-0.18
2025-08-09T01:55:00.000,0.33,214.53,-0.27,-0.19
2025-08-09T01:56:00.000,0.32,197.75,-0.31,-0.10
2025-08-09T01:57:00.000,0.39,209.88,-0.34,-0.19
2025-08-09T01:58:00.000,0.41,212.28,-0.35,-0.22
2025-08-09T01:59:00.000,0.50,212.18,-0.42,-0.27
2025-08-09T02:00:00.000,0.52,214.51,-0.43,-0.30
2025-08-09T02:01:00.000,0.53,221.71,-0.39,-0.35
2025-08-09T02:02:00.000,0.50,217.18,-0.40,-0.30
2025-08-09T02:03:00.000,0.44,215.85,-0.36,-0.26
2025-08-09T02:04:00.000,0.35,214.55,-0.29,-0.20
2025-08-09T02:05:00.000,0.33,211.46,-0.28,-0.17
2025-08-09T02:06:00.000,0.35,213.52,-0.29,-0.19
2025-08-09T02:07:00.000,0.38,217.23,-0.30,-0.23
2025-08-09T02:08:00.000,0.38,233.26,-0.23,-0.31
2025-08-09T02:09:00.000,0.53,231.83,-0.33,-0.42
2025-08-09T02:10:00.000,0.49,218.77,-0.38,-0.31
2025-08-09T02:11:00.000,0.49,219.72,-0.37,-0.31
2025-08-09T02:12:00.000,0.47,218.98,-0.37,-0.30
2025-08-09T02:13:00.000,0.44,220.87,-0.33,-0.29
2025-08-09T02:14:00.000,0.38,224.11,-0.28,-0.27
2025-08-09T02:15:00.000,0.33,220.13,-0.25,-0.21
2025-08-09T02:16:00.000,0.15,242.98,-0.07,-0.13
2025-08-09T02:17:00.000,0.18,241.61,-0.09,-0.16
2025-08-09T02:18:00.000,0.24,232.36,-0.15,-0.19
2025-08-09T02:19:00.000,0.35,225.09,-0.25,-0.25
2025-08-09T02:20:00.000,0.45,225.28,-0.32,-0.32
2025-08-09T02:21:00.000,0.47,222.63,-0.34,-0.32
2025-08-09T02:22:00.000,0.56,217.05,-0.44,-0.34
2025-08-09T02:23:00.000,0.57,217.79,-0.45,-0.35
2025-08-09T02:24:00.000,0.55,216.11,-0.44,-0.32
2025-08-09T02:25:00.000,0.53,215.42,-0.43,-0.30
2025-08-09T02:26:00.000,0.52,217.99,-0.41,-0.32
2025-08-09T02:27:00.000,0.51,215.72,-0.42,-0.30
2025-08-09T02:28:00.000,0.52,218.94,-0.40,-0.33
2025-08-09T02:29:00.000,0.54,216.48,-0.43,-0.32
2025-08-09T02:30:00.000,0.55,218.84,-0.43,-0.34
2025-08-09T02:31:00.000,0.56,217.33,-0.44,-0.34
2025-08-09T02:32:00.000,0.54,220.45,-0.41,-0.35
2025-08-09T02:33:00.000,0.53,220.89,-0.40,-0.34
2025-08-09T02:34:00.000,0.54,219.94,-0.42,-0.35
2025-08-09T02:35:00.000,0.50,220.39,-0.38,-0.33
2025-08-09T02:36:00.000,0.47,218.52,-0.37,-0.29
2025-08-09T02:37:00.000,0.44,219.41,-0.34,-0.28
2025-08-09T02:38:00.000,0.45,219.72,-0.35,-0.29
2025-08-09T02:39:00.000,0.50,218.26,-0.39,-0.31
2025-08-09T02:40:00.000,0.52,220.10,-0.39,-0.33
2025-08-09T02:41:00.000,0.54,219.34,-0.42,-0.34
2025-08-09T02:42:00.000,0.64,219.86,-0.49,-0.41
2025-08-09T02:43:00.000,0.67,218.66,-0.53,-0.42
2025-08-09T02:44:00.000,0.69,216.42,-0.55,-0.41
2025-08-09T02:45:00.000,0.65,215.57,-0.53,-0.38
2025-08-09T02:46:00.000,0.61,216.72,-0.49,-0.36
2025-08-09T02:47:00.000,0.60,213.69,-0.50,-0.33
2025-08-09T02:48:00.000,0.59,216.58,-0.47,-0.35
2025-08-09T02:49:00.000,0.56,214.78,-0.46,-0.32
2025-08-09T02:50:00.000,0.57,215.16,-0.46,-0.33
2025-08-09T02:51:00.000,0.59,215.95,-0.47,-0.34
2025-08-09T02:52:00.000,0.62,216.77,-0.49,-0.37
2025-08-09T02:53:00.000,0.66,218.13,-0.52,-0.41
2025-08-09T02:54:00.000,0.66,217.15,-0.52,-0.40
2025-08-09T02:55:00.000,0.66,215.34,-0.54,-0.38
2025-08-09T02:56:00.000,0.60,216.71,-0.48,-0.36
2025-08-09T02:57:00.000,0.54,225.73,-0.38,-0.39
2025-08-09T02:58:00.000,0.47,220.23,-0.36,-0.30
2025-08-09T02:59:00.000,0.41,215.26,-0.34,-0.24
2025-08-09T03:00:00.000,0.43,216.76,-0.34,-0.26
2025-08-09T03:01:00.000,0.43,218.02,-0.34,-0.27
2025-08-09T03:02:00.000,0.47,222.40,-0.34,-0.31
2025-08-09T03:03:00.000,0.48,220.84,-0.37,-0.32
2025-08-09T03:04:00.000,0.51,220.61,-0.39,-0.33
2025-08-09T03:05:00.000,0.50,222.01,-0.37,-0.34
2025-08-09T03:06:00.000,0.48,221.86,-0.36,-0.32
2025-08-09T03:07:00.000,0.47,220.47,-0.35,-0.30
2025-08-09T03:08:00.000,0.42,218.81,-0.33,-0.27
2025-08-09T03:09:00.000,0.41,216.37,-0.33,-0.24
2025-08-09T03:10:00.000,0.39,212.43,-0.33,-0.21
2025-08-09T03:11:00.000,0.40,213.33,-0.34,-0.22
2025-08-09T03:12:00.000,0.43,216.00,-0.35,-0.25
2025-08-09T03:13:00.000,0.47,216.34,-0.38,-0.28
2025-08-09T03:14:00.000,0.50,214.50,-0.41,-0.28
2025-08-09T03:15:00.000,0.48,215.69,-0.39,-0.28
2025-08-09T03:16:00.000,0.51,207.64,-0.45,-0.24
2025-08-09T03:17:00.000,0.49,213.99,-0.41,-0.27
2025-08-09T03:18:00.000,0.48,212.90,-0.40,-0.26
2025-08-09T03:19:00.000,0.42,210.53,-0.36,-0.21
2025-08-09T03:20:00.000,0.33,211.93,-0.28,-0.17
2025-08-09T03:21:00.000,0.37,219.61,-0.28,-0.23
2025-08-09T03:22:00.000,0.39,215.40,-0.32,-0.23
2025-08-09T03:23:00.000,0.42,218.19,-0.33,-0.26
2025-08-09T03:24:00.000,0.47,215.03,-0.38,-0.27
2025-08-09T03:25:00.000,0.48,215.73,-0.39,-0.28
2025-08-09T03:26:00.000,0.53,217.08,-0.42,-0.32
2025-08-09T03:27:00.000,0.54,218.26,-0.42,-0.33
2025-08-09T03:28:00.000,0.54,218.08,-0.43,-0.33
2025-08-09T03:29:00.000,0.53,217.85,-0.42,-0.32
2025-08-09T03:30:00.000,0.52,217.61,-0.41,-0.31
2025-08-09T03:31:00.000,0.51,217.14,-0.40,-0.31
2025-08-09T03:32:00.000,0.50,217.72,-0.40,-0.31
2025-08-09T03:33:00.000,0.52,217.33,-0.41,-0.31
2025-08-09T03:34:00.000,0.52,216.73,-0.42,-0.31
2025-08-09T03:35:00.000,0.54,217.30,-0.43,-0.32
2025-08-09T03:36:00.000,0.54,218.44,-0.43,-0.34
2025-08-09T03:37:00.000,0.57,218.94,-0.45,-0.36
2025-08-09T03:38:00.000,0.62,218.76,-0.48,-0.39
2025-08-09T03:39:00.000,0.60,217.41,-0.48,-0.37
2025-08-09T03:40:00.000,0.60,217.32,-0.48,-0.36
2025-08-09T03:41:00.000,0.59,217.28,-0.47,-0.36
2025-08-09T03:42:00.000,0.55,217.67,-0.44,-0.34
2025-08-09T03:43:00.000,0.56,216.53,-0.45,-0.33
2025-08-09T03:44:00.000,0.56,216.23,-0.45,-0.33
2025-08-09T03:45:00.000,0.57,216.70,-0.45,-0.34
2025-08-09T03:46:00.000,0.57,215.67,-0.46,-0.33
2025-08-09T03:47:00.000,0.59,216.10,-0.48,-0.35
2025-08-09T03:48:00.000,0.58,216.12,-0.47,-0.34
2025-08-09T03:49:00.000,0.60,217.11,-0.48,-0.36
2025-08-09T03:50:00.000,0.60,217.32,-0.48,-0.36
2025-08-09T03:51:00.000,0.60,216.27,-0.48,-0.36
2025-08-09T03:52:00.000,0.59,215.88,-0.48,-0.35
2025-08-09T03:53:00.000,0.59,215.25,-0.48,-0.34
2025-08-09T03:54:00.000,0.60,215.83,-0.49,-0.35
2025-08-09T03:55:00.000,0.62,216.06,-0.50,-0.36
2025-08-09T03:56:00.000,0.62,215.61,-0.50,-0.36
2025-08-09T03:57:00.000,0.62,216.01,-0.50,-0.36
2025-08-09T03:58:00.000,0.62,216.62,-0.49,-0.37
2025-08-09T03:59:00.000,0.61,216.03,-0.50,-0.36
2025-08-09T04:00:00.000,0.61,215.97,-0.50,-0.36
2025-08-09T04:01:00.000,0.61,215.95,-0.49,-0.36
2025-08-09T04:02:00.000,0.60,216.63,-0.48,-0.36
2025-08-09T04:03:00.000,0.59,216.36,-0.47,-0.35
2025-08-09T04:04:00.000,0.59,215.58,-0.48,-0.34
2025-08-09T04:05:00.000,0.58,215.51,-0.47,-0.34
2025-08-09T04:06:00.000,0.56,215.30,-0.46,-0.32
2025-08-09T04:07:00.000,0.56,216.16,-0.45,-0.33
2025-08-09T04:08:00.000,0.55,215.54,-0.44,-0.32
2025-08-09T04:09:00.000,0.54,214.68,-0.45,-0.31
2025-08-09T04:10:00.000,0.54,214.61,-0.44,-0.31
2025-08-09T04:11:00.000,0.52,214.57,-0.43,-0.30
2025-08-09T04:12:00.000,0.43,211.20,-0.37,-0.22
2025-08-09T04:13:00.000,0.48,213.02,-0.40,-0.26
2025-08-09T04:14:00.000,0.47,215.29,-0.39,-0.27
2025-08-09T04:15:00.000,0.49,216.13,-0.39,-0.29
2025-08-09T04:16:00.000,0.51,218.65,-0.40,-0.32
2025-08-09T04:17:00.000,0.55,220.74,-0.42,-0.36
2025-08-09T04:18:00.000,0.55,220.39,-0.42,-0.35
2025-08-09T04:19:00.000,0.51,222.66,-0.38,-0.35
2025-08-09T04:20:00.000,0.51,223.35,-0.37,-0.35
2025-08-09T04:21:00.000,0.52,223.68,-0.37,-0.36
2025-08-09T04:22:00.000,0.50,222.92,-0.37,-0.34
2025-08-09T04:23:00.000,0.50,226.29,-0.35,-0.36
2025-08-09T04:24:00.000,0.52,224.72,-0.37,-0.36
2025-08-09T04:25:00.000,0.52,224.94,-0.37,-0.36
2025-08-09T04:26:00.000,0.51,217.56,-0.40,-0.31
2025-08-09T04:27:00.000,0.51,221.41,-0.38,-0.34
2025-08-09T04:28:00.000,0.52,220.21,-0.40,-0.34
2025-08-09T04:29:00.000,0.54,219.49,-0.42,-0.35
2025-08-09T04:30:00.000,0.56,219.02,-0.44,-0.35
2025-08-09T04:31:00.000,0.59,219.51,-0.46,-0.38
2025-08-09T04:32:00.000,0.60,219.04,-0.47,-0.38
2025-08-09T04:33:00.000,0.59,218.86,-0.46,-0.37
2025-08-09T04:34:00.000,0.61,218.26,-0.48,-0.37
2025-08-09T04:35:00.000,0.70,220.00,-0.53,-0.45
2025-08-09T04:36:00.000,0.76,219.28,-0.59,-0.48
2025-08-09T04:37:00.000,0.80,220.70,-0.61,-0.52
2025-08-09T04:38:00.000,0.87,224.80,-0.62,-0.61
2025-08-09T04:39:00.000,0.87,230.78,-0.55,-0.67
2025-08-09T04:40:00.000,0.89,232.13,-0.55,-0.70
2025-08-09T04:41:00.000,0.91,232.61,-0.55,-0.72
2025-08-09T04:42:00.000,0.93,233.10,-0.56,-0.74
2025-08-09T04:43:00.000,0.96,232.81,-0.58,-0.76
2025-08-09T04:44:00.000,0.92,232.25,-0.57,-0.73
2025-08-09T04:45:00.000,0.92,231.61,-0.57,-0.72
2025-08-09T04:46:00.000,0.84,232.02,-0.52,-0.66
2025-08-09T04:47:00.000,0.82,231.99,-0.50,-0.64
2025-08-09T04:48:00.000,0.81,231.43,-0.51,-0.64
2025-08-09T04:49:00.000,0.79,232.51,-0.48,-0.63
2025-08-09T04:50:00.000,0.87,234.92,-0.50,-0.71
2025-08-09T04:51:00.000,0.90,234.42,-0.52,-0.73
2025-08-09T04:52:00.000,0.86,233.20,-0.52,-0.69
2025-08-09T04:53:00.000,0.82,229.50,-0.54,-0.63
2025-08-09T04:54:00.000,0.79,225.74,-0.55,-0.56
2025-08-09T04:55:00.000,0.76,226.16,-0.53,-0.55
2025-08-09T04:56:00.000,0.78,227.28,-0.53,-0.57
2025-08-09T04:57:00.000,0.74,228.31,-0.49,-0.56
2025-08-09T04:58:00.000,0.76,228.19,-0.50,-0.56
2025-08-09T04:59:00.000,0.73,227.23,-0.50,-0.54
2025-08-09T05:00:00.000,0.71,226.61,-0.48,-0.51
2025-08-09T05:01:00.000,0.68,227.37,-0.46,-0.50
2025-08-09T05:02:00.000,0.69,228.75,-0.46,-0.52
2025-08-09T05:03:00.000,0.69,230.72,-0.44,-0.54
2025-08-09T05:04:00.000,0.68,231.07,-0.43,-0.53
2025-08-09T05:05:00.000,0.61,228.08,-0.41,-0.45
2025-08-09T05:06:00.000,0.60,229.20,-0.39,-0.45
2025-08-09T05:07:00.000,0.59,228.87,-0.39,-0.44
2025-08-09T05:08:00.000,0.59,227.98,-0.39,-0.44
2025-08-09T05:09:00.000,0.59,228.42,-0.39,-0.44
2025-08-09T05:10:00.000,0.58,226.69,-0.40,-0.42
2025-08-09T05:11:00.000,0.61,227.65,-0.41,-0.45
2025-08-09T05:12:00.000,0.63,227.28,-0.43,-0.46
2025-08-09T05:13:00.000,0.62,225.60,-0.43,-0.44
2025-08-09T05:14:00.000,0.63,225.00,-0.45,-0.45
2025-08-09T05:15:00.000,0.63,223.33,-0.46,-0.43
2025-08-09T05:16:00.000,0.59,223.27,-0.43,-0.41
2025-08-09T05:17:00.000,0.60,224.60,-0.43,-0.42
2025-08-09T05:18:00.000,0.60,224.78,-0.43,-0.42
2025-08-09T05:19:00.000,0.60,225.40,-0.42,-0.43
2025-08-09T05:20:00.000,0.61,226.83,-0.42,-0.45
2025-08-09T05:21:00.000,0.63,228.36,-0.42,-0.47
2025-08-09T05:22:00.000,0.68,228.89,-0.45,-0.51
2025-08-09T05:23:00.000,0.72,230.38,-0.46,-0.55
2025-08-09T05:24:00.000,0.80,223.20,-0.59,-0.55
2025-08-09T05:25:00.000,0.67,207.79,-0.59,-0.31
2025-08-09T05:26:00.000,0.74,224.48,-0.53,-0.52
2025-08-09T05:27:00.000,0.74,223.46,-0.54,-0.51
2025-08-09T05:28:00.000,0.77,222.30,-0.57,-0.52
2025-08-09T05:29:00.000,0.76,224.97,-0.54,-0.54
2025-08-09T05:30:00.000,0.77,223.38,-0.56,-0.53
2025-08-09T05:31:00.000,0.87,224.86,-0.62,-0.62
2025-08-09T05:32:00.000,0.96,225.21,-0.68,-0.68
2025-08-09T05:33:00.000,1.07,226.74,-0.73,-0.78
2025-08-09T05:34:00.000,1.08,228.25,-0.72,-0.81
2025-08-09T05:35:00.000,1.20,227.24,-0.81,-0.88
2025-08-09T05:36:00.000,1.49,230.33,-0.95,-1.15
2025-08-09T05:37:00.000,1.43,229.99,-0.92,-1.10
2025-08-09T05:38:00.000,1.44,230.08,-0.93,-1.11
2025-08-09T05:39:00.000,1.35,228.78,-0.89,-1.02
2025-08-09T05:40:00.000,1.39,230.04,-0.89,-1.07
2025-08-09T05:41:00.000,1.39,230.97,-0.87,-1.08
2025-08-09T05:42:00.000,1.23,228.67,-0.81,-0.93
2025-08-09T05:43:00.000,1.28,230.45,-0.82,-0.99
2025-08-09T05:44:00.000,1.30,229.83,-0.84,-1.00
2025-08-09T05:45:00.000,1.16,231.14,-0.73,-0.91
2025-08-09T05:46:00.000,1.40,231.01,-0.88,-1.09
2025-08-09T05:47:00.000,1.34,231.15,-0.84,-1.05
2025-08-09T05:48:00.000,1.28,231.63,-0.80,-1.01
2025-08-09T05:49:00.000,1.27,232.23,-0.78,-1.00
2025-08-09T05:50:00.000,1.16,230.30,-0.74,-0.89
2025-08-09T05:51:00.000,1.15,231.04,-0.72,-0.89
2025-08-09T05:52:00.000,1.13,232.38,-0.69,-0.90
2025-08-09T05:53:00.000,1.08,232.95,-0.65,-0.86
2025-08-09T05:54:00.000,1.30,236.63,-0.72,-1.09
2025-08-09T05:55:00.000,1.25,236.77,-0.69,-1.05
2025-08-09T05:56:00.000,1.13,238.88,-0.58,-0.97
2025-08-09T05:57:00.000,1.14,239.53,-0.58,-0.99
2025-08-09T05:58:00.000,1.23,248.06,-0.46,-1.14
2025-08-09T05:59:00.000,1.17,236.11,-0.65,-0.97
2025-08-09T06:00:00.000,1.11,236.53,-0.61,-0.93
2025-08-09T06:01:00.000,1.15,238.34,-0.60,-0.97
2025-08-09T06:02:00.000,1.10,238.93,-0.57,-0.95
2025-08-09T06:03:00.000,1.17,237.04,-0.64,-0.98
2025-08-09T06:04:00.000,1.20,238.26,-0.63,-1.02
2025-08-09T06:05:00.000,1.29,236.44,-0.71,-1.07
2025-08-09T06:06:00.000,1.30,237.95,-0.69,-1.10
2025-08-09T06:07:00.000,1.28,237.34,-0.69,-1.08
2025-08-09T06:08:00.000,1.14,235.04,-0.65,-0.93
2025-08-09T06:09:00.000,1.05,233.06,-0.63,-0.84
2025-08-09T06:10:00.000,1.04,233.92,-0.61,-0.84
2025-08-09T06:11:00.000,1.04,233.53,-0.62,-0.83
2025-08-09T06:12:00.000,0.99,233.68,-0.59,-0.80
2025-08-09T06:13:00.000,1.15,233.61,-0.68,-0.93
2025-08-09T06:14:00.000,1.16,234.57,-0.67,-0.94
2025-08-09T06:15:00.000,1.26,233.10,-0.75,-1.00
2025-08-09T06:16:00.000,1.52,236.13,-0.85,-1.26
2025-08-09T06:17:00.000,2.09,234.54,-1.21,-1.70
2025-08-09T06:18:00.000,2.53,235.11,-1.45,-2.08
2025-08-09T06:19:00.000,3.51,232.28,-2.15,-2.78
2025-08-09T06:20:00.000,2.93,234.27,-1.71,-2.38
2025-08-09T06:21:00.000,2.11,234.42,-1.23,-1.72
2025-08-09T06:22:00.000,1.78,233.88,-1.05,-1.43
2025-08-09T06:23:00.000,1.45,230.09,-0.93,-1.11
2025-08-09T06:24:00.000,1.36,232.66,-0.83,-1.08
2025-08-09T06:25:00.000,1.35,229.01,-0.89,-1.02
2025-08-09T06:26:00.000,1.39,231.18,-0.87,-1.08
2025-08-09T06:27:00.000,1.64,235.01,-0.94,-1.34
2025-08-09T06:28:00.000,3.14,232.77,-1.90,-2.50
2025-08-09T06:29:00.000,6.96,232.48,-4.24,-5.52
2025-08-09T06:30:00.000,11.02,233.90,-6.49,-8.91
2025-08-09T06:31:00.000,14.61,233.97,-8.60,-11.82
2025-08-09T06:32:00.000,17.58,231.64,-10.91,-13.79
2025-08-09T06:33:00.000,20.14,230.11,-12.92,-15.45
2025-08-09T06:34:00.000,22.12,229.35,-14.41,-16.78
2025-08-09T06:35:00.000,23.85,227.99,-15.96,-17.72
2025-08-09T06:36:00.000,25.42,227.01,-17.33,-18.60
2025-08-09T06:37:00.000,26.89,226.15,-18.63,-19.39
2025-08-09T06:38:00.000,28.29,225.96,-19.66,-20.33
2025-08-09T06:39:00.000,29.75,226.29,-20.56,-21.50
2025-08-09T06:40:00.000,31.46,227.09,-21.42,-23.04
2025-08-09T06:41:00.000,33.39,228.79,-22.00,-25.12
2025-08-09T06:42:00.000,35.93,228.98,-23.58,-27.11
2025-08-09T06:43:00.000,39.05,229.15,-25.54,-29.54
2025-08-09T06:44:00.000,43.30,228.97,-28.43,-32.66
2025-08-09T06:45:00.000,48.27,228.42,-32.04,-36.11
2025-08-09T06:46:00.000,55.50,228.03,-37.12,-41.26
2025-08-09T06:47:00.000,63.53,227.06,-43.28,-46.50
2025-08-09T06:48:00.000,74.04,226.92,-50.57,-54.08
2025-08-09T06:49:00.000,82.49,227.45,-55.79,-60.77
2025-08-09T06:50:00.000,93.68,228.48,-62.10,-70.14
2025-08-09T06:51:00.000,106.70,228.50,-70.70,-79.92
2025-08-09T06:52:00.000,120.00,228.32,-79.79,-89.62
2025-08-09T06:53:00.000,140.81,229.02,-92.35,-106.30
2025-08-09T06:54:00.000,160.10,228.80,-105.46,-120.45
2025-08-09T06:55:00.000,179.48,228.85,-118.10,-135.15
2025-08-09T06:56:00.000,200.81,229.28,-131.01,-152.19
2025-08-09T06:57:00.000,215.82,229.57,-139.95,-164.29
2025-08-09T06:58:00.000,217.37,229.58,-140.95,-165.48
2025-08-09T06:59:00.000,217.51,229.57,-141.05,-165.58
2025-08-09T07:00:00.000,217.72,229.61,-141.07,-165.83
2025-08-09T07:01:00.000,217.87,229.63,-141.12,-166.00
2025-08-09T07:02:00.000,217.96,229.64,-141.15,-166.08
2025-08-09T07:03:00.000,218.12,229.64,-141.26,-166.21
2025-08-09T07:04:00.000,218.20,229.62,-141.35,-166.23
2025-08-09T07:05:00.000,218.23,229.63,-141.36,-166.26
2025-08-09T07:06:00.000,218.39,229.61,-141.52,-166.34
2025-08-09T07:07:00.000,218.45,229.61,-141.55,-166.39
2025-08-09T07:08:00.000,218.54,229.62,-141.58,-166.48
2025-08-09T07:09:00.000,218.61,229.66,-141.53,-166.62
2025-08-09T07:10:00.000,218.70,229.65,-141.61,-166.66
2025-08-09T07:11:00.000,218.80,229.63,-141.72,-166.70
2025-08-09T07:12:00.000,218.90,229.61,-141.84,-166.73
2025-08-09T07:13:00.000,219.12,229.58,-142.06,-166.83
2025-08-09T07:14:00.000,219.19,229.54,-142.23,-166.78
2025-08-09T07:15:00.000,219.29,229.51,-142.39,-166.78
2025-08-09T07:16:00.000,219.43,229.51,-142.48,-166.88
2025-08-09T07:17:00.000,219.52,229.49,-142.59,-166.90
2025-08-09T07:18:00.000,219.60,229.47,-142.70,-166.92
2025-08-09T07:19:00.000,219.71,229.46,-142.81,-166.96
2025-08-09T07:20:00.000,219.88,229.46,-142.91,-167.11
2025-08-09T07:21:00.000,219.87,229.45,-142.94,-167.06
2025-08-09T07:22:00.000,220.04,229.41,-143.18,-167.09
2025-08-09T07:23:00.000,220.15,229.36,-143.38,-167.06
2025-08-09T07:24:00.000,220.24,229.35,-143.46,-167.11
2025-08-09T07:25:00.000,220.35,229.35,-143.55,-167.18
2025-08-09T07:26:00.000,220.49,229.30,-143.78,-167.16
2025-08-09T07:27:00.000,220.51,229.28,-143.85,-167.13
2025-08-09T07:28:00.000,220.69,229.24,-144.08,-167.16
2025-08-09T07:29:00.000,220.79,229.21,-144.24,-167.16
2025-08-09T07:30:00.000,220.80,229.21,-144.23,-167.18
2025-08-09T07:31:00.000,220.86,229.19,-144.33,-167.17
2025-08-09T07:32:00.000,220.97,229.19,-144.42,-167.24
2025-08-09T07:33:00.000,220.90,229.19,-144.37,-167.20
2025-08-09T07:34:00.000,220.93,229.19,-144.38,-167.23
2025-08-09T07:35:00.000,220.99,229.19,-144.42,-167.27
2025-08-09T07:36:00.000,221.10,229.20,-144.48,-167.37
2025-08-09T07:37:00.000,221.13,229.18,-144.55,-167.34
2025-08-09T07:38:00.000,221.25,229.15,-144.71,-167.37
2025-08-09T07:39:00.000,221.37,229.14,-144.82,-167.43
2025-08-09T07:40:00.000,221.53,229.11,-145.02,-167.47
2025-08-09T07:41:00.000,221.47,229.10,-145.01,-167.39
2025-08-09T07:42:00.000,221.53,229.04,-145.22,-167.28
2025-08-09T07:43:00.000,221.55,229.02,-145.29,-167.25
2025-08-09T07:44:00.000,221.67,228.98,-145.49,-167.24
2025-08-09T07:45:00.000,221.64,228.98,-145.47,-167.22
2025-08-09T07:46:00.000,221.74,228.98,-145.53,-167.30
2025-08-09T07:47:00.000,221.85,228.94,-145.72,-167.29
2025-08-09T07:48:00.000,221.92,228.90,-145.89,-167.22
2025-08-09T07:49:00.000,222.12,228.87,-146.11,-167.31
2025-08-09T07:50:00.000,222.25,228.85,-146.26,-167.35
2025-08-09T07:51:00.000,222.29,228.79,-146.44,-167.23
2025-08-09T07:52:00.000,222.37,228.76,-146.60,-167.21
2025-08-09T07:53:00.000,222.43,228.76,-146.64,-167.25
2025-08-09T07:54:00.000,222.53,228.75,-146.73,-167.30
2025-08-09T07:55:00.000,222.52,228.74,-146.74,-167.28
2025-08-09T07:56:00.000,222.56,228.77,-146.68,-167.38
2025-08-09T07:57:00.000,222.53,228.77,-146.68,-167.35
2025-08-09T07:58:00.000,222.56,228.75,-146.73,-167.34
2025-08-09T07:59:00.000,222.60,228.76,-146.74,-167.39
2025-08-09T08:00:00.000,222.62,228.75,-146.79,-167.37
2025-08-09T08:01:00.000,222.65,228.75,-146.79,-167.41
2025-08-09T08:02:00.000,222.69,228.74,-146.87,-167.40
2025-08-09T08:03:00.000,222.73,228.75,-146.85,-167.46
2025-08-09T08:04:00.000,222.76,228.74,-146.90,-167.46
2025-08-09T08:05:00.000,222.81,228.76,-146.87,-167.55
2025-08-09T08:06:00.000,222.78,228.73,-146.94,-167.45
2025-08-09T08:07:00.000,222.66,228.78,-146.73,-167.47
2025-08-09T08:08:00.000,222.71,228.77,-146.78,-167.50
2025-08-09T08:09:00.000,222.55,228.84,-146.49,-167.54
2025-08-09T08:10:00.000,222.66,228.86,-146.47,-167.70
2025-08-09T08:11:00.000,222.55,228.87,-146.40,-167.62
2025-08-09T08:12:00.000,222.52,228.87,-146.36,-167.61
2025-08-09T08:13:00.000,222.48,228.92,-146.20,-167.70
2025-08-09T08:14:00.000,222.44,228.94,-146.11,-167.72
2025-08-09T08:15:00.000,222.38,228.96,-146.01,-167.74
2025-08-09T08:16:00.000,222.33,228.96,-145.97,-167.70
2025-08-09T08:17:00.000,222.29,229.04,-145.73,-167.86
2025-08-09T08:18:00.000,222.20,229.07,-145.58,-167.86
2025-08-09T08:19:00.000,222.24,229.07,-145.58,-167.91
2025-08-09T08:20:00.000,222.21,229.07,-145.56,-167.89
2025-08-09T08:21:00.000,222.39,229.04,-145.79,-167.93
2025-08-09T08:22:00.000,222.46,229.01,-145.92,-167.92
2025-08-09T08:23:00.000,222.58,228.92,-146.27,-167.77
2025-08-09T08:24:00.000,222.70,228.92,-146.35,-167.86
2025-08-09T08:25:00.000,222.72,228.90,-146.40,-167.85
2025-08-09T08:26:00.000,222.75,228.90,-146.44,-167.84
2025-08-09T08:27:00.000,222.77,228.90,-146.45,-167.86
2025-08-09T08:28:00.000,222.72,228.88,-146.46,-167.79
2025-08-09T08:29:00.000,222.69,228.90,-146.39,-167.81
2025-08-09T08:30:00.000,222.78,228.90,-146.44,-167.88
2025-08-09T08:31:00.000,222.72,228.93,-146.34,-167.90
2025-08-09T08:32:00.000,222.70,228.94,-146.29,-167.92
2025-08-09T08:33:00.000,222.65,228.96,-146.18,-167.94
2025-08-09T08:34:00.000,222.66,228.97,-146.15,-167.98
2025-08-09T08:35:00.000,222.57,228.99,-146.04,-167.95
2025-08-09T08:36:00.000,222.56,229.07,-145.81,-168.15
2025-08-09T08:37:00.000,222.45,229.10,-145.64,-168.16
2025-08-09T08:38:00.000,222.42,229.15,-145.49,-168.23
2025-08-09T08:39:00.000,222.39,229.16,-145.44,-168.24
2025-08-09T08:40:00.000,222.33,229.23,-145.17,-168.39
2025-08-09T08:41:00.000,222.27,229.24,-145.11,-168.36
2025-08-09T08:42:00.000,222.28,229.26,-145.07,-168.41
2025-08-09T08:43:00.000,222.20,229.30,-144.89,-168.45
2025-08-09T08:44:00.000,222.18,229.33,-144.79,-168.52
2025-08-09T08:45:00.000,222.17,229.35,-144.72,-168.56
2025-08-09T08:46:00.000,222.10,229.38,-144.61,-168.58
2025-08-09T08:47:00.000,222.20,229.38,-144.65,-168.66
2025-08-09T08:48:00.000,222.16,229.38,-144.64,-168.63
2025-08-09T08:49:00.000,222.15,229.41,-144.54,-168.71
2025-08-09T08:50:00.000,222.14,229.43,-144.47,-168.75
2025-08-09T08:51:00.000,222.13,229.45,-144.41,-168.78
2025-08-09T08:52:00.000,222.18,229.47,-144.38,-168.88
2025-08-09T08:53:00.000,222.19,229.49,-144.33,-168.93
2025-08-09T08:54:00.000,222.22,229.48,-144.38,-168.92
2025-08-09T08:55:00.000,222.15,229.56,-144.11,-169.07
2025-08-09T08:56:00.000,222.18,229.53,-144.20,-169.02
2025-08-09T08:57:00.000,222.14,229.55,-144.13,-169.03
2025-08-09T08:58:00.000,222.12,229.55,-144.10,-169.03
2025-08-09T08:59:00.000,222.19,229.52,-144.24,-169.00
2025-08-09T09:00:00.000,222.17,229.56,-144.11,-169.09
2025-08-09T09:01:00.000,222.24,229.55,-144.19,-169.11
2025-08-09T09:02:00.000,222.25,229.54,-144.23,-169.10
2025-08-09T09:03:00.000,222.21,229.59,-144.05,-169.19
2025-08-09T09:04:00.000,222.26,229.56,-144.16,-169.17
2025-08-09T09:05:00.000,222.29,229.56,-144.20,-169.17
2025-08-09T09:06:00.000,222.29,229.57,-144.14,-169.22
2025-08-09T09:07:00.000,222.32,229.60,-144.09,-169.30
2025-08-09T09:08:00.000,222.27,229.59,-144.09,-169.24
2025-08-09T09:09:00.000,222.36,229.55,-144.26,-169.21
2025-08-09T09:10:00.000,222.40,229.55,-144.29,-169.24
2025-08-09T09:11:00.000,222.41,229.52,-144.37,-169.19
2025-08-09T09:12:00.000,222.37,229.55,-144.28,-169.21
2025-08-09T09:13:00.000,222.43,229.53,-144.37,-169.21
2025-08-09T09:14:00.000,222.43,229.55,-144.32,-169.25
2025-08-09T09:15:00.000,222.43,229.52,-144.39,-169.19
2025-08-09T09:16:00.000,222.45,229.57,-144.28,-169.32
2025-08-09T09:17:00.000,222.47,229.58,-144.25,-169.37
2025-08-09T09:18:00.000,222.46,229.58,-144.25,-169.35
2025-08-09T09:19:00.000,222.44,229.56,-144.28,-169.31
2025-08-09T09:20:00.000,222.44,229.55,-144.30,-169.28
2025-08-09T09:21:00.000,222.47,229.56,-144.29,-169.33
2025-08-09T09:22:00.000,222.44,229.53,-144.37,-169.23
2025-08-09T09:23:00.000,222.46,229.53,-144.39,-169.24
2025-08-09T09:24:00.000,222.47,229.55,-144.34,-169.30
2025-08-09T09:25:00.000,222.53,229.53,-144.43,-169.29
2025-08-09T09:26:00.000,222.56,229.51,-144.51,-169.26
2025-08-09T09:27:00.000,222.48,229.48,-144.55,-169.13
2025-08-09T09:28:00.000,222.46,229.50,-144.47,-169.17
2025-08-09T09:29:00.000,222.61,229.47,-144.66,-169.19
2025-08-09T09:30:00.000,222.57,229.46,-144.67,-169.15
2025-08-09T09:31:00.000,222.52,229.46,-144.62,-169.12
2025-08-09T09:32:00.000,222.56,229.43,-144.73,-169.07
2025-08-09T09:33:00.000,222.65,229.39,-144.91,-169.03
2025-08-09T09:34:00.000,222.64,229.36,-145.02,-168.93
2025-08-09T09:35:00.000,222.71,229.37,-145.01,-169.03
2025-08-09T09:36:00.000,222.72,229.34,-145.11,-168.96
2025-08-09T09:37:00.000,222.71,229.31,-145.21,-168.86
2025-08-09T09:38:00.000,222.79,229.26,-145.40,-168.80
2025-08-09T09:39:00.000,222.90,229.23,-145.56,-168.81
2025-08-09T09:40:00.000,223.19,229.16,-145.95,-168.85
2025-08-09T09:41:00.000,223.34,229.08,-146.30,-168.76
2025-08-09T09:42:00.000,223.57,228.97,-146.78,-168.65
2025-08-09T09:43:00.000,223.86,228.85,-147.31,-168.57
2025-08-09T09:44:00.000,224.11,228.69,-147.93,-168.35
2025-08-09T09:45:00.000,224.33,228.58,-148.41,-168.21
2025-08-09T09:46:00.000,224.64,228.43,-149.05,-168.07
2025-08-09T09:47:00.000,224.80,228.33,-149.47,-167.91
2025-08-09T09:48:00.000,225.03,228.30,-149.69,-168.02
2025-08-09T09:49:00.000,225.18,228.22,-150.02,-167.93
2025-08-09T09:50:00.000,225.28,228.22,-150.10,-167.98
2025-08-09T09:51:00.000,225.33,228.15,-150.34,-167.84
2025-08-09T09:52:00.000,225.40,228.14,-150.40,-167.88
2025-08-09T09:53:00.000,225.50,228.13,-150.51,-167.93
2025-08-09T09:54:00.000,225.50,228.09,-150.61,-167.83
2025-08-09T09:55:00.000,225.51,228.06,-150.72,-167.75
2025-08-09T09:56:00.000,225.57,228.05,-150.78,-167.77
2025-08-09T09:57:00.000,225.58,228.01,-150.90,-167.68
2025-08-09T09:58:00.000,225.71,227.96,-151.15,-167.63
2025-08-09T09:59:00.000,225.76,227.98,-151.11,-167.72
2025-08-09T10:00:00.000,225.80,227.98,-151.14,-167.76
2025-08-09T10:01:00.000,226.02,227.91,-151.50,-167.72
2025-08-09T10:02:00.000,226.05,227.91,-151.51,-167.76
2025-08-09T10:03:00.000,226.17,227.85,-151.77,-167.68
2025-08-09T10:04:00.000,226.23,227.81,-151.93,-167.62
2025-08-09T10:05:00.000,226.28,227.84,-151.88,-167.75
2025-08-09T10:06:00.000,226.43,227.85,-151.94,-167.88
2025-08-09T10:07:00.000,226.44,227.87,-151.90,-167.93
2025-08-09T10:08:00.000,226.43,227.87,-151.90,-167.93
2025-08-09T10:09:00.000,226.49,227.81,-152.11,-167.80
2025-08-09T10:10:00.000,226.41,227.82,-152.04,-167.77
2025-08-09T10:11:00.000,226.41,227.84,-151.97,-167.82
2025-08-09T10:12:00.000,226.38,227.90,-151.77,-167.98
2025-08-09T10:13:00.000,226.41,227.92,-151.75,-168.03
2025-08-09T10:14:00.000,226.44,227.92,-151.75,-168.07
2025-08-09T10:15:00.000,226.51,227.85,-152.02,-167.92
2025-08-09T10:16:00.000,226.62,227.79,-152.27,-167.85
2025-08-09T10:17:00.000,226.81,227.75,-152.50,-167.89
2025-08-09T10:18:00.000,226.71,227.77,-152.37,-167.87
2025-08-09T10:19:00.000,226.72,227.73,-152.48,-167.78
2025-08-09T10:20:00.000,226.77,227.72,-152.56,-167.78
2025-08-09T10:21:00.000,226.82,227.67,-152.74,-167.68
2025-08-09T10:22:00.000,226.95,227.63,-152.95,-167.67
2025-08-09T10:23:00.000,227.07,227.60,-153.12,-167.68
2025-08-09T10:24:00.000,227.36,227.45,-153.76,-167.48
2025-08-09T10:25:00.000,227.49,227.42,-153.93,-167.51
2025-08-09T10:26:00.000,227.58,227.33,-154.24,-167.34
2025-08-09T10:27:00.000,227.57,227.31,-154.30,-167.27
2025-08-09T10:28:00.000,227.56,227.36,-154.16,-167.39
2025-08-09T10:29:00.000,227.39,227.44,-153.79,-167.49
2025-08-09T10:30:00.000,227.30,227.49,-153.61,-167.55
2025-08-09T10:31:00.000,227.21,227.57,-153.28,-167.71
2025-08-09T10:32:00.000,227.10,227.61,-153.11,-167.73
2025-08-09T10:33:00.000,227.12,227.63,-153.05,-167.81
2025-08-09T10:34:00.000,226.96,227.65,-152.90,-167.73
2025-08-09T10:35:00.000,226.84,227.74,-152.56,-167.87
2025-08-09T10:36:00.000,226.80,227.76,-152.47,-167.90
2025-08-09T10:37:00.000,226.76,227.81,-152.29,-168.01
2025-08-09T10:38:00.000,226.78,227.81,-152.31,-168.02
2025-08-09T10:39:00.000,226.77,227.89,-152.08,-168.22
2025-08-09T10:40:00.000,226.73,227.88,-152.06,-168.18
2025-08-09T10:41:00.000,226.78,227.86,-152.15,-168.17
2025-08-09T10:42:00.000,226.71,227.89,-152.03,-168.18
2025-08-09T10:43:00.000,226.80,227.86,-152.17,-168.16
2025-08-09T10:44:00.000,226.78,227.87,-152.13,-168.19
2025-08-09T10:45:00.000,226.70,227.89,-152.02,-168.18
2025-08-09T10:46:00.000,226.68,227.85,-152.11,-168.07
2025-08-09T10:47:00.000,226.66,227.89,-151.99,-168.16
2025-08-09T10:48:00.000,226.68,227.87,-152.07,-168.10
2025-08-09T10:49:00.000,226.66,227.92,-151.91,-168.22
2025-08-09T10:50:00.000,226.57,227.90,-151.89,-168.12
2025-08-09T10:51:00.000,226.64,227.89,-151.96,-168.15
2025-08-09T10:52:00.000,226.70,227.94,-151.86,-168.32
2025-08-09T10:53:00.000,226.70,227.93,-151.90,-168.29
2025-08-09T10:54:00.000,226.68,227.93,-151.88,-168.27
2025-08-09T10:55:00.000,226.68,227.91,-151.94,-168.22
2025-08-09T10:56:00.000,226.74,227.87,-152.10,-168.15
2025-08-09T10:57:00.000,226.70,227.92,-151.92,-168.26
2025-08-09T10:58:00.000,226.70,227.92,-151.93,-168.26
2025-08-09T10:59:00.000,226.66,227.94,-151.84,-168.29
2025-08-09T11:00:00.000,226.57,227.95,-151.74,-168.26
2025-08-09T11:01:00.000,226.59,227.96,-151.74,-168.28
2025-08-09T11:02:00.000,226.58,227.96,-151.73,-168.28
2025-08-09T11:03:00.000,226.64,227.98,-151.70,-168.39
2025-08-09T11:04:00.000,226.70,228.00,-151.68,-168.48
2025-08-09T11:05:00.000,226.74,228.00,-151.73,-168.49
2025-08-09T11:06:00.000,226.73,227.96,-151.82,-168.40
2025-08-09T11:07:00.000,226.81,227.96,-151.87,-168.46
2025-08-09T11:08:00.000,226.70,227.97,-151.78,-168.39
2025-08-09T11:09:00.000,226.70,227.99,-151.71,-168.45
2025-08-09T11:10:00.000,226.66,227.97,-151.76,-168.36
2025-08-09T11:11:00.000,226.61,227.99,-151.65,-168.38
2025-08-09T11:12:00.000,226.64,227.97,-151.75,-168.34
2025-08-09T11:13:00.000,226.74,227.93,-151.93,-168.31
2025-08-09T11:14:00.000,226.76,227.92,-151.96,-168.32
2025-08-09T11:15:00.000,226.83,227.91,-152.04,-168.32
2025-08-09T11:16:00.000,226.93,227.88,-152.19,-168.33
2025-08-09T11:17:00.000,226.93,227.84,-152.30,-168.23
2025-08-09T11:18:00.000,226.99,227.83,-152.38,-168.23
2025-08-09T11:19:00.000,227.03,227.84,-152.39,-168.28
2025-08-09T11:20:00.000,227.03,227.83,-152.40,-168.27
2025-08-09T11:21:00.000,227.06,227.82,-152.46,-168.27
2025-08-09T11:22:00.000,227.16,227.80,-152.59,-168.27
2025-08-09T11:23:00.000,227.19,227.81,-152.57,-168.33
2025-08-09T11:24:00.000,227.26,227.81,-152.62,-168.39
2025-08-09T11:25:00.000,227.27,227.77,-152.76,-168.27
2025-08-09T11:26:00.000,227.32,227.78,-152.76,-168.34
2025-08-09T11:27:00.000,227.21,227.76,-152.73,-168.22
2025-08-09T11:28:00.000,227.26,227.82,-152.59,-168.41
2025-08-09T11:29:00.000,227.28,227.78,-152.72,-168.32
2025-08-09T11:30:00.000,227.34,227.80,-152.70,-168.42
2025-08-09T11:31:00.000,227.37,227.79,-152.77,-168.40
2025-08-09T11:32:00.000,227.35,227.77,-152.80,-168.36
2025-08-09T11:33:00.000,227.42,227.76,-152.90,-168.36
2025-08-09T11:34:00.000,227.39,227.72,-152.98,-168.24
2025-08-09T11:35:00.000,227.48,227.71,-153.06,-168.28
2025-08-09T11:36:00.000,227.46,227.69,-153.12,-168.20
2025-08-09T11:37:00.000,227.46,227.73,-152.99,-168.31
2025-08-09T11:38:00.000,227.44,227.72,-153.00,-168.29
2025-08-09T11:39:00.000,227.47,227.73,-153.00,-168.32
2025-08-09T11:40:00.000,227.55,227.71,-153.11,-168.33
2025-08-09T11:41:00.000,227.53,227.70,-153.13,-168.29
2025-08-09T11:42:00.000,227.50,227.71,-153.08,-168.30
2025-08-09T11:43:00.000,227.41,227.72,-152.99,-168.25
2025-08-09T11:44:00.000,227.51,227.73,-153.03,-168.35
2025-08-09T11:45:00.000,227.46,227.71,-153.05,-168.27
2025-08-09T11:46:00.000,227.48,227.71,-153.05,-168.29
2025-08-09T11:47:00.000,227.45,227.75,-152.92,-168.37
2025-08-09T11:48:00.000,227.52,227.72,-153.06,-168.34
2025-08-09T11:49:00.000,227.58,227.71,-153.14,-168.35
2025-08-09T11:50:00.000,227.59,227.69,-153.21,-168.30
2025-08-09T11:51:00.000,227.66,227.69,-153.26,-168.35
2025-08-09T11:52:00.000,227.74,227.67,-153.35,-168.37
2025-08-09T11:53:00.000,227.81,227.66,-153.44,-168.38
2025-08-09T11:54:00.000,227.76,227.65,-153.43,-168.33
2025-08-09T11:55:00.000,227.74,227.64,-153.45,-168.28
2025-08-09T11:56:00.000,227.74,227.65,-153.41,-168.31
2025-08-09T11:57:00.000,227.84,227.61,-153.59,-168.29
2025-08-09T11:58:00.000,227.85,227.61,-153.59,-168.29
2025-08-09T11:59:00.000,227.82,227.62,-153.56,-168.29
2025-08-09T12:00:00.000,227.64,227.66,-153.32,-168.27
2025-08-09T12:01:00.000,227.42,227.75,-152.90,-168.35
2025-08-09T12:02:00.000,227.22,227.85,-152.47,-168.47
2025-08-09T12:03:00.000,227.16,227.89,-152.32,-168.53
2025-08-09T12:04:00.000,227.08,227.91,-152.20,-168.53
2025-08-09T12:05:00.000,227.08,227.96,-152.06,-168.65
2025-08-09T12:06:00.000,227.18,227.95,-152.17,-168.68
2025-08-09T12:07:00.000,227.25,227.94,-152.22,-168.73
2025-08-09T12:08:00.000,227.38,227.91,-152.42,-168.73
2025-08-09T12:09:00.000,227.44,227.91,-152.45,-168.78
2025-08-09T12:10:00.000,227.56,227.87,-152.67,-168.75
2025-08-09T12:11:00.000,227.54,227.86,-152.67,-168.72
2025-08-09T12:12:00.000,227.65,227.79,-152.94,-168.62
2025-08-09T12:13:00.000,227.73,227.78,-153.02,-168.66
2025-08-09T12:14:00.000,227.75,227.75,-153.12,-168.60
2025-08-09T12:15:00.000,227.79,227.76,-153.13,-168.64
2025-08-09T12:16:00.000,227.84,227.75,-153.19,-168.66
2025-08-09T12:17:00.000,227.88,227.70,-153.36,-168.55
2025-08-09T12:18:00.000,227.87,227.71,-153.34,-168.55
2025-08-09T12:19:00.000,227.85,227.70,-153.35,-168.53
2025-08-09T12:20:00.000,227.97,227.67,-153.52,-168.53
2025-08-09T12:21:00.000,228.02,227.66,-153.57,-168.54
2025-08-09T12:22:00.000,227.98,227.70,-153.42,-168.63
2025-08-09T12:23:00.000,227.95,227.71,-153.40,-168.62
2025-08-09T12:24:00.000,227.95,227.70,-153.42,-168.60
2025-08-09T12:25:00.000,227.93,227.69,-153.41,-168.57
2025-08-09T12:26:00.000,227.92,227.74,-153.27,-168.70
2025-08-09T12:27:00.000,227.86,227.79,-153.10,-168.77
2025-08-09T12:28:00.000,227.82,227.81,-153.00,-168.79
2025-08-09T12:29:00.000,227.83,227.82,-152.98,-168.82
2025-08-09T12:30:00.000,227.80,227.79,-153.03,-168.74
2025-08-09T12:31:00.000,227.78,227.83,-152.91,-168.83
2025-08-09T12:32:00.000,227.63,227.87,-152.70,-168.82
2025-08-09T12:33:00.000,227.47,227.94,-152.38,-168.89
2025-08-09T12:34:00.000,227.33,227.96,-152.23,-168.84
2025-08-09T12:35:00.000,227.24,228.05,-151.91,-168.99
2025-08-09T12:36:00.000,227.14,228.08,-151.76,-169.00
2025-08-09T12:37:00.000,227.03,228.16,-151.44,-169.14
2025-08-09T12:38:00.000,227.03,228.17,-151.40,-169.18
2025-08-09T12:39:00.000,227.10,228.16,-151.48,-169.20
2025-08-09T12:40:00.000,227.14,228.18,-151.45,-169.28
2025-08-09T12:41:00.000,227.16,228.17,-151.49,-169.27
2025-08-09T12:42:00.000,227.13,228.18,-151.46,-169.26
2025-08-09T12:43:00.000,227.15,228.20,-151.40,-169.33
2025-08-09T12:44:00.000,227.10,228.18,-151.41,-169.26
2025-08-09T12:45:00.000,227.09,228.22,-151.31,-169.33
2025-08-09T12:46:00.000,227.18,228.20,-151.41,-169.37
2025-08-09T12:47:00.000,227.23,228.16,-151.58,-169.28
2025-08-09T12:48:00.000,227.20,228.18,-151.49,-169.33
2025-08-09T12:49:00.000,227.24,228.14,-151.63,-169.25
2025-08-09T12:50:00.000,227.27,228.16,-151.60,-169.32
2025-08-09T12:51:00.000,227.32,228.16,-151.64,-169.35
2025-08-09T12:52:00.000,227.33,228.15,-151.66,-169.34
2025-08-09T12:53:00.000,227.37,228.15,-151.70,-169.36
2025-08-09T12:54:00.000,227.30,228.15,-151.65,-169.31
2025-08-09T12:55:00.000,227.33,228.13,-151.72,-169.30
2025-08-09T12:56:00.000,227.30,228.13,-151.70,-169.27
2025-08-09T12:57:00.000,227.41,228.13,-151.78,-169.35
2025-08-09T12:58:00.000,227.47,228.11,-151.90,-169.32
2025-08-09T12:59:00.000,227.53,228.07,-152.03,-169.28
2025-08-09T13:00:00.000,227.57,228.08,-152.04,-169.33
2025-08-09T13:01:00.000,227.65,228.05,-152.19,-169.30
2025-08-09T13:02:00.000,227.73,228.01,-152.36,-169.26
2025-08-09T13:03:00.000,227.79,227.98,-152.47,-169.23
2025-08-09T13:04:00.000,227.79,227.98,-152.48,-169.23
2025-08-09T13:05:00.000,227.81,228.00,-152.45,-169.29
2025-08-09T13:06:00.000,227.82,227.96,-152.55,-169.21
2025-08-09T13:07:00.000,227.84,227.96,-152.58,-169.21
2025-08-09T13:08:00.000,227.87,227.92,-152.71,-169.13
2025-08-09T13:09:00.000,227.91,227.88,-152.85,-169.06
2025-08-09T13:10:00.000,228.02,227.86,-153.00,-169.07
2025-08-09T13:11:00.000,228.02,227.86,-152.98,-169.09
2025-08-09T13:12:00.000,227.99,227.86,-152.98,-169.05
2025-08-09T13:13:00.000,228.06,227.83,-153.10,-169.03
2025-08-09T13:14:00.000,228.08,227.84,-153.09,-169.07
2025-08-09T13:15:00.000,227.93,227.85,-152.96,-168.98
2025-08-09T13:16:00.000,227.89,227.91,-152.77,-169.11
2025-08-09T13:17:00.000,227.91,227.93,-152.71,-169.19
2025-08-09T13:18:00.000,227.85,227.97,-152.57,-169.24
2025-08-09T13:19:00.000,227.76,227.98,-152.45,-169.22
2025-08-09T13:20:00.000,227.78,227.98,-152.48,-169.21
2025-08-09T13:21:00.000,227.77,228.01,-152.38,-169.30
2025-08-09T13:22:00.000,227.77,228.01,-152.39,-169.29
2025-08-09T13:23:00.000,227.78,228.03,-152.33,-169.35
2025-08-09T13:24:00.000,227.73,228.03,-152.29,-169.32
2025-08-09T13:25:00.000,227.71,228.03,-152.29,-169.29
2025-08-09T13:26:00.000,227.51,228.08,-152.01,-169.28
2025-08-09T13:27:00.000,227.39,228.13,-151.76,-169.34
2025-08-09T13:28:00.000,227.23,228.18,-151.52,-169.34
2025-08-09T13:29:00.000,227.15,228.22,-151.35,-169.38
2025-08-09T13:30:00.000,226.97,228.30,-150.99,-169.46
2025-08-09T13:31:00.000,226.76,228.36,-150.68,-169.46
2025-08-09T13:32:00.000,226.64,228.42,-150.42,-169.52
2025-08-09T13:33:00.000,226.66,228.45,-150.33,-169.64
2025-08-09T13:34:00.000,226.63,228.45,-150.31,-169.61
2025-08-09T13:35:00.000,226.70,228.48,-150.27,-169.74
2025-08-09T13:36:00.000,226.79,228.50,-150.29,-169.84
2025-08-09T13:37:00.000,226.94,228.46,-150.49,-169.86
2025-08-09T13:38:00.000,226.92,228.42,-150.58,-169.75
2025-08-09T13:39:00.000,227.03,228.41,-150.69,-169.80
2025-08-09T13:40:00.000,226.96,228.42,-150.61,-169.79
2025-08-09T13:41:00.000,226.96,228.43,-150.60,-169.79
2025-08-09T13:42:00.000,226.87,228.43,-150.54,-169.73
2025-08-09T13:43:00.000,226.99,228.41,-150.66,-169.78
2025-08-09T13:44:00.000,227.01,228.43,-150.63,-169.83
2025-08-09T13:45:00.000,226.95,228.44,-150.55,-169.83
2025-08-09T13:46:00.000,226.96,228.44,-150.55,-169.83
2025-08-09T13:47:00.000,226.96,228.43,-150.59,-169.80
2025-08-09T13:48:00.000,227.04,228.40,-150.75,-169.77
2025-08-09T13:49:00.000,227.04,228.39,-150.78,-169.75
2025-08-09T13:50:00.000,227.08,228.36,-150.89,-169.70
2025-08-09T13:51:00.000,227.12,228.37,-150.88,-169.77
2025-08-09T13:52:00.000,227.19,228.35,-150.99,-169.76
2025-08-09T13:53:00.000,227.13,228.34,-150.97,-169.69
2025-08-09T13:54:00.000,227.26,228.34,-151.07,-169.78
2025-08-09T13:55:00.000,227.25,228.32,-151.13,-169.72
2025-08-09T13:56:00.000,227.31,228.31,-151.19,-169.74
2025-08-09T13:57:00.000,227.35,228.26,-151.34,-169.65
2025-08-09T13:58:00.000,227.40,228.25,-151.41,-169.67
2025-08-09T13:59:00.000,227.48,228.23,-151.52,-169.67
2025-08-09T14:00:00.000,227.49,228.24,-151.52,-169.68
2025-08-09T14:01:00.000,227.49,228.25,-151.49,-169.71
2025-08-09T14:02:00.000,227.53,228.22,-151.59,-169.67
2025-08-09T14:03:00.000,227.64,228.17,-151.82,-169.61
2025-08-09T14:04:00.000,227.66,228.13,-151.96,-169.52
2025-08-09T14:05:00.000,227.68,228.13,-151.95,-169.56
2025-08-09T14:06:00.000,227.73,228.14,-151.97,-169.61
2025-08-09T14:07:00.000,227.81,228.12,-152.08,-169.61
2025-08-09T14:08:00.000,227.75,228.13,-152.01,-169.60
2025-08-09T14:09:00.000,227.76,228.13,-152.01,-169.61
2025-08-09T14:10:00.000,227.72,228.12,-152.01,-169.56
2025-08-09T14:11:00.000,227.70,228.10,-152.06,-169.49
2025-08-09T14:12:00.000,227.65,228.15,-151.90,-169.57
2025-08-09T14:13:00.000,227.61,228.15,-151.86,-169.53
2025-08-09T14:14:00.000,227.62,228.12,-151.96,-169.46
2025-08-09T14:15:00.000,227.45,228.21,-151.56,-169.59
2025-08-09T14:16:00.000,227.51,228.21,-151.63,-169.63
2025-08-09T14:17:00.000,227.53,228.19,-151.68,-169.59
2025-08-09T14:18:00.000,227.48,228.22,-151.58,-169.62
2025-08-09T14:19:00.000,227.50,228.21,-151.62,-169.61
2025-08-09T14:20:00.000,227.52,228.22,-151.60,-169.66
2025-08-09T14:21:00.000,227.55,228.23,-151.58,-169.71
2025-08-09T14:22:00.000,227.56,228.25,-151.53,-169.76
2025-08-09T14:23:00.000,227.40,228.27,-151.37,-169.70
2025-08-09T14:24:00.000,227.46,228.25,-151.47,-169.69
2025-08-09T14:25:00.000,227.41,228.24,-151.45,-169.64
2025-08-09T14:26:00.000,227.54,228.25,-151.52,-169.76
2025-08-09T14:27:00.000,227.50,228.24,-151.52,-169.70
2025-08-09T14:28:00.000,227.52,228.23,-151.56,-169.69
2025-08-09T14:29:00.000,227.46,228.25,-151.48,-169.69
2025-08-09T14:30:00.000,227.46,228.24,-151.48,-169.68
2025-08-09T14:31:00.000,227.53,228.20,-151.65,-169.62
2025-08-09T14:32:00.000,227.52,228.24,-151.53,-169.71
2025-08-09T14:33:00.000,227.55,228.24,-151.55,-169.74
2025-08-09T14:34:00.000,227.51,228.20,-151.63,-169.62
2025-08-09T14:35:00.000,227.57,228.17,-151.79,-169.56
2025-08-09T14:36:00.000,227.60,228.16,-151.81,-169.58
2025-08-09T14:37:00.000,227.64,228.18,-151.78,-169.65
2025-08-09T14:38:00.000,227.61,228.13,-151.92,-169.49
2025-08-09T14:39:00.000,227.63,228.15,-151.87,-169.56
2025-08-09T14:40:00.000,227.65,228.16,-151.86,-169.60
2025-08-09T14:41:00.000,227.65,228.15,-151.88,-169.58
2025-08-09T14:42:00.000,227.59,228.13,-151.90,-169.48
2025-08-09T14:43:00.000,227.50,228.16,-151.75,-169.50
2025-08-09T14:44:00.000,227.54,228.16,-151.79,-169.52
2025-08-09T14:45:00.000,227.38,228.23,-151.47,-169.59
2025-08-09T14:46:00.000,227.45,228.23,-151.52,-169.63
2025-08-09T14:47:00.000,227.49,228.24,-151.51,-169.69
2025-08-09T14:48:00.000,227.43,228.24,-151.46,-169.66
2025-08-09T14:49:00.000,227.39,228.25,-151.41,-169.65
2025-08-09T14:50:00.000,227.43,228.25,-151.44,-169.67
2025-08-09T14:51:00.000,227.45,228.25,-151.46,-169.69
2025-08-09T14:52:00.000,227.49,228.23,-151.54,-169.66
2025-08-09T14:53:00.000,227.43,228.23,-151.50,-169.62
2025-08-09T14:54:00.000,227.50,228.22,-151.57,-169.66
2025-08-09T14:55:00.000,227.53,228.24,-151.55,-169.71
2025-08-09T14:56:00.000,227.49,228.21,-151.59,-169.62
2025-08-09T14:57:00.000,227.52,228.21,-151.64,-169.63
2025-08-09T14:58:00.000,227.48,228.23,-151.55,-169.65
2025-08-09T14:59:00.000,227.52,228.24,-151.53,-169.71
2025-08-09T15:00:00.000,227.40,228.25,-151.43,-169.65
2025-08-09T15:01:00.000,227.41,228.26,-151.41,-169.67
2025-08-09T15:02:00.000,227.40,228.27,-151.35,-169.72
2025-08-09T15:03:00.000,227.47,228.27,-151.42,-169.75
2025-08-09T15:04:00.000,227.46,228.27,-151.40,-169.75
2025-08-09T15:05:00.000,227.40,228.27,-151.37,-169.70
2025-08-09T15:06:00.000,227.38,228.26,-151.38,-169.66
2025-08-09T15:07:00.000,227.35,228.28,-151.31,-169.68
2025-08-09T15:08:00.000,227.39,228.28,-151.34,-169.71
2025-08-09T15:09:00.000,227.29,228.33,-151.12,-169.78
2025-08-09T15:10:00.000,227.24,228.33,-151.07,-169.75
2025-08-09T15:11:00.000,227.14,228.34,-150.99,-169.68
2025-08-09T15:12:00.000,227.21,228.37,-150.95,-169.82
2025-08-09T15:13:00.000,227.18,228.36,-150.94,-169.79
2025-08-09T15:14:00.000,227.22,228.35,-151.01,-169.77
2025-08-09T15:15:00.000,227.19,228.35,-150.99,-169.76
2025-08-09T15:16:00.000,227.31,228.32,-151.15,-169.77
2025-08-09T15:17:00.000,227.35,228.30,-151.25,-169.74
2025-08-09T15:18:00.000,227.31,228.27,-151.31,-169.63
2025-08-09T15:19:00.000,227.41,228.27,-151.36,-169.72
2025-08-09T15:20:00.000,227.44,228.25,-151.45,-169.68
2025-08-09T15:21:00.000,227.51,228.23,-151.56,-169.68
2025-08-09T15:22:00.000,227.54,228.22,-151.61,-169.66
2025-08-09T15:23:00.000,227.49,228.22,-151.56,-169.65
2025-08-09T15:24:00.000,227.53,228.20,-151.65,-169.62
2025-08-09T15:25:00.000,227.60,228.19,-151.74,-169.63
2025-08-09T15:26:00.000,227.62,228.18,-151.77,-169.64
2025-08-09T15:27:00.000,227.58,228.18,-151.76,-169.59
2025-08-09T15:28:00.000,227.56,228.22,-151.63,-169.69
2025-08-09T15:29:00.000,227.58,228.25,-151.54,-169.78
2025-08-09T15:30:00.000,227.76,228.24,-151.68,-169.89
2025-08-09T15:31:00.000,227.91,228.25,-151.75,-170.04
2025-08-09T15:32:00.000,227.98,228.26,-151.79,-170.10
2025-08-09T15:33:00.000,228.20,228.29,-151.83,-170.35
2025-08-09T15:34:00.000,237.01,215.90,-191.99,-138.98
2025-08-09T15:35:00.000,203.87,159.26,-190.66,72.19
2025-08-09T15:36:00.000,206.56,143.24,-165.47,123.63
2025-08-09T15:37:00.000,203.91,137.35,-149.97,138.16
2025-08-09T15:38:00.000,197.97,121.33,-102.94,169.11
2025-08-09T15:39:00.000,177.99,106.34,-50.07,170.80
2025-08-09T15:40:00.000,148.82,95.18,-13.44,148.21
2025-08-09T15:41:00.000,123.96,95.90,-12.75,123.31
2025-08-09T15:42:00.000,105.84,97.60,-14.01,104.91
2025-08-09T15:43:00.000,92.54,103.94,-22.30,89.81
2025-08-09T15:44:00.000,78.88,96.05,-8.32,78.44
2025-08-09T15:45:00.000,68.55,93.17,-3.79,68.44
2025-08-09T15:46:00.000,58.24,91.57,-1.59,58.22
2025-08-09T15:47:00.000,52.69,97.27,-6.67,52.27
2025-08-09T15:48:00.000,45.79,91.84,-1.47,45.76
2025-08-09T15:49:00.000,42.22,93.26,-2.40,42.15
2025-08-09T15:50:00.000,38.56,82.08,5.31,38.19
2025-08-09T15:51:00.000,35.65,82.66,4.55,35.36
2025-08-09T15:52:00.000,32.81,96.60,-3.77,32.59
2025-08-09T15:53:00.000,31.23,98.10,-4.40,30.91
2025-08-09T15:54:00.000,29.55,103.02,-6.65,28.79
2025-08-09T15:55:00.000,28.41,88.84,0.57,28.40
2025-08-09T15:56:00.000,27.23,86.34,1.74,27.17
2025-08-09T15:57:00.000,25.87,98.13,-3.66,25.61
2025-08-09T15:58:00.000,24.63,100.55,-4.51,24.21
2025-08-09T15:59:00.000,23.39,102.12,-4.91,22.87
2025-08-09T16:00:00.000,21.75,107.89,-6.68,20.70
2025-08-09T16:01:00.000,19.50,105.16,-5.10,18.82
2025-08-09T16:02:00.000,17.43,111.65,-6.43,16.20
2025-08-09T16:03:00.000,14.80,114.34,-6.10,13.49
2025-08-09T16:04:00.000,10.56,197.40,-10.08,-3.16
2025-08-09T16:05:00.000,9.03,264.75,-0.83,-9.00
2025-08-09T16:06:00.000,4.96,326.39,4.13,-2.74
2025-08-09T16:07:00.000,2.30,319.95,1.76,-1.48
2025-08-09T16:08:00.000,1.41,333.77,1.26,-0.62
2025-08-09T16:09:00.000,1.13,342.82,1.08,-0.33
2025-08-09T16:10:00.000,1.31,351.47,1.30,-0.19
2025-08-09T16:11:00.000,1.33,355.60,1.33,-0.10
2025-08-09T16:12:00.000,1.33,354.04,1.32,-0.14
2025-08-09T16:13:00.000,1.25,347.06,1.22,-0.28
2025-08-09T16:14:00.000,1.29,352.42,1.28,-0.17
2025-08-09T16:15:00.000,1.15,347.69,1.13,-0.25
2025-08-09T16:16:00.000,1.10,335.48,1.00,-0.46
2025-08-09T16:17:00.000,1.16,327.69,0.98,-0.62
2025-08-09T16:18:00.000,1.18,329.03,1.01,-0.61
2025-08-09T16:19:00.000,1.15,325.38,0.95,-0.65
2025-08-09T16:20:00.000,1.17,326.08,0.97,-0.65
2025-08-09T16:21:00.000,1.08,323.21,0.87,-0.65
2025-08-09T16:22:00.000,1.12,324.61,0.91,-0.65
2025-08-09T16:23:00.000,1.15,319.74,0.87,-0.74
2025-08-09T16:24:00.000,1.18,316.78,0.86,-0.81
2025-08-09T16:25:00.000,1.20,313.38,0.82,-0.87
2025-08-09T16:26:00.000,1.19,308.98,0.75,-0.93
2025-08-09T16:27:00.000,1.31,300.20,0.66,-1.13
2025-08-09T16:28:00.000,1.40,289.94,0.48,-1.32
2025-08-09T16:29:00.000,1.24,296.28,0.55,-1.11
2025-08-09T16:30:00.000,1.15,315.69,0.82,-0.80
2025-08-09T16:31:00.000,1.25,322.70,0.99,-0.76
2025-08-09T16:32:00.000,1.24,326.76,1.04,-0.68
2025-08-09T16:33:00.000,1.27,332.17,1.13,-0.59
2025-08-09T16:34:00.000,1.35,337.49,1.25,-0.52
2025-08-09T16:35:00.000,1.26,334.34,1.14,-0.55
2025-08-09T16:36:00.000,1.17,11.84,1.15,0.24
2025-08-09T16:37:00.000,1.20,17.19,1.15,0.35
2025-08-09T16:38:00.000,1.12,358.03,1.12,-0.04
2025-08-09T16:39:00.000,0.98,345.47,0.95,-0.25
2025-08-09T16:40:00.000,1.06,334.83,0.96,-0.45
2025-08-09T16:41:00.000,1.03,331.71,0.91,-0.49
2025-08-09T16:42:00.000,1.08,336.80,0.99,-0.42
2025-08-09T16:43:00.000,1.13,337.13,1.04,-0.44
2025-08-09T16:44:00.000,1.13,335.64,1.03,-0.46
2025-08-09T16:45:00.000,1.04,336.45,0.96,-0.42
2025-08-09T16:46:00.000,1.07,330.76,0.94,-0.52
2025-08-09T16:47:00.000,1.07,322.47,0.85,-0.65
2025-08-09T16:48:00.000,1.04,326.88,0.87,-0.57
2025-08-09T16:49:00.000,1.10,316.66,0.80,-0.75
2025-08-09T16:50:00.000,1.03,311.69,0.69,-0.77
2025-08-09T16:51:00.000,1.03,308.68,0.65,-0.81
2025-08-09T16:52:00.000,1.11,314.81,0.78,-0.79
2025-08-09T16:53:00.000,1.15,320.95,0.89,-0.73
2025-08-09T16:54:00.000,1.01,333.47,0.90,-0.45
2025-08-09T16:55:00.000,1.10,339.45,1.03,-0.38
2025-08-09T16:56:00.000,1.25,340.30,1.18,-0.42
2025-08-09T16:57:00.000,1.23,341.09,1.16,-0.40
2025-08-09T16:58:00.000,1.24,345.76,1.20,-0.30
2025-08-09T16:59:00.000,1.21,343.13,1.15,-0.35
2025-08-09T17:00:00.000,1.23,334.91,1.11,-0.52
2025-08-09T17:01:00.000,1.20,333.02,1.07,-0.54
2025-08-09T17:02:00.000,1.22,330.14,1.06,-0.61
2025-08-09T17:03:00.000,1.21,330.81,1.06,-0.59
2025-08-09T17:04:00.000,1.17,332.83,1.04,-0.53
2025-08-09T17:05:00.000,1.16,334.88,1.05,-0.49
2025-08-09T17:06:00.000,1.13,337.40,1.04,-0.43
2025-08-09T17:07:00.000,1.13,340.46,1.07,-0.38
2025-08-09T17:08:00.000,1.11,346.76,1.08,-0.25
2025-08-09T17:09:00.000,1.25,342.67,1.19,-0.37
2025-08-09T17:10:00.000,1.22,338.03,1.14,-0.46
2025-08-09T17:11:00.000,1.22,335.82,1.11,-0.50
2025-08-09T17:12:00.000,0.78,355.34,0.78,-0.06
2025-08-09T17:13:00.000,1.25,335.43,1.14,-0.52
2025-08-09T17:14:00.000,1.47,332.03,1.30,-0.69
2025-08-09T17:15:00.000,1.35,335.39,1.23,-0.56
2025-08-09T17:16:00.000,1.28,338.52,1.19,-0.47
2025-08-09T17:17:00.000,1.17,340.10,1.10,-0.40
2025-08-09T17:18:00.000,1.19,343.26,1.14,-0.34
2025-08-09T17:19:00.000,1.28,350.51,1.26,-0.21
2025-08-09T17:20:00.000,1.34,353.52,1.33,-0.15
2025-08-09T17:21:00.000,1.31,351.42,1.29,-0.20
2025-08-09T17:22:00.000,1.30,346.19,1.26,-0.31
2025-08-09T17:23:00.000,1.23,344.57,1.19,-0.33
2025-08-09T17:24:00.000,1.19,342.00,1.13,-0.37
2025-08-09T17:25:00.000,1.22,340.38,1.15,-0.41
2025-08-09T17:26:00.000,1.26,341.77,1.20,-0.39
2025-08-09T17:27:00.000,1.26,338.35,1.17,-0.47
2025-08-09T17:28:00.000,1.33,340.72,1.25,-0.44
2025-08-09T17:29:00.000,1.41,344.34,1.36,-0.38
2025-08-09T17:30:00.000,1.68,1.55,1.68,0.05
2025-08-09T17:31:00.000,1.30,340.90,1.23,-0.43
2025-08-09T17:32:00.000,1.25,331.99,1.10,-0.59
2025-08-09T17:33:00.000,1.25,332.04,1.10,-0.58
2025-08-09T17:34:00.000,1.25,331.48,1.10,-0.60
2025-08-09T17:35:00.000,1.32,334.79,1.19,-0.56
2025-08-09T17:36:00.000,1.18,331.45,1.04,-0.56
2025-08-09T17:37:00.000,1.20,328.94,1.03,-0.62
2025-08-09T17:38:00.000,1.28,333.27,1.14,-0.57
2025-08-09T17:39:00.000,1.38,339.90,1.30,-0.48
2025-08-09T17:40:00.000,1.31,336.56,1.20,-0.52
2025-08-09T17:41:00.000,1.56,349.72,1.53,-0.28
2025-08-09T17:42:00.000,1.58,351.50,1.56,-0.23
2025-08-09T17:43:00.000,1.77,0.47,1.77,0.01
2025-08-09T17:44:00.000,1.85,0.37,1.85,0.01
2025-08-09T17:45:00.000,1.70,358.78,1.70,-0.04
2025-08-09T17:46:00.000,1.43,348.67,1.40,-0.28
2025-08-09T17:47:00.000,1.28,342.92,1.22,-0.38
2025-08-09T17:48:00.000,1.37,348.14,1.34,-0.28
2025-08-09T17:49:00.000,1.29,347.58,1.26,-0.28
2025-08-09T17:50:00.000,1.38,340.54,1.30,-0.46
2025-08-09T17:51:00.000,1.46,344.77,1.41,-0.38
2025-08-09T17:52:00.000,1.62,353.63,1.61,-0.18
2025-08-09T17:53:00.000,1.70,355.86,1.70,-0.12
2025-08-09T17:54:00.000,1.44,345.14,1.40,-0.37
2025-08-09T17:55:00.000,1.45,344.26,1.40,-0.39
2025-08-09T17:56:00.000,1.43,344.65,1.38,-0.38
2025-08-09T17:57:00.000,1.37,345.52,1.32,-0.34
2025-08-09T17:58:00.000,1.49,344.93,1.44,-0.39
2025-08-09T17:59:00.000,1.28,341.94,1.22,-0.40
2025-08-09T18:00:00.000,1.33,342.40,1.26,-0.40
2025-08-09T18:01:00.000,1.31,342.86,1.25,-0.39
2025-08-09T18:02:00.000,1.45,346.90,1.41,-0.33
2025-08-09T18:03:00.000,1.55,351.28,1.53,-0.23
2025-08-09T18:04:00.000,1.49,357.37,1.49,-0.07
2025-08-09T18:05:00.000,1.57,2.28,1.57,0.06
2025-08-09T18:06:00.000,1.42,0.89,1.42,0.02
2025-08-09T18:07:00.000,1.38,353.34,1.37,-0.16
2025-08-09T18:08:00.000,1.28,342.74,1.23,-0.38
2025-08-09T18:09:00.000,1.19,336.92,1.10,-0.47
2025-08-09T18:10:00.000,1.13,334.15,1.02,-0.49
2025-08-09T18:11:00.000,1.10,325.84,0.91,-0.62
2025-08-09T18:12:00.000,1.10,332.16,0.97,-0.51
2025-08-09T18:13:00.000,1.07,328.51,0.91,-0.56
2025-08-09T18:14:00.000,1.03,319.37,0.78,-0.67
2025-08-09T18:15:00.000,1.14,324.54,0.93,-0.66
2025-08-09T18:16:00.000,1.18,322.00,0.93,-0.72
2025-08-09T18:17:00.000,1.12,323.36,0.90,-0.67
2025-08-09T18:18:00.000,1.10,314.68,0.78,-0.79
2025-08-09T18:19:00.000,1.16,317.55,0.85,-0.78
2025-08-09T18:20:00.000,1.11,310.04,0.72,-0.85
2025-08-09T18:21:00.000,1.06,310.88,0.69,-0.80
2025-08-09T18:22:00.000,1.05,323.06,0.84,-0.63
2025-08-09T18:23:00.000,1.16,316.03,0.84,-0.81
2025-08-09T18:24:00.000,1.19,319.43,0.91,-0.78
2025-08-09T18:25:00.000,1.17,322.55,0.93,-0.71
2025-08-09T18:26:00.000,1.17,323.17,0.94,-0.70
2025-08-09T18:27:00.000,1.19,323.05,0.95,-0.72
2025-08-09T18:28:00.000,1.19,325.69,0.98,-0.67
2025-08-09T18:29:00.000,1.21,324.21,0.98,-0.70
2025-08-09T18:30:00.000,1.22,322.68,0.97,-0.74
2025-08-09T18:31:00.000,1.25,324.34,1.01,-0.73
2025-08-09T18:32:00.000,1.25,326.32,1.04,-0.69
2025-08-09T18:33:00.000,1.24,327.90,1.05,-0.66
2025-08-09T18:34:00.000,1.23,328.48,1.05,-0.64
2025-08-09T18:35:00.000,1.23,329.98,1.07,-0.62
2025-08-09T18:36:00.000,1.26,332.18,1.11,-0.59
2025-08-09T18:37:00.000,1.26,333.64,1.13,-0.56
2025-08-09T18:38:00.000,1.20,335.66,1.10,-0.50
2025-08-09T18:39:00.000,1.24,332.56,1.10,-0.57
2025-08-09T18:40:00.000,1.20,328.81,1.03,-0.62
2025-08-09T18:41:00.000,1.17,327.36,0.99,-0.63
2025-08-09T18:42:00.000,1.20,324.63,0.98,-0.70
2025-08-09T18:43:00.000,1.22,324.73,1.00,-0.71
2025-08-09T18:44:00.000,1.12,327.30,0.94,-0.60
2025-08-09T18:45:00.000,1.34,321.92,1.06,-0.83
2025-08-09T18:46:00.000,1.25,326.64,1.04,-0.69
2025-08-09T18:47:00.000,1.30,325.55,1.07,-0.74
2025-08-09T18:48:00.000,1.25,327.83,1.06,-0.67
2025-08-09T18:49:00.000,1.28,327.58,1.08,-0.69
2025-08-09T18:50:00.000,1.24,327.92,1.05,-0.66
2025-08-09T18:51:00.000,1.29,324.39,1.05,-0.75
2025-08-09T18:52:00.000,1.25,326.00,1.04,-0.70
2025-08-09T18:53:00.000,1.28,320.43,0.98,-0.81
2025-08-09T18:54:00.000,1.26,322.11,1.00,-0.78
2025-08-09T18:55:00.000,1.33,319.06,1.01,-0.87
2025-08-09T18:56:00.000,1.28,323.77,1.03,-0.76
2025-08-09T18:57:00.000,1.29,324.79,1.05,-0.74
2025-08-09T18:58:00.000,1.29,326.55,1.08,-0.71
2025-08-09T18:59:00.000,1.31,326.55,1.09,-0.72
2025-08-09T19:00:00.000,1.30,325.37,1.07,-0.74
2025-08-09T19:01:00.000,1.28,322.85,1.02,-0.77
2025-08-09T19:02:00.000,1.27,318.07,0.94,-0.85
2025-08-09T19:03:00.000,1.31,309.31,0.83,-1.01
2025-08-09T19:04:00.000,1.31,305.68,0.77,-1.07
2025-08-09T19:05:00.000,1.39,302.51,0.74,-1.17
2025-08-09T19:06:00.000,1.36,307.06,0.82,-1.08
2025-08-09T19:07:00.000,1.36,312.76,0.92,-1.00
2025-08-09T19:08:00.000,1.39,312.23,0.93,-1.03
2025-08-09T19:09:00.000,1.32,317.13,0.97,-0.90
2025-08-09T19:10:00.000,1.29,322.01,1.01,-0.79
2025-08-09T19:11:00.000,1.28,325.58,1.06,-0.72
2025-08-09T19:12:00.000,1.34,326.69,1.12,-0.74
2025-08-09T19:13:00.000,1.32,326.04,1.09,-0.74
2025-08-09T19:14:00.000,1.30,325.89,1.08,-0.73
2025-08-09T19:15:00.000,1.28,323.43,1.03,-0.76
2025-08-09T19:16:00.000,1.31,320.32,1.01,-0.83
2025-08-09T19:17:00.000,1.28,323.76,1.03,-0.76
2025-08-09T19:18:00.000,1.26,326.47,1.05,-0.70
2025-08-09T19:19:00.000,1.27,327.87,1.07,-0.67
2025-08-09T19:20:00.000,1.26,329.02,1.08,-0.65
2025-08-09T19:21:00.000,1.24,328.47,1.06,-0.65
2025-08-09T19:22:00.000,1.23,328.35,1.05,-0.65
2025-08-09T19:23:00.000,1.21,327.94,1.02,-0.64
2025-08-09T19:24:00.000,1.20,329.08,1.03,-0.61
2025-08-09T19:25:00.000,1.21,328.73,1.04,-0.63
2025-08-09T19:26:00.000,1.23,328.19,1.04,-0.65
2025-08-09T19:27:00.000,1.23,326.99,1.03,-0.67
2025-08-09T19:28:00.000,1.24,328.03,1.06,-0.66
2025-08-09T19:29:00.000,1.24,328.94,1.06,-0.64
2025-08-09T19:30:00.000,1.26,329.39,1.09,-0.64
2025-08-09T19:31:00.000,1.27,330.95,1.11,-0.62
2025-08-09T19:32:00.000,1.28,331.12,1.12,-0.62
2025-08-09T19:33:00.000,1.25,329.34,1.08,-0.64
2025-08-09T19:34:00.000,1.22,329.76,1.05,-0.61
2025-08-09T19:35:00.000,1.21,329.27,1.04,-0.62
2025-08-09T19:36:00.000,1.10,331.66,0.97,-0.52
2025-08-09T19:37:00.000,1.11,331.44,0.98,-0.53
2025-08-09T19:38:00.000,1.19,329.38,1.02,-0.60
2025-08-09T19:39:00.000,1.19,329.65,1.03,-0.60
2025-08-09T19:40:00.000,1.23,328.71,1.05,-0.64
2025-08-09T19:41:00.000,1.25,331.17,1.10,-0.60
2025-08-09T19:42:00.000,1.24,332.06,1.09,-0.58
2025-08-09T19:43:00.000,1.28,331.24,1.12,-0.62
2025-08-09T19:44:00.000,1.31,329.21,1.13,-0.67
2025-08-09T19:45:00.000,1.28,327.69,1.08,-0.68
2025-08-09T19:46:00.000,1.23,326.05,1.02,-0.69
2025-08-09T19:47:00.000,1.27,326.85,1.06,-0.69
2025-08-09T19:48:00.000,1.27,328.29,1.08,-0.67
2025-08-09T19:49:00.000,1.27,329.15,1.09,-0.65
2025-08-09T19:50:00.000,1.28,328.79,1.10,-0.66
2025-08-09T19:51:00.000,1.28,329.19,1.10,-0.65
2025-08-09T19:52:00.000,1.24,328.76,1.06,-0.64
2025-08-09T19:53:00.000,1.28,328.25,1.09,-0.67
2025-08-09T19:54:00.000,1.32,328.75,1.13,-0.69
2025-08-09T19:55:00.000,1.39,322.32,1.10,-0.85
2025-08-09T19:56:00.000,1.30,324.97,1.06,-0.74
2025-08-09T19:57:00.000,1.34,323.60,1.08,-0.80
2025-08-09T19:58:00.000,1.32,325.08,1.08,-0.76
2025-08-09T19:59:00.000,1.34,325.93,1.11,-0.75
2025-08-09T20:00:00.000,1.33,324.29,1.08,-0.77
2025-08-09T20:01:00.000,1.37,323.57,1.10,-0.81
2025-08-09T20:02:00.000,1.25,327.83,1.06,-0.67
2025-08-09T20:03:00.000,1.29,328.10,1.09,-0.68
2025-08-09T20:04:00.000,1.28,328.36,1.09,-0.67
2025-08-09T20:05:00.000,1.34,322.62,1.07,-0.81
2025-08-09T20:06:00.000,1.33,318.87,1.00,-0.87
2025-08-09T20:07:00.000,1.35,312.31,0.91,-1.00
2025-08-09T20:08:00.000,1.29,316.68,0.94,-0.89
2025-08-09T20:09:00.000,1.22,326.21,1.01,-0.68
2025-08-09T20:10:00.000,1.33,324.25,1.08,-0.78
2025-08-09T20:11:00.000,1.32,316.45,0.95,-0.91
2025-08-09T20:12:00.000,1.32,321.77,1.04,-0.82
2025-08-09T20:13:00.000,1.27,328.22,1.08,-0.67
2025-08-09T20:14:00.000,1.29,327.83,1.09,-0.69
2025-08-09T20:15:00.000,1.30,327.75,1.10,-0.69
2025-08-09T20:16:00.000,1.25,328.38,1.06,-0.65
2025-08-09T20:17:00.000,1.27,328.25,1.08,-0.67
2025-08-09T20:18:00.000,1.34,326.14,1.11,-0.75
2025-08-09T20:19:00.000,1.31,325.50,1.08,-0.74
2025-08-09T20:20:00.000,1.31,323.33,1.05,-0.78
2025-08-09T20:21:00.000,1.21,319.07,0.91,-0.79
2025-08-09T20:22:00.000,1.23,325.99,1.02,-0.69
2025-08-09T20:23:00.000,1.29,325.30,1.06,-0.74
2025-08-09T20:24:00.000,1.30,325.62,1.07,-0.73
2025-08-09T20:25:00.000,1.24,326.71,1.03,-0.68
2025-08-09T20:26:00.000,1.30,320.03,0.99,-0.83
2025-08-09T20:27:00.000,1.27,326.15,1.06,-0.71
2025-08-09T20:28:00.000,1.24,323.21,1.00,-0.74
2025-08-09T20:29:00.000,1.29,320.46,1.00,-0.82
2025-08-09T20:30:00.000,1.28,319.21,0.97,-0.84
2025-08-09T20:31:00.000,1.24,325.68,1.02,-0.70
2025-08-09T20:32:00.000,1.27,322.93,1.01,-0.77
2025-08-09T20:33:00.000,1.31,325.98,1.08,-0.73
2025-08-09T20:34:00.000,1.30,326.65,1.09,-0.72
2025-08-09T20:35:00.000,1.31,327.17,1.10,-0.71
2025-08-09T20:36:00.000,1.35,325.47,1.11,-0.77
2025-08-09T20:37:00.000,1.42,327.10,1.19,-0.77
2025-08-09T20:38:00.000,1.27,327.46,1.07,-0.68
2025-08-09T20:39:00.000,1.30,328.57,1.11,-0.68
2025-08-09T20:40:00.000,1.49,327.34,1.25,-0.80
2025-08-09T20:41:00.000,1.52,326.14,1.26,-0.85
2025-08-09T20:42:00.000,1.38,330.34,1.20,-0.68
2025-08-09T20:43:00.000,1.29,330.08,1.12,-0.64
2025-08-09T20:44:00.000,1.32,327.27,1.11,-0.72
2025-08-09T20:45:00.000,1.33,327.18,1.12,-0.72
2025-08-09T20:46:00.000,1.38,327.48,1.17,-0.74
2025-08-09T20:47:00.000,1.35,330.77,1.17,-0.66
2025-08-09T20:48:00.000,1.26,330.44,1.09,-0.62
2025-08-09T20:49:00.000,1.19,329.74,1.02,-0.60
2025-08-09T20:50:00.000,1.22,330.61,1.06,-0.60
2025-08-09T20:51:00.000,1.24,330.06,1.08,-0.62
2025-08-09T20:52:00.000,1.26,331.22,1.11,-0.61
2025-08-09T20:53:00.000,1.24,330.69,1.08,-0.61
2025-08-09T20:54:00.000,1.13,332.84,1.01,-0.52
2025-08-09T20:55:00.000,1.25,330.60,1.09,-0.61
2025-08-09T20:56:00.000,1.23,330.42,1.07,-0.61
2025-08-09T20:57:00.000,1.19,325.21,0.97,-0.68
2025-08-09T20:58:00.000,1.22,327.20,1.02,-0.66
2025-08-09T20:59:00.000,1.22,329.94,1.06,-0.61
2025-08-09T21:00:00.000,1.14,328.53,0.97,-0.60
2025-08-09T21:01:00.000,1.20,329.23,1.03,-0.61
2025-08-09T21:02:00.000,1.21,327.26,1.02,-0.66
2025-08-09T21:03:00.000,1.19,326.60,0.99,-0.66
2025-08-09T21:04:00.000,0.65,317.96,0.48,-0.44
2025-08-09T21:05:00.000,1.19,327.30,1.00,-0.64
2025-08-09T21:06:00.000,1.03,321.78,0.81,-0.64
2025-08-09T21:07:00.000,1.16,325.49,0.96,-0.66
2025-08-09T21:08:00.000,1.26,327.24,1.06,-0.68
2025-08-09T21:09:00.000,1.30,327.05,1.09,-0.71
2025-08-09T21:10:00.000,1.31,327.57,1.10,-0.70
2025-08-09T21:11:00.000,1.27,327.50,1.07,-0.68
2025-08-09T21:12:00.000,1.28,326.06,1.07,-0.72
2025-08-09T21:13:00.000,1.22,325.64,1.01,-0.69
2025-08-09T21:14:00.000,1.26,327.74,1.07,-0.67
2025-08-09T21:15:00.000,1.30,327.78,1.10,-0.69
2025-08-09T21:16:00.000,1.24,327.66,1.05,-0.66
2025-08-09T21:17:00.000,1.28,328.37,1.09,-0.67
2025-08-09T21:18:00.000,1.31,327.48,1.10,-0.70
2025-08-09T21:19:00.000,1.36,328.08,1.16,-0.72
2025-08-09T21:20:00.000,1.28,324.26,1.04,-0.75
2025-08-09T21:21:00.000,1.24,325.87,1.02,-0.69
2025-08-09T21:22:00.000,1.20,320.76,0.93,-0.76
2025-08-09T21:23:00.000,1.17,320.39,0.90,-0.75
2025-08-09T21:24:00.000,1.19,319.74,0.91,-0.77
2025-08-09T21:25:00.000,1.18,317.69,0.87,-0.80
2025-08-09T21:26:00.000,1.19,317.73,0.88,-0.80
2025-08-09T21:27:00.000,1.18,316.62,0.86,-0.81
2025-08-09T21:28:00.000,1.30,323.92,1.05,-0.76
2025-08-09T21:29:00.000,1.19,317.70,0.88,-0.80
2025-08-09T21:30:00.000,1.21,320.34,0.93,-0.77
2025-08-09T21:31:00.000,1.22,321.79,0.96,-0.76
2025-08-09T21:32:00.000,1.18,320.13,0.90,-0.76
2025-08-09T21:33:00.000,1.17,319.72,0.89,-0.76
2025-08-09T21:34:00.000,1.20,322.73,0.96,-0.73
2025-08-09T21:35:00.000,1.19,323.28,0.96,-0.71
2025-08-09T21:36:00.000,1.21,314.00,0.84,-0.87
2025-08-09T21:37:00.000,1.14,322.65,0.90,-0.69
2025-08-09T21:38:00.000,1.12,317.93,0.83,-0.75
2025-08-09T21:39:00.000,1.20,324.49,0.98,-0.70
2025-08-09T21:40:00.000,1.23,324.87,1.00,-0.71
2025-08-09T21:41:00.000,1.22,320.61,0.94,-0.78
2025-08-09T21:42:00.000,1.16,321.82,0.91,-0.72
2025-08-09T21:43:00.000,1.18,323.35,0.95,-0.71
2025-08-09T21:44:00.000,1.19,323.16,0.95,-0.71
2025-08-09T21:45:00.000,1.20,324.68,0.98,-0.69
2025-08-09T21:46:00.000,1.20,323.35,0.96,-0.72
2025-08-09T21:47:00.000,1.20,325.14,0.98,-0.68
2025-08-09T21:48:00.000,1.21,325.28,1.00,-0.69
2025-08-09T21:49:00.000,1.21,325.02,0.99,-0.70
2025-08-09T21:50:00.000,1.22,325.19,1.00,-0.69
2025-08-09T21:51:00.000,1.21,325.71,1.00,-0.68
2025-08-09T21:52:00.000,1.26,325.95,1.05,-0.71
2025-08-09T21:53:00.000,1.25,324.41,1.01,-0.73
2025-08-09T21:54:00.000,1.23,324.05,1.00,-0.72
2025-08-09T21:55:00.000,1.19,322.87,0.95,-0.72
2025-08-09T21:56:00.000,1.19,322.68,0.95,-0.72
2025-08-09T21:57:00.000,1.24,319.69,0.94,-0.80
2025-08-09T21:58:00.000,1.21,318.01,0.90,-0.81
2025-08-09T21:59:00.000,1.21,319.23,0.92,-0.79
2025-08-09T22:00:00.000,1.23,320.60,0.95,-0.78
2025-08-09T22:01:00.000,1.52,326.12,1.26,-0.85
2025-08-09T22:02:00.000,1.27,321.85,1.00,-0.78
2025-08-09T22:03:00.000,1.26,323.23,1.01,-0.75
2025-08-09T22:04:00.000,1.25,322.67,0.99,-0.76
2025-08-09T22:05:00.000,1.25,323.11,1.00,-0.75
2025-08-09T22:06:00.000,1.25,322.51,0.99,-0.76
2025-08-09T22:07:00.000,1.25,321.69,0.98,-0.78
2025-08-09T22:08:00.000,1.26,322.71,1.00,-0.76
2025-08-09T22:09:00.000,1.26,323.21,1.01,-0.75
2025-08-09T22:10:00.000,1.24,320.87,0.96,-0.78
2025-08-09T22:11:00.000,1.23,321.90,0.97,-0.76
2025-08-09T22:12:00.000,1.24,319.66,0.94,-0.80
2025-08-09T22:13:00.000,1.25,318.34,0.94,-0.83
2025-08-09T22:14:00.000,1.23,318.37,0.92,-0.82
2025-08-09T22:15:00.000,1.24,319.28,0.94,-0.81
2025-08-09T22:16:00.000,1.23,317.64,0.91,-0.83
2025-08-09T22:17:00.000,1.22,315.50,0.87,-0.86
2025-08-09T22:18:00.000,1.28,308.66,0.80,-1.00
2025-08-09T22:19:00.000,1.29,302.91,0.70,-1.09
2025-08-09T22:20:00.000,1.28,304.29,0.72,-1.06
2025-08-09T22:21:00.000,1.23,307.05,0.74,-0.98
2025-08-09T22:22:00.000,1.28,300.28,0.65,-1.11
2025-08-09T22:23:00.000,1.25,309.40,0.79,-0.96
2025-08-09T22:24:00.000,1.33,305.10,0.76,-1.09
2025-08-09T22:25:00.000,1.27,314.40,0.89,-0.91
2025-08-09T22:26:00.000,1.23,316.67,0.90,-0.85
2025-08-09T22:27:00.000,1.25,316.02,0.90,-0.87
2025-08-09T22:28:00.000,1.27,315.34,0.90,-0.89
2025-08-09T22:29:00.000,1.28,317.03,0.94,-0.87
2025-08-09T22:30:00.000,1.05,323.95,0.85,-0.62
2025-08-09T22:31:00.000,1.13,310.81,0.74,-0.86
2025-08-09T22:32:00.000,1.20,305.39,0.70,-0.98
2025-08-09T22:33:00.000,1.16,302.90,0.63,-0.97
2025-08-09T22:34:00.000,1.14,298.75,0.55,-1.00
2025-08-09T22:35:00.000,1.20,298.46,0.57,-1.05
2025-08-09T22:36:00.000,1.16,303.22,0.64,-0.97
2025-08-09T22:37:00.000,1.13,307.05,0.68,-0.90
2025-08-09T22:38:00.000,1.04,315.16,0.74,-0.74
2025-08-09T22:39:00.000,1.03,317.71,0.76,-0.69
2025-08-09T22:40:00.000,1.24,314.90,0.88,-0.88
2025-08-09T22:41:00.000,1.02,318.36,0.76,-0.68
2025-08-09T22:42:00.000,1.05,322.42,0.83,-0.64
2025-08-09T22:43:00.000,1.01,321.64,0.79,-0.63
2025-08-09T22:44:00.000,1.04,323.04,0.83,-0.63
2025-08-09T22:45:00.000,1.07,324.15,0.87,-0.63
2025-08-09T22:46:00.000,1.11,325.17,0.91,-0.63
2025-08-09T22:47:00.000,1.06,327.05,0.89,-0.58
2025-08-09T22:48:00.000,1.09,329.24,0.94,-0.56
2025-08-09T22:49:00.000,1.13,332.06,1.00,-0.53
2025-08-09T22:50:00.000,1.17,332.32,1.04,-0.54
2025-08-09T22:51:00.000,1.14,328.96,0.97,-0.59
2025-08-09T22:52:00.000,1.09,325.58,0.90,-0.62
2025-08-09T22:53:00.000,1.07,322.74,0.85,-0.65
2025-08-09T22:54:00.000,1.08,320.81,0.84,-0.68
2025-08-09T22:55:00.000,1.05,314.98,0.74,-0.74
2025-08-09T22:56:00.000,1.20,321.25,0.93,-0.75
2025-08-09T22:57:00.000,1.09,321.69,0.85,-0.67
2025-08-09T22:58:00.000,1.11,320.42,0.86,-0.71
2025-08-09T22:59:00.000,1.10,321.60,0.86,-0.68
2025-08-09T23:00:00.000,1.11,321.71,0.87,-0.69
2025-08-09T23:01:00.000,1.09,321.49,0.85,-0.68
2025-08-09T23:02:00.000,1.13,323.25,0.91,-0.68
2025-08-09T23:03:00.000,1.11,321.93,0.87,-0.68
2025-08-09T23:04:00.000,1.11,320.96,0.86,-0.70
2025-08-09T23:05:00.000,1.08,315.16,0.77,-0.76
2025-08-09T23:06:00.000,1.06,317.67,0.79,-0.72
2025-08-09T23:07:00.000,1.10,312.93,0.75,-0.81
2025-08-09T23:08:00.000,1.14,317.07,0.83,-0.78
2025-08-09T23:09:00.000,1.08,322.68,0.86,-0.66
2025-08-09T23:10:00.000,1.03,320.95,0.80,-0.65
2025-08-09T23:11:00.000,1.07,320.95,0.83,-0.68
2025-08-09T23:12:00.000,1.07,320.59,0.83,-0.68
2025-08-09T23:13:00.000,1.06,317.20,0.78,-0.72
2025-08-09T23:14:00.000,1.03,312.50,0.70,-0.76
2025-08-09T23:15:00.000,1.07,310.20,0.69,-0.82
2025-08-09T23:16:00.000,1.03,311.22,0.68,-0.77
2025-08-09T23:17:00.000,1.07,314.23,0.75,-0.77
2025-08-09T23:18:00.000,1.10,313.25,0.75,-0.80
2025-08-09T23:19:00.000,1.10,309.61,0.70,-0.85
2025-08-09T23:20:00.000,1.10,308.05,0.68,-0.87
2025-08-09T23:21:00.000,1.06,311.92,0.71,-0.79
2025-08-09T23:22:00.000,1.07,310.43,0.69,-0.81
2025-08-09T23:23:00.000,1.11,313.45,0.76,-0.81
2025-08-09T23:24:00.000,1.08,315.51,0.77,-0.76
2025-08-09T23:25:00.000,1.15,315.67,0.82,-0.80
2025-08-09T23:26:00.000,1.13,308.06,0.69,-0.89
2025-08-09T23:27:00.000,1.09,310.72,0.71,-0.82
2025-08-09T23:28:00.000,1.02,313.77,0.70,-0.73
2025-08-09T23:29:00.000,0.98,311.85,0.65,-0.73
2025-08-09T23:30:00.000,0.97,310.87,0.63,-0.73
2025-08-09T23:31:00.000,1.01,310.78,0.66,-0.76
2025-08-09T23:32:00.000,1.01,309.61,0.64,-0.78
2025-08-09T23:33:00.000,0.98,315.98,0.70,-0.68
2025-08-09T23:34:00.000,0.98,314.24,0.68,-0.70
2025-08-09T23:35:00.000,1.01,307.62,0.62,-0.80
2025-08-09T23:36:00.000,1.01,304.35,0.57,-0.84
2025-08-09T23:37:00.000,1.15,299.67,0.57,-1.00
2025-08-09T23:38:00.000,1.10,300.20,0.55,-0.95
2025-08-09T23:39:00.000,1.08,306.25,0.64,-0.87
2025-08-09T23:40:00.000,1.06,307.60,0.65,-0.84
2025-08-09T23:41:00.000,1.06,307.21,0.64,-0.84
2025-08-09T23:42:00.000,1.05,309.16,0.66,-0.82
2025-08-09T23:43:00.000,1.05,310.39,0.68,-0.80
2025-08-09T23:44:00.000,1.03,311.90,0.69,-0.77
2025-08-09T23:45:00.000,1.04,311.39,0.69,-0.78
2025-08-09T23:46:00.000,1.04,311.64,0.69,-0.78
2025-08-09T23:47:00.000,1.03,312.34,0.69,-0.76
2025-08-09T23:48:00.000,1.04,312.70,0.70,-0.76
2025-08-09T23:49:00.000,1.03,313.93,0.71,-0.74
2025-08-09T23:50:00.000,1.04,313.43,0.72,-0.76
2025-08-09T23:51:00.000,1.04,313.89,0.72,-0.75
2025-08-09T23:52:00.000,1.01,312.93,0.69,-0.74
2025-08-09T23:53:00.000,1.03,312.76,0.70,-0.76
2025-08-09T23:54:00.000,1.04,311.66,0.69,-0.78
2025-08-09T23:55:00.000,1.02,310.16,0.66,-0.78
2025-08-09T23:56:00.000,1.02,309.74,0.65,-0.78
2025-08-09T23:57:00.000,1.13,316.65,0.82,-0.77
2025-08-09T23:58:00.000,1.05,305.70,0.61,-0.85
2025-08-09T23:59:00.000,1.05,310.69,0.68,-0.80
2025-08-10T00:00:00.000,1.05,311.35,0.70,-0.79
2025-08-10T00:01:00.000,1.05,311.39,0.70,-0.79
2025-08-10T00:02:00.000,1.03,313.23,0.70,-0.75
2025-08-10T00:03:00.000,1.03,314.08,0.72,-0.74
2025-08-10T00:04:00.000,1.04,313.49,0.72,-0.76
2025-08-10T00:05:00.000,1.02,313.05,0.70,-0.74
2025-08-10T00:06:00.000,1.03,312.46,0.70,-0.76
2025-08-10T00:07:00.000,1.02,311.77,0.68,-0.76
2025-08-10T00:08:00.000,1.18,317.58,0.87,-0.79
2025-08-10T00:09:00.000,1.07,321.47,0.84,-0.67
2025-08-10T00:10:00.000,1.09,324.42,0.88,-0.63
2025-08-10T00:11:00.000,1.22,323.78,0.98,-0.72
2025-08-10T00:12:00.000,1.07,324.60,0.87,-0.62
2025-08-10T00:13:00.000,1.14,323.70,0.92,-0.67
2025-08-10T00:14:00.000,1.11,323.99,0.90,-0.65
2025-08-10T00:15:00.000,1.12,323.08,0.89,-0.67
2025-08-10T00:16:00.000,1.10,322.38,0.87,-0.67
2025-08-10T00:17:00.000,1.12,320.33,0.86,-0.71
2025-08-10T00:18:00.000,1.09,317.40,0.80,-0.74
2025-08-10T00:19:00.000,1.09,314.34,0.76,-0.78
2025-08-10T00:20:00.000,1.06,316.87,0.77,-0.72
2025-08-10T00:21:00.000,1.09,317.69,0.80,-0.73
2025-08-10T00:22:00.000,1.08,319.55,0.82,-0.70
2025-08-10T00:23:00.000,1.14,321.49,0.90,-0.71
2025-08-10T00:24:00.000,1.10,323.45,0.89,-0.66
2025-08-10T00:25:00.000,1.11,323.62,0.89,-0.66
2025-08-10T00:26:00.000,1.09,324.30,0.89,-0.64
2025-08-10T00:27:00.000,1.10,324.19,0.90,-0.65
2025-08-10T00:28:00.000,1.08,323.38,0.87,-0.64
2025-08-10T00:29:00.000,1.10,322.33,0.87,-0.67
2025-08-10T00:30:00.000,1.08,319.14,0.82,-0.71
2025-08-10T00:31:00.000,1.10,323.77,0.89,-0.65
2025-08-10T00:32:00.000,1.08,325.32,0.89,-0.61
2025-08-10T00:33:00.000,1.09,325.37,0.90,-0.62
2025-08-10T00:34:00.000,1.16,336.79,1.06,-0.46
2025-08-10T00:35:00.000,1.16,336.24,1.06,-0.47
2025-08-10T00:36:00.000,1.23,342.36,1.18,-0.37
2025-08-10T00:37:00.000,1.27,344.44,1.22,-0.34
2025-08-10T00:38:00.000,1.22,344.54,1.18,-0.33
2025-08-10T00:39:00.000,1.12,339.00,1.05,-0.40
2025-08-10T00:40:00.000,1.14,335.08,1.03,-0.48
2025-08-10T00:41:00.000,1.17,336.50,1.08,-0.47
2025-08-10T00:42:00.000,1.19,342.79,1.13,-0.35
2025-08-10T00:43:00.000,1.18,343.27,1.13,-0.34
2025-08-10T00:44:00.000,1.19,343.16,1.14,-0.34
2025-08-10T00:45:00.000,1.20,347.16,1.17,-0.27
2025-08-10T00:46:00.000,1.33,357.67,1.33,-0.05
2025-08-10T00:47:00.000,1.37,3.25,1.37,0.08
2025-08-10T00:48:00.000,1.30,358.34,1.30,-0.04
2025-08-10T00:49:00.000,1.14,351.40,1.13,-0.17
2025-08-10T00:50:00.000,1.06,343.78,1.02,-0.30
2025-08-10T00:51:00.000,1.06,327.35,0.89,-0.57
2025-08-10T00:52:00.000,1.08,331.04,0.94,-0.52
2025-08-10T00:53:00.000,1.02,326.76,0.85,-0.56
2025-08-10T00:54:00.000,1.07,323.37,0.86,-0.64
2025-08-10T00:55:00.000,1.11,321.30,0.87,-0.69
2025-08-10T00:56:00.000,1.14,321.53,0.89,-0.71
2025-08-10T00:57:00.000,1.04,322.20,0.82,-0.64
2025-08-10T00:58:00.000,1.15,322.06,0.90,-0.70
2025-08-10T00:59:00.000,1.06,326.11,0.88,-0.59
2025-08-10T01:00:00.000,1.11,324.57,0.90,-0.64
2025-08-10T01:01:00.000,1.10,324.12,0.89,-0.64
2025-08-10T01:02:00.000,1.10,323.22,0.88,-0.66
2025-08-10T01:03:00.000,1.11,323.86,0.90,-0.66
2025-08-10T01:04:00.000,1.10,323.75,0.89,-0.65
2025-08-10T01:05:00.000,1.10,324.24,0.89,-0.64
2025-08-10T01:06:00.000,1.11,323.92,0.90,-0.66
2025-08-10T01:07:00.000,1.13,324.10,0.92,-0.66
2025-08-10T01:08:00.000,1.13,325.76,0.94,-0.64
2025-08-10T01:09:00.000,1.13,326.44,0.94,-0.62
2025-08-10T01:10:00.000,1.10,325.75,0.91,-0.62
2025-08-10T01:11:00.000,1.13,323.72,0.91,-0.67
2025-08-10T01:12:00.000,1.14,320.13,0.87,-0.73
2025-08-10T01:13:00.000,1.17,320.01,0.90,-0.75
2025-08-10T01:14:00.000,1.11,320.00,0.85,-0.71
2025-08-10T01:15:00.000,1.11,319.81,0.85,-0.72
2025-08-10T01:16:00.000,1.10,320.02,0.85,-0.71
2025-08-10T01:17:00.000,1.11,320.76,0.86,-0.70
2025-08-10T01:18:00.000,1.11,322.17,0.88,-0.68
2025-08-10T01:19:00.000,1.10,324.00,0.89,-0.65
2025-08-10T01:20:00.000,1.09,324.38,0.89,-0.64
2025-08-10T01:21:00.000,1.10,325.01,0.90,-0.63
2025-08-10T01:22:00.000,1.09,324.84,0.89,-0.63
2025-08-10T01:23:00.000,1.09,325.00,0.89,-0.62
2025-08-10T01:24:00.000,1.06,324.79,0.87,-0.61
2025-08-10T01:25:00.000,1.09,325.45,0.90,-0.62
2025-08-10T01:26:00.000,1.07,326.67,0.89,-0.59
2025-08-10T01:27:00.000,1.11,329.43,0.96,-0.57
2025-08-10T01:28:00.000,1.11,334.95,1.00,-0.47
2025-08-10T01:29:00.000,1.10,334.05,0.99,-0.48
2025-08-10T01:30:00.000,1.11,338.02,1.03,-0.42
2025-08-10T01:31:00.000,1.11,340.31,1.04,-0.37
2025-08-10T01:32:00.000,1.08,337.09,0.99,-0.42
2025-08-10T01:33:00.000,1.08,333.73,0.97,-0.48
2025-08-10T01:34:00.000,1.11,336.76,1.02,-0.44
2025-08-10T01:35:00.000,1.10,329.99,0.95,-0.55
2025-08-10T01:36:00.000,1.05,329.35,0.90,-0.53
2025-08-10T01:37:00.000,1.08,328.88,0.92,-0.56
2025-08-10T01:38:00.000,1.07,328.35,0.91,-0.56
2025-08-10T01:39:00.000,1.05,325.43,0.86,-0.60
2025-08-10T01:40:00.000,1.18,328.72,1.01,-0.61
2025-08-10T01:41:00.000,1.19,330.73,1.04,-0.58
2025-08-10T01:42:00.000,1.19,326.64,1.00,-0.66
2025-08-10T01:43:00.000,1.15,326.39,0.96,-0.64
2025-08-10T01:44:00.000,1.17,324.95,0.96,-0.67
2025-08-10T01:45:00.000,1.18,327.10,0.99,-0.64
2025-08-10T01:46:00.000,1.18,328.14,1.00,-0.62
2025-08-10T01:47:00.000,1.20,329.41,1.03,-0.61
2025-08-10T01:48:00.000,1.18,329.04,1.01,-0.61
2025-08-10T01:49:00.000,1.16,327.48,0.98,-0.62
2025-08-10T01:50:00.000,1.17,326.60,0.97,-0.64
2025-08-10T01:51:00.000,1.16,328.45,0.99,-0.61
2025-08-10T01:52:00.000,1.19,329.67,1.02,-0.60
2025-08-10T01:53:00.000,1.22,332.95,1.08,-0.55
2025-08-10T01:54:00.000,1.20,335.39,1.09,-0.50
2025-08-10T01:55:00.000,1.18,339.60,1.11,-0.41
2025-08-10T01:56:00.000,1.19,333.20,1.06,-0.54
2025-08-10T01:57:00.000,1.17,328.48,1.00,-0.61
2025-08-10T01:58:00.000,1.17,326.20,0.97,-0.65
2025-08-10T01:59:00.000,1.18,328.12,1.00,-0.62
2025-08-10T02:00:00.000,1.19,327.23,1.00,-0.64
2025-08-10T02:01:00.000,1.24,332.19,1.09,-0.58
2025-08-10T02:02:00.000,1.13,331.63,1.00,-0.54
2025-08-10T02:03:00.000,1.15,332.32,1.02,-0.53
2025-08-10T02:04:00.000,1.19,329.33,1.02,-0.61
2025-08-10T02:05:00.000,1.27,328.23,1.08,-0.67
2025-08-10T02:06:00.000,1.20,328.33,1.03,-0.63
2025-08-10T02:07:00.000,1.19,329.54,1.03,-0.60
2025-08-10T02:08:00.000,1.20,329.05,1.03,-0.62
2025-08-10T02:09:00.000,1.17,329.44,1.00,-0.59
2025-08-10T02:10:00.000,1.19,328.96,1.02,-0.61
2025-08-10T02:11:00.000,1.17,328.80,1.00,-0.60
2025-08-10T02:12:00.000,1.21,330.92,1.06,-0.59
2025-08-10T02:13:00.000,1.22,332.41,1.08,-0.56
2025-08-10T02:14:00.000,1.25,337.51,1.16,-0.48
2025-08-10T02:15:00.000,1.19,339.53,1.12,-0.42
2025-08-10T02:16:00.000,1.16,336.00,1.06,-0.47
2025-08-10T02:17:00.000,1.13,334.16,1.02,-0.49
2025-08-10T02:18:00.000,1.09,330.70,0.95,-0.53
2025-08-10T02:19:00.000,1.11,331.42,0.97,-0.53
2025-08-10T02:20:00.000,1.11,332.04,0.98,-0.52
2025-08-10T02:21:00.000,1.13,329.81,0.98,-0.57
2025-08-10T02:22:00.000,1.14,330.90,1.00,-0.55
2025-08-10T02:23:00.000,1.13,331.20,0.99,-0.55
2025-08-10T02:24:00.000,1.15,329.00,0.99,-0.59
2025-08-10T02:25:00.000,1.12,330.44,0.98,-0.55
2025-08-10T02:26:00.000,1.15,331.09,1.00,-0.55
2025-08-10T02:27:00.000,1.17,330.22,1.01,-0.58
2025-08-10T02:28:00.000,1.19,331.80,1.05,-0.56
2025-08-10T02:29:00.000,1.35,329.82,1.17,-0.68
2025-08-10T02:30:00.000,1.11,334.59,1.00,-0.47
2025-08-10T02:31:00.000,1.23,327.35,1.04,-0.67
2025-08-10T02:32:00.000,1.23,327.95,1.04,-0.65
2025-08-10T02:33:00.000,1.25,328.87,1.07,-0.65
2025-08-10T02:34:00.000,1.28,329.64,1.10,-0.65
2025-08-10T02:35:00.000,1.29,333.20,1.15,-0.58
2025-08-10T02:36:00.000,1.33,333.41,1.19,-0.60
2025-08-10T02:37:00.000,1.32,331.70,1.16,-0.62
2025-08-10T02:38:00.000,1.27,341.98,1.21,-0.39
2025-08-10T02:39:00.000,1.40,348.15,1.37,-0.29
2025-08-10T02:40:00.000,1.34,350.48,1.32,-0.22
2025-08-10T02:41:00.000,1.20,345.38,1.16,-0.30
2025-08-10T02:42:00.000,1.38,344.01,1.33,-0.38
2025-08-10T02:43:00.000,1.21,337.72,1.12,-0.46
2025-08-10T02:44:00.000,1.10,335.40,1.00,-0.46
2025-08-10T02:45:00.000,1.19,334.76,1.08,-0.51
2025-08-10T02:46:00.000,1.06,338.85,0.99,-0.38
2025-08-10T02:47:00.000,1.18,350.74,1.16,-0.19
2025-08-10T02:48:00.000,1.48,2.92,1.48,0.08
2025-08-10T02:49:00.000,1.49,2.53,1.48,0.07
2025-08-10T02:50:00.000,1.73,11.71,1.69,0.35
2025-08-10T02:51:00.000,1.56,0.86,1.56,0.02
2025-08-10T02:52:00.000,1.38,4.77,1.38,0.11
2025-08-10T02:53:00.000,1.56,11.58,1.53,0.31
2025-08-10T02:54:00.000,1.50,5.50,1.50,0.14
2025-08-10T02:55:00.000,1.42,3.83,1.42,0.09
2025-08-10T02:56:00.000,1.32,359.93,1.32,-0.00
2025-08-10T02:57:00.000,1.21,347.58,1.18,-0.26
2025-08-10T02:58:00.000,1.16,347.17,1.13,-0.26
2025-08-10T02:59:00.000,1.16,351.57,1.15,-0.17
2025-08-10T03:00:00.000,1.17,346.48,1.14,-0.27
2025-08-10T03:01:00.000,1.17,344.43,1.12,-0.31
2025-08-10T03:02:00.000,1.19,344.01,1.15,-0.33
2025-08-10T03:03:00.000,1.20,339.18,1.12,-0.43
2025-08-10T03:04:00.000,1.18,337.57,1.09,-0.45
2025-08-10T03:05:00.000,1.14,336.38,1.04,-0.46
2025-08-10T03:06:00.000,1.17,331.33,1.02,-0.56
2025-08-10T03:07:00.000,1.25,324.78,1.03,-0.72
2025-08-10T03:08:00.000,1.12,322.81,0.89,-0.68
2025-08-10T03:09:00.000,1.18,322.74,0.94,-0.72
2025-08-10T03:10:00.000,1.21,323.95,0.98,-0.71
2025-08-10T03:11:00.000,1.20,324.54,0.98,-0.70
2025-08-10T03:12:00.000,1.23,325.47,1.01,-0.70
2025-08-10T03:13:00.000,1.24,326.88,1.03,-0.67
2025-08-10T03:14:00.000,1.23,329.03,1.06,-0.63
2025-08-10T03:15:00.000,1.19,329.71,1.03,-0.60
2025-08-10T03:16:00.000,1.14,325.80,0.95,-0.64
2025-08-10T03:17:00.000,1.23,326.91,1.03,-0.67
2025-08-10T03:18:00.000,1.24,325.85,1.03,-0.70
2025-08-10T03:19:00.000,1.22,326.74,1.02,-0.67
2025-08-10T03:20:00.000,1.24,328.35,1.06,-0.65
2025-08-10T03:21:00.000,1.23,328.23,1.04,-0.65
2025-08-10T03:22:00.000,1.23,329.11,1.06,-0.63
2025-08-10T03:23:00.000,1.20,327.91,1.01,-0.64
2025-08-10T03:24:00.000,1.22,328.97,1.05,-0.63
2025-08-10T03:25:00.000,1.22,329.69,1.06,-0.62
2025-08-10T03:26:00.000,1.20,321.60,0.94,-0.74
2025-08-10T03:27:00.000,1.16,326.29,0.96,-0.64
2025-08-10T03:28:00.000,1.17,326.02,0.97,-0.66
2025-08-10T03:29:00.000,1.14,327.20,0.96,-0.62
2025-08-10T03:30:00.000,1.13,328.25,0.96,-0.59
2025-08-10T03:31:00.000,1.11,327.59,0.94,-0.60
2025-08-10T03:32:00.000,1.08,331.19,0.95,-0.52
2025-08-10T03:33:00.000,1.13,327.94,0.96,-0.60
2025-08-10T03:34:00.000,1.19,332.04,1.05,-0.56
2025-08-10T03:35:00.000,1.14,333.52,1.02,-0.51
2025-08-10T03:36:00.000,4.89,291.52,1.79,-4.55
2025-08-10T03:37:00.000,1.08,251.91,-0.33,-1.02
2025-08-10T03:38:00.000,0.91,299.78,0.45,-0.79
2025-08-10T03:39:00.000,1.07,304.39,0.61,-0.89
2025-08-10T03:40:00.000,1.07,304.14,0.60,-0.88
2025-08-10T03:41:00.000,1.00,309.73,0.64,-0.77
2025-08-10T03:42:00.000,1.09,303.21,0.60,-0.91
2025-08-10T03:43:00.000,1.09,300.04,0.55,-0.94
2025-08-10T03:44:00.000,1.13,297.67,0.53,-1.00
2025-08-10T03:45:00.000,1.15,297.13,0.53,-1.03
2025-08-10T03:46:00.000,1.14,296.15,0.50,-1.02
2025-08-10T03:47:00.000,1.15,294.18,0.47,-1.05
2025-08-10T03:48:00.000,1.12,293.79,0.45,-1.02
2025-08-10T03:49:00.000,1.14,293.07,0.45,-1.05
2025-08-10T03:50:00.000,1.10,291.89,0.41,-1.02
2025-08-10T03:51:00.000,1.11,293.01,0.44,-1.02
2025-08-10T03:52:00.000,1.15,291.89,0.43,-1.07
2025-08-10T03:53:00.000,1.15,294.88,0.48,-1.04
2025-08-10T03:54:00.000,1.16,295.52,0.50,-1.04
2025-08-10T03:55:00.000,1.16,294.58,0.48,-1.06
2025-08-10T03:56:00.000,1.17,293.36,0.46,-1.07
2025-08-10T03:57:00.000,1.18,291.53,0.43,-1.10
2025-08-10T03:58:00.000,1.21,291.95,0.45,-1.12
2025-08-10T03:59:00.000,1.27,288.62,0.40,-1.20
2025-08-10T04:00:00.000,1.26,287.82,0.39,-1.20
2025-08-10T04:01:00.000,1.28,289.99,0.44,-1.20
2025-08-10T04:02:00.000,1.25,289.85,0.43,-1.18
2025-08-10T04:03:00.000,1.31,297.93,0.62,-1.16
2025-08-10T04:04:00.000,1.28,300.08,0.64,-1.11
2025-08-10T04:05:00.000,1.27,300.91,0.65,-1.09
2025-08-10T04:06:00.000,1.30,300.10,0.65,-1.12
2025-08-10T04:07:00.000,1.29,300.80,0.66,-1.11
2025-08-10T04:08:00.000,1.33,298.41,0.63,-1.17
2025-08-10T04:09:00.000,1.35,296.45,0.60,-1.21
2025-08-10T04:10:00.000,1.37,296.15,0.60,-1.23
2025-08-10T04:11:00.000,1.37,295.95,0.60,-1.23
2025-08-10T04:12:00.000,1.35,295.64,0.59,-1.22
2025-08-10T04:13:00.000,1.35,296.31,0.60,-1.21
2025-08-10T04:14:00.000,1.28,299.75,0.64,-1.12
2025-08-10T04:15:00.000,1.25,301.91,0.66,-1.06
2025-08-10T04:16:00.000,1.27,302.28,0.68,-1.07
2025-08-10T04:17:00.000,1.27,303.02,0.69,-1.07
2025-08-10T04:18:00.000,1.28,304.48,0.73,-1.06
2025-08-10T04:19:00.000,1.29,304.27,0.73,-1.07
2025-08-10T04:20:00.000,1.30,304.43,0.74,-1.07
2025-08-10T04:21:00.000,1.32,303.39,0.73,-1.10
2025-08-10T04:22:00.000,1.30,302.72,0.70,-1.09
2025-08-10T04:23:00.000,1.28,301.72,0.67,-1.09
2025-08-10T04:24:00.000,1.28,303.38,0.70,-1.07
2025-08-10T04:25:00.000,1.26,303.33,0.69,-1.06
2025-08-10T04:26:00.000,1.26,303.65,0.70,-1.05
2025-08-10T04:27:00.000,1.30,303.08,0.71,-1.09
2025-08-10T04:28:00.000,1.31,305.59,0.76,-1.06
2025-08-10T04:29:00.000,1.28,305.83,0.75,-1.04
2025-08-10T04:30:00.000,1.26,304.18,0.71,-1.05
2025-08-10T04:31:00.000,1.27,303.34,0.70,-1.06
2025-08-10T04:32:00.000,1.32,303.14,0.72,-1.10
2025-08-10T04:33:00.000,1.32,300.82,0.68,-1.14
2025-08-10T04:34:00.000,1.29,301.91,0.68,-1.09
2025-08-10T04:35:00.000,1.31,299.95,0.65,-1.13
2025-08-10T04:36:00.000,1.27,302.19,0.68,-1.08
2025-08-10T04:37:00.000,1.27,301.92,0.67,-1.08
2025-08-10T04:38:00.000,1.24,302.65,0.67,-1.05
2025-08-10T04:39:00.000,1.24,299.59,0.61,-1.08
2025-08-10T04:40:00.000,1.23,301.25,0.64,-1.05
2025-08-10T04:41:00.000,1.23,301.40,0.64,-1.05
2025-08-10T04:42:00.000,1.27,300.72,0.65,-1.09
2025-08-10T04:43:00.000,1.27,297.65,0.59,-1.12
2025-08-10T04:44:00.000,1.28,292.41,0.49,-1.19
2025-08-10T04:45:00.000,1.30,294.72,0.54,-1.18
2025-08-10T04:46:00.000,1.25,293.41,0.50,-1.15
2025-08-10T04:47:00.000,1.30,294.90,0.55,-1.18
2025-08-10T04:48:00.000,1.28,297.63,0.59,-1.13
2025-08-10T04:49:00.000,1.30,299.44,0.64,-1.13
2025-08-10T04:50:00.000,1.26,299.55,0.62,-1.09
2025-08-10T04:51:00.000,1.14,293.53,0.45,-1.04
2025-08-10T04:52:00.000,1.28,288.31,0.40,-1.22
2025-08-10T04:53:00.000,1.11,287.63,0.33,-1.05
2025-08-10T04:54:00.000,1.37,285.51,0.37,-1.32
2025-08-10T04:55:00.000,1.39,285.69,0.37,-1.33
2025-08-10T04:56:00.000,1.46,284.63,0.37,-1.41
2025-08-10T04:57:00.000,1.39,286.64,0.40,-1.33
2025-08-10T04:58:00.000,1.32,292.77,0.51,-1.21
2025-08-10T04:59:00.000,1.35,290.24,0.47,-1.26
2025-08-10T05:00:00.000,1.28,295.52,0.55,-1.15
2025-08-10T05:01:00.000,1.27,293.46,0.51,-1.17
2025-08-10T05:02:00.000,1.28,297.75,0.59,-1.13
2025-08-10T05:03:00.000,1.27,295.17,0.54,-1.15
2025-08-10T05:04:00.000,1.19,298.70,0.57,-1.04
2025-08-10T05:05:00.000,1.21,298.10,0.57,-1.06
2025-08-10T05:06:00.000,1.23,297.87,0.58,-1.09
2025-08-10T05:07:00.000,1.22,297.99,0.57,-1.08
2025-08-10T05:08:00.000,1.21,300.57,0.62,-1.04
2025-08-10T05:09:00.000,1.20,300.36,0.61,-1.03
2025-08-10T05:10:00.000,1.19,302.76,0.65,-1.00
2025-08-10T05:11:00.000,1.17,304.11,0.66,-0.97
2025-08-10T05:12:00.000,1.21,308.61,0.75,-0.94
2025-08-10T05:13:00.000,1.16,306.39,0.69,-0.94
2025-08-10T05:14:00.000,1.13,304.08,0.63,-0.93
2025-08-10T05:15:00.000,1.21,311.27,0.80,-0.91
2025-08-10T05:16:00.000,1.16,307.37,0.70,-0.92
2025-08-10T05:17:00.000,1.25,314.22,0.87,-0.89
2025-08-10T05:18:00.000,1.19,311.76,0.79,-0.89
2025-08-10T05:19:00.000,1.23,310.31,0.79,-0.93
2025-08-10T05:20:00.000,1.24,302.18,0.66,-1.05
2025-08-10T05:21:00.000,1.22,305.03,0.70,-1.00
2025-08-10T05:22:00.000,1.20,306.45,0.71,-0.96
2025-08-10T05:23:00.000,1.20,303.81,0.67,-1.00
2025-08-10T05:24:00.000,1.19,305.38,0.69,-0.97
2025-08-10T05:25:00.000,1.19,307.10,0.72,-0.95
2025-08-10T05:26:00.000,1.20,303.16,0.65,-1.00
2025-08-10T05:27:00.000,1.25,307.80,0.76,-0.99
2025-08-10T05:28:00.000,1.27,307.59,0.78,-1.01
2025-08-10T05:29:00.000,1.24,307.69,0.76,-0.98
2025-08-10T05:30:00.000,1.25,307.92,0.77,-0.99
2025-08-10T05:31:00.000,1.29,299.65,0.64,-1.12
2025-08-10T05:32:00.000,1.24,308.09,0.76,-0.97
2025-08-10T05:33:00.000,1.24,309.18,0.78,-0.96
2025-08-10T05:34:00.000,1.27,310.74,0.83,-0.96
2025-08-10T05:35:00.000,1.25,304.48,0.71,-1.03
2025-08-10T05:36:00.000,1.25,308.44,0.77,-0.98
2025-08-10T05:37:00.000,1.25,306.82,0.75,-1.00
2025-08-10T05:38:00.000,1.27,303.20,0.69,-1.06
2025-08-10T05:39:00.000,1.26,304.01,0.70,-1.04
2025-08-10T05:40:00.000,1.26,295.67,0.55,-1.14
2025-08-10T05:41:00.000,1.26,298.46,0.60,-1.11
2025-08-10T05:42:00.000,1.30,301.74,0.69,-1.11
2025-08-10T05:43:00.000,1.28,292.19,0.48,-1.18
2025-08-10T05:44:00.000,1.33,294.71,0.56,-1.21
2025-08-10T05:45:00.000,1.27,294.84,0.54,-1.16
2025-08-10T05:46:00.000,1.27,295.96,0.55,-1.14
2025-08-10T05:47:00.000,1.28,296.08,0.56,-1.15
2025-08-10T05:48:00.000,1.25,296.61,0.56,-1.11
2025-08-10T05:49:00.000,1.29,292.71,0.50,-1.19
2025-08-10T05:50:00.000,1.30,294.49,0.54,-1.18
2025-08-10T05:51:00.000,1.40,289.51,0.47,-1.32
2025-08-10T05:52:00.000,1.36,288.77,0.44,-1.29
2025-08-10T05:53:00.000,1.35,293.21,0.53,-1.24
2025-08-10T05:54:00.000,1.33,297.51,0.62,-1.18
2025-08-10T05:55:00.000,1.26,302.20,0.67,-1.07
2025-08-10T05:56:00.000,1.24,303.67,0.69,-1.03
2025-08-10T05:57:00.000,1.23,302.60,0.66,-1.04
2025-08-10T05:58:00.000,1.21,303.24,0.66,-1.01
2025-08-10T05:59:00.000,1.23,304.24,0.69,-1.02
2025-08-10T06:00:00.000,1.21,304.58,0.68,-0.99
2025-08-10T06:01:00.000,1.24,301.70,0.65,-1.05
2025-08-10T06:02:00.000,1.25,301.34,0.65,-1.07
2025-08-10T06:03:00.000,1.24,301.43,0.64,-1.06
2025-08-10T06:04:00.000,1.26,299.02,0.61,-1.10
2025-08-10T06:05:00.000,1.22,304.11,0.68,-1.01
2025-08-10T06:06:00.000,1.23,302.65,0.66,-1.04
2025-08-10T06:07:00.000,1.20,306.77,0.72,-0.96
2025-08-10T06:08:00.000,1.23,305.02,0.71,-1.01
2025-08-10T06:09:00.000,1.23,305.20,0.71,-1.00
2025-08-10T06:10:00.000,1.22,305.29,0.71,-1.00
2025-08-10T06:11:00.000,1.22,304.77,0.70,-1.00
2025-08-10T06:12:00.000,1.25,303.59,0.69,-1.04
2025-08-10T06:13:00.000,1.23,304.68,0.70,-1.01
2025-08-10T06:14:00.000,1.27,301.85,0.67,-1.08
2025-08-10T06:15:00.000,1.25,303.34,0.69,-1.05
2025-08-10T06:16:00.000,1.26,301.44,0.66,-1.08
2025-08-10T06:17:00.000,1.25,302.77,0.68,-1.05
2025-08-10T06:18:00.000,1.25,301.83,0.66,-1.06
2025-08-10T06:19:00.000,1.27,300.58,0.65,-1.10
2025-08-10T06:20:00.000,1.26,300.09,0.63,-1.09
2025-08-10T06:21:00.000,1.29,295.66,0.56,-1.16
2025-08-10T06:22:00.000,1.29,295.46,0.55,-1.16
2025-08-10T06:23:00.000,1.34,294.13,0.55,-1.22
2025-08-10T06:24:00.000,1.40,288.03,0.43,-1.33
2025-08-10T06:25:00.000,1.42,286.33,0.40,-1.36
2025-08-10T06:26:00.000,1.41,289.18,0.46,-1.33
2025-08-10T06:27:00.000,1.47,285.79,0.40,-1.41
2025-08-10T06:28:00.000,1.42,286.78,0.41,-1.36
2025-08-10T06:29:00.000,1.42,286.84,0.41,-1.36
2025-08-10T06:30:00.000,1.38,286.78,0.40,-1.32
2025-08-10T06:31:00.000,1.34,289.71,0.45,-1.26
2025-08-10T06:32:00.000,1.31,294.14,0.53,-1.19
2025-08-10T06:33:00.000,1.40,289.29,0.46,-1.32
2025-08-10T06:34:00.000,1.41,290.37,0.49,-1.32
2025-08-10T06:35:00.000,1.52,283.01,0.34,-1.48
2025-08-10T06:36:00.000,1.67,274.06,0.12,-1.67
2025-08-10T06:37:00.000,1.72,275.72,0.17,-1.71
2025-08-10T06:38:00.000,1.91,267.26,-0.09,-1.91
2025-08-10T06:39:00.000,1.62,274.55,0.13,-1.62
2025-08-10T06:40:00.000,1.52,282.05,0.32,-1.48
2025-08-10T06:41:00.000,1.53,282.66,0.33,-1.49
2025-08-10T06:42:00.000,1.53,283.39,0.35,-1.48
2025-08-10T06:43:00.000,1.45,285.90,0.40,-1.40
2025-08-10T06:44:00.000,1.60,278.98,0.25,-1.58
2025-08-10T06:45:00.000,1.64,277.11,0.20,-1.62
2025-08-10T06:46:00.000,1.50,281.07,0.29,-1.47
2025-08-10T06:47:00.000,1.62,274.59,0.13,-1.61
2025-08-10T06:48:00.000,1.45,279.23,0.23,-1.43
2025-08-10T06:49:00.000,1.40,284.31,0.35,-1.35
2025-08-10T06:50:00.000,1.29,291.09,0.46,-1.20
2025-08-10T06:51:00.000,1.26,291.66,0.46,-1.17
2025-08-10T06:52:00.000,1.24,296.38,0.55,-1.11
2025-08-10T06:53:00.000,1.28,296.60,0.57,-1.15
2025-08-10T06:54:00.000,1.24,299.04,0.60,-1.08
2025-08-10T06:55:00.000,1.21,299.06,0.59,-1.06
2025-08-10T06:56:00.000,1.25,298.54,0.60,-1.10
2025-08-10T06:57:00.000,1.28,296.84,0.58,-1.14
2025-08-10T06:58:00.000,1.26,297.36,0.58,-1.12
2025-08-10T06:59:00.000,1.32,290.43,0.46,-1.24
2025-08-10T07:00:00.000,1.24,299.21,0.61,-1.08
2025-08-10T07:01:00.000,1.22,296.05,0.53,-1.09
2025-08-10T07:02:00.000,1.25,299.45,0.61,-1.09
2025-08-10T07:03:00.000,1.22,300.35,0.62,-1.06
2025-08-10T07:04:00.000,1.23,298.92,0.59,-1.07
2025-08-10T07:05:00.000,1.21,299.92,0.61,-1.05
2025-08-10T07:06:00.000,1.37,297.85,0.64,-1.21
2025-08-10T07:07:00.000,1.87,294.52,0.77,-1.70
2025-08-10T07:08:00.000,5.19,292.43,1.98,-4.80
2025-08-10T07:09:00.000,9.83,290.16,3.39,-9.23
2025-08-10T07:10:00.000,13.02,291.49,4.77,-12.12
2025-08-10T07:11:00.000,16.13,291.00,5.78,-15.06
2025-08-10T07:12:00.000,17.27,288.66,5.53,-16.36
2025-08-10T07:13:00.000,19.90,298.88,9.61,-17.43
2025-08-10T07:14:00.000,21.45,300.05,10.74,-18.57
2025-08-10T07:15:00.000,22.87,300.68,11.67,-19.66
2025-08-10T07:16:00.000,24.38,302.47,13.09,-20.57
2025-08-10T07:17:00.000,25.60,302.24,13.66,-21.66
2025-08-10T07:18:00.000,26.48,302.52,14.24,-22.33
2025-08-10T07:19:00.000,27.70,301.70,14.56,-23.57
2025-08-10T07:20:00.000,28.89,300.41,14.63,-24.92
2025-08-10T07:21:00.000,30.17,299.29,14.76,-26.31
2025-08-10T07:22:00.000,31.38,297.17,14.33,-27.91
2025-08-10T07:23:00.000,33.04,295.50,14.22,-29.82
2025-08-10T07:24:00.000,35.18,297.04,16.00,-31.34
2025-08-10T07:25:00.000,37.40,297.47,17.25,-33.18
2025-08-10T07:26:00.000,40.74,299.11,19.82,-35.60
2025-08-10T07:27:00.000,44.41,299.33,21.76,-38.72
2025-08-10T07:28:00.000,48.81,299.68,24.17,-42.41
2025-08-10T07:29:00.000,55.94,299.12,27.22,-48.87
2025-08-10T07:30:00.000,61.55,298.93,29.77,-53.87
2025-08-10T07:31:00.000,70.43,297.30,32.30,-62.58
2025-08-10T07:32:00.000,81.37,295.86,35.50,-73.22
2025-08-10T07:33:00.000,95.35,294.88,40.12,-86.50
2025-08-10T07:34:00.000,109.31,295.02,46.23,-99.05
2025-08-10T07:35:00.000,127.57,294.76,53.43,-115.84
2025-08-10T07:36:00.000,148.09,294.10,60.46,-135.19
2025-08-10T07:37:00.000,169.82,294.49,70.39,-154.54
2025-08-10T07:38:00.000,197.94,295.17,84.17,-179.15
2025-08-10T07:39:00.000,226.32,295.43,97.17,-204.40
2025-08-10T07:40:00.000,246.97,295.59,106.68,-222.74
2025-08-10T07:41:00.000,222.29,295.94,97.23,-199.90
2025-08-10T07:42:00.000,214.12,296.06,94.08,-192.35
2025-08-10T07:43:00.000,211.74,295.68,91.77,-190.82
2025-08-10T07:44:00.000,211.63,295.62,91.51,-190.82
2025-08-10T07:45:00.000,211.50,295.64,91.50,-190.68
2025-08-10T07:46:00.000,211.21,295.59,91.24,-190.49
2025-08-10T07:47:00.000,211.09,295.58,91.13,-190.40
2025-08-10T07:48:00.000,210.86,295.54,90.91,-190.25
2025-08-10T07:49:00.000,210.80,295.53,90.86,-190.21
2025-08-10T07:50:00.000,210.52,295.53,90.74,-189.96
2025-08-10T07:51:00.000,210.50,295.54,90.75,-189.93
2025-08-10T07:52:00.000,210.37,295.52,90.62,-189.85
2025-08-10T07:53:00.000,210.33,295.52,90.61,-189.81
2025-08-10T07:54:00.000,210.20,295.58,90.76,-189.60
2025-08-10T07:55:00.000,210.07,295.57,90.66,-189.49
2025-08-10T07:56:00.000,209.98,295.55,90.56,-189.45
2025-08-10T07:57:00.000,209.95,295.53,90.50,-189.44
2025-08-10T07:58:00.000,209.85,295.51,90.38,-189.39
2025-08-10T07:59:00.000,209.86,295.52,90.43,-189.38
2025-08-10T08:00:00.000,209.75,295.49,90.25,-189.34
2025-08-10T08:01:00.000,209.61,295.42,89.97,-189.32
2025-08-10T08:02:00.000,209.70,295.46,90.16,-189.33
2025-08-10T08:03:00.000,209.57,295.45,90.06,-189.23
2025-08-10T08:04:00.000,209.56,295.45,90.05,-189.23
2025-08-10T08:05:00.000,209.68,295.48,90.21,-189.28
2025-08-10T08:06:00.000,209.72,295.52,90.36,-189.25
2025-08-10T08:07:00.000,209.91,295.50,90.38,-189.46
2025-08-10T08:08:00.000,209.96,295.51,90.43,-189.49
2025-08-10T08:09:00.000,210.06,295.51,90.46,-189.58
2025-08-10T08:10:00.000,210.03,295.49,90.38,-189.59
2025-08-10T08:11:00.000,210.02,295.49,90.39,-189.58
2025-08-10T08:12:00.000,210.05,295.52,90.50,-189.56
2025-08-10T08:13:00.000,210.07,295.48,90.36,-189.65
2025-08-10T08:14:00.000,210.10,295.47,90.37,-189.67
2025-08-10T08:15:00.000,210.01,295.45,90.25,-189.62
2025-08-10T08:16:00.000,210.03,295.48,90.36,-189.61
2025-08-10T08:17:00.000,210.14,295.45,90.29,-189.75
2025-08-10T08:18:00.000,210.17,295.46,90.35,-189.76
2025-08-10T08:19:00.000,210.29,295.45,90.38,-189.88
2025-08-10T08:20:00.000,210.30,295.44,90.35,-189.90
2025-08-10T08:21:00.000,210.24,295.42,90.26,-189.89
2025-08-10T08:22:00.000,210.11,295.44,90.27,-189.73
2025-08-10T08:23:00.000,210.06,295.44,90.24,-189.68
2025-08-10T08:24:00.000,209.97,295.41,90.09,-189.66
2025-08-10T08:25:00.000,210.00,295.45,90.23,-189.63
2025-08-10T08:26:00.000,209.96,295.43,90.17,-189.61
2025-08-10T08:27:00.000,209.83,295.45,90.16,-189.47
2025-08-10T08:28:00.000,209.77,295.47,90.22,-189.37
2025-08-10T08:29:00.000,209.66,295.44,90.06,-189.33
2025-08-10T08:30:00.000,209.65,295.44,90.06,-189.31
2025-08-10T08:31:00.000,209.61,295.46,90.10,-189.26
2025-08-10T08:32:00.000,209.54,295.45,90.03,-189.22
2025-08-10T08:33:00.000,209.54,295.45,90.03,-189.21
2025-08-10T08:34:00.000,209.67,295.48,90.21,-189.27
2025-08-10T08:35:00.000,209.67,295.43,90.02,-189.36
2025-08-10T08:36:00.000,209.77,295.45,90.16,-189.41
2025-08-10T08:37:00.000,209.84,295.44,90.12,-189.50
2025-08-10T08:38:00.000,209.86,295.40,90.01,-189.58
2025-08-10T08:39:00.000,209.88,295.40,90.04,-189.59
2025-08-10T08:40:00.000,209.93,295.43,90.14,-189.60
2025-08-10T08:41:00.000,209.98,295.42,90.13,-189.66
2025-08-10T08:42:00.000,210.00,295.40,90.07,-189.70
2025-08-10T08:43:00.000,210.05,295.40,90.10,-189.75
2025-08-10T08:44:00.000,210.11,295.45,90.27,-189.73
2025-08-10T08:45:00.000,210.05,295.40,90.11,-189.74
2025-08-10T08:46:00.000,210.12,295.39,90.11,-189.82
2025-08-10T08:47:00.000,210.13,295.39,90.10,-189.83
2025-08-10T08:48:00.000,210.18,295.42,90.21,-189.84
2025-08-10T08:49:00.000,210.04,295.39,90.05,-189.76
2025-08-10T08:50:00.000,210.18,295.40,90.15,-189.87
2025-08-10T08:51:00.000,210.09,295.36,90.00,-189.84
2025-08-10T08:52:00.000,210.00,295.36,89.94,-189.77
2025-08-10T08:53:00.000,210.04,295.38,90.04,-189.76
2025-08-10T08:54:00.000,210.09,295.40,90.11,-189.79
2025-08-10T08:55:00.000,210.01,295.38,90.00,-189.75
2025-08-10T08:56:00.000,210.07,295.39,90.09,-189.77
2025-08-10T08:57:00.000,210.02,295.38,90.03,-189.75
2025-08-10T08:58:00.000,210.06,295.40,90.10,-189.76
2025-08-10T08:59:00.000,210.05,295.40,90.11,-189.74
2025-08-10T09:00:00.000,210.04,295.40,90.09,-189.74
2025-08-10T09:01:00.000,210.03,295.41,90.11,-189.72
2025-08-10T09:02:00.000,210.04,295.39,90.07,-189.75
2025-08-10T09:03:00.000,210.06,295.39,90.08,-189.76
2025-08-10T09:04:00.000,209.98,295.35,89.91,-189.76
2025-08-10T09:05:00.000,210.05,295.37,90.00,-189.79
2025-08-10T09:06:00.000,209.96,295.36,89.94,-189.72
2025-08-10T09:07:00.000,210.00,295.37,89.98,-189.75
2025-08-10T09:08:00.000,209.99,295.36,89.95,-189.75
2025-08-10T09:09:00.000,209.94,295.37,89.96,-189.68
2025-08-10T09:10:00.000,209.93,295.35,89.88,-189.72
2025-08-10T09:11:00.000,209.87,295.34,89.83,-189.68
2025-08-10T09:12:00.000,209.90,295.32,89.78,-189.73
2025-08-10T09:13:00.000,209.86,295.31,89.72,-189.71
2025-08-10T09:14:00.000,209.82,295.31,89.72,-189.67
2025-08-10T09:15:00.000,209.81,295.29,89.62,-189.71
2025-08-10T09:16:00.000,209.83,295.31,89.70,-189.68
2025-08-10T09:17:00.000,209.81,295.30,89.67,-189.68
2025-08-10T09:18:00.000,209.81,295.30,89.65,-189.69
2025-08-10T09:19:00.000,209.81,295.30,89.67,-189.68
2025-08-10T09:20:00.000,209.79,295.31,89.68,-189.66
2025-08-10T09:21:00.000,209.75,295.29,89.60,-189.64
2025-08-10T09:22:00.000,209.80,295.29,89.63,-189.69
2025-08-10T09:23:00.000,209.74,295.28,89.56,-189.65
2025-08-10T09:24:00.000,209.77,295.32,89.73,-189.61
2025-08-10T09:25:00.000,209.70,295.30,89.64,-189.58
2025-08-10T09:26:00.000,209.72,295.34,89.77,-189.54
2025-08-10T09:27:00.000,209.67,295.33,89.72,-189.51
2025-08-10T09:28:00.000,209.70,295.31,89.65,-189.57
2025-08-10T09:29:00.000,209.71,295.31,89.66,-189.58
2025-08-10T09:30:00.000,209.66,295.31,89.62,-189.54
2025-08-10T09:31:00.000,209.67,295.32,89.67,-189.53
2025-08-10T09:32:00.000,209.58,295.34,89.69,-189.42
2025-08-10T09:33:00.000,209.59,295.30,89.56,-189.49
2025-08-10T09:34:00.000,209.55,295.29,89.53,-189.46
2025-08-10T09:35:00.000,209.59,295.32,89.62,-189.46
2025-08-10T09:36:00.000,209.55,295.30,89.57,-189.44
2025-08-10T09:37:00.000,209.56,295.29,89.53,-189.48
2025-08-10T09:38:00.000,209.57,295.30,89.57,-189.47
2025-08-10T09:39:00.000,209.56,295.26,89.41,-189.53
2025-08-10T09:40:00.000,209.47,295.28,89.45,-189.42
2025-08-10T09:41:00.000,209.40,295.27,89.38,-189.36
2025-08-10T09:42:00.000,209.33,295.31,89.48,-189.24
2025-08-10T09:43:00.000,209.17,295.26,89.27,-189.17
2025-08-10T09:44:00.000,209.06,295.27,89.24,-189.06
2025-08-10T09:45:00.000,209.03,295.32,89.40,-188.95
2025-08-10T09:46:00.000,208.94,295.29,89.27,-188.91
2025-08-10T09:47:00.000,208.80,295.25,89.07,-188.84
2025-08-10T09:48:00.000,208.71,295.25,89.03,-188.77
2025-08-10T09:49:00.000,208.61,295.24,88.95,-188.69
2025-08-10T09:50:00.000,208.55,295.22,88.88,-188.67
2025-08-10T09:51:00.000,208.48,295.22,88.85,-188.60
2025-08-10T09:52:00.000,208.47,295.25,88.93,-188.55
2025-08-10T09:53:00.000,208.43,295.25,88.92,-188.51
2025-08-10T09:54:00.000,208.42,295.25,88.90,-188.51
2025-08-10T09:55:00.000,208.38,295.22,88.79,-188.51
2025-08-10T09:56:00.000,208.32,295.22,88.76,-188.47
2025-08-10T09:57:00.000,208.25,295.19,88.63,-188.44
2025-08-10T09:58:00.000,208.29,295.21,88.72,-188.46
2025-08-10T09:59:00.000,208.19,295.20,88.63,-188.38
2025-08-10T10:00:00.000,208.17,295.21,88.67,-188.34
2025-08-10T10:01:00.000,208.23,295.26,88.86,-188.32
2025-08-10T10:02:00.000,208.14,295.22,88.68,-188.31
2025-08-10T10:03:00.000,208.11,295.23,88.71,-188.26
2025-08-10T10:04:00.000,208.11,295.25,88.77,-188.23
2025-08-10T10:05:00.000,208.08,295.21,88.64,-188.25
2025-08-10T10:06:00.000,208.01,295.24,88.70,-188.15
2025-08-10T10:07:00.000,208.00,295.23,88.65,-188.16
2025-08-10T10:08:00.000,207.86,295.23,88.59,-188.04
2025-08-10T10:09:00.000,207.90,295.23,88.61,-188.07
2025-08-10T10:10:00.000,207.93,295.25,88.70,-188.06
2025-08-10T10:11:00.000,207.84,295.22,88.57,-188.03
2025-08-10T10:12:00.000,207.81,295.23,88.57,-187.99
2025-08-10T10:13:00.000,207.85,295.25,88.66,-187.99
2025-08-10T10:14:00.000,207.75,295.22,88.53,-187.95
2025-08-10T10:15:00.000,207.71,295.20,88.44,-187.94
2025-08-10T10:16:00.000,207.66,295.18,88.35,-187.92
2025-08-10T10:17:00.000,207.64,295.19,88.38,-187.90
2025-08-10T10:18:00.000,207.61,295.23,88.48,-187.82
2025-08-10T10:19:00.000,207.62,295.24,88.52,-187.80
2025-08-10T10:20:00.000,207.60,295.20,88.41,-187.84
2025-08-10T10:21:00.000,207.65,295.23,88.52,-187.84
2025-08-10T10:22:00.000,207.55,295.25,88.53,-187.73
2025-08-10T10:23:00.000,207.46,295.24,88.47,-187.65
2025-08-10T10:24:00.000,207.50,295.26,88.55,-187.66
2025-08-10T10:25:00.000,207.49,295.24,88.46,-187.69
2025-08-10T10:26:00.000,207.44,295.21,88.35,-187.68
2025-08-10T10:27:00.000,207.41,295.20,88.30,-187.68
2025-08-10T10:28:00.000,207.45,295.23,88.42,-187.67
2025-08-10T10:29:00.000,207.47,295.24,88.46,-187.66
2025-08-10T10:30:00.000,207.50,295.21,88.38,-187.74
2025-08-10T10:31:00.000,207.47,295.20,88.34,-187.72
2025-08-10T10:32:00.000,207.43,295.21,88.34,-187.68
2025-08-10T10:33:00.000,207.39,295.23,88.39,-187.61
2025-08-10T10:34:00.000,207.40,295.23,88.42,-187.61
2025-08-10T10:35:00.000,207.38,295.19,88.27,-187.65
2025-08-10T10:36:00.000,207.35,295.19,88.25,-187.63
2025-08-10T10:37:00.000,207.31,295.19,88.24,-187.60
2025-08-10T10:38:00.000,207.31,295.21,88.29,-187.56
2025-08-10T10:39:00.000,207.29,295.23,88.37,-187.51
2025-08-10T10:40:00.000,207.27,295.22,88.33,-187.51
2025-08-10T10:41:00.000,207.31,295.23,88.38,-187.53
2025-08-10T10:42:00.000,207.27,295.23,88.36,-187.49
2025-08-10T10:43:00.000,207.30,295.25,88.44,-187.49
2025-08-10T10:44:00.000,207.25,295.24,88.37,-187.46
2025-08-10T10:45:00.000,207.22,295.27,88.47,-187.38
2025-08-10T10:46:00.000,207.13,295.24,88.33,-187.36
2025-08-10T10:47:00.000,207.10,295.23,88.27,-187.35
2025-08-10T10:48:00.000,207.11,295.22,88.26,-187.36
2025-08-10T10:49:00.000,207.15,295.24,88.32,-187.38
2025-08-10T10:50:00.000,207.13,295.23,88.29,-187.37
2025-08-10T10:51:00.000,207.12,295.23,88.28,-187.36
2025-08-10T10:52:00.000,207.03,295.21,88.19,-187.30
2025-08-10T10:53:00.000,207.08,295.22,88.25,-187.33
2025-08-10T10:54:00.000,207.00,295.24,88.26,-187.24
2025-08-10T10:55:00.000,206.97,295.24,88.25,-187.21
2025-08-10T10:56:00.000,206.96,295.26,88.30,-187.17
2025-08-10T10:57:00.000,206.93,295.22,88.17,-187.20
2025-08-10T10:58:00.000,206.88,295.25,88.26,-187.11
2025-08-10T10:59:00.000,206.86,295.23,88.19,-187.12
2025-08-10T11:00:00.000,206.81,295.22,88.12,-187.09
2025-08-10T11:01:00.000,206.81,295.22,88.11,-187.10
2025-08-10T11:02:00.000,206.78,295.21,88.07,-187.08
2025-08-10T11:03:00.000,206.82,295.22,88.11,-187.11
2025-08-10T11:04:00.000,206.73,295.20,88.03,-187.05
2025-08-10T11:05:00.000,206.79,295.21,88.09,-187.09
2025-08-10T11:06:00.000,206.70,295.25,88.16,-186.95
2025-08-10T11:07:00.000,206.66,295.24,88.13,-186.92
2025-08-10T11:08:00.000,206.55,295.23,88.03,-186.85
2025-08-10T11:09:00.000,206.63,295.25,88.15,-186.89
2025-08-10T11:10:00.000,206.56,295.24,88.07,-186.85
2025-08-10T11:11:00.000,206.56,295.22,88.03,-186.86
2025-08-10T11:12:00.000,206.51,295.22,87.99,-186.83
2025-08-10T11:13:00.000,206.50,295.22,88.00,-186.81
2025-08-10T11:14:00.000,206.50,295.25,88.09,-186.77
2025-08-10T11:15:00.000,206.45,295.25,88.08,-186.72
2025-08-10T11:16:00.000,206.41,295.24,88.01,-186.70
2025-08-10T11:17:00.000,206.42,295.28,88.15,-186.65
2025-08-10T11:18:00.000,206.34,295.27,88.08,-186.59
2025-08-10T11:19:00.000,206.40,295.28,88.16,-186.63
2025-08-10T11:20:00.000,206.37,295.26,88.07,-186.64
2025-08-10T11:21:00.000,206.41,295.23,87.98,-186.72
2025-08-10T11:22:00.000,206.42,295.23,88.00,-186.72
2025-08-10T11:23:00.000,206.35,295.24,87.98,-186.65
2025-08-10T11:24:00.000,206.35,295.26,88.07,-186.61
2025-08-10T11:25:00.000,206.44,295.28,88.16,-186.67
2025-08-10T11:26:00.000,206.40,295.26,88.09,-186.66
2025-08-10T11:27:00.000,206.43,295.29,88.18,-186.65
2025-08-10T11:28:00.000,206.39,295.26,88.09,-186.65
2025-08-10T11:29:00.000,206.41,295.28,88.14,-186.65
2025-08-10T11:30:00.000,206.39,295.28,88.12,-186.63
2025-08-10T11:31:00.000,206.43,295.29,88.19,-186.64
2025-08-10T11:32:00.000,206.34,295.27,88.08,-186.60
2025-08-10T11:33:00.000,206.41,295.29,88.19,-186.62
2025-08-10T11:34:00.000,206.37,295.31,88.22,-186.56
2025-08-10T11:35:00.000,206.28,295.26,88.03,-186.56
2025-08-10T11:36:00.000,206.35,295.29,88.16,-186.57
2025-08-10T11:37:00.000,206.29,295.30,88.16,-186.50
2025-08-10T11:38:00.000,206.32,295.32,88.23,-186.51
2025-08-10T11:39:00.000,206.28,295.30,88.15,-186.49
2025-08-10T11:40:00.000,206.21,295.25,87.97,-186.50
2025-08-10T11:41:00.000,206.16,295.25,87.94,-186.46
2025-08-10T11:42:00.000,206.19,295.25,87.97,-186.48
2025-08-10T11:43:00.000,206.19,295.23,87.88,-186.53
2025-08-10T11:44:00.000,206.20,295.23,87.89,-186.53
2025-08-10T11:45:00.000,206.15,295.22,87.85,-186.50
2025-08-10T11:46:00.000,206.18,295.20,87.80,-186.55
2025-08-10T11:47:00.000,206.11,295.23,87.84,-186.46
2025-08-10T11:48:00.000,206.14,295.21,87.80,-186.51
2025-08-10T11:49:00.000,206.16,295.22,87.85,-186.51
2025-08-10T11:50:00.000,206.15,295.24,87.90,-186.47
2025-08-10T11:51:00.000,206.12,295.24,87.90,-186.44
2025-08-10T11:52:00.000,206.08,295.24,87.88,-186.41
2025-08-10T11:53:00.000,206.09,295.26,87.95,-186.39
2025-08-10T11:54:00.000,206.01,295.25,87.87,-186.33
2025-08-10T11:55:00.000,206.02,295.25,87.90,-186.33
2025-08-10T11:56:00.000,206.00,295.26,87.90,-186.31
2025-08-10T11:57:00.000,206.01,295.27,87.93,-186.30
2025-08-10T11:58:00.000,205.95,295.24,87.81,-186.29
2025-08-10T11:59:00.000,205.91,295.24,87.80,-186.25
2025-08-10T12:00:00.000,205.90,295.23,87.76,-186.25
2025-08-10T12:01:00.000,205.82,295.26,87.83,-186.14
2025-08-10T12:02:00.000,205.82,295.24,87.75,-186.18
2025-08-10T12:03:00.000,205.91,295.26,87.88,-186.21
2025-08-10T12:04:00.000,205.83,295.23,87.73,-186.20
2025-08-10T12:05:00.000,205.86,295.28,87.91,-186.15
2025-08-10T12:06:00.000,205.72,295.25,87.75,-186.06
2025-08-10T12:07:00.000,205.66,295.27,87.78,-185.99
2025-08-10T12:08:00.000,205.71,295.27,87.81,-186.03
2025-08-10T12:09:00.000,205.68,295.29,87.88,-185.96
2025-08-10T12:10:00.000,205.66,295.28,87.82,-185.97
2025-08-10T12:11:00.000,205.74,295.29,87.90,-186.02
2025-08-10T12:12:00.000,205.73,295.29,87.90,-186.01
2025-08-10T12:13:00.000,205.61,295.25,87.70,-185.97
2025-08-10T12:14:00.000,205.63,295.24,87.69,-186.00
2025-08-10T12:15:00.000,205.65,295.26,87.76,-185.98
2025-08-10T12:16:00.000,205.59,295.28,87.81,-185.90
2025-08-10T12:17:00.000,205.55,295.29,87.81,-185.85
2025-08-10T12:18:00.000,205.42,295.26,87.64,-185.78
2025-08-10T12:19:00.000,205.43,295.28,87.74,-185.75
2025-08-10T12:20:00.000,205.43,295.27,87.71,-185.76
2025-08-10T12:21:00.000,205.38,295.27,87.66,-185.73
2025-08-10T12:22:00.000,205.38,295.24,87.59,-185.77
2025-08-10T12:23:00.000,205.17,295.23,87.45,-185.60
2025-08-10T12:24:00.000,205.20,295.25,87.54,-185.59
2025-08-10T12:25:00.000,205.18,295.24,87.50,-185.59
2025-08-10T12:26:00.000,205.06,295.24,87.43,-185.49
2025-08-10T12:27:00.000,204.99,295.19,87.26,-185.49
2025-08-10T12:28:00.000,204.98,295.20,87.29,-185.46
2025-08-10T12:29:00.000,204.95,295.17,87.18,-185.48
2025-08-10T12:30:00.000,204.99,295.23,87.37,-185.43
2025-08-10T12:31:00.000,204.87,295.21,87.25,-185.37
2025-08-10T12:32:00.000,204.92,295.19,87.22,-185.43
2025-08-10T12:33:00.000,204.94,295.20,87.26,-185.43
2025-08-10T12:34:00.000,204.95,295.23,87.37,-185.40
2025-08-10T12:35:00.000,205.05,295.20,87.31,-185.54
2025-08-10T12:36:00.000,205.14,295.25,87.49,-185.55
2025-08-10T12:37:00.000,205.10,295.23,87.42,-185.54
2025-08-10T12:38:00.000,205.15,295.23,87.44,-185.59
2025-08-10T12:39:00.000,205.11,295.25,87.51,-185.50
2025-08-10T12:40:00.000,205.11,295.27,87.54,-185.48
2025-08-10T12:41:00.000,205.06,295.25,87.49,-185.47
2025-08-10T12:42:00.000,205.15,295.24,87.47,-185.57
2025-08-10T12:43:00.000,205.30,295.25,87.58,-185.68
2025-08-10T12:44:00.000,205.28,295.26,87.60,-185.65
2025-08-10T12:45:00.000,205.21,295.24,87.50,-185.62
2025-08-10T12:46:00.000,205.15,295.20,87.37,-185.62
2025-08-10T12:47:00.000,205.26,295.21,87.43,-185.71
2025-08-10T12:48:00.000,205.31,295.25,87.58,-185.69
2025-08-10T12:49:00.000,205.31,295.25,87.57,-185.70
2025-08-10T12:50:00.000,205.37,295.28,87.72,-185.70
2025-08-10T12:51:00.000,205.29,295.25,87.56,-185.69
2025-08-10T12:52:00.000,205.28,295.26,87.61,-185.64
2025-08-10T12:53:00.000,205.22,295.23,87.49,-185.63
2025-08-10T12:54:00.000,205.31,295.26,87.62,-185.68
2025-08-10T12:55:00.000,205.25,295.24,87.52,-185.66
2025-08-10T12:56:00.000,205.29,295.25,87.56,-185.68
2025-08-10T12:57:00.000,205.20,295.24,87.50,-185.61
2025-08-10T12:58:00.000,205.18,295.23,87.45,-185.61
2025-08-10T12:59:00.000,205.18,295.24,87.50,-185.59
2025-08-10T13:00:00.000,205.10,295.24,87.46,-185.51
2025-08-10T13:01:00.000,205.08,295.23,87.40,-185.52
2025-08-10T13:02:00.000,204.94,295.21,87.28,-185.43
2025-08-10T13:03:00.000,204.80,295.18,87.15,-185.34
2025-08-10T13:04:00.000,204.82,295.18,87.16,-185.35
2025-08-10T13:05:00.000,204.74,295.18,87.11,-185.28
2025-08-10T13:06:00.000,204.75,295.20,87.18,-185.26
2025-08-10T13:07:00.000,204.83,295.23,87.30,-185.30
2025-08-10T13:08:00.000,204.82,295.20,87.21,-185.32
2025-08-10T13:09:00.000,204.89,295.21,87.27,-185.38
2025-08-10T13:10:00.000,204.83,295.23,87.30,-185.30
2025-08-10T13:11:00.000,204.80,295.22,87.26,-185.28
2025-08-10T13:12:00.000,204.74,295.21,87.20,-185.25
2025-08-10T13:13:00.000,204.69,295.20,87.15,-185.21
2025-08-10T13:14:00.000,204.70,295.21,87.19,-185.20
2025-08-10T13:15:00.000,204.72,295.23,87.26,-185.19
2025-08-10T13:16:00.000,204.62,295.21,87.14,-185.14
2025-08-10T13:17:00.000,204.60,295.23,87.21,-185.09
2025-08-10T13:18:00.000,204.68,295.24,87.27,-185.15
2025-08-10T13:19:00.000,204.63,295.23,87.23,-185.10
2025-08-10T13:20:00.000,204.76,295.26,87.36,-185.19
2025-08-10T13:21:00.000,204.61,295.23,87.23,-185.08
2025-08-10T13:22:00.000,204.63,295.23,87.24,-185.10
2025-08-10T13:23:00.000,204.49,295.24,87.19,-184.97
2025-08-10T13:24:00.000,204.55,295.23,87.19,-185.04
2025-08-10T13:25:00.000,204.54,295.23,87.17,-185.04
2025-08-10T13:26:00.000,204.59,295.24,87.25,-185.06
2025-08-10T13:27:00.000,204.56,295.26,87.29,-185.00
2025-08-10T13:28:00.000,204.61,295.22,87.19,-185.10
2025-08-10T13:29:00.000,204.61,295.22,87.18,-185.10
2025-08-10T13:30:00.000,204.53,295.21,87.10,-185.05
2025-08-10T13:31:00.000,204.59,295.22,87.18,-185.08
2025-08-10T13:32:00.000,204.54,295.22,87.16,-185.04
2025-08-10T13:33:00.000,204.55,295.25,87.24,-185.01
2025-08-10T13:34:00.000,204.47,295.23,87.17,-184.96
2025-08-10T13:35:00.000,204.52,295.23,87.17,-185.01
2025-08-10T13:36:00.000,204.50,295.22,87.15,-185.00
2025-08-10T13:37:00.000,204.43,295.21,87.08,-184.95
2025-08-10T13:38:00.000,204.45,295.24,87.18,-184.93
2025-08-10T13:39:00.000,204.42,295.22,87.09,-184.94
2025-08-10T13:40:00.000,204.50,295.24,87.19,-184.98
2025-08-10T13:41:00.000,204.45,295.23,87.14,-184.95
2025-08-10T13:42:00.000,204.45,295.21,87.08,-184.98
2025-08-10T13:43:00.000,204.48,295.22,87.12,-184.99
2025-08-10T13:44:00.000,204.46,295.21,87.10,-184.98
2025-08-10T13:45:00.000,204.60,295.25,87.29,-185.04
2025-08-10T13:46:00.000,204.66,295.24,87.26,-185.13
2025-08-10T13:47:00.000,204.70,295.21,87.21,-185.20
2025-08-10T13:48:00.000,204.68,295.21,87.17,-185.19
2025-08-10T13:49:00.000,204.58,295.19,87.08,-185.12
2025-08-10T13:50:00.000,204.69,295.22,87.22,-185.17
2025-08-10T13:51:00.000,204.55,295.19,87.06,-185.10
2025-08-10T13:52:00.000,204.50,295.23,87.17,-184.99
2025-08-10T13:53:00.000,204.50,295.23,87.16,-185.00
2025-08-10T13:54:00.000,204.55,295.24,87.23,-185.01
2025-08-10T13:55:00.000,204.59,295.22,87.16,-185.09
2025-08-10T13:56:00.000,204.55,295.22,87.16,-185.06
2025-08-10T13:57:00.000,204.60,295.21,87.16,-185.10
2025-08-10T13:58:00.000,204.68,295.23,87.24,-185.16
2025-08-10T13:59:00.000,204.67,295.22,87.20,-185.16
2025-08-10T14:00:00.000,204.75,295.23,87.27,-185.22
2025-08-10T14:01:00.000,204.72,295.23,87.28,-185.19
2025-08-10T14:02:00.000,204.71,295.24,87.28,-185.17
2025-08-10T14:03:00.000,204.70,295.26,87.34,-185.13
2025-08-10T14:04:00.000,204.68,295.21,87.17,-185.18
2025-08-10T14:05:00.000,204.71,295.23,87.26,-185.18
2025-08-10T14:06:00.000,204.68,295.22,87.22,-185.17
2025-08-10T14:07:00.000,204.63,295.20,87.14,-185.15
2025-08-10T14:08:00.000,204.62,295.18,87.07,-185.17
2025-08-10T14:09:00.000,204.59,295.20,87.11,-185.12
2025-08-10T14:10:00.000,204.55,295.17,87.01,-185.12
2025-08-10T14:11:00.000,204.46,295.19,87.03,-185.01
2025-08-10T14:12:00.000,204.41,295.19,87.01,-184.96
2025-08-10T14:13:00.000,204.50,295.23,87.17,-184.99
2025-08-10T14:14:00.000,204.47,295.23,87.16,-184.96
2025-08-10T14:15:00.000,204.42,295.22,87.10,-184.93
2025-08-10T14:16:00.000,204.43,295.21,87.07,-184.97
2025-08-10T14:17:00.000,204.42,295.20,87.03,-184.97
2025-08-10T14:18:00.000,204.49,295.20,87.07,-185.02
2025-08-10T14:19:00.000,204.41,295.23,87.12,-184.92
2025-08-10T14:20:00.000,204.50,295.22,87.13,-185.01
2025-08-10T14:21:00.000,204.45,295.22,87.11,-184.96
2025-08-10T14:22:00.000,204.41,295.20,87.03,-184.95
2025-08-10T14:23:00.000,204.40,295.20,87.04,-184.94
2025-08-10T14:24:00.000,204.33,295.19,86.96,-184.90
2025-08-10T14:25:00.000,204.37,295.22,87.10,-184.88
2025-08-10T14:26:00.000,204.21,295.23,87.04,-184.74
2025-08-10T14:27:00.000,204.02,295.21,86.90,-184.59
2025-08-10T14:28:00.000,203.93,295.18,86.78,-184.55
2025-08-10T14:29:00.000,203.86,295.20,86.79,-184.47
2025-08-10T14:30:00.000,203.70,295.15,86.58,-184.38
2025-08-10T14:31:00.000,203.66,295.19,86.67,-184.30
2025-08-10T14:32:00.000,203.59,295.18,86.62,-184.25
2025-08-10T14:33:00.000,203.56,295.19,86.65,-184.20
2025-08-10T14:34:00.000,203.57,295.19,86.63,-184.21
2025-08-10T14:35:00.000,203.53,295.19,86.62,-184.17
2025-08-10T14:36:00.000,203.56,295.19,86.65,-184.20
2025-08-10T14:37:00.000,203.50,295.17,86.55,-184.17
2025-08-10T14:38:00.000,203.51,295.18,86.60,-184.17
2025-08-10T14:39:00.000,203.41,295.18,86.53,-184.09
2025-08-10T14:40:00.000,203.38,295.17,86.49,-184.07
2025-08-10T14:41:00.000,203.43,295.19,86.57,-184.08
2025-08-10T14:42:00.000,203.47,295.20,86.63,-184.11
2025-08-10T14:43:00.000,203.49,295.29,86.94,-183.98
2025-08-10T14:44:00.000,203.40,295.16,86.47,-184.11
2025-08-10T14:45:00.000,203.41,295.19,86.58,-184.06
2025-08-10T14:46:00.000,203.50,295.21,86.68,-184.12
2025-08-10T14:47:00.000,203.37,295.20,86.58,-184.02
2025-08-10T14:48:00.000,203.16,295.16,86.36,-183.89
2025-08-10T14:49:00.000,203.01,295.14,86.25,-183.78
2025-08-10T14:50:00.000,203.01,295.17,86.34,-183.73
2025-08-10T14:51:00.000,202.96,295.14,86.24,-183.73
2025-08-10T14:52:00.000,202.86,295.18,86.33,-183.58
2025-08-10T14:53:00.000,202.78,295.14,86.14,-183.58
2025-08-10T14:54:00.000,202.78,295.17,86.25,-183.53
2025-08-10T14:55:00.000,202.88,295.19,86.36,-183.58
2025-08-10T14:56:00.000,202.89,295.15,86.22,-183.66
2025-08-10T14:57:00.000,202.97,295.15,86.25,-183.74
2025-08-10T14:58:00.000,203.08,295.17,86.36,-183.80
2025-08-10T14:59:00.000,203.10,295.17,86.38,-183.82
2025-08-10T15:00:00.000,203.15,295.17,86.41,-183.86
2025-08-10T15:01:00.000,203.16,295.15,86.35,-183.90
2025-08-10T15:02:00.000,203.14,295.16,86.37,-183.87
2025-08-10T15:03:00.000,203.20,295.17,86.44,-183.90
2025-08-10T15:04:00.000,203.20,295.15,86.36,-183.94
2025-08-10T15:05:00.000,203.22,295.18,86.46,-183.91
2025-08-10T15:06:00.000,203.29,295.21,86.59,-183.93
2025-08-10T15:07:00.000,203.33,295.22,86.64,-183.95
2025-08-10T15:08:00.000,203.39,295.22,86.66,-184.00
2025-08-10T15:09:00.000,203.39,295.20,86.59,-184.04
2025-08-10T15:10:00.000,203.44,295.22,86.68,-184.04
2025-08-10T15:11:00.000,203.37,295.19,86.57,-184.03
2025-08-10T15:12:00.000,203.32,295.17,86.47,-184.02
2025-08-10T15:13:00.000,203.40,295.20,86.61,-184.04
2025-08-10T15:14:00.000,203.40,295.19,86.57,-184.05
2025-08-10T15:15:00.000,203.49,295.21,86.67,-184.11
2025-08-10T15:16:00.000,203.49,295.19,86.60,-184.14
2025-08-10T15:17:00.000,203.53,295.19,86.62,-184.18
2025-08-10T15:18:00.000,203.52,295.19,86.62,-184.16
2025-08-10T15:19:00.000,203.57,295.22,86.74,-184.17
2025-08-10T15:20:00.000,203.48,295.21,86.67,-184.10
2025-08-10T15:21:00.000,203.47,295.22,86.68,-184.08
2025-08-10T15:22:00.000,203.44,295.19,86.59,-184.09
2025-08-10T15:23:00.000,203.40,295.21,86.64,-184.02
2025-08-10T15:24:00.000,203.27,295.18,86.47,-183.96
2025-08-10T15:25:00.000,203.28,295.20,86.55,-183.93
2025-08-10T15:26:00.000,203.23,295.14,86.34,-183.98
2025-08-10T15:27:00.000,203.12,295.15,86.32,-183.86
2025-08-10T15:28:00.000,203.02,295.16,86.32,-183.76
2025-08-10T15:29:00.000,202.99,295.21,86.46,-183.66
2025-08-10T15:30:00.000,203.01,295.19,86.39,-183.71
2025-08-10T15:31:00.000,202.93,295.15,86.26,-183.69
2025-08-10T15:32:00.000,202.83,295.13,86.13,-183.64
2025-08-10T15:33:00.000,202.78,295.14,86.14,-183.58
2025-08-10T15:34:00.000,202.80,295.14,86.16,-183.59
2025-08-10T15:35:00.000,202.86,295.17,86.28,-183.60
2025-08-10T15:36:00.000,202.96,295.16,86.30,-183.70
2025-08-10T15:37:00.000,203.00,295.19,86.40,-183.70
2025-08-10T15:38:00.000,203.03,295.18,86.39,-183.73
2025-08-10T15:39:00.000,202.97,295.16,86.30,-183.71
2025-08-10T15:40:00.000,203.15,295.19,86.46,-183.83
2025-08-10T15:41:00.000,203.18,295.19,86.49,-183.86
2025-08-10T15:42:00.000,203.26,295.17,86.45,-183.96
2025-08-10T15:43:00.000,203.29,295.20,86.55,-183.94
2025-08-10T15:44:00.000,203.33,295.22,86.65,-183.94
2025-08-10T15:45:00.000,203.33,295.18,86.50,-184.01
2025-08-10T15:46:00.000,203.38,295.21,86.63,-184.01
2025-08-10T15:47:00.000,203.35,295.18,86.51,-184.04
2025-08-10T15:48:00.000,203.32,295.19,86.54,-183.99
2025-08-10T15:49:00.000,203.34,295.20,86.58,-183.99
2025-08-10T15:50:00.000,203.27,295.21,86.57,-183.92
2025-08-10T15:51:00.000,203.31,295.20,86.57,-183.96
2025-08-10T15:52:00.000,203.35,295.19,86.55,-184.01
2025-08-10T15:53:00.000,203.42,295.20,86.61,-184.05
2025-08-10T15:54:00.000,203.42,295.19,86.59,-184.07
2025-08-10T15:55:00.000,203.39,295.18,86.53,-184.06
2025-08-10T15:56:00.000,203.43,295.18,86.54,-184.11
2025-08-10T15:57:00.000,203.38,295.18,86.54,-184.04
2025-08-10T15:58:00.000,203.46,295.17,86.53,-184.15
2025-08-10T15:59:00.000,203.40,295.22,86.66,-184.01
2025-08-10T16:00:00.000,204.02,295.22,86.93,-184.58
2025-08-10T16:01:00.000,208.08,295.35,89.08,-188.05
2025-08-10T16:02:00.000,226.19,294.04,92.14,-206.57
2025-08-10T16:03:00.000,232.22,266.61,-13.73,-231.82
2025-08-10T16:04:00.000,187.99,257.69,-40.08,-183.67
2025-08-10T16:05:00.000,157.14,259.68,-28.16,-154.60
2025-08-10T16:06:00.000,129.85,257.18,-28.82,-126.61
2025-08-10T16:07:00.000,111.13,255.36,-28.09,-107.52
2025-08-10T16:08:00.000,94.38,255.86,-23.05,-91.53
2025-08-10T16:09:00.000,80.66,256.46,-18.89,-78.42
2025-08-10T16:10:00.000,71.06,258.59,-14.06,-69.66
2025-08-10T16:11:00.000,59.74,265.97,-4.20,-59.60
2025-08-10T16:12:00.000,52.14,280.82,9.79,-51.21
2025-08-10T16:13:00.000,45.89,283.76,10.92,-44.58
2025-08-10T16:14:00.000,41.44,308.84,25.99,-32.28
2025-08-10T16:15:00.000,37.45,332.05,33.08,-17.55
2025-08-10T16:16:00.000,34.60,335.06,31.37,-14.59
2025-08-10T16:17:00.000,31.93,346.97,31.10,-7.20
2025-08-10T16:18:00.000,29.83,11.43,29.24,5.91
2025-08-10T16:19:00.000,28.28,16.06,27.18,7.82
2025-08-10T16:20:00.000,26.69,25.14,24.16,11.34
2025-08-10T16:21:00.000,25.05,22.88,23.08,9.74
2025-08-10T16:22:00.000,22.92,19.94,21.54,7.82
2025-08-10T16:23:00.000,20.63,14.20,20.00,5.06
2025-08-10T16:24:00.000,17.90,15.79,17.23,4.87
2025-08-10T16:25:00.000,14.63,22.00,13.56,5.48
2025-08-10T16:26:00.000,10.42,22.37,9.63,3.96
2025-08-10T16:27:00.000,6.27,26.18,5.63,2.77
2025-08-10T16:28:00.000,2.63,7.20,2.61,0.33
2025-08-10T16:29:00.000,1.89,0.47,1.89,0.02
2025-08-10T16:30:00.000,1.57,356.76,1.57,-0.09
2025-08-10T16:31:00.000,1.58,357.69,1.58,-0.06
2025-08-10T16:32:00.000,1.59,358.82,1.59,-0.03
2025-08-10T16:33:00.000,1.62,0.84,1.62,0.02
2025-08-10T16:34:00.000,1.93,11.31,1.89,0.38
2025-08-10T16:35:00.000,1.93,12.66,1.88,0.42
2025-08-10T16:36:00.000,2.22,20.69,2.08,0.79
2025-08-10T16:37:00.000,2.01,14.64,1.94,0.51
2025-08-10T16:38:00.000,2.08,18.31,1.98,0.65
2025-08-10T16:39:00.000,2.17,23.50,1.99,0.87
2025-08-10T16:40:00.000,1.60,1.25,1.60,0.03
2025-08-10T16:41:00.000,1.62,358.28,1.62,-0.05
2025-08-10T16:42:00.000,1.63,358.05,1.62,-0.06
2025-08-10T16:43:00.000,1.61,357.17,1.61,-0.08
2025-08-10T16:44:00.000,1.60,0.86,1.60,0.02
2025-08-10T16:45:00.000,2.15,16.27,2.06,0.60
2025-08-10T16:46:00.000,1.67,31.05,1.43,0.86
2025-08-10T16:47:00.000,1.42,5.17,1.42,0.13
2025-08-10T16:48:00.000,1.56,58.73,0.81,1.33
2025-08-10T16:49:00.000,1.44,13.13,1.40,0.33
2025-08-10T16:50:00.000,1.20,350.22,1.18,-0.20
2025-08-10T16:51:00.000,1.44,340.33,1.35,-0.48
2025-08-10T16:52:00.000,1.25,333.42,1.12,-0.56
2025-08-10T16:53:00.000,1.19,342.17,1.13,-0.36
2025-08-10T16:54:00.000,1.23,342.51,1.17,-0.37
2025-08-10T16:55:00.000,1.19,336.06,1.09,-0.48
2025-08-10T16:56:00.000,1.23,337.02,1.13,-0.48
2025-08-10T16:57:00.000,1.30,337.30,1.20,-0.50
2025-08-10T16:58:00.000,1.29,339.74,1.21,-0.45
2025-08-10T16:59:00.000,1.24,340.13,1.17,-0.42
2025-08-10T17:00:00.000,1.18,348.40,1.15,-0.24
2025-08-10T17:01:00.000,1.11,346.52,1.08,-0.26
2025-08-10T17:02:00.000,0.92,334.53,0.83,-0.39
2025-08-10T17:03:00.000,1.01,337.88,0.94,-0.38
2025-08-10T17:04:00.000,1.24,339.36,1.16,-0.44
2025-08-10T17:05:00.000,0.88,317.84,0.65,-0.59
2025-08-10T17:06:00.000,0.98,286.13,0.27,-0.94
2025-08-10T17:07:00.000,1.06,304.83,0.61,-0.87
2025-08-10T17:08:00.000,0.89,306.06,0.52,-0.72
2025-08-10T17:09:00.000,1.18,310.93,0.77,-0.89
2025-08-10T17:10:00.000,1.36,310.33,0.88,-1.04
2025-08-10T17:11:00.000,0.96,315.05,0.68,-0.68
2025-08-10T17:12:00.000,1.13,319.52,0.86,-0.73
2025-08-10T17:13:00.000,1.08,321.98,0.85,-0.66
2025-08-10T17:14:00.000,1.19,329.55,1.02,-0.60
2025-08-10T17:15:00.000,1.14,330.77,0.99,-0.55
2025-08-10T17:16:00.000,1.15,330.49,1.00,-0.57
2025-08-10T17:17:00.000,1.15,325.44,0.95,-0.65
2025-08-10T17:18:00.000,1.04,326.79,0.87,-0.57
2025-08-10T17:19:00.000,1.28,334.08,1.15,-0.56
2025-08-10T17:20:00.000,1.31,335.08,1.19,-0.55
2025-08-10T17:21:00.000,1.28,334.76,1.16,-0.54
2025-08-10T17:22:00.000,1.24,334.46,1.12,-0.54
2025-08-10T17:23:00.000,1.26,334.28,1.14,-0.55
2025-08-10T17:24:00.000,1.28,330.80,1.11,-0.62
2025-08-10T17:25:00.000,1.22,333.78,1.10,-0.54
2025-08-10T17:26:00.000,1.20,333.49,1.07,-0.53
2025-08-10T17:27:00.000,1.39,326.30,1.16,-0.77
2025-08-10T17:28:00.000,1.11,329.47,0.96,-0.56
2025-08-10T17:29:00.000,1.28,326.58,1.07,-0.70
2025-08-10T17:30:00.000,1.13,326.43,0.94,-0.62
2025-08-10T17:31:00.000,1.39,326.72,1.17,-0.76
2025-08-10T17:32:00.000,1.61,325.80,1.33,-0.90
2025-08-10T17:33:00.000,1.62,334.06,1.46,-0.71
2025-08-10T17:34:00.000,1.38,334.31,1.25,-0.60
2025-08-10T17:35:00.000,1.49,341.03,1.41,-0.49
2025-08-10T17:36:00.000,1.35,337.72,1.25,-0.51
2025-08-10T17:37:00.000,1.31,335.71,1.19,-0.54
2025-08-10T17:38:00.000,1.28,337.32,1.18,-0.49
2025-08-10T17:39:00.000,1.30,337.86,1.20,-0.49
2025-08-10T17:40:00.000,1.28,339.56,1.20,-0.45
2025-08-10T17:41:00.000,1.29,341.10,1.22,-0.42
2025-08-10T17:42:00.000,1.28,336.35,1.17,-0.51
2025-08-10T17:43:00.000,1.25,334.22,1.13,-0.55
2025-08-10T17:44:00.000,1.29,334.58,1.17,-0.55
2025-08-10T17:45:00.000,1.31,336.13,1.20,-0.53
2025-08-10T17:46:00.000,1.30,335.47,1.19,-0.54
2025-08-10T17:47:00.000,1.33,334.76,1.20,-0.57
2025-08-10T17:48:00.000,1.31,333.65,1.17,-0.58
2025-08-10T17:49:00.000,1.32,331.71,1.16,-0.62
2025-08-10T17:50:00.000,1.26,330.87,1.10,-0.61
2025-08-10T17:51:00.000,1.27,329.49,1.09,-0.65
2025-08-10T17:52:00.000,1.28,328.91,1.09,-0.66
2025-08-10T17:53:00.000,1.31,332.79,1.16,-0.60
2025-08-10T17:54:00.000,1.26,330.68,1.10,-0.62
2025-08-10T17:55:00.000,1.27,331.72,1.12,-0.60
2025-08-10T17:56:00.000,1.29,333.29,1.16,-0.58
2025-08-10T17:57:00.000,1.29,333.52,1.15,-0.57
2025-08-10T17:58:00.000,1.30,334.03,1.17,-0.57
2025-08-10T17:59:00.000,1.31,336.01,1.20,-0.53
2025-08-10T18:00:00.000,1.31,334.35,1.18,-0.57
2025-08-10T18:01:00.000,1.31,335.01,1.19,-0.55
2025-08-10T18:02:00.000,1.28,335.63,1.17,-0.53
2025-08-10T18:03:00.000,1.30,335.77,1.18,-0.53
2025-08-10T18:04:00.000,1.32,335.90,1.21,-0.54
2025-08-10T18:05:00.000,1.30,336.57,1.19,-0.52
2025-08-10T18:06:00.000,1.27,337.81,1.18,-0.48
2025-08-10T18:07:00.000,1.30,336.03,1.18,-0.53
2025-08-10T18:08:00.000,1.32,335.25,1.20,-0.55
2025-08-10T18:09:00.000,1.33,334.85,1.21,-0.57
2025-08-10T18:10:00.000,1.30,334.71,1.17,-0.56
2025-08-10T18:11:00.000,1.32,333.78,1.19,-0.58
2025-08-10T18:12:00.000,1.31,334.58,1.19,-0.56
2025-08-10T18:13:00.000,1.32,334.21,1.19,-0.57
2025-08-10T18:14:00.000,1.29,333.26,1.15,-0.58
2025-08-10T18:15:00.000,1.31,334.46,1.18,-0.56
2025-08-10T18:16:00.000,1.32,334.11,1.18,-0.58
2025-08-10T18:17:00.000,1.39,333.50,1.24,-0.62
2025-08-10T18:18:00.000,1.36,334.06,1.22,-0.60
2025-08-10T18:19:00.000,1.32,334.40,1.19,-0.57
2025-08-10T18:20:00.000,1.26,333.77,1.13,-0.56
2025-08-10T18:21:00.000,1.29,333.17,1.15,-0.58
2025-08-10T18:22:00.000,1.34,332.72,1.19,-0.61
2025-08-10T18:23:00.000,1.30,333.24,1.16,-0.59
2025-08-10T18:24:00.000,1.29,331.44,1.14,-0.62
2025-08-10T18:25:00.000,1.33,332.93,1.18,-0.60
2025-08-10T18:26:00.000,1.31,332.61,1.17,-0.60
2025-08-10T18:27:00.000,1.33,332.46,1.18,-0.62
2025-08-10T18:28:00.000,1.30,333.76,1.17,-0.58
2025-08-10T18:29:00.000,1.31,333.04,1.17,-0.59
2025-08-10T18:30:00.000,1.31,331.92,1.16,-0.62
2025-08-10T18:31:00.000,1.32,332.25,1.17,-0.61
2025-08-10T18:32:00.000,1.32,331.20,1.16,-0.64
2025-08-10T18:33:00.000,1.29,330.01,1.12,-0.65
2025-08-10T18:34:00.000,1.27,328.87,1.08,-0.65
2025-08-10T18:35:00.000,1.28,326.12,1.06,-0.71
2025-08-10T18:36:00.000,1.32,325.17,1.08,-0.75
2025-08-10T18:37:00.000,1.36,325.25,1.11,-0.77
2025-08-10T18:38:00.000,1.39,328.49,1.19,-0.73
2025-08-10T18:39:00.000,1.39,332.72,1.24,-0.64
2025-08-10T18:40:00.000,1.38,335.64,1.26,-0.57
2025-08-10T18:41:00.000,1.32,333.23,1.18,-0.59
2025-08-10T18:42:00.000,1.27,332.03,1.12,-0.60
2025-08-10T18:43:00.000,1.26,327.88,1.06,-0.67
2025-08-10T18:44:00.000,1.28,327.82,1.08,-0.68
2025-08-10T18:45:00.000,1.32,328.67,1.12,-0.68
2025-08-10T18:46:00.000,1.32,331.37,1.16,-0.63
2025-08-10T18:47:00.000,1.34,332.27,1.18,-0.62
2025-08-10T18:48:00.000,1.37,332.84,1.22,-0.62
2025-08-10T18:49:00.000,1.36,336.00,1.24,-0.55
2025-08-10T18:50:00.000,1.36,337.53,1.26,-0.52
2025-08-10T18:51:00.000,1.41,342.58,1.34,-0.42
2025-08-10T18:52:00.000,1.35,345.33,1.31,-0.34
2025-08-10T18:53:00.000,1.30,339.26,1.21,-0.46
2025-08-10T18:54:00.000,1.31,337.45,1.21,-0.50
2025-08-10T18:55:00.000,1.30,338.44,1.21,-0.48
2025-08-10T18:56:00.000,1.31,338.37,1.22,-0.48
2025-08-10T18:57:00.000,1.32,341.32,1.25,-0.42
2025-08-10T18:58:00.000,1.31,343.19,1.26,-0.38
2025-08-10T18:59:00.000,1.27,339.68,1.19,-0.44
2025-08-10T19:00:00.000,1.25,342.31,1.19,-0.38
2025-08-10T19:01:00.000,1.28,338.19,1.19,-0.48
2025-08-10T19:02:00.000,1.24,336.61,1.14,-0.49
2025-08-10T19:03:00.000,1.21,333.99,1.09,-0.53
2025-08-10T19:04:00.000,1.29,330.84,1.13,-0.63
2025-08-10T19:05:00.000,1.30,329.73,1.12,-0.66
2025-08-10T19:06:00.000,1.32,330.81,1.15,-0.64
2025-08-10T19:07:00.000,1.38,330.81,1.21,-0.67
2025-08-10T19:08:00.000,1.45,328.30,1.23,-0.76
2025-08-10T19:09:00.000,1.43,335.00,1.29,-0.60
2025-08-10T19:10:00.000,1.37,339.04,1.28,-0.49
2025-08-10T19:11:00.000,1.42,334.70,1.28,-0.61
2025-08-10T19:12:00.000,1.38,345.94,1.34,-0.33
2025-08-10T19:13:00.000,1.29,344.02,1.24,-0.36
2025-08-10T19:14:00.000,1.22,344.03,1.17,-0.33
2025-08-10T19:15:00.000,1.30,344.19,1.25,-0.36
2025-08-10T19:16:00.000,1.35,339.25,1.27,-0.48
2025-08-10T19:17:00.000,1.32,336.03,1.21,-0.54
2025-08-10T19:18:00.000,1.31,340.86,1.24,-0.43
2025-08-10T19:19:00.000,1.32,339.12,1.24,-0.47
2025-08-10T19:20:00.000,1.31,338.31,1.22,-0.48
2025-08-10T19:21:00.000,1.32,337.79,1.23,-0.50
2025-08-10T19:22:00.000,1.32,336.83,1.21,-0.52
2025-08-10T19:23:00.000,1.32,336.11,1.20,-0.53
2025-08-10T19:24:00.000,1.32,334.45,1.19,-0.57
2025-08-10T19:25:00.000,1.34,332.09,1.18,-0.63
2025-08-10T19:26:00.000,1.48,323.62,1.19,-0.88
2025-08-10T19:27:00.000,1.38,321.32,1.08,-0.86
2025-08-10T19:28:00.000,1.29,325.86,1.07,-0.72
2025-08-10T19:29:00.000,1.30,329.14,1.12,-0.67
2025-08-10T19:30:00.000,1.33,332.36,1.17,-0.62
2025-08-10T19:31:00.000,1.31,334.37,1.18,-0.57
2025-08-10T19:32:00.000,1.42,335.63,1.29,-0.58
2025-08-10T19:33:00.000,1.32,336.49,1.21,-0.53
2025-08-10T19:34:00.000,1.30,335.55,1.18,-0.54
2025-08-10T19:35:00.000,1.30,336.00,1.19,-0.53
2025-08-10T19:36:00.000,1.30,335.45,1.18,-0.54
2025-08-10T19:37:00.000,1.28,335.45,1.17,-0.53
2025-08-10T19:38:00.000,1.28,336.86,1.18,-0.50
2025-08-10T19:39:00.000,1.32,335.04,1.20,-0.56
2025-08-10T19:40:00.000,1.32,335.16,1.19,-0.55
2025-08-10T19:41:00.000,1.32,335.88,1.20,-0.54
2025-08-10T19:42:00.000,1.35,332.73,1.20,-0.62
2025-08-10T19:43:00.000,1.37,333.55,1.22,-0.61
2025-08-10T19:44:00.000,1.38,335.47,1.25,-0.57
2025-08-10T19:45:00.000,1.29,336.89,1.18,-0.51
2025-08-10T19:46:00.000,1.32,337.23,1.22,-0.51
2025-08-10T19:47:00.000,1.29,336.49,1.18,-0.51
2025-08-10T19:48:00.000,1.29,336.58,1.19,-0.51
2025-08-10T19:49:00.000,1.28,336.48,1.17,-0.51
2025-08-10T19:50:00.000,1.22,336.55,1.12,-0.49
2025-08-10T19:51:00.000,1.30,335.33,1.18,-0.54
2025-08-10T19:52:00.000,1.30,337.01,1.19,-0.51
2025-08-10T19:53:00.000,1.30,340.13,1.22,-0.44
2025-08-10T19:54:00.000,1.24,339.43,1.16,-0.44
2025-08-10T19:55:00.000,1.27,339.16,1.19,-0.45
2025-08-10T19:56:00.000,1.29,337.75,1.20,-0.49
2025-08-10T19:57:00.000,1.33,338.24,1.23,-0.49
2025-08-10T19:58:00.000,1.31,338.01,1.22,-0.49
2025-08-10T19:59:00.000,1.29,339.56,1.21,-0.45
2025-08-10T20:00:00.000,1.32,338.13,1.22,-0.49
2025-08-10T20:01:00.000,1.31,336.68,1.21,-0.52
2025-08-10T20:02:00.000,1.28,335.70,1.17,-0.53
2025-08-10T20:03:00.000,1.27,335.63,1.16,-0.53
2025-08-10T20:04:00.000,1.28,336.29,1.17,-0.51
2025-08-10T20:05:00.000,1.29,336.38,1.18,-0.52
2025-08-10T20:06:00.000,1.29,336.75,1.18,-0.51
2025-08-10T20:07:00.000,1.31,336.20,1.20,-0.53
2025-08-10T20:08:00.000,1.25,334.20,1.12,-0.54
2025-08-10T20:09:00.000,1.26,333.39,1.13,-0.57
2025-08-10T20:10:00.000,1.30,332.14,1.15,-0.61
2025-08-10T20:11:00.000,1.30,332.61,1.15,-0.60
2025-08-10T20:12:00.000,1.26,329.21,1.09,-0.65
2025-08-10T20:13:00.000,1.27,329.75,1.10,-0.64
2025-08-10T20:14:00.000,1.28,330.26,1.11,-0.64
2025-08-10T20:15:00.000,1.27,330.32,1.10,-0.63
2025-08-10T20:16:00.000,1.35,330.41,1.18,-0.67
2025-08-10T20:17:00.000,1.35,329.53,1.16,-0.68
2025-08-10T20:18:00.000,1.33,326.75,1.11,-0.73
2025-08-10T20:19:00.000,1.34,327.30,1.12,-0.72
2025-08-10T20:20:00.000,1.32,327.49,1.12,-0.71
2025-08-10T20:21:00.000,1.35,325.88,1.12,-0.76
2025-08-10T20:22:00.000,1.35,327.39,1.14,-0.73
2025-08-10T20:23:00.000,1.32,329.00,1.14,-0.68
2025-08-10T20:24:00.000,1.33,330.38,1.16,-0.66
2025-08-10T20:25:00.000,1.32,328.56,1.13,-0.69
2025-08-10T20:26:00.000,1.39,330.70,1.21,-0.68
2025-08-10T20:27:00.000,1.39,331.10,1.22,-0.67
2025-08-10T20:28:00.000,1.43,334.58,1.29,-0.61
2025-08-10T20:29:00.000,1.37,339.33,1.28,-0.48
2025-08-10T20:30:00.000,1.36,338.05,1.26,-0.51
2025-08-10T20:31:00.000,1.32,339.07,1.24,-0.47
2025-08-10T20:32:00.000,1.31,337.39,1.21,-0.50
2025-08-10T20:33:00.000,1.28,337.84,1.18,-0.48
2025-08-10T20:34:00.000,1.15,335.50,1.04,-0.48
2025-08-10T20:35:00.000,1.32,336.16,1.21,-0.53
2025-08-10T20:36:00.000,1.31,336.10,1.20,-0.53
2025-08-10T20:37:00.000,1.31,335.68,1.20,-0.54
2025-08-10T20:38:00.000,1.31,335.27,1.19,-0.55
2025-08-10T20:39:00.000,1.32,333.08,1.17,-0.60
2025-08-10T20:40:00.000,1.32,332.10,1.16,-0.62
2025-08-10T20:41:00.000,1.41,337.30,1.30,-0.54
2025-08-10T20:42:00.000,1.41,325.13,1.16,-0.81
2025-08-10T20:43:00.000,1.50,327.02,1.26,-0.82
2025-08-10T20:44:00.000,1.02,331.19,0.90,-0.49
2025-08-10T20:45:00.000,1.28,340.02,1.20,-0.44
2025-08-10T20:46:00.000,1.32,337.90,1.22,-0.50
2025-08-10T20:47:00.000,1.26,340.51,1.19,-0.42
2025-08-10T20:48:00.000,1.28,336.90,1.18,-0.50
2025-08-10T20:49:00.000,1.29,339.24,1.20,-0.46
2025-08-10T20:50:00.000,1.24,339.50,1.16,-0.43
2025-08-10T20:51:00.000,1.29,338.88,1.20,-0.47
2025-08-10T20:52:00.000,1.25,338.46,1.16,-0.46
2025-08-10T20:53:00.000,1.24,336.98,1.14,-0.49
2025-08-10T20:54:00.000,1.25,338.97,1.17,-0.45
2025-08-10T20:55:00.000,1.19,338.92,1.11,-0.43
2025-08-10T20:56:00.000,1.25,337.73,1.16,-0.47
2025-08-10T20:57:00.000,1.24,337.04,1.14,-0.48
2025-08-10T20:58:00.000,1.25,336.79,1.15,-0.49
2025-08-10T20:59:00.000,1.24,335.91,1.13,-0.51
2025-08-10T21:00:00.000,1.22,336.24,1.12,-0.49
2025-08-10T21:01:00.000,1.23,335.88,1.12,-0.50
2025-08-10T21:02:00.000,1.22,336.51,1.11,-0.48
2025-08-10T21:03:00.000,1.21,334.38,1.09,-0.52
2025-08-10T21:04:00.000,1.22,336.91,1.12,-0.48
2025-08-10T21:05:00.000,1.23,336.21,1.13,-0.50
2025-08-10T21:06:00.000,1.29,332.71,1.15,-0.59
2025-08-10T21:07:00.000,1.26,333.50,1.13,-0.56
2025-08-10T21:08:00.000,1.27,333.78,1.14,-0.56
2025-08-10T21:09:00.000,1.25,335.06,1.13,-0.53
2025-08-10T21:10:00.000,1.12,337.52,1.03,-0.43
2025-08-10T21:11:00.000,1.16,338.08,1.08,-0.43
2025-08-10T21:12:00.000,1.19,332.94,1.06,-0.54
2025-08-10T21:13:00.000,0.79,317.08,0.58,-0.54
2025-08-10T21:14:00.000,1.04,314.20,0.72,-0.75
2025-08-10T21:15:00.000,1.25,334.54,1.13,-0.54
2025-08-10T21:16:00.000,1.20,332.19,1.06,-0.56
2025-08-10T21:17:00.000,1.10,332.27,0.97,-0.51
2025-08-10T21:18:00.000,1.20,327.72,1.02,-0.64
2025-08-10T21:19:00.000,1.08,325.98,0.89,-0.60
2025-08-10T21:20:00.000,1.08,336.98,0.99,-0.42
2025-08-10T21:21:00.000,1.05,331.75,0.92,-0.50
2025-08-10T21:22:00.000,1.17,332.62,1.03,-0.54
2025-08-10T21:23:00.000,1.19,335.05,1.08,-0.50
2025-08-10T21:24:00.000,1.17,337.76,1.09,-0.44
2025-08-10T21:25:00.000,1.16,341.42,1.10,-0.37
2025-08-10T21:26:00.000,1.27,335.73,1.16,-0.52
2025-08-10T21:27:00.000,1.27,338.91,1.18,-0.46
2025-08-10T21:28:00.000,1.27,339.17,1.19,-0.45
2025-08-10T21:29:00.000,1.22,341.41,1.16,-0.39
2025-08-10T21:30:00.000,1.20,340.55,1.13,-0.40
2025-08-10T21:31:00.000,1.19,337.54,1.10,-0.45
2025-08-10T21:32:00.000,1.18,335.99,1.07,-0.48
2025-08-10T21:33:00.000,1.18,334.31,1.06,-0.51
2025-08-10T21:34:00.000,1.18,334.34,1.07,-0.51
2025-08-10T21:35:00.000,1.18,333.83,1.06,-0.52
2025-08-10T21:36:00.000,1.21,334.16,1.09,-0.53
2025-08-10T21:37:00.000,1.20,334.17,1.08,-0.52
2025-08-10T21:38:00.000,1.19,334.33,1.07,-0.52
2025-08-10T21:39:00.000,1.19,335.04,1.07,-0.50
2025-08-10T21:40:00.000,1.17,335.63,1.07,-0.48
2025-08-10T21:41:00.000,1.18,334.61,1.07,-0.51
2025-08-10T21:42:00.000,1.20,334.49,1.08,-0.52
2025-08-10T21:43:00.000,1.23,334.33,1.11,-0.53
2025-08-10T21:44:00.000,1.21,335.15,1.10,-0.51
2025-08-10T21:45:00.000,1.21,335.83,1.10,-0.49
2025-08-10T21:46:00.000,1.22,335.27,1.11,-0.51
2025-08-10T21:47:00.000,1.23,335.08,1.11,-0.52
2025-08-10T21:48:00.000,1.25,335.84,1.14,-0.51
2025-08-10T21:49:00.000,1.28,337.75,1.18,-0.48
2025-08-10T21:50:00.000,1.30,338.92,1.21,-0.47
2025-08-10T21:51:00.000,1.29,337.04,1.19,-0.50
2025-08-10T21:52:00.000,1.28,333.62,1.15,-0.57
2025-08-10T21:53:00.000,1.23,334.60,1.12,-0.53
2025-08-10T21:54:00.000,1.22,335.54,1.11,-0.50
2025-08-10T21:55:00.000,1.24,334.64,1.12,-0.53
2025-08-10T21:56:00.000,1.29,333.90,1.16,-0.57
2025-08-10T21:57:00.000,1.25,335.68,1.14,-0.51
2025-08-10T21:58:00.000,1.24,335.81,1.13,-0.51
2025-08-10T21:59:00.000,1.24,336.05,1.14,-0.50
2025-08-10T22:00:00.000,1.25,336.95,1.15,-0.49
2025-08-10T22:01:00.000,1.25,335.87,1.14,-0.51
2025-08-10T22:02:00.000,1.31,332.93,1.17,-0.60
2025-08-10T22:03:00.000,1.31,332.09,1.16,-0.61
2025-08-10T22:04:00.000,1.32,332.45,1.17,-0.61
2025-08-10T22:05:00.000,1.31,333.26,1.17,-0.59
2025-08-10T22:06:00.000,1.32,334.04,1.19,-0.58
2025-08-10T22:07:00.000,1.30,335.76,1.19,-0.54
2025-08-10T22:08:00.000,1.31,339.06,1.22,-0.47
2025-08-10T22:09:00.000,1.33,338.28,1.23,-0.49
2025-08-10T22:10:00.000,1.33,338.14,1.24,-0.50
2025-08-10T22:11:00.000,1.28,335.31,1.17,-0.54
2025-08-10T22:12:00.000,1.29,332.96,1.15,-0.59
2025-08-10T22:13:00.000,1.30,332.90,1.16,-0.59
2025-08-10T22:14:00.000,1.33,332.17,1.18,-0.62
2025-08-10T22:15:00.000,1.26,328.33,1.07,-0.66
2025-08-10T22:16:00.000,1.28,326.95,1.07,-0.70
2025-08-10T22:17:00.000,1.25,326.42,1.04,-0.69
2025-08-10T22:18:00.000,1.21,325.76,1.00,-0.68
2025-08-10T22:19:00.000,1.27,331.58,1.11,-0.60
2025-08-10T22:20:00.000,1.27,333.92,1.14,-0.56
2025-08-10T22:21:00.000,1.27,333.06,1.13,-0.58
2025-08-10T22:22:00.000,1.27,333.87,1.14,-0.56
2025-08-10T22:23:00.000,1.25,331.84,1.11,-0.59
2025-08-10T22:24:00.000,1.24,329.26,1.06,-0.63
2025-08-10T22:25:00.000,1.25,327.96,1.06,-0.66
2025-08-10T22:26:00.000,1.21,323.31,0.97,-0.72
2025-08-10T22:27:00.000,1.19,323.69,0.96,-0.70
2025-08-10T22:28:00.000,1.27,311.79,0.85,-0.95
2025-08-10T22:29:00.000,1.19,316.56,0.86,-0.81
2025-08-10T22:30:00.000,1.15,317.04,0.85,-0.79
2025-08-10T22:31:00.000,1.17,320.51,0.90,-0.74
2025-08-10T22:32:00.000,1.17,319.17,0.88,-0.76
2025-08-10T22:33:00.000,1.17,317.97,0.87,-0.78
2025-08-10T22:34:00.000,1.20,318.70,0.90,-0.79
2025-08-10T22:35:00.000,1.22,314.28,0.85,-0.87
2025-08-10T22:36:00.000,1.25,310.60,0.81,-0.95
2025-08-10T22:37:00.000,1.37,290.51,0.48,-1.29
2025-08-10T22:38:00.000,1.96,268.76,-0.04,-1.95
2025-08-10T22:39:00.000,2.33,266.06,-0.16,-2.32
2025-08-10T22:40:00.000,1.62,277.38,0.21,-1.61
2025-08-10T22:41:00.000,1.39,289.91,0.47,-1.31
2025-08-10T22:42:00.000,1.39,292.06,0.52,-1.29
2025-08-10T22:43:00.000,1.23,302.82,0.67,-1.03
2025-08-10T22:44:00.000,1.51,314.11,1.05,-1.08
2025-08-10T22:45:00.000,1.22,310.38,0.79,-0.93
2025-08-10T22:46:00.000,1.23,309.43,0.78,-0.95
2025-08-10T22:47:00.000,1.33,290.78,0.47,-1.24
2025-08-10T22:48:00.000,3.36,252.80,-0.99,-3.21
2025-08-10T22:49:00.000,3.58,252.90,-1.05,-3.42
2025-08-10T22:50:00.000,2.21,263.49,-0.25,-2.20
2025-08-10T22:51:00.000,1.73,277.90,0.24,-1.71
2025-08-10T22:52:00.000,1.48,289.38,0.49,-1.40
2025-08-10T22:53:00.000,1.33,303.83,0.74,-1.10
2025-08-10T22:54:00.000,1.27,308.82,0.80,-0.99
2025-08-10T22:55:00.000,1.27,312.56,0.86,-0.93
2025-08-10T22:56:00.000,1.25,313.34,0.86,-0.91
2025-08-10T22:57:00.000,1.27,311.94,0.85,-0.94
2025-08-10T22:58:00.000,1.27,311.74,0.84,-0.94
2025-08-10T22:59:00.000,1.29,309.37,0.82,-1.00
2025-08-10T23:00:00.000,1.32,309.93,0.85,-1.01
2025-08-10T23:01:00.000,1.25,311.80,0.83,-0.93
2025-08-10T23:02:00.000,1.29,312.28,0.86,-0.95
2025-08-10T23:03:00.000,1.30,313.29,0.89,-0.94
2025-08-10T23:04:00.000,1.27,315.41,0.91,-0.89
2025-08-10T23:05:00.000,1.27,316.84,0.92,-0.87
2025-08-10T23:06:00.000,1.24,317.94,0.92,-0.83
2025-08-10T23:07:00.000,1.24,319.91,0.95,-0.80
2025-08-10T23:08:00.000,1.22,319.88,0.94,-0.79
2025-08-10T23:09:00.000,1.22,319.35,0.93,-0.79
2025-08-10T23:10:00.000,1.24,318.41,0.93,-0.82
2025-08-10T23:11:00.000,1.23,317.09,0.90,-0.84
2025-08-10T23:12:00.000,1.23,314.35,0.86,-0.88
2025-08-10T23:13:00.000,1.21,317.09,0.89,-0.82
2025-08-10T23:14:00.000,1.22,316.79,0.89,-0.84
2025-08-10T23:15:00.000,1.21,317.85,0.90,-0.81
2025-08-10T23:16:00.000,1.21,319.48,0.92,-0.79
2025-08-10T23:17:00.000,1.22,319.56,0.93,-0.79
2025-08-10T23:18:00.000,1.21,319.98,0.93,-0.78
2025-08-10T23:19:00.000,1.22,319.97,0.93,-0.78
2025-08-10T23:20:00.000,1.22,319.54,0.92,-0.79
2025-08-10T23:21:00.000,1.22,317.60,0.90,-0.82
2025-08-10T23:22:00.000,1.24,316.67,0.90,-0.85
2025-08-10T23:23:00.000,1.24,317.35,0.91,-0.84
2025-08-10T23:24:00.000,1.26,316.16,0.91,-0.87
2025-08-10T23:25:00.000,1.26,311.64,0.84,-0.94
2025-08-10T23:26:00.000,1.27,307.12,0.77,-1.01
2025-08-10T23:27:00.000,1.28,302.96,0.70,-1.07
2025-08-10T23:28:00.000,1.30,300.81,0.67,-1.12
2025-08-10T23:29:00.000,1.31,300.42,0.67,-1.13
2025-08-10T23:30:00.000,1.32,298.96,0.64,-1.15
2025-08-10T23:31:00.000,1.34,297.12,0.61,-1.19
2025-08-10T23:32:00.000,1.61,285.32,0.43,-1.55
2025-08-10T23:33:00.000,2.03,269.95,-0.00,-2.03
2025-08-10T23:34:00.000,1.93,274.89,0.16,-1.92
2025-08-10T23:35:00.000,1.85,271.77,0.06,-1.85
2025-08-10T23:36:00.000,2.22,269.27,-0.03,-2.22
2025-08-10T23:37:00.000,1.52,286.36,0.43,-1.46
2025-08-10T23:38:00.000,1.47,290.03,0.50,-1.38
2025-08-10T23:39:00.000,1.33,300.07,0.67,-1.15
2025-08-10T23:40:00.000,1.23,308.86,0.77,-0.96
2025-08-10T23:41:00.000,1.25,308.34,0.77,-0.98
2025-08-10T23:42:00.000,1.23,308.61,0.77,-0.96
2025-08-10T23:43:00.000,1.27,304.42,0.72,-1.05
2025-08-10T23:44:00.000,1.27,306.60,0.75,-1.02
2025-08-10T23:45:00.000,1.23,306.04,0.73,-1.00
2025-08-10T23:46:00.000,1.22,307.12,0.74,-0.97
2025-08-10T23:47:00.000,1.20,308.63,0.75,-0.94
2025-08-10T23:48:00.000,1.23,304.32,0.70,-1.02
2025-08-10T23:49:00.000,1.25,301.54,0.65,-1.06
2025-08-10T23:50:00.000,0.99,338.06,0.92,-0.37
2025-08-10T23:51:00.000,1.13,325.32,0.93,-0.64
2025-08-10T23:52:00.000,1.14,325.16,0.94,-0.65
2025-08-10T23:53:00.000,1.15,331.35,1.01,-0.55
2025-08-10T23:54:00.000,1.13,327.27,0.95,-0.61
2025-08-10T23:55:00.000,1.11,328.27,0.94,-0.58
2025-08-10T23:56:00.000,1.12,325.81,0.92,-0.63
2025-08-10T23:57:00.000,1.12,326.38,0.93,-0.62
2025-08-10T23:58:00.000,1.15,339.58,1.07,-0.40
2025-08-10T23:59:00.000,1.11,337.68,1.03,-0.42
2025-08-11T00:00:00.000,1.13,340.42,1.07,-0.38
2025-08-11T00:01:00.000,1.29,359.87,1.29,-0.00
2025-08-11T00:02:00.000,1.16,357.70,1.16,-0.05
2025-08-11T00:03:00.000,1.13,359.57,1.13,-0.01
2025-08-11T00:04:00.000,1.20,358.53,1.20,-0.03
2025-08-11T00:05:00.000,1.09,341.49,1.03,-0.35
2025-08-11T00:06:00.000,1.16,345.11,1.12,-0.30
2025-08-11T00:07:00.000,1.11,337.36,1.02,-0.43
2025-08-11T00:08:00.000,1.13,336.27,1.04,-0.46
2025-08-11T00:09:00.000,1.13,340.35,1.07,-0.38
2025-08-11T00:10:00.000,1.12,331.64,0.99,-0.53
2025-08-11T00:11:00.000,1.11,327.45,0.93,-0.60
2025-08-11T00:12:00.000,1.11,330.87,0.97,-0.54
2025-08-11T00:13:00.000,1.11,329.39,0.96,-0.57
2025-08-11T00:14:00.000,1.13,330.61,0.98,-0.55
2025-08-11T00:15:00.000,1.13,329.53,0.97,-0.57
2025-08-11T00:16:00.000,1.13,329.99,0.98,-0.57
2025-08-11T00:17:00.000,1.13,329.59,0.97,-0.57
2025-08-11T00:18:00.000,1.13,325.85,0.93,-0.63
2025-08-11T00:19:00.000,1.15,328.09,0.98,-0.61
2025-08-11T00:20:00.000,1.14,328.30,0.97,-0.60
2025-08-11T00:21:00.000,1.14,326.40,0.95,-0.63
2025-08-11T00:22:00.000,1.15,328.30,0.98,-0.60
2025-08-11T00:23:00.000,1.14,329.28,0.98,-0.58
2025-08-11T00:24:00.000,1.16,328.06,0.98,-0.61
2025-08-11T00:25:00.000,1.16,330.73,1.01,-0.57
2025-08-11T00:26:00.000,1.14,327.01,0.95,-0.62
2025-08-11T00:27:00.000,1.18,335.64,1.07,-0.49
2025-08-11T00:28:00.000,1.14,333.24,1.02,-0.51
2025-08-11T00:29:00.000,1.14,331.65,1.00,-0.54
2025-08-11T00:30:00.000,1.13,333.85,1.02,-0.50
2025-08-11T00:31:00.000,1.13,331.16,0.99,-0.55
2025-08-11T00:32:00.000,1.12,322.15,0.89,-0.69
2025-08-11T00:33:00.000,1.14,327.41,0.96,-0.61
2025-08-11T00:34:00.000,1.14,325.53,0.94,-0.65
2025-08-11T00:35:00.000,1.15,329.04,0.99,-0.59
2025-08-11T00:36:00.000,1.15,330.87,1.01,-0.56
2025-08-11T00:37:00.000,1.22,331.90,1.07,-0.57
2025-08-11T00:38:00.000,1.18,339.51,1.10,-0.41
2025-08-11T00:39:00.000,1.15,333.09,1.02,-0.52
2025-08-11T00:40:00.000,1.15,334.78,1.04,-0.49
2025-08-11T00:41:00.000,1.39,0.16,1.39,0.00
2025-08-11T00:42:00.000,1.25,352.56,1.24,-0.16
2025-08-11T00:43:00.000,1.20,344.03,1.15,-0.33
2025-08-11T00:44:00.000,1.22,352.26,1.21,-0.16
2025-08-11T00:45:00.000,1.19,341.09,1.13,-0.39
2025-08-11T00:46:00.000,1.25,349.33,1.23,-0.23
2025-08-11T00:47:00.000,1.36,359.20,1.36,-0.02
2025-08-11T00:48:00.000,1.37,1.16,1.37,0.03
2025-08-11T00:49:00.000,2.70,32.40,2.28,1.45
2025-08-11T00:50:00.000,1.60,12.70,1.56,0.35
2025-08-11T00:51:00.000,1.87,18.54,1.77,0.59
2025-08-11T00:52:00.000,1.56,11.61,1.53,0.31
2025-08-11T00:53:00.000,1.56,11.24,1.53,0.30
2025-08-11T00:54:00.000,1.56,5.94,1.55,0.16
2025-08-11T00:55:00.000,1.68,11.42,1.64,0.33
2025-08-11T00:56:00.000,1.77,18.74,1.68,0.57
2025-08-11T00:57:00.000,1.81,13.82,1.76,0.43
2025-08-11T00:58:00.000,1.58,13.03,1.54,0.36
2025-08-11T00:59:00.000,1.93,21.70,1.79,0.71
2025-08-11T01:00:00.000,1.70,12.22,1.66,0.36
2025-08-11T01:01:00.000,1.88,15.80,1.81,0.51
2025-08-11T01:02:00.000,1.46,4.60,1.46,0.12
2025-08-11T01:03:00.000,1.61,11.93,1.58,0.33
2025-08-11T01:04:00.000,1.50,7.41,1.48,0.19
2025-08-11T01:05:00.000,1.40,358.92,1.40,-0.03
2025-08-11T01:06:00.000,1.51,4.11,1.51,0.11
2025-08-11T01:07:00.000,1.62,7.61,1.61,0.22
2025-08-11T01:08:00.000,1.84,14.56,1.78,0.46
2025-08-11T01:09:00.000,1.53,10.03,1.51,0.27
2025-08-11T01:10:00.000,1.44,4.18,1.43,0.10
2025-08-11T01:11:00.000,1.74,13.11,1.70,0.40
2025-08-11T01:12:00.000,1.50,4.28,1.50,0.11
2025-08-11T01:13:00.000,1.56,7.21,1.55,0.20
2025-08-11T01:14:00.000,1.49,4.78,1.49,0.12
2025-08-11T01:15:00.000,1.50,4.75,1.49,0.12
2025-08-11T01:16:00.000,1.51,3.94,1.50,0.10
2025-08-11T01:17:00.000,1.62,11.46,1.59,0.32
2025-08-11T01:18:00.000,1.61,11.05,1.58,0.31
2025-08-11T01:19:00.000,1.55,10.09,1.52,0.27
2025-08-11T01:20:00.000,1.46,4.90,1.45,0.12
2025-08-11T01:21:00.000,1.52,14.28,1.47,0.37
2025-08-11T01:22:00.000,1.53,7.45,1.52,0.20
2025-08-11T01:23:00.000,1.44,357.38,1.44,-0.07
2025-08-11T01:24:00.000,1.34,350.81,1.33,-0.21
2025-08-11T01:25:00.000,1.34,349.90,1.32,-0.24
2025-08-11T01:26:00.000,1.30,347.56,1.27,-0.28
2025-08-11T01:27:00.000,1.33,349.42,1.31,-0.24
2025-08-11T01:28:00.000,1.33,350.25,1.31,-0.23
2025-08-11T01:29:00.000,1.37,355.92,1.36,-0.10
2025-08-11T01:30:00.000,1.51,4.56,1.50,0.12
2025-08-11T01:31:00.000,1.72,10.74,1.69,0.32
2025-08-11T01:32:00.000,1.60,9.92,1.58,0.28
2025-08-11T01:33:00.000,1.54,8.85,1.52,0.24
2025-08-11T01:34:00.000,1.53,7.30,1.52,0.19
2025-08-11T01:35:00.000,1.77,15.86,1.70,0.48
2025-08-11T01:36:00.000,1.92,17.74,1.83,0.59
2025-08-11T01:37:00.000,2.15,24.65,1.96,0.90
2025-08-11T01:38:00.000,4.56,44.04,3.28,3.17
2025-08-11T01:39:00.000,5.74,45.54,4.02,4.10
2025-08-11T01:40:00.000,5.95,47.42,4.03,4.38
2025-08-11T01:41:00.000,4.80,44.58,3.42,3.37
2025-08-11T01:42:00.000,4.35,49.86,2.80,3.32
2025-08-11T01:43:00.000,4.55,38.82,3.54,2.85
2025-08-11T01:44:00.000,2.66,36.11,2.15,1.57
2025-08-11T01:45:00.000,3.08,33.19,2.58,1.69
2025-08-11T01:46:00.000,2.61,27.52,2.32,1.21
2025-08-11T01:47:00.000,1.83,11.77,1.79,0.37
2025-08-11T01:48:00.000,2.12,21.80,1.97,0.79
2025-08-11T01:49:00.000,2.89,31.26,2.47,1.50
2025-08-11T01:50:00.000,3.14,36.21,2.54,1.86
2025-08-11T01:51:00.000,2.60,29.28,2.27,1.27
2025-08-11T01:52:00.000,1.90,17.38,1.82,0.57
2025-08-11T01:53:00.000,1.73,14.64,1.67,0.44
2025-08-11T01:54:00.000,1.64,12.60,1.61,0.36
2025-08-11T01:55:00.000,1.41,1.76,1.41,0.04
2025-08-11T01:56:00.000,1.40,357.78,1.40,-0.05
2025-08-11T01:57:00.000,1.44,0.23,1.44,0.01
2025-08-11T01:58:00.000,1.45,4.54,1.45,0.12
2025-08-11T01:59:00.000,1.51,1.56,1.51,0.04
2025-08-11T02:00:00.000,1.42,0.45,1.42,0.01
2025-08-11T02:01:00.000,1.58,13.20,1.54,0.36
2025-08-11T02:02:00.000,1.61,14.05,1.57,0.39
2025-08-11T02:03:00.000,1.55,6.83,1.54,0.18
2025-08-11T02:04:00.000,1.73,16.79,1.65,0.50
2025-08-11T02:05:00.000,1.74,12.29,1.70,0.37
2025-08-11T02:06:00.000,1.51,8.84,1.49,0.23
2025-08-11T02:07:00.000,1.51,10.56,1.48,0.28
2025-08-11T02:08:00.000,1.77,15.92,1.70,0.49
2025-08-11T02:09:00.000,1.54,8.13,1.52,0.22
2025-08-11T02:10:00.000,1.62,9.84,1.59,0.28
2025-08-11T02:11:00.000,1.70,18.08,1.61,0.53
2025-08-11T02:12:00.000,1.76,19.91,1.66,0.60
2025-08-11T02:13:00.000,1.89,6.06,1.88,0.20
2025-08-11T02:14:00.000,1.49,5.96,1.49,0.15
2025-08-11T02:15:00.000,1.46,7.94,1.44,0.20
2025-08-11T02:16:00.000,1.42,1.92,1.42,0.05
2025-08-11T02:17:00.000,1.32,355.05,1.31,-0.11
2025-08-11T02:18:00.000,1.31,355.98,1.31,-0.09
2025-08-11T02:19:00.000,1.37,356.84,1.37,-0.08
2025-08-11T02:20:00.000,1.31,353.66,1.31,-0.15
2025-08-11T02:21:00.000,1.38,358.92,1.38,-0.03
2025-08-11T02:22:00.000,1.44,3.26,1.43,0.08
2025-08-11T02:23:00.000,1.46,3.36,1.46,0.09
2025-08-11T02:24:00.000,1.49,6.70,1.48,0.17
2025-08-11T02:25:00.000,1.88,20.71,1.76,0.67
2025-08-11T02:26:00.000,1.61,12.39,1.57,0.35
2025-08-11T02:27:00.000,1.41,2.79,1.41,0.07
2025-08-11T02:28:00.000,1.34,359.21,1.34,-0.02
2025-08-11T02:29:00.000,1.33,355.33,1.33,-0.11
2025-08-11T02:30:00.000,1.36,358.58,1.36,-0.03
2025-08-11T02:31:00.000,1.41,0.21,1.41,0.01
2025-08-11T02:32:00.000,1.42,0.49,1.42,0.01
2025-08-11T02:33:00.000,1.56,7.64,1.55,0.21
2025-08-11T02:34:00.000,1.64,11.23,1.61,0.32
2025-08-11T02:35:00.000,1.43,3.12,1.43,0.08
2025-08-11T02:36:00.000,1.56,12.04,1.53,0.33
2025-08-11T02:37:00.000,1.50,5.45,1.49,0.14
2025-08-11T02:38:00.000,1.46,3.31,1.46,0.08
2025-08-11T02:39:00.000,1.41,5.52,1.40,0.14
2025-08-11T02:40:00.000,1.37,0.17,1.37,0.00
2025-08-11T02:41:00.000,1.36,354.92,1.35,-0.12
2025-08-11T02:42:00.000,1.41,359.91,1.41,-0.00
2025-08-11T02:43:00.000,1.55,8.29,1.54,0.22
2025-08-11T02:44:00.000,1.75,15.18,1.69,0.46
2025-08-11T02:45:00.000,2.27,23.21,2.09,0.90
2025-08-11T02:46:00.000,3.51,36.42,2.82,2.08
2025-08-11T02:47:00.000,3.47,36.25,2.80,2.05
2025-08-11T02:48:00.000,2.26,26.53,2.02,1.01
2025-08-11T02:49:00.000,2.25,22.89,2.08,0.88
2025-08-11T02:50:00.000,1.62,9.13,1.60,0.26
2025-08-11T02:51:00.000,1.98,18.06,1.88,0.61
2025-08-11T02:52:00.000,1.46,0.01,1.46,0.00
2025-08-11T02:53:00.000,1.52,1.37,1.52,0.04
2025-08-11T02:54:00.000,1.72,10.21,1.69,0.30
2025-08-11T02:55:00.000,1.80,15.10,1.74,0.47
2025-08-11T02:56:00.000,1.67,14.24,1.62,0.41
2025-08-11T02:57:00.000,1.97,19.39,1.86,0.65
2025-08-11T02:58:00.000,2.16,25.98,1.95,0.95
2025-08-11T02:59:00.000,4.44,38.77,3.46,2.78
2025-08-11T03:00:00.000,1.46,7.65,1.44,0.19
2025-08-11T03:01:00.000,1.32,356.31,1.31,-0.08
2025-08-11T03:02:00.000,1.29,356.21,1.28,-0.09
2025-08-11T03:03:00.000,1.30,355.29,1.30,-0.11
2025-08-11T03:04:00.000,1.32,356.23,1.31,-0.09
2025-08-11T03:05:00.000,1.30,356.50,1.30,-0.08
2025-08-11T03:06:00.000,1.33,357.91,1.33,-0.05
2025-08-11T03:07:00.000,1.37,0.49,1.37,0.01
2025-08-11T03:08:00.000,1.38,0.12,1.38,0.00
2025-08-11T03:09:00.000,1.55,7.71,1.54,0.21
2025-08-11T03:10:00.000,1.61,13.29,1.57,0.37
2025-08-11T03:11:00.000,1.40,1.76,1.40,0.04
2025-08-11T03:12:00.000,1.38,3.29,1.38,0.08
2025-08-11T03:13:00.000,1.32,357.07,1.32,-0.07
2025-08-11T03:14:00.000,1.30,354.28,1.29,-0.13
2025-08-11T03:15:00.000,1.27,353.33,1.26,-0.15
2025-08-11T03:16:00.000,1.27,352.82,1.26,-0.16
2025-08-11T03:17:00.000,1.32,356.46,1.32,-0.08
2025-08-11T03:18:00.000,1.33,357.44,1.33,-0.06
2025-08-11T03:19:00.000,1.32,356.71,1.32,-0.08
2025-08-11T03:20:00.000,1.38,359.51,1.38,-0.01
2025-08-11T03:21:00.000,1.43,2.24,1.43,0.06
2025-08-11T03:22:00.000,1.36,357.81,1.36,-0.05
2025-08-11T03:23:00.000,1.35,357.85,1.35,-0.05
2025-08-11T03:24:00.000,1.31,355.59,1.30,-0.10
2025-08-11T03:25:00.000,1.31,353.73,1.30,-0.14
2025-08-11T03:26:00.000,1.31,356.18,1.31,-0.09
2025-08-11T03:27:00.000,1.31,356.11,1.31,-0.09
2025-08-11T03:28:00.000,1.31,357.25,1.30,-0.06
2025-08-11T03:29:00.000,1.33,358.58,1.33,-0.03
2025-08-11T03:30:00.000,1.39,359.97,1.39,-0.00
2025-08-11T03:31:00.000,1.54,5.84,1.54,0.16
2025-08-11T03:32:00.000,1.54,4.22,1.53,0.11
2025-08-11T03:33:00.000,1.40,2.23,1.40,0.05
2025-08-11T03:34:00.000,1.38,1.61,1.38,0.04
2025-08-11T03:35:00.000,1.38,1.22,1.38,0.03
2025-08-11T03:36:00.000,1.34,357.58,1.34,-0.06
2025-08-11T03:37:00.000,1.32,356.99,1.32,-0.07
2025-08-11T03:38:00.000,1.35,357.99,1.34,-0.05
2025-08-11T03:39:00.000,1.36,357.78,1.36,-0.05
2025-08-11T03:40:00.000,1.47,1.64,1.47,0.04
2025-08-11T03:41:00.000,1.51,6.63,1.50,0.17
2025-08-11T03:42:00.000,1.59,6.94,1.57,0.19
2025-08-11T03:43:00.000,1.57,6.09,1.56,0.17
2025-08-11T03:44:00.000,1.58,6.89,1.57,0.19
2025-08-11T03:45:00.000,1.44,6.07,1.44,0.15
2025-08-11T03:46:00.000,1.38,4.30,1.38,0.10
2025-08-11T03:47:00.000,1.33,358.41,1.33,-0.04
2025-08-11T03:48:00.000,1.31,356.91,1.31,-0.07
2025-08-11T03:49:00.000,1.42,4.73,1.41,0.12
2025-08-11T03:50:00.000,1.35,357.61,1.35,-0.06
2025-08-11T03:51:00.000,1.37,359.65,1.37,-0.01
2025-08-11T03:52:00.000,1.54,6.37,1.53,0.17
2025-08-11T03:53:00.000,1.45,4.77,1.44,0.12
2025-08-11T03:54:00.000,1.37,0.74,1.37,0.02
2025-08-11T03:55:00.000,1.38,2.05,1.38,0.05
2025-08-11T03:56:00.000,1.27,356.51,1.27,-0.08
2025-08-11T03:57:00.000,1.33,358.30,1.33,-0.04
2025-08-11T03:58:00.000,1.38,359.40,1.38,-0.01
2025-08-11T03:59:00.000,1.35,1.59,1.35,0.04
2025-08-11T04:00:00.000,1.32,359.28,1.32,-0.02
2025-08-11T04:01:00.000,1.32,357.60,1.32,-0.06
2025-08-11T04:02:00.000,1.40,359.08,1.40,-0.02
2025-08-11T04:03:00.000,1.51,4.45,1.51,0.12
2025-08-11T04:04:00.000,1.48,5.69,1.48,0.15
2025-08-11T04:05:00.000,1.42,7.72,1.41,0.19
2025-08-11T04:06:00.000,1.63,12.10,1.59,0.34
2025-08-11T04:07:00.000,1.40,2.01,1.40,0.05
2025-08-11T04:08:00.000,1.35,0.75,1.35,0.02
2025-08-11T04:09:00.000,1.29,355.13,1.29,-0.11
2025-08-11T04:10:00.000,1.56,8.19,1.54,0.22
2025-08-11T04:11:00.000,1.25,4.04,1.24,0.09
2025-08-11T04:12:00.000,1.26,358.78,1.26,-0.03
2025-08-11T04:13:00.000,1.52,8.24,1.51,0.22
2025-08-11T04:14:00.000,1.41,1.99,1.40,0.05
2025-08-11T04:15:00.000,1.69,10.31,1.66,0.30
2025-08-11T04:16:00.000,1.48,4.40,1.47,0.11
2025-08-11T04:17:00.000,1.52,2.88,1.52,0.08
2025-08-11T04:18:00.000,1.46,2.35,1.46,0.06
2025-08-11T04:19:00.000,1.35,357.34,1.35,-0.06
2025-08-11T04:20:00.000,1.24,354.91,1.24,-0.11
2025-08-11T04:21:00.000,1.29,356.66,1.29,-0.08
2025-08-11T04:22:00.000,1.27,350.64,1.26,-0.21
2025-08-11T04:23:00.000,1.27,353.36,1.26,-0.15
2025-08-11T04:24:00.000,1.39,357.74,1.39,-0.05
2025-08-11T04:25:00.000,1.46,359.00,1.46,-0.03
2025-08-11T04:26:00.000,1.78,8.74,1.76,0.27
2025-08-11T04:27:00.000,1.68,7.34,1.67,0.21
2025-08-11T04:28:00.000,1.33,353.01,1.32,-0.16
2025-08-11T04:29:00.000,1.29,350.11,1.27,-0.22
2025-08-11T04:30:00.000,1.32,347.22,1.29,-0.29
2025-08-11T04:31:00.000,1.18,343.72,1.14,-0.33
2025-08-11T04:32:00.000,1.26,340.28,1.18,-0.42
2025-08-11T04:33:00.000,1.15,331.93,1.02,-0.54
2025-08-11T04:34:00.000,1.17,339.77,1.10,-0.41
2025-08-11T04:35:00.000,1.31,345.39,1.27,-0.33
2025-08-11T04:36:00.000,1.29,347.93,1.26,-0.27
2025-08-11T04:37:00.000,1.38,347.06,1.35,-0.31
2025-08-11T04:38:00.000,1.50,347.96,1.47,-0.31
2025-08-11T04:39:00.000,1.20,335.77,1.10,-0.49
2025-08-11T04:40:00.000,1.23,329.33,1.06,-0.63
2025-08-11T04:41:00.000,1.30,320.82,1.01,-0.82
2025-08-11T04:42:00.000,1.14,307.73,0.70,-0.90
2025-08-11T04:43:00.000,1.27,305.62,0.74,-1.03
2025-08-11T04:44:00.000,1.22,319.54,0.93,-0.79
2025-08-11T04:45:00.000,1.11,330.51,0.96,-0.55
2025-08-11T04:46:00.000,1.28,334.81,1.16,-0.54
2025-08-11T04:47:00.000,1.20,335.84,1.10,-0.49
2025-08-11T04:48:00.000,1.17,335.79,1.07,-0.48
2025-08-11T04:49:00.000,1.22,334.56,1.10,-0.52
2025-08-11T04:50:00.000,1.19,333.38,1.07,-0.53
2025-08-11T04:51:00.000,1.15,325.68,0.95,-0.65
2025-08-11T04:52:00.000,1.25,308.20,0.77,-0.98
2025-08-11T04:53:00.000,1.21,296.64,0.54,-1.08
2025-08-11T04:54:00.000,1.39,285.93,0.38,-1.33
2025-08-11T04:55:00.000,1.25,314.91,0.88,-0.89
2025-08-11T04:56:00.000,1.23,295.83,0.54,-1.11
2025-08-11T04:57:00.000,1.20,313.14,0.82,-0.87
2025-08-11T04:58:00.000,1.11,319.80,0.85,-0.72
2025-08-11T04:59:00.000,1.09,312.32,0.73,-0.80
2025-08-11T05:00:00.000,1.09,313.95,0.76,-0.78
2025-08-11T05:01:00.000,1.15,311.57,0.76,-0.86
2025-08-11T05:02:00.000,1.12,305.07,0.64,-0.92
2025-08-11T05:03:00.000,1.24,283.19,0.28,-1.20
2025-08-11T05:04:00.000,1.37,275.72,0.14,-1.36
2025-08-11T05:05:00.000,1.10,298.12,0.52,-0.97
2025-08-11T05:06:00.000,1.09,309.38,0.69,-0.84
2025-08-11T05:07:00.000,1.12,315.47,0.80,-0.79
2025-08-11T05:08:00.000,1.12,318.09,0.83,-0.75
2025-08-11T05:09:00.000,1.12,311.53,0.74,-0.84
2025-08-11T05:10:00.000,1.15,312.32,0.77,-0.85
2025-08-11T05:11:00.000,1.12,319.60,0.85,-0.73
2025-08-11T05:12:00.000,1.16,313.12,0.79,-0.84
2025-08-11T05:13:00.000,1.19,301.17,0.61,-1.02
2025-08-11T05:14:00.000,1.18,297.22,0.54,-1.05
2025-08-11T05:15:00.000,1.18,297.33,0.54,-1.04
2025-08-11T05:16:00.000,1.16,304.55,0.66,-0.95
2025-08-11T05:17:00.000,1.10,310.32,0.71,-0.84
2025-08-11T05:18:00.000,1.10,318.27,0.82,-0.73
2025-08-11T05:19:00.000,1.12,318.64,0.84,-0.74
2025-08-11T05:20:00.000,1.18,326.08,0.98,-0.66
2025-08-11T05:21:00.000,1.17,321.99,0.92,-0.72
2025-08-11T05:22:00.000,1.19,318.83,0.90,-0.78
2025-08-11T05:23:00.000,1.16,315.38,0.82,-0.81
2025-08-11T05:24:00.000,1.13,317.75,0.84,-0.76
2025-08-11T05:25:00.000,1.14,317.80,0.84,-0.77
2025-08-11T05:26:00.000,1.20,308.72,0.75,-0.94
2025-08-11T05:27:00.000,1.18,305.27,0.68,-0.96
2025-08-11T05:28:00.000,1.13,313.50,0.78,-0.82
2025-08-11T05:29:00.000,1.12,316.34,0.81,-0.78
2025-08-11T05:30:00.000,1.15,320.31,0.88,-0.73
2025-08-11T05:31:00.000,1.15,323.96,0.93,-0.68
2025-08-11T05:32:00.000,1.16,323.87,0.93,-0.68
2025-08-11T05:33:00.000,1.17,317.21,0.86,-0.79
2025-08-11T05:34:00.000,1.21,307.43,0.74,-0.96
2025-08-11T05:35:00.000,1.15,315.62,0.82,-0.81
2025-08-11T05:36:00.000,1.17,308.97,0.73,-0.91
2025-08-11T05:37:00.000,1.14,319.66,0.87,-0.74
2025-08-11T05:38:00.000,1.14,325.46,0.93,-0.64
2025-08-11T05:39:00.000,1.15,329.34,0.99,-0.59
2025-08-11T05:40:00.000,1.17,329.99,1.01,-0.58
2025-08-11T05:41:00.000,1.18,328.33,1.00,-0.62
2025-08-11T05:42:00.000,1.21,330.84,1.05,-0.59
2025-08-11T05:43:00.000,1.16,332.06,1.03,-0.54
2025-08-11T05:44:00.000,1.17,330.69,1.02,-0.57
2025-08-11T05:45:00.000,1.16,328.32,0.99,-0.61
2025-08-11T05:46:00.000,1.15,329.52,0.99,-0.58
2025-08-11T05:47:00.000,1.15,323.77,0.93,-0.68
2025-08-11T05:48:00.000,1.17,329.77,1.02,-0.59
2025-08-11T05:49:00.000,1.15,330.45,1.00,-0.57
2025-08-11T05:50:00.000,1.21,333.85,1.09,-0.54
2025-08-11T05:51:00.000,1.24,333.07,1.10,-0.56
2025-08-11T05:52:00.000,1.22,332.82,1.09,-0.56
2025-08-11T05:53:00.000,1.21,332.21,1.07,-0.56
2025-08-11T05:54:00.000,1.19,331.05,1.04,-0.57
2025-08-11T05:55:00.000,1.19,332.30,1.05,-0.55
2025-08-11T05:56:00.000,1.19,331.87,1.05,-0.56
2025-08-11T05:57:00.000,1.15,328.21,0.97,-0.60
2025-08-11T05:58:00.000,1.15,324.78,0.94,-0.67
2025-08-11T05:59:00.000,1.16,307.29,0.70,-0.92
2025-08-11T06:00:00.000,1.30,294.23,0.53,-1.19
2025-08-11T06:01:00.000,1.33,329.55,1.15,-0.68
2025-08-11T06:02:00.000,1.29,336.66,1.18,-0.51
2025-08-11T06:03:00.000,1.23,336.88,1.13,-0.48
2025-08-11T06:04:00.000,1.23,332.10,1.09,-0.58
2025-08-11T06:05:00.000,1.20,333.26,1.07,-0.54
2025-08-11T06:06:00.000,1.17,329.28,1.00,-0.60
2025-08-11T06:07:00.000,1.15,327.08,0.97,-0.63
2025-08-11T06:08:00.000,1.21,316.60,0.88,-0.83
2025-08-11T06:09:00.000,1.19,320.24,0.91,-0.76
2025-08-11T06:10:00.000,1.23,319.43,0.93,-0.80
2025-08-11T06:11:00.000,1.26,322.31,1.00,-0.77
2025-08-11T06:12:00.000,1.25,324.30,1.02,-0.73
2025-08-11T06:13:00.000,1.21,330.73,1.06,-0.59
2025-08-11T06:14:00.000,1.20,331.42,1.05,-0.57
2025-08-11T06:15:00.000,1.21,329.97,1.05,-0.61
2025-08-11T06:16:00.000,1.21,331.56,1.06,-0.58
2025-08-11T06:17:00.000,1.22,326.89,1.02,-0.67
2025-08-11T06:18:00.000,1.28,316.70,0.93,-0.88
2025-08-11T06:19:00.000,1.19,320.49,0.92,-0.76
2025-08-11T06:20:00.000,1.18,318.31,0.88,-0.79
2025-08-11T06:21:00.000,1.29,306.08,0.76,-1.04
2025-08-11T06:22:00.000,1.26,315.32,0.90,-0.89
2025-08-11T06:23:00.000,1.18,322.12,0.93,-0.73
2025-08-11T06:24:00.000,1.21,334.50,1.09,-0.52
2025-08-11T06:25:00.000,1.22,332.57,1.08,-0.56
2025-08-11T06:26:00.000,1.17,332.57,1.04,-0.54
2025-08-11T06:27:00.000,1.24,327.41,1.04,-0.67
2025-08-11T06:28:00.000,1.23,332.62,1.09,-0.56
2025-08-11T06:29:00.000,1.18,328.32,1.00,-0.62
2025-08-11T06:30:00.000,1.20,321.85,0.94,-0.74
2025-08-11T06:31:00.000,1.25,318.38,0.93,-0.83
2025-08-11T06:32:00.000,1.17,324.00,0.94,-0.69
2025-08-11T06:33:00.000,1.15,321.83,0.91,-0.71
2025-08-11T06:34:00.000,1.27,314.50,0.89,-0.90
2025-08-11T06:35:00.000,1.31,306.33,0.78,-1.06
2025-08-11T06:36:00.000,1.19,329.87,1.03,-0.60
2025-08-11T06:37:00.000,1.19,331.28,1.04,-0.57
2025-08-11T06:38:00.000,1.24,329.91,1.07,-0.62
2025-08-11T06:39:00.000,1.22,329.29,1.05,-0.62
2025-08-11T06:40:00.000,1.22,324.30,0.99,-0.71
2025-08-11T06:41:00.000,1.28,313.09,0.87,-0.93
2025-08-11T06:42:00.000,1.17,328.00,1.00,-0.62
2025-08-11T06:43:00.000,1.19,323.35,0.95,-0.71
2025-08-11T06:44:00.000,1.30,310.23,0.84,-1.00
2025-08-11T06:45:00.000,1.23,318.84,0.92,-0.81
2025-08-11T06:46:00.000,1.24,331.02,1.08,-0.60
2025-08-11T06:47:00.000,1.25,330.12,1.09,-0.62
2025-08-11T06:48:00.000,1.23,331.13,1.07,-0.59
2025-08-11T06:49:00.000,1.24,331.86,1.09,-0.58
2025-08-11T06:50:00.000,1.24,330.51,1.08,-0.61
2025-08-11T06:51:00.000,1.26,325.13,1.03,-0.72
2025-08-11T06:52:00.000,1.25,313.38,0.86,-0.91
2025-08-11T06:53:00.000,1.23,320.11,0.94,-0.79
2025-08-11T06:54:00.000,1.22,318.69,0.91,-0.80
2025-08-11T06:55:00.000,1.19,326.85,1.00,-0.65
2025-08-11T06:56:00.000,1.20,329.18,1.03,-0.61
2025-08-11T06:57:00.000,1.21,327.78,1.03,-0.65
2025-08-11T06:58:00.000,1.22,324.86,1.00,-0.70
2025-08-11T06:59:00.000,1.21,328.79,1.04,-0.63
2025-08-11T07:00:00.000,1.20,327.07,1.01,-0.65
2025-08-11T07:01:00.000,1.27,320.53,0.98,-0.81
2025-08-11T07:02:00.000,1.18,327.09,0.99,-0.64
2025-08-11T07:03:00.000,1.24,322.92,0.99,-0.75
2025-08-11T07:04:00.000,1.19,326.00,0.99,-0.67
2025-08-11T07:05:00.000,1.22,321.51,0.95,-0.76
2025-08-11T07:06:00.000,1.23,318.98,0.93,-0.81
2025-08-11T07:07:00.000,1.23,323.81,0.99,-0.73
2025-08-11T07:08:00.000,1.23,325.45,1.01,-0.69
2025-08-11T07:09:00.000,1.22,325.02,1.00,-0.70
2025-08-11T07:10:00.000,1.23,326.71,1.03,-0.68
2025-08-11T07:11:00.000,1.25,327.70,1.06,-0.67
2025-08-11T07:12:00.000,1.26,327.30,1.06,-0.68
2025-08-11T07:13:00.000,1.29,319.94,0.99,-0.83
2025-08-11T07:14:00.000,1.25,323.39,1.01,-0.75
2025-08-11T07:15:00.000,1.24,320.93,0.97,-0.78
2025-08-11T07:16:00.000,1.24,321.39,0.97,-0.77
2025-08-11T07:17:00.000,1.33,319.37,1.01,-0.86
2025-08-11T07:18:00.000,1.27,317.47,0.93,-0.86
2025-08-11T07:19:00.000,1.22,324.26,0.99,-0.71
2025-08-11T07:20:00.000,1.22,329.75,1.05,-0.61
2025-08-11T07:21:00.000,1.24,327.07,1.04,-0.67
2025-08-11T07:22:00.000,1.37,314.77,0.97,-0.97
2025-08-11T07:23:00.000,1.38,313.86,0.95,-0.99
2025-08-11T07:24:00.000,1.31,316.15,0.94,-0.90
2025-08-11T07:25:00.000,1.25,313.19,0.86,-0.91
2025-08-11T07:26:00.000,1.25,316.66,0.91,-0.86
2025-08-11T07:27:00.000,1.26,317.29,0.93,-0.85
2025-08-11T07:28:00.000,1.27,323.53,1.02,-0.76
2025-08-11T07:29:00.000,1.31,319.19,0.99,-0.86
2025-08-11T07:30:00.000,1.28,324.69,1.05,-0.74
2025-08-11T07:31:00.000,1.27,325.73,1.05,-0.71
2025-08-11T07:32:00.000,1.26,327.34,1.06,-0.68
2025-08-11T07:33:00.000,1.25,326.88,1.05,-0.68
2025-08-11T07:34:00.000,1.24,328.03,1.05,-0.66
2025-08-11T07:35:00.000,1.22,329.55,1.05,-0.62
2025-08-11T07:36:00.000,1.23,323.80,0.99,-0.73
2025-08-11T07:37:00.000,1.25,317.68,0.92,-0.84
2025-08-11T07:38:00.000,1.22,322.32,0.97,-0.75
2025-08-11T07:39:00.000,1.24,316.17,0.90,-0.86
2025-08-11T07:40:00.000,1.22,323.09,0.98,-0.74
2025-08-11T07:41:00.000,1.26,323.68,1.01,-0.74
2025-08-11T07:42:00.000,1.23,327.69,1.04,-0.66
2025-08-11T07:43:00.000,1.24,328.06,1.05,-0.66
2025-08-11T07:44:00.000,1.26,327.63,1.06,-0.67
2025-08-11T07:45:00.000,1.23,329.61,1.06,-0.62
2025-08-11T07:46:00.000,1.23,329.51,1.06,-0.63
2025-08-11T07:47:00.000,1.24,327.38,1.05,-0.67
2025-08-11T07:48:00.000,1.25,325.38,1.03,-0.71
2025-08-11T07:49:00.000,1.24,326.30,1.03,-0.69
2025-08-11T07:50:00.000,1.24,327.41,1.05,-0.67
2025-08-11T07:51:00.000,1.23,329.13,1.06,-0.63
2025-08-11T07:52:00.000,1.22,330.83,1.07,-0.59
2025-08-11T07:53:00.000,1.24,331.82,1.09,-0.58
2025-08-11T07:54:00.000,1.24,330.45,1.08,-0.61
2025-08-11T07:55:00.000,1.26,332.05,1.11,-0.59
2025-08-11T07:56:00.000,1.52,330.60,1.33,-0.75
2025-08-11T07:57:00.000,2.00,327.58,1.69,-1.07
2025-08-11T07:58:00.000,5.54,319.39,4.21,-3.61
2025-08-11T07:59:00.000,9.85,316.00,7.08,-6.84
2025-08-11T08:00:00.000,12.97,313.71,8.96,-9.37
2025-08-11T08:01:00.000,15.56,314.24,10.85,-11.14
2025-08-11T08:02:00.000,18.04,314.12,12.56,-12.95
2025-08-11T08:03:00.000,19.72,315.09,13.97,-13.92
2025-08-11T08:04:00.000,21.06,316.10,15.17,-14.60
2025-08-11T08:05:00.000,22.62,314.92,15.97,-16.02
2025-08-11T08:06:00.000,24.28,315.43,17.29,-17.04
2025-08-11T08:07:00.000,25.27,316.56,18.35,-17.37
2025-08-11T08:08:00.000,26.25,316.90,19.17,-17.93
2025-08-11T08:09:00.000,27.27,315.21,19.36,-19.21
2025-08-11T08:10:00.000,28.36,312.08,19.01,-21.05
2025-08-11T08:11:00.000,27.20,325.32,22.36,-15.47
2025-08-11T08:12:00.000,30.71,188.26,-30.39,-4.41
2025-08-11T08:13:00.000,32.14,148.03,-27.26,17.02
2025-08-11T08:14:00.000,34.19,146.50,-28.51,18.87
2025-08-11T08:15:00.000,35.51,140.14,-27.26,22.76
2025-08-11T08:16:00.000,37.73,142.03,-29.74,23.22
2025-08-11T08:17:00.000,41.21,146.55,-34.39,22.72
2025-08-11T08:18:00.000,44.24,146.96,-37.09,24.12
2025-08-11T08:19:00.000,47.66,147.57,-40.23,25.56
2025-08-11T08:20:00.000,52.44,152.26,-46.41,24.41
2025-08-11T08:21:00.000,59.03,155.31,-53.63,24.66
2025-08-11T08:22:00.000,67.80,161.58,-64.32,21.43
2025-08-11T08:23:00.000,76.36,167.10,-74.43,17.04
2025-08-11T08:24:00.000,86.29,161.95,-82.04,26.74
2025-08-11T08:25:00.000,99.80,161.73,-94.77,31.29
2025-08-11T08:26:00.000,111.75,165.06,-107.97,28.81
2025-08-11T08:27:00.000,126.40,163.56,-121.23,35.77
2025-08-11T08:28:00.000,152.69,162.03,-145.24,47.11
2025-08-11T08:29:00.000,173.59,145.64,-143.29,97.99
2025-08-11T08:30:00.000,193.78,139.39,-147.11,126.14
2025-08-11T08:31:00.000,203.15,143.13,-162.52,121.90
2025-08-11T08:32:00.000,204.89,144.51,-166.83,118.95
2025-08-11T08:33:00.000,205.05,144.54,-167.03,118.95
2025-08-11T08:34:00.000,205.08,144.56,-167.09,118.90
2025-08-11T08:35:00.000,205.15,144.61,-167.24,118.81
2025-08-11T08:36:00.000,205.23,144.51,-167.10,119.15
2025-08-11T08:37:00.000,205.32,144.46,-167.08,119.34
2025-08-11T08:38:00.000,205.46,144.52,-167.30,119.26
2025-08-11T08:39:00.000,205.39,144.53,-167.27,119.20
2025-08-11T08:40:00.000,205.48,144.49,-167.26,119.35
2025-08-11T08:41:00.000,205.53,144.47,-167.27,119.42
2025-08-11T08:42:00.000,205.45,144.45,-167.16,119.45
2025-08-11T08:43:00.000,205.45,144.48,-167.22,119.37
2025-08-11T08:44:00.000,205.43,144.49,-167.23,119.32
2025-08-11T08:45:00.000,205.49,144.48,-167.26,119.38
2025-08-11T08:46:00.000,205.54,144.50,-167.34,119.35
2025-08-11T08:47:00.000,205.57,144.49,-167.34,119.41
2025-08-11T08:48:00.000,205.59,144.49,-167.35,119.43
2025-08-11T08:49:00.000,205.56,144.47,-167.27,119.47
2025-08-11T08:50:00.000,205.60,144.47,-167.32,119.47
2025-08-11T08:51:00.000,205.66,144.50,-167.43,119.43
2025-08-11T08:52:00.000,205.64,144.49,-167.40,119.44
2025-08-11T08:53:00.000,205.67,144.42,-167.27,119.67
2025-08-11T08:54:00.000,205.63,144.47,-167.35,119.49
2025-08-11T08:55:00.000,205.73,144.49,-167.47,119.49
2025-08-11T08:56:00.000,205.70,144.49,-167.44,119.48
2025-08-11T08:57:00.000,205.66,144.49,-167.41,119.45
2025-08-11T08:58:00.000,205.65,144.49,-167.40,119.46
2025-08-11T08:59:00.000,205.67,144.48,-167.40,119.49
2025-08-11T09:00:00.000,205.73,144.50,-167.48,119.48
2025-08-11T09:01:00.000,205.70,144.49,-167.44,119.49
2025-08-11T09:02:00.000,205.72,144.49,-167.46,119.50
2025-08-11T09:03:00.000,205.65,144.47,-167.35,119.53
2025-08-11T09:04:00.000,205.68,144.48,-167.41,119.50
2025-08-11T09:05:00.000,205.72,144.50,-167.48,119.45
2025-08-11T09:06:00.000,205.67,144.46,-167.36,119.54
2025-08-11T09:07:00.000,205.67,144.48,-167.40,119.49
2025-08-11T09:08:00.000,205.65,144.50,-167.43,119.42
2025-08-11T09:09:00.000,205.70,144.49,-167.45,119.47
2025-08-11T09:10:00.000,205.68,144.47,-167.39,119.52
2025-08-11T09:11:00.000,205.74,144.49,-167.47,119.51
2025-08-11T09:12:00.000,205.75,144.49,-167.49,119.49
2025-08-11T09:13:00.000,205.75,144.48,-167.45,119.55
2025-08-11T09:14:00.000,205.72,144.48,-167.44,119.53
2025-08-11T09:15:00.000,205.74,144.48,-167.45,119.53
2025-08-11T09:16:00.000,205.70,144.48,-167.43,119.51
2025-08-11T09:17:00.000,205.77,144.50,-167.52,119.49
2025-08-11T09:18:00.000,205.73,144.48,-167.44,119.53
2025-08-11T09:19:00.000,205.72,144.47,-167.42,119.54
2025-08-11T09:20:00.000,205.76,144.48,-167.46,119.55
2025-08-11T09:21:00.000,205.84,144.48,-167.53,119.59
2025-08-11T09:22:00.000,205.76,144.47,-167.46,119.56
2025-08-11T09:23:00.000,205.92,144.47,-167.58,119.67
2025-08-11T09:24:00.000,205.92,144.45,-167.54,119.72
2025-08-11T09:25:00.000,205.94,144.46,-167.57,119.72
2025-08-11T09:26:00.000,206.00,144.42,-167.54,119.86
2025-08-11T09:27:00.000,206.02,144.41,-167.54,119.89
2025-08-11T09:28:00.000,206.10,144.44,-167.67,119.85
2025-08-11T09:29:00.000,206.09,144.44,-167.66,119.86
2025-08-11T09:30:00.000,206.14,144.45,-167.72,119.84
2025-08-11T09:31:00.000,206.10,144.44,-167.67,119.85
2025-08-11T09:32:00.000,206.11,144.45,-167.69,119.84
2025-08-11T09:33:00.000,206.20,144.36,-167.58,120.15
2025-08-11T09:34:00.000,206.32,144.37,-167.69,120.19
2025-08-11T09:35:00.000,206.37,144.42,-167.85,120.07
2025-08-11T09:36:00.000,206.39,144.41,-167.83,120.12
2025-08-11T09:37:00.000,206.41,144.41,-167.84,120.14
2025-08-11T09:38:00.000,206.57,144.33,-167.81,120.45
2025-08-11T09:39:00.000,206.68,144.32,-167.89,120.55
2025-08-11T09:40:00.000,206.76,144.32,-167.94,120.61
2025-08-11T09:41:00.000,206.93,144.30,-168.06,120.74
2025-08-11T09:42:00.000,207.02,144.25,-168.02,120.94
2025-08-11T09:43:00.000,207.05,144.25,-168.04,120.96
2025-08-11T09:44:00.000,207.17,144.20,-168.03,121.17
2025-08-11T09:45:00.000,207.27,144.14,-167.98,121.42
2025-08-11T09:46:00.000,207.33,144.16,-168.06,121.41
2025-08-11T09:47:00.000,207.33,144.13,-168.01,121.49
2025-08-11T09:48:00.000,207.48,144.15,-168.18,121.51
2025-08-11T09:49:00.000,207.49,144.12,-168.13,121.60
2025-08-11T09:50:00.000,207.59,144.10,-168.17,121.71
2025-08-11T09:51:00.000,207.63,144.09,-168.17,121.77
2025-08-11T09:52:00.000,207.68,144.08,-168.19,121.83
2025-08-11T09:53:00.000,207.74,144.10,-168.28,121.81
2025-08-11T09:54:00.000,207.80,144.12,-168.36,121.80
2025-08-11T09:55:00.000,207.83,144.12,-168.39,121.81
2025-08-11T09:56:00.000,207.88,144.09,-168.38,121.91
2025-08-11T09:57:00.000,207.96,144.09,-168.44,121.96
2025-08-11T09:58:00.000,207.97,144.11,-168.48,121.93
2025-08-11T09:59:00.000,207.94,144.08,-168.40,121.98
2025-08-11T10:00:00.000,208.08,144.09,-168.54,122.03
2025-08-11T10:01:00.000,208.12,144.08,-168.55,122.10
2025-08-11T10:02:00.000,208.11,144.01,-168.38,122.31
2025-08-11T10:03:00.000,208.21,143.99,-168.42,122.42
2025-08-11T10:04:00.000,208.30,144.00,-168.53,122.43
2025-08-11T10:05:00.000,208.23,143.99,-168.44,122.42
2025-08-11T10:06:00.000,208.33,143.99,-168.53,122.48
2025-08-11T10:07:00.000,208.36,144.01,-168.59,122.43
2025-08-11T10:08:00.000,208.35,143.96,-168.47,122.59
2025-08-11T10:09:00.000,208.36,143.98,-168.52,122.52
2025-08-11T10:10:00.000,208.39,143.94,-168.46,122.66
2025-08-11T10:11:00.000,208.52,143.95,-168.58,122.72
2025-08-11T10:12:00.000,208.53,143.99,-168.68,122.60
2025-08-11T10:13:00.000,208.50,144.00,-168.68,122.55
2025-08-11T10:14:00.000,208.60,143.96,-168.68,122.72
2025-08-11T10:15:00.000,208.61,143.98,-168.73,122.67
2025-08-11T10:16:00.000,208.57,144.00,-168.75,122.58
2025-08-11T10:17:00.000,208.54,143.96,-168.62,122.70
2025-08-11T10:18:00.000,208.59,143.99,-168.73,122.64
2025-08-11T10:19:00.000,208.55,143.96,-168.63,122.70
2025-08-11T10:20:00.000,208.53,143.99,-168.68,122.60
2025-08-11T10:21:00.000,208.44,143.99,-168.60,122.55
2025-08-11T10:22:00.000,208.47,143.97,-168.60,122.62
2025-08-11T10:23:00.000,208.43,143.96,-168.53,122.63
2025-08-11T10:24:00.000,208.48,144.01,-168.68,122.52
2025-08-11T10:25:00.000,208.49,143.96,-168.58,122.68
2025-08-11T10:26:00.000,208.43,143.97,-168.54,122.61
2025-08-11T10:27:00.000,208.51,143.98,-168.65,122.61
2025-08-11T10:28:00.000,208.47,143.95,-168.56,122.67
2025-08-11T10:29:00.000,208.53,143.99,-168.68,122.61
2025-08-11T10:30:00.000,208.58,143.98,-168.71,122.64
2025-08-11T10:31:00.000,208.58,143.97,-168.68,122.70
2025-08-11T10:32:00.000,208.60,143.96,-168.68,122.72
2025-08-11T10:33:00.000,208.58,143.99,-168.73,122.62
2025-08-11T10:34:00.000,208.62,144.02,-168.81,122.57
2025-08-11T10:35:00.000,208.68,143.95,-168.71,122.81
2025-08-11T10:36:00.000,208.71,143.89,-168.62,123.00
2025-08-11T10:37:00.000,208.67,143.91,-168.62,122.93
2025-08-11T10:38:00.000,208.69,143.92,-168.67,122.89
2025-08-11T10:39:00.000,208.74,143.96,-168.79,122.81
2025-08-11T10:40:00.000,208.62,143.96,-168.70,122.73
2025-08-11T10:41:00.000,208.67,143.99,-168.79,122.69
2025-08-11T10:42:00.000,208.62,143.93,-168.62,122.84
2025-08-11T10:43:00.000,208.60,143.95,-168.66,122.74
2025-08-11T10:44:00.000,208.60,143.94,-168.65,122.78
2025-08-11T10:45:00.000,208.60,143.96,-168.68,122.73
2025-08-11T10:46:00.000,208.63,144.01,-168.80,122.61
2025-08-11T10:47:00.000,208.65,144.00,-168.80,122.64
2025-08-11T10:48:00.000,208.61,143.97,-168.70,122.72
2025-08-11T10:49:00.000,208.62,144.00,-168.77,122.63
2025-08-11T10:50:00.000,208.57,143.99,-168.71,122.62
2025-08-11T10:51:00.000,208.62,144.00,-168.78,122.62
2025-08-11T10:52:00.000,208.64,143.99,-168.77,122.65
2025-08-11T10:53:00.000,208.62,143.99,-168.76,122.65
2025-08-11T10:54:00.000,208.62,144.00,-168.77,122.63
2025-08-11T10:55:00.000,208.63,143.99,-168.76,122.67
2025-08-11T10:56:00.000,208.67,144.01,-168.83,122.64
2025-08-11T10:57:00.000,208.63,143.94,-168.66,122.79
2025-08-11T10:58:00.000,208.65,143.95,-168.69,122.79
2025-08-11T10:59:00.000,208.80,143.98,-168.89,122.78
2025-08-11T11:00:00.000,208.78,144.01,-168.94,122.68
2025-08-11T11:01:00.000,208.82,143.99,-168.92,122.78
2025-08-11T11:02:00.000,208.82,143.98,-168.89,122.81
2025-08-11T11:03:00.000,208.88,143.99,-168.96,122.82
2025-08-11T11:04:00.000,208.90,143.96,-168.91,122.92
2025-08-11T11:05:00.000,208.98,143.98,-169.03,122.88
2025-08-11T11:06:00.000,208.97,143.95,-168.95,122.98
2025-08-11T11:07:00.000,208.97,143.97,-168.99,122.93
2025-08-11T11:08:00.000,209.02,143.98,-169.06,122.92
2025-08-11T11:09:00.000,209.06,143.95,-169.02,123.03
2025-08-11T11:10:00.000,209.12,143.96,-169.09,123.04
2025-08-11T11:11:00.000,209.14,143.97,-169.12,123.03
2025-08-11T11:12:00.000,209.18,143.98,-169.20,123.01
2025-08-11T11:13:00.000,209.16,143.93,-169.07,123.14
2025-08-11T11:14:00.000,209.19,143.92,-169.06,123.20
2025-08-11T11:15:00.000,209.29,143.93,-169.16,123.24
2025-08-11T11:16:00.000,209.21,143.92,-169.08,123.21
2025-08-11T11:17:00.000,209.29,143.90,-169.11,123.30
2025-08-11T11:18:00.000,209.34,143.90,-169.15,123.34
2025-08-11T11:19:00.000,209.39,143.90,-169.19,123.37
2025-08-11T11:20:00.000,209.49,143.88,-169.23,123.48
2025-08-11T11:21:00.000,209.63,143.90,-169.39,123.50
2025-08-11T11:22:00.000,209.74,143.87,-169.42,123.66
2025-08-11T11:23:00.000,209.84,143.88,-169.51,123.68
2025-08-11T11:24:00.000,209.89,143.89,-169.57,123.70
2025-08-11T11:25:00.000,209.86,143.89,-169.54,123.68
2025-08-11T11:26:00.000,209.85,143.88,-169.50,123.72
2025-08-11T11:27:00.000,209.84,143.91,-169.56,123.62
2025-08-11T11:28:00.000,209.84,143.89,-169.54,123.65
2025-08-11T11:29:00.000,209.83,143.91,-169.56,123.60
2025-08-11T11:30:00.000,209.89,143.94,-169.68,123.55
2025-08-11T11:31:00.000,209.86,143.91,-169.58,123.63
2025-08-11T11:32:00.000,209.88,143.93,-169.65,123.56
2025-08-11T11:33:00.000,209.81,143.93,-169.60,123.52
2025-08-11T11:34:00.000,209.83,143.91,-169.56,123.61
2025-08-11T11:35:00.000,209.82,143.92,-169.58,123.56
2025-08-11T11:36:00.000,209.78,143.91,-169.51,123.58
2025-08-11T11:37:00.000,209.85,143.89,-169.54,123.66
2025-08-11T11:38:00.000,209.91,143.92,-169.65,123.62
2025-08-11T11:39:00.000,209.87,143.94,-169.66,123.53
2025-08-11T11:40:00.000,209.87,143.90,-169.56,123.67
2025-08-11T11:41:00.000,209.95,143.88,-169.60,123.75
2025-08-11T11:42:00.000,210.10,143.91,-169.79,123.76
2025-08-11T11:43:00.000,209.99,143.92,-169.70,123.68
2025-08-11T11:44:00.000,210.02,143.89,-169.66,123.78
2025-08-11T11:45:00.000,210.01,143.92,-169.73,123.67
2025-08-11T11:46:00.000,210.09,143.94,-169.85,123.66
2025-08-11T11:47:00.000,210.02,143.89,-169.68,123.76
2025-08-11T11:48:00.000,210.03,143.93,-169.77,123.65
2025-08-11T11:49:00.000,210.08,143.95,-169.84,123.64
2025-08-11T11:50:00.000,210.05,143.95,-169.82,123.63
2025-08-11T11:51:00.000,210.05,143.93,-169.79,123.66
2025-08-11T11:52:00.000,210.10,143.95,-169.86,123.66
2025-08-11T11:53:00.000,210.15,143.92,-169.83,123.77
2025-08-11T11:54:00.000,210.20,143.93,-169.91,123.75
2025-08-11T11:55:00.000,210.29,143.95,-170.02,123.75
2025-08-11T11:56:00.000,210.33,143.95,-170.06,123.77
2025-08-11T11:57:00.000,210.30,143.92,-169.96,123.86
2025-08-11T11:58:00.000,210.36,143.92,-170.01,123.89
2025-08-11T11:59:00.000,210.51,143.86,-170.01,124.14
2025-08-11T12:00:00.000,210.55,143.93,-170.19,123.97
2025-08-11T12:01:00.000,210.71,143.91,-170.28,124.11
2025-08-11T12:02:00.000,210.80,143.91,-170.35,124.16
2025-08-11T12:03:00.000,210.91,143.86,-170.33,124.39
2025-08-11T12:04:00.000,210.94,143.83,-170.30,124.48
2025-08-11T12:05:00.000,211.16,143.85,-170.50,124.58
2025-08-11T12:06:00.000,211.18,143.83,-170.48,124.64
2025-08-11T12:07:00.000,211.07,143.81,-170.35,124.62
2025-08-11T12:08:00.000,211.12,143.87,-170.51,124.50
2025-08-11T12:09:00.000,211.09,143.91,-170.58,124.36
2025-08-11T12:10:00.000,211.00,143.87,-170.41,124.42
2025-08-11T12:11:00.000,211.15,143.88,-170.57,124.46
2025-08-11T12:12:00.000,211.22,143.89,-170.64,124.48
2025-08-11T12:13:00.000,211.12,143.91,-170.61,124.35
2025-08-11T12:14:00.000,211.22,143.91,-170.69,124.41
2025-08-11T12:15:00.000,211.22,143.89,-170.64,124.48
2025-08-11T12:16:00.000,211.27,143.93,-170.77,124.40
2025-08-11T12:17:00.000,211.27,143.95,-170.81,124.32
2025-08-11T12:18:00.000,211.26,143.94,-170.79,124.35
2025-08-11T12:19:00.000,211.40,143.89,-170.79,124.58
2025-08-11T12:20:00.000,211.44,143.84,-170.72,124.74
2025-08-11T12:21:00.000,211.57,143.84,-170.82,124.83
2025-08-11T12:22:00.000,211.69,143.78,-170.77,125.10
2025-08-11T12:23:00.000,211.78,143.78,-170.85,125.14
2025-08-11T12:24:00.000,211.79,143.76,-170.82,125.20
2025-08-11T12:25:00.000,211.79,143.75,-170.81,125.22
2025-08-11T12:26:00.000,211.86,143.79,-170.94,125.15
2025-08-11T12:27:00.000,211.74,143.83,-170.92,124.98
2025-08-11T12:28:00.000,211.75,143.81,-170.89,125.04
2025-08-11T12:29:00.000,211.69,143.81,-170.85,124.98
2025-08-11T12:30:00.000,211.70,143.82,-170.87,124.97
2025-08-11T12:31:00.000,211.63,143.84,-170.86,124.88
2025-08-11T12:32:00.000,211.62,143.86,-170.90,124.80
2025-08-11T12:33:00.000,211.67,143.84,-170.90,124.88
2025-08-11T12:34:00.000,211.62,143.80,-170.78,124.97
2025-08-11T12:35:00.000,211.75,143.80,-170.88,125.06
2025-08-11T12:36:00.000,211.63,143.81,-170.79,124.96
2025-08-11T12:37:00.000,211.69,143.82,-170.87,124.97
2025-08-11T12:38:00.000,211.61,143.83,-170.82,124.90
2025-08-11T12:39:00.000,211.61,143.85,-170.88,124.82
2025-08-11T12:40:00.000,211.54,143.84,-170.80,124.81
2025-08-11T12:41:00.000,211.58,143.84,-170.83,124.83
2025-08-11T12:42:00.000,211.52,143.84,-170.77,124.81
2025-08-11T12:43:00.000,211.48,143.85,-170.77,124.74
2025-08-11T12:44:00.000,211.51,143.82,-170.73,124.86
2025-08-11T12:45:00.000,211.57,143.83,-170.79,124.87
2025-08-11T12:46:00.000,211.66,143.80,-170.79,125.02
2025-08-11T12:47:00.000,211.68,143.79,-170.79,125.06
2025-08-11T12:48:00.000,211.73,143.80,-170.85,125.06
2025-08-11T12:49:00.000,211.92,143.80,-171.00,125.18
2025-08-11T12:50:00.000,211.93,143.74,-170.88,125.36
2025-08-11T12:51:00.000,211.97,143.67,-170.77,125.57
2025-08-11T12:52:00.000,211.94,143.69,-170.79,125.50
2025-08-11T12:53:00.000,212.00,143.69,-170.84,125.53
2025-08-11T12:54:00.000,212.16,143.67,-170.92,125.68
2025-08-11T12:55:00.000,212.22,143.63,-170.88,125.83
2025-08-11T12:56:00.000,212.24,143.68,-171.01,125.71
2025-08-11T12:57:00.000,212.22,143.63,-170.87,125.86
2025-08-11T12:58:00.000,212.27,143.75,-171.19,125.52
2025-08-11T12:59:00.000,212.31,143.72,-171.16,125.62
2025-08-11T13:00:00.000,212.35,143.75,-171.25,125.57
2025-08-11T13:01:00.000,212.41,143.77,-171.34,125.54
2025-08-11T13:02:00.000,212.44,143.72,-171.25,125.72
2025-08-11T13:03:00.000,212.45,143.68,-171.17,125.84
2025-08-11T13:04:00.000,212.44,143.61,-171.02,126.02
2025-08-11T13:05:00.000,212.60,143.65,-171.24,126.00
2025-08-11T13:06:00.000,212.72,143.65,-171.33,126.08
2025-08-11T13:07:00.000,212.77,143.63,-171.32,126.16
2025-08-11T13:08:00.000,212.75,143.65,-171.36,126.09
2025-08-11T13:09:00.000,212.63,143.67,-171.31,125.96
2025-08-11T13:10:00.000,212.53,143.74,-171.37,125.70
2025-08-11T13:11:00.000,212.45,143.70,-171.22,125.77
2025-08-11T13:12:00.000,212.41,143.75,-171.29,125.60
2025-08-11T13:13:00.000,212.37,143.77,-171.31,125.51
2025-08-11T13:14:00.000,212.31,143.74,-171.20,125.57
2025-08-11T13:15:00.000,212.32,143.75,-171.22,125.55
2025-08-11T13:16:00.000,212.24,143.76,-171.18,125.47
2025-08-11T13:17:00.000,212.18,143.76,-171.13,125.44
2025-08-11T13:18:00.000,212.14,143.77,-171.11,125.39
2025-08-11T13:19:00.000,212.06,143.79,-171.11,125.27
2025-08-11T13:20:00.000,212.05,143.84,-171.20,125.12
2025-08-11T13:21:00.000,212.04,143.80,-171.11,125.23
2025-08-11T13:22:00.000,212.04,143.87,-171.26,125.02
2025-08-11T13:23:00.000,211.96,143.89,-171.25,124.92
2025-08-11T13:24:00.000,211.97,143.89,-171.24,124.93
2025-08-11T13:25:00.000,212.04,143.88,-171.28,124.99
2025-08-11T13:26:00.000,211.98,143.83,-171.13,125.10
2025-08-11T13:27:00.000,211.87,143.83,-171.03,125.05
2025-08-11T13:28:00.000,211.90,143.83,-171.05,125.07
2025-08-11T13:29:00.000,211.84,143.81,-170.98,125.07
2025-08-11T13:30:00.000,211.94,143.80,-171.02,125.18
2025-08-11T13:31:00.000,212.02,143.75,-170.98,125.37
2025-08-11T13:32:00.000,212.02,143.82,-171.14,125.15
2025-08-11T13:33:00.000,212.09,143.83,-171.21,125.17
2025-08-11T13:34:00.000,212.06,143.83,-171.20,125.14
2025-08-11T13:35:00.000,212.14,143.86,-171.32,125.10
2025-08-11T13:36:00.000,212.02,143.82,-171.13,125.16
2025-08-11T13:37:00.000,211.97,143.85,-171.17,125.03
2025-08-11T13:38:00.000,211.98,143.91,-171.31,124.86
2025-08-11T13:39:00.000,211.97,143.91,-171.29,124.87
2025-08-11T13:40:00.000,212.04,143.91,-171.35,124.90
2025-08-11T13:41:00.000,212.07,143.86,-171.25,125.08
2025-08-11T13:42:00.000,212.06,143.82,-171.17,125.18
2025-08-11T13:43:00.000,212.02,143.87,-171.25,125.02
2025-08-11T13:44:00.000,212.05,143.86,-171.25,125.06
2025-08-11T13:45:00.000,212.02,143.88,-171.27,124.97
2025-08-11T13:46:00.000,212.11,143.87,-171.30,125.07
2025-08-11T13:47:00.000,212.14,143.89,-171.37,125.03
2025-08-11T13:48:00.000,212.10,143.89,-171.35,125.00
2025-08-11T13:49:00.000,212.21,143.82,-171.28,125.28
2025-08-11T13:50:00.000,212.30,143.81,-171.33,125.37
2025-08-11T13:51:00.000,212.52,143.76,-171.41,125.64
2025-08-11T13:52:00.000,212.73,143.80,-171.67,125.63
2025-08-11T13:53:00.000,212.73,143.81,-171.68,125.62
2025-08-11T13:54:00.000,212.63,143.85,-171.70,125.43
2025-08-11T13:55:00.000,212.47,143.85,-171.56,125.33
2025-08-11T13:56:00.000,212.37,143.90,-171.60,125.12
2025-08-11T13:57:00.000,212.25,143.87,-171.42,125.16
2025-08-11T13:58:00.000,212.19,143.88,-171.40,125.09
2025-08-11T13:59:00.000,212.07,143.92,-171.39,124.89
2025-08-11T14:00:00.000,211.96,143.90,-171.27,124.87
2025-08-11T14:01:00.000,211.90,143.92,-171.26,124.79
2025-08-11T14:02:00.000,211.92,143.90,-171.23,124.85
2025-08-11T14:03:00.000,212.07,143.86,-171.27,125.06
2025-08-11T14:04:00.000,212.11,143.84,-171.24,125.16
2025-08-11T14:05:00.000,212.25,143.80,-171.28,125.34
2025-08-11T14:06:00.000,212.22,143.81,-171.27,125.31
2025-08-11T14:07:00.000,212.45,143.82,-171.49,125.40
2025-08-11T14:08:00.000,212.55,143.73,-171.37,125.73
2025-08-11T14:09:00.000,212.70,143.76,-171.57,125.73
2025-08-11T14:10:00.000,212.68,143.77,-171.56,125.70
2025-08-11T14:11:00.000,212.80,143.76,-171.63,125.81
2025-08-11T14:12:00.000,212.86,143.80,-171.76,125.72
2025-08-11T14:13:00.000,212.94,143.81,-171.85,125.75
2025-08-11T14:14:00.000,212.94,143.71,-171.63,126.04
2025-08-11T14:15:00.000,212.99,143.75,-171.77,125.93
2025-08-11T14:16:00.000,213.07,143.76,-171.85,125.96
2025-08-11T14:17:00.000,213.23,143.72,-171.89,126.18
2025-08-11T14:18:00.000,213.35,143.73,-172.00,126.22
2025-08-11T14:19:00.000,213.35,143.77,-172.09,126.10
2025-08-11T14:20:00.000,213.38,143.77,-172.13,126.11
2025-08-11T14:21:00.000,213.29,143.75,-172.02,126.11
2025-08-11T14:22:00.000,213.22,143.75,-171.96,126.06
2025-08-11T14:23:00.000,213.23,143.75,-171.95,126.08
2025-08-11T14:24:00.000,213.26,143.73,-171.95,126.15
2025-08-11T14:25:00.000,213.29,143.80,-172.11,125.98
2025-08-11T14:26:00.000,213.22,143.79,-172.04,125.95
2025-08-11T14:27:00.000,213.10,143.80,-171.97,125.84
2025-08-11T14:28:00.000,213.04,143.82,-171.95,125.78
2025-08-11T14:29:00.000,213.00,143.79,-171.87,125.82
2025-08-11T14:30:00.000,213.02,143.82,-171.94,125.76
2025-08-11T14:31:00.000,213.00,143.83,-171.96,125.70
2025-08-11T14:32:00.000,212.93,143.83,-171.89,125.67
2025-08-11T14:33:00.000,213.00,143.83,-171.95,125.71
2025-08-11T14:34:00.000,213.04,143.81,-171.94,125.79
2025-08-11T14:35:00.000,212.94,143.82,-171.89,125.69
2025-08-11T14:36:00.000,212.91,143.84,-171.91,125.62
2025-08-11T14:37:00.000,212.80,143.82,-171.77,125.61
2025-08-11T14:38:00.000,212.78,143.87,-171.85,125.47
2025-08-11T14:39:00.000,212.86,143.87,-171.93,125.49
2025-08-11T14:40:00.000,212.74,143.85,-171.78,125.51
2025-08-11T14:41:00.000,212.76,143.87,-171.83,125.46
2025-08-11T14:42:00.000,212.73,143.85,-171.78,125.48
2025-08-11T14:43:00.000,212.74,143.85,-171.79,125.49
2025-08-11T14:44:00.000,212.69,143.84,-171.72,125.50
2025-08-11T14:45:00.000,212.69,143.87,-171.78,125.41
2025-08-11T14:46:00.000,212.59,143.88,-171.72,125.32
2025-08-11T14:47:00.000,212.57,143.87,-171.70,125.32
2025-08-11T14:48:00.000,212.56,143.86,-171.66,125.36
2025-08-11T14:49:00.000,212.62,143.88,-171.74,125.34
2025-08-11T14:50:00.000,212.74,143.90,-171.89,125.35
2025-08-11T14:51:00.000,212.65,143.84,-171.69,125.48
2025-08-11T14:52:00.000,212.59,143.88,-171.72,125.32
2025-08-11T14:53:00.000,212.54,143.86,-171.64,125.35
2025-08-11T14:54:00.000,212.43,143.90,-171.64,125.17
2025-08-11T14:55:00.000,212.40,143.96,-171.75,124.97
2025-08-11T14:56:00.000,212.32,143.94,-171.63,124.98
2025-08-11T14:57:00.000,212.30,143.94,-171.62,124.96
2025-08-11T14:58:00.000,212.30,143.97,-171.69,124.88
2025-08-11T14:59:00.000,212.32,143.94,-171.65,124.97
2025-08-11T15:00:00.000,212.40,143.96,-171.75,124.96
2025-08-11T15:01:00.000,212.37,143.93,-171.66,125.03
2025-08-11T15:02:00.000,212.30,143.94,-171.63,124.96
2025-08-11T15:03:00.000,212.27,143.92,-171.55,125.02
2025-08-11T15:04:00.000,212.27,143.94,-171.59,124.96
2025-08-11T15:05:00.000,212.26,143.92,-171.55,124.99
2025-08-11T15:06:00.000,212.28,143.96,-171.65,124.90
2025-08-11T15:07:00.000,212.32,143.96,-171.69,124.90
2025-08-11T15:08:00.000,212.26,143.96,-171.64,124.88
2025-08-11T15:09:00.000,212.23,143.93,-171.54,124.97
2025-08-11T15:10:00.000,212.30,143.91,-171.55,125.06
2025-08-11T15:11:00.000,212.27,143.95,-171.61,124.93
2025-08-11T15:12:00.000,212.24,143.93,-171.57,124.95
2025-08-11T15:13:00.000,212.14,143.94,-171.50,124.87
2025-08-11T15:14:00.000,212.19,143.98,-171.62,124.79
2025-08-11T15:15:00.000,212.21,143.99,-171.67,124.76
2025-08-11T15:16:00.000,212.08,143.97,-171.51,124.76
2025-08-11T15:17:00.000,212.05,143.98,-171.50,124.71
2025-08-11T15:18:00.000,211.98,143.97,-171.43,124.68
2025-08-11T15:19:00.000,212.00,143.96,-171.43,124.72
2025-08-11T15:20:00.000,211.97,143.96,-171.40,124.72
2025-08-11T15:21:00.000,211.98,143.99,-171.48,124.62
2025-08-11T15:22:00.000,211.93,143.94,-171.31,124.76
2025-08-11T15:23:00.000,212.00,143.91,-171.32,124.86
2025-08-11T15:24:00.000,212.07,143.98,-171.54,124.70
2025-08-11T15:25:00.000,212.19,143.95,-171.56,124.87
2025-08-11T15:26:00.000,212.21,143.94,-171.56,124.91
2025-08-11T15:27:00.000,212.29,143.94,-171.61,124.96
2025-08-11T15:28:00.000,212.29,143.95,-171.64,124.93
2025-08-11T15:29:00.000,212.40,143.94,-171.70,125.04
2025-08-11T15:30:00.000,212.56,143.89,-171.72,125.28
2025-08-11T15:31:00.000,212.64,143.94,-171.89,125.18
2025-08-11T15:32:00.000,212.78,143.88,-171.89,125.42
2025-08-11T15:33:00.000,212.70,143.86,-171.78,125.44
2025-08-11T15:34:00.000,212.81,143.89,-171.93,125.42
2025-08-11T15:35:00.000,212.76,143.87,-171.85,125.44
2025-08-11T15:36:00.000,212.77,143.89,-171.89,125.41
2025-08-11T15:37:00.000,212.70,143.85,-171.75,125.48
2025-08-11T15:38:00.000,212.67,143.86,-171.74,125.43
2025-08-11T15:39:00.000,212.55,143.88,-171.70,125.28
2025-08-11T15:40:00.000,212.46,143.90,-171.67,125.18
2025-08-11T15:41:00.000,212.34,143.96,-171.69,124.94
2025-08-11T15:42:00.000,212.19,143.94,-171.54,124.90
2025-08-11T15:43:00.000,212.05,144.00,-171.55,124.64
2025-08-11T15:44:00.000,212.05,143.99,-171.53,124.66
2025-08-11T15:45:00.000,211.99,143.98,-171.46,124.66
2025-08-11T15:46:00.000,211.88,144.01,-171.43,124.53
2025-08-11T15:47:00.000,211.83,144.00,-171.38,124.50
2025-08-11T15:48:00.000,211.90,144.01,-171.46,124.51
2025-08-11T15:49:00.000,211.95,144.04,-171.56,124.47
2025-08-11T15:50:00.000,211.89,144.04,-171.51,124.42
2025-08-11T15:51:00.000,211.82,144.03,-171.43,124.43
2025-08-11T15:52:00.000,211.82,144.01,-171.39,124.46
2025-08-11T15:53:00.000,211.62,144.02,-171.24,124.32
2025-08-11T15:54:00.000,211.55,144.07,-171.30,124.14
2025-08-11T15:55:00.000,211.54,144.06,-171.27,124.16
2025-08-11T15:56:00.000,211.47,144.09,-171.28,124.03
2025-08-11T15:57:00.000,211.52,144.08,-171.30,124.08
2025-08-11T15:58:00.000,211.49,144.09,-171.30,124.04
2025-08-11T15:59:00.000,211.61,144.10,-171.42,124.07
2025-08-11T16:00:00.000,211.57,144.10,-171.39,124.05
2025-08-11T16:01:00.000,211.58,144.11,-171.42,124.03
2025-08-11T16:02:00.000,211.60,144.09,-171.39,124.11
2025-08-11T16:03:00.000,211.63,144.12,-171.47,124.04
2025-08-11T16:04:00.000,211.68,144.14,-171.56,124.00
2025-08-11T16:05:00.000,211.65,144.07,-171.39,124.18
2025-08-11T16:06:00.000,211.49,144.15,-171.41,123.87
2025-08-11T16:07:00.000,210.64,144.31,-171.08,122.89
2025-08-11T16:08:00.000,210.83,153.35,-188.44,94.55
2025-08-11T16:09:00.000,201.96,159.19,-188.78,71.76
2025-08-11T16:10:00.000,172.31,198.19,-163.70,-53.78
2025-08-11T16:11:00.000,150.06,216.83,-120.10,-89.96
2025-08-11T16:12:00.000,131.87,217.24,-104.98,-79.80
2025-08-11T16:13:00.000,115.29,214.54,-94.97,-65.36
2025-08-11T16:14:00.000,99.79,212.85,-83.83,-54.13
2025-08-11T16:15:00.000,86.96,213.20,-72.77,-47.61
2025-08-11T16:16:00.000,77.72,210.21,-67.16,-39.11
2025-08-11T16:17:00.000,67.85,212.89,-56.97,-36.85
2025-08-11T16:18:00.000,59.27,212.93,-49.75,-32.22
2025-08-11T16:19:00.000,54.00,204.23,-49.24,-22.17
2025-08-11T16:20:00.000,46.42,165.72,-44.99,11.45
2025-08-11T16:21:00.000,42.12,174.84,-41.95,3.79
2025-08-11T16:22:00.000,37.94,183.84,-37.86,-2.54
2025-08-11T16:23:00.000,35.68,185.44,-35.52,-3.38
2025-08-11T16:24:00.000,33.46,192.52,-32.66,-7.25
2025-08-11T16:25:00.000,31.30,188.93,-30.92,-4.86
2025-08-11T16:26:00.000,29.54,192.74,-28.81,-6.51
2025-08-11T16:27:00.000,28.25,199.03,-26.70,-9.21
2025-08-11T16:28:00.000,26.81,195.20,-25.87,-7.03
2025-08-11T16:29:00.000,25.27,188.61,-24.99,-3.78
2025-08-11T16:30:00.000,23.80,194.21,-23.07,-5.84
2025-08-11T16:31:00.000,22.42,221.51,-16.79,-14.86
2025-08-11T16:32:00.000,19.90,219.81,-15.28,-12.74
2025-08-11T16:33:00.000,17.20,221.93,-12.80,-11.49
2025-08-11T16:34:00.000,13.98,232.16,-8.58,-11.04
2025-08-11T16:35:00.000,9.57,238.07,-5.06,-8.12
2025-08-11T16:36:00.000,4.50,173.73,-4.48,0.49
2025-08-11T16:37:00.000,1.47,145.19,-1.21,0.84
2025-08-11T16:38:00.000,0.83,139.92,-0.63,0.53
2025-08-11T16:39:00.000,0.63,109.00,-0.20,0.59
2025-08-11T16:40:00.000,0.74,105.64,-0.20,0.71
2025-08-11T16:41:00.000,0.79,115.65,-0.34,0.71
2025-08-11T16:42:00.000,0.83,118.93,-0.40,0.73
2025-08-11T16:43:00.000,1.35,112.99,-0.53,1.24
2025-08-11T16:44:00.000,0.87,110.45,-0.31,0.82
2025-08-11T16:45:00.000,0.89,111.52,-0.33,0.83
2025-08-11T16:46:00.000,0.91,108.49,-0.29,0.87
2025-08-11T16:47:00.000,0.94,104.51,-0.24,0.91
2025-08-11T16:48:00.000,0.96,102.20,-0.20,0.94
2025-08-11T16:49:00.000,0.98,99.61,-0.16,0.97
2025-08-11T16:50:00.000,1.01,99.21,-0.16,1.00
2025-08-11T16:51:00.000,1.02,99.53,-0.17,1.01
2025-08-11T16:52:00.000,1.01,98.95,-0.16,1.00
2025-08-11T16:53:00.000,1.04,98.00,-0.14,1.03
2025-08-11T16:54:00.000,1.03,99.14,-0.16,1.02
2025-08-11T16:55:00.000,1.04,97.88,-0.14,1.03
2025-08-11T16:56:00.000,0.96,96.59,-0.11,0.96
2025-08-11T16:57:00.000,1.04,95.11,-0.09,1.04
2025-08-11T16:58:00.000,0.94,66.37,0.38,0.86
2025-08-11T16:59:00.000,1.42,116.02,-0.62,1.27
2025-08-11T17:00:00.000,1.14,94.53,-0.09,1.13
2025-08-11T17:01:00.000,0.91,114.33,-0.38,0.83
2025-08-11T17:02:00.000,0.79,122.19,-0.42,0.67
2025-08-11T17:03:00.000,0.85,140.16,-0.65,0.54
2025-08-11T17:04:00.000,0.89,135.41,-0.63,0.62
2025-08-11T17:05:00.000,0.71,113.35,-0.28,0.65
2025-08-11T17:06:00.000,0.89,90.56,-0.01,0.89
2025-08-11T17:07:00.000,1.14,73.02,0.33,1.09
2025-08-11T17:08:00.000,1.28,83.26,0.15,1.27
2025-08-11T17:09:00.000,1.50,81.43,0.22,1.48
2025-08-11T17:10:00.000,1.42,93.82,-0.09,1.42
2025-08-11T17:11:00.000,0.98,95.88,-0.10,0.97
2025-08-11T17:12:00.000,1.32,92.43,-0.06,1.32
2025-08-11T17:13:00.000,1.59,92.33,-0.06,1.59
2025-08-11T17:14:00.000,0.90,101.90,-0.19,0.89
2025-08-11T17:15:00.000,0.86,104.10,-0.21,0.83
2025-08-11T17:16:00.000,0.90,96.86,-0.11,0.90
2025-08-11T17:17:00.000,0.83,101.29,-0.16,0.81
2025-08-11T17:18:00.000,0.84,99.83,-0.14,0.83
2025-08-11T17:19:00.000,0.96,94.28,-0.07,0.95
2025-08-11T17:20:00.000,0.98,95.17,-0.09,0.97
2025-08-11T17:21:00.000,0.98,94.15,-0.07,0.98
2025-08-11T17:22:00.000,0.95,94.25,-0.07,0.95
2025-08-11T17:23:00.000,0.86,97.47,-0.11,0.86
2025-08-11T17:24:00.000,0.75,112.30,-0.29,0.70
2025-08-11T17:25:00.000,1.08,88.75,0.02,1.08
2025-08-11T17:26:00.000,0.65,113.81,-0.26,0.59
2025-08-11T17:27:00.000,0.91,120.48,-0.46,0.79
2025-08-11T17:28:00.000,0.76,160.16,-0.71,0.26
2025-08-11T17:29:00.000,1.36,107.22,-0.40,1.30
2025-08-11T17:30:00.000,0.90,110.77,-0.32,0.84
2025-08-11T17:31:00.000,1.15,84.76,0.11,1.15
2025-08-11T17:32:00.000,1.28,82.72,0.16,1.27
2025-08-11T17:33:00.000,0.80,107.42,-0.24,0.76
2025-08-11T17:34:00.000,1.16,95.10,-0.10,1.15
2025-08-11T17:35:00.000,1.20,105.67,-0.32,1.16
2025-08-11T17:36:00.000,1.31,111.23,-0.47,1.22
2025-08-11T17:37:00.000,1.34,114.67,-0.56,1.21
2025-08-11T17:38:00.000,1.33,126.26,-0.78,1.07
2025-08-11T17:39:00.000,1.29,122.49,-0.70,1.09
2025-08-11T17:40:00.000,0.98,132.16,-0.66,0.72
2025-08-11T17:41:00.000,1.31,117.15,-0.60,1.17
2025-08-11T17:42:00.000,1.39,116.15,-0.61,1.25
2025-08-11T17:43:00.000,1.39,118.35,-0.66,1.22
2025-08-11T17:44:00.000,1.48,119.02,-0.72,1.30
2025-08-11T17:45:00.000,0.93,113.29,-0.37,0.86
2025-08-11T17:46:00.000,0.78,125.68,-0.46,0.63
2025-08-11T17:47:00.000,0.73,123.24,-0.40,0.61
2025-08-11T17:48:00.000,0.83,120.25,-0.42,0.72
2025-08-11T17:49:00.000,0.89,116.16,-0.39,0.79
2025-08-11T17:50:00.000,0.90,108.25,-0.28,0.86
2025-08-11T17:51:00.000,0.85,98.74,-0.13,0.84
2025-08-11T17:52:00.000,0.92,95.68,-0.09,0.92
2025-08-11T17:53:00.000,0.91,95.76,-0.09,0.90
2025-08-11T17:54:00.000,0.90,95.91,-0.09,0.89
2025-08-11T17:55:00.000,1.23,94.70,-0.10,1.22
2025-08-11T17:56:00.000,1.28,95.67,-0.13,1.27
2025-08-11T17:57:00.000,1.29,98.68,-0.19,1.27
2025-08-11T17:58:00.000,1.53,94.24,-0.11,1.52
2025-08-11T17:59:00.000,1.56,92.85,-0.08,1.56
2025-08-11T18:00:00.000,1.68,93.57,-0.10,1.68
2025-08-11T18:01:00.000,1.79,87.93,0.06,1.79
2025-08-11T18:02:00.000,1.83,86.02,0.13,1.83
2025-08-11T18:03:00.000,2.00,83.40,0.23,1.98
2025-08-11T18:04:00.000,1.92,83.13,0.23,1.91
2025-08-11T18:05:00.000,2.04,82.83,0.26,2.03
2025-08-11T18:06:00.000,1.43,84.47,0.14,1.43
2025-08-11T18:07:00.000,1.40,74.31,0.38,1.35
2025-08-11T18:08:00.000,1.39,71.25,0.45,1.32
2025-08-11T18:09:00.000,1.39,74.08,0.38,1.34
2025-08-11T18:10:00.000,1.27,83.55,0.14,1.27
2025-08-11T18:11:00.000,1.24,83.13,0.15,1.23
2025-08-11T18:12:00.000,1.36,82.72,0.17,1.35
2025-08-11T18:13:00.000,1.48,82.57,0.19,1.47
2025-08-11T18:14:00.000,1.49,82.84,0.19,1.48
2025-08-11T18:15:00.000,1.24,96.48,-0.14,1.23
2025-08-11T18:16:00.000,1.28,89.70,0.01,1.28
2025-08-11T18:17:00.000,1.57,85.00,0.14,1.56
2025-08-11T18:18:00.000,0.90,83.85,0.10,0.89
2025-08-11T18:19:00.000,1.18,86.98,0.06,1.18
2025-08-11T18:20:00.000,1.17,75.51,0.29,1.13
2025-08-11T18:21:00.000,1.27,87.56,0.05,1.27
2025-08-11T18:22:00.000,0.99,84.44,0.10,0.98
2025-08-11T18:23:00.000,1.17,81.75,0.17,1.16
2025-08-11T18:24:00.000,1.20,79.99,0.21,1.18
2025-08-11T18:25:00.000,1.17,78.80,0.23,1.15
2025-08-11T18:26:00.000,1.58,72.49,0.47,1.50
2025-08-11T18:27:00.000,0.69,85.37,0.06,0.68
2025-08-11T18:28:00.000,0.99,75.04,0.25,0.95
2025-08-11T18:29:00.000,1.12,73.51,0.32,1.08
2025-08-11T18:30:00.000,1.15,77.83,0.24,1.12
2025-08-11T18:31:00.000,1.14,90.01,-0.00,1.14
2025-08-11T18:32:00.000,0.99,88.23,0.03,0.99
2025-08-11T18:33:00.000,1.20,77.10,0.27,1.17
2025-08-11T18:34:00.000,1.17,84.59,0.11,1.17
2025-08-11T18:35:00.000,1.27,79.61,0.23,1.25
2025-08-11T18:36:00.000,1.32,77.53,0.28,1.29
2025-08-11T18:37:00.000,1.17,76.69,0.27,1.14
2025-08-11T18:38:00.000,1.05,74.10,0.29,1.01
2025-08-11T18:39:00.000,1.23,84.07,0.13,1.22
2025-08-11T18:40:00.000,1.61,82.11,0.22,1.60
2025-08-11T18:41:00.000,1.47,74.59,0.39,1.42
2025-08-11T18:42:00.000,0.53,102.92,-0.12,0.51
2025-08-11T18:43:00.000,1.32,61.65,0.63,1.16
2025-08-11T18:44:00.000,1.15,65.22,0.48,1.04
2025-08-11T18:45:00.000,1.43,76.21,0.34,1.39
2025-08-11T18:46:00.000,1.80,81.91,0.25,1.78
2025-08-11T18:47:00.000,1.57,85.29,0.13,1.57
2025-08-11T18:48:00.000,1.53,78.99,0.29,1.50
2025-08-11T18:49:00.000,1.64,78.82,0.32,1.61
2025-08-11T18:50:00.000,1.46,79.54,0.26,1.43
2025-08-11T18:51:00.000,1.70,82.05,0.24,1.68
2025-08-11T18:52:00.000,1.74,67.49,0.66,1.60
2025-08-11T18:53:00.000,1.77,62.73,0.81,1.57
2025-08-11T18:54:00.000,1.65,65.04,0.70,1.50
2025-08-11T18:55:00.000,1.64,72.73,0.49,1.57
2025-08-11T18:56:00.000,1.57,73.65,0.44,1.51
2025-08-11T18:57:00.000,1.55,72.96,0.46,1.48
2025-08-11T18:58:00.000,1.56,77.41,0.34,1.53
2025-08-11T18:59:00.000,1.48,74.78,0.39,1.43
2025-08-11T19:00:00.000,1.45,77.38,0.32,1.41
2025-08-11T19:01:00.000,1.28,85.89,0.09,1.28
2025-08-11T19:02:00.000,1.56,82.38,0.21,1.55
2025-08-11T19:03:00.000,1.41,82.71,0.18,1.40
2025-08-11T19:04:00.000,1.45,95.11,-0.13,1.45
2025-08-11T19:05:00.000,1.47,103.19,-0.33,1.43
2025-08-11T19:06:00.000,1.52,106.52,-0.43,1.46
2025-08-11T19:07:00.000,1.43,106.31,-0.40,1.37
2025-08-11T19:08:00.000,1.48,119.55,-0.73,1.29
2025-08-11T19:09:00.000,1.20,91.97,-0.04,1.20
2025-08-11T19:10:00.000,1.27,88.70,0.03,1.26
2025-08-11T19:11:00.000,1.19,88.16,0.04,1.19
2025-08-11T19:12:00.000,1.21,86.15,0.08,1.21
2025-08-11T19:13:00.000,1.19,88.87,0.02,1.19
2025-08-11T19:14:00.000,1.15,87.91,0.04,1.15
2025-08-11T19:15:00.000,1.10,90.91,-0.02,1.10
2025-08-11T19:16:00.000,1.09,87.56,0.05,1.09
2025-08-11T19:17:00.000,1.03,90.19,-0.00,1.03
2025-08-11T19:18:00.000,1.00,93.88,-0.07,1.00
2025-08-11T19:19:00.000,0.99,101.04,-0.19,0.97
2025-08-11T19:20:00.000,0.93,102.56,-0.20,0.90
2025-08-11T19:21:00.000,0.76,112.93,-0.30,0.70
2025-08-11T19:22:00.000,0.85,116.72,-0.38,0.76
2025-08-11T19:23:00.000,1.03,104.21,-0.25,1.00
2025-08-11T19:24:00.000,0.86,114.29,-0.35,0.78
2025-08-11T19:25:00.000,0.99,99.86,-0.17,0.97
2025-08-11T19:26:00.000,1.31,87.89,0.05,1.31
2025-08-11T19:27:00.000,1.37,85.58,0.11,1.36
2025-08-11T19:28:00.000,1.24,87.14,0.06,1.24
2025-08-11T19:29:00.000,1.41,82.41,0.19,1.40
2025-08-11T19:30:00.000,1.48,80.93,0.23,1.46
2025-08-11T19:31:00.000,1.41,82.83,0.18,1.40
2025-08-11T19:32:00.000,1.50,80.91,0.24,1.48
2025-08-11T19:33:00.000,1.53,80.84,0.24,1.51
2025-08-11T19:34:00.000,1.52,80.90,0.24,1.50
2025-08-11T19:35:00.000,1.59,77.85,0.34,1.56
2025-08-11T19:36:00.000,1.62,75.85,0.39,1.57
2025-08-11T19:37:00.000,1.28,85.80,0.09,1.27
2025-08-11T19:38:00.000,1.27,85.55,0.10,1.27
2025-08-11T19:39:00.000,1.29,85.20,0.11,1.29
2025-08-11T19:40:00.000,1.27,87.43,0.06,1.27
2025-08-11T19:41:00.000,1.27,86.50,0.08,1.27
2025-08-11T19:42:00.000,1.32,84.03,0.14,1.31
2025-08-11T19:43:00.000,1.30,84.81,0.12,1.30
2025-08-11T19:44:00.000,1.30,85.42,0.10,1.30
2025-08-11T19:45:00.000,1.35,83.33,0.16,1.34
2025-08-11T19:46:00.000,1.42,76.43,0.33,1.38
2025-08-11T19:47:00.000,1.75,80.88,0.28,1.73
2025-08-11T19:48:00.000,1.53,84.85,0.14,1.53
2025-08-11T19:49:00.000,1.47,86.98,0.08,1.47
2025-08-11T19:50:00.000,1.50,86.65,0.09,1.49
2025-08-11T19:51:00.000,1.41,83.43,0.16,1.40
2025-08-11T19:52:00.000,1.39,91.30,-0.03,1.39
2025-08-11T19:53:00.000,1.53,84.54,0.15,1.52
2025-08-11T19:54:00.000,1.49,86.65,0.09,1.49
2025-08-11T19:55:00.000,1.56,86.52,0.09,1.55
2025-08-11T19:56:00.000,1.55,88.43,0.04,1.55
2025-08-11T19:57:00.000,1.50,88.44,0.04,1.50
2025-08-11T19:58:00.000,1.47,90.28,-0.01,1.47
2025-08-11T19:59:00.000,1.47,91.12,-0.03,1.47
2025-08-11T20:00:00.000,1.45,91.21,-0.03,1.45
2025-08-11T20:01:00.000,1.40,91.01,-0.02,1.40
2025-08-11T20:02:00.000,1.37,92.18,-0.05,1.37
2025-08-11T20:03:00.000,1.22,101.78,-0.25,1.20
2025-08-11T20:04:00.000,1.12,106.71,-0.32,1.07
2025-08-11T20:05:00.000,1.01,111.04,-0.36,0.94
2025-08-11T20:06:00.000,0.93,107.78,-0.28,0.88
2025-08-11T20:07:00.000,0.90,108.53,-0.29,0.86
2025-08-11T20:08:00.000,0.67,124.90,-0.38,0.55
2025-08-11T20:09:00.000,0.66,130.66,-0.43,0.50
2025-08-11T20:10:00.000,0.68,117.88,-0.32,0.60
2025-08-11T20:11:00.000,1.17,96.08,-0.12,1.16
2025-08-11T20:12:00.000,1.13,96.72,-0.13,1.12
2025-08-11T20:13:00.000,1.24,91.72,-0.04,1.24
2025-08-11T20:14:00.000,1.24,90.17,-0.00,1.24
2025-08-11T20:15:00.000,1.22,90.25,-0.01,1.22
2025-08-11T20:16:00.000,1.31,86.55,0.08,1.31
2025-08-11T20:17:00.000,1.25,88.89,0.02,1.25
2025-08-11T20:18:00.000,1.33,85.22,0.11,1.33
2025-08-11T20:19:00.000,1.28,87.35,0.06,1.28
2025-08-11T20:20:00.000,1.32,84.38,0.13,1.31
2025-08-11T20:21:00.000,1.36,85.60,0.10,1.36
2025-08-11T20:22:00.000,1.32,87.90,0.05,1.32
2025-08-11T20:23:00.000,1.35,88.87,0.03,1.35
2025-08-11T20:24:00.000,1.29,86.23,0.08,1.28
2025-08-11T20:25:00.000,1.36,87.46,0.06,1.36
2025-08-11T20:26:00.000,1.35,87.12,0.07,1.35
2025-08-11T20:27:00.000,1.42,85.68,0.11,1.42
2025-08-11T20:28:00.000,1.40,86.44,0.09,1.40
2025-08-11T20:29:00.000,1.46,85.36,0.12,1.46
2025-08-11T20:30:00.000,1.55,84.40,0.15,1.54
2025-08-11T20:31:00.000,1.57,82.52,0.21,1.56
2025-08-11T20:32:00.000,1.70,79.19,0.32,1.67
2025-08-11T20:33:00.000,1.79,80.72,0.29,1.77
2025-08-11T20:34:00.000,1.61,83.74,0.18,1.60
2025-08-11T20:35:00.000,1.58,83.48,0.18,1.57
2025-08-11T20:36:00.000,1.52,83.43,0.17,1.51
2025-08-11T20:37:00.000,1.50,84.35,0.15,1.50
2025-08-11T20:38:00.000,1.66,80.57,0.27,1.63
2025-08-11T20:39:00.000,1.54,80.78,0.25,1.52
2025-08-11T20:40:00.000,1.63,84.04,0.17,1.62
2025-08-11T20:41:00.000,1.59,82.21,0.22,1.57
2025-08-11T20:42:00.000,1.48,83.94,0.16,1.48
2025-08-11T20:43:00.000,1.53,82.57,0.20,1.51
2025-08-11T20:44:00.000,1.40,84.46,0.14,1.39
2025-08-11T20:45:00.000,1.37,86.14,0.09,1.37
2025-08-11T20:46:00.000,1.36,86.10,0.09,1.35
2025-08-11T20:47:00.000,1.33,86.05,0.09,1.33
2025-08-11T20:48:00.000,1.33,84.53,0.13,1.33
2025-08-11T20:49:00.000,1.27,84.55,0.12,1.27
2025-08-11T20:50:00.000,1.25,84.73,0.12,1.25
2025-08-11T20:51:00.000,1.20,87.54,0.05,1.20
2025-08-11T20:52:00.000,1.26,84.34,0.12,1.25
2025-08-11T20:53:00.000,1.28,87.67,0.05,1.28
2025-08-11T20:54:00.000,1.28,87.31,0.06,1.27
2025-08-11T20:55:00.000,1.32,87.69,0.05,1.32
2025-08-11T20:56:00.000,1.24,95.70,-0.12,1.23
2025-08-11T20:57:00.000,1.23,95.96,-0.13,1.22
2025-08-11T20:58:00.000,1.30,94.00,-0.09,1.30
2025-08-11T20:59:00.000,1.49,83.17,0.18,1.48
2025-08-11T21:00:00.000,1.40,79.44,0.26,1.38
2025-08-11T21:01:00.000,1.38,79.03,0.26,1.35
2025-08-11T21:02:00.000,1.30,81.47,0.19,1.29
2025-08-11T21:03:00.000,1.35,79.67,0.24,1.33
2025-08-11T21:04:00.000,1.18,77.84,0.25,1.15
2025-08-11T21:05:00.000,1.08,76.59,0.25,1.05
2025-08-11T21:06:00.000,0.90,44.35,0.64,0.63
2025-08-11T21:07:00.000,0.97,77.51,0.21,0.95
2025-08-11T21:08:00.000,0.86,76.49,0.20,0.83
2025-08-11T21:09:00.000,0.97,77.59,0.21,0.95
2025-08-11T21:10:00.000,0.97,76.88,0.22,0.95
2025-08-11T21:11:00.000,0.75,77.37,0.16,0.73
2025-08-11T21:12:00.000,0.85,76.02,0.21,0.83
2025-08-11T21:13:00.000,0.97,75.55,0.24,0.94
2025-08-11T21:14:00.000,0.81,75.81,0.20,0.79
2025-08-11T21:15:00.000,0.90,76.62,0.21,0.88
2025-08-11T21:16:00.000,0.98,79.99,0.17,0.96
2025-08-11T21:17:00.000,0.86,81.27,0.13,0.85
2025-08-11T21:18:00.000,0.92,79.88,0.16,0.90
2025-08-11T21:19:00.000,0.88,80.08,0.15,0.87
2025-08-11T21:20:00.000,0.98,78.09,0.20,0.96
2025-08-11T21:21:00.000,0.83,76.76,0.19,0.81
2025-08-11T21:22:00.000,0.51,88.66,0.01,0.51
2025-08-11T21:23:00.000,1.28,65.13,0.54,1.16
2025-08-11T21:24:00.000,1.21,63.46,0.54,1.09
2025-08-11T21:25:00.000,0.88,81.30,0.13,0.87
2025-08-11T21:26:00.000,0.90,79.78,0.16,0.88
2025-08-11T21:27:00.000,0.86,82.44,0.11,0.85
2025-08-11T21:28:00.000,0.79,84.02,0.08,0.79
2025-08-11T21:29:00.000,1.01,82.23,0.14,1.00
2025-08-11T21:30:00.000,1.12,78.27,0.23,1.10
2025-08-11T21:31:00.000,1.08,80.52,0.18,1.06
2025-08-11T21:32:00.000,1.06,79.13,0.20,1.04
2025-08-11T21:33:00.000,1.20,69.55,0.42,1.12
2025-08-11T21:34:00.000,1.32,61.12,0.64,1.15
2025-08-11T21:35:00.000,1.49,66.64,0.59,1.36
2025-08-11T21:36:00.000,1.46,70.89,0.48,1.38
2025-08-11T21:37:00.000,1.38,89.86,0.00,1.38
2025-08-11T21:38:00.000,0.79,92.36,-0.03,0.79
2025-08-11T21:39:00.000,1.05,78.74,0.20,1.03
2025-08-11T21:40:00.000,1.04,79.46,0.19,1.02
2025-08-11T21:41:00.000,1.02,79.65,0.18,1.00
2025-08-11T21:42:00.000,1.03,79.05,0.20,1.01
2025-08-11T21:43:00.000,1.02,78.85,0.20,1.00
2025-08-11T21:44:00.000,0.99,79.53,0.18,0.97
2025-08-11T21:45:00.000,0.91,80.85,0.15,0.90
2025-08-11T21:46:00.000,0.89,82.45,0.12,0.88
2025-08-11T21:47:00.000,0.78,86.62,0.05,0.78
2025-08-11T21:48:00.000,0.73,88.87,0.01,0.73
2025-08-11T21:49:00.000,0.75,87.95,0.03,0.75
2025-08-11T21:50:00.000,0.84,82.12,0.11,0.83
2025-08-11T21:51:00.000,0.85,77.23,0.19,0.83
2025-08-11T21:52:00.000,0.78,84.31,0.08,0.78
2025-08-11T21:53:00.000,0.78,86.99,0.04,0.78
2025-08-11T21:54:00.000,0.53,114.13,-0.22,0.48
2025-08-11T21:55:00.000,0.52,127.31,-0.32,0.41
2025-08-11T21:56:00.000,0.55,103.35,-0.13,0.54
2025-08-11T21:57:00.000,0.49,110.51,-0.17,0.46
2025-08-11T21:58:00.000,0.56,102.54,-0.12,0.55
2025-08-11T21:59:00.000,0.55,100.07,-0.10,0.54
2025-08-11T22:00:00.000,0.56,104.29,-0.14,0.55
2025-08-11T22:01:00.000,0.63,98.94,-0.10,0.62
2025-08-11T22:02:00.000,0.52,111.39,-0.19,0.48
2025-08-11T22:03:00.000,0.61,98.74,-0.09,0.61
2025-08-11T22:04:00.000,0.58,101.94,-0.12,0.56
2025-08-11T22:05:00.000,0.65,95.15,-0.06,0.65
2025-08-11T22:06:00.000,0.54,108.84,-0.17,0.51
2025-08-11T22:07:00.000,0.61,100.48,-0.11,0.60
2025-08-11T22:08:00.000,0.59,100.60,-0.11,0.58
2025-08-11T22:09:00.000,0.48,120.28,-0.24,0.41
2025-08-11T22:10:00.000,0.57,106.90,-0.17,0.55
2025-08-11T22:11:00.000,0.47,116.21,-0.21,0.42
2025-08-11T22:12:00.000,0.54,108.55,-0.17,0.52
2025-08-11T22:13:00.000,0.60,96.48,-0.07,0.60
2025-08-11T22:14:00.000,0.68,81.15,0.10,0.67
2025-08-11T22:15:00.000,0.70,86.18,0.05,0.70
2025-08-11T22:16:00.000,0.64,88.47,0.02,0.64
2025-08-11T22:17:00.000,0.71,86.57,0.04,0.70
2025-08-11T22:18:00.000,0.74,85.31,0.06,0.74
2025-08-11T22:19:00.000,0.66,88.55,0.02,0.66
2025-08-11T22:20:00.000,0.76,85.13,0.06,0.76
2025-08-11T22:21:00.000,0.79,82.47,0.10,0.79
2025-08-11T22:22:00.000,0.80,83.89,0.09,0.80
2025-08-11T22:23:00.000,0.82,83.09,0.10,0.82
2025-08-11T22:24:00.000,0.84,81.95,0.12,0.83
2025-08-11T22:25:00.000,0.78,82.78,0.10,0.78
2025-08-11T22:26:00.000,0.82,82.83,0.10,0.81
2025-08-11T22:27:00.000,0.94,79.34,0.17,0.93
2025-08-11T22:28:00.000,0.84,82.13,0.12,0.83
2025-08-11T22:29:00.000,0.73,83.82,0.08,0.73
2025-08-11T22:30:00.000,0.85,81.27,0.13,0.84
2025-08-11T22:31:00.000,0.77,83.52,0.09,0.76
2025-08-11T22:32:00.000,0.85,81.23,0.13,0.84
2025-08-11T22:33:00.000,0.87,80.51,0.14,0.86
2025-08-11T22:34:00.000,0.81,82.37,0.11,0.81
2025-08-11T22:35:00.000,0.83,82.89,0.10,0.82
2025-08-11T22:36:00.000,0.82,82.89,0.10,0.82
2025-08-11T22:37:00.000,0.83,83.22,0.10,0.83
2025-08-11T22:38:00.000,0.83,82.58,0.11,0.82
2025-08-11T22:39:00.000,0.77,85.69,0.06,0.77
2025-08-11T22:40:00.000,0.76,86.08,0.05,0.76
2025-08-11T22:41:00.000,0.74,87.60,0.03,0.74
2025-08-11T22:42:00.000,0.77,87.14,0.04,0.77
2025-08-11T22:43:00.000,0.71,88.05,0.02,0.71
2025-08-11T22:44:00.000,0.85,84.11,0.09,0.84
2025-08-11T22:45:00.000,0.81,85.50,0.06,0.80
2025-08-11T22:46:00.000,0.73,87.48,0.03,0.73
2025-08-11T22:47:00.000,0.78,85.45,0.06,0.78
2025-08-11T22:48:00.000,0.79,85.62,0.06,0.79
2025-08-11T22:49:00.000,0.78,86.34,0.05,0.78
2025-08-11T22:50:00.000,0.79,85.55,0.06,0.79
2025-08-11T22:51:00.000,0.65,93.13,-0.04,0.65
2025-08-11T22:52:00.000,0.71,89.89,0.00,0.71
2025-08-11T22:53:00.000,0.64,94.48,-0.05,0.64
2025-08-11T22:54:00.000,0.65,93.27,-0.04,0.65
2025-08-11T22:55:00.000,0.74,90.29,-0.00,0.74
2025-08-11T22:56:00.000,0.68,91.96,-0.02,0.68
2025-08-11T22:57:00.000,0.67,93.81,-0.04,0.67
2025-08-11T22:58:00.000,0.63,95.04,-0.06,0.63
2025-08-11T22:59:00.000,0.60,99.97,-0.10,0.59
2025-08-11T23:00:00.000,0.60,101.36,-0.12,0.59
2025-08-11T23:01:00.000,0.61,95.57,-0.06,0.60
2025-08-11T23:02:00.000,0.60,96.16,-0.06,0.60
2025-08-11T23:03:00.000,0.59,95.94,-0.06,0.58
2025-08-11T23:04:00.000,0.66,92.22,-0.03,0.66
2025-08-11T23:05:00.000,0.71,89.34,0.01,0.71
2025-08-11T23:06:00.000,0.66,91.02,-0.01,0.66
2025-08-11T23:07:00.000,0.80,85.61,0.06,0.80
2025-08-11T23:08:00.000,0.80,85.42,0.06,0.80
2025-08-11T23:09:00.000,0.79,84.48,0.08,0.79
2025-08-11T23:10:00.000,0.84,84.20,0.08,0.83
2025-08-11T23:11:00.000,0.80,84.33,0.08,0.80
2025-08-11T23:12:00.000,0.80,83.86,0.09,0.80
2025-08-11T23:13:00.000,0.85,82.77,0.11,0.85
2025-08-11T23:14:00.000,0.78,83.87,0.08,0.77
2025-08-11T23:15:00.000,0.79,85.50,0.06,0.79
2025-08-11T23:16:00.000,0.82,83.59,0.09,0.82
2025-08-11T23:17:00.000,0.84,84.07,0.09,0.83
2025-08-11T23:18:00.000,0.79,84.61,0.07,0.79
2025-08-11T23:19:00.000,0.79,84.11,0.08,0.79
2025-08-11T23:20:00.000,0.82,84.53,0.08,0.81
2025-08-11T23:21:00.000,0.82,84.10,0.08,0.81
2025-08-11T23:22:00.000,0.83,82.96,0.10,0.82
2025-08-11T23:23:00.000,0.84,83.19,0.10,0.83
2025-08-11T23:24:00.000,0.83,82.35,0.11,0.83
2025-08-11T23:25:00.000,0.83,83.81,0.09,0.83
2025-08-11T23:26:00.000,0.90,81.41,0.13,0.89
2025-08-11T23:27:00.000,0.91,81.34,0.14,0.90
2025-08-11T23:28:00.000,0.96,80.51,0.16,0.95
2025-08-11T23:29:00.000,0.97,79.74,0.17,0.95
2025-08-11T23:30:00.000,0.99,78.97,0.19,0.98
2025-08-11T23:31:00.000,1.01,78.62,0.20,0.99
2025-08-11T23:32:00.000,1.00,79.28,0.19,0.99
2025-08-11T23:33:00.000,1.02,79.50,0.18,1.00
2025-08-11T23:34:00.000,1.02,79.40,0.19,1.00
2025-08-11T23:35:00.000,1.02,77.22,0.22,0.99
2025-08-11T23:36:00.000,1.01,77.83,0.21,0.99
2025-08-11T23:37:00.000,1.00,78.04,0.21,0.98
2025-08-11T23:38:00.000,1.00,78.34,0.20,0.98
2025-08-11T23:39:00.000,0.99,78.62,0.19,0.97
2025-08-11T23:40:00.000,1.00,78.69,0.20,0.99
2025-08-11T23:41:00.000,1.00,78.74,0.19,0.98
2025-08-11T23:42:00.000,0.99,78.53,0.20,0.97
2025-08-11T23:43:00.000,1.01,77.47,0.22,0.98
2025-08-11T23:44:00.000,1.02,78.06,0.21,0.99
2025-08-11T23:45:00.000,1.16,76.67,0.27,1.13
2025-08-11T23:46:00.000,1.26,76.05,0.30,1.22
2025-08-11T23:47:00.000,1.97,72.14,0.61,1.88
2025-08-11T23:48:00.000,5.39,68.10,2.01,5.00
2025-08-11T23:49:00.000,6.99,64.01,3.06,6.29
2025-08-11T23:50:00.000,9.28,63.71,4.11,8.32
2025-08-11T23:51:00.000,11.39,63.37,5.11,10.18
2025-08-11T23:52:00.000,12.78,64.05,5.59,11.49
2025-08-11T23:53:00.000,14.38,63.45,6.43,12.87
2025-08-11T23:54:00.000,15.95,64.18,6.95,14.35
2025-08-11T23:55:00.000,17.21,64.15,7.51,15.49
2025-08-11T23:56:00.000,18.09,63.74,8.00,16.22
2025-08-11T23:57:00.000,19.49,63.43,8.72,17.43
2025-08-11T23:58:00.000,20.62,62.92,9.39,18.36
2025-08-11T23:59:00.000,21.59,62.29,10.04,19.11
2025-08-12T00:00:00.000,22.65,62.09,10.60,20.02
2025-08-12T00:01:00.000,23.63,61.60,11.24,20.79
2025-08-12T00:02:00.000,24.50,61.04,11.86,21.44
2025-08-12T00:03:00.000,25.40,60.39,12.55,22.09
2025-08-12T00:04:00.000,25.89,60.17,12.88,22.46
2025-08-12T00:05:00.000,26.96,59.90,13.52,23.33
2025-08-12T00:06:00.000,27.77,59.53,14.09,23.94
2025-08-12T00:07:00.000,28.66,59.43,14.57,24.68
2025-08-12T00:08:00.000,29.57,59.62,14.96,25.51
2025-08-12T00:09:00.000,30.31,59.96,15.17,26.24
2025-08-12T00:10:00.000,31.23,59.74,15.74,26.98
2025-08-12T00:11:00.000,32.05,59.33,16.35,27.57
2025-08-12T00:12:00.000,33.45,58.84,17.31,28.62
2025-08-12T00:13:00.000,34.46,58.78,17.86,29.47
2025-08-12T00:14:00.000,35.86,58.83,18.56,30.68
2025-08-12T00:15:00.000,37.10,58.73,19.26,31.71
2025-08-12T00:16:00.000,38.66,58.76,20.05,33.06
2025-08-12T00:17:00.000,39.70,58.79,20.57,33.95
2025-08-12T00:18:00.000,40.90,58.39,21.44,34.84
2025-08-12T00:19:00.000,42.62,58.18,22.47,36.21
2025-08-12T00:20:00.000,44.51,58.32,23.37,37.88
2025-08-12T00:21:00.000,46.11,58.15,24.33,39.17
2025-08-12T00:22:00.000,46.99,58.09,24.84,39.88
2025-08-12T00:23:00.000,48.17,58.17,25.41,40.93
2025-08-12T00:24:00.000,50.16,57.89,26.66,42.49
2025-08-12T00:25:00.000,51.24,57.73,27.35,43.32
2025-08-12T00:26:00.000,52.35,57.43,28.18,44.12
2025-08-12T00:27:00.000,53.82,57.18,29.17,45.23
2025-08-12T00:28:00.000,55.01,57.39,29.64,46.34
2025-08-12T00:29:00.000,56.37,57.21,30.52,47.39
2025-08-12T00:30:00.000,55.00,57.24,29.77,46.25
2025-08-12T00:31:00.000,56.73,57.33,30.63,47.75
2025-08-12T00:32:00.000,56.84,57.30,30.71,47.84
2025-08-12T00:33:00.000,55.98,57.26,30.28,47.09
2025-08-12T00:34:00.000,55.50,57.46,29.85,46.79
2025-08-12T00:35:00.000,56.42,57.46,30.35,47.56
2025-08-12T00:36:00.000,54.99,58.11,29.05,46.69
2025-08-12T00:37:00.000,56.67,57.61,30.35,47.86
2025-08-12T00:38:00.000,55.23,56.35,30.60,45.97
2025-08-12T00:39:00.000,55.81,57.00,30.39,46.81
2025-08-12T00:40:00.000,55.98,56.97,30.51,46.93
2025-08-12T00:41:00.000,53.63,57.01,29.20,44.98
2025-08-12T00:42:00.000,54.11,57.26,29.27,45.52
2025-08-12T00:43:00.000,55.25,57.16,29.96,46.42
2025-08-12T00:44:00.000,55.12,57.08,29.96,46.27
2025-08-12T00:45:00.000,54.33,57.66,29.06,45.90
2025-08-12T00:46:00.000,56.41,57.11,30.63,47.37
2025-08-12T00:47:00.000,55.32,57.18,29.98,46.49
2025-08-12T00:48:00.000,56.49,57.09,30.69,47.42
2025-08-12T00:49:00.000,56.63,56.99,30.85,47.49
2025-08-12T00:50:00.000,56.53,57.36,30.49,47.60
2025-08-12T00:51:00.000,58.96,57.05,32.07,49.48
2025-08-12T00:52:00.000,59.19,56.71,32.49,49.48
2025-08-12T00:53:00.000,59.85,58.22,31.52,50.88
2025-08-12T00:54:00.000,60.15,53.57,35.72,48.39
2025-08-12T00:55:00.000,61.67,52.87,37.22,49.17
2025-08-12T00:56:00.000,61.12,53.56,36.30,49.17
2025-08-12T00:57:00.000,60.71,53.83,35.83,49.01
2025-08-12T00:58:00.000,62.79,55.52,35.55,51.76
2025-08-12T00:59:00.000,62.60,54.27,36.56,50.82
2025-08-12T01:00:00.000,64.57,54.00,37.95,52.24
2025-08-12T01:01:00.000,67.04,53.44,39.94,53.85
2025-08-12T01:02:00.000,66.83,54.71,38.61,54.55
2025-08-12T01:03:00.000,67.97,54.70,39.27,55.47
2025-08-12T01:04:00.000,69.31,53.84,40.90,55.95
2025-08-12T01:05:00.000,73.41,54.01,43.14,59.40
2025-08-12T01:06:00.000,72.03,53.96,42.38,58.24
2025-08-12T01:07:00.000,75.42,54.36,43.95,61.29
2025-08-12T01:08:00.000,75.80,54.26,44.27,61.53
2025-08-12T01:09:00.000,78.04,54.00,45.87,63.13
2025-08-12T01:10:00.000,79.11,54.22,46.26,64.18
2025-08-12T01:11:00.000,78.56,54.20,45.95,63.72
2025-08-12T01:12:00.000,83.65,55.26,47.67,68.74
2025-08-12T01:13:00.000,83.45,54.80,48.10,68.20
2025-08-12T01:14:00.000,82.45,54.57,47.79,67.18
2025-08-12T01:15:00.000,84.05,54.21,49.15,68.18
2025-08-12T01:16:00.000,85.02,54.16,49.79,68.92
2025-08-12T01:17:00.000,83.64,54.42,48.66,68.03
2025-08-12T01:18:00.000,84.12,54.51,48.83,68.49
2025-08-12T01:19:00.000,82.40,54.40,47.97,67.00
2025-08-12T01:20:00.000,84.04,54.06,49.32,68.05
2025-08-12T01:21:00.000,81.10,53.56,48.18,65.24
2025-08-12T01:22:00.000,81.42,53.63,48.28,65.56
2025-08-12T01:23:00.000,78.08,53.65,46.29,62.89
2025-08-12T01:24:00.000,80.13,52.69,48.58,63.73
2025-08-12T01:25:00.000,77.04,53.06,46.30,61.58
2025-08-12T01:26:00.000,76.81,53.25,45.96,61.54
2025-08-12T01:27:00.000,75.85,53.24,45.39,60.77
2025-08-12T01:28:00.000,74.20,53.39,44.25,59.56
2025-08-12T01:29:00.000,73.67,53.46,43.86,59.19
2025-08-12T01:30:00.000,71.64,53.58,42.53,57.65
2025-08-12T01:31:00.000,69.34,53.75,41.01,55.92
2025-08-12T01:32:00.000,68.47,53.79,40.45,55.25
2025-08-12T01:33:00.000,63.60,53.88,37.49,51.38
2025-08-12T01:34:00.000,64.82,54.10,38.01,52.51
2025-08-12T01:35:00.000,61.78,54.37,35.99,50.21
2025-08-12T01:36:00.000,60.31,54.54,34.98,49.13
2025-08-12T01:37:00.000,59.15,54.66,34.21,48.25
2025-08-12T01:38:00.000,57.07,54.81,32.89,46.64
2025-08-12T01:39:00.000,55.98,54.89,32.20,45.80
2025-08-12T01:40:00.000,55.60,54.93,31.94,45.51
2025-08-12T01:41:00.000,54.25,55.00,31.11,44.44
2025-08-12T01:42:00.000,51.93,55.16,29.66,42.62
2025-08-12T01:43:00.000,51.74,55.23,29.51,42.51
2025-08-12T01:44:00.000,51.21,55.20,29.22,42.05
2025-08-12T01:45:00.000,48.72,55.66,27.48,40.23
2025-08-12T01:46:00.000,48.93,55.25,27.89,40.20
2025-08-12T01:47:00.000,47.30,54.27,27.62,38.40
2025-08-12T01:48:00.000,47.91,54.52,27.81,39.02
2025-08-12T01:49:00.000,46.35,54.55,26.88,37.76
2025-08-12T01:50:00.000,46.39,54.32,27.05,37.68
2025-08-12T01:51:00.000,46.08,54.54,26.73,37.53
2025-08-12T01:52:00.000,45.03,54.80,25.96,36.80
2025-08-12T01:53:00.000,44.52,54.88,25.62,36.42
2025-08-12T01:54:00.000,44.33,54.94,25.47,36.29
2025-08-12T01:55:00.000,44.62,55.00,25.59,36.55
2025-08-12T01:56:00.000,43.86,55.08,25.11,35.97
2025-08-12T01:57:00.000,43.51,55.35,24.74,35.80
2025-08-12T01:58:00.000,43.10,55.38,24.49,35.47
2025-08-12T01:59:00.000,42.65,55.85,23.94,35.30
2025-08-12T02:00:00.000,42.54,55.58,24.04,35.09
2025-08-12T02:01:00.000,42.55,55.38,24.17,35.02
2025-08-12T02:02:00.000,42.68,55.73,24.03,35.27
2025-08-12T02:03:00.000,42.80,55.54,24.22,35.29
2025-08-12T02:04:00.000,42.54,55.55,24.06,35.08
2025-08-12T02:05:00.000,42.30,55.57,23.92,34.89
2025-08-12T02:06:00.000,42.24,55.73,23.79,34.91
2025-08-12T02:07:00.000,43.00,55.64,24.27,35.50
2025-08-12T02:08:00.000,42.14,55.62,23.80,34.78
2025-08-12T02:09:00.000,42.86,56.03,23.95,35.55
2025-08-12T02:10:00.000,43.10,56.57,23.74,35.97
2025-08-12T02:11:00.000,42.61,56.33,23.62,35.46
2025-08-12T02:12:00.000,42.30,56.24,23.51,35.17
2025-08-12T02:13:00.000,41.98,56.10,23.41,34.84
2025-08-12T02:14:00.000,41.72,56.41,23.08,34.75
2025-08-12T02:15:00.000,41.74,56.51,23.03,34.81
2025-08-12T02:16:00.000,39.84,56.37,22.06,33.17
2025-08-12T02:17:00.000,40.69,56.23,22.62,33.83
2025-08-12T02:18:00.000,39.53,56.24,21.97,32.86
2025-08-12T02:19:00.000,39.64,56.15,22.08,32.92
2025-08-12T02:20:00.000,37.36,56.39,20.68,31.11
2025-08-12T02:21:00.000,37.32,56.56,20.56,31.14
2025-08-12T02:22:00.000,36.38,56.34,20.17,30.28
2025-08-12T02:23:00.000,35.91,56.08,20.04,29.80
2025-08-12T02:24:00.000,35.97,56.09,20.07,29.85
2025-08-12T02:25:00.000,35.12,56.51,19.38,29.29
2025-08-12T02:26:00.000,34.31,56.62,18.87,28.65
2025-08-12T02:27:00.000,33.85,56.60,18.63,28.26
2025-08-12T02:28:00.000,32.87,56.79,18.00,27.50
2025-08-12T02:29:00.000,32.43,56.62,17.84,27.08
2025-08-12T02:30:00.000,31.80,56.55,17.53,26.54
2025-08-12T02:31:00.000,31.28,56.65,17.19,26.12
2025-08-12T02:32:00.000,30.87,56.77,16.92,25.83
2025-08-12T02:33:00.000,30.47,56.52,16.81,25.42
2025-08-12T02:34:00.000,29.48,56.96,16.07,24.71
2025-08-12T02:35:00.000,28.97,57.22,15.69,24.36
2025-08-12T02:36:00.000,28.47,57.36,15.36,23.97
2025-08-12T02:37:00.000,27.91,57.52,14.99,23.54
2025-08-12T02:38:00.000,27.20,57.11,14.77,22.84
2025-08-12T02:39:00.000,26.69,56.27,14.82,22.20
2025-08-12T02:40:00.000,26.18,56.48,14.46,21.82
2025-08-12T02:41:00.000,25.30,56.64,13.91,21.13
2025-08-12T02:42:00.000,25.04,56.49,13.82,20.88
2025-08-12T02:43:00.000,24.08,56.30,13.36,20.03
2025-08-12T02:44:00.000,23.59,56.52,13.01,19.67
2025-08-12T02:45:00.000,22.73,56.22,12.64,18.89
2025-08-12T02:46:00.000,22.44,55.84,12.60,18.57
2025-08-12T02:47:00.000,21.83,55.16,12.47,17.92
2025-08-12T02:48:00.000,21.23,55.44,12.04,17.48
2025-08-12T02:49:00.000,20.55,55.52,11.63,16.94
2025-08-12T02:50:00.000,20.27,55.56,11.46,16.71
2025-08-12T02:51:00.000,19.39,55.92,10.87,16.06
2025-08-12T02:52:00.000,18.82,55.40,10.69,15.49
2025-08-12T02:53:00.000,17.93,55.72,10.10,14.82
2025-08-12T02:54:00.000,17.92,55.15,10.24,14.71
2025-08-12T02:55:00.000,16.95,54.38,9.87,13.78
2025-08-12T02:56:00.000,16.23,55.47,9.20,13.37
2025-08-12T02:57:00.000,15.14,55.62,8.55,12.49
2025-08-12T02:58:00.000,14.72,55.49,8.34,12.13
2025-08-12T02:59:00.000,13.68,55.29,7.79,11.25
2025-08-12T03:00:00.000,12.31,55.95,6.89,10.20
2025-08-12T03:01:00.000,12.57,56.08,7.02,10.43
2025-08-12T03:02:00.000,11.91,55.62,6.73,9.83
2025-08-12T03:03:00.000,10.18,55.41,5.78,8.38
2025-08-12T03:04:00.000,9.88,55.38,5.61,8.13
2025-08-12T03:05:00.000,9.12,55.52,5.16,7.52
2025-08-12T03:06:00.000,7.50,54.56,4.35,6.11
2025-08-12T03:07:00.000,6.88,54.72,3.98,5.62
2025-08-12T03:08:00.000,6.98,54.47,4.06,5.68
2025-08-12T03:09:00.000,5.93,54.10,3.47,4.80
2025-08-12T03:10:00.000,4.50,54.29,2.63,3.66
2025-08-12T03:11:00.000,3.91,54.80,2.25,3.19
2025-08-12T03:12:00.000,3.54,53.22,2.12,2.84
2025-08-12T03:13:00.000,3.24,54.60,1.88,2.64
2025-08-12T03:14:00.000,2.80,55.04,1.60,2.29
2025-08-12T03:15:00.000,2.36,57.93,1.25,2.00
2025-08-12T03:16:00.000,2.29,58.04,1.21,1.94
2025-08-12T03:17:00.000,2.12,59.62,1.07,1.83
2025-08-12T03:18:00.000,2.32,59.19,1.19,1.99
2025-08-12T03:19:00.000,2.02,62.54,0.93,1.79
2025-08-12T03:20:00.000,2.11,61.54,1.01,1.86
2025-08-12T03:21:00.000,2.07,62.46,0.96,1.84
2025-08-12T03:22:00.000,2.13,63.75,0.94,1.91
2025-08-12T03:23:00.000,2.04,62.82,0.93,1.81
2025-08-12T03:24:00.000,2.36,61.21,1.14,2.07
2025-08-12T03:25:00.000,2.11,61.25,1.01,1.85
2025-08-12T03:26:00.000,2.19,60.60,1.07,1.90
2025-08-12T03:27:00.000,2.23,59.41,1.13,1.92
2025-08-12T03:28:00.000,2.28,59.10,1.17,1.96
2025-08-12T03:29:00.000,2.24,61.23,1.08,1.97
2025-08-12T03:30:00.000,2.16,60.47,1.06,1.88
2025-08-12T03:31:00.000,2.08,60.96,1.01,1.82
2025-08-12T03:32:00.000,2.18,60.47,1.07,1.89
2025-08-12T03:33:00.000,2.28,60.51,1.12,1.98
2025-08-12T03:34:00.000,2.22,60.04,1.11,1.93
2025-08-12T03:35:00.000,2.23,60.21,1.11,1.94
2025-08-12T03:36:00.000,2.84,58.24,1.49,2.41
2025-08-12T03:37:00.000,2.33,59.56,1.18,2.01
2025-08-12T03:38:00.000,2.40,59.79,1.21,2.07
2025-08-12T03:39:00.000,2.30,59.80,1.16,1.99
2025-08-12T03:40:00.000,2.41,59.33,1.23,2.07
2025-08-12T03:41:00.000,2.35,59.04,1.21,2.02
2025-08-12T03:42:00.000,2.22,60.09,1.11,1.92
2025-08-12T03:43:00.000,2.30,59.53,1.17,1.98
2025-08-12T03:44:00.000,2.34,60.12,1.16,2.02
2025-08-12T03:45:00.000,2.28,60.23,1.13,1.98
2025-08-12T03:46:00.000,2.38,59.73,1.20,2.05
2025-08-12T03:47:00.000,2.42,60.65,1.19,2.11
2025-08-12T03:48:00.000,2.51,59.29,1.28,2.16
2025-08-12T03:49:00.000,3.49,56.93,1.90,2.92
2025-08-12T03:50:00.000,2.53,63.13,1.14,2.25
2025-08-12T03:51:00.000,2.70,61.94,1.27,2.38
2025-08-12T03:52:00.000,2.75,57.91,1.46,2.33
2025-08-12T03:53:00.000,2.30,62.02,1.08,2.03
2025-08-12T03:54:00.000,2.20,62.11,1.03,1.94
2025-08-12T03:55:00.000,2.14,61.18,1.03,1.87
2025-08-12T03:56:00.000,2.15,60.47,1.06,1.87
2025-08-12T03:57:00.000,2.23,59.94,1.12,1.93
2025-08-12T03:58:00.000,2.11,60.28,1.05,1.83
2025-08-12T03:59:00.000,2.46,61.87,1.16,2.17
2025-08-12T04:00:00.000,2.45,60.18,1.22,2.13
2025-08-12T04:01:00.000,2.61,56.14,1.46,2.17
2025-08-12T04:02:00.000,2.36,60.38,1.17,2.05
2025-08-12T04:03:00.000,2.35,60.18,1.17,2.04
2025-08-12T04:04:00.000,2.08,60.12,1.03,1.80
2025-08-12T04:05:00.000,1.81,61.48,0.86,1.59
2025-08-12T04:06:00.000,1.87,62.58,0.86,1.66
2025-08-12T04:07:00.000,1.76,61.20,0.85,1.54
2025-08-12T04:08:00.000,1.71,60.73,0.83,1.49
2025-08-12T04:09:00.000,1.81,61.96,0.85,1.60
2025-08-12T04:10:00.000,1.90,62.04,0.89,1.68
2025-08-12T04:11:00.000,1.94,60.85,0.95,1.70
2025-08-12T04:12:00.000,2.27,58.59,1.18,1.94
2025-08-12T04:13:00.000,1.94,60.00,0.97,1.68
2025-08-12T04:14:00.000,1.89,60.53,0.93,1.64
2025-08-12T04:15:00.000,1.81,60.73,0.89,1.58
2025-08-12T04:16:00.000,1.87,61.12,0.91,1.64
2025-08-12T04:17:00.000,1.71,60.99,0.83,1.49
2025-08-12T04:18:00.000,1.72,60.68,0.84,1.50
2025-08-12T04:19:00.000,1.75,61.29,0.84,1.53
2025-08-12T04:20:00.000,1.73,62.40,0.80,1.54
2025-08-12T04:21:00.000,1.76,60.10,0.88,1.52
2025-08-12T04:22:00.000,1.72,61.15,0.83,1.51
2025-08-12T04:23:00.000,1.79,61.77,0.85,1.58
2025-08-12T04:24:00.000,1.81,61.89,0.85,1.60
2025-08-12T04:25:00.000,1.92,61.27,0.92,1.69
2025-08-12T04:26:00.000,2.36,62.21,1.10,2.09
2025-08-12T04:27:00.000,1.91,60.72,0.93,1.66
2025-08-12T04:28:00.000,1.84,61.29,0.88,1.62
2025-08-12T04:29:00.000,2.00,61.53,0.95,1.76
2025-08-12T04:30:00.000,2.05,60.63,1.00,1.79
2025-08-12T04:31:00.000,1.99,61.20,0.96,1.74
2025-08-12T04:32:00.000,1.85,60.58,0.91,1.61
2025-08-12T04:33:00.000,2.01,60.23,1.00,1.75
2025-08-12T04:34:00.000,2.07,60.92,1.00,1.80
2025-08-12T04:35:00.000,1.84,63.39,0.83,1.65
2025-08-12T04:36:00.000,2.06,61.84,0.97,1.82
2025-08-12T04:37:00.000,1.89,63.13,0.86,1.69
2025-08-12T04:38:00.000,1.97,61.75,0.93,1.73
2025-08-12T04:39:00.000,1.87,62.84,0.85,1.67
2025-08-12T04:40:00.000,1.81,62.65,0.83,1.60
2025-08-12T04:41:00.000,1.88,61.61,0.89,1.66
2025-08-12T04:42:00.000,1.70,61.57,0.81,1.50
2025-08-12T04:43:00.000,1.69,60.86,0.82,1.48
2025-08-12T04:44:00.000,1.69,61.42,0.81,1.48
2025-08-12T04:45:00.000,1.62,62.87,0.74,1.44
2025-08-12T04:46:00.000,1.66,62.64,0.76,1.48
2025-08-12T04:47:00.000,1.63,61.77,0.77,1.43
2025-08-12T04:48:00.000,1.64,64.31,0.71,1.47
2025-08-12T04:49:00.000,1.68,62.46,0.78,1.49
2025-08-12T04:50:00.000,1.62,62.84,0.74,1.44
2025-08-12T04:51:00.000,1.71,61.53,0.82,1.50
2025-08-12T04:52:00.000,1.64,62.29,0.76,1.45
2025-08-12T04:53:00.000,1.70,63.31,0.76,1.52
2025-08-12T04:54:00.000,1.78,62.25,0.83,1.57
2025-08-12T04:55:00.000,1.67,60.88,0.82,1.46
2025-08-12T04:56:00.000,1.63,59.87,0.82,1.41
2025-08-12T04:57:00.000,1.57,59.51,0.80,1.35
2025-08-12T04:58:00.000,1.57,60.37,0.77,1.36
2025-08-12T04:59:00.000,1.60,60.68,0.79,1.40
2025-08-12T05:00:00.000,1.58,61.66,0.75,1.39
2025-08-12T05:01:00.000,1.61,62.31,0.75,1.42
2025-08-12T05:02:00.000,1.62,61.84,0.76,1.43
2025-08-12T05:03:00.000,1.65,63.06,0.75,1.47
2025-08-12T05:04:00.000,1.60,63.80,0.71,1.44
2025-08-12T05:05:00.000,1.59,64.39,0.69,1.44
2025-08-12T05:06:00.000,1.62,62.92,0.74,1.44
2025-08-12T05:07:00.000,1.63,63.35,0.73,1.45
2025-08-12T05:08:00.000,1.67,63.96,0.73,1.50
2025-08-12T05:09:00.000,1.63,63.00,0.74,1.46
2025-08-12T05:10:00.000,1.62,62.65,0.74,1.44
2025-08-12T05:11:00.000,1.60,62.31,0.74,1.42
2025-08-12T05:12:00.000,1.59,62.09,0.75,1.41
2025-08-12T05:13:00.000,1.41,60.41,0.70,1.23
2025-08-12T05:14:00.000,1.46,61.98,0.68,1.29
2025-08-12T05:15:00.000,1.47,62.48,0.68,1.30
2025-08-12T05:16:00.000,1.49,62.25,0.69,1.32
2025-08-12T05:17:00.000,1.47,62.21,0.68,1.30
2025-08-12T05:18:00.000,1.51,61.03,0.73,1.32
2025-08-12T05:19:00.000,1.48,61.41,0.71,1.30
2025-08-12T05:20:00.000,1.62,60.13,0.81,1.41
2025-08-12T05:21:00.000,1.51,60.85,0.74,1.32
2025-08-12T05:22:00.000,1.54,60.06,0.77,1.33
2025-08-12T05:23:00.000,1.61,59.53,0.82,1.39
2025-08-12T05:24:00.000,1.51,60.76,0.74,1.32
2025-08-12T05:25:00.000,1.65,63.10,0.74,1.47
2025-08-12T05:26:00.000,1.53,62.50,0.71,1.36
2025-08-12T05:27:00.000,1.62,62.55,0.75,1.44
2025-08-12T05:28:00.000,1.58,60.89,0.77,1.38
2025-08-12T05:29:00.000,1.54,61.97,0.72,1.36
2025-08-12T05:30:00.000,1.65,61.33,0.79,1.45
2025-08-12T05:31:00.000,1.59,59.85,0.80,1.37
2025-08-12T05:32:00.000,1.66,60.16,0.83,1.44
2025-08-12T05:33:00.000,1.60,60.52,0.79,1.39
2025-08-12T05:34:00.000,1.64,59.91,0.82,1.42
2025-08-12T05:35:00.000,1.76,60.13,0.87,1.52
2025-08-12T05:36:00.000,1.53,61.45,0.73,1.34
2025-08-12T05:37:00.000,1.67,59.80,0.84,1.44
2025-08-12T05:38:00.000,1.54,61.71,0.73,1.35
2025-08-12T05:39:00.000,1.62,59.51,0.82,1.40
2025-08-12T05:40:00.000,1.57,60.75,0.77,1.37
2025-08-12T05:41:00.000,1.57,60.78,0.76,1.37
2025-08-12T05:42:00.000,1.55,62.07,0.73,1.37
2025-08-12T05:43:00.000,1.53,62.24,0.71,1.36
2025-08-12T05:44:00.000,1.57,62.68,0.72,1.40
2025-08-12T05:45:00.000,1.65,62.13,0.77,1.46
2025-08-12T05:46:00.000,1.51,62.55,0.70,1.34
2025-08-12T05:47:00.000,1.56,62.18,0.73,1.38
2025-08-12T05:48:00.000,1.57,61.45,0.75,1.38
2025-08-12T05:49:00.000,1.54,61.93,0.73,1.36
2025-08-12T05:50:00.000,1.50,62.08,0.70,1.32
2025-08-12T05:51:00.000,1.51,61.92,0.71,1.33
2025-08-12T05:52:00.000,1.51,62.71,0.69,1.35
2025-08-12T05:53:00.000,1.45,62.73,0.66,1.29
2025-08-12T05:54:00.000,1.48,62.00,0.70,1.31
2025-08-12T05:55:00.000,1.49,60.27,0.74,1.29
2025-08-12T05:56:00.000,1.49,62.25,0.69,1.32
2025-08-12T05:57:00.000,1.42,63.36,0.64,1.27
2025-08-12T05:58:00.000,1.45,63.16,0.65,1.29
2025-08-12T05:59:00.000,1.32,65.95,0.54,1.20
2025-08-12T06:00:00.000,1.29,63.76,0.57,1.16
2025-08-12T06:01:00.000,1.29,67.02,0.50,1.19
2025-08-12T06:02:00.000,1.38,65.77,0.57,1.26
2025-08-12T06:03:00.000,1.01,71.01,0.33,0.96
2025-08-12T06:04:00.000,1.37,64.99,0.58,1.24
2025-08-12T06:05:00.000,1.36,65.15,0.57,1.23
2025-08-12T06:06:00.000,1.44,64.37,0.62,1.29
2025-08-12T06:07:00.000,1.34,64.18,0.59,1.21
2025-08-12T06:08:00.000,1.35,64.96,0.57,1.22
2025-08-12T06:09:00.000,1.42,64.10,0.62,1.28
2025-08-12T06:10:00.000,1.39,64.31,0.60,1.25
2025-08-12T06:11:00.000,1.36,62.81,0.62,1.21
2025-08-12T06:12:00.000,1.46,62.85,0.67,1.30
2025-08-12T06:13:00.000,1.41,63.25,0.63,1.26
2025-08-12T06:14:00.000,1.41,63.07,0.64,1.26
2025-08-12T06:15:00.000,1.48,63.66,0.66,1.33
2025-08-12T06:16:00.000,1.47,61.72,0.70,1.30
2025-08-12T06:17:00.000,1.44,61.02,0.70,1.26
2025-08-12T06:18:00.000,1.45,62.84,0.66,1.29
2025-08-12T06:19:00.000,1.47,62.85,0.67,1.31
2025-08-12T06:20:00.000,1.42,63.57,0.63,1.27
2025-08-12T06:21:00.000,1.44,62.88,0.66,1.28
2025-08-12T06:22:00.000,1.48,62.36,0.69,1.31
2025-08-12T06:23:00.000,1.45,61.79,0.69,1.28
2025-08-12T06:24:00.000,1.40,62.61,0.64,1.24
2025-08-12T06:25:00.000,1.42,62.92,0.65,1.26
2025-08-12T06:26:00.000,1.47,63.43,0.66,1.32
2025-08-12T06:27:00.000,1.49,63.04,0.67,1.33
2025-08-12T06:28:00.000,1.51,62.62,0.69,1.34
2025-08-12T06:29:00.000,1.54,63.44,0.69,1.38
2025-08-12T06:30:00.000,1.72,62.37,0.80,1.53
2025-08-12T06:31:00.000,1.59,61.46,0.76,1.40
2025-08-12T06:32:00.000,1.62,61.51,0.77,1.42
2025-08-12T06:33:00.000,1.67,61.18,0.81,1.47
2025-08-12T06:34:00.000,1.55,62.37,0.72,1.37
2025-08-12T06:35:00.000,1.51,62.09,0.71,1.34
2025-08-12T06:36:00.000,1.49,61.75,0.71,1.31
2025-08-12T06:37:00.000,1.49,61.58,0.71,1.31
2025-08-12T06:38:00.000,1.51,60.60,0.74,1.31
2025-08-12T06:39:00.000,1.55,60.82,0.75,1.35
2025-08-12T06:40:00.000,1.57,62.89,0.71,1.39
2025-08-12T06:41:00.000,1.51,62.23,0.70,1.33
2025-08-12T06:42:00.000,1.51,61.40,0.72,1.32
2025-08-12T06:43:00.000,1.53,59.66,0.77,1.32
2025-08-12T06:44:00.000,1.48,60.21,0.73,1.28
2025-08-12T06:45:00.000,1.45,60.58,0.71,1.27
2025-08-12T06:46:00.000,1.46,59.53,0.74,1.26
2025-08-12T06:47:00.000,1.46,60.22,0.72,1.26
2025-08-12T06:48:00.000,1.46,59.93,0.73,1.27
2025-08-12T06:49:00.000,1.46,59.26,0.75,1.26
2025-08-12T06:50:00.000,1.60,57.88,0.85,1.36
2025-08-12T06:51:00.000,1.49,59.27,0.76,1.28
2025-08-12T06:52:00.000,1.49,59.96,0.75,1.29
2025-08-12T06:53:00.000,1.51,60.35,0.75,1.31
2025-08-12T06:54:00.000,1.53,61.51,0.73,1.35
2025-08-12T06:55:00.000,1.48,60.86,0.72,1.29
2025-08-12T06:56:00.000,1.47,61.72,0.70,1.30
2025-08-12T06:57:00.000,1.53,60.88,0.74,1.34
2025-08-12T06:58:00.000,1.48,61.81,0.70,1.30
2025-08-12T06:59:00.000,1.49,61.25,0.72,1.31
2025-08-12T07:00:00.000,1.48,62.26,0.69,1.31
2025-08-12T07:01:00.000,1.48,62.27,0.69,1.31
2025-08-12T07:02:00.000,1.46,62.71,0.67,1.30
2025-08-12T07:03:00.000,1.48,62.05,0.69,1.31
2025-08-12T07:04:00.000,1.46,62.45,0.68,1.30
2025-08-12T07:05:00.000,1.48,62.37,0.69,1.31
2025-08-12T07:06:00.000,1.43,62.88,0.65,1.27
2025-08-12T07:07:00.000,1.45,62.30,0.68,1.29
2025-08-12T07:08:00.000,1.46,62.79,0.67,1.30
2025-08-12T07:09:00.000,1.46,63.20,0.66,1.30
2025-08-12T07:10:00.000,1.47,62.75,0.67,1.31
2025-08-12T07:11:00.000,1.50,62.81,0.69,1.34
2025-08-12T07:12:00.000,1.50,62.93,0.68,1.34
2025-08-12T07:13:00.000,1.47,63.17,0.66,1.31
2025-08-12T07:14:00.000,1.51,62.94,0.69,1.35
2025-08-12T07:15:00.000,1.48,62.83,0.67,1.31
2025-08-12T07:16:00.000,1.48,62.58,0.68,1.31
2025-08-12T07:17:00.000,1.50,62.54,0.69,1.33
2025-08-12T07:18:00.000,1.56,62.70,0.72,1.39
2025-08-12T07:19:00.000,1.49,63.32,0.67,1.33
2025-08-12T07:20:00.000,1.55,62.64,0.71,1.38
2025-08-12T07:21:00.000,1.57,63.63,0.70,1.41
2025-08-12T07:22:00.000,1.74,62.29,0.81,1.54
2025-08-12T07:23:00.000,1.57,61.90,0.74,1.38
2025-08-12T07:24:00.000,1.75,60.01,0.88,1.52
2025-08-12T07:25:00.000,1.66,61.15,0.80,1.45
2025-08-12T07:26:00.000,1.65,59.96,0.83,1.43
2025-08-12T07:27:00.000,1.48,61.90,0.70,1.30
2025-08-12T07:28:00.000,1.46,61.41,0.70,1.29
2025-08-12T07:29:00.000,1.48,61.09,0.72,1.30
2025-08-12T07:30:00.000,1.45,61.04,0.70,1.27
2025-08-12T07:31:00.000,1.47,60.38,0.73,1.28
2025-08-12T07:32:00.000,1.46,60.70,0.71,1.27
2025-08-12T07:33:00.000,1.47,60.84,0.71,1.28
2025-08-12T07:34:00.000,1.48,60.46,0.73,1.28
2025-08-12T07:35:00.000,1.49,60.57,0.73,1.30
2025-08-12T07:36:00.000,1.48,61.27,0.71,1.30
2025-08-12T07:37:00.000,1.48,60.55,0.73,1.29
2025-08-12T07:38:00.000,1.45,61.92,0.68,1.28
2025-08-12T07:39:00.000,1.47,61.15,0.71,1.29
2025-08-12T07:40:00.000,1.41,61.67,0.67,1.25
2025-08-12T07:41:00.000,1.43,60.96,0.70,1.25
2025-08-12T07:42:00.000,1.40,60.78,0.68,1.22
2025-08-12T07:43:00.000,1.44,61.23,0.69,1.26
2025-08-12T07:44:00.000,1.43,60.82,0.70,1.25
2025-08-12T07:45:00.000,1.45,60.39,0.72,1.26
2025-08-12T07:46:00.000,1.47,61.15,0.71,1.29
2025-08-12T07:47:00.000,1.44,61.04,0.70,1.26
2025-08-12T07:48:00.000,1.46,61.14,0.70,1.28
2025-08-12T07:49:00.000,1.43,61.23,0.69,1.26
2025-08-12T07:50:00.000,1.42,61.19,0.68,1.24
2025-08-12T07:51:00.000,1.38,61.45,0.66,1.21
2025-08-12T07:52:00.000,1.32,63.34,0.59,1.18
2025-08-12T07:53:00.000,1.40,62.15,0.65,1.24
2025-08-12T07:54:00.000,1.32,55.89,0.74,1.09
2025-08-12T07:55:00.000,1.34,52.30,0.82,1.06
2025-08-12T07:56:00.000,1.35,59.50,0.69,1.17
2025-08-12T07:57:00.000,1.33,58.16,0.70,1.13
2025-08-12T07:58:00.000,1.35,59.20,0.69,1.16
2025-08-12T07:59:00.000,1.34,59.02,0.69,1.15
2025-08-12T08:00:00.000,1.35,59.74,0.68,1.17
2025-08-12T08:01:00.000,1.32,58.52,0.69,1.13
2025-08-12T08:02:00.000,1.33,58.98,0.69,1.14
2025-08-12T08:03:00.000,1.33,59.04,0.68,1.14
2025-08-12T08:04:00.000,1.32,58.59,0.69,1.13
2025-08-12T08:05:00.000,1.35,59.56,0.68,1.16
2025-08-12T08:06:00.000,1.35,59.28,0.69,1.16
2025-08-12T08:07:00.000,1.35,58.25,0.71,1.15
2025-08-12T08:08:00.000,1.34,58.76,0.70,1.15
2025-08-12T08:09:00.000,1.36,59.61,0.69,1.17
2025-08-12T08:10:00.000,1.32,58.66,0.69,1.13
2025-08-12T08:11:00.000,1.35,59.64,0.68,1.16
2025-08-12T08:12:00.000,1.31,58.94,0.68,1.12
2025-08-12T08:13:00.000,1.29,59.83,0.65,1.12
2025-08-12T08:14:00.000,1.26,58.97,0.65,1.08
2025-08-12T08:15:00.000,1.30,59.26,0.67,1.12
2025-08-12T08:16:00.000,1.28,59.43,0.65,1.10
2025-08-12T08:17:00.000,1.24,58.43,0.65,1.06
2025-08-12T08:18:00.000,1.26,58.78,0.66,1.08
2025-08-12T08:19:00.000,1.27,59.32,0.65,1.09
2025-08-12T08:20:00.000,1.29,59.31,0.66,1.11
2025-08-12T08:21:00.000,1.24,59.58,0.63,1.07
2025-08-12T08:22:00.000,1.18,58.84,0.61,1.01
2025-08-12T08:23:00.000,1.22,59.30,0.62,1.05
2025-08-12T08:24:00.000,1.19,58.64,0.62,1.02
2025-08-12T08:25:00.000,1.20,58.98,0.62,1.03
2025-08-12T08:26:00.000,1.17,59.64,0.59,1.01
2025-08-12T08:27:00.000,1.13,59.93,0.56,0.98
2025-08-12T08:28:00.000,1.25,59.22,0.64,1.07
2025-08-12T08:29:00.000,1.23,59.64,0.62,1.06
2025-08-12T08:30:00.000,1.24,59.24,0.64,1.07
2025-08-12T08:31:00.000,1.25,59.55,0.63,1.07
2025-08-12T08:32:00.000,1.20,59.33,0.61,1.04
2025-08-12T08:33:00.000,1.20,60.34,0.59,1.04
2025-08-12T08:34:00.000,1.19,60.21,0.59,1.04
2025-08-12T08:35:00.000,1.11,61.01,0.54,0.97
2025-08-12T08:36:00.000,1.10,60.20,0.55,0.96
2025-08-12T08:37:00.000,1.08,59.66,0.55,0.93
2025-08-12T08:38:00.000,1.15,59.65,0.58,0.99
2025-08-12T08:39:00.000,1.05,58.90,0.54,0.90
2025-08-12T08:40:00.000,1.13,59.75,0.57,0.98
2025-08-12T08:41:00.000,1.17,60.13,0.58,1.02
2025-08-12T08:42:00.000,1.15,59.79,0.58,0.99
2025-08-12T08:43:00.000,1.05,60.22,0.52,0.91
2025-08-12T08:44:00.000,0.99,60.76,0.48,0.87
2025-08-12T08:45:00.000,0.98,61.87,0.46,0.86
2025-08-12T08:46:00.000,0.90,61.61,0.43,0.79
2025-08-12T08:47:00.000,0.74,62.31,0.35,0.66
2025-08-12T08:48:00.000,0.83,60.24,0.41,0.72
2025-08-12T08:49:00.000,0.79,62.54,0.36,0.70
2025-08-12T08:50:00.000,0.77,63.63,0.34,0.69
2025-08-12T08:51:00.000,0.86,61.42,0.41,0.76
2025-08-12T08:52:00.000,1.00,62.88,0.46,0.89
2025-08-12T08:53:00.000,0.99,62.26,0.46,0.88
2025-08-12T08:54:00.000,1.09,62.82,0.50,0.97
2025-08-12T08:55:00.000,1.11,63.43,0.50,1.00
2025-08-12T08:56:00.000,1.12,61.95,0.53,0.99
2025-08-12T08:57:00.000,1.01,62.32,0.47,0.89
2025-08-12T08:58:00.000,1.14,62.28,0.53,1.01
2025-08-12T08:59:00.000,1.08,62.10,0.50,0.95
2025-08-12T09:00:00.000,1.10,60.45,0.54,0.95
2025-08-12T09:01:00.000,1.07,62.40,0.49,0.95
2025-08-12T09:02:00.000,1.09,61.06,0.53,0.95
2025-08-12T09:03:00.000,0.96,60.00,0.48,0.83
2025-08-12T09:04:00.000,0.97,51.46,0.61,0.76
2025-08-12T09:05:00.000,1.30,40.91,0.98,0.85
2025-08-12T09:06:00.000,5.32,314.38,3.72,-3.80
2025-08-12T09:07:00.000,8.44,264.21,-0.85,-8.39
2025-08-12T09:08:00.000,11.31,246.26,-4.56,-10.36
2025-08-12T09:09:00.000,14.13,244.64,-6.05,-12.77
2025-08-12T09:10:00.000,16.08,244.60,-6.90,-14.52
2025-08-12T09:11:00.000,17.61,246.39,-7.05,-16.14
2025-08-12T09:12:00.000,19.44,256.39,-4.57,-18.89
2025-08-12T09:13:00.000,20.86,260.17,-3.56,-20.55
2025-08-12T09:14:00.000,22.68,264.16,-2.31,-22.56
2025-08-12T09:15:00.000,23.56,262.62,-3.03,-23.37
2025-08-12T09:16:00.000,24.60,258.75,-4.80,-24.13
2025-08-12T09:17:00.000,25.86,252.95,-7.58,-24.73
2025-08-12T09:18:00.000,26.81,253.03,-7.82,-25.64
2025-08-12T09:19:00.000,27.73,251.72,-8.70,-26.33
2025-08-12T09:20:00.000,28.75,254.23,-7.82,-27.67
2025-08-12T09:21:00.000,29.72,251.60,-9.38,-28.20
2025-08-12T09:22:00.000,30.92,254.78,-8.11,-29.83
2025-08-12T09:23:00.000,32.14,255.98,-7.78,-31.19
2025-08-12T09:24:00.000,33.78,257.77,-7.15,-33.01
2025-08-12T09:25:00.000,35.29,258.78,-6.86,-34.61
2025-08-12T09:26:00.000,36.91,261.89,-5.21,-36.54
2025-08-12T09:27:00.000,39.34,261.80,-5.61,-38.94
2025-08-12T09:28:00.000,43.03,263.45,-4.91,-42.75
2025-08-12T09:29:00.000,46.99,264.01,-4.90,-46.73
2025-08-12T09:30:00.000,51.03,263.80,-5.51,-50.74
2025-08-12T09:31:00.000,56.01,259.67,-10.05,-55.11
2025-08-12T09:32:00.000,61.41,257.62,-13.17,-59.98
2025-08-12T09:33:00.000,72.19,257.11,-16.10,-70.37
2025-08-12T09:34:00.000,80.40,260.10,-13.83,-79.20
2025-08-12T09:35:00.000,94.65,260.42,-15.76,-93.33
2025-08-12T09:36:00.000,107.41,264.96,-9.44,-107.00
2025-08-12T09:37:00.000,123.81,269.84,-0.36,-123.81
2025-08-12T09:38:00.000,141.89,267.35,-6.55,-141.74
2025-08-12T09:39:00.000,165.73,273.50,10.12,-165.42
2025-08-12T09:40:00.000,191.27,276.94,23.10,-189.87
2025-08-12T09:41:00.000,223.95,282.04,46.73,-219.02
2025-08-12T09:42:00.000,249.31,283.59,58.60,-242.33
2025-08-12T09:43:00.000,231.76,283.98,56.00,-224.90
2025-08-12T09:44:00.000,221.78,284.40,55.15,-214.81
2025-08-12T09:45:00.000,216.98,284.46,54.18,-210.11
2025-08-12T09:46:00.000,214.37,284.50,53.68,-207.54
2025-08-12T09:47:00.000,214.15,284.47,53.49,-207.36
2025-08-12T09:48:00.000,213.89,284.44,53.32,-207.14
2025-08-12T09:49:00.000,213.63,284.41,53.17,-206.91
2025-08-12T09:50:00.000,213.44,284.45,53.25,-206.69
2025-08-12T09:51:00.000,213.25,284.46,53.26,-206.49
2025-08-12T09:52:00.000,213.05,284.44,53.12,-206.33
2025-08-12T09:53:00.000,213.03,284.42,53.03,-206.32
2025-08-12T09:54:00.000,212.81,284.38,52.85,-206.14
2025-08-12T09:55:00.000,212.66,284.34,52.68,-206.04
2025-08-12T09:56:00.000,212.56,284.36,52.71,-205.92
2025-08-12T09:57:00.000,212.50,284.37,52.73,-205.85
2025-08-12T09:58:00.000,212.36,284.30,52.44,-205.78
2025-08-12T09:59:00.000,212.20,284.28,52.35,-205.64
2025-08-12T10:00:00.000,212.20,284.30,52.43,-205.62
2025-08-12T10:01:00.000,212.08,284.28,52.33,-205.53
2025-08-12T10:02:00.000,211.91,284.27,52.22,-205.37
2025-08-12T10:03:00.000,211.87,284.31,52.37,-205.29
2025-08-12T10:04:00.000,211.72,284.22,52.02,-205.23
2025-08-12T10:05:00.000,211.61,284.25,52.09,-205.10
2025-08-12T10:06:00.000,211.67,284.27,52.19,-205.14
2025-08-12T10:07:00.000,211.51,284.24,52.03,-205.01
2025-08-12T10:08:00.000,211.50,284.21,51.92,-205.03
2025-08-12T10:09:00.000,211.51,284.24,52.03,-205.01
2025-08-12T10:10:00.000,211.50,284.25,52.06,-205.00
2025-08-12T10:11:00.000,211.55,284.26,52.11,-205.03
2025-08-12T10:12:00.000,211.43,284.22,51.94,-204.95
2025-08-12T10:13:00.000,211.40,284.24,52.00,-204.90
2025-08-12T10:14:00.000,211.32,284.23,51.94,-204.84
2025-08-12T10:15:00.000,211.24,284.22,51.88,-204.77
2025-08-12T10:16:00.000,211.23,284.22,51.88,-204.76
2025-08-12T10:17:00.000,211.20,284.19,51.79,-204.76
2025-08-12T10:18:00.000,211.21,284.21,51.84,-204.74
2025-08-12T10:19:00.000,211.25,284.22,51.90,-204.77
2025-08-12T10:20:00.000,211.24,284.23,51.92,-204.76
2025-08-12T10:21:00.000,211.17,284.26,52.02,-204.66
2025-08-12T10:22:00.000,211.13,284.22,51.86,-204.66
2025-08-12T10:23:00.000,211.01,284.22,51.84,-204.54
2025-08-12T10:24:00.000,210.94,284.22,51.83,-204.47
2025-08-12T10:25:00.000,210.83,284.17,51.61,-204.41
2025-08-12T10:26:00.000,210.74,284.18,51.63,-204.32
2025-08-12T10:27:00.000,210.85,284.16,51.58,-204.44
2025-08-12T10:28:00.000,210.83,284.22,51.78,-204.37
2025-08-12T10:29:00.000,210.89,284.18,51.66,-204.47
2025-08-12T10:30:00.000,210.95,284.22,51.82,-204.49
2025-08-12T10:31:00.000,210.88,284.20,51.73,-204.44
2025-08-12T10:32:00.000,210.95,284.23,51.84,-204.48
2025-08-12T10:33:00.000,210.93,284.18,51.67,-204.50
2025-08-12T10:34:00.000,210.93,284.19,51.70,-204.50
2025-08-12T10:35:00.000,210.90,284.20,51.72,-204.46
2025-08-12T10:36:00.000,210.89,284.20,51.73,-204.44
2025-08-12T10:37:00.000,210.82,284.21,51.74,-204.38
2025-08-12T10:38:00.000,210.66,284.13,51.43,-204.29
2025-08-12T10:39:00.000,210.60,284.14,51.46,-204.22
2025-08-12T10:40:00.000,210.63,284.12,51.37,-204.27
2025-08-12T10:41:00.000,210.66,284.14,51.46,-204.28
2025-08-12T10:42:00.000,210.55,284.14,51.43,-204.17
2025-08-12T10:43:00.000,210.61,284.18,51.59,-204.19
2025-08-12T10:44:00.000,210.55,284.19,51.61,-204.12
2025-08-12T10:45:00.000,210.49,284.16,51.50,-204.09
2025-08-12T10:46:00.000,210.47,284.15,51.47,-204.08
2025-08-12T10:47:00.000,210.51,284.14,51.41,-204.14
2025-08-12T10:48:00.000,210.55,284.17,51.54,-204.15
2025-08-12T10:49:00.000,210.52,284.15,51.47,-204.13
2025-08-12T10:50:00.000,210.57,284.16,51.50,-204.17
2025-08-12T10:51:00.000,206.51,286.09,57.24,-198.42
2025-08-12T10:52:00.000,206.43,286.08,57.17,-198.36
2025-08-12T10:53:00.000,206.44,286.08,57.18,-198.36
2025-08-12T10:54:00.000,206.44,286.06,57.12,-198.37
2025-08-12T10:55:00.000,206.49,286.09,57.22,-198.41
2025-08-12T10:56:00.000,206.51,286.13,57.36,-198.39
2025-08-12T10:57:00.000,206.49,286.09,57.21,-198.40
2025-08-12T10:58:00.000,206.47,286.07,57.15,-198.41
2025-08-12T10:59:00.000,206.37,286.09,57.18,-198.29
2025-08-12T11:00:00.000,206.27,286.08,57.12,-198.21
2025-08-12T11:01:00.000,206.20,286.05,57.02,-198.16
2025-08-12T11:02:00.000,206.05,286.05,56.97,-198.02
2025-08-12T11:03:00.000,206.02,286.04,56.92,-198.00
2025-08-12T11:04:00.000,206.03,286.06,57.00,-197.99
2025-08-12T11:05:00.000,206.09,286.05,56.97,-198.06
2025-08-12T11:06:00.000,206.08,286.06,57.01,-198.04
2025-08-12T11:07:00.000,206.01,286.03,56.90,-197.99
2025-08-12T11:08:00.000,206.05,286.07,57.02,-198.00
2025-08-12T11:09:00.000,206.05,286.07,57.03,-198.00
2025-08-12T11:10:00.000,206.10,286.05,56.98,-198.06
2025-08-12T11:11:00.000,206.08,286.06,57.01,-198.04
2025-08-12T11:12:00.000,206.09,286.06,57.00,-198.05
2025-08-12T11:13:00.000,206.06,286.05,56.98,-198.03
2025-08-12T11:14:00.000,206.08,286.07,57.04,-198.03
2025-08-12T11:15:00.000,206.02,286.07,57.03,-197.97
2025-08-12T11:16:00.000,205.98,286.03,56.89,-197.97
2025-08-12T11:17:00.000,205.98,286.05,56.94,-197.96
2025-08-12T11:18:00.000,205.96,286.03,56.89,-197.95
2025-08-12T11:19:00.000,205.92,286.05,56.94,-197.89
2025-08-12T11:20:00.000,205.82,286.03,56.82,-197.82
2025-08-12T11:21:00.000,205.84,286.02,56.82,-197.84
2025-08-12T11:22:00.000,205.86,286.04,56.87,-197.85
2025-08-12T11:23:00.000,205.85,286.02,56.82,-197.86
2025-08-12T11:24:00.000,205.80,286.01,56.75,-197.82
2025-08-12T11:25:00.000,205.81,286.03,56.82,-197.81
2025-08-12T11:26:00.000,205.73,286.00,56.70,-197.76
2025-08-12T11:27:00.000,205.87,286.04,56.89,-197.85
2025-08-12T11:28:00.000,205.77,286.04,56.84,-197.77
2025-08-12T11:29:00.000,205.76,286.04,56.85,-197.75
2025-08-12T11:30:00.000,205.70,286.00,56.68,-197.74
2025-08-12T11:31:00.000,205.70,286.00,56.71,-197.73
2025-08-12T11:32:00.000,205.61,286.03,56.76,-197.62
2025-08-12T11:33:00.000,205.55,286.01,56.68,-197.58
2025-08-12T11:34:00.000,205.54,286.00,56.64,-197.58
2025-08-12T11:35:00.000,205.54,286.00,56.66,-197.58
2025-08-12T11:36:00.000,205.45,285.99,56.59,-197.50
2025-08-12T11:37:00.000,205.43,286.00,56.62,-197.47
2025-08-12T11:38:00.000,205.40,285.96,56.49,-197.48
2025-08-12T11:39:00.000,205.44,285.98,56.57,-197.50
2025-08-12T11:40:00.000,205.43,286.00,56.61,-197.47
2025-08-12T11:41:00.000,205.46,286.02,56.69,-197.49
2025-08-12T11:42:00.000,205.49,286.00,56.62,-197.53
2025-08-12T11:43:00.000,205.53,285.98,56.59,-197.59
2025-08-12T11:44:00.000,205.50,286.00,56.66,-197.53
2025-08-12T11:45:00.000,205.43,285.97,56.52,-197.50
2025-08-12T11:46:00.000,205.52,286.01,56.68,-197.55
2025-08-12T11:47:00.000,205.49,285.99,56.59,-197.54
2025-08-12T11:48:00.000,205.46,285.99,56.61,-197.50
2025-08-12T11:49:00.000,205.40,285.97,56.52,-197.47
2025-08-12T11:50:00.000,205.41,285.98,56.54,-197.48
2025-08-12T11:51:00.000,205.37,285.96,56.46,-197.46
2025-08-12T11:52:00.000,205.39,285.96,56.46,-197.48
2025-08-12T11:53:00.000,205.30,285.95,56.41,-197.40
2025-08-12T11:54:00.000,205.33,285.99,56.56,-197.39
2025-08-12T11:55:00.000,205.30,286.03,56.68,-197.32
2025-08-12T11:56:00.000,205.12,285.98,56.46,-197.20
2025-08-12T11:57:00.000,205.07,285.94,56.31,-197.19
2025-08-12T11:58:00.000,205.02,285.96,56.38,-197.12
2025-08-12T11:59:00.000,204.90,285.96,56.36,-197.00
2025-08-12T12:00:00.000,204.91,285.94,56.26,-197.04
2025-08-12T12:01:00.000,204.81,285.92,56.20,-196.95
2025-08-12T12:02:00.000,204.83,285.92,56.20,-196.97
2025-08-12T12:03:00.000,204.73,285.91,56.14,-196.89
2025-08-12T12:04:00.000,204.81,285.95,56.27,-196.93
2025-08-12T12:05:00.000,204.81,285.93,56.22,-196.95
2025-08-12T12:06:00.000,204.86,285.94,56.27,-196.98
2025-08-12T12:07:00.000,204.89,285.98,56.39,-196.98
2025-08-12T12:08:00.000,204.94,286.11,56.86,-196.89
2025-08-12T12:09:00.000,204.97,285.99,56.47,-197.04
2025-08-12T12:10:00.000,204.90,285.98,56.42,-196.97
2025-08-12T12:11:00.000,204.86,285.94,56.25,-196.98
2025-08-12T12:12:00.000,204.79,285.95,56.28,-196.91
2025-08-12T12:13:00.000,204.76,285.93,56.20,-196.89
2025-08-12T12:14:00.000,204.76,285.92,56.17,-196.90
2025-08-12T12:15:00.000,204.73,285.97,56.33,-196.83
2025-08-12T12:16:00.000,204.70,285.96,56.29,-196.81
2025-08-12T12:17:00.000,204.72,285.96,56.28,-196.83
2025-08-12T12:18:00.000,204.66,285.97,56.31,-196.76
2025-08-12T12:19:00.000,204.66,285.97,56.31,-196.77
2025-08-12T12:20:00.000,204.73,285.95,56.25,-196.85
2025-08-12T12:21:00.000,204.80,285.93,56.22,-196.93
2025-08-12T12:22:00.000,204.82,285.97,56.37,-196.91
2025-08-12T12:23:00.000,204.82,285.94,56.26,-196.94
2025-08-12T12:24:00.000,204.88,286.00,56.47,-196.94
2025-08-12T12:25:00.000,204.86,285.97,56.36,-196.96
2025-08-12T12:26:00.000,204.86,285.98,56.41,-196.94
2025-08-12T12:27:00.000,204.82,285.98,56.37,-196.90
2025-08-12T12:28:00.000,204.75,285.97,56.35,-196.85
2025-08-12T12:29:00.000,204.65,285.96,56.27,-196.76
2025-08-12T12:30:00.000,204.66,285.93,56.19,-196.80
2025-08-12T12:31:00.000,204.77,285.95,56.27,-196.89
2025-08-12T12:32:00.000,204.75,285.95,56.27,-196.86
2025-08-12T12:33:00.000,204.73,285.96,56.28,-196.84
2025-08-12T12:34:00.000,204.78,285.98,56.36,-196.87
2025-08-12T12:35:00.000,204.77,285.97,56.36,-196.87
2025-08-12T12:36:00.000,204.80,285.97,56.35,-196.89
2025-08-12T12:37:00.000,204.80,285.99,56.40,-196.88
2025-08-12T12:38:00.000,204.75,285.98,56.36,-196.84
2025-08-12T12:39:00.000,204.70,285.98,56.34,-196.79
2025-08-12T12:40:00.000,204.78,286.00,56.45,-196.85
2025-08-12T12:41:00.000,204.63,285.95,56.24,-196.75
2025-08-12T12:42:00.000,204.63,285.94,56.19,-196.76
2025-08-12T12:43:00.000,204.62,285.98,56.34,-196.71
2025-08-12T12:44:00.000,204.60,285.96,56.27,-196.71
2025-08-12T12:45:00.000,204.64,285.96,56.27,-196.76
2025-08-12T12:46:00.000,204.51,285.96,56.23,-196.63
2025-08-12T12:47:00.000,204.44,285.97,56.24,-196.56
2025-08-12T12:48:00.000,204.40,285.96,56.21,-196.52
2025-08-12T12:49:00.000,204.42,285.98,56.26,-196.52
2025-08-12T12:50:00.000,204.26,285.95,56.14,-196.39
2025-08-12T12:51:00.000,204.18,285.96,56.14,-196.31
2025-08-12T12:52:00.000,204.20,285.98,56.21,-196.31
2025-08-12T12:53:00.000,204.13,285.95,56.09,-196.27
2025-08-12T12:54:00.000,204.26,285.97,56.21,-196.37
2025-08-12T12:55:00.000,204.26,285.97,56.21,-196.37
2025-08-12T12:56:00.000,204.19,285.97,56.16,-196.31
2025-08-12T12:57:00.000,204.20,285.99,56.24,-196.31
2025-08-12T12:58:00.000,204.19,285.98,56.21,-196.31
2025-08-12T12:59:00.000,204.14,285.96,56.14,-196.27
2025-08-12T13:00:00.000,204.07,285.93,56.02,-196.23
2025-08-12T13:01:00.000,204.00,285.95,56.05,-196.15
2025-08-12T13:02:00.000,203.90,285.95,56.02,-196.05
2025-08-12T13:03:00.000,203.67,285.94,55.92,-195.84
2025-08-12T13:04:00.000,203.60,285.94,55.90,-195.78
2025-08-12T13:05:00.000,203.67,285.91,55.82,-195.87
2025-08-12T13:06:00.000,203.62,285.91,55.82,-195.82
2025-08-12T13:07:00.000,203.77,285.91,55.87,-195.96
2025-08-12T13:08:00.000,203.79,285.91,55.87,-195.98
2025-08-12T13:09:00.000,203.79,285.93,55.92,-195.97
2025-08-12T13:10:00.000,203.76,285.92,55.88,-195.95
2025-08-12T13:11:00.000,203.84,285.94,55.99,-196.00
2025-08-12T13:12:00.000,203.91,285.97,56.12,-196.04
2025-08-12T13:13:00.000,203.89,285.97,56.09,-196.02
2025-08-12T13:14:00.000,203.89,285.97,56.09,-196.03
2025-08-12T13:15:00.000,203.89,285.96,56.08,-196.03
2025-08-12T13:16:00.000,203.83,285.96,56.05,-195.98
2025-08-12T13:17:00.000,203.82,285.96,56.03,-195.96
2025-08-12T13:18:00.000,203.76,285.93,55.92,-195.94
2025-08-12T13:19:00.000,203.75,285.95,55.99,-195.91
2025-08-12T13:20:00.000,203.65,285.96,55.99,-195.80
2025-08-12T13:21:00.000,203.60,285.92,55.85,-195.78
2025-08-12T13:22:00.000,203.59,285.94,55.92,-195.76
2025-08-12T13:23:00.000,203.65,285.93,55.89,-195.83
2025-08-12T13:24:00.000,203.81,285.96,56.05,-195.95
2025-08-12T13:25:00.000,203.90,285.97,56.09,-196.03
2025-08-12T13:26:00.000,204.10,286.03,56.37,-196.16
2025-08-12T13:27:00.000,204.14,286.03,56.37,-196.20
2025-08-12T13:28:00.000,204.16,286.01,56.31,-196.24
2025-08-12T13:29:00.000,204.05,286.03,56.34,-196.12
2025-08-12T13:30:00.000,204.05,286.02,56.32,-196.12
2025-08-12T13:31:00.000,203.87,285.97,56.09,-196.01
2025-08-12T13:32:00.000,203.97,285.99,56.19,-196.08
2025-08-12T13:33:00.000,203.94,285.97,56.10,-196.07
2025-08-12T13:34:00.000,204.05,285.98,56.17,-196.17
2025-08-12T13:35:00.000,204.03,286.02,56.31,-196.10
2025-08-12T13:36:00.000,204.08,286.04,56.39,-196.13
2025-08-12T13:37:00.000,204.14,286.05,56.43,-196.18
2025-08-12T13:38:00.000,204.16,286.02,56.34,-196.23
2025-08-12T13:39:00.000,204.34,286.07,56.56,-196.35
2025-08-12T13:40:00.000,204.49,286.03,56.46,-196.54
2025-08-12T13:41:00.000,204.55,286.06,56.59,-196.56
2025-08-12T13:42:00.000,204.68,286.02,56.49,-196.73
2025-08-12T13:43:00.000,204.77,286.05,56.60,-196.79
2025-08-12T13:44:00.000,204.98,286.08,56.79,-196.95
2025-08-12T13:45:00.000,204.99,286.04,56.66,-197.01
2025-08-12T13:46:00.000,204.97,286.05,56.67,-196.98
2025-08-12T13:47:00.000,204.97,286.06,56.71,-196.97
2025-08-12T13:48:00.000,204.94,286.07,56.74,-196.93
2025-08-12T13:49:00.000,204.94,286.06,56.70,-196.94
2025-08-12T13:50:00.000,204.89,286.06,56.68,-196.89
2025-08-12T13:51:00.000,205.00,286.08,56.77,-196.99
2025-08-12T13:52:00.000,205.07,286.08,56.81,-197.05
2025-08-12T13:53:00.000,205.06,286.11,56.90,-197.01
2025-08-12T13:54:00.000,205.09,286.12,56.96,-197.02
2025-08-12T13:55:00.000,205.23,286.13,57.01,-197.16
2025-08-12T13:56:00.000,205.26,286.14,57.05,-197.17
2025-08-12T13:57:00.000,205.38,286.15,57.13,-197.28
2025-08-12T13:58:00.000,205.39,286.15,57.12,-197.28
2025-08-12T13:59:00.000,205.44,286.13,57.06,-197.35
2025-08-12T14:00:00.000,205.43,286.13,57.08,-197.34
2025-08-12T14:01:00.000,205.48,286.15,57.14,-197.37
2025-08-12T14:02:00.000,205.49,286.14,57.12,-197.40
2025-08-12T14:03:00.000,205.57,286.15,57.18,-197.45
2025-08-12T14:04:00.000,205.63,286.17,57.28,-197.49
2025-08-12T14:05:00.000,205.64,286.19,57.35,-197.48
2025-08-12T14:06:00.000,205.70,286.20,57.39,-197.54
2025-08-12T14:07:00.000,205.83,286.23,57.52,-197.63
2025-08-12T14:08:00.000,205.85,286.23,57.53,-197.65
2025-08-12T14:09:00.000,205.94,286.24,57.59,-197.73
2025-08-12T14:10:00.000,205.95,286.23,57.56,-197.74
2025-08-12T14:11:00.000,205.99,286.21,57.51,-197.80
2025-08-12T14:12:00.000,206.09,286.25,57.67,-197.85
2025-08-12T14:13:00.000,206.18,286.25,57.70,-197.94
2025-08-12T14:14:00.000,206.19,286.29,57.82,-197.91
2025-08-12T14:15:00.000,206.21,286.28,57.81,-197.94
2025-08-12T14:16:00.000,206.24,286.28,57.83,-197.97
2025-08-12T14:17:00.000,206.20,286.27,57.78,-197.94
2025-08-12T14:18:00.000,206.26,286.26,57.75,-198.01
2025-08-12T14:19:00.000,206.23,286.26,57.73,-197.99
2025-08-12T14:20:00.000,206.28,286.27,57.78,-198.02
2025-08-12T14:21:00.000,206.32,286.28,57.83,-198.04
2025-08-12T14:22:00.000,206.27,286.28,57.83,-198.00
2025-08-12T14:23:00.000,206.30,286.27,57.78,-198.04
2025-08-12T14:24:00.000,206.26,286.26,57.76,-198.00
2025-08-12T14:25:00.000,206.21,286.27,57.77,-197.96
2025-08-12T14:26:00.000,206.27,286.27,57.80,-198.00
2025-08-12T14:27:00.000,206.25,286.29,57.84,-197.98
2025-08-12T14:28:00.000,206.26,286.28,57.82,-197.99
2025-08-12T14:29:00.000,206.26,286.29,57.87,-197.98
2025-08-12T14:30:00.000,206.19,286.28,57.80,-197.93
2025-08-12T14:31:00.000,206.24,286.28,57.83,-197.97
2025-08-12T14:32:00.000,206.27,286.26,57.77,-198.01
2025-08-12T14:33:00.000,206.25,286.26,57.74,-198.00
2025-08-12T14:34:00.000,206.17,286.27,57.75,-197.92
2025-08-12T14:35:00.000,206.17,286.26,57.71,-197.93
2025-08-12T14:36:00.000,206.18,286.28,57.79,-197.91
2025-08-12T14:37:00.000,206.15,286.27,57.76,-197.89
2025-08-12T14:38:00.000,206.17,286.25,57.70,-197.93
2025-08-12T14:39:00.000,206.28,286.28,57.81,-198.02
2025-08-12T14:40:00.000,206.19,286.25,57.69,-197.95
2025-08-12T14:41:00.000,206.29,286.27,57.80,-198.03
2025-08-12T14:42:00.000,206.16,286.25,57.69,-197.92
2025-08-12T14:43:00.000,206.17,286.24,57.65,-197.95
2025-08-12T14:44:00.000,206.17,286.26,57.73,-197.93
2025-08-12T14:45:00.000,206.17,286.27,57.75,-197.91
2025-08-12T14:46:00.000,206.16,286.25,57.69,-197.92
2025-08-12T14:47:00.000,206.08,286.27,57.74,-197.83
2025-08-12T14:48:00.000,206.04,286.25,57.66,-197.80
2025-08-12T14:49:00.000,206.08,286.27,57.72,-197.83
2025-08-12T14:50:00.000,206.08,286.26,57.71,-197.83
2025-08-12T14:51:00.000,206.08,286.29,57.82,-197.80
2025-08-12T14:52:00.000,206.06,286.29,57.81,-197.78
2025-08-12T14:53:00.000,206.01,286.22,57.56,-197.80
2025-08-12T14:54:00.000,206.05,286.22,57.54,-197.86
2025-08-12T14:55:00.000,206.11,286.22,57.56,-197.91
2025-08-12T14:56:00.000,206.05,286.21,57.50,-197.86
2025-08-12T14:57:00.000,206.08,286.23,57.59,-197.87
2025-08-12T14:58:00.000,206.12,286.23,57.61,-197.90
2025-08-12T14:59:00.000,206.11,286.24,57.64,-197.89
2025-08-12T15:00:00.000,206.14,286.28,57.78,-197.87
2025-08-12T15:01:00.000,206.01,286.25,57.63,-197.78
2025-08-12T15:02:00.000,206.09,286.24,57.65,-197.86
2025-08-12T15:03:00.000,206.02,286.25,57.64,-197.79
2025-08-12T15:04:00.000,206.01,286.25,57.65,-197.77
2025-08-12T15:05:00.000,206.01,286.25,57.65,-197.77
2025-08-12T15:06:00.000,205.91,286.22,57.51,-197.72
2025-08-12T15:07:00.000,206.01,286.25,57.66,-197.78
2025-08-12T15:08:00.000,206.00,286.26,57.68,-197.76
2025-08-12T15:09:00.000,206.00,286.25,57.64,-197.77
2025-08-12T15:10:00.000,205.99,286.24,57.60,-197.77
2025-08-12T15:11:00.000,206.02,286.22,57.56,-197.81
2025-08-12T15:12:00.000,206.07,286.25,57.66,-197.84
2025-08-12T15:13:00.000,206.07,286.28,57.77,-197.80
2025-08-12T15:14:00.000,206.06,286.26,57.70,-197.82
2025-08-12T15:15:00.000,206.09,286.27,57.73,-197.84
2025-08-12T15:16:00.000,206.02,286.23,57.58,-197.81
2025-08-12T15:17:00.000,206.15,286.27,57.77,-197.89
2025-08-12T15:18:00.000,206.14,286.27,57.75,-197.89
2025-08-12T15:19:00.000,206.16,286.30,57.85,-197.88
2025-08-12T15:20:00.000,206.15,286.26,57.73,-197.90
2025-08-12T15:21:00.000,206.19,286.28,57.81,-197.92
2025-08-12T15:22:00.000,206.11,286.26,57.71,-197.87
2025-08-12T15:23:00.000,206.13,286.28,57.78,-197.86
2025-08-12T15:24:00.000,206.05,286.24,57.64,-197.83
2025-08-12T15:25:00.000,206.08,286.25,57.67,-197.85
2025-08-12T15:26:00.000,205.98,286.22,57.55,-197.78
2025-08-12T15:27:00.000,205.93,286.23,57.56,-197.72
2025-08-12T15:28:00.000,205.93,286.23,57.54,-197.72
2025-08-12T15:29:00.000,205.90,286.26,57.65,-197.66
2025-08-12T15:30:00.000,205.84,286.22,57.51,-197.64
2025-08-12T15:31:00.000,205.90,286.25,57.64,-197.67
2025-08-12T15:32:00.000,205.91,286.27,57.69,-197.66
2025-08-12T15:33:00.000,205.89,286.23,57.56,-197.68
2025-08-12T15:34:00.000,205.97,286.24,57.59,-197.76
2025-08-12T15:35:00.000,206.09,286.22,57.58,-197.88
2025-08-12T15:36:00.000,206.04,286.21,57.53,-197.85
2025-08-12T15:37:00.000,206.05,286.22,57.55,-197.85
2025-08-12T15:38:00.000,206.08,286.24,57.64,-197.86
2025-08-12T15:39:00.000,206.12,286.29,57.82,-197.84
2025-08-12T15:40:00.000,206.08,286.25,57.68,-197.85
2025-08-12T15:41:00.000,206.16,286.27,57.77,-197.90
2025-08-12T15:42:00.000,206.12,286.26,57.72,-197.87
2025-08-12T15:43:00.000,206.11,286.26,57.70,-197.87
2025-08-12T15:44:00.000,206.10,286.23,57.60,-197.88
2025-08-12T15:45:00.000,206.22,286.26,57.74,-197.97
2025-08-12T15:46:00.000,206.16,286.24,57.67,-197.93
2025-08-12T15:47:00.000,206.17,286.27,57.75,-197.92
2025-08-12T15:48:00.000,206.14,286.24,57.64,-197.92
2025-08-12T15:49:00.000,206.26,286.26,57.77,-198.01
2025-08-12T15:50:00.000,206.30,286.32,57.96,-197.99
2025-08-12T15:51:00.000,206.33,286.30,57.92,-198.03
2025-08-12T15:52:00.000,206.41,286.32,57.99,-198.10
2025-08-12T15:53:00.000,206.54,286.34,58.11,-198.19
2025-08-12T15:54:00.000,206.63,286.33,58.11,-198.29
2025-08-12T15:55:00.000,206.70,286.37,58.26,-198.32
2025-08-12T15:56:00.000,207.07,286.24,57.90,-198.82
2025-08-12T15:57:00.000,207.18,285.23,54.43,-199.91
2025-08-12T15:58:00.000,207.94,285.05,54.00,-200.80
2025-08-12T15:59:00.000,212.79,277.85,29.06,-210.79
2025-08-12T16:00:00.000,229.37,199.01,-216.86,-74.72
2025-08-12T16:01:00.000,204.44,150.00,-177.04,102.23
2025-08-12T16:02:00.000,199.94,144.95,-163.69,114.81
2025-08-12T16:03:00.000,188.64,119.41,-92.62,164.34
2025-08-12T16:04:00.000,177.04,108.59,-56.43,167.80
2025-08-12T16:05:00.000,159.09,105.77,-43.23,153.11
2025-08-12T16:06:00.000,142.85,124.02,-79.92,118.40
2025-08-12T16:07:00.000,121.83,116.67,-54.68,108.87
2025-08-12T16:08:00.000,114.09,129.67,-72.83,87.82
2025-08-12T16:09:00.000,89.39,76.97,20.16,87.09
2025-08-12T16:10:00.000,82.62,86.24,5.42,82.44
2025-08-12T16:11:00.000,69.35,98.56,-10.33,68.58
2025-08-12T16:12:00.000,58.92,74.12,16.12,56.67
2025-08-12T16:13:00.000,52.31,71.71,16.42,49.67
2025-08-12T16:14:00.000,46.56,73.51,13.22,44.64
2025-08-12T16:15:00.000,41.85,82.89,5.18,41.52
2025-08-12T16:16:00.000,37.10,74.24,10.07,35.71
2025-08-12T16:17:00.000,34.31,74.83,8.98,33.12
2025-08-12T16:18:00.000,31.74,81.62,4.63,31.40
2025-08-12T16:19:00.000,29.48,59.56,14.94,25.42
2025-08-12T16:20:00.000,28.16,58.44,14.74,23.99
2025-08-12T16:21:00.000,26.53,57.57,14.22,22.39
2025-08-12T16:22:00.000,24.73,49.40,16.09,18.77
2025-08-12T16:23:00.000,22.34,47.19,15.18,16.39
2025-08-12T16:24:00.000,19.88,49.99,12.78,15.23
2025-08-12T16:25:00.000,16.95,47.26,11.50,12.45
2025-08-12T16:26:00.000,13.56,47.06,9.24,9.93
2025-08-12T16:27:00.000,10.03,50.27,6.41,7.71
2025-08-12T16:28:00.000,6.41,56.02,3.58,5.31
2025-08-12T16:29:00.000,3.37,57.88,1.79,2.86
2025-08-12T16:30:00.000,2.11,65.10,0.89,1.91
2025-08-12T16:31:00.000,1.80,68.46,0.66,1.67
2025-08-12T16:32:00.000,1.82,70.08,0.62,1.71
2025-08-12T16:33:00.000,1.77,72.40,0.54,1.69
2025-08-12T16:34:00.000,1.81,70.81,0.60,1.71
2025-08-12T16:35:00.000,1.86,73.96,0.51,1.79
2025-08-12T16:36:00.000,1.86,76.36,0.44,1.80
2025-08-12T16:37:00.000,2.11,73.72,0.59,2.02
2025-08-12T16:38:00.000,6.13,77.71,1.30,5.99
2025-08-12T16:39:00.000,4.88,84.38,0.48,4.86
2025-08-12T16:40:00.000,4.26,76.88,0.97,4.15
2025-08-12T16:41:00.000,6.86,77.61,1.47,6.70
2025-08-12T16:42:00.000,1.90,77.19,0.42,1.86
2025-08-12T16:43:00.000,1.85,80.00,0.32,1.82
2025-08-12T16:44:00.000,1.63,82.67,0.21,1.62
2025-08-12T16:45:00.000,1.68,85.81,0.12,1.67
2025-08-12T16:46:00.000,1.90,89.50,0.02,1.90
2025-08-12T16:47:00.000,1.99,84.02,0.21,1.98
2025-08-12T16:48:00.000,2.21,82.32,0.30,2.19
2025-08-12T16:49:00.000,2.31,89.89,0.00,2.31
2025-08-12T16:50:00.000,2.50,95.45,-0.24,2.49
2025-08-12T16:51:00.000,2.37,87.81,0.09,2.36
2025-08-12T16:52:00.000,2.02,85.62,0.15,2.02
2025-08-12T16:53:00.000,1.69,88.40,0.05,1.69
2025-08-12T16:54:00.000,1.61,85.99,0.11,1.60
2025-08-12T16:55:00.000,1.63,86.37,0.10,1.63
2025-08-12T16:56:00.000,1.62,86.46,0.10,1.62
2025-08-12T16:57:00.000,1.62,86.43,0.10,1.62
2025-08-12T16:58:00.000,1.71,87.39,0.08,1.71
2025-08-12T16:59:00.000,1.94,76.60,0.45,1.89
2025-08-12T17:00:00.000,1.81,84.73,0.17,1.81
2025-08-12T17:01:00.000,2.00,81.47,0.30,1.98
2025-08-12T17:02:00.000,1.95,82.78,0.24,1.93
2025-08-12T17:03:00.000,1.76,86.48,0.11,1.76
2025-08-12T17:04:00.000,1.63,86.91,0.09,1.63
2025-08-12T17:05:00.000,1.68,88.77,0.04,1.68
2025-08-12T17:06:00.000,1.77,88.80,0.04,1.77
2025-08-12T17:07:00.000,1.67,87.45,0.07,1.67
2025-08-12T17:08:00.000,1.63,89.92,0.00,1.63
2025-08-12T17:09:00.000,1.47,93.47,-0.09,1.47
2025-08-12T17:10:00.000,1.66,91.07,-0.03,1.66
2025-08-12T17:11:00.000,1.75,94.17,-0.13,1.75
2025-08-12T17:12:00.000,1.89,99.64,-0.32,1.87
2025-08-12T17:13:00.000,1.71,95.61,-0.17,1.71
2025-08-12T17:14:00.000,1.73,93.81,-0.12,1.73
2025-08-12T17:15:00.000,2.97,99.45,-0.49,2.93
2025-08-12T17:16:00.000,1.67,80.50,0.28,1.65
2025-08-12T17:17:00.000,2.12,82.98,0.26,2.10
2025-08-12T17:18:00.000,1.88,90.20,-0.01,1.88
2025-08-12T17:19:00.000,1.67,92.74,-0.08,1.66
2025-08-12T17:20:00.000,1.47,94.09,-0.10,1.46
2025-08-12T17:21:00.000,1.50,88.47,0.04,1.49
2025-08-12T17:22:00.000,1.93,77.78,0.41,1.89
2025-08-12T17:23:00.000,1.43,90.04,-0.00,1.43
2025-08-12T17:24:00.000,1.37,89.52,0.01,1.37
2025-08-12T17:25:00.000,1.39,91.44,-0.04,1.39
2025-08-12T17:26:00.000,1.45,93.31,-0.08,1.45
2025-08-12T17:27:00.000,1.41,91.21,-0.03,1.41
2025-08-12T17:28:00.000,1.40,92.48,-0.06,1.40
2025-08-12T17:29:00.000,1.42,93.17,-0.08,1.42
2025-08-12T17:30:00.000,1.42,94.25,-0.11,1.42
2025-08-12T17:31:00.000,1.44,94.62,-0.12,1.43
2025-08-12T17:32:00.000,1.39,94.14,-0.10,1.39
2025-08-12T17:33:00.000,1.45,94.68,-0.12,1.45
2025-08-12T17:34:00.000,1.46,94.61,-0.12,1.45
2025-08-12T17:35:00.000,1.48,93.92,-0.10,1.48
2025-08-12T17:36:00.000,1.43,94.81,-0.12,1.43
2025-08-12T17:37:00.000,1.43,93.85,-0.10,1.42
2025-08-12T17:38:00.000,1.26,94.19,-0.09,1.26
2025-08-12T17:39:00.000,1.25,89.09,0.02,1.25
2025-08-12T17:40:00.000,1.36,92.13,-0.05,1.36
2025-08-12T17:41:00.000,1.37,92.22,-0.05,1.37
2025-08-12T17:42:00.000,1.35,94.02,-0.09,1.35
2025-08-12T17:43:00.000,1.34,95.10,-0.12,1.33
2025-08-12T17:44:00.000,1.35,94.48,-0.11,1.34
2025-08-12T17:45:00.000,1.34,95.37,-0.13,1.34
2025-08-12T17:46:00.000,1.34,94.75,-0.11,1.33
2025-08-12T17:47:00.000,1.32,95.44,-0.13,1.31
2025-08-12T17:48:00.000,1.33,95.55,-0.13,1.32
2025-08-12T17:49:00.000,1.35,95.29,-0.12,1.34
2025-08-12T17:50:00.000,1.28,94.16,-0.09,1.28
2025-08-12T17:51:00.000,1.29,94.43,-0.10,1.28
2025-08-12T17:52:00.000,1.30,95.88,-0.13,1.29
2025-08-12T17:53:00.000,1.26,96.65,-0.15,1.25
2025-08-12T17:54:00.000,1.35,95.26,-0.12,1.35
2025-08-12T17:55:00.000,1.36,95.95,-0.14,1.36
2025-08-12T17:56:00.000,1.37,95.67,-0.14,1.36
2025-08-12T17:57:00.000,1.40,95.22,-0.13,1.40
2025-08-12T17:58:00.000,1.39,94.42,-0.11,1.38
2025-08-12T17:59:00.000,1.43,92.92,-0.07,1.43
2025-08-12T18:00:00.000,1.57,88.17,0.05,1.57
2025-08-12T18:01:00.000,1.56,90.95,-0.03,1.56
2025-08-12T18:02:00.000,1.85,99.92,-0.32,1.83
2025-08-12T18:03:00.000,1.70,85.36,0.14,1.70
2025-08-12T18:04:00.000,1.97,92.78,-0.10,1.97
2025-08-12T18:05:00.000,2.19,93.83,-0.15,2.19
2025-08-12T18:06:00.000,2.17,92.19,-0.08,2.17
2025-08-12T18:07:00.000,2.48,87.97,0.09,2.48
2025-08-12T18:08:00.000,1.89,87.67,0.08,1.89
2025-08-12T18:09:00.000,2.15,85.82,0.16,2.14
2025-08-12T18:10:00.000,1.83,87.02,0.10,1.82
2025-08-12T18:11:00.000,1.75,98.50,-0.26,1.73
2025-08-12T18:12:00.000,1.43,97.68,-0.19,1.42
2025-08-12T18:13:00.000,1.34,88.83,0.03,1.34
2025-08-12T18:14:00.000,1.47,79.57,0.27,1.45
2025-08-12T18:15:00.000,1.53,88.05,0.05,1.52
2025-08-12T18:16:00.000,1.37,87.95,0.05,1.37
2025-08-12T18:17:00.000,1.20,87.98,0.04,1.20
2025-08-12T18:18:00.000,1.18,87.48,0.05,1.18
2025-08-12T18:19:00.000,1.07,93.61,-0.07,1.07
2025-08-12T18:20:00.000,1.04,106.78,-0.30,1.00
2025-08-12T18:21:00.000,1.13,101.38,-0.22,1.10
2025-08-12T18:22:00.000,1.13,107.56,-0.34,1.08
2025-08-12T18:23:00.000,1.19,109.66,-0.40,1.12
2025-08-12T18:24:00.000,1.28,103.70,-0.30,1.24
2025-08-12T18:25:00.000,1.27,110.12,-0.44,1.20
2025-08-12T18:26:00.000,1.41,127.62,-0.86,1.12
2025-08-12T18:27:00.000,1.88,142.53,-1.49,1.14
2025-08-12T18:28:00.000,1.40,119.88,-0.70,1.21
2025-08-12T18:29:00.000,1.19,119.97,-0.59,1.03
2025-08-12T18:30:00.000,1.44,121.32,-0.75,1.23
2025-08-12T18:31:00.000,1.30,116.66,-0.58,1.16
2025-08-12T18:32:00.000,1.36,110.39,-0.47,1.28
2025-08-12T18:33:00.000,1.35,99.99,-0.23,1.33
2025-08-12T18:34:00.000,1.28,96.63,-0.15,1.27
2025-08-12T18:35:00.000,1.26,94.30,-0.09,1.26
2025-08-12T18:36:00.000,1.38,93.90,-0.09,1.37
2025-08-12T18:37:00.000,1.40,86.72,0.08,1.40
2025-08-12T18:38:00.000,1.36,94.10,-0.10,1.36
2025-08-12T18:39:00.000,1.38,99.95,-0.24,1.36
2025-08-12T18:40:00.000,1.45,102.30,-0.31,1.42
2025-08-12T18:41:00.000,1.37,99.76,-0.23,1.35
2025-08-12T18:42:00.000,1.40,98.11,-0.20,1.39
2025-08-12T18:43:00.000,1.41,98.56,-0.21,1.40
2025-08-12T18:44:00.000,1.42,96.53,-0.16,1.41
2025-08-12T18:45:00.000,1.33,95.55,-0.13,1.32
2025-08-12T18:46:00.000,1.31,94.70,-0.11,1.30
2025-08-12T18:47:00.000,1.41,95.44,-0.13,1.40
2025-08-12T18:48:00.000,1.37,99.46,-0.22,1.35
2025-08-12T18:49:00.000,3.49,110.31,-1.21,3.27
2025-08-12T18:50:00.000,2.13,108.31,-0.67,2.02
2025-08-12T18:51:00.000,1.46,93.76,-0.10,1.46
2025-08-12T18:52:00.000,1.45,93.20,-0.08,1.45
2025-08-12T18:53:00.000,1.40,93.29,-0.08,1.40
2025-08-12T18:54:00.000,1.40,94.81,-0.12,1.40
2025-08-12T18:55:00.000,1.48,95.95,-0.15,1.47
2025-08-12T18:56:00.000,1.87,98.89,-0.29,1.85
2025-08-12T18:57:00.000,1.59,91.98,-0.05,1.59
2025-08-12T18:58:00.000,1.70,81.63,0.25,1.68
2025-08-12T18:59:00.000,1.40,86.49,0.09,1.40
2025-08-12T19:00:00.000,1.36,80.43,0.23,1.34
2025-08-12T19:01:00.000,1.07,87.94,0.04,1.07
2025-08-12T19:02:00.000,1.93,111.31,-0.70,1.79
2025-08-12T19:03:00.000,1.36,100.45,-0.25,1.33
2025-08-12T19:04:00.000,1.41,99.29,-0.23,1.39
2025-08-12T19:05:00.000,1.42,92.11,-0.05,1.41
2025-08-12T19:06:00.000,1.43,97.36,-0.18,1.42
2025-08-12T19:07:00.000,1.74,99.35,-0.28,1.71
2025-08-12T19:08:00.000,1.45,94.77,-0.12,1.44
2025-08-12T19:09:00.000,1.36,97.78,-0.18,1.35
2025-08-12T19:10:00.000,1.35,99.85,-0.23,1.33
2025-08-12T19:11:00.000,1.33,95.70,-0.13,1.33
2025-08-12T19:12:00.000,1.35,99.23,-0.22,1.33
2025-08-12T19:13:00.000,0.92,90.22,-0.00,0.92
2025-08-12T19:14:00.000,0.12,18.70,0.11,0.04
2025-08-12T19:15:00.000,0.04,257.24,-0.01,-0.04
2025-08-12T19:16:00.000,0.13,167.57,-0.13,0.03
2025-08-12T19:17:00.000,1.29,85.86,0.09,1.29
2025-08-12T19:18:00.000,1.23,90.68,-0.01,1.23
2025-08-12T19:19:00.000,1.25,86.49,0.08,1.25
2025-08-12T19:20:00.000,1.23,87.26,0.06,1.23
2025-08-12T19:21:00.000,1.34,85.37,0.11,1.34
2025-08-12T19:22:00.000,1.28,83.64,0.14,1.28
2025-08-12T19:23:00.000,1.46,66.86,0.58,1.35
2025-08-12T19:24:00.000,1.54,68.67,0.56,1.44
2025-08-12T19:25:00.000,1.49,64.66,0.64,1.35
2025-08-12T19:26:00.000,1.71,64.29,0.74,1.54
2025-08-12T19:27:00.000,1.83,61.21,0.88,1.61
2025-08-12T19:28:00.000,1.70,65.48,0.70,1.54
2025-08-12T19:29:00.000,1.77,71.28,0.57,1.67
2025-08-12T19:30:00.000,1.84,66.38,0.74,1.69
2025-08-12T19:31:00.000,1.80,73.72,0.50,1.73
2025-08-12T19:32:00.000,1.59,79.01,0.30,1.56
2025-08-12T19:33:00.000,1.54,79.12,0.29,1.51
2025-08-12T19:34:00.000,1.52,77.98,0.32,1.48
2025-08-12T19:35:00.000,1.64,75.57,0.41,1.59
2025-08-12T19:36:00.000,1.72,77.68,0.37,1.68
2025-08-12T19:37:00.000,1.92,74.96,0.50,1.85
2025-08-12T19:38:00.000,1.87,71.35,0.60,1.77
2025-08-12T19:39:00.000,1.92,71.69,0.60,1.83
2025-08-12T19:40:00.000,1.86,78.31,0.38,1.82
2025-08-12T19:41:00.000,1.71,79.53,0.31,1.68
2025-08-12T19:42:00.000,1.98,64.90,0.84,1.79
2025-08-12T19:43:00.000,1.63,77.80,0.34,1.59
2025-08-12T19:44:00.000,1.67,83.32,0.19,1.65
2025-08-12T19:45:00.000,1.54,88.38,0.04,1.54
2025-08-12T19:46:00.000,1.86,80.36,0.31,1.83
2025-08-12T19:47:00.000,1.90,74.41,0.51,1.83
2025-08-12T19:48:00.000,2.35,72.77,0.70,2.25
2025-08-12T19:49:00.000,3.26,68.66,1.19,3.04
2025-08-12T19:50:00.000,4.46,55.01,2.55,3.65
2025-08-12T19:51:00.000,2.40,70.22,0.81,2.26
2025-08-12T19:52:00.000,2.06,80.41,0.34,2.03
2025-08-12T19:53:00.000,1.96,83.13,0.23,1.94
2025-08-12T19:54:00.000,1.76,85.62,0.13,1.75
2025-08-12T19:55:00.000,1.83,84.69,0.17,1.82
2025-08-12T19:56:00.000,1.86,83.73,0.20,1.85
2025-08-12T19:57:00.000,1.85,83.22,0.22,1.83
2025-08-12T19:58:00.000,1.85,83.72,0.20,1.84
2025-08-12T19:59:00.000,1.73,85.29,0.14,1.72
2025-08-12T20:00:00.000,1.80,83.58,0.20,1.78
2025-08-12T20:01:00.000,1.65,84.96,0.14,1.64
2025-08-12T20:02:00.000,1.59,88.45,0.04,1.59
2025-08-12T20:03:00.000,1.44,90.73,-0.02,1.44
2025-08-12T20:04:00.000,1.39,94.18,-0.10,1.39
2025-08-12T20:05:00.000,1.34,95.58,-0.13,1.33
2025-08-12T20:06:00.000,1.33,93.57,-0.08,1.32
2025-08-12T20:07:00.000,1.33,95.17,-0.12,1.33
2025-08-12T20:08:00.000,1.32,93.65,-0.08,1.32
2025-08-12T20:09:00.000,1.31,93.79,-0.09,1.31
2025-08-12T20:10:00.000,1.35,93.77,-0.09,1.35
2025-08-12T20:11:00.000,1.34,92.67,-0.06,1.34
2025-08-12T20:12:00.000,1.35,92.03,-0.05,1.35
2025-08-12T20:13:00.000,1.36,93.46,-0.08,1.36
2025-08-12T20:14:00.000,1.33,93.33,-0.08,1.33
2025-08-12T20:15:00.000,1.37,92.24,-0.05,1.36
2025-08-12T20:16:00.000,1.36,92.89,-0.07,1.36
2025-08-12T20:17:00.000,1.37,93.74,-0.09,1.37
2025-08-12T20:18:00.000,1.40,93.22,-0.08,1.39
2025-08-12T20:19:00.000,1.42,92.22,-0.06,1.42
2025-08-12T20:20:00.000,1.42,95.16,-0.13,1.42
2025-08-12T20:21:00.000,1.46,94.63,-0.12,1.46
2025-08-12T20:22:00.000,1.45,94.78,-0.12,1.45
2025-08-12T20:23:00.000,1.44,94.58,-0.12,1.44
2025-08-12T20:24:00.000,1.43,94.87,-0.12,1.43
2025-08-12T20:25:00.000,1.45,94.05,-0.10,1.45
2025-08-12T20:26:00.000,1.44,93.93,-0.10,1.44
2025-08-12T20:27:00.000,1.44,92.71,-0.07,1.44
2025-08-12T20:28:00.000,1.48,91.85,-0.05,1.48
2025-08-12T20:29:00.000,1.49,90.92,-0.02,1.49
2025-08-12T20:30:00.000,1.53,91.49,-0.04,1.52
2025-08-12T20:31:00.000,1.56,90.06,-0.00,1.56
2025-08-12T20:32:00.000,1.56,89.09,0.02,1.56
2025-08-12T20:33:00.000,1.56,89.41,0.02,1.56
2025-08-12T20:34:00.000,1.55,89.80,0.01,1.55
2025-08-12T20:35:00.000,1.56,90.55,-0.02,1.56
2025-08-12T20:36:00.000,1.54,90.65,-0.02,1.54
2025-08-12T20:37:00.000,1.54,90.88,-0.02,1.54
2025-08-12T20:38:00.000,1.55,90.78,-0.02,1.55
2025-08-12T20:39:00.000,1.54,89.91,0.00,1.54
2025-08-12T20:40:00.000,1.54,88.09,0.05,1.54
2025-08-12T20:41:00.000,1.53,86.95,0.08,1.53
2025-08-12T20:42:00.000,1.50,89.36,0.02,1.50
2025-08-12T20:43:00.000,1.49,90.84,-0.02,1.49
2025-08-12T20:44:00.000,1.48,90.79,-0.02,1.48
2025-08-12T20:45:00.000,1.40,90.71,-0.02,1.40
2025-08-12T20:46:00.000,1.39,90.57,-0.01,1.39
2025-08-12T20:47:00.000,1.37,92.31,-0.06,1.37
2025-08-12T20:48:00.000,1.36,94.98,-0.12,1.35
2025-08-12T20:49:00.000,1.34,97.07,-0.17,1.33
2025-08-12T20:50:00.000,1.40,96.80,-0.17,1.39
2025-08-12T20:51:00.000,1.40,98.31,-0.20,1.38
2025-08-12T20:52:00.000,1.43,99.29,-0.23,1.41
2025-08-12T20:53:00.000,1.39,97.89,-0.19,1.38
2025-08-12T20:54:00.000,1.35,99.76,-0.23,1.33
2025-08-12T20:55:00.000,1.30,100.06,-0.23,1.28
2025-08-12T20:56:00.000,1.27,101.14,-0.25,1.25
2025-08-12T20:57:00.000,1.28,101.36,-0.25,1.25
2025-08-12T20:58:00.000,1.33,98.75,-0.20,1.32
2025-08-12T20:59:00.000,1.34,98.48,-0.20,1.32
2025-08-12T21:00:00.000,1.34,99.31,-0.22,1.32
2025-08-12T21:01:00.000,1.33,99.35,-0.22,1.31
2025-08-12T21:02:00.000,1.32,97.72,-0.18,1.31
2025-08-12T21:03:00.000,1.32,97.44,-0.17,1.31
2025-08-12T21:04:00.000,1.28,99.01,-0.20,1.27
2025-08-12T21:05:00.000,1.32,97.96,-0.18,1.31
2025-08-12T21:06:00.000,1.31,97.75,-0.18,1.29
2025-08-12T21:07:00.000,1.46,83.09,0.18,1.45
2025-08-12T21:08:00.000,0.97,82.95,0.12,0.97
2025-08-12T21:09:00.000,1.04,133.64,-0.72,0.75
2025-08-12T21:10:00.000,0.98,171.21,-0.97,0.15
2025-08-12T21:11:00.000,1.59,203.77,-1.46,-0.64
2025-08-12T21:12:00.000,1.59,188.43,-1.57,-0.23
2025-08-12T21:13:00.000,0.87,232.16,-0.54,-0.69
2025-08-12T21:14:00.000,0.57,222.45,-0.42,-0.39
2025-08-12T21:15:00.000,0.29,173.92,-0.29,0.03
2025-08-12T21:16:00.000,0.53,215.84,-0.43,-0.31
2025-08-12T21:17:00.000,0.29,153.54,-0.26,0.13
2025-08-12T21:18:00.000,0.38,207.23,-0.34,-0.17
2025-08-12T21:19:00.000,0.28,140.26,-0.21,0.18
2025-08-12T21:20:00.000,0.26,129.55,-0.17,0.20
2025-08-12T21:21:00.000,0.28,117.61,-0.13,0.25
2025-08-12T21:22:00.000,0.30,104.97,-0.08,0.29
2025-08-12T21:23:00.000,0.32,108.10,-0.10,0.31
2025-08-12T21:24:00.000,0.46,95.21,-0.04,0.46
2025-08-12T21:25:00.000,0.47,90.47,-0.00,0.47
2025-08-12T21:26:00.000,0.50,87.61,0.02,0.50
2025-08-12T21:27:00.000,0.58,81.84,0.08,0.57
2025-08-12T21:28:00.000,0.80,78.50,0.16,0.79
2025-08-12T21:29:00.000,0.78,80.09,0.13,0.76
2025-08-12T21:30:00.000,0.82,80.64,0.13,0.81
2025-08-12T21:31:00.000,0.75,81.79,0.11,0.74
2025-08-12T21:32:00.000,0.82,81.34,0.12,0.81
2025-08-12T21:33:00.000,0.43,94.54,-0.03,0.43
2025-08-12T21:34:00.000,0.46,91.31,-0.01,0.46
2025-08-12T21:35:00.000,0.48,88.31,0.01,0.48
2025-08-12T21:36:00.000,0.38,112.55,-0.15,0.35
2025-08-12T21:37:00.000,0.58,90.33,-0.00,0.58
2025-08-12T21:38:00.000,0.43,110.80,-0.15,0.40
2025-08-12T21:39:00.000,0.31,111.58,-0.12,0.29
2025-08-12T21:40:00.000,1.13,124.58,-0.64,0.93
2025-08-12T21:41:00.000,1.18,114.63,-0.49,1.07
2025-08-12T21:42:00.000,1.21,115.00,-0.51,1.10
2025-08-12T21:43:00.000,1.15,119.15,-0.56,1.00
2025-08-12T21:44:00.000,1.07,122.33,-0.57,0.91
2025-08-12T21:45:00.000,0.95,129.17,-0.60,0.74
2025-08-12T21:46:00.000,1.05,122.58,-0.56,0.88
2025-08-12T21:47:00.000,1.06,117.65,-0.49,0.94
2025-08-12T21:48:00.000,0.87,129.72,-0.56,0.67
2025-08-12T21:49:00.000,0.95,122.74,-0.51,0.80
2025-08-12T21:50:00.000,1.19,112.29,-0.45,1.10
2025-08-12T21:51:00.000,1.19,121.92,-0.63,1.01
2025-08-12T21:52:00.000,1.15,119.89,-0.57,1.00
2025-08-12T21:53:00.000,1.11,117.10,-0.50,0.99
2025-08-12T21:54:00.000,1.05,115.76,-0.46,0.95
2025-08-12T21:55:00.000,1.11,113.84,-0.45,1.02
2025-08-12T21:56:00.000,1.07,112.29,-0.41,0.99
2025-08-12T21:57:00.000,0.82,117.78,-0.38,0.73
2025-08-12T21:58:00.000,0.76,118.44,-0.36,0.67
2025-08-12T21:59:00.000,1.04,113.78,-0.42,0.95
2025-08-12T22:00:00.000,0.87,104.16,-0.21,0.84
2025-08-12T22:01:00.000,1.02,103.23,-0.23,0.99
2025-08-12T22:02:00.000,1.09,105.61,-0.29,1.05
2025-08-12T22:03:00.000,0.89,109.18,-0.29,0.84
2025-08-12T22:04:00.000,0.73,110.92,-0.26,0.68
2025-08-12T22:05:00.000,0.63,107.22,-0.19,0.60
2025-08-12T22:06:00.000,0.70,109.19,-0.23,0.66
2025-08-12T22:07:00.000,0.78,107.31,-0.23,0.75
2025-08-12T22:08:00.000,0.78,114.37,-0.32,0.71
2025-08-12T22:09:00.000,0.97,107.59,-0.29,0.93
2025-08-12T22:10:00.000,1.01,103.59,-0.24,0.98
2025-08-12T22:11:00.000,1.01,102.43,-0.22,0.99
2025-08-12T22:12:00.000,1.09,103.42,-0.25,1.06
2025-08-12T22:13:00.000,1.08,105.33,-0.29,1.04
2025-08-12T22:14:00.000,1.18,101.55,-0.24,1.15
2025-08-12T22:15:00.000,1.16,101.78,-0.24,1.13
2025-08-12T22:16:00.000,0.93,108.56,-0.30,0.88
2025-08-12T22:17:00.000,1.02,106.33,-0.29,0.98
2025-08-12T22:18:00.000,1.12,102.88,-0.25,1.09
2025-08-12T22:19:00.000,1.13,102.94,-0.25,1.10
2025-08-12T22:20:00.000,1.17,102.28,-0.25,1.15
2025-08-12T22:21:00.000,1.20,102.02,-0.25,1.17
2025-08-12T22:22:00.000,1.21,102.33,-0.26,1.18
2025-08-12T22:23:00.000,1.24,100.32,-0.22,1.22
2025-08-12T22:24:00.000,1.21,102.30,-0.26,1.18
2025-08-12T22:25:00.000,1.17,104.21,-0.29,1.14
2025-08-12T22:26:00.000,1.24,105.58,-0.33,1.19
2025-08-12T22:27:00.000,1.31,107.79,-0.40,1.25
2025-08-12T22:28:00.000,1.24,107.06,-0.36,1.19
2025-08-12T22:29:00.000,1.23,108.06,-0.38,1.17
2025-08-12T22:30:00.000,1.22,106.48,-0.35,1.17
2025-08-12T22:31:00.000,1.25,104.75,-0.32,1.21
2025-08-12T22:32:00.000,1.28,103.82,-0.31,1.24
2025-08-12T22:33:00.000,1.30,101.05,-0.25,1.27
2025-08-12T22:34:00.000,1.34,100.25,-0.24,1.32
2025-08-12T22:35:00.000,1.32,99.64,-0.22,1.30
2025-08-12T22:36:00.000,1.32,99.49,-0.22,1.30
2025-08-12T22:37:00.000,1.33,100.12,-0.23,1.31
2025-08-12T22:38:00.000,1.31,102.09,-0.27,1.28
2025-08-12T22:39:00.000,1.30,102.35,-0.28,1.27
2025-08-12T22:40:00.000,1.31,101.61,-0.26,1.29
2025-08-12T22:41:00.000,1.30,102.11,-0.27,1.27
2025-08-12T22:42:00.000,1.32,103.22,-0.30,1.28
2025-08-12T22:43:00.000,1.31,103.72,-0.31,1.28
2025-08-12T22:44:00.000,1.34,102.53,-0.29,1.31
2025-08-12T22:45:00.000,1.36,102.04,-0.28,1.33
2025-08-12T22:46:00.000,1.35,101.53,-0.27,1.32
2025-08-12T22:47:00.000,1.38,100.74,-0.26,1.35
2025-08-12T22:48:00.000,1.37,102.03,-0.29,1.34
2025-08-12T22:49:00.000,1.34,102.54,-0.29,1.31
2025-08-12T22:50:00.000,1.29,96.94,-0.16,1.28
2025-08-12T22:51:00.000,1.30,100.83,-0.24,1.28
2025-08-12T22:52:00.000,1.33,100.60,-0.25,1.31
2025-08-12T22:53:00.000,1.37,99.69,-0.23,1.35
2025-08-12T22:54:00.000,1.36,99.08,-0.21,1.34
2025-08-12T22:55:00.000,1.41,98.29,-0.20,1.39
2025-08-12T22:56:00.000,1.46,97.92,-0.20,1.44
2025-08-12T22:57:00.000,1.44,97.61,-0.19,1.43
2025-08-12T22:58:00.000,1.40,98.01,-0.20,1.39
2025-08-12T22:59:00.000,1.40,97.98,-0.19,1.38
2025-08-12T23:00:00.000,1.39,98.90,-0.21,1.37
2025-08-12T23:01:00.000,1.40,99.06,-0.22,1.38
2025-08-12T23:02:00.000,1.40,99.47,-0.23,1.38
2025-08-12T23:03:00.000,1.37,99.69,-0.23,1.35
2025-08-12T23:04:00.000,1.35,99.28,-0.22,1.34
2025-08-12T23:05:00.000,1.38,99.62,-0.23,1.36
2025-08-12T23:06:00.000,1.37,98.97,-0.21,1.36
2025-08-12T23:07:00.000,1.38,97.93,-0.19,1.36
2025-08-12T23:08:00.000,1.37,97.78,-0.19,1.36
2025-08-12T23:09:00.000,1.39,98.18,-0.20,1.38
2025-08-12T23:10:00.000,1.35,98.59,-0.20,1.34
2025-08-12T23:11:00.000,1.36,98.92,-0.21,1.34
2025-08-12T23:12:00.000,1.30,101.00,-0.25,1.28
2025-08-12T23:13:00.000,1.28,102.47,-0.28,1.25
2025-08-12T23:14:00.000,1.25,104.60,-0.32,1.21
2025-08-12T23:15:00.000,1.23,103.50,-0.29,1.20
2025-08-12T23:16:00.000,1.27,102.71,-0.28,1.24
2025-08-12T23:17:00.000,1.23,103.08,-0.28,1.20
2025-08-12T23:18:00.000,1.26,103.71,-0.30,1.22
2025-08-12T23:19:00.000,1.29,103.05,-0.29,1.25
2025-08-12T23:20:00.000,1.29,101.82,-0.26,1.27
2025-08-12T23:21:00.000,1.24,102.50,-0.27,1.21
2025-08-12T23:22:00.000,1.17,107.77,-0.36,1.12
2025-08-12T23:23:00.000,1.25,104.02,-0.30,1.21
2025-08-12T23:24:00.000,1.14,109.57,-0.38,1.07
2025-08-12T23:25:00.000,1.05,125.07,-0.61,0.86
2025-08-12T23:26:00.000,1.07,110.62,-0.38,1.00
2025-08-12T23:27:00.000,1.08,122.43,-0.58,0.91
2025-08-12T23:28:00.000,1.02,123.60,-0.56,0.85
2025-08-12T23:29:00.000,1.16,110.92,-0.41,1.09
2025-08-12T23:30:00.000,1.07,116.91,-0.49,0.96
2025-08-12T23:31:00.000,1.18,112.95,-0.46,1.08
2025-08-12T23:32:00.000,1.22,107.75,-0.37,1.16
2025-08-12T23:33:00.000,1.26,108.69,-0.40,1.19
2025-08-12T23:34:00.000,1.23,105.92,-0.34,1.18
2025-08-12T23:35:00.000,1.20,109.37,-0.40,1.13
2025-08-12T23:36:00.000,1.25,108.06,-0.39,1.19
2025-08-12T23:37:00.000,1.20,112.38,-0.46,1.11
2025-08-12T23:38:00.000,1.28,106.90,-0.37,1.22
2025-08-12T23:39:00.000,1.22,110.01,-0.42,1.15
2025-08-12T23:40:00.000,1.27,105.88,-0.35,1.22
2025-08-12T23:41:00.000,1.28,104.26,-0.31,1.24
2025-08-12T23:42:00.000,1.30,104.02,-0.32,1.26
2025-08-12T23:43:00.000,1.27,103.51,-0.30,1.24
2025-08-12T23:44:00.000,1.31,103.60,-0.31,1.28
2025-08-12T23:45:00.000,1.27,104.42,-0.32,1.23
2025-08-12T23:46:00.000,1.26,106.25,-0.35,1.21
2025-08-12T23:47:00.000,1.29,103.53,-0.30,1.25
2025-08-12T23:48:00.000,1.27,105.54,-0.34,1.22
2025-08-12T23:49:00.000,1.31,105.31,-0.35,1.26
2025-08-12T23:50:00.000,1.25,107.28,-0.37,1.20
2025-08-12T23:51:00.000,1.32,103.54,-0.31,1.28
2025-08-12T23:52:00.000,1.34,102.30,-0.28,1.31
2025-08-12T23:53:00.000,1.46,99.19,-0.23,1.44
2025-08-12T23:54:00.000,2.20,96.45,-0.25,2.19
2025-08-12T23:55:00.000,4.95,89.56,0.04,4.95
2025-08-12T23:56:00.000,8.77,85.84,0.64,8.75
2025-08-12T23:57:00.000,12.19,83.27,1.43,12.10
2025-08-12T23:58:00.000,14.71,82.92,1.81,14.60
2025-08-12T23:59:00.000,16.98,82.68,2.16,16.84
2025-08-13T00:00:00.000,18.77,82.27,2.52,18.60
2025-08-13T00:01:00.000,20.71,79.50,3.77,20.36
2025-08-13T00:02:00.000,22.33,77.76,4.73,21.82
2025-08-13T00:03:00.000,23.71,76.28,5.62,23.03
2025-08-13T00:04:00.000,24.98,80.16,4.27,24.62
2025-08-13T00:05:00.000,25.78,80.21,4.38,25.41
2025-08-13T00:06:00.000,26.84,79.08,5.08,26.35
2025-08-13T00:07:00.000,28.08,76.07,6.76,27.25
2025-08-13T00:08:00.000,28.86,75.72,7.12,27.97
2025-08-13T00:09:00.000,29.97,74.56,7.98,28.89
2025-08-13T00:10:00.000,31.18,73.84,8.68,29.95
2025-08-13T00:11:00.000,32.12,72.34,9.75,30.61
2025-08-13T00:12:00.000,33.48,65.70,13.78,30.51
2025-08-13T00:13:00.000,35.40,65.68,14.58,32.26
2025-08-13T00:14:00.000,37.19,65.61,15.36,33.87
2025-08-13T00:15:00.000,39.58,66.19,15.98,36.21
2025-08-13T00:16:00.000,42.55,64.23,18.50,38.32
2025-08-13T00:17:00.000,45.11,63.17,20.36,40.25
2025-08-13T00:18:00.000,48.77,66.46,19.48,44.71
2025-08-13T00:19:00.000,53.58,68.35,19.77,49.80
2025-08-13T00:20:00.000,57.78,69.98,19.78,54.29
2025-08-13T00:21:00.000,61.11,69.73,21.17,57.33
2025-08-13T00:22:00.000,67.18,75.38,16.96,65.01
2025-08-13T00:23:00.000,74.06,76.65,17.10,72.06
2025-08-13T00:24:00.000,79.84,74.47,21.38,76.93
2025-08-13T00:25:00.000,86.44,70.29,29.15,81.38
2025-08-13T00:26:00.000,93.26,67.20,36.14,85.97
2025-08-13T00:27:00.000,102.90,65.49,42.69,93.63
2025-08-13T00:28:00.000,112.00,66.41,44.82,102.64
2025-08-13T00:29:00.000,121.12,65.22,50.77,109.96
2025-08-13T00:30:00.000,133.45,69.32,47.12,124.85
2025-08-13T00:31:00.000,151.48,69.64,52.70,142.02
2025-08-13T00:32:00.000,162.45,68.85,58.61,151.51
2025-08-13T00:33:00.000,173.95,67.23,67.34,160.39
2025-08-13T00:34:00.000,186.86,65.08,78.73,169.47
2025-08-13T00:35:00.000,207.97,63.78,91.89,186.57
2025-08-13T00:36:00.000,225.73,61.66,107.15,198.68
2025-08-13T00:37:00.000,232.64,58.94,120.04,199.28
2025-08-13T00:38:00.000,233.56,58.97,120.39,200.14
2025-08-13T00:39:00.000,233.64,58.95,120.51,200.16
2025-08-13T00:40:00.000,233.63,58.98,120.40,200.22
2025-08-13T00:41:00.000,233.61,58.97,120.42,200.18
2025-08-13T00:42:00.000,233.57,58.94,120.50,200.08
2025-08-13T00:43:00.000,233.59,58.96,120.44,200.15
2025-08-13T00:44:00.000,233.55,58.95,120.45,200.10
2025-08-13T00:45:00.000,233.54,58.97,120.38,200.13
2025-08-13T00:46:00.000,233.53,58.89,120.66,199.94
2025-08-13T00:47:00.000,233.53,58.87,120.74,199.89
2025-08-13T00:48:00.000,233.53,58.87,120.74,199.89
2025-08-13T00:49:00.000,233.43,58.89,120.61,199.85
2025-08-13T00:50:00.000,233.47,58.84,120.80,199.79
2025-08-13T00:51:00.000,233.45,58.88,120.66,199.85
2025-08-13T00:52:00.000,233.40,58.88,120.62,199.81
2025-08-13T00:53:00.000,233.37,58.85,120.72,199.72
2025-08-13T00:54:00.000,233.40,58.87,120.66,199.79
2025-08-13T00:55:00.000,233.35,58.87,120.64,199.74
2025-08-13T00:56:00.000,233.31,58.86,120.65,199.69
2025-08-13T00:57:00.000,233.32,58.86,120.65,199.70
2025-08-13T00:58:00.000,233.28,58.85,120.67,199.64
2025-08-13T00:59:00.000,233.30,58.83,120.75,199.62
2025-08-13T01:00:00.000,233.31,58.83,120.77,199.61
2025-08-13T01:01:00.000,233.33,58.81,120.84,199.60
2025-08-13T01:02:00.000,233.29,58.77,120.94,199.50
2025-08-13T01:03:00.000,233.22,58.79,120.86,199.46
2025-08-13T01:04:00.000,233.35,58.77,120.99,199.54
2025-08-13T01:05:00.000,233.24,58.78,120.89,199.47
2025-08-13T01:06:00.000,233.25,58.78,120.90,199.47
2025-08-13T01:07:00.000,233.29,58.78,120.92,199.50
2025-08-13T01:08:00.000,233.30,58.80,120.86,199.56
2025-08-13T01:09:00.000,233.22,58.78,120.88,199.44
2025-08-13T01:10:00.000,233.30,58.81,120.83,199.57
2025-08-13T01:11:00.000,233.27,58.81,120.82,199.54
2025-08-13T01:12:00.000,233.17,58.78,120.86,199.41
2025-08-13T01:13:00.000,233.26,58.78,120.91,199.48
2025-08-13T01:14:00.000,233.30,58.77,120.95,199.50
2025-08-13T01:15:00.000,233.30,58.80,120.85,199.56
2025-08-13T01:16:00.000,233.27,58.78,120.91,199.49
2025-08-13T01:17:00.000,233.33,58.79,120.90,199.56
2025-08-13T01:18:00.000,233.30,58.76,121.01,199.47
2025-08-13T01:19:00.000,233.36,58.77,121.00,199.54
2025-08-13T01:20:00.000,233.35,58.77,120.98,199.54
2025-08-13T01:21:00.000,233.39,58.78,120.96,199.60
2025-08-13T01:22:00.000,233.39,58.77,121.00,199.57
2025-08-13T01:23:00.000,233.41,58.75,121.07,199.55
2025-08-13T01:24:00.000,233.44,58.76,121.07,199.59
2025-08-13T01:25:00.000,233.37,58.78,120.98,199.57
2025-08-13T01:26:00.000,233.42,58.76,121.05,199.58
2025-08-13T01:27:00.000,233.47,58.78,121.03,199.65
2025-08-13T01:28:00.000,233.51,58.77,121.08,199.67
2025-08-13T01:29:00.000,233.41,58.76,121.06,199.56
2025-08-13T01:30:00.000,233.43,58.75,121.10,199.56
2025-08-13T01:31:00.000,233.45,58.75,121.11,199.58
2025-08-13T01:32:00.000,233.44,58.74,121.12,199.56
2025-08-13T01:33:00.000,233.47,58.75,121.13,199.60
2025-08-13T01:34:00.000,233.50,58.77,121.05,199.67
2025-08-13T01:35:00.000,233.47,58.77,121.03,199.65
2025-08-13T01:36:00.000,233.48,58.76,121.08,199.63
2025-08-13T01:37:00.000,233.50,58.77,121.06,199.66
2025-08-13T01:38:00.000,233.42,58.76,121.06,199.57
2025-08-13T01:39:00.000,233.54,58.76,121.12,199.67
2025-08-13T01:40:00.000,233.49,58.73,121.20,199.57
2025-08-13T01:41:00.000,233.45,58.74,121.16,199.55
2025-08-13T01:42:00.000,233.42,58.73,121.17,199.51
2025-08-13T01:43:00.000,233.53,58.72,121.27,199.57
2025-08-13T01:44:00.000,233.50,58.72,121.25,199.56
2025-08-13T01:45:00.000,233.51,58.69,121.35,199.50
2025-08-13T01:46:00.000,233.47,58.73,121.19,199.56
2025-08-13T01:47:00.000,233.55,58.74,121.18,199.65
2025-08-13T01:48:00.000,233.49,58.74,121.17,199.59
2025-08-13T01:49:00.000,233.45,58.74,121.13,199.56
2025-08-13T01:50:00.000,233.46,58.75,121.11,199.59
2025-08-13T01:51:00.000,233.48,58.76,121.10,199.62
2025-08-13T01:52:00.000,233.51,58.76,121.09,199.66
2025-08-13T01:53:00.000,233.47,58.77,121.06,199.63
2025-08-13T01:54:00.000,233.51,58.77,121.08,199.67
2025-08-13T01:55:00.000,233.53,58.78,121.03,199.72
2025-08-13T01:56:00.000,233.51,58.82,120.89,199.78
2025-08-13T01:57:00.000,233.46,58.80,120.94,199.69
2025-08-13T01:58:00.000,233.52,58.84,120.84,199.83
2025-08-13T01:59:00.000,233.45,58.80,120.94,199.68
2025-08-13T02:00:00.000,233.52,58.81,120.94,199.76
2025-08-13T02:01:00.000,233.54,58.83,120.87,199.83
2025-08-13T02:02:00.000,233.52,58.83,120.87,199.80
2025-08-13T02:03:00.000,233.48,58.81,120.91,199.74
2025-08-13T02:04:00.000,233.52,58.83,120.87,199.81
2025-08-13T02:05:00.000,233.47,58.81,120.93,199.72
2025-08-13T02:06:00.000,233.54,58.82,120.92,199.79
2025-08-13T02:07:00.000,233.53,58.82,120.92,199.79
2025-08-13T02:08:00.000,233.48,58.83,120.85,199.77
2025-08-13T02:09:00.000,233.55,58.84,120.85,199.85
2025-08-13T02:10:00.000,233.48,58.84,120.81,199.80
2025-08-13T02:11:00.000,233.58,58.84,120.84,199.89
2025-08-13T02:12:00.000,233.55,58.84,120.85,199.85
2025-08-13T02:13:00.000,233.53,58.77,121.07,199.70
2025-08-13T02:14:00.000,233.54,58.79,121.03,199.73
2025-08-13T02:15:00.000,233.56,58.77,121.09,199.71
2025-08-13T02:16:00.000,233.62,58.78,121.09,199.79
2025-08-13T02:17:00.000,233.48,58.75,121.14,199.60
2025-08-13T02:18:00.000,233.55,58.76,121.13,199.68
2025-08-13T02:19:00.000,233.58,58.77,121.11,199.73
2025-08-13T02:20:00.000,233.51,58.76,121.10,199.65
2025-08-13T02:21:00.000,233.59,58.74,121.20,199.69
2025-08-13T02:22:00.000,233.53,58.76,121.11,199.67
2025-08-13T02:23:00.000,233.60,58.75,121.19,199.71
2025-08-13T02:24:00.000,233.53,58.75,121.16,199.64
2025-08-13T02:25:00.000,233.51,58.73,121.20,199.59
2025-08-13T02:26:00.000,233.55,58.70,121.33,199.56
2025-08-13T02:27:00.000,233.50,58.73,121.21,199.57
2025-08-13T02:28:00.000,233.52,58.73,121.22,199.59
2025-08-13T02:29:00.000,233.54,58.73,121.22,199.61
2025-08-13T02:30:00.000,233.47,58.74,121.16,199.57
2025-08-13T02:31:00.000,233.52,58.70,121.31,199.54
2025-08-13T02:32:00.000,233.45,58.71,121.23,199.50
2025-08-13T02:33:00.000,233.46,58.71,121.26,199.50
2025-08-13T02:34:00.000,233.51,58.74,121.18,199.61
2025-08-13T02:35:00.000,233.52,58.73,121.21,199.60
2025-08-13T02:36:00.000,233.50,58.68,121.37,199.48
2025-08-13T02:37:00.000,233.50,58.67,121.40,199.46
2025-08-13T02:38:00.000,233.48,58.69,121.34,199.47
2025-08-13T02:39:00.000,233.57,58.69,121.37,199.55
2025-08-13T02:40:00.000,233.48,58.69,121.32,199.49
2025-08-13T02:41:00.000,233.44,58.69,121.30,199.44
2025-08-13T02:42:00.000,233.54,58.71,121.30,199.57
2025-08-13T02:43:00.000,233.50,58.69,121.33,199.50
2025-08-13T02:44:00.000,233.45,58.69,121.30,199.46
2025-08-13T02:45:00.000,233.43,58.70,121.26,199.46
2025-08-13T02:46:00.000,233.43,58.69,121.32,199.42
2025-08-13T02:47:00.000,233.42,58.68,121.34,199.41
2025-08-13T02:48:00.000,233.40,58.69,121.29,199.41
2025-08-13T02:49:00.000,233.42,58.67,121.38,199.38
2025-08-13T02:50:00.000,233.42,58.66,121.41,199.36
2025-08-13T02:51:00.000,233.40,58.64,121.48,199.30
2025-08-13T02:52:00.000,233.43,58.66,121.41,199.38
2025-08-13T02:53:00.000,233.38,58.65,121.43,199.30
2025-08-13T02:54:00.000,233.37,58.67,121.35,199.34
2025-08-13T02:55:00.000,233.36,58.64,121.44,199.28
2025-08-13T02:56:00.000,233.41,58.63,121.51,199.29
2025-08-13T02:57:00.000,233.43,58.65,121.43,199.36
2025-08-13T02:58:00.000,233.36,58.67,121.33,199.34
2025-08-13T02:59:00.000,233.40,58.67,121.36,199.37
2025-08-13T03:00:00.000,233.43,58.70,121.29,199.45
2025-08-13T03:01:00.000,233.42,58.70,121.28,199.44
2025-08-13T03:02:00.000,233.41,58.69,121.31,199.41
2025-08-13T03:03:00.000,233.42,58.67,121.39,199.38
2025-08-13T03:04:00.000,233.39,58.68,121.32,199.38
2025-08-13T03:05:00.000,233.47,58.68,121.38,199.44
2025-08-13T03:06:00.000,233.35,58.68,121.31,199.34
2025-08-13T03:07:00.000,233.37,58.68,121.31,199.36
2025-08-13T03:08:00.000,233.37,58.69,121.27,199.39
2025-08-13T03:09:00.000,233.43,58.70,121.28,199.45
2025-08-13T03:10:00.000,233.38,58.68,121.32,199.37
2025-08-13T03:11:00.000,233.40,58.68,121.34,199.38
2025-08-13T03:12:00.000,233.43,58.67,121.36,199.40
2025-08-13T03:13:00.000,233.42,58.71,121.25,199.46
2025-08-13T03:14:00.000,233.30,58.70,121.22,199.33
2025-08-13T03:15:00.000,233.38,58.71,121.20,199.44
2025-08-13T03:16:00.000,233.40,58.71,121.23,199.45
2025-08-13T03:17:00.000,233.40,58.70,121.25,199.43
2025-08-13T03:18:00.000,233.34,58.72,121.14,199.43
2025-08-13T03:19:00.000,233.38,58.73,121.14,199.48
2025-08-13T03:20:00.000,233.39,58.72,121.18,199.46
2025-08-13T03:21:00.000,233.34,58.73,121.12,199.44
2025-08-13T03:22:00.000,233.33,58.74,121.08,199.46
2025-08-13T03:23:00.000,233.35,58.75,121.07,199.48
2025-08-13T03:24:00.000,233.35,58.71,121.20,199.41
2025-08-13T03:25:00.000,233.34,58.76,121.00,199.51
2025-08-13T03:26:00.000,233.28,58.75,121.02,199.43
2025-08-13T03:27:00.000,233.30,58.75,121.04,199.45
2025-08-13T03:28:00.000,233.34,58.76,121.03,199.49
2025-08-13T03:29:00.000,233.31,58.76,120.99,199.48
2025-08-13T03:30:00.000,233.26,58.74,121.04,199.40
2025-08-13T03:31:00.000,233.31,58.72,121.14,199.39
2025-08-13T03:32:00.000,233.23,58.75,121.01,199.39
2025-08-13T03:33:00.000,233.32,58.71,121.17,199.39
2025-08-13T03:34:00.000,233.33,58.76,121.02,199.49
2025-08-13T03:35:00.000,233.36,58.71,121.21,199.41
2025-08-13T03:36:00.000,233.35,58.72,121.16,199.43
2025-08-13T03:37:00.000,233.30,58.69,121.24,199.33
2025-08-13T03:38:00.000,233.38,58.70,121.24,199.42
2025-08-13T03:39:00.000,233.34,58.72,121.15,199.42
2025-08-13T03:40:00.000,233.30,58.76,120.99,199.48
2025-08-13T03:41:00.000,233.30,58.79,120.90,199.53
2025-08-13T03:42:00.000,233.22,58.78,120.88,199.45
2025-08-13T03:43:00.000,233.28,58.78,120.92,199.50
2025-08-13T03:44:00.000,233.23,58.81,120.78,199.53
2025-08-13T03:45:00.000,233.11,58.83,120.64,199.47
2025-08-13T03:46:00.000,232.39,58.83,120.27,198.85
2025-08-13T03:47:00.000,229.00,59.21,117.21,196.72
2025-08-13T03:48:00.000,222.28,59.93,111.38,192.36
2025-08-13T03:49:00.000,220.63,60.17,109.74,191.40
2025-08-13T03:50:00.000,211.66,61.41,101.29,185.85
2025-08-13T03:51:00.000,197.99,62.75,90.66,176.01
2025-08-13T03:52:00.000,193.66,59.16,99.28,166.28
2025-08-13T03:53:00.000,188.69,62.02,88.52,166.64
2025-08-13T03:54:00.000,175.38,61.99,82.36,154.84
2025-08-13T03:55:00.000,166.63,61.24,80.16,146.08
2025-08-13T03:56:00.000,164.71,61.16,79.45,144.29
2025-08-13T03:57:00.000,161.25,61.73,76.38,142.01
2025-08-13T03:58:00.000,151.50,65.71,62.33,138.08
2025-08-13T03:59:00.000,142.82,68.28,52.85,132.68
2025-08-13T04:00:00.000,141.04,68.63,51.40,131.35
2025-08-13T04:01:00.000,133.84,68.85,48.30,124.82
2025-08-13T04:02:00.000,124.09,68.04,46.41,115.08
2025-08-13T04:03:00.000,119.44,67.48,45.75,110.33
2025-08-13T04:04:00.000,117.18,65.95,47.76,107.01
2025-08-13T04:05:00.000,111.38,64.73,47.54,100.72
2025-08-13T04:06:00.000,104.76,65.21,43.92,95.11
2025-08-13T04:07:00.000,101.85,65.11,42.86,92.39
2025-08-13T04:08:00.000,99.77,65.15,41.93,90.53
2025-08-13T04:09:00.000,92.65,66.76,36.56,85.14
2025-08-13T04:10:00.000,85.26,66.75,33.66,78.33
2025-08-13T04:11:00.000,83.01,66.50,33.10,76.13
2025-08-13T04:12:00.000,80.32,67.73,30.44,74.33
2025-08-13T04:13:00.000,75.65,69.76,26.18,70.98
2025-08-13T04:14:00.000,71.54,70.14,24.30,67.29
2025-08-13T04:15:00.000,67.93,71.30,21.78,64.34
2025-08-13T04:16:00.000,62.93,71.53,19.94,59.69
2025-08-13T04:17:00.000,58.54,71.91,18.18,55.65
2025-08-13T04:18:00.000,55.08,72.79,16.29,52.61
2025-08-13T04:19:00.000,52.28,73.31,15.01,50.08
2025-08-13T04:20:00.000,47.95,73.32,13.76,45.94
2025-08-13T04:21:00.000,44.77,67.01,17.49,41.22
2025-08-13T04:22:00.000,42.32,64.70,18.09,38.26
2025-08-13T04:23:00.000,40.08,65.49,16.63,36.47
2025-08-13T04:24:00.000,37.30,65.30,15.59,33.89
2025-08-13T04:25:00.000,35.99,65.21,15.09,32.68
2025-08-13T04:26:00.000,34.95,65.26,14.62,31.74
2025-08-13T04:27:00.000,33.43,64.78,14.25,30.25
2025-08-13T04:28:00.000,32.02,66.55,12.74,29.37
2025-08-13T04:29:00.000,31.14,66.75,12.29,28.61
2025-08-13T04:30:00.000,30.43,65.38,12.68,27.66
2025-08-13T04:31:00.000,29.48,64.68,12.61,26.65
2025-08-13T04:32:00.000,28.67,63.45,12.82,25.65
2025-08-13T04:33:00.000,28.08,63.59,12.49,25.15
2025-08-13T04:34:00.000,27.52,64.11,12.02,24.75
2025-08-13T04:35:00.000,26.53,65.78,10.88,24.20
2025-08-13T04:36:00.000,25.68,65.66,10.59,23.40
2025-08-13T04:37:00.000,25.02,66.96,9.79,23.02
2025-08-13T04:38:00.000,24.25,67.17,9.41,22.35
2025-08-13T04:39:00.000,23.24,69.42,8.17,21.76
2025-08-13T04:40:00.000,22.39,69.43,7.87,20.97
2025-08-13T04:41:00.000,21.59,68.87,7.78,20.14
2025-08-13T04:42:00.000,20.49,70.57,6.82,19.33
2025-08-13T04:43:00.000,19.08,70.62,6.33,18.00
2025-08-13T04:44:00.000,17.91,70.54,5.97,16.89
2025-08-13T04:45:00.000,16.94,70.17,5.75,15.94
2025-08-13T04:46:00.000,15.71,70.64,5.21,14.82
2025-08-13T04:47:00.000,14.46,70.51,4.82,13.63
2025-08-13T04:48:00.000,13.84,72.67,4.12,13.21
2025-08-13T04:49:00.000,12.58,73.17,3.64,12.04
2025-08-13T04:50:00.000,10.64,74.22,2.90,10.24
2025-08-13T04:51:00.000,9.86,74.77,2.59,9.51
2025-08-13T04:52:00.000,9.62,74.53,2.57,9.27
2025-08-13T04:53:00.000,8.77,74.86,2.29,8.46
2025-08-13T04:54:00.000,7.61,74.26,2.06,7.33
2025-08-13T04:55:00.000,6.52,77.22,1.44,6.36
2025-08-13T04:56:00.000,5.77,74.71,1.52,5.57
2025-08-13T04:57:00.000,4.54,73.83,1.26,4.36
2025-08-13T04:58:00.000,3.74,73.87,1.04,3.60
2025-08-13T04:59:00.000,3.00,73.85,0.84,2.88
2025-08-13T05:00:00.000,2.38,74.02,0.65,2.28
2025-08-13T05:01:00.000,2.21,75.86,0.54,2.15
2025-08-13T05:02:00.000,2.09,76.32,0.50,2.04
2025-08-13T05:03:00.000,2.07,77.30,0.46,2.02
2025-08-13T05:04:00.000,2.06,77.41,0.45,2.01
2025-08-13T05:05:00.000,1.97,77.30,0.43,1.92
2025-08-13T05:06:00.000,1.95,77.71,0.42,1.91
2025-08-13T05:07:00.000,1.92,77.45,0.42,1.87
2025-08-13T05:08:00.000,1.90,78.37,0.38,1.86
2025-08-13T05:09:00.000,1.92,79.57,0.35,1.89
2025-08-13T05:10:00.000,1.88,79.64,0.34,1.84
2025-08-13T05:11:00.000,1.91,78.92,0.37,1.88
2025-08-13T05:12:00.000,1.89,78.60,0.37,1.86
2025-08-13T05:13:00.000,1.80,77.95,0.38,1.76
2025-08-13T05:14:00.000,1.85,78.18,0.38,1.81
2025-08-13T05:15:00.000,1.87,79.36,0.34,1.84
2025-08-13T05:16:00.000,1.85,79.35,0.34,1.82
2025-08-13T05:17:00.000,1.84,79.16,0.35,1.81
2025-08-13T05:18:00.000,1.86,79.05,0.35,1.82
2025-08-13T05:19:00.000,1.88,79.64,0.34,1.85
2025-08-13T05:20:00.000,1.69,83.57,0.19,1.68
2025-08-13T05:21:00.000,2.00,78.28,0.41,1.96
2025-08-13T05:22:00.000,2.14,76.15,0.51,2.08
2025-08-13T05:23:00.000,2.27,75.92,0.55,2.20
2025-08-13T05:24:00.000,2.30,73.70,0.65,2.21
2025-08-13T05:25:00.000,2.30,73.51,0.65,2.20
2025-08-13T05:26:00.000,2.37,72.80,0.70,2.26
2025-08-13T05:27:00.000,2.14,76.37,0.50,2.08
2025-08-13T05:28:00.000,2.00,79.63,0.36,1.96
2025-08-13T05:29:00.000,1.82,78.50,0.36,1.79
2025-08-13T05:30:00.000,1.81,79.24,0.34,1.77
2025-08-13T05:31:00.000,1.79,80.05,0.31,1.76
2025-08-13T05:32:00.000,1.75,79.92,0.31,1.72
2025-08-13T05:33:00.000,1.76,79.69,0.32,1.73
2025-08-13T05:34:00.000,1.72,80.26,0.29,1.69
2025-08-13T05:35:00.000,1.65,80.14,0.28,1.63
2025-08-13T05:36:00.000,1.70,81.38,0.25,1.68
2025-08-13T05:37:00.000,1.66,81.09,0.26,1.64
2025-08-13T05:38:00.000,1.62,83.11,0.19,1.61
2025-08-13T05:39:00.000,1.59,85.50,0.12,1.59
2025-08-13T05:40:00.000,1.51,84.48,0.15,1.51
2025-08-13T05:41:00.000,1.51,84.83,0.14,1.51
2025-08-13T05:42:00.000,1.46,87.15,0.07,1.46
2025-08-13T05:43:00.000,1.49,86.77,0.08,1.49
2025-08-13T05:44:00.000,1.46,89.61,0.01,1.46
2025-08-13T05:45:00.000,1.42,90.89,-0.02,1.42
2025-08-13T05:46:00.000,1.46,88.62,0.04,1.46
2025-08-13T05:47:00.000,1.48,88.35,0.04,1.48
2025-08-13T05:48:00.000,1.42,88.78,0.03,1.42
2025-08-13T05:49:00.000,1.49,88.31,0.04,1.49
2025-08-13T05:50:00.000,1.39,90.96,-0.02,1.39
2025-08-13T05:51:00.000,1.48,87.49,0.06,1.48
2025-08-13T05:52:00.000,1.42,88.61,0.03,1.42
2025-08-13T05:53:00.000,1.05,87.54,0.04,1.05
2025-08-13T05:54:00.000,1.37,89.85,0.00,1.37
2025-08-13T05:55:00.000,1.31,76.45,0.31,1.28
2025-08-13T05:56:00.000,1.40,90.28,-0.01,1.40
2025-08-13T05:57:00.000,1.51,87.37,0.07,1.51
2025-08-13T05:58:00.000,1.56,86.01,0.11,1.55
2025-08-13T05:59:00.000,1.49,87.53,0.06,1.49
2025-08-13T06:00:00.000,1.57,86.57,0.09,1.56
2025-08-13T06:01:00.000,1.53,86.03,0.11,1.52
2025-08-13T06:02:00.000,1.56,85.73,0.12,1.55
2025-08-13T06:03:00.000,1.58,85.27,0.13,1.57
2025-08-13T06:04:00.000,1.77,81.99,0.25,1.75
2025-08-13T06:05:00.000,1.69,82.34,0.23,1.67
2025-08-13T06:06:00.000,1.63,83.83,0.17,1.62
2025-08-13T06:07:00.000,1.62,81.22,0.25,1.60
2025-08-13T06:08:00.000,1.60,83.00,0.20,1.59
2025-08-13T06:09:00.000,1.46,85.00,0.13,1.45
2025-08-13T06:10:00.000,1.61,84.48,0.16,1.61
2025-08-13T06:11:00.000,1.62,84.70,0.15,1.62
2025-08-13T06:12:00.000,1.62,84.66,0.15,1.62
2025-08-13T06:13:00.000,1.61,84.71,0.15,1.61
2025-08-13T06:14:00.000,1.58,84.06,0.16,1.57
2025-08-13T06:15:00.000,1.64,84.03,0.17,1.63
2025-08-13T06:16:00.000,1.67,84.01,0.17,1.66
2025-08-13T06:17:00.000,1.70,83.70,0.19,1.69
2025-08-13T06:18:00.000,2.97,109.37,-0.98,2.80
2025-08-13T06:19:00.000,1.91,82.95,0.23,1.90
2025-08-13T06:20:00.000,1.87,82.02,0.26,1.85
2025-08-13T06:21:00.000,1.79,82.40,0.24,1.77
2025-08-13T06:22:00.000,1.78,82.97,0.22,1.76
2025-08-13T06:23:00.000,1.77,82.87,0.22,1.76
2025-08-13T06:24:00.000,1.75,83.96,0.18,1.74
2025-08-13T06:25:00.000,1.73,83.69,0.19,1.72
2025-08-13T06:26:00.000,1.69,84.43,0.16,1.68
2025-08-13T06:27:00.000,1.68,84.21,0.17,1.67
2025-08-13T06:28:00.000,1.68,85.08,0.14,1.68
2025-08-13T06:29:00.000,1.65,85.77,0.12,1.65
2025-08-13T06:30:00.000,1.67,85.70,0.13,1.67
2025-08-13T06:31:00.000,1.66,85.00,0.14,1.65
2025-08-13T06:32:00.000,1.66,85.10,0.14,1.66
2025-08-13T06:33:00.000,1.66,85.45,0.13,1.65
2025-08-13T06:34:00.000,1.60,86.58,0.10,1.60
2025-08-13T06:35:00.000,1.53,89.79,0.01,1.53
2025-08-13T06:36:00.000,1.45,92.08,-0.05,1.45
2025-08-13T06:37:00.000,1.53,96.59,-0.18,1.52
2025-08-13T06:38:00.000,1.40,91.99,-0.05,1.40
2025-08-13T06:39:00.000,1.40,93.45,-0.08,1.40
2025-08-13T06:40:00.000,1.45,93.18,-0.08,1.44
2025-08-13T06:41:00.000,1.41,96.65,-0.16,1.40
2025-08-13T06:42:00.000,1.51,92.39,-0.06,1.51
2025-08-13T06:43:00.000,1.52,91.30,-0.03,1.52
2025-08-13T06:44:00.000,1.52,90.73,-0.02,1.52
2025-08-13T06:45:00.000,1.50,90.86,-0.02,1.50
2025-08-13T06:46:00.000,1.53,90.25,-0.01,1.53
2025-08-13T06:47:00.000,1.53,89.24,0.02,1.53
2025-08-13T06:48:00.000,1.51,89.81,0.00,1.51
2025-08-13T06:49:00.000,1.48,90.43,-0.01,1.48
2025-08-13T06:50:00.000,1.46,91.48,-0.04,1.46
2025-08-13T06:51:00.000,1.41,95.02,-0.12,1.40
2025-08-13T06:52:00.000,1.50,97.32,-0.19,1.49
2025-08-13T06:53:00.000,1.84,100.11,-0.32,1.81
2025-08-13T06:54:00.000,1.74,95.91,-0.18,1.73
2025-08-13T06:55:00.000,1.73,87.66,0.07,1.73
2025-08-13T06:56:00.000,1.74,79.73,0.31,1.71
2025-08-13T06:57:00.000,1.38,70.97,0.45,1.31
2025-08-13T06:58:00.000,1.25,82.05,0.17,1.24
2025-08-13T06:59:00.000,1.59,86.35,0.10,1.58
2025-08-13T07:00:00.000,1.63,86.89,0.09,1.62
2025-08-13T07:01:00.000,1.61,87.05,0.08,1.61
2025-08-13T07:02:00.000,2.02,95.64,-0.20,2.01
2025-08-13T07:03:00.000,2.72,66.69,1.08,2.50
2025-08-13T07:04:00.000,1.84,79.78,0.33,1.81
2025-08-13T07:05:00.000,1.94,81.75,0.28,1.92
2025-08-13T07:06:00.000,1.88,84.39,0.18,1.87
2025-08-13T07:07:00.000,1.94,82.77,0.24,1.92
2025-08-13T07:08:00.000,2.22,83.48,0.25,2.20
2025-08-13T07:09:00.000,1.92,80.12,0.33,1.89
2025-08-13T07:10:00.000,1.91,78.77,0.37,1.87
2025-08-13T07:11:00.000,1.86,79.73,0.33,1.83
2025-08-13T07:12:00.000,1.90,78.38,0.38,1.86
2025-08-13T07:13:00.000,1.86,79.88,0.33,1.83
2025-08-13T07:14:00.000,1.80,80.80,0.29,1.78
2025-08-13T07:15:00.000,1.78,80.86,0.28,1.76
2025-08-13T07:16:00.000,1.76,81.29,0.27,1.74
2025-08-13T07:17:00.000,1.75,82.50,0.23,1.74
2025-08-13T07:18:00.000,1.75,82.63,0.22,1.73
2025-08-13T07:19:00.000,1.78,81.93,0.25,1.76
2025-08-13T07:20:00.000,1.82,81.67,0.26,1.80
2025-08-13T07:21:00.000,1.83,80.30,0.31,1.81
2025-08-13T07:22:00.000,1.84,80.90,0.29,1.82
2025-08-13T07:23:00.000,1.88,79.36,0.35,1.84
2025-08-13T07:24:00.000,1.88,80.12,0.32,1.85
2025-08-13T07:25:00.000,1.87,79.61,0.34,1.84
2025-08-13T07:26:00.000,1.80,80.68,0.29,1.78
2025-08-13T07:27:00.000,1.75,82.20,0.24,1.73
2025-08-13T07:28:00.000,1.68,83.78,0.18,1.67
2025-08-13T07:29:00.000,1.67,85.01,0.14,1.66
2025-08-13T07:30:00.000,1.63,85.23,0.14,1.63
2025-08-13T07:31:00.000,1.63,85.48,0.13,1.63
2025-08-13T07:32:00.000,1.65,85.90,0.12,1.65
2025-08-13T07:33:00.000,1.66,85.78,0.12,1.65
2025-08-13T07:34:00.000,1.66,85.38,0.13,1.65
2025-08-13T07:35:00.000,1.66,85.08,0.14,1.65
2025-08-13T07:36:00.000,1.66,85.13,0.14,1.65
2025-08-13T07:37:00.000,1.66,85.25,0.14,1.66
2025-08-13T07:38:00.000,1.67,85.21,0.14,1.66
2025-08-13T07:39:00.000,1.66,85.45,0.13,1.65
2025-08-13T07:40:00.000,1.66,85.33,0.13,1.65
2025-08-13T07:41:00.000,1.65,85.80,0.12,1.65
2025-08-13T07:42:00.000,1.64,85.68,0.12,1.64
2025-08-13T07:43:00.000,1.65,85.81,0.12,1.65
2025-08-13T07:44:00.000,1.65,85.21,0.14,1.65
2025-08-13T07:45:00.000,1.65,85.76,0.12,1.65
2025-08-13T07:46:00.000,1.66,85.12,0.14,1.65
2025-08-13T07:47:00.000,1.71,85.03,0.15,1.71
2025-08-13T07:48:00.000,1.69,85.17,0.14,1.68
2025-08-13T07:49:00.000,1.69,84.72,0.16,1.68
2025-08-13T07:50:00.000,1.69,84.13,0.17,1.68
2025-08-13T07:51:00.000,1.67,84.49,0.16,1.67
2025-08-13T07:52:00.000,1.66,84.73,0.15,1.65
2025-08-13T07:53:00.000,1.64,85.00,0.14,1.63
2025-08-13T07:54:00.000,1.62,85.07,0.14,1.62
2025-08-13T07:55:00.000,1.58,85.48,0.12,1.57
2025-08-13T07:56:00.000,1.59,85.77,0.12,1.59
2025-08-13T07:57:00.000,3.08,102.34,-0.66,3.01
2025-08-13T07:58:00.000,1.74,34.04,1.44,0.97
2025-08-13T07:59:00.000,1.61,87.48,0.07,1.60
2025-08-13T08:00:00.000,1.65,87.32,0.08,1.65
2025-08-13T08:01:00.000,1.88,82.89,0.23,1.87
2025-08-13T08:02:00.000,1.95,81.50,0.29,1.93
2025-08-13T08:03:00.000,2.15,84.82,0.19,2.14
2025-08-13T08:04:00.000,2.14,86.58,0.13,2.13
2025-08-13T08:05:00.000,1.93,85.97,0.14,1.93
2025-08-13T08:06:00.000,1.88,79.35,0.35,1.84
2025-08-13T08:07:00.000,1.60,86.55,0.10,1.60
2025-08-13T08:08:00.000,1.61,87.09,0.08,1.60
2025-08-13T08:09:00.000,1.60,87.19,0.08,1.60
2025-08-13T08:10:00.000,1.60,87.25,0.08,1.60
2025-08-13T08:11:00.000,1.58,87.42,0.07,1.58
2025-08-13T08:12:00.000,1.56,87.86,0.06,1.56
2025-08-13T08:13:00.000,1.58,88.05,0.05,1.57
2025-08-13T08:14:00.000,1.59,88.06,0.05,1.59
2025-08-13T08:15:00.000,1.56,88.27,0.05,1.56
2025-08-13T08:16:00.000,1.55,88.60,0.04,1.55
2025-08-13T08:17:00.000,1.60,88.22,0.05,1.60
2025-08-13T08:18:00.000,1.61,87.91,0.06,1.61
2025-08-13T08:19:00.000,1.59,87.15,0.08,1.59
2025-08-13T08:20:00.000,1.59,87.51,0.07,1.59
2025-08-13T08:21:00.000,1.64,87.44,0.07,1.63
2025-08-13T08:22:00.000,1.58,87.89,0.06,1.58
2025-08-13T08:23:00.000,1.62,87.48,0.07,1.62
2025-08-13T08:24:00.000,1.59,87.15,0.08,1.59
2025-08-13T08:25:00.000,1.59,88.17,0.05,1.59
2025-08-13T08:26:00.000,1.61,88.61,0.04,1.61
2025-08-13T08:27:00.000,1.61,87.86,0.06,1.61
2025-08-13T08:28:00.000,1.66,87.11,0.08,1.66
2025-08-13T08:29:00.000,1.66,87.02,0.09,1.66
2025-08-13T08:30:00.000,1.62,87.44,0.07,1.62
2025-08-13T08:31:00.000,1.60,86.46,0.10,1.60
2025-08-13T08:32:00.000,1.57,86.48,0.10,1.56
2025-08-13T08:33:00.000,1.55,88.60,0.04,1.55
2025-08-13T08:34:00.000,1.55,87.92,0.06,1.55
2025-08-13T08:35:00.000,1.54,88.22,0.05,1.54
2025-08-13T08:36:00.000,1.51,88.53,0.04,1.51
2025-08-13T08:37:00.000,1.51,87.66,0.06,1.51
2025-08-13T08:38:00.000,1.62,87.96,0.06,1.62
2025-08-13T08:39:00.000,1.60,86.86,0.09,1.60
2025-08-13T08:40:00.000,1.62,86.12,0.11,1.61
2025-08-13T08:41:00.000,1.65,85.58,0.13,1.64
2025-08-13T08:42:00.000,1.67,85.15,0.14,1.66
2025-08-13T08:43:00.000,1.68,84.94,0.15,1.67
2025-08-13T08:44:00.000,1.70,83.75,0.18,1.69
2025-08-13T08:45:00.000,1.66,85.26,0.14,1.66
2025-08-13T08:46:00.000,1.61,85.82,0.12,1.61
2025-08-13T08:47:00.000,1.60,86.57,0.10,1.59
2025-08-13T08:48:00.000,1.60,86.62,0.09,1.60
2025-08-13T08:49:00.000,1.62,85.90,0.12,1.61
2025-08-13T08:50:00.000,1.62,85.72,0.12,1.62
2025-08-13T08:51:00.000,1.61,86.19,0.11,1.61
2025-08-13T08:52:00.000,1.59,87.48,0.07,1.58
2025-08-13T08:53:00.000,1.59,88.03,0.05,1.59
2025-08-13T08:54:00.000,1.58,87.75,0.06,1.58
2025-08-13T08:55:00.000,1.58,87.89,0.06,1.57
2025-08-13T08:56:00.000,1.57,87.96,0.06,1.57
2025-08-13T08:57:00.000,1.51,90.38,-0.01,1.51
2025-08-13T08:58:00.000,1.45,93.44,-0.09,1.45
2025-08-13T08:59:00.000,1.43,95.07,-0.13,1.42
2025-08-13T09:00:00.000,1.44,93.74,-0.09,1.44
2025-08-13T09:01:00.000,1.45,93.23,-0.08,1.44
2025-08-13T09:02:00.000,1.40,94.01,-0.10,1.40
2025-08-13T09:03:00.000,1.41,94.25,-0.10,1.41
2025-08-13T09:04:00.000,1.43,94.08,-0.10,1.42
2025-08-13T09:05:00.000,1.41,91.86,-0.05,1.41
2025-08-13T09:06:00.000,1.22,103.06,-0.28,1.19
2025-08-13T09:07:00.000,0.99,112.85,-0.39,0.92
2025-08-13T09:08:00.000,0.98,150.11,-0.85,0.49
2025-08-13T09:09:00.000,1.61,192.34,-1.57,-0.34
2025-08-13T09:10:00.000,1.10,169.81,-1.08,0.19
2025-08-13T09:11:00.000,1.42,189.98,-1.40,-0.25
2025-08-13T09:12:00.000,1.81,197.98,-1.72,-0.56
2025-08-13T09:13:00.000,1.71,198.25,-1.62,-0.53
2025-08-13T09:14:00.000,1.64,197.74,-1.56,-0.50
2025-08-13T09:15:00.000,1.47,187.83,-1.45,-0.20
2025-08-13T09:16:00.000,1.19,174.70,-1.19,0.11
2025-08-13T09:17:00.000,1.65,199.99,-1.55,-0.56
2025-08-13T09:18:00.000,1.44,188.51,-1.43,-0.21
2025-08-13T09:19:00.000,1.35,188.02,-1.33,-0.19
2025-08-13T09:20:00.000,1.13,179.76,-1.13,0.00
2025-08-13T09:21:00.000,1.43,193.08,-1.39,-0.32
2025-08-13T09:22:00.000,1.73,195.06,-1.67,-0.45
2025-08-13T09:23:00.000,1.19,178.10,-1.19,0.04
2025-08-13T09:24:00.000,0.93,154.85,-0.84,0.39
2025-08-13T09:25:00.000,0.94,126.75,-0.56,0.76
2025-08-13T09:26:00.000,1.06,123.76,-0.59,0.88
2025-08-13T09:27:00.000,0.92,125.45,-0.53,0.75
2025-08-13T09:28:00.000,1.15,121.59,-0.60,0.98
2025-08-13T09:29:00.000,0.79,143.08,-0.63,0.47
2025-08-13T09:30:00.000,0.96,127.91,-0.59,0.76
2025-08-13T09:31:00.000,0.94,134.56,-0.66,0.67
2025-08-13T09:32:00.000,1.04,114.01,-0.42,0.95
2025-08-13T09:33:00.000,0.80,142.94,-0.64,0.48
2025-08-13T09:34:00.000,0.96,120.96,-0.50,0.83
2025-08-13T09:35:00.000,0.88,130.24,-0.57,0.67
2025-08-13T09:36:00.000,0.83,144.23,-0.68,0.49
2025-08-13T09:37:00.000,0.86,134.56,-0.61,0.61
2025-08-13T09:38:00.000,0.81,135.66,-0.58,0.57
2025-08-13T09:39:00.000,1.08,188.24,-1.07,-0.15
2025-08-13T09:40:00.000,0.81,153.46,-0.72,0.36
2025-08-13T09:41:00.000,0.81,175.95,-0.81,0.06
2025-08-13T09:42:00.000,0.76,168.23,-0.74,0.15
2025-08-13T09:43:00.000,0.79,146.53,-0.66,0.44
2025-08-13T09:44:00.000,0.74,146.82,-0.62,0.41
2025-08-13T09:45:00.000,0.57,170.78,-0.56,0.09
2025-08-13T09:46:00.000,0.92,180.07,-0.92,-0.00
2025-08-13T09:47:00.000,0.71,148.52,-0.61,0.37
2025-08-13T09:48:00.000,0.77,128.43,-0.48,0.60
2025-08-13T09:49:00.000,0.81,144.28,-0.66,0.47
2025-08-13T09:50:00.000,1.42,202.19,-1.32,-0.54
2025-08-13T09:51:00.000,0.91,167.02,-0.89,0.21
2025-08-13T09:52:00.000,0.87,181.30,-0.87,-0.02
2025-08-13T09:53:00.000,1.43,199.85,-1.34,-0.48
2025-08-13T09:54:00.000,0.92,181.81,-0.92,-0.03
2025-08-13T09:55:00.000,0.98,166.49,-0.95,0.23
2025-08-13T09:56:00.000,0.77,159.80,-0.72,0.26
2025-08-13T09:57:00.000,0.85,188.57,-0.84,-0.13
2025-08-13T09:58:00.000,1.01,192.01,-0.99,-0.21
2025-08-13T09:59:00.000,3.00,221.79,-2.24,-2.00
2025-08-13T10:00:00.000,3.01,222.78,-2.21,-2.05
2025-08-13T10:01:00.000,2.56,223.59,-1.85,-1.76
2025-08-13T10:02:00.000,3.70,228.19,-2.47,-2.76
2025-08-13T10:03:00.000,3.26,228.00,-2.18,-2.42
2025-08-13T10:04:00.000,3.45,226.43,-2.38,-2.50
2025-08-13T10:05:00.000,2.91,215.13,-2.38,-1.67
2025-08-13T10:06:00.000,3.13,221.93,-2.33,-2.09
2025-08-13T10:07:00.000,3.14,222.13,-2.33,-2.11
2025-08-13T10:08:00.000,2.33,216.09,-1.89,-1.38
2025-08-13T10:09:00.000,2.37,221.59,-1.77,-1.58
2025-08-13T10:10:00.000,1.58,214.40,-1.31,-0.89
2025-08-13T10:11:00.000,3.02,230.12,-1.94,-2.32
2025-08-13T10:12:00.000,2.85,224.40,-2.03,-1.99
2025-08-13T10:13:00.000,3.80,225.79,-2.65,-2.73
2025-08-13T10:14:00.000,2.65,217.98,-2.09,-1.63
2025-08-13T10:15:00.000,1.48,211.05,-1.27,-0.76
2025-08-13T10:16:00.000,1.97,215.40,-1.61,-1.14
2025-08-13T10:17:00.000,1.05,189.86,-1.03,-0.18
2025-08-13T10:18:00.000,1.43,192.81,-1.40,-0.32
2025-08-13T10:19:00.000,0.90,189.21,-0.88,-0.14
2025-08-13T10:20:00.000,1.02,197.06,-0.97,-0.30
2025-08-13T10:21:00.000,1.09,199.30,-1.03,-0.36
2025-08-13T10:22:00.000,0.83,194.24,-0.80,-0.20
2025-08-13T10:23:00.000,2.35,220.66,-1.78,-1.53
2025-08-13T10:24:00.000,2.46,216.88,-1.97,-1.48
2025-08-13T10:25:00.000,3.28,224.32,-2.35,-2.29
2025-08-13T10:26:00.000,4.12,221.18,-3.10,-2.71
2025-08-13T10:27:00.000,5.56,223.31,-4.05,-3.81
2025-08-13T10:28:00.000,8.41,230.90,-5.30,-6.53
2025-08-13T10:29:00.000,10.00,232.93,-6.03,-7.98
2025-08-13T10:30:00.000,12.14,229.14,-7.94,-9.18
2025-08-13T10:31:00.000,15.10,207.62,-13.38,-7.00
2025-08-13T10:32:00.000,16.66,195.71,-16.03,-4.51
2025-08-13T10:33:00.000,19.16,205.03,-17.36,-8.11
2025-08-13T10:34:00.000,20.88,204.20,-19.04,-8.56
2025-08-13T10:35:00.000,21.92,207.18,-19.50,-10.01
2025-08-13T10:36:00.000,22.98,208.44,-20.20,-10.94
2025-08-13T10:37:00.000,24.32,189.57,-23.98,-4.05
2025-08-13T10:38:00.000,25.33,175.11,-25.24,2.16
2025-08-13T10:39:00.000,25.96,145.49,-21.39,14.71
2025-08-13T10:40:00.000,27.09,131.36,-17.90,20.33
2025-08-13T10:41:00.000,27.87,124.96,-15.97,22.84
2025-08-13T10:42:00.000,28.85,115.00,-12.19,26.15
2025-08-13T10:43:00.000,29.28,99.90,-5.03,28.85
2025-08-13T10:44:00.000,30.19,95.28,-2.78,30.06
2025-08-13T10:45:00.000,31.17,91.80,-0.98,31.15
2025-08-13T10:46:00.000,32.35,93.17,-1.79,32.30
2025-08-13T10:47:00.000,33.74,106.84,-9.77,32.29
2025-08-13T10:48:00.000,35.14,108.75,-11.30,33.27
2025-08-13T10:49:00.000,36.57,119.09,-17.78,31.96
2025-08-13T10:50:00.000,38.76,113.14,-15.23,35.64
2025-08-13T10:51:00.000,41.26,113.23,-16.28,37.92
2025-08-13T10:52:00.000,44.73,106.11,-12.41,42.98
2025-08-13T10:53:00.000,46.48,99.58,-7.74,45.83
2025-08-13T10:54:00.000,49.37,85.06,4.25,49.19
2025-08-13T10:55:00.000,53.64,89.18,0.77,53.64
2025-08-13T10:56:00.000,57.59,90.02,-0.02,57.59
2025-08-13T10:57:00.000,61.96,120.13,-31.10,53.58
2025-08-13T10:58:00.000,70.58,151.11,-61.79,34.10
2025-08-13T10:59:00.000,76.96,130.81,-50.29,58.25
2025-08-13T11:00:00.000,80.06,134.93,-56.54,56.68
2025-08-13T11:01:00.000,86.03,154.37,-77.57,37.22
2025-08-13T11:02:00.000,94.41,167.00,-91.99,21.23
2025-08-13T11:03:00.000,105.15,159.41,-98.44,36.97
2025-08-13T11:04:00.000,115.09,158.46,-107.05,42.26
2025-08-13T11:05:00.000,125.33,175.33,-124.91,10.21
2025-08-13T11:06:00.000,140.86,173.39,-139.92,16.22
2025-08-13T11:07:00.000,154.96,188.14,-153.40,-21.94
2025-08-13T11:08:00.000,169.62,187.08,-168.33,-20.91
2025-08-13T11:09:00.000,195.69,208.66,-171.72,-93.86
2025-08-13T11:10:00.000,216.29,202.47,-199.87,-82.66
2025-08-13T11:11:00.000,228.98,209.32,-199.65,-112.12
2025-08-13T11:12:00.000,235.52,215.18,-192.49,-135.71
2025-08-13T11:13:00.000,244.59,223.23,-178.23,-167.52
2025-08-13T11:14:00.000,244.89,222.72,-179.91,-166.13
2025-08-13T11:15:00.000,245.21,222.56,-180.60,-165.86
2025-08-13T11:16:00.000,245.53,222.39,-181.35,-165.52
2025-08-13T11:17:00.000,245.76,222.22,-182.00,-165.16
2025-08-13T11:18:00.000,246.16,222.07,-182.73,-164.93
2025-08-13T11:19:00.000,246.49,221.95,-183.33,-164.77
2025-08-13T11:20:00.000,246.68,221.78,-183.94,-164.36
2025-08-13T11:21:00.000,246.93,221.68,-184.43,-164.20
2025-08-13T11:22:00.000,247.19,221.60,-184.86,-164.11
2025-08-13T11:23:00.000,247.37,221.52,-185.22,-163.97
2025-08-13T11:24:00.000,247.47,221.43,-185.55,-163.75
2025-08-13T11:25:00.000,247.58,221.44,-185.61,-163.84
2025-08-13T11:26:00.000,247.62,221.35,-185.89,-163.59
2025-08-13T11:27:00.000,247.76,221.25,-186.26,-163.37
2025-08-13T11:28:00.000,247.89,221.21,-186.48,-163.32
2025-08-13T11:29:00.000,247.99,221.10,-186.88,-163.01
2025-08-13T11:30:00.000,247.97,221.13,-186.79,-163.10
2025-08-13T11:31:00.000,248.00,221.17,-186.68,-163.26
2025-08-13T11:32:00.000,248.00,221.17,-186.69,-163.25
2025-08-13T11:33:00.000,247.95,221.17,-186.65,-163.22
2025-08-13T11:34:00.000,247.97,221.17,-186.66,-163.24
2025-08-13T11:35:00.000,247.95,221.21,-186.55,-163.34
2025-08-13T11:36:00.000,247.93,221.15,-186.68,-163.16
2025-08-13T11:37:00.000,248.00,221.13,-186.81,-163.12
2025-08-13T11:38:00.000,248.04,221.04,-187.10,-162.85
2025-08-13T11:39:00.000,248.17,221.02,-187.24,-162.87
2025-08-13T11:40:00.000,248.17,221.05,-187.15,-162.98
2025-08-13T11:41:00.000,248.09,221.08,-187.00,-163.04
2025-08-13T11:42:00.000,248.13,221.04,-187.16,-162.92
2025-08-13T11:43:00.000,248.18,221.06,-187.12,-163.04
2025-08-13T11:44:00.000,248.17,221.05,-187.15,-162.98
2025-08-13T11:45:00.000,248.18,221.06,-187.14,-163.01
2025-08-13T11:46:00.000,248.10,221.07,-187.04,-163.00
2025-08-13T11:47:00.000,248.14,221.04,-187.16,-162.94
2025-08-13T11:48:00.000,248.11,221.06,-187.08,-162.97
2025-08-13T11:49:00.000,248.09,221.09,-186.99,-163.04
2025-08-13T11:50:00.000,248.21,221.01,-187.29,-162.88
2025-08-13T11:51:00.000,248.20,221.00,-187.34,-162.82
2025-08-13T11:52:00.000,248.36,220.94,-187.61,-162.74
2025-08-13T11:53:00.000,248.33,220.91,-187.68,-162.61
2025-08-13T11:54:00.000,248.34,220.89,-187.73,-162.58
2025-08-13T11:55:00.000,248.45,220.84,-187.97,-162.46
2025-08-13T11:56:00.000,248.59,220.80,-188.19,-162.42
2025-08-13T11:57:00.000,248.63,220.82,-188.16,-162.52
2025-08-13T11:58:00.000,248.65,220.80,-188.22,-162.48
2025-08-13T11:59:00.000,248.69,220.75,-188.41,-162.33
2025-08-13T12:00:00.000,248.69,220.74,-188.44,-162.30
2025-08-13T12:01:00.000,248.66,220.75,-188.39,-162.31
2025-08-13T12:02:00.000,248.73,220.72,-188.52,-162.26
2025-08-13T12:03:00.000,248.84,220.70,-188.65,-162.28
2025-08-13T12:04:00.000,248.84,220.67,-188.73,-162.18
2025-08-13T12:05:00.000,248.87,220.67,-188.77,-162.18
2025-08-13T12:06:00.000,248.83,220.73,-188.57,-162.36
2025-08-13T12:07:00.000,248.81,220.74,-188.53,-162.37
2025-08-13T12:08:00.000,248.71,220.74,-188.43,-162.32
2025-08-13T12:09:00.000,248.68,220.77,-188.34,-162.39
2025-08-13T12:10:00.000,248.81,220.71,-188.60,-162.29
2025-08-13T12:11:00.000,248.68,220.76,-188.36,-162.37
2025-08-13T12:12:00.000,248.80,220.73,-188.54,-162.34
2025-08-13T12:13:00.000,248.86,220.71,-188.64,-162.31
2025-08-13T12:14:00.000,248.87,220.68,-188.74,-162.22
2025-08-13T12:15:00.000,248.90,220.64,-188.87,-162.11
2025-08-13T12:16:00.000,249.01,220.60,-189.06,-162.05
2025-08-13T12:17:00.000,248.99,220.64,-188.93,-162.18
2025-08-13T12:18:00.000,248.94,220.62,-188.95,-162.07
2025-08-13T12:19:00.000,249.03,220.62,-189.01,-162.14
2025-08-13T12:20:00.000,249.02,220.56,-189.18,-161.93
2025-08-13T12:21:00.000,249.19,220.53,-189.39,-161.95
2025-08-13T12:22:00.000,249.23,220.49,-189.54,-161.84
2025-08-13T12:23:00.000,249.36,220.42,-189.85,-161.67
2025-08-13T12:24:00.000,249.39,220.45,-189.78,-161.80
2025-08-13T12:25:00.000,249.35,220.41,-189.87,-161.62
2025-08-13T12:26:00.000,249.32,220.46,-189.70,-161.79
2025-08-13T12:27:00.000,249.50,220.36,-190.11,-161.58
2025-08-13T12:28:00.000,249.55,220.33,-190.24,-161.50
2025-08-13T12:29:00.000,249.57,220.31,-190.31,-161.45
2025-08-13T12:30:00.000,249.45,220.39,-190.00,-161.64
2025-08-13T12:31:00.000,249.37,220.46,-189.73,-161.83
2025-08-13T12:32:00.000,249.24,220.44,-189.68,-161.68
2025-08-13T12:33:00.000,249.13,220.60,-189.15,-162.13
2025-08-13T12:34:00.000,248.85,220.68,-188.71,-162.22
2025-08-13T12:35:00.000,248.77,220.76,-188.44,-162.42
2025-08-13T12:36:00.000,248.68,220.80,-188.25,-162.48
2025-08-13T12:37:00.000,248.67,220.80,-188.25,-162.48
2025-08-13T12:38:00.000,248.67,220.88,-188.03,-162.73
2025-08-13T12:39:00.000,248.59,220.85,-188.03,-162.61
2025-08-13T12:40:00.000,248.44,220.89,-187.80,-162.64
2025-08-13T12:41:00.000,248.52,220.89,-187.88,-162.68
2025-08-13T12:42:00.000,248.60,220.79,-188.22,-162.40
2025-08-13T12:43:00.000,248.64,220.77,-188.29,-162.38
2025-08-13T12:44:00.000,248.82,220.70,-188.63,-162.26
2025-08-13T12:45:00.000,248.73,220.70,-188.56,-162.20
2025-08-13T12:46:00.000,248.76,220.71,-188.58,-162.24
2025-08-13T12:47:00.000,248.77,220.73,-188.52,-162.33
2025-08-13T12:48:00.000,248.69,220.73,-188.45,-162.27
2025-08-13T12:49:00.000,248.73,220.73,-188.50,-162.28
2025-08-13T12:50:00.000,248.77,220.67,-188.70,-162.11
2025-08-13T12:51:00.000,248.91,220.64,-188.88,-162.11
2025-08-13T12:52:00.000,249.01,220.57,-189.16,-161.94
2025-08-13T12:53:00.000,249.09,220.52,-189.36,-161.83
2025-08-13T12:54:00.000,249.11,220.53,-189.35,-161.87
2025-08-13T12:55:00.000,249.05,220.55,-189.23,-161.92
2025-08-13T12:56:00.000,249.02,220.60,-189.08,-162.04
2025-08-13T12:57:00.000,248.86,220.66,-188.78,-162.16
2025-08-13T12:58:00.000,248.78,220.75,-188.47,-162.40
2025-08-13T12:59:00.000,248.74,220.72,-188.52,-162.27
2025-08-13T13:00:00.000,248.79,220.70,-188.60,-162.25
2025-08-13T13:01:00.000,248.77,220.74,-188.50,-162.35
2025-08-13T13:02:00.000,248.66,220.75,-188.38,-162.31
2025-08-13T13:03:00.000,248.67,220.75,-188.38,-162.34
2025-08-13T13:04:00.000,248.64,220.78,-188.27,-162.40
2025-08-13T13:05:00.000,248.66,220.81,-188.20,-162.52
2025-08-13T13:06:00.000,248.59,220.79,-188.22,-162.39
2025-08-13T13:07:00.000,248.73,220.71,-188.54,-162.23
2025-08-13T13:08:00.000,249.00,220.64,-188.93,-162.18
2025-08-13T13:09:00.000,249.09,220.60,-189.14,-162.09
2025-08-13T13:10:00.000,249.03,220.57,-189.17,-161.95
2025-08-13T13:11:00.000,249.03,220.61,-189.04,-162.10
2025-08-13T13:12:00.000,248.90,220.62,-188.93,-162.04
2025-08-13T13:13:00.000,248.87,220.65,-188.80,-162.14
2025-08-13T13:14:00.000,248.75,220.71,-188.56,-162.24
2025-08-13T13:15:00.000,248.75,220.75,-188.46,-162.36
2025-08-13T13:16:00.000,248.74,220.76,-188.41,-162.39
2025-08-13T13:17:00.000,248.59,220.82,-188.12,-162.50
2025-08-13T13:18:00.000,248.73,220.79,-188.32,-162.48
2025-08-13T13:19:00.000,248.77,220.74,-188.48,-162.36
2025-08-13T13:20:00.000,248.86,220.65,-188.81,-162.12
2025-08-13T13:21:00.000,248.99,220.65,-188.92,-162.19
2025-08-13T13:22:00.000,249.01,220.60,-189.07,-162.05
2025-08-13T13:23:00.000,248.97,220.66,-188.86,-162.22
2025-08-13T13:24:00.000,248.83,220.64,-188.82,-162.06
2025-08-13T13:25:00.000,248.90,220.63,-188.90,-162.06
2025-08-13T13:26:00.000,249.02,220.59,-189.09,-162.03
2025-08-13T13:27:00.000,249.12,220.53,-189.34,-161.90
2025-08-13T13:28:00.000,249.17,220.50,-189.46,-161.83
2025-08-13T13:29:00.000,249.27,220.48,-189.61,-161.80
2025-08-13T13:30:00.000,249.31,220.46,-189.68,-161.79
2025-08-13T13:31:00.000,249.33,220.43,-189.79,-161.69
2025-08-13T13:32:00.000,249.31,220.45,-189.72,-161.75
2025-08-13T13:33:00.000,249.25,220.43,-189.72,-161.65
2025-08-13T13:34:00.000,249.36,220.47,-189.70,-161.85
2025-08-13T13:35:00.000,249.26,220.49,-189.58,-161.83
2025-08-13T13:36:00.000,249.27,220.50,-189.56,-161.87
2025-08-13T13:37:00.000,249.30,220.46,-189.68,-161.77
2025-08-13T13:38:00.000,249.40,220.38,-189.98,-161.57
2025-08-13T13:39:00.000,249.57,220.35,-190.20,-161.57
2025-08-13T13:40:00.000,249.62,220.29,-190.41,-161.41
2025-08-13T13:41:00.000,249.75,220.27,-190.56,-161.43
2025-08-13T13:42:00.000,249.73,220.29,-190.50,-161.47
2025-08-13T13:43:00.000,249.71,220.28,-190.51,-161.44
2025-08-13T13:44:00.000,249.78,220.26,-190.60,-161.43
2025-08-13T13:45:00.000,249.77,220.28,-190.56,-161.47
2025-08-13T13:46:00.000,249.76,220.26,-190.61,-161.39
2025-08-13T13:47:00.000,249.83,220.23,-190.74,-161.36
2025-08-13T13:48:00.000,249.84,220.21,-190.79,-161.30
2025-08-13T13:49:00.000,249.95,220.21,-190.89,-161.36
2025-08-13T13:50:00.000,250.00,220.23,-190.88,-161.45
2025-08-13T13:51:00.000,249.92,220.19,-190.91,-161.29
2025-08-13T13:52:00.000,249.89,220.19,-190.89,-161.27
2025-08-13T13:53:00.000,249.86,220.18,-190.90,-161.20
2025-08-13T13:54:00.000,249.82,220.14,-190.98,-161.04
2025-08-13T13:55:00.000,249.90,220.22,-190.83,-161.35
2025-08-13T13:56:00.000,249.89,220.15,-190.99,-161.14
2025-08-13T13:57:00.000,250.00,220.17,-191.02,-161.28
2025-08-13T13:58:00.000,249.96,220.23,-190.82,-161.45
2025-08-13T13:59:00.000,249.94,220.21,-190.87,-161.37
2025-08-13T14:00:00.000,249.87,220.25,-190.72,-161.43
2025-08-13T14:01:00.000,249.90,220.26,-190.71,-161.49
2025-08-13T14:02:00.000,249.94,220.21,-190.88,-161.35
2025-08-13T14:03:00.000,249.96,220.20,-190.92,-161.32
2025-08-13T14:04:00.000,249.90,220.16,-190.99,-161.16
2025-08-13T14:05:00.000,249.82,220.13,-191.00,-161.02
2025-08-13T14:06:00.000,249.71,220.14,-190.89,-160.99
2025-08-13T14:07:00.000,249.61,220.07,-191.01,-160.68
2025-08-13T14:08:00.000,249.51,220.05,-191.01,-160.54
2025-08-13T14:09:00.000,249.53,220.06,-190.98,-160.61
2025-08-13T14:10:00.000,249.49,220.01,-191.09,-160.40
2025-08-13T14:11:00.000,249.38,219.98,-191.10,-160.23
2025-08-13T14:12:00.000,249.38,219.98,-191.09,-160.24
2025-08-13T14:13:00.000,249.48,220.04,-191.01,-160.48
2025-08-13T14:14:00.000,249.64,220.12,-190.90,-160.87
2025-08-13T14:15:00.000,249.84,220.16,-190.94,-161.13
2025-08-13T14:16:00.000,249.95,220.29,-190.66,-161.62
2025-08-13T14:17:00.000,249.87,220.34,-190.46,-161.73
2025-08-13T14:18:00.000,249.71,220.32,-190.38,-161.59
2025-08-13T14:19:00.000,249.76,220.30,-190.47,-161.55
2025-08-13T14:20:00.000,249.70,220.34,-190.32,-161.65
2025-08-13T14:21:00.000,249.73,220.36,-190.31,-161.71
2025-08-13T14:22:00.000,249.61,220.36,-190.21,-161.64
2025-08-13T14:23:00.000,249.54,220.41,-190.01,-161.75
2025-08-13T14:24:00.000,249.59,220.42,-190.03,-161.82
2025-08-13T14:25:00.000,249.50,220.40,-190.00,-161.71
2025-08-13T14:26:00.000,249.49,220.45,-189.86,-161.85
2025-08-13T14:27:00.000,249.36,220.48,-189.67,-161.87
2025-08-13T14:28:00.000,249.28,220.47,-189.63,-161.80
2025-08-13T14:29:00.000,249.30,220.50,-189.57,-161.90
2025-08-13T14:30:00.000,249.31,220.51,-189.55,-161.95
2025-08-13T14:31:00.000,249.31,220.49,-189.60,-161.88
2025-08-13T14:32:00.000,249.35,220.47,-189.69,-161.84
2025-08-13T14:33:00.000,249.31,220.48,-189.62,-161.86
2025-08-13T14:34:00.000,249.31,220.49,-189.60,-161.89
2025-08-13T14:35:00.000,249.32,220.49,-189.61,-161.88
2025-08-13T14:36:00.000,249.19,220.56,-189.32,-162.02
2025-08-13T14:37:00.000,249.11,220.62,-189.09,-162.18
2025-08-13T14:38:00.000,249.00,220.61,-189.02,-162.09
2025-08-13T14:39:00.000,248.89,220.72,-188.64,-162.36
2025-08-13T14:40:00.000,248.90,220.72,-188.65,-162.37
2025-08-13T14:41:00.000,248.89,220.74,-188.58,-162.43
2025-08-13T14:42:00.000,248.87,220.71,-188.64,-162.32
2025-08-13T14:43:00.000,248.89,220.74,-188.56,-162.44
2025-08-13T14:44:00.000,248.80,220.75,-188.47,-162.42
2025-08-13T14:45:00.000,248.78,220.76,-188.45,-162.42
2025-08-13T14:46:00.000,248.86,220.79,-188.41,-162.58
2025-08-13T14:47:00.000,248.84,220.78,-188.44,-162.52
2025-08-13T14:48:00.000,248.91,220.73,-188.62,-162.41
2025-08-13T14:49:00.000,249.06,220.68,-188.88,-162.33
2025-08-13T14:50:00.000,249.13,220.56,-189.26,-162.01
2025-08-13T14:51:00.000,249.31,220.52,-189.51,-161.99
2025-08-13T14:52:00.000,249.42,220.47,-189.75,-161.88
2025-08-13T14:53:00.000,249.37,220.50,-189.63,-161.95
2025-08-13T14:54:00.000,249.31,220.51,-189.56,-161.94
2025-08-13T14:55:00.000,249.34,220.52,-189.54,-162.00
2025-08-13T14:56:00.000,249.13,220.58,-189.22,-162.06
2025-08-13T14:57:00.000,248.94,220.70,-188.73,-162.33
2025-08-13T14:58:00.000,248.68,220.82,-188.19,-162.56
2025-08-13T14:59:00.000,248.47,220.90,-187.81,-162.67
2025-08-13T15:00:00.000,248.44,220.90,-187.78,-162.68
2025-08-13T15:01:00.000,248.61,220.88,-187.96,-162.72
2025-08-13T15:02:00.000,248.65,220.86,-188.05,-162.69
2025-08-13T15:03:00.000,248.76,220.84,-188.21,-162.66
2025-08-13T15:04:00.000,248.78,220.76,-188.43,-162.44
2025-08-13T15:05:00.000,248.73,220.78,-188.33,-162.47
2025-08-13T15:06:00.000,248.71,220.81,-188.25,-162.54
2025-08-13T15:07:00.000,248.65,220.85,-188.09,-162.63
2025-08-13T15:08:00.000,248.64,220.88,-188.00,-162.72
2025-08-13T15:09:00.000,248.78,220.85,-188.19,-162.71
2025-08-13T15:10:00.000,248.79,220.77,-188.42,-162.46
2025-08-13T15:11:00.000,248.88,220.74,-188.56,-162.44
2025-08-13T15:12:00.000,248.92,220.72,-188.66,-162.38
2025-08-13T15:13:00.000,249.07,220.63,-189.02,-162.20
2025-08-13T15:14:00.000,249.25,220.64,-189.14,-162.33
2025-08-13T15:15:00.000,249.22,220.61,-189.21,-162.21
2025-08-13T15:16:00.000,249.28,220.57,-189.35,-162.13
2025-08-13T15:17:00.000,249.30,220.59,-189.32,-162.19
2025-08-13T15:18:00.000,249.21,220.60,-189.20,-162.19
2025-08-13T15:19:00.000,249.25,220.62,-189.18,-162.28
2025-08-13T15:20:00.000,249.20,220.61,-189.18,-162.21
2025-08-13T15:21:00.000,249.15,220.63,-189.08,-162.25
2025-08-13T15:22:00.000,249.15,220.65,-189.02,-162.32
2025-08-13T15:23:00.000,249.13,220.66,-188.99,-162.32
2025-08-13T15:24:00.000,249.06,220.67,-188.90,-162.32
2025-08-13T15:25:00.000,248.95,220.71,-188.72,-162.36
2025-08-13T15:26:00.000,248.95,220.78,-188.52,-162.60
2025-08-13T15:27:00.000,249.00,220.76,-188.61,-162.56
2025-08-13T15:28:00.000,249.06,220.76,-188.65,-162.61
2025-08-13T15:29:00.000,249.01,220.76,-188.63,-162.56
2025-08-13T15:30:00.000,249.05,220.77,-188.61,-162.64
2025-08-13T15:31:00.000,249.09,220.77,-188.64,-162.68
2025-08-13T15:32:00.000,248.99,220.89,-188.23,-163.00
2025-08-13T15:33:00.000,248.72,221.04,-187.61,-163.29
2025-08-13T15:34:00.000,246.85,219.50,-190.47,-157.01
2025-08-13T15:35:00.000,240.31,214.74,-197.48,-136.93
2025-08-13T15:36:00.000,225.01,193.43,-218.85,-52.26
2025-08-13T15:37:00.000,205.14,176.11,-204.66,13.91
2025-08-13T15:38:00.000,189.24,188.79,-187.01,-28.93
2025-08-13T15:39:00.000,167.31,183.25,-167.04,-9.47
2025-08-13T15:40:00.000,150.85,176.85,-150.63,8.28
2025-08-13T15:41:00.000,132.38,180.44,-132.37,-1.01
2025-08-13T15:42:00.000,119.84,190.25,-117.93,-21.32
2025-08-13T15:43:00.000,111.22,195.91,-106.97,-30.48
2025-08-13T15:44:00.000,104.67,201.44,-97.43,-38.26
2025-08-13T15:45:00.000,93.29,199.28,-88.06,-30.81
2025-08-13T15:46:00.000,82.75,202.70,-76.34,-31.94
2025-08-13T15:47:00.000,79.71,205.89,-71.71,-34.81
2025-08-13T15:48:00.000,73.85,196.72,-70.73,-21.25
2025-08-13T15:49:00.000,69.83,201.99,-64.75,-26.15
2025-08-13T15:50:00.000,63.97,197.47,-61.02,-19.21
2025-08-13T15:51:00.000,59.32,194.66,-57.39,-15.01
2025-08-13T15:52:00.000,56.73,199.08,-53.61,-18.54
2025-08-13T15:53:00.000,53.25,200.19,-49.98,-18.38
2025-08-13T15:54:00.000,49.44,199.37,-46.65,-16.40
2025-08-13T15:55:00.000,47.31,188.78,-46.76,-7.23
2025-08-13T15:56:00.000,44.72,186.61,-44.42,-5.15
2025-08-13T15:57:00.000,41.87,179.15,-41.86,0.62
2025-08-13T15:58:00.000,39.64,176.09,-39.55,2.70
2025-08-13T15:59:00.000,37.64,174.87,-37.49,3.37
2025-08-13T16:00:00.000,36.32,170.92,-35.86,5.73
2025-08-13T16:01:00.000,34.73,143.64,-27.97,20.59
2025-08-13T16:02:00.000,33.28,141.48,-26.04,20.73
2025-08-13T16:03:00.000,32.03,136.84,-23.36,21.91
2025-08-13T16:04:00.000,30.66,134.45,-21.47,21.88
2025-08-13T16:05:00.000,29.78,140.60,-23.01,18.90
2025-08-13T16:06:00.000,28.95,158.75,-26.98,10.49
2025-08-13T16:07:00.000,28.18,164.82,-27.20,7.38
2025-08-13T16:08:00.000,27.04,172.62,-26.82,3.47
2025-08-13T16:09:00.000,25.99,172.14,-25.74,3.55
2025-08-13T16:10:00.000,24.96,172.21,-24.73,3.38
2025-08-13T16:11:00.000,23.93,169.60,-23.54,4.32
2025-08-13T16:12:00.000,22.68,169.34,-22.29,4.20
2025-08-13T16:13:00.000,21.29,166.91,-20.74,4.82
2025-08-13T16:14:00.000,19.52,163.15,-18.68,5.66
2025-08-13T16:15:00.000,17.24,161.27,-16.33,5.54
2025-08-13T16:16:00.000,14.61,159.51,-13.69,5.11
2025-08-13T16:17:00.000,12.34,161.27,-11.68,3.96
2025-08-13T16:18:00.000,9.18,158.67,-8.55,3.34
2025-08-13T16:19:00.000,5.36,154.62,-4.84,2.30
2025-08-13T16:20:00.000,2.87,155.89,-2.62,1.17
2025-08-13T16:21:00.000,2.02,161.55,-1.91,0.64
2025-08-13T16:22:00.000,1.76,157.95,-1.63,0.66
2025-08-13T16:23:00.000,1.81,153.93,-1.63,0.80
2025-08-13T16:24:00.000,1.80,150.75,-1.57,0.88
2025-08-13T16:25:00.000,1.77,151.38,-1.55,0.85
2025-08-13T16:26:00.000,1.80,152.46,-1.60,0.83
2025-08-13T16:27:00.000,1.81,156.05,-1.66,0.74
2025-08-13T16:28:00.000,1.77,154.43,-1.60,0.76
2025-08-13T16:29:00.000,1.80,155.87,-1.65,0.74
2025-08-13T16:30:00.000,1.80,155.60,-1.64,0.74
2025-08-13T16:31:00.000,1.76,155.52,-1.60,0.73
2025-08-13T16:32:00.000,1.79,157.58,-1.65,0.68
2025-08-13T16:33:00.000,1.82,157.69,-1.68,0.69
2025-08-13T16:34:00.000,1.79,157.20,-1.65,0.69
2025-08-13T16:35:00.000,1.77,156.08,-1.62,0.72
2025-08-13T16:36:00.000,1.80,154.46,-1.62,0.78
2025-08-13T16:37:00.000,1.81,153.00,-1.61,0.82
2025-08-13T16:38:00.000,1.80,151.41,-1.58,0.86
2025-08-13T16:39:00.000,1.78,150.36,-1.55,0.88
2025-08-13T16:40:00.000,1.80,149.91,-1.56,0.90
2025-08-13T16:41:00.000,1.78,149.66,-1.53,0.90
2025-08-13T16:42:00.000,1.79,149.77,-1.55,0.90
2025-08-13T16:43:00.000,1.80,150.34,-1.56,0.89
2025-08-13T16:44:00.000,1.79,149.77,-1.55,0.90
2025-08-13T16:45:00.000,1.79,149.55,-1.54,0.90
2025-08-13T16:46:00.000,1.76,149.70,-1.52,0.89
2025-08-13T16:47:00.000,1.77,149.40,-1.52,0.90
2025-08-13T16:48:00.000,1.78,149.15,-1.53,0.91
2025-08-13T16:49:00.000,1.77,148.28,-1.51,0.93
2025-08-13T16:50:00.000,1.84,148.04,-1.57,0.98
2025-08-13T16:51:00.000,1.76,148.24,-1.50,0.93
2025-08-13T16:52:00.000,1.80,147.24,-1.51,0.97
2025-08-13T16:53:00.000,1.78,149.28,-1.53,0.91
2025-08-13T16:54:00.000,1.78,148.81,-1.52,0.92
2025-08-13T16:55:00.000,1.77,148.10,-1.50,0.94
2025-08-13T16:56:00.000,1.77,148.30,-1.50,0.93
2025-08-13T16:57:00.000,1.78,147.40,-1.50,0.96
2025-08-13T16:58:00.000,1.77,148.03,-1.50,0.94
2025-08-13T16:59:00.000,1.79,148.07,-1.52,0.95
2025-08-13T17:00:00.000,1.81,147.33,-1.52,0.98
2025-08-13T17:01:00.000,1.80,146.14,-1.49,1.00
2025-08-13T17:02:00.000,1.79,143.59,-1.44,1.06
2025-08-13T17:03:00.000,1.83,143.11,-1.46,1.10
2025-08-13T17:04:00.000,1.84,140.10,-1.41,1.18
2025-08-13T17:05:00.000,1.78,145.58,-1.47,1.01
2025-08-13T17:06:00.000,1.79,143.38,-1.44,1.07
2025-08-13T17:07:00.000,1.79,145.12,-1.47,1.02
2025-08-13T17:08:00.000,1.77,146.55,-1.48,0.98
2025-08-13T17:09:00.000,1.78,145.38,-1.46,1.01
2025-08-13T17:10:00.000,1.77,143.76,-1.43,1.05
2025-08-13T17:11:00.000,1.74,142.74,-1.38,1.05
2025-08-13T17:12:00.000,1.71,144.35,-1.39,1.00
2025-08-13T17:13:00.000,1.80,143.98,-1.45,1.06
2025-08-13T17:14:00.000,1.78,143.61,-1.43,1.05
2025-08-13T17:15:00.000,1.84,144.04,-1.49,1.08
2025-08-13T17:16:00.000,1.79,144.27,-1.45,1.05
2025-08-13T17:17:00.000,1.80,145.98,-1.49,1.01
2025-08-13T17:18:00.000,1.80,146.73,-1.50,0.99
2025-08-13T17:19:00.000,1.77,147.96,-1.50,0.94
2025-08-13T17:20:00.000,1.77,146.38,-1.47,0.98
2025-08-13T17:21:00.000,1.76,147.51,-1.48,0.95
2025-08-13T17:22:00.000,1.76,147.23,-1.48,0.95
2025-08-13T17:23:00.000,1.77,147.42,-1.49,0.95
2025-08-13T17:24:00.000,1.77,147.19,-1.49,0.96
2025-08-13T17:25:00.000,1.77,147.49,-1.49,0.95
2025-08-13T17:26:00.000,1.76,147.94,-1.49,0.93
2025-08-13T17:27:00.000,1.80,147.04,-1.51,0.98
2025-08-13T17:28:00.000,1.80,147.36,-1.51,0.97
2025-08-13T17:29:00.000,1.82,146.47,-1.52,1.00
2025-08-13T17:30:00.000,1.81,145.98,-1.50,1.01
2025-08-13T17:31:00.000,1.77,146.74,-1.48,0.97
2025-08-13T17:32:00.000,1.76,144.32,-1.43,1.03
2025-08-13T17:33:00.000,1.74,144.69,-1.42,1.01
2025-08-13T17:34:00.000,1.75,146.45,-1.46,0.97
2025-08-13T17:35:00.000,1.74,146.47,-1.45,0.96
2025-08-13T17:36:00.000,1.77,142.55,-1.41,1.08
2025-08-13T17:37:00.000,1.82,141.88,-1.43,1.12
2025-08-13T17:38:00.000,1.83,142.46,-1.45,1.11
2025-08-13T17:39:00.000,1.85,140.52,-1.42,1.17
2025-08-13T17:40:00.000,1.80,143.46,-1.44,1.07
2025-08-13T17:41:00.000,1.81,143.88,-1.46,1.06
2025-08-13T17:42:00.000,1.81,145.12,-1.48,1.03
2025-08-13T17:43:00.000,1.82,144.19,-1.48,1.07
2025-08-13T17:44:00.000,1.84,143.50,-1.48,1.09
2025-08-13T17:45:00.000,1.81,141.44,-1.42,1.13
2025-08-13T17:46:00.000,1.81,143.35,-1.45,1.08
2025-08-13T17:47:00.000,1.86,140.62,-1.44,1.18
2025-08-13T17:48:00.000,1.84,143.18,-1.47,1.10
2025-08-13T17:49:00.000,1.83,142.31,-1.45,1.12
2025-08-13T17:50:00.000,1.87,139.43,-1.42,1.22
2025-08-13T17:51:00.000,1.89,134.05,-1.32,1.36
2025-08-13T17:52:00.000,1.94,131.63,-1.29,1.45
2025-08-13T17:53:00.000,2.13,124.62,-1.21,1.76
2025-08-13T17:54:00.000,1.95,131.23,-1.28,1.46
2025-08-13T17:55:00.000,2.05,126.40,-1.22,1.65
2025-08-13T17:56:00.000,1.97,121.10,-1.02,1.69
2025-08-13T17:57:00.000,1.96,129.16,-1.24,1.52
2025-08-13T17:58:00.000,2.01,124.00,-1.12,1.67
2025-08-13T17:59:00.000,1.94,125.62,-1.13,1.58
2025-08-13T18:00:00.000,1.97,128.43,-1.22,1.54
2025-08-13T18:01:00.000,2.01,127.70,-1.23,1.59
2025-08-13T18:02:00.000,2.04,124.71,-1.16,1.68
2025-08-13T18:03:00.000,2.03,126.38,-1.20,1.63
2025-08-13T18:04:00.000,2.02,126.37,-1.20,1.62
2025-08-13T18:05:00.000,2.01,125.01,-1.15,1.64
2025-08-13T18:06:00.000,1.95,127.20,-1.18,1.55
2025-08-13T18:07:00.000,1.88,129.56,-1.20,1.45
2025-08-13T18:08:00.000,1.94,129.24,-1.23,1.50
2025-08-13T18:09:00.000,1.89,131.26,-1.24,1.42
2025-08-13T18:10:00.000,1.84,136.51,-1.33,1.26
2025-08-13T18:11:00.000,1.87,138.11,-1.39,1.25
2025-08-13T18:12:00.000,1.93,135.60,-1.38,1.35
2025-08-13T18:13:00.000,1.90,137.12,-1.40,1.30
2025-08-13T18:14:00.000,1.92,134.05,-1.34,1.38
2025-08-13T18:15:00.000,2.07,132.20,-1.39,1.53
2025-08-13T18:16:00.000,1.99,128.66,-1.24,1.55
2025-08-13T18:17:00.000,2.01,124.39,-1.13,1.66
2025-08-13T18:18:00.000,2.13,124.88,-1.22,1.75
2025-08-13T18:19:00.000,2.18,120.78,-1.12,1.87
2025-08-13T18:20:00.000,2.16,124.92,-1.23,1.77
2025-08-13T18:21:00.000,2.06,125.59,-1.20,1.68
2025-08-13T18:22:00.000,2.00,127.88,-1.23,1.58
2025-08-13T18:23:00.000,2.05,125.78,-1.20,1.66
2025-08-13T18:24:00.000,1.94,127.92,-1.19,1.53
2025-08-13T18:25:00.000,1.92,130.35,-1.24,1.46
2025-08-13T18:26:00.000,1.91,128.51,-1.19,1.50
2025-08-13T18:27:00.000,1.86,130.76,-1.21,1.41
2025-08-13T18:28:00.000,1.88,133.68,-1.30,1.36
2025-08-13T18:29:00.000,1.94,132.64,-1.32,1.43
2025-08-13T18:30:00.000,1.84,134.74,-1.30,1.31
2025-08-13T18:31:00.000,1.98,128.10,-1.22,1.56
2025-08-13T18:32:00.000,1.95,126.53,-1.16,1.57
2025-08-13T18:33:00.000,2.00,126.61,-1.19,1.60
2025-08-13T18:34:00.000,1.97,129.99,-1.26,1.51
2025-08-13T18:35:00.000,2.04,123.96,-1.14,1.69
2025-08-13T18:36:00.000,2.01,127.46,-1.22,1.60
2025-08-13T18:37:00.000,1.97,124.91,-1.13,1.61
2025-08-13T18:38:00.000,1.92,128.14,-1.19,1.51
2025-08-13T18:39:00.000,1.99,125.44,-1.15,1.62
2025-08-13T18:40:00.000,1.98,129.02,-1.24,1.54
2025-08-13T18:41:00.000,1.92,130.87,-1.26,1.45
2025-08-13T18:42:00.000,1.89,132.63,-1.28,1.39
2025-08-13T18:43:00.000,1.96,135.71,-1.40,1.37
2025-08-13T18:44:00.000,1.98,141.45,-1.55,1.23
2025-08-13T18:45:00.000,1.96,141.44,-1.53,1.22
2025-08-13T18:46:00.000,1.98,141.78,-1.55,1.22
2025-08-13T18:47:00.000,1.98,137.11,-1.45,1.35
2025-08-13T18:48:00.000,1.91,139.99,-1.47,1.23
2025-08-13T18:49:00.000,1.92,142.28,-1.52,1.18
2025-08-13T18:50:00.000,2.06,144.95,-1.69,1.18
2025-08-13T18:51:00.000,1.96,143.82,-1.58,1.16
2025-08-13T18:52:00.000,1.91,142.30,-1.52,1.17
2025-08-13T18:53:00.000,1.88,141.51,-1.47,1.17
2025-08-13T18:54:00.000,1.90,142.57,-1.51,1.16
2025-08-13T18:55:00.000,2.00,139.47,-1.52,1.30
2025-08-13T18:56:00.000,1.92,139.18,-1.45,1.26
2025-08-13T18:57:00.000,1.88,136.93,-1.37,1.28
2025-08-13T18:58:00.000,1.90,139.87,-1.45,1.23
2025-08-13T18:59:00.000,1.87,137.47,-1.38,1.26
2025-08-13T19:00:00.000,1.88,136.35,-1.36,1.30
2025-08-13T19:01:00.000,1.89,140.70,-1.47,1.20
2025-08-13T19:02:00.000,1.86,143.11,-1.49,1.12
2025-08-13T19:03:00.000,1.91,141.98,-1.50,1.18
2025-08-13T19:04:00.000,1.92,140.55,-1.48,1.22
2025-08-13T19:05:00.000,1.88,142.18,-1.49,1.15
2025-08-13T19:06:00.000,1.90,143.39,-1.53,1.13
2025-08-13T19:07:00.000,1.88,143.70,-1.52,1.12
2025-08-13T19:08:00.000,1.91,142.44,-1.51,1.16
2025-08-13T19:09:00.000,1.89,142.28,-1.50,1.16
2025-08-13T19:10:00.000,1.92,140.46,-1.48,1.22
2025-08-13T19:11:00.000,1.90,139.89,-1.45,1.22
2025-08-13T19:12:00.000,1.90,137.93,-1.41,1.27
2025-08-13T19:13:00.000,1.88,139.96,-1.44,1.21
2025-08-13T19:14:00.000,1.88,139.23,-1.43,1.23
2025-08-13T19:15:00.000,1.85,136.18,-1.34,1.28
2025-08-13T19:16:00.000,1.85,134.80,-1.30,1.31
2025-08-13T19:17:00.000,1.89,134.95,-1.33,1.34
2025-08-13T19:18:00.000,1.90,135.31,-1.35,1.34
2025-08-13T19:19:00.000,1.87,133.99,-1.30,1.35
2025-08-13T19:20:00.000,1.86,134.50,-1.30,1.32
2025-08-13T19:21:00.000,1.88,137.46,-1.38,1.27
2025-08-13T19:22:00.000,1.94,133.53,-1.34,1.41
2025-08-13T19:23:00.000,1.95,132.54,-1.32,1.44
2025-08-13T19:24:00.000,1.93,129.49,-1.23,1.49
2025-08-13T19:25:00.000,1.88,130.06,-1.21,1.44
2025-08-13T19:26:00.000,1.98,135.43,-1.41,1.39
2025-08-13T19:27:00.000,1.87,132.64,-1.27,1.38
2025-08-13T19:28:00.000,1.91,137.72,-1.41,1.28
2025-08-13T19:29:00.000,1.94,134.89,-1.37,1.38
2025-08-13T19:30:00.000,1.90,127.53,-1.16,1.51
2025-08-13T19:31:00.000,1.93,131.10,-1.27,1.45
2025-08-13T19:32:00.000,1.87,129.92,-1.20,1.43
2025-08-13T19:33:00.000,2.07,125.98,-1.22,1.68
2025-08-13T19:34:00.000,1.91,124.62,-1.08,1.57
2025-08-13T19:35:00.000,1.77,147.44,-1.49,0.95
2025-08-13T19:36:00.000,2.11,116.23,-0.93,1.89
2025-08-13T19:37:00.000,1.90,122.02,-1.01,1.61
2025-08-13T19:38:00.000,1.93,120.16,-0.97,1.67
2025-08-13T19:39:00.000,1.90,122.55,-1.02,1.60
2025-08-13T19:40:00.000,1.98,119.37,-0.97,1.72
2025-08-13T19:41:00.000,2.02,119.65,-1.00,1.75
2025-08-13T19:42:00.000,2.17,117.48,-1.00,1.93
2025-08-13T19:43:00.000,2.30,119.22,-1.12,2.01
2025-08-13T19:44:00.000,2.26,125.84,-1.33,1.83
2025-08-13T19:45:00.000,2.39,134.65,-1.68,1.70
2025-08-13T19:46:00.000,1.80,141.22,-1.40,1.13
2025-08-13T19:47:00.000,1.75,144.00,-1.42,1.03
2025-08-13T19:48:00.000,1.78,142.35,-1.41,1.09
2025-08-13T19:49:00.000,1.74,143.80,-1.40,1.03
2025-08-13T19:50:00.000,1.77,140.62,-1.37,1.13
2025-08-13T19:51:00.000,1.77,140.91,-1.37,1.11
2025-08-13T19:52:00.000,1.77,141.21,-1.38,1.11
2025-08-13T19:53:00.000,1.75,139.57,-1.33,1.13
2025-08-13T19:54:00.000,1.76,140.24,-1.35,1.12
2025-08-13T19:55:00.000,1.76,141.40,-1.38,1.10
2025-08-13T19:56:00.000,1.80,141.71,-1.41,1.12
2025-08-13T19:57:00.000,1.82,141.59,-1.43,1.13
2025-08-13T19:58:00.000,1.80,143.23,-1.45,1.08
2025-08-13T19:59:00.000,1.80,143.29,-1.44,1.07
2025-08-13T20:00:00.000,1.79,144.22,-1.45,1.05
2025-08-13T20:01:00.000,1.74,145.27,-1.43,0.99
2025-08-13T20:02:00.000,1.76,144.16,-1.42,1.03
2025-08-13T20:03:00.000,1.79,142.84,-1.42,1.08
2025-08-13T20:04:00.000,1.77,143.61,-1.43,1.05
2025-08-13T20:05:00.000,1.82,143.11,-1.45,1.09
2025-08-13T20:06:00.000,1.82,142.74,-1.45,1.10
2025-08-13T20:07:00.000,1.82,143.68,-1.47,1.08
2025-08-13T20:08:00.000,1.81,144.34,-1.47,1.06
2025-08-13T20:09:00.000,1.85,144.24,-1.50,1.08
2025-08-13T20:10:00.000,1.83,143.70,-1.47,1.08
2025-08-13T20:11:00.000,1.82,142.87,-1.45,1.10
2025-08-13T20:12:00.000,1.83,141.79,-1.43,1.13
2025-08-13T20:13:00.000,1.85,141.54,-1.44,1.15
2025-08-13T20:14:00.000,1.81,142.26,-1.43,1.11
2025-08-13T20:15:00.000,1.83,142.84,-1.45,1.10
2025-08-13T20:16:00.000,1.81,143.51,-1.46,1.08
2025-08-13T20:17:00.000,1.80,144.43,-1.47,1.05
2025-08-13T20:18:00.000,1.85,143.81,-1.50,1.09
2025-08-13T20:19:00.000,1.81,144.74,-1.48,1.05
2025-08-13T20:20:00.000,1.83,144.51,-1.49,1.06
2025-08-13T20:21:00.000,1.88,143.07,-1.50,1.13
2025-08-13T20:22:00.000,1.83,142.92,-1.46,1.10
2025-08-13T20:23:00.000,1.85,141.87,-1.45,1.14
2025-08-13T20:24:00.000,1.82,142.38,-1.44,1.11
2025-08-13T20:25:00.000,1.83,142.02,-1.44,1.12
2025-08-13T20:26:00.000,1.79,144.48,-1.46,1.04
2025-08-13T20:27:00.000,1.76,144.84,-1.44,1.02
2025-08-13T20:28:00.000,1.75,146.68,-1.46,0.96
2025-08-13T20:29:00.000,1.77,145.99,-1.47,0.99
2025-08-13T20:30:00.000,1.78,147.77,-1.50,0.95
2025-08-13T20:31:00.000,1.79,146.61,-1.50,0.99
2025-08-13T20:32:00.000,1.79,145.92,-1.48,1.00
2025-08-13T20:33:00.000,1.76,146.26,-1.46,0.98
2025-08-13T20:34:00.000,1.77,147.16,-1.49,0.96
2025-08-13T20:35:00.000,1.80,145.11,-1.47,1.03
2025-08-13T20:36:00.000,1.74,148.68,-1.49,0.91
2025-08-13T20:37:00.000,1.75,147.73,-1.48,0.94
2025-08-13T20:38:00.000,1.81,150.51,-1.57,0.89
2025-08-13T20:39:00.000,1.80,151.03,-1.57,0.87
2025-08-13T20:40:00.000,1.81,151.27,-1.58,0.87
2025-08-13T20:41:00.000,1.82,149.83,-1.57,0.92
2025-08-13T20:42:00.000,1.79,150.50,-1.56,0.88
2025-08-13T20:43:00.000,1.78,150.69,-1.55,0.87
2025-08-13T20:44:00.000,1.78,150.18,-1.55,0.89
2025-08-13T20:45:00.000,1.79,149.43,-1.54,0.91
2025-08-13T20:46:00.000,1.80,147.91,-1.52,0.95
2025-08-13T20:47:00.000,1.77,151.03,-1.55,0.86
2025-08-13T20:48:00.000,1.77,151.67,-1.55,0.84
2025-08-13T20:49:00.000,1.82,151.76,-1.60,0.86
2025-08-13T20:50:00.000,1.90,158.02,-1.77,0.71
2025-08-13T20:51:00.000,1.59,158.09,-1.47,0.59
2025-08-13T20:52:00.000,1.78,156.96,-1.64,0.70
2025-08-13T20:53:00.000,1.84,157.54,-1.70,0.70
2025-08-13T20:54:00.000,1.74,156.75,-1.60,0.69
2025-08-13T20:55:00.000,1.69,161.70,-1.61,0.53
2025-08-13T20:56:00.000,1.79,155.73,-1.63,0.74
2025-08-13T20:57:00.000,1.63,169.64,-1.61,0.29
2025-08-13T20:58:00.000,1.65,159.19,-1.54,0.59
2025-08-13T20:59:00.000,1.66,156.52,-1.53,0.66
2025-08-13T21:00:00.000,1.59,153.54,-1.42,0.71
2025-08-13T21:01:00.000,1.67,145.64,-1.38,0.94
2025-08-13T21:02:00.000,1.62,146.02,-1.34,0.91
2025-08-13T21:03:00.000,1.68,143.27,-1.35,1.00
2025-08-13T21:04:00.000,1.56,145.93,-1.29,0.87
2025-08-13T21:05:00.000,1.67,144.52,-1.36,0.97
2025-08-13T21:06:00.000,1.72,149.94,-1.49,0.86
2025-08-13T21:07:00.000,1.71,145.00,-1.40,0.98
2025-08-13T21:08:00.000,1.62,143.65,-1.30,0.96
2025-08-13T21:09:00.000,1.68,147.29,-1.42,0.91
2025-08-13T21:10:00.000,1.59,147.25,-1.33,0.86
2025-08-13T21:11:00.000,1.72,140.84,-1.34,1.09
2025-08-13T21:12:00.000,2.06,142.15,-1.63,1.26
2025-08-13T21:13:00.000,1.90,141.26,-1.48,1.19
2025-08-13T21:14:00.000,1.67,145.09,-1.37,0.95
2025-08-13T21:15:00.000,1.67,148.08,-1.42,0.89
2025-08-13T21:16:00.000,1.67,151.50,-1.47,0.80
2025-08-13T21:17:00.000,1.68,152.71,-1.49,0.77
2025-08-13T21:18:00.000,1.75,161.50,-1.66,0.56
2025-08-13T21:19:00.000,1.91,165.65,-1.85,0.47
2025-08-13T21:20:00.000,1.92,166.30,-1.86,0.45
2025-08-13T21:21:00.000,1.88,164.72,-1.81,0.49
2025-08-13T21:22:00.000,1.86,162.24,-1.78,0.57
2025-08-13T21:23:00.000,1.83,161.03,-1.73,0.60
2025-08-13T21:24:00.000,1.85,155.15,-1.68,0.78
2025-08-13T21:25:00.000,1.77,155.91,-1.62,0.72
2025-08-13T21:26:00.000,1.77,156.55,-1.62,0.70
2025-08-13T21:27:00.000,1.70,158.36,-1.58,0.63
2025-08-13T21:28:00.000,1.76,158.87,-1.64,0.63
2025-08-13T21:29:00.000,1.86,160.26,-1.76,0.63
2025-08-13T21:30:00.000,1.81,159.48,-1.70,0.63
2025-08-13T21:31:00.000,1.84,155.66,-1.68,0.76
2025-08-13T21:32:00.000,1.91,161.28,-1.81,0.61
2025-08-13T21:33:00.000,1.79,157.52,-1.66,0.69
2025-08-13T21:34:00.000,1.90,158.44,-1.76,0.70
2025-08-13T21:35:00.000,1.97,163.67,-1.89,0.55
2025-08-13T21:36:00.000,1.87,163.08,-1.78,0.54
2025-08-13T21:37:00.000,1.86,166.35,-1.80,0.44
2025-08-13T21:38:00.000,1.95,165.43,-1.89,0.49
2025-08-13T21:39:00.000,2.01,171.24,-1.98,0.31
2025-08-13T21:40:00.000,1.98,172.99,-1.97,0.24
2025-08-13T21:41:00.000,1.86,166.23,-1.81,0.44
2025-08-13T21:42:00.000,1.94,170.08,-1.91,0.33
2025-08-13T21:43:00.000,1.76,160.17,-1.66,0.60
2025-08-13T21:44:00.000,1.78,164.16,-1.71,0.49
2025-08-13T21:45:00.000,1.73,166.91,-1.69,0.39
2025-08-13T21:46:00.000,1.75,163.10,-1.68,0.51
2025-08-13T21:47:00.000,1.70,155.28,-1.55,0.71
2025-08-13T21:48:00.000,1.72,162.78,-1.64,0.51
2025-08-13T21:49:00.000,1.78,161.39,-1.68,0.57
2025-08-13T21:50:00.000,1.76,158.70,-1.64,0.64
2025-08-13T21:51:00.000,1.76,159.46,-1.65,0.62
2025-08-13T21:52:00.000,1.68,160.39,-1.58,0.56
2025-08-13T21:53:00.000,1.71,156.63,-1.57,0.68
2025-08-13T21:54:00.000,1.66,162.19,-1.58,0.51
2025-08-13T21:55:00.000,1.75,157.35,-1.61,0.67
2025-08-13T21:56:00.000,1.74,157.90,-1.61,0.65
2025-08-13T21:57:00.000,1.72,154.83,-1.55,0.73
2025-08-13T21:58:00.000,1.75,157.55,-1.62,0.67
2025-08-13T21:59:00.000,1.70,156.95,-1.56,0.66
2025-08-13T22:00:00.000,1.71,152.89,-1.52,0.78
2025-08-13T22:01:00.000,1.71,153.34,-1.53,0.77
2025-08-13T22:02:00.000,1.71,154.79,-1.54,0.73
2025-08-13T22:03:00.000,1.68,155.37,-1.53,0.70
2025-08-13T22:04:00.000,1.73,158.51,-1.61,0.64
2025-08-13T22:05:00.000,1.72,154.14,-1.55,0.75
2025-08-13T22:06:00.000,1.72,151.84,-1.52,0.81
2025-08-13T22:07:00.000,1.71,155.59,-1.56,0.71
2025-08-13T22:08:00.000,1.64,153.96,-1.48,0.72
2025-08-13T22:09:00.000,1.66,157.51,-1.54,0.64
2025-08-13T22:10:00.000,1.65,155.19,-1.50,0.69
2025-08-13T22:11:00.000,1.65,157.73,-1.53,0.63
2025-08-13T22:12:00.000,1.64,156.55,-1.50,0.65
2025-08-13T22:13:00.000,1.64,157.01,-1.51,0.64
2025-08-13T22:14:00.000,1.72,158.50,-1.60,0.63
2025-08-13T22:15:00.000,1.65,158.06,-1.53,0.62
2025-08-13T22:16:00.000,1.61,156.19,-1.48,0.65
2025-08-13T22:17:00.000,1.57,153.36,-1.41,0.71
2025-08-13T22:18:00.000,1.62,155.79,-1.48,0.66
2025-08-13T22:19:00.000,1.62,154.91,-1.46,0.69
2025-08-13T22:20:00.000,1.64,159.78,-1.54,0.57
2025-08-13T22:21:00.000,1.65,161.99,-1.57,0.51
2025-08-13T22:22:00.000,1.62,159.33,-1.52,0.57
2025-08-13T22:23:00.000,1.67,155.47,-1.52,0.69
2025-08-13T22:24:00.000,1.67,158.82,-1.55,0.60
2025-08-13T22:25:00.000,1.63,155.46,-1.48,0.68
2025-08-13T22:26:00.000,1.66,158.31,-1.54,0.61
2025-08-13T22:27:00.000,1.71,154.90,-1.54,0.72
2025-08-13T22:28:00.000,1.63,154.95,-1.48,0.69
2025-08-13T22:29:00.000,1.63,159.87,-1.54,0.56
2025-08-13T22:30:00.000,1.63,157.81,-1.51,0.61
2025-08-13T22:31:00.000,1.64,156.40,-1.50,0.66
2025-08-13T22:32:00.000,1.64,153.70,-1.47,0.73
2025-08-13T22:33:00.000,1.59,155.43,-1.44,0.66
2025-08-13T22:34:00.000,1.61,154.48,-1.45,0.69
2025-08-13T22:35:00.000,1.60,154.10,-1.44,0.70
2025-08-13T22:36:00.000,1.58,151.48,-1.39,0.76
2025-08-13T22:37:00.000,1.60,150.09,-1.39,0.80
2025-08-13T22:38:00.000,1.61,151.71,-1.42,0.76
2025-08-13T22:39:00.000,1.57,152.96,-1.40,0.71
2025-08-13T22:40:00.000,1.57,154.55,-1.41,0.67
2025-08-13T22:41:00.000,1.66,147.88,-1.40,0.88
2025-08-13T22:42:00.000,1.52,149.63,-1.32,0.77
2025-08-13T22:43:00.000,1.53,148.79,-1.30,0.79
2025-08-13T22:44:00.000,1.59,148.46,-1.36,0.83
2025-08-13T22:45:00.000,1.59,149.46,-1.37,0.81
2025-08-13T22:46:00.000,1.59,150.05,-1.38,0.80
2025-08-13T22:47:00.000,1.56,150.52,-1.36,0.77
2025-08-13T22:48:00.000,1.60,147.68,-1.35,0.85
2025-08-13T22:49:00.000,1.62,147.64,-1.37,0.87
2025-08-13T22:50:00.000,1.60,147.39,-1.35,0.86
2025-08-13T22:51:00.000,1.46,147.73,-1.24,0.78
2025-08-13T22:52:00.000,1.47,148.88,-1.26,0.76
2025-08-13T22:53:00.000,1.47,151.59,-1.29,0.70
2025-08-13T22:54:00.000,1.48,152.36,-1.31,0.69
2025-08-13T22:55:00.000,1.47,150.66,-1.28,0.72
2025-08-13T22:56:00.000,1.41,149.90,-1.22,0.71
2025-08-13T22:57:00.000,1.42,149.92,-1.22,0.71
2025-08-13T22:58:00.000,1.44,147.57,-1.22,0.77
2025-08-13T22:59:00.000,1.41,148.85,-1.21,0.73
2025-08-13T23:00:00.000,1.45,149.80,-1.25,0.73
2025-08-13T23:01:00.000,1.45,148.29,-1.24,0.76
2025-08-13T23:02:00.000,1.44,147.31,-1.22,0.78
2025-08-13T23:03:00.000,1.46,147.38,-1.23,0.79
2025-08-13T23:04:00.000,1.42,149.81,-1.23,0.72
2025-08-13T23:05:00.000,1.44,149.64,-1.24,0.73
2025-08-13T23:06:00.000,1.41,152.56,-1.25,0.65
2025-08-13T23:07:00.000,1.43,151.63,-1.26,0.68
2025-08-13T23:08:00.000,1.49,151.05,-1.30,0.72
2025-08-13T23:09:00.000,1.47,149.30,-1.26,0.75
2025-08-13T23:10:00.000,1.47,147.42,-1.24,0.79
2025-08-13T23:11:00.000,1.49,150.46,-1.30,0.74
2025-08-13T23:12:00.000,1.45,151.62,-1.27,0.69
2025-08-13T23:13:00.000,1.46,155.90,-1.33,0.60
2025-08-13T23:14:00.000,1.48,159.37,-1.39,0.52
2025-08-13T23:15:00.000,1.52,162.18,-1.45,0.47
2025-08-13T23:16:00.000,1.61,167.62,-1.58,0.35
2025-08-13T23:17:00.000,1.64,171.68,-1.63,0.24
2025-08-13T23:18:00.000,1.57,168.51,-1.54,0.31
2025-08-13T23:19:00.000,1.67,168.75,-1.64,0.33
2025-08-13T23:20:00.000,1.55,166.29,-1.51,0.37
2025-08-13T23:21:00.000,1.57,165.17,-1.52,0.40
2025-08-13T23:22:00.000,1.49,168.99,-1.47,0.29
2025-08-13T23:23:00.000,1.54,163.82,-1.48,0.43
2025-08-13T23:24:00.000,1.51,170.68,-1.49,0.24
2025-08-13T23:25:00.000,1.50,168.98,-1.48,0.29
2025-08-13T23:26:00.000,1.47,164.62,-1.42,0.39
2025-08-13T23:27:00.000,1.54,159.63,-1.44,0.54
2025-08-13T23:28:00.000,1.49,163.49,-1.43,0.42
2025-08-13T23:29:00.000,1.49,159.39,-1.40,0.53
2025-08-13T23:30:00.000,1.48,154.75,-1.34,0.63
2025-08-13T23:31:00.000,1.44,148.68,-1.23,0.75
2025-08-13T23:32:00.000,1.81,164.62,-1.75,0.48
2025-08-13T23:33:00.000,1.55,148.28,-1.32,0.82
2025-08-13T23:34:00.000,1.50,148.28,-1.27,0.79
2025-08-13T23:35:00.000,1.47,150.09,-1.27,0.73
2025-08-13T23:36:00.000,1.49,150.78,-1.30,0.73
2025-08-13T23:37:00.000,1.68,149.55,-1.45,0.85
2025-08-13T23:38:00.000,1.53,148.08,-1.30,0.81
2025-08-13T23:39:00.000,1.50,147.97,-1.27,0.79
2025-08-13T23:40:00.000,1.45,139.55,-1.10,0.94
2025-08-13T23:41:00.000,1.50,154.79,-1.36,0.64
2025-08-13T23:42:00.000,1.43,157.00,-1.32,0.56
2025-08-13T23:43:00.000,1.44,155.48,-1.31,0.60
2025-08-13T23:44:00.000,1.40,156.39,-1.28,0.56
2025-08-13T23:45:00.000,1.41,156.10,-1.29,0.57
2025-08-13T23:46:00.000,1.43,155.48,-1.30,0.59
2025-08-13T23:47:00.000,1.46,154.29,-1.32,0.63
2025-08-13T23:48:00.000,1.42,156.75,-1.30,0.56
2025-08-13T23:49:00.000,1.46,158.97,-1.36,0.52
2025-08-13T23:50:00.000,1.47,162.14,-1.40,0.45
2025-08-13T23:51:00.000,1.48,162.91,-1.41,0.43
2025-08-13T23:52:00.000,1.47,165.68,-1.42,0.36
2025-08-13T23:53:00.000,1.44,161.63,-1.37,0.45
2025-08-13T23:54:00.000,1.43,158.57,-1.33,0.52
2025-08-13T23:55:00.000,1.53,169.78,-1.51,0.27
2025-08-13T23:56:00.000,1.43,199.29,-1.35,-0.47
2025-08-13T23:57:00.000,1.51,163.63,-1.45,0.42
2025-08-13T23:58:00.000,6.93,242.87,-3.16,-6.17
2025-08-13T23:59:00.000,11.03,180.59,-11.03,-0.11
2025-08-14T00:00:00.000,14.43,170.25,-14.22,2.45
2025-08-14T00:01:00.000,17.58,188.78,-17.37,-2.68
2025-08-14T00:02:00.000,20.18,187.13,-20.02,-2.50
2025-08-14T00:03:00.000,22.10,185.73,-21.99,-2.21
2025-08-14T00:04:00.000,23.85,147.00,-20.01,12.99
2025-08-14T00:05:00.000,25.15,138.34,-18.79,16.72
2025-08-14T00:06:00.000,26.38,152.19,-23.33,12.31
2025-08-14T00:07:00.000,27.74,164.26,-26.70,7.52
2025-08-14T00:08:00.000,29.06,161.32,-27.53,9.31
2025-08-14T00:09:00.000,30.45,156.37,-27.89,12.21
2025-08-14T00:10:00.000,31.77,141.78,-24.96,19.66
2025-08-14T00:11:00.000,33.07,144.92,-27.06,19.01
2025-08-14T00:12:00.000,35.41,136.80,-25.81,24.24
2025-08-14T00:13:00.000,38.27,112.12,-14.41,35.46
2025-08-14T00:14:00.000,42.20,129.64,-26.92,32.49
2025-08-14T00:15:00.000,46.08,116.14,-20.30,41.37
2025-08-14T00:16:00.000,51.26,99.67,-8.61,50.53
2025-08-14T00:17:00.000,57.16,87.77,2.22,57.12
2025-08-14T00:18:00.000,63.80,82.34,8.50,63.23
2025-08-14T00:19:00.000,74.46,82.09,10.25,73.75
2025-08-14T00:20:00.000,83.68,77.27,18.45,81.62
2025-08-14T00:21:00.000,95.25,79.01,18.16,93.50
2025-08-14T00:22:00.000,107.94,84.09,11.11,107.36
2025-08-14T00:23:00.000,119.64,84.43,11.61,119.08
2025-08-14T00:24:00.000,135.83,83.31,15.83,134.91
2025-08-14T00:25:00.000,155.06,81.25,23.58,153.25
2025-08-14T00:26:00.000,174.33,79.85,30.73,171.60
2025-08-14T00:27:00.000,197.49,78.40,39.70,193.46
2025-08-14T00:28:00.000,209.35,77.45,45.49,204.35
2025-08-14T00:29:00.000,213.82,77.17,47.49,208.48
2025-08-14T00:30:00.000,217.52,77.12,48.49,212.05
2025-08-14T00:31:00.000,217.56,77.12,48.48,212.09
2025-08-14T00:32:00.000,217.48,77.12,48.49,212.01
2025-08-14T00:33:00.000,217.48,77.09,48.60,211.98
2025-08-14T00:34:00.000,217.44,77.06,48.69,211.92
2025-08-14T00:35:00.000,217.43,77.08,48.60,211.93
2025-08-14T00:36:00.000,217.42,77.07,48.65,211.91
2025-08-14T00:37:00.000,217.36,77.07,48.65,211.85
2025-08-14T00:38:00.000,217.39,77.08,48.61,211.89
2025-08-14T00:39:00.000,217.40,77.09,48.56,211.91
2025-08-14T00:40:00.000,217.32,77.08,48.60,211.81
2025-08-14T00:41:00.000,217.38,77.09,48.55,211.89
2025-08-14T00:42:00.000,217.32,77.11,48.49,211.85
2025-08-14T00:43:00.000,217.37,77.08,48.59,211.87
2025-08-14T00:44:00.000,217.40,77.09,48.59,211.90
2025-08-14T00:45:00.000,217.41,77.07,48.63,211.90
2025-08-14T00:46:00.000,217.37,77.06,48.68,211.85
2025-08-14T00:47:00.000,217.38,77.08,48.62,211.87
2025-08-14T00:48:00.000,217.44,77.07,48.65,211.93
2025-08-14T00:49:00.000,217.49,77.08,48.62,211.99
2025-08-14T00:50:00.000,217.50,77.07,48.67,211.98
2025-08-14T00:51:00.000,217.51,77.07,48.68,212.00
2025-08-14T00:52:00.000,217.55,77.07,48.68,212.03
2025-08-14T00:53:00.000,217.59,77.08,48.67,212.07
2025-08-14T00:54:00.000,217.58,77.09,48.63,212.07
2025-08-14T00:55:00.000,217.54,77.08,48.64,212.03
2025-08-14T00:56:00.000,217.61,77.10,48.58,212.12
2025-08-14T00:57:00.000,217.69,77.11,48.56,212.21
2025-08-14T00:58:00.000,217.64,77.11,48.57,212.15
2025-08-14T00:59:00.000,217.63,77.07,48.69,212.11
2025-08-14T01:00:00.000,217.66,77.08,48.66,212.15
2025-08-14T01:01:00.000,217.69,77.08,48.67,212.18
2025-08-14T01:02:00.000,217.61,77.07,48.69,212.10
2025-08-14T01:03:00.000,217.65,77.06,48.72,212.12
2025-08-14T01:04:00.000,217.64,77.08,48.68,212.13
2025-08-14T01:05:00.000,217.68,77.06,48.73,212.16
2025-08-14T01:06:00.000,217.64,77.06,48.73,212.12
2025-08-14T01:07:00.000,217.61,77.07,48.70,212.09
2025-08-14T01:08:00.000,217.63,77.05,48.76,212.10
2025-08-14T01:09:00.000,217.71,77.05,48.78,212.18
2025-08-14T01:10:00.000,217.64,77.05,48.76,212.11
2025-08-14T01:11:00.000,217.63,77.07,48.72,212.11
2025-08-14T01:12:00.000,217.65,77.05,48.78,212.11
2025-08-14T01:13:00.000,217.63,77.04,48.81,212.08
2025-08-14T01:14:00.000,217.61,77.04,48.81,212.07
2025-08-14T01:15:00.000,217.62,77.04,48.82,212.07
2025-08-14T01:16:00.000,217.62,77.05,48.77,212.09
2025-08-14T01:17:00.000,217.64,77.05,48.76,212.11
2025-08-14T01:18:00.000,217.59,77.04,48.80,212.05
2025-08-14T01:19:00.000,217.62,77.04,48.82,212.07
2025-08-14T01:20:00.000,217.67,77.04,48.82,212.12
2025-08-14T01:21:00.000,217.58,77.01,48.90,212.01
2025-08-14T01:22:00.000,217.57,77.03,48.83,212.03
2025-08-14T01:23:00.000,217.60,77.01,48.90,212.04
2025-08-14T01:24:00.000,217.58,77.01,48.91,212.01
2025-08-14T01:25:00.000,217.53,77.04,48.80,211.98
2025-08-14T01:26:00.000,217.59,77.04,48.80,212.04
2025-08-14T01:27:00.000,217.54,77.02,48.86,211.98
2025-08-14T01:28:00.000,217.55,77.03,48.84,212.00
2025-08-14T01:29:00.000,217.68,77.05,48.80,212.14
2025-08-14T01:30:00.000,217.55,77.05,48.75,212.02
2025-08-14T01:31:00.000,217.63,77.07,48.70,212.11
2025-08-14T01:32:00.000,217.56,77.10,48.58,212.07
2025-08-14T01:33:00.000,217.48,77.06,48.69,211.96
2025-08-14T01:34:00.000,217.59,77.09,48.60,212.09
2025-08-14T01:35:00.000,217.54,77.09,48.61,212.04
2025-08-14T01:36:00.000,217.61,77.10,48.58,212.12
2025-08-14T01:37:00.000,217.60,77.11,48.54,212.12
2025-08-14T01:38:00.000,217.61,77.12,48.52,212.13
2025-08-14T01:39:00.000,217.71,77.13,48.48,212.25
2025-08-14T01:40:00.000,217.69,77.12,48.52,212.22
2025-08-14T01:41:00.000,217.63,77.12,48.50,212.15
2025-08-14T01:42:00.000,217.58,77.10,48.57,212.09
2025-08-14T01:43:00.000,217.63,77.09,48.61,212.13
2025-08-14T01:44:00.000,217.67,77.11,48.56,212.18
2025-08-14T01:45:00.000,217.56,77.12,48.49,212.09
2025-08-14T01:46:00.000,217.59,77.12,48.52,212.11
2025-08-14T01:47:00.000,217.59,77.12,48.49,212.12
2025-08-14T01:48:00.000,217.58,77.10,48.58,212.08
2025-08-14T01:49:00.000,217.63,77.11,48.56,212.15
2025-08-14T01:50:00.000,217.56,77.09,48.62,212.06
2025-08-14T01:51:00.000,217.63,77.10,48.60,212.13
2025-08-14T01:52:00.000,217.60,77.08,48.64,212.10
2025-08-14T01:53:00.000,217.62,77.10,48.58,212.13
2025-08-14T01:54:00.000,217.57,77.08,48.65,212.06
2025-08-14T01:55:00.000,217.64,77.09,48.62,212.14
2025-08-14T01:56:00.000,217.61,77.11,48.55,212.13
2025-08-14T01:57:00.000,217.63,77.10,48.57,212.14
2025-08-14T01:58:00.000,217.59,77.11,48.54,212.11
2025-08-14T01:59:00.000,217.57,77.07,48.67,212.06
2025-08-14T02:00:00.000,217.58,77.06,48.72,212.05
2025-08-14T02:01:00.000,217.61,77.07,48.68,212.10
2025-08-14T02:02:00.000,217.59,77.06,48.72,212.06
2025-08-14T02:03:00.000,217.56,77.09,48.63,212.06
2025-08-14T02:04:00.000,217.55,77.07,48.68,212.04
2025-08-14T02:05:00.000,217.57,77.07,48.67,212.05
2025-08-14T02:06:00.000,217.56,77.07,48.69,212.04
2025-08-14T02:07:00.000,217.57,77.07,48.69,212.05
2025-08-14T02:08:00.000,217.59,77.05,48.75,212.06
2025-08-14T02:09:00.000,217.52,77.05,48.76,211.99
2025-08-14T02:10:00.000,217.53,77.04,48.77,211.99
2025-08-14T02:11:00.000,217.53,77.00,48.92,211.96
2025-08-14T02:12:00.000,217.57,77.02,48.86,212.01
2025-08-14T02:13:00.000,217.57,77.04,48.79,212.03
2025-08-14T02:14:00.000,217.50,77.00,48.94,211.92
2025-08-14T02:15:00.000,217.47,77.00,48.93,211.89
2025-08-14T02:16:00.000,217.50,76.99,48.96,211.92
2025-08-14T02:17:00.000,217.46,76.98,48.99,211.87
2025-08-14T02:18:00.000,217.52,76.98,48.99,211.93
2025-08-14T02:19:00.000,217.44,76.98,49.00,211.85
2025-08-14T02:20:00.000,217.49,76.98,48.98,211.90
2025-08-14T02:21:00.000,217.41,76.97,49.01,211.82
2025-08-14T02:22:00.000,217.42,76.95,49.10,211.81
2025-08-14T02:23:00.000,217.47,76.97,49.03,211.87
2025-08-14T02:24:00.000,217.51,76.95,49.11,211.90
2025-08-14T02:25:00.000,217.46,76.97,49.03,211.86
2025-08-14T02:26:00.000,217.45,76.95,49.09,211.84
2025-08-14T02:27:00.000,217.45,76.96,49.06,211.84
2025-08-14T02:28:00.000,217.45,76.96,49.06,211.84
2025-08-14T02:29:00.000,217.44,76.94,49.13,211.82
2025-08-14T02:30:00.000,217.42,76.94,49.12,211.80
2025-08-14T02:31:00.000,217.42,76.93,49.16,211.78
2025-08-14T02:32:00.000,217.45,76.93,49.17,211.82
2025-08-14T02:33:00.000,217.49,76.94,49.14,211.87
2025-08-14T02:34:00.000,217.36,76.90,49.27,211.70
2025-08-14T02:35:00.000,217.36,76.92,49.21,211.72
2025-08-14T02:36:00.000,217.37,76.93,49.17,211.73
2025-08-14T02:37:00.000,217.38,76.92,49.20,211.74
2025-08-14T02:38:00.000,217.32,76.90,49.26,211.67
2025-08-14T02:39:00.000,217.36,76.87,49.36,211.68
2025-08-14T02:40:00.000,217.38,76.87,49.38,211.70
2025-08-14T02:41:00.000,217.34,76.89,49.30,211.68
2025-08-14T02:42:00.000,217.40,76.89,49.31,211.73
2025-08-14T02:43:00.000,217.35,76.87,49.37,211.67
2025-08-14T02:44:00.000,217.32,76.87,49.35,211.65
2025-08-14T02:45:00.000,217.34,76.86,49.39,211.65
2025-08-14T02:46:00.000,217.39,76.88,49.33,211.72
2025-08-14T02:47:00.000,217.37,76.85,49.47,211.67
2025-08-14T02:48:00.000,217.38,76.85,49.44,211.68
2025-08-14T02:49:00.000,217.37,76.88,49.34,211.70
2025-08-14T02:50:00.000,217.30,76.82,49.53,211.58
2025-08-14T02:51:00.000,217.32,76.84,49.47,211.61
2025-08-14T02:52:00.000,217.30,76.82,49.55,211.57
2025-08-14T02:53:00.000,217.31,76.83,49.51,211.59
2025-08-14T02:54:00.000,217.25,76.82,49.54,211.52
2025-08-14T02:55:00.000,217.25,76.84,49.45,211.55
2025-08-14T02:56:00.000,217.29,76.84,49.48,211.58
2025-08-14T02:57:00.000,217.28,76.80,49.60,211.54
2025-08-14T02:58:00.000,217.33,76.83,49.53,211.61
2025-08-14T02:59:00.000,217.29,76.81,49.57,211.56
2025-08-14T03:00:00.000,217.30,76.81,49.57,211.57
2025-08-14T03:01:00.000,217.25,76.82,49.55,211.52
2025-08-14T03:02:00.000,217.30,76.80,49.63,211.56
2025-08-14T03:03:00.000,217.28,76.81,49.58,211.55
2025-08-14T03:04:00.000,217.35,76.83,49.51,211.64
2025-08-14T03:05:00.000,217.25,76.81,49.58,211.52
2025-08-14T03:06:00.000,217.28,76.83,49.51,211.57
2025-08-14T03:07:00.000,217.23,76.80,49.61,211.49
2025-08-14T03:08:00.000,217.29,76.79,49.64,211.54
2025-08-14T03:09:00.000,217.27,76.80,49.62,211.53
2025-08-14T03:10:00.000,217.30,76.81,49.60,211.56
2025-08-14T03:11:00.000,217.31,76.81,49.59,211.57
2025-08-14T03:12:00.000,217.29,76.81,49.60,211.56
2025-08-14T03:13:00.000,217.28,76.78,49.67,211.53
2025-08-14T03:14:00.000,217.22,76.79,49.64,211.47
2025-08-14T03:15:00.000,217.23,76.79,49.66,211.48
2025-08-14T03:16:00.000,217.28,76.78,49.71,211.52
2025-08-14T03:17:00.000,217.28,76.79,49.66,211.53
2025-08-14T03:18:00.000,217.25,76.79,49.64,211.50
2025-08-14T03:19:00.000,217.30,76.80,49.63,211.56
2025-08-14T03:20:00.000,217.27,76.82,49.55,211.54
2025-08-14T03:21:00.000,217.27,76.82,49.55,211.54
2025-08-14T03:22:00.000,217.31,76.81,49.58,211.58
2025-08-14T03:23:00.000,217.28,76.82,49.54,211.55
2025-08-14T03:24:00.000,217.27,76.82,49.52,211.55
2025-08-14T03:25:00.000,217.30,76.82,49.54,211.57
2025-08-14T03:26:00.000,217.24,76.80,49.60,211.50
2025-08-14T03:27:00.000,217.30,76.80,49.60,211.57
2025-08-14T03:28:00.000,217.26,76.79,49.65,211.51
2025-08-14T03:29:00.000,217.23,76.80,49.59,211.49
2025-08-14T03:30:00.000,217.28,76.80,49.61,211.54
2025-08-14T03:31:00.000,217.29,76.80,49.60,211.55
2025-08-14T03:32:00.000,217.32,76.84,49.49,211.61
2025-08-14T03:33:00.000,217.30,76.84,49.47,211.59
2025-08-14T03:34:00.000,217.33,76.85,49.44,211.63
2025-08-14T03:35:00.000,217.28,76.84,49.46,211.57
2025-08-14T03:36:00.000,217.25,76.84,49.46,211.55
2025-08-14T03:37:00.000,217.31,76.80,49.61,211.57
2025-08-14T03:38:00.000,217.32,76.84,49.49,211.61
2025-08-14T03:39:00.000,217.25,76.81,49.57,211.52
2025-08-14T03:40:00.000,217.27,76.81,49.58,211.54
2025-08-14T03:41:00.000,217.31,76.81,49.59,211.57
2025-08-14T03:42:00.000,217.22,76.79,49.65,211.47
2025-08-14T03:43:00.000,217.28,76.80,49.63,211.54
2025-08-14T03:44:00.000,217.23,76.79,49.64,211.48
2025-08-14T03:45:00.000,217.33,76.81,49.58,211.59
2025-08-14T03:46:00.000,217.23,76.81,49.58,211.50
2025-08-14T03:47:00.000,217.26,76.81,49.56,211.53
2025-08-14T03:48:00.000,217.31,76.80,49.64,211.56
2025-08-14T03:49:00.000,217.18,76.80,49.59,211.44
2025-08-14T03:50:00.000,217.24,76.80,49.62,211.50
2025-08-14T03:51:00.000,217.29,76.82,49.56,211.57
2025-08-14T03:52:00.000,217.26,76.81,49.56,211.53
2025-08-14T03:53:00.000,217.20,76.80,49.60,211.46
2025-08-14T03:54:00.000,217.25,76.80,49.60,211.51
2025-08-14T03:55:00.000,217.18,76.77,49.72,211.41
2025-08-14T03:56:00.000,217.27,76.81,49.59,211.53
2025-08-14T03:57:00.000,217.21,76.79,49.65,211.46
2025-08-14T03:58:00.000,217.18,76.77,49.71,211.42
2025-08-14T03:59:00.000,217.20,76.77,49.71,211.44
2025-08-14T04:00:00.000,217.22,76.77,49.70,211.46
2025-08-14T04:01:00.000,217.22,76.77,49.71,211.45
2025-08-14T04:02:00.000,217.24,76.78,49.68,211.48
2025-08-14T04:03:00.000,217.20,76.78,49.65,211.45
2025-08-14T04:04:00.000,217.20,76.78,49.67,211.45
2025-08-14T04:05:00.000,217.20,76.79,49.65,211.45
2025-08-14T04:06:00.000,217.25,76.77,49.72,211.48
2025-08-14T04:07:00.000,217.18,76.79,49.64,211.43
2025-08-14T04:08:00.000,217.22,76.79,49.63,211.47
2025-08-14T04:09:00.000,217.20,76.80,49.61,211.46
2025-08-14T04:10:00.000,217.19,76.79,49.64,211.44
2025-08-14T04:11:00.000,217.23,76.78,49.67,211.48
2025-08-14T04:12:00.000,217.23,76.81,49.58,211.49
2025-08-14T04:13:00.000,217.17,76.79,49.64,211.42
2025-08-14T04:14:00.000,217.16,76.80,49.60,211.42
2025-08-14T04:15:00.000,217.25,76.80,49.61,211.51
2025-08-14T04:16:00.000,217.21,76.81,49.55,211.48
2025-08-14T04:17:00.000,217.24,76.80,49.60,211.50
2025-08-14T04:18:00.000,217.17,76.80,49.60,211.43
2025-08-14T04:19:00.000,217.26,76.82,49.55,211.53
2025-08-14T04:20:00.000,217.24,76.82,49.53,211.52
2025-08-14T04:21:00.000,217.22,76.81,49.58,211.49
2025-08-14T04:22:00.000,217.16,76.80,49.58,211.43
2025-08-14T04:23:00.000,217.23,76.82,49.52,211.51
2025-08-14T04:24:00.000,217.15,76.80,49.57,211.41
2025-08-14T04:25:00.000,217.14,76.80,49.60,211.40
2025-08-14T04:26:00.000,217.21,76.81,49.55,211.48
2025-08-14T04:27:00.000,217.19,76.80,49.60,211.45
2025-08-14T04:28:00.000,217.15,76.80,49.60,211.41
2025-08-14T04:29:00.000,217.19,76.79,49.63,211.44
2025-08-14T04:30:00.000,217.10,76.79,49.60,211.36
2025-08-14T04:31:00.000,217.21,76.81,49.55,211.48
2025-08-14T04:32:00.000,217.17,76.80,49.59,211.43
2025-08-14T04:33:00.000,217.20,76.81,49.57,211.47
2025-08-14T04:34:00.000,217.14,76.80,49.60,211.40
2025-08-14T04:35:00.000,217.16,76.80,49.60,211.42
2025-08-14T04:36:00.000,217.21,76.81,49.56,211.48
2025-08-14T04:37:00.000,217.16,76.79,49.62,211.42
2025-08-14T04:38:00.000,217.22,76.81,49.57,211.48
2025-08-14T04:39:00.000,217.06,76.77,49.68,211.30
2025-08-14T04:40:00.000,217.15,76.79,49.63,211.41
2025-08-14T04:41:00.000,217.20,76.82,49.51,211.48
2025-08-14T04:42:00.000,217.17,76.79,49.61,211.43
2025-08-14T04:43:00.000,217.18,76.81,49.57,211.44
2025-08-14T04:44:00.000,217.14,76.79,49.62,211.40
2025-08-14T04:45:00.000,217.14,76.79,49.62,211.39
2025-08-14T04:46:00.000,217.15,76.80,49.58,211.41
2025-08-14T04:47:00.000,217.08,76.77,49.68,211.31
2025-08-14T04:48:00.000,217.08,76.78,49.66,211.33
2025-08-14T04:49:00.000,217.11,76.78,49.67,211.36
2025-08-14T04:50:00.000,217.08,76.76,49.71,211.31
2025-08-14T04:51:00.000,217.11,76.78,49.64,211.36
2025-08-14T04:52:00.000,217.11,76.77,49.68,211.35
2025-08-14T04:53:00.000,217.16,76.77,49.69,211.40
2025-08-14T04:54:00.000,217.11,76.79,49.63,211.36
2025-08-14T04:55:00.000,217.06,76.77,49.69,211.29
2025-08-14T04:56:00.000,217.03,76.76,49.69,211.26
2025-08-14T04:57:00.000,217.06,76.75,49.74,211.28
2025-08-14T04:58:00.000,217.11,76.76,49.72,211.35
2025-08-14T04:59:00.000,217.09,76.75,49.76,211.31
2025-08-14T05:00:00.000,217.15,76.77,49.69,211.39
2025-08-14T05:01:00.000,217.10,76.77,49.68,211.34
2025-08-14T05:02:00.000,217.11,76.77,49.68,211.34
2025-08-14T05:03:00.000,217.08,76.76,49.71,211.31
2025-08-14T05:04:00.000,217.10,76.76,49.72,211.33
2025-08-14T05:05:00.000,217.05,76.73,49.80,211.26
2025-08-14T05:06:00.000,217.10,76.75,49.77,211.31
2025-08-14T05:07:00.000,217.07,76.73,49.84,211.27
2025-08-14T05:08:00.000,217.14,76.72,49.87,211.34
2025-08-14T05:09:00.000,217.19,76.74,49.80,211.40
2025-08-14T05:10:00.000,217.13,76.73,49.86,211.33
2025-08-14T05:11:00.000,217.14,76.73,49.85,211.34
2025-08-14T05:12:00.000,217.13,76.73,49.83,211.34
2025-08-14T05:13:00.000,217.11,76.71,49.90,211.30
2025-08-14T05:14:00.000,217.13,76.75,49.76,211.35
2025-08-14T05:15:00.000,217.11,76.72,49.86,211.31
2025-08-14T05:16:00.000,217.16,76.74,49.82,211.37
2025-08-14T05:17:00.000,217.11,76.74,49.78,211.33
2025-08-14T05:18:00.000,217.12,76.74,49.81,211.33
2025-08-14T05:19:00.000,217.07,76.74,49.79,211.29
2025-08-14T05:20:00.000,217.17,76.73,49.86,211.37
2025-08-14T05:21:00.000,217.03,76.71,49.88,211.22
2025-08-14T05:22:00.000,217.05,76.72,49.86,211.25
2025-08-14T05:23:00.000,217.06,76.72,49.87,211.25
2025-08-14T05:24:00.000,217.06,76.72,49.87,211.25
2025-08-14T05:25:00.000,217.10,76.69,49.99,211.27
2025-08-14T05:26:00.000,217.07,76.68,50.01,211.23
2025-08-14T05:27:00.000,217.14,76.72,49.88,211.33
2025-08-14T05:28:00.000,217.11,76.70,49.94,211.29
2025-08-14T05:29:00.000,217.09,76.70,49.93,211.27
2025-08-14T05:30:00.000,217.09,76.70,49.93,211.27
2025-08-14T05:31:00.000,217.20,76.70,49.97,211.37
2025-08-14T05:32:00.000,217.11,76.67,50.06,211.26
2025-08-14T05:33:00.000,217.13,76.68,50.03,211.29
2025-08-14T05:34:00.000,217.18,76.71,49.93,211.37
2025-08-14T05:35:00.000,217.15,76.68,50.02,211.32
2025-08-14T05:36:00.000,217.17,76.69,49.98,211.34
2025-08-14T05:37:00.000,217.23,76.68,50.05,211.38
2025-08-14T05:38:00.000,217.27,76.68,50.04,211.43
2025-08-14T05:39:00.000,217.27,76.71,49.94,211.45
2025-08-14T05:40:00.000,217.19,76.71,49.94,211.37
2025-08-14T05:41:00.000,217.25,76.72,49.90,211.44
2025-08-14T05:42:00.000,217.17,76.72,49.90,211.36
2025-08-14T05:43:00.000,217.21,76.70,49.97,211.39
2025-08-14T05:44:00.000,217.22,76.71,49.95,211.40
2025-08-14T05:45:00.000,217.20,76.70,49.96,211.37
2025-08-14T05:46:00.000,217.22,76.71,49.95,211.40
2025-08-14T05:47:00.000,217.11,76.69,49.97,211.28
2025-08-14T05:48:00.000,217.13,76.71,49.92,211.32
2025-08-14T05:49:00.000,217.20,76.73,49.87,211.40
2025-08-14T05:50:00.000,217.14,76.72,49.89,211.33
2025-08-14T05:51:00.000,217.11,76.72,49.87,211.30
2025-08-14T05:52:00.000,217.19,76.73,49.86,211.39
2025-08-14T05:53:00.000,217.17,76.74,49.82,211.37
2025-08-14T05:54:00.000,217.13,76.70,49.95,211.30
2025-08-14T05:55:00.000,217.17,76.72,49.88,211.36
2025-08-14T05:56:00.000,217.16,76.74,49.81,211.37
2025-08-14T05:57:00.000,217.16,76.72,49.89,211.35
2025-08-14T05:58:00.000,217.16,76.73,49.86,211.36
2025-08-14T05:59:00.000,217.21,76.73,49.87,211.40
2025-08-14T06:00:00.000,217.14,76.73,49.85,211.34
2025-08-14T06:01:00.000,217.08,76.71,49.89,211.27
2025-08-14T06:02:00.000,217.15,76.73,49.83,211.36
2025-08-14T06:03:00.000,217.10,76.71,49.90,211.29
2025-08-14T06:04:00.000,217.13,76.70,49.95,211.30
2025-08-14T06:05:00.000,217.10,76.72,49.87,211.30
2025-08-14T06:06:00.000,217.11,76.70,49.94,211.29
2025-08-14T06:07:00.000,217.08,76.72,49.87,211.27
2025-08-14T06:08:00.000,217.16,76.73,49.85,211.36
2025-08-14T06:09:00.000,217.08,76.72,49.88,211.28
2025-08-14T06:10:00.000,217.12,76.71,49.93,211.30
2025-08-14T06:11:00.000,217.12,76.71,49.92,211.30
2025-08-14T06:12:00.000,217.10,76.73,49.84,211.31
2025-08-14T06:13:00.000,217.05,76.71,49.89,211.24
2025-08-14T06:14:00.000,217.07,76.71,49.91,211.25
2025-08-14T06:15:00.000,217.13,76.72,49.88,211.32
2025-08-14T06:16:00.000,217.11,76.71,49.93,211.29
2025-08-14T06:17:00.000,217.11,76.72,49.85,211.30
2025-08-14T06:18:00.000,217.08,76.73,49.84,211.28
2025-08-14T06:19:00.000,217.14,76.74,49.79,211.35
2025-08-14T06:20:00.000,217.15,76.76,49.74,211.38
2025-08-14T06:21:00.000,217.11,76.77,49.71,211.35
2025-08-14T06:22:00.000,216.80,76.80,49.49,211.08
2025-08-14T06:23:00.000,213.97,77.01,48.11,208.49
2025-08-14T06:24:00.000,206.65,77.37,45.19,201.65
2025-08-14T06:25:00.000,186.54,78.65,36.72,182.89
2025-08-14T06:26:00.000,169.33,85.13,14.37,168.72
2025-08-14T06:27:00.000,154.01,95.11,-13.71,153.40
2025-08-14T06:28:00.000,140.15,99.11,-22.20,138.38
2025-08-14T06:29:00.000,124.34,103.08,-28.14,121.11
2025-08-14T06:30:00.000,114.32,102.90,-25.52,111.44
2025-08-14T06:31:00.000,106.13,103.88,-25.46,103.03
2025-08-14T06:32:00.000,97.26,106.47,-27.57,93.27
2025-08-14T06:33:00.000,87.27,105.73,-23.67,84.00
2025-08-14T06:34:00.000,82.04,105.96,-22.56,78.88
2025-08-14T06:35:00.000,76.51,104.90,-19.67,73.93
2025-08-14T06:36:00.000,71.46,104.82,-18.28,69.08
2025-08-14T06:37:00.000,65.83,103.99,-15.91,63.88
2025-08-14T06:38:00.000,61.32,104.03,-14.87,59.49
2025-08-14T06:39:00.000,58.30,104.90,-14.99,56.34
2025-08-14T06:40:00.000,55.34,105.72,-15.00,53.27
2025-08-14T06:41:00.000,52.32,106.55,-14.90,50.16
2025-08-14T06:42:00.000,50.28,107.27,-14.93,48.01
2025-08-14T06:43:00.000,46.64,110.15,-16.07,43.78
2025-08-14T06:44:00.000,44.78,112.78,-17.34,41.29
2025-08-14T06:45:00.000,43.40,124.62,-24.66,35.71
2025-08-14T06:46:00.000,41.97,119.28,-20.53,36.61
2025-08-14T06:47:00.000,40.35,117.79,-18.81,35.70
2025-08-14T06:48:00.000,39.00,118.39,-18.55,34.31
2025-08-14T06:49:00.000,37.61,117.85,-17.57,33.26
2025-08-14T06:50:00.000,36.75,118.21,-17.37,32.39
2025-08-14T06:51:00.000,35.82,118.51,-17.10,31.47
2025-08-14T06:52:00.000,34.83,123.16,-19.05,29.15
2025-08-14T06:53:00.000,34.27,127.27,-20.75,27.27
2025-08-14T06:54:00.000,33.30,123.93,-18.59,27.63
2025-08-14T06:55:00.000,32.21,121.01,-16.60,27.61
2025-08-14T06:56:00.000,31.60,122.05,-16.77,26.78
2025-08-14T06:57:00.000,30.86,119.17,-15.04,26.95
2025-08-14T06:58:00.000,30.04,115.98,-13.16,27.00
2025-08-14T06:59:00.000,29.12,116.29,-12.90,26.11
2025-08-14T07:00:00.000,28.61,117.14,-13.05,25.46
2025-08-14T07:01:00.000,27.93,119.11,-13.58,24.40
2025-08-14T07:02:00.000,27.10,121.75,-14.26,23.04
2025-08-14T07:03:00.000,26.43,122.71,-14.28,22.24
2025-08-14T07:04:00.000,25.87,124.14,-14.52,21.41
2025-08-14T07:05:00.000,25.11,123.37,-13.81,20.97
2025-08-14T07:06:00.000,24.28,121.83,-12.81,20.63
2025-08-14T07:07:00.000,23.59,121.18,-12.21,20.18
2025-08-14T07:08:00.000,22.83,119.43,-11.22,19.88
2025-08-14T07:09:00.000,21.79,120.17,-10.95,18.84
2025-08-14T07:10:00.000,20.58,115.28,-8.79,18.61
2025-08-14T07:11:00.000,19.64,111.22,-7.11,18.31
2025-08-14T07:12:00.000,18.29,112.17,-6.90,16.94
2025-08-14T07:13:00.000,16.90,110.59,-5.94,15.82
2025-08-14T07:14:00.000,15.13,110.74,-5.36,14.15
2025-08-14T07:15:00.000,13.64,110.05,-4.68,12.82
2025-08-14T07:16:00.000,11.74,111.48,-4.30,10.92
2025-08-14T07:17:00.000,9.02,111.85,-3.36,8.37
2025-08-14T07:18:00.000,6.67,111.45,-2.44,6.21
2025-08-14T07:19:00.000,4.73,107.21,-1.40,4.51
2025-08-14T07:20:00.000,3.21,105.48,-0.86,3.09
2025-08-14T07:21:00.000,2.19,107.10,-0.65,2.10
2025-08-14T07:22:00.000,1.86,109.02,-0.61,1.76
2025-08-14T07:23:00.000,1.75,102.83,-0.39,1.71
2025-08-14T07:24:00.000,2.01,113.65,-0.81,1.84
2025-08-14T07:25:00.000,2.08,114.81,-0.87,1.89
2025-08-14T07:26:00.000,1.70,115.42,-0.73,1.53
2025-08-14T07:27:00.000,1.55,115.42,-0.67,1.40
2025-08-14T07:28:00.000,1.75,116.19,-0.77,1.57
2025-08-14T07:29:00.000,1.76,116.61,-0.79,1.57
2025-08-14T07:30:00.000,1.77,116.51,-0.79,1.59
2025-08-14T07:31:00.000,1.73,116.77,-0.78,1.55
2025-08-14T07:32:00.000,1.74,116.86,-0.79,1.55
2025-08-14T07:33:00.000,1.73,116.64,-0.78,1.55
2025-08-14T07:34:00.000,1.73,117.37,-0.80,1.54
2025-08-14T07:35:00.000,1.70,118.23,-0.80,1.50
2025-08-14T07:36:00.000,1.69,119.73,-0.84,1.47
2025-08-14T07:37:00.000,1.67,121.78,-0.88,1.42
2025-08-14T07:38:00.000,1.63,122.12,-0.87,1.38
2025-08-14T07:39:00.000,1.57,124.36,-0.88,1.29
2025-08-14T07:40:00.000,1.50,129.35,-0.95,1.16
2025-08-14T07:41:00.000,1.60,126.23,-0.94,1.29
2025-08-14T07:42:00.000,1.63,125.14,-0.94,1.33
2025-08-14T07:43:00.000,1.68,121.68,-0.88,1.43
2025-08-14T07:44:00.000,1.68,122.58,-0.91,1.42
2025-08-14T07:45:00.000,1.67,122.95,-0.91,1.40
2025-08-14T07:46:00.000,1.64,123.09,-0.90,1.38
2025-08-14T07:47:00.000,1.62,126.05,-0.95,1.31
2025-08-14T07:48:00.000,1.65,127.81,-1.01,1.30
2025-08-14T07:49:00.000,1.61,129.25,-1.02,1.24
2025-08-14T07:50:00.000,1.60,128.17,-0.99,1.26
2025-08-14T07:51:00.000,1.62,125.73,-0.95,1.32
2025-08-14T07:52:00.000,1.66,123.64,-0.92,1.38
2025-08-14T07:53:00.000,1.67,121.23,-0.87,1.43
2025-08-14T07:54:00.000,1.71,119.73,-0.85,1.48
2025-08-14T07:55:00.000,1.70,119.47,-0.84,1.48
2025-08-14T07:56:00.000,1.70,118.45,-0.81,1.49
2025-08-14T07:57:00.000,1.69,119.69,-0.84,1.47
2025-08-14T07:58:00.000,1.66,122.78,-0.90,1.39
2025-08-14T07:59:00.000,1.75,134.35,-1.22,1.25
2025-08-14T08:00:00.000,1.60,123.52,-0.88,1.34
2025-08-14T08:01:00.000,1.61,120.81,-0.82,1.38
2025-08-14T08:02:00.000,1.57,118.64,-0.75,1.38
2025-08-14T08:03:00.000,1.59,117.95,-0.75,1.40
2025-08-14T08:04:00.000,1.66,117.21,-0.76,1.47
2025-08-14T08:05:00.000,1.64,116.40,-0.73,1.47
2025-08-14T08:06:00.000,1.64,116.71,-0.74,1.46
2025-08-14T08:07:00.000,1.62,116.64,-0.73,1.45
2025-08-14T08:08:00.000,1.62,117.20,-0.74,1.44
2025-08-14T08:09:00.000,1.62,117.37,-0.74,1.44
2025-08-14T08:10:00.000,1.63,117.72,-0.76,1.44
2025-08-14T08:11:00.000,1.60,118.26,-0.76,1.41
2025-08-14T08:12:00.000,1.61,118.28,-0.76,1.42
2025-08-14T08:13:00.000,1.61,118.64,-0.77,1.42
2025-08-14T08:14:00.000,1.60,118.03,-0.75,1.42
2025-08-14T08:15:00.000,1.61,118.04,-0.76,1.42
2025-08-14T08:16:00.000,1.59,117.42,-0.73,1.41
2025-08-14T08:17:00.000,1.61,116.74,-0.73,1.44
2025-08-14T08:18:00.000,1.64,116.75,-0.74,1.46
2025-08-14T08:19:00.000,1.63,117.14,-0.75,1.46
2025-08-14T08:20:00.000,1.64,117.98,-0.77,1.45
2025-08-14T08:21:00.000,1.62,117.97,-0.76,1.43
2025-08-14T08:22:00.000,1.63,118.14,-0.77,1.44
2025-08-14T08:23:00.000,1.61,118.86,-0.78,1.41
2025-08-14T08:24:00.000,1.60,119.26,-0.78,1.40
2025-08-14T08:25:00.000,1.59,120.98,-0.82,1.36
2025-08-14T08:26:00.000,1.55,122.81,-0.84,1.30
2025-08-14T08:27:00.000,1.57,121.95,-0.83,1.33
2025-08-14T08:28:00.000,1.57,121.68,-0.82,1.34
2025-08-14T08:29:00.000,1.59,121.16,-0.82,1.36
2025-08-14T08:30:00.000,1.58,120.70,-0.81,1.36
2025-08-14T08:31:00.000,1.58,121.04,-0.82,1.35
2025-08-14T08:32:00.000,1.61,121.65,-0.85,1.37
2025-08-14T08:33:00.000,1.57,122.91,-0.85,1.32
2025-08-14T08:34:00.000,1.57,123.19,-0.86,1.31
2025-08-14T08:35:00.000,1.54,124.77,-0.88,1.26
2025-08-14T08:36:00.000,1.51,127.07,-0.91,1.21
2025-08-14T08:37:00.000,1.52,127.21,-0.92,1.21
2025-08-14T08:38:00.000,1.54,127.37,-0.93,1.22
2025-08-14T08:39:00.000,1.53,126.66,-0.91,1.23
2025-08-14T08:40:00.000,1.53,127.71,-0.94,1.21
2025-08-14T08:41:00.000,1.53,127.10,-0.92,1.22
2025-08-14T08:42:00.000,1.55,126.03,-0.91,1.25
2025-08-14T08:43:00.000,1.55,124.48,-0.88,1.28
2025-08-14T08:44:00.000,1.57,123.34,-0.86,1.31
2025-08-14T08:45:00.000,1.57,122.98,-0.86,1.32
2025-08-14T08:46:00.000,1.57,122.32,-0.84,1.32
2025-08-14T08:47:00.000,1.58,121.67,-0.83,1.35
2025-08-14T08:48:00.000,1.57,121.04,-0.81,1.35
2025-08-14T08:49:00.000,1.59,120.45,-0.81,1.37
2025-08-14T08:50:00.000,1.58,120.38,-0.80,1.36
2025-08-14T08:51:00.000,1.59,119.63,-0.79,1.38
2025-08-14T08:52:00.000,1.60,119.13,-0.78,1.40
2025-08-14T08:53:00.000,1.59,119.22,-0.78,1.39
2025-08-14T08:54:00.000,1.59,118.82,-0.77,1.40
2025-08-14T08:55:00.000,1.60,118.41,-0.76,1.41
2025-08-14T08:56:00.000,1.62,118.14,-0.76,1.43
2025-08-14T08:57:00.000,1.63,116.51,-0.73,1.45
2025-08-14T08:58:00.000,1.62,117.03,-0.74,1.45
2025-08-14T08:59:00.000,1.64,116.16,-0.72,1.47
2025-08-14T09:00:00.000,1.64,116.47,-0.73,1.47
2025-08-14T09:01:00.000,1.64,116.99,-0.75,1.47
2025-08-14T09:02:00.000,1.63,117.47,-0.75,1.45
2025-08-14T09:03:00.000,1.63,117.94,-0.76,1.44
2025-08-14T09:04:00.000,1.62,117.85,-0.76,1.44
2025-08-14T09:05:00.000,1.63,117.88,-0.76,1.44
2025-08-14T09:06:00.000,1.62,117.87,-0.76,1.43
2025-08-14T09:07:00.000,1.60,118.28,-0.76,1.40
2025-08-14T09:08:00.000,1.61,117.26,-0.74,1.43
2025-08-14T09:09:00.000,1.63,116.91,-0.74,1.45
2025-08-14T09:10:00.000,1.64,116.45,-0.73,1.47
2025-08-14T09:11:00.000,1.63,116.82,-0.74,1.45
2025-08-14T09:12:00.000,1.66,115.09,-0.70,1.50
2025-08-14T09:13:00.000,1.67,115.98,-0.73,1.50
2025-08-14T09:14:00.000,1.67,115.72,-0.73,1.51
2025-08-14T09:15:00.000,1.65,116.09,-0.72,1.48
2025-08-14T09:16:00.000,1.69,114.33,-0.70,1.54
2025-08-14T09:17:00.000,1.63,116.78,-0.73,1.45
2025-08-14T09:18:00.000,1.63,116.86,-0.74,1.46
2025-08-14T09:19:00.000,1.63,116.85,-0.74,1.46
2025-08-14T09:20:00.000,1.61,116.84,-0.73,1.44
2025-08-14T09:21:00.000,1.64,115.94,-0.72,1.47
2025-08-14T09:22:00.000,1.64,113.04,-0.64,1.51
2025-08-14T09:23:00.000,1.66,113.58,-0.67,1.53
2025-08-14T09:24:00.000,1.68,113.90,-0.68,1.53
2025-08-14T09:25:00.000,1.64,114.63,-0.68,1.49
2025-08-14T09:26:00.000,1.64,114.46,-0.68,1.49
2025-08-14T09:27:00.000,1.61,116.34,-0.71,1.44
2025-08-14T09:28:00.000,1.62,117.23,-0.74,1.44
2025-08-14T09:29:00.000,1.60,117.55,-0.74,1.42
2025-08-14T09:30:00.000,1.58,118.85,-0.76,1.39
2025-08-14T09:31:00.000,1.55,119.56,-0.76,1.34
2025-08-14T09:32:00.000,1.58,118.82,-0.76,1.38
2025-08-14T09:33:00.000,1.59,118.28,-0.75,1.40
2025-08-14T09:34:00.000,1.58,117.39,-0.73,1.40
2025-08-14T09:35:00.000,1.57,118.02,-0.74,1.38
2025-08-14T09:36:00.000,1.57,118.38,-0.74,1.38
2025-08-14T09:37:00.000,1.58,118.03,-0.74,1.39
2025-08-14T09:38:00.000,1.58,118.34,-0.75,1.39
2025-08-14T09:39:00.000,1.55,118.21,-0.73,1.37
2025-08-14T09:40:00.000,1.56,118.79,-0.75,1.37
2025-08-14T09:41:00.000,1.55,119.81,-0.77,1.34
2025-08-14T09:42:00.000,1.51,120.96,-0.78,1.30
2025-08-14T09:43:00.000,1.54,120.47,-0.78,1.33
2025-08-14T09:44:00.000,1.52,119.55,-0.75,1.32
2025-08-14T09:45:00.000,1.56,119.09,-0.76,1.37
2025-08-14T09:46:00.000,1.59,117.83,-0.74,1.41
2025-08-14T09:47:00.000,1.64,117.07,-0.75,1.46
2025-08-14T09:48:00.000,1.61,116.87,-0.73,1.44
2025-08-14T09:49:00.000,1.59,116.90,-0.72,1.42
2025-08-14T09:50:00.000,1.57,117.55,-0.73,1.39
2025-08-14T09:51:00.000,1.55,117.52,-0.72,1.38
2025-08-14T09:52:00.000,1.55,117.74,-0.72,1.37
2025-08-14T09:53:00.000,1.56,117.57,-0.72,1.39
2025-08-14T09:54:00.000,1.59,116.95,-0.72,1.42
2025-08-14T09:55:00.000,1.61,116.19,-0.71,1.44
2025-08-14T09:56:00.000,1.60,115.84,-0.70,1.44
2025-08-14T09:57:00.000,1.62,115.90,-0.71,1.46
2025-08-14T09:58:00.000,1.64,114.88,-0.69,1.49
2025-08-14T09:59:00.000,1.62,116.16,-0.72,1.46
2025-08-14T10:00:00.000,1.63,115.79,-0.71,1.46
2025-08-14T10:01:00.000,1.61,115.96,-0.70,1.45
2025-08-14T10:02:00.000,1.58,117.17,-0.72,1.41
2025-08-14T10:03:00.000,1.59,116.49,-0.71,1.42
2025-08-14T10:04:00.000,1.61,117.43,-0.74,1.43
2025-08-14T10:05:00.000,1.60,117.05,-0.73,1.43
2025-08-14T10:06:00.000,1.63,114.92,-0.69,1.48
2025-08-14T10:07:00.000,1.64,114.60,-0.68,1.49
2025-08-14T10:08:00.000,1.69,109.81,-0.57,1.59
2025-08-14T10:09:00.000,1.71,112.07,-0.64,1.59
2025-08-14T10:10:00.000,1.70,109.50,-0.57,1.60
2025-08-14T10:11:00.000,1.70,110.00,-0.58,1.60
2025-08-14T10:12:00.000,2.42,96.02,-0.25,2.41
2025-08-14T10:13:00.000,2.73,90.54,-0.03,2.73
2025-08-14T10:14:00.000,2.06,101.74,-0.42,2.02
2025-08-14T10:15:00.000,2.10,106.05,-0.58,2.01
2025-08-14T10:16:00.000,1.72,106.04,-0.47,1.65
2025-08-14T10:17:00.000,1.53,110.60,-0.54,1.44
2025-08-14T10:18:00.000,1.61,111.07,-0.58,1.50
2025-08-14T10:19:00.000,1.61,111.39,-0.59,1.50
2025-08-14T10:20:00.000,1.54,107.79,-0.47,1.47
2025-08-14T10:21:00.000,1.63,102.59,-0.35,1.59
2025-08-14T10:22:00.000,1.72,104.93,-0.44,1.66
2025-08-14T10:23:00.000,1.66,95.60,-0.16,1.66
2025-08-14T10:24:00.000,1.59,104.89,-0.41,1.53
2025-08-14T10:25:00.000,1.60,111.51,-0.59,1.49
2025-08-14T10:26:00.000,1.94,100.38,-0.35,1.91
2025-08-14T10:27:00.000,1.70,107.71,-0.52,1.62
2025-08-14T10:28:00.000,1.69,104.01,-0.41,1.64
2025-08-14T10:29:00.000,1.62,112.46,-0.62,1.50
2025-08-14T10:30:00.000,1.51,112.23,-0.57,1.40
2025-08-14T10:31:00.000,1.50,111.94,-0.56,1.39
2025-08-14T10:32:00.000,1.54,108.89,-0.50,1.45
2025-08-14T10:33:00.000,1.50,116.93,-0.68,1.34
2025-08-14T10:34:00.000,1.50,112.22,-0.57,1.39
2025-08-14T10:35:00.000,1.53,109.27,-0.51,1.45
2025-08-14T10:36:00.000,1.68,102.21,-0.36,1.65
2025-08-14T10:37:00.000,1.51,112.18,-0.57,1.40
2025-08-14T10:38:00.000,1.63,106.06,-0.45,1.57
2025-08-14T10:39:00.000,1.60,107.60,-0.48,1.53
2025-08-14T10:40:00.000,1.79,97.69,-0.24,1.78
2025-08-14T10:41:00.000,1.82,96.69,-0.21,1.81
2025-08-14T10:42:00.000,2.09,88.60,0.05,2.08
2025-08-14T10:43:00.000,1.57,111.00,-0.56,1.46
2025-08-14T10:44:00.000,2.12,84.66,0.20,2.11
2025-08-14T10:45:00.000,1.73,106.22,-0.48,1.66
2025-08-14T10:46:00.000,1.72,92.09,-0.06,1.72
2025-08-14T10:47:00.000,1.72,106.02,-0.47,1.65
2025-08-14T10:48:00.000,1.87,98.90,-0.29,1.84
2025-08-14T10:49:00.000,1.80,92.07,-0.06,1.80
2025-08-14T10:50:00.000,2.14,94.52,-0.17,2.13
2025-08-14T10:51:00.000,2.01,87.31,0.09,2.00
2025-08-14T10:52:00.000,1.86,93.98,-0.13,1.86
2025-08-14T10:53:00.000,1.83,98.35,-0.27,1.81
2025-08-14T10:54:00.000,1.85,88.62,0.04,1.85
2025-08-14T10:55:00.000,1.90,90.77,-0.03,1.90
2025-08-14T10:56:00.000,1.99,79.41,0.37,1.95
2025-08-14T10:57:00.000,2.96,76.13,0.71,2.87
2025-08-14T10:58:00.000,2.13,82.84,0.27,2.12
2025-08-14T10:59:00.000,2.16,81.23,0.33,2.13
2025-08-14T11:00:00.000,2.84,79.12,0.54,2.79
2025-08-14T11:01:00.000,2.32,87.75,0.09,2.32
2025-08-14T11:02:00.000,2.00,93.53,-0.12,1.99
2025-08-14T11:03:00.000,3.04,79.12,0.57,2.99
2025-08-14T11:04:00.000,2.94,72.36,0.89,2.80
2025-08-14T11:05:00.000,2.27,83.59,0.25,2.26
2025-08-14T11:06:00.000,2.09,84.91,0.19,2.09
2025-08-14T11:07:00.000,2.91,63.34,1.31,2.60
2025-08-14T11:08:00.000,1.64,98.36,-0.24,1.62
2025-08-14T11:09:00.000,1.45,96.31,-0.16,1.44
2025-08-14T11:10:00.000,1.41,113.21,-0.56,1.30
2025-08-14T11:11:00.000,1.71,104.21,-0.42,1.66
2025-08-14T11:12:00.000,1.54,107.97,-0.48,1.47
2025-08-14T11:13:00.000,1.61,105.81,-0.44,1.54
2025-08-14T11:14:00.000,2.49,74.80,0.65,2.41
2025-08-14T11:15:00.000,2.60,79.09,0.49,2.55
2025-08-14T11:16:00.000,1.98,87.51,0.09,1.98
2025-08-14T11:17:00.000,1.69,92.33,-0.07,1.69
2025-08-14T11:18:00.000,1.51,93.64,-0.10,1.51
2025-08-14T11:19:00.000,1.96,98.01,-0.27,1.94
2025-08-14T11:20:00.000,1.84,95.18,-0.17,1.83
2025-08-14T11:21:00.000,1.58,104.39,-0.39,1.53
2025-08-14T11:22:00.000,1.62,95.34,-0.15,1.61
2025-08-14T11:23:00.000,1.67,115.96,-0.73,1.50
2025-08-14T11:24:00.000,1.74,92.16,-0.07,1.74
2025-08-14T11:25:00.000,1.71,92.18,-0.07,1.71
2025-08-14T11:26:00.000,1.69,92.77,-0.08,1.68
2025-08-14T11:27:00.000,2.06,75.54,0.51,2.00
2025-08-14T11:28:00.000,2.08,85.10,0.18,2.07
2025-08-14T11:29:00.000,3.20,65.20,1.34,2.91
2025-08-14T11:30:00.000,1.65,93.06,-0.09,1.65
2025-08-14T11:31:00.000,1.54,113.56,-0.61,1.41
2025-08-14T11:32:00.000,1.66,101.59,-0.33,1.63
2025-08-14T11:33:00.000,1.86,91.43,-0.05,1.86
2025-08-14T11:34:00.000,1.30,105.34,-0.34,1.26
2025-08-14T11:35:00.000,1.56,102.94,-0.35,1.52
2025-08-14T11:36:00.000,1.97,90.68,-0.02,1.97
2025-08-14T11:37:00.000,1.73,79.10,0.33,1.70
2025-08-14T11:38:00.000,2.00,81.56,0.29,1.98
2025-08-14T11:39:00.000,2.02,84.01,0.21,2.00
2025-08-14T11:40:00.000,2.47,73.13,0.72,2.36
2025-08-14T11:41:00.000,2.18,74.56,0.58,2.11
2025-08-14T11:42:00.000,1.80,92.21,-0.07,1.80
2025-08-14T11:43:00.000,1.90,95.94,-0.20,1.89
2025-08-14T11:44:00.000,2.20,82.31,0.30,2.18
2025-08-14T11:45:00.000,1.73,99.08,-0.27,1.71
2025-08-14T11:46:00.000,6.79,76.41,1.60,6.60
2025-08-14T11:47:00.000,3.55,84.57,0.34,3.53
2025-08-14T11:48:00.000,3.19,73.24,0.92,3.06
2025-08-14T11:49:00.000,3.04,82.40,0.40,3.02
2025-08-14T11:50:00.000,2.94,77.43,0.64,2.87
2025-08-14T11:51:00.000,2.84,74.32,0.77,2.73
2025-08-14T11:52:00.000,3.90,58.57,2.03,3.33
2025-08-14T11:53:00.000,2.50,69.69,0.87,2.34
2025-08-14T11:54:00.000,2.15,89.02,0.04,2.15
2025-08-14T11:55:00.000,2.43,84.88,0.22,2.42
2025-08-14T11:56:00.000,2.88,80.61,0.47,2.84
2025-08-14T11:57:00.000,2.51,75.72,0.62,2.43
2025-08-14T11:58:00.000,4.13,70.74,1.36,3.90
2025-08-14T11:59:00.000,7.84,49.30,5.11,5.95
2025-08-14T12:00:00.000,6.80,47.35,4.61,5.00
2025-08-14T12:01:00.000,7.23,64.64,3.10,6.53
2025-08-14T12:02:00.000,6.15,65.03,2.60,5.58
2025-08-14T12:03:00.000,6.81,69.72,2.36,6.39
2025-08-14T12:04:00.000,8.85,60.14,4.41,7.68
2025-08-14T12:05:00.000,9.20,75.93,2.24,8.92
2025-08-14T12:06:00.000,11.59,85.62,0.88,11.56
2025-08-14T12:07:00.000,13.62,68.90,4.90,12.71
2025-08-14T12:08:00.000,12.80,65.23,5.36,11.62
2025-08-14T12:09:00.000,16.12,62.00,7.57,14.23
2025-08-14T12:10:00.000,14.60,63.33,6.55,13.05
2025-08-14T12:11:00.000,19.00,59.82,9.55,16.42
2025-08-14T12:12:00.000,17.02,63.33,7.64,15.21
2025-08-14T12:13:00.000,18.79,65.12,7.90,17.04
2025-08-14T12:14:00.000,21.23,64.33,9.20,19.13
2025-08-14T12:15:00.000,21.40,82.98,2.62,21.24
2025-08-14T12:16:00.000,22.02,68.31,8.14,20.46
2025-08-14T12:17:00.000,23.17,77.23,5.12,22.59
2025-08-14T12:18:00.000,25.11,58.06,13.28,21.31
2025-08-14T12:19:00.000,25.34,60.93,12.31,22.15
2025-08-14T12:20:00.000,25.60,73.25,7.38,24.51
2025-08-14T12:21:00.000,26.90,80.27,4.55,26.51
2025-08-14T12:22:00.000,27.69,70.12,9.41,26.04
2025-08-14T12:23:00.000,28.23,92.35,-1.16,28.21
2025-08-14T12:24:00.000,28.73,73.86,7.99,27.60
2025-08-14T12:25:00.000,30.35,86.48,1.87,30.29
2025-08-14T12:26:00.000,30.82,79.19,5.78,30.28
2025-08-14T12:27:00.000,31.23,70.83,10.25,29.50
2025-08-14T12:28:00.000,32.52,83.27,3.81,32.29
2025-08-14T12:29:00.000,34.28,69.59,11.96,32.13
2025-08-14T12:30:00.000,34.49,78.75,6.73,33.83
2025-08-14T12:31:00.000,35.38,71.54,11.20,33.56
2025-08-14T12:32:00.000,37.94,82.08,5.23,37.58
2025-08-14T12:33:00.000,38.04,78.09,7.85,37.22
2025-08-14T12:34:00.000,39.62,75.50,9.92,38.36
2025-08-14T12:35:00.000,40.10,71.36,12.81,38.00
2025-08-14T12:36:00.000,42.93,79.06,8.15,42.15
2025-08-14T12:37:00.000,43.93,101.69,-8.90,43.02
2025-08-14T12:38:00.000,47.46,107.44,-14.22,45.27
2025-08-14T12:39:00.000,48.89,98.76,-7.44,48.32
2025-08-14T12:40:00.000,50.38,93.89,-3.42,50.26
2025-08-14T12:41:00.000,55.41,78.12,11.41,54.22
2025-08-14T12:42:00.000,53.67,96.22,-5.81,53.35
2025-08-14T12:43:00.000,56.09,85.41,4.49,55.91
2025-08-14T12:44:00.000,57.72,92.81,-2.83,57.65
2025-08-14T12:45:00.000,60.58,81.16,9.31,59.86
2025-08-14T12:46:00.000,59.02,81.42,8.81,58.36
2025-08-14T12:47:00.000,73.42,83.72,8.03,72.98
2025-08-14T12:48:00.000,66.01,82.59,8.51,65.46
2025-08-14T12:49:00.000,68.00,88.73,1.51,67.98
2025-08-14T12:50:00.000,73.68,83.31,8.58,73.18
2025-08-14T12:51:00.000,76.54,82.26,10.31,75.84
2025-08-14T12:52:00.000,77.27,79.94,13.50,76.08
2025-08-14T12:53:00.000,82.77,72.62,24.72,78.99
2025-08-14T12:54:00.000,82.70,73.38,23.65,79.25
2025-08-14T12:55:00.000,92.57,79.21,17.32,90.93
2025-08-14T12:56:00.000,83.74,72.37,25.37,79.81
2025-08-14T12:57:00.000,91.15,81.18,13.98,90.07
2025-08-14T12:58:00.000,90.33,86.16,6.05,90.13
2025-08-14T12:59:00.000,94.58,75.61,23.50,91.61
2025-08-14T13:00:00.000,103.67,73.84,28.85,99.57
2025-08-14T13:01:00.000,102.03,84.57,9.66,101.57
2025-08-14T13:02:00.000,110.95,97.41,-14.30,110.02
2025-08-14T13:03:00.000,106.50,91.59,-2.95,106.46
2025-08-14T13:04:00.000,109.49,75.59,27.24,106.04
2025-08-14T13:05:00.000,111.00,84.59,10.47,110.51
2025-08-14T13:06:00.000,118.40,76.83,26.97,115.29
2025-08-14T13:07:00.000,119.98,88.64,2.86,119.95
2025-08-14T13:08:00.000,124.64,111.83,-46.34,115.70
2025-08-14T13:09:00.000,131.75,104.76,-33.57,127.40
2025-08-14T13:10:00.000,147.29,128.26,-91.21,115.65
2025-08-14T13:11:00.000,144.45,126.63,-86.18,115.92
2025-08-14T13:12:00.000,157.98,169.57,-155.37,28.59
2025-08-14T13:13:00.000,155.27,153.33,-138.75,69.71
2025-08-14T13:14:00.000,167.40,144.96,-137.06,96.12
2025-08-14T13:15:00.000,161.41,110.98,-57.79,150.71
2025-08-14T13:16:00.000,188.09,119.93,-93.84,163.00
2025-08-14T13:17:00.000,175.89,86.85,9.67,175.63
2025-08-14T13:18:00.000,189.73,77.07,42.46,184.92
2025-08-14T13:19:00.000,204.70,90.20,-0.71,204.70
2025-08-14T13:20:00.000,196.53,116.98,-89.18,175.13
2025-08-14T13:21:00.000,198.11,117.07,-90.14,176.42
2025-08-14T13:22:00.000,199.11,109.27,-65.72,187.95
2025-08-14T13:23:00.000,198.66,122.65,-107.19,167.26
2025-08-14T13:24:00.000,202.34,108.96,-65.74,191.37
2025-08-14T13:25:00.000,204.31,94.94,-17.61,203.55
2025-08-14T13:26:00.000,203.93,101.24,-39.73,200.02
2025-08-14T13:27:00.000,206.13,100.72,-38.36,202.53
2025-08-14T13:28:00.000,203.74,105.56,-54.64,196.28
2025-08-14T13:29:00.000,210.20,93.16,-11.58,209.88
2025-08-14T13:30:00.000,205.32,102.55,-44.62,200.41
2025-08-14T13:31:00.000,205.03,105.77,-55.72,197.32
2025-08-14T13:32:00.000,205.23,99.65,-34.42,202.32
2025-08-14T13:33:00.000,201.25,118.90,-97.27,176.18
2025-08-14T13:34:00.000,200.54,118.46,-95.58,176.30
2025-08-14T13:35:00.000,201.69,119.26,-98.59,175.95
2025-08-14T13:36:00.000,205.05,105.97,-56.43,197.14
2025-08-14T13:37:00.000,205.93,102.30,-43.85,201.21
2025-08-14T13:38:00.000,210.93,94.06,-14.95,210.40
2025-08-14T13:39:00.000,212.29,90.70,-2.59,212.27
2025-08-14T13:40:00.000,206.06,104.35,-51.07,199.63
2025-08-14T13:41:00.000,208.84,97.81,-28.39,206.90
2025-08-14T13:42:00.000,206.11,104.91,-53.05,199.16
2025-08-14T13:43:00.000,208.08,101.89,-42.86,203.61
2025-08-14T13:44:00.000,207.32,102.48,-44.79,202.42
2025-08-14T13:45:00.000,204.25,109.89,-69.50,192.07
2025-08-14T13:46:00.000,205.53,106.11,-57.01,197.46
2025-08-14T13:47:00.000,204.98,107.43,-61.40,195.57
2025-08-14T13:48:00.000,206.91,103.70,-49.00,201.02
2025-08-14T13:49:00.000,205.89,104.72,-52.33,199.13
2025-08-14T13:50:00.000,205.83,105.55,-55.18,198.30
2025-08-14T13:51:00.000,206.34,105.98,-56.80,198.36
2025-08-14T13:52:00.000,205.84,106.62,-58.86,197.25
2025-08-14T13:53:00.000,206.28,105.69,-55.78,198.59
2025-08-14T13:54:00.000,206.83,105.49,-55.22,199.32
2025-08-14T13:55:00.000,206.73,105.50,-55.23,199.22
2025-08-14T13:56:00.000,206.72,105.13,-53.96,199.55
2025-08-14T13:57:00.000,206.74,104.86,-53.03,199.82
2025-08-14T13:58:00.000,206.91,104.69,-52.48,200.15
2025-08-14T13:59:00.000,206.88,105.23,-54.34,199.62
2025-08-14T14:00:00.000,206.77,105.13,-53.96,199.61
2025-08-14T14:01:00.000,206.04,106.99,-60.20,197.05
2025-08-14T14:02:00.000,201.10,134.13,-140.01,144.35
2025-08-14T14:03:00.000,201.46,133.05,-137.52,147.21
2025-08-14T14:04:00.000,201.20,129.26,-127.32,155.78
2025-08-14T14:05:00.000,202.01,135.19,-143.31,142.38
2025-08-14T14:06:00.000,203.00,136.25,-146.64,140.37
2025-08-14T14:07:00.000,201.36,133.56,-138.76,145.92
2025-08-14T14:08:00.000,202.16,118.15,-95.38,178.24
2025-08-14T14:09:00.000,205.92,105.03,-53.40,198.88
2025-08-14T14:10:00.000,206.72,102.74,-45.59,201.63
2025-08-14T14:11:00.000,206.84,103.32,-47.66,201.27
2025-08-14T14:12:00.000,206.56,102.90,-46.10,201.35
2025-08-14T14:13:00.000,205.69,104.29,-50.76,199.33
2025-08-14T14:14:00.000,206.26,105.15,-53.92,199.08
2025-08-14T14:15:00.000,205.89,102.53,-44.66,200.99
2025-08-14T14:16:00.000,208.81,95.88,-21.39,207.71
2025-08-14T14:17:00.000,209.50,95.22,-19.07,208.63
2025-08-14T14:18:00.000,209.34,95.64,-20.58,208.33
2025-08-14T14:19:00.000,208.58,96.02,-21.89,207.43
2025-08-14T14:20:00.000,200.56,116.82,-90.47,178.99
2025-08-14T14:21:00.000,203.97,106.24,-57.03,195.84
2025-08-14T14:22:00.000,196.65,119.18,-95.88,171.69
2025-08-14T14:23:00.000,196.51,117.60,-91.03,174.16
2025-08-14T14:24:00.000,183.82,85.08,15.78,183.15
2025-08-14T14:25:00.000,179.69,68.16,66.84,166.79
2025-08-14T14:26:00.000,172.21,79.34,31.85,169.24
2025-08-14T14:27:00.000,169.55,76.60,39.31,164.93
2025-08-14T14:28:00.000,174.29,76.81,39.77,169.69
2025-08-14T14:29:00.000,162.06,80.47,26.82,159.82
2025-08-14T14:30:00.000,152.90,84.91,13.57,152.30
2025-08-14T14:31:00.000,158.94,83.77,17.26,158.00
2025-08-14T14:32:00.000,150.15,74.15,41.02,144.44
2025-08-14T14:33:00.000,148.37,81.56,21.78,146.76
2025-08-14T14:34:00.000,142.61,83.54,16.05,141.71
2025-08-14T14:35:00.000,135.30,80.88,21.44,133.60
2025-08-14T14:36:00.000,137.57,79.11,26.00,135.09
2025-08-14T14:37:00.000,118.73,79.90,20.82,116.89
2025-08-14T14:38:00.000,121.97,87.21,5.94,121.82
2025-08-14T14:39:00.000,122.28,57.59,65.54,103.23
2025-08-14T14:40:00.000,119.72,110.50,-41.93,112.14
2025-08-14T14:41:00.000,114.71,118.01,-53.88,101.27
2025-08-14T14:42:00.000,113.91,124.83,-65.06,93.51
2025-08-14T14:43:00.000,115.36,129.97,-74.10,88.42
2025-08-14T14:44:00.000,110.88,131.14,-72.95,83.51
2025-08-14T14:45:00.000,112.85,118.06,-53.08,99.59
2025-08-14T14:46:00.000,108.51,121.44,-56.60,92.57
2025-08-14T14:47:00.000,112.49,139.32,-85.30,73.32
2025-08-14T14:48:00.000,110.38,118.83,-53.23,96.69
2025-08-14T14:49:00.000,112.18,127.06,-67.60,89.52
2025-08-14T14:50:00.000,116.95,112.92,-45.54,107.71
2025-08-14T14:51:00.000,109.75,123.78,-61.03,91.22
2025-08-14T14:52:00.000,108.62,115.46,-46.70,98.07
2025-08-14T14:53:00.000,112.12,139.18,-84.84,73.29
2025-08-14T14:54:00.000,115.47,117.68,-53.64,102.26
2025-08-14T14:55:00.000,107.14,117.50,-49.47,95.04
2025-08-14T14:56:00.000,102.03,111.08,-36.70,95.20
2025-08-14T14:57:00.000,104.35,97.43,-13.50,103.47
2025-08-14T14:58:00.000,100.16,92.78,-4.87,100.04
2025-08-14T14:59:00.000,93.47,99.78,-15.88,92.12
2025-08-14T15:00:00.000,90.89,97.24,-11.45,90.17
2025-08-14T15:01:00.000,92.38,103.15,-21.02,89.96
2025-08-14T15:02:00.000,83.15,91.57,-2.29,83.12
2025-08-14T15:03:00.000,79.71,90.47,-0.65,79.71
2025-08-14T15:04:00.000,76.45,80.30,12.89,75.36
2025-08-14T15:05:00.000,75.72,80.27,12.80,74.63
2025-08-14T15:06:00.000,71.08,83.71,7.78,70.65
2025-08-14T15:07:00.000,66.49,89.45,0.64,66.49
2025-08-14T15:08:00.000,64.52,90.65,-0.73,64.51
2025-08-14T15:09:00.000,62.19,94.83,-5.23,61.97
2025-08-14T15:10:00.000,58.81,82.38,7.80,58.29
2025-08-14T15:11:00.000,56.77,85.93,4.03,56.62
2025-08-14T15:12:00.000,57.47,88.52,1.49,57.45
2025-08-14T15:13:00.000,52.50,84.61,4.94,52.26
2025-08-14T15:14:00.000,48.14,82.72,6.10,47.75
2025-08-14T15:15:00.000,46.83,101.21,-9.10,45.94
2025-08-14T15:16:00.000,45.77,118.76,-22.02,40.12
2025-08-14T15:17:00.000,43.73,107.29,-12.99,41.75
2025-08-14T15:18:00.000,43.15,99.61,-7.20,42.54
2025-08-14T15:19:00.000,41.15,93.60,-2.58,41.07
2025-08-14T15:20:00.000,38.20,78.99,7.30,37.49
2025-08-14T15:21:00.000,36.87,85.59,2.84,36.76
2025-08-14T15:22:00.000,35.47,81.30,5.37,35.07
2025-08-14T15:23:00.000,34.52,86.53,2.09,34.46
2025-08-14T15:24:00.000,34.20,93.40,-2.03,34.14
2025-08-14T15:25:00.000,32.53,93.67,-2.08,32.47
2025-08-14T15:26:00.000,31.76,95.23,-2.89,31.62
2025-08-14T15:27:00.000,31.36,101.89,-6.46,30.69
2025-08-14T15:28:00.000,30.33,112.81,-11.76,27.96
2025-08-14T15:29:00.000,30.37,112.37,-11.56,28.08
2025-08-14T15:30:00.000,29.66,137.73,-21.94,19.95
2025-08-14T15:31:00.000,28.97,130.80,-18.93,21.93
2025-08-14T15:32:00.000,28.56,129.93,-18.33,21.90
2025-08-14T15:33:00.000,28.78,128.01,-17.72,22.68
2025-08-14T15:34:00.000,28.07,132.23,-18.87,20.79
2025-08-14T15:35:00.000,27.69,132.51,-18.71,20.41
2025-08-14T15:36:00.000,27.04,126.20,-15.97,21.82
2025-08-14T15:37:00.000,26.51,124.58,-15.05,21.83
2025-08-14T15:38:00.000,26.39,134.99,-18.66,18.67
2025-08-14T15:39:00.000,26.20,117.57,-12.13,23.23
2025-08-14T15:40:00.000,25.74,128.72,-16.10,20.09
2025-08-14T15:41:00.000,25.49,142.76,-20.29,15.43
2025-08-14T15:42:00.000,24.89,144.62,-20.29,14.41
2025-08-14T15:43:00.000,24.13,149.76,-20.85,12.15
2025-08-14T15:44:00.000,23.81,134.24,-16.61,17.06
2025-08-14T15:45:00.000,23.51,128.42,-14.61,18.42
2025-08-14T15:46:00.000,23.14,142.66,-18.40,14.04
2025-08-14T15:47:00.000,22.60,121.32,-11.75,19.31
2025-08-14T15:48:00.000,21.97,132.41,-14.82,16.22
2025-08-14T15:49:00.000,21.27,134.35,-14.87,15.21
2025-08-14T15:50:00.000,20.85,130.16,-13.45,15.93
2025-08-14T15:51:00.000,19.73,122.73,-10.67,16.59
2025-08-14T15:52:00.000,19.28,120.73,-9.85,16.57
2025-08-14T15:53:00.000,18.44,116.30,-8.17,16.53
2025-08-14T15:54:00.000,17.43,120.82,-8.93,14.97
2025-08-14T15:55:00.000,16.88,121.83,-8.90,14.34
2025-08-14T15:56:00.000,16.22,122.21,-8.64,13.72
2025-08-14T15:57:00.000,14.31,116.32,-6.34,12.82
2025-08-14T15:58:00.000,11.99,105.87,-3.28,11.53
2025-08-14T15:59:00.000,11.25,106.57,-3.21,10.78
2025-08-14T16:00:00.000,10.15,108.07,-3.15,9.65
2025-08-14T16:01:00.000,7.93,98.25,-1.14,7.85
2025-08-14T16:02:00.000,5.70,102.99,-1.28,5.55
2025-08-14T16:03:00.000,4.79,95.73,-0.48,4.77
2025-08-14T16:04:00.000,3.48,99.17,-0.55,3.43
2025-08-14T16:05:00.000,2.81,93.24,-0.16,2.81
2025-08-14T16:06:00.000,2.52,91.54,-0.07,2.52
2025-08-14T16:07:00.000,2.50,94.17,-0.18,2.50
2025-08-14T16:08:00.000,2.33,98.26,-0.33,2.30
2025-08-14T16:09:00.000,2.08,107.36,-0.62,1.99
2025-08-14T16:10:00.000,1.91,115.15,-0.81,1.73
2025-08-14T16:11:00.000,1.95,117.42,-0.90,1.73
2025-08-14T16:12:00.000,1.95,116.45,-0.87,1.75
2025-08-14T16:13:00.000,1.83,117.89,-0.85,1.61
2025-08-14T16:14:00.000,1.91,117.03,-0.87,1.70
2025-08-14T16:15:00.000,1.90,119.52,-0.93,1.65
2025-08-14T16:16:00.000,1.80,120.94,-0.93,1.54
2025-08-14T16:17:00.000,1.82,125.99,-1.07,1.47
2025-08-14T16:18:00.000,1.75,123.98,-0.98,1.45
2025-08-14T16:19:00.000,1.79,125.04,-1.03,1.47
2025-08-14T16:20:00.000,1.80,123.37,-0.99,1.51
2025-08-14T16:21:00.000,1.85,124.04,-1.04,1.54
2025-08-14T16:22:00.000,1.83,124.58,-1.04,1.51
2025-08-14T16:23:00.000,1.77,123.64,-0.98,1.47
2025-08-14T16:24:00.000,1.77,125.37,-1.02,1.44
2025-08-14T16:25:00.000,1.72,127.38,-1.04,1.36
2025-08-14T16:26:00.000,1.79,126.48,-1.07,1.44
2025-08-14T16:27:00.000,1.72,129.89,-1.10,1.32
2025-08-14T16:28:00.000,1.70,128.59,-1.06,1.33
2025-08-14T16:29:00.000,1.71,129.70,-1.09,1.31
2025-08-14T16:30:00.000,1.67,130.06,-1.07,1.28
2025-08-14T16:31:00.000,1.71,131.50,-1.14,1.28
2025-08-14T16:32:00.000,1.69,131.72,-1.13,1.26
2025-08-14T16:33:00.000,1.68,133.26,-1.15,1.22
2025-08-14T16:34:00.000,1.60,131.81,-1.07,1.19
2025-08-14T16:35:00.000,1.70,131.08,-1.12,1.28
2025-08-14T16:36:00.000,1.75,129.73,-1.12,1.34
2025-08-14T16:37:00.000,1.70,129.94,-1.09,1.30
2025-08-14T16:38:00.000,1.62,129.70,-1.04,1.25
2025-08-14T16:39:00.000,1.65,129.52,-1.05,1.27
2025-08-14T16:40:00.000,1.66,130.83,-1.09,1.26
2025-08-14T16:41:00.000,1.65,130.59,-1.07,1.25
2025-08-14T16:42:00.000,1.64,131.55,-1.08,1.22
2025-08-14T16:43:00.000,1.64,132.06,-1.10,1.22
2025-08-14T16:44:00.000,1.65,130.73,-1.07,1.25
2025-08-14T16:45:00.000,1.65,131.30,-1.09,1.24
2025-08-14T16:46:00.000,1.65,132.03,-1.10,1.23
2025-08-14T16:47:00.000,1.67,131.80,-1.11,1.24
2025-08-14T16:48:00.000,1.65,131.79,-1.10,1.23
2025-08-14T16:49:00.000,1.62,131.34,-1.07,1.22
2025-08-14T16:50:00.000,1.66,131.19,-1.09,1.25
2025-08-14T16:51:00.000,1.65,130.29,-1.07,1.26
2025-08-14T16:52:00.000,1.66,130.57,-1.08,1.26
2025-08-14T16:53:00.000,1.66,129.98,-1.07,1.27
2025-08-14T16:54:00.000,1.64,131.12,-1.08,1.23
2025-08-14T16:55:00.000,1.65,131.36,-1.09,1.24
2025-08-14T16:56:00.000,1.63,131.89,-1.09,1.22
2025-08-14T16:57:00.000,1.67,131.03,-1.10,1.26
2025-08-14T16:58:00.000,1.66,130.04,-1.07,1.27
2025-08-14T16:59:00.000,1.65,130.64,-1.07,1.25
2025-08-14T17:00:00.000,1.64,130.76,-1.07,1.24
2025-08-14T17:01:00.000,1.65,129.52,-1.05,1.27
2025-08-14T17:02:00.000,1.66,129.54,-1.06,1.28
2025-08-14T17:03:00.000,1.64,130.47,-1.07,1.25
2025-08-14T17:04:00.000,1.69,129.75,-1.08,1.30
2025-08-14T17:05:00.000,1.66,130.72,-1.08,1.26
2025-08-14T17:06:00.000,1.69,130.97,-1.11,1.28
2025-08-14T17:07:00.000,1.67,132.16,-1.12,1.24
2025-08-14T17:08:00.000,1.65,131.87,-1.10,1.23
2025-08-14T17:09:00.000,1.64,132.45,-1.11,1.21
2025-08-14T17:10:00.000,1.62,132.82,-1.10,1.19
2025-08-14T17:11:00.000,1.63,133.20,-1.12,1.19
2025-08-14T17:12:00.000,1.64,132.87,-1.11,1.20
2025-08-14T17:13:00.000,1.61,135.05,-1.14,1.14
2025-08-14T17:14:00.000,1.62,135.50,-1.16,1.14
2025-08-14T17:15:00.000,1.61,138.67,-1.21,1.06
2025-08-14T17:16:00.000,1.63,134.43,-1.14,1.17
2025-08-14T17:17:00.000,1.61,133.89,-1.12,1.16
2025-08-14T17:18:00.000,1.63,132.49,-1.10,1.20
2025-08-14T17:19:00.000,1.65,131.66,-1.09,1.23
2025-08-14T17:20:00.000,1.59,132.81,-1.08,1.17
2025-08-14T17:21:00.000,1.65,132.65,-1.11,1.21
2025-08-14T17:22:00.000,1.64,131.91,-1.09,1.22
2025-08-14T17:23:00.000,1.69,133.38,-1.16,1.23
2025-08-14T17:24:00.000,1.66,133.62,-1.14,1.20
2025-08-14T17:25:00.000,1.65,132.90,-1.13,1.21
2025-08-14T17:26:00.000,1.70,132.30,-1.14,1.25
2025-08-14T17:27:00.000,1.66,134.71,-1.17,1.18
2025-08-14T17:28:00.000,1.65,133.65,-1.14,1.19
2025-08-14T17:29:00.000,1.68,133.45,-1.15,1.22
2025-08-14T17:30:00.000,1.67,132.17,-1.12,1.24
2025-08-14T17:31:00.000,1.63,132.83,-1.11,1.19
2025-08-14T17:32:00.000,1.66,132.94,-1.13,1.21
2025-08-14T17:33:00.000,1.66,133.35,-1.14,1.20
2025-08-14T17:34:00.000,1.64,136.00,-1.18,1.14
2025-08-14T17:35:00.000,1.62,139.66,-1.23,1.05
2025-08-14T17:36:00.000,1.67,137.60,-1.23,1.13
2025-08-14T17:37:00.000,1.69,140.22,-1.30,1.08
2025-08-14T17:38:00.000,1.60,136.05,-1.15,1.11
2025-08-14T17:39:00.000,1.69,134.30,-1.18,1.21
2025-08-14T17:40:00.000,1.67,133.85,-1.16,1.21
2025-08-14T17:41:00.000,1.66,134.57,-1.16,1.18
2025-08-14T17:42:00.000,1.68,132.86,-1.14,1.23
2025-08-14T17:43:00.000,1.69,133.73,-1.17,1.22
2025-08-14T17:44:00.000,1.66,133.59,-1.15,1.20
2025-08-14T17:45:00.000,1.65,134.38,-1.16,1.18
2025-08-14T17:46:00.000,1.67,133.56,-1.15,1.21
2025-08-14T17:47:00.000,1.68,136.09,-1.21,1.17
2025-08-14T17:48:00.000,1.58,138.99,-1.20,1.04
2025-08-14T17:49:00.000,1.63,136.67,-1.19,1.12
2025-08-14T17:50:00.000,1.70,134.87,-1.20,1.21
2025-08-14T17:51:00.000,1.64,138.62,-1.23,1.09
2025-08-14T17:52:00.000,1.64,137.97,-1.22,1.10
2025-08-14T17:53:00.000,1.65,142.19,-1.30,1.01
2025-08-14T17:54:00.000,1.63,136.79,-1.19,1.12
2025-08-14T17:55:00.000,1.63,135.54,-1.16,1.14
2025-08-14T17:56:00.000,1.64,137.96,-1.21,1.10
2025-08-14T17:57:00.000,1.55,140.41,-1.20,0.99
2025-08-14T17:58:00.000,1.67,140.61,-1.29,1.06
2025-08-14T17:59:00.000,1.66,140.55,-1.28,1.06
2025-08-14T18:00:00.000,1.64,135.82,-1.18,1.15
2025-08-14T18:01:00.000,1.66,134.00,-1.15,1.19
2025-08-14T18:02:00.000,1.66,134.17,-1.15,1.19
2025-08-14T18:03:00.000,1.69,133.51,-1.16,1.22
2025-08-14T18:04:00.000,1.64,133.11,-1.12,1.20
2025-08-14T18:05:00.000,1.67,133.77,-1.15,1.20
2025-08-14T18:06:00.000,1.68,134.25,-1.17,1.20
2025-08-14T18:07:00.000,1.63,134.27,-1.14,1.17
2025-08-14T18:08:00.000,1.66,135.00,-1.17,1.17
2025-08-14T18:09:00.000,1.64,135.92,-1.18,1.14
2025-08-14T18:10:00.000,1.68,137.98,-1.25,1.12
2025-08-14T18:11:00.000,1.65,135.67,-1.18,1.15
2025-08-14T18:12:00.000,1.66,134.30,-1.16,1.18
2025-08-14T18:13:00.000,1.63,133.35,-1.12,1.19
2025-08-14T18:14:00.000,1.66,132.30,-1.12,1.23
2025-08-14T18:15:00.000,1.68,133.64,-1.16,1.21
2025-08-14T18:16:00.000,1.65,134.07,-1.15,1.19
2025-08-14T18:17:00.000,1.63,135.97,-1.17,1.13
2025-08-14T18:18:00.000,1.61,138.01,-1.19,1.07
2025-08-14T18:19:00.000,1.63,138.12,-1.22,1.09
2025-08-14T18:20:00.000,1.62,137.93,-1.20,1.09
2025-08-14T18:21:00.000,1.65,137.68,-1.22,1.11
2025-08-14T18:22:00.000,1.65,134.56,-1.16,1.18
2025-08-14T18:23:00.000,1.66,133.93,-1.15,1.20
2025-08-14T18:24:00.000,1.67,133.08,-1.14,1.22
2025-08-14T18:25:00.000,1.61,135.72,-1.15,1.12
2025-08-14T18:26:00.000,1.66,134.02,-1.15,1.19
2025-08-14T18:27:00.000,1.64,134.30,-1.15,1.18
2025-08-14T18:28:00.000,1.65,136.58,-1.20,1.14
2025-08-14T18:29:00.000,1.62,137.26,-1.19,1.10
2025-08-14T18:30:00.000,1.63,137.40,-1.20,1.11
2025-08-14T18:31:00.000,1.62,139.25,-1.23,1.06
2025-08-14T18:32:00.000,1.62,138.30,-1.21,1.08
2025-08-14T18:33:00.000,1.63,139.18,-1.23,1.07
2025-08-14T18:34:00.000,1.66,138.97,-1.25,1.09
2025-08-14T18:35:00.000,1.65,137.69,-1.22,1.11
2025-08-14T18:36:00.000,1.67,136.45,-1.21,1.15
2025-08-14T18:37:00.000,1.65,138.16,-1.23,1.10
2025-08-14T18:38:00.000,1.64,136.57,-1.19,1.13
2025-08-14T18:39:00.000,1.65,137.94,-1.23,1.11
2025-08-14T18:40:00.000,1.65,136.47,-1.20,1.14
2025-08-14T18:41:00.000,1.66,136.74,-1.21,1.14
2025-08-14T18:42:00.000,1.65,138.63,-1.24,1.09
2025-08-14T18:43:00.000,1.66,137.40,-1.22,1.12
2025-08-14T18:44:00.000,1.65,137.54,-1.21,1.11
2025-08-14T18:45:00.000,1.68,137.98,-1.25,1.12
2025-08-14T18:46:00.000,1.65,136.48,-1.20,1.14
2025-08-14T18:47:00.000,1.66,136.20,-1.20,1.15
2025-08-14T18:48:00.000,1.68,138.38,-1.26,1.12
2025-08-14T18:49:00.000,1.69,140.13,-1.30,1.09
2025-08-14T18:50:00.000,1.73,143.33,-1.39,1.03
2025-08-14T18:51:00.000,1.75,144.47,-1.42,1.01
2025-08-14T18:52:00.000,1.79,146.33,-1.49,0.99
2025-08-14T18:53:00.000,1.76,146.64,-1.47,0.97
2025-08-14T18:54:00.000,1.76,143.08,-1.41,1.06
2025-08-14T18:55:00.000,1.76,144.75,-1.44,1.01
2025-08-14T18:56:00.000,1.76,145.37,-1.45,1.00
2025-08-14T18:57:00.000,1.85,150.89,-1.62,0.90
2025-08-14T18:58:00.000,1.77,152.57,-1.57,0.82
2025-08-14T18:59:00.000,1.81,153.59,-1.62,0.81
2025-08-14T19:00:00.000,1.82,154.67,-1.65,0.78
2025-08-14T19:01:00.000,1.91,160.42,-1.80,0.64
2025-08-14T19:02:00.000,2.08,165.51,-2.01,0.52
2025-08-14T19:03:00.000,1.94,157.56,-1.80,0.74
2025-08-14T19:04:00.000,1.97,154.40,-1.78,0.85
2025-08-14T19:05:00.000,1.86,154.60,-1.68,0.80
2025-08-14T19:06:00.000,1.75,149.33,-1.50,0.89
2025-08-14T19:07:00.000,1.78,148.75,-1.53,0.93
2025-08-14T19:08:00.000,1.82,154.70,-1.65,0.78
2025-08-14T19:09:00.000,1.89,155.75,-1.72,0.78
2025-08-14T19:10:00.000,1.85,153.14,-1.65,0.83
2025-08-14T19:11:00.000,1.82,152.70,-1.62,0.84
2025-08-14T19:12:00.000,2.01,152.37,-1.78,0.93
2025-08-14T19:13:00.000,1.74,147.94,-1.47,0.92
2025-08-14T19:14:00.000,1.74,147.35,-1.47,0.94
2025-08-14T19:15:00.000,1.73,147.71,-1.46,0.92
2025-08-14T19:16:00.000,1.71,147.68,-1.45,0.92
2025-08-14T19:17:00.000,1.70,147.32,-1.43,0.92
2025-08-14T19:18:00.000,1.72,144.74,-1.40,0.99
2025-08-14T19:19:00.000,1.65,144.25,-1.34,0.97
2025-08-14T19:20:00.000,1.70,146.74,-1.42,0.93
2025-08-14T19:21:00.000,1.74,149.98,-1.50,0.87
2025-08-14T19:22:00.000,1.74,143.65,-1.40,1.03
2025-08-14T19:23:00.000,1.73,146.13,-1.43,0.96
2025-08-14T19:24:00.000,1.72,146.14,-1.43,0.96
2025-08-14T19:25:00.000,1.74,145.36,-1.43,0.99
2025-08-14T19:26:00.000,1.72,144.75,-1.41,1.00
2025-08-14T19:27:00.000,1.69,143.50,-1.36,1.01
2025-08-14T19:28:00.000,1.68,144.27,-1.37,0.98
2025-08-14T19:29:00.000,1.71,144.42,-1.39,0.99
2025-08-14T19:30:00.000,1.68,143.29,-1.35,1.00
2025-08-14T19:31:00.000,1.69,143.57,-1.36,1.00
2025-08-14T19:32:00.000,1.65,144.37,-1.34,0.96
2025-08-14T19:33:00.000,1.69,143.17,-1.35,1.01
2025-08-14T19:34:00.000,1.63,145.14,-1.34,0.93
2025-08-14T19:35:00.000,1.66,141.76,-1.30,1.03
2025-08-14T19:36:00.000,1.68,141.32,-1.31,1.05
2025-08-14T19:37:00.000,1.63,141.27,-1.27,1.02
2025-08-14T19:38:00.000,1.63,138.29,-1.22,1.09
2025-08-14T19:39:00.000,1.65,139.24,-1.25,1.07
2025-08-14T19:40:00.000,1.62,140.29,-1.25,1.04
2025-08-14T19:41:00.000,1.61,142.55,-1.28,0.98
2025-08-14T19:42:00.000,1.61,142.55,-1.28,0.98
2025-08-14T19:43:00.000,1.67,145.02,-1.37,0.96
2025-08-14T19:44:00.000,1.64,149.28,-1.41,0.84
2025-08-14T19:45:00.000,1.69,148.73,-1.44,0.88
2025-08-14T19:46:00.000,1.69,148.05,-1.44,0.90
2025-08-14T19:47:00.000,1.78,151.91,-1.57,0.84
2025-08-14T19:48:00.000,2.34,135.73,-1.67,1.63
2025-08-14T19:49:00.000,1.63,187.68,-1.62,-0.22
2025-08-14T19:50:00.000,1.67,186.77,-1.66,-0.20
2025-08-14T19:51:00.000,1.16,175.75,-1.15,0.09
2025-08-14T19:52:00.000,1.61,174.41,-1.60,0.16
2025-08-14T19:53:00.000,2.74,157.18,-2.53,1.06
2025-08-14T19:54:00.000,2.80,160.89,-2.65,0.92
2025-08-14T19:55:00.000,2.79,158.34,-2.59,1.03
2025-08-14T19:56:00.000,2.55,165.20,-2.46,0.65
2025-08-14T19:57:00.000,1.65,147.68,-1.39,0.88
2025-08-14T19:58:00.000,1.64,146.40,-1.37,0.91
2025-08-14T19:59:00.000,1.63,144.41,-1.33,0.95
2025-08-14T20:00:00.000,1.63,141.51,-1.27,1.01
2025-08-14T20:01:00.000,1.62,140.50,-1.25,1.03
2025-08-14T20:02:00.000,1.62,139.86,-1.24,1.04
2025-08-14T20:03:00.000,1.60,141.15,-1.25,1.00
2025-08-14T20:04:00.000,1.64,142.42,-1.30,1.00
2025-08-14T20:05:00.000,1.64,141.54,-1.29,1.02
2025-08-14T20:06:00.000,1.66,141.33,-1.29,1.04
2025-08-14T20:07:00.000,1.71,140.93,-1.32,1.08
2025-08-14T20:08:00.000,1.72,141.60,-1.35,1.07
2025-08-14T20:09:00.000,1.69,141.67,-1.33,1.05
2025-08-14T20:10:00.000,1.72,141.70,-1.35,1.07
2025-08-14T20:11:00.000,1.73,141.91,-1.36,1.07
2025-08-14T20:12:00.000,1.71,142.27,-1.35,1.04
2025-08-14T20:13:00.000,1.69,141.37,-1.32,1.05
2025-08-14T20:14:00.000,1.68,140.16,-1.29,1.08
2025-08-14T20:15:00.000,1.66,139.25,-1.26,1.08
2025-08-14T20:16:00.000,1.67,138.76,-1.26,1.10
2025-08-14T20:17:00.000,1.65,138.36,-1.23,1.09
2025-08-14T20:18:00.000,1.65,138.53,-1.23,1.09
2025-08-14T20:19:00.000,1.63,138.50,-1.22,1.08
2025-08-14T20:20:00.000,1.64,139.07,-1.24,1.08
2025-08-14T20:21:00.000,1.62,139.83,-1.24,1.05
2025-08-14T20:22:00.000,1.64,138.93,-1.24,1.08
2025-08-14T20:23:00.000,1.62,139.82,-1.24,1.05
2025-08-14T20:24:00.000,1.63,139.06,-1.23,1.07
2025-08-14T20:25:00.000,1.62,139.40,-1.23,1.06
2025-08-14T20:26:00.000,1.62,139.41,-1.23,1.05
2025-08-14T20:27:00.000,1.64,138.90,-1.23,1.08
2025-08-14T20:28:00.000,1.61,139.15,-1.22,1.05
2025-08-14T20:29:00.000,1.62,139.17,-1.23,1.06
2025-08-14T20:30:00.000,1.63,139.05,-1.23,1.07
2025-08-14T20:31:00.000,1.63,139.43,-1.24,1.06
2025-08-14T20:32:00.000,1.62,139.55,-1.23,1.05
2025-08-14T20:33:00.000,1.63,140.11,-1.25,1.04
2025-08-14T20:34:00.000,1.62,139.88,-1.24,1.05
2025-08-14T20:35:00.000,1.62,139.88,-1.24,1.04
2025-08-14T20:36:00.000,1.63,139.11,-1.23,1.07
2025-08-14T20:37:00.000,1.63,138.79,-1.23,1.07
2025-08-14T20:38:00.000,1.63,138.94,-1.23,1.07
2025-08-14T20:39:00.000,1.62,139.67,-1.24,1.05
2025-08-14T20:40:00.000,1.63,138.99,-1.23,1.07
2025-08-14T20:41:00.000,1.64,139.27,-1.24,1.07
2025-08-14T20:42:00.000,1.63,139.09,-1.23,1.07
2025-08-14T20:43:00.000,1.62,140.12,-1.25,1.04
2025-08-14T20:44:00.000,1.65,140.71,-1.28,1.05
2025-08-14T20:45:00.000,1.64,142.86,-1.30,0.99
2025-08-14T20:46:00.000,1.65,144.65,-1.34,0.95
2025-08-14T20:47:00.000,1.66,142.54,-1.32,1.01
2025-08-14T20:48:00.000,1.70,141.88,-1.34,1.05
2025-08-14T20:49:00.000,1.70,141.19,-1.32,1.06
2025-08-14T20:50:00.000,1.70,141.01,-1.32,1.07
2025-08-14T20:51:00.000,1.70,141.39,-1.33,1.06
2025-08-14T20:52:00.000,1.70,141.66,-1.34,1.06
2025-08-14T20:53:00.000,1.68,141.32,-1.31,1.05
2025-08-14T20:54:00.000,1.67,140.66,-1.30,1.06
2025-08-14T20:55:00.000,1.68,141.21,-1.31,1.05
2025-08-14T20:56:00.000,1.68,141.25,-1.31,1.05
2025-08-14T20:57:00.000,1.68,141.57,-1.32,1.04
2025-08-14T20:58:00.000,1.68,143.11,-1.34,1.01
2025-08-14T20:59:00.000,1.68,141.68,-1.31,1.04
2025-08-14T21:00:00.000,1.67,140.83,-1.29,1.05
2025-08-14T21:01:00.000,1.68,140.96,-1.31,1.06
2025-08-14T21:02:00.000,1.69,141.58,-1.32,1.05
2025-08-14T21:03:00.000,1.68,141.27,-1.31,1.05
2025-08-14T21:04:00.000,1.69,142.44,-1.34,1.03
2025-08-14T21:05:00.000,1.70,142.52,-1.35,1.03
2025-08-14T21:06:00.000,1.69,142.53,-1.34,1.03
2025-08-14T21:07:00.000,1.69,142.70,-1.34,1.02
2025-08-14T21:08:00.000,1.68,142.53,-1.34,1.02
2025-08-14T21:09:00.000,1.69,143.57,-1.36,1.00
2025-08-14T21:10:00.000,1.69,141.66,-1.33,1.05
2025-08-14T21:11:00.000,1.69,141.35,-1.32,1.05
2025-08-14T21:12:00.000,1.68,140.72,-1.30,1.07
2025-08-14T21:13:00.000,1.69,139.22,-1.28,1.10
2025-08-14T21:14:00.000,1.67,139.04,-1.26,1.10
2025-08-14T21:15:00.000,1.67,138.64,-1.25,1.10
2025-08-14T21:16:00.000,1.67,138.82,-1.26,1.10
2025-08-14T21:17:00.000,1.67,138.94,-1.26,1.10
2025-08-14T21:18:00.000,1.67,139.44,-1.27,1.09
2025-08-14T21:19:00.000,1.67,138.96,-1.26,1.10
2025-08-14T21:20:00.000,1.67,138.86,-1.26,1.10
2025-08-14T21:21:00.000,1.66,139.34,-1.26,1.08
2025-08-14T21:22:00.000,1.67,138.72,-1.25,1.10
2025-08-14T21:23:00.000,1.67,139.08,-1.26,1.09
2025-08-14T21:24:00.000,1.67,139.30,-1.27,1.09
2025-08-14T21:25:00.000,1.68,139.23,-1.27,1.10
2025-08-14T21:26:00.000,1.69,139.65,-1.29,1.09
2025-08-14T21:27:00.000,1.68,139.78,-1.28,1.08
2025-08-14T21:28:00.000,1.68,140.92,-1.30,1.06
2025-08-14T21:29:00.000,1.68,140.75,-1.30,1.06
2025-08-14T21:30:00.000,1.69,142.65,-1.34,1.02
2025-08-14T21:31:00.000,1.69,144.01,-1.37,0.99
2025-08-14T21:32:00.000,1.73,144.16,-1.40,1.01
2025-08-14T21:33:00.000,1.75,141.55,-1.37,1.09
2025-08-14T21:34:00.000,1.78,141.65,-1.40,1.11
2025-08-14T21:35:00.000,1.78,141.42,-1.39,1.11
2025-08-14T21:36:00.000,1.74,141.78,-1.37,1.08
2025-08-14T21:37:00.000,1.74,141.86,-1.36,1.07
2025-08-14T21:38:00.000,1.73,141.51,-1.36,1.08
2025-08-14T21:39:00.000,1.73,141.70,-1.36,1.07
2025-08-14T21:40:00.000,1.75,143.29,-1.40,1.04
2025-08-14T21:41:00.000,1.73,143.07,-1.38,1.04
2025-08-14T21:42:00.000,1.74,142.41,-1.38,1.06
2025-08-14T21:43:00.000,2.16,144.59,-1.76,1.25
2025-08-14T21:44:00.000,2.00,153.56,-1.79,0.89
2025-08-14T21:45:00.000,1.97,155.95,-1.80,0.80
2025-08-14T21:46:00.000,2.07,152.62,-1.84,0.95
2025-08-14T21:47:00.000,2.68,148.27,-2.28,1.41
2025-08-14T21:48:00.000,2.86,148.76,-2.44,1.48
2025-08-14T21:49:00.000,2.00,169.46,-1.97,0.37
2025-08-14T21:50:00.000,2.28,162.43,-2.17,0.69
2025-08-14T21:51:00.000,1.72,140.82,-1.33,1.09
2025-08-14T21:52:00.000,1.75,142.51,-1.39,1.06
2025-08-14T21:53:00.000,1.72,142.31,-1.36,1.05
2025-08-14T21:54:00.000,1.74,142.45,-1.38,1.06
2025-08-14T21:55:00.000,1.71,142.33,-1.35,1.04
2025-08-14T21:56:00.000,1.73,143.19,-1.39,1.04
2025-08-14T21:57:00.000,1.74,143.87,-1.40,1.02
2025-08-14T21:58:00.000,1.74,144.64,-1.42,1.01
2025-08-14T21:59:00.000,1.73,144.19,-1.40,1.01
2025-08-14T22:00:00.000,1.73,143.32,-1.39,1.04
2025-08-14T22:01:00.000,1.72,142.73,-1.37,1.04
2025-08-14T22:02:00.000,1.72,142.90,-1.37,1.04
2025-08-14T22:03:00.000,1.72,142.72,-1.37,1.04
2025-08-14T22:04:00.000,1.72,142.62,-1.37,1.05
2025-08-14T22:05:00.000,1.72,142.22,-1.36,1.05
2025-08-14T22:06:00.000,1.71,143.23,-1.37,1.03
2025-08-14T22:07:00.000,1.73,142.17,-1.37,1.06
2025-08-14T22:08:00.000,1.71,141.97,-1.35,1.05
2025-08-14T22:09:00.000,1.76,137.50,-1.29,1.19
2025-08-14T22:10:00.000,1.71,141.53,-1.34,1.07
2025-08-14T22:11:00.000,1.72,140.73,-1.33,1.09
2025-08-14T22:12:00.000,1.70,140.89,-1.32,1.07
2025-08-14T22:13:00.000,1.70,141.15,-1.32,1.07
2025-08-14T22:14:00.000,1.70,141.79,-1.33,1.05
2025-08-14T22:15:00.000,1.70,140.74,-1.31,1.07
2025-08-14T22:16:00.000,1.69,142.67,-1.34,1.03
2025-08-14T22:17:00.000,1.70,142.43,-1.35,1.04
2025-08-14T22:18:00.000,1.72,142.23,-1.36,1.05
2025-08-14T22:19:00.000,1.69,144.77,-1.38,0.98
2025-08-14T22:20:00.000,1.69,143.39,-1.36,1.01
2025-08-14T22:21:00.000,1.70,144.00,-1.38,1.00
2025-08-14T22:22:00.000,1.70,144.98,-1.40,0.98
2025-08-14T22:23:00.000,1.69,146.52,-1.41,0.93
2025-08-14T22:24:00.000,1.69,146.58,-1.41,0.93
2025-08-14T22:25:00.000,1.71,146.72,-1.43,0.94
2025-08-14T22:26:00.000,1.72,146.77,-1.44,0.94
2025-08-14T22:27:00.000,1.71,146.22,-1.42,0.95
2025-08-14T22:28:00.000,1.71,144.47,-1.39,1.00
2025-08-14T22:29:00.000,1.73,144.02,-1.40,1.02
2025-08-14T22:30:00.000,1.69,146.02,-1.41,0.95
2025-08-14T22:31:00.000,1.70,143.26,-1.37,1.02
2025-08-14T22:32:00.000,1.71,144.23,-1.39,1.00
2025-08-14T22:33:00.000,1.71,144.14,-1.38,1.00
2025-08-14T22:34:00.000,1.71,145.91,-1.41,0.96
2025-08-14T22:35:00.000,1.72,146.19,-1.43,0.96
2025-08-14T22:36:00.000,1.71,144.70,-1.40,0.99
2025-08-14T22:37:00.000,1.74,149.53,-1.50,0.88
2025-08-14T22:38:00.000,1.73,148.90,-1.48,0.89
2025-08-14T22:39:00.000,1.72,150.09,-1.49,0.86
2025-08-14T22:40:00.000,1.74,149.72,-1.50,0.88
2025-08-14T22:41:00.000,1.75,147.99,-1.48,0.93
2025-08-14T22:42:00.000,1.76,152.12,-1.56,0.82
2025-08-14T22:43:00.000,1.79,155.91,-1.63,0.73
2025-08-14T22:44:00.000,1.80,155.79,-1.64,0.74
2025-08-14T22:45:00.000,1.77,154.28,-1.60,0.77
2025-08-14T22:46:00.000,1.79,154.34,-1.62,0.78
2025-08-14T22:47:00.000,1.75,152.64,-1.56,0.81
2025-08-14T22:48:00.000,1.76,152.92,-1.57,0.80
2025-08-14T22:49:00.000,1.76,151.70,-1.55,0.84
2025-08-14T22:50:00.000,1.76,151.98,-1.55,0.83
2025-08-14T22:51:00.000,1.74,149.05,-1.49,0.89
2025-08-14T22:52:00.000,1.76,148.19,-1.49,0.93
2025-08-14T22:53:00.000,1.74,149.55,-1.50,0.88
2025-08-14T22:54:00.000,1.73,147.63,-1.46,0.92
2025-08-14T22:55:00.000,1.72,145.96,-1.42,0.96
2025-08-14T22:56:00.000,1.71,147.01,-1.43,0.93
2025-08-14T22:57:00.000,1.72,146.31,-1.43,0.95
2025-08-14T22:58:00.000,1.70,145.88,-1.41,0.95
2025-08-14T22:59:00.000,1.67,142.06,-1.32,1.03
2025-08-14T23:00:00.000,1.68,141.06,-1.31,1.06
2025-08-14T23:01:00.000,1.68,142.92,-1.34,1.01
2025-08-14T23:02:00.000,1.68,143.00,-1.34,1.01
2025-08-14T23:03:00.000,1.68,142.75,-1.33,1.01
2025-08-14T23:04:00.000,1.68,142.03,-1.32,1.03
2025-08-14T23:05:00.000,1.67,141.11,-1.30,1.05
2025-08-14T23:06:00.000,1.69,139.90,-1.29,1.09
2025-08-14T23:07:00.000,1.68,138.43,-1.26,1.11
2025-08-14T23:08:00.000,1.67,139.70,-1.27,1.08
2025-08-14T23:09:00.000,1.67,139.15,-1.26,1.09
2025-08-14T23:10:00.000,1.68,139.34,-1.27,1.09
2025-08-14T23:11:00.000,1.67,139.77,-1.28,1.08
2025-08-14T23:12:00.000,1.68,139.55,-1.28,1.09
2025-08-14T23:13:00.000,1.67,139.64,-1.28,1.08
2025-08-14T23:14:00.000,1.67,139.98,-1.28,1.08
2025-08-14T23:15:00.000,1.68,139.65,-1.28,1.08
2025-08-14T23:16:00.000,1.67,139.66,-1.27,1.08
2025-08-14T23:17:00.000,1.67,139.83,-1.28,1.08
2025-08-14T23:18:00.000,1.71,137.28,-1.25,1.16
2025-08-14T23:19:00.000,1.61,130.70,-1.05,1.22
2025-08-14T23:20:00.000,1.63,134.88,-1.15,1.16
2025-08-14T23:21:00.000,1.62,136.87,-1.18,1.11
2025-08-14T23:22:00.000,1.62,135.30,-1.15,1.14
2025-08-14T23:23:00.000,1.62,137.24,-1.19,1.10
2025-08-14T23:24:00.000,1.55,140.93,-1.20,0.98
2025-08-14T23:25:00.000,1.49,141.76,-1.17,0.92
2025-08-14T23:26:00.000,1.40,146.44,-1.17,0.77
2025-08-14T23:27:00.000,1.42,144.58,-1.15,0.82
2025-08-14T23:28:00.000,1.39,147.30,-1.17,0.75
2025-08-14T23:29:00.000,1.35,151.46,-1.19,0.65
2025-08-14T23:30:00.000,2.10,198.33,-2.00,-0.66
2025-08-14T23:31:00.000,2.38,203.64,-2.18,-0.95
2025-08-14T23:32:00.000,3.78,216.63,-3.04,-2.26
2025-08-14T23:33:00.000,4.99,221.68,-3.73,-3.32
2025-08-14T23:34:00.000,6.36,224.02,-4.57,-4.42
2025-08-14T23:35:00.000,7.62,226.09,-5.28,-5.49
2025-08-14T23:36:00.000,7.23,223.73,-5.22,-5.00
2025-08-14T23:37:00.000,8.52,221.52,-6.38,-5.65
2025-08-14T23:38:00.000,8.14,220.63,-6.18,-5.30
2025-08-14T23:39:00.000,7.51,221.06,-5.66,-4.93
2025-08-14T23:40:00.000,7.58,219.89,-5.82,-4.86
2025-08-14T23:41:00.000,6.58,220.22,-5.02,-4.25
2025-08-14T23:42:00.000,7.79,221.32,-5.85,-5.14
2025-08-14T23:43:00.000,6.65,222.31,-4.92,-4.48
2025-08-14T23:44:00.000,5.69,219.86,-4.36,-3.64
2025-08-14T23:45:00.000,7.23,222.15,-5.36,-4.85
2025-08-14T23:46:00.000,6.28,222.19,-4.65,-4.22
2025-08-14T23:47:00.000,6.15,219.18,-4.77,-3.89
2025-08-14T23:48:00.000,6.18,221.41,-4.64,-4.09
2025-08-14T23:49:00.000,6.52,222.58,-4.80,-4.41
2025-08-14T23:50:00.000,6.44,219.89,-4.94,-4.13
2025-08-14T23:51:00.000,5.75,219.99,-4.40,-3.69
2025-08-14T23:52:00.000,6.01,220.28,-4.59,-3.89
2025-08-14T23:53:00.000,5.77,219.53,-4.45,-3.67
2025-08-14T23:54:00.000,4.30,213.03,-3.61,-2.34
2025-08-14T23:55:00.000,4.08,214.15,-3.38,-2.29
2025-08-14T23:56:00.000,3.48,209.64,-3.03,-1.72
2025-08-14T23:57:00.000,3.47,213.55,-2.90,-1.92
2025-08-14T23:58:00.000,3.10,208.09,-2.74,-1.46
2025-08-14T23:59:00.000,4.20,216.86,-3.36,-2.52
2025-08-15T00:00:00.000,4.30,218.46,-3.37,-2.67
2025-08-15T00:01:00.000,3.02,203.52,-2.77,-1.21
2025-08-15T00:02:00.000,2.24,194.72,-2.16,-0.57
2025-08-15T00:03:00.000,2.06,188.27,-2.04,-0.30
2025-08-15T00:04:00.000,1.91,183.53,-1.91,-0.12
2025-08-15T00:05:00.000,1.84,180.94,-1.84,-0.03
2025-08-15T00:06:00.000,1.82,177.93,-1.82,0.07
2025-08-15T00:07:00.000,1.78,176.00,-1.77,0.12
2025-08-15T00:08:00.000,1.76,174.94,-1.76,0.16
2025-08-15T00:09:00.000,1.75,174.25,-1.74,0.18
2025-08-15T00:10:00.000,1.73,172.66,-1.71,0.22
2025-08-15T00:11:00.000,1.74,174.23,-1.73,0.17
2025-08-15T00:12:00.000,1.77,175.91,-1.76,0.13
2025-08-15T00:13:00.000,1.78,176.09,-1.78,0.12
2025-08-15T00:14:00.000,1.77,176.38,-1.77,0.11
2025-08-15T00:15:00.000,1.75,174.07,-1.74,0.18
2025-08-15T00:16:00.000,1.72,171.81,-1.70,0.25
2025-08-15T00:17:00.000,1.68,169.33,-1.65,0.31
2025-08-15T00:18:00.000,1.70,170.11,-1.67,0.29
2025-08-15T00:19:00.000,1.70,169.53,-1.67,0.31
2025-08-15T00:20:00.000,2.05,172.44,-2.04,0.27
2025-08-15T00:21:00.000,3.62,181.03,-3.62,-0.06
2025-08-15T00:22:00.000,9.47,180.46,-9.47,-0.08
2025-08-15T00:23:00.000,13.51,182.32,-13.50,-0.55
2025-08-15T00:24:00.000,17.22,179.51,-17.22,0.15
2025-08-15T00:25:00.000,20.14,178.99,-20.14,0.36
2025-08-15T00:26:00.000,22.52,184.01,-22.46,-1.57
2025-08-15T00:27:00.000,24.14,179.79,-24.14,0.09
2025-08-15T00:28:00.000,25.64,175.42,-25.56,2.05
2025-08-15T00:29:00.000,27.20,160.96,-25.71,8.87
2025-08-15T00:30:00.000,28.48,159.49,-26.67,9.98
2025-08-15T00:31:00.000,29.89,157.16,-27.55,11.60
2025-08-15T00:32:00.000,31.55,156.70,-28.98,12.48
2025-08-15T00:33:00.000,33.66,155.44,-30.61,13.99
2025-08-15T00:34:00.000,36.36,155.23,-33.01,15.23
2025-08-15T00:35:00.000,38.52,156.04,-35.20,15.64
2025-08-15T00:36:00.000,42.63,156.07,-38.96,17.29
2025-08-15T00:37:00.000,46.45,156.49,-42.59,18.53
2025-08-15T00:38:00.000,53.10,156.65,-48.75,21.05
2025-08-15T00:39:00.000,59.78,155.35,-54.34,24.93
2025-08-15T00:40:00.000,69.84,153.89,-62.72,30.74
2025-08-15T00:41:00.000,79.16,152.93,-70.49,36.02
2025-08-15T00:42:00.000,89.67,151.39,-78.73,42.93
2025-08-15T00:43:00.000,103.79,150.33,-90.18,51.37
2025-08-15T00:44:00.000,121.16,150.06,-105.00,60.46
2025-08-15T00:45:00.000,144.03,149.02,-123.49,74.13
2025-08-15T00:46:00.000,165.43,147.69,-139.81,88.42
2025-08-15T00:47:00.000,187.54,147.17,-157.59,101.68
2025-08-15T00:48:00.000,198.16,146.52,-165.28,109.32
2025-08-15T00:49:00.000,199.47,146.53,-166.40,109.99
2025-08-15T00:50:00.000,199.59,146.51,-166.44,110.14
2025-08-15T00:51:00.000,199.55,146.52,-166.44,110.08
2025-08-15T00:52:00.000,199.51,146.52,-166.41,110.06
2025-08-15T00:53:00.000,199.43,146.50,-166.31,110.06
2025-08-15T00:54:00.000,199.46,146.51,-166.34,110.06
2025-08-15T00:55:00.000,199.46,146.51,-166.35,110.05
2025-08-15T00:56:00.000,199.42,146.52,-166.33,110.02
2025-08-15T00:57:00.000,199.40,146.57,-166.42,109.84
2025-08-15T00:58:00.000,199.42,146.58,-166.45,109.84
2025-08-15T00:59:00.000,199.35,146.57,-166.37,109.81
2025-08-15T01:00:00.000,199.37,146.60,-166.45,109.74
2025-08-15T01:01:00.000,199.38,146.57,-166.40,109.83
2025-08-15T01:02:00.000,199.33,146.60,-166.42,109.72
2025-08-15T01:03:00.000,199.31,146.60,-166.40,109.71
2025-08-15T01:04:00.000,199.30,146.59,-166.37,109.74
2025-08-15T01:05:00.000,199.30,146.60,-166.39,109.70
2025-08-15T01:06:00.000,199.35,146.62,-166.45,109.69
2025-08-15T01:07:00.000,199.29,146.59,-166.37,109.73
2025-08-15T01:08:00.000,199.36,146.61,-166.45,109.72
2025-08-15T01:09:00.000,199.34,146.60,-166.42,109.73
2025-08-15T01:10:00.000,199.41,146.62,-166.51,109.72
2025-08-15T01:11:00.000,199.35,146.61,-166.44,109.72
2025-08-15T01:12:00.000,199.34,146.61,-166.45,109.69
2025-08-15T01:13:00.000,199.37,146.61,-166.45,109.73
2025-08-15T01:14:00.000,199.38,146.60,-166.45,109.76
2025-08-15T01:15:00.000,199.35,146.61,-166.44,109.72
2025-08-15T01:16:00.000,199.37,146.61,-166.46,109.72
2025-08-15T01:17:00.000,199.33,146.60,-166.42,109.72
2025-08-15T01:18:00.000,199.32,146.61,-166.42,109.70
2025-08-15T01:19:00.000,199.40,146.62,-166.51,109.70
2025-08-15T01:20:00.000,199.43,146.64,-166.57,109.68
2025-08-15T01:21:00.000,199.42,146.63,-166.55,109.69
2025-08-15T01:22:00.000,199.38,146.64,-166.53,109.64
2025-08-15T01:23:00.000,199.36,146.62,-166.47,109.69
2025-08-15T01:24:00.000,199.42,146.65,-166.58,109.64
2025-08-15T01:25:00.000,199.35,146.63,-166.48,109.65
2025-08-15T01:26:00.000,199.40,146.65,-166.56,109.63
2025-08-15T01:27:00.000,199.43,146.62,-166.54,109.72
2025-08-15T01:28:00.000,199.36,146.61,-166.45,109.72
2025-08-15T01:29:00.000,199.35,146.60,-166.43,109.74
2025-08-15T01:30:00.000,199.42,146.62,-166.52,109.71
2025-08-15T01:31:00.000,199.44,146.61,-166.52,109.76
2025-08-15T01:32:00.000,199.37,146.60,-166.45,109.74
2025-08-15T01:33:00.000,199.41,146.61,-166.50,109.75
2025-08-15T01:34:00.000,199.36,146.61,-166.46,109.71
2025-08-15T01:35:00.000,199.48,146.62,-166.58,109.75
2025-08-15T01:36:00.000,199.36,146.59,-166.43,109.76
2025-08-15T01:37:00.000,199.38,146.59,-166.43,109.78
2025-08-15T01:38:00.000,199.41,146.59,-166.47,109.79
2025-08-15T01:39:00.000,199.43,146.61,-166.50,109.76
2025-08-15T01:40:00.000,199.42,146.60,-166.49,109.78
2025-08-15T01:41:00.000,199.44,146.59,-166.49,109.81
2025-08-15T01:42:00.000,199.42,146.60,-166.48,109.78
2025-08-15T01:43:00.000,199.40,146.59,-166.45,109.79
2025-08-15T01:44:00.000,199.38,146.58,-166.42,109.80
2025-08-15T01:45:00.000,199.46,146.59,-166.49,109.84
2025-08-15T01:46:00.000,199.41,146.57,-166.41,109.86
2025-08-15T01:47:00.000,199.41,146.57,-166.42,109.87
2025-08-15T01:48:00.000,199.41,146.58,-166.43,109.84
2025-08-15T01:49:00.000,199.46,146.59,-166.51,109.82
2025-08-15T01:50:00.000,199.42,146.57,-166.43,109.87
2025-08-15T01:51:00.000,199.38,146.56,-166.38,109.88
2025-08-15T01:52:00.000,199.41,146.59,-166.46,109.79
2025-08-15T01:53:00.000,199.43,146.59,-166.48,109.80
2025-08-15T01:54:00.000,199.35,146.60,-166.43,109.73
2025-08-15T01:55:00.000,199.41,146.61,-166.50,109.75
2025-08-15T01:56:00.000,199.41,146.62,-166.52,109.70
2025-08-15T01:57:00.000,199.40,146.60,-166.46,109.77
2025-08-15T01:58:00.000,199.41,146.60,-166.47,109.78
2025-08-15T01:59:00.000,199.38,146.63,-166.51,109.66
2025-08-15T02:00:00.000,199.46,146.62,-166.55,109.75
2025-08-15T02:01:00.000,199.39,146.62,-166.49,109.71
2025-08-15T02:02:00.000,199.42,146.64,-166.56,109.68
2025-08-15T02:03:00.000,199.41,146.64,-166.54,109.67
2025-08-15T02:04:00.000,199.37,146.60,-166.44,109.77
2025-08-15T02:05:00.000,199.39,146.60,-166.46,109.76
2025-08-15T02:06:00.000,199.45,146.61,-166.53,109.76
2025-08-15T02:07:00.000,199.44,146.61,-166.53,109.75
2025-08-15T02:08:00.000,199.48,146.62,-166.57,109.76
2025-08-15T02:09:00.000,199.47,146.62,-166.56,109.76
2025-08-15T02:10:00.000,199.43,146.60,-166.48,109.80
2025-08-15T02:11:00.000,199.44,146.60,-166.50,109.78
2025-08-15T02:12:00.000,199.44,146.61,-166.52,109.76
2025-08-15T02:13:00.000,199.44,146.59,-166.48,109.81
2025-08-15T02:14:00.000,199.44,146.59,-166.49,109.81
2025-08-15T02:15:00.000,199.48,146.63,-166.59,109.74
2025-08-15T02:16:00.000,199.44,146.61,-166.53,109.76
2025-08-15T02:17:00.000,199.47,146.61,-166.53,109.79
2025-08-15T02:18:00.000,199.42,146.62,-166.52,109.73
2025-08-15T02:19:00.000,199.46,146.59,-166.50,109.82
2025-08-15T02:20:00.000,199.44,146.63,-166.55,109.71
2025-08-15T02:21:00.000,199.42,146.61,-166.50,109.76
2025-08-15T02:22:00.000,199.38,146.60,-166.44,109.77
2025-08-15T02:23:00.000,199.49,146.62,-166.59,109.75
2025-08-15T02:24:00.000,199.47,146.62,-166.57,109.74
2025-08-15T02:25:00.000,199.51,146.63,-166.62,109.74
2025-08-15T02:26:00.000,199.48,146.61,-166.56,109.77
2025-08-15T02:27:00.000,199.44,146.61,-166.52,109.77
2025-08-15T02:28:00.000,199.49,146.62,-166.58,109.76
2025-08-15T02:29:00.000,199.46,146.61,-166.55,109.76
2025-08-15T02:30:00.000,199.51,146.62,-166.61,109.76
2025-08-15T02:31:00.000,199.44,146.61,-166.53,109.75
2025-08-15T02:32:00.000,199.49,146.60,-166.55,109.80
2025-08-15T02:33:00.000,199.49,146.61,-166.56,109.79
2025-08-15T02:34:00.000,199.47,146.60,-166.52,109.82
2025-08-15T02:35:00.000,199.47,146.61,-166.54,109.79
2025-08-15T02:36:00.000,199.44,146.63,-166.56,109.71
2025-08-15T02:37:00.000,199.44,146.60,-166.50,109.79
2025-08-15T02:38:00.000,199.47,146.61,-166.55,109.77
2025-08-15T02:39:00.000,199.41,146.59,-166.46,109.80
2025-08-15T02:40:00.000,199.47,146.61,-166.54,109.79
2025-08-15T02:41:00.000,199.44,146.61,-166.52,109.76
2025-08-15T02:42:00.000,199.43,146.61,-166.50,109.77
2025-08-15T02:43:00.000,199.45,146.60,-166.51,109.80
2025-08-15T02:44:00.000,199.50,146.62,-166.59,109.77
2025-08-15T02:45:00.000,199.45,146.59,-166.50,109.82
2025-08-15T02:46:00.000,199.54,146.63,-166.64,109.75
2025-08-15T02:47:00.000,199.41,146.58,-166.44,109.82
2025-08-15T02:48:00.000,199.47,146.60,-166.52,109.80
2025-08-15T02:49:00.000,199.54,146.61,-166.60,109.82
2025-08-15T02:50:00.000,199.47,146.60,-166.53,109.80
2025-08-15T02:51:00.000,199.50,146.61,-166.56,109.80
2025-08-15T02:52:00.000,199.39,146.58,-166.43,109.81
2025-08-15T02:53:00.000,199.48,146.60,-166.53,109.82
2025-08-15T02:54:00.000,199.53,146.61,-166.59,109.81
2025-08-15T02:55:00.000,199.48,146.63,-166.59,109.73
2025-08-15T02:56:00.000,199.55,146.61,-166.62,109.81
2025-08-15T02:57:00.000,199.47,146.61,-166.55,109.76
2025-08-15T02:58:00.000,199.44,146.61,-166.53,109.75
2025-08-15T02:59:00.000,199.47,146.60,-166.52,109.81
2025-08-15T03:00:00.000,199.54,146.61,-166.60,109.82
2025-08-15T03:01:00.000,199.47,146.59,-166.51,109.83
2025-08-15T03:02:00.000,199.49,146.63,-166.60,109.72
2025-08-15T03:03:00.000,199.53,146.60,-166.58,109.82
2025-08-15T03:04:00.000,199.43,146.58,-166.46,109.83
2025-08-15T03:05:00.000,199.48,146.60,-166.53,109.81
2025-08-15T03:06:00.000,199.44,146.59,-166.49,109.80
2025-08-15T03:07:00.000,199.46,146.61,-166.54,109.78
2025-08-15T03:08:00.000,199.49,146.61,-166.57,109.78
2025-08-15T03:09:00.000,199.52,146.60,-166.58,109.83
2025-08-15T03:10:00.000,199.44,146.60,-166.51,109.79
2025-08-15T03:11:00.000,199.42,146.60,-166.50,109.77
2025-08-15T03:12:00.000,199.59,146.63,-166.68,109.78
2025-08-15T03:13:00.000,199.51,146.60,-166.57,109.82
2025-08-15T03:14:00.000,199.50,146.61,-166.57,109.79
2025-08-15T03:15:00.000,199.56,146.59,-166.59,109.87
2025-08-15T03:16:00.000,199.55,146.63,-166.64,109.77
2025-08-15T03:17:00.000,199.52,146.61,-166.59,109.81
2025-08-15T03:18:00.000,199.52,146.61,-166.60,109.79
2025-08-15T03:19:00.000,199.54,146.62,-166.63,109.78
2025-08-15T03:20:00.000,199.47,146.60,-166.53,109.81
2025-08-15T03:21:00.000,199.49,146.62,-166.57,109.77
2025-08-15T03:22:00.000,199.49,146.61,-166.57,109.78
2025-08-15T03:23:00.000,199.48,146.63,-166.59,109.72
2025-08-15T03:24:00.000,199.52,146.63,-166.62,109.75
2025-08-15T03:25:00.000,199.51,146.62,-166.60,109.77
2025-08-15T03:26:00.000,199.50,146.62,-166.59,109.75
2025-08-15T03:27:00.000,199.54,146.62,-166.63,109.78
2025-08-15T03:28:00.000,199.51,146.61,-166.58,109.81
2025-08-15T03:29:00.000,199.53,146.63,-166.64,109.74
2025-08-15T03:30:00.000,199.50,146.61,-166.56,109.80
2025-08-15T03:31:00.000,199.46,146.58,-166.48,109.87
2025-08-15T03:32:00.000,199.50,146.62,-166.58,109.77
2025-08-15T03:33:00.000,199.54,146.61,-166.61,109.81
2025-08-15T03:34:00.000,199.47,146.60,-166.52,109.81
2025-08-15T03:35:00.000,199.46,146.59,-166.49,109.83
2025-08-15T03:36:00.000,199.52,146.59,-166.55,109.85
2025-08-15T03:37:00.000,199.50,146.62,-166.58,109.76
2025-08-15T03:38:00.000,199.52,146.62,-166.60,109.78
2025-08-15T03:39:00.000,199.48,146.62,-166.57,109.76
2025-08-15T03:40:00.000,199.53,146.62,-166.62,109.79
2025-08-15T03:41:00.000,199.51,146.62,-166.60,109.77
2025-08-15T03:42:00.000,199.48,146.61,-166.55,109.78
2025-08-15T03:43:00.000,199.48,146.52,-166.38,110.04
2025-08-15T03:44:00.000,199.49,146.61,-166.57,109.77
2025-08-15T03:45:00.000,199.47,146.60,-166.52,109.81
2025-08-15T03:46:00.000,199.58,146.63,-166.68,109.78
2025-08-15T03:47:00.000,199.49,146.60,-166.54,109.83
2025-08-15T03:48:00.000,199.48,146.61,-166.55,109.78
2025-08-15T03:49:00.000,199.45,146.62,-166.56,109.72
2025-08-15T03:50:00.000,199.50,146.61,-166.56,109.80
2025-08-15T03:51:00.000,199.43,146.61,-166.52,109.75
2025-08-15T03:52:00.000,199.49,146.61,-166.57,109.78
2025-08-15T03:53:00.000,199.46,146.61,-166.53,109.78
2025-08-15T03:54:00.000,199.49,146.60,-166.54,109.82
2025-08-15T03:55:00.000,199.53,146.63,-166.63,109.76
2025-08-15T03:56:00.000,199.50,146.61,-166.58,109.78
2025-08-15T03:57:00.000,199.49,146.60,-166.54,109.83
2025-08-15T03:58:00.000,199.55,146.65,-166.69,109.71
2025-08-15T03:59:00.000,199.53,146.65,-166.68,109.69
2025-08-15T04:00:00.000,199.53,146.66,-166.69,109.67
2025-08-15T04:01:00.000,199.50,146.62,-166.59,109.76
2025-08-15T04:02:00.000,199.52,146.63,-166.63,109.73
2025-08-15T04:03:00.000,199.53,146.63,-166.63,109.76
2025-08-15T04:04:00.000,199.46,146.62,-166.56,109.73
2025-08-15T04:05:00.000,199.49,146.63,-166.60,109.73
2025-08-15T04:06:00.000,199.52,146.63,-166.62,109.75
2025-08-15T04:07:00.000,199.49,146.62,-166.59,109.75
2025-08-15T04:08:00.000,199.53,146.62,-166.62,109.77
2025-08-15T04:09:00.000,199.46,146.61,-166.54,109.76
2025-08-15T04:10:00.000,199.48,146.64,-166.61,109.70
2025-08-15T04:11:00.000,199.49,146.60,-166.54,109.82
2025-08-15T04:12:00.000,199.52,146.62,-166.60,109.78
2025-08-15T04:13:00.000,199.47,146.61,-166.54,109.79
2025-08-15T04:14:00.000,199.52,146.62,-166.60,109.78
2025-08-15T04:15:00.000,199.51,146.62,-166.60,109.77
2025-08-15T04:16:00.000,199.46,146.59,-166.50,109.83
2025-08-15T04:17:00.000,199.48,146.60,-166.53,109.82
2025-08-15T04:18:00.000,199.51,146.60,-166.56,109.83
2025-08-15T04:19:00.000,199.48,146.59,-166.52,109.84
2025-08-15T04:20:00.000,199.50,146.61,-166.56,109.81
2025-08-15T04:21:00.000,199.48,146.61,-166.55,109.79
2025-08-15T04:22:00.000,199.51,146.61,-166.59,109.78
2025-08-15T04:23:00.000,199.57,146.62,-166.65,109.80
2025-08-15T04:24:00.000,199.52,146.61,-166.59,109.79
2025-08-15T04:25:00.000,199.51,146.64,-166.64,109.71
2025-08-15T04:26:00.000,199.52,146.64,-166.65,109.71
2025-08-15T04:27:00.000,199.49,146.61,-166.56,109.79
2025-08-15T04:28:00.000,199.52,146.64,-166.65,109.71
2025-08-15T04:29:00.000,199.52,146.59,-166.55,109.86
2025-08-15T04:30:00.000,199.56,146.64,-166.67,109.74
2025-08-15T04:31:00.000,199.48,146.60,-166.54,109.80
2025-08-15T04:32:00.000,199.58,146.63,-166.68,109.77
2025-08-15T04:33:00.000,199.55,146.62,-166.64,109.78
2025-08-15T04:34:00.000,199.58,146.64,-166.69,109.76
2025-08-15T04:35:00.000,199.55,146.65,-166.69,109.71
2025-08-15T04:36:00.000,199.58,146.65,-166.71,109.73
2025-08-15T04:37:00.000,199.59,146.64,-166.71,109.75
2025-08-15T04:38:00.000,199.55,146.64,-166.67,109.73
2025-08-15T04:39:00.000,199.55,146.64,-166.67,109.74
2025-08-15T04:40:00.000,199.62,146.63,-166.70,109.80
2025-08-15T04:41:00.000,199.55,146.61,-166.60,109.83
2025-08-15T04:42:00.000,199.55,146.61,-166.62,109.81
2025-08-15T04:43:00.000,199.57,146.61,-166.62,109.84
2025-08-15T04:44:00.000,199.61,146.60,-166.64,109.89
2025-08-15T04:45:00.000,199.59,146.59,-166.61,109.89
2025-08-15T04:46:00.000,199.59,146.60,-166.64,109.86
2025-08-15T04:47:00.000,199.61,146.57,-166.59,109.97
2025-08-15T04:48:00.000,199.61,146.61,-166.66,109.85
2025-08-15T04:49:00.000,199.60,146.61,-166.65,109.85
2025-08-15T04:50:00.000,199.60,146.60,-166.63,109.89
2025-08-15T04:51:00.000,199.57,146.56,-166.53,109.99
2025-08-15T04:52:00.000,199.53,146.57,-166.53,109.92
2025-08-15T04:53:00.000,199.62,146.60,-166.66,109.87
2025-08-15T04:54:00.000,199.63,146.59,-166.64,109.94
2025-08-15T04:55:00.000,199.62,146.58,-166.61,109.95
2025-08-15T04:56:00.000,199.61,146.58,-166.61,109.95
2025-08-15T04:57:00.000,199.67,146.60,-166.69,109.91
2025-08-15T04:58:00.000,199.63,146.61,-166.68,109.87
2025-08-15T04:59:00.000,199.60,146.60,-166.64,109.87
2025-08-15T05:00:00.000,199.57,146.58,-166.58,109.91
2025-08-15T05:01:00.000,199.66,146.58,-166.65,109.97
2025-08-15T05:02:00.000,199.56,146.57,-166.54,109.95
2025-08-15T05:03:00.000,199.64,146.59,-166.65,109.92
2025-08-15T05:04:00.000,199.57,146.59,-166.58,109.90
2025-08-15T05:05:00.000,199.62,146.59,-166.63,109.91
2025-08-15T05:06:00.000,199.58,146.57,-166.56,109.97
2025-08-15T05:07:00.000,199.62,146.59,-166.64,109.91
2025-08-15T05:08:00.000,199.59,146.58,-166.59,109.94
2025-08-15T05:09:00.000,199.60,146.56,-166.57,109.98
2025-08-15T05:10:00.000,199.58,146.57,-166.56,109.95
2025-08-15T05:11:00.000,199.61,146.57,-166.59,109.96
2025-08-15T05:12:00.000,199.62,146.54,-166.54,110.05
2025-08-15T05:13:00.000,199.65,146.54,-166.57,110.07
2025-08-15T05:14:00.000,199.63,146.56,-166.59,110.00
2025-08-15T05:15:00.000,199.64,146.56,-166.59,110.01
2025-08-15T05:16:00.000,199.62,146.55,-166.56,110.04
2025-08-15T05:17:00.000,199.63,146.56,-166.58,110.01
2025-08-15T05:18:00.000,199.65,146.55,-166.58,110.05
2025-08-15T05:19:00.000,199.66,146.55,-166.60,110.05
2025-08-15T05:20:00.000,199.57,146.54,-166.50,110.03
2025-08-15T05:21:00.000,199.63,146.52,-166.50,110.13
2025-08-15T05:22:00.000,199.64,146.51,-166.50,110.16
2025-08-15T05:23:00.000,199.65,146.54,-166.56,110.09
2025-08-15T05:24:00.000,199.60,146.53,-166.49,110.09
2025-08-15T05:25:00.000,199.64,146.55,-166.58,110.03
2025-08-15T05:26:00.000,199.72,146.56,-166.66,110.06
2025-08-15T05:27:00.000,199.61,146.52,-166.49,110.12
2025-08-15T05:28:00.000,199.62,146.52,-166.50,110.11
2025-08-15T05:29:00.000,199.65,146.53,-166.54,110.10
2025-08-15T05:30:00.000,199.57,146.54,-166.50,110.03
2025-08-15T05:31:00.000,199.64,146.55,-166.57,110.05
2025-08-15T05:32:00.000,199.59,146.55,-166.53,110.01
2025-08-15T05:33:00.000,199.66,146.56,-166.60,110.04
2025-08-15T05:34:00.000,199.61,146.55,-166.54,110.03
2025-08-15T05:35:00.000,199.62,146.55,-166.56,110.03
2025-08-15T05:36:00.000,199.65,146.56,-166.59,110.03
2025-08-15T05:37:00.000,199.61,146.54,-166.53,110.04
2025-08-15T05:38:00.000,199.57,146.55,-166.51,110.01
2025-08-15T05:39:00.000,199.67,146.56,-166.61,110.03
2025-08-15T05:40:00.000,199.61,146.55,-166.56,110.02
2025-08-15T05:41:00.000,199.63,146.57,-166.61,109.97
2025-08-15T05:42:00.000,199.57,146.57,-166.55,109.95
2025-08-15T05:43:00.000,199.59,146.58,-166.58,109.94
2025-08-15T05:44:00.000,199.57,146.54,-166.50,110.02
2025-08-15T05:45:00.000,199.60,146.59,-166.61,109.92
2025-08-15T05:46:00.000,199.67,146.60,-166.69,109.91
2025-08-15T05:47:00.000,199.59,146.58,-166.60,109.92
2025-08-15T05:48:00.000,199.63,146.59,-166.64,109.93
2025-08-15T05:49:00.000,199.65,146.59,-166.66,109.93
2025-08-15T05:50:00.000,199.62,146.55,-166.56,110.03
2025-08-15T05:51:00.000,199.64,146.59,-166.64,109.94
2025-08-15T05:52:00.000,199.53,146.57,-166.52,109.93
2025-08-15T05:53:00.000,199.61,146.59,-166.62,109.92
2025-08-15T05:54:00.000,199.54,146.57,-166.53,109.94
2025-08-15T05:55:00.000,199.58,146.59,-166.60,109.89
2025-08-15T05:56:00.000,199.61,146.58,-166.60,109.94
2025-08-15T05:57:00.000,199.62,146.58,-166.63,109.93
2025-08-15T05:58:00.000,199.62,146.58,-166.61,109.94
2025-08-15T05:59:00.000,199.58,146.58,-166.57,109.93
2025-08-15T06:00:00.000,199.58,146.57,-166.56,109.95
2025-08-15T06:01:00.000,199.59,146.59,-166.60,109.91
2025-08-15T06:02:00.000,199.61,146.58,-166.59,109.95
2025-08-15T06:03:00.000,199.58,146.58,-166.58,109.94
2025-08-15T06:04:00.000,199.58,146.58,-166.58,109.93
2025-08-15T06:05:00.000,199.61,146.59,-166.62,109.92
2025-08-15T06:06:00.000,199.57,146.58,-166.57,109.93
2025-08-15T06:07:00.000,199.62,146.57,-166.60,109.96
2025-08-15T06:08:00.000,199.58,146.58,-166.59,109.92
2025-08-15T06:09:00.000,199.55,146.58,-166.55,109.92
2025-08-15T06:10:00.000,199.60,146.56,-166.56,110.00
2025-08-15T06:11:00.000,199.56,146.58,-166.57,109.90
2025-08-15T06:12:00.000,199.63,146.59,-166.64,109.93
2025-08-15T06:13:00.000,199.60,146.59,-166.62,109.90
2025-08-15T06:14:00.000,199.58,146.60,-166.62,109.86
2025-08-15T06:15:00.000,199.58,146.58,-166.58,109.92
2025-08-15T06:16:00.000,199.57,146.55,-166.51,110.02
2025-08-15T06:17:00.000,199.55,146.57,-166.53,109.95
2025-08-15T06:18:00.000,199.57,146.59,-166.60,109.88
2025-08-15T06:19:00.000,199.50,146.57,-166.50,109.90
2025-08-15T06:20:00.000,199.48,146.55,-166.44,109.95
2025-08-15T06:21:00.000,199.55,146.57,-166.54,109.94
2025-08-15T06:22:00.000,199.55,146.56,-166.51,109.98
2025-08-15T06:23:00.000,199.61,146.56,-166.56,110.01
2025-08-15T06:24:00.000,199.56,146.52,-166.46,110.08
2025-08-15T06:25:00.000,199.61,146.54,-166.54,110.05
2025-08-15T06:26:00.000,199.55,146.54,-166.47,110.03
2025-08-15T06:27:00.000,199.55,146.53,-166.46,110.06
2025-08-15T06:28:00.000,199.62,146.54,-166.54,110.07
2025-08-15T06:29:00.000,199.58,146.54,-166.50,110.04
2025-08-15T06:30:00.000,199.61,146.54,-166.53,110.05
2025-08-15T06:31:00.000,199.59,146.54,-166.51,110.06
2025-08-15T06:32:00.000,199.58,146.50,-166.42,110.16
2025-08-15T06:33:00.000,199.62,146.52,-166.50,110.12
2025-08-15T06:34:00.000,199.62,146.51,-166.48,110.15
2025-08-15T06:35:00.000,199.64,146.50,-166.47,110.19
2025-08-15T06:36:00.000,199.61,146.50,-166.45,110.18
2025-08-15T06:37:00.000,199.60,146.48,-166.41,110.23
2025-08-15T06:38:00.000,199.66,146.49,-166.47,110.23
2025-08-15T06:39:00.000,199.62,146.47,-166.41,110.26
2025-08-15T06:40:00.000,199.69,146.48,-166.49,110.27
2025-08-15T06:41:00.000,199.61,146.46,-166.38,110.28
2025-08-15T06:42:00.000,199.70,146.47,-166.47,110.30
2025-08-15T06:43:00.000,199.69,146.45,-166.42,110.36
2025-08-15T06:44:00.000,199.64,146.43,-166.35,110.38
2025-08-15T06:45:00.000,199.71,146.46,-166.47,110.34
2025-08-15T06:46:00.000,199.67,146.46,-166.42,110.33
2025-08-15T06:47:00.000,199.66,146.47,-166.43,110.29
2025-08-15T06:48:00.000,199.68,146.47,-166.46,110.29
2025-08-15T06:49:00.000,199.76,146.46,-166.50,110.38
2025-08-15T06:50:00.000,199.73,146.49,-166.53,110.26
2025-08-15T06:51:00.000,199.72,146.48,-166.51,110.29
2025-08-15T06:52:00.000,199.75,146.48,-166.54,110.30
2025-08-15T06:53:00.000,199.71,146.47,-166.48,110.32
2025-08-15T06:54:00.000,199.72,146.47,-166.49,110.32
2025-08-15T06:55:00.000,199.74,146.47,-166.49,110.35
2025-08-15T06:56:00.000,199.71,146.45,-166.45,110.37
2025-08-15T06:57:00.000,199.80,146.45,-166.51,110.43
2025-08-15T06:58:00.000,199.72,146.45,-166.45,110.38
2025-08-15T06:59:00.000,199.76,146.45,-166.48,110.41
2025-08-15T07:00:00.000,199.77,146.44,-166.47,110.43
2025-08-15T07:01:00.000,199.71,146.44,-166.43,110.40
2025-08-15T07:02:00.000,199.76,146.46,-166.50,110.37
2025-08-15T07:03:00.000,199.79,146.46,-166.52,110.38
2025-08-15T07:04:00.000,199.87,146.45,-166.57,110.47
2025-08-15T07:05:00.000,199.81,146.43,-166.48,110.48
2025-08-15T07:06:00.000,199.78,146.40,-166.41,110.54
2025-08-15T07:07:00.000,199.84,146.42,-166.50,110.52
2025-08-15T07:08:00.000,199.83,146.43,-166.49,110.51
2025-08-15T07:09:00.000,199.84,146.41,-166.48,110.55
2025-08-15T07:10:00.000,199.77,146.41,-166.41,110.52
2025-08-15T07:11:00.000,199.84,146.42,-166.48,110.54
2025-08-15T07:12:00.000,199.83,146.39,-166.44,110.60
2025-08-15T07:13:00.000,199.82,146.40,-166.43,110.58
2025-08-15T07:14:00.000,199.81,146.39,-166.41,110.60
2025-08-15T07:15:00.000,199.87,146.41,-166.49,110.59
2025-08-15T07:16:00.000,199.84,146.37,-166.39,110.69
2025-08-15T07:17:00.000,199.88,146.39,-166.47,110.64
2025-08-15T07:18:00.000,199.86,146.38,-166.44,110.65
2025-08-15T07:19:00.000,199.92,146.38,-166.47,110.71
2025-08-15T07:20:00.000,199.85,146.38,-166.42,110.66
2025-08-15T07:21:00.000,199.82,146.37,-166.37,110.67
2025-08-15T07:22:00.000,199.87,146.37,-166.42,110.68
2025-08-15T07:23:00.000,199.91,146.36,-166.43,110.74
2025-08-15T07:24:00.000,199.89,146.36,-166.42,110.74
2025-08-15T07:25:00.000,199.88,146.35,-166.40,110.75
2025-08-15T07:26:00.000,199.86,146.37,-166.41,110.69
2025-08-15T07:27:00.000,199.80,146.34,-166.30,110.74
2025-08-15T07:28:00.000,199.86,146.35,-166.37,110.75
2025-08-15T07:29:00.000,199.83,146.36,-166.37,110.70
2025-08-15T07:30:00.000,199.88,146.36,-166.40,110.72
2025-08-15T07:31:00.000,199.89,146.34,-166.39,110.79
2025-08-15T07:32:00.000,199.84,146.33,-166.31,110.80
2025-08-15T07:33:00.000,199.91,146.35,-166.41,110.77
2025-08-15T07:34:00.000,199.85,146.36,-166.38,110.72
2025-08-15T07:35:00.000,199.85,146.35,-166.36,110.73
2025-08-15T07:36:00.000,199.86,146.35,-166.37,110.75
2025-08-15T07:37:00.000,199.86,146.34,-166.36,110.77
2025-08-15T07:38:00.000,199.92,146.36,-166.45,110.74
2025-08-15T07:39:00.000,199.89,146.35,-166.41,110.75
2025-08-15T07:40:00.000,199.95,146.36,-166.46,110.77
2025-08-15T07:41:00.000,199.94,146.38,-166.49,110.71
2025-08-15T07:42:00.000,199.93,146.37,-166.46,110.73
2025-08-15T07:43:00.000,199.91,146.39,-166.49,110.67
2025-08-15T07:44:00.000,199.88,146.37,-166.44,110.69
2025-08-15T07:45:00.000,199.96,146.41,-166.57,110.63
2025-08-15T07:46:00.000,199.91,146.38,-166.47,110.70
2025-08-15T07:47:00.000,199.97,146.37,-166.50,110.75
2025-08-15T07:48:00.000,199.93,146.37,-166.47,110.72
2025-08-15T07:49:00.000,199.98,146.36,-166.49,110.78
2025-08-15T07:50:00.000,200.03,146.36,-166.54,110.80
2025-08-15T07:51:00.000,199.98,146.37,-166.50,110.77
2025-08-15T07:52:00.000,200.01,146.34,-166.47,110.86
2025-08-15T07:53:00.000,199.92,146.33,-166.37,110.85
2025-08-15T07:54:00.000,199.97,146.32,-166.40,110.90
2025-08-15T07:55:00.000,199.94,146.34,-166.42,110.82
2025-08-15T07:56:00.000,199.98,146.36,-166.49,110.78
2025-08-15T07:57:00.000,199.57,146.40,-166.23,110.43
2025-08-15T07:58:00.000,197.66,146.77,-165.35,108.31
2025-08-15T07:59:00.000,185.46,181.10,-185.42,-3.56
2025-08-15T08:00:00.000,167.99,174.13,-167.11,17.17
2025-08-15T08:01:00.000,157.62,168.84,-154.64,30.50
2025-08-15T08:02:00.000,133.77,162.36,-127.48,40.53
2025-08-15T08:03:00.000,122.19,162.99,-116.85,35.75
2025-08-15T08:04:00.000,109.39,162.57,-104.37,32.76
2025-08-15T08:05:00.000,100.07,160.70,-94.44,33.07
2025-08-15T08:06:00.000,87.81,172.64,-87.08,11.25
2025-08-15T08:07:00.000,81.22,170.33,-80.06,13.65
2025-08-15T08:08:00.000,75.76,168.52,-74.24,15.07
2025-08-15T08:09:00.000,67.64,168.16,-66.20,13.88
2025-08-15T08:10:00.000,60.55,171.48,-59.88,8.97
2025-08-15T08:11:00.000,55.97,167.59,-54.66,12.03
2025-08-15T08:12:00.000,51.14,169.62,-50.31,9.21
2025-08-15T08:13:00.000,46.16,168.19,-45.19,9.45
2025-08-15T08:14:00.000,42.83,181.28,-42.82,-0.96
2025-08-15T08:15:00.000,41.38,170.62,-40.83,6.74
2025-08-15T08:16:00.000,37.35,165.04,-36.08,9.64
2025-08-15T08:17:00.000,35.79,166.61,-34.82,8.29
2025-08-15T08:18:00.000,34.04,166.48,-33.10,7.96
2025-08-15T08:19:00.000,32.99,168.03,-32.27,6.84
2025-08-15T08:20:00.000,31.80,169.70,-31.29,5.68
2025-08-15T08:21:00.000,30.18,172.62,-29.93,3.88
2025-08-15T08:22:00.000,29.89,174.93,-29.77,2.64
2025-08-15T08:23:00.000,29.30,172.16,-29.02,4.00
2025-08-15T08:24:00.000,28.52,173.43,-28.34,3.27
2025-08-15T08:25:00.000,28.41,180.68,-28.41,-0.34
2025-08-15T08:26:00.000,27.88,179.67,-27.88,0.16
2025-08-15T08:27:00.000,27.38,176.03,-27.32,1.90
2025-08-15T08:28:00.000,26.75,178.81,-26.74,0.55
2025-08-15T08:29:00.000,26.55,177.53,-26.53,1.14
2025-08-15T08:30:00.000,26.40,176.30,-26.35,1.71
2025-08-15T08:31:00.000,25.52,175.63,-25.44,1.94
2025-08-15T08:32:00.000,25.32,176.02,-25.26,1.76
2025-08-15T08:33:00.000,25.01,177.19,-24.98,1.23
2025-08-15T08:34:00.000,24.56,182.80,-24.53,-1.20
2025-08-15T08:35:00.000,24.01,179.56,-24.01,0.18
2025-08-15T08:36:00.000,23.25,179.48,-23.25,0.21
2025-08-15T08:37:00.000,22.76,177.48,-22.73,1.00
2025-08-15T08:38:00.000,21.65,176.24,-21.61,1.42
2025-08-15T08:39:00.000,21.31,173.31,-21.17,2.48
2025-08-15T08:40:00.000,20.29,171.85,-20.08,2.88
2025-08-15T08:41:00.000,19.06,171.66,-18.86,2.76
2025-08-15T08:42:00.000,17.66,172.49,-17.51,2.31
2025-08-15T08:43:00.000,15.33,171.87,-15.18,2.17
2025-08-15T08:44:00.000,14.71,171.47,-14.55,2.18
2025-08-15T08:45:00.000,12.72,167.38,-12.42,2.78
2025-08-15T08:46:00.000,9.43,166.27,-9.16,2.24
2025-08-15T08:47:00.000,7.72,166.59,-7.51,1.79
2025-08-15T08:48:00.000,5.82,167.87,-5.69,1.22
2025-08-15T08:49:00.000,3.55,165.96,-3.45,0.86
2025-08-15T08:50:00.000,2.45,167.12,-2.39,0.55
2025-08-15T08:51:00.000,2.13,164.03,-2.05,0.59
2025-08-15T08:52:00.000,2.02,163.73,-1.94,0.57
2025-08-15T08:53:00.000,1.97,160.02,-1.85,0.67
2025-08-15T08:54:00.000,1.88,161.10,-1.78,0.61
2025-08-15T08:55:00.000,1.93,161.02,-1.82,0.63
2025-08-15T08:56:00.000,1.96,161.65,-1.86,0.62
2025-08-15T08:57:00.000,1.95,161.48,-1.85,0.62
2025-08-15T08:58:00.000,1.93,160.69,-1.82,0.64
2025-08-15T08:59:00.000,1.96,160.07,-1.84,0.67
2025-08-15T09:00:00.000,1.95,159.09,-1.82,0.69
2025-08-15T09:01:00.000,2.01,158.91,-1.87,0.72
2025-08-15T09:02:00.000,1.97,159.24,-1.84,0.70
2025-08-15T09:03:00.000,1.95,158.84,-1.82,0.70
2025-08-15T09:04:00.000,1.96,159.99,-1.85,0.67
2025-08-15T09:05:00.000,1.95,158.63,-1.82,0.71
2025-08-15T09:06:00.000,1.95,159.12,-1.83,0.70
2025-08-15T09:07:00.000,1.96,159.85,-1.84,0.68
2025-08-15T09:08:00.000,1.96,159.75,-1.84,0.68
2025-08-15T09:09:00.000,1.96,161.33,-1.86,0.63
2025-08-15T09:10:00.000,1.95,161.65,-1.85,0.61
2025-08-15T09:11:00.000,1.98,161.31,-1.87,0.63
2025-08-15T09:12:00.000,1.99,161.78,-1.89,0.62
2025-08-15T09:13:00.000,1.97,161.35,-1.87,0.63
2025-08-15T09:14:00.000,1.99,161.62,-1.89,0.63
2025-08-15T09:15:00.000,2.00,161.93,-1.90,0.62
2025-08-15T09:16:00.000,1.99,162.76,-1.90,0.59
2025-08-15T09:17:00.000,1.99,163.60,-1.91,0.56
2025-08-15T09:18:00.000,1.99,163.42,-1.91,0.57
2025-08-15T09:19:00.000,1.99,163.59,-1.91,0.56
2025-08-15T09:20:00.000,2.02,165.24,-1.95,0.51
2025-08-15T09:21:00.000,1.99,163.77,-1.91,0.56
2025-08-15T09:22:00.000,2.02,166.21,-1.96,0.48
2025-08-15T09:23:00.000,2.00,165.85,-1.93,0.49
2025-08-15T09:24:00.000,2.03,166.81,-1.98,0.46
2025-08-15T09:25:00.000,2.04,165.92,-1.98,0.50
2025-08-15T09:26:00.000,2.02,165.65,-1.96,0.50
2025-08-15T09:27:00.000,2.05,167.36,-2.00,0.45
2025-08-15T09:28:00.000,2.02,165.27,-1.95,0.51
2025-08-15T09:29:00.000,2.01,163.95,-1.93,0.56
2025-08-15T09:30:00.000,2.04,165.11,-1.97,0.52
2025-08-15T09:31:00.000,1.98,163.90,-1.90,0.55
2025-08-15T09:32:00.000,1.99,164.39,-1.92,0.54
2025-08-15T09:33:00.000,1.97,163.19,-1.89,0.57
2025-08-15T09:34:00.000,1.99,163.75,-1.91,0.56
2025-08-15T09:35:00.000,1.99,163.62,-1.91,0.56
2025-08-15T09:36:00.000,1.98,162.93,-1.89,0.58
2025-08-15T09:37:00.000,1.98,163.48,-1.90,0.56
2025-08-15T09:38:00.000,1.97,162.92,-1.89,0.58
2025-08-15T09:39:00.000,1.97,163.01,-1.88,0.58
2025-08-15T09:40:00.000,1.97,162.41,-1.88,0.59
2025-08-15T09:41:00.000,1.98,162.61,-1.89,0.59
2025-08-15T09:42:00.000,1.97,162.43,-1.88,0.59
2025-08-15T09:43:00.000,1.97,162.59,-1.88,0.59
2025-08-15T09:44:00.000,1.96,162.28,-1.86,0.60
2025-08-15T09:45:00.000,1.96,163.06,-1.88,0.57
2025-08-15T09:46:00.000,1.95,162.33,-1.86,0.59
2025-08-15T09:47:00.000,1.95,162.12,-1.85,0.60
2025-08-15T09:48:00.000,1.94,162.13,-1.85,0.60
2025-08-15T09:49:00.000,1.95,162.15,-1.86,0.60
2025-08-15T09:50:00.000,1.94,160.57,-1.83,0.65
2025-08-15T09:51:00.000,1.94,160.68,-1.83,0.64
2025-08-15T09:52:00.000,1.94,161.23,-1.84,0.62
2025-08-15T09:53:00.000,1.94,160.85,-1.84,0.64
2025-08-15T09:54:00.000,1.93,160.94,-1.83,0.63
2025-08-15T09:55:00.000,1.95,161.33,-1.85,0.63
2025-08-15T09:56:00.000,1.97,160.76,-1.86,0.65
2025-08-15T09:57:00.000,1.96,160.97,-1.85,0.64
2025-08-15T09:58:00.000,1.95,161.44,-1.85,0.62
2025-08-15T09:59:00.000,1.96,161.51,-1.86,0.62
2025-08-15T10:00:00.000,1.96,161.15,-1.86,0.63
2025-08-15T10:01:00.000,1.95,160.66,-1.84,0.65
2025-08-15T10:02:00.000,1.96,161.23,-1.85,0.63
2025-08-15T10:03:00.000,1.94,161.17,-1.84,0.63
2025-08-15T10:04:00.000,1.95,161.37,-1.85,0.62
2025-08-15T10:05:00.000,1.95,161.66,-1.85,0.61
2025-08-15T10:06:00.000,1.95,161.89,-1.85,0.61
2025-08-15T10:07:00.000,1.95,161.91,-1.86,0.61
2025-08-15T10:08:00.000,1.96,161.62,-1.86,0.62
2025-08-15T10:09:00.000,1.95,162.10,-1.86,0.60
2025-08-15T10:10:00.000,1.96,161.23,-1.86,0.63
2025-08-15T10:11:00.000,1.98,162.84,-1.89,0.58
2025-08-15T10:12:00.000,2.57,197.93,-2.44,-0.79
2025-08-15T10:13:00.000,1.84,173.82,-1.83,0.20
2025-08-15T10:14:00.000,1.84,167.77,-1.80,0.39
2025-08-15T10:15:00.000,1.84,168.35,-1.81,0.37
2025-08-15T10:16:00.000,1.84,168.66,-1.80,0.36
2025-08-15T10:17:00.000,1.86,169.77,-1.83,0.33
2025-08-15T10:18:00.000,1.84,168.88,-1.80,0.35
2025-08-15T10:19:00.000,1.85,169.26,-1.82,0.35
2025-08-15T10:20:00.000,1.86,169.09,-1.82,0.35
2025-08-15T10:21:00.000,1.84,168.17,-1.80,0.38
2025-08-15T10:22:00.000,1.84,168.19,-1.80,0.38
2025-08-15T10:23:00.000,1.85,168.57,-1.81,0.37
2025-08-15T10:24:00.000,1.84,167.81,-1.80,0.39
2025-08-15T10:25:00.000,1.85,168.19,-1.81,0.38
2025-08-15T10:26:00.000,1.85,168.09,-1.81,0.38
2025-08-15T10:27:00.000,1.90,169.61,-1.87,0.34
2025-08-15T10:28:00.000,1.87,169.52,-1.84,0.34
2025-08-15T10:29:00.000,1.95,172.73,-1.94,0.25
2025-08-15T10:30:00.000,1.92,171.26,-1.90,0.29
2025-08-15T10:31:00.000,1.91,170.85,-1.88,0.30
2025-08-15T10:32:00.000,1.86,168.87,-1.82,0.36
2025-08-15T10:33:00.000,1.85,167.56,-1.81,0.40
2025-08-15T10:34:00.000,1.84,167.55,-1.80,0.40
2025-08-15T10:35:00.000,1.83,167.71,-1.79,0.39
2025-08-15T10:36:00.000,1.85,167.49,-1.80,0.40
2025-08-15T10:37:00.000,1.86,167.88,-1.81,0.39
2025-08-15T10:38:00.000,1.88,169.42,-1.85,0.34
2025-08-15T10:39:00.000,1.86,169.99,-1.84,0.32
2025-08-15T10:40:00.000,1.95,172.35,-1.94,0.26
2025-08-15T10:41:00.000,1.93,170.96,-1.91,0.30
2025-08-15T10:42:00.000,1.87,169.57,-1.84,0.34
2025-08-15T10:43:00.000,1.83,167.62,-1.78,0.39
2025-08-15T10:44:00.000,1.82,167.55,-1.78,0.39
2025-08-15T10:45:00.000,1.81,166.73,-1.76,0.42
2025-08-15T10:46:00.000,1.84,166.56,-1.79,0.43
2025-08-15T10:47:00.000,1.85,165.31,-1.79,0.47
2025-08-15T10:48:00.000,1.83,166.20,-1.78,0.44
2025-08-15T10:49:00.000,1.81,166.96,-1.77,0.41
2025-08-15T10:50:00.000,1.83,167.76,-1.78,0.39
2025-08-15T10:51:00.000,1.83,168.90,-1.80,0.35
2025-08-15T10:52:00.000,1.85,168.98,-1.82,0.35
2025-08-15T10:53:00.000,1.86,168.61,-1.83,0.37
2025-08-15T10:54:00.000,1.89,169.82,-1.86,0.33
2025-08-15T10:55:00.000,1.87,167.95,-1.83,0.39
2025-08-15T10:56:00.000,1.83,167.83,-1.79,0.39
2025-08-15T10:57:00.000,1.83,167.74,-1.79,0.39
2025-08-15T10:58:00.000,1.83,166.69,-1.78,0.42
2025-08-15T10:59:00.000,1.83,167.31,-1.79,0.40
2025-08-15T11:00:00.000,1.85,168.62,-1.81,0.36
2025-08-15T11:01:00.000,1.87,169.37,-1.83,0.34
2025-08-15T11:02:00.000,1.86,168.60,-1.82,0.37
2025-08-15T11:03:00.000,1.86,168.00,-1.82,0.39
2025-08-15T11:04:00.000,1.89,163.80,-1.82,0.53
2025-08-15T11:05:00.000,1.74,163.62,-1.67,0.49
2025-08-15T11:06:00.000,1.67,163.38,-1.60,0.48
2025-08-15T11:07:00.000,1.76,162.98,-1.68,0.51
2025-08-15T11:08:00.000,1.70,160.43,-1.60,0.57
2025-08-15T11:09:00.000,1.71,161.31,-1.62,0.55
2025-08-15T11:10:00.000,1.67,160.92,-1.58,0.55
2025-08-15T11:11:00.000,1.69,162.09,-1.61,0.52
2025-08-15T11:12:00.000,1.70,162.11,-1.62,0.52
2025-08-15T11:13:00.000,1.71,161.89,-1.62,0.53
2025-08-15T11:14:00.000,1.71,162.10,-1.62,0.52
2025-08-15T11:15:00.000,1.68,162.96,-1.61,0.49
2025-08-15T11:16:00.000,1.71,162.55,-1.63,0.51
2025-08-15T11:17:00.000,1.72,163.24,-1.65,0.50
2025-08-15T11:18:00.000,1.71,162.17,-1.63,0.52
2025-08-15T11:19:00.000,1.70,162.40,-1.62,0.51
2025-08-15T11:20:00.000,1.70,164.12,-1.64,0.47
2025-08-15T11:21:00.000,1.71,165.22,-1.65,0.44
2025-08-15T11:22:00.000,1.72,165.60,-1.66,0.43
2025-08-15T11:23:00.000,1.72,164.03,-1.65,0.47
2025-08-15T11:24:00.000,1.69,164.54,-1.63,0.45
2025-08-15T11:25:00.000,1.84,170.84,-1.81,0.29
2025-08-15T11:26:00.000,1.73,164.37,-1.66,0.47
2025-08-15T11:27:00.000,1.69,164.81,-1.63,0.44
2025-08-15T11:28:00.000,1.70,164.17,-1.63,0.46
2025-08-15T11:29:00.000,1.66,163.52,-1.59,0.47
2025-08-15T11:30:00.000,1.68,163.09,-1.61,0.49
2025-08-15T11:31:00.000,1.70,163.25,-1.63,0.49
2025-08-15T11:32:00.000,1.63,164.75,-1.58,0.43
2025-08-15T11:33:00.000,1.62,163.40,-1.55,0.46
2025-08-15T11:34:00.000,1.63,163.31,-1.56,0.47
2025-08-15T11:35:00.000,1.67,163.58,-1.61,0.47
2025-08-15T11:36:00.000,1.69,162.52,-1.62,0.51
2025-08-15T11:37:00.000,1.77,167.37,-1.73,0.39
2025-08-15T11:38:00.000,1.70,167.53,-1.66,0.37
2025-08-15T11:39:00.000,1.79,169.12,-1.75,0.34
2025-08-15T11:40:00.000,1.66,165.98,-1.61,0.40
2025-08-15T11:41:00.000,1.75,165.32,-1.70,0.44
2025-08-15T11:42:00.000,1.79,169.65,-1.76,0.32
2025-08-15T11:43:00.000,1.70,165.70,-1.65,0.42
2025-08-15T11:44:00.000,1.78,168.45,-1.75,0.36
2025-08-15T11:45:00.000,1.70,164.20,-1.64,0.46
2025-08-15T11:46:00.000,1.74,165.93,-1.69,0.42
2025-08-15T11:47:00.000,1.70,166.72,-1.65,0.39
2025-08-15T11:48:00.000,1.70,164.89,-1.64,0.44
2025-08-15T11:49:00.000,1.64,162.18,-1.56,0.50
2025-08-15T11:50:00.000,1.70,163.79,-1.64,0.48
2025-08-15T11:51:00.000,1.71,163.57,-1.64,0.48
2025-08-15T11:52:00.000,1.72,163.62,-1.65,0.48
2025-08-15T11:53:00.000,1.70,163.51,-1.63,0.48
2025-08-15T11:54:00.000,1.69,161.53,-1.61,0.54
2025-08-15T11:55:00.000,1.72,161.95,-1.64,0.53
2025-08-15T11:56:00.000,1.69,164.53,-1.63,0.45
2025-08-15T11:57:00.000,1.75,163.13,-1.68,0.51
2025-08-15T11:58:00.000,1.76,165.97,-1.71,0.43
2025-08-15T11:59:00.000,1.69,163.43,-1.62,0.48
2025-08-15T12:00:00.000,1.70,164.55,-1.64,0.45
2025-08-15T12:01:00.000,1.69,163.85,-1.62,0.47
2025-08-15T12:02:00.000,1.69,163.33,-1.62,0.48
2025-08-15T12:03:00.000,1.72,165.51,-1.66,0.43
2025-08-15T12:04:00.000,1.75,173.29,-1.74,0.20
2025-08-15T12:05:00.000,1.70,166.19,-1.65,0.41
2025-08-15T12:06:00.000,1.73,169.65,-1.70,0.31
2025-08-15T12:07:00.000,1.68,166.70,-1.64,0.39
2025-08-15T12:08:00.000,1.74,171.36,-1.72,0.26
2025-08-15T12:09:00.000,1.70,165.87,-1.65,0.41
2025-08-15T12:10:00.000,1.73,170.44,-1.71,0.29
2025-08-15T12:11:00.000,1.67,166.04,-1.62,0.40
2025-08-15T12:12:00.000,1.68,165.63,-1.63,0.42
2025-08-15T12:13:00.000,1.73,169.50,-1.70,0.32
2025-08-15T12:14:00.000,1.71,165.64,-1.66,0.43
2025-08-15T12:15:00.000,1.66,167.06,-1.62,0.37
2025-08-15T12:16:00.000,1.69,164.90,-1.64,0.44
2025-08-15T12:17:00.000,1.68,167.76,-1.64,0.36
2025-08-15T12:18:00.000,1.70,168.96,-1.67,0.33
2025-08-15T12:19:00.000,1.69,166.49,-1.64,0.39
2025-08-15T12:20:00.000,1.69,165.71,-1.64,0.42
2025-08-15T12:21:00.000,1.72,168.95,-1.69,0.33
2025-08-15T12:22:00.000,1.68,165.98,-1.63,0.41
2025-08-15T12:23:00.000,1.73,167.73,-1.69,0.37
2025-08-15T12:24:00.000,1.70,165.30,-1.64,0.43
2025-08-15T12:25:00.000,1.83,174.69,-1.82,0.17
2025-08-15T12:26:00.000,1.74,167.24,-1.69,0.38
2025-08-15T12:27:00.000,1.73,168.16,-1.70,0.36
2025-08-15T12:28:00.000,1.68,165.97,-1.63,0.41
2025-08-15T12:29:00.000,1.69,166.50,-1.64,0.39
2025-08-15T12:30:00.000,1.70,169.36,-1.67,0.31
2025-08-15T12:31:00.000,1.68,163.34,-1.61,0.48
2025-08-15T12:32:00.000,1.69,167.96,-1.65,0.35
2025-08-15T12:33:00.000,1.60,152.41,-1.42,0.74
2025-08-15T12:34:00.000,1.72,160.77,-1.63,0.57
2025-08-15T12:35:00.000,1.66,164.90,-1.60,0.43
2025-08-15T12:36:00.000,1.63,160.23,-1.53,0.55
2025-08-15T12:37:00.000,1.62,157.89,-1.50,0.61
2025-08-15T12:38:00.000,1.63,159.63,-1.53,0.57
2025-08-15T12:39:00.000,1.73,165.24,-1.67,0.44
2025-08-15T12:40:00.000,1.58,150.85,-1.38,0.77
2025-08-15T12:41:00.000,1.63,157.22,-1.50,0.63
2025-08-15T12:42:00.000,1.39,173.31,-1.38,0.16
2025-08-15T12:43:00.000,1.41,173.39,-1.40,0.16
2025-08-15T12:44:00.000,1.41,171.35,-1.40,0.21
2025-08-15T12:45:00.000,1.37,163.46,-1.31,0.39
2025-08-15T12:46:00.000,1.34,150.82,-1.17,0.66
2025-08-15T12:47:00.000,1.48,158.49,-1.38,0.54
2025-08-15T12:48:00.000,1.46,158.41,-1.36,0.54
2025-08-15T12:49:00.000,1.42,165.03,-1.37,0.37
2025-08-15T12:50:00.000,1.45,153.47,-1.30,0.65
2025-08-15T12:51:00.000,1.48,162.12,-1.41,0.45
2025-08-15T12:52:00.000,1.40,164.03,-1.34,0.38
2025-08-15T12:53:00.000,1.36,155.69,-1.24,0.56
2025-08-15T12:54:00.000,1.43,160.41,-1.35,0.48
2025-08-15T12:55:00.000,1.40,165.68,-1.36,0.35
2025-08-15T12:56:00.000,1.39,166.04,-1.35,0.34
2025-08-15T12:57:00.000,1.37,167.98,-1.34,0.29
2025-08-15T12:58:00.000,1.24,157.08,-1.14,0.48
2025-08-15T12:59:00.000,1.35,166.72,-1.31,0.31
2025-08-15T13:00:00.000,1.50,171.04,-1.49,0.23
2025-08-15T13:01:00.000,1.41,162.14,-1.34,0.43
2025-08-15T13:02:00.000,1.36,160.57,-1.28,0.45
2025-08-15T13:03:00.000,1.67,124.32,-0.94,1.38
2025-08-15T13:04:00.000,1.83,145.41,-1.51,1.04
2025-08-15T13:05:00.000,1.50,114.50,-0.62,1.36
2025-08-15T13:06:00.000,2.10,125.20,-1.21,1.72
2025-08-15T13:07:00.000,1.42,140.08,-1.09,0.91
2025-08-15T13:08:00.000,1.45,138.61,-1.09,0.96
2025-08-15T13:09:00.000,1.42,138.99,-1.07,0.93
2025-08-15T13:10:00.000,1.50,152.88,-1.34,0.69
2025-08-15T13:11:00.000,1.45,124.20,-0.82,1.20
2025-08-15T13:12:00.000,1.51,129.22,-0.95,1.17
2025-08-15T13:13:00.000,1.73,122.87,-0.94,1.45
2025-08-15T13:14:00.000,1.55,136.73,-1.13,1.06
2025-08-15T13:15:00.000,1.77,113.02,-0.69,1.63
2025-08-15T13:16:00.000,1.93,118.14,-0.91,1.70
2025-08-15T13:17:00.000,1.79,119.88,-0.89,1.55
2025-08-15T13:18:00.000,1.38,138.47,-1.03,0.92
2025-08-15T13:19:00.000,1.67,121.96,-0.88,1.42
2025-08-15T13:20:00.000,1.49,143.89,-1.21,0.88
2025-08-15T13:21:00.000,1.45,139.39,-1.10,0.94
2025-08-15T13:22:00.000,1.66,117.42,-0.77,1.47
2025-08-15T13:23:00.000,1.42,141.01,-1.11,0.89
2025-08-15T13:24:00.000,1.44,126.37,-0.85,1.16
2025-08-15T13:25:00.000,1.49,145.71,-1.23,0.84
2025-08-15T13:26:00.000,1.95,99.26,-0.31,1.92
2025-08-15T13:27:00.000,2.78,86.33,0.18,2.77
2025-08-15T13:28:00.000,3.01,72.73,0.89,2.88
2025-08-15T13:29:00.000,5.60,73.11,1.63,5.36
2025-08-15T13:30:00.000,3.39,72.12,1.04,3.23
2025-08-15T13:31:00.000,1.76,105.07,-0.46,1.70
2025-08-15T13:32:00.000,1.77,103.94,-0.43,1.71
2025-08-15T13:33:00.000,1.52,139.73,-1.16,0.98
2025-08-15T13:34:00.000,1.56,123.03,-0.85,1.31
2025-08-15T13:35:00.000,1.51,113.90,-0.61,1.38
2025-08-15T13:36:00.000,2.27,77.01,0.51,2.21
2025-08-15T13:37:00.000,2.12,91.66,-0.06,2.12
2025-08-15T13:38:00.000,1.62,109.94,-0.55,1.53
2025-08-15T13:39:00.000,1.80,106.88,-0.52,1.72
2025-08-15T13:40:00.000,1.63,115.55,-0.70,1.47
2025-08-15T13:41:00.000,1.54,122.81,-0.84,1.30
2025-08-15T13:42:00.000,1.56,107.46,-0.47,1.49
2025-08-15T13:43:00.000,1.49,122.93,-0.81,1.25
2025-08-15T13:44:00.000,1.39,136.73,-1.01,0.95
2025-08-15T13:45:00.000,1.47,148.00,-1.24,0.78
2025-08-15T13:46:00.000,1.50,140.60,-1.16,0.95
2025-08-15T13:47:00.000,1.47,139.73,-1.12,0.95
2025-08-15T13:48:00.000,2.61,89.96,0.00,2.61
2025-08-15T13:49:00.000,1.74,111.15,-0.63,1.62
2025-08-15T13:50:00.000,2.80,92.00,-0.10,2.80
2025-08-15T13:51:00.000,3.81,75.47,0.96,3.69
2025-08-15T13:52:00.000,1.88,101.95,-0.39,1.84
2025-08-15T13:53:00.000,1.44,133.23,-0.99,1.05
2025-08-15T13:54:00.000,1.56,138.82,-1.17,1.03
2025-08-15T13:55:00.000,1.32,128.70,-0.83,1.03
2025-08-15T13:56:00.000,1.53,129.21,-0.96,1.18
2025-08-15T13:57:00.000,1.51,129.12,-0.95,1.17
2025-08-15T13:58:00.000,1.43,124.81,-0.81,1.17
2025-08-15T13:59:00.000,1.38,145.76,-1.14,0.78
2025-08-15T14:00:00.000,1.40,138.16,-1.04,0.93
2025-08-15T14:01:00.000,1.40,120.07,-0.70,1.21
2025-08-15T14:02:00.000,1.59,111.81,-0.59,1.48
2025-08-15T14:03:00.000,2.03,97.89,-0.28,2.01
2025-08-15T14:04:00.000,1.98,100.42,-0.36,1.95
2025-08-15T14:05:00.000,1.45,126.43,-0.86,1.17
2025-08-15T14:06:00.000,1.55,135.99,-1.12,1.08
2025-08-15T14:07:00.000,1.43,137.24,-1.05,0.97
2025-08-15T14:08:00.000,1.34,111.93,-0.50,1.25
2025-08-15T14:09:00.000,1.76,99.82,-0.30,1.74
2025-08-15T14:10:00.000,1.32,113.88,-0.53,1.20
2025-08-15T14:11:00.000,2.01,91.05,-0.04,2.01
2025-08-15T14:12:00.000,1.68,110.90,-0.60,1.57
2025-08-15T14:13:00.000,2.24,103.10,-0.51,2.18
2025-08-15T14:14:00.000,2.60,100.15,-0.46,2.56
2025-08-15T14:15:00.000,4.17,65.07,1.76,3.78
2025-08-15T14:16:00.000,4.73,74.82,1.24,4.56
2025-08-15T14:17:00.000,2.77,84.48,0.27,2.75
2025-08-15T14:18:00.000,2.97,86.67,0.17,2.97
2025-08-15T14:19:00.000,1.65,123.10,-0.90,1.38
2025-08-15T14:20:00.000,1.67,115.81,-0.73,1.51
2025-08-15T14:21:00.000,1.67,114.79,-0.70,1.52
2025-08-15T14:22:00.000,1.92,91.07,-0.04,1.92
2025-08-15T14:23:00.000,2.35,97.35,-0.30,2.33
2025-08-15T14:24:00.000,1.41,125.76,-0.82,1.14
2025-08-15T14:25:00.000,2.09,97.19,-0.26,2.07
2025-08-15T14:26:00.000,1.68,118.56,-0.80,1.47
2025-08-15T14:27:00.000,2.12,101.07,-0.41,2.08
2025-08-15T14:28:00.000,3.20,84.25,0.32,3.18
2025-08-15T14:29:00.000,1.79,98.46,-0.26,1.77
2025-08-15T14:30:00.000,1.99,109.39,-0.66,1.88
2025-08-15T14:31:00.000,1.48,141.55,-1.16,0.92
2025-08-15T14:32:00.000,2.14,89.65,0.01,2.14
2025-08-15T14:33:00.000,1.80,118.25,-0.85,1.58
2025-08-15T14:34:00.000,1.38,139.60,-1.05,0.89
2025-08-15T14:35:00.000,2.21,101.84,-0.45,2.16
2025-08-15T14:36:00.000,1.58,130.32,-1.02,1.21
2025-08-15T14:37:00.000,3.25,79.76,0.58,3.20
2025-08-15T14:38:00.000,1.92,107.10,-0.56,1.83
2025-08-15T14:39:00.000,2.82,97.03,-0.35,2.80
2025-08-15T14:40:00.000,3.73,91.37,-0.09,3.73
2025-08-15T14:41:00.000,1.51,144.25,-1.22,0.88
2025-08-15T14:42:00.000,2.57,74.59,0.68,2.47
2025-08-15T14:43:00.000,1.70,138.20,-1.27,1.13
2025-08-15T14:44:00.000,1.29,127.80,-0.79,1.02
2025-08-15T14:45:00.000,1.37,123.73,-0.76,1.14
2025-08-15T14:46:00.000,1.46,150.07,-1.27,0.73
2025-08-15T14:47:00.000,1.54,141.57,-1.21,0.96
2025-08-15T14:48:00.000,1.55,138.25,-1.16,1.03
2025-08-15T14:49:00.000,1.80,122.82,-0.98,1.51
2025-08-15T14:50:00.000,3.67,74.78,0.96,3.54
2025-08-15T14:51:00.000,1.48,123.75,-0.82,1.23
2025-08-15T14:52:00.000,1.68,112.69,-0.65,1.55
2025-08-15T14:53:00.000,1.56,133.38,-1.07,1.14
2025-08-15T14:54:00.000,1.94,159.90,-1.82,0.67
2025-08-15T14:55:00.000,1.54,143.39,-1.24,0.92
2025-08-15T14:56:00.000,1.40,146.09,-1.16,0.78
2025-08-15T14:57:00.000,1.56,136.81,-1.14,1.07
2025-08-15T14:58:00.000,1.70,134.22,-1.18,1.22
2025-08-15T14:59:00.000,1.46,134.14,-1.01,1.05
2025-08-15T15:00:00.000,1.98,103.26,-0.45,1.93
2025-08-15T15:01:00.000,1.61,121.58,-0.85,1.37
2025-08-15T15:02:00.000,1.60,119.26,-0.78,1.39
2025-08-15T15:03:00.000,1.62,117.94,-0.76,1.43
2025-08-15T15:04:00.000,1.51,134.44,-1.05,1.08
2025-08-15T15:05:00.000,3.46,83.83,0.37,3.44
2025-08-15T15:06:00.000,1.89,115.92,-0.83,1.70
2025-08-15T15:07:00.000,1.79,116.97,-0.81,1.60
2025-08-15T15:08:00.000,1.65,114.50,-0.68,1.50
2025-08-15T15:09:00.000,1.91,95.18,-0.17,1.90
2025-08-15T15:10:00.000,1.54,130.87,-1.01,1.17
2025-08-15T15:11:00.000,1.42,122.45,-0.76,1.20
2025-08-15T15:12:00.000,1.51,131.45,-1.00,1.13
2025-08-15T15:13:00.000,1.55,137.70,-1.15,1.05
2025-08-15T15:14:00.000,1.87,96.49,-0.21,1.86
2025-08-15T15:15:00.000,1.60,133.02,-1.09,1.17
2025-08-15T15:16:00.000,1.58,124.12,-0.89,1.31
2025-08-15T15:17:00.000,2.32,109.97,-0.79,2.18
2025-08-15T15:18:00.000,1.92,104.72,-0.49,1.86
2025-08-15T15:19:00.000,1.65,117.63,-0.77,1.46
2025-08-15T15:20:00.000,1.95,110.98,-0.70,1.82
2025-08-15T15:21:00.000,1.53,133.80,-1.06,1.10
2025-08-15T15:22:00.000,1.51,132.24,-1.01,1.12
2025-08-15T15:23:00.000,1.64,148.55,-1.40,0.85
2025-08-15T15:24:00.000,1.44,142.28,-1.14,0.88
2025-08-15T15:25:00.000,1.41,142.18,-1.11,0.86
2025-08-15T15:26:00.000,1.50,142.17,-1.18,0.92
2025-08-15T15:27:00.000,1.73,105.39,-0.46,1.67
2025-08-15T15:28:00.000,1.66,112.48,-0.64,1.54
2025-08-15T15:29:00.000,1.60,117.90,-0.75,1.41
2025-08-15T15:30:00.000,1.66,117.20,-0.76,1.47
2025-08-15T15:31:00.000,1.52,129.83,-0.97,1.17
2025-08-15T15:32:00.000,1.53,122.83,-0.83,1.29
2025-08-15T15:33:00.000,1.54,122.83,-0.83,1.29
2025-08-15T15:34:00.000,1.44,126.12,-0.85,1.17
2025-08-15T15:35:00.000,1.47,133.03,-1.00,1.07
2025-08-15T15:36:00.000,1.46,140.07,-1.12,0.94
2025-08-15T15:37:00.000,1.45,133.01,-0.99,1.06
2025-08-15T15:38:00.000,1.49,117.69,-0.69,1.32
2025-08-15T15:39:00.000,1.62,114.03,-0.66,1.48
2025-08-15T15:40:00.000,1.55,123.21,-0.85,1.30
2025-08-15T15:41:00.000,1.33,140.83,-1.04,0.84
2025-08-15T15:42:00.000,1.85,106.82,-0.53,1.77
2025-08-15T15:43:00.000,1.40,131.60,-0.93,1.05
2025-08-15T15:44:00.000,1.34,131.02,-0.88,1.01
2025-08-15T15:45:00.000,1.52,121.64,-0.80,1.30
2025-08-15T15:46:00.000,1.55,144.81,-1.27,0.90
2025-08-15T15:47:00.000,1.49,146.15,-1.24,0.83
2025-08-15T15:48:00.000,1.53,154.08,-1.38,0.67
2025-08-15T15:49:00.000,1.42,147.63,-1.20,0.76
2025-08-15T15:50:00.000,1.51,150.90,-1.32,0.73
2025-08-15T15:51:00.000,1.47,148.07,-1.24,0.78
2025-08-15T15:52:00.000,1.40,135.08,-0.99,0.99
2025-08-15T15:53:00.000,1.44,134.58,-1.01,1.02
2025-08-15T15:54:00.000,1.41,132.91,-0.96,1.04
2025-08-15T15:55:00.000,1.42,123.84,-0.79,1.18
2025-08-15T15:56:00.000,1.53,132.43,-1.03,1.13
2025-08-15T15:57:00.000,1.47,146.81,-1.23,0.80
2025-08-15T15:58:00.000,1.42,147.45,-1.20,0.76
2025-08-15T15:59:00.000,1.47,148.37,-1.25,0.77
2025-08-15T16:00:00.000,1.44,145.21,-1.18,0.82
2025-08-15T16:01:00.000,1.41,136.56,-1.02,0.97
2025-08-15T16:02:00.000,1.41,147.58,-1.19,0.76
2025-08-15T16:03:00.000,1.40,137.96,-1.04,0.94
2025-08-15T16:04:00.000,1.52,130.69,-0.99,1.15
2025-08-15T16:05:00.000,1.43,130.40,-0.93,1.09
2025-08-15T16:06:00.000,1.61,119.70,-0.80,1.40
2025-08-15T16:07:00.000,1.47,135.37,-1.05,1.03
2025-08-15T16:08:00.000,1.56,139.57,-1.19,1.01
2025-08-15T16:09:00.000,1.48,135.40,-1.05,1.04
2025-08-15T16:10:00.000,1.54,150.60,-1.34,0.76
2025-08-15T16:11:00.000,1.46,149.04,-1.25,0.75
2025-08-15T16:12:00.000,1.44,150.12,-1.25,0.72
2025-08-15T16:13:00.000,1.51,138.55,-1.13,1.00
2025-08-15T16:14:00.000,1.42,140.62,-1.10,0.90
2025-08-15T16:15:00.000,1.39,135.10,-0.99,0.98
2025-08-15T16:16:00.000,1.39,135.13,-0.98,0.98
2025-08-15T16:17:00.000,1.33,139.39,-1.01,0.87
2025-08-15T16:18:00.000,1.37,131.73,-0.92,1.03
2025-08-15T16:19:00.000,1.41,133.79,-0.98,1.02
2025-08-15T16:20:00.000,1.42,139.27,-1.07,0.92
2025-08-15T16:21:00.000,1.42,138.64,-1.07,0.94
2025-08-15T16:22:00.000,1.45,143.75,-1.17,0.85
2025-08-15T16:23:00.000,1.47,145.45,-1.21,0.84
2025-08-15T16:24:00.000,1.45,144.32,-1.17,0.84
2025-08-15T16:25:00.000,1.49,139.27,-1.13,0.98
2025-08-15T16:26:00.000,1.45,128.62,-0.91,1.13
2025-08-15T16:27:00.000,1.44,142.96,-1.15,0.87
2025-08-15T16:28:00.000,1.45,134.38,-1.01,1.04
2025-08-15T16:29:00.000,1.37,142.96,-1.09,0.83
2025-08-15T16:30:00.000,1.46,142.81,-1.16,0.88
2025-08-15T16:31:00.000,1.43,142.75,-1.14,0.86
2025-08-15T16:32:00.000,1.49,138.08,-1.11,0.99
2025-08-15T16:33:00.000,1.39,125.43,-0.81,1.13
2025-08-15T16:34:00.000,1.41,123.49,-0.78,1.17
2025-08-15T16:35:00.000,1.40,124.38,-0.79,1.16
2025-08-15T16:36:00.000,1.39,129.08,-0.88,1.08
2025-08-15T16:37:00.000,1.45,122.24,-0.77,1.23
2025-08-15T16:38:00.000,1.40,139.47,-1.07,0.91
2025-08-15T16:39:00.000,1.51,118.38,-0.72,1.33
2025-08-15T16:40:00.000,2.85,77.39,0.62,2.78
2025-08-15T16:41:00.000,1.49,110.69,-0.53,1.40
2025-08-15T16:42:00.000,1.54,117.32,-0.71,1.37
2025-08-15T16:43:00.000,1.41,137.18,-1.03,0.96
2025-08-15T16:44:00.000,1.49,133.88,-1.03,1.08
2025-08-15T16:45:00.000,1.41,134.71,-0.99,1.00
2025-08-15T16:46:00.000,1.44,127.26,-0.87,1.14
2025-08-15T16:47:00.000,1.39,125.34,-0.80,1.13
2025-08-15T16:48:00.000,1.45,122.48,-0.78,1.22
2025-08-15T16:49:00.000,1.40,135.99,-1.01,0.97
2025-08-15T16:50:00.000,1.51,129.40,-0.96,1.17
2025-08-15T16:51:00.000,1.42,115.59,-0.62,1.28
2025-08-15T16:52:00.000,1.47,121.38,-0.76,1.25
2025-08-15T16:53:00.000,1.57,121.95,-0.83,1.33
2025-08-15T16:54:00.000,1.98,99.63,-0.33,1.95
2025-08-15T16:55:00.000,1.61,117.55,-0.74,1.43
2025-08-15T16:56:00.000,1.67,103.97,-0.40,1.62
2025-08-15T16:57:00.000,2.11,96.76,-0.25,2.09
2025-08-15T16:58:00.000,1.63,100.53,-0.30,1.60
2025-08-15T16:59:00.000,2.98,82.67,0.38,2.95
2025-08-15T17:00:00.000,1.93,92.44,-0.08,1.93
2025-08-15T17:01:00.000,2.21,93.45,-0.13,2.21
2025-08-15T17:02:00.000,1.60,111.70,-0.59,1.49
2025-08-15T17:03:00.000,1.66,104.46,-0.41,1.61
2025-08-15T17:04:00.000,1.64,99.61,-0.27,1.61
2025-08-15T17:05:00.000,1.97,98.85,-0.30,1.94
2025-08-15T17:06:00.000,2.18,94.34,-0.16,2.17
2025-08-15T17:07:00.000,1.84,95.24,-0.17,1.83
2025-08-15T17:08:00.000,1.77,105.19,-0.46,1.71
2025-08-15T17:09:00.000,1.60,114.82,-0.67,1.45
2025-08-15T17:10:00.000,1.68,102.64,-0.37,1.64
2025-08-15T17:11:00.000,1.38,111.25,-0.50,1.29
2025-08-15T17:12:00.000,1.45,121.63,-0.76,1.24
2025-08-15T17:13:00.000,1.43,120.57,-0.73,1.23
2025-08-15T17:14:00.000,1.48,113.51,-0.59,1.36
2025-08-15T17:15:00.000,1.51,112.99,-0.59,1.39
2025-08-15T17:16:00.000,1.39,126.05,-0.82,1.12
2025-08-15T17:17:00.000,1.46,123.97,-0.81,1.21
2025-08-15T17:18:00.000,1.48,117.62,-0.69,1.32
2025-08-15T17:19:00.000,1.59,119.06,-0.77,1.39
2025-08-15T17:20:00.000,1.66,112.52,-0.64,1.53
2025-08-15T17:21:00.000,1.60,105.96,-0.44,1.54
2025-08-15T17:22:00.000,1.65,107.00,-0.48,1.58
2025-08-15T17:23:00.000,1.56,110.84,-0.55,1.46
2025-08-15T17:24:00.000,1.62,109.31,-0.54,1.53
2025-08-15T17:25:00.000,1.55,108.44,-0.49,1.47
2025-08-15T17:26:00.000,1.40,125.59,-0.81,1.14
2025-08-15T17:27:00.000,1.52,120.59,-0.77,1.31
2025-08-15T17:28:00.000,1.54,125.74,-0.90,1.25
2025-08-15T17:29:00.000,1.48,136.57,-1.07,1.01
2025-08-15T17:30:00.000,1.54,121.70,-0.81,1.31
2025-08-15T17:31:00.000,1.46,125.85,-0.86,1.18
2025-08-15T17:32:00.000,1.61,118.63,-0.77,1.41
2025-08-15T17:33:00.000,1.44,132.48,-0.97,1.06
2025-08-15T17:34:00.000,1.67,116.71,-0.75,1.49
2025-08-15T17:35:00.000,1.63,116.74,-0.73,1.45
2025-08-15T17:36:00.000,1.59,120.27,-0.80,1.38
2025-08-15T17:37:00.000,1.54,127.86,-0.95,1.22
2025-08-15T17:38:00.000,1.52,130.41,-0.98,1.16
2025-08-15T17:39:00.000,1.66,122.72,-0.90,1.40
2025-08-15T17:40:00.000,1.71,115.98,-0.75,1.54
2025-08-15T17:41:00.000,1.84,109.19,-0.61,1.74
2025-08-15T17:42:00.000,1.77,114.01,-0.72,1.62
2025-08-15T17:43:00.000,1.70,120.73,-0.87,1.46
2025-08-15T17:44:00.000,1.85,109.90,-0.63,1.74
2025-08-15T17:45:00.000,1.71,110.31,-0.59,1.60
2025-08-15T17:46:00.000,1.70,107.10,-0.50,1.63
2025-08-15T17:47:00.000,1.59,119.53,-0.78,1.38
2025-08-15T17:48:00.000,1.76,115.99,-0.77,1.58
2025-08-15T17:49:00.000,1.55,120.83,-0.79,1.33
2025-08-15T17:50:00.000,1.57,123.83,-0.87,1.31
2025-08-15T17:51:00.000,1.67,120.25,-0.84,1.44
2025-08-15T17:52:00.000,1.79,115.68,-0.78,1.61
2025-08-15T17:53:00.000,1.70,114.41,-0.70,1.55
2025-08-15T17:54:00.000,1.73,115.34,-0.74,1.57
2025-08-15T17:55:00.000,1.80,106.25,-0.50,1.73
2025-08-15T17:56:00.000,2.03,91.75,-0.06,2.03
2025-08-15T17:57:00.000,2.02,98.85,-0.31,1.99
2025-08-15T17:58:00.000,1.88,97.13,-0.23,1.87
2025-08-15T17:59:00.000,1.75,112.75,-0.68,1.61
2025-08-15T18:00:00.000,1.54,128.18,-0.95,1.21
2025-08-15T18:01:00.000,1.79,109.43,-0.60,1.69
2025-08-15T18:02:00.000,1.59,127.61,-0.97,1.26
2025-08-15T18:03:00.000,1.57,121.82,-0.83,1.33
2025-08-15T18:04:00.000,1.65,122.81,-0.89,1.39
2025-08-15T18:05:00.000,1.67,124.06,-0.94,1.39
2025-08-15T18:06:00.000,1.64,121.96,-0.87,1.39
2025-08-15T18:07:00.000,1.61,127.56,-0.98,1.27
2025-08-15T18:08:00.000,1.59,133.17,-1.09,1.16
2025-08-15T18:09:00.000,1.02,140.95,-0.80,0.65
2025-08-15T18:10:00.000,1.97,162.89,-1.89,0.58
2025-08-15T18:11:00.000,2.10,135.32,-1.49,1.48
2025-08-15T18:12:00.000,2.18,148.00,-1.84,1.15
2025-08-15T18:13:00.000,2.28,148.89,-1.96,1.18
2025-08-15T18:14:00.000,2.05,134.15,-1.43,1.47
2025-08-15T18:15:00.000,2.50,138.31,-1.86,1.66
2025-08-15T18:16:00.000,2.72,132.71,-1.84,2.00
2025-08-15T18:17:00.000,1.78,138.72,-1.34,1.17
2025-08-15T18:18:00.000,1.59,139.38,-1.21,1.04
2025-08-15T18:19:00.000,1.59,135.99,-1.15,1.11
2025-08-15T18:20:00.000,1.57,133.21,-1.07,1.14
2025-08-15T18:21:00.000,1.58,136.17,-1.14,1.09
2025-08-15T18:22:00.000,1.59,136.15,-1.14,1.10
2025-08-15T18:23:00.000,1.67,131.03,-1.10,1.26
2025-08-15T18:24:00.000,1.57,142.19,-1.24,0.96
2025-08-15T18:25:00.000,1.55,141.30,-1.21,0.97
2025-08-15T18:26:00.000,1.57,142.53,-1.24,0.95
2025-08-15T18:27:00.000,1.55,146.09,-1.29,0.87
2025-08-15T18:28:00.000,1.50,139.61,-1.14,0.97
2025-08-15T18:29:00.000,1.50,143.90,-1.21,0.88
2025-08-15T18:30:00.000,1.52,141.67,-1.19,0.94
2025-08-15T18:31:00.000,1.56,148.17,-1.32,0.82
2025-08-15T18:32:00.000,1.55,148.22,-1.32,0.81
2025-08-15T18:33:00.000,1.53,148.77,-1.31,0.79
2025-08-15T18:34:00.000,1.51,147.30,-1.27,0.82
2025-08-15T18:35:00.000,1.54,144.52,-1.26,0.90
2025-08-15T18:36:00.000,1.52,142.97,-1.21,0.91
2025-08-15T18:37:00.000,1.58,139.22,-1.20,1.03
2025-08-15T18:38:00.000,1.38,131.15,-0.91,1.04
2025-08-15T18:39:00.000,1.48,131.80,-0.98,1.10
2025-08-15T18:40:00.000,2.15,110.75,-0.76,2.01
2025-08-15T18:41:00.000,2.07,120.22,-1.04,1.79
2025-08-15T18:42:00.000,1.59,117.17,-0.73,1.42
2025-08-15T18:43:00.000,1.55,118.27,-0.73,1.36
2025-08-15T18:44:00.000,1.53,123.49,-0.84,1.27
2025-08-15T18:45:00.000,1.52,121.59,-0.79,1.29
2025-08-15T18:46:00.000,1.53,127.03,-0.92,1.23
2025-08-15T18:47:00.000,1.54,128.14,-0.95,1.21
2025-08-15T18:48:00.000,1.48,135.25,-1.05,1.04
2025-08-15T18:49:00.000,2.16,136.05,-1.55,1.50
2025-08-15T18:50:00.000,1.54,126.24,-0.91,1.24
2025-08-15T18:51:00.000,1.64,138.24,-1.22,1.09
2025-08-15T18:52:00.000,1.62,142.59,-1.29,0.98
2025-08-15T18:53:00.000,1.59,146.58,-1.33,0.88
2025-08-15T18:54:00.000,1.58,146.89,-1.33,0.87
2025-08-15T18:55:00.000,1.58,147.16,-1.32,0.85
2025-08-15T18:56:00.000,1.58,144.93,-1.30,0.91
2025-08-15T18:57:00.000,1.60,142.96,-1.28,0.97
2025-08-15T18:58:00.000,1.60,141.50,-1.26,1.00
2025-08-15T18:59:00.000,1.61,141.76,-1.26,0.99
2025-08-15T19:00:00.000,1.62,136.90,-1.18,1.11
2025-08-15T19:01:00.000,1.57,138.57,-1.18,1.04
2025-08-15T19:02:00.000,1.60,141.25,-1.25,1.00
2025-08-15T19:03:00.000,1.59,143.17,-1.27,0.95
2025-08-15T19:04:00.000,1.58,145.88,-1.31,0.89
2025-08-15T19:05:00.000,1.59,146.72,-1.33,0.87
2025-08-15T19:06:00.000,1.59,145.79,-1.31,0.89
2025-08-15T19:07:00.000,1.59,145.78,-1.31,0.89
2025-08-15T19:08:00.000,1.60,141.86,-1.26,0.99
2025-08-15T19:09:00.000,1.59,138.47,-1.19,1.05
2025-08-15T19:10:00.000,1.60,143.12,-1.28,0.96
2025-08-15T19:11:00.000,1.58,145.08,-1.30,0.90
2025-08-15T19:12:00.000,1.59,145.86,-1.32,0.89
2025-08-15T19:13:00.000,1.60,148.07,-1.35,0.84
2025-08-15T19:14:00.000,1.58,147.89,-1.34,0.84
2025-08-15T19:15:00.000,1.59,148.90,-1.36,0.82
2025-08-15T19:16:00.000,1.58,149.30,-1.36,0.81
2025-08-15T19:17:00.000,1.58,148.45,-1.35,0.83
2025-08-15T19:18:00.000,1.58,146.97,-1.32,0.86
2025-08-15T19:19:00.000,1.55,148.49,-1.32,0.81
2025-08-15T19:20:00.000,1.56,146.52,-1.30,0.86
2025-08-15T19:21:00.000,1.54,146.53,-1.29,0.85
2025-08-15T19:22:00.000,1.54,147.49,-1.30,0.83
2025-08-15T19:23:00.000,1.55,148.10,-1.31,0.82
2025-08-15T19:24:00.000,1.55,148.35,-1.32,0.81
2025-08-15T19:25:00.000,1.55,149.76,-1.34,0.78
2025-08-15T19:26:00.000,1.55,149.91,-1.34,0.78
2025-08-15T19:27:00.000,1.55,148.86,-1.33,0.80
2025-08-15T19:28:00.000,1.55,148.35,-1.32,0.81
2025-08-15T19:29:00.000,1.55,147.89,-1.32,0.83
2025-08-15T19:30:00.000,1.56,146.58,-1.30,0.86
2025-08-15T19:31:00.000,1.52,144.35,-1.24,0.89
2025-08-15T19:32:00.000,1.51,139.83,-1.16,0.98
2025-08-15T19:33:00.000,1.50,142.97,-1.20,0.91
2025-08-15T19:34:00.000,1.49,143.77,-1.21,0.88
2025-08-15T19:35:00.000,1.51,146.94,-1.27,0.82
2025-08-15T19:36:00.000,1.51,148.53,-1.28,0.79
2025-08-15T19:37:00.000,1.51,148.72,-1.29,0.78
2025-08-15T19:38:00.000,1.50,149.38,-1.29,0.77
2025-08-15T19:39:00.000,1.51,148.31,-1.29,0.79
2025-08-15T19:40:00.000,1.49,147.46,-1.25,0.80
2025-08-15T19:41:00.000,1.52,146.71,-1.27,0.83
2025-08-15T19:42:00.000,1.50,145.87,-1.24,0.84
2025-08-15T19:43:00.000,1.50,145.05,-1.23,0.86
2025-08-15T19:44:00.000,1.53,147.85,-1.29,0.81
2025-08-15T19:45:00.000,1.54,148.02,-1.31,0.82
2025-08-15T19:46:00.000,1.50,149.03,-1.28,0.77
2025-08-15T19:47:00.000,1.51,149.85,-1.30,0.76
2025-08-15T19:48:00.000,1.52,149.68,-1.31,0.77
2025-08-15T19:49:00.000,1.50,150.01,-1.30,0.75
2025-08-15T19:50:00.000,1.48,146.95,-1.24,0.81
2025-08-15T19:51:00.000,1.48,145.84,-1.23,0.83
2025-08-15T19:52:00.000,1.45,143.53,-1.16,0.86
2025-08-15T19:53:00.000,1.51,143.19,-1.21,0.91
2025-08-15T19:54:00.000,1.47,144.82,-1.20,0.85
2025-08-15T19:55:00.000,1.45,145.62,-1.20,0.82
2025-08-15T19:56:00.000,1.41,148.67,-1.20,0.73
2025-08-15T19:57:00.000,1.47,150.51,-1.28,0.72
2025-08-15T19:58:00.000,1.42,148.61,-1.21,0.74
2025-08-15T19:59:00.000,1.41,150.14,-1.22,0.70
2025-08-15T20:00:00.000,1.40,147.88,-1.19,0.75
2025-08-15T20:01:00.000,1.39,147.22,-1.17,0.75
2025-08-15T20:02:00.000,1.37,147.23,-1.16,0.74
2025-08-15T20:03:00.000,1.35,145.35,-1.11,0.77
2025-08-15T20:04:00.000,1.34,145.12,-1.10,0.77
2025-08-15T20:05:00.000,1.42,147.38,-1.20,0.77
2025-08-15T20:06:00.000,1.37,145.25,-1.12,0.78
2025-08-15T20:07:00.000,1.34,150.35,-1.16,0.66
2025-08-15T20:08:00.000,1.37,149.51,-1.18,0.69
2025-08-15T20:09:00.000,1.37,151.31,-1.20,0.66
2025-08-15T20:10:00.000,1.31,151.68,-1.15,0.62
2025-08-15T20:11:00.000,1.41,149.45,-1.22,0.72
2025-08-15T20:12:00.000,1.36,146.59,-1.14,0.75
2025-08-15T20:13:00.000,1.39,143.88,-1.12,0.82
2025-08-15T20:14:00.000,1.40,144.22,-1.14,0.82
2025-08-15T20:15:00.000,1.40,146.81,-1.17,0.77
2025-08-15T20:16:00.000,1.41,148.64,-1.20,0.73
2025-08-15T20:17:00.000,1.41,150.02,-1.22,0.70
2025-08-15T20:18:00.000,1.39,152.48,-1.23,0.64
2025-08-15T20:19:00.000,1.37,151.84,-1.20,0.64
2025-08-15T20:20:00.000,1.38,153.00,-1.23,0.62
2025-08-15T20:21:00.000,1.38,151.56,-1.21,0.66
2025-08-15T20:22:00.000,1.35,150.38,-1.17,0.67
2025-08-15T20:23:00.000,1.35,151.36,-1.19,0.65
2025-08-15T20:24:00.000,1.35,150.96,-1.18,0.66
2025-08-15T20:25:00.000,1.35,150.67,-1.17,0.66
2025-08-15T20:26:00.000,1.31,152.03,-1.16,0.62
2025-08-15T20:27:00.000,1.35,152.45,-1.20,0.63
2025-08-15T20:28:00.000,1.36,152.22,-1.20,0.63
2025-08-15T20:29:00.000,1.38,153.62,-1.23,0.61
2025-08-15T20:30:00.000,1.39,152.45,-1.23,0.64
2025-08-15T20:31:00.000,1.37,151.87,-1.21,0.65
2025-08-15T20:32:00.000,1.39,150.60,-1.21,0.68
2025-08-15T20:33:00.000,1.38,150.55,-1.20,0.68
2025-08-15T20:34:00.000,1.38,149.39,-1.18,0.70
2025-08-15T20:35:00.000,1.39,149.14,-1.19,0.71
2025-08-15T20:36:00.000,1.42,150.28,-1.23,0.70
2025-08-15T20:37:00.000,1.43,150.92,-1.25,0.70
2025-08-15T20:38:00.000,1.40,151.41,-1.23,0.67
2025-08-15T20:39:00.000,1.38,151.44,-1.21,0.66
2025-08-15T20:40:00.000,1.39,150.57,-1.21,0.68
2025-08-15T20:41:00.000,1.39,149.91,-1.21,0.70
2025-08-15T20:42:00.000,1.41,150.84,-1.23,0.69
2025-08-15T20:43:00.000,1.42,150.34,-1.24,0.70
2025-08-15T20:44:00.000,1.42,150.40,-1.23,0.70
2025-08-15T20:45:00.000,1.42,150.68,-1.24,0.70
2025-08-15T20:46:00.000,1.43,149.38,-1.23,0.73
2025-08-15T20:47:00.000,1.43,149.37,-1.23,0.73
2025-08-15T20:48:00.000,1.44,149.21,-1.23,0.74
2025-08-15T20:49:00.000,1.44,150.25,-1.25,0.72
2025-08-15T20:50:00.000,1.45,149.98,-1.25,0.72
2025-08-15T20:51:00.000,1.45,150.39,-1.26,0.71
2025-08-15T20:52:00.000,1.43,150.21,-1.24,0.71
2025-08-15T20:53:00.000,1.43,148.88,-1.23,0.74
2025-08-15T20:54:00.000,1.45,150.06,-1.26,0.72
2025-08-15T20:55:00.000,1.45,150.41,-1.26,0.72
2025-08-15T20:56:00.000,1.44,152.32,-1.27,0.67
2025-08-15T20:57:00.000,1.41,151.04,-1.24,0.68
2025-08-15T20:58:00.000,1.41,151.88,-1.25,0.67
2025-08-15T20:59:00.000,1.42,151.67,-1.25,0.68
2025-08-15T21:00:00.000,1.44,152.25,-1.28,0.67
2025-08-15T21:01:00.000,1.40,154.70,-1.27,0.60
2025-08-15T21:02:00.000,1.44,152.45,-1.28,0.67
2025-08-15T21:03:00.000,1.43,153.05,-1.27,0.65
2025-08-15T21:04:00.000,1.45,152.79,-1.29,0.66
2025-08-15T21:05:00.000,1.46,152.65,-1.30,0.67
2025-08-15T21:06:00.000,1.46,153.26,-1.31,0.66
2025-08-15T21:07:00.000,1.45,154.21,-1.30,0.63
2025-08-15T21:08:00.000,1.47,154.23,-1.32,0.64
2025-08-15T21:09:00.000,1.47,153.18,-1.31,0.66
2025-08-15T21:10:00.000,1.47,153.85,-1.32,0.65
2025-08-15T21:11:00.000,1.47,153.16,-1.31,0.66
2025-08-15T21:12:00.000,1.48,152.48,-1.31,0.68
2025-08-15T21:13:00.000,1.47,153.49,-1.32,0.66
2025-08-15T21:14:00.000,1.49,154.24,-1.34,0.65
2025-08-15T21:15:00.000,1.48,154.64,-1.34,0.63
2025-08-15T21:16:00.000,1.50,159.15,-1.40,0.53
2025-08-15T21:17:00.000,1.59,169.47,-1.57,0.29
2025-08-15T21:18:00.000,1.65,169.10,-1.62,0.31
2025-08-15T21:19:00.000,1.70,175.48,-1.69,0.13
2025-08-15T21:20:00.000,1.74,174.23,-1.73,0.17
2025-08-15T21:21:00.000,1.63,167.01,-1.59,0.37
2025-08-15T21:22:00.000,1.57,163.26,-1.50,0.45
2025-08-15T21:23:00.000,1.53,161.56,-1.45,0.48
2025-08-15T21:24:00.000,1.50,159.79,-1.41,0.52
2025-08-15T21:25:00.000,1.56,160.64,-1.47,0.52
2025-08-15T21:26:00.000,1.59,164.60,-1.54,0.42
2025-08-15T21:27:00.000,1.60,164.22,-1.54,0.44
2025-08-15T21:28:00.000,1.60,164.48,-1.54,0.43
2025-08-15T21:29:00.000,1.59,163.04,-1.52,0.46
2025-08-15T21:30:00.000,1.58,164.04,-1.52,0.43
2025-08-15T21:31:00.000,1.57,162.60,-1.50,0.47
2025-08-15T21:32:00.000,1.56,160.27,-1.47,0.53
2025-08-15T21:33:00.000,1.55,158.95,-1.45,0.56
2025-08-15T21:34:00.000,1.54,156.93,-1.41,0.60
2025-08-15T21:35:00.000,1.48,156.31,-1.36,0.60
2025-08-15T21:36:00.000,1.49,157.94,-1.38,0.56
2025-08-15T21:37:00.000,1.50,159.68,-1.41,0.52
2025-08-15T21:38:00.000,1.58,171.51,-1.56,0.23
2025-08-15T21:39:00.000,1.71,181.14,-1.71,-0.03
2025-08-15T21:40:00.000,1.74,182.21,-1.74,-0.07
2025-08-15T21:41:00.000,1.67,181.52,-1.67,-0.04
2025-08-15T21:42:00.000,1.65,178.22,-1.65,0.05
2025-08-15T21:43:00.000,1.56,171.75,-1.55,0.22
2025-08-15T21:44:00.000,1.49,170.14,-1.46,0.25
2025-08-15T21:45:00.000,1.47,165.13,-1.42,0.38
2025-08-15T21:46:00.000,1.47,163.78,-1.41,0.41
2025-08-15T21:47:00.000,1.50,168.03,-1.47,0.31
2025-08-15T21:48:00.000,1.53,171.65,-1.52,0.22
2025-08-15T21:49:00.000,1.70,183.20,-1.70,-0.10
2025-08-15T21:50:00.000,1.66,181.98,-1.65,-0.06
2025-08-15T21:51:00.000,1.77,184.63,-1.77,-0.14
2025-08-15T21:52:00.000,1.75,180.89,-1.75,-0.03
2025-08-15T21:53:00.000,1.69,182.83,-1.69,-0.08
2025-08-15T21:54:00.000,1.67,181.89,-1.67,-0.06
2025-08-15T21:55:00.000,1.65,175.09,-1.65,0.14
2025-08-15T21:56:00.000,1.73,179.04,-1.73,0.03
2025-08-15T21:57:00.000,1.71,180.12,-1.71,-0.00
2025-08-15T21:58:00.000,1.85,183.42,-1.85,-0.11
2025-08-15T21:59:00.000,2.05,187.34,-2.03,-0.26
2025-08-15T22:00:00.000,3.41,208.90,-2.98,-1.65
2025-08-15T22:01:00.000,4.66,215.10,-3.81,-2.68
2025-08-15T22:02:00.000,4.59,215.11,-3.76,-2.64
2025-08-15T22:03:00.000,2.96,200.03,-2.78,-1.01
2025-08-15T22:04:00.000,2.48,197.33,-2.36,-0.74
2025-08-15T22:05:00.000,2.14,196.18,-2.06,-0.60
2025-08-15T22:06:00.000,2.08,189.29,-2.06,-0.34
2025-08-15T22:07:00.000,2.01,187.95,-1.99,-0.28
2025-08-15T22:08:00.000,2.18,195.46,-2.10,-0.58
2025-08-15T22:09:00.000,2.06,191.73,-2.01,-0.42
2025-08-15T22:10:00.000,2.16,194.45,-2.09,-0.54
2025-08-15T22:11:00.000,2.47,198.19,-2.34,-0.77
2025-08-15T22:12:00.000,1.92,187.63,-1.91,-0.26
2025-08-15T22:13:00.000,1.97,192.25,-1.93,-0.42
2025-08-15T22:14:00.000,2.33,215.60,-1.90,-1.36
2025-08-15T22:15:00.000,2.04,200.53,-1.91,-0.72
2025-08-15T22:16:00.000,2.07,195.37,-2.00,-0.55
2025-08-15T22:17:00.000,1.97,188.74,-1.95,-0.30
2025-08-15T22:18:00.000,1.96,189.25,-1.93,-0.31
2025-08-15T22:19:00.000,2.04,188.69,-2.02,-0.31
2025-08-15T22:20:00.000,2.29,194.31,-2.22,-0.57
2025-08-15T22:21:00.000,2.14,191.83,-2.09,-0.44
2025-08-15T22:22:00.000,2.06,188.19,-2.04,-0.29
2025-08-15T22:23:00.000,1.96,184.59,-1.95,-0.16
2025-08-15T22:24:00.000,1.86,180.24,-1.86,-0.01
2025-08-15T22:25:00.000,1.89,182.97,-1.88,-0.10
2025-08-15T22:26:00.000,1.83,178.56,-1.83,0.05
2025-08-15T22:27:00.000,1.90,182.98,-1.90,-0.10
2025-08-15T22:28:00.000,1.87,179.70,-1.87,0.01
2025-08-15T22:29:00.000,2.03,187.35,-2.01,-0.26
2025-08-15T22:30:00.000,2.07,191.86,-2.03,-0.43
2025-08-15T22:31:00.000,1.96,186.95,-1.94,-0.24
2025-08-15T22:32:00.000,1.93,183.85,-1.92,-0.13
2025-08-15T22:33:00.000,1.74,176.70,-1.73,0.10
2025-08-15T22:34:00.000,1.68,171.93,-1.66,0.24
2025-08-15T22:35:00.000,1.68,173.99,-1.67,0.18
2025-08-15T22:36:00.000,1.67,170.23,-1.65,0.28
2025-08-15T22:37:00.000,1.70,170.55,-1.67,0.28
2025-08-15T22:38:00.000,1.71,173.28,-1.70,0.20
2025-08-15T22:39:00.000,1.75,175.84,-1.74,0.13
2025-08-15T22:40:00.000,1.82,178.79,-1.82,0.04
2025-08-15T22:41:00.000,1.79,177.22,-1.79,0.09
2025-08-15T22:42:00.000,1.87,182.02,-1.87,-0.07
2025-08-15T22:43:00.000,1.85,182.31,-1.85,-0.07
2025-08-15T22:44:00.000,1.72,180.38,-1.72,-0.01
2025-08-15T22:45:00.000,1.68,173.95,-1.67,0.18
2025-08-15T22:46:00.000,1.72,177.73,-1.72,0.07
2025-08-15T22:47:00.000,1.76,177.25,-1.76,0.08
2025-08-15T22:48:00.000,1.79,177.80,-1.79,0.07
2025-08-15T22:49:00.000,1.99,183.01,-1.99,-0.10
2025-08-15T22:50:00.000,2.53,195.01,-2.44,-0.65
2025-08-15T22:51:00.000,3.97,205.98,-3.57,-1.74
2025-08-15T22:52:00.000,3.06,196.75,-2.93,-0.88
2025-08-15T22:53:00.000,4.30,201.06,-4.01,-1.55
2025-08-15T22:54:00.000,2.98,191.64,-2.92,-0.60
2025-08-15T22:55:00.000,2.42,183.89,-2.41,-0.16
2025-08-15T22:56:00.000,2.37,181.98,-2.37,-0.08
2025-08-15T22:57:00.000,2.21,180.85,-2.21,-0.03
2025-08-15T22:58:00.000,2.44,187.67,-2.42,-0.33
2025-08-15T22:59:00.000,2.41,185.74,-2.40,-0.24
2025-08-15T23:00:00.000,2.54,190.54,-2.50,-0.46
2025-08-15T23:01:00.000,2.74,190.87,-2.69,-0.52
2025-08-15T23:02:00.000,2.66,188.56,-2.63,-0.40
2025-08-15T23:03:00.000,2.69,191.70,-2.63,-0.55
2025-08-15T23:04:00.000,2.31,184.90,-2.30,-0.20
2025-08-15T23:05:00.000,2.10,179.53,-2.10,0.02
2025-08-15T23:06:00.000,2.17,179.30,-2.17,0.03
2025-08-15T23:07:00.000,2.20,181.18,-2.20,-0.05
2025-08-15T23:08:00.000,2.15,180.10,-2.15,-0.00
2025-08-15T23:09:00.000,2.19,183.05,-2.18,-0.12
2025-08-15T23:10:00.000,2.33,186.37,-2.32,-0.26
2025-08-15T23:11:00.000,2.22,183.10,-2.22,-0.12
2025-08-15T23:12:00.000,3.39,204.28,-3.09,-1.39
2025-08-15T23:13:00.000,2.98,197.13,-2.84,-0.88
2025-08-15T23:14:00.000,2.73,193.42,-2.65,-0.63
2025-08-15T23:15:00.000,2.42,187.83,-2.40,-0.33
2025-08-15T23:16:00.000,2.60,180.83,-2.60,-0.04
2025-08-15T23:17:00.000,2.15,184.34,-2.14,-0.16
2025-08-15T23:18:00.000,2.18,183.40,-2.17,-0.13
2025-08-15T23:19:00.000,2.06,182.15,-2.06,-0.08
2025-08-15T23:20:00.000,2.27,187.36,-2.25,-0.29
2025-08-15T23:21:00.000,2.06,183.72,-2.06,-0.13
2025-08-15T23:22:00.000,2.25,191.57,-2.21,-0.45
2025-08-15T23:23:00.000,2.12,186.45,-2.10,-0.24
2025-08-15T23:24:00.000,2.15,187.33,-2.13,-0.27
2025-08-15T23:25:00.000,2.19,187.42,-2.17,-0.28
2025-08-15T23:26:00.000,2.13,186.60,-2.11,-0.24
2025-08-15T23:27:00.000,2.19,189.30,-2.16,-0.35
2025-08-15T23:28:00.000,1.98,181.42,-1.98,-0.05
2025-08-15T23:29:00.000,2.21,187.75,-2.19,-0.30
2025-08-15T23:30:00.000,2.27,186.59,-2.25,-0.26
2025-08-15T23:31:00.000,2.34,189.86,-2.31,-0.40
2025-08-15T23:32:00.000,2.80,196.08,-2.69,-0.78
2025-08-15T23:33:00.000,2.73,197.33,-2.60,-0.81
2025-08-15T23:34:00.000,2.62,193.56,-2.55,-0.61
2025-08-15T23:35:00.000,2.65,195.31,-2.56,-0.70
2025-08-15T23:36:00.000,2.32,187.62,-2.30,-0.31
2025-08-15T23:37:00.000,2.33,188.73,-2.30,-0.35
2025-08-15T23:38:00.000,2.26,186.73,-2.25,-0.27
2025-08-15T23:39:00.000,3.94,203.31,-3.61,-1.56
2025-08-15T23:40:00.000,3.21,200.89,-3.00,-1.14
2025-08-15T23:41:00.000,3.07,201.12,-2.87,-1.11
2025-08-15T23:42:00.000,3.01,199.80,-2.83,-1.02
2025-08-15T23:43:00.000,4.52,210.80,-3.89,-2.32
2025-08-15T23:44:00.000,4.10,207.43,-3.64,-1.89
2025-08-15T23:45:00.000,2.44,189.90,-2.40,-0.42
2025-08-15T23:46:00.000,2.31,188.85,-2.28,-0.36
2025-08-15T23:47:00.000,2.39,189.91,-2.36,-0.41
2025-08-15T23:48:00.000,2.24,187.27,-2.22,-0.28
2025-08-15T23:49:00.000,2.37,193.25,-2.31,-0.54
2025-08-15T23:50:00.000,4.06,211.76,-3.46,-2.14
2025-08-15T23:51:00.000,4.50,211.50,-3.84,-2.35
2025-08-15T23:52:00.000,4.85,211.44,-4.14,-2.53
2025-08-15T23:53:00.000,7.31,221.13,-5.50,-4.81
2025-08-15T23:54:00.000,5.22,216.46,-4.20,-3.10
2025-08-15T23:55:00.000,5.72,212.87,-4.81,-3.11
2025-08-15T23:56:00.000,4.38,212.60,-3.69,-2.36
2025-08-15T23:57:00.000,3.83,206.48,-3.43,-1.71
2025-08-15T23:58:00.000,2.77,197.46,-2.64,-0.83
2025-08-15T23:59:00.000,2.35,190.42,-2.31,-0.42
2025-08-16T00:00:00.000,2.35,192.35,-2.30,-0.50
2025-08-16T00:01:00.000,2.89,200.59,-2.70,-1.02
2025-08-16T00:02:00.000,2.73,201.97,-2.53,-1.02
2025-08-16T00:03:00.000,3.94,210.90,-3.38,-2.02
2025-08-16T00:04:00.000,4.82,215.72,-3.92,-2.82
2025-08-16T00:05:00.000,4.71,218.34,-3.69,-2.92
2025-08-16T00:06:00.000,4.64,213.74,-3.86,-2.58
2025-08-16T00:07:00.000,4.71,216.76,-3.77,-2.82
2025-08-16T00:08:00.000,3.58,207.67,-3.17,-1.66
2025-08-16T00:09:00.000,2.33,197.72,-2.22,-0.71
2025-08-16T00:10:00.000,3.23,200.89,-3.01,-1.15
2025-08-16T00:11:00.000,2.08,187.04,-2.07,-0.26
2025-08-16T00:12:00.000,4.51,214.82,-3.71,-2.58
2025-08-16T00:13:00.000,2.40,198.74,-2.27,-0.77
2025-08-16T00:14:00.000,3.30,210.63,-2.84,-1.68
2025-08-16T00:15:00.000,4.06,211.26,-3.47,-2.11
2025-08-16T00:16:00.000,5.13,219.66,-3.95,-3.27
2025-08-16T00:17:00.000,4.53,217.22,-3.61,-2.74
2025-08-16T00:18:00.000,4.83,216.57,-3.88,-2.88
2025-08-16T00:19:00.000,4.61,218.80,-3.59,-2.89
2025-08-16T00:20:00.000,3.92,213.74,-3.26,-2.18
2025-08-16T00:21:00.000,3.71,215.15,-3.03,-2.14
2025-08-16T00:22:00.000,3.34,210.10,-2.89,-1.67
2025-08-16T00:23:00.000,2.66,199.77,-2.50,-0.90
2025-08-16T00:24:00.000,2.79,206.49,-2.50,-1.25
2025-08-16T00:25:00.000,2.53,198.58,-2.40,-0.81
2025-08-16T00:26:00.000,3.24,209.39,-2.82,-1.59
2025-08-16T00:27:00.000,4.62,218.71,-3.61,-2.89
2025-08-16T00:28:00.000,3.55,212.88,-2.98,-1.93
2025-08-16T00:29:00.000,3.35,210.15,-2.89,-1.68
2025-08-16T00:30:00.000,2.48,199.64,-2.34,-0.83
2025-08-16T00:31:00.000,2.13,192.89,-2.08,-0.47
2025-08-16T00:32:00.000,2.08,192.16,-2.04,-0.44
2025-08-16T00:33:00.000,2.04,189.41,-2.01,-0.33
2025-08-16T00:34:00.000,2.02,190.55,-1.99,-0.37
2025-08-16T00:35:00.000,2.23,193.80,-2.16,-0.53
2025-08-16T00:36:00.000,2.44,198.99,-2.31,-0.79
2025-08-16T00:37:00.000,2.34,197.37,-2.23,-0.70
2025-08-16T00:38:00.000,2.49,199.89,-2.34,-0.85
2025-08-16T00:39:00.000,2.44,197.71,-2.32,-0.74
2025-08-16T00:40:00.000,2.44,200.19,-2.29,-0.84
2025-08-16T00:41:00.000,2.65,203.05,-2.44,-1.04
2025-08-16T00:42:00.000,3.09,209.11,-2.70,-1.50
2025-08-16T00:43:00.000,3.37,210.49,-2.91,-1.71
2025-08-16T00:44:00.000,2.72,206.85,-2.43,-1.23
2025-08-16T00:45:00.000,3.08,207.20,-2.74,-1.41
2025-08-16T00:46:00.000,3.15,211.93,-2.67,-1.66
2025-08-16T00:47:00.000,3.89,212.99,-3.27,-2.12
2025-08-16T00:48:00.000,3.09,209.50,-2.69,-1.52
2025-08-16T00:49:00.000,3.64,214.79,-2.99,-2.08
2025-08-16T00:50:00.000,3.71,215.62,-3.02,-2.16
2025-08-16T00:51:00.000,3.49,213.53,-2.91,-1.93
2025-08-16T00:52:00.000,2.28,199.02,-2.16,-0.74
2025-08-16T00:53:00.000,2.05,192.28,-2.00,-0.44
2025-08-16T00:54:00.000,2.02,192.84,-1.97,-0.45
2025-08-16T00:55:00.000,1.89,187.46,-1.87,-0.24
2025-08-16T00:56:00.000,1.94,189.76,-1.91,-0.33
2025-08-16T00:57:00.000,1.99,191.96,-1.95,-0.41
2025-08-16T00:58:00.000,1.98,191.62,-1.93,-0.40
2025-08-16T00:59:00.000,1.95,189.32,-1.92,-0.32
2025-08-16T01:00:00.000,2.09,192.47,-2.04,-0.45
2025-08-16T01:01:00.000,2.55,193.48,-2.48,-0.60
2025-08-16T01:02:00.000,7.81,191.10,-7.66,-1.50
2025-08-16T01:03:00.000,12.39,186.75,-12.30,-1.46
2025-08-16T01:04:00.000,16.28,186.70,-16.17,-1.90
2025-08-16T01:05:00.000,19.79,187.83,-19.60,-2.70
2025-08-16T01:06:00.000,22.62,185.28,-22.52,-2.08
2025-08-16T01:07:00.000,24.56,184.28,-24.50,-1.83
2025-08-16T01:08:00.000,26.63,186.29,-26.47,-2.92
2025-08-16T01:09:00.000,28.81,185.18,-28.69,-2.60
2025-08-16T01:10:00.000,30.99,184.18,-30.91,-2.26
2025-08-16T01:11:00.000,32.76,182.14,-32.74,-1.23
2025-08-16T01:12:00.000,36.16,181.85,-36.14,-1.17
2025-08-16T01:13:00.000,40.54,179.69,-40.54,0.22
2025-08-16T01:14:00.000,45.36,176.87,-45.29,2.48
2025-08-16T01:15:00.000,51.65,174.98,-51.45,4.52
2025-08-16T01:16:00.000,60.11,174.11,-59.79,6.16
2025-08-16T01:17:00.000,71.66,172.65,-71.08,9.16
2025-08-16T01:18:00.000,82.29,172.52,-81.59,10.72
2025-08-16T01:19:00.000,97.72,172.50,-96.89,12.75
2025-08-16T01:20:00.000,118.82,172.42,-117.78,15.68
2025-08-16T01:21:00.000,137.11,171.93,-135.75,19.26
2025-08-16T01:22:00.000,156.18,171.07,-154.29,24.24
2025-08-16T01:23:00.000,181.91,171.18,-179.76,27.90
2025-08-16T01:24:00.000,203.24,169.85,-200.06,35.82
2025-08-16T01:25:00.000,206.53,169.74,-203.23,36.80
2025-08-16T01:26:00.000,209.94,169.71,-206.56,37.50
2025-08-16T01:27:00.000,210.22,169.71,-206.84,37.56
2025-08-16T01:28:00.000,210.15,169.71,-206.77,37.54
2025-08-16T01:29:00.000,210.13,169.69,-206.74,37.59
2025-08-16T01:30:00.000,210.23,169.72,-206.85,37.51
2025-08-16T01:31:00.000,210.08,169.70,-206.70,37.56
2025-08-16T01:32:00.000,210.12,169.73,-206.75,37.48
2025-08-16T01:33:00.000,210.08,169.74,-206.71,37.43
2025-08-16T01:34:00.000,210.07,169.74,-206.71,37.41
2025-08-16T01:35:00.000,210.06,169.73,-206.69,37.46
2025-08-16T01:36:00.000,210.00,169.75,-206.64,37.38
2025-08-16T01:37:00.000,210.03,169.73,-206.66,37.44
2025-08-16T01:38:00.000,209.98,169.71,-206.61,37.50
2025-08-16T01:39:00.000,210.01,169.74,-206.65,37.42
2025-08-16T01:40:00.000,209.98,169.74,-206.63,37.40
2025-08-16T01:41:00.000,209.99,169.75,-206.64,37.37
2025-08-16T01:42:00.000,209.97,169.76,-206.63,37.31
2025-08-16T01:43:00.000,209.99,169.78,-206.65,37.26
2025-08-16T01:44:00.000,210.02,169.81,-206.70,37.15
2025-08-16T01:45:00.000,209.91,169.81,-206.59,37.15
2025-08-16T01:46:00.000,209.97,169.81,-206.66,37.15
2025-08-16T01:47:00.000,209.94,169.84,-206.64,37.05
2025-08-16T01:48:00.000,209.94,169.80,-206.62,37.16
2025-08-16T01:49:00.000,209.89,169.80,-206.57,37.16
2025-08-16T01:50:00.000,209.96,169.82,-206.65,37.09
2025-08-16T01:51:00.000,209.97,169.81,-206.66,37.14
2025-08-16T01:52:00.000,209.95,169.81,-206.63,37.15
2025-08-16T01:53:00.000,209.94,169.80,-206.62,37.19
2025-08-16T01:54:00.000,209.98,169.81,-206.67,37.15
2025-08-16T01:55:00.000,209.87,169.79,-206.55,37.21
2025-08-16T01:56:00.000,209.86,169.78,-206.53,37.25
2025-08-16T01:57:00.000,209.86,169.78,-206.54,37.23
2025-08-16T01:58:00.000,209.90,169.81,-206.59,37.14
2025-08-16T01:59:00.000,209.88,169.81,-206.57,37.13
2025-08-16T02:00:00.000,209.84,169.80,-206.53,37.14
2025-08-16T02:01:00.000,209.81,169.83,-206.52,37.05
2025-08-16T02:02:00.000,209.85,169.81,-206.54,37.11
2025-08-16T02:03:00.000,209.91,169.82,-206.60,37.11
2025-08-16T02:04:00.000,209.84,169.80,-206.53,37.16
2025-08-16T02:05:00.000,209.86,169.84,-206.56,37.03
2025-08-16T02:06:00.000,209.86,169.84,-206.57,37.02
2025-08-16T02:07:00.000,209.83,169.85,-206.54,36.99
2025-08-16T02:08:00.000,209.86,169.86,-206.59,36.94
2025-08-16T02:09:00.000,209.83,169.87,-206.56,36.92
2025-08-16T02:10:00.000,209.82,169.85,-206.54,36.96
2025-08-16T02:11:00.000,209.85,169.88,-206.59,36.86
2025-08-16T02:12:00.000,209.81,169.87,-206.54,36.90
2025-08-16T02:13:00.000,209.77,169.88,-206.51,36.85
2025-08-16T02:14:00.000,209.77,169.90,-206.52,36.80
2025-08-16T02:15:00.000,209.81,169.91,-206.56,36.77
2025-08-16T02:16:00.000,209.81,169.91,-206.56,36.75
2025-08-16T02:17:00.000,209.77,169.88,-206.51,36.84
2025-08-16T02:18:00.000,209.79,169.92,-206.55,36.72
2025-08-16T02:19:00.000,209.80,169.91,-206.56,36.77
2025-08-16T02:20:00.000,209.80,169.92,-206.56,36.72
2025-08-16T02:21:00.000,209.87,169.93,-206.64,36.69
2025-08-16T02:22:00.000,209.85,169.90,-206.60,36.79
2025-08-16T02:23:00.000,209.82,169.89,-206.56,36.82
2025-08-16T02:24:00.000,209.82,169.93,-206.59,36.70
2025-08-16T02:25:00.000,209.83,169.89,-206.57,36.82
2025-08-16T02:26:00.000,209.76,169.89,-206.50,36.81
2025-08-16T02:27:00.000,209.79,169.92,-206.55,36.72
2025-08-16T02:28:00.000,209.75,169.95,-206.53,36.59
2025-08-16T02:29:00.000,209.73,169.94,-206.51,36.63
2025-08-16T02:30:00.000,209.74,169.95,-206.52,36.62
2025-08-16T02:31:00.000,209.79,169.91,-206.55,36.76
2025-08-16T02:32:00.000,209.73,169.93,-206.50,36.68
2025-08-16T02:33:00.000,209.79,169.95,-206.57,36.62
2025-08-16T02:34:00.000,209.77,169.93,-206.53,36.69
2025-08-16T02:35:00.000,209.76,169.92,-206.53,36.70
2025-08-16T02:36:00.000,209.71,169.93,-206.48,36.67
2025-08-16T02:37:00.000,209.68,169.89,-206.43,36.82
2025-08-16T02:38:00.000,209.72,169.93,-206.49,36.65
2025-08-16T02:39:00.000,209.77,169.91,-206.53,36.74
2025-08-16T02:40:00.000,209.72,169.91,-206.48,36.73
2025-08-16T02:41:00.000,209.72,169.90,-206.47,36.76
2025-08-16T02:42:00.000,209.72,169.90,-206.47,36.78
2025-08-16T02:43:00.000,209.71,169.93,-206.48,36.67
2025-08-16T02:44:00.000,209.74,169.94,-206.51,36.64
2025-08-16T02:45:00.000,209.75,169.93,-206.52,36.67
2025-08-16T02:46:00.000,209.70,169.91,-206.46,36.72
2025-08-16T02:47:00.000,209.69,169.92,-206.45,36.69
2025-08-16T02:48:00.000,209.68,169.90,-206.43,36.79
2025-08-16T02:49:00.000,209.67,169.89,-206.41,36.80
2025-08-16T02:50:00.000,209.78,169.92,-206.54,36.71
2025-08-16T02:51:00.000,209.77,169.92,-206.53,36.70
2025-08-16T02:52:00.000,209.73,169.90,-206.48,36.79
2025-08-16T02:53:00.000,209.77,169.89,-206.51,36.83
2025-08-16T02:54:00.000,209.80,169.93,-206.57,36.67
2025-08-16T02:55:00.000,209.79,169.91,-206.55,36.76
2025-08-16T02:56:00.000,209.81,169.90,-206.56,36.78
2025-08-16T02:57:00.000,209.79,169.92,-206.55,36.73
2025-08-16T02:58:00.000,209.87,169.90,-206.61,36.80
2025-08-16T02:59:00.000,209.82,169.88,-206.56,36.86
2025-08-16T03:00:00.000,209.87,169.89,-206.61,36.85
2025-08-16T03:01:00.000,209.88,169.88,-206.61,36.89
2025-08-16T03:02:00.000,209.85,169.91,-206.60,36.78
2025-08-16T03:03:00.000,209.78,169.89,-206.52,36.84
2025-08-16T03:04:00.000,209.81,169.90,-206.56,36.78
2025-08-16T03:05:00.000,209.80,169.88,-206.54,36.87
2025-08-16T03:06:00.000,209.85,169.89,-206.60,36.82
2025-08-16T03:07:00.000,209.81,169.88,-206.54,36.88
2025-08-16T03:08:00.000,209.89,169.89,-206.63,36.84
2025-08-16T03:09:00.000,209.88,169.87,-206.61,36.90
2025-08-16T03:10:00.000,209.84,169.89,-206.58,36.84
2025-08-16T03:11:00.000,209.81,169.86,-206.53,36.93
2025-08-16T03:12:00.000,209.86,169.90,-206.61,36.80
2025-08-16T03:13:00.000,209.81,169.88,-206.54,36.87
2025-08-16T03:14:00.000,209.81,169.87,-206.55,36.89
2025-08-16T03:15:00.000,209.83,169.88,-206.57,36.87
2025-08-16T03:16:00.000,209.83,169.89,-206.57,36.85
2025-08-16T03:17:00.000,209.80,169.89,-206.54,36.84
2025-08-16T03:18:00.000,209.78,169.87,-206.50,36.91
2025-08-16T03:19:00.000,209.80,169.89,-206.54,36.84
2025-08-16T03:20:00.000,209.79,169.88,-206.52,36.88
2025-08-16T03:21:00.000,209.76,169.86,-206.48,36.92
2025-08-16T03:22:00.000,209.73,169.89,-206.47,36.80
2025-08-16T03:23:00.000,209.66,169.86,-206.39,36.92
2025-08-16T03:24:00.000,209.77,169.88,-206.50,36.84
2025-08-16T03:25:00.000,209.74,169.87,-206.46,36.90
2025-08-16T03:26:00.000,209.75,169.90,-206.49,36.80
2025-08-16T03:27:00.000,209.73,169.90,-206.48,36.77
2025-08-16T03:28:00.000,209.79,169.90,-206.53,36.79
2025-08-16T03:29:00.000,209.76,169.91,-206.52,36.74
2025-08-16T03:30:00.000,209.72,169.91,-206.47,36.76
2025-08-16T03:31:00.000,209.77,169.90,-206.52,36.78
2025-08-16T03:32:00.000,209.73,169.93,-206.50,36.67
2025-08-16T03:33:00.000,209.70,169.90,-206.45,36.79
2025-08-16T03:34:00.000,209.75,169.89,-206.50,36.80
2025-08-16T03:35:00.000,209.76,169.90,-206.52,36.77
2025-08-16T03:36:00.000,209.77,169.94,-206.54,36.66
2025-08-16T03:37:00.000,209.80,169.91,-206.55,36.77
2025-08-16T03:38:00.000,209.72,169.91,-206.48,36.76
2025-08-16T03:39:00.000,209.83,169.93,-206.59,36.70
2025-08-16T03:40:00.000,209.81,169.91,-206.56,36.77
2025-08-16T03:41:00.000,209.78,169.91,-206.53,36.76
2025-08-16T03:42:00.000,209.76,169.91,-206.52,36.75
2025-08-16T03:43:00.000,209.78,169.91,-206.54,36.76
2025-08-16T03:44:00.000,209.82,169.91,-206.58,36.74
2025-08-16T03:45:00.000,209.77,169.89,-206.51,36.81
2025-08-16T03:46:00.000,209.76,169.92,-206.52,36.71
2025-08-16T03:47:00.000,209.83,169.93,-206.60,36.69
2025-08-16T03:48:00.000,209.82,169.91,-206.58,36.75
2025-08-16T03:49:00.000,209.79,169.91,-206.55,36.74
2025-08-16T03:50:00.000,209.74,169.89,-206.48,36.81
2025-08-16T03:51:00.000,209.90,169.92,-206.66,36.72
2025-08-16T03:52:00.000,209.76,169.90,-206.51,36.80
2025-08-16T03:53:00.000,209.75,169.90,-206.50,36.77
2025-08-16T03:54:00.000,209.80,169.91,-206.56,36.77
2025-08-16T03:55:00.000,209.81,169.89,-206.55,36.83
2025-08-16T03:56:00.000,209.85,169.89,-206.59,36.83
2025-08-16T03:57:00.000,209.80,169.90,-206.54,36.80
2025-08-16T03:58:00.000,209.79,169.90,-206.54,36.78
2025-08-16T03:59:00.000,209.83,169.89,-206.57,36.85
2025-08-16T04:00:00.000,209.81,169.87,-206.54,36.91
2025-08-16T04:01:00.000,209.74,169.86,-206.47,36.92
2025-08-16T04:02:00.000,209.80,169.89,-206.55,36.82
2025-08-16T04:03:00.000,209.82,169.89,-206.56,36.84
2025-08-16T04:04:00.000,209.82,169.89,-206.56,36.85
2025-08-16T04:05:00.000,209.86,169.92,-206.62,36.72
2025-08-16T04:06:00.000,209.84,169.90,-206.58,36.82
2025-08-16T04:07:00.000,209.84,169.90,-206.59,36.81
2025-08-16T04:08:00.000,209.84,169.90,-206.59,36.81
2025-08-16T04:09:00.000,209.86,169.90,-206.61,36.80
2025-08-16T04:10:00.000,209.82,169.86,-206.54,36.96
2025-08-16T04:11:00.000,209.83,169.84,-206.54,37.00
2025-08-16T04:12:00.000,209.86,169.90,-206.61,36.80
2025-08-16T04:13:00.000,209.90,169.89,-206.63,36.86
2025-08-16T04:14:00.000,209.85,169.87,-206.58,36.90
2025-08-16T04:15:00.000,209.82,169.89,-206.56,36.84
2025-08-16T04:16:00.000,209.81,169.87,-206.54,36.91
2025-08-16T04:17:00.000,209.85,169.87,-206.58,36.91
2025-08-16T04:18:00.000,209.87,169.86,-206.59,36.95
2025-08-16T04:19:00.000,209.85,169.88,-206.58,36.89
2025-08-16T04:20:00.000,209.83,169.87,-206.56,36.92
2025-08-16T04:21:00.000,209.86,169.87,-206.59,36.91
2025-08-16T04:22:00.000,209.85,169.87,-206.58,36.90
2025-08-16T04:23:00.000,209.86,169.87,-206.59,36.93
2025-08-16T04:24:00.000,209.80,169.87,-206.52,36.92
2025-08-16T04:25:00.000,209.87,169.86,-206.59,36.94
2025-08-16T04:26:00.000,209.84,169.87,-206.57,36.92
2025-08-16T04:27:00.000,209.89,169.87,-206.62,36.91
2025-08-16T04:28:00.000,209.86,169.85,-206.58,36.97
2025-08-16T04:29:00.000,209.89,169.85,-206.61,36.99
2025-08-16T04:30:00.000,209.90,169.86,-206.63,36.94
2025-08-16T04:31:00.000,209.89,169.87,-206.61,36.93
2025-08-16T04:32:00.000,209.87,169.88,-206.61,36.87
2025-08-16T04:33:00.000,209.87,169.87,-206.60,36.92
2025-08-16T04:34:00.000,209.90,169.87,-206.63,36.92
2025-08-16T04:35:00.000,209.91,169.85,-206.62,37.00
2025-08-16T04:36:00.000,209.88,169.86,-206.60,36.96
2025-08-16T04:37:00.000,209.90,169.88,-206.64,36.86
2025-08-16T04:38:00.000,209.86,169.88,-206.59,36.88
2025-08-16T04:39:00.000,209.93,169.85,-206.64,37.01
2025-08-16T04:40:00.000,209.90,169.86,-206.62,36.97
2025-08-16T04:41:00.000,209.88,169.85,-206.59,37.00
2025-08-16T04:42:00.000,209.90,169.86,-206.62,36.97
2025-08-16T04:43:00.000,209.91,169.84,-206.62,37.02
2025-08-16T04:44:00.000,209.92,169.86,-206.64,36.98
2025-08-16T04:45:00.000,209.92,169.87,-206.65,36.93
2025-08-16T04:46:00.000,209.91,169.87,-206.64,36.92
2025-08-16T04:47:00.000,209.87,169.86,-206.59,36.95
2025-08-16T04:48:00.000,209.95,169.87,-206.68,36.91
2025-08-16T04:49:00.000,209.92,169.85,-206.64,36.98
2025-08-16T04:50:00.000,209.94,169.88,-206.67,36.90
2025-08-16T04:51:00.000,209.91,169.84,-206.62,37.03
2025-08-16T04:52:00.000,209.95,169.86,-206.66,36.97
2025-08-16T04:53:00.000,209.94,169.87,-206.66,36.93
2025-08-16T04:54:00.000,209.87,169.85,-206.59,36.97
2025-08-16T04:55:00.000,209.88,169.85,-206.60,36.98
2025-08-16T04:56:00.000,209.92,169.87,-206.64,36.92
2025-08-16T04:57:00.000,209.88,169.87,-206.61,36.90
2025-08-16T04:58:00.000,209.93,169.88,-206.66,36.88
2025-08-16T04:59:00.000,209.91,169.87,-206.63,36.93
2025-08-16T05:00:00.000,209.92,169.88,-206.65,36.90
2025-08-16T05:01:00.000,209.89,169.90,-206.64,36.81
2025-08-16T05:02:00.000,209.88,169.87,-206.61,36.91
2025-08-16T05:03:00.000,209.88,169.87,-206.60,36.91
2025-08-16T05:04:00.000,209.90,169.85,-206.62,36.98
2025-08-16T05:05:00.000,209.88,169.89,-206.62,36.84
2025-08-16T05:06:00.000,209.86,169.88,-206.59,36.88
2025-08-16T05:07:00.000,209.94,169.88,-206.67,36.89
2025-08-16T05:08:00.000,209.93,169.86,-206.65,36.94
2025-08-16T05:09:00.000,209.92,169.87,-206.65,36.94
2025-08-16T05:10:00.000,209.89,169.88,-206.62,36.89
2025-08-16T05:11:00.000,209.95,169.87,-206.68,36.93
2025-08-16T05:12:00.000,209.96,169.89,-206.70,36.86
2025-08-16T05:13:00.000,209.96,169.86,-206.68,36.96
2025-08-16T05:14:00.000,209.93,169.85,-206.64,36.98
2025-08-16T05:15:00.000,209.93,169.85,-206.64,37.00
2025-08-16T05:16:00.000,209.94,169.87,-206.66,36.92
2025-08-16T05:17:00.000,209.91,169.84,-206.62,37.04
2025-08-16T05:18:00.000,209.94,169.86,-206.66,36.96
2025-08-16T05:19:00.000,209.96,169.87,-206.68,36.93
2025-08-16T05:20:00.000,209.90,169.88,-206.63,36.88
2025-08-16T05:21:00.000,209.83,169.85,-206.54,36.99
2025-08-16T05:22:00.000,209.93,169.86,-206.65,36.96
2025-08-16T05:23:00.000,209.93,169.87,-206.66,36.92
2025-08-16T05:24:00.000,209.94,169.86,-206.66,36.95
2025-08-16T05:25:00.000,209.92,169.87,-206.65,36.91
2025-08-16T05:26:00.000,209.94,169.86,-206.66,36.97
2025-08-16T05:27:00.000,209.94,169.88,-206.68,36.88
2025-08-16T05:28:00.000,209.86,169.87,-206.58,36.92
2025-08-16T05:29:00.000,209.88,169.89,-206.62,36.84
2025-08-16T05:30:00.000,209.91,169.88,-206.64,36.88
2025-08-16T05:31:00.000,209.93,169.87,-206.66,36.91
2025-08-16T05:32:00.000,209.93,169.85,-206.64,36.99
2025-08-16T05:33:00.000,209.90,169.87,-206.63,36.92
2025-08-16T05:34:00.000,209.94,169.88,-206.67,36.90
2025-08-16T05:35:00.000,209.87,169.87,-206.60,36.91
2025-08-16T05:36:00.000,209.92,169.89,-206.66,36.84
2025-08-16T05:37:00.000,209.91,169.87,-206.63,36.92
2025-08-16T05:38:00.000,209.92,169.89,-206.65,36.86
2025-08-16T05:39:00.000,209.86,169.85,-206.57,36.98
2025-08-16T05:40:00.000,209.88,169.86,-206.60,36.93
2025-08-16T05:41:00.000,209.87,169.88,-206.61,36.88
2025-08-16T05:42:00.000,209.88,169.85,-206.60,36.97
2025-08-16T05:43:00.000,209.93,169.87,-206.66,36.94
2025-08-16T05:44:00.000,209.96,169.86,-206.69,36.95
2025-08-16T05:45:00.000,209.96,169.85,-206.68,36.98
2025-08-16T05:46:00.000,209.97,169.85,-206.69,36.99
2025-08-16T05:47:00.000,209.93,169.85,-206.65,36.98
2025-08-16T05:48:00.000,209.87,169.81,-206.56,37.12
2025-08-16T05:49:00.000,209.92,169.87,-206.65,36.92
2025-08-16T05:50:00.000,209.89,169.82,-206.59,37.09
2025-08-16T05:51:00.000,209.92,169.84,-206.63,37.02
2025-08-16T05:52:00.000,209.91,169.82,-206.61,37.10
2025-08-16T05:53:00.000,209.92,169.85,-206.64,36.99
2025-08-16T05:54:00.000,209.88,169.83,-206.58,37.07
2025-08-16T05:55:00.000,209.91,169.84,-206.62,37.04
2025-08-16T05:56:00.000,209.94,169.85,-206.65,37.00
2025-08-16T05:57:00.000,209.90,169.86,-206.62,36.96
2025-08-16T05:58:00.000,209.83,169.82,-206.53,37.08
2025-08-16T05:59:00.000,209.92,169.83,-206.63,37.06
2025-08-16T06:00:00.000,209.87,169.83,-206.57,37.05
2025-08-16T06:01:00.000,209.88,169.83,-206.58,37.05
2025-08-16T06:02:00.000,209.87,169.84,-206.58,37.01
2025-08-16T06:03:00.000,209.96,169.85,-206.67,37.01
2025-08-16T06:04:00.000,209.95,169.86,-206.67,36.97
2025-08-16T06:05:00.000,209.85,169.82,-206.54,37.08
2025-08-16T06:06:00.000,209.90,169.85,-206.61,36.99
2025-08-16T06:07:00.000,209.93,169.85,-206.64,37.01
2025-08-16T06:08:00.000,209.93,169.84,-206.64,37.03
2025-08-16T06:09:00.000,209.92,169.84,-206.63,37.03
2025-08-16T06:10:00.000,209.94,169.82,-206.63,37.12
2025-08-16T06:11:00.000,209.85,169.83,-206.55,37.04
2025-08-16T06:12:00.000,209.94,169.83,-206.64,37.08
2025-08-16T06:13:00.000,209.91,169.82,-206.61,37.09
2025-08-16T06:14:00.000,209.91,169.86,-206.63,36.97
2025-08-16T06:15:00.000,209.90,169.84,-206.61,37.01
2025-08-16T06:16:00.000,209.91,169.81,-206.60,37.15
2025-08-16T06:17:00.000,209.90,169.85,-206.62,36.97
2025-08-16T06:18:00.000,209.96,169.84,-206.66,37.03
2025-08-16T06:19:00.000,209.85,169.82,-206.55,37.08
2025-08-16T06:20:00.000,209.95,169.84,-206.66,37.03
2025-08-16T06:21:00.000,209.90,169.82,-206.59,37.11
2025-08-16T06:22:00.000,209.94,169.84,-206.65,37.05
2025-08-16T06:23:00.000,209.91,169.81,-206.60,37.15
2025-08-16T06:24:00.000,209.94,169.82,-206.64,37.10
2025-08-16T06:25:00.000,209.94,169.81,-206.63,37.15
2025-08-16T06:26:00.000,209.97,169.81,-206.67,37.13
2025-08-16T06:27:00.000,209.96,169.83,-206.66,37.07
2025-08-16T06:28:00.000,209.94,169.82,-206.63,37.12
2025-08-16T06:29:00.000,209.98,169.82,-206.67,37.11
2025-08-16T06:30:00.000,209.95,169.80,-206.63,37.19
2025-08-16T06:31:00.000,209.96,169.77,-206.63,37.28
2025-08-16T06:32:00.000,209.99,169.80,-206.67,37.19
2025-08-16T06:33:00.000,209.95,169.76,-206.60,37.31
2025-08-16T06:34:00.000,209.94,169.77,-206.61,37.28
2025-08-16T06:35:00.000,210.02,169.81,-206.71,37.16
2025-08-16T06:36:00.000,209.98,169.79,-206.66,37.21
2025-08-16T06:37:00.000,209.97,169.78,-206.63,37.26
2025-08-16T06:38:00.000,209.95,169.76,-206.61,37.31
2025-08-16T06:39:00.000,209.96,169.77,-206.63,37.28
2025-08-16T06:40:00.000,209.98,169.77,-206.65,37.29
2025-08-16T06:41:00.000,209.96,169.78,-206.62,37.26
2025-08-16T06:42:00.000,209.97,169.77,-206.63,37.31
2025-08-16T06:43:00.000,209.94,169.76,-206.60,37.33
2025-08-16T06:44:00.000,209.96,169.76,-206.62,37.31
2025-08-16T06:45:00.000,209.98,169.74,-206.63,37.41
2025-08-16T06:46:00.000,210.00,169.75,-206.66,37.36
2025-08-16T06:47:00.000,209.94,169.77,-206.60,37.30
2025-08-16T06:48:00.000,209.99,169.77,-206.65,37.29
2025-08-16T06:49:00.000,210.03,169.76,-206.68,37.35
2025-08-16T06:50:00.000,210.09,169.75,-206.74,37.37
2025-08-16T06:51:00.000,209.97,169.75,-206.62,37.36
2025-08-16T06:52:00.000,209.99,169.76,-206.65,37.34
2025-08-16T06:53:00.000,209.99,169.74,-206.63,37.41
2025-08-16T06:54:00.000,210.02,169.76,-206.67,37.34
2025-08-16T06:55:00.000,210.00,169.73,-206.64,37.43
2025-08-16T06:56:00.000,210.01,169.73,-206.65,37.44
2025-08-16T06:57:00.000,210.03,169.72,-206.65,37.48
2025-08-16T06:58:00.000,209.97,169.62,-206.54,37.82
2025-08-16T06:59:00.000,209.96,169.73,-206.60,37.44
2025-08-16T07:00:00.000,210.04,169.72,-206.67,37.49
2025-08-16T07:01:00.000,210.06,169.70,-206.67,37.55
2025-08-16T07:02:00.000,210.04,169.74,-206.68,37.43
2025-08-16T07:03:00.000,210.07,169.71,-206.68,37.54
2025-08-16T07:04:00.000,210.09,169.71,-206.71,37.53
2025-08-16T07:05:00.000,210.09,169.73,-206.72,37.45
2025-08-16T07:06:00.000,210.08,169.71,-206.70,37.53
2025-08-16T07:07:00.000,210.06,169.74,-206.71,37.40
2025-08-16T07:08:00.000,210.12,169.72,-206.75,37.48
2025-08-16T07:09:00.000,210.11,169.73,-206.75,37.45
2025-08-16T07:10:00.000,210.09,169.72,-206.71,37.51
2025-08-16T07:11:00.000,210.10,169.70,-206.72,37.55
2025-08-16T07:12:00.000,210.05,169.72,-206.68,37.48
2025-08-16T07:13:00.000,210.07,169.74,-206.71,37.42
2025-08-16T07:14:00.000,210.07,169.69,-206.69,37.58
2025-08-16T07:15:00.000,210.08,169.73,-206.72,37.45
2025-08-16T07:16:00.000,210.10,169.74,-206.74,37.43
2025-08-16T07:17:00.000,210.04,169.70,-206.66,37.54
2025-08-16T07:18:00.000,210.13,169.71,-206.75,37.55
2025-08-16T07:19:00.000,210.00,169.70,-206.62,37.55
2025-08-16T07:20:00.000,210.07,169.73,-206.70,37.45
2025-08-16T07:21:00.000,210.18,169.70,-206.79,37.57
2025-08-16T07:22:00.000,210.10,169.71,-206.72,37.51
2025-08-16T07:23:00.000,210.14,169.75,-206.78,37.41
2025-08-16T07:24:00.000,210.15,169.71,-206.77,37.54
2025-08-16T07:25:00.000,210.12,169.71,-206.74,37.54
2025-08-16T07:26:00.000,210.17,169.73,-206.80,37.48
2025-08-16T07:27:00.000,210.09,169.70,-206.71,37.56
2025-08-16T07:28:00.000,210.09,169.71,-206.71,37.53
2025-08-16T07:29:00.000,210.14,169.73,-206.77,37.47
2025-08-16T07:30:00.000,210.19,169.73,-206.82,37.48
2025-08-16T07:31:00.000,210.15,169.70,-206.76,37.58
2025-08-16T07:32:00.000,210.17,169.69,-206.77,37.63
2025-08-16T07:33:00.000,210.17,169.67,-206.77,37.67
2025-08-16T07:34:00.000,210.26,169.61,-206.82,37.91
2025-08-16T07:35:00.000,210.15,169.60,-206.70,37.94
2025-08-16T07:36:00.000,210.26,169.64,-206.83,37.82
2025-08-16T07:37:00.000,210.22,169.62,-206.78,37.89
2025-08-16T07:38:00.000,210.27,169.62,-206.83,37.87
2025-08-16T07:39:00.000,210.24,169.62,-206.80,37.87
2025-08-16T07:40:00.000,210.17,169.59,-206.72,37.96
2025-08-16T07:41:00.000,210.19,169.59,-206.73,38.00
2025-08-16T07:42:00.000,210.23,169.60,-206.78,37.96
2025-08-16T07:43:00.000,210.23,169.57,-206.75,38.06
2025-08-16T07:44:00.000,210.31,169.62,-206.87,37.91
2025-08-16T07:45:00.000,210.22,169.57,-206.75,38.04
2025-08-16T07:46:00.000,210.27,169.59,-206.81,38.01
2025-08-16T07:47:00.000,210.25,169.58,-206.79,38.02
2025-08-16T07:48:00.000,210.23,169.59,-206.76,38.00
2025-08-16T07:49:00.000,210.29,169.58,-206.83,38.02
2025-08-16T07:50:00.000,210.34,169.64,-206.91,37.84
2025-08-16T07:51:00.000,210.33,169.59,-206.87,37.99
2025-08-16T07:52:00.000,210.32,169.61,-206.87,37.92
2025-08-16T07:53:00.000,210.32,169.58,-206.85,38.05
2025-08-16T07:54:00.000,210.34,169.59,-206.87,38.02
2025-08-16T07:55:00.000,210.31,169.57,-206.84,38.06
2025-08-16T07:56:00.000,210.34,169.58,-206.87,38.06
2025-08-16T07:57:00.000,210.34,169.56,-206.86,38.11
2025-08-16T07:58:00.000,210.39,169.57,-206.91,38.09
2025-08-16T07:59:00.000,210.32,169.56,-206.84,38.09
2025-08-16T08:00:00.000,210.34,169.58,-206.87,38.06
2025-08-16T08:01:00.000,210.34,169.57,-206.86,38.08
2025-08-16T08:02:00.000,210.40,169.56,-206.91,38.12
2025-08-16T08:03:00.000,210.35,169.53,-206.85,38.23
2025-08-16T08:04:00.000,210.35,169.55,-206.85,38.17
2025-08-16T08:05:00.000,210.30,169.53,-206.80,38.21
2025-08-16T08:06:00.000,210.40,169.55,-206.90,38.17
2025-08-16T08:07:00.000,210.37,169.57,-206.89,38.09
2025-08-16T08:08:00.000,210.34,169.56,-206.86,38.11
2025-08-16T08:09:00.000,210.23,169.53,-206.73,38.20
2025-08-16T08:10:00.000,210.35,169.54,-206.86,38.17
2025-08-16T08:11:00.000,210.29,169.56,-206.81,38.12
2025-08-16T08:12:00.000,210.22,169.56,-206.74,38.10
2025-08-16T08:13:00.000,210.29,169.58,-206.82,38.04
2025-08-16T08:14:00.000,210.20,169.57,-206.72,38.05
2025-08-16T08:15:00.000,210.27,169.58,-206.80,38.03
2025-08-16T08:16:00.000,210.22,169.61,-206.78,37.92
2025-08-16T08:17:00.000,210.18,169.61,-206.74,37.90
2025-08-16T08:18:00.000,210.17,169.59,-206.71,37.98
2025-08-16T08:19:00.000,210.17,169.61,-206.72,37.89
2025-08-16T08:20:00.000,210.17,169.63,-206.74,37.82
2025-08-16T08:21:00.000,210.18,169.65,-206.76,37.78
2025-08-16T08:22:00.000,210.24,169.66,-206.82,37.74
2025-08-16T08:23:00.000,210.17,169.64,-206.74,37.78
2025-08-16T08:24:00.000,210.20,169.66,-206.79,37.73
2025-08-16T08:25:00.000,210.18,169.65,-206.76,37.78
2025-08-16T08:26:00.000,210.23,169.70,-206.84,37.59
2025-08-16T08:27:00.000,210.16,169.66,-206.75,37.72
2025-08-16T08:28:00.000,210.16,169.67,-206.76,37.67
2025-08-16T08:29:00.000,210.17,169.67,-206.76,37.70
2025-08-16T08:30:00.000,210.17,169.63,-206.74,37.84
2025-08-16T08:31:00.000,210.26,169.64,-206.83,37.82
2025-08-16T08:32:00.000,210.20,169.62,-206.76,37.88
2025-08-16T08:33:00.000,210.12,169.60,-206.67,37.95
2025-08-16T08:34:00.000,210.25,169.64,-206.82,37.82
2025-08-16T08:35:00.000,210.19,169.60,-206.74,37.94
2025-08-16T08:36:00.000,210.23,169.60,-206.78,37.95
2025-08-16T08:37:00.000,210.21,169.57,-206.74,38.04
2025-08-16T08:38:00.000,210.19,169.57,-206.72,38.06
2025-08-16T08:39:00.000,210.24,169.58,-206.77,38.02
2025-08-16T08:40:00.000,210.20,169.56,-206.72,38.07
2025-08-16T08:41:00.000,210.21,169.55,-206.73,38.12
2025-08-16T08:42:00.000,210.23,169.55,-206.74,38.13
2025-08-16T08:43:00.000,210.23,169.52,-206.73,38.22
2025-08-16T08:44:00.000,210.23,169.52,-206.72,38.25
2025-08-16T08:45:00.000,210.22,169.51,-206.71,38.28
2025-08-16T08:46:00.000,210.25,169.52,-206.74,38.24
2025-08-16T08:47:00.000,210.29,169.51,-206.78,38.28
2025-08-16T08:48:00.000,210.30,169.52,-206.79,38.26
2025-08-16T08:49:00.000,210.25,169.49,-206.72,38.35
2025-08-16T08:50:00.000,210.27,169.48,-206.73,38.39
2025-08-16T08:51:00.000,210.24,169.48,-206.71,38.38
2025-08-16T08:52:00.000,210.30,169.50,-206.77,38.34
2025-08-16T08:53:00.000,210.28,169.49,-206.76,38.34
2025-08-16T08:54:00.000,210.26,169.51,-206.75,38.26
2025-08-16T08:55:00.000,210.32,169.52,-206.81,38.27
2025-08-16T08:56:00.000,210.33,169.50,-206.81,38.33
2025-08-16T08:57:00.000,210.28,169.50,-206.76,38.32
2025-08-16T08:58:00.000,210.31,169.51,-206.80,38.30
2025-08-16T08:59:00.000,210.27,169.50,-206.75,38.31
2025-08-16T09:00:00.000,210.38,169.49,-206.84,38.39
2025-08-16T09:01:00.000,210.31,169.49,-206.78,38.36
2025-08-16T09:02:00.000,210.37,169.52,-206.86,38.28
2025-08-16T09:03:00.000,210.38,169.52,-206.87,38.28
2025-08-16T09:04:00.000,210.38,169.51,-206.87,38.30
2025-08-16T09:05:00.000,210.32,169.49,-206.79,38.38
2025-08-16T09:06:00.000,210.38,169.53,-206.87,38.25
2025-08-16T09:07:00.000,210.37,169.49,-206.84,38.36
2025-08-16T09:08:00.000,210.37,169.49,-206.85,38.37
2025-08-16T09:09:00.000,210.43,169.51,-206.91,38.31
2025-08-16T09:10:00.000,210.38,169.51,-206.86,38.30
2025-08-16T09:11:00.000,210.39,169.50,-206.86,38.36
2025-08-16T09:12:00.000,210.38,169.52,-206.87,38.27
2025-08-16T09:13:00.000,210.42,169.53,-206.92,38.23
2025-08-16T09:14:00.000,210.46,169.53,-206.95,38.25
2025-08-16T09:15:00.000,210.45,169.51,-206.93,38.33
2025-08-16T09:16:00.000,210.48,169.51,-206.96,38.31
2025-08-16T09:17:00.000,210.39,169.50,-206.87,38.33
2025-08-16T09:18:00.000,210.10,169.56,-206.62,38.09
2025-08-16T09:19:00.000,210.85,170.92,-208.20,33.28
2025-08-16T09:20:00.000,199.24,123.86,-111.01,165.45
2025-08-16T09:21:00.000,180.77,113.19,-71.17,166.17
2025-08-16T09:22:00.000,165.03,136.46,-119.62,113.69
2025-08-16T09:23:00.000,150.98,114.79,-63.30,137.07
2025-08-16T09:24:00.000,139.45,108.05,-43.21,132.58
2025-08-16T09:25:00.000,125.35,108.65,-40.09,118.77
2025-08-16T09:26:00.000,114.29,109.94,-38.98,107.44
2025-08-16T09:27:00.000,102.24,102.65,-22.38,99.76
2025-08-16T09:28:00.000,92.00,101.87,-18.93,90.03
2025-08-16T09:29:00.000,83.22,100.82,-15.62,81.75
2025-08-16T09:30:00.000,76.18,101.24,-14.85,74.72
2025-08-16T09:31:00.000,68.93,105.20,-18.07,66.52
2025-08-16T09:32:00.000,61.58,112.30,-23.37,56.97
2025-08-16T09:33:00.000,57.81,118.01,-27.15,51.04
2025-08-16T09:34:00.000,53.38,123.56,-29.51,44.49
2025-08-16T09:35:00.000,48.85,131.10,-32.12,36.82
2025-08-16T09:36:00.000,45.82,132.06,-30.70,34.02
2025-08-16T09:37:00.000,42.58,126.14,-25.12,34.39
2025-08-16T09:38:00.000,40.34,128.92,-25.34,31.38
2025-08-16T09:39:00.000,38.04,130.75,-24.83,28.82
2025-08-16T09:40:00.000,36.91,132.67,-25.02,27.14
2025-08-16T09:41:00.000,35.54,135.74,-25.46,24.81
2025-08-16T09:42:00.000,33.91,137.36,-24.95,22.97
2025-08-16T09:43:00.000,32.58,137.88,-24.16,21.85
2025-08-16T09:44:00.000,31.80,137.34,-23.39,21.55
2025-08-16T09:45:00.000,30.79,138.01,-22.88,20.60
2025-08-16T09:46:00.000,29.94,132.19,-20.11,22.18
2025-08-16T09:47:00.000,28.98,127.75,-17.74,22.92
2025-08-16T09:48:00.000,28.26,122.88,-15.35,23.73
2025-08-16T09:49:00.000,27.59,123.02,-15.03,23.13
2025-08-16T09:50:00.000,26.84,122.39,-14.38,22.67
2025-08-16T09:51:00.000,26.07,122.35,-13.95,22.02
2025-08-16T09:52:00.000,25.11,118.79,-12.10,22.01
2025-08-16T09:53:00.000,23.83,116.19,-10.52,21.38
2025-08-16T09:54:00.000,22.62,114.74,-9.47,20.55
2025-08-16T09:55:00.000,21.46,114.12,-8.77,19.59
2025-08-16T09:56:00.000,19.90,114.83,-8.36,18.06
2025-08-16T09:57:00.000,18.09,112.28,-6.86,16.74
2025-08-16T09:58:00.000,15.71,109.60,-5.27,14.80
2025-08-16T09:59:00.000,12.98,106.66,-3.72,12.44
2025-08-16T10:00:00.000,9.94,107.14,-2.93,9.50
2025-08-16T10:01:00.000,7.08,113.63,-2.84,6.48
2025-08-16T10:02:00.000,4.82,114.94,-2.03,4.37
2025-08-16T10:03:00.000,2.84,117.02,-1.29,2.53
2025-08-16T10:04:00.000,2.26,123.21,-1.24,1.89
2025-08-16T10:05:00.000,1.75,133.81,-1.21,1.26
2025-08-16T10:06:00.000,1.72,138.62,-1.29,1.14
2025-08-16T10:07:00.000,1.74,139.66,-1.32,1.12
2025-08-16T10:08:00.000,1.75,139.26,-1.32,1.14
2025-08-16T10:09:00.000,1.73,139.25,-1.31,1.13
2025-08-16T10:10:00.000,1.75,138.60,-1.31,1.16
2025-08-16T10:11:00.000,1.73,138.71,-1.30,1.14
2025-08-16T10:12:00.000,1.73,138.95,-1.30,1.13
2025-08-16T10:13:00.000,1.74,139.13,-1.31,1.14
2025-08-16T10:14:00.000,1.72,139.98,-1.32,1.11
2025-08-16T10:15:00.000,1.68,142.29,-1.33,1.03
2025-08-16T10:16:00.000,1.72,142.40,-1.36,1.05
2025-08-16T10:17:00.000,1.74,143.96,-1.40,1.02
2025-08-16T10:18:00.000,1.66,145.23,-1.37,0.95
2025-08-16T10:19:00.000,1.68,145.58,-1.38,0.95
2025-08-16T10:20:00.000,1.71,143.67,-1.37,1.01
2025-08-16T10:21:00.000,1.72,142.82,-1.37,1.04
2025-08-16T10:22:00.000,1.70,142.78,-1.35,1.03
2025-08-16T10:23:00.000,1.68,143.10,-1.34,1.01
2025-08-16T10:24:00.000,1.68,143.76,-1.36,0.99
2025-08-16T10:25:00.000,1.71,142.95,-1.36,1.03
2025-08-16T10:26:00.000,1.68,145.07,-1.38,0.96
2025-08-16T10:27:00.000,1.63,150.88,-1.42,0.79
2025-08-16T10:28:00.000,1.69,156.22,-1.55,0.68
2025-08-16T10:29:00.000,1.76,160.79,-1.67,0.58
2025-08-16T10:30:00.000,1.88,164.48,-1.81,0.50
2025-08-16T10:31:00.000,2.07,160.39,-1.95,0.69
2025-08-16T10:32:00.000,1.89,158.09,-1.76,0.71
2025-08-16T10:33:00.000,1.69,152.20,-1.49,0.79
2025-08-16T10:34:00.000,1.68,151.00,-1.47,0.82
2025-08-16T10:35:00.000,1.67,149.66,-1.45,0.85
2025-08-16T10:36:00.000,1.74,150.68,-1.52,0.85
2025-08-16T10:37:00.000,1.70,151.33,-1.49,0.82
2025-08-16T10:38:00.000,1.73,153.83,-1.55,0.76
2025-08-16T10:39:00.000,1.71,156.42,-1.57,0.68
2025-08-16T10:40:00.000,1.76,158.38,-1.63,0.65
2025-08-16T10:41:00.000,1.78,160.13,-1.67,0.61
2025-08-16T10:42:00.000,1.94,172.76,-1.92,0.24
2025-08-16T10:43:00.000,1.83,169.37,-1.80,0.34
2025-08-16T10:44:00.000,1.94,170.00,-1.91,0.34
2025-08-16T10:45:00.000,1.84,161.02,-1.74,0.60
2025-08-16T10:46:00.000,1.69,159.86,-1.59,0.58
2025-08-16T10:47:00.000,1.75,154.94,-1.58,0.74
2025-08-16T10:48:00.000,1.74,154.31,-1.57,0.76
2025-08-16T10:49:00.000,1.72,153.23,-1.54,0.78
2025-08-16T10:50:00.000,1.66,160.42,-1.57,0.56
2025-08-16T10:51:00.000,1.75,154.05,-1.58,0.77
2025-08-16T10:52:00.000,1.70,156.88,-1.56,0.67
2025-08-16T10:53:00.000,1.77,152.65,-1.57,0.81
2025-08-16T10:54:00.000,1.70,152.05,-1.50,0.80
2025-08-16T10:55:00.000,1.65,149.21,-1.42,0.84
2025-08-16T10:56:00.000,1.69,148.19,-1.44,0.89
2025-08-16T10:57:00.000,1.70,148.71,-1.46,0.88
2025-08-16T10:58:00.000,1.65,147.99,-1.40,0.88
2025-08-16T10:59:00.000,1.58,149.99,-1.37,0.79
2025-08-16T11:00:00.000,1.57,150.13,-1.37,0.78
2025-08-16T11:01:00.000,1.66,145.36,-1.37,0.94
2025-08-16T11:02:00.000,1.59,149.98,-1.37,0.79
2025-08-16T11:03:00.000,1.65,148.12,-1.40,0.87
2025-08-16T11:04:00.000,1.63,150.56,-1.42,0.80
2025-08-16T11:05:00.000,1.59,150.92,-1.39,0.77
2025-08-16T11:06:00.000,1.59,151.22,-1.39,0.76
2025-08-16T11:07:00.000,1.58,151.44,-1.39,0.76
2025-08-16T11:08:00.000,1.67,147.26,-1.40,0.90
2025-08-16T11:09:00.000,1.57,152.39,-1.40,0.73
2025-08-16T11:10:00.000,1.62,150.87,-1.41,0.79
2025-08-16T11:11:00.000,1.72,151.16,-1.50,0.83
2025-08-16T11:12:00.000,1.66,149.95,-1.44,0.83
2025-08-16T11:13:00.000,1.61,138.96,-1.22,1.06
2025-08-16T11:14:00.000,1.70,151.49,-1.49,0.81
2025-08-16T11:15:00.000,1.69,154.89,-1.53,0.72
2025-08-16T11:16:00.000,1.68,154.00,-1.51,0.74
2025-08-16T11:17:00.000,1.69,154.72,-1.53,0.72
2025-08-16T11:18:00.000,1.65,155.53,-1.51,0.69
2025-08-16T11:19:00.000,1.69,159.19,-1.58,0.60
2025-08-16T11:20:00.000,1.74,160.47,-1.64,0.58
2025-08-16T11:21:00.000,1.80,167.31,-1.75,0.39
2025-08-16T11:22:00.000,1.82,173.01,-1.81,0.22
2025-08-16T11:23:00.000,1.79,172.43,-1.77,0.24
2025-08-16T11:24:00.000,1.88,173.43,-1.87,0.21
2025-08-16T11:25:00.000,1.83,173.91,-1.82,0.19
2025-08-16T11:26:00.000,1.87,175.69,-1.86,0.14
2025-08-16T11:27:00.000,1.82,169.04,-1.79,0.35
2025-08-16T11:28:00.000,1.74,171.43,-1.73,0.26
2025-08-16T11:29:00.000,1.67,168.21,-1.63,0.34
2025-08-16T11:30:00.000,1.83,168.70,-1.80,0.36
2025-08-16T11:31:00.000,1.66,168.44,-1.63,0.33
2025-08-16T11:32:00.000,1.67,167.50,-1.63,0.36
2025-08-16T11:33:00.000,1.52,176.50,-1.52,0.09
2025-08-16T11:34:00.000,1.54,170.61,-1.52,0.25
2025-08-16T11:35:00.000,1.67,169.93,-1.64,0.29
2025-08-16T11:36:00.000,1.64,163.58,-1.57,0.46
2025-08-16T11:37:00.000,1.64,159.18,-1.53,0.58
2025-08-16T11:38:00.000,1.63,155.43,-1.48,0.68
2025-08-16T11:39:00.000,1.62,155.11,-1.47,0.68
2025-08-16T11:40:00.000,1.62,154.30,-1.46,0.70
2025-08-16T11:41:00.000,1.64,154.53,-1.48,0.71
2025-08-16T11:42:00.000,1.63,155.00,-1.48,0.69
2025-08-16T11:43:00.000,1.62,157.31,-1.49,0.62
2025-08-16T11:44:00.000,1.63,158.55,-1.52,0.60
2025-08-16T11:45:00.000,1.64,158.11,-1.52,0.61
2025-08-16T11:46:00.000,1.63,157.60,-1.51,0.62
2025-08-16T11:47:00.000,1.64,156.03,-1.50,0.67
2025-08-16T11:48:00.000,1.65,156.85,-1.52,0.65
2025-08-16T11:49:00.000,1.54,155.92,-1.41,0.63
2025-08-16T11:50:00.000,1.52,139.77,-1.16,0.98
2025-08-16T11:51:00.000,1.81,142.58,-1.44,1.10
2025-08-16T11:52:00.000,1.57,142.41,-1.24,0.96
2025-08-16T11:53:00.000,1.65,137.44,-1.21,1.11
2025-08-16T11:54:00.000,1.66,134.59,-1.16,1.18
2025-08-16T11:55:00.000,1.58,143.43,-1.27,0.94
2025-08-16T11:56:00.000,1.64,143.09,-1.31,0.99
2025-08-16T11:57:00.000,1.65,146.57,-1.38,0.91
2025-08-16T11:58:00.000,1.66,145.94,-1.38,0.93
2025-08-16T11:59:00.000,1.61,140.87,-1.25,1.01
2025-08-16T12:00:00.000,1.78,141.62,-1.39,1.10
2025-08-16T12:01:00.000,1.64,139.54,-1.25,1.07
2025-08-16T12:02:00.000,1.65,137.53,-1.21,1.11
2025-08-16T12:03:00.000,1.70,136.26,-1.23,1.17
2025-08-16T12:04:00.000,1.75,132.49,-1.18,1.29
2025-08-16T12:05:00.000,1.69,138.16,-1.26,1.13
2025-08-16T12:06:00.000,1.66,138.16,-1.23,1.11
2025-08-16T12:07:00.000,1.59,144.15,-1.29,0.93
2025-08-16T12:08:00.000,1.60,147.23,-1.35,0.87
2025-08-16T12:09:00.000,1.61,149.08,-1.38,0.83
2025-08-16T12:10:00.000,1.60,149.36,-1.38,0.81
2025-08-16T12:11:00.000,1.61,150.29,-1.40,0.80
2025-08-16T12:12:00.000,1.61,150.97,-1.41,0.78
2025-08-16T12:13:00.000,1.60,151.46,-1.41,0.77
2025-08-16T12:14:00.000,1.58,152.02,-1.40,0.74
2025-08-16T12:15:00.000,1.57,151.68,-1.38,0.74
2025-08-16T12:16:00.000,1.58,153.03,-1.40,0.71
2025-08-16T12:17:00.000,1.60,154.42,-1.45,0.69
2025-08-16T12:18:00.000,1.64,159.11,-1.53,0.59
2025-08-16T12:19:00.000,1.61,161.04,-1.52,0.52
2025-08-16T12:20:00.000,1.61,162.35,-1.54,0.49
2025-08-16T12:21:00.000,1.61,162.75,-1.54,0.48
2025-08-16T12:22:00.000,1.69,166.01,-1.64,0.41
2025-08-16T12:23:00.000,1.69,166.80,-1.64,0.39
2025-08-16T12:24:00.000,1.69,169.61,-1.66,0.30
2025-08-16T12:25:00.000,1.63,168.91,-1.60,0.31
2025-08-16T12:26:00.000,1.59,164.10,-1.53,0.43
2025-08-16T12:27:00.000,1.57,157.43,-1.45,0.60
2025-08-16T12:28:00.000,1.59,157.10,-1.47,0.62
2025-08-16T12:29:00.000,1.58,155.25,-1.44,0.66
2025-08-16T12:30:00.000,1.62,156.67,-1.49,0.64
2025-08-16T12:31:00.000,1.61,155.70,-1.47,0.66
2025-08-16T12:32:00.000,1.63,157.85,-1.51,0.62
2025-08-16T12:33:00.000,1.63,158.79,-1.52,0.59
2025-08-16T12:34:00.000,1.72,155.43,-1.57,0.72
2025-08-16T12:35:00.000,1.53,155.53,-1.39,0.63
2025-08-16T12:36:00.000,1.47,152.03,-1.30,0.69
2025-08-16T12:37:00.000,1.48,147.52,-1.25,0.79
2025-08-16T12:38:00.000,1.52,147.31,-1.28,0.82
2025-08-16T12:39:00.000,1.50,143.66,-1.20,0.89
2025-08-16T12:40:00.000,1.61,132.11,-1.08,1.20
2025-08-16T12:41:00.000,1.79,127.15,-1.08,1.43
2025-08-16T12:42:00.000,2.03,116.05,-0.89,1.82
2025-08-16T12:43:00.000,1.99,119.36,-0.98,1.74
2025-08-16T12:44:00.000,1.99,119.20,-0.97,1.74
2025-08-16T12:45:00.000,2.12,105.41,-0.56,2.04
2025-08-16T12:46:00.000,1.96,115.66,-0.85,1.76
2025-08-16T12:47:00.000,1.94,116.16,-0.86,1.74
2025-08-16T12:48:00.000,2.17,107.22,-0.64,2.07
2025-08-16T12:49:00.000,1.94,106.21,-0.54,1.86
2025-08-16T12:50:00.000,2.07,100.66,-0.38,2.03
2025-08-16T12:51:00.000,1.74,95.40,-0.16,1.73
2025-08-16T12:52:00.000,1.72,107.92,-0.53,1.63
2025-08-16T12:53:00.000,1.90,123.19,-1.04,1.59
2025-08-16T12:54:00.000,1.44,123.37,-0.79,1.20
2025-08-16T12:55:00.000,1.65,136.83,-1.20,1.13
2025-08-16T12:56:00.000,1.58,138.36,-1.18,1.05
2025-08-16T12:57:00.000,1.64,137.52,-1.21,1.11
2025-08-16T12:58:00.000,1.59,141.69,-1.25,0.99
2025-08-16T12:59:00.000,1.61,144.25,-1.30,0.94
2025-08-16T13:00:00.000,1.73,147.55,-1.46,0.93
2025-08-16T13:01:00.000,1.64,144.58,-1.34,0.95
2025-08-16T13:02:00.000,1.92,147.36,-1.62,1.04
2025-08-16T13:03:00.000,1.68,147.87,-1.42,0.89
2025-08-16T13:04:00.000,1.62,148.96,-1.39,0.84
2025-08-16T13:05:00.000,1.61,149.81,-1.39,0.81
2025-08-16T13:06:00.000,1.58,150.47,-1.38,0.78
2025-08-16T13:07:00.000,1.60,150.33,-1.39,0.79
2025-08-16T13:08:00.000,1.60,150.96,-1.40,0.78
2025-08-16T13:09:00.000,1.63,151.34,-1.43,0.78
2025-08-16T13:10:00.000,1.59,150.92,-1.39,0.77
2025-08-16T13:11:00.000,1.60,151.83,-1.41,0.76
2025-08-16T13:12:00.000,1.57,151.58,-1.38,0.75
2025-08-16T13:13:00.000,1.56,152.98,-1.39,0.71
2025-08-16T13:14:00.000,1.54,152.91,-1.37,0.70
2025-08-16T13:15:00.000,1.55,152.74,-1.37,0.71
2025-08-16T13:16:00.000,1.56,152.26,-1.38,0.73
2025-08-16T13:17:00.000,1.56,154.25,-1.40,0.68
2025-08-16T13:18:00.000,1.56,156.54,-1.43,0.62
2025-08-16T13:19:00.000,1.58,151.70,-1.39,0.75
2025-08-16T13:20:00.000,1.52,151.21,-1.34,0.73
2025-08-16T13:21:00.000,1.52,154.09,-1.37,0.67
2025-08-16T13:22:00.000,1.54,153.19,-1.37,0.69
2025-08-16T13:23:00.000,1.55,152.63,-1.38,0.71
2025-08-16T13:24:00.000,1.51,153.74,-1.36,0.67
2025-08-16T13:25:00.000,1.63,146.46,-1.36,0.90
2025-08-16T13:26:00.000,1.51,152.19,-1.33,0.70
2025-08-16T13:27:00.000,1.60,146.90,-1.34,0.87
2025-08-16T13:28:00.000,1.52,152.70,-1.35,0.70
2025-08-16T13:29:00.000,1.49,151.91,-1.31,0.70
2025-08-16T13:30:00.000,1.47,149.39,-1.27,0.75
2025-08-16T13:31:00.000,1.56,143.36,-1.26,0.93
2025-08-16T13:32:00.000,1.54,144.97,-1.26,0.88
2025-08-16T13:33:00.000,1.76,143.80,-1.42,1.04
2025-08-16T13:34:00.000,1.55,142.59,-1.23,0.94
2025-08-16T13:35:00.000,1.58,141.13,-1.23,0.99
2025-08-16T13:36:00.000,1.55,143.17,-1.24,0.93
2025-08-16T13:37:00.000,1.61,143.84,-1.30,0.95
2025-08-16T13:38:00.000,1.63,143.87,-1.32,0.96
2025-08-16T13:39:00.000,1.58,141.64,-1.24,0.98
2025-08-16T13:40:00.000,1.65,136.07,-1.19,1.14
2025-08-16T13:41:00.000,1.54,135.60,-1.10,1.08
2025-08-16T13:42:00.000,1.53,136.45,-1.11,1.05
2025-08-16T13:43:00.000,1.59,141.52,-1.25,0.99
2025-08-16T13:44:00.000,1.59,138.71,-1.19,1.05
2025-08-16T13:45:00.000,1.51,142.00,-1.19,0.93
2025-08-16T13:46:00.000,1.51,143.85,-1.22,0.89
2025-08-16T13:47:00.000,1.41,140.73,-1.09,0.89
2025-08-16T13:48:00.000,1.38,131.77,-0.92,1.03
2025-08-16T13:49:00.000,1.70,144.05,-1.38,1.00
2025-08-16T13:50:00.000,1.58,142.51,-1.26,0.96
2025-08-16T13:51:00.000,1.74,139.42,-1.32,1.13
2025-08-16T13:52:00.000,1.52,140.00,-1.16,0.98
2025-08-16T13:53:00.000,1.53,141.40,-1.19,0.95
2025-08-16T13:54:00.000,1.52,142.31,-1.20,0.93
2025-08-16T13:55:00.000,1.46,145.21,-1.20,0.83
2025-08-16T13:56:00.000,1.50,138.55,-1.12,0.99
2025-08-16T13:57:00.000,1.48,140.32,-1.14,0.94
2025-08-16T13:58:00.000,1.57,147.83,-1.33,0.84
2025-08-16T13:59:00.000,1.65,153.78,-1.48,0.73
2025-08-16T14:00:00.000,1.70,149.28,-1.46,0.87
2025-08-16T14:01:00.000,1.57,155.96,-1.43,0.64
2025-08-16T14:02:00.000,1.54,154.68,-1.39,0.66
2025-08-16T14:03:00.000,1.57,153.97,-1.41,0.69
2025-08-16T14:04:00.000,1.69,163.09,-1.62,0.49
2025-08-16T14:05:00.000,1.53,156.35,-1.40,0.61
2025-08-16T14:06:00.000,1.48,154.46,-1.34,0.64
2025-08-16T14:07:00.000,1.50,154.03,-1.35,0.66
2025-08-16T14:08:00.000,1.64,147.93,-1.39,0.87
2025-08-16T14:09:00.000,1.55,149.71,-1.33,0.78
2025-08-16T14:10:00.000,1.58,153.72,-1.42,0.70
2025-08-16T14:11:00.000,1.53,156.87,-1.41,0.60
2025-08-16T14:12:00.000,1.52,160.29,-1.43,0.51
2025-08-16T14:13:00.000,1.53,156.23,-1.40,0.62
2025-08-16T14:14:00.000,1.50,151.77,-1.32,0.71
2025-08-16T14:15:00.000,1.52,150.16,-1.32,0.76
2025-08-16T14:16:00.000,1.51,150.71,-1.32,0.74
2025-08-16T14:17:00.000,1.47,151.68,-1.29,0.70
2025-08-16T14:18:00.000,1.47,150.47,-1.28,0.72
2025-08-16T14:19:00.000,1.51,146.06,-1.25,0.84
2025-08-16T14:20:00.000,1.51,142.64,-1.20,0.92
2025-08-16T14:21:00.000,1.22,126.33,-0.72,0.99
2025-08-16T14:22:00.000,1.46,133.90,-1.01,1.05
2025-08-16T14:23:00.000,1.65,140.93,-1.28,1.04
2025-08-16T14:24:00.000,1.41,139.41,-1.07,0.92
2025-08-16T14:25:00.000,1.53,138.91,-1.15,1.00
2025-08-16T14:26:00.000,1.50,139.71,-1.14,0.97
2025-08-16T14:27:00.000,1.60,123.05,-0.87,1.34
2025-08-16T14:28:00.000,1.50,124.46,-0.85,1.23
2025-08-16T14:29:00.000,1.50,124.60,-0.85,1.23
2025-08-16T14:30:00.000,1.40,127.06,-0.84,1.12
2025-08-16T14:31:00.000,1.42,121.79,-0.75,1.21
2025-08-16T14:32:00.000,1.53,119.85,-0.76,1.33
2025-08-16T14:33:00.000,1.47,121.34,-0.76,1.25
2025-08-16T14:34:00.000,1.45,123.51,-0.80,1.21
2025-08-16T14:35:00.000,1.44,117.79,-0.67,1.28
2025-08-16T14:36:00.000,1.70,119.89,-0.85,1.47
2025-08-16T14:37:00.000,1.51,128.38,-0.93,1.18
2025-08-16T14:38:00.000,1.63,119.53,-0.80,1.41
2025-08-16T14:39:00.000,1.61,119.80,-0.80,1.39
2025-08-16T14:40:00.000,2.00,83.97,0.21,1.99
2025-08-16T14:41:00.000,2.37,81.19,0.36,2.34
2025-08-16T14:42:00.000,2.74,72.92,0.81,2.62
2025-08-16T14:43:00.000,2.20,91.06,-0.04,2.19
2025-08-16T14:44:00.000,1.63,116.50,-0.73,1.46
2025-08-16T14:45:00.000,1.47,120.67,-0.75,1.27
2025-08-16T14:46:00.000,1.58,128.25,-0.98,1.24
2025-08-16T14:47:00.000,1.48,136.22,-1.07,1.02
2025-08-16T14:48:00.000,1.48,133.84,-1.02,1.07
2025-08-16T14:49:00.000,1.67,120.75,-0.85,1.43
2025-08-16T14:50:00.000,1.44,137.77,-1.06,0.96
2025-08-16T14:51:00.000,1.46,139.76,-1.11,0.94
2025-08-16T14:52:00.000,1.45,142.75,-1.16,0.88
2025-08-16T14:53:00.000,1.44,142.93,-1.15,0.87
2025-08-16T14:54:00.000,1.45,145.45,-1.19,0.82
2025-08-16T14:55:00.000,1.46,145.47,-1.21,0.83
2025-08-16T14:56:00.000,1.47,148.39,-1.25,0.77
2025-08-16T14:57:00.000,1.50,150.01,-1.30,0.75
2025-08-16T14:58:00.000,1.47,149.98,-1.27,0.74
2025-08-16T14:59:00.000,1.48,149.55,-1.28,0.75
2025-08-16T15:00:00.000,1.46,150.11,-1.26,0.73
2025-08-16T15:01:00.000,1.48,148.25,-1.26,0.78
2025-08-16T15:02:00.000,1.44,145.36,-1.19,0.82
2025-08-16T15:03:00.000,1.47,148.20,-1.25,0.78
2025-08-16T15:04:00.000,1.50,148.26,-1.28,0.79
2025-08-16T15:05:00.000,1.48,150.21,-1.28,0.73
2025-08-16T15:06:00.000,1.46,149.89,-1.26,0.73
2025-08-16T15:07:00.000,1.59,144.83,-1.30,0.91
2025-08-16T15:08:00.000,1.57,148.22,-1.33,0.83
2025-08-16T15:09:00.000,1.55,150.59,-1.35,0.76
2025-08-16T15:10:00.000,1.51,152.83,-1.34,0.69
2025-08-16T15:11:00.000,1.50,150.86,-1.31,0.73
2025-08-16T15:12:00.000,1.47,143.62,-1.18,0.87
2025-08-16T15:13:00.000,1.46,146.10,-1.21,0.81
2025-08-16T15:14:00.000,1.52,150.20,-1.32,0.76
2025-08-16T15:15:00.000,1.55,149.49,-1.34,0.79
2025-08-16T15:16:00.000,1.47,149.06,-1.26,0.76
2025-08-16T15:17:00.000,1.47,147.51,-1.24,0.79
2025-08-16T15:18:00.000,1.48,145.92,-1.23,0.83
2025-08-16T15:19:00.000,1.49,139.91,-1.14,0.96
2025-08-16T15:20:00.000,1.47,134.94,-1.04,1.04
2025-08-16T15:21:00.000,1.46,139.66,-1.12,0.95
2025-08-16T15:22:00.000,1.43,137.52,-1.05,0.96
2025-08-16T15:23:00.000,1.40,131.08,-0.92,1.05
2025-08-16T15:24:00.000,1.40,129.76,-0.90,1.08
2025-08-16T15:25:00.000,1.38,130.57,-0.90,1.05
2025-08-16T15:26:00.000,1.38,122.80,-0.75,1.16
2025-08-16T15:27:00.000,1.44,130.36,-0.93,1.10
2025-08-16T15:28:00.000,1.55,130.21,-1.00,1.18
2025-08-16T15:29:00.000,1.49,136.20,-1.07,1.03
2025-08-16T15:30:00.000,1.66,134.47,-1.16,1.19
2025-08-16T15:31:00.000,1.67,138.24,-1.24,1.11
2025-08-16T15:32:00.000,1.70,133.76,-1.18,1.23
2025-08-16T15:33:00.000,1.72,125.84,-1.01,1.39
2025-08-16T15:34:00.000,1.60,118.21,-0.76,1.41
2025-08-16T15:35:00.000,1.43,130.69,-0.93,1.09
2025-08-16T15:36:00.000,1.88,127.52,-1.14,1.49
2025-08-16T15:37:00.000,1.53,127.31,-0.92,1.21
2025-08-16T15:38:00.000,1.54,136.42,-1.11,1.06
2025-08-16T15:39:00.000,1.54,144.57,-1.26,0.89
2025-08-16T15:40:00.000,1.55,150.30,-1.35,0.77
2025-08-16T15:41:00.000,1.58,149.54,-1.36,0.80
2025-08-16T15:42:00.000,1.59,150.07,-1.38,0.79
2025-08-16T15:43:00.000,1.53,153.94,-1.38,0.67
2025-08-16T15:44:00.000,1.53,151.53,-1.35,0.73
2025-08-16T15:45:00.000,1.50,151.66,-1.32,0.71
2025-08-16T15:46:00.000,1.54,150.98,-1.34,0.75
2025-08-16T15:47:00.000,1.53,150.56,-1.33,0.75
2025-08-16T15:48:00.000,1.51,151.82,-1.33,0.71
2025-08-16T15:49:00.000,1.50,152.33,-1.32,0.69
2025-08-16T15:50:00.000,1.51,152.94,-1.35,0.69
2025-08-16T15:51:00.000,1.53,151.62,-1.35,0.73
2025-08-16T15:52:00.000,1.51,152.49,-1.34,0.70
2025-08-16T15:53:00.000,1.54,151.52,-1.35,0.73
2025-08-16T15:54:00.000,1.64,150.57,-1.43,0.81
2025-08-16T15:55:00.000,1.49,153.07,-1.33,0.67
2025-08-16T15:56:00.000,1.54,150.22,-1.34,0.77
2025-08-16T15:57:00.000,1.54,150.45,-1.34,0.76
2025-08-16T15:58:00.000,1.56,144.84,-1.28,0.90
2025-08-16T15:59:00.000,1.60,145.72,-1.32,0.90
2025-08-16T16:00:00.000,1.55,150.54,-1.35,0.76
2025-08-16T16:01:00.000,1.67,148.59,-1.43,0.87
2025-08-16T16:02:00.000,1.56,148.31,-1.32,0.82
2025-08-16T16:03:00.000,1.73,147.93,-1.46,0.92
2025-08-16T16:04:00.000,1.48,148.91,-1.27,0.77
2025-08-16T16:05:00.000,1.52,148.60,-1.30,0.79
2025-08-16T16:06:00.000,1.51,150.36,-1.32,0.75
2025-08-16T16:07:00.000,1.50,151.13,-1.31,0.73
2025-08-16T16:08:00.000,1.53,151.23,-1.34,0.74
2025-08-16T16:09:00.000,1.50,153.55,-1.35,0.67
2025-08-16T16:10:00.000,1.51,153.08,-1.35,0.68
2025-08-16T16:11:00.000,1.53,151.02,-1.34,0.74
2025-08-16T16:12:00.000,1.52,152.17,-1.34,0.71
2025-08-16T16:13:00.000,1.46,150.79,-1.28,0.71
2025-08-16T16:14:00.000,1.55,150.13,-1.35,0.77
2025-08-16T16:15:00.000,1.50,151.53,-1.32,0.72
2025-08-16T16:16:00.000,1.50,151.98,-1.33,0.71
2025-08-16T16:17:00.000,1.48,153.30,-1.32,0.67
2025-08-16T16:18:00.000,1.50,151.20,-1.31,0.72
2025-08-16T16:19:00.000,1.50,150.25,-1.30,0.74
2025-08-16T16:20:00.000,1.52,152.79,-1.35,0.69
2025-08-16T16:21:00.000,1.53,150.10,-1.33,0.76
2025-08-16T16:22:00.000,1.51,152.44,-1.34,0.70
2025-08-16T16:23:00.000,1.52,151.37,-1.33,0.73
2025-08-16T16:24:00.000,1.47,152.64,-1.30,0.67
2025-08-16T16:25:00.000,1.53,151.27,-1.34,0.74
2025-08-16T16:26:00.000,1.51,150.99,-1.32,0.73
2025-08-16T16:27:00.000,1.56,151.30,-1.37,0.75
2025-08-16T16:28:00.000,1.55,149.95,-1.34,0.78
2025-08-16T16:29:00.000,1.55,151.15,-1.36,0.75
2025-08-16T16:30:00.000,1.55,150.65,-1.35,0.76
2025-08-16T16:31:00.000,1.54,150.14,-1.34,0.77
2025-08-16T16:32:00.000,1.54,150.71,-1.34,0.75
2025-08-16T16:33:00.000,1.52,151.12,-1.33,0.74
2025-08-16T16:34:00.000,1.54,151.68,-1.35,0.73
2025-08-16T16:35:00.000,1.53,152.41,-1.36,0.71
2025-08-16T16:36:00.000,1.54,153.80,-1.39,0.68
2025-08-16T16:37:00.000,1.56,152.45,-1.38,0.72
2025-08-16T16:38:00.000,1.58,148.80,-1.35,0.82
2025-08-16T16:39:00.000,1.62,144.56,-1.32,0.94
2025-08-16T16:40:00.000,1.50,144.36,-1.22,0.87
2025-08-16T16:41:00.000,1.57,147.04,-1.32,0.85
2025-08-16T16:42:00.000,1.58,148.92,-1.35,0.81
2025-08-16T16:43:00.000,1.55,151.12,-1.35,0.75
2025-08-16T16:44:00.000,1.55,148.77,-1.33,0.81
2025-08-16T16:45:00.000,1.53,151.78,-1.35,0.72
2025-08-16T16:46:00.000,1.51,152.13,-1.34,0.71
2025-08-16T16:47:00.000,1.53,152.16,-1.36,0.72
2025-08-16T16:48:00.000,1.55,151.33,-1.36,0.75
2025-08-16T16:49:00.000,1.56,150.28,-1.36,0.77
2025-08-16T16:50:00.000,1.55,151.78,-1.36,0.73
2025-08-16T16:51:00.000,1.57,151.35,-1.38,0.75
2025-08-16T16:52:00.000,1.63,149.48,-1.40,0.83
2025-08-16T16:53:00.000,1.62,145.01,-1.33,0.93
2025-08-16T16:54:00.000,1.57,142.09,-1.24,0.97
2025-08-16T16:55:00.000,1.53,147.71,-1.30,0.82
2025-08-16T16:56:00.000,1.58,149.37,-1.36,0.80
2025-08-16T16:57:00.000,1.54,153.10,-1.38,0.70
2025-08-16T16:58:00.000,1.52,156.12,-1.39,0.62
2025-08-16T16:59:00.000,1.66,149.13,-1.43,0.85
2025-08-16T17:00:00.000,1.51,142.97,-1.20,0.91
2025-08-16T17:01:00.000,1.53,131.56,-1.01,1.14
2025-08-16T17:02:00.000,1.82,139.83,-1.39,1.18
2025-08-16T17:03:00.000,1.40,133.27,-0.96,1.02
2025-08-16T17:04:00.000,1.55,138.14,-1.16,1.04
2025-08-16T17:05:00.000,1.45,138.42,-1.09,0.96
2025-08-16T17:06:00.000,1.48,136.19,-1.07,1.03
2025-08-16T17:07:00.000,1.54,141.98,-1.21,0.95
2025-08-16T17:08:00.000,1.43,140.99,-1.11,0.90
2025-08-16T17:09:00.000,1.63,137.35,-1.20,1.11
2025-08-16T17:10:00.000,1.58,150.50,-1.38,0.78
2025-08-16T17:11:00.000,1.59,152.34,-1.41,0.74
2025-08-16T17:12:00.000,1.63,147.31,-1.37,0.88
2025-08-16T17:13:00.000,1.68,143.79,-1.35,0.99
2025-08-16T17:14:00.000,1.47,147.74,-1.24,0.78
2025-08-16T17:15:00.000,1.50,149.44,-1.29,0.76
2025-08-16T17:16:00.000,1.45,148.11,-1.23,0.76
2025-08-16T17:17:00.000,1.65,144.24,-1.34,0.96
2025-08-16T17:18:00.000,1.50,149.70,-1.30,0.76
2025-08-16T17:19:00.000,1.49,150.62,-1.30,0.73
2025-08-16T17:20:00.000,1.54,149.98,-1.34,0.77
2025-08-16T17:21:00.000,1.51,151.83,-1.33,0.71
2025-08-16T17:22:00.000,1.51,151.99,-1.33,0.71
2025-08-16T17:23:00.000,1.52,152.19,-1.34,0.71
2025-08-16T17:24:00.000,1.55,152.16,-1.37,0.72
2025-08-16T17:25:00.000,1.51,153.19,-1.35,0.68
2025-08-16T17:26:00.000,1.53,152.24,-1.35,0.71
2025-08-16T17:27:00.000,1.58,148.33,-1.34,0.83
2025-08-16T17:28:00.000,1.54,145.85,-1.27,0.86
2025-08-16T17:29:00.000,1.54,141.47,-1.20,0.96
2025-08-16T17:30:00.000,1.59,142.90,-1.27,0.96
2025-08-16T17:31:00.000,1.58,139.96,-1.21,1.02
2025-08-16T17:32:00.000,1.53,137.85,-1.14,1.03
2025-08-16T17:33:00.000,1.50,137.68,-1.11,1.01
2025-08-16T17:34:00.000,1.44,142.33,-1.14,0.88
2025-08-16T17:35:00.000,1.52,144.63,-1.24,0.88
2025-08-16T17:36:00.000,1.50,142.99,-1.20,0.91
2025-08-16T17:37:00.000,1.48,142.14,-1.17,0.91
2025-08-16T17:38:00.000,1.46,136.49,-1.06,1.01
2025-08-16T17:39:00.000,1.47,140.96,-1.14,0.92
2025-08-16T17:40:00.000,1.49,131.62,-0.99,1.11
2025-08-16T17:41:00.000,1.49,144.19,-1.20,0.87
2025-08-16T17:42:00.000,1.49,143.59,-1.20,0.88
2025-08-16T17:43:00.000,1.48,145.39,-1.22,0.84
2025-08-16T17:44:00.000,1.49,145.48,-1.23,0.85
2025-08-16T17:45:00.000,1.49,143.87,-1.20,0.88
2025-08-16T17:46:00.000,1.49,137.30,-1.10,1.01
2025-08-16T17:47:00.000,1.46,136.83,-1.07,1.00
2025-08-16T17:48:00.000,1.48,137.60,-1.10,1.00
2025-08-16T17:49:00.000,1.54,135.33,-1.10,1.08
2025-08-16T17:50:00.000,1.49,133.19,-1.02,1.08
2025-08-16T17:51:00.000,1.50,135.57,-1.07,1.05
2025-08-16T17:52:00.000,1.47,122.96,-0.80,1.23
2025-08-16T17:53:00.000,1.52,117.67,-0.71,1.35
2025-08-16T17:54:00.000,1.58,111.84,-0.59,1.46
2025-08-16T17:55:00.000,1.50,114.59,-0.62,1.36
2025-08-16T17:56:00.000,1.43,121.14,-0.74,1.22
2025-08-16T17:57:00.000,1.49,126.19,-0.88,1.20
2025-08-16T17:58:00.000,1.47,126.65,-0.88,1.18
2025-08-16T17:59:00.000,1.54,112.65,-0.59,1.42
2025-08-16T18:00:00.000,1.47,119.28,-0.72,1.29
2025-08-16T18:01:00.000,1.44,131.34,-0.95,1.08
2025-08-16T18:02:00.000,1.44,135.72,-1.03,1.00
2025-08-16T18:03:00.000,1.40,135.50,-1.00,0.98
2025-08-16T18:04:00.000,1.44,137.06,-1.05,0.98
2025-08-16T18:05:00.000,1.45,134.94,-1.02,1.03
2025-08-16T18:06:00.000,1.51,134.01,-1.05,1.08
2025-08-16T18:07:00.000,1.47,137.51,-1.09,1.00
2025-08-16T18:08:00.000,1.46,139.91,-1.12,0.94
2025-08-16T18:09:00.000,1.47,137.09,-1.08,1.00
2025-08-16T18:10:00.000,1.46,137.62,-1.08,0.99
2025-08-16T18:11:00.000,1.45,141.30,-1.14,0.91
2025-08-16T18:12:00.000,1.43,140.38,-1.10,0.91
2025-08-16T18:13:00.000,1.44,141.09,-1.12,0.90
2025-08-16T18:14:00.000,1.43,143.36,-1.14,0.85
2025-08-16T18:15:00.000,1.44,143.77,-1.16,0.85
2025-08-16T18:16:00.000,1.46,142.40,-1.16,0.89
2025-08-16T18:17:00.000,1.43,141.71,-1.12,0.88
2025-08-16T18:18:00.000,1.43,141.45,-1.12,0.89
2025-08-16T18:19:00.000,1.43,137.88,-1.06,0.96
2025-08-16T18:20:00.000,1.41,142.61,-1.12,0.86
2025-08-16T18:21:00.000,1.43,144.06,-1.15,0.84
2025-08-16T18:22:00.000,1.45,144.69,-1.18,0.84
2025-08-16T18:23:00.000,1.45,146.22,-1.21,0.81
2025-08-16T18:24:00.000,1.45,146.44,-1.21,0.80
2025-08-16T18:25:00.000,1.45,146.95,-1.21,0.79
2025-08-16T18:26:00.000,1.46,147.20,-1.22,0.79
2025-08-16T18:27:00.000,1.44,147.67,-1.21,0.77
2025-08-16T18:28:00.000,1.46,146.87,-1.22,0.80
2025-08-16T18:29:00.000,1.44,145.25,-1.18,0.82
2025-08-16T18:30:00.000,1.44,144.82,-1.18,0.83
2025-08-16T18:31:00.000,1.44,142.70,-1.15,0.87
2025-08-16T18:32:00.000,1.45,142.68,-1.15,0.88
2025-08-16T18:33:00.000,1.45,143.84,-1.17,0.86
2025-08-16T18:34:00.000,1.46,144.26,-1.19,0.86
2025-08-16T18:35:00.000,1.48,142.88,-1.18,0.89
2025-08-16T18:36:00.000,1.57,137.35,-1.16,1.07
2025-08-16T18:37:00.000,1.53,141.40,-1.19,0.95
2025-08-16T18:38:00.000,1.48,141.58,-1.16,0.92
2025-08-16T18:39:00.000,1.54,138.82,-1.16,1.01
2025-08-16T18:40:00.000,1.56,139.33,-1.18,1.02
2025-08-16T18:41:00.000,1.54,143.21,-1.24,0.92
2025-08-16T18:42:00.000,1.51,144.00,-1.22,0.89
2025-08-16T18:43:00.000,1.51,143.67,-1.22,0.90
2025-08-16T18:44:00.000,1.49,143.99,-1.21,0.88
2025-08-16T18:45:00.000,1.51,144.84,-1.24,0.87
2025-08-16T18:46:00.000,1.51,146.51,-1.26,0.83
2025-08-16T18:47:00.000,1.52,146.27,-1.26,0.84
2025-08-16T18:48:00.000,1.52,144.82,-1.24,0.88
2025-08-16T18:49:00.000,1.50,143.90,-1.21,0.88
2025-08-16T18:50:00.000,1.50,147.33,-1.26,0.81
2025-08-16T18:51:00.000,1.49,146.81,-1.24,0.81
2025-08-16T18:52:00.000,1.53,147.07,-1.28,0.83
2025-08-16T18:53:00.000,1.52,149.55,-1.31,0.77
2025-08-16T18:54:00.000,1.50,150.07,-1.30,0.75
2025-08-16T18:55:00.000,1.49,149.59,-1.28,0.75
2025-08-16T18:56:00.000,1.56,146.67,-1.30,0.86
2025-08-16T18:57:00.000,1.54,144.15,-1.24,0.90
2025-08-16T18:58:00.000,1.47,144.58,-1.20,0.85
2025-08-16T18:59:00.000,1.51,145.61,-1.24,0.85
2025-08-16T19:00:00.000,1.52,146.41,-1.27,0.84
2025-08-16T19:01:00.000,1.51,147.72,-1.27,0.81
2025-08-16T19:02:00.000,1.53,148.08,-1.30,0.81
2025-08-16T19:03:00.000,1.52,149.00,-1.30,0.78
2025-08-16T19:04:00.000,1.52,150.43,-1.32,0.75
2025-08-16T19:05:00.000,1.52,150.27,-1.32,0.76
2025-08-16T19:06:00.000,1.51,151.67,-1.33,0.72
2025-08-16T19:07:00.000,1.50,150.21,-1.30,0.75
2025-08-16T19:08:00.000,1.51,148.41,-1.29,0.79
2025-08-16T19:09:00.000,1.51,149.07,-1.30,0.78
2025-08-16T19:10:00.000,1.51,147.82,-1.27,0.80
2025-08-16T19:11:00.000,1.51,149.65,-1.30,0.76
2025-08-16T19:12:00.000,1.53,151.43,-1.34,0.73
2025-08-16T19:13:00.000,1.54,151.49,-1.35,0.74
2025-08-16T19:14:00.000,1.54,152.50,-1.36,0.71
2025-08-16T19:15:00.000,1.55,151.81,-1.36,0.73
2025-08-16T19:16:00.000,1.54,152.42,-1.37,0.71
2025-08-16T19:17:00.000,1.54,151.44,-1.35,0.74
2025-08-16T19:18:00.000,1.53,151.42,-1.35,0.73
2025-08-16T19:19:00.000,1.53,151.38,-1.35,0.74
2025-08-16T19:20:00.000,1.55,150.54,-1.35,0.76
2025-08-16T19:21:00.000,1.53,150.78,-1.34,0.75
2025-08-16T19:22:00.000,1.53,151.04,-1.34,0.74
2025-08-16T19:23:00.000,1.51,152.11,-1.34,0.71
2025-08-16T19:24:00.000,1.52,152.07,-1.35,0.71
2025-08-16T19:25:00.000,1.52,152.77,-1.35,0.70
2025-08-16T19:26:00.000,1.54,151.72,-1.35,0.73
2025-08-16T19:27:00.000,1.53,152.28,-1.35,0.71
2025-08-16T19:28:00.000,1.54,151.92,-1.36,0.72
2025-08-16T19:29:00.000,1.56,149.76,-1.35,0.78
2025-08-16T19:30:00.000,1.56,150.02,-1.35,0.78
2025-08-16T19:31:00.000,1.56,153.52,-1.40,0.70
2025-08-16T19:32:00.000,1.56,152.55,-1.38,0.72
2025-08-16T19:33:00.000,1.55,152.10,-1.37,0.73
2025-08-16T19:34:00.000,1.54,154.39,-1.39,0.67
2025-08-16T19:35:00.000,1.55,154.76,-1.40,0.66
2025-08-16T19:36:00.000,1.54,155.01,-1.40,0.65
2025-08-16T19:37:00.000,1.54,154.41,-1.39,0.67
2025-08-16T19:38:00.000,1.54,154.26,-1.39,0.67
2025-08-16T19:39:00.000,1.54,153.78,-1.38,0.68
2025-08-16T19:40:00.000,1.54,152.37,-1.37,0.72
2025-08-16T19:41:00.000,1.53,153.78,-1.37,0.68
2025-08-16T19:42:00.000,1.54,152.95,-1.37,0.70
2025-08-16T19:43:00.000,1.54,153.59,-1.38,0.69
2025-08-16T19:44:00.000,1.54,153.41,-1.38,0.69
2025-08-16T19:45:00.000,1.54,151.77,-1.36,0.73
2025-08-16T19:46:00.000,1.53,151.86,-1.35,0.72
2025-08-16T19:47:00.000,1.54,152.40,-1.36,0.71
2025-08-16T19:48:00.000,1.52,151.75,-1.34,0.72
2025-08-16T19:49:00.000,1.51,149.97,-1.31,0.76
2025-08-16T19:50:00.000,1.50,149.26,-1.29,0.77
2025-08-16T19:51:00.000,1.50,148.06,-1.27,0.79
2025-08-16T19:52:00.000,1.49,148.28,-1.27,0.79
2025-08-16T19:53:00.000,1.51,146.61,-1.26,0.83
2025-08-16T19:54:00.000,1.50,150.36,-1.30,0.74
2025-08-16T19:55:00.000,1.50,150.56,-1.30,0.74
2025-08-16T19:56:00.000,1.54,150.37,-1.34,0.76
2025-08-16T19:57:00.000,1.53,151.76,-1.35,0.73
2025-08-16T19:58:00.000,1.54,151.45,-1.35,0.73
2025-08-16T19:59:00.000,1.51,148.36,-1.28,0.79
2025-08-16T20:00:00.000,1.51,149.27,-1.30,0.77
2025-08-16T20:01:00.000,1.53,149.92,-1.32,0.77
2025-08-16T20:02:00.000,1.52,150.58,-1.32,0.75
2025-08-16T20:03:00.000,1.52,151.21,-1.33,0.73
2025-08-16T20:04:00.000,1.52,152.59,-1.35,0.70
2025-08-16T20:05:00.000,1.53,152.19,-1.36,0.72
2025-08-16T20:06:00.000,1.53,152.24,-1.35,0.71
2025-08-16T20:07:00.000,1.53,152.04,-1.35,0.72
2025-08-16T20:08:00.000,1.50,151.31,-1.32,0.72
2025-08-16T20:09:00.000,1.52,151.11,-1.33,0.73
2025-08-16T20:10:00.000,1.51,150.65,-1.32,0.74
2025-08-16T20:11:00.000,1.54,145.78,-1.27,0.87
2025-08-16T20:12:00.000,1.51,147.07,-1.27,0.82
2025-08-16T20:13:00.000,1.50,146.90,-1.25,0.82
2025-08-16T20:14:00.000,1.50,148.04,-1.27,0.79
2025-08-16T20:15:00.000,1.27,100.38,-0.23,1.25
2025-08-16T20:16:00.000,1.18,148.97,-1.01,0.61
2025-08-16T20:17:00.000,1.27,150.26,-1.10,0.63
2025-08-16T20:18:00.000,1.34,148.30,-1.14,0.70
2025-08-16T20:19:00.000,1.33,147.38,-1.12,0.72
2025-08-16T20:20:00.000,1.31,145.81,-1.09,0.74
2025-08-16T20:21:00.000,1.33,146.73,-1.11,0.73
2025-08-16T20:22:00.000,1.34,144.91,-1.10,0.77
2025-08-16T20:23:00.000,1.34,145.73,-1.11,0.76
2025-08-16T20:24:00.000,1.34,145.40,-1.11,0.76
2025-08-16T20:25:00.000,1.33,146.94,-1.12,0.73
2025-08-16T20:26:00.000,1.35,147.46,-1.14,0.73
2025-08-16T20:27:00.000,1.34,147.90,-1.14,0.71
2025-08-16T20:28:00.000,1.33,148.62,-1.14,0.69
2025-08-16T20:29:00.000,1.34,147.67,-1.13,0.72
2025-08-16T20:30:00.000,1.34,147.97,-1.13,0.71
2025-08-16T20:31:00.000,1.34,147.37,-1.13,0.72
2025-08-16T20:32:00.000,1.35,147.22,-1.13,0.73
2025-08-16T20:33:00.000,1.35,147.74,-1.14,0.72
2025-08-16T20:34:00.000,1.35,148.19,-1.15,0.71
2025-08-16T20:35:00.000,1.36,148.98,-1.17,0.70
2025-08-16T20:36:00.000,1.37,148.92,-1.17,0.71
2025-08-16T20:37:00.000,1.36,149.24,-1.17,0.70
2025-08-16T20:38:00.000,1.36,149.25,-1.17,0.70
2025-08-16T20:39:00.000,1.37,148.88,-1.17,0.71
2025-08-16T20:40:00.000,1.39,148.30,-1.18,0.73
2025-08-16T20:41:00.000,1.38,146.80,-1.16,0.76
2025-08-16T20:42:00.000,1.37,147.42,-1.16,0.74
2025-08-16T20:43:00.000,1.38,148.33,-1.17,0.72
2025-08-16T20:44:00.000,1.40,149.05,-1.20,0.72
2025-08-16T20:45:00.000,1.39,150.84,-1.22,0.68
2025-08-16T20:46:00.000,1.41,149.63,-1.22,0.71
2025-08-16T20:47:00.000,1.41,146.22,-1.17,0.78
2025-08-16T20:48:00.000,1.42,147.62,-1.20,0.76
2025-08-16T20:49:00.000,1.43,149.34,-1.23,0.73
2025-08-16T20:50:00.000,1.43,147.13,-1.20,0.78
2025-08-16T20:51:00.000,1.41,148.39,-1.20,0.74
2025-08-16T20:52:00.000,1.42,147.37,-1.20,0.77
2025-08-16T20:53:00.000,1.41,148.71,-1.21,0.73
2025-08-16T20:54:00.000,1.42,149.15,-1.22,0.73
2025-08-16T20:55:00.000,1.43,148.25,-1.22,0.75
2025-08-16T20:56:00.000,1.43,148.81,-1.22,0.74
2025-08-16T20:57:00.000,1.43,149.53,-1.23,0.72
2025-08-16T20:58:00.000,1.42,148.62,-1.22,0.74
2025-08-16T20:59:00.000,1.42,148.27,-1.21,0.75
2025-08-16T21:00:00.000,1.43,147.78,-1.21,0.76
2025-08-16T21:01:00.000,1.43,147.80,-1.21,0.76
2025-08-16T21:02:00.000,1.43,147.17,-1.20,0.77
2025-08-16T21:03:00.000,1.44,146.11,-1.20,0.80
2025-08-16T21:04:00.000,1.44,146.88,-1.21,0.79
2025-08-16T21:05:00.000,1.45,146.86,-1.21,0.79
2025-08-16T21:06:00.000,1.44,149.41,-1.24,0.73
2025-08-16T21:07:00.000,1.43,149.09,-1.23,0.73
2025-08-16T21:08:00.000,1.44,150.17,-1.25,0.72
2025-08-16T21:09:00.000,1.46,153.43,-1.30,0.65
2025-08-16T21:10:00.000,1.46,153.00,-1.30,0.66
2025-08-16T21:11:00.000,1.45,154.95,-1.31,0.61
2025-08-16T21:12:00.000,1.50,156.37,-1.37,0.60
2025-08-16T21:13:00.000,1.69,158.53,-1.57,0.62
2025-08-16T21:14:00.000,1.73,159.42,-1.62,0.61
2025-08-16T21:15:00.000,1.83,166.63,-1.78,0.42
2025-08-16T21:16:00.000,1.88,166.50,-1.83,0.44
2025-08-16T21:17:00.000,1.85,166.84,-1.80,0.42
2025-08-16T21:18:00.000,1.82,169.10,-1.78,0.34
2025-08-16T21:19:00.000,1.80,162.34,-1.71,0.55
2025-08-16T21:20:00.000,1.80,163.09,-1.72,0.52
2025-08-16T21:21:00.000,1.83,163.07,-1.75,0.53
2025-08-16T21:22:00.000,1.78,159.70,-1.67,0.62
2025-08-16T21:23:00.000,1.77,159.93,-1.66,0.61
2025-08-16T21:24:00.000,1.75,159.09,-1.63,0.62
2025-08-16T21:25:00.000,1.75,159.73,-1.64,0.61
2025-08-16T21:26:00.000,1.76,159.88,-1.66,0.61
2025-08-16T21:27:00.000,1.75,160.94,-1.66,0.57
2025-08-16T21:28:00.000,1.76,160.07,-1.66,0.60
2025-08-16T21:29:00.000,1.77,161.12,-1.67,0.57
2025-08-16T21:30:00.000,1.76,159.04,-1.65,0.63
2025-08-16T21:31:00.000,1.76,159.06,-1.64,0.63
2025-08-16T21:32:00.000,1.75,158.77,-1.63,0.63
2025-08-16T21:33:00.000,1.77,157.55,-1.63,0.67
2025-08-16T21:34:00.000,1.04,134.86,-0.73,0.74
2025-08-16T21:35:00.000,1.60,156.32,-1.47,0.64
2025-08-16T21:36:00.000,1.46,156.15,-1.34,0.59
2025-08-16T21:37:00.000,1.44,154.49,-1.30,0.62
2025-08-16T21:38:00.000,1.44,156.82,-1.33,0.57
2025-08-16T21:39:00.000,1.50,156.56,-1.37,0.59
2025-08-16T21:40:00.000,1.41,160.06,-1.32,0.48
2025-08-16T21:41:00.000,1.40,158.35,-1.30,0.52
2025-08-16T21:42:00.000,1.40,163.36,-1.34,0.40
2025-08-16T21:43:00.000,1.41,160.48,-1.33,0.47
2025-08-16T21:44:00.000,1.40,160.41,-1.32,0.47
2025-08-16T21:45:00.000,1.40,161.11,-1.32,0.45
2025-08-16T21:46:00.000,1.42,162.27,-1.35,0.43
2025-08-16T21:47:00.000,1.44,162.09,-1.37,0.44
2025-08-16T21:48:00.000,1.42,161.80,-1.35,0.44
2025-08-16T21:49:00.000,1.42,161.27,-1.34,0.46
2025-08-16T21:50:00.000,1.41,161.71,-1.34,0.44
2025-08-16T21:51:00.000,1.41,161.42,-1.33,0.45
2025-08-16T21:52:00.000,1.40,161.18,-1.33,0.45
2025-08-16T21:53:00.000,1.40,161.61,-1.33,0.44
2025-08-16T21:54:00.000,1.41,161.55,-1.34,0.45
2025-08-16T21:55:00.000,1.42,161.26,-1.34,0.46
2025-08-16T21:56:00.000,1.42,162.23,-1.36,0.43
2025-08-16T21:57:00.000,1.41,161.57,-1.34,0.45
2025-08-16T21:58:00.000,1.42,162.61,-1.35,0.42
2025-08-16T21:59:00.000,1.41,161.11,-1.34,0.46
2025-08-16T22:00:00.000,1.43,162.32,-1.36,0.43
2025-08-16T22:01:00.000,1.41,161.86,-1.34,0.44
2025-08-16T22:02:00.000,1.41,160.56,-1.33,0.47
2025-08-16T22:03:00.000,1.42,161.01,-1.34,0.46
2025-08-16T22:04:00.000,1.41,160.29,-1.33,0.47
2025-08-16T22:05:00.000,1.41,161.74,-1.34,0.44
2025-08-16T22:06:00.000,1.42,161.49,-1.35,0.45
2025-08-16T22:07:00.000,1.45,161.41,-1.38,0.46
2025-08-16T22:08:00.000,1.50,164.07,-1.44,0.41
2025-08-16T22:09:00.000,1.49,163.06,-1.42,0.43
2025-08-16T22:10:00.000,1.46,162.33,-1.40,0.44
2025-08-16T22:11:00.000,1.48,161.95,-1.40,0.46
2025-08-16T22:12:00.000,1.49,162.58,-1.42,0.45
2025-08-16T22:13:00.000,1.47,162.35,-1.40,0.45
2025-08-16T22:14:00.000,1.47,163.89,-1.42,0.41
2025-08-16T22:15:00.000,1.47,163.12,-1.41,0.43
2025-08-16T22:16:00.000,1.51,165.21,-1.46,0.39
2025-08-16T22:17:00.000,1.50,164.99,-1.45,0.39
2025-08-16T22:18:00.000,1.52,166.71,-1.48,0.35
2025-08-16T22:19:00.000,1.53,168.00,-1.49,0.32
2025-08-16T22:20:00.000,1.56,168.31,-1.52,0.32
2025-08-16T22:21:00.000,1.53,166.36,-1.49,0.36
2025-08-16T22:22:00.000,1.54,167.42,-1.51,0.34
2025-08-16T22:23:00.000,1.53,165.64,-1.48,0.38
2025-08-16T22:24:00.000,1.48,164.18,-1.43,0.40
2025-08-16T22:25:00.000,1.50,164.49,-1.44,0.40
2025-08-16T22:26:00.000,1.50,163.40,-1.44,0.43
2025-08-16T22:27:00.000,1.54,164.02,-1.48,0.42
2025-08-16T22:28:00.000,1.50,163.19,-1.43,0.43
2025-08-16T22:29:00.000,1.51,163.74,-1.45,0.42
2025-08-16T22:30:00.000,1.51,167.08,-1.47,0.34
2025-08-16T22:31:00.000,1.50,164.23,-1.45,0.41
2025-08-16T22:32:00.000,1.50,165.13,-1.45,0.39
2025-08-16T22:33:00.000,1.53,167.29,-1.49,0.34
2025-08-16T22:34:00.000,1.51,168.61,-1.48,0.30
2025-08-16T22:35:00.000,1.51,168.79,-1.48,0.29
2025-08-16T22:36:00.000,1.51,167.18,-1.47,0.34
2025-08-16T22:37:00.000,1.48,164.60,-1.43,0.39
2025-08-16T22:38:00.000,1.51,167.46,-1.47,0.33
2025-08-16T22:39:00.000,1.50,166.71,-1.46,0.34
2025-08-16T22:40:00.000,1.50,164.68,-1.44,0.40
2025-08-16T22:41:00.000,1.52,166.00,-1.48,0.37
2025-08-16T22:42:00.000,1.52,166.33,-1.48,0.36
2025-08-16T22:43:00.000,1.51,165.90,-1.47,0.37
2025-08-16T22:44:00.000,1.51,165.09,-1.46,0.39
2025-08-16T22:45:00.000,1.51,162.81,-1.44,0.45
2025-08-16T22:46:00.000,1.48,161.48,-1.41,0.47
2025-08-16T22:47:00.000,1.49,161.53,-1.42,0.47
2025-08-16T22:48:00.000,1.49,162.43,-1.42,0.45
2025-08-16T22:49:00.000,1.50,161.07,-1.42,0.49
2025-08-16T22:50:00.000,1.52,162.57,-1.45,0.45
2025-08-16T22:51:00.000,1.51,162.48,-1.44,0.46
2025-08-16T22:52:00.000,1.54,163.43,-1.47,0.44
2025-08-16T22:53:00.000,1.53,164.03,-1.47,0.42
2025-08-16T22:54:00.000,1.55,164.95,-1.50,0.40
2025-08-16T22:55:00.000,1.53,165.31,-1.48,0.39
2025-08-16T22:56:00.000,1.54,165.52,-1.49,0.38
2025-08-16T22:57:00.000,1.56,167.11,-1.52,0.35
2025-08-16T22:58:00.000,1.55,167.71,-1.51,0.33
2025-08-16T22:59:00.000,1.59,170.68,-1.57,0.26
2025-08-16T23:00:00.000,1.62,171.10,-1.60,0.25
2025-08-16T23:01:00.000,1.65,171.63,-1.63,0.24
2025-08-16T23:02:00.000,1.72,173.64,-1.71,0.19
2025-08-16T23:03:00.000,1.74,175.39,-1.74,0.14
2025-08-16T23:04:00.000,1.76,176.36,-1.75,0.11
2025-08-16T23:05:00.000,1.86,178.89,-1.86,0.04
2025-08-16T23:06:00.000,1.83,178.99,-1.83,0.03
2025-08-16T23:07:00.000,1.89,181.56,-1.89,-0.05
2025-08-16T23:08:00.000,1.91,184.13,-1.91,-0.14
2025-08-16T23:09:00.000,2.09,187.91,-2.07,-0.29
2025-08-16T23:10:00.000,2.04,185.29,-2.03,-0.19
2025-08-16T23:11:00.000,1.90,182.29,-1.90,-0.08
2025-08-16T23:12:00.000,1.99,183.72,-1.98,-0.13
2025-08-16T23:13:00.000,1.84,178.15,-1.84,0.06
2025-08-16T23:14:00.000,1.83,178.81,-1.83,0.04
2025-08-16T23:15:00.000,1.87,180.63,-1.87,-0.02
2025-08-16T23:16:00.000,1.82,179.04,-1.82,0.03
2025-08-16T23:17:00.000,1.87,180.56,-1.87,-0.02
2025-08-16T23:18:00.000,1.79,177.99,-1.79,0.06
2025-08-16T23:19:00.000,1.89,181.74,-1.89,-0.06
2025-08-16T23:20:00.000,2.03,184.52,-2.02,-0.16
2025-08-16T23:21:00.000,2.06,186.48,-2.05,-0.23
2025-08-16T23:22:00.000,2.04,185.15,-2.03,-0.18
2025-08-16T23:23:00.000,1.92,179.54,-1.92,0.02
2025-08-16T23:24:00.000,1.91,180.11,-1.91,-0.00
2025-08-16T23:25:00.000,1.96,184.47,-1.96,-0.15
2025-08-16T23:26:00.000,2.13,188.19,-2.11,-0.30
2025-08-16T23:27:00.000,2.50,197.25,-2.39,-0.74
2025-08-16T23:28:00.000,1.98,184.55,-1.97,-0.16
2025-08-16T23:29:00.000,2.06,187.49,-2.04,-0.27
2025-08-16T23:30:00.000,2.12,190.63,-2.08,-0.39
2025-08-16T23:31:00.000,2.07,185.91,-2.05,-0.21
2025-08-16T23:32:00.000,2.14,187.24,-2.12,-0.27
2025-08-16T23:33:00.000,2.00,184.58,-2.00,-0.16
2025-08-16T23:34:00.000,1.90,183.60,-1.89,-0.12
2025-08-16T23:35:00.000,1.96,184.78,-1.95,-0.16
2025-08-16T23:36:00.000,1.92,181.51,-1.92,-0.05
2025-08-16T23:37:00.000,1.80,177.00,-1.80,0.09
2025-08-16T23:38:00.000,1.79,177.29,-1.79,0.08
2025-08-16T23:39:00.000,1.77,176.90,-1.77,0.10
2025-08-16T23:40:00.000,1.79,177.06,-1.79,0.09
2025-08-16T23:41:00.000,1.87,178.73,-1.87,0.04
2025-08-16T23:42:00.000,1.91,180.79,-1.91,-0.03
2025-08-16T23:43:00.000,2.01,184.22,-2.00,-0.15
2025-08-16T23:44:00.000,2.02,185.99,-2.00,-0.21
2025-08-16T23:45:00.000,2.00,186.63,-1.99,-0.23
2025-08-16T23:46:00.000,1.93,181.48,-1.93,-0.05
2025-08-16T23:47:00.000,1.83,180.86,-1.83,-0.03
2025-08-16T23:48:00.000,1.91,186.94,-1.89,-0.23
2025-08-16T23:49:00.000,1.84,183.17,-1.84,-0.10
2025-08-16T23:50:00.000,1.84,179.85,-1.84,0.00
2025-08-16T23:51:00.000,2.35,198.08,-2.23,-0.73
2025-08-16T23:52:00.000,2.32,192.91,-2.26,-0.52
2025-08-16T23:53:00.000,2.08,188.44,-2.06,-0.31
2025-08-16T23:54:00.000,2.23,189.97,-2.20,-0.39
2025-08-16T23:55:00.000,2.08,184.48,-2.07,-0.16
2025-08-16T23:56:00.000,2.31,192.67,-2.26,-0.51
2025-08-16T23:57:00.000,2.25,191.49,-2.20,-0.45
2025-08-16T23:58:00.000,1.96,183.75,-1.95,-0.13
2025-08-16T23:59:00.000,1.86,183.52,-1.86,-0.11
2025-08-17T00:00:00.000,2.02,190.01,-1.99,-0.35
2025-08-17T00:01:00.000,1.98,189.52,-1.95,-0.33
2025-08-17T00:02:00.000,2.03,190.79,-1.99,-0.38
2025-08-17T00:03:00.000,2.10,190.95,-2.06,-0.40
2025-08-17T00:04:00.000,2.18,195.88,-2.09,-0.60
2025-08-17T00:05:00.000,2.05,189.83,-2.02,-0.35
2025-08-17T00:06:00.000,2.18,193.10,-2.12,-0.49
2025-08-17T00:07:00.000,2.12,192.72,-2.07,-0.47
2025-08-17T00:08:00.000,2.17,193.04,-2.12,-0.49
2025-08-17T00:09:00.000,2.17,197.69,-2.07,-0.66
2025-08-17T00:10:00.000,2.13,195.81,-2.05,-0.58
2025-08-17T00:11:00.000,2.02,191.77,-1.98,-0.41
2025-08-17T00:12:00.000,1.99,191.57,-1.95,-0.40
2025-08-17T00:13:00.000,1.97,191.30,-1.93,-0.39
2025-08-17T00:14:00.000,2.01,194.10,-1.95,-0.49
2025-08-17T00:15:00.000,2.23,197.57,-2.13,-0.67
2025-08-17T00:16:00.000,2.50,203.26,-2.30,-0.99
2025-08-17T00:17:00.000,2.62,207.51,-2.33,-1.21
2025-08-17T00:18:00.000,2.49,201.21,-2.32,-0.90
2025-08-17T00:19:00.000,2.19,196.98,-2.09,-0.64
2025-08-17T00:20:00.000,2.64,206.71,-2.36,-1.19
2025-08-17T00:21:00.000,2.45,203.99,-2.24,-1.00
2025-08-17T00:22:00.000,1.98,192.19,-1.94,-0.42
2025-08-17T00:23:00.000,2.09,196.44,-2.00,-0.59
2025-08-17T00:24:00.000,2.11,200.15,-1.98,-0.73
2025-08-17T00:25:00.000,2.32,201.43,-2.16,-0.85
2025-08-17T00:26:00.000,2.17,199.57,-2.05,-0.73
2025-08-17T00:27:00.000,2.15,199.24,-2.03,-0.71
2025-08-17T00:28:00.000,2.25,201.90,-2.09,-0.84
2025-08-17T00:29:00.000,2.83,211.00,-2.42,-1.46
2025-08-17T00:30:00.000,2.35,203.05,-2.16,-0.92
2025-08-17T00:31:00.000,2.46,206.95,-2.19,-1.11
2025-08-17T00:32:00.000,2.67,211.70,-2.27,-1.40
2025-08-17T00:33:00.000,2.56,205.48,-2.31,-1.10
2025-08-17T00:34:00.000,2.57,205.50,-2.32,-1.11
2025-08-17T00:35:00.000,2.45,205.51,-2.21,-1.05
2025-08-17T00:36:00.000,2.21,202.47,-2.04,-0.85
2025-08-17T00:37:00.000,2.53,204.64,-2.30,-1.05
2025-08-17T00:38:00.000,2.39,204.69,-2.17,-1.00
2025-08-17T00:39:00.000,2.02,192.10,-1.97,-0.42
2025-08-17T00:40:00.000,2.09,194.41,-2.03,-0.52
2025-08-17T00:41:00.000,2.04,199.19,-1.93,-0.67
2025-08-17T00:42:00.000,4.12,209.29,-3.59,-2.02
2025-08-17T00:43:00.000,3.07,210.74,-2.64,-1.57
2025-08-17T00:44:00.000,2.53,207.43,-2.25,-1.17
2025-08-17T00:45:00.000,2.93,212.84,-2.46,-1.59
2025-08-17T00:46:00.000,2.62,204.57,-2.39,-1.09
2025-08-17T00:47:00.000,2.38,200.59,-2.23,-0.84
2025-08-17T00:48:00.000,2.19,198.28,-2.08,-0.69
2025-08-17T00:49:00.000,2.36,198.89,-2.23,-0.76
2025-08-17T00:50:00.000,2.49,202.35,-2.30,-0.95
2025-08-17T00:51:00.000,3.08,214.65,-2.53,-1.75
2025-08-17T00:52:00.000,2.43,202.73,-2.24,-0.94
2025-08-17T00:53:00.000,2.70,206.59,-2.42,-1.21
2025-08-17T00:54:00.000,3.47,215.50,-2.82,-2.01
2025-08-17T00:55:00.000,4.09,219.35,-3.16,-2.59
2025-08-17T00:56:00.000,4.19,217.20,-3.34,-2.53
2025-08-17T00:57:00.000,4.35,216.19,-3.51,-2.57
2025-08-17T00:58:00.000,4.29,212.79,-3.60,-2.32
2025-08-17T00:59:00.000,5.69,218.33,-4.46,-3.53
2025-08-17T01:00:00.000,3.49,211.36,-2.98,-1.82
2025-08-17T01:01:00.000,2.72,198.28,-2.58,-0.85
2025-08-17T01:02:00.000,2.81,200.91,-2.63,-1.00
2025-08-17T01:03:00.000,2.59,203.24,-2.38,-1.02
2025-08-17T01:04:00.000,2.23,198.54,-2.11,-0.71
2025-08-17T01:05:00.000,2.10,196.57,-2.01,-0.60
2025-08-17T01:06:00.000,2.06,194.72,-1.99,-0.52
2025-08-17T01:07:00.000,2.11,193.01,-2.06,-0.48
2025-08-17T01:08:00.000,2.02,191.39,-1.98,-0.40
2025-08-17T01:09:00.000,2.01,190.78,-1.98,-0.38
2025-08-17T01:10:00.000,1.95,189.76,-1.92,-0.33
2025-08-17T01:11:00.000,2.08,194.75,-2.02,-0.53
2025-08-17T01:12:00.000,2.06,193.87,-2.00,-0.49
2025-08-17T01:13:00.000,2.04,193.54,-1.98,-0.48
2025-08-17T01:14:00.000,1.96,189.09,-1.93,-0.31
2025-08-17T01:15:00.000,1.86,186.75,-1.84,-0.22
2025-08-17T01:16:00.000,1.90,189.65,-1.88,-0.32
2025-08-17T01:17:00.000,1.93,189.53,-1.90,-0.32
2025-08-17T01:18:00.000,1.99,191.05,-1.95,-0.38
2025-08-17T01:19:00.000,1.85,185.86,-1.84,-0.19
2025-08-17T01:20:00.000,1.84,183.10,-1.84,-0.10
2025-08-17T01:21:00.000,1.76,179.81,-1.76,0.01
2025-08-17T01:22:00.000,1.75,180.81,-1.75,-0.02
2025-08-17T01:23:00.000,2.10,194.56,-2.03,-0.53
2025-08-17T01:24:00.000,2.07,191.44,-2.03,-0.41
2025-08-17T01:25:00.000,1.97,189.27,-1.94,-0.32
2025-08-17T01:26:00.000,2.07,190.11,-2.04,-0.36
2025-08-17T01:27:00.000,1.92,186.77,-1.91,-0.23
2025-08-17T01:28:00.000,2.44,198.80,-2.31,-0.79
2025-08-17T01:29:00.000,3.83,205.09,-3.47,-1.62
2025-08-17T01:30:00.000,6.37,190.33,-6.27,-1.14
2025-08-17T01:31:00.000,10.89,191.74,-10.66,-2.22
2025-08-17T01:32:00.000,14.48,185.95,-14.40,-1.50
2025-08-17T01:33:00.000,17.65,185.64,-17.57,-1.74
2025-08-17T01:34:00.000,20.42,181.61,-20.42,-0.57
2025-08-17T01:35:00.000,22.71,183.50,-22.67,-1.38
2025-08-17T01:36:00.000,24.53,179.96,-24.53,0.02
2025-08-17T01:37:00.000,26.05,178.79,-26.05,0.55
2025-08-17T01:38:00.000,27.51,178.42,-27.50,0.76
2025-08-17T01:39:00.000,28.99,176.64,-28.94,1.70
2025-08-17T01:40:00.000,30.57,174.91,-30.44,2.71
2025-08-17T01:41:00.000,32.39,173.29,-32.17,3.79
2025-08-17T01:42:00.000,35.04,171.25,-34.63,5.33
2025-08-17T01:43:00.000,37.53,169.74,-36.93,6.68
2025-08-17T01:44:00.000,41.50,168.02,-40.59,8.61
2025-08-17T01:45:00.000,45.98,167.22,-44.84,10.17
2025-08-17T01:46:00.000,52.61,167.09,-51.28,11.76
2025-08-17T01:47:00.000,59.98,167.00,-58.44,13.49
2025-08-17T01:48:00.000,70.36,166.88,-68.53,15.97
2025-08-17T01:49:00.000,81.61,167.68,-79.73,17.42
2025-08-17T01:50:00.000,98.49,168.27,-96.44,20.02
2025-08-17T01:51:00.000,115.98,169.20,-113.92,21.73
2025-08-17T01:52:00.000,141.81,169.84,-139.59,25.01
2025-08-17T01:53:00.000,169.21,169.02,-166.11,32.23
2025-08-17T01:54:00.000,195.95,167.34,-191.19,42.96
2025-08-17T01:55:00.000,200.79,166.80,-195.49,45.84
2025-08-17T01:56:00.000,201.20,166.76,-195.86,46.07
2025-08-17T01:57:00.000,201.13,166.75,-195.78,46.10
2025-08-17T01:58:00.000,201.11,166.79,-195.78,45.96
2025-08-17T01:59:00.000,201.03,166.83,-195.74,45.79
2025-08-17T02:00:00.000,201.03,166.89,-195.79,45.61
2025-08-17T02:01:00.000,200.96,166.88,-195.72,45.62
2025-08-17T02:02:00.000,200.91,166.87,-195.65,45.65
2025-08-17T02:03:00.000,200.90,166.87,-195.66,45.62
2025-08-17T02:04:00.000,200.93,166.90,-195.70,45.55
2025-08-17T02:05:00.000,200.84,166.88,-195.60,45.59
2025-08-17T02:06:00.000,200.86,166.94,-195.66,45.39
2025-08-17T02:07:00.000,200.85,166.96,-195.67,45.31
2025-08-17T02:08:00.000,200.82,166.98,-195.66,45.25
2025-08-17T02:09:00.000,200.86,166.97,-195.68,45.30
2025-08-17T02:10:00.000,200.84,166.98,-195.68,45.25
2025-08-17T02:11:00.000,200.77,166.97,-195.60,45.27
2025-08-17T02:12:00.000,200.75,166.98,-195.60,45.21
2025-08-17T02:13:00.000,200.81,166.97,-195.64,45.28
2025-08-17T02:14:00.000,200.69,166.94,-195.50,45.35
2025-08-17T02:15:00.000,200.82,166.96,-195.64,45.32
2025-08-17T02:16:00.000,200.82,166.98,-195.66,45.24
2025-08-17T02:17:00.000,200.84,166.98,-195.68,45.25
2025-08-17T02:18:00.000,200.74,166.94,-195.55,45.35
2025-08-17T02:19:00.000,200.83,166.98,-195.67,45.23
2025-08-17T02:20:00.000,200.74,166.95,-195.55,45.33
2025-08-17T02:21:00.000,200.73,166.96,-195.56,45.29
2025-08-17T02:22:00.000,200.76,166.97,-195.59,45.27
2025-08-17T02:23:00.000,200.76,167.00,-195.62,45.17
2025-08-17T02:24:00.000,200.80,166.98,-195.64,45.25
2025-08-17T02:25:00.000,200.74,166.98,-195.58,45.22
2025-08-17T02:26:00.000,200.73,166.97,-195.56,45.24
2025-08-17T02:27:00.000,200.71,166.97,-195.54,45.25
2025-08-17T02:28:00.000,200.64,166.97,-195.47,45.25
2025-08-17T02:29:00.000,200.75,166.98,-195.59,45.24
2025-08-17T02:30:00.000,200.65,166.98,-195.50,45.19
2025-08-17T02:31:00.000,200.73,166.98,-195.57,45.23
2025-08-17T02:32:00.000,200.67,167.01,-195.53,45.12
2025-08-17T02:33:00.000,200.70,166.97,-195.53,45.26
2025-08-17T02:34:00.000,200.66,166.98,-195.50,45.20
2025-08-17T02:35:00.000,200.66,167.00,-195.51,45.14
2025-08-17T02:36:00.000,200.69,167.00,-195.55,45.14
2025-08-17T02:37:00.000,200.69,167.02,-195.56,45.09
2025-08-17T02:38:00.000,200.69,167.01,-195.55,45.11
2025-08-17T02:39:00.000,200.68,167.00,-195.53,45.16
2025-08-17T02:40:00.000,200.74,167.02,-195.61,45.09
2025-08-17T02:41:00.000,200.65,166.97,-195.48,45.24
2025-08-17T02:42:00.000,200.65,167.00,-195.51,45.14
2025-08-17T02:43:00.000,200.71,167.00,-195.56,45.16
2025-08-17T02:44:00.000,200.74,166.99,-195.59,45.18
2025-08-17T02:45:00.000,200.69,167.00,-195.54,45.15
2025-08-17T02:46:00.000,200.70,167.00,-195.56,45.14
2025-08-17T02:47:00.000,200.73,167.02,-195.61,45.07
2025-08-17T02:48:00.000,200.73,166.98,-195.57,45.21
2025-08-17T02:49:00.000,200.75,167.00,-195.60,45.17
2025-08-17T02:50:00.000,200.67,166.99,-195.52,45.16
2025-08-17T02:51:00.000,200.71,167.01,-195.57,45.13
2025-08-17T02:52:00.000,200.73,166.98,-195.57,45.23
2025-08-17T02:53:00.000,200.74,166.98,-195.58,45.24
2025-08-17T02:54:00.000,200.68,166.98,-195.52,45.21
2025-08-17T02:55:00.000,200.72,167.00,-195.58,45.14
2025-08-17T02:56:00.000,200.66,166.99,-195.51,45.17
2025-08-17T02:57:00.000,200.72,167.00,-195.57,45.15
2025-08-17T02:58:00.000,200.69,166.98,-195.53,45.21
2025-08-17T02:59:00.000,200.71,166.99,-195.56,45.19
2025-08-17T03:00:00.000,200.76,167.01,-195.62,45.12
2025-08-17T03:01:00.000,200.68,167.02,-195.55,45.08
2025-08-17T03:02:00.000,200.65,167.01,-195.52,45.09
2025-08-17T03:03:00.000,200.73,166.99,-195.57,45.20
2025-08-17T03:04:00.000,200.72,167.01,-195.58,45.13
2025-08-17T03:05:00.000,200.69,166.99,-195.53,45.18
2025-08-17T03:06:00.000,200.70,167.00,-195.55,45.15
2025-08-17T03:07:00.000,200.73,167.00,-195.59,45.15
2025-08-17T03:08:00.000,200.69,167.01,-195.55,45.12
2025-08-17T03:09:00.000,200.73,166.99,-195.58,45.18
2025-08-17T03:10:00.000,200.70,166.99,-195.55,45.19
2025-08-17T03:11:00.000,200.73,167.02,-195.59,45.10
2025-08-17T03:12:00.000,200.74,167.03,-195.62,45.07
2025-08-17T03:13:00.000,200.68,167.01,-195.55,45.11
2025-08-17T03:14:00.000,200.66,167.00,-195.51,45.15
2025-08-17T03:15:00.000,200.71,167.00,-195.57,45.14
2025-08-17T03:16:00.000,200.73,167.05,-195.63,45.00
2025-08-17T03:17:00.000,200.74,167.03,-195.61,45.05
2025-08-17T03:18:00.000,200.61,167.02,-195.49,45.05
2025-08-17T03:19:00.000,200.68,167.00,-195.54,45.14
2025-08-17T03:20:00.000,200.69,167.02,-195.56,45.08
2025-08-17T03:21:00.000,200.68,167.02,-195.55,45.08
2025-08-17T03:22:00.000,200.70,167.03,-195.58,45.04
2025-08-17T03:23:00.000,200.66,167.02,-195.53,45.05
2025-08-17T03:24:00.000,200.64,166.98,-195.48,45.19
2025-08-17T03:25:00.000,200.67,167.04,-195.55,45.01
2025-08-17T03:26:00.000,200.68,167.03,-195.55,45.05
2025-08-17T03:27:00.000,200.69,167.01,-195.55,45.10
2025-08-17T03:28:00.000,200.70,167.03,-195.58,45.06
2025-08-17T03:29:00.000,200.70,167.04,-195.59,45.01
2025-08-17T03:30:00.000,200.69,167.01,-195.55,45.11
2025-08-17T03:31:00.000,200.71,167.04,-195.60,45.02
2025-08-17T03:32:00.000,200.67,167.01,-195.54,45.10
2025-08-17T03:33:00.000,200.60,166.99,-195.45,45.16
2025-08-17T03:34:00.000,200.66,167.01,-195.52,45.11
2025-08-17T03:35:00.000,200.67,167.01,-195.53,45.12
2025-08-17T03:36:00.000,200.69,167.02,-195.56,45.08
2025-08-17T03:37:00.000,200.65,166.99,-195.50,45.17
2025-08-17T03:38:00.000,200.65,167.01,-195.52,45.10
2025-08-17T03:39:00.000,200.71,167.01,-195.57,45.11
2025-08-17T03:40:00.000,200.70,167.01,-195.57,45.10
2025-08-17T03:41:00.000,200.72,167.01,-195.59,45.10
2025-08-17T03:42:00.000,200.71,166.98,-195.55,45.21
2025-08-17T03:43:00.000,200.74,167.00,-195.60,45.16
2025-08-17T03:44:00.000,200.75,167.00,-195.60,45.15
2025-08-17T03:45:00.000,200.75,166.97,-195.58,45.26
2025-08-17T03:46:00.000,200.77,166.98,-195.61,45.25
2025-08-17T03:47:00.000,200.74,166.97,-195.57,45.25
2025-08-17T03:48:00.000,200.76,166.98,-195.60,45.23
2025-08-17T03:49:00.000,200.77,166.99,-195.61,45.20
2025-08-17T03:50:00.000,200.77,166.99,-195.62,45.19
2025-08-17T03:51:00.000,200.73,166.97,-195.56,45.27
2025-08-17T03:52:00.000,200.78,167.01,-195.64,45.13
2025-08-17T03:53:00.000,200.78,166.98,-195.62,45.23
2025-08-17T03:54:00.000,200.77,167.00,-195.62,45.18
2025-08-17T03:55:00.000,200.67,166.97,-195.51,45.25
2025-08-17T03:56:00.000,200.71,166.99,-195.56,45.19
2025-08-17T03:57:00.000,200.72,167.00,-195.58,45.14
2025-08-17T03:58:00.000,200.71,166.99,-195.56,45.17
2025-08-17T03:59:00.000,200.75,167.00,-195.60,45.16
2025-08-17T04:00:00.000,200.68,166.97,-195.51,45.24
2025-08-17T04:01:00.000,200.74,166.98,-195.58,45.21
2025-08-17T04:02:00.000,200.69,166.96,-195.51,45.29
2025-08-17T04:03:00.000,200.74,166.98,-195.57,45.23
2025-08-17T04:04:00.000,200.78,166.95,-195.59,45.33
2025-08-17T04:05:00.000,200.78,166.97,-195.62,45.26
2025-08-17T04:06:00.000,200.78,166.99,-195.63,45.22
2025-08-17T04:07:00.000,200.76,166.96,-195.59,45.31
2025-08-17T04:08:00.000,200.75,166.95,-195.56,45.33
2025-08-17T04:09:00.000,200.76,166.97,-195.59,45.27
2025-08-17T04:10:00.000,200.73,166.96,-195.56,45.31
2025-08-17T04:11:00.000,200.75,166.94,-195.56,45.37
2025-08-17T04:12:00.000,200.74,166.94,-195.55,45.37
2025-08-17T04:13:00.000,200.73,166.93,-195.53,45.39
2025-08-17T04:14:00.000,200.73,166.95,-195.55,45.31
2025-08-17T04:15:00.000,200.66,166.93,-195.46,45.38
2025-08-17T04:16:00.000,200.77,166.95,-195.58,45.35
2025-08-17T04:17:00.000,200.77,166.95,-195.58,45.34
2025-08-17T04:18:00.000,200.70,166.93,-195.49,45.40
2025-08-17T04:19:00.000,200.78,166.94,-195.58,45.39
2025-08-17T04:20:00.000,200.77,166.97,-195.60,45.26
2025-08-17T04:21:00.000,200.74,166.95,-195.56,45.33
2025-08-17T04:22:00.000,200.75,166.97,-195.58,45.25
2025-08-17T04:23:00.000,200.77,166.97,-195.60,45.27
2025-08-17T04:24:00.000,200.79,166.96,-195.61,45.30
2025-08-17T04:25:00.000,200.83,166.96,-195.65,45.31
2025-08-17T04:26:00.000,200.87,166.97,-195.70,45.29
2025-08-17T04:27:00.000,200.77,166.93,-195.57,45.40
2025-08-17T04:28:00.000,200.75,166.95,-195.56,45.33
2025-08-17T04:29:00.000,200.77,166.96,-195.60,45.29
2025-08-17T04:30:00.000,200.69,166.93,-195.50,45.37
2025-08-17T04:31:00.000,200.79,166.97,-195.62,45.28
2025-08-17T04:32:00.000,200.71,166.94,-195.52,45.36
2025-08-17T04:33:00.000,200.73,166.97,-195.57,45.25
2025-08-17T04:34:00.000,200.79,166.95,-195.60,45.33
2025-08-17T04:35:00.000,200.78,166.97,-195.61,45.26
2025-08-17T04:36:00.000,200.73,166.98,-195.57,45.23
2025-08-17T04:37:00.000,200.76,166.97,-195.59,45.28
2025-08-17T04:38:00.000,200.77,166.99,-195.62,45.21
2025-08-17T04:39:00.000,200.79,166.97,-195.63,45.26
2025-08-17T04:40:00.000,200.73,166.96,-195.55,45.28
2025-08-17T04:41:00.000,200.76,166.99,-195.60,45.21
2025-08-17T04:42:00.000,200.77,166.97,-195.60,45.26
2025-08-17T04:43:00.000,200.77,166.97,-195.60,45.28
2025-08-17T04:44:00.000,200.75,166.95,-195.57,45.33
2025-08-17T04:45:00.000,200.75,166.97,-195.59,45.25
2025-08-17T04:46:00.000,200.81,166.98,-195.65,45.24
2025-08-17T04:47:00.000,200.78,166.98,-195.62,45.22
2025-08-17T04:48:00.000,200.71,166.92,-195.51,45.42
2025-08-17T04:49:00.000,200.76,166.97,-195.59,45.28
2025-08-17T04:50:00.000,200.78,166.94,-195.59,45.36
2025-08-17T04:51:00.000,200.83,166.96,-195.65,45.32
2025-08-17T04:52:00.000,200.74,166.95,-195.56,45.32
2025-08-17T04:53:00.000,200.79,166.97,-195.62,45.26
2025-08-17T04:54:00.000,200.79,166.97,-195.62,45.26
2025-08-17T04:55:00.000,200.78,166.95,-195.59,45.35
2025-08-17T04:56:00.000,200.75,166.95,-195.56,45.34
2025-08-17T04:57:00.000,200.72,166.95,-195.53,45.33
2025-08-17T04:58:00.000,200.75,166.94,-195.55,45.37
2025-08-17T04:59:00.000,200.83,166.97,-195.66,45.27
2025-08-17T05:00:00.000,200.76,166.94,-195.56,45.38
2025-08-17T05:01:00.000,200.79,166.95,-195.61,45.33
2025-08-17T05:02:00.000,200.76,166.94,-195.57,45.37
2025-08-17T05:03:00.000,200.78,166.97,-195.61,45.26
2025-08-17T05:04:00.000,200.79,166.95,-195.60,45.34
2025-08-17T05:05:00.000,200.76,166.97,-195.59,45.26
2025-08-17T05:06:00.000,200.76,166.97,-195.59,45.28
2025-08-17T05:07:00.000,200.79,166.97,-195.62,45.27
2025-08-17T05:08:00.000,200.78,166.97,-195.61,45.27
2025-08-17T05:09:00.000,200.73,166.94,-195.54,45.36
2025-08-17T05:10:00.000,200.76,166.95,-195.57,45.33
2025-08-17T05:11:00.000,200.76,166.95,-195.57,45.34
2025-08-17T05:12:00.000,200.78,166.94,-195.59,45.36
2025-08-17T05:13:00.000,200.81,166.95,-195.63,45.35
2025-08-17T05:14:00.000,200.80,166.92,-195.59,45.43
2025-08-17T05:15:00.000,200.85,166.96,-195.67,45.31
2025-08-17T05:16:00.000,200.84,166.95,-195.66,45.34
2025-08-17T05:17:00.000,200.73,166.95,-195.54,45.32
2025-08-17T05:18:00.000,200.80,166.96,-195.62,45.30
2025-08-17T05:19:00.000,200.87,166.95,-195.68,45.37
2025-08-17T05:20:00.000,200.78,166.95,-195.60,45.34
2025-08-17T05:21:00.000,200.79,166.97,-195.61,45.28
2025-08-17T05:22:00.000,200.76,166.95,-195.57,45.33
2025-08-17T05:23:00.000,200.83,166.95,-195.64,45.35
2025-08-17T05:24:00.000,200.84,166.95,-195.65,45.34
2025-08-17T05:25:00.000,200.77,166.98,-195.61,45.24
2025-08-17T05:26:00.000,200.85,167.01,-195.71,45.14
2025-08-17T05:27:00.000,200.81,166.99,-195.66,45.20
2025-08-17T05:28:00.000,200.84,166.99,-195.68,45.21
2025-08-17T05:29:00.000,200.82,167.00,-195.68,45.17
2025-08-17T05:30:00.000,200.80,167.00,-195.65,45.18
2025-08-17T05:31:00.000,200.83,167.00,-195.69,45.17
2025-08-17T05:32:00.000,200.77,166.98,-195.61,45.22
2025-08-17T05:33:00.000,200.76,167.00,-195.62,45.16
2025-08-17T05:34:00.000,200.83,166.98,-195.67,45.24
2025-08-17T05:35:00.000,200.78,166.98,-195.61,45.25
2025-08-17T05:36:00.000,200.81,167.00,-195.66,45.17
2025-08-17T05:37:00.000,200.84,167.01,-195.70,45.13
2025-08-17T05:38:00.000,200.83,167.00,-195.69,45.18
2025-08-17T05:39:00.000,200.79,166.97,-195.63,45.27
2025-08-17T05:40:00.000,200.77,166.99,-195.61,45.20
2025-08-17T05:41:00.000,200.80,166.99,-195.64,45.21
2025-08-17T05:42:00.000,200.86,167.01,-195.72,45.16
2025-08-17T05:43:00.000,200.81,166.99,-195.65,45.22
2025-08-17T05:44:00.000,200.79,166.97,-195.61,45.28
2025-08-17T05:45:00.000,200.83,167.00,-195.68,45.19
2025-08-17T05:46:00.000,200.80,166.98,-195.64,45.22
2025-08-17T05:47:00.000,200.79,166.98,-195.63,45.23
2025-08-17T05:48:00.000,200.76,167.01,-195.63,45.12
2025-08-17T05:49:00.000,200.81,166.99,-195.65,45.22
2025-08-17T05:50:00.000,200.78,166.97,-195.61,45.28
2025-08-17T05:51:00.000,200.75,166.98,-195.59,45.23
2025-08-17T05:52:00.000,200.82,166.99,-195.66,45.20
2025-08-17T05:53:00.000,200.84,166.98,-195.67,45.25
2025-08-17T05:54:00.000,200.82,166.96,-195.64,45.30
2025-08-17T05:55:00.000,200.85,166.97,-195.68,45.27
2025-08-17T05:56:00.000,200.83,166.95,-195.65,45.34
2025-08-17T05:57:00.000,200.76,166.92,-195.56,45.43
2025-08-17T05:58:00.000,200.77,166.93,-195.57,45.40
2025-08-17T05:59:00.000,200.81,166.95,-195.62,45.36
2025-08-17T06:00:00.000,200.81,166.98,-195.64,45.25
2025-08-17T06:01:00.000,200.81,166.95,-195.62,45.35
2025-08-17T06:02:00.000,200.82,166.95,-195.63,45.33
2025-08-17T06:03:00.000,200.87,166.94,-195.68,45.39
2025-08-17T06:04:00.000,200.84,166.95,-195.65,45.36
2025-08-17T06:05:00.000,200.82,166.94,-195.63,45.36
2025-08-17T06:06:00.000,200.83,166.94,-195.63,45.37
2025-08-17T06:07:00.000,200.83,166.94,-195.64,45.37
2025-08-17T06:08:00.000,200.88,166.97,-195.71,45.28
2025-08-17T06:09:00.000,200.84,166.95,-195.65,45.35
2025-08-17T06:10:00.000,200.87,166.95,-195.69,45.34
2025-08-17T06:11:00.000,200.80,166.95,-195.62,45.34
2025-08-17T06:12:00.000,200.87,166.98,-195.70,45.27
2025-08-17T06:13:00.000,200.89,166.96,-195.71,45.32
2025-08-17T06:14:00.000,200.84,166.96,-195.66,45.30
2025-08-17T06:15:00.000,200.79,166.97,-195.62,45.28
2025-08-17T06:16:00.000,200.92,167.02,-195.78,45.12
2025-08-17T06:17:00.000,200.88,166.99,-195.72,45.23
2025-08-17T06:18:00.000,200.79,166.97,-195.62,45.29
2025-08-17T06:19:00.000,200.80,166.94,-195.60,45.37
2025-08-17T06:20:00.000,200.93,166.97,-195.76,45.30
2025-08-17T06:21:00.000,200.81,166.94,-195.62,45.37
2025-08-17T06:22:00.000,200.87,166.94,-195.68,45.39
2025-08-17T06:23:00.000,200.79,166.98,-195.63,45.23
2025-08-17T06:24:00.000,200.82,166.96,-195.64,45.31
2025-08-17T06:25:00.000,200.82,166.97,-195.65,45.26
2025-08-17T06:26:00.000,200.81,166.96,-195.64,45.30
2025-08-17T06:27:00.000,200.86,166.98,-195.70,45.26
2025-08-17T06:28:00.000,200.88,166.97,-195.71,45.28
2025-08-17T06:29:00.000,200.80,166.96,-195.63,45.31
2025-08-17T06:30:00.000,200.84,166.95,-195.65,45.36
2025-08-17T06:31:00.000,200.85,166.95,-195.66,45.35
2025-08-17T06:32:00.000,200.83,166.96,-195.65,45.32
2025-08-17T06:33:00.000,200.87,166.94,-195.67,45.39
2025-08-17T06:34:00.000,200.80,166.98,-195.64,45.23
2025-08-17T06:35:00.000,200.84,166.93,-195.63,45.42
2025-08-17T06:36:00.000,200.84,166.94,-195.64,45.40
2025-08-17T06:37:00.000,200.81,166.93,-195.60,45.43
2025-08-17T06:38:00.000,200.86,166.96,-195.68,45.31
2025-08-17T06:39:00.000,200.86,166.97,-195.69,45.30
2025-08-17T06:40:00.000,200.88,166.94,-195.68,45.38
2025-08-17T06:41:00.000,200.80,166.93,-195.59,45.41
2025-08-17T06:42:00.000,200.77,166.96,-195.60,45.29
2025-08-17T06:43:00.000,200.82,166.94,-195.63,45.39
2025-08-17T06:44:00.000,200.90,166.93,-195.69,45.42
2025-08-17T06:45:00.000,200.87,166.91,-195.65,45.49
2025-08-17T06:46:00.000,200.82,166.92,-195.62,45.43
2025-08-17T06:47:00.000,200.90,166.90,-195.67,45.54
2025-08-17T06:48:00.000,200.87,166.92,-195.66,45.45
2025-08-17T06:49:00.000,200.80,166.91,-195.58,45.46
2025-08-17T06:50:00.000,200.86,166.93,-195.66,45.41
2025-08-17T06:51:00.000,200.88,166.95,-195.69,45.36
2025-08-17T06:52:00.000,200.89,166.91,-195.67,45.50
2025-08-17T06:53:00.000,200.86,166.90,-195.63,45.51
2025-08-17T06:54:00.000,200.89,166.93,-195.68,45.44
2025-08-17T06:55:00.000,200.88,166.92,-195.67,45.46
2025-08-17T06:56:00.000,200.95,166.93,-195.74,45.46
2025-08-17T06:57:00.000,200.88,166.90,-195.66,45.52
2025-08-17T06:58:00.000,200.86,166.89,-195.62,45.57
2025-08-17T06:59:00.000,200.90,166.88,-195.66,45.59
2025-08-17T07:00:00.000,200.86,166.87,-195.60,45.63
2025-08-17T07:01:00.000,200.86,166.88,-195.61,45.61
2025-08-17T07:02:00.000,200.89,166.86,-195.64,45.66
2025-08-17T07:03:00.000,200.92,166.88,-195.68,45.61
2025-08-17T07:04:00.000,200.89,166.89,-195.65,45.56
2025-08-17T07:05:00.000,200.97,166.90,-195.74,45.55
2025-08-17T07:06:00.000,200.92,166.88,-195.67,45.61
2025-08-17T07:07:00.000,200.91,166.88,-195.66,45.62
2025-08-17T07:08:00.000,200.93,166.85,-195.66,45.70
2025-08-17T07:09:00.000,200.93,166.89,-195.70,45.56
2025-08-17T07:10:00.000,200.85,166.86,-195.59,45.67
2025-08-17T07:11:00.000,200.94,166.87,-195.69,45.64
2025-08-17T07:12:00.000,200.94,166.87,-195.69,45.66
2025-08-17T07:13:00.000,200.95,166.89,-195.71,45.59
2025-08-17T07:14:00.000,200.91,166.83,-195.62,45.77
2025-08-17T07:15:00.000,200.94,166.86,-195.68,45.67
2025-08-17T07:16:00.000,200.92,166.86,-195.66,45.68
2025-08-17T07:17:00.000,200.98,166.86,-195.72,45.68
2025-08-17T07:18:00.000,200.90,166.87,-195.65,45.64
2025-08-17T07:19:00.000,200.92,166.86,-195.66,45.69
2025-08-17T07:20:00.000,200.93,166.85,-195.65,45.72
2025-08-17T07:21:00.000,200.92,166.86,-195.66,45.67
2025-08-17T07:22:00.000,200.87,166.86,-195.61,45.68
2025-08-17T07:23:00.000,201.01,166.88,-195.76,45.64
2025-08-17T07:24:00.000,200.89,166.85,-195.63,45.70
2025-08-17T07:25:00.000,200.93,166.83,-195.65,45.77
2025-08-17T07:26:00.000,200.90,166.83,-195.61,45.77
2025-08-17T07:27:00.000,201.03,166.89,-195.78,45.61
2025-08-17T07:28:00.000,200.88,166.83,-195.60,45.77
2025-08-17T07:29:00.000,200.95,166.84,-195.68,45.76
2025-08-17T07:30:00.000,200.96,166.85,-195.69,45.71
2025-08-17T07:31:00.000,200.99,166.84,-195.71,45.77
2025-08-17T07:32:00.000,200.98,166.84,-195.70,45.74
2025-08-17T07:33:00.000,200.98,166.83,-195.69,45.78
2025-08-17T07:34:00.000,200.92,166.81,-195.62,45.84
2025-08-17T07:35:00.000,200.96,166.81,-195.66,45.84
2025-08-17T07:36:00.000,200.99,166.82,-195.70,45.81
2025-08-17T07:37:00.000,201.03,166.82,-195.74,45.85
2025-08-17T07:38:00.000,201.07,166.81,-195.77,45.87
2025-08-17T07:39:00.000,200.94,166.79,-195.63,45.91
2025-08-17T07:40:00.000,201.06,166.79,-195.74,45.96
2025-08-17T07:41:00.000,201.01,166.79,-195.70,45.92
2025-08-17T07:42:00.000,201.00,166.77,-195.66,46.01
2025-08-17T07:43:00.000,201.03,166.75,-195.67,46.07
2025-08-17T07:44:00.000,201.00,166.76,-195.66,46.03
2025-08-17T07:45:00.000,201.00,166.75,-195.66,46.05
2025-08-17T07:46:00.000,201.04,166.76,-195.70,46.03
2025-08-17T07:47:00.000,201.07,166.78,-195.73,45.99
2025-08-17T07:48:00.000,201.07,166.74,-195.71,46.13
2025-08-17T07:49:00.000,201.04,166.75,-195.68,46.09
2025-08-17T07:50:00.000,201.12,166.76,-195.77,46.07
2025-08-17T07:51:00.000,201.12,166.76,-195.78,46.05
2025-08-17T07:52:00.000,201.10,166.76,-195.75,46.07
2025-08-17T07:53:00.000,201.08,166.73,-195.71,46.14
2025-08-17T07:54:00.000,201.05,166.74,-195.69,46.13
2025-08-17T07:55:00.000,201.14,166.76,-195.79,46.06
2025-08-17T07:56:00.000,201.09,166.75,-195.74,46.09
2025-08-17T07:57:00.000,201.15,166.73,-195.78,46.15
2025-08-17T07:58:00.000,201.12,166.71,-195.73,46.25
2025-08-17T07:59:00.000,201.21,166.72,-195.84,46.21
2025-08-17T08:00:00.000,201.15,166.68,-195.73,46.35
2025-08-17T08:01:00.000,201.20,166.67,-195.78,46.37
2025-08-17T08:02:00.000,201.14,166.64,-195.70,46.48
2025-08-17T08:03:00.000,201.20,166.66,-195.77,46.41
2025-08-17T08:04:00.000,201.14,166.67,-195.72,46.39
2025-08-17T08:05:00.000,201.20,166.67,-195.79,46.38
2025-08-17T08:06:00.000,201.18,166.68,-195.77,46.35
2025-08-17T08:07:00.000,201.20,166.68,-195.78,46.36
2025-08-17T08:08:00.000,201.21,166.69,-195.80,46.33
2025-08-17T08:09:00.000,201.25,166.67,-195.83,46.39
2025-08-17T08:10:00.000,201.18,166.69,-195.78,46.30
2025-08-17T08:11:00.000,201.21,166.65,-195.78,46.45
2025-08-17T08:12:00.000,201.16,166.66,-195.73,46.43
2025-08-17T08:13:00.000,201.23,166.67,-195.80,46.41
2025-08-17T08:14:00.000,201.22,166.67,-195.79,46.40
2025-08-17T08:15:00.000,201.26,166.69,-195.86,46.34
2025-08-17T08:16:00.000,201.21,166.65,-195.77,46.46
2025-08-17T08:17:00.000,201.29,166.66,-195.86,46.46
2025-08-17T08:18:00.000,201.25,166.65,-195.81,46.47
2025-08-17T08:19:00.000,201.29,166.65,-195.85,46.49
2025-08-17T08:20:00.000,201.28,166.66,-195.85,46.44
2025-08-17T08:21:00.000,201.27,166.65,-195.84,46.46
2025-08-17T08:22:00.000,201.35,166.66,-195.92,46.44
2025-08-17T08:23:00.000,201.33,166.66,-195.90,46.45
2025-08-17T08:24:00.000,201.30,166.65,-195.86,46.47
2025-08-17T08:25:00.000,201.32,166.65,-195.88,46.47
2025-08-17T08:26:00.000,201.36,166.69,-195.96,46.35
2025-08-17T08:27:00.000,201.31,166.64,-195.87,46.50
2025-08-17T08:28:00.000,201.33,166.66,-195.90,46.45
2025-08-17T08:29:00.000,201.39,166.65,-195.95,46.49
2025-08-17T08:30:00.000,201.34,166.64,-195.89,46.53
2025-08-17T08:31:00.000,201.45,166.59,-195.97,46.71
2025-08-17T08:32:00.000,201.48,166.59,-195.99,46.73
2025-08-17T08:33:00.000,201.55,166.57,-196.04,46.81
2025-08-17T08:34:00.000,201.47,166.55,-195.95,46.86
2025-08-17T08:35:00.000,201.50,166.57,-195.98,46.81
2025-08-17T08:36:00.000,201.51,166.55,-195.98,46.87
2025-08-17T08:37:00.000,201.61,166.54,-196.07,46.93
2025-08-17T08:38:00.000,201.64,166.55,-196.11,46.89
2025-08-17T08:39:00.000,201.62,166.49,-196.04,47.09
2025-08-17T08:40:00.000,201.60,166.45,-195.99,47.24
2025-08-17T08:41:00.000,201.61,166.48,-196.02,47.15
2025-08-17T08:42:00.000,201.65,166.50,-196.07,47.09
2025-08-17T08:43:00.000,201.59,166.50,-196.01,47.07
2025-08-17T08:44:00.000,201.60,166.48,-196.01,47.13
2025-08-17T08:45:00.000,201.61,166.53,-196.06,46.98
2025-08-17T08:46:00.000,201.64,166.56,-196.12,46.87
2025-08-17T08:47:00.000,201.60,166.57,-196.09,46.81
2025-08-17T08:48:00.000,201.54,166.55,-196.01,46.89
2025-08-17T08:49:00.000,201.58,166.56,-196.06,46.87
2025-08-17T08:50:00.000,201.59,166.57,-196.07,46.84
2025-08-17T08:51:00.000,201.55,166.55,-196.02,46.87
2025-08-17T08:52:00.000,201.62,166.51,-196.06,47.02
2025-08-17T08:53:00.000,201.63,166.54,-196.09,46.93
2025-08-17T08:54:00.000,201.66,166.51,-196.09,47.05
2025-08-17T08:55:00.000,201.63,166.51,-196.06,47.05
2025-08-17T08:56:00.000,201.70,166.54,-196.16,46.95
2025-08-17T08:57:00.000,201.67,166.54,-196.13,46.95
2025-08-17T08:58:00.000,201.62,166.51,-196.05,47.05
2025-08-17T08:59:00.000,201.66,166.48,-196.07,47.15
2025-08-17T09:00:00.000,201.63,166.49,-196.05,47.11
2025-08-17T09:01:00.000,201.64,166.50,-196.08,47.06
2025-08-17T09:02:00.000,201.69,166.54,-196.15,46.96
2025-08-17T09:03:00.000,201.62,166.51,-196.06,47.04
2025-08-17T09:04:00.000,201.64,166.53,-196.10,46.96
2025-08-17T09:05:00.000,201.59,166.52,-196.03,47.01
2025-08-17T09:06:00.000,201.63,166.49,-196.05,47.12
2025-08-17T09:07:00.000,201.68,166.50,-196.11,47.08
2025-08-17T09:08:00.000,201.67,166.52,-196.12,47.01
2025-08-17T09:09:00.000,201.68,166.51,-196.12,47.03
2025-08-17T09:10:00.000,201.67,166.49,-196.09,47.11
2025-08-17T09:11:00.000,201.67,166.52,-196.11,47.02
2025-08-17T09:12:00.000,201.66,166.53,-196.12,46.96
2025-08-17T09:13:00.000,201.67,166.49,-196.09,47.10
2025-08-17T09:14:00.000,201.66,166.53,-196.11,46.96
2025-08-17T09:15:00.000,201.72,166.51,-196.16,47.04
2025-08-17T09:16:00.000,201.70,166.53,-196.14,47.00
2025-08-17T09:17:00.000,201.70,166.54,-196.16,46.93
2025-08-17T09:18:00.000,201.63,166.48,-196.04,47.14
2025-08-17T09:19:00.000,201.70,166.53,-196.15,46.99
2025-08-17T09:20:00.000,201.71,166.53,-196.16,46.99
2025-08-17T09:21:00.000,201.65,166.51,-196.09,47.04
2025-08-17T09:22:00.000,201.66,166.51,-196.10,47.03
2025-08-17T09:23:00.000,201.68,166.53,-196.14,46.96
2025-08-17T09:24:00.000,201.57,166.52,-196.02,46.98
2025-08-17T09:25:00.000,201.62,166.52,-196.07,47.01
2025-08-17T09:26:00.000,201.65,166.53,-196.10,46.98
2025-08-17T09:27:00.000,201.73,166.52,-196.17,47.03
2025-08-17T09:28:00.000,201.70,166.52,-196.15,47.02
2025-08-17T09:29:00.000,201.78,166.51,-196.22,47.07
2025-08-17T09:30:00.000,201.84,166.48,-196.24,47.19
2025-08-17T09:31:00.000,201.96,166.42,-196.31,47.43
2025-08-17T09:32:00.000,202.04,166.41,-196.39,47.47
2025-08-17T09:33:00.000,202.15,166.30,-196.40,47.86
2025-08-17T09:34:00.000,202.24,166.30,-196.48,47.89
2025-08-17T09:35:00.000,202.42,166.22,-196.59,48.22
2025-08-17T09:36:00.000,202.61,166.22,-196.78,48.26
2025-08-17T09:37:00.000,202.59,166.13,-196.68,48.56
2025-08-17T09:38:00.000,202.68,166.13,-196.77,48.59
2025-08-17T09:39:00.000,202.73,166.11,-196.80,48.66
2025-08-17T09:40:00.000,202.79,166.14,-196.88,48.57
2025-08-17T09:41:00.000,202.72,166.14,-196.81,48.58
2025-08-17T09:42:00.000,202.70,166.14,-196.81,48.55
2025-08-17T09:43:00.000,202.71,166.13,-196.80,48.58
2025-08-17T09:44:00.000,202.61,166.15,-196.72,48.50
2025-08-17T09:45:00.000,202.56,166.14,-196.67,48.52
2025-08-17T09:46:00.000,202.46,166.18,-196.60,48.35
2025-08-17T09:47:00.000,202.47,166.21,-196.64,48.26
2025-08-17T09:48:00.000,202.37,166.21,-196.54,48.23
2025-08-17T09:49:00.000,202.40,166.22,-196.57,48.22
2025-08-17T09:50:00.000,202.42,166.23,-196.60,48.19
2025-08-17T09:51:00.000,202.38,166.21,-196.54,48.25
2025-08-17T09:52:00.000,202.41,166.24,-196.60,48.14
2025-08-17T09:53:00.000,202.41,166.20,-196.57,48.27
2025-08-17T09:54:00.000,202.35,166.22,-196.52,48.20
2025-08-17T09:55:00.000,202.35,166.23,-196.53,48.16
2025-08-17T09:56:00.000,202.32,166.23,-196.51,48.15
2025-08-17T09:57:00.000,202.37,166.24,-196.56,48.14
2025-08-17T09:58:00.000,202.37,166.25,-196.56,48.11
2025-08-17T09:59:00.000,202.32,166.24,-196.52,48.11
2025-08-17T10:00:00.000,202.35,166.28,-196.57,47.99
2025-08-17T10:01:00.000,202.32,166.26,-196.53,48.05
2025-08-17T10:02:00.000,202.36,166.25,-196.56,48.08
2025-08-17T10:03:00.000,202.31,166.22,-196.49,48.20
2025-08-17T10:04:00.000,202.43,166.22,-196.61,48.20
2025-08-17T10:05:00.000,202.43,166.20,-196.59,48.27
2025-08-17T10:06:00.000,202.43,166.21,-196.60,48.24
2025-08-17T10:07:00.000,202.50,166.22,-196.67,48.25
2025-08-17T10:08:00.000,202.50,166.23,-196.67,48.21
2025-08-17T10:09:00.000,202.52,166.20,-196.67,48.32
2025-08-17T10:10:00.000,202.62,166.16,-196.74,48.48
2025-08-17T10:11:00.000,202.67,166.12,-196.75,48.61
2025-08-17T10:12:00.000,202.64,166.16,-196.75,48.48
2025-08-17T10:13:00.000,202.66,166.04,-196.68,48.88
2025-08-17T10:14:00.000,202.65,166.14,-196.75,48.54
2025-08-17T10:15:00.000,202.66,166.16,-196.77,48.49
2025-08-17T10:16:00.000,202.64,166.16,-196.75,48.49
2025-08-17T10:17:00.000,202.67,166.15,-196.78,48.51
2025-08-17T10:18:00.000,202.62,166.14,-196.72,48.53
2025-08-17T10:19:00.000,202.57,166.14,-196.68,48.52
2025-08-17T10:20:00.000,202.66,166.15,-196.76,48.51
2025-08-17T10:21:00.000,202.60,166.16,-196.71,48.47
2025-08-17T10:22:00.000,202.63,166.16,-196.75,48.46
2025-08-17T10:23:00.000,202.65,166.16,-196.76,48.46
2025-08-17T10:24:00.000,202.59,166.15,-196.70,48.49
2025-08-17T10:25:00.000,202.58,166.16,-196.70,48.45
2025-08-17T10:26:00.000,202.62,166.16,-196.74,48.48
2025-08-17T10:27:00.000,202.60,166.15,-196.71,48.50
2025-08-17T10:28:00.000,202.69,166.16,-196.80,48.50
2025-08-17T10:29:00.000,202.81,166.09,-196.86,48.74
2025-08-17T10:30:00.000,202.78,166.06,-196.81,48.85
2025-08-17T10:31:00.000,202.84,166.08,-196.88,48.80
2025-08-17T10:32:00.000,202.82,166.08,-196.86,48.79
2025-08-17T10:33:00.000,202.83,166.07,-196.87,48.84
2025-08-17T10:34:00.000,202.89,166.07,-196.93,48.83
2025-08-17T10:35:00.000,202.90,166.05,-196.92,48.90
2025-08-17T10:36:00.000,202.97,166.04,-196.98,48.96
2025-08-17T10:37:00.000,202.94,166.05,-196.96,48.91
2025-08-17T10:38:00.000,203.05,166.09,-197.10,48.82
2025-08-17T10:39:00.000,203.19,166.09,-197.23,48.86
2025-08-17T10:40:00.000,203.68,166.17,-197.78,48.69
2025-08-17T10:41:00.000,202.71,166.21,-196.87,48.31
2025-08-17T10:42:00.000,193.01,166.32,-187.53,45.65
2025-08-17T10:43:00.000,167.37,188.55,-165.51,-24.88
2025-08-17T10:44:00.000,144.69,187.04,-143.60,-17.74
2025-08-17T10:45:00.000,123.16,183.29,-122.96,-7.07
2025-08-17T10:46:00.000,107.13,183.39,-106.95,-6.33
2025-08-17T10:47:00.000,95.40,185.20,-95.01,-8.64
2025-08-17T10:48:00.000,81.47,183.92,-81.28,-5.57
2025-08-17T10:49:00.000,73.31,180.25,-73.31,-0.33
2025-08-17T10:50:00.000,64.51,178.39,-64.49,1.81
2025-08-17T10:51:00.000,56.31,177.18,-56.24,2.77
2025-08-17T10:52:00.000,51.28,177.36,-51.22,2.36
2025-08-17T10:53:00.000,46.15,180.82,-46.15,-0.66
2025-08-17T10:54:00.000,42.68,174.43,-42.48,4.14
2025-08-17T10:55:00.000,39.15,173.33,-38.89,4.55
2025-08-17T10:56:00.000,36.40,172.36,-36.08,4.84
2025-08-17T10:57:00.000,34.01,171.32,-33.62,5.13
2025-08-17T10:58:00.000,31.99,170.26,-31.53,5.41
2025-08-17T10:59:00.000,30.57,167.95,-29.90,6.38
2025-08-17T11:00:00.000,29.31,167.34,-28.59,6.42
2025-08-17T11:01:00.000,28.33,166.98,-27.60,6.38
2025-08-17T11:02:00.000,27.29,167.32,-26.62,5.99
2025-08-17T11:03:00.000,25.90,168.70,-25.40,5.08
2025-08-17T11:04:00.000,24.78,167.42,-24.19,5.40
2025-08-17T11:05:00.000,23.54,166.21,-22.86,5.61
2025-08-17T11:06:00.000,22.20,164.58,-21.40,5.90
2025-08-17T11:07:00.000,20.73,156.19,-18.97,8.37
2025-08-17T11:08:00.000,19.38,151.59,-17.04,9.22
2025-08-17T11:09:00.000,17.63,158.27,-16.38,6.53
2025-08-17T11:10:00.000,15.86,162.11,-15.10,4.87
2025-08-17T11:11:00.000,13.82,174.19,-13.75,1.40
2025-08-17T11:12:00.000,11.25,180.25,-11.25,-0.05
2025-08-17T11:13:00.000,9.23,174.08,-9.18,0.95
2025-08-17T11:14:00.000,6.91,172.50,-6.85,0.90
2025-08-17T11:15:00.000,5.06,172.08,-5.02,0.70
2025-08-17T11:16:00.000,3.64,170.90,-3.59,0.57
2025-08-17T11:17:00.000,2.36,169.58,-2.32,0.43
2025-08-17T11:18:00.000,2.24,167.44,-2.18,0.49
2025-08-17T11:19:00.000,2.15,166.54,-2.09,0.50
2025-08-17T11:20:00.000,2.13,165.57,-2.07,0.53
2025-08-17T11:21:00.000,2.13,166.00,-2.07,0.52
2025-08-17T11:22:00.000,2.12,166.01,-2.05,0.51
2025-08-17T11:23:00.000,2.11,167.18,-2.06,0.47
2025-08-17T11:24:00.000,2.12,167.94,-2.07,0.44
2025-08-17T11:25:00.000,2.13,168.33,-2.08,0.43
2025-08-17T11:26:00.000,2.12,169.12,-2.09,0.40
2025-08-17T11:27:00.000,2.11,168.09,-2.07,0.44
2025-08-17T11:28:00.000,2.11,167.10,-2.05,0.47
2025-08-17T11:29:00.000,2.11,167.13,-2.05,0.47
2025-08-17T11:30:00.000,2.14,168.18,-2.09,0.44
2025-08-17T11:31:00.000,1.85,165.39,-1.79,0.47
2025-08-17T11:32:00.000,1.84,164.15,-1.77,0.50
2025-08-17T11:33:00.000,1.88,162.49,-1.79,0.57
2025-08-17T11:34:00.000,3.31,157.40,-3.06,1.27
2025-08-17T11:35:00.000,1.48,169.19,-1.45,0.28
2025-08-17T11:36:00.000,1.70,161.53,-1.61,0.54
2025-08-17T11:37:00.000,1.58,161.45,-1.49,0.50
2025-08-17T11:38:00.000,1.58,159.19,-1.47,0.56
2025-08-17T11:39:00.000,1.65,154.47,-1.49,0.71
2025-08-17T11:40:00.000,1.52,157.41,-1.40,0.58
2025-08-17T11:41:00.000,1.54,155.54,-1.40,0.64
2025-08-17T11:42:00.000,1.71,151.26,-1.50,0.82
2025-08-17T11:43:00.000,1.30,148.79,-1.11,0.67
2025-08-17T11:44:00.000,1.55,154.19,-1.39,0.67
2025-08-17T11:45:00.000,1.55,155.51,-1.41,0.64
2025-08-17T11:46:00.000,1.64,157.68,-1.51,0.62
2025-08-17T11:47:00.000,1.53,159.35,-1.43,0.54
2025-08-17T11:48:00.000,1.52,158.19,-1.41,0.56
2025-08-17T11:49:00.000,1.52,158.27,-1.42,0.56
2025-08-17T11:50:00.000,1.51,157.44,-1.40,0.58
2025-08-17T11:51:00.000,1.53,157.59,-1.41,0.58
2025-08-17T11:52:00.000,1.58,156.65,-1.45,0.63
2025-08-17T11:53:00.000,1.56,155.05,-1.41,0.66
2025-08-17T11:54:00.000,2.04,143.96,-1.65,1.20
2025-08-17T11:55:00.000,2.82,134.92,-1.99,2.00
2025-08-17T11:56:00.000,1.82,140.01,-1.40,1.17
2025-08-17T11:57:00.000,1.74,138.78,-1.31,1.15
2025-08-17T11:58:00.000,1.49,133.07,-1.02,1.09
2025-08-17T11:59:00.000,1.88,122.98,-1.02,1.58
2025-08-17T12:00:00.000,1.93,102.59,-0.42,1.88
2025-08-17T12:01:00.000,1.68,113.35,-0.67,1.54
2025-08-17T12:02:00.000,1.81,111.51,-0.67,1.69
2025-08-17T12:03:00.000,1.72,105.82,-0.47,1.66
2025-08-17T12:04:00.000,2.10,102.68,-0.46,2.05
2025-08-17T12:05:00.000,1.82,106.33,-0.51,1.75
2025-08-17T12:06:00.000,4.71,69.78,1.63,4.42
2025-08-17T12:07:00.000,4.60,71.92,1.43,4.37
2025-08-17T12:08:00.000,4.25,74.62,1.13,4.10
2025-08-17T12:09:00.000,3.80,85.25,0.32,3.79
2025-08-17T12:10:00.000,3.04,84.64,0.28,3.03
2025-08-17T12:11:00.000,3.68,79.81,0.65,3.62
2025-08-17T12:12:00.000,5.37,72.19,1.64,5.11
2025-08-17T12:13:00.000,4.43,76.93,1.00,4.31
2025-08-17T12:14:00.000,3.46,76.85,0.79,3.37
2025-08-17T12:15:00.000,3.74,80.59,0.61,3.69
2025-08-17T12:16:00.000,3.86,81.76,0.55,3.82
2025-08-17T12:17:00.000,2.20,98.40,-0.32,2.18
2025-08-17T12:18:00.000,2.11,96.80,-0.25,2.09
2025-08-17T12:19:00.000,2.63,116.43,-1.17,2.36
2025-08-17T12:20:00.000,1.97,126.13,-1.16,1.59
2025-08-17T12:21:00.000,1.41,125.54,-0.82,1.15
2025-08-17T12:22:00.000,1.45,123.57,-0.80,1.20
2025-08-17T12:23:00.000,1.50,129.27,-0.95,1.16
2025-08-17T12:24:00.000,1.50,128.93,-0.95,1.17
2025-08-17T12:25:00.000,1.51,131.42,-1.00,1.13
2025-08-17T12:26:00.000,1.36,139.17,-1.03,0.89
2025-08-17T12:27:00.000,1.50,140.01,-1.15,0.96
2025-08-17T12:28:00.000,1.42,145.67,-1.17,0.80
2025-08-17T12:29:00.000,1.44,145.39,-1.19,0.82
2025-08-17T12:30:00.000,1.41,150.33,-1.22,0.70
2025-08-17T12:31:00.000,1.39,153.88,-1.25,0.61
2025-08-17T12:32:00.000,1.42,152.20,-1.25,0.66
2025-08-17T12:33:00.000,1.39,156.65,-1.27,0.55
2025-08-17T12:34:00.000,1.43,151.75,-1.26,0.67
2025-08-17T12:35:00.000,1.40,150.21,-1.21,0.70
2025-08-17T12:36:00.000,1.38,145.39,-1.13,0.78
2025-08-17T12:37:00.000,1.23,140.91,-0.96,0.78
2025-08-17T12:38:00.000,1.41,134.75,-0.99,1.00
2025-08-17T12:39:00.000,1.49,134.77,-1.05,1.06
2025-08-17T12:40:00.000,1.46,133.34,-1.00,1.06
2025-08-17T12:41:00.000,1.48,129.25,-0.93,1.14
2025-08-17T12:42:00.000,1.51,127.08,-0.91,1.20
2025-08-17T12:43:00.000,1.72,118.37,-0.82,1.51
2025-08-17T12:44:00.000,1.63,123.95,-0.91,1.35
2025-08-17T12:45:00.000,1.59,123.19,-0.87,1.33
2025-08-17T12:46:00.000,1.92,104.39,-0.48,1.86
2025-08-17T12:47:00.000,1.80,108.96,-0.59,1.70
2025-08-17T12:48:00.000,1.84,106.28,-0.52,1.77
2025-08-17T12:49:00.000,1.80,115.40,-0.77,1.62
2025-08-17T12:50:00.000,1.67,116.05,-0.73,1.50
2025-08-17T12:51:00.000,1.88,113.54,-0.75,1.72
2025-08-17T12:52:00.000,2.26,105.55,-0.61,2.18
2025-08-17T12:53:00.000,1.86,107.88,-0.57,1.77
2025-08-17T12:54:00.000,1.77,109.74,-0.60,1.66
2025-08-17T12:55:00.000,1.70,100.11,-0.30,1.67
2025-08-17T12:56:00.000,2.31,97.15,-0.29,2.30
2025-08-17T12:57:00.000,1.83,105.86,-0.50,1.76
2025-08-17T12:58:00.000,2.00,104.85,-0.51,1.93
2025-08-17T12:59:00.000,2.03,106.07,-0.56,1.95
2025-08-17T13:00:00.000,2.14,105.10,-0.56,2.07
2025-08-17T13:01:00.000,1.87,109.37,-0.62,1.77
2025-08-17T13:02:00.000,1.60,108.12,-0.50,1.52
2025-08-17T13:03:00.000,1.36,124.58,-0.77,1.12
2025-08-17T13:04:00.000,1.39,129.10,-0.88,1.08
2025-08-17T13:05:00.000,1.44,128.24,-0.89,1.13
2025-08-17T13:06:00.000,1.63,114.81,-0.68,1.48
2025-08-17T13:07:00.000,1.60,119.66,-0.79,1.39
2025-08-17T13:08:00.000,1.45,120.95,-0.75,1.24
2025-08-17T13:09:00.000,1.57,114.51,-0.65,1.43
2025-08-17T13:10:00.000,1.66,114.11,-0.68,1.52
2025-08-17T13:11:00.000,1.49,127.43,-0.90,1.18
2025-08-17T13:12:00.000,1.54,119.42,-0.76,1.34
2025-08-17T13:13:00.000,1.44,121.87,-0.76,1.23
2025-08-17T13:14:00.000,1.56,122.18,-0.83,1.32
2025-08-17T13:15:00.000,2.00,102.34,-0.43,1.95
2025-08-17T13:16:00.000,1.53,117.19,-0.70,1.37
2025-08-17T13:17:00.000,1.63,113.99,-0.66,1.49
2025-08-17T13:18:00.000,1.81,106.05,-0.50,1.74
2025-08-17T13:19:00.000,2.73,81.14,0.42,2.70
2025-08-17T13:20:00.000,2.60,79.35,0.48,2.55
2025-08-17T13:21:00.000,2.50,81.10,0.39,2.47
2025-08-17T13:22:00.000,3.68,63.62,1.63,3.30
2025-08-17T13:23:00.000,2.60,81.29,0.39,2.57
2025-08-17T13:24:00.000,2.76,64.18,1.20,2.48
2025-08-17T13:25:00.000,3.65,70.03,1.25,3.43
2025-08-17T13:26:00.000,2.54,73.30,0.73,2.44
2025-08-17T13:27:00.000,3.74,67.28,1.44,3.45
2025-08-17T13:28:00.000,2.95,74.34,0.80,2.84
2025-08-17T13:29:00.000,4.26,68.90,1.53,3.97
2025-08-17T13:30:00.000,3.62,79.86,0.64,3.56
2025-08-17T13:31:00.000,3.20,77.30,0.70,3.12
2025-08-17T13:32:00.000,4.43,83.35,0.51,4.40
2025-08-17T13:33:00.000,4.33,79.58,0.78,4.26
2025-08-17T13:34:00.000,3.32,71.10,1.08,3.14
2025-08-17T13:35:00.000,2.60,92.01,-0.09,2.60
2025-08-17T13:36:00.000,3.89,92.66,-0.18,3.89
2025-08-17T13:37:00.000,2.10,99.31,-0.34,2.07
2025-08-17T13:38:00.000,1.95,111.10,-0.70,1.82
2025-08-17T13:39:00.000,1.69,116.11,-0.74,1.51
2025-08-17T13:40:00.000,1.50,126.40,-0.89,1.21
2025-08-17T13:41:00.000,1.63,116.25,-0.72,1.46
2025-08-17T13:42:00.000,1.48,128.46,-0.92,1.16
2025-08-17T13:43:00.000,1.36,120.97,-0.70,1.17
2025-08-17T13:44:00.000,1.42,146.02,-1.17,0.79
2025-08-17T13:45:00.000,1.48,144.69,-1.21,0.86
2025-08-17T13:46:00.000,1.26,140.56,-0.98,0.80
2025-08-17T13:47:00.000,1.64,109.05,-0.53,1.55
2025-08-17T13:48:00.000,1.22,134.74,-0.86,0.86
2025-08-17T13:49:00.000,1.33,97.75,-0.18,1.32
2025-08-17T13:50:00.000,2.36,68.39,0.87,2.19
2025-08-17T13:51:00.000,2.14,69.43,0.75,2.00
2025-08-17T13:52:00.000,3.22,62.02,1.51,2.84
2025-08-17T13:53:00.000,2.67,66.40,1.07,2.44
2025-08-17T13:54:00.000,2.17,73.83,0.61,2.09
2025-08-17T13:55:00.000,2.83,58.07,1.50,2.40
2025-08-17T13:56:00.000,2.49,66.02,1.01,2.28
2025-08-17T13:57:00.000,1.64,90.08,-0.00,1.64
2025-08-17T13:58:00.000,1.67,79.16,0.31,1.64
2025-08-17T13:59:00.000,1.43,97.22,-0.18,1.42
2025-08-17T14:00:00.000,1.96,76.45,0.46,1.90
2025-08-17T14:01:00.000,1.73,83.24,0.20,1.72
2025-08-17T14:02:00.000,2.08,69.28,0.74,1.95
2025-08-17T14:03:00.000,1.08,119.12,-0.53,0.95
2025-08-17T14:04:00.000,1.06,124.79,-0.61,0.87
2025-08-17T14:05:00.000,1.02,108.97,-0.33,0.96
2025-08-17T14:06:00.000,1.10,116.64,-0.49,0.98
2025-08-17T14:07:00.000,1.36,138.42,-1.02,0.90
2025-08-17T14:08:00.000,1.12,139.48,-0.85,0.73
2025-08-17T14:09:00.000,1.14,139.10,-0.86,0.75
2025-08-17T14:10:00.000,1.01,132.22,-0.68,0.75
2025-08-17T14:11:00.000,0.98,128.45,-0.61,0.77
2025-08-17T14:12:00.000,1.26,110.43,-0.44,1.18
2025-08-17T14:13:00.000,1.06,127.22,-0.64,0.85
2025-08-17T14:14:00.000,1.11,136.16,-0.80,0.77
2025-08-17T14:15:00.000,1.15,145.77,-0.95,0.65
2025-08-17T14:16:00.000,1.23,150.05,-1.06,0.61
2025-08-17T14:17:00.000,1.23,150.32,-1.06,0.61
2025-08-17T14:18:00.000,1.30,157.79,-1.20,0.49
2025-08-17T14:19:00.000,1.20,156.05,-1.09,0.49
2025-08-17T14:20:00.000,1.30,157.01,-1.19,0.51
2025-08-17T14:21:00.000,1.31,159.40,-1.23,0.46
2025-08-17T14:22:00.000,1.41,155.61,-1.28,0.58
2025-08-17T14:23:00.000,1.33,163.48,-1.27,0.38
2025-08-17T14:24:00.000,1.41,172.85,-1.40,0.18
2025-08-17T14:25:00.000,1.46,169.01,-1.43,0.28
2025-08-17T14:26:00.000,1.41,168.29,-1.39,0.29
2025-08-17T14:27:00.000,1.42,171.87,-1.41,0.20
2025-08-17T14:28:00.000,1.90,184.63,-1.89,-0.15
2025-08-17T14:29:00.000,1.92,186.93,-1.91,-0.23
2025-08-17T14:30:00.000,1.76,187.57,-1.74,-0.23
2025-08-17T14:31:00.000,1.61,184.13,-1.61,-0.12
2025-08-17T14:32:00.000,1.52,180.61,-1.52,-0.02
2025-08-17T14:33:00.000,1.39,176.85,-1.39,0.08
2025-08-17T14:34:00.000,1.52,174.13,-1.51,0.16
2025-08-17T14:35:00.000,1.58,179.78,-1.58,0.01
2025-08-17T14:36:00.000,1.61,177.14,-1.61,0.08
2025-08-17T14:37:00.000,1.67,177.36,-1.66,0.08
2025-08-17T14:38:00.000,1.75,191.84,-1.71,-0.36
2025-08-17T14:39:00.000,1.72,184.55,-1.72,-0.14
2025-08-17T14:40:00.000,1.80,182.88,-1.80,-0.09
2025-08-17T14:41:00.000,1.39,184.91,-1.39,-0.12
2025-08-17T14:42:00.000,1.68,178.63,-1.68,0.04
2025-08-17T14:43:00.000,1.64,186.77,-1.63,-0.19
2025-08-17T14:44:00.000,1.64,181.69,-1.64,-0.05
2025-08-17T14:45:00.000,1.80,182.42,-1.80,-0.08
2025-08-17T14:46:00.000,1.60,165.07,-1.54,0.41
2025-08-17T14:47:00.000,1.69,185.86,-1.68,-0.17
2025-08-17T14:48:00.000,1.63,175.68,-1.62,0.12
2025-08-17T14:49:00.000,1.81,183.34,-1.81,-0.11
2025-08-17T14:50:00.000,1.81,177.61,-1.81,0.08
2025-08-17T14:51:00.000,1.56,170.35,-1.54,0.26
2025-08-17T14:52:00.000,1.37,166.90,-1.33,0.31
2025-08-17T14:53:00.000,1.36,167.23,-1.33,0.30
2025-08-17T14:54:00.000,1.34,168.81,-1.31,0.26
2025-08-17T14:55:00.000,1.33,171.21,-1.31,0.20
2025-08-17T14:56:00.000,1.34,172.10,-1.33,0.18
2025-08-17T14:57:00.000,1.44,173.25,-1.43,0.17
2025-08-17T14:58:00.000,1.47,174.63,-1.46,0.14
2025-08-17T14:59:00.000,1.42,167.91,-1.39,0.30
2025-08-17T15:00:00.000,1.37,165.21,-1.33,0.35
2025-08-17T15:01:00.000,1.36,167.00,-1.33,0.31
2025-08-17T15:02:00.000,1.40,166.89,-1.36,0.32
2025-08-17T15:03:00.000,1.32,165.89,-1.28,0.32
2025-08-17T15:04:00.000,1.37,163.30,-1.31,0.39
2025-08-17T15:05:00.000,1.33,161.69,-1.26,0.42
2025-08-17T15:06:00.000,1.34,163.84,-1.28,0.37
2025-08-17T15:07:00.000,1.31,167.05,-1.28,0.29
2025-08-17T15:08:00.000,1.34,166.11,-1.30,0.32
2025-08-17T15:09:00.000,1.35,166.20,-1.31,0.32
2025-08-17T15:10:00.000,1.34,164.56,-1.29,0.36
2025-08-17T15:11:00.000,1.30,161.48,-1.23,0.41
2025-08-17T15:12:00.000,1.28,162.92,-1.22,0.38
2025-08-17T15:13:00.000,1.27,153.08,-1.13,0.57
2025-08-17T15:14:00.000,1.27,153.02,-1.13,0.58
2025-08-17T15:15:00.000,1.27,153.19,-1.13,0.57
2025-08-17T15:16:00.000,1.26,156.39,-1.16,0.51
2025-08-17T15:17:00.000,1.31,159.92,-1.23,0.45
2025-08-17T15:18:00.000,1.33,158.74,-1.24,0.48
2025-08-17T15:19:00.000,1.36,155.76,-1.24,0.56
2025-08-17T15:20:00.000,1.29,159.69,-1.21,0.45
2025-08-17T15:21:00.000,1.38,158.21,-1.28,0.51
2025-08-17T15:22:00.000,1.37,159.54,-1.29,0.48
2025-08-17T15:23:00.000,1.39,159.16,-1.30,0.49
2025-08-17T15:24:00.000,1.34,159.71,-1.26,0.47
2025-08-17T15:25:00.000,1.35,158.91,-1.26,0.48
2025-08-17T15:26:00.000,1.35,160.17,-1.27,0.46
2025-08-17T15:27:00.000,1.35,162.52,-1.29,0.41
2025-08-17T15:28:00.000,1.36,163.91,-1.30,0.38
2025-08-17T15:29:00.000,1.32,162.81,-1.26,0.39
2025-08-17T15:30:00.000,1.35,161.93,-1.28,0.42
2025-08-17T15:31:00.000,1.34,161.79,-1.27,0.42
2025-08-17T15:32:00.000,1.33,161.40,-1.26,0.42
2025-08-17T15:33:00.000,1.34,157.67,-1.24,0.51
2025-08-17T15:34:00.000,1.30,156.13,-1.19,0.53
2025-08-17T15:35:00.000,1.36,152.01,-1.20,0.64
2025-08-17T15:36:00.000,1.33,153.99,-1.20,0.58
2025-08-17T15:37:00.000,1.31,150.63,-1.14,0.64
2025-08-17T15:38:00.000,1.38,155.41,-1.26,0.57
2025-08-17T15:39:00.000,1.56,153.26,-1.39,0.70
2025-08-17T15:40:00.000,1.54,153.71,-1.38,0.68
2025-08-17T15:41:00.000,1.51,158.05,-1.40,0.56
2025-08-17T15:42:00.000,1.52,155.32,-1.38,0.63
2025-08-17T15:43:00.000,1.39,154.26,-1.25,0.60
2025-08-17T15:44:00.000,1.34,148.47,-1.14,0.70
2025-08-17T15:45:00.000,1.17,148.05,-0.99,0.62
2025-08-17T15:46:00.000,1.19,144.20,-0.97,0.70
2025-08-17T15:47:00.000,1.16,145.31,-0.96,0.66
2025-08-17T15:48:00.000,1.23,151.58,-1.08,0.59
2025-08-17T15:49:00.000,1.23,156.58,-1.13,0.49
2025-08-17T15:50:00.000,1.24,161.82,-1.18,0.39
2025-08-17T15:51:00.000,1.33,158.91,-1.24,0.48
2025-08-17T15:52:00.000,1.29,160.97,-1.22,0.42
2025-08-17T15:53:00.000,1.30,158.48,-1.21,0.48
2025-08-17T15:54:00.000,1.29,155.72,-1.17,0.53
2025-08-17T15:55:00.000,1.31,154.46,-1.18,0.56
2025-08-17T15:56:00.000,1.21,149.57,-1.04,0.61
2025-08-17T15:57:00.000,1.24,142.79,-0.99,0.75
2025-08-17T15:58:00.000,1.30,143.93,-1.05,0.77
2025-08-17T15:59:00.000,1.18,144.62,-0.96,0.69
2025-08-17T16:00:00.000,1.23,158.26,-1.14,0.46
2025-08-17T16:01:00.000,0.98,136.38,-0.71,0.67
2025-08-17T16:02:00.000,1.42,151.57,-1.25,0.67
2025-08-17T16:03:00.000,1.39,152.01,-1.22,0.65
2025-08-17T16:04:00.000,1.42,153.74,-1.28,0.63
2025-08-17T16:05:00.000,1.51,154.47,-1.36,0.65
2025-08-17T16:06:00.000,1.55,146.44,-1.29,0.86
2025-08-17T16:07:00.000,1.42,152.88,-1.26,0.65
2025-08-17T16:08:00.000,1.39,155.46,-1.26,0.58
2025-08-17T16:09:00.000,1.40,157.55,-1.30,0.54
2025-08-17T16:10:00.000,1.43,159.88,-1.34,0.49
2025-08-17T16:11:00.000,1.46,162.48,-1.39,0.44
2025-08-17T16:12:00.000,1.91,168.04,-1.87,0.40
2025-08-17T16:13:00.000,1.44,167.39,-1.41,0.32
2025-08-17T16:14:00.000,1.43,165.18,-1.38,0.36
2025-08-17T16:15:00.000,1.44,163.40,-1.38,0.41
2025-08-17T16:16:00.000,1.48,162.55,-1.41,0.44
2025-08-17T16:17:00.000,1.40,161.64,-1.33,0.44
2025-08-17T16:18:00.000,1.46,160.67,-1.38,0.48
2025-08-17T16:19:00.000,1.45,161.22,-1.37,0.47
2025-08-17T16:20:00.000,1.41,163.65,-1.35,0.40
2025-08-17T16:21:00.000,1.43,163.23,-1.37,0.41
2025-08-17T16:22:00.000,1.41,163.43,-1.36,0.40
2025-08-17T16:23:00.000,1.46,164.28,-1.41,0.40
2025-08-17T16:24:00.000,1.45,163.27,-1.39,0.42
2025-08-17T16:25:00.000,1.42,164.88,-1.37,0.37
2025-08-17T16:26:00.000,1.41,163.36,-1.35,0.40
2025-08-17T16:27:00.000,1.39,162.36,-1.33,0.42
2025-08-17T16:28:00.000,1.41,161.86,-1.34,0.44
2025-08-17T16:29:00.000,1.41,159.70,-1.32,0.49
2025-08-17T16:30:00.000,1.43,160.52,-1.35,0.48
2025-08-17T16:31:00.000,1.44,160.71,-1.36,0.47
2025-08-17T16:32:00.000,1.40,162.30,-1.33,0.43
2025-08-17T16:33:00.000,1.46,164.30,-1.41,0.40
2025-08-17T16:34:00.000,1.43,163.07,-1.37,0.42
2025-08-17T16:35:00.000,1.42,162.50,-1.36,0.43
2025-08-17T16:36:00.000,1.42,162.11,-1.35,0.44
2025-08-17T16:37:00.000,1.39,163.82,-1.33,0.39
2025-08-17T16:38:00.000,1.36,164.67,-1.31,0.36
2025-08-17T16:39:00.000,1.41,162.73,-1.34,0.42
2025-08-17T16:40:00.000,1.30,169.92,-1.28,0.23
2025-08-17T16:41:00.000,1.55,164.35,-1.49,0.42
2025-08-17T16:42:00.000,1.44,160.93,-1.36,0.47
2025-08-17T16:43:00.000,1.44,165.88,-1.39,0.35
2025-08-17T16:44:00.000,1.38,164.07,-1.33,0.38
2025-08-17T16:45:00.000,1.30,164.84,-1.26,0.34
2025-08-17T16:46:00.000,1.36,162.97,-1.30,0.40
2025-08-17T16:47:00.000,1.36,163.16,-1.30,0.39
2025-08-17T16:48:00.000,1.36,161.78,-1.29,0.42
2025-08-17T16:49:00.000,1.36,160.33,-1.28,0.46
2025-08-17T16:50:00.000,1.36,163.37,-1.30,0.39
2025-08-17T16:51:00.000,1.38,162.14,-1.31,0.42
2025-08-17T16:52:00.000,1.35,163.25,-1.29,0.39
2025-08-17T16:53:00.000,1.36,163.26,-1.31,0.39
2025-08-17T16:54:00.000,1.35,164.97,-1.30,0.35
2025-08-17T16:55:00.000,1.35,164.73,-1.31,0.36
2025-08-17T16:56:00.000,1.34,162.86,-1.28,0.39
2025-08-17T16:57:00.000,1.37,162.42,-1.30,0.41
2025-08-17T16:58:00.000,1.37,159.84,-1.29,0.47
2025-08-17T16:59:00.000,1.35,157.71,-1.25,0.51
2025-08-17T17:00:00.000,1.37,159.52,-1.28,0.48
2025-08-17T17:01:00.000,1.37,161.37,-1.30,0.44
2025-08-17T17:02:00.000,1.36,161.28,-1.29,0.44
2025-08-17T17:03:00.000,1.37,161.97,-1.30,0.42
2025-08-17T17:04:00.000,1.36,161.67,-1.29,0.43
2025-08-17T17:05:00.000,1.39,160.22,-1.30,0.47
2025-08-17T17:06:00.000,1.37,157.94,-1.27,0.52
2025-08-17T17:07:00.000,1.33,156.77,-1.22,0.52
2025-08-17T17:08:00.000,1.38,143.78,-1.11,0.82
2025-08-17T17:09:00.000,1.33,145.18,-1.09,0.76
2025-08-17T17:10:00.000,1.34,140.64,-1.04,0.85
2025-08-17T17:11:00.000,1.34,141.65,-1.05,0.83
2025-08-17T17:12:00.000,1.36,141.37,-1.07,0.85
2025-08-17T17:13:00.000,1.32,152.03,-1.17,0.62
2025-08-17T17:14:00.000,1.35,142.70,-1.07,0.82
2025-08-17T17:15:00.000,1.33,147.78,-1.13,0.71
2025-08-17T17:16:00.000,1.30,151.09,-1.13,0.63
2025-08-17T17:17:00.000,1.33,148.34,-1.13,0.70
2025-08-17T17:18:00.000,1.34,139.67,-1.03,0.87
2025-08-17T17:19:00.000,1.37,135.22,-0.97,0.96
2025-08-17T17:20:00.000,1.18,135.14,-0.84,0.83
2025-08-17T17:21:00.000,1.24,140.72,-0.96,0.79
2025-08-17T17:22:00.000,1.22,146.13,-1.02,0.68
2025-08-17T17:23:00.000,1.26,146.82,-1.05,0.69
2025-08-17T17:24:00.000,1.26,144.50,-1.03,0.73
2025-08-17T17:25:00.000,1.30,150.75,-1.13,0.63
2025-08-17T17:26:00.000,1.30,149.50,-1.12,0.66
2025-08-17T17:27:00.000,1.30,148.15,-1.11,0.69
2025-08-17T17:28:00.000,1.28,147.08,-1.07,0.70
2025-08-17T17:29:00.000,1.14,143.30,-0.91,0.68
2025-08-17T17:30:00.000,1.45,139.32,-1.10,0.95
2025-08-17T17:31:00.000,1.18,147.72,-1.00,0.63
2025-08-17T17:32:00.000,1.28,141.77,-1.01,0.79
2025-08-17T17:33:00.000,1.29,141.19,-1.00,0.81
2025-08-17T17:34:00.000,1.27,140.73,-0.98,0.80
2025-08-17T17:35:00.000,1.27,140.86,-0.99,0.80
2025-08-17T17:36:00.000,1.36,136.45,-0.99,0.94
2025-08-17T17:37:00.000,1.35,128.83,-0.85,1.05
2025-08-17T17:38:00.000,1.37,121.64,-0.72,1.17
2025-08-17T17:39:00.000,1.40,113.79,-0.56,1.28
2025-08-17T17:40:00.000,1.39,123.05,-0.76,1.17
2025-08-17T17:41:00.000,1.49,113.35,-0.59,1.37
2025-08-17T17:42:00.000,1.67,97.88,-0.23,1.66
2025-08-17T17:43:00.000,1.41,98.44,-0.21,1.40
2025-08-17T17:44:00.000,1.62,90.96,-0.03,1.62
2025-08-17T17:45:00.000,1.87,80.87,0.30,1.84
2025-08-17T17:46:00.000,2.61,72.86,0.77,2.49
2025-08-17T17:47:00.000,1.87,77.24,0.41,1.82
2025-08-17T17:48:00.000,1.43,91.64,-0.04,1.43
2025-08-17T17:49:00.000,1.34,101.83,-0.27,1.31
2025-08-17T17:50:00.000,1.43,89.42,0.01,1.43
2025-08-17T17:51:00.000,1.41,106.07,-0.39,1.35
2025-08-17T17:52:00.000,1.43,117.02,-0.65,1.28
2025-08-17T17:53:00.000,1.41,113.64,-0.57,1.30
2025-08-17T17:54:00.000,1.45,113.12,-0.57,1.33
2025-08-17T17:55:00.000,1.43,121.29,-0.74,1.22
2025-08-17T17:56:00.000,1.40,120.38,-0.71,1.21
2025-08-17T17:57:00.000,1.43,122.14,-0.76,1.21
2025-08-17T17:58:00.000,1.40,125.44,-0.81,1.14
2025-08-17T17:59:00.000,1.43,121.85,-0.75,1.21
2025-08-17T18:00:00.000,1.40,124.61,-0.80,1.15
2025-08-17T18:01:00.000,1.43,128.08,-0.88,1.12
2025-08-17T18:02:00.000,1.33,133.44,-0.92,0.97
2025-08-17T18:03:00.000,1.31,138.60,-0.98,0.86
2025-08-17T18:04:00.000,1.38,135.80,-0.99,0.96
2025-08-17T18:05:00.000,1.30,143.81,-1.05,0.77
2025-08-17T18:06:00.000,1.26,146.76,-1.05,0.69
2025-08-17T18:07:00.000,1.28,145.28,-1.05,0.73
2025-08-17T18:08:00.000,1.29,146.40,-1.07,0.71
2025-08-17T18:09:00.000,1.27,148.63,-1.08,0.66
2025-08-17T18:10:00.000,1.27,148.49,-1.08,0.66
2025-08-17T18:11:00.000,1.29,144.06,-1.05,0.76
2025-08-17T18:12:00.000,1.27,147.16,-1.06,0.69
2025-08-17T18:13:00.000,1.25,149.25,-1.07,0.64
2025-08-17T18:14:00.000,1.25,148.25,-1.06,0.66
2025-08-17T18:15:00.000,1.24,146.08,-1.03,0.69
2025-08-17T18:16:00.000,1.24,145.06,-1.02,0.71
2025-08-17T18:17:00.000,1.24,144.77,-1.01,0.71
2025-08-17T18:18:00.000,1.25,142.53,-0.99,0.76
2025-08-17T18:19:00.000,1.26,141.71,-0.99,0.78
2025-08-17T18:20:00.000,1.26,139.64,-0.96,0.82
2025-08-17T18:21:00.000,1.25,137.57,-0.92,0.84
2025-08-17T18:22:00.000,1.26,138.08,-0.94,0.84
2025-08-17T18:23:00.000,1.27,138.51,-0.95,0.84
2025-08-17T18:24:00.000,1.27,140.47,-0.98,0.81
2025-08-17T18:25:00.000,1.28,144.65,-1.05,0.74
2025-08-17T18:26:00.000,1.28,138.99,-0.97,0.84
2025-08-17T18:27:00.000,1.25,138.14,-0.93,0.84
2025-08-17T18:28:00.000,1.29,137.92,-0.96,0.86
2025-08-17T18:29:00.000,1.29,138.06,-0.96,0.86
2025-08-17T18:30:00.000,1.26,143.02,-1.01,0.76
2025-08-17T18:31:00.000,1.27,141.57,-0.99,0.79
2025-08-17T18:32:00.000,1.28,143.25,-1.03,0.77
2025-08-17T18:33:00.000,1.29,137.78,-0.96,0.87
2025-08-17T18:34:00.000,1.31,137.73,-0.97,0.88
2025-08-17T18:35:00.000,1.36,143.29,-1.09,0.81
2025-08-17T18:36:00.000,1.33,146.00,-1.10,0.74
2025-08-17T18:37:00.000,1.33,142.76,-1.06,0.81
2025-08-17T18:38:00.000,1.33,142.31,-1.05,0.81
2025-08-17T18:39:00.000,1.30,137.53,-0.96,0.88
2025-08-17T18:40:00.000,1.28,138.61,-0.96,0.85
2025-08-17T18:41:00.000,1.34,142.16,-1.06,0.82
2025-08-17T18:42:00.000,1.33,147.39,-1.12,0.72
2025-08-17T18:43:00.000,1.33,146.39,-1.10,0.73
2025-08-17T18:44:00.000,1.35,148.88,-1.16,0.70
2025-08-17T18:45:00.000,1.31,144.39,-1.06,0.76
2025-08-17T18:46:00.000,1.32,143.00,-1.06,0.80
2025-08-17T18:47:00.000,1.32,141.38,-1.03,0.83
2025-08-17T18:48:00.000,1.35,144.03,-1.09,0.79
2025-08-17T18:49:00.000,1.37,144.84,-1.12,0.79
2025-08-17T18:50:00.000,1.37,144.21,-1.11,0.80
2025-08-17T18:51:00.000,1.33,148.45,-1.13,0.69
2025-08-17T18:52:00.000,1.32,151.11,-1.16,0.64
2025-08-17T18:53:00.000,1.34,152.88,-1.19,0.61
2025-08-17T18:54:00.000,1.36,152.51,-1.20,0.63
2025-08-17T18:55:00.000,1.34,153.64,-1.20,0.60
2025-08-17T18:56:00.000,1.34,153.47,-1.20,0.60
2025-08-17T18:57:00.000,1.34,153.76,-1.20,0.59
2025-08-17T18:58:00.000,1.34,153.11,-1.20,0.61
2025-08-17T18:59:00.000,1.34,153.04,-1.20,0.61
2025-08-17T19:00:00.000,1.33,152.64,-1.18,0.61
2025-08-17T19:01:00.000,1.33,152.66,-1.18,0.61
2025-08-17T19:02:00.000,1.34,151.60,-1.18,0.64
2025-08-17T19:03:00.000,1.35,151.58,-1.19,0.64
2025-08-17T19:04:00.000,1.35,152.73,-1.20,0.62
2025-08-17T19:05:00.000,1.35,153.33,-1.21,0.61
2025-08-17T19:06:00.000,1.35,153.14,-1.20,0.61
2025-08-17T19:07:00.000,1.33,153.43,-1.19,0.60
2025-08-17T19:08:00.000,1.34,153.51,-1.20,0.60
2025-08-17T19:09:00.000,1.35,152.34,-1.19,0.63
2025-08-17T19:10:00.000,1.33,153.09,-1.18,0.60
2025-08-17T19:11:00.000,1.33,151.80,-1.17,0.63
2025-08-17T19:12:00.000,1.31,151.68,-1.16,0.62
2025-08-17T19:13:00.000,1.31,152.76,-1.17,0.60
2025-08-17T19:14:00.000,1.31,153.09,-1.17,0.59
2025-08-17T19:15:00.000,1.31,152.37,-1.16,0.61
2025-08-17T19:16:00.000,1.30,154.91,-1.18,0.55
2025-08-17T19:17:00.000,1.29,157.63,-1.20,0.49
2025-08-17T19:18:00.000,1.30,156.73,-1.20,0.52
2025-08-17T19:19:00.000,1.31,155.92,-1.19,0.53
2025-08-17T19:20:00.000,1.30,156.58,-1.19,0.52
2025-08-17T19:21:00.000,1.29,156.51,-1.18,0.51
2025-08-17T19:22:00.000,1.28,156.44,-1.17,0.51
2025-08-17T19:23:00.000,1.28,155.69,-1.17,0.53
2025-08-17T19:24:00.000,1.28,155.63,-1.17,0.53
2025-08-17T19:25:00.000,1.30,153.92,-1.17,0.57
2025-08-17T19:26:00.000,1.30,155.12,-1.18,0.55
2025-08-17T19:27:00.000,1.30,154.87,-1.18,0.55
2025-08-17T19:28:00.000,1.29,155.04,-1.17,0.55
2025-08-17T19:29:00.000,1.28,155.60,-1.17,0.53
2025-08-17T19:30:00.000,1.29,155.77,-1.17,0.53
2025-08-17T19:31:00.000,1.28,155.77,-1.17,0.52
2025-08-17T19:32:00.000,1.28,155.70,-1.17,0.53
2025-08-17T19:33:00.000,1.28,155.83,-1.17,0.52
2025-08-17T19:34:00.000,1.27,155.21,-1.16,0.53
2025-08-17T19:35:00.000,1.29,155.43,-1.17,0.54
2025-08-17T19:36:00.000,1.28,155.84,-1.17,0.52
2025-08-17T19:37:00.000,1.28,155.55,-1.17,0.53
2025-08-17T19:38:00.000,1.32,155.47,-1.20,0.55
2025-08-17T19:39:00.000,1.33,156.68,-1.22,0.53
2025-08-17T19:40:00.000,1.31,158.42,-1.22,0.48
2025-08-17T19:41:00.000,1.32,159.43,-1.23,0.46
2025-08-17T19:42:00.000,1.30,159.84,-1.22,0.45
2025-08-17T19:43:00.000,1.30,161.59,-1.23,0.41
2025-08-17T19:44:00.000,1.33,161.56,-1.26,0.42
2025-08-17T19:45:00.000,1.33,161.66,-1.27,0.42
2025-08-17T19:46:00.000,1.35,162.70,-1.29,0.40
2025-08-17T19:47:00.000,1.35,162.06,-1.28,0.42
2025-08-17T19:48:00.000,1.35,159.35,-1.26,0.48
2025-08-17T19:49:00.000,1.34,158.83,-1.25,0.48
2025-08-17T19:50:00.000,1.34,159.82,-1.26,0.46
2025-08-17T19:51:00.000,1.34,160.20,-1.26,0.46
2025-08-17T19:52:00.000,1.37,159.83,-1.29,0.47
2025-08-17T19:53:00.000,1.38,160.27,-1.29,0.46
2025-08-17T19:54:00.000,1.38,160.35,-1.30,0.47
2025-08-17T19:55:00.000,1.37,161.30,-1.29,0.44
2025-08-17T19:56:00.000,1.37,160.51,-1.30,0.46
2025-08-17T19:57:00.000,1.36,159.80,-1.28,0.47
2025-08-17T19:58:00.000,1.38,161.37,-1.31,0.44
2025-08-17T19:59:00.000,1.38,161.80,-1.31,0.43
2025-08-17T20:00:00.000,1.39,161.97,-1.32,0.43
2025-08-17T20:01:00.000,1.40,162.99,-1.34,0.41
2025-08-17T20:02:00.000,1.40,162.41,-1.34,0.42
2025-08-17T20:03:00.000,1.40,163.18,-1.34,0.41
2025-08-17T20:04:00.000,1.42,163.96,-1.37,0.39
2025-08-17T20:05:00.000,1.40,163.51,-1.35,0.40
2025-08-17T20:06:00.000,1.42,164.69,-1.37,0.38
2025-08-17T20:07:00.000,1.40,162.22,-1.33,0.43
2025-08-17T20:08:00.000,1.40,161.97,-1.33,0.43
2025-08-17T20:09:00.000,1.39,161.58,-1.32,0.44
2025-08-17T20:10:00.000,1.38,160.58,-1.31,0.46
2025-08-17T20:11:00.000,1.39,160.42,-1.31,0.47
2025-08-17T20:12:00.000,1.39,160.59,-1.31,0.46
2025-08-17T20:13:00.000,1.37,160.31,-1.29,0.46
2025-08-17T20:14:00.000,1.38,159.48,-1.29,0.48
2025-08-17T20:15:00.000,1.37,159.51,-1.29,0.48
2025-08-17T20:16:00.000,1.36,158.64,-1.27,0.50
2025-08-17T20:17:00.000,1.35,159.07,-1.26,0.48
2025-08-17T20:18:00.000,1.34,158.05,-1.24,0.50
2025-08-17T20:19:00.000,1.34,157.65,-1.24,0.51
2025-08-17T20:20:00.000,1.32,157.39,-1.22,0.51
2025-08-17T20:21:00.000,1.33,157.44,-1.23,0.51
2025-08-17T20:22:00.000,1.32,157.12,-1.22,0.51
2025-08-17T20:23:00.000,1.35,158.11,-1.25,0.50
2025-08-17T20:24:00.000,1.32,157.62,-1.22,0.50
2025-08-17T20:25:00.000,1.33,158.18,-1.23,0.49
2025-08-17T20:26:00.000,1.34,158.39,-1.24,0.49
2025-08-17T20:27:00.000,1.33,158.16,-1.23,0.49
2025-08-17T20:28:00.000,1.34,158.09,-1.25,0.50
2025-08-17T20:29:00.000,1.34,158.26,-1.25,0.50
2025-08-17T20:30:00.000,1.35,157.71,-1.25,0.51
2025-08-17T20:31:00.000,1.34,158.06,-1.24,0.50
2025-08-17T20:32:00.000,1.35,158.26,-1.25,0.50
2025-08-17T20:33:00.000,1.34,158.70,-1.25,0.49
2025-08-17T20:34:00.000,1.35,160.13,-1.27,0.46
2025-08-17T20:35:00.000,1.38,159.63,-1.29,0.48
2025-08-17T20:36:00.000,1.38,160.99,-1.30,0.45
2025-08-17T20:37:00.000,1.35,160.20,-1.27,0.46
2025-08-17T20:38:00.000,1.36,160.25,-1.28,0.46
2025-08-17T20:39:00.000,1.37,159.31,-1.28,0.48
2025-08-17T20:40:00.000,1.37,160.59,-1.29,0.46
2025-08-17T20:41:00.000,1.38,158.97,-1.29,0.50
2025-08-17T20:42:00.000,1.38,158.86,-1.29,0.50
2025-08-17T20:43:00.000,1.38,158.91,-1.29,0.50
2025-08-17T20:44:00.000,1.38,158.89,-1.29,0.50
2025-08-17T20:45:00.000,1.39,159.66,-1.30,0.48
2025-08-17T20:46:00.000,1.40,160.33,-1.32,0.47
2025-08-17T20:47:00.000,1.41,160.76,-1.33,0.47
2025-08-17T20:48:00.000,1.40,160.31,-1.32,0.47
2025-08-17T20:49:00.000,1.41,159.39,-1.32,0.49
2025-08-17T20:50:00.000,1.39,160.00,-1.31,0.48
2025-08-17T20:51:00.000,1.34,162.72,-1.28,0.40
2025-08-17T20:52:00.000,1.33,163.32,-1.28,0.38
2025-08-17T20:53:00.000,1.34,162.38,-1.27,0.40
2025-08-17T20:54:00.000,1.35,160.65,-1.27,0.45
2025-08-17T20:55:00.000,1.34,161.85,-1.28,0.42
2025-08-17T20:56:00.000,1.33,162.42,-1.26,0.40
2025-08-17T20:57:00.000,1.34,162.11,-1.28,0.41
2025-08-17T20:58:00.000,1.34,162.74,-1.28,0.40
2025-08-17T20:59:00.000,1.35,163.11,-1.29,0.39
2025-08-17T21:00:00.000,1.34,162.66,-1.28,0.40
2025-08-17T21:01:00.000,1.34,162.41,-1.28,0.40
2025-08-17T21:02:00.000,1.34,161.24,-1.27,0.43
2025-08-17T21:03:00.000,1.33,160.96,-1.26,0.43
2025-08-17T21:04:00.000,1.32,159.61,-1.24,0.46
2025-08-17T21:05:00.000,1.32,159.21,-1.24,0.47
2025-08-17T21:06:00.000,1.53,161.37,-1.45,0.49
2025-08-17T21:07:00.000,1.35,160.80,-1.28,0.45
2025-08-17T21:08:00.000,1.31,159.95,-1.23,0.45
2025-08-17T21:09:00.000,1.31,160.46,-1.24,0.44
2025-08-17T21:10:00.000,1.32,161.06,-1.25,0.43
2025-08-17T21:11:00.000,1.32,161.15,-1.25,0.43
2025-08-17T21:12:00.000,1.33,161.08,-1.25,0.43
2025-08-17T21:13:00.000,1.31,160.53,-1.24,0.44
2025-08-17T21:14:00.000,1.31,160.81,-1.24,0.43
2025-08-17T21:15:00.000,1.32,160.90,-1.25,0.43
2025-08-17T21:16:00.000,1.32,160.21,-1.24,0.45
2025-08-17T21:17:00.000,1.32,161.66,-1.25,0.42
2025-08-17T21:18:00.000,1.34,162.09,-1.27,0.41
2025-08-17T21:19:00.000,1.33,161.31,-1.26,0.43
2025-08-17T21:20:00.000,1.36,163.37,-1.30,0.39
2025-08-17T21:21:00.000,1.36,163.23,-1.30,0.39
2025-08-17T21:22:00.000,1.38,163.18,-1.32,0.40
2025-08-17T21:23:00.000,1.37,163.31,-1.31,0.39
2025-08-17T21:24:00.000,1.37,163.49,-1.31,0.39
2025-08-17T21:25:00.000,1.37,163.67,-1.32,0.39
2025-08-17T21:26:00.000,1.37,163.50,-1.31,0.39
2025-08-17T21:27:00.000,1.36,163.62,-1.31,0.38
2025-08-17T21:28:00.000,1.38,164.24,-1.32,0.37
2025-08-17T21:29:00.000,1.37,163.95,-1.32,0.38
2025-08-17T21:30:00.000,1.39,167.46,-1.36,0.30
2025-08-17T21:31:00.000,1.39,166.83,-1.35,0.32
2025-08-17T21:32:00.000,1.40,165.48,-1.35,0.35
2025-08-17T21:33:00.000,1.40,166.33,-1.36,0.33
2025-08-17T21:34:00.000,1.39,166.47,-1.35,0.33
2025-08-17T21:35:00.000,1.40,166.75,-1.36,0.32
2025-08-17T21:36:00.000,1.40,166.93,-1.37,0.32
2025-08-17T21:37:00.000,1.41,167.96,-1.38,0.30
2025-08-17T21:38:00.000,1.41,168.05,-1.38,0.29
2025-08-17T21:39:00.000,1.41,167.98,-1.38,0.29
2025-08-17T21:40:00.000,1.42,167.76,-1.39,0.30
2025-08-17T21:41:00.000,1.43,169.31,-1.40,0.27
2025-08-17T21:42:00.000,1.41,167.88,-1.38,0.30
2025-08-17T21:43:00.000,1.42,169.10,-1.40,0.27
2025-08-17T21:44:00.000,1.42,169.52,-1.40,0.26
2025-08-17T21:45:00.000,1.41,168.35,-1.38,0.29
2025-08-17T21:46:00.000,1.41,167.56,-1.38,0.30
2025-08-17T21:47:00.000,1.42,168.61,-1.39,0.28
2025-08-17T21:48:00.000,1.40,168.50,-1.37,0.28
2025-08-17T21:49:00.000,1.81,135.86,-1.30,1.26
2025-08-17T21:50:00.000,1.42,171.20,-1.41,0.22
2025-08-17T21:51:00.000,1.43,170.98,-1.41,0.22
2025-08-17T21:52:00.000,1.42,170.89,-1.40,0.22
2025-08-17T21:53:00.000,1.40,171.55,-1.39,0.21
2025-08-17T21:54:00.000,1.41,170.60,-1.39,0.23
2025-08-17T21:55:00.000,1.38,168.77,-1.35,0.27
2025-08-17T21:56:00.000,1.37,167.53,-1.34,0.30
2025-08-17T21:57:00.000,1.37,166.51,-1.33,0.32
2025-08-17T21:58:00.000,1.37,164.87,-1.32,0.36
2025-08-17T21:59:00.000,1.37,164.07,-1.32,0.38
2025-08-17T22:00:00.000,1.36,164.32,-1.31,0.37
2025-08-17T22:01:00.000,1.38,163.39,-1.32,0.39
2025-08-17T22:02:00.000,1.37,163.49,-1.31,0.39
2025-08-17T22:03:00.000,1.36,166.02,-1.32,0.33
2025-08-17T22:04:00.000,1.35,167.03,-1.31,0.30
2025-08-17T22:05:00.000,1.33,169.01,-1.30,0.25
2025-08-17T22:06:00.000,1.31,169.28,-1.29,0.24
2025-08-17T22:07:00.000,1.30,170.79,-1.28,0.21
2025-08-17T22:08:00.000,1.31,166.09,-1.27,0.32
2025-08-17T22:09:00.000,1.32,163.99,-1.27,0.36
2025-08-17T22:10:00.000,1.35,170.47,-1.33,0.22
2025-08-17T22:11:00.000,1.35,166.86,-1.32,0.31
2025-08-17T22:12:00.000,1.40,163.64,-1.34,0.39
2025-08-17T22:13:00.000,1.36,169.53,-1.34,0.25
2025-08-17T22:14:00.000,1.38,171.62,-1.37,0.20
2025-08-17T22:15:00.000,1.41,177.10,-1.41,0.07
2025-08-17T22:16:00.000,1.45,178.27,-1.45,0.04
2025-08-17T22:17:00.000,1.48,164.93,-1.43,0.39
2025-08-17T22:18:00.000,1.49,162.56,-1.43,0.45
2025-08-17T22:19:00.000,1.42,166.23,-1.38,0.34
2025-08-17T22:20:00.000,1.42,167.23,-1.38,0.31
2025-08-17T22:21:00.000,1.43,169.20,-1.41,0.27
2025-08-17T22:22:00.000,1.46,172.46,-1.45,0.19
2025-08-17T22:23:00.000,1.58,174.44,-1.57,0.15
2025-08-17T22:24:00.000,1.58,174.79,-1.58,0.14
2025-08-17T22:25:00.000,1.65,182.80,-1.65,-0.08
2025-08-17T22:26:00.000,1.84,189.57,-1.81,-0.31
2025-08-17T22:27:00.000,1.71,179.70,-1.71,0.01
2025-08-17T22:28:00.000,1.63,174.51,-1.63,0.16
2025-08-17T22:29:00.000,1.65,177.81,-1.65,0.06
2025-08-17T22:30:00.000,1.63,178.77,-1.63,0.03
2025-08-17T22:31:00.000,1.62,176.05,-1.62,0.11
2025-08-17T22:32:00.000,1.54,174.00,-1.53,0.16
2025-08-17T22:33:00.000,1.57,176.56,-1.56,0.09
2025-08-17T22:34:00.000,1.57,178.49,-1.57,0.04
2025-08-17T22:35:00.000,1.58,180.96,-1.58,-0.03
2025-08-17T22:36:00.000,1.63,180.85,-1.63,-0.02
2025-08-17T22:37:00.000,1.59,177.36,-1.58,0.07
2025-08-17T22:38:00.000,1.54,178.17,-1.54,0.05
2025-08-17T22:39:00.000,1.51,176.08,-1.51,0.10
2025-08-17T22:40:00.000,1.47,171.05,-1.46,0.23
2025-08-17T22:41:00.000,1.46,173.34,-1.45,0.17
2025-08-17T22:42:00.000,1.56,185.21,-1.55,-0.14
2025-08-17T22:43:00.000,1.52,182.15,-1.52,-0.06
2025-08-17T22:44:00.000,1.53,183.54,-1.53,-0.09
2025-08-17T22:45:00.000,1.53,185.57,-1.52,-0.15
2025-08-17T22:46:00.000,1.49,178.62,-1.49,0.04
2025-08-17T22:47:00.000,1.52,182.53,-1.52,-0.07
2025-08-17T22:48:00.000,1.50,184.49,-1.50,-0.12
2025-08-17T22:49:00.000,1.51,181.67,-1.51,-0.04
2025-08-17T22:50:00.000,1.49,182.16,-1.49,-0.06
2025-08-17T22:51:00.000,1.48,180.98,-1.48,-0.03
2025-08-17T22:52:00.000,1.45,178.51,-1.45,0.04
2025-08-17T22:53:00.000,1.50,181.82,-1.50,-0.05
2025-08-17T22:54:00.000,1.50,182.67,-1.50,-0.07
2025-08-17T22:55:00.000,1.46,178.51,-1.46,0.04
2025-08-17T22:56:00.000,1.42,173.03,-1.41,0.17
2025-08-17T22:57:00.000,1.41,174.58,-1.41,0.13
2025-08-17T22:58:00.000,1.42,170.13,-1.40,0.24
2025-08-17T22:59:00.000,1.40,170.21,-1.38,0.24
2025-08-17T23:00:00.000,1.38,172.80,-1.37,0.17
2025-08-17T23:01:00.000,1.37,171.83,-1.36,0.20
2025-08-17T23:02:00.000,1.40,171.32,-1.38,0.21
2025-08-17T23:03:00.000,1.38,172.29,-1.36,0.18
2025-08-17T23:04:00.000,1.39,173.26,-1.38,0.16
2025-08-17T23:05:00.000,1.41,172.50,-1.40,0.18
2025-08-17T23:06:00.000,1.42,171.74,-1.41,0.20
2025-08-17T23:07:00.000,1.43,171.60,-1.41,0.21
2025-08-17T23:08:00.000,1.44,173.35,-1.43,0.17
2025-08-17T23:09:00.000,1.44,171.63,-1.42,0.21
2025-08-17T23:10:00.000,1.44,171.60,-1.42,0.21
2025-08-17T23:11:00.000,1.44,171.54,-1.42,0.21
2025-08-17T23:12:00.000,1.44,171.92,-1.43,0.20
2025-08-17T23:13:00.000,1.47,171.52,-1.45,0.22
2025-08-17T23:14:00.000,1.48,172.84,-1.47,0.18
2025-08-17T23:15:00.000,1.51,174.03,-1.50,0.16
2025-08-17T23:16:00.000,1.52,174.62,-1.51,0.14
2025-08-17T23:17:00.000,1.52,175.03,-1.51,0.13
2025-08-17T23:18:00.000,1.54,175.69,-1.54,0.12
2025-08-17T23:19:00.000,1.54,175.17,-1.54,0.13
2025-08-17T23:20:00.000,1.54,174.94,-1.53,0.14
2025-08-17T23:21:00.000,1.52,174.48,-1.51,0.15
2025-08-17T23:22:00.000,1.52,174.77,-1.51,0.14
2025-08-17T23:23:00.000,1.51,173.71,-1.50,0.16
2025-08-17T23:24:00.000,1.53,175.34,-1.52,0.12
2025-08-17T23:25:00.000,1.51,175.05,-1.51,0.13
2025-08-17T23:26:00.000,1.50,174.01,-1.50,0.16
2025-08-17T23:27:00.000,1.53,174.88,-1.52,0.14
2025-08-17T23:28:00.000,1.53,173.61,-1.52,0.17
2025-08-17T23:29:00.000,1.54,173.34,-1.53,0.18
2025-08-17T23:30:00.000,1.51,172.02,-1.50,0.21
2025-08-17T23:31:00.000,1.54,173.07,-1.53,0.19
2025-08-17T23:32:00.000,1.54,173.25,-1.53,0.18
2025-08-17T23:33:00.000,1.51,171.82,-1.49,0.21
2025-08-17T23:34:00.000,1.48,171.27,-1.46,0.22
2025-08-17T23:35:00.000,1.45,170.49,-1.43,0.24
2025-08-17T23:36:00.000,1.44,169.74,-1.42,0.26
2025-08-17T23:37:00.000,1.45,169.25,-1.42,0.27
2025-08-17T23:38:00.000,1.45,169.04,-1.43,0.28
2025-08-17T23:39:00.000,1.43,169.05,-1.41,0.27
2025-08-17T23:40:00.000,1.43,168.06,-1.40,0.30
2025-08-17T23:41:00.000,1.42,167.13,-1.39,0.32
2025-08-17T23:42:00.000,1.41,167.57,-1.37,0.30
2025-08-17T23:43:00.000,1.38,166.56,-1.34,0.32
2025-08-17T23:44:00.000,1.37,165.93,-1.32,0.33
2025-08-17T23:45:00.000,1.34,164.63,-1.29,0.35
2025-08-17T23:46:00.000,1.30,162.92,-1.24,0.38
2025-08-17T23:47:00.000,1.32,162.91,-1.26,0.39
2025-08-17T23:48:00.000,1.36,163.13,-1.30,0.39
2025-08-17T23:49:00.000,1.36,162.53,-1.30,0.41
2025-08-17T23:50:00.000,1.40,165.75,-1.36,0.35
2025-08-17T23:51:00.000,1.38,166.40,-1.34,0.32
2025-08-17T23:52:00.000,1.34,166.35,-1.30,0.32
2025-08-17T23:53:00.000,1.37,166.05,-1.33,0.33
2025-08-17T23:54:00.000,1.35,165.12,-1.31,0.35
2025-08-17T23:55:00.000,1.37,164.40,-1.32,0.37
2025-08-17T23:56:00.000,1.39,163.73,-1.33,0.39
2025-08-17T23:57:00.000,1.40,165.84,-1.35,0.34
2025-08-17T23:58:00.000,1.44,167.60,-1.41,0.31
2025-08-17T23:59:00.000,1.44,169.02,-1.41,0.27
2025-08-18T00:00:00.000,1.44,169.11,-1.42,0.27
2025-08-18T00:01:00.000,1.45,170.73,-1.43,0.23
2025-08-18T00:02:00.000,1.51,173.31,-1.50,0.18
2025-08-18T00:03:00.000,1.56,174.99,-1.55,0.14
2025-08-18T00:04:00.000,1.54,176.28,-1.54,0.10
2025-08-18T00:05:00.000,1.57,177.06,-1.57,0.08
2025-08-18T00:06:00.000,1.53,174.02,-1.52,0.16
2025-08-18T00:07:00.000,1.54,174.19,-1.53,0.16
2025-08-18T00:08:00.000,1.57,176.01,-1.56,0.11
2025-08-18T00:09:00.000,1.63,179.44,-1.63,0.02
2025-08-18T00:10:00.000,1.55,176.98,-1.55,0.08
2025-08-18T00:11:00.000,1.58,178.64,-1.58,0.04
2025-08-18T00:12:00.000,1.62,182.64,-1.62,-0.07
2025-08-18T00:13:00.000,1.65,184.47,-1.65,-0.13
2025-08-18T00:14:00.000,1.67,184.83,-1.67,-0.14
2025-08-18T00:15:00.000,1.72,185.86,-1.71,-0.18
2025-08-18T00:16:00.000,1.69,183.77,-1.69,-0.11
2025-08-18T00:17:00.000,1.62,178.82,-1.62,0.03
2025-08-18T00:18:00.000,1.60,176.70,-1.60,0.09
2025-08-18T00:19:00.000,1.57,174.04,-1.56,0.16
2025-08-18T00:20:00.000,1.56,173.40,-1.55,0.18
2025-08-18T00:21:00.000,1.53,173.64,-1.52,0.17
2025-08-18T00:22:00.000,1.53,173.28,-1.52,0.18
2025-08-18T00:23:00.000,1.53,172.30,-1.51,0.20
2025-08-18T00:24:00.000,1.51,172.65,-1.49,0.19
2025-08-18T00:25:00.000,1.49,172.03,-1.48,0.21
2025-08-18T00:26:00.000,1.48,171.21,-1.46,0.23
2025-08-18T00:27:00.000,1.49,169.93,-1.47,0.26
2025-08-18T00:28:00.000,1.47,170.29,-1.45,0.25
2025-08-18T00:29:00.000,1.47,171.24,-1.45,0.22
2025-08-18T00:30:00.000,1.46,171.00,-1.44,0.23
2025-08-18T00:31:00.000,1.46,170.50,-1.44,0.24
2025-08-18T00:32:00.000,1.41,169.82,-1.38,0.25
2025-08-18T00:33:00.000,1.38,171.24,-1.36,0.21
2025-08-18T00:34:00.000,1.33,168.73,-1.30,0.26
2025-08-18T00:35:00.000,1.34,169.53,-1.32,0.24
2025-08-18T00:36:00.000,1.35,170.99,-1.33,0.21
2025-08-18T00:37:00.000,1.37,173.80,-1.36,0.15
2025-08-18T00:38:00.000,1.38,177.07,-1.37,0.07
2025-08-18T00:39:00.000,1.38,175.99,-1.38,0.10
2025-08-18T00:40:00.000,1.38,175.64,-1.37,0.10
2025-08-18T00:41:00.000,1.45,180.59,-1.45,-0.02
2025-08-18T00:42:00.000,1.46,184.68,-1.45,-0.12
2025-08-18T00:43:00.000,1.47,184.18,-1.47,-0.11
2025-08-18T00:44:00.000,1.50,187.20,-1.49,-0.19
2025-08-18T00:45:00.000,1.54,189.68,-1.52,-0.26
2025-08-18T00:46:00.000,1.59,188.11,-1.57,-0.22
2025-08-18T00:47:00.000,1.65,191.19,-1.62,-0.32
2025-08-18T00:48:00.000,1.64,190.46,-1.61,-0.30
2025-08-18T00:49:00.000,1.69,189.87,-1.67,-0.29
2025-08-18T00:50:00.000,1.84,194.16,-1.78,-0.45
2025-08-18T00:51:00.000,1.80,193.05,-1.75,-0.41
2025-08-18T00:52:00.000,1.91,198.08,-1.81,-0.59
2025-08-18T00:53:00.000,2.25,203.54,-2.07,-0.90
2025-08-18T00:54:00.000,3.18,212.95,-2.67,-1.73
2025-08-18T00:55:00.000,3.75,217.16,-2.99,-2.27
2025-08-18T00:56:00.000,2.75,207.98,-2.43,-1.29
2025-08-18T00:57:00.000,3.55,215.26,-2.90,-2.05
2025-08-18T00:58:00.000,2.77,207.87,-2.45,-1.30
2025-08-18T00:59:00.000,2.44,201.87,-2.27,-0.91
2025-08-18T01:00:00.000,3.03,210.73,-2.60,-1.55
2025-08-18T01:01:00.000,2.46,206.52,-2.20,-1.10
2025-08-18T01:02:00.000,2.70,209.45,-2.35,-1.33
2025-08-18T01:03:00.000,3.41,215.38,-2.78,-1.97
2025-08-18T01:04:00.000,3.49,215.24,-2.85,-2.01
2025-08-18T01:05:00.000,3.31,215.17,-2.71,-1.91
2025-08-18T01:06:00.000,3.51,215.35,-2.86,-2.03
2025-08-18T01:07:00.000,2.89,212.39,-2.44,-1.55
2025-08-18T01:08:00.000,3.14,213.19,-2.63,-1.72
2025-08-18T01:09:00.000,3.75,220.05,-2.87,-2.41
2025-08-18T01:10:00.000,4.14,221.90,-3.08,-2.77
2025-08-18T01:11:00.000,3.83,217.37,-3.04,-2.32
2025-08-18T01:12:00.000,5.16,221.96,-3.83,-3.45
2025-08-18T01:13:00.000,5.54,223.20,-4.04,-3.79
2025-08-18T01:14:00.000,5.40,222.43,-3.98,-3.64
2025-08-18T01:15:00.000,5.58,221.50,-4.18,-3.70
2025-08-18T01:16:00.000,5.76,225.53,-4.04,-4.11
2025-08-18T01:17:00.000,6.29,223.43,-4.57,-4.33
2025-08-18T01:18:00.000,6.18,225.83,-4.30,-4.43
2025-08-18T01:19:00.000,6.13,225.95,-4.26,-4.41
2025-08-18T01:20:00.000,5.70,228.29,-3.79,-4.25
2025-08-18T01:21:00.000,4.43,219.69,-3.41,-2.83
2025-08-18T01:22:00.000,6.74,224.21,-4.83,-4.70
2025-08-18T01:23:00.000,6.65,226.07,-4.61,-4.79
2025-08-18T01:24:00.000,7.50,227.37,-5.08,-5.52
2025-08-18T01:25:00.000,7.07,226.57,-4.86,-5.13
2025-08-18T01:26:00.000,7.41,228.01,-4.96,-5.51
2025-08-18T01:27:00.000,6.43,226.01,-4.47,-4.63
2025-08-18T01:28:00.000,6.24,225.80,-4.35,-4.48
2025-08-18T01:29:00.000,6.47,227.38,-4.38,-4.76
2025-08-18T01:30:00.000,6.16,228.51,-4.08,-4.62
2025-08-18T01:31:00.000,6.46,232.80,-3.91,-5.15
2025-08-18T01:32:00.000,6.62,230.72,-4.19,-5.12
2025-08-18T01:33:00.000,6.29,228.84,-4.14,-4.73
2025-08-18T01:34:00.000,6.59,232.33,-4.03,-5.22
2025-08-18T01:35:00.000,6.91,232.22,-4.23,-5.46
2025-08-18T01:36:00.000,6.16,229.04,-4.04,-4.65
2025-08-18T01:37:00.000,5.99,228.61,-3.96,-4.49
2025-08-18T01:38:00.000,6.70,231.04,-4.21,-5.21
2025-08-18T01:39:00.000,5.01,222.42,-3.70,-3.38
2025-08-18T01:40:00.000,5.73,230.17,-3.67,-4.40
2025-08-18T01:41:00.000,3.79,222.14,-2.81,-2.54
2025-08-18T01:42:00.000,3.78,226.02,-2.63,-2.72
2025-08-18T01:43:00.000,3.56,222.23,-2.63,-2.39
2025-08-18T01:44:00.000,2.95,217.65,-2.34,-1.80
2025-08-18T01:45:00.000,5.21,222.42,-3.85,-3.52
2025-08-18T01:46:00.000,6.36,225.51,-4.46,-4.54
2025-08-18T01:47:00.000,9.73,229.45,-6.33,-7.40
2025-08-18T01:48:00.000,6.28,225.76,-4.38,-4.50
2025-08-18T01:49:00.000,7.63,228.03,-5.10,-5.67
2025-08-18T01:50:00.000,7.56,225.14,-5.33,-5.36
2025-08-18T01:51:00.000,7.89,230.64,-5.00,-6.10
2025-08-18T01:52:00.000,6.49,229.23,-4.24,-4.92
2025-08-18T01:53:00.000,5.76,222.84,-4.22,-3.92
2025-08-18T01:54:00.000,5.32,225.61,-3.72,-3.80
2025-08-18T01:55:00.000,4.80,223.05,-3.51,-3.27
2025-08-18T01:56:00.000,8.03,228.07,-5.37,-5.98
2025-08-18T01:57:00.000,7.34,229.00,-4.82,-5.54
2025-08-18T01:58:00.000,7.18,223.68,-5.19,-4.96
2025-08-18T01:59:00.000,6.05,225.44,-4.25,-4.31
2025-08-18T02:00:00.000,6.10,226.76,-4.18,-4.45
2025-08-18T02:01:00.000,4.75,219.88,-3.64,-3.04
2025-08-18T02:02:00.000,2.99,213.44,-2.49,-1.65
2025-08-18T02:03:00.000,3.03,209.56,-2.63,-1.49
2025-08-18T02:04:00.000,2.80,206.05,-2.52,-1.23
2025-08-18T02:05:00.000,2.78,209.07,-2.43,-1.35
2025-08-18T02:06:00.000,2.37,203.39,-2.18,-0.94
2025-08-18T02:07:00.000,2.93,212.17,-2.48,-1.56
2025-08-18T02:08:00.000,4.24,218.19,-3.33,-2.62
2025-08-18T02:09:00.000,4.39,220.06,-3.36,-2.83
2025-08-18T02:10:00.000,2.93,210.24,-2.53,-1.48
2025-08-18T02:11:00.000,2.56,201.96,-2.38,-0.96
2025-08-18T02:12:00.000,2.24,198.55,-2.13,-0.71
2025-08-18T02:13:00.000,2.08,195.93,-2.00,-0.57
2025-08-18T02:14:00.000,2.06,195.35,-1.99,-0.54
2025-08-18T02:15:00.000,2.16,196.68,-2.07,-0.62
2025-08-18T02:16:00.000,2.19,198.81,-2.07,-0.70
2025-08-18T02:17:00.000,2.17,196.80,-2.08,-0.63
2025-08-18T02:18:00.000,2.17,197.11,-2.08,-0.64
2025-08-18T02:19:00.000,2.03,193.35,-1.97,-0.47
2025-08-18T02:20:00.000,2.25,194.27,-2.18,-0.55
2025-08-18T02:21:00.000,2.97,193.69,-2.88,-0.70
2025-08-18T02:22:00.000,5.00,193.51,-4.86,-1.17
2025-08-18T02:23:00.000,8.19,195.34,-7.90,-2.17
2025-08-18T02:24:00.000,11.21,193.29,-10.91,-2.58
2025-08-18T02:25:00.000,14.04,195.27,-13.55,-3.70
2025-08-18T02:26:00.000,16.91,202.99,-15.57,-6.61
2025-08-18T02:27:00.000,19.42,205.29,-17.56,-8.30
2025-08-18T02:28:00.000,21.56,203.94,-19.71,-8.75
2025-08-18T02:29:00.000,23.36,204.96,-21.18,-9.86
2025-08-18T02:30:00.000,24.85,205.98,-22.34,-10.89
2025-08-18T02:31:00.000,26.28,205.30,-23.76,-11.23
2025-08-18T02:32:00.000,27.79,202.27,-25.71,-10.53
2025-08-18T02:33:00.000,29.31,200.50,-27.46,-10.26
2025-08-18T02:34:00.000,31.37,198.32,-29.78,-9.86
2025-08-18T02:35:00.000,33.74,197.03,-32.26,-9.88
2025-08-18T02:36:00.000,36.78,196.17,-35.32,-10.24
2025-08-18T02:37:00.000,40.65,195.17,-39.23,-10.64
2025-08-18T02:38:00.000,44.81,193.96,-43.49,-10.81
2025-08-18T02:39:00.000,51.01,193.32,-49.64,-11.75
2025-08-18T02:40:00.000,58.34,192.43,-56.97,-12.56
2025-08-18T02:41:00.000,68.35,191.04,-67.08,-13.09
2025-08-18T02:42:00.000,80.72,190.89,-79.27,-15.25
2025-08-18T02:43:00.000,96.62,190.34,-95.05,-17.35
2025-08-18T02:44:00.000,113.01,189.39,-111.50,-18.44
2025-08-18T02:45:00.000,132.92,189.25,-131.19,-21.37
2025-08-18T02:46:00.000,157.97,189.94,-155.59,-27.28
2025-08-18T02:47:00.000,185.16,188.30,-183.23,-26.73
2025-08-18T02:48:00.000,211.22,186.98,-209.65,-25.67
2025-08-18T02:49:00.000,216.87,186.89,-215.30,-26.03
2025-08-18T02:50:00.000,217.82,186.97,-216.21,-26.42
2025-08-18T02:51:00.000,217.69,186.96,-216.09,-26.39
2025-08-18T02:52:00.000,217.72,186.99,-216.10,-26.51
2025-08-18T02:53:00.000,217.66,187.03,-216.02,-26.64
2025-08-18T02:54:00.000,217.57,187.05,-215.93,-26.72
2025-08-18T02:55:00.000,217.50,187.09,-215.84,-26.83
2025-08-18T02:56:00.000,217.51,187.10,-215.84,-26.90
2025-08-18T02:57:00.000,217.48,187.09,-215.82,-26.84
2025-08-18T02:58:00.000,217.39,187.12,-215.72,-26.94
2025-08-18T02:59:00.000,217.36,187.14,-215.67,-27.03
2025-08-18T03:00:00.000,217.39,187.19,-215.68,-27.21
2025-08-18T03:01:00.000,217.35,187.18,-215.65,-27.16
2025-08-18T03:02:00.000,217.32,187.19,-215.61,-27.18
2025-08-18T03:03:00.000,217.29,187.17,-215.59,-27.13
2025-08-18T03:04:00.000,217.26,187.21,-215.55,-27.27
2025-08-18T03:05:00.000,217.16,187.19,-215.46,-27.16
2025-08-18T03:06:00.000,217.18,187.21,-215.46,-27.27
2025-08-18T03:07:00.000,217.20,187.21,-215.49,-27.24
2025-08-18T03:08:00.000,217.23,187.25,-215.50,-27.41
2025-08-18T03:09:00.000,217.21,187.27,-215.46,-27.50
2025-08-18T03:10:00.000,217.18,187.22,-215.45,-27.29
2025-08-18T03:11:00.000,217.25,187.22,-215.53,-27.32
2025-08-18T03:12:00.000,217.17,187.24,-215.44,-27.38
2025-08-18T03:13:00.000,217.16,187.24,-215.43,-27.36
2025-08-18T03:14:00.000,217.12,187.26,-215.38,-27.44
2025-08-18T03:15:00.000,217.19,187.30,-215.43,-27.60
2025-08-18T03:16:00.000,217.10,187.26,-215.36,-27.44
2025-08-18T03:17:00.000,217.12,187.26,-215.37,-27.45
2025-08-18T03:18:00.000,217.11,187.27,-215.36,-27.47
2025-08-18T03:19:00.000,217.08,187.25,-215.35,-27.39
2025-08-18T03:20:00.000,217.13,187.26,-215.39,-27.46
2025-08-18T03:21:00.000,217.18,187.25,-215.45,-27.39
2025-08-18T03:22:00.000,217.12,187.26,-215.38,-27.45
2025-08-18T03:23:00.000,217.15,187.29,-215.39,-27.55
2025-08-18T03:24:00.000,217.09,187.27,-215.34,-27.46
2025-08-18T03:25:00.000,217.11,187.28,-215.37,-27.50
2025-08-18T03:26:00.000,217.13,187.30,-215.37,-27.58
2025-08-18T03:27:00.000,217.10,187.31,-215.33,-27.62
2025-08-18T03:28:00.000,217.08,187.31,-215.31,-27.60
2025-08-18T03:29:00.000,217.13,187.32,-215.36,-27.65
2025-08-18T03:30:00.000,217.07,187.37,-215.28,-27.83
2025-08-18T03:31:00.000,217.12,187.33,-215.34,-27.71
2025-08-18T03:32:00.000,217.12,187.36,-215.33,-27.82
2025-08-18T03:33:00.000,217.01,187.36,-215.22,-27.80
2025-08-18T03:34:00.000,217.06,187.34,-215.28,-27.74
2025-08-18T03:35:00.000,217.05,187.36,-215.27,-27.81
2025-08-18T03:36:00.000,216.95,187.36,-215.17,-27.78
2025-08-18T03:37:00.000,216.98,187.36,-215.19,-27.80
2025-08-18T03:38:00.000,217.08,187.39,-215.28,-27.92
2025-08-18T03:39:00.000,217.07,187.36,-215.28,-27.80
2025-08-18T03:40:00.000,217.07,187.38,-215.27,-27.90
2025-08-18T03:41:00.000,217.04,187.38,-215.24,-27.89
2025-08-18T03:42:00.000,217.02,187.37,-215.22,-27.83
2025-08-18T03:43:00.000,217.02,187.37,-215.23,-27.86
2025-08-18T03:44:00.000,216.99,187.38,-215.19,-27.88
2025-08-18T03:45:00.000,217.01,187.39,-215.21,-27.89
2025-08-18T03:46:00.000,217.02,187.40,-215.21,-27.94
2025-08-18T03:47:00.000,216.97,187.40,-215.17,-27.96
2025-08-18T03:48:00.000,216.99,187.39,-215.19,-27.90
2025-08-18T03:49:00.000,216.92,187.41,-215.11,-27.97
2025-08-18T03:50:00.000,216.91,187.37,-215.12,-27.82
2025-08-18T03:51:00.000,216.95,187.38,-215.16,-27.85
2025-08-18T03:52:00.000,216.93,187.40,-215.13,-27.92
2025-08-18T03:53:00.000,216.96,187.41,-215.15,-27.97
2025-08-18T03:54:00.000,216.89,187.40,-215.08,-27.95
2025-08-18T03:55:00.000,216.94,187.41,-215.13,-27.98
2025-08-18T03:56:00.000,216.97,187.42,-215.15,-28.02
2025-08-18T03:57:00.000,216.98,187.39,-215.18,-27.90
2025-08-18T03:58:00.000,216.98,187.41,-215.17,-27.98
2025-08-18T03:59:00.000,217.02,187.40,-215.21,-27.94
2025-08-18T04:00:00.000,216.93,187.42,-215.12,-28.00
2025-08-18T04:01:00.000,216.89,187.42,-215.07,-28.00
2025-08-18T04:02:00.000,216.99,187.42,-215.18,-28.01
2025-08-18T04:03:00.000,216.94,187.41,-215.13,-27.98
2025-08-18T04:04:00.000,216.95,187.41,-215.14,-27.99
2025-08-18T04:05:00.000,216.95,187.40,-215.14,-27.94
2025-08-18T04:06:00.000,216.98,187.42,-215.16,-28.03
2025-08-18T04:07:00.000,216.98,187.43,-215.16,-28.06
2025-08-18T04:08:00.000,216.97,187.41,-215.16,-27.97
2025-08-18T04:09:00.000,216.92,187.37,-215.12,-27.83
2025-08-18T04:10:00.000,216.96,187.38,-215.16,-27.88
2025-08-18T04:11:00.000,217.00,187.41,-215.19,-27.98
2025-08-18T04:12:00.000,216.96,187.41,-215.15,-27.99
2025-08-18T04:13:00.000,216.95,187.42,-215.13,-28.02
2025-08-18T04:14:00.000,216.97,187.40,-215.17,-27.95
2025-08-18T04:15:00.000,217.01,187.41,-215.20,-27.98
2025-08-18T04:16:00.000,217.04,187.40,-215.23,-27.95
2025-08-18T04:17:00.000,216.94,187.38,-215.14,-27.86
2025-08-18T04:18:00.000,217.03,187.40,-215.22,-27.97
2025-08-18T04:19:00.000,217.01,187.37,-215.22,-27.85
2025-08-18T04:20:00.000,216.97,187.37,-215.18,-27.82
2025-08-18T04:21:00.000,217.05,187.37,-215.26,-27.85
2025-08-18T04:22:00.000,217.03,187.39,-215.23,-27.90
2025-08-18T04:23:00.000,216.98,187.32,-215.21,-27.65
2025-08-18T04:24:00.000,216.99,187.35,-215.21,-27.74
2025-08-18T04:25:00.000,217.00,187.34,-215.22,-27.71
2025-08-18T04:26:00.000,217.01,187.36,-215.22,-27.81
2025-08-18T04:27:00.000,217.02,187.34,-215.24,-27.73
2025-08-18T04:28:00.000,217.02,187.35,-215.24,-27.76
2025-08-18T04:29:00.000,216.97,187.34,-215.19,-27.72
2025-08-18T04:30:00.000,216.98,187.35,-215.20,-27.76
2025-08-18T04:31:00.000,216.99,187.34,-215.22,-27.72
2025-08-18T04:32:00.000,216.97,187.33,-215.19,-27.67
2025-08-18T04:33:00.000,216.98,187.33,-215.21,-27.68
2025-08-18T04:34:00.000,216.92,187.30,-215.16,-27.57
2025-08-18T04:35:00.000,216.99,187.30,-215.23,-27.58
2025-08-18T04:36:00.000,216.99,187.29,-215.24,-27.52
2025-08-18T04:37:00.000,217.01,187.32,-215.24,-27.66
2025-08-18T04:38:00.000,217.03,187.30,-215.27,-27.56
2025-08-18T04:39:00.000,217.01,187.31,-215.25,-27.62
2025-08-18T04:40:00.000,217.03,187.32,-215.26,-27.64
2025-08-18T04:41:00.000,217.03,187.28,-215.28,-27.52
2025-08-18T04:42:00.000,216.98,187.26,-215.24,-27.44
2025-08-18T04:43:00.000,217.01,187.30,-215.25,-27.58
2025-08-18T04:44:00.000,217.00,187.29,-215.25,-27.55
2025-08-18T04:45:00.000,216.96,187.30,-215.21,-27.58
2025-08-18T04:46:00.000,216.93,187.27,-215.18,-27.45
2025-08-18T04:47:00.000,217.01,187.27,-215.26,-27.47
2025-08-18T04:48:00.000,217.01,187.28,-215.25,-27.52
2025-08-18T04:49:00.000,217.05,187.27,-215.30,-27.47
2025-08-18T04:50:00.000,216.97,187.26,-215.23,-27.41
2025-08-18T04:51:00.000,216.96,187.25,-215.23,-27.38
2025-08-18T04:52:00.000,216.97,187.26,-215.23,-27.42
2025-08-18T04:53:00.000,216.98,187.26,-215.24,-27.41
2025-08-18T04:54:00.000,216.99,187.27,-215.24,-27.47
2025-08-18T04:55:00.000,217.02,187.25,-215.28,-27.39
2025-08-18T04:56:00.000,217.01,187.25,-215.27,-27.39
2025-08-18T04:57:00.000,217.02,187.26,-215.29,-27.42
2025-08-18T04:58:00.000,216.97,187.26,-215.23,-27.42
2025-08-18T04:59:00.000,217.02,187.25,-215.28,-27.40
2025-08-18T05:00:00.000,216.97,187.25,-215.24,-27.37
2025-08-18T05:01:00.000,216.97,187.25,-215.23,-27.38
2025-08-18T05:02:00.000,216.98,187.27,-215.23,-27.47
2025-08-18T05:03:00.000,216.99,187.27,-215.24,-27.47
2025-08-18T05:04:00.000,216.97,187.27,-215.23,-27.47
2025-08-18T05:05:00.000,217.05,187.29,-215.30,-27.52
2025-08-18T05:06:00.000,216.99,187.28,-215.24,-27.49
2025-08-18T05:07:00.000,216.99,187.30,-215.24,-27.55
2025-08-18T05:08:00.000,216.96,187.28,-215.22,-27.48
2025-08-18T05:09:00.000,216.98,187.31,-215.21,-27.61
2025-08-18T05:10:00.000,217.03,187.29,-215.27,-27.54
2025-08-18T05:11:00.000,217.01,187.29,-215.26,-27.52
2025-08-18T05:12:00.000,217.00,187.29,-215.25,-27.54
2025-08-18T05:13:00.000,217.02,187.28,-215.27,-27.50
2025-08-18T05:14:00.000,216.97,187.28,-215.22,-27.51
2025-08-18T05:15:00.000,216.98,187.28,-215.23,-27.50
2025-08-18T05:16:00.000,216.94,187.31,-215.18,-27.59
2025-08-18T05:17:00.000,216.92,187.31,-215.16,-27.60
2025-08-18T05:18:00.000,216.93,187.29,-215.18,-27.53
2025-08-18T05:19:00.000,216.95,187.31,-215.18,-27.59
2025-08-18T05:20:00.000,216.95,187.28,-215.20,-27.50
2025-08-18T05:21:00.000,216.97,187.33,-215.20,-27.68
2025-08-18T05:22:00.000,216.93,187.26,-215.19,-27.41
2025-08-18T05:23:00.000,216.97,187.30,-215.22,-27.56
2025-08-18T05:24:00.000,217.00,187.30,-215.24,-27.59
2025-08-18T05:25:00.000,216.92,187.28,-215.17,-27.50
2025-08-18T05:26:00.000,216.93,187.30,-215.17,-27.58
2025-08-18T05:27:00.000,216.91,187.27,-215.16,-27.46
2025-08-18T05:28:00.000,216.96,187.31,-215.19,-27.60
2025-08-18T05:29:00.000,216.92,187.31,-215.16,-27.61
2025-08-18T05:30:00.000,216.95,187.29,-215.20,-27.54
2025-08-18T05:31:00.000,216.93,187.27,-215.18,-27.47
2025-08-18T05:32:00.000,216.91,187.29,-215.16,-27.51
2025-08-18T05:33:00.000,216.97,187.30,-215.21,-27.58
2025-08-18T05:34:00.000,216.95,187.31,-215.19,-27.60
2025-08-18T05:35:00.000,216.98,187.28,-215.23,-27.51
2025-08-18T05:36:00.000,216.95,187.27,-215.21,-27.46
2025-08-18T05:37:00.000,216.93,187.30,-215.17,-27.56
2025-08-18T05:38:00.000,216.92,187.27,-215.18,-27.43
2025-08-18T05:39:00.000,216.96,187.29,-215.21,-27.53
2025-08-18T05:40:00.000,216.87,187.28,-215.12,-27.50
2025-08-18T05:41:00.000,217.00,187.24,-215.27,-27.35
2025-08-18T05:42:00.000,216.97,187.27,-215.23,-27.45
2025-08-18T05:43:00.000,216.97,187.28,-215.22,-27.50
2025-08-18T05:44:00.000,216.98,187.27,-215.24,-27.44
2025-08-18T05:45:00.000,216.96,187.25,-215.23,-27.38
2025-08-18T05:46:00.000,216.95,187.26,-215.21,-27.41
2025-08-18T05:47:00.000,216.97,187.24,-215.24,-27.36
2025-08-18T05:48:00.000,217.00,187.30,-215.24,-27.56
2025-08-18T05:49:00.000,216.95,187.29,-215.20,-27.53
2025-08-18T05:50:00.000,216.96,187.28,-215.21,-27.49
2025-08-18T05:51:00.000,216.98,187.27,-215.24,-27.46
2025-08-18T05:52:00.000,216.97,187.26,-215.23,-27.44
2025-08-18T05:53:00.000,216.95,187.28,-215.20,-27.50
2025-08-18T05:54:00.000,216.92,187.29,-215.16,-27.53
2025-08-18T05:55:00.000,216.91,187.28,-215.16,-27.47
2025-08-18T05:56:00.000,216.97,187.26,-215.23,-27.44
2025-08-18T05:57:00.000,216.99,187.26,-215.25,-27.40
2025-08-18T05:58:00.000,217.03,187.28,-215.28,-27.50
2025-08-18T05:59:00.000,217.01,187.29,-215.26,-27.53
2025-08-18T06:00:00.000,216.96,187.29,-215.20,-27.53
2025-08-18T06:01:00.000,216.99,187.25,-215.25,-27.38
2025-08-18T06:02:00.000,217.00,187.28,-215.25,-27.50
2025-08-18T06:03:00.000,217.00,187.26,-215.25,-27.44
2025-08-18T06:04:00.000,216.98,187.27,-215.23,-27.46
2025-08-18T06:05:00.000,216.97,187.26,-215.23,-27.42
2025-08-18T06:06:00.000,217.02,187.27,-215.27,-27.47
2025-08-18T06:07:00.000,217.10,187.29,-215.34,-27.55
2025-08-18T06:08:00.000,217.01,187.26,-215.27,-27.44
2025-08-18T06:09:00.000,217.00,187.26,-215.26,-27.43
2025-08-18T06:10:00.000,217.09,187.27,-215.34,-27.46
2025-08-18T06:11:00.000,217.07,187.27,-215.33,-27.46
2025-08-18T06:12:00.000,217.03,187.26,-215.29,-27.43
2025-08-18T06:13:00.000,217.09,187.26,-215.35,-27.45
2025-08-18T06:14:00.000,217.02,187.25,-215.28,-27.38
2025-08-18T06:15:00.000,217.11,187.27,-215.36,-27.48
2025-08-18T06:16:00.000,217.03,187.26,-215.29,-27.44
2025-08-18T06:17:00.000,217.05,187.25,-215.31,-27.39
2025-08-18T06:18:00.000,217.03,187.25,-215.29,-27.38
2025-08-18T06:19:00.000,217.05,187.23,-215.32,-27.32
2025-08-18T06:20:00.000,217.07,187.26,-215.33,-27.43
2025-08-18T06:21:00.000,217.09,187.24,-215.36,-27.34
2025-08-18T06:22:00.000,217.06,187.25,-215.33,-27.38
2025-08-18T06:23:00.000,217.07,187.25,-215.34,-27.40
2025-08-18T06:24:00.000,217.02,187.23,-215.29,-27.32
2025-08-18T06:25:00.000,217.07,187.26,-215.33,-27.43
2025-08-18T06:26:00.000,217.07,187.23,-215.34,-27.30
2025-08-18T06:27:00.000,217.04,187.24,-215.31,-27.37
2025-08-18T06:28:00.000,217.01,187.22,-215.29,-27.28
2025-08-18T06:29:00.000,217.09,187.24,-215.37,-27.35
2025-08-18T06:30:00.000,217.03,187.23,-215.31,-27.31
2025-08-18T06:31:00.000,217.09,187.22,-215.37,-27.27
2025-08-18T06:32:00.000,217.06,187.23,-215.33,-27.30
2025-08-18T06:33:00.000,217.05,187.24,-215.32,-27.35
2025-08-18T06:34:00.000,217.08,187.24,-215.35,-27.35
2025-08-18T06:35:00.000,217.10,187.23,-215.37,-27.32
2025-08-18T06:36:00.000,217.05,187.20,-215.34,-27.20
2025-08-18T06:37:00.000,217.13,187.21,-215.42,-27.26
2025-08-18T06:38:00.000,217.15,187.20,-215.43,-27.23
2025-08-18T06:39:00.000,217.10,187.20,-215.38,-27.22
2025-08-18T06:40:00.000,217.11,187.19,-215.41,-27.17
2025-08-18T06:41:00.000,217.14,187.22,-215.42,-27.29
2025-08-18T06:42:00.000,217.13,187.19,-215.42,-27.17
2025-08-18T06:43:00.000,217.12,187.19,-215.41,-27.19
2025-08-18T06:44:00.000,217.11,187.19,-215.41,-27.16
2025-08-18T06:45:00.000,217.16,187.19,-215.45,-27.18
2025-08-18T06:46:00.000,217.13,187.17,-215.43,-27.11
2025-08-18T06:47:00.000,217.16,187.15,-215.47,-27.02
2025-08-18T06:48:00.000,217.13,187.16,-215.44,-27.07
2025-08-18T06:49:00.000,217.20,187.17,-215.50,-27.12
2025-08-18T06:50:00.000,217.19,187.17,-215.49,-27.10
2025-08-18T06:51:00.000,217.19,187.14,-215.51,-26.99
2025-08-18T06:52:00.000,217.21,187.13,-215.53,-26.97
2025-08-18T06:53:00.000,217.19,187.15,-215.50,-27.02
2025-08-18T06:54:00.000,217.14,187.15,-215.45,-27.01
2025-08-18T06:55:00.000,217.23,187.12,-215.55,-26.93
2025-08-18T06:56:00.000,217.20,187.13,-215.52,-26.96
2025-08-18T06:57:00.000,217.19,187.13,-215.52,-26.95
2025-08-18T06:58:00.000,217.16,187.10,-215.50,-26.83
2025-08-18T06:59:00.000,217.25,187.12,-215.57,-26.92
2025-08-18T07:00:00.000,217.24,187.13,-215.56,-26.97
2025-08-18T07:01:00.000,217.24,187.12,-215.57,-26.92
2025-08-18T07:02:00.000,217.26,187.12,-215.58,-26.91
2025-08-18T07:03:00.000,217.21,187.11,-215.54,-26.89
2025-08-18T07:04:00.000,217.20,187.10,-215.53,-26.86
2025-08-18T07:05:00.000,217.26,187.11,-215.60,-26.88
2025-08-18T07:06:00.000,217.24,187.12,-215.57,-26.93
2025-08-18T07:07:00.000,217.23,187.11,-215.56,-26.88
2025-08-18T07:08:00.000,217.22,187.13,-215.54,-26.97
2025-08-18T07:09:00.000,217.22,187.11,-215.55,-26.87
2025-08-18T07:10:00.000,217.27,187.13,-215.59,-26.98
2025-08-18T07:11:00.000,217.30,187.11,-215.63,-26.89
2025-08-18T07:12:00.000,217.25,187.12,-215.58,-26.92
2025-08-18T07:13:00.000,217.27,187.14,-215.58,-26.99
2025-08-18T07:14:00.000,217.30,187.12,-215.63,-26.92
2025-08-18T07:15:00.000,217.32,187.13,-215.64,-26.99
2025-08-18T07:16:00.000,217.36,187.09,-215.69,-26.83
2025-08-18T07:17:00.000,217.32,187.11,-215.65,-26.90
2025-08-18T07:18:00.000,217.27,187.13,-215.59,-26.95
2025-08-18T07:19:00.000,217.35,187.11,-215.68,-26.91
2025-08-18T07:20:00.000,217.33,187.10,-215.66,-26.85
2025-08-18T07:21:00.000,217.37,187.07,-215.71,-26.76
2025-08-18T07:22:00.000,217.40,187.06,-215.76,-26.70
2025-08-18T07:23:00.000,217.39,187.04,-215.75,-26.63
2025-08-18T07:24:00.000,217.46,187.02,-215.83,-26.58
2025-08-18T07:25:00.000,217.47,187.00,-215.85,-26.51
2025-08-18T07:26:00.000,217.55,187.01,-215.93,-26.55
2025-08-18T07:27:00.000,217.51,187.04,-215.87,-26.65
2025-08-18T07:28:00.000,217.56,186.99,-215.94,-26.48
2025-08-18T07:29:00.000,217.62,186.97,-216.01,-26.43
2025-08-18T07:30:00.000,217.64,186.95,-216.04,-26.35
2025-08-18T07:31:00.000,217.70,186.97,-216.10,-26.42
2025-08-18T07:32:00.000,217.59,186.94,-216.00,-26.30
2025-08-18T07:33:00.000,217.65,186.92,-216.07,-26.23
2025-08-18T07:34:00.000,217.65,186.91,-216.07,-26.17
2025-08-18T07:35:00.000,217.71,186.91,-216.13,-26.21
2025-08-18T07:36:00.000,217.71,186.91,-216.13,-26.20
2025-08-18T07:37:00.000,217.71,186.88,-216.14,-26.07
2025-08-18T07:38:00.000,217.81,186.89,-216.24,-26.12
2025-08-18T07:39:00.000,217.84,186.85,-216.28,-25.98
2025-08-18T07:40:00.000,217.81,186.80,-216.28,-25.79
2025-08-18T07:41:00.000,217.88,186.84,-216.33,-25.93
2025-08-18T07:42:00.000,217.85,186.80,-216.32,-25.79
2025-08-18T07:43:00.000,217.93,186.78,-216.40,-25.74
2025-08-18T07:44:00.000,217.90,186.80,-216.37,-25.79
2025-08-18T07:45:00.000,217.88,186.76,-216.37,-25.63
2025-08-18T07:46:00.000,217.93,186.77,-216.40,-25.71
2025-08-18T07:47:00.000,217.97,186.77,-216.45,-25.69
2025-08-18T07:48:00.000,217.98,186.79,-216.45,-25.77
2025-08-18T07:49:00.000,217.96,186.77,-216.44,-25.69
2025-08-18T07:50:00.000,218.02,186.76,-216.50,-25.68
2025-08-18T07:51:00.000,218.03,186.76,-216.52,-25.66
2025-08-18T07:52:00.000,217.99,186.79,-216.46,-25.78
2025-08-18T07:53:00.000,218.02,186.73,-216.52,-25.55
2025-08-18T07:54:00.000,217.99,186.77,-216.47,-25.70
2025-08-18T07:55:00.000,218.05,186.74,-216.54,-25.60
2025-08-18T07:56:00.000,217.97,186.71,-216.48,-25.49
2025-08-18T07:57:00.000,218.10,186.74,-216.59,-25.60
2025-08-18T07:58:00.000,218.10,186.73,-216.60,-25.57
2025-08-18T07:59:00.000,218.12,186.75,-216.60,-25.63
2025-08-18T08:00:00.000,218.10,186.73,-216.59,-25.57
2025-08-18T08:01:00.000,218.17,186.74,-216.66,-25.61
2025-08-18T08:02:00.000,218.13,186.76,-216.62,-25.67
2025-08-18T08:03:00.000,218.22,186.73,-216.71,-25.58
2025-08-18T08:04:00.000,218.20,186.72,-216.70,-25.54
2025-08-18T08:05:00.000,218.26,186.71,-216.76,-25.50
2025-08-18T08:06:00.000,218.24,186.64,-216.78,-25.23
2025-08-18T08:07:00.000,218.29,186.67,-216.81,-25.35
2025-08-18T08:08:00.000,218.28,186.62,-216.83,-25.17
2025-08-18T08:09:00.000,218.37,186.64,-216.91,-25.24
2025-08-18T08:10:00.000,218.38,186.60,-216.93,-25.12
2025-08-18T08:11:00.000,218.40,186.58,-216.96,-25.04
2025-08-18T08:12:00.000,218.44,186.58,-217.00,-25.02
2025-08-18T08:13:00.000,218.35,186.55,-216.93,-24.89
2025-08-18T08:14:00.000,218.35,186.60,-216.90,-25.10
2025-08-18T08:15:00.000,218.40,186.56,-216.97,-24.96
2025-08-18T08:16:00.000,218.37,186.59,-216.92,-25.08
2025-08-18T08:17:00.000,218.28,186.56,-216.85,-24.95
2025-08-18T08:18:00.000,218.29,186.62,-216.84,-25.16
2025-08-18T08:19:00.000,218.26,186.63,-216.80,-25.18
2025-08-18T08:20:00.000,218.25,186.65,-216.78,-25.27
2025-08-18T08:21:00.000,218.19,186.66,-216.72,-25.32
2025-08-18T08:22:00.000,218.22,186.71,-216.73,-25.49
2025-08-18T08:23:00.000,218.19,186.71,-216.69,-25.49
2025-08-18T08:24:00.000,218.15,186.72,-216.65,-25.54
2025-08-18T08:25:00.000,218.08,186.75,-216.57,-25.62
2025-08-18T08:26:00.000,218.11,186.70,-216.62,-25.43
2025-08-18T08:27:00.000,218.01,186.68,-216.54,-25.35
2025-08-18T08:28:00.000,218.12,186.71,-216.62,-25.48
2025-08-18T08:29:00.000,218.12,186.69,-216.63,-25.43
2025-08-18T08:30:00.000,218.17,186.71,-216.67,-25.51
2025-08-18T08:31:00.000,218.22,186.69,-216.74,-25.41
2025-08-18T08:32:00.000,218.22,186.68,-216.73,-25.40
2025-08-18T08:33:00.000,218.24,186.64,-216.77,-25.23
2025-08-18T08:34:00.000,218.25,186.60,-216.80,-25.10
2025-08-18T08:35:00.000,218.24,186.52,-216.83,-24.77
2025-08-18T08:36:00.000,218.33,186.56,-216.90,-24.96
2025-08-18T08:37:00.000,218.35,186.56,-216.92,-24.93
2025-08-18T08:38:00.000,218.35,186.54,-216.93,-24.86
2025-08-18T08:39:00.000,218.30,186.50,-216.89,-24.71
2025-08-18T08:40:00.000,218.34,186.56,-216.91,-24.93
2025-08-18T08:41:00.000,218.32,186.55,-216.90,-24.89
2025-08-18T08:42:00.000,218.35,186.54,-216.93,-24.85
2025-08-18T08:43:00.000,218.36,186.51,-216.95,-24.77
2025-08-18T08:44:00.000,218.37,186.53,-216.96,-24.82
2025-08-18T08:45:00.000,218.36,186.53,-216.94,-24.85
2025-08-18T08:46:00.000,218.32,186.58,-216.88,-25.03
2025-08-18T08:47:00.000,218.30,186.54,-216.88,-24.88
2025-08-18T08:48:00.000,218.31,186.54,-216.89,-24.87
2025-08-18T08:49:00.000,218.30,186.60,-216.85,-25.07
2025-08-18T08:50:00.000,218.33,186.54,-216.91,-24.88
2025-08-18T08:51:00.000,218.28,186.56,-216.85,-24.93
2025-08-18T08:52:00.000,218.36,186.56,-216.93,-24.93
2025-08-18T08:53:00.000,218.29,186.57,-216.86,-24.96
2025-08-18T08:54:00.000,218.22,186.55,-216.79,-24.89
2025-08-18T08:55:00.000,218.31,186.52,-216.89,-24.80
2025-08-18T08:56:00.000,218.32,186.55,-216.89,-24.91
2025-08-18T08:57:00.000,218.39,186.48,-216.99,-24.66
2025-08-18T08:58:00.000,218.40,186.49,-217.00,-24.68
2025-08-18T08:59:00.000,218.38,186.51,-216.97,-24.76
2025-08-18T09:00:00.000,218.39,186.50,-216.98,-24.73
2025-08-18T09:01:00.000,218.35,186.52,-216.94,-24.81
2025-08-18T09:02:00.000,218.37,186.57,-216.94,-24.98
2025-08-18T09:03:00.000,218.37,186.56,-216.94,-24.94
2025-08-18T09:04:00.000,218.38,186.56,-216.95,-24.97
2025-08-18T09:05:00.000,218.34,186.54,-216.91,-24.87
2025-08-18T09:06:00.000,218.34,186.56,-216.92,-24.93
2025-08-18T09:07:00.000,218.34,186.61,-216.89,-25.12
2025-08-18T09:08:00.000,218.29,186.59,-216.85,-25.05
2025-08-18T09:09:00.000,218.33,186.60,-216.88,-25.09
2025-08-18T09:10:00.000,218.33,186.60,-216.89,-25.08
2025-08-18T09:11:00.000,218.37,186.56,-216.94,-24.94
2025-08-18T09:12:00.000,218.33,186.57,-216.89,-24.99
2025-08-18T09:13:00.000,218.41,186.58,-216.97,-25.04
2025-08-18T09:14:00.000,218.38,186.57,-216.95,-24.98
2025-08-18T09:15:00.000,218.42,186.53,-217.00,-24.86
2025-08-18T09:16:00.000,218.40,186.58,-216.96,-25.03
2025-08-18T09:17:00.000,218.44,186.53,-217.02,-24.86
2025-08-18T09:18:00.000,218.44,186.57,-217.00,-24.99
2025-08-18T09:19:00.000,218.42,186.52,-217.00,-24.81
2025-08-18T09:20:00.000,218.39,186.55,-216.97,-24.92
2025-08-18T09:21:00.000,218.44,186.58,-217.00,-25.01
2025-08-18T09:22:00.000,218.38,186.57,-216.95,-24.97
2025-08-18T09:23:00.000,218.30,186.60,-216.85,-25.09
2025-08-18T09:24:00.000,218.34,186.58,-216.90,-25.00
2025-08-18T09:25:00.000,218.39,186.62,-216.93,-25.19
2025-08-18T09:26:00.000,218.38,186.66,-216.90,-25.34
2025-08-18T09:27:00.000,218.37,186.61,-216.91,-25.15
2025-08-18T09:28:00.000,218.44,186.57,-217.00,-25.00
2025-08-18T09:29:00.000,218.47,186.57,-217.04,-24.99
2025-08-18T09:30:00.000,218.45,186.55,-217.03,-24.92
2025-08-18T09:31:00.000,218.46,186.56,-217.03,-24.94
2025-08-18T09:32:00.000,218.48,186.52,-217.06,-24.81
2025-08-18T09:33:00.000,218.52,186.53,-217.11,-24.85
2025-08-18T09:34:00.000,218.49,186.52,-217.08,-24.81
2025-08-18T09:35:00.000,218.57,186.53,-217.15,-24.85
2025-08-18T09:36:00.000,218.51,186.55,-217.08,-24.94
2025-08-18T09:37:00.000,218.43,186.54,-217.01,-24.88
2025-08-18T09:38:00.000,218.44,186.54,-217.02,-24.90
2025-08-18T09:39:00.000,218.41,186.56,-216.98,-24.94
2025-08-18T09:40:00.000,218.37,186.61,-216.92,-25.15
2025-08-18T09:41:00.000,218.43,186.62,-216.97,-25.20
2025-08-18T09:42:00.000,218.41,186.58,-216.97,-25.03
2025-08-18T09:43:00.000,218.35,186.60,-216.90,-25.11
2025-08-18T09:44:00.000,218.39,186.58,-216.95,-25.01
2025-08-18T09:45:00.000,218.36,186.55,-216.93,-24.92
2025-08-18T09:46:00.000,218.38,186.57,-216.95,-24.99
2025-08-18T09:47:00.000,218.46,186.60,-217.01,-25.10
2025-08-18T09:48:00.000,218.41,186.53,-217.00,-24.84
2025-08-18T09:49:00.000,218.49,186.51,-217.08,-24.77
2025-08-18T09:50:00.000,218.53,186.49,-217.12,-24.71
2025-08-18T09:51:00.000,218.55,186.49,-217.15,-24.70
2025-08-18T09:52:00.000,218.51,186.49,-217.11,-24.70
2025-08-18T09:53:00.000,218.57,186.50,-217.16,-24.74
2025-08-18T09:54:00.000,218.58,186.47,-217.19,-24.63
2025-08-18T09:55:00.000,218.54,186.48,-217.14,-24.66
2025-08-18T09:56:00.000,218.52,186.47,-217.13,-24.64
2025-08-18T09:57:00.000,218.54,186.46,-217.15,-24.57
2025-08-18T09:58:00.000,218.61,186.45,-217.23,-24.56
2025-08-18T09:59:00.000,218.51,186.44,-217.13,-24.50
2025-08-18T10:00:00.000,218.56,186.49,-217.16,-24.69
2025-08-18T10:01:00.000,218.53,186.47,-217.14,-24.61
2025-08-18T10:02:00.000,218.51,186.49,-217.10,-24.71
2025-08-18T10:03:00.000,218.54,186.53,-217.13,-24.84
2025-08-18T10:04:00.000,218.57,186.51,-217.16,-24.79
2025-08-18T10:05:00.000,218.60,186.49,-217.20,-24.72
2025-08-18T10:06:00.000,218.59,186.48,-217.19,-24.68
2025-08-18T10:07:00.000,218.58,186.46,-217.20,-24.61
2025-08-18T10:08:00.000,218.65,186.48,-217.26,-24.67
2025-08-18T10:09:00.000,218.62,186.47,-217.23,-24.63
2025-08-18T10:10:00.000,218.65,186.47,-217.25,-24.64
2025-08-18T10:11:00.000,218.63,186.47,-217.24,-24.63
2025-08-18T10:12:00.000,218.65,186.49,-217.25,-24.70
2025-08-18T10:13:00.000,218.59,186.45,-217.20,-24.57
2025-08-18T10:14:00.000,218.62,186.48,-217.22,-24.69
2025-08-18T10:15:00.000,218.53,186.47,-217.14,-24.62
2025-08-18T10:16:00.000,218.63,186.46,-217.24,-24.60
2025-08-18T10:17:00.000,218.58,186.47,-217.18,-24.64
2025-08-18T10:18:00.000,218.65,186.49,-217.24,-24.72
2025-08-18T10:19:00.000,218.64,186.47,-217.25,-24.65
2025-08-18T10:20:00.000,218.64,186.47,-217.25,-24.64
2025-08-18T10:21:00.000,218.73,186.45,-217.34,-24.55
2025-08-18T10:22:00.000,218.80,186.40,-217.43,-24.41
2025-08-18T10:23:00.000,218.90,186.38,-217.55,-24.31
2025-08-18T10:24:00.000,218.89,186.32,-217.56,-24.10
2025-08-18T10:25:00.000,219.29,186.24,-217.99,-23.85
2025-08-18T10:26:00.000,219.51,186.11,-218.26,-23.38
2025-08-18T10:27:00.000,219.68,186.05,-218.45,-23.16
2025-08-18T10:28:00.000,219.87,185.94,-218.68,-22.77
2025-08-18T10:29:00.000,219.84,185.96,-218.65,-22.84
2025-08-18T10:30:00.000,219.81,185.97,-218.62,-22.84
2025-08-18T10:31:00.000,219.72,185.96,-218.53,-22.82
2025-08-18T10:32:00.000,219.67,186.06,-218.44,-23.21
2025-08-18T10:33:00.000,219.60,186.09,-218.36,-23.31
2025-08-18T10:34:00.000,219.49,186.15,-218.22,-23.52
2025-08-18T10:35:00.000,219.35,186.17,-218.08,-23.59
2025-08-18T10:36:00.000,219.30,186.20,-218.02,-23.69
2025-08-18T10:37:00.000,219.28,186.21,-217.99,-23.72
2025-08-18T10:38:00.000,219.19,186.27,-217.88,-23.92
2025-08-18T10:39:00.000,219.20,186.28,-217.88,-23.96
2025-08-18T10:40:00.000,219.13,186.24,-217.83,-23.83
2025-08-18T10:41:00.000,219.15,186.30,-217.82,-24.05
2025-08-18T10:42:00.000,219.13,186.30,-217.81,-24.07
2025-08-18T10:43:00.000,219.13,186.30,-217.80,-24.05
2025-08-18T10:44:00.000,219.08,186.32,-217.75,-24.12
2025-08-18T10:45:00.000,219.09,186.33,-217.76,-24.14
2025-08-18T10:46:00.000,219.06,186.32,-217.73,-24.11
2025-08-18T10:47:00.000,219.08,186.34,-217.74,-24.19
2025-08-18T10:48:00.000,219.02,186.33,-217.69,-24.15
2025-08-18T10:49:00.000,218.98,186.37,-217.63,-24.30
2025-08-18T10:50:00.000,219.04,186.32,-217.71,-24.11
2025-08-18T10:51:00.000,218.99,186.33,-217.66,-24.13
2025-08-18T10:52:00.000,219.08,186.31,-217.75,-24.08
2025-08-18T10:53:00.000,219.15,186.26,-217.84,-23.89
2025-08-18T10:54:00.000,219.23,186.29,-217.91,-24.02
2025-08-18T10:55:00.000,219.20,186.27,-217.89,-23.94
2025-08-18T10:56:00.000,219.28,186.24,-217.99,-23.82
2025-08-18T10:57:00.000,219.42,186.14,-218.17,-23.47
2025-08-18T10:58:00.000,219.69,186.06,-218.46,-23.20
2025-08-18T10:59:00.000,219.83,186.04,-218.61,-23.13
2025-08-18T11:00:00.000,219.87,185.98,-218.68,-22.91
2025-08-18T11:01:00.000,219.88,185.99,-218.68,-22.96
2025-08-18T11:02:00.000,219.77,186.02,-218.56,-23.03
2025-08-18T11:03:00.000,219.80,186.05,-218.57,-23.18
2025-08-18T11:04:00.000,219.71,186.05,-218.49,-23.15
2025-08-18T11:05:00.000,219.66,186.10,-218.42,-23.36
2025-08-18T11:06:00.000,219.64,186.12,-218.39,-23.43
2025-08-18T11:07:00.000,219.74,186.13,-218.49,-23.48
2025-08-18T11:08:00.000,219.77,186.03,-218.55,-23.08
2025-08-18T11:09:00.000,219.98,185.97,-218.79,-22.89
2025-08-18T11:10:00.000,219.97,185.95,-218.78,-22.80
2025-08-18T11:11:00.000,219.90,185.97,-218.71,-22.88
2025-08-18T11:12:00.000,219.89,185.99,-218.69,-22.96
2025-08-18T11:13:00.000,219.86,186.01,-218.65,-23.02
2025-08-18T11:14:00.000,219.85,186.02,-218.64,-23.06
2025-08-18T11:15:00.000,219.75,185.99,-218.55,-22.95
2025-08-18T11:16:00.000,219.94,185.99,-218.73,-22.96
2025-08-18T11:17:00.000,219.94,186.00,-218.73,-22.98
2025-08-18T11:18:00.000,219.96,185.99,-218.76,-22.96
2025-08-18T11:19:00.000,219.94,185.96,-218.75,-22.83
2025-08-18T11:20:00.000,219.91,185.99,-218.71,-22.96
2025-08-18T11:21:00.000,219.90,186.03,-218.69,-23.08
2025-08-18T11:22:00.000,219.84,186.01,-218.63,-23.03
2025-08-18T11:23:00.000,219.84,186.05,-218.62,-23.16
2025-08-18T11:24:00.000,219.82,186.06,-218.60,-23.19
2025-08-18T11:25:00.000,219.82,186.04,-218.59,-23.14
2025-08-18T11:26:00.000,219.81,186.09,-218.57,-23.32
2025-08-18T11:27:00.000,219.77,186.04,-218.55,-23.12
2025-08-18T11:28:00.000,219.89,186.03,-218.67,-23.10
2025-08-18T11:29:00.000,220.05,186.05,-218.83,-23.18
2025-08-18T11:30:00.000,220.26,185.95,-219.08,-22.82
2025-08-18T11:31:00.000,220.25,185.92,-219.08,-22.72
2025-08-18T11:32:00.000,220.31,185.82,-219.18,-22.33
2025-08-18T11:33:00.000,220.55,185.75,-219.44,-22.12
2025-08-18T11:34:00.000,220.76,185.67,-219.68,-21.83
2025-08-18T11:35:00.000,220.98,185.55,-219.94,-21.37
2025-08-18T11:36:00.000,221.03,185.57,-219.98,-21.44
2025-08-18T11:37:00.000,219.34,184.01,-218.80,-15.35
2025-08-18T11:38:00.000,200.48,147.67,-169.40,107.21
2025-08-18T11:39:00.000,166.84,135.20,-118.38,117.56
2025-08-18T11:40:00.000,134.27,68.20,49.85,124.67
2025-08-18T11:41:00.000,109.71,67.75,41.54,101.55
2025-08-18T11:42:00.000,126.36,95.72,-12.59,125.74
2025-08-18T11:43:00.000,112.49,82.82,14.05,111.61
2025-08-18T11:44:00.000,99.04,96.27,-10.82,98.45
2025-08-18T11:45:00.000,86.28,99.82,-14.71,85.02
2025-08-18T11:46:00.000,77.94,96.79,-9.22,77.40
2025-08-18T11:47:00.000,68.85,96.56,-7.87,68.40
2025-08-18T11:48:00.000,60.70,90.17,-0.18,60.70
2025-08-18T11:49:00.000,55.37,89.22,0.75,55.36
2025-08-18T11:50:00.000,50.60,83.25,5.95,50.25
2025-08-18T11:51:00.000,46.06,81.03,7.18,45.49
2025-08-18T11:52:00.000,42.85,80.20,7.30,42.22
2025-08-18T11:53:00.000,39.83,83.57,4.46,39.58
2025-08-18T11:54:00.000,36.84,81.01,5.76,36.39
2025-08-18T11:55:00.000,34.83,79.52,6.34,34.25
2025-08-18T11:56:00.000,33.03,76.62,7.64,32.13
2025-08-18T11:57:00.000,31.84,76.95,7.19,31.02
2025-08-18T11:58:00.000,30.67,75.88,7.48,29.74
2025-08-18T11:59:00.000,29.30,67.43,11.25,27.05
2025-08-18T12:00:00.000,28.43,66.85,11.17,26.14
2025-08-18T12:01:00.000,27.21,65.57,11.25,24.77
2025-08-18T12:02:00.000,26.22,67.03,10.23,24.14
2025-08-18T12:03:00.000,24.98,56.03,13.96,20.72
2025-08-18T12:04:00.000,23.69,54.21,13.85,19.22
2025-08-18T12:05:00.000,22.29,61.87,10.51,19.66
2025-08-18T12:06:00.000,20.52,53.17,12.30,16.42
2025-08-18T12:07:00.000,18.38,60.06,9.18,15.93
2025-08-18T12:08:00.000,16.34,60.44,8.06,14.21
2025-08-18T12:09:00.000,13.77,60.44,6.80,11.98
2025-08-18T12:10:00.000,10.49,74.06,2.88,10.09
2025-08-18T12:11:00.000,7.54,77.61,1.62,7.37
2025-08-18T12:12:00.000,4.43,81.19,0.68,4.38
2025-08-18T12:13:00.000,3.69,80.69,0.60,3.64
2025-08-18T12:14:00.000,3.06,78.93,0.59,3.01
2025-08-18T12:15:00.000,2.80,81.93,0.39,2.77
2025-08-18T12:16:00.000,3.08,78.82,0.60,3.02
2025-08-18T12:17:00.000,3.03,78.59,0.60,2.97
2025-08-18T12:18:00.000,2.93,77.20,0.65,2.86
2025-08-18T12:19:00.000,3.42,80.47,0.57,3.37
2025-08-18T12:20:00.000,2.95,86.65,0.17,2.94
2025-08-18T12:21:00.000,2.43,99.81,-0.41,2.39
2025-08-18T12:22:00.000,1.64,119.34,-0.80,1.43
2025-08-18T12:23:00.000,2.22,104.24,-0.55,2.15
2025-08-18T12:24:00.000,2.23,112.72,-0.86,2.06
2025-08-18T12:25:00.000,1.63,122.03,-0.87,1.38
2025-08-18T12:26:00.000,2.09,99.50,-0.35,2.06
2025-08-18T12:27:00.000,1.99,103.25,-0.46,1.94
2025-08-18T12:28:00.000,1.65,117.53,-0.76,1.46
2025-08-18T12:29:00.000,1.64,121.60,-0.86,1.40
2025-08-18T12:30:00.000,1.97,116.90,-0.89,1.75
2025-08-18T12:31:00.000,1.53,132.70,-1.04,1.13
2025-08-18T12:32:00.000,1.40,139.30,-1.06,0.92
2025-08-18T12:33:00.000,1.40,135.44,-1.00,0.98
2025-08-18T12:34:00.000,1.51,130.62,-0.98,1.14
2025-08-18T12:35:00.000,1.69,123.25,-0.93,1.41
2025-08-18T12:36:00.000,1.50,126.44,-0.89,1.20
2025-08-18T12:37:00.000,1.40,114.86,-0.59,1.27
2025-08-18T12:38:00.000,1.49,126.72,-0.89,1.20
2025-08-18T12:39:00.000,1.56,120.00,-0.78,1.35
2025-08-18T12:40:00.000,1.50,124.12,-0.84,1.24
2025-08-18T12:41:00.000,2.76,117.05,-1.26,2.46
2025-08-18T12:42:00.000,1.83,118.33,-0.87,1.61
2025-08-18T12:43:00.000,1.53,132.88,-1.04,1.12
2025-08-18T12:44:00.000,1.47,134.58,-1.03,1.05
2025-08-18T12:45:00.000,1.57,124.86,-0.90,1.29
2025-08-18T12:46:00.000,2.06,114.12,-0.84,1.88
2025-08-18T12:47:00.000,2.43,100.57,-0.45,2.39
2025-08-18T12:48:00.000,2.31,94.56,-0.18,2.31
2025-08-18T12:49:00.000,2.83,82.66,0.36,2.81
2025-08-18T12:50:00.000,4.65,71.34,1.49,4.40
2025-08-18T12:51:00.000,5.55,67.17,2.15,5.12
2025-08-18T12:52:00.000,3.49,76.77,0.80,3.39
2025-08-18T12:53:00.000,2.77,84.74,0.25,2.76
2025-08-18T12:54:00.000,2.94,84.68,0.27,2.92
2025-08-18T12:55:00.000,2.39,89.18,0.03,2.39
2025-08-18T12:56:00.000,1.80,104.15,-0.44,1.75
2025-08-18T12:57:00.000,1.87,100.42,-0.34,1.84
2025-08-18T12:58:00.000,2.56,82.65,0.33,2.54
2025-08-18T12:59:00.000,5.10,62.93,2.32,4.54
2025-08-18T13:00:00.000,6.80,62.93,3.09,6.05
2025-08-18T13:01:00.000,4.59,69.15,1.64,4.29
2025-08-18T13:02:00.000,5.84,66.05,2.37,5.33
2025-08-18T13:03:00.000,8.10,59.96,4.05,7.01
2025-08-18T13:04:00.000,8.72,61.45,4.17,7.66
2025-08-18T13:05:00.000,3.53,67.77,1.33,3.26
2025-08-18T13:06:00.000,2.12,98.14,-0.30,2.10
2025-08-18T13:07:00.000,2.27,132.19,-1.53,1.68
2025-08-18T13:08:00.000,1.87,127.78,-1.14,1.47
2025-08-18T13:09:00.000,1.72,132.54,-1.17,1.27
2025-08-18T13:10:00.000,1.63,134.84,-1.15,1.15
2025-08-18T13:11:00.000,2.65,128.46,-1.65,2.08
2025-08-18T13:12:00.000,2.35,126.17,-1.39,1.89
2025-08-18T13:13:00.000,1.59,136.64,-1.16,1.09
2025-08-18T13:14:00.000,1.57,144.17,-1.27,0.92
2025-08-18T13:15:00.000,1.42,145.84,-1.18,0.80
2025-08-18T13:16:00.000,1.45,148.55,-1.23,0.75
2025-08-18T13:17:00.000,1.50,152.72,-1.33,0.69
2025-08-18T13:18:00.000,1.56,159.06,-1.45,0.56
2025-08-18T13:19:00.000,1.62,164.87,-1.57,0.42
2025-08-18T13:20:00.000,1.63,161.97,-1.55,0.50
2025-08-18T13:21:00.000,1.60,157.02,-1.47,0.62
2025-08-18T13:22:00.000,1.61,164.57,-1.55,0.43
2025-08-18T13:23:00.000,1.49,157.12,-1.38,0.58
2025-08-18T13:24:00.000,1.48,153.86,-1.33,0.65
2025-08-18T13:25:00.000,1.53,156.34,-1.40,0.61
2025-08-18T13:26:00.000,1.50,160.67,-1.42,0.50
2025-08-18T13:27:00.000,1.52,154.31,-1.37,0.66
2025-08-18T13:28:00.000,1.55,158.88,-1.45,0.56
2025-08-18T13:29:00.000,1.53,158.13,-1.42,0.57
2025-08-18T13:30:00.000,1.56,156.05,-1.42,0.63
2025-08-18T13:31:00.000,1.60,152.02,-1.41,0.75
2025-08-18T13:32:00.000,1.51,151.54,-1.33,0.72
2025-08-18T13:33:00.000,1.51,149.82,-1.30,0.76
2025-08-18T13:34:00.000,1.51,149.57,-1.30,0.77
2025-08-18T13:35:00.000,1.52,149.16,-1.31,0.78
2025-08-18T13:36:00.000,1.56,150.53,-1.36,0.77
2025-08-18T13:37:00.000,1.63,150.40,-1.42,0.81
2025-08-18T13:38:00.000,1.68,150.68,-1.47,0.82
2025-08-18T13:39:00.000,1.53,150.06,-1.33,0.76
2025-08-18T13:40:00.000,1.54,149.82,-1.33,0.77
2025-08-18T13:41:00.000,1.46,149.51,-1.26,0.74
2025-08-18T13:42:00.000,1.57,148.81,-1.34,0.81
2025-08-18T13:43:00.000,1.81,153.29,-1.62,0.81
2025-08-18T13:44:00.000,1.74,154.98,-1.58,0.74
2025-08-18T13:45:00.000,1.49,146.06,-1.23,0.83
2025-08-18T13:46:00.000,1.38,145.24,-1.13,0.79
2025-08-18T13:47:00.000,1.44,146.00,-1.19,0.80
2025-08-18T13:48:00.000,1.38,146.26,-1.15,0.77
2025-08-18T13:49:00.000,1.47,146.89,-1.23,0.80
2025-08-18T13:50:00.000,1.45,144.66,-1.18,0.84
2025-08-18T13:51:00.000,1.42,146.38,-1.18,0.79
2025-08-18T13:52:00.000,1.43,144.54,-1.17,0.83
2025-08-18T13:53:00.000,1.43,141.79,-1.12,0.88
2025-08-18T13:54:00.000,1.48,136.90,-1.08,1.01
2025-08-18T13:55:00.000,1.49,134.12,-1.04,1.07
2025-08-18T13:56:00.000,1.44,132.83,-0.98,1.06
2025-08-18T13:57:00.000,1.41,137.59,-1.04,0.95
2025-08-18T13:58:00.000,1.53,134.54,-1.07,1.09
2025-08-18T13:59:00.000,1.47,129.15,-0.93,1.14
2025-08-18T14:00:00.000,1.47,129.35,-0.93,1.14
2025-08-18T14:01:00.000,1.54,130.04,-0.99,1.18
2025-08-18T14:02:00.000,1.52,133.64,-1.05,1.10
2025-08-18T14:03:00.000,1.49,131.85,-0.99,1.11
2025-08-18T14:04:00.000,1.51,130.55,-0.98,1.15
2025-08-18T14:05:00.000,1.64,122.35,-0.88,1.39
2025-08-18T14:06:00.000,1.61,125.06,-0.92,1.32
2025-08-18T14:07:00.000,1.69,120.56,-0.86,1.46
2025-08-18T14:08:00.000,1.54,126.68,-0.92,1.24
2025-08-18T14:09:00.000,1.53,138.75,-1.15,1.01
2025-08-18T14:10:00.000,1.47,143.81,-1.18,0.87
2025-08-18T14:11:00.000,1.49,146.11,-1.24,0.83
2025-08-18T14:12:00.000,1.46,146.29,-1.22,0.81
2025-08-18T14:13:00.000,1.48,145.56,-1.22,0.84
2025-08-18T14:14:00.000,1.47,147.38,-1.24,0.79
2025-08-18T14:15:00.000,1.61,147.77,-1.36,0.86
2025-08-18T14:16:00.000,1.52,150.63,-1.32,0.75
2025-08-18T14:17:00.000,1.49,145.98,-1.23,0.83
2025-08-18T14:18:00.000,1.49,145.02,-1.22,0.85
2025-08-18T14:19:00.000,1.42,147.83,-1.20,0.76
2025-08-18T14:20:00.000,1.44,147.75,-1.22,0.77
2025-08-18T14:21:00.000,1.50,147.54,-1.27,0.81
2025-08-18T14:22:00.000,1.50,152.31,-1.33,0.70
2025-08-18T14:23:00.000,1.49,155.05,-1.35,0.63
2025-08-18T14:24:00.000,1.51,165.14,-1.46,0.39
2025-08-18T14:25:00.000,1.45,153.59,-1.30,0.65
2025-08-18T14:26:00.000,1.48,148.22,-1.26,0.78
2025-08-18T14:27:00.000,1.44,147.41,-1.22,0.78
2025-08-18T14:28:00.000,1.47,146.91,-1.23,0.80
2025-08-18T14:29:00.000,1.51,146.15,-1.26,0.84
2025-08-18T14:30:00.000,1.58,149.19,-1.36,0.81
2025-08-18T14:31:00.000,1.63,148.18,-1.38,0.86
2025-08-18T14:32:00.000,1.63,164.75,-1.57,0.43
2025-08-18T14:33:00.000,1.67,159.09,-1.56,0.60
2025-08-18T14:34:00.000,1.60,161.96,-1.52,0.49
2025-08-18T14:35:00.000,1.59,157.95,-1.47,0.60
2025-08-18T14:36:00.000,1.56,156.23,-1.43,0.63
2025-08-18T14:37:00.000,1.54,152.94,-1.37,0.70
2025-08-18T14:38:00.000,1.53,150.60,-1.33,0.75
2025-08-18T14:39:00.000,1.49,150.24,-1.30,0.74
2025-08-18T14:40:00.000,1.50,149.46,-1.29,0.76
2025-08-18T14:41:00.000,1.49,150.28,-1.29,0.74
2025-08-18T14:42:00.000,1.50,152.22,-1.33,0.70
2025-08-18T14:43:00.000,1.50,154.57,-1.35,0.64
2025-08-18T14:44:00.000,1.53,157.62,-1.42,0.58
2025-08-18T14:45:00.000,1.53,158.77,-1.42,0.55
2025-08-18T14:46:00.000,1.53,158.18,-1.42,0.57
2025-08-18T14:47:00.000,1.54,153.37,-1.38,0.69
2025-08-18T14:48:00.000,1.54,152.14,-1.36,0.72
2025-08-18T14:49:00.000,1.68,139.98,-1.29,1.08
2025-08-18T14:50:00.000,1.59,143.02,-1.27,0.96
2025-08-18T14:51:00.000,1.47,147.69,-1.24,0.79
2025-08-18T14:52:00.000,1.49,149.53,-1.28,0.75
2025-08-18T14:53:00.000,1.39,152.62,-1.23,0.64
2025-08-18T14:54:00.000,1.55,153.21,-1.38,0.70
2025-08-18T14:55:00.000,1.54,161.43,-1.46,0.49
2025-08-18T14:56:00.000,1.62,165.27,-1.57,0.41
2025-08-18T14:57:00.000,1.57,162.00,-1.49,0.48
2025-08-18T14:58:00.000,1.46,155.29,-1.33,0.61
2025-08-18T14:59:00.000,1.47,150.82,-1.28,0.71
2025-08-18T15:00:00.000,1.49,149.83,-1.29,0.75
2025-08-18T15:01:00.000,1.47,147.35,-1.24,0.79
2025-08-18T15:02:00.000,1.44,149.01,-1.24,0.74
2025-08-18T15:03:00.000,1.45,148.08,-1.23,0.76
2025-08-18T15:04:00.000,1.46,151.10,-1.27,0.70
2025-08-18T15:05:00.000,1.49,152.49,-1.32,0.69
2025-08-18T15:06:00.000,1.51,152.85,-1.34,0.69
2025-08-18T15:07:00.000,1.51,150.78,-1.32,0.74
2025-08-18T15:08:00.000,1.46,151.36,-1.28,0.70
2025-08-18T15:09:00.000,1.44,148.09,-1.22,0.76
2025-08-18T15:10:00.000,1.47,146.69,-1.23,0.81
2025-08-18T15:11:00.000,1.45,145.17,-1.19,0.83
2025-08-18T15:12:00.000,1.47,142.80,-1.17,0.89
2025-08-18T15:13:00.000,1.47,144.79,-1.20,0.85
2025-08-18T15:14:00.000,1.45,146.01,-1.20,0.81
2025-08-18T15:15:00.000,1.49,146.80,-1.24,0.81
2025-08-18T15:16:00.000,1.47,147.36,-1.24,0.79
2025-08-18T15:17:00.000,1.45,148.38,-1.23,0.76
2025-08-18T15:18:00.000,1.47,147.59,-1.24,0.79
2025-08-18T15:19:00.000,1.43,146.95,-1.20,0.78
2025-08-18T15:20:00.000,1.40,147.61,-1.19,0.75
2025-08-18T15:21:00.000,1.36,151.09,-1.19,0.66
2025-08-18T15:22:00.000,1.60,149.32,-1.38,0.82
2025-08-18T15:23:00.000,1.25,154.20,-1.13,0.54
2025-08-18T15:24:00.000,1.24,148.76,-1.06,0.64
2025-08-18T15:25:00.000,1.17,155.31,-1.06,0.49
2025-08-18T15:26:00.000,1.29,146.98,-1.08,0.70
2025-08-18T15:27:00.000,1.40,148.31,-1.19,0.74
2025-08-18T15:28:00.000,1.41,145.91,-1.16,0.79
2025-08-18T15:29:00.000,1.41,144.67,-1.15,0.82
2025-08-18T15:30:00.000,1.42,143.92,-1.15,0.84
2025-08-18T15:31:00.000,1.30,145.17,-1.07,0.74
2025-08-18T15:32:00.000,1.49,139.38,-1.13,0.97
2025-08-18T15:33:00.000,1.46,145.56,-1.20,0.82
2025-08-18T15:34:00.000,1.45,147.95,-1.23,0.77
2025-08-18T15:35:00.000,1.46,146.93,-1.23,0.80
2025-08-18T15:36:00.000,1.50,148.62,-1.28,0.78
2025-08-18T15:37:00.000,1.46,148.70,-1.25,0.76
2025-08-18T15:38:00.000,1.47,146.54,-1.23,0.81
2025-08-18T15:39:00.000,1.46,148.55,-1.25,0.76
2025-08-18T15:40:00.000,1.50,146.79,-1.25,0.82
2025-08-18T15:41:00.000,1.57,144.66,-1.28,0.91
2025-08-18T15:42:00.000,1.55,145.11,-1.27,0.89
2025-08-18T15:43:00.000,1.50,145.31,-1.23,0.85
2025-08-18T15:44:00.000,1.50,145.93,-1.24,0.84
2025-08-18T15:45:00.000,1.49,144.11,-1.21,0.87
2025-08-18T15:46:00.000,1.49,143.49,-1.20,0.89
2025-08-18T15:47:00.000,1.50,143.17,-1.20,0.90
2025-08-18T15:48:00.000,1.48,140.36,-1.14,0.94
2025-08-18T15:49:00.000,1.48,133.38,-1.01,1.07
2025-08-18T15:50:00.000,1.50,126.45,-0.89,1.21
2025-08-18T15:51:00.000,1.62,107.05,-0.47,1.55
2025-08-18T15:52:00.000,2.28,72.64,0.68,2.18
2025-08-18T15:53:00.000,2.01,86.08,0.14,2.01
2025-08-18T15:54:00.000,1.69,87.91,0.06,1.69
2025-08-18T15:55:00.000,1.59,101.77,-0.33,1.56
2025-08-18T15:56:00.000,1.52,114.61,-0.63,1.38
2025-08-18T15:57:00.000,1.47,119.42,-0.72,1.28
2025-08-18T15:58:00.000,1.47,120.78,-0.75,1.26
2025-08-18T15:59:00.000,1.49,116.72,-0.67,1.33
2025-08-18T16:00:00.000,1.65,109.85,-0.56,1.56
2025-08-18T16:01:00.000,1.85,105.04,-0.48,1.79
2025-08-18T16:02:00.000,1.98,101.99,-0.41,1.94
2025-08-18T16:03:00.000,1.98,101.43,-0.39,1.94
2025-08-18T16:04:00.000,1.89,108.58,-0.60,1.79
2025-08-18T16:05:00.000,1.70,115.34,-0.73,1.54
2025-08-18T16:06:00.000,1.60,123.80,-0.89,1.33
2025-08-18T16:07:00.000,1.51,131.35,-1.00,1.14
2025-08-18T16:08:00.000,1.55,129.12,-0.98,1.21
2025-08-18T16:09:00.000,1.52,128.11,-0.94,1.19
2025-08-18T16:10:00.000,1.51,126.70,-0.90,1.21
2025-08-18T16:11:00.000,1.47,126.83,-0.88,1.17
2025-08-18T16:12:00.000,1.50,119.41,-0.74,1.31
2025-08-18T16:13:00.000,1.58,116.79,-0.71,1.41
2025-08-18T16:14:00.000,1.58,114.40,-0.65,1.43
2025-08-18T16:15:00.000,1.53,115.79,-0.66,1.37
2025-08-18T16:16:00.000,1.51,121.75,-0.80,1.29
2025-08-18T16:17:00.000,1.47,123.76,-0.82,1.23
2025-08-18T16:18:00.000,1.46,123.50,-0.81,1.22
2025-08-18T16:19:00.000,1.30,111.12,-0.47,1.22
2025-08-18T16:20:00.000,1.21,102.16,-0.26,1.18
2025-08-18T16:21:00.000,1.40,58.43,0.73,1.20
2025-08-18T16:22:00.000,1.06,79.18,0.20,1.04
2025-08-18T16:23:00.000,0.97,101.84,-0.20,0.95
2025-08-18T16:24:00.000,1.19,103.18,-0.27,1.16
2025-08-18T16:25:00.000,1.15,108.80,-0.37,1.09
2025-08-18T16:26:00.000,1.17,111.30,-0.43,1.09
2025-08-18T16:27:00.000,1.32,129.56,-0.84,1.02
2025-08-18T16:28:00.000,1.41,133.88,-0.98,1.02
2025-08-18T16:29:00.000,1.37,137.38,-1.01,0.93
2025-08-18T16:30:00.000,1.31,133.64,-0.91,0.95
2025-08-18T16:31:00.000,1.38,130.38,-0.89,1.05
2025-08-18T16:32:00.000,1.34,129.47,-0.85,1.04
2025-08-18T16:33:00.000,1.32,122.31,-0.70,1.11
2025-08-18T16:34:00.000,1.40,120.00,-0.70,1.21
2025-08-18T16:35:00.000,1.59,108.73,-0.51,1.50
2025-08-18T16:36:00.000,1.69,107.14,-0.50,1.62
2025-08-18T16:37:00.000,1.76,112.07,-0.66,1.63
2025-08-18T16:38:00.000,1.72,114.98,-0.73,1.56
2025-08-18T16:39:00.000,1.60,119.24,-0.78,1.39
2025-08-18T16:40:00.000,1.69,112.63,-0.65,1.56
2025-08-18T16:41:00.000,1.87,106.56,-0.53,1.79
2025-08-18T16:42:00.000,1.89,105.57,-0.51,1.82
2025-08-18T16:43:00.000,2.02,96.84,-0.24,2.00
2025-08-18T16:44:00.000,1.93,99.21,-0.31,1.91
2025-08-18T16:45:00.000,1.70,106.97,-0.50,1.63
2025-08-18T16:46:00.000,1.67,115.44,-0.72,1.51
2025-08-18T16:47:00.000,1.50,117.75,-0.70,1.33
2025-08-18T16:48:00.000,1.39,120.46,-0.70,1.20
2025-08-18T16:49:00.000,1.42,125.82,-0.83,1.15
2025-08-18T16:50:00.000,1.43,124.45,-0.81,1.18
2025-08-18T16:51:00.000,1.41,128.81,-0.88,1.10
2025-08-18T16:52:00.000,1.40,126.73,-0.83,1.12
2025-08-18T16:53:00.000,1.38,122.41,-0.74,1.17
2025-08-18T16:54:00.000,1.37,127.32,-0.83,1.09
2025-08-18T16:55:00.000,1.35,131.52,-0.89,1.01
2025-08-18T16:56:00.000,1.37,134.58,-0.96,0.98
2025-08-18T16:57:00.000,1.39,132.58,-0.94,1.02
2025-08-18T16:58:00.000,1.40,134.18,-0.98,1.00
2025-08-18T16:59:00.000,1.41,135.31,-1.00,0.99
2025-08-18T17:00:00.000,1.41,135.32,-1.00,0.99
2025-08-18T17:01:00.000,1.41,133.31,-0.97,1.03
2025-08-18T17:02:00.000,1.42,132.80,-0.97,1.04
2025-08-18T17:03:00.000,1.47,128.34,-0.91,1.16
2025-08-18T17:04:00.000,1.51,125.94,-0.89,1.23
2025-08-18T17:05:00.000,1.53,126.13,-0.90,1.23
2025-08-18T17:06:00.000,1.45,127.10,-0.87,1.15
2025-08-18T17:07:00.000,1.50,127.28,-0.91,1.19
2025-08-18T17:08:00.000,1.44,127.13,-0.87,1.15
2025-08-18T17:09:00.000,1.51,126.22,-0.89,1.22
2025-08-18T17:10:00.000,1.50,123.22,-0.82,1.25
2025-08-18T17:11:00.000,1.49,122.52,-0.80,1.25
2025-08-18T17:12:00.000,1.55,116.17,-0.68,1.39
2025-08-18T17:13:00.000,1.58,115.83,-0.69,1.42
2025-08-18T17:14:00.000,1.52,118.26,-0.72,1.34
2025-08-18T17:15:00.000,1.53,120.12,-0.77,1.33
2025-08-18T17:16:00.000,1.48,125.38,-0.86,1.21
2025-08-18T17:17:00.000,1.44,129.60,-0.92,1.11
2025-08-18T17:18:00.000,1.50,129.12,-0.94,1.16
2025-08-18T17:19:00.000,1.55,127.53,-0.94,1.23
2025-08-18T17:20:00.000,1.49,126.44,-0.88,1.19
2025-08-18T17:21:00.000,1.46,129.22,-0.93,1.13
2025-08-18T17:22:00.000,1.44,129.18,-0.91,1.12
2025-08-18T17:23:00.000,1.41,127.70,-0.86,1.12
2025-08-18T17:24:00.000,1.36,119.41,-0.67,1.18
2025-08-18T17:25:00.000,1.35,118.54,-0.64,1.18
2025-08-18T17:26:00.000,1.40,118.22,-0.66,1.23
2025-08-18T17:27:00.000,1.33,118.07,-0.63,1.17
2025-08-18T17:28:00.000,1.37,125.36,-0.79,1.12
2025-08-18T17:29:00.000,2.64,133.65,-1.82,1.91
2025-08-18T17:30:00.000,3.09,100.09,-0.54,3.05
2025-08-18T17:31:00.000,2.66,100.42,-0.48,2.61
2025-08-18T17:32:00.000,2.05,115.33,-0.88,1.85
2025-08-18T17:33:00.000,2.44,101.07,-0.47,2.40
2025-08-18T17:34:00.000,2.04,99.93,-0.35,2.01
2025-08-18T17:35:00.000,2.04,98.72,-0.31,2.02
2025-08-18T17:36:00.000,1.83,90.19,-0.01,1.83
2025-08-18T17:37:00.000,1.65,103.23,-0.38,1.61
2025-08-18T17:38:00.000,1.44,107.19,-0.43,1.38
2025-08-18T17:39:00.000,1.70,98.79,-0.26,1.68
2025-08-18T17:40:00.000,1.52,119.11,-0.74,1.33
2025-08-18T17:41:00.000,1.26,123.69,-0.70,1.05
2025-08-18T17:42:00.000,2.15,96.66,-0.25,2.13
2025-08-18T17:43:00.000,1.52,107.98,-0.47,1.44
2025-08-18T17:44:00.000,1.36,113.53,-0.54,1.25
2025-08-18T17:45:00.000,1.39,111.67,-0.51,1.29
2025-08-18T17:46:00.000,1.51,137.42,-1.11,1.02
2025-08-18T17:47:00.000,1.49,156.49,-1.37,0.59
2025-08-18T17:48:00.000,1.32,154.77,-1.20,0.56
2025-08-18T17:49:00.000,1.33,160.78,-1.26,0.44
2025-08-18T17:50:00.000,1.57,156.52,-1.44,0.62
2025-08-18T17:51:00.000,1.61,155.31,-1.46,0.67
2025-08-18T17:52:00.000,1.52,151.84,-1.34,0.72
2025-08-18T17:53:00.000,1.54,150.95,-1.35,0.75
2025-08-18T17:54:00.000,1.52,148.22,-1.29,0.80
2025-08-18T17:55:00.000,1.41,145.85,-1.17,0.79
2025-08-18T17:56:00.000,1.41,147.12,-1.19,0.77
2025-08-18T17:57:00.000,1.38,141.11,-1.07,0.87
2025-08-18T17:58:00.000,1.49,147.61,-1.26,0.80
2025-08-18T17:59:00.000,1.61,150.06,-1.39,0.80
2025-08-18T18:00:00.000,1.97,131.44,-1.30,1.47
2025-08-18T18:01:00.000,2.04,122.12,-1.08,1.73
2025-08-18T18:02:00.000,2.02,118.91,-0.98,1.77
2025-08-18T18:03:00.000,1.92,128.51,-1.20,1.50
2025-08-18T18:04:00.000,1.79,136.42,-1.30,1.23
2025-08-18T18:05:00.000,1.77,128.45,-1.10,1.39
2025-08-18T18:06:00.000,1.95,110.11,-0.67,1.84
2025-08-18T18:07:00.000,1.79,115.57,-0.77,1.61
2025-08-18T18:08:00.000,1.76,129.61,-1.12,1.35
2025-08-18T18:09:00.000,1.68,139.08,-1.27,1.10
2025-08-18T18:10:00.000,1.59,145.67,-1.32,0.90
2025-08-18T18:11:00.000,2.09,138.32,-1.56,1.39
2025-08-18T18:12:00.000,2.39,132.47,-1.61,1.76
2025-08-18T18:13:00.000,2.46,132.65,-1.67,1.81
2025-08-18T18:14:00.000,1.83,132.58,-1.24,1.35
2025-08-18T18:15:00.000,1.61,130.04,-1.04,1.24
2025-08-18T18:16:00.000,1.68,141.45,-1.31,1.04
2025-08-18T18:17:00.000,1.94,146.48,-1.61,1.07
2025-08-18T18:18:00.000,1.46,134.84,-1.03,1.03
2025-08-18T18:19:00.000,1.33,142.13,-1.05,0.82
2025-08-18T18:20:00.000,1.19,152.65,-1.06,0.55
2025-08-18T18:21:00.000,1.17,155.43,-1.07,0.49
2025-08-18T18:22:00.000,1.39,146.42,-1.16,0.77
2025-08-18T18:23:00.000,1.43,143.31,-1.15,0.85
2025-08-18T18:24:00.000,1.50,151.19,-1.32,0.72
2025-08-18T18:25:00.000,1.46,145.67,-1.21,0.83
2025-08-18T18:26:00.000,1.41,142.71,-1.12,0.86
2025-08-18T18:27:00.000,1.43,147.33,-1.21,0.77
2025-08-18T18:28:00.000,1.53,142.85,-1.22,0.93
2025-08-18T18:29:00.000,1.21,150.65,-1.05,0.59
2025-08-18T18:30:00.000,1.41,151.98,-1.24,0.66
2025-08-18T18:31:00.000,1.45,156.86,-1.33,0.57
2025-08-18T18:32:00.000,1.53,160.98,-1.44,0.50
2025-08-18T18:33:00.000,1.55,161.06,-1.46,0.50
2025-08-18T18:34:00.000,1.49,160.55,-1.41,0.50
2025-08-18T18:35:00.000,1.43,156.99,-1.32,0.56
2025-08-18T18:36:00.000,1.48,159.42,-1.38,0.52
2025-08-18T18:37:00.000,1.39,153.46,-1.24,0.62
2025-08-18T18:38:00.000,1.40,153.54,-1.26,0.63
2025-08-18T18:39:00.000,1.39,152.60,-1.24,0.64
2025-08-18T18:40:00.000,1.40,150.26,-1.21,0.69
2025-08-18T18:41:00.000,1.41,149.80,-1.22,0.71
2025-08-18T18:42:00.000,1.41,149.95,-1.22,0.71
2025-08-18T18:43:00.000,1.42,150.05,-1.23,0.71
2025-08-18T18:44:00.000,1.42,149.02,-1.22,0.73
2025-08-18T18:45:00.000,1.41,150.09,-1.23,0.71
2025-08-18T18:46:00.000,1.40,149.75,-1.21,0.71
2025-08-18T18:47:00.000,1.39,149.25,-1.20,0.71
2025-08-18T18:48:00.000,1.40,147.43,-1.18,0.75
2025-08-18T18:49:00.000,1.49,146.35,-1.24,0.82
2025-08-18T18:50:00.000,1.52,147.42,-1.28,0.82
2025-08-18T18:51:00.000,1.49,148.10,-1.26,0.79
2025-08-18T18:52:00.000,1.48,148.60,-1.27,0.77
2025-08-18T18:53:00.000,1.46,148.42,-1.24,0.76
2025-08-18T18:54:00.000,1.48,148.92,-1.27,0.76
2025-08-18T18:55:00.000,1.46,149.37,-1.26,0.75
2025-08-18T18:56:00.000,1.43,149.71,-1.23,0.72
2025-08-18T18:57:00.000,1.40,150.43,-1.22,0.69
2025-08-18T18:58:00.000,1.42,149.48,-1.23,0.72
2025-08-18T18:59:00.000,1.45,148.16,-1.23,0.77
2025-08-18T19:00:00.000,1.86,146.57,-1.56,1.03
2025-08-18T19:01:00.000,1.50,147.92,-1.27,0.80
2025-08-18T19:02:00.000,1.50,148.36,-1.27,0.78
2025-08-18T19:03:00.000,1.51,149.30,-1.30,0.77
2025-08-18T19:04:00.000,1.53,149.76,-1.32,0.77
2025-08-18T19:05:00.000,1.52,149.67,-1.32,0.77
2025-08-18T19:06:00.000,1.48,151.33,-1.30,0.71
2025-08-18T19:07:00.000,1.49,150.42,-1.30,0.74
2025-08-18T19:08:00.000,1.52,149.11,-1.30,0.78
2025-08-18T19:09:00.000,1.47,149.86,-1.27,0.74
2025-08-18T19:10:00.000,1.49,149.32,-1.28,0.76
2025-08-18T19:11:00.000,1.50,149.07,-1.28,0.77
2025-08-18T19:12:00.000,1.47,149.09,-1.26,0.76
2025-08-18T19:13:00.000,1.48,148.71,-1.27,0.77
2025-08-18T19:14:00.000,1.49,148.96,-1.27,0.77
2025-08-18T19:15:00.000,1.47,148.71,-1.25,0.76
2025-08-18T19:16:00.000,1.44,151.24,-1.26,0.69
2025-08-18T19:17:00.000,1.46,152.08,-1.29,0.68
2025-08-18T19:18:00.000,1.47,151.87,-1.30,0.69
2025-08-18T19:19:00.000,1.47,152.13,-1.30,0.69
2025-08-18T19:20:00.000,1.49,151.13,-1.30,0.72
2025-08-18T19:21:00.000,1.50,150.68,-1.31,0.74
2025-08-18T19:22:00.000,1.48,151.49,-1.30,0.71
2025-08-18T19:23:00.000,1.48,152.74,-1.31,0.68
2025-08-18T19:24:00.000,1.49,151.83,-1.31,0.70
2025-08-18T19:25:00.000,1.48,153.31,-1.33,0.67
2025-08-18T19:26:00.000,1.49,153.42,-1.33,0.67
2025-08-18T19:27:00.000,1.50,153.83,-1.34,0.66
2025-08-18T19:28:00.000,1.52,157.71,-1.41,0.58
2025-08-18T19:29:00.000,1.52,157.88,-1.41,0.57
2025-08-18T19:30:00.000,1.51,154.92,-1.37,0.64
2025-08-18T19:31:00.000,1.51,156.09,-1.38,0.61
2025-08-18T19:32:00.000,1.50,157.96,-1.39,0.56
2025-08-18T19:33:00.000,1.48,157.02,-1.36,0.58
2025-08-18T19:34:00.000,1.48,155.60,-1.35,0.61
2025-08-18T19:35:00.000,1.47,155.89,-1.34,0.60
2025-08-18T19:36:00.000,1.49,156.20,-1.36,0.60
2025-08-18T19:37:00.000,1.48,156.14,-1.35,0.60
2025-08-18T19:38:00.000,1.51,151.92,-1.33,0.71
2025-08-18T19:39:00.000,1.49,151.96,-1.32,0.70
2025-08-18T19:40:00.000,1.49,150.98,-1.30,0.72
2025-08-18T19:41:00.000,1.53,150.42,-1.33,0.75
2025-08-18T19:42:00.000,1.49,151.65,-1.31,0.71
2025-08-18T19:43:00.000,1.53,150.97,-1.33,0.74
2025-08-18T19:44:00.000,1.51,150.60,-1.31,0.74
2025-08-18T19:45:00.000,1.52,150.80,-1.33,0.74
2025-08-18T19:46:00.000,1.49,149.12,-1.28,0.76
2025-08-18T19:47:00.000,1.41,153.13,-1.26,0.64
2025-08-18T19:48:00.000,1.49,150.36,-1.30,0.74
2025-08-18T19:49:00.000,1.50,149.55,-1.30,0.76
2025-08-18T19:50:00.000,1.49,148.70,-1.27,0.77
2025-08-18T19:51:00.000,1.49,148.17,-1.26,0.78
2025-08-18T19:52:00.000,1.48,148.05,-1.26,0.78
2025-08-18T19:53:00.000,1.46,149.04,-1.25,0.75
2025-08-18T19:54:00.000,1.47,149.22,-1.26,0.75
2025-08-18T19:55:00.000,1.46,149.86,-1.27,0.73
2025-08-18T19:56:00.000,1.48,151.41,-1.30,0.71
2025-08-18T19:57:00.000,1.49,152.08,-1.32,0.70
2025-08-18T19:58:00.000,1.48,151.58,-1.31,0.71
2025-08-18T19:59:00.000,1.49,151.25,-1.31,0.72
2025-08-18T20:00:00.000,1.49,153.09,-1.33,0.67
2025-08-18T20:01:00.000,1.46,152.92,-1.30,0.67
2025-08-18T20:02:00.000,1.45,151.69,-1.28,0.69
2025-08-18T20:03:00.000,1.44,151.42,-1.27,0.69
2025-08-18T20:04:00.000,1.45,151.62,-1.28,0.69
2025-08-18T20:05:00.000,1.44,152.25,-1.27,0.67
2025-08-18T20:06:00.000,1.42,153.02,-1.27,0.65
2025-08-18T20:07:00.000,1.43,154.32,-1.29,0.62
2025-08-18T20:08:00.000,1.42,156.30,-1.30,0.57
2025-08-18T20:09:00.000,1.40,160.78,-1.33,0.46
2025-08-18T20:10:00.000,1.44,161.61,-1.37,0.45
2025-08-18T20:11:00.000,1.45,159.69,-1.36,0.50
2025-08-18T20:12:00.000,1.70,173.11,-1.68,0.20
2025-08-18T20:13:00.000,1.75,175.42,-1.75,0.14
2025-08-18T20:14:00.000,1.72,171.19,-1.70,0.26
2025-08-18T20:15:00.000,1.73,172.76,-1.71,0.22
2025-08-18T20:16:00.000,1.74,173.86,-1.73,0.19
2025-08-18T20:17:00.000,1.78,174.73,-1.78,0.16
2025-08-18T20:18:00.000,1.75,172.63,-1.74,0.22
2025-08-18T20:19:00.000,1.69,169.62,-1.66,0.30
2025-08-18T20:20:00.000,1.75,171.13,-1.73,0.27
2025-08-18T20:21:00.000,1.77,168.42,-1.73,0.36
2025-08-18T20:22:00.000,1.66,165.09,-1.60,0.43
2025-08-18T20:23:00.000,1.82,155.63,-1.66,0.75
2025-08-18T20:24:00.000,1.98,175.93,-1.97,0.14
2025-08-18T20:25:00.000,1.63,164.36,-1.57,0.44
2025-08-18T20:26:00.000,1.63,164.40,-1.57,0.44
2025-08-18T20:27:00.000,1.65,165.05,-1.59,0.42
2025-08-18T20:28:00.000,1.65,165.14,-1.60,0.42
2025-08-18T20:29:00.000,1.63,164.23,-1.57,0.44
2025-08-18T20:30:00.000,1.61,164.01,-1.55,0.44
2025-08-18T20:31:00.000,1.59,162.47,-1.52,0.48
2025-08-18T20:32:00.000,1.58,160.70,-1.49,0.52
2025-08-18T20:33:00.000,1.60,165.41,-1.55,0.40
2025-08-18T20:34:00.000,1.60,164.92,-1.55,0.42
2025-08-18T20:35:00.000,1.61,165.82,-1.56,0.39
2025-08-18T20:36:00.000,1.61,167.48,-1.57,0.35
2025-08-18T20:37:00.000,1.60,166.52,-1.56,0.37
2025-08-18T20:38:00.000,1.62,169.44,-1.59,0.30
2025-08-18T20:39:00.000,1.60,166.95,-1.56,0.36
2025-08-18T20:40:00.000,1.59,165.60,-1.54,0.40
2025-08-18T20:41:00.000,1.56,160.87,-1.48,0.51
2025-08-18T20:42:00.000,1.57,161.68,-1.49,0.49
2025-08-18T20:43:00.000,1.55,160.90,-1.47,0.51
2025-08-18T20:44:00.000,1.54,160.54,-1.45,0.51
2025-08-18T20:45:00.000,1.56,158.83,-1.46,0.56
2025-08-18T20:46:00.000,1.58,160.34,-1.49,0.53
2025-08-18T20:47:00.000,1.56,159.73,-1.46,0.54
2025-08-18T20:48:00.000,1.55,160.56,-1.46,0.52
2025-08-18T20:49:00.000,1.56,163.47,-1.50,0.44
2025-08-18T20:50:00.000,1.57,163.85,-1.51,0.44
2025-08-18T20:51:00.000,1.57,163.53,-1.51,0.45
2025-08-18T20:52:00.000,1.55,163.38,-1.49,0.44
2025-08-18T20:53:00.000,1.56,161.53,-1.48,0.49
2025-08-18T20:54:00.000,1.54,159.07,-1.44,0.55
2025-08-18T20:55:00.000,1.54,158.45,-1.43,0.57
2025-08-18T20:56:00.000,1.56,161.37,-1.48,0.50
2025-08-18T20:57:00.000,1.61,162.27,-1.53,0.49
2025-08-18T20:58:00.000,1.61,163.01,-1.54,0.47
2025-08-18T20:59:00.000,1.68,164.91,-1.62,0.44
2025-08-18T21:00:00.000,1.65,166.21,-1.61,0.39
2025-08-18T21:01:00.000,1.63,164.40,-1.57,0.44
2025-08-18T21:02:00.000,1.66,165.83,-1.61,0.41
2025-08-18T21:03:00.000,1.63,162.07,-1.55,0.50
2025-08-18T21:04:00.000,1.63,164.43,-1.57,0.44
2025-08-18T21:05:00.000,1.59,164.56,-1.54,0.42
2025-08-18T21:06:00.000,1.58,163.65,-1.52,0.44
2025-08-18T21:07:00.000,1.50,164.93,-1.44,0.39
2025-08-18T21:08:00.000,1.50,167.29,-1.46,0.33
2025-08-18T21:09:00.000,1.55,172.52,-1.54,0.20
2025-08-18T21:10:00.000,1.58,172.44,-1.56,0.21
2025-08-18T21:11:00.000,1.64,178.37,-1.64,0.05
2025-08-18T21:12:00.000,1.63,177.54,-1.63,0.07
2025-08-18T21:13:00.000,1.55,172.19,-1.54,0.21
2025-08-18T21:14:00.000,1.55,169.90,-1.53,0.27
2025-08-18T21:15:00.000,1.52,168.60,-1.49,0.30
2025-08-18T21:16:00.000,1.52,169.00,-1.49,0.29
2025-08-18T21:17:00.000,1.53,167.98,-1.50,0.32
2025-08-18T21:18:00.000,1.53,169.26,-1.50,0.28
2025-08-18T21:19:00.000,1.59,176.25,-1.59,0.10
2025-08-18T21:20:00.000,1.63,174.67,-1.62,0.15
2025-08-18T21:21:00.000,1.67,173.79,-1.66,0.18
2025-08-18T21:22:00.000,1.74,177.78,-1.74,0.07
2025-08-18T21:23:00.000,1.73,177.25,-1.73,0.08
2025-08-18T21:24:00.000,1.63,172.14,-1.62,0.22
2025-08-18T21:25:00.000,1.64,172.86,-1.63,0.20
2025-08-18T21:26:00.000,1.65,170.36,-1.62,0.28
2025-08-18T21:27:00.000,1.57,166.57,-1.53,0.37
2025-08-18T21:28:00.000,1.61,167.38,-1.57,0.35
2025-08-18T21:29:00.000,1.59,169.25,-1.56,0.30
2025-08-18T21:30:00.000,1.59,168.11,-1.55,0.33
2025-08-18T21:31:00.000,1.57,166.14,-1.52,0.38
2025-08-18T21:32:00.000,1.57,165.05,-1.52,0.40
2025-08-18T21:33:00.000,1.60,167.68,-1.56,0.34
2025-08-18T21:34:00.000,1.49,149.89,-1.29,0.75
2025-08-18T21:35:00.000,1.54,160.91,-1.46,0.50
2025-08-18T21:36:00.000,1.51,159.86,-1.42,0.52
2025-08-18T21:37:00.000,1.51,158.73,-1.41,0.55
2025-08-18T21:38:00.000,1.51,160.82,-1.43,0.50
2025-08-18T21:39:00.000,1.53,159.68,-1.43,0.53
2025-08-18T21:40:00.000,1.49,160.22,-1.40,0.50
2025-08-18T21:41:00.000,1.51,159.53,-1.41,0.53
2025-08-18T21:42:00.000,1.49,157.41,-1.38,0.57
2025-08-18T21:43:00.000,1.50,158.38,-1.39,0.55
2025-08-18T21:44:00.000,1.50,159.34,-1.40,0.53
2025-08-18T21:45:00.000,1.49,158.51,-1.39,0.55
2025-08-18T21:46:00.000,1.49,158.55,-1.39,0.55
2025-08-18T21:47:00.000,1.49,159.98,-1.40,0.51
2025-08-18T21:48:00.000,1.47,156.30,-1.34,0.59
2025-08-18T21:49:00.000,1.46,156.19,-1.33,0.59
2025-08-18T21:50:00.000,1.46,157.10,-1.35,0.57
2025-08-18T21:51:00.000,1.46,158.49,-1.36,0.54
2025-08-18T21:52:00.000,1.50,158.61,-1.39,0.55
2025-08-18T21:53:00.000,1.47,156.88,-1.35,0.58
2025-08-18T21:54:00.000,1.46,156.70,-1.34,0.58
2025-08-18T21:55:00.000,1.43,157.96,-1.33,0.54
2025-08-18T21:56:00.000,1.43,158.01,-1.33,0.54
2025-08-18T21:57:00.000,1.43,159.35,-1.34,0.51
2025-08-18T21:58:00.000,1.43,162.80,-1.36,0.42
2025-08-18T21:59:00.000,1.45,165.89,-1.40,0.35
2025-08-18T22:00:00.000,1.43,165.28,-1.39,0.36
2025-08-18T22:01:00.000,1.46,163.47,-1.40,0.42
2025-08-18T22:02:00.000,1.47,163.09,-1.40,0.43
2025-08-18T22:03:00.000,1.47,162.27,-1.40,0.45
2025-08-18T22:04:00.000,1.50,163.00,-1.43,0.44
2025-08-18T22:05:00.000,1.50,161.13,-1.42,0.49
2025-08-18T22:06:00.000,1.48,160.05,-1.39,0.51
2025-08-18T22:07:00.000,1.48,160.30,-1.40,0.50
2025-08-18T22:08:00.000,1.50,160.18,-1.41,0.51
2025-08-18T22:09:00.000,1.50,160.64,-1.41,0.50
2025-08-18T22:10:00.000,1.51,163.06,-1.44,0.44
2025-08-18T22:11:00.000,1.52,163.95,-1.46,0.42
2025-08-18T22:12:00.000,1.50,161.81,-1.43,0.47
2025-08-18T22:13:00.000,1.52,159.59,-1.42,0.53
2025-08-18T22:14:00.000,1.49,158.95,-1.39,0.53
2025-08-18T22:15:00.000,1.46,157.00,-1.35,0.57
2025-08-18T22:16:00.000,1.48,157.52,-1.37,0.57
2025-08-18T22:17:00.000,1.47,158.03,-1.37,0.55
2025-08-18T22:18:00.000,1.51,160.84,-1.43,0.50
2025-08-18T22:19:00.000,1.51,159.27,-1.41,0.53
2025-08-18T22:20:00.000,1.49,159.12,-1.39,0.53
2025-08-18T22:21:00.000,1.50,159.16,-1.40,0.53
2025-08-18T22:22:00.000,1.49,157.77,-1.38,0.57
2025-08-18T22:23:00.000,1.50,157.42,-1.39,0.58
2025-08-18T22:24:00.000,1.49,156.71,-1.37,0.59
2025-08-18T22:25:00.000,1.49,156.05,-1.36,0.61
2025-08-18T22:26:00.000,1.48,155.08,-1.34,0.62
2025-08-18T22:27:00.000,1.49,155.53,-1.36,0.62
2025-08-18T22:28:00.000,1.49,155.55,-1.36,0.62
2025-08-18T22:29:00.000,1.49,157.46,-1.38,0.57
2025-08-18T22:30:00.000,1.49,157.48,-1.37,0.57
2025-08-18T22:31:00.000,1.34,159.84,-1.26,0.46
2025-08-18T22:32:00.000,1.54,146.63,-1.28,0.85
2025-08-18T22:33:00.000,1.54,145.94,-1.28,0.86
2025-08-18T22:34:00.000,1.54,145.10,-1.26,0.88
2025-08-18T22:35:00.000,1.53,144.53,-1.25,0.89
2025-08-18T22:36:00.000,1.53,144.40,-1.24,0.89
2025-08-18T22:37:00.000,1.53,143.92,-1.24,0.90
2025-08-18T22:38:00.000,1.54,143.66,-1.24,0.91
2025-08-18T22:39:00.000,1.54,144.40,-1.25,0.90
2025-08-18T22:40:00.000,1.54,144.94,-1.26,0.88
2025-08-18T22:41:00.000,1.54,145.14,-1.27,0.88
2025-08-18T22:42:00.000,1.54,145.07,-1.26,0.88
2025-08-18T22:43:00.000,1.55,145.82,-1.29,0.87
2025-08-18T22:44:00.000,1.55,145.14,-1.27,0.89
2025-08-18T22:45:00.000,1.55,144.42,-1.26,0.90
2025-08-18T22:46:00.000,1.55,142.15,-1.22,0.95
2025-08-18T22:47:00.000,1.57,146.14,-1.30,0.87
2025-08-18T22:48:00.000,1.49,152.83,-1.32,0.68
2025-08-18T22:49:00.000,1.50,153.82,-1.34,0.66
2025-08-18T22:50:00.000,1.50,154.97,-1.36,0.64
2025-08-18T22:51:00.000,1.50,156.07,-1.37,0.61
2025-08-18T22:52:00.000,1.50,156.91,-1.38,0.59
2025-08-18T22:53:00.000,1.51,156.51,-1.38,0.60
2025-08-18T22:54:00.000,1.52,155.59,-1.38,0.63
2025-08-18T22:55:00.000,1.52,153.26,-1.36,0.69
2025-08-18T22:56:00.000,1.52,153.10,-1.35,0.69
2025-08-18T22:57:00.000,1.52,152.99,-1.35,0.69
2025-08-18T22:58:00.000,1.52,153.03,-1.35,0.69
2025-08-18T22:59:00.000,1.51,153.26,-1.35,0.68
2025-08-18T23:00:00.000,1.52,154.98,-1.38,0.64
2025-08-18T23:01:00.000,1.53,155.48,-1.40,0.64
2025-08-18T23:02:00.000,1.55,157.85,-1.44,0.59
2025-08-18T23:03:00.000,1.54,157.96,-1.43,0.58
2025-08-18T23:04:00.000,1.55,155.75,-1.42,0.64
2025-08-18T23:05:00.000,1.55,154.30,-1.40,0.67
2025-08-18T23:06:00.000,1.55,153.64,-1.39,0.69
2025-08-18T23:07:00.000,1.55,153.46,-1.39,0.69
2025-08-18T23:08:00.000,1.55,153.31,-1.39,0.70
2025-08-18T23:09:00.000,1.54,153.60,-1.38,0.69
2025-08-18T23:10:00.000,1.56,154.11,-1.40,0.68
2025-08-18T23:11:00.000,1.55,154.63,-1.40,0.67
2025-08-18T23:12:00.000,1.57,156.94,-1.45,0.62
2025-08-18T23:13:00.000,1.64,158.41,-1.52,0.60
2025-08-18T23:14:00.000,1.60,156.76,-1.47,0.63
2025-08-18T23:15:00.000,1.60,155.50,-1.45,0.66
2025-08-18T23:16:00.000,1.58,154.16,-1.42,0.69
2025-08-18T23:17:00.000,1.56,153.12,-1.39,0.71
2025-08-18T23:18:00.000,1.57,153.07,-1.40,0.71
2025-08-18T23:19:00.000,1.57,153.08,-1.40,0.71
2025-08-18T23:20:00.000,1.56,153.40,-1.39,0.70
2025-08-18T23:21:00.000,1.57,154.48,-1.41,0.67
2025-08-18T23:22:00.000,1.56,155.53,-1.42,0.65
2025-08-18T23:23:00.000,1.57,156.05,-1.43,0.64
2025-08-18T23:24:00.000,1.59,157.55,-1.47,0.61
2025-08-18T23:25:00.000,1.58,159.72,-1.48,0.55
2025-08-18T23:26:00.000,1.50,155.90,-1.37,0.61
2025-08-18T23:27:00.000,1.50,155.20,-1.36,0.63
2025-08-18T23:28:00.000,1.50,154.74,-1.35,0.64
2025-08-18T23:29:00.000,1.50,154.58,-1.35,0.64
2025-08-18T23:30:00.000,1.50,154.50,-1.36,0.65
2025-08-18T23:31:00.000,1.50,155.07,-1.36,0.63
2025-08-18T23:32:00.000,1.50,155.67,-1.37,0.62
2025-08-18T23:33:00.000,1.50,156.27,-1.37,0.60
2025-08-18T23:34:00.000,1.49,156.53,-1.37,0.59
2025-08-18T23:35:00.000,1.50,155.10,-1.36,0.63
2025-08-18T23:36:00.000,1.53,153.74,-1.37,0.68
2025-08-18T23:37:00.000,1.52,153.29,-1.36,0.68
2025-08-18T23:38:00.000,1.52,152.73,-1.35,0.70
2025-08-18T23:39:00.000,1.52,151.32,-1.33,0.73
2025-08-18T23:40:00.000,1.51,151.87,-1.33,0.71
2025-08-18T23:41:00.000,1.51,152.53,-1.34,0.70
2025-08-18T23:42:00.000,1.53,153.31,-1.36,0.69
2025-08-18T23:43:00.000,1.53,154.87,-1.39,0.65
2025-08-18T23:44:00.000,1.55,154.78,-1.41,0.66
2025-08-18T23:45:00.000,1.54,156.21,-1.41,0.62
2025-08-18T23:46:00.000,1.53,154.88,-1.39,0.65
2025-08-18T23:47:00.000,1.53,154.66,-1.38,0.66
2025-08-18T23:48:00.000,1.52,154.19,-1.37,0.66
2025-08-18T23:49:00.000,1.52,154.03,-1.37,0.67
2025-08-18T23:50:00.000,1.48,158.25,-1.37,0.55
2025-08-18T23:51:00.000,1.44,163.63,-1.38,0.41
2025-08-18T23:52:00.000,1.68,170.57,-1.65,0.27
2025-08-18T23:53:00.000,1.57,177.47,-1.57,0.07
2025-08-18T23:54:00.000,1.57,177.33,-1.57,0.07
2025-08-18T23:55:00.000,1.57,178.00,-1.57,0.05
2025-08-18T23:56:00.000,1.55,176.68,-1.55,0.09
2025-08-18T23:57:00.000,1.55,178.15,-1.55,0.05
2025-08-18T23:58:00.000,1.54,177.68,-1.54,0.06
2025-08-18T23:59:00.000,1.51,175.73,-1.50,0.11
2025-08-19T00:00:00.000,1.50,175.88,-1.50,0.11
2025-08-19T00:01:00.000,1.51,177.08,-1.51,0.08
2025-08-19T00:02:00.000,1.57,179.00,-1.57,0.03
2025-08-19T00:03:00.000,1.59,179.80,-1.59,0.01
2025-08-19T00:04:00.000,1.62,182.31,-1.62,-0.07
2025-08-19T00:05:00.000,1.67,184.29,-1.67,-0.12
2025-08-19T00:06:00.000,1.88,183.94,-1.87,-0.13
2025-08-19T00:07:00.000,1.71,180.26,-1.71,-0.01
2025-08-19T00:08:00.000,1.68,178.53,-1.68,0.04
2025-08-19T00:09:00.000,1.67,178.45,-1.67,0.05
2025-08-19T00:10:00.000,1.67,178.99,-1.67,0.03
2025-08-19T00:11:00.000,1.66,178.69,-1.66,0.04
2025-08-19T00:12:00.000,1.67,179.19,-1.67,0.02
2025-08-19T00:13:00.000,1.70,179.15,-1.70,0.03
2025-08-19T00:14:00.000,1.73,180.88,-1.73,-0.03
2025-08-19T00:15:00.000,1.75,182.53,-1.74,-0.08
2025-08-19T00:16:00.000,1.72,181.82,-1.72,-0.05
2025-08-19T00:17:00.000,1.72,181.85,-1.72,-0.06
2025-08-19T00:18:00.000,1.71,182.89,-1.71,-0.09
2025-08-19T00:19:00.000,1.68,180.02,-1.68,-0.00
2025-08-19T00:20:00.000,1.61,179.42,-1.61,0.02
2025-08-19T00:21:00.000,1.63,178.12,-1.63,0.05
2025-08-19T00:22:00.000,1.65,178.99,-1.65,0.03
2025-08-19T00:23:00.000,1.63,184.41,-1.62,-0.13
2025-08-19T00:24:00.000,1.71,183.11,-1.71,-0.09
2025-08-19T00:25:00.000,1.70,183.93,-1.70,-0.12
2025-08-19T00:26:00.000,1.70,184.05,-1.70,-0.12
2025-08-19T00:27:00.000,1.68,182.98,-1.68,-0.09
2025-08-19T00:28:00.000,1.63,180.24,-1.63,-0.01
2025-08-19T00:29:00.000,1.60,179.09,-1.60,0.03
2025-08-19T00:30:00.000,1.62,178.66,-1.62,0.04
2025-08-19T00:31:00.000,1.60,177.60,-1.60,0.07
2025-08-19T00:32:00.000,1.63,177.91,-1.63,0.06
2025-08-19T00:33:00.000,1.61,176.39,-1.60,0.10
2025-08-19T00:34:00.000,1.59,177.19,-1.59,0.08
2025-08-19T00:35:00.000,1.62,178.30,-1.62,0.05
2025-08-19T00:36:00.000,1.63,175.18,-1.62,0.14
2025-08-19T00:37:00.000,1.69,177.63,-1.69,0.07
2025-08-19T00:38:00.000,1.64,179.16,-1.64,0.02
2025-08-19T00:39:00.000,1.62,182.57,-1.61,-0.07
2025-08-19T00:40:00.000,1.60,178.23,-1.60,0.05
2025-08-19T00:41:00.000,1.58,174.01,-1.57,0.16
2025-08-19T00:42:00.000,1.60,178.37,-1.60,0.05
2025-08-19T00:43:00.000,1.56,174.91,-1.56,0.14
2025-08-19T00:44:00.000,1.49,176.01,-1.48,0.10
2025-08-19T00:45:00.000,1.59,165.70,-1.54,0.39
2025-08-19T00:46:00.000,1.54,164.96,-1.48,0.40
2025-08-19T00:47:00.000,1.53,164.25,-1.47,0.42
2025-08-19T00:48:00.000,1.53,162.52,-1.46,0.46
2025-08-19T00:49:00.000,1.52,160.79,-1.44,0.50
2025-08-19T00:50:00.000,1.53,158.23,-1.43,0.57
2025-08-19T00:51:00.000,1.50,157.98,-1.39,0.56
2025-08-19T00:52:00.000,1.51,158.45,-1.40,0.55
2025-08-19T00:53:00.000,1.51,158.56,-1.40,0.55
2025-08-19T00:54:00.000,1.52,158.58,-1.41,0.55
2025-08-19T00:55:00.000,1.52,158.62,-1.41,0.55
2025-08-19T00:56:00.000,1.51,157.45,-1.39,0.58
2025-08-19T00:57:00.000,1.44,155.42,-1.31,0.60
2025-08-19T00:58:00.000,1.44,156.52,-1.32,0.57
2025-08-19T00:59:00.000,1.44,155.45,-1.31,0.60
2025-08-19T01:00:00.000,1.51,160.45,-1.42,0.50
2025-08-19T01:01:00.000,1.56,164.64,-1.50,0.41
2025-08-19T01:02:00.000,1.55,166.11,-1.51,0.37
2025-08-19T01:03:00.000,1.46,167.59,-1.42,0.31
2025-08-19T01:04:00.000,1.47,166.94,-1.44,0.33
2025-08-19T01:05:00.000,1.46,167.05,-1.42,0.33
2025-08-19T01:06:00.000,1.43,167.11,-1.39,0.32
2025-08-19T01:07:00.000,1.48,168.33,-1.45,0.30
2025-08-19T01:08:00.000,1.46,168.34,-1.43,0.30
2025-08-19T01:09:00.000,1.48,167.38,-1.45,0.32
2025-08-19T01:10:00.000,1.45,165.08,-1.40,0.37
2025-08-19T01:11:00.000,1.44,162.30,-1.37,0.44
2025-08-19T01:12:00.000,1.43,162.57,-1.36,0.43
2025-08-19T01:13:00.000,1.42,161.94,-1.35,0.44
2025-08-19T01:14:00.000,1.43,163.83,-1.37,0.40
2025-08-19T01:15:00.000,1.46,165.27,-1.41,0.37
2025-08-19T01:16:00.000,1.45,165.62,-1.41,0.36
2025-08-19T01:17:00.000,1.76,199.47,-1.66,-0.59
2025-08-19T01:18:00.000,1.47,192.78,-1.44,-0.33
2025-08-19T01:19:00.000,1.56,181.34,-1.56,-0.04
2025-08-19T01:20:00.000,1.52,174.20,-1.52,0.15
2025-08-19T01:21:00.000,1.53,175.82,-1.53,0.11
2025-08-19T01:22:00.000,1.53,173.95,-1.52,0.16
2025-08-19T01:23:00.000,1.55,176.63,-1.55,0.09
2025-08-19T01:24:00.000,1.59,176.75,-1.59,0.09
2025-08-19T01:25:00.000,1.63,179.15,-1.63,0.02
2025-08-19T01:26:00.000,1.86,186.89,-1.85,-0.22
2025-08-19T01:27:00.000,2.01,191.58,-1.96,-0.40
2025-08-19T01:28:00.000,2.50,199.51,-2.35,-0.83
2025-08-19T01:29:00.000,2.17,196.62,-2.08,-0.62
2025-08-19T01:30:00.000,1.99,190.65,-1.95,-0.37
2025-08-19T01:31:00.000,1.85,186.51,-1.84,-0.21
2025-08-19T01:32:00.000,1.72,180.50,-1.72,-0.02
2025-08-19T01:33:00.000,1.65,176.68,-1.65,0.10
2025-08-19T01:34:00.000,1.62,176.53,-1.62,0.10
2025-08-19T01:35:00.000,1.63,174.98,-1.62,0.14
2025-08-19T01:36:00.000,1.66,177.30,-1.65,0.08
2025-08-19T01:37:00.000,1.66,174.87,-1.65,0.15
2025-08-19T01:38:00.000,1.71,179.33,-1.71,0.02
2025-08-19T01:39:00.000,1.79,183.15,-1.79,-0.10
2025-08-19T01:40:00.000,1.86,187.55,-1.85,-0.24
2025-08-19T01:41:00.000,1.96,190.75,-1.92,-0.37
2025-08-19T01:42:00.000,1.84,186.26,-1.83,-0.20
2025-08-19T01:43:00.000,1.75,182.38,-1.75,-0.07
2025-08-19T01:44:00.000,1.70,179.75,-1.70,0.01
2025-08-19T01:45:00.000,1.69,179.11,-1.69,0.03
2025-08-19T01:46:00.000,1.67,178.52,-1.67,0.04
2025-08-19T01:47:00.000,1.74,182.65,-1.74,-0.08
2025-08-19T01:48:00.000,1.87,187.75,-1.85,-0.25
2025-08-19T01:49:00.000,2.00,192.06,-1.95,-0.42
2025-08-19T01:50:00.000,1.91,188.88,-1.89,-0.29
2025-08-19T01:51:00.000,1.90,189.50,-1.87,-0.31
2025-08-19T01:52:00.000,1.80,185.28,-1.79,-0.17
2025-08-19T01:53:00.000,1.72,176.13,-1.72,0.12
2025-08-19T01:54:00.000,1.65,173.53,-1.64,0.19
2025-08-19T01:55:00.000,1.50,169.02,-1.48,0.29
2025-08-19T01:56:00.000,1.50,166.86,-1.46,0.34
2025-08-19T01:57:00.000,1.48,165.97,-1.44,0.36
2025-08-19T01:58:00.000,1.52,169.02,-1.50,0.29
2025-08-19T01:59:00.000,1.55,172.99,-1.53,0.19
2025-08-19T02:00:00.000,1.57,173.84,-1.56,0.17
2025-08-19T02:01:00.000,1.73,184.18,-1.73,-0.13
2025-08-19T02:02:00.000,1.87,190.60,-1.84,-0.34
2025-08-19T02:03:00.000,1.94,186.93,-1.93,-0.23
2025-08-19T02:04:00.000,1.78,182.71,-1.77,-0.08
2025-08-19T02:05:00.000,1.75,180.73,-1.75,-0.02
2025-08-19T02:06:00.000,1.73,179.37,-1.73,0.02
2025-08-19T02:07:00.000,1.72,180.04,-1.72,-0.00
2025-08-19T02:08:00.000,1.75,182.92,-1.75,-0.09
2025-08-19T02:09:00.000,1.74,186.01,-1.73,-0.18
2025-08-19T02:10:00.000,1.72,183.53,-1.71,-0.11
2025-08-19T02:11:00.000,1.80,187.26,-1.79,-0.23
2025-08-19T02:12:00.000,1.84,188.67,-1.82,-0.28
2025-08-19T02:13:00.000,1.89,191.32,-1.86,-0.37
2025-08-19T02:14:00.000,1.81,184.29,-1.81,-0.14
2025-08-19T02:15:00.000,1.74,182.58,-1.74,-0.08
2025-08-19T02:16:00.000,1.62,177.84,-1.62,0.06
2025-08-19T02:17:00.000,1.56,178.07,-1.56,0.05
2025-08-19T02:18:00.000,1.62,180.45,-1.62,-0.01
2025-08-19T02:19:00.000,1.65,183.21,-1.65,-0.09
2025-08-19T02:20:00.000,1.69,186.03,-1.68,-0.18
2025-08-19T02:21:00.000,1.78,190.09,-1.75,-0.31
2025-08-19T02:22:00.000,1.95,195.25,-1.88,-0.51
2025-08-19T02:23:00.000,2.06,197.88,-1.96,-0.63
2025-08-19T02:24:00.000,1.94,192.18,-1.90,-0.41
2025-08-19T02:25:00.000,1.82,189.27,-1.79,-0.29
2025-08-19T02:26:00.000,1.81,190.31,-1.78,-0.32
2025-08-19T02:27:00.000,1.69,184.52,-1.69,-0.13
2025-08-19T02:28:00.000,1.71,185.17,-1.70,-0.15
2025-08-19T02:29:00.000,1.71,183.68,-1.71,-0.11
2025-08-19T02:30:00.000,1.72,186.26,-1.71,-0.19
2025-08-19T02:31:00.000,1.74,186.92,-1.72,-0.21
2025-08-19T02:32:00.000,1.82,191.37,-1.78,-0.36
2025-08-19T02:33:00.000,1.84,192.31,-1.79,-0.39
2025-08-19T02:34:00.000,1.89,193.37,-1.84,-0.44
2025-08-19T02:35:00.000,1.88,192.97,-1.83,-0.42
2025-08-19T02:36:00.000,1.82,189.14,-1.80,-0.29
2025-08-19T02:37:00.000,1.72,185.49,-1.72,-0.17
2025-08-19T02:38:00.000,1.71,185.71,-1.71,-0.17
2025-08-19T02:39:00.000,1.68,185.06,-1.68,-0.15
2025-08-19T02:40:00.000,1.68,183.66,-1.68,-0.11
2025-08-19T02:41:00.000,1.71,184.15,-1.71,-0.12
2025-08-19T02:42:00.000,1.74,186.54,-1.72,-0.20
2025-08-19T02:43:00.000,1.77,189.09,-1.75,-0.28
2025-08-19T02:44:00.000,1.83,191.12,-1.79,-0.35
2025-08-19T02:45:00.000,1.79,189.04,-1.77,-0.28
2025-08-19T02:46:00.000,1.79,188.76,-1.77,-0.27
2025-08-19T02:47:00.000,1.75,185.81,-1.74,-0.18
2025-08-19T02:48:00.000,1.67,181.89,-1.67,-0.06
2025-08-19T02:49:00.000,1.63,179.85,-1.63,0.00
2025-08-19T02:50:00.000,1.59,177.55,-1.59,0.07
2025-08-19T02:51:00.000,1.57,177.02,-1.56,0.08
2025-08-19T02:52:00.000,1.56,176.18,-1.55,0.10
2025-08-19T02:53:00.000,1.54,174.51,-1.53,0.15
2025-08-19T02:54:00.000,1.56,177.37,-1.56,0.07
2025-08-19T02:55:00.000,1.57,178.52,-1.57,0.04
2025-08-19T02:56:00.000,1.61,180.33,-1.61,-0.01
2025-08-19T02:57:00.000,1.62,181.31,-1.62,-0.04
2025-08-19T02:58:00.000,1.62,181.53,-1.62,-0.04
2025-08-19T02:59:00.000,1.63,181.19,-1.63,-0.03
2025-08-19T03:00:00.000,1.62,173.68,-1.61,0.18
2025-08-19T03:01:00.000,1.52,172.15,-1.51,0.21
2025-08-19T03:02:00.000,1.52,171.16,-1.51,0.23
2025-08-19T03:03:00.000,1.49,170.58,-1.47,0.24
2025-08-19T03:04:00.000,1.49,171.23,-1.47,0.23
2025-08-19T03:05:00.000,1.54,175.28,-1.54,0.13
2025-08-19T03:06:00.000,1.56,176.71,-1.55,0.09
2025-08-19T03:07:00.000,1.55,176.73,-1.55,0.09
2025-08-19T03:08:00.000,1.50,174.19,-1.49,0.15
2025-08-19T03:09:00.000,1.48,171.94,-1.47,0.21
2025-08-19T03:10:00.000,1.43,169.66,-1.41,0.26
2025-08-19T03:11:00.000,1.47,167.77,-1.43,0.31
2025-08-19T03:12:00.000,2.03,164.26,-1.96,0.55
2025-08-19T03:13:00.000,5.82,156.25,-5.33,2.34
2025-08-19T03:14:00.000,10.63,154.88,-9.62,4.51
2025-08-19T03:15:00.000,14.22,154.95,-12.88,6.02
2025-08-19T03:16:00.000,17.39,154.43,-15.69,7.51
2025-08-19T03:17:00.000,19.94,153.62,-17.87,8.86
2025-08-19T03:18:00.000,22.04,153.85,-19.78,9.72
2025-08-19T03:19:00.000,23.88,154.28,-21.51,10.36
2025-08-19T03:20:00.000,25.38,155.15,-23.03,10.67
2025-08-19T03:21:00.000,26.71,155.40,-24.29,11.12
2025-08-19T03:22:00.000,28.04,154.73,-25.35,11.97
2025-08-19T03:23:00.000,29.42,154.24,-26.49,12.78
2025-08-19T03:24:00.000,31.14,153.52,-27.87,13.88
2025-08-19T03:25:00.000,32.92,153.52,-29.47,14.68
2025-08-19T03:26:00.000,35.44,154.52,-31.99,15.25
2025-08-19T03:27:00.000,37.95,154.46,-34.24,16.36
2025-08-19T03:28:00.000,41.86,154.22,-37.69,18.21
2025-08-19T03:29:00.000,45.53,154.03,-40.93,19.94
2025-08-19T03:30:00.000,51.36,153.43,-45.93,22.97
2025-08-19T03:31:00.000,58.20,152.33,-51.54,27.03
2025-08-19T03:32:00.000,66.82,152.07,-59.04,31.30
2025-08-19T03:33:00.000,76.95,152.37,-68.18,35.69
2025-08-19T03:34:00.000,88.05,152.27,-77.94,40.97
2025-08-19T03:35:00.000,103.01,152.36,-91.26,47.78
2025-08-19T03:36:00.000,117.60,152.19,-104.02,54.86
2025-08-19T03:37:00.000,137.57,151.45,-120.84,65.76
2025-08-19T03:38:00.000,158.44,149.91,-137.08,79.45
2025-08-19T03:39:00.000,180.57,149.01,-154.79,92.98
2025-08-19T03:40:00.000,192.46,148.95,-164.88,99.27
2025-08-19T03:41:00.000,199.31,149.03,-170.90,102.55
2025-08-19T03:42:00.000,200.14,149.05,-171.65,102.93
2025-08-19T03:43:00.000,200.03,149.05,-171.55,102.89
2025-08-19T03:44:00.000,199.96,149.06,-171.51,102.80
2025-08-19T03:45:00.000,199.97,149.04,-171.48,102.88
2025-08-19T03:46:00.000,199.88,149.13,-171.56,102.57
2025-08-19T03:47:00.000,199.81,149.12,-171.49,102.54
2025-08-19T03:48:00.000,199.86,149.14,-171.57,102.51
2025-08-19T03:49:00.000,199.75,149.11,-171.42,102.55
2025-08-19T03:50:00.000,199.66,149.12,-171.36,102.47
2025-08-19T03:51:00.000,199.71,149.18,-171.50,102.32
2025-08-19T03:52:00.000,199.71,149.21,-171.57,102.22
2025-08-19T03:53:00.000,199.70,149.21,-171.55,102.22
2025-08-19T03:54:00.000,199.66,149.23,-171.55,102.16
2025-08-19T03:55:00.000,199.69,149.24,-171.60,102.13
2025-08-19T03:56:00.000,199.63,149.23,-171.52,102.14
2025-08-19T03:57:00.000,199.65,149.24,-171.57,102.11
2025-08-19T03:58:00.000,199.65,149.23,-171.54,102.15
2025-08-19T03:59:00.000,199.53,149.23,-171.44,102.09
2025-08-19T04:00:00.000,199.69,149.27,-171.65,102.04
2025-08-19T04:01:00.000,199.66,149.26,-171.60,102.06
2025-08-19T04:02:00.000,199.65,149.25,-171.58,102.09
2025-08-19T04:03:00.000,199.58,149.26,-171.54,102.01
2025-08-19T04:04:00.000,199.60,149.30,-171.62,101.90
2025-08-19T04:05:00.000,199.67,149.34,-171.76,101.81
2025-08-19T04:06:00.000,199.61,149.31,-171.66,101.88
2025-08-19T04:07:00.000,199.63,149.31,-171.67,101.88
2025-08-19T04:08:00.000,199.57,149.30,-171.59,101.90
2025-08-19T04:09:00.000,199.62,149.33,-171.69,101.84
2025-08-19T04:10:00.000,199.57,149.32,-171.64,101.84
2025-08-19T04:11:00.000,199.55,149.33,-171.64,101.79
2025-08-19T04:12:00.000,199.62,149.35,-171.72,101.78
2025-08-19T04:13:00.000,199.60,149.34,-171.71,101.77
2025-08-19T04:14:00.000,199.63,149.35,-171.75,101.76
2025-08-19T04:15:00.000,199.63,149.35,-171.75,101.76
2025-08-19T04:16:00.000,199.61,149.32,-171.67,101.85
2025-08-19T04:17:00.000,199.58,149.34,-171.67,101.78
2025-08-19T04:18:00.000,199.66,149.37,-171.80,101.73
2025-08-19T04:19:00.000,199.63,149.34,-171.73,101.80
2025-08-19T04:20:00.000,199.53,149.34,-171.64,101.75
2025-08-19T04:21:00.000,199.56,149.36,-171.70,101.71
2025-08-19T04:22:00.000,199.59,149.37,-171.74,101.70
2025-08-19T04:23:00.000,199.52,149.34,-171.64,101.73
2025-08-19T04:24:00.000,199.54,149.35,-171.66,101.72
2025-08-19T04:25:00.000,199.57,149.36,-171.71,101.71
2025-08-19T04:26:00.000,199.57,149.38,-171.74,101.66
2025-08-19T04:27:00.000,199.53,149.36,-171.66,101.70
2025-08-19T04:28:00.000,199.56,149.34,-171.67,101.76
2025-08-19T04:29:00.000,199.52,149.34,-171.63,101.74
2025-08-19T04:30:00.000,199.50,149.34,-171.62,101.73
2025-08-19T04:31:00.000,199.54,149.33,-171.62,101.80
2025-08-19T04:32:00.000,199.50,149.31,-171.55,101.83
2025-08-19T04:33:00.000,199.54,149.32,-171.61,101.82
2025-08-19T04:34:00.000,199.50,149.30,-171.54,101.86
2025-08-19T04:35:00.000,199.58,149.30,-171.60,101.91
2025-08-19T04:36:00.000,199.61,149.30,-171.64,101.90
2025-08-19T04:37:00.000,199.57,149.29,-171.59,101.91
2025-08-19T04:38:00.000,199.67,149.26,-171.62,102.06
2025-08-19T04:39:00.000,199.60,149.24,-171.52,102.09
2025-08-19T04:40:00.000,199.64,149.24,-171.55,102.10
2025-08-19T04:41:00.000,199.63,149.25,-171.58,102.06
2025-08-19T04:42:00.000,199.64,149.25,-171.58,102.06
2025-08-19T04:43:00.000,199.60,149.26,-171.55,102.03
2025-08-19T04:44:00.000,199.56,149.23,-171.48,102.08
2025-08-19T04:45:00.000,199.60,149.25,-171.53,102.07
2025-08-19T04:46:00.000,199.57,149.26,-171.52,102.02
2025-08-19T04:47:00.000,199.55,149.25,-171.49,102.03
2025-08-19T04:48:00.000,199.61,149.22,-171.49,102.15
2025-08-19T04:49:00.000,199.60,149.22,-171.48,102.14
2025-08-19T04:50:00.000,199.58,149.23,-171.48,102.12
2025-08-19T04:51:00.000,199.55,149.22,-171.44,102.13
2025-08-19T04:52:00.000,199.52,149.24,-171.44,102.06
2025-08-19T04:53:00.000,199.51,149.21,-171.38,102.13
2025-08-19T04:54:00.000,199.61,149.20,-171.46,102.21
2025-08-19T04:55:00.000,199.57,149.23,-171.47,102.11
2025-08-19T04:56:00.000,199.57,149.19,-171.41,102.21
2025-08-19T04:57:00.000,199.60,149.22,-171.49,102.14
2025-08-19T04:58:00.000,199.60,149.22,-171.49,102.13
2025-08-19T04:59:00.000,199.56,149.20,-171.41,102.19
2025-08-19T05:00:00.000,199.56,149.19,-171.40,102.20
2025-08-19T05:01:00.000,199.60,149.18,-171.41,102.27
2025-08-19T05:02:00.000,199.61,149.20,-171.46,102.21
2025-08-19T05:03:00.000,199.60,149.20,-171.46,102.19
2025-08-19T05:04:00.000,199.63,149.21,-171.50,102.18
2025-08-19T05:05:00.000,199.59,149.20,-171.44,102.19
2025-08-19T05:06:00.000,199.55,149.17,-171.35,102.27
2025-08-19T05:07:00.000,199.52,149.17,-171.32,102.25
2025-08-19T05:08:00.000,199.58,149.17,-171.38,102.27
2025-08-19T05:09:00.000,199.56,149.15,-171.32,102.33
2025-08-19T05:10:00.000,199.55,149.19,-171.38,102.21
2025-08-19T05:11:00.000,199.59,149.15,-171.35,102.35
2025-08-19T05:12:00.000,199.59,149.13,-171.32,102.40
2025-08-19T05:13:00.000,199.57,149.16,-171.35,102.31
2025-08-19T05:14:00.000,199.61,149.16,-171.39,102.32
2025-08-19T05:15:00.000,199.58,149.16,-171.37,102.31
2025-08-19T05:16:00.000,199.63,149.14,-171.37,102.40
2025-08-19T05:17:00.000,199.68,149.17,-171.47,102.32
2025-08-19T05:18:00.000,199.57,149.12,-171.27,102.44
2025-08-19T05:19:00.000,199.65,149.14,-171.38,102.42
2025-08-19T05:20:00.000,199.62,149.11,-171.31,102.48
2025-08-19T05:21:00.000,199.61,149.13,-171.33,102.41
2025-08-19T05:22:00.000,199.59,149.10,-171.26,102.49
2025-08-19T05:23:00.000,199.64,149.13,-171.36,102.42
2025-08-19T05:24:00.000,199.61,149.12,-171.32,102.44
2025-08-19T05:25:00.000,199.62,149.14,-171.36,102.40
2025-08-19T05:26:00.000,199.66,149.13,-171.38,102.45
2025-08-19T05:27:00.000,199.64,149.13,-171.36,102.43
2025-08-19T05:28:00.000,199.72,149.13,-171.42,102.48
2025-08-19T05:29:00.000,199.67,149.10,-171.33,102.53
2025-08-19T05:30:00.000,199.68,149.11,-171.35,102.53
2025-08-19T05:31:00.000,199.58,149.09,-171.24,102.52
2025-08-19T05:32:00.000,199.68,149.10,-171.34,102.54
2025-08-19T05:33:00.000,199.69,149.10,-171.35,102.54
2025-08-19T05:34:00.000,199.63,149.10,-171.29,102.52
2025-08-19T05:35:00.000,199.62,149.09,-171.26,102.55
2025-08-19T05:36:00.000,199.66,149.10,-171.31,102.55
2025-08-19T05:37:00.000,199.70,149.14,-171.42,102.45
2025-08-19T05:38:00.000,199.65,149.11,-171.33,102.50
2025-08-19T05:39:00.000,199.65,149.11,-171.33,102.49
2025-08-19T05:40:00.000,199.62,149.10,-171.29,102.51
2025-08-19T05:41:00.000,199.64,149.12,-171.33,102.47
2025-08-19T05:42:00.000,199.66,149.08,-171.29,102.59
2025-08-19T05:43:00.000,199.65,149.09,-171.30,102.55
2025-08-19T05:44:00.000,199.72,149.12,-171.40,102.52
2025-08-19T05:45:00.000,199.66,149.12,-171.35,102.49
2025-08-19T05:46:00.000,199.67,149.11,-171.35,102.49
2025-08-19T05:47:00.000,199.64,149.10,-171.30,102.52
2025-08-19T05:48:00.000,199.70,149.13,-171.42,102.45
2025-08-19T05:49:00.000,199.70,149.12,-171.40,102.49
2025-08-19T05:50:00.000,199.63,149.12,-171.33,102.46
2025-08-19T05:51:00.000,199.64,149.11,-171.32,102.50
2025-08-19T05:52:00.000,199.66,149.14,-171.40,102.40
2025-08-19T05:53:00.000,199.69,149.13,-171.40,102.45
2025-08-19T05:54:00.000,199.62,149.15,-171.38,102.36
2025-08-19T05:55:00.000,199.66,149.12,-171.35,102.47
2025-08-19T05:56:00.000,199.63,149.14,-171.36,102.41
2025-08-19T05:57:00.000,199.64,149.12,-171.34,102.47
2025-08-19T05:58:00.000,199.64,149.15,-171.40,102.37
2025-08-19T05:59:00.000,199.57,149.12,-171.28,102.42
2025-08-19T06:00:00.000,199.69,149.13,-171.41,102.45
2025-08-19T06:01:00.000,199.56,149.10,-171.23,102.50
2025-08-19T06:02:00.000,199.67,149.17,-171.46,102.32
2025-08-19T06:03:00.000,199.65,149.18,-171.45,102.30
2025-08-19T06:04:00.000,199.61,149.15,-171.37,102.35
2025-08-19T06:05:00.000,199.67,149.16,-171.45,102.35
2025-08-19T06:06:00.000,199.61,149.15,-171.38,102.35
2025-08-19T06:07:00.000,199.61,149.16,-171.38,102.34
2025-08-19T06:08:00.000,199.63,149.16,-171.39,102.35
2025-08-19T06:09:00.000,199.61,149.18,-171.42,102.28
2025-08-19T06:10:00.000,199.61,149.19,-171.44,102.24
2025-08-19T06:11:00.000,199.61,149.16,-171.39,102.34
2025-08-19T06:12:00.000,199.64,149.17,-171.43,102.31
2025-08-19T06:13:00.000,199.66,149.20,-171.49,102.25
2025-08-19T06:14:00.000,199.61,149.17,-171.40,102.30
2025-08-19T06:15:00.000,199.62,149.16,-171.40,102.33
2025-08-19T06:16:00.000,199.63,149.17,-171.43,102.30
2025-08-19T06:17:00.000,199.58,149.14,-171.33,102.37
2025-08-19T06:18:00.000,199.58,149.14,-171.32,102.38
2025-08-19T06:19:00.000,199.66,149.11,-171.33,102.52
2025-08-19T06:20:00.000,199.63,149.11,-171.31,102.48
2025-08-19T06:21:00.000,199.58,149.10,-171.26,102.49
2025-08-19T06:22:00.000,199.64,149.15,-171.40,102.36
2025-08-19T06:23:00.000,199.63,149.16,-171.41,102.34
2025-08-19T06:24:00.000,199.67,149.17,-171.45,102.34
2025-08-19T06:25:00.000,199.60,149.14,-171.34,102.39
2025-08-19T06:26:00.000,199.63,149.12,-171.33,102.45
2025-08-19T06:27:00.000,199.67,149.10,-171.32,102.55
2025-08-19T06:28:00.000,199.66,149.13,-171.38,102.43
2025-08-19T06:29:00.000,199.66,149.12,-171.35,102.49
2025-08-19T06:30:00.000,199.66,149.11,-171.34,102.52
2025-08-19T06:31:00.000,199.68,149.10,-171.35,102.53
2025-08-19T06:32:00.000,199.69,149.12,-171.39,102.48
2025-08-19T06:33:00.000,199.69,149.13,-171.41,102.45
2025-08-19T06:34:00.000,199.73,149.14,-171.46,102.44
2025-08-19T06:35:00.000,199.73,149.17,-171.50,102.37
2025-08-19T06:36:00.000,199.74,149.16,-171.49,102.41
2025-08-19T06:37:00.000,199.69,149.13,-171.41,102.45
2025-08-19T06:38:00.000,199.68,149.11,-171.36,102.51
2025-08-19T06:39:00.000,199.66,149.11,-171.34,102.50
2025-08-19T06:40:00.000,199.72,149.12,-171.41,102.49
2025-08-19T06:41:00.000,199.69,149.12,-171.38,102.50
2025-08-19T06:42:00.000,199.73,149.13,-171.43,102.48
2025-08-19T06:43:00.000,199.74,149.11,-171.41,102.54
2025-08-19T06:44:00.000,199.72,149.13,-171.43,102.46
2025-08-19T06:45:00.000,199.80,149.12,-171.47,102.55
2025-08-19T06:46:00.000,199.76,149.08,-171.37,102.64
2025-08-19T06:47:00.000,199.74,149.15,-171.48,102.44
2025-08-19T06:48:00.000,199.70,149.09,-171.34,102.59
2025-08-19T06:49:00.000,199.71,149.11,-171.39,102.52
2025-08-19T06:50:00.000,199.74,149.12,-171.43,102.51
2025-08-19T06:51:00.000,199.75,149.09,-171.38,102.61
2025-08-19T06:52:00.000,199.87,149.11,-171.53,102.60
2025-08-19T06:53:00.000,199.73,149.07,-171.33,102.65
2025-08-19T06:54:00.000,199.76,149.08,-171.38,102.64
2025-08-19T06:55:00.000,199.75,149.06,-171.33,102.69
2025-08-19T06:56:00.000,199.84,149.08,-171.44,102.69
2025-08-19T06:57:00.000,199.78,149.08,-171.39,102.65
2025-08-19T06:58:00.000,199.84,149.08,-171.44,102.69
2025-08-19T06:59:00.000,199.83,149.08,-171.44,102.66
2025-08-19T07:00:00.000,199.77,149.06,-171.34,102.71
2025-08-19T07:01:00.000,199.85,149.08,-171.45,102.69
2025-08-19T07:02:00.000,199.89,149.08,-171.48,102.71
2025-08-19T07:03:00.000,199.86,149.07,-171.43,102.74
2025-08-19T07:04:00.000,199.92,149.04,-171.44,102.84
2025-08-19T07:05:00.000,199.92,149.05,-171.46,102.82
2025-08-19T07:06:00.000,199.96,149.05,-171.48,102.84
2025-08-19T07:07:00.000,199.96,149.00,-171.40,102.98
2025-08-19T07:08:00.000,199.98,148.99,-171.39,103.04
2025-08-19T07:09:00.000,199.96,148.96,-171.33,103.11
2025-08-19T07:10:00.000,199.90,148.94,-171.25,103.12
2025-08-19T07:11:00.000,199.99,148.96,-171.35,103.13
2025-08-19T07:12:00.000,199.99,148.94,-171.31,103.19
2025-08-19T07:13:00.000,200.07,148.97,-171.43,103.15
2025-08-19T07:14:00.000,200.04,148.97,-171.41,103.13
2025-08-19T07:15:00.000,200.04,148.97,-171.41,103.12
2025-08-19T07:16:00.000,200.04,148.97,-171.41,103.11
2025-08-19T07:17:00.000,200.02,148.95,-171.35,103.18
2025-08-19T07:18:00.000,200.06,148.95,-171.40,103.18
2025-08-19T07:19:00.000,200.02,148.94,-171.34,103.19
2025-08-19T07:20:00.000,200.03,148.96,-171.39,103.14
2025-08-19T07:21:00.000,200.07,148.97,-171.44,103.12
2025-08-19T07:22:00.000,200.14,148.96,-171.49,103.19
2025-08-19T07:23:00.000,200.07,148.95,-171.40,103.20
2025-08-19T07:24:00.000,200.12,148.95,-171.44,103.22
2025-08-19T07:25:00.000,200.09,148.92,-171.37,103.30
2025-08-19T07:26:00.000,200.12,148.93,-171.41,103.27
2025-08-19T07:27:00.000,200.08,148.94,-171.38,103.24
2025-08-19T07:28:00.000,200.13,148.92,-171.40,103.31
2025-08-19T07:29:00.000,200.14,148.93,-171.43,103.29
2025-08-19T07:30:00.000,200.20,148.96,-171.53,103.23
2025-08-19T07:31:00.000,200.14,148.95,-171.47,103.23
2025-08-19T07:32:00.000,200.12,148.94,-171.43,103.25
2025-08-19T07:33:00.000,200.15,148.95,-171.47,103.22
2025-08-19T07:34:00.000,200.11,148.94,-171.42,103.25
2025-08-19T07:35:00.000,200.15,148.92,-171.42,103.33
2025-08-19T07:36:00.000,200.15,148.93,-171.43,103.31
2025-08-19T07:37:00.000,200.22,148.92,-171.48,103.37
2025-08-19T07:38:00.000,200.21,148.81,-171.27,103.70
2025-08-19T07:39:00.000,200.21,148.92,-171.47,103.37
2025-08-19T07:40:00.000,200.20,148.90,-171.44,103.40
2025-08-19T07:41:00.000,200.17,148.94,-171.47,103.27
2025-08-19T07:42:00.000,200.26,148.97,-171.60,103.24
2025-08-19T07:43:00.000,200.30,149.00,-171.69,103.16
2025-08-19T07:44:00.000,200.33,149.01,-171.73,103.16
2025-08-19T07:45:00.000,200.35,148.97,-171.67,103.29
2025-08-19T07:46:00.000,200.33,148.99,-171.69,103.22
2025-08-19T07:47:00.000,200.34,148.98,-171.69,103.23
2025-08-19T07:48:00.000,200.37,148.97,-171.70,103.28
2025-08-19T07:49:00.000,200.38,148.93,-171.63,103.42
2025-08-19T07:50:00.000,200.47,148.97,-171.77,103.35
2025-08-19T07:51:00.000,200.41,148.94,-171.68,103.39
2025-08-19T07:52:00.000,200.41,148.96,-171.72,103.33
2025-08-19T07:53:00.000,200.42,148.97,-171.75,103.30
2025-08-19T07:54:00.000,200.45,149.00,-171.82,103.24
2025-08-19T07:55:00.000,200.46,148.97,-171.78,103.32
2025-08-19T07:56:00.000,200.46,148.95,-171.74,103.40
2025-08-19T07:57:00.000,200.49,148.92,-171.71,103.50
2025-08-19T07:58:00.000,200.44,148.88,-171.60,103.58
2025-08-19T07:59:00.000,200.54,148.91,-171.74,103.54
2025-08-19T08:00:00.000,200.49,148.88,-171.63,103.63
2025-08-19T08:01:00.000,200.50,148.89,-171.65,103.60
2025-08-19T08:02:00.000,200.45,148.84,-171.52,103.72
2025-08-19T08:03:00.000,200.53,148.83,-171.58,103.79
2025-08-19T08:04:00.000,200.51,148.80,-171.51,103.87
2025-08-19T08:05:00.000,200.57,148.83,-171.60,103.82
2025-08-19T08:06:00.000,200.53,148.81,-171.54,103.85
2025-08-19T08:07:00.000,200.51,148.79,-171.49,103.91
2025-08-19T08:08:00.000,200.60,148.84,-171.66,103.80
2025-08-19T08:09:00.000,200.59,148.81,-171.59,103.88
2025-08-19T08:10:00.000,200.62,148.80,-171.61,103.91
2025-08-19T08:11:00.000,200.65,148.78,-171.59,104.01
2025-08-19T08:12:00.000,200.62,148.76,-171.54,104.04
2025-08-19T08:13:00.000,200.71,148.76,-171.60,104.09
2025-08-19T08:14:00.000,200.65,148.81,-171.64,103.92
2025-08-19T08:15:00.000,200.66,148.80,-171.64,103.94
2025-08-19T08:16:00.000,200.65,148.81,-171.64,103.92
2025-08-19T08:17:00.000,200.77,148.85,-171.83,103.84
2025-08-19T08:18:00.000,200.73,148.84,-171.78,103.85
2025-08-19T08:19:00.000,200.83,148.87,-171.91,103.83
2025-08-19T08:20:00.000,200.80,148.82,-171.81,103.95
2025-08-19T08:21:00.000,200.83,148.80,-171.79,104.02
2025-08-19T08:22:00.000,200.88,148.77,-171.78,104.14
2025-08-19T08:23:00.000,200.90,148.81,-171.87,104.03
2025-08-19T08:24:00.000,200.95,148.85,-171.97,103.96
2025-08-19T08:25:00.000,200.97,148.87,-172.02,103.91
2025-08-19T08:26:00.000,200.96,148.86,-172.00,103.93
2025-08-19T08:27:00.000,201.02,148.84,-172.01,104.03
2025-08-19T08:28:00.000,201.07,148.82,-172.03,104.10
2025-08-19T08:29:00.000,200.97,148.76,-171.83,104.24
2025-08-19T08:30:00.000,201.08,148.79,-171.98,104.19
2025-08-19T08:31:00.000,201.09,148.75,-171.93,104.31
2025-08-19T08:32:00.000,201.12,148.78,-171.99,104.26
2025-08-19T08:33:00.000,201.22,148.76,-172.05,104.35
2025-08-19T08:34:00.000,201.26,148.75,-172.06,104.41
2025-08-19T08:35:00.000,201.28,148.75,-172.08,104.41
2025-08-19T08:36:00.000,201.25,148.74,-172.04,104.43
2025-08-19T08:37:00.000,201.32,148.73,-172.08,104.49
2025-08-19T08:38:00.000,201.35,148.71,-172.05,104.59
2025-08-19T08:39:00.000,201.29,148.67,-171.94,104.65
2025-08-19T08:40:00.000,201.27,148.69,-171.96,104.58
2025-08-19T08:41:00.000,201.28,148.74,-172.05,104.45
2025-08-19T08:42:00.000,201.28,148.76,-172.10,104.38
2025-08-19T08:43:00.000,201.26,148.76,-172.07,104.39
2025-08-19T08:44:00.000,201.30,148.74,-172.08,104.46
2025-08-19T08:45:00.000,201.35,148.73,-172.09,104.53
2025-08-19T08:46:00.000,201.33,148.71,-172.04,104.56
2025-08-19T08:47:00.000,201.44,148.72,-172.16,104.58
2025-08-19T08:48:00.000,201.38,148.69,-172.06,104.64
2025-08-19T08:49:00.000,201.38,148.70,-172.06,104.63
2025-08-19T08:50:00.000,201.30,148.73,-172.06,104.49
2025-08-19T08:51:00.000,201.26,148.74,-172.03,104.45
2025-08-19T08:52:00.000,201.34,148.79,-172.20,104.33
2025-08-19T08:53:00.000,201.20,148.75,-172.00,104.38
2025-08-19T08:54:00.000,201.32,148.80,-172.21,104.28
2025-08-19T08:55:00.000,201.28,148.79,-172.15,104.29
2025-08-19T08:56:00.000,201.32,148.79,-172.19,104.31
2025-08-19T08:57:00.000,201.35,148.79,-172.21,104.33
2025-08-19T08:58:00.000,201.34,148.79,-172.21,104.31
2025-08-19T08:59:00.000,201.37,148.82,-172.28,104.26
2025-08-19T09:00:00.000,201.39,148.78,-172.22,104.39
2025-08-19T09:01:00.000,201.42,148.75,-172.20,104.48
2025-08-19T09:02:00.000,201.37,148.78,-172.20,104.39
2025-08-19T09:03:00.000,201.43,148.76,-172.21,104.48
2025-08-19T09:04:00.000,201.42,148.81,-172.30,104.32
2025-08-19T09:05:00.000,201.38,148.75,-172.16,104.47
2025-08-19T09:06:00.000,201.48,148.76,-172.26,104.51
2025-08-19T09:07:00.000,201.52,148.73,-172.24,104.61
2025-08-19T09:08:00.000,201.49,148.72,-172.21,104.61
2025-08-19T09:09:00.000,201.46,148.75,-172.23,104.52
2025-08-19T09:10:00.000,201.50,148.76,-172.29,104.49
2025-08-19T09:11:00.000,201.53,148.77,-172.32,104.49
2025-08-19T09:12:00.000,201.47,148.74,-172.23,104.53
2025-08-19T09:13:00.000,201.50,148.76,-172.28,104.51
2025-08-19T09:14:00.000,201.54,148.78,-172.35,104.46
2025-08-19T09:15:00.000,201.55,148.76,-172.33,104.53
2025-08-19T09:16:00.000,201.58,148.75,-172.34,104.57
2025-08-19T09:17:00.000,201.62,148.72,-172.31,104.69
2025-08-19T09:18:00.000,201.60,148.70,-172.26,104.73
2025-08-19T09:19:00.000,201.66,148.68,-172.27,104.84
2025-08-19T09:20:00.000,201.73,148.70,-172.36,104.81
2025-08-19T09:21:00.000,201.76,148.76,-172.51,104.63
2025-08-19T09:22:00.000,201.77,148.71,-172.42,104.79
2025-08-19T09:23:00.000,201.87,148.62,-172.35,105.11
2025-08-19T09:24:00.000,201.90,148.58,-172.31,105.24
2025-08-19T09:25:00.000,202.01,148.63,-172.49,105.15
2025-08-19T09:26:00.000,202.08,148.58,-172.46,105.34
2025-08-19T09:27:00.000,202.13,148.60,-172.54,105.30
2025-08-19T09:28:00.000,202.16,148.60,-172.56,105.32
2025-08-19T09:29:00.000,202.13,148.55,-172.44,105.45
2025-08-19T09:30:00.000,202.10,148.58,-172.46,105.35
2025-08-19T09:31:00.000,202.10,148.54,-172.40,105.48
2025-08-19T09:32:00.000,202.08,148.47,-172.25,105.66
2025-08-19T09:33:00.000,202.01,148.58,-172.39,105.30
2025-08-19T09:34:00.000,201.98,148.62,-172.44,105.16
2025-08-19T09:35:00.000,201.81,148.61,-172.27,105.11
2025-08-19T09:36:00.000,201.88,148.60,-172.32,105.18
2025-08-19T09:37:00.000,201.91,148.61,-172.35,105.17
2025-08-19T09:38:00.000,201.85,148.58,-172.26,105.22
2025-08-19T09:39:00.000,201.81,148.58,-172.21,105.22
2025-08-19T09:40:00.000,201.78,148.63,-172.28,105.04
2025-08-19T09:41:00.000,201.76,148.64,-172.28,105.01
2025-08-19T09:42:00.000,201.74,148.62,-172.23,105.05
2025-08-19T09:43:00.000,201.63,148.62,-172.14,104.99
2025-08-19T09:44:00.000,201.73,148.66,-172.29,104.93
2025-08-19T09:45:00.000,201.71,148.69,-172.34,104.81
2025-08-19T09:46:00.000,201.71,148.66,-172.29,104.90
2025-08-19T09:47:00.000,201.62,148.63,-172.16,104.95
2025-08-19T09:48:00.000,201.70,148.66,-172.27,104.92
2025-08-19T09:49:00.000,201.67,148.64,-172.20,104.96
2025-08-19T09:50:00.000,201.69,148.62,-172.19,105.02
2025-08-19T09:51:00.000,201.66,148.64,-172.20,104.93
2025-08-19T09:52:00.000,201.70,148.68,-172.30,104.86
2025-08-19T09:53:00.000,201.70,148.65,-172.26,104.93
2025-08-19T09:54:00.000,201.65,148.65,-172.22,104.90
2025-08-19T09:55:00.000,201.67,148.66,-172.24,104.90
2025-08-19T09:56:00.000,201.73,148.64,-172.27,104.97
2025-08-19T09:57:00.000,201.71,148.60,-172.18,105.09
2025-08-19T09:58:00.000,201.73,148.61,-172.21,105.06
2025-08-19T09:59:00.000,201.74,148.60,-172.20,105.10
2025-08-19T10:00:00.000,201.75,148.61,-172.23,105.08
2025-08-19T10:01:00.000,201.77,148.59,-172.21,105.15
2025-08-19T10:02:00.000,201.80,148.58,-172.21,105.20
2025-08-19T10:03:00.000,201.80,148.61,-172.27,105.11
2025-08-19T10:04:00.000,201.72,148.66,-172.28,104.93
2025-08-19T10:05:00.000,201.78,148.66,-172.33,104.96
2025-08-19T10:06:00.000,201.75,148.67,-172.33,104.90
2025-08-19T10:07:00.000,201.71,148.66,-172.29,104.90
2025-08-19T10:08:00.000,201.75,148.68,-172.34,104.89
2025-08-19T10:09:00.000,201.70,148.64,-172.24,104.96
2025-08-19T10:10:00.000,201.77,148.63,-172.27,105.03
2025-08-19T10:11:00.000,201.73,148.64,-172.27,104.97
2025-08-19T10:12:00.000,201.73,148.66,-172.31,104.91
2025-08-19T10:13:00.000,201.74,148.66,-172.31,104.92
2025-08-19T10:14:00.000,201.71,148.65,-172.27,104.93
2025-08-19T10:15:00.000,201.68,148.65,-172.24,104.92
2025-08-19T10:16:00.000,201.76,148.68,-172.36,104.87
2025-08-19T10:17:00.000,201.71,148.66,-172.27,104.92
2025-08-19T10:18:00.000,201.75,148.69,-172.37,104.84
2025-08-19T10:19:00.000,201.67,148.67,-172.26,104.86
2025-08-19T10:20:00.000,201.72,148.64,-172.25,104.99
2025-08-19T10:21:00.000,201.68,148.63,-172.20,104.98
2025-08-19T10:22:00.000,201.70,148.63,-172.22,104.99
2025-08-19T10:23:00.000,201.72,148.60,-172.18,105.11
2025-08-19T10:24:00.000,201.64,148.58,-172.08,105.11
2025-08-19T10:25:00.000,201.72,148.58,-172.14,105.16
2025-08-19T10:26:00.000,201.67,148.55,-172.04,105.23
2025-08-19T10:27:00.000,201.70,148.56,-172.08,105.22
2025-08-19T10:28:00.000,201.70,148.54,-172.05,105.28
2025-08-19T10:29:00.000,201.69,148.51,-171.98,105.36
2025-08-19T10:30:00.000,201.70,148.49,-171.96,105.42
2025-08-19T10:31:00.000,201.70,148.47,-171.92,105.48
2025-08-19T10:32:00.000,201.63,148.48,-171.88,105.42
2025-08-19T10:33:00.000,201.68,148.47,-171.91,105.45
2025-08-19T10:34:00.000,201.71,148.45,-171.90,105.55
2025-08-19T10:35:00.000,201.78,148.44,-171.94,105.60
2025-08-19T10:36:00.000,201.85,148.48,-172.07,105.51
2025-08-19T10:37:00.000,201.81,148.44,-171.96,105.63
2025-08-19T10:38:00.000,201.87,148.48,-172.09,105.53
2025-08-19T10:39:00.000,201.90,148.50,-172.14,105.50
2025-08-19T10:40:00.000,201.88,148.47,-172.07,105.59
2025-08-19T10:41:00.000,201.90,148.49,-172.13,105.53
2025-08-19T10:42:00.000,201.83,148.47,-172.04,105.53
2025-08-19T10:43:00.000,201.89,148.49,-172.12,105.51
2025-08-19T10:44:00.000,201.89,148.48,-172.10,105.55
2025-08-19T10:45:00.000,201.84,148.49,-172.08,105.49
2025-08-19T10:46:00.000,201.88,148.50,-172.12,105.50
2025-08-19T10:47:00.000,201.85,148.54,-172.18,105.33
2025-08-19T10:48:00.000,201.76,148.51,-172.05,105.40
2025-08-19T10:49:00.000,201.79,148.50,-172.06,105.42
2025-08-19T10:50:00.000,201.76,148.50,-172.02,105.42
2025-08-19T10:51:00.000,201.77,148.53,-172.10,105.33
2025-08-19T10:52:00.000,201.76,148.56,-172.15,105.23
2025-08-19T10:53:00.000,201.78,148.58,-172.19,105.19
2025-08-19T10:54:00.000,201.77,148.53,-172.10,105.33
2025-08-19T10:55:00.000,201.87,148.56,-172.23,105.30
2025-08-19T10:56:00.000,201.80,148.52,-172.11,105.37
2025-08-19T10:57:00.000,201.76,148.52,-172.06,105.35
2025-08-19T10:58:00.000,201.79,148.53,-172.11,105.35
2025-08-19T10:59:00.000,201.76,148.50,-172.03,105.41
2025-08-19T11:00:00.000,201.73,148.52,-172.04,105.35
2025-08-19T11:01:00.000,201.79,148.52,-172.09,105.37
2025-08-19T11:02:00.000,201.82,148.54,-172.16,105.32
2025-08-19T11:03:00.000,201.85,148.54,-172.18,105.35
2025-08-19T11:04:00.000,201.77,148.56,-172.14,105.26
2025-08-19T11:05:00.000,201.86,148.57,-172.25,105.26
2025-08-19T11:06:00.000,201.94,148.59,-172.34,105.25
2025-08-19T11:07:00.000,201.92,148.60,-172.35,105.19
2025-08-19T11:08:00.000,201.96,148.57,-172.33,105.32
2025-08-19T11:09:00.000,202.04,148.51,-172.30,105.52
2025-08-19T11:10:00.000,202.08,148.57,-172.44,105.37
2025-08-19T11:11:00.000,202.18,148.59,-172.55,105.37
2025-08-19T11:12:00.000,202.20,148.62,-172.62,105.30
2025-08-19T11:13:00.000,202.16,148.61,-172.57,105.31
2025-08-19T11:14:00.000,202.19,148.63,-172.62,105.27
2025-08-19T11:15:00.000,202.14,148.61,-172.55,105.30
2025-08-19T11:16:00.000,202.24,148.66,-172.73,105.19
2025-08-19T11:17:00.000,202.22,148.66,-172.72,105.17
2025-08-19T11:18:00.000,202.22,148.64,-172.68,105.25
2025-08-19T11:19:00.000,202.25,148.61,-172.65,105.35
2025-08-19T11:20:00.000,202.27,148.68,-172.80,105.14
2025-08-19T11:21:00.000,202.26,148.68,-172.78,105.15
2025-08-19T11:22:00.000,202.28,148.69,-172.83,105.11
2025-08-19T11:23:00.000,202.36,148.72,-172.95,105.07
2025-08-19T11:24:00.000,202.35,148.71,-172.91,105.11
2025-08-19T11:25:00.000,202.43,148.71,-172.99,105.13
2025-08-19T11:26:00.000,31.97,320.94,24.82,-20.14
2025-08-19T11:27:00.000,57.53,96.44,-6.46,57.17
2025-08-19T11:28:00.000,46.24,214.01,-38.33,-25.86
