ISO 8601 Time,Temperature (C)
2025-06-24T12:27:00.000,34.0789
2025-06-24T12:28:00.000,33.5510
2025-06-24T12:29:00.000,32.6000
2025-06-24T12:30:00.000,31.5880
2025-06-24T12:31:00.000,30.6914
2025-06-24T12:32:00.000,29.9440
2025-06-24T12:33:00.000,29.2152
2025-06-24T12:34:00.000,28.5202
2025-06-24T12:35:00.000,27.7798
2025-06-24T12:36:00.000,26.9989
2025-06-24T12:37:00.000,26.2395
2025-06-24T12:38:00.000,25.5162
2025-06-24T12:39:00.000,24.8602
2025-06-24T12:40:00.000,24.3452
2025-06-24T12:41:00.000,23.9630
2025-06-24T12:42:00.000,23.6464
2025-06-24T12:43:00.000,23.3951
2025-06-24T12:44:00.000,23.2406
2025-06-24T12:45:00.000,23.1303
2025-06-24T12:46:00.000,23.0931
2025-06-24T12:47:00.000,23.0766
2025-06-24T12:48:00.000,23.0959
2025-06-24T12:49:00.000,23.1565
2025-06-24T12:50:00.000,23.1703
2025-06-24T12:51:00.000,23.1027
2025-06-24T12:52:00.000,23.0476
2025-06-24T12:53:00.000,23.0394
2025-06-24T12:54:00.000,23.0793
2025-06-24T12:55:00.000,23.1193
2025-06-24T12:56:00.000,23.0986
2025-06-24T12:57:00.000,23.1262
2025-06-24T12:58:00.000,23.1551
2025-06-24T12:59:00.000,23.1358
2025-06-24T13:00:00.000,23.0931
2025-06-24T13:01:00.000,23.0655
2025-06-24T13:02:00.000,23.0835
2025-06-24T13:03:00.000,23.1730
2025-06-24T13:04:00.000,23.2958
2025-06-24T13:05:00.000,23.3634
2025-06-24T13:06:00.000,23.4213
2025-06-24T13:07:00.000,23.4365
2025-06-24T13:08:00.000,23.4972
2025-06-24T13:09:00.000,23.5028
2025-06-24T13:10:00.000,23.5704
2025-06-24T13:11:00.000,23.5925
2025-06-24T13:12:00.000,23.6340
2025-06-24T13:13:00.000,23.6961
2025-06-24T13:14:00.000,23.8108
2025-06-24T13:15:00.000,23.9339
2025-06-24T13:16:00.000,24.0626
2025-06-24T13:17:00.000,24.0557
2025-06-24T13:18:00.000,24.0031
2025-06-24T13:19:00.000,23.9464
2025-06-24T13:20:00.000,23.9173
2025-06-24T13:21:00.000,23.8938
2025-06-24T13:22:00.000,23.8205
2025-06-24T13:23:00.000,23.7652
2025-06-24T13:24:00.000,23.6892
2025-06-24T13:25:00.000,23.5773
2025-06-24T13:26:00.000,23.4006
2025-06-24T13:27:00.000,23.2048
2025-06-24T13:28:00.000,23.0132
2025-06-24T13:29:00.000,22.8892
2025-06-24T13:30:00.000,22.7612
2025-06-24T13:31:00.000,22.7103
2025-06-24T13:32:00.000,22.7309
2025-06-24T13:33:00.000,22.7653
2025-06-24T13:34:00.000,22.7928
2025-06-24T13:35:00.000,22.8341
2025-06-24T13:36:00.000,22.8465
2025-06-24T13:37:00.000,22.8314
2025-06-24T13:38:00.000,22.8383
2025-06-24T13:39:00.000,22.8066
2025-06-24T13:40:00.000,22.7213
2025-06-24T13:41:00.000,22.6305
2025-06-24T13:42:00.000,22.5314
2025-06-24T13:43:00.000,22.4544
2025-06-24T13:44:00.000,22.3678
2025-06-24T13:45:00.000,22.2634
2025-06-24T13:46:00.000,22.1864
2025-06-24T13:47:00.000,22.0409
2025-06-24T13:48:00.000,21.8940
2025-06-24T13:49:00.000,21.7622
2025-06-24T13:50:00.000,21.6402
2025-06-24T13:51:00.000,21.5826
2025-06-24T13:52:00.000,21.5346
2025-06-24T13:53:00.000,21.4880
2025-06-24T13:54:00.000,21.5003
2025-06-24T13:55:00.000,21.5291
2025-06-24T13:56:00.000,21.5935
2025-06-24T13:57:00.000,21.6292
2025-06-24T13:58:00.000,21.7280
2025-06-24T13:59:00.000,21.8350
2025-06-24T14:00:00.000,21.9530
2025-06-24T14:01:00.000,22.0450
2025-06-24T14:02:00.000,22.1301
2025-06-24T14:03:00.000,22.2661
2025-06-24T14:04:00.000,22.3486
2025-06-24T14:05:00.000,22.4778
2025-06-24T14:06:00.000,22.6071
2025-06-24T14:07:00.000,22.7584
2025-06-24T14:08:00.000,22.9030
2025-06-24T14:09:00.000,22.9498
2025-06-24T14:10:00.000,22.9815
2025-06-24T14:11:00.000,23.0518
2025-06-24T14:12:00.000,23.1303
2025-06-24T14:13:00.000,23.1579
2025-06-24T14:14:00.000,23.1469
2025-06-24T14:15:00.000,23.1344
2025-06-24T14:16:00.000,23.1537
2025-06-24T14:17:00.000,23.2723
2025-06-24T14:18:00.000,23.5069
2025-06-24T14:19:00.000,23.5815
2025-06-24T14:20:00.000,23.4765
2025-06-24T14:21:00.000,23.2889
2025-06-24T14:22:00.000,23.0504
2025-06-24T14:23:00.000,22.8135
2025-06-24T14:24:00.000,22.5686
2025-06-24T14:25:00.000,22.3307
2025-06-24T14:26:00.000,22.1013
2025-06-24T14:27:00.000,21.8679
2025-06-24T14:28:00.000,21.6566
2025-06-24T14:29:00.000,21.4852
2025-06-24T14:30:00.000,21.4345
2025-06-24T14:31:00.000,21.3893
2025-06-24T14:32:00.000,21.3797
2025-06-24T14:33:00.000,21.3660
2025-06-24T14:34:00.000,21.2933
2025-06-24T14:35:00.000,21.1892
2025-06-24T14:36:00.000,20.9865
2025-06-24T14:37:00.000,20.9577
2025-06-24T14:38:00.000,21.0549
2025-06-24T14:39:00.000,21.2193
2025-06-24T14:40:00.000,21.2413
2025-06-24T14:41:00.000,21.1166
2025-06-24T14:42:00.000,20.9440
2025-06-24T14:43:00.000,20.6524
2025-06-24T14:44:00.000,20.3213
2025-06-24T14:45:00.000,19.9178
2025-06-24T14:46:00.000,19.6211
2025-06-24T14:47:00.000,19.3217
2025-06-24T14:48:00.000,19.0101
2025-06-24T14:49:00.000,18.7886
2025-06-24T14:50:00.000,18.6574
2025-06-24T14:51:00.000,18.3333
2025-06-24T14:52:00.000,18.1268
2025-06-24T14:53:00.000,18.0051
2025-06-24T14:54:00.000,17.8656
2025-06-24T14:55:00.000,17.6946
2025-06-24T14:56:00.000,17.4181
2025-06-24T14:57:00.000,17.1059
2025-06-24T14:58:00.000,16.8497
2025-06-24T14:59:00.000,16.6043
2025-06-24T15:00:00.000,16.3629
2025-06-24T15:01:00.000,16.0512
2025-06-24T15:02:00.000,15.8052
2025-06-24T15:03:00.000,15.6251
2025-06-24T15:04:00.000,15.5095
2025-06-24T15:05:00.000,15.5109
2025-06-24T15:06:00.000,15.6127
2025-06-24T15:07:00.000,15.7365
2025-06-24T15:08:00.000,15.8272
2025-06-24T15:09:00.000,15.8121
2025-06-24T15:10:00.000,15.7351
2025-06-24T15:11:00.000,15.6485
2025-06-24T15:12:00.000,15.5453
2025-06-24T15:13:00.000,15.4999
2025-06-24T15:14:00.000,15.4916
2025-06-24T15:15:00.000,15.5026
2025-06-24T15:16:00.000,15.4930
2025-06-24T15:17:00.000,15.4352
2025-06-24T15:18:00.000,15.3154
2025-06-24T15:19:00.000,15.1515
2025-06-24T15:20:00.000,15.0067
2025-06-24T15:21:00.000,14.8812
2025-06-24T15:22:00.000,14.7943
2025-06-24T15:23:00.000,14.7294
2025-06-24T15:24:00.000,14.6424
2025-06-24T15:25:00.000,14.4780
2025-06-24T15:26:00.000,14.2484
2025-06-24T15:27:00.000,14.0420
2025-06-24T15:28:00.000,13.8508
2025-06-24T15:29:00.000,13.6565
2025-06-24T15:30:00.000,13.5009
2025-06-24T15:31:00.000,13.4050
2025-06-24T15:32:00.000,13.3118
2025-06-24T15:33:00.000,13.2436
2025-06-24T15:34:00.000,13.1782
2025-06-24T15:35:00.000,13.1267
2025-06-24T15:36:00.000,13.0807
2025-06-24T15:37:00.000,13.0445
2025-06-24T15:38:00.000,13.0152
2025-06-24T15:39:00.000,12.9873
2025-06-24T15:40:00.000,12.9608
2025-06-24T15:41:00.000,13.1197
2025-06-24T15:42:00.000,13.3939
2025-06-24T15:43:00.000,13.6940
2025-06-24T15:44:00.000,14.0310
2025-06-24T15:45:00.000,14.3411
2025-06-24T15:46:00.000,14.6023
2025-06-24T15:47:00.000,14.8108
2025-06-24T15:48:00.000,14.9709
2025-06-24T15:49:00.000,15.0963
2025-06-24T15:50:00.000,15.1887
2025-06-24T15:51:00.000,15.1818
2025-06-24T15:52:00.000,15.0963
2025-06-24T15:53:00.000,14.9571
2025-06-24T15:54:00.000,14.8246
2025-06-24T15:55:00.000,14.7515
2025-06-24T15:56:00.000,14.6603
2025-06-24T15:57:00.000,14.5968
2025-06-24T15:58:00.000,14.5194
2025-06-24T15:59:00.000,14.4074
2025-06-24T16:00:00.000,14.2456
2025-06-24T16:01:00.000,14.1016
2025-06-24T16:02:00.000,13.9894
2025-06-24T16:03:00.000,13.9603
2025-06-24T16:04:00.000,13.9686
2025-06-24T16:05:00.000,14.0019
2025-06-24T16:06:00.000,14.0337
2025-06-24T16:07:00.000,14.0531
2025-06-24T16:08:00.000,14.0753
2025-06-24T16:09:00.000,14.1556
2025-06-24T16:10:00.000,14.3826
2025-06-24T16:11:00.000,14.4752
2025-06-24T16:12:00.000,14.5084
2025-06-24T16:13:00.000,14.4862
2025-06-24T16:14:00.000,14.4766
2025-06-24T16:15:00.000,14.4710
2025-06-24T16:16:00.000,14.5097
2025-06-24T16:17:00.000,14.5830
2025-06-24T16:18:00.000,14.5678
2025-06-24T16:19:00.000,14.4945
2025-06-24T16:20:00.000,14.4144
2025-06-24T16:21:00.000,14.2719
2025-06-24T16:22:00.000,14.1085
2025-06-24T16:23:00.000,13.8410
2025-06-24T16:24:00.000,13.5996
2025-06-24T16:25:00.000,13.3522
2025-06-24T16:26:00.000,13.1712
2025-06-24T16:27:00.000,13.0905
2025-06-24T16:28:00.000,12.9692
2025-06-24T16:29:00.000,12.8060
2025-06-24T16:30:00.000,12.6286
2025-06-24T16:31:00.000,12.5000
2025-06-24T16:32:00.000,12.3880
2025-06-24T16:33:00.000,12.3026
2025-06-24T16:34:00.000,12.2704
2025-06-24T16:35:00.000,12.3572
2025-06-24T16:36:00.000,12.4090
2025-06-24T16:37:00.000,12.4482
2025-06-24T16:38:00.000,12.5559
2025-06-24T16:39:00.000,12.6761
2025-06-24T16:40:00.000,12.8199
2025-06-24T16:41:00.000,12.9845
2025-06-24T16:42:00.000,13.1267
2025-06-24T16:43:00.000,13.2395
2025-06-24T16:44:00.000,13.2450
2025-06-24T16:45:00.000,13.2687
2025-06-24T16:46:00.000,13.2937
2025-06-24T16:47:00.000,13.2770
2025-06-24T16:48:00.000,13.2603
2025-06-24T16:49:00.000,13.2241
2025-06-24T16:50:00.000,13.2144
2025-06-24T16:51:00.000,13.2311
2025-06-24T16:52:00.000,13.2339
2025-06-24T16:53:00.000,13.2297
2025-06-24T16:54:00.000,13.1712
2025-06-24T16:55:00.000,13.1155
2025-06-24T16:56:00.000,13.0807
2025-06-24T16:57:00.000,13.0514
2025-06-24T16:58:00.000,13.0082
2025-06-24T16:59:00.000,12.9469
2025-06-24T17:00:00.000,12.8548
2025-06-24T17:01:00.000,12.7501
2025-06-24T17:02:00.000,12.6258
2025-06-24T17:03:00.000,12.4958
2025-06-24T17:04:00.000,12.3866
2025-06-24T17:05:00.000,12.2816
2025-06-24T17:06:00.000,12.1821
2025-06-24T17:07:00.000,12.1372
2025-06-24T17:08:00.000,12.1485
2025-06-24T17:09:00.000,12.2620
2025-06-24T17:10:00.000,12.4090
2025-06-24T17:11:00.000,12.5559
2025-06-24T17:12:00.000,12.6566
2025-06-24T17:13:00.000,12.6901
2025-06-24T17:14:00.000,12.6454
2025-06-24T17:15:00.000,12.5503
2025-06-24T17:16:00.000,12.4454
2025-06-24T17:17:00.000,12.3488
2025-06-24T17:18:00.000,12.2564
2025-06-24T17:19:00.000,12.1975
2025-06-24T17:20:00.000,12.1695
2025-06-24T17:21:00.000,12.1569
2025-06-24T17:22:00.000,12.1358
2025-06-24T17:23:00.000,12.1372
2025-06-24T17:24:00.000,12.1681
2025-06-24T17:25:00.000,12.2017
2025-06-24T17:26:00.000,12.2087
2025-06-24T17:27:00.000,12.1989
2025-06-24T17:28:00.000,12.1877
2025-06-24T17:29:00.000,12.1569
2025-06-24T17:30:00.000,12.1176
2025-06-24T17:31:00.000,12.0713
2025-06-24T17:32:00.000,12.0334
2025-06-24T17:33:00.000,12.0025
2025-06-24T17:34:00.000,11.9773
2025-06-24T17:35:00.000,11.9478
2025-06-24T17:36:00.000,11.9225
2025-06-24T17:37:00.000,11.9099
2025-06-24T17:38:00.000,11.9014
2025-06-24T17:39:00.000,11.8916
2025-06-24T17:40:00.000,11.8832
2025-06-24T17:41:00.000,11.8775
2025-06-24T17:42:00.000,11.8733
2025-06-24T17:43:00.000,11.8705
2025-06-24T17:44:00.000,11.8733
2025-06-24T17:45:00.000,11.8804
2025-06-24T17:46:00.000,11.8846
2025-06-24T17:47:00.000,11.8888
2025-06-24T17:48:00.000,11.8930
2025-06-24T17:49:00.000,11.8944
2025-06-24T17:50:00.000,11.8944
2025-06-24T17:51:00.000,11.9014
2025-06-24T17:52:00.000,11.9000
2025-06-24T17:53:00.000,11.8916
2025-06-24T17:54:00.000,11.8790
2025-06-24T17:55:00.000,11.8635
2025-06-24T17:56:00.000,11.8438
2025-06-24T17:57:00.000,11.8241
2025-06-24T17:58:00.000,11.8045
2025-06-24T17:59:00.000,11.7848
2025-06-24T18:00:00.000,11.7679
2025-06-24T18:01:00.000,11.7609
2025-06-24T18:02:00.000,11.7552
2025-06-24T18:03:00.000,11.7482
2025-06-24T18:04:00.000,11.7384
2025-06-24T18:05:00.000,11.7187
2025-06-24T18:06:00.000,11.6849
2025-06-24T18:07:00.000,11.6427
2025-06-24T18:08:00.000,11.6075
2025-06-24T18:09:00.000,11.5737
2025-06-24T18:10:00.000,11.5497
2025-06-24T18:11:00.000,11.5272
2025-06-24T18:12:00.000,11.5075
2025-06-24T18:13:00.000,11.4891
2025-06-24T18:14:00.000,11.4722
2025-06-24T18:15:00.000,11.4567
2025-06-24T18:16:00.000,11.4426
2025-06-24T18:17:00.000,11.4313
2025-06-24T18:18:00.000,11.4229
2025-06-24T18:19:00.000,11.4200
2025-06-24T18:20:00.000,11.4102
2025-06-24T18:21:00.000,11.3947
2025-06-24T18:22:00.000,11.3763
2025-06-24T18:23:00.000,11.3594
2025-06-24T18:24:00.000,11.3453
2025-06-24T18:25:00.000,11.3396
2025-06-24T18:26:00.000,11.3312
2025-06-24T18:27:00.000,11.3199
2025-06-24T18:28:00.000,11.3086
2025-06-24T18:29:00.000,11.2987
2025-06-24T18:30:00.000,11.2846
2025-06-24T18:31:00.000,11.2676
2025-06-24T18:32:00.000,11.2535
2025-06-24T18:33:00.000,11.2493
2025-06-24T18:34:00.000,11.2719
2025-06-24T18:35:00.000,11.3058
2025-06-24T18:36:00.000,11.3312
2025-06-24T18:37:00.000,11.3580
2025-06-24T18:38:00.000,11.3904
2025-06-24T18:39:00.000,11.4186
2025-06-24T18:40:00.000,11.4482
2025-06-24T18:41:00.000,11.4736
2025-06-24T18:42:00.000,11.4891
2025-06-24T18:43:00.000,11.4891
2025-06-24T18:44:00.000,11.4877
2025-06-24T18:45:00.000,11.4708
2025-06-24T18:46:00.000,11.4454
2025-06-24T18:47:00.000,11.4299
2025-06-24T18:48:00.000,11.4102
2025-06-24T18:49:00.000,11.3876
2025-06-24T18:50:00.000,11.3721
2025-06-24T18:51:00.000,11.3566
2025-06-24T18:52:00.000,11.3354
2025-06-24T18:53:00.000,11.3142
2025-06-24T18:54:00.000,11.2874
2025-06-24T18:55:00.000,11.2747
2025-06-24T18:56:00.000,11.2775
2025-06-24T18:57:00.000,11.2803
2025-06-24T18:58:00.000,11.2818
2025-06-24T18:59:00.000,11.2860
2025-06-24T19:00:00.000,11.2959
2025-06-24T19:01:00.000,11.3213
2025-06-24T19:02:00.000,11.3495
2025-06-24T19:03:00.000,11.3678
2025-06-24T19:04:00.000,11.3749
2025-06-24T19:05:00.000,11.3820
2025-06-24T19:06:00.000,11.3918
2025-06-24T19:07:00.000,11.4017
2025-06-24T19:08:00.000,11.4017
2025-06-24T19:09:00.000,11.4045
2025-06-24T19:10:00.000,11.4130
2025-06-24T19:11:00.000,11.4200
2025-06-24T19:12:00.000,11.4243
2025-06-24T19:13:00.000,11.4229
2025-06-24T19:14:00.000,11.4186
2025-06-24T19:15:00.000,11.4158
2025-06-24T19:16:00.000,11.4116
2025-06-24T19:17:00.000,11.4116
2025-06-24T19:18:00.000,11.4073
2025-06-24T19:19:00.000,11.4017
2025-06-24T19:20:00.000,11.3989
2025-06-24T19:21:00.000,11.3975
2025-06-24T19:22:00.000,11.3947
2025-06-24T19:23:00.000,11.3890
2025-06-24T19:24:00.000,11.3805
2025-06-24T19:25:00.000,11.3707
2025-06-24T19:26:00.000,11.3636
2025-06-24T19:27:00.000,11.3552
2025-06-24T19:28:00.000,11.3481
2025-06-24T19:29:00.000,11.3425
2025-06-24T19:30:00.000,11.3354
2025-06-24T19:31:00.000,11.3269
2025-06-24T19:32:00.000,11.3170
2025-06-24T19:33:00.000,11.3029
2025-06-24T19:34:00.000,11.2902
2025-06-24T19:35:00.000,11.2719
2025-06-24T19:36:00.000,11.2549
2025-06-24T19:37:00.000,11.2380
2025-06-24T19:38:00.000,11.2267
2025-06-24T19:39:00.000,11.2182
2025-06-24T19:40:00.000,11.2154
2025-06-24T19:41:00.000,11.2154
2025-06-24T19:42:00.000,11.2224
2025-06-24T19:43:00.000,11.2309
2025-06-24T19:44:00.000,11.2408
2025-06-24T19:45:00.000,11.2535
2025-06-24T19:46:00.000,11.2690
2025-06-24T19:47:00.000,11.2775
2025-06-24T19:48:00.000,11.2874
2025-06-24T19:49:00.000,11.2987
2025-06-24T19:50:00.000,11.3086
2025-06-24T19:51:00.000,11.3199
2025-06-24T19:52:00.000,11.3255
2025-06-24T19:53:00.000,11.3283
2025-06-24T19:54:00.000,11.3255
2025-06-24T19:55:00.000,11.3199
2025-06-24T19:56:00.000,11.3114
2025-06-24T19:57:00.000,11.3001
2025-06-24T19:58:00.000,11.2874
2025-06-24T19:59:00.000,11.2690
2025-06-24T20:00:00.000,11.2493
2025-06-24T20:01:00.000,11.2323
2025-06-24T20:02:00.000,11.2182
2025-06-24T20:03:00.000,11.2083
2025-06-24T20:04:00.000,11.1998
2025-06-24T20:05:00.000,11.1942
2025-06-24T20:06:00.000,11.1928
2025-06-24T20:07:00.000,11.1899
2025-06-24T20:08:00.000,11.1928
2025-06-24T20:09:00.000,11.1885
2025-06-24T20:10:00.000,11.1843
2025-06-24T20:11:00.000,11.1758
2025-06-24T20:12:00.000,11.1687
2025-06-24T20:13:00.000,11.1603
2025-06-24T20:14:00.000,11.1546
2025-06-24T20:15:00.000,11.1504
2025-06-24T20:16:00.000,11.1447
2025-06-24T20:17:00.000,11.1405
2025-06-24T20:18:00.000,11.1348
2025-06-24T20:19:00.000,11.1292
2025-06-24T20:20:00.000,11.1221
2025-06-24T20:21:00.000,11.1150
2025-06-24T20:22:00.000,11.1065
2025-06-24T20:23:00.000,11.1023
2025-06-24T20:24:00.000,11.1009
2025-06-24T20:25:00.000,11.1023
2025-06-24T20:26:00.000,11.0981
2025-06-24T20:27:00.000,11.0952
2025-06-24T20:28:00.000,11.0938
2025-06-24T20:29:00.000,11.0938
2025-06-24T20:30:00.000,11.0952
2025-06-24T20:31:00.000,11.0966
2025-06-24T20:32:00.000,11.0995
2025-06-24T20:33:00.000,11.1037
2025-06-24T20:34:00.000,11.1080
2025-06-24T20:35:00.000,11.1122
2025-06-24T20:36:00.000,11.1136
2025-06-24T20:37:00.000,11.1136
2025-06-24T20:38:00.000,11.1136
2025-06-24T20:39:00.000,11.1122
2025-06-24T20:40:00.000,11.1108
2025-06-24T20:41:00.000,11.1065
2025-06-24T20:42:00.000,11.1051
2025-06-24T20:43:00.000,11.0981
2025-06-24T20:44:00.000,11.0910
2025-06-24T20:45:00.000,11.0839
2025-06-24T20:46:00.000,11.0839
2025-06-24T20:47:00.000,11.0811
2025-06-24T20:48:00.000,11.0797
2025-06-24T20:49:00.000,11.0811
2025-06-24T20:50:00.000,11.0839
2025-06-24T20:51:00.000,11.0882
2025-06-24T20:52:00.000,11.0924
2025-06-24T20:53:00.000,11.0981
2025-06-24T20:54:00.000,11.1065
2025-06-24T20:55:00.000,11.1136
2025-06-24T20:56:00.000,11.1193
2025-06-24T20:57:00.000,11.1207
2025-06-24T20:58:00.000,11.1179
2025-06-24T20:59:00.000,11.1207
2025-06-24T21:00:00.000,11.1207
2025-06-24T21:01:00.000,11.1207
2025-06-24T21:02:00.000,11.1207
2025-06-24T21:03:00.000,11.1235
2025-06-24T21:04:00.000,11.1263
2025-06-24T21:05:00.000,11.1249
2025-06-24T21:06:00.000,11.1221
2025-06-24T21:07:00.000,11.1193
2025-06-24T21:08:00.000,11.1150
2025-06-24T21:09:00.000,11.1108
2025-06-24T21:10:00.000,11.1065
2025-06-24T21:11:00.000,11.1037
2025-06-24T21:12:00.000,11.0995
2025-06-24T21:13:00.000,11.0981
2025-06-24T21:14:00.000,11.0981
2025-06-24T21:15:00.000,11.0995
2025-06-24T21:16:00.000,11.1065
2025-06-24T21:17:00.000,11.1094
2025-06-24T21:18:00.000,11.1122
2025-06-24T21:19:00.000,11.1108
2025-06-24T21:20:00.000,11.1094
2025-06-24T21:21:00.000,11.1051
2025-06-24T21:22:00.000,11.0966
2025-06-24T21:23:00.000,11.0910
2025-06-24T21:24:00.000,11.0867
2025-06-24T21:25:00.000,11.0783
2025-06-24T21:26:00.000,11.0641
2025-06-24T21:27:00.000,11.0486
2025-06-24T21:28:00.000,11.0372
2025-06-24T21:29:00.000,11.0259
2025-06-24T21:30:00.000,11.0146
2025-06-24T21:31:00.000,11.0047
2025-06-24T21:32:00.000,10.9962
2025-06-24T21:33:00.000,10.9934
2025-06-24T21:34:00.000,10.9877
2025-06-24T21:35:00.000,10.9820
2025-06-24T21:36:00.000,10.9778
2025-06-24T21:37:00.000,10.9778
2025-06-24T21:38:00.000,10.9806
2025-06-24T21:39:00.000,10.9920
2025-06-24T21:40:00.000,11.0033
2025-06-24T21:41:00.000,11.0174
2025-06-24T21:42:00.000,11.0259
2025-06-24T21:43:00.000,11.0344
2025-06-24T21:44:00.000,11.0387
2025-06-24T21:45:00.000,11.0457
2025-06-24T21:46:00.000,11.0528
2025-06-24T21:47:00.000,11.0542
2025-06-24T21:48:00.000,11.0542
2025-06-24T21:49:00.000,11.0613
2025-06-24T21:50:00.000,11.0613
2025-06-24T21:51:00.000,11.0627
2025-06-24T21:52:00.000,11.0641
2025-06-24T21:53:00.000,11.0613
2025-06-24T21:54:00.000,11.0585
2025-06-24T21:55:00.000,11.0570
2025-06-24T21:56:00.000,11.0570
2025-06-24T21:57:00.000,11.0570
2025-06-24T21:58:00.000,11.0613
2025-06-24T21:59:00.000,11.0655
2025-06-24T22:00:00.000,11.0698
2025-06-24T22:01:00.000,11.0698
2025-06-24T22:02:00.000,11.0698
2025-06-24T22:03:00.000,11.0712
2025-06-24T22:04:00.000,11.0754
2025-06-24T22:05:00.000,11.0768
2025-06-24T22:06:00.000,11.0797
2025-06-24T22:07:00.000,11.0924
2025-06-24T22:08:00.000,11.1023
2025-06-24T22:09:00.000,11.1065
2025-06-24T22:10:00.000,11.1080
2025-06-24T22:11:00.000,11.1023
2025-06-24T22:12:00.000,11.0966
2025-06-24T22:13:00.000,11.0882
2025-06-24T22:14:00.000,11.0811
2025-06-24T22:15:00.000,11.0726
2025-06-24T22:16:00.000,11.0641
2025-06-24T22:17:00.000,11.0556
2025-06-24T22:18:00.000,11.0457
2025-06-24T22:19:00.000,11.0330
2025-06-24T22:20:00.000,11.0160
2025-06-24T22:21:00.000,10.9990
2025-06-24T22:22:00.000,10.9820
2025-06-24T22:23:00.000,10.9665
2025-06-24T22:24:00.000,10.9622
2025-06-24T22:25:00.000,10.9566
2025-06-24T22:26:00.000,10.9523
2025-06-24T22:27:00.000,10.9509
2025-06-24T22:28:00.000,10.9523
2025-06-24T22:29:00.000,10.9580
2025-06-24T22:30:00.000,10.9537
2025-06-24T22:31:00.000,10.9481
2025-06-24T22:32:00.000,10.9410
2025-06-24T22:33:00.000,10.9311
2025-06-24T22:34:00.000,10.9254
2025-06-24T22:35:00.000,10.9212
2025-06-24T22:36:00.000,10.9155
2025-06-24T22:37:00.000,10.9127
2025-06-24T22:38:00.000,10.9127
2025-06-24T22:39:00.000,10.9141
2025-06-24T22:40:00.000,10.9183
2025-06-24T22:41:00.000,10.9282
2025-06-24T22:42:00.000,10.9382
2025-06-24T22:43:00.000,10.9438
2025-06-24T22:44:00.000,10.9396
2025-06-24T22:45:00.000,10.9353
2025-06-24T22:46:00.000,10.9367
2025-06-24T22:47:00.000,10.9396
2025-06-24T22:48:00.000,10.9424
2025-06-24T22:49:00.000,10.9452
2025-06-24T22:50:00.000,10.9651
2025-06-24T22:51:00.000,10.9863
2025-06-24T22:52:00.000,11.0019
2025-06-24T22:53:00.000,11.0160
2025-06-24T22:54:00.000,11.0217
2025-06-24T22:55:00.000,11.0330
2025-06-24T22:56:00.000,11.0627
2025-06-24T22:57:00.000,11.1475
2025-06-24T22:58:00.000,11.2450
2025-06-24T22:59:00.000,11.3425
2025-06-24T23:00:00.000,11.4609
2025-06-24T23:01:00.000,11.5638
2025-06-24T23:02:00.000,11.6413
2025-06-24T23:03:00.000,11.7215
2025-06-24T23:04:00.000,11.8016
2025-06-24T23:05:00.000,11.8677
2025-06-24T23:06:00.000,11.9337
2025-06-24T23:07:00.000,11.9843
2025-06-24T23:08:00.000,12.0138
2025-06-24T23:09:00.000,12.0376
2025-06-24T23:10:00.000,12.0517
2025-06-24T23:11:00.000,12.0475
2025-06-24T23:12:00.000,12.0362
2025-06-24T23:13:00.000,12.0110
2025-06-24T23:14:00.000,11.9436
2025-06-24T23:15:00.000,11.8888
2025-06-24T23:16:00.000,11.8747
2025-06-24T23:17:00.000,11.8607
2025-06-24T23:18:00.000,11.8284
2025-06-24T23:19:00.000,11.7834
2025-06-24T23:20:00.000,11.7398
2025-06-24T23:21:00.000,11.7004
2025-06-24T23:22:00.000,11.6399
2025-06-24T23:23:00.000,11.5863
2025-06-24T23:24:00.000,11.5300
2025-06-24T23:25:00.000,11.4539
2025-06-24T23:26:00.000,11.3932
2025-06-24T23:27:00.000,11.3410
2025-06-24T23:28:00.000,11.2945
2025-06-24T23:29:00.000,11.2719
2025-06-24T23:30:00.000,11.2620
2025-06-24T23:31:00.000,11.2464
2025-06-24T23:32:00.000,11.2281
2025-06-24T23:33:00.000,11.2055
2025-06-24T23:34:00.000,11.1956
2025-06-24T23:35:00.000,11.1914
2025-06-24T23:36:00.000,11.2295
2025-06-24T23:37:00.000,11.2648
2025-06-24T23:38:00.000,11.3255
2025-06-24T23:39:00.000,11.4003
2025-06-24T23:40:00.000,11.4652
2025-06-24T23:41:00.000,11.5258
2025-06-24T23:42:00.000,11.5765
2025-06-24T23:43:00.000,11.6201
2025-06-24T23:44:00.000,11.6469
2025-06-24T23:45:00.000,11.6624
2025-06-24T23:46:00.000,11.6905
2025-06-24T23:47:00.000,11.7313
2025-06-24T23:48:00.000,11.7735
2025-06-24T23:49:00.000,11.8171
2025-06-24T23:50:00.000,11.8523
2025-06-24T23:51:00.000,11.8775
2025-06-24T23:52:00.000,11.9000
2025-06-24T23:53:00.000,11.9267
2025-06-24T23:54:00.000,11.9590
2025-06-24T23:55:00.000,11.9913
2025-06-24T23:56:00.000,12.0292
2025-06-24T23:57:00.000,12.0755
2025-06-24T23:58:00.000,12.1204
2025-06-24T23:59:00.000,12.1569
2025-06-25T00:00:00.000,12.1905
2025-06-25T00:01:00.000,12.2130
2025-06-25T00:02:00.000,12.2284
2025-06-25T00:03:00.000,12.2382
2025-06-25T00:04:00.000,12.2438
2025-06-25T00:05:00.000,12.2452
2025-06-25T00:06:00.000,12.2452
2025-06-25T00:07:00.000,12.2410
2025-06-25T00:08:00.000,12.2326
2025-06-25T00:09:00.000,12.2214
2025-06-25T00:10:00.000,12.2102
2025-06-25T00:11:00.000,12.1961
2025-06-25T00:12:00.000,12.1793
2025-06-25T00:13:00.000,12.1625
2025-06-25T00:14:00.000,12.1457
2025-06-25T00:15:00.000,12.1302
2025-06-25T00:16:00.000,12.1162
2025-06-25T00:17:00.000,12.1036
2025-06-25T00:18:00.000,12.0910
2025-06-25T00:19:00.000,12.0811
2025-06-25T00:20:00.000,12.0741
2025-06-25T00:21:00.000,12.0671
2025-06-25T00:22:00.000,12.0615
2025-06-25T00:23:00.000,12.0657
2025-06-25T00:24:00.000,12.0601
2025-06-25T00:25:00.000,12.0531
2025-06-25T00:26:00.000,12.0447
2025-06-25T00:27:00.000,12.0390
2025-06-25T00:28:00.000,12.0334
2025-06-25T00:29:00.000,12.0306
2025-06-25T00:30:00.000,12.0292
2025-06-25T00:31:00.000,12.0250
2025-06-25T00:32:00.000,12.0208
2025-06-25T00:33:00.000,12.0152
2025-06-25T00:34:00.000,12.0096
2025-06-25T00:35:00.000,12.0054
2025-06-25T00:36:00.000,12.0011
2025-06-25T00:37:00.000,11.9983
2025-06-25T00:38:00.000,11.9941
2025-06-25T00:39:00.000,11.9899
2025-06-25T00:40:00.000,11.9913
2025-06-25T00:41:00.000,11.9857
2025-06-25T00:42:00.000,11.9815
2025-06-25T00:43:00.000,11.9759
2025-06-25T00:44:00.000,11.9731
2025-06-25T00:45:00.000,11.9759
2025-06-25T00:46:00.000,11.9829
2025-06-25T00:47:00.000,11.9899
2025-06-25T00:48:00.000,11.9969
2025-06-25T00:49:00.000,12.0068
2025-06-25T00:50:00.000,12.0166
2025-06-25T00:51:00.000,12.0236
2025-06-25T00:52:00.000,12.0376
2025-06-25T00:53:00.000,12.0390
2025-06-25T00:54:00.000,12.0334
2025-06-25T00:55:00.000,12.0236
2025-06-25T00:56:00.000,12.0152
2025-06-25T00:57:00.000,12.0152
2025-06-25T00:58:00.000,12.0096
2025-06-25T00:59:00.000,12.0082
2025-06-25T01:00:00.000,12.0082
2025-06-25T01:01:00.000,12.0096
2025-06-25T01:02:00.000,12.0082
2025-06-25T01:03:00.000,12.0011
2025-06-25T01:04:00.000,11.9857
2025-06-25T01:05:00.000,11.9703
2025-06-25T01:06:00.000,11.9548
2025-06-25T01:07:00.000,11.9408
2025-06-25T01:08:00.000,11.9281
2025-06-25T01:09:00.000,11.9155
2025-06-25T01:10:00.000,11.9056
2025-06-25T01:11:00.000,11.8972
2025-06-25T01:12:00.000,11.8902
2025-06-25T01:13:00.000,11.8832
2025-06-25T01:14:00.000,11.8804
2025-06-25T01:15:00.000,11.8691
2025-06-25T01:16:00.000,11.8607
2025-06-25T01:17:00.000,11.8494
2025-06-25T01:18:00.000,11.8255
2025-06-25T01:19:00.000,11.8073
2025-06-25T01:20:00.000,11.7974
2025-06-25T01:21:00.000,11.7932
2025-06-25T01:22:00.000,11.7918
2025-06-25T01:23:00.000,11.7932
2025-06-25T01:24:00.000,11.7988
2025-06-25T01:25:00.000,11.8073
2025-06-25T01:26:00.000,11.8087
2025-06-25T01:27:00.000,11.8045
2025-06-25T01:28:00.000,11.7974
2025-06-25T01:29:00.000,11.7862
2025-06-25T01:30:00.000,11.7791
2025-06-25T01:31:00.000,11.7806
2025-06-25T01:32:00.000,11.7806
2025-06-25T01:33:00.000,11.7721
2025-06-25T01:34:00.000,11.7595
2025-06-25T01:35:00.000,11.7552
2025-06-25T01:36:00.000,11.7595
2025-06-25T01:37:00.000,11.7665
2025-06-25T01:38:00.000,11.7777
2025-06-25T01:39:00.000,11.8016
2025-06-25T01:40:00.000,11.8227
2025-06-25T01:41:00.000,11.8326
2025-06-25T01:42:00.000,11.8410
2025-06-25T01:43:00.000,11.8621
2025-06-25T01:44:00.000,11.8972
2025-06-25T01:45:00.000,11.9366
2025-06-25T01:46:00.000,11.9674
2025-06-25T01:47:00.000,11.9857
2025-06-25T01:48:00.000,12.0152
2025-06-25T01:49:00.000,12.0461
2025-06-25T01:50:00.000,12.0741
2025-06-25T01:51:00.000,12.0994
2025-06-25T01:52:00.000,12.0896
2025-06-25T01:53:00.000,12.0461
2025-06-25T01:54:00.000,12.0138
2025-06-25T01:55:00.000,11.9815
2025-06-25T01:56:00.000,11.9351
2025-06-25T01:57:00.000,11.8593
2025-06-25T01:58:00.000,11.8227
2025-06-25T01:59:00.000,11.7918
2025-06-25T02:00:00.000,11.7848
2025-06-25T02:01:00.000,11.7890
2025-06-25T02:02:00.000,11.7609
2025-06-25T02:03:00.000,11.7130
2025-06-25T02:04:00.000,11.7060
2025-06-25T02:05:00.000,11.7074
2025-06-25T02:06:00.000,11.6976
2025-06-25T02:07:00.000,11.6863
2025-06-25T02:08:00.000,11.6919
2025-06-25T02:09:00.000,11.7018
2025-06-25T02:10:00.000,11.7046
2025-06-25T02:11:00.000,11.7299
2025-06-25T02:12:00.000,11.7651
2025-06-25T02:13:00.000,11.7693
2025-06-25T02:14:00.000,11.7763
2025-06-25T02:15:00.000,11.7777
2025-06-25T02:16:00.000,11.8045
2025-06-25T02:17:00.000,11.8115
2025-06-25T02:18:00.000,11.8185
2025-06-25T02:19:00.000,11.8115
2025-06-25T02:20:00.000,11.7918
2025-06-25T02:21:00.000,11.7820
2025-06-25T02:22:00.000,11.7876
2025-06-25T02:23:00.000,11.7890
2025-06-25T02:24:00.000,11.7876
2025-06-25T02:25:00.000,11.7876
2025-06-25T02:26:00.000,11.7876
2025-06-25T02:27:00.000,11.7974
2025-06-25T02:28:00.000,11.8157
2025-06-25T02:29:00.000,11.8227
2025-06-25T02:30:00.000,11.8199
2025-06-25T02:31:00.000,11.8087
2025-06-25T02:32:00.000,11.7974
2025-06-25T02:33:00.000,11.7918
2025-06-25T02:34:00.000,11.7974
2025-06-25T02:35:00.000,11.7988
2025-06-25T02:36:00.000,11.7988
2025-06-25T02:37:00.000,11.8045
2025-06-25T02:38:00.000,11.7791
2025-06-25T02:39:00.000,11.7595
2025-06-25T02:40:00.000,11.7032
2025-06-25T02:41:00.000,11.6624
2025-06-25T02:42:00.000,11.6342
2025-06-25T02:43:00.000,11.5821
2025-06-25T02:44:00.000,11.4948
2025-06-25T02:45:00.000,11.3805
2025-06-25T02:46:00.000,11.2818
2025-06-25T02:47:00.000,11.1970
2025-06-25T02:48:00.000,11.1461
2025-06-25T02:49:00.000,11.1179
2025-06-25T02:50:00.000,11.0783
2025-06-25T02:51:00.000,11.0896
2025-06-25T02:52:00.000,11.0669
2025-06-25T02:53:00.000,11.0188
2025-06-25T02:54:00.000,10.9849
2025-06-25T02:55:00.000,10.9495
2025-06-25T02:56:00.000,10.9268
2025-06-25T02:57:00.000,10.9098
2025-06-25T02:58:00.000,10.9056
2025-06-25T02:59:00.000,10.8857
2025-06-25T03:00:00.000,10.8645
2025-06-25T03:01:00.000,10.8475
2025-06-25T03:02:00.000,10.8333
2025-06-25T03:03:00.000,10.8177
2025-06-25T03:04:00.000,10.8021
2025-06-25T03:05:00.000,10.7879
2025-06-25T03:06:00.000,10.7766
2025-06-25T03:07:00.000,10.7667
2025-06-25T03:08:00.000,10.7596
2025-06-25T03:09:00.000,10.7497
2025-06-25T03:10:00.000,10.7397
2025-06-25T03:11:00.000,10.7326
2025-06-25T03:12:00.000,10.7270
2025-06-25T03:13:00.000,10.7284
2025-06-25T03:14:00.000,10.7284
2025-06-25T03:15:00.000,10.7312
2025-06-25T03:16:00.000,10.7341
2025-06-25T03:17:00.000,10.7369
2025-06-25T03:18:00.000,10.7837
2025-06-25T03:19:00.000,10.8602
2025-06-25T03:20:00.000,10.9679
2025-06-25T03:21:00.000,11.0896
2025-06-25T03:22:00.000,11.2069
2025-06-25T03:23:00.000,11.3156
2025-06-25T03:24:00.000,11.4088
2025-06-25T03:25:00.000,11.4821
2025-06-25T03:26:00.000,11.5413
2025-06-25T03:27:00.000,11.5849
2025-06-25T03:28:00.000,11.6061
2025-06-25T03:29:00.000,11.6286
2025-06-25T03:30:00.000,11.6539
2025-06-25T03:31:00.000,11.6624
2025-06-25T03:32:00.000,11.6905
2025-06-25T03:33:00.000,11.7243
2025-06-25T03:34:00.000,11.7581
2025-06-25T03:35:00.000,11.7876
2025-06-25T03:36:00.000,11.8101
2025-06-25T03:37:00.000,11.8157
2025-06-25T03:38:00.000,11.8016
2025-06-25T03:39:00.000,11.7763
2025-06-25T03:40:00.000,11.7398
2025-06-25T03:41:00.000,11.6947
2025-06-25T03:42:00.000,11.6525
2025-06-25T03:43:00.000,11.6328
2025-06-25T03:44:00.000,11.6413
2025-06-25T03:45:00.000,11.6567
2025-06-25T03:46:00.000,11.6905
2025-06-25T03:47:00.000,11.7327
2025-06-25T03:48:00.000,11.7581
2025-06-25T03:49:00.000,11.7721
2025-06-25T03:50:00.000,11.7834
2025-06-25T03:51:00.000,11.7932
2025-06-25T03:52:00.000,11.7988
2025-06-25T03:53:00.000,11.8101
2025-06-25T03:54:00.000,11.8171
2025-06-25T03:55:00.000,11.8326
2025-06-25T03:56:00.000,11.8537
2025-06-25T03:57:00.000,11.8621
2025-06-25T03:58:00.000,11.8705
2025-06-25T03:59:00.000,11.8804
2025-06-25T04:00:00.000,11.8804
2025-06-25T04:01:00.000,11.8677
2025-06-25T04:02:00.000,11.8733
2025-06-25T04:03:00.000,11.8818
2025-06-25T04:04:00.000,11.8916
2025-06-25T04:05:00.000,11.9141
2025-06-25T04:06:00.000,11.9408
2025-06-25T04:07:00.000,11.9703
2025-06-25T04:08:00.000,11.9997
2025-06-25T04:09:00.000,12.0236
2025-06-25T04:10:00.000,12.0418
2025-06-25T04:11:00.000,12.0503
2025-06-25T04:12:00.000,12.0587
2025-06-25T04:13:00.000,12.0657
2025-06-25T04:14:00.000,12.0657
2025-06-25T04:15:00.000,12.0713
2025-06-25T04:16:00.000,12.0825
2025-06-25T04:17:00.000,12.0980
2025-06-25T04:18:00.000,12.1134
2025-06-25T04:19:00.000,12.1288
2025-06-25T04:20:00.000,12.1401
2025-06-25T04:21:00.000,12.1471
2025-06-25T04:22:00.000,12.1555
2025-06-25T04:23:00.000,12.1597
2025-06-25T04:24:00.000,12.1653
2025-06-25T04:25:00.000,12.1709
2025-06-25T04:26:00.000,12.1807
2025-06-25T04:27:00.000,12.1891
2025-06-25T04:28:00.000,12.1947
2025-06-25T04:29:00.000,12.2059
2025-06-25T04:30:00.000,12.2200
2025-06-25T04:31:00.000,12.2312
2025-06-25T04:32:00.000,12.2312
2025-06-25T04:33:00.000,12.2284
2025-06-25T04:34:00.000,12.2270
2025-06-25T04:35:00.000,12.2228
2025-06-25T04:36:00.000,12.2158
2025-06-25T04:37:00.000,12.2256
2025-06-25T04:38:00.000,12.2466
2025-06-25T04:39:00.000,12.2774
2025-06-25T04:40:00.000,12.2942
2025-06-25T04:41:00.000,12.3040
2025-06-25T04:42:00.000,12.3264
2025-06-25T04:43:00.000,12.3474
2025-06-25T04:44:00.000,12.3488
2025-06-25T04:45:00.000,12.3152
2025-06-25T04:46:00.000,12.2844
2025-06-25T04:47:00.000,12.2718
2025-06-25T04:48:00.000,12.2704
2025-06-25T04:49:00.000,12.2536
2025-06-25T04:50:00.000,12.2802
2025-06-25T04:51:00.000,12.2970
2025-06-25T04:52:00.000,12.3040
2025-06-25T04:53:00.000,12.3306
2025-06-25T04:54:00.000,12.3628
2025-06-25T04:55:00.000,12.3908
2025-06-25T04:56:00.000,12.4146
2025-06-25T04:57:00.000,12.4146
2025-06-25T04:58:00.000,12.4216
2025-06-25T04:59:00.000,12.4384
2025-06-25T05:00:00.000,12.4468
2025-06-25T05:01:00.000,12.4594
2025-06-25T05:02:00.000,12.4720
2025-06-25T05:03:00.000,12.4818
2025-06-25T05:04:00.000,12.4818
2025-06-25T05:05:00.000,12.4594
2025-06-25T05:06:00.000,12.4636
2025-06-25T05:07:00.000,12.4678
2025-06-25T05:08:00.000,12.4734
2025-06-25T05:09:00.000,12.4762
2025-06-25T05:10:00.000,12.4790
2025-06-25T05:11:00.000,12.4734
2025-06-25T05:12:00.000,12.4678
2025-06-25T05:13:00.000,12.4706
2025-06-25T05:14:00.000,12.4706
2025-06-25T05:15:00.000,12.4720
2025-06-25T05:16:00.000,12.4720
2025-06-25T05:17:00.000,12.4706
2025-06-25T05:18:00.000,12.4720
2025-06-25T05:19:00.000,12.4706
2025-06-25T05:20:00.000,12.4664
2025-06-25T05:21:00.000,12.4552
2025-06-25T05:22:00.000,12.4440
2025-06-25T05:23:00.000,12.4356
2025-06-25T05:24:00.000,12.4244
2025-06-25T05:25:00.000,12.4188
2025-06-25T05:26:00.000,12.4062
2025-06-25T05:27:00.000,12.3894
2025-06-25T05:28:00.000,12.3726
2025-06-25T05:29:00.000,12.3572
2025-06-25T05:30:00.000,12.3516
2025-06-25T05:31:00.000,12.3460
2025-06-25T05:32:00.000,12.3390
2025-06-25T05:33:00.000,12.3236
2025-06-25T05:34:00.000,12.3082
2025-06-25T05:35:00.000,12.3054
2025-06-25T05:36:00.000,12.2970
2025-06-25T05:37:00.000,12.2872
2025-06-25T05:38:00.000,12.2942
2025-06-25T05:39:00.000,12.3138
2025-06-25T05:40:00.000,12.3152
2025-06-25T05:41:00.000,12.3026
2025-06-25T05:42:00.000,12.2802
2025-06-25T05:43:00.000,12.2732
2025-06-25T05:44:00.000,12.2816
2025-06-25T05:45:00.000,12.3012
2025-06-25T05:46:00.000,12.3124
2025-06-25T05:47:00.000,12.3096
2025-06-25T05:48:00.000,12.3026
2025-06-25T05:49:00.000,12.2900
2025-06-25T05:50:00.000,12.2746
2025-06-25T05:51:00.000,12.2606
2025-06-25T05:52:00.000,12.2410
2025-06-25T05:53:00.000,12.2242
2025-06-25T05:54:00.000,12.2031
2025-06-25T05:55:00.000,12.1751
2025-06-25T05:56:00.000,12.1611
2025-06-25T05:57:00.000,12.1709
2025-06-25T05:58:00.000,12.1765
2025-06-25T05:59:00.000,12.1751
2025-06-25T06:00:00.000,12.1793
2025-06-25T06:01:00.000,12.1849
2025-06-25T06:02:00.000,12.1891
2025-06-25T06:03:00.000,12.1919
2025-06-25T06:04:00.000,12.1947
2025-06-25T06:05:00.000,12.2031
2025-06-25T06:06:00.000,12.1989
2025-06-25T06:07:00.000,12.1947
2025-06-25T06:08:00.000,12.1933
2025-06-25T06:09:00.000,12.1807
2025-06-25T06:10:00.000,12.1751
2025-06-25T06:11:00.000,12.1611
2025-06-25T06:12:00.000,12.1513
2025-06-25T06:13:00.000,12.1485
2025-06-25T06:14:00.000,12.1625
2025-06-25T06:15:00.000,12.1765
2025-06-25T06:16:00.000,12.1891
2025-06-25T06:17:00.000,12.1975
2025-06-25T06:18:00.000,12.1933
2025-06-25T06:19:00.000,12.1975
2025-06-25T06:20:00.000,12.1947
2025-06-25T06:21:00.000,12.1849
2025-06-25T06:22:00.000,12.1933
2025-06-25T06:23:00.000,12.1905
2025-06-25T06:24:00.000,12.1807
2025-06-25T06:25:00.000,12.1933
2025-06-25T06:26:00.000,12.2031
2025-06-25T06:27:00.000,12.2031
2025-06-25T06:28:00.000,12.2017
2025-06-25T06:29:00.000,12.2130
2025-06-25T06:30:00.000,12.2144
2025-06-25T06:31:00.000,12.2228
2025-06-25T06:32:00.000,12.2494
2025-06-25T06:33:00.000,12.2676
2025-06-25T06:34:00.000,12.2592
2025-06-25T06:35:00.000,12.2508
2025-06-25T06:36:00.000,12.2550
2025-06-25T06:37:00.000,12.2760
2025-06-25T06:38:00.000,12.3054
2025-06-25T06:39:00.000,12.3306
2025-06-25T06:40:00.000,12.3544
2025-06-25T06:41:00.000,12.3768
2025-06-25T06:42:00.000,12.4118
2025-06-25T06:43:00.000,12.4832
2025-06-25T06:44:00.000,12.5671
2025-06-25T06:45:00.000,12.6440
2025-06-25T06:46:00.000,12.7068
2025-06-25T06:47:00.000,12.7669
2025-06-25T06:48:00.000,12.8158
2025-06-25T06:49:00.000,12.8548
2025-06-25T06:50:00.000,12.8953
2025-06-25T06:51:00.000,12.9525
2025-06-25T06:52:00.000,13.0305
2025-06-25T06:53:00.000,13.1141
2025-06-25T06:54:00.000,13.2047
2025-06-25T06:55:00.000,13.2868
2025-06-25T06:56:00.000,13.3591
2025-06-25T06:57:00.000,13.4286
2025-06-25T06:58:00.000,13.4856
2025-06-25T06:59:00.000,13.5273
2025-06-25T07:00:00.000,13.5523
2025-06-25T07:01:00.000,13.5676
2025-06-25T07:02:00.000,13.5718
2025-06-25T07:03:00.000,13.5662
2025-06-25T07:04:00.000,13.5607
2025-06-25T07:05:00.000,13.5565
2025-06-25T07:06:00.000,13.5551
2025-06-25T07:07:00.000,13.5565
2025-06-25T07:08:00.000,13.5593
2025-06-25T07:09:00.000,13.5648
2025-06-25T07:10:00.000,13.5857
2025-06-25T07:11:00.000,13.6079
2025-06-25T07:12:00.000,13.6412
2025-06-25T07:13:00.000,13.6759
2025-06-25T07:14:00.000,13.7106
2025-06-25T07:15:00.000,13.7620
2025-06-25T07:16:00.000,13.8105
2025-06-25T07:17:00.000,13.8549
2025-06-25T07:18:00.000,13.8993
2025-06-25T07:19:00.000,13.9395
2025-06-25T07:20:00.000,13.9672
2025-06-25T07:21:00.000,13.9949
2025-06-25T07:22:00.000,14.0143
2025-06-25T07:23:00.000,14.0268
2025-06-25T07:24:00.000,14.0420
2025-06-25T07:25:00.000,14.0365
2025-06-25T07:26:00.000,14.0240
2025-06-25T07:27:00.000,13.9922
2025-06-25T07:28:00.000,13.9534
2025-06-25T07:29:00.000,13.9340
2025-06-25T07:30:00.000,13.9187
2025-06-25T07:31:00.000,13.9090
2025-06-25T07:32:00.000,13.8951
2025-06-25T07:33:00.000,13.8882
2025-06-25T07:34:00.000,13.9007
2025-06-25T07:35:00.000,13.9367
2025-06-25T07:36:00.000,13.9908
2025-06-25T07:37:00.000,14.0504
2025-06-25T07:38:00.000,14.0988
2025-06-25T07:39:00.000,14.1570
2025-06-25T07:40:00.000,14.2096
2025-06-25T07:41:00.000,14.2456
2025-06-25T07:42:00.000,14.2677
2025-06-25T07:43:00.000,14.2691
2025-06-25T07:44:00.000,14.2525
2025-06-25T07:45:00.000,14.2248
2025-06-25T07:46:00.000,14.1971
2025-06-25T07:47:00.000,14.1570
2025-06-25T07:48:00.000,14.1293
2025-06-25T07:49:00.000,14.1196
2025-06-25T07:50:00.000,14.1293
2025-06-25T07:51:00.000,14.1487
2025-06-25T07:52:00.000,14.1875
2025-06-25T07:53:00.000,14.2262
2025-06-25T07:54:00.000,14.2774
2025-06-25T07:55:00.000,14.3120
2025-06-25T07:56:00.000,14.3341
2025-06-25T07:57:00.000,14.4033
2025-06-25T07:58:00.000,14.5042
2025-06-25T07:59:00.000,14.6120
2025-06-25T08:00:00.000,14.6990
2025-06-25T08:01:00.000,14.8081
2025-06-25T08:02:00.000,14.8964
2025-06-25T08:03:00.000,14.9654
2025-06-25T08:04:00.000,15.0026
2025-06-25T08:05:00.000,15.0371
2025-06-25T08:06:00.000,15.0839
2025-06-25T08:07:00.000,15.1046
2025-06-25T08:08:00.000,15.1198
2025-06-25T08:09:00.000,15.1570
2025-06-25T08:10:00.000,15.1928
2025-06-25T08:11:00.000,15.2397
2025-06-25T08:12:00.000,15.2920
2025-06-25T08:13:00.000,15.3237
2025-06-25T08:14:00.000,15.3333
2025-06-25T08:15:00.000,15.3443
2025-06-25T08:16:00.000,15.3733
2025-06-25T08:17:00.000,15.4049
2025-06-25T08:18:00.000,15.4531
2025-06-25T08:19:00.000,15.5137
2025-06-25T08:20:00.000,15.6058
2025-06-25T08:21:00.000,15.7186
2025-06-25T08:22:00.000,15.8025
2025-06-25T08:23:00.000,15.8753
2025-06-25T08:24:00.000,15.9633
2025-06-25T08:25:00.000,16.0718
2025-06-25T08:26:00.000,16.1762
2025-06-25T08:27:00.000,16.2750
2025-06-25T08:28:00.000,16.3313
2025-06-25T08:29:00.000,16.3258
2025-06-25T08:30:00.000,16.3080
2025-06-25T08:31:00.000,16.2778
2025-06-25T08:32:00.000,16.2695
2025-06-25T08:33:00.000,16.2778
2025-06-25T08:34:00.000,16.2380
2025-06-25T08:35:00.000,16.2160
2025-06-25T08:36:00.000,16.2105
2025-06-25T08:37:00.000,16.2078
2025-06-25T08:38:00.000,16.1954
2025-06-25T08:39:00.000,16.2201
2025-06-25T08:40:00.000,16.2380
2025-06-25T08:41:00.000,16.2091
2025-06-25T08:42:00.000,16.2174
2025-06-25T08:43:00.000,16.2311
2025-06-25T08:44:00.000,16.2105
2025-06-25T08:45:00.000,16.1844
2025-06-25T08:46:00.000,16.2105
2025-06-25T08:47:00.000,16.2860
2025-06-25T08:48:00.000,16.3574
2025-06-25T08:49:00.000,16.3985
2025-06-25T08:50:00.000,16.4383
2025-06-25T08:51:00.000,16.4534
2025-06-25T08:52:00.000,16.4699
2025-06-25T08:53:00.000,16.4685
2025-06-25T08:54:00.000,16.4219
2025-06-25T08:55:00.000,16.3725
2025-06-25T08:56:00.000,16.3642
2025-06-25T08:57:00.000,16.3985
2025-06-25T08:58:00.000,16.4424
2025-06-25T08:59:00.000,16.4959
2025-06-25T09:00:00.000,16.5577
2025-06-25T09:01:00.000,16.6276
2025-06-25T09:02:00.000,16.7181
2025-06-25T09:03:00.000,16.7483
2025-06-25T09:04:00.000,16.7935
2025-06-25T09:05:00.000,16.8072
2025-06-25T09:06:00.000,16.8332
2025-06-25T09:07:00.000,16.8374
2025-06-25T09:08:00.000,16.8511
2025-06-25T09:09:00.000,16.8456
2025-06-25T09:10:00.000,16.8415
2025-06-25T09:11:00.000,16.8689
2025-06-25T09:12:00.000,16.8593
2025-06-25T09:13:00.000,16.8360
2025-06-25T09:14:00.000,16.8278
2025-06-25T09:15:00.000,16.8086
2025-06-25T09:16:00.000,16.8237
2025-06-25T09:17:00.000,16.7908
2025-06-25T09:18:00.000,16.7551
2025-06-25T09:19:00.000,16.7524
2025-06-25T09:20:00.000,16.7702
2025-06-25T09:21:00.000,16.8209
2025-06-25T09:22:00.000,16.9141
2025-06-25T09:23:00.000,16.9675
2025-06-25T09:24:00.000,17.0470
2025-06-25T09:25:00.000,17.1744
2025-06-25T09:26:00.000,17.3195
2025-06-25T09:27:00.000,17.3976
2025-06-25T09:28:00.000,17.4797
2025-06-25T09:29:00.000,17.6221
2025-06-25T09:30:00.000,17.7411
2025-06-25T09:31:00.000,17.7945
2025-06-25T09:32:00.000,17.8095
2025-06-25T09:33:00.000,17.8040
2025-06-25T09:34:00.000,17.8574
2025-06-25T09:35:00.000,17.9764
2025-06-25T09:36:00.000,18.1063
2025-06-25T09:37:00.000,18.1870
2025-06-25T09:38:00.000,18.1884
2025-06-25T09:39:00.000,18.1774
2025-06-25T09:40:00.000,18.1788
2025-06-25T09:41:00.000,18.2554
2025-06-25T09:42:00.000,18.3484
2025-06-25T09:43:00.000,18.4468
2025-06-25T09:44:00.000,18.5589
2025-06-25T09:45:00.000,18.7011
2025-06-25T09:46:00.000,18.7804
2025-06-25T09:47:00.000,18.8747
2025-06-25T09:48:00.000,18.9116
2025-06-25T09:49:00.000,19.0634
2025-06-25T09:50:00.000,19.1016
2025-06-25T09:51:00.000,19.2356
2025-06-25T09:52:00.000,19.3039
2025-06-25T09:53:00.000,19.2998
2025-06-25T09:54:00.000,19.2342
2025-06-25T09:55:00.000,19.2192
2025-06-25T09:56:00.000,19.2493
2025-06-25T09:57:00.000,19.2452
2025-06-25T09:58:00.000,19.2657
2025-06-25T09:59:00.000,19.2739
2025-06-25T10:00:00.000,19.1850
2025-06-25T10:01:00.000,19.0470
2025-06-25T10:02:00.000,18.9157
2025-06-25T10:03:00.000,18.8064
2025-06-25T10:04:00.000,18.7285
2025-06-25T10:05:00.000,18.6519
2025-06-25T10:06:00.000,18.5986
2025-06-25T10:07:00.000,18.6656
2025-06-25T10:08:00.000,18.6997
2025-06-25T10:09:00.000,18.6628
2025-06-25T10:10:00.000,18.5521
2025-06-25T10:11:00.000,18.5398
2025-06-25T10:12:00.000,18.5453
2025-06-25T10:13:00.000,18.5890
2025-06-25T10:14:00.000,18.6328
2025-06-25T10:15:00.000,18.7134
2025-06-25T10:16:00.000,18.6615
2025-06-25T10:17:00.000,18.6369
2025-06-25T10:18:00.000,18.6956
2025-06-25T10:19:00.000,18.7038
2025-06-25T10:20:00.000,18.7476
2025-06-25T10:21:00.000,18.7312
2025-06-25T10:22:00.000,18.7271
2025-06-25T10:23:00.000,18.6929
2025-06-25T10:24:00.000,18.7189
2025-06-25T10:25:00.000,18.7257
2025-06-25T10:26:00.000,18.7599
2025-06-25T10:27:00.000,18.8269
2025-06-25T10:28:00.000,18.8556
2025-06-25T10:29:00.000,18.9458
2025-06-25T10:30:00.000,18.9841
2025-06-25T10:31:00.000,18.9144
2025-06-25T10:32:00.000,18.8296
2025-06-25T10:33:00.000,18.7982
2025-06-25T10:34:00.000,18.8323
2025-06-25T10:35:00.000,18.8624
2025-06-25T10:36:00.000,18.8966
2025-06-25T10:37:00.000,18.9581
2025-06-25T10:38:00.000,18.9950
2025-06-25T10:39:00.000,19.0456
2025-06-25T10:40:00.000,19.0729
2025-06-25T10:41:00.000,19.0770
2025-06-25T10:42:00.000,19.0552
2025-06-25T10:43:00.000,18.9745
2025-06-25T10:44:00.000,18.9116
2025-06-25T10:45:00.000,18.8542
2025-06-25T10:46:00.000,18.8269
2025-06-25T10:47:00.000,18.7544
2025-06-25T10:48:00.000,18.6150
2025-06-25T10:49:00.000,18.5548
2025-06-25T10:50:00.000,18.5261
2025-06-25T10:51:00.000,18.5138
2025-06-25T10:52:00.000,18.4919
2025-06-25T10:53:00.000,18.4947
2025-06-25T10:54:00.000,18.4591
2025-06-25T10:55:00.000,18.4304
2025-06-25T10:56:00.000,18.4140
2025-06-25T10:57:00.000,18.4304
2025-06-25T10:58:00.000,18.4755
2025-06-25T10:59:00.000,18.5521
2025-06-25T11:00:00.000,18.6232
2025-06-25T11:01:00.000,18.6628
2025-06-25T11:02:00.000,18.7175
2025-06-25T11:03:00.000,18.7038
2025-06-25T11:04:00.000,18.7572
2025-06-25T11:05:00.000,18.8187
2025-06-25T11:06:00.000,18.9144
2025-06-25T11:07:00.000,19.0073
2025-06-25T11:08:00.000,18.9936
2025-06-25T11:09:00.000,19.0702
2025-06-25T11:10:00.000,19.3012
2025-06-25T11:11:00.000,19.5145
2025-06-25T11:12:00.000,19.6799
2025-06-25T11:13:00.000,19.8781
2025-06-25T11:14:00.000,20.0477
2025-06-25T11:15:00.000,20.1681
2025-06-25T11:16:00.000,20.2939
2025-06-25T11:17:00.000,20.3760
2025-06-25T11:18:00.000,20.4526
2025-06-25T11:19:00.000,20.6031
2025-06-25T11:20:00.000,20.7866
2025-06-25T11:21:00.000,20.9769
2025-06-25T11:22:00.000,21.0906
2025-06-25T11:23:00.000,21.1481
2025-06-25T11:24:00.000,21.3810
2025-06-25T11:25:00.000,21.7101
2025-06-25T11:26:00.000,22.0601
2025-06-25T11:27:00.000,22.3032
2025-06-25T11:28:00.000,22.4091
2025-06-25T11:29:00.000,22.5507
2025-06-25T11:30:00.000,22.6690
2025-06-25T11:31:00.000,22.8286
2025-06-25T11:32:00.000,22.9760
2025-06-25T11:33:00.000,23.0421
2025-06-25T11:34:00.000,23.0862
2025-06-25T11:35:00.000,23.0821
2025-06-25T11:36:00.000,22.9402
2025-06-25T11:37:00.000,22.8686
2025-06-25T11:38:00.000,22.8727
2025-06-25T11:39:00.000,22.7460
2025-06-25T11:40:00.000,22.8107
2025-06-25T11:41:00.000,23.0821
2025-06-25T11:42:00.000,23.2682
2025-06-25T11:43:00.000,23.4475
2025-06-25T11:44:00.000,23.7224
2025-06-25T11:45:00.000,24.2606
2025-06-25T11:46:00.000,24.8393
2025-06-25T11:47:00.000,25.4395
2025-06-25T11:48:00.000,25.8166
2025-06-25T11:49:00.000,26.3657
2025-06-25T11:50:00.000,26.6946
2025-06-25T11:51:00.000,27.2007
2025-06-25T11:52:00.000,27.5841
2025-06-25T11:53:00.000,28.2676
2025-06-25T11:54:00.000,28.6402
2025-06-25T11:55:00.000,29.2800
2025-06-25T11:56:00.000,29.3375
2025-06-25T11:57:00.000,29.0845
2025-06-25T11:58:00.000,28.8177
2025-06-25T11:59:00.000,28.6059
2025-06-25T12:00:00.000,28.0967
2025-06-25T12:01:00.000,27.5345
2025-06-25T12:02:00.000,27.1710
2025-06-25T12:03:00.000,26.9819
2025-06-25T12:04:00.000,27.1965
2025-06-25T12:05:00.000,27.3901
2025-06-25T12:06:00.000,27.5586
2025-06-25T12:07:00.000,27.4736
2025-06-25T12:08:00.000,27.6280
2025-06-25T12:09:00.000,27.4043
2025-06-25T12:10:00.000,27.6762
2025-06-25T12:11:00.000,27.7046
2025-06-25T12:12:00.000,27.7344
2025-06-25T12:13:00.000,27.8721
2025-06-25T12:14:00.000,27.8394
2025-06-25T12:15:00.000,27.7259
2025-06-25T12:16:00.000,27.4665
2025-06-25T12:17:00.000,27.1668
2025-06-25T12:18:00.000,26.8776
2025-06-25T12:19:00.000,26.6116
2025-06-25T12:20:00.000,26.3166
2025-06-25T12:21:00.000,26.4528
2025-06-25T12:22:00.000,26.6440
2025-06-25T12:23:00.000,26.6130
2025-06-25T12:24:00.000,26.5483
2025-06-25T12:25:00.000,26.4163
2025-06-25T12:26:00.000,26.2240
2025-06-25T12:27:00.000,26.0657
2025-06-25T12:28:00.000,26.0307
2025-06-25T12:29:00.000,25.9677
2025-06-25T12:30:00.000,25.8193
2025-06-25T12:31:00.000,25.5497
2025-06-25T12:32:00.000,25.3962
2025-06-25T12:33:00.000,25.3697
2025-06-25T12:34:00.000,25.3823
2025-06-25T12:35:00.000,25.7215
2025-06-25T12:36:00.000,26.0965
2025-06-25T12:37:00.000,26.3377
2025-06-25T12:38:00.000,26.4022
2025-06-25T12:39:00.000,26.5315
2025-06-25T12:40:00.000,26.8875
2025-06-25T12:41:00.000,27.8352
2025-06-25T12:42:00.000,28.8836
2025-06-25T12:43:00.000,29.9426
2025-06-25T12:44:00.000,31.0073
2025-06-25T12:45:00.000,32.0554
2025-06-25T12:46:00.000,32.8408
2025-06-25T12:47:00.000,33.1831
2025-06-25T12:48:00.000,33.3774
2025-06-25T12:49:00.000,33.7220
2025-06-25T12:50:00.000,34.1414
2025-06-25T12:51:00.000,34.4927
2025-06-25T12:52:00.000,34.7228
2025-06-25T12:53:00.000,34.8165
2025-06-25T12:54:00.000,35.1821
2025-06-25T12:55:00.000,35.3509
2025-06-25T12:56:00.000,35.6071
2025-06-25T12:57:00.000,35.8113
2025-06-25T12:58:00.000,35.9394
2025-06-25T12:59:00.000,36.0819
2025-06-25T13:00:00.000,35.9410
2025-06-25T13:01:00.000,35.4641
2025-06-25T13:02:00.000,34.7643
2025-06-25T13:03:00.000,34.2252
2025-06-25T13:04:00.000,33.6418
2025-06-25T13:05:00.000,32.9922
2025-06-25T13:06:00.000,32.6538
2025-06-25T13:07:00.000,32.3436
2025-06-25T13:08:00.000,32.0198
2025-06-25T13:09:00.000,31.8036
2025-06-25T13:10:00.000,31.2597
2025-06-25T13:11:00.000,30.6068
2025-06-25T13:12:00.000,30.1804
2025-06-25T13:13:00.000,29.9252
2025-06-25T13:14:00.000,29.7631
2025-06-25T13:15:00.000,29.3980
2025-06-25T13:16:00.000,29.0672
2025-06-25T13:17:00.000,29.2325
2025-06-25T13:18:00.000,29.3260
2025-06-25T13:19:00.000,29.9353
2025-06-25T13:20:00.000,30.3664
2025-06-25T13:21:00.000,30.9327
2025-06-25T13:22:00.000,31.2803
2025-06-25T13:23:00.000,31.0088
2025-06-25T13:24:00.000,30.8507
2025-06-25T13:25:00.000,30.4319
2025-06-25T13:26:00.000,29.7096
2025-06-25T13:27:00.000,29.0213
2025-06-25T13:28:00.000,28.4588
2025-06-25T13:29:00.000,27.6124
2025-06-25T13:30:00.000,26.9453
2025-06-25T13:31:00.000,26.5610
2025-06-25T13:32:00.000,26.5835
2025-06-25T13:33:00.000,26.9002
2025-06-25T13:34:00.000,27.2530
2025-06-25T13:35:00.000,27.5359
2025-06-25T13:36:00.000,27.7018
2025-06-25T13:37:00.000,27.6691
2025-06-25T13:38:00.000,27.9701
2025-06-25T13:39:00.000,28.2819
2025-06-25T13:40:00.000,28.7619
2025-06-25T13:41:00.000,28.9281
2025-06-25T13:42:00.000,29.0471
2025-06-25T13:43:00.000,29.3375
2025-06-25T13:44:00.000,29.9498
2025-06-25T13:45:00.000,30.7411
2025-06-25T13:46:00.000,31.5128
2025-06-25T13:47:00.000,31.7563
2025-06-25T13:48:00.000,31.7785
2025-06-25T13:49:00.000,31.7534
2025-06-25T13:50:00.000,31.4951
2025-06-25T13:51:00.000,31.2935
2025-06-25T13:52:00.000,30.9986
2025-06-25T13:53:00.000,30.6360
2025-06-25T13:54:00.000,30.7659
2025-06-25T13:55:00.000,30.6564
2025-06-25T13:56:00.000,30.3126
2025-06-25T13:57:00.000,30.5835
2025-06-25T13:58:00.000,30.6798
2025-06-25T13:59:00.000,30.6768
2025-06-25T14:00:00.000,30.7163
2025-06-25T14:01:00.000,30.7382
2025-06-25T14:02:00.000,30.6593
2025-06-25T14:03:00.000,30.5179
2025-06-25T14:04:00.000,30.5208
2025-06-25T14:05:00.000,30.7893
2025-06-25T14:06:00.000,30.9107
2025-06-25T14:07:00.000,30.9898
2025-06-25T14:08:00.000,31.0220
2025-06-25T14:09:00.000,31.0323
2025-06-25T14:10:00.000,30.9956
2025-06-25T14:11:00.000,31.0630
2025-06-25T14:12:00.000,31.2935
2025-06-25T14:13:00.000,31.2994
2025-06-25T14:14:00.000,31.5954
2025-06-25T14:15:00.000,31.5836
2025-06-25T14:16:00.000,31.8258
2025-06-25T14:17:00.000,32.1563
2025-06-25T14:18:00.000,32.0064
2025-06-25T14:19:00.000,31.8953
2025-06-25T14:20:00.000,31.4141
2025-06-25T14:21:00.000,30.9575
2025-06-25T14:22:00.000,30.7557
2025-06-25T14:23:00.000,30.8317
2025-06-25T14:24:00.000,31.3641
2025-06-25T14:25:00.000,31.5733
2025-06-25T14:26:00.000,31.6854
2025-06-25T14:27:00.000,31.6160
2025-06-25T14:28:00.000,31.2920
2025-06-25T14:29:00.000,31.1716
2025-06-25T14:30:00.000,30.7513
2025-06-25T14:31:00.000,30.7601
2025-06-25T14:32:00.000,30.8858
2025-06-25T14:33:00.000,30.9473
2025-06-25T14:34:00.000,31.0323
2025-06-25T14:35:00.000,31.1569
2025-06-25T14:36:00.000,31.1599
2025-06-25T14:37:00.000,30.8098
2025-06-25T14:38:00.000,30.6841
2025-06-25T14:39:00.000,30.5135
2025-06-25T14:40:00.000,30.6228
2025-06-25T14:41:00.000,30.6155
2025-06-25T14:42:00.000,30.5558
2025-06-25T14:43:00.000,30.4931
2025-06-25T14:44:00.000,30.6155
2025-06-25T14:45:00.000,30.5791
2025-06-25T14:46:00.000,30.3650
2025-06-25T14:47:00.000,30.1746
2025-06-25T14:48:00.000,30.2588
2025-06-25T14:49:00.000,30.4101
2025-06-25T14:50:00.000,30.6944
2025-06-25T14:51:00.000,30.7659
2025-06-25T14:52:00.000,30.8536
2025-06-25T14:53:00.000,30.8507
2025-06-25T14:54:00.000,30.8449
2025-06-25T14:55:00.000,30.9180
2025-06-25T14:56:00.000,31.0117
2025-06-25T14:57:00.000,31.0264
2025-06-25T14:58:00.000,31.2318
2025-06-25T14:59:00.000,31.1863
2025-06-25T15:00:00.000,31.0381
2025-06-25T15:01:00.000,30.9561
2025-06-25T15:02:00.000,30.8595
2025-06-25T15:03:00.000,30.3562
2025-06-25T15:04:00.000,29.9672
2025-06-25T15:05:00.000,29.8051
2025-06-25T15:06:00.000,30.2225
2025-06-25T15:07:00.000,30.5587
2025-06-25T15:08:00.000,30.7747
2025-06-25T15:09:00.000,30.7542
2025-06-25T15:10:00.000,30.4829
2025-06-25T15:11:00.000,29.7906
2025-06-25T15:12:00.000,29.1692
2025-06-25T15:13:00.000,28.5931
2025-06-25T15:14:00.000,28.1238
2025-06-25T15:15:00.000,27.9005
2025-06-25T15:16:00.000,27.6592
2025-06-25T15:17:00.000,28.0071
2025-06-25T15:18:00.000,28.8020
2025-06-25T15:19:00.000,29.4975
2025-06-25T15:20:00.000,29.7718
2025-06-25T15:21:00.000,29.7241
2025-06-25T15:22:00.000,29.5205
2025-06-25T15:23:00.000,29.4931
2025-06-25T15:24:00.000,28.9711
2025-06-25T15:25:00.000,28.2733
2025-06-25T15:26:00.000,27.3138
2025-06-25T15:27:00.000,26.4430
2025-06-25T15:28:00.000,25.9565
2025-06-25T15:29:00.000,25.6558
2025-06-25T15:30:00.000,25.2108
2025-06-25T15:31:00.000,24.3119
2025-06-25T15:32:00.000,23.0711
2025-06-25T15:33:00.000,21.7238
2025-06-25T15:34:00.000,20.4882
2025-06-25T15:35:00.000,19.4229
2025-06-25T15:36:00.000,18.6710
2025-06-25T15:37:00.000,18.2527
2025-06-25T15:38:00.000,17.8889
2025-06-25T15:39:00.000,17.5728
2025-06-25T15:40:00.000,17.3387
2025-06-25T15:41:00.000,17.1086
2025-06-25T15:42:00.000,16.7332
2025-06-25T15:43:00.000,16.3231
2025-06-25T15:44:00.000,15.9372
2025-06-25T15:45:00.000,15.5742
2025-06-25T15:46:00.000,15.3980
2025-06-25T15:47:00.000,15.4022
2025-06-25T15:48:00.000,15.4269
2025-06-25T15:49:00.000,15.2948
2025-06-25T15:50:00.000,15.3939
2025-06-25T15:51:00.000,15.2782
2025-06-25T15:52:00.000,15.1377
2025-06-25T15:53:00.000,14.9309
2025-06-25T15:54:00.000,14.7487
2025-06-25T15:55:00.000,14.5775
2025-06-25T15:56:00.000,14.3701
2025-06-25T15:57:00.000,14.1625
2025-06-25T15:58:00.000,13.9589
2025-06-25T15:59:00.000,13.7620
2025-06-25T16:00:00.000,13.5468
2025-06-25T16:01:00.000,13.3563
2025-06-25T16:02:00.000,13.2130
2025-06-25T16:03:00.000,13.0807
2025-06-25T16:04:00.000,12.9622
2025-06-25T16:05:00.000,12.8646
2025-06-25T16:06:00.000,12.7711
2025-06-25T16:07:00.000,12.6901
2025-06-25T16:08:00.000,12.6076
2025-06-25T16:09:00.000,12.5377
2025-06-25T16:10:00.000,12.4734
2025-06-25T16:11:00.000,12.4174
2025-06-25T16:12:00.000,12.3684
2025-06-25T16:13:00.000,12.3250
2025-06-25T16:14:00.000,12.2760
2025-06-25T16:15:00.000,12.2424
2025-06-25T16:16:00.000,12.2017
2025-06-25T16:17:00.000,12.1723
2025-06-25T16:18:00.000,12.1415
2025-06-25T16:19:00.000,12.1050
2025-06-25T16:20:00.000,12.0615
2025-06-25T16:21:00.000,12.0110
2025-06-25T16:22:00.000,11.9618
2025-06-25T16:23:00.000,11.9127
2025-06-25T16:24:00.000,11.8761
2025-06-25T16:25:00.000,11.8466
2025-06-25T16:26:00.000,11.8227
2025-06-25T16:27:00.000,11.8002
2025-06-25T16:28:00.000,11.7749
2025-06-25T16:29:00.000,11.7524
2025-06-25T16:30:00.000,11.7313
2025-06-25T16:31:00.000,11.7074
2025-06-25T16:32:00.000,11.6849
2025-06-25T16:33:00.000,11.6553
2025-06-25T16:34:00.000,11.6328
2025-06-25T16:35:00.000,11.6117
2025-06-25T16:36:00.000,11.5948
2025-06-25T16:37:00.000,11.5793
2025-06-25T16:38:00.000,11.5680
2025-06-25T16:39:00.000,11.5568
2025-06-25T16:40:00.000,11.5497
2025-06-25T16:41:00.000,11.5314
2025-06-25T16:42:00.000,11.4934
2025-06-25T16:43:00.000,11.4497
2025-06-25T16:44:00.000,11.4073
2025-06-25T16:45:00.000,11.3749
2025-06-25T16:46:00.000,11.3495
2025-06-25T16:47:00.000,11.3283
2025-06-25T16:48:00.000,11.3086
2025-06-25T16:49:00.000,11.3001
2025-06-25T16:50:00.000,11.2930
2025-06-25T16:51:00.000,11.2959
2025-06-25T16:52:00.000,11.2945
2025-06-25T16:53:00.000,11.2888
2025-06-25T16:54:00.000,11.2846
2025-06-25T16:55:00.000,11.2719
2025-06-25T16:56:00.000,11.2577
2025-06-25T16:57:00.000,11.2380
2025-06-25T16:58:00.000,11.2210
2025-06-25T16:59:00.000,11.2069
2025-06-25T17:00:00.000,11.1984
2025-06-25T17:01:00.000,11.1942
2025-06-25T17:02:00.000,11.2012
2025-06-25T17:03:00.000,11.2111
2025-06-25T17:04:00.000,11.2154
2025-06-25T17:05:00.000,11.2168
2025-06-25T17:06:00.000,11.2224
2025-06-25T17:07:00.000,11.2295
2025-06-25T17:08:00.000,11.2309
2025-06-25T17:09:00.000,11.2239
2025-06-25T17:10:00.000,11.2069
2025-06-25T17:11:00.000,11.1942
2025-06-25T17:12:00.000,11.1843
2025-06-25T17:13:00.000,11.1744
2025-06-25T17:14:00.000,11.1546
2025-06-25T17:15:00.000,11.1334
2025-06-25T17:16:00.000,11.1179
2025-06-25T17:17:00.000,11.1051
2025-06-25T17:18:00.000,11.0882
2025-06-25T17:19:00.000,11.0641
2025-06-25T17:20:00.000,11.0443
2025-06-25T17:21:00.000,11.0203
2025-06-25T17:22:00.000,10.9990
2025-06-25T17:23:00.000,10.9806
2025-06-25T17:24:00.000,10.9651
2025-06-25T17:25:00.000,10.9580
2025-06-25T17:26:00.000,10.9481
2025-06-25T17:27:00.000,10.9339
2025-06-25T17:28:00.000,10.9197
2025-06-25T17:29:00.000,10.9056
2025-06-25T17:30:00.000,10.8971
2025-06-25T17:31:00.000,10.8928
2025-06-25T17:32:00.000,10.8942
2025-06-25T17:33:00.000,10.8957
2025-06-25T17:34:00.000,10.9013
2025-06-25T17:35:00.000,10.9098
2025-06-25T17:36:00.000,10.9197
2025-06-25T17:37:00.000,10.9268
2025-06-25T17:38:00.000,10.9268
2025-06-25T17:39:00.000,10.9282
2025-06-25T17:40:00.000,10.9339
2025-06-25T17:41:00.000,10.9396
2025-06-25T17:42:00.000,10.9764
2025-06-25T17:43:00.000,11.0075
2025-06-25T17:44:00.000,11.0316
2025-06-25T17:45:00.000,11.0528
2025-06-25T17:46:00.000,11.0797
2025-06-25T17:47:00.000,11.1249
2025-06-25T17:48:00.000,11.1687
2025-06-25T17:49:00.000,11.1998
2025-06-25T17:50:00.000,11.2111
2025-06-25T17:51:00.000,11.2041
2025-06-25T17:52:00.000,11.1914
2025-06-25T17:53:00.000,11.1857
2025-06-25T17:54:00.000,11.1984
2025-06-25T17:55:00.000,11.2239
2025-06-25T17:56:00.000,11.2973
2025-06-25T17:57:00.000,11.3636
2025-06-25T17:58:00.000,11.4341
2025-06-25T17:59:00.000,11.5230
2025-06-25T18:00:00.000,11.5751
2025-06-25T18:01:00.000,11.6047
2025-06-25T18:02:00.000,11.6258
2025-06-25T18:03:00.000,11.5835
2025-06-25T18:04:00.000,11.5723
2025-06-25T18:05:00.000,11.5244
2025-06-25T18:06:00.000,11.5300
2025-06-25T18:07:00.000,11.5427
2025-06-25T18:08:00.000,11.5469
2025-06-25T18:09:00.000,11.5525
2025-06-25T18:10:00.000,11.5666
2025-06-25T18:11:00.000,11.5779
2025-06-25T18:12:00.000,11.5779
2025-06-25T18:13:00.000,11.5582
2025-06-25T18:14:00.000,11.5258
2025-06-25T18:15:00.000,11.5103
2025-06-25T18:16:00.000,11.5159
2025-06-25T18:17:00.000,11.5075
2025-06-25T18:18:00.000,11.5131
2025-06-25T18:19:00.000,11.5342
2025-06-25T18:20:00.000,11.5568
2025-06-25T18:21:00.000,11.5779
2025-06-25T18:22:00.000,11.5976
2025-06-25T18:23:00.000,11.5948
2025-06-25T18:24:00.000,11.5751
2025-06-25T18:25:00.000,11.5469
2025-06-25T18:26:00.000,11.5004
2025-06-25T18:27:00.000,11.4793
2025-06-25T18:28:00.000,11.4807
2025-06-25T18:29:00.000,11.4638
2025-06-25T18:30:00.000,11.4370
2025-06-25T18:31:00.000,11.4017
2025-06-25T18:32:00.000,11.3509
2025-06-25T18:33:00.000,11.3043
2025-06-25T18:34:00.000,11.2648
2025-06-25T18:35:00.000,11.2394
2025-06-25T18:36:00.000,11.2224
2025-06-25T18:37:00.000,11.2154
2025-06-25T18:38:00.000,11.2097
2025-06-25T18:39:00.000,11.2069
2025-06-25T18:40:00.000,11.2027
2025-06-25T18:41:00.000,11.1956
2025-06-25T18:42:00.000,11.1914
2025-06-25T18:43:00.000,11.1857
2025-06-25T18:44:00.000,11.1815
2025-06-25T18:45:00.000,11.1801
2025-06-25T18:46:00.000,11.1744
2025-06-25T18:47:00.000,11.1702
2025-06-25T18:48:00.000,11.1702
2025-06-25T18:49:00.000,11.1645
2025-06-25T18:50:00.000,11.1617
2025-06-25T18:51:00.000,11.1546
2025-06-25T18:52:00.000,11.1504
2025-06-25T18:53:00.000,11.1461
2025-06-25T18:54:00.000,11.1391
2025-06-25T18:55:00.000,11.1334
2025-06-25T18:56:00.000,11.1292
2025-06-25T18:57:00.000,11.1249
2025-06-25T18:58:00.000,11.1221
2025-06-25T18:59:00.000,11.1207
2025-06-25T19:00:00.000,11.1221
2025-06-25T19:01:00.000,11.1235
2025-06-25T19:02:00.000,11.1263
2025-06-25T19:03:00.000,11.1278
2025-06-25T19:04:00.000,11.1263
2025-06-25T19:05:00.000,11.1235
2025-06-25T19:06:00.000,11.1136
2025-06-25T19:07:00.000,11.1051
2025-06-25T19:08:00.000,11.0910
2025-06-25T19:09:00.000,11.0768
2025-06-25T19:10:00.000,11.0641
2025-06-25T19:11:00.000,11.0528
2025-06-25T19:12:00.000,11.0429
2025-06-25T19:13:00.000,11.0330
2025-06-25T19:14:00.000,11.0245
2025-06-25T19:15:00.000,11.0188
2025-06-25T19:16:00.000,11.0132
2025-06-25T19:17:00.000,11.0118
2025-06-25T19:18:00.000,11.0104
2025-06-25T19:19:00.000,11.0132
2025-06-25T19:20:00.000,11.0174
2025-06-25T19:21:00.000,11.0415
2025-06-25T19:22:00.000,11.0797
2025-06-25T19:23:00.000,11.1263
2025-06-25T19:24:00.000,11.2140
2025-06-25T19:25:00.000,11.3269
2025-06-25T19:26:00.000,11.4327
2025-06-25T19:27:00.000,11.5328
2025-06-25T19:28:00.000,11.6103
2025-06-25T19:29:00.000,11.6032
2025-06-25T19:30:00.000,11.5469
2025-06-25T19:31:00.000,11.5286
2025-06-25T19:32:00.000,11.4990
2025-06-25T19:33:00.000,11.4652
2025-06-25T19:34:00.000,11.4384
2025-06-25T19:35:00.000,11.4031
2025-06-25T19:36:00.000,11.3735
2025-06-25T19:37:00.000,11.3580
2025-06-25T19:38:00.000,11.3467
2025-06-25T19:39:00.000,11.3410
2025-06-25T19:40:00.000,11.3382
2025-06-25T19:41:00.000,11.3439
2025-06-25T19:42:00.000,11.3552
2025-06-25T19:43:00.000,11.3749
2025-06-25T19:44:00.000,11.3862
2025-06-25T19:45:00.000,11.3876
2025-06-25T19:46:00.000,11.4088
2025-06-25T19:47:00.000,11.4271
2025-06-25T19:48:00.000,11.4356
2025-06-25T19:49:00.000,11.4454
2025-06-25T19:50:00.000,11.4581
2025-06-25T19:51:00.000,11.4694
2025-06-25T19:52:00.000,11.4779
2025-06-25T19:53:00.000,11.4849
2025-06-25T19:54:00.000,11.4919
2025-06-25T19:55:00.000,11.4976
2025-06-25T19:56:00.000,11.5004
2025-06-25T19:57:00.000,11.5032
2025-06-25T19:58:00.000,11.5117
2025-06-25T19:59:00.000,11.5131
2025-06-25T20:00:00.000,11.5145
2025-06-25T20:01:00.000,11.5187
2025-06-25T20:02:00.000,11.5187
2025-06-25T20:03:00.000,11.5173
2025-06-25T20:04:00.000,11.5159
2025-06-25T20:05:00.000,11.5159
2025-06-25T20:06:00.000,11.5145
2025-06-25T20:07:00.000,11.5159
2025-06-25T20:08:00.000,11.5187
2025-06-25T20:09:00.000,11.5201
2025-06-25T20:10:00.000,11.5258
2025-06-25T20:11:00.000,11.5342
2025-06-25T20:12:00.000,11.5497
2025-06-25T20:13:00.000,11.5751
2025-06-25T20:14:00.000,11.5948
2025-06-25T20:15:00.000,11.6075
2025-06-25T20:16:00.000,11.6103
2025-06-25T20:17:00.000,11.6089
2025-06-25T20:18:00.000,11.6159
2025-06-25T20:19:00.000,11.6314
2025-06-25T20:20:00.000,11.6497
2025-06-25T20:21:00.000,11.6624
2025-06-25T20:22:00.000,11.6736
2025-06-25T20:23:00.000,11.6821
2025-06-25T20:24:00.000,11.6905
2025-06-25T20:25:00.000,11.6976
2025-06-25T20:26:00.000,11.7032
2025-06-25T20:27:00.000,11.7074
2025-06-25T20:28:00.000,11.7102
2025-06-25T20:29:00.000,11.7130
2025-06-25T20:30:00.000,11.7173
2025-06-25T20:31:00.000,11.7215
2025-06-25T20:32:00.000,11.7285
2025-06-25T20:33:00.000,11.7327
2025-06-25T20:34:00.000,11.7384
2025-06-25T20:35:00.000,11.7440
2025-06-25T20:36:00.000,11.7468
2025-06-25T20:37:00.000,11.7496
2025-06-25T20:38:00.000,11.7510
2025-06-25T20:39:00.000,11.7524
2025-06-25T20:40:00.000,11.7538
2025-06-25T20:41:00.000,11.7552
2025-06-25T20:42:00.000,11.7609
2025-06-25T20:43:00.000,11.7679
2025-06-25T20:44:00.000,11.7777
2025-06-25T20:45:00.000,11.7862
2025-06-25T20:46:00.000,11.7918
2025-06-25T20:47:00.000,11.7946
2025-06-25T20:48:00.000,11.7988
2025-06-25T20:49:00.000,11.8045
2025-06-25T20:50:00.000,11.8115
2025-06-25T20:51:00.000,11.8171
2025-06-25T20:52:00.000,11.8199
2025-06-25T20:53:00.000,11.8213
2025-06-25T20:54:00.000,11.8213
2025-06-25T20:55:00.000,11.8270
2025-06-25T20:56:00.000,11.8312
2025-06-25T20:57:00.000,11.8326
2025-06-25T20:58:00.000,11.8368
2025-06-25T20:59:00.000,11.8424
2025-06-25T21:00:00.000,11.8480
2025-06-25T21:01:00.000,11.8523
2025-06-25T21:02:00.000,11.8523
2025-06-25T21:03:00.000,11.8537
2025-06-25T21:04:00.000,11.8537
2025-06-25T21:05:00.000,11.8565
2025-06-25T21:06:00.000,11.8635
2025-06-25T21:07:00.000,11.8635
2025-06-25T21:08:00.000,11.8621
2025-06-25T21:09:00.000,11.8508
2025-06-25T21:10:00.000,11.8185
2025-06-25T21:11:00.000,11.7862
2025-06-25T21:12:00.000,11.7595
2025-06-25T21:13:00.000,11.7426
2025-06-25T21:14:00.000,11.7313
2025-06-25T21:15:00.000,11.7229
2025-06-25T21:16:00.000,11.7229
2025-06-25T21:17:00.000,11.7229
2025-06-25T21:18:00.000,11.7271
2025-06-25T21:19:00.000,11.7299
2025-06-25T21:20:00.000,11.7384
2025-06-25T21:21:00.000,11.7440
2025-06-25T21:22:00.000,11.7566
2025-06-25T21:23:00.000,11.7623
2025-06-25T21:24:00.000,11.7496
2025-06-25T21:25:00.000,11.7341
2025-06-25T21:26:00.000,11.7187
2025-06-25T21:27:00.000,11.7074
2025-06-25T21:28:00.000,11.6779
2025-06-25T21:29:00.000,11.6441
2025-06-25T21:30:00.000,11.6187
2025-06-25T21:31:00.000,11.6032
2025-06-25T21:32:00.000,11.5793
2025-06-25T21:33:00.000,11.5709
2025-06-25T21:34:00.000,11.5624
2025-06-25T21:35:00.000,11.5652
2025-06-25T21:36:00.000,11.5751
2025-06-25T21:37:00.000,11.5821
2025-06-25T21:38:00.000,11.5765
2025-06-25T21:39:00.000,11.5807
2025-06-25T21:40:00.000,11.5934
2025-06-25T21:41:00.000,11.6131
2025-06-25T21:42:00.000,11.6342
2025-06-25T21:43:00.000,11.6553
2025-06-25T21:44:00.000,11.6835
2025-06-25T21:45:00.000,11.7187
2025-06-25T21:46:00.000,11.7510
2025-06-25T21:47:00.000,11.7834
2025-06-25T21:48:00.000,11.8115
2025-06-25T21:49:00.000,11.8340
2025-06-25T21:50:00.000,11.8480
2025-06-25T21:51:00.000,11.8494
2025-06-25T21:52:00.000,11.8508
2025-06-25T21:53:00.000,11.8579
2025-06-25T21:54:00.000,11.8649
2025-06-25T21:55:00.000,11.8761
2025-06-25T21:56:00.000,11.8860
2025-06-25T21:57:00.000,11.9000
2025-06-25T21:58:00.000,11.9014
2025-06-25T21:59:00.000,11.8986
2025-06-25T22:00:00.000,11.8930
2025-06-25T22:01:00.000,11.8902
2025-06-25T22:02:00.000,11.8902
2025-06-25T22:03:00.000,11.8944
2025-06-25T22:04:00.000,11.9028
2025-06-25T22:05:00.000,11.9183
2025-06-25T22:06:00.000,11.9239
2025-06-25T22:07:00.000,11.9197
2025-06-25T22:08:00.000,11.9141
2025-06-25T22:09:00.000,11.9169
2025-06-25T22:10:00.000,11.9366
2025-06-25T22:11:00.000,11.9506
2025-06-25T22:12:00.000,11.9520
2025-06-25T22:13:00.000,11.9408
2025-06-25T22:14:00.000,11.9253
2025-06-25T22:15:00.000,11.9141
2025-06-25T22:16:00.000,11.8972
2025-06-25T22:17:00.000,11.8846
2025-06-25T22:18:00.000,11.8705
2025-06-25T22:19:00.000,11.8579
2025-06-25T22:20:00.000,11.8480
2025-06-25T22:21:00.000,11.8410
2025-06-25T22:22:00.000,11.8382
2025-06-25T22:23:00.000,11.8340
2025-06-25T22:24:00.000,11.8255
2025-06-25T22:25:00.000,11.8157
2025-06-25T22:26:00.000,11.8059
2025-06-25T22:27:00.000,11.7988
2025-06-25T22:28:00.000,11.7890
2025-06-25T22:29:00.000,11.7806
2025-06-25T22:30:00.000,11.7876
2025-06-25T22:31:00.000,11.8073
2025-06-25T22:32:00.000,11.8340
2025-06-25T22:33:00.000,11.8593
2025-06-25T22:34:00.000,11.8790
2025-06-25T22:35:00.000,11.9056
2025-06-25T22:36:00.000,11.9267
2025-06-25T22:37:00.000,11.9394
2025-06-25T22:38:00.000,11.9394
2025-06-25T22:39:00.000,11.9309
2025-06-25T22:40:00.000,11.9253
2025-06-25T22:41:00.000,11.9323
2025-06-25T22:42:00.000,11.9506
2025-06-25T22:43:00.000,11.9590
2025-06-25T22:44:00.000,11.9632
2025-06-25T22:45:00.000,11.9562
2025-06-25T22:46:00.000,11.9450
2025-06-25T22:47:00.000,11.9309
2025-06-25T22:48:00.000,11.9197
2025-06-25T22:49:00.000,11.9141
2025-06-25T22:50:00.000,11.8916
2025-06-25T22:51:00.000,11.8621
2025-06-25T22:52:00.000,11.8410
2025-06-25T22:53:00.000,11.8213
2025-06-25T22:54:00.000,11.8002
2025-06-25T22:55:00.000,11.7848
2025-06-25T22:56:00.000,11.7665
2025-06-25T22:57:00.000,11.7482
2025-06-25T22:58:00.000,11.7313
2025-06-25T22:59:00.000,11.7159
2025-06-25T23:00:00.000,11.7032
2025-06-25T23:01:00.000,11.6905
2025-06-25T23:02:00.000,11.6807
2025-06-25T23:03:00.000,11.6722
2025-06-25T23:04:00.000,11.6652
2025-06-25T23:05:00.000,11.6582
2025-06-25T23:06:00.000,11.6596
2025-06-25T23:07:00.000,11.6539
2025-06-25T23:08:00.000,11.6511
2025-06-25T23:09:00.000,11.6483
2025-06-25T23:10:00.000,11.6455
2025-06-25T23:11:00.000,11.6455
2025-06-25T23:12:00.000,11.6469
2025-06-25T23:13:00.000,11.6511
2025-06-25T23:14:00.000,11.6567
2025-06-25T23:15:00.000,11.6610
2025-06-25T23:16:00.000,11.6666
2025-06-25T23:17:00.000,11.6666
2025-06-25T23:18:00.000,11.6694
2025-06-25T23:19:00.000,11.6736
2025-06-25T23:20:00.000,11.6779
2025-06-25T23:21:00.000,11.6835
2025-06-25T23:22:00.000,11.6891
2025-06-25T23:23:00.000,11.6962
2025-06-25T23:24:00.000,11.6990
2025-06-25T23:25:00.000,11.7004
2025-06-25T23:26:00.000,11.7060
2025-06-25T23:27:00.000,11.7088
2025-06-25T23:28:00.000,11.7130
2025-06-25T23:29:00.000,11.7159
2025-06-25T23:30:00.000,11.7159
2025-06-25T23:31:00.000,11.7173
2025-06-25T23:32:00.000,11.7159
2025-06-25T23:33:00.000,11.7116
2025-06-25T23:34:00.000,11.7088
2025-06-25T23:35:00.000,11.7074
2025-06-25T23:36:00.000,11.7032
2025-06-25T23:37:00.000,11.6990
2025-06-25T23:38:00.000,11.6947
2025-06-25T23:39:00.000,11.6919
2025-06-25T23:40:00.000,11.6962
2025-06-25T23:41:00.000,11.6976
2025-06-25T23:42:00.000,11.7004
2025-06-25T23:43:00.000,11.7032
2025-06-25T23:44:00.000,11.7074
2025-06-25T23:45:00.000,11.7116
2025-06-25T23:46:00.000,11.7102
2025-06-25T23:47:00.000,11.7102
2025-06-25T23:48:00.000,11.7102
2025-06-25T23:49:00.000,11.7102
2025-06-25T23:50:00.000,11.7130
2025-06-25T23:51:00.000,11.7144
2025-06-25T23:52:00.000,11.7144
2025-06-25T23:53:00.000,11.7159
2025-06-25T23:54:00.000,11.7173
2025-06-25T23:55:00.000,11.7201
2025-06-25T23:56:00.000,11.7215
2025-06-25T23:57:00.000,11.7271
2025-06-25T23:58:00.000,11.7285
2025-06-25T23:59:00.000,11.7285
2025-06-26T00:00:00.000,11.7299
2025-06-26T00:01:00.000,11.7313
2025-06-26T00:02:00.000,11.7313
2025-06-26T00:03:00.000,11.7341
2025-06-26T00:04:00.000,11.7355
2025-06-26T00:05:00.000,11.7370
2025-06-26T00:06:00.000,11.7370
2025-06-26T00:07:00.000,11.7384
2025-06-26T00:08:00.000,11.7412
2025-06-26T00:09:00.000,11.7426
2025-06-26T00:10:00.000,11.7468
2025-06-26T00:11:00.000,11.7496
2025-06-26T00:12:00.000,11.7524
2025-06-26T00:13:00.000,11.7538
2025-06-26T00:14:00.000,11.7595
2025-06-26T00:15:00.000,11.7609
2025-06-26T00:16:00.000,11.7623
2025-06-26T00:17:00.000,11.7637
2025-06-26T00:18:00.000,11.7651
2025-06-26T00:19:00.000,11.7651
2025-06-26T00:20:00.000,11.7665
2025-06-26T00:21:00.000,11.7679
2025-06-26T00:22:00.000,11.7679
2025-06-26T00:23:00.000,11.7707
2025-06-26T00:24:00.000,11.7721
2025-06-26T00:25:00.000,11.7749
2025-06-26T00:26:00.000,11.7777
2025-06-26T00:27:00.000,11.7806
2025-06-26T00:28:00.000,11.7848
2025-06-26T00:29:00.000,11.7876
2025-06-26T00:30:00.000,11.7904
2025-06-26T00:31:00.000,11.7974
2025-06-26T00:32:00.000,11.8002
2025-06-26T00:33:00.000,11.8016
2025-06-26T00:34:00.000,11.8031
2025-06-26T00:35:00.000,11.8045
2025-06-26T00:36:00.000,11.8073
2025-06-26T00:37:00.000,11.8101
2025-06-26T00:38:00.000,11.8129
2025-06-26T00:39:00.000,11.8157
2025-06-26T00:40:00.000,11.8185
2025-06-26T00:41:00.000,11.8213
2025-06-26T00:42:00.000,11.8255
2025-06-26T00:43:00.000,11.8255
2025-06-26T00:44:00.000,11.8241
2025-06-26T00:45:00.000,11.8241
2025-06-26T00:46:00.000,11.8241
2025-06-26T00:47:00.000,11.8241
2025-06-26T00:48:00.000,11.8270
2025-06-26T00:49:00.000,11.8270
2025-06-26T00:50:00.000,11.8255
2025-06-26T00:51:00.000,11.8255
2025-06-26T00:52:00.000,11.8241
2025-06-26T00:53:00.000,11.8227
2025-06-26T00:54:00.000,11.8213
2025-06-26T00:55:00.000,11.8199
2025-06-26T00:56:00.000,11.8199
2025-06-26T00:57:00.000,11.8185
2025-06-26T00:58:00.000,11.8171
2025-06-26T00:59:00.000,11.8171
2025-06-26T01:00:00.000,11.8185
2025-06-26T01:01:00.000,11.8213
2025-06-26T01:02:00.000,11.8452
2025-06-26T01:03:00.000,11.8579
2025-06-26T01:04:00.000,11.8635
2025-06-26T01:05:00.000,11.8593
2025-06-26T01:06:00.000,11.8523
2025-06-26T01:07:00.000,11.8452
2025-06-26T01:08:00.000,11.8424
2025-06-26T01:09:00.000,11.8396
2025-06-26T01:10:00.000,11.8354
2025-06-26T01:11:00.000,11.8340
2025-06-26T01:12:00.000,11.8312
2025-06-26T01:13:00.000,11.8284
2025-06-26T01:14:00.000,11.8270
2025-06-26T01:15:00.000,11.8255
2025-06-26T01:16:00.000,11.8255
2025-06-26T01:17:00.000,11.8241
2025-06-26T01:18:00.000,11.8241
2025-06-26T01:19:00.000,11.8227
2025-06-26T01:20:00.000,11.8227
2025-06-26T01:21:00.000,11.8213
2025-06-26T01:22:00.000,11.8255
2025-06-26T01:23:00.000,11.8241
2025-06-26T01:24:00.000,11.8227
2025-06-26T01:25:00.000,11.8213
2025-06-26T01:26:00.000,11.8199
2025-06-26T01:27:00.000,11.8185
2025-06-26T01:28:00.000,11.8171
2025-06-26T01:29:00.000,11.8129
2025-06-26T01:30:00.000,11.8059
2025-06-26T01:31:00.000,11.7946
2025-06-26T01:32:00.000,11.7820
2025-06-26T01:33:00.000,11.7609
2025-06-26T01:34:00.000,11.7355
2025-06-26T01:35:00.000,11.7159
2025-06-26T01:36:00.000,11.7046
2025-06-26T01:37:00.000,11.7004
2025-06-26T01:38:00.000,11.6947
2025-06-26T01:39:00.000,11.6877
2025-06-26T01:40:00.000,11.6610
2025-06-26T01:41:00.000,11.6286
2025-06-26T01:42:00.000,11.5976
2025-06-26T01:43:00.000,11.5709
2025-06-26T01:44:00.000,11.5469
2025-06-26T01:45:00.000,11.5385
2025-06-26T01:46:00.000,11.5483
2025-06-26T01:47:00.000,11.5568
2025-06-26T01:48:00.000,11.5455
2025-06-26T01:49:00.000,11.5314
2025-06-26T01:50:00.000,11.5145
2025-06-26T01:51:00.000,11.5032
2025-06-26T01:52:00.000,11.4948
2025-06-26T01:53:00.000,11.4905
2025-06-26T01:54:00.000,11.4821
2025-06-26T01:55:00.000,11.4779
2025-06-26T01:56:00.000,11.4779
2025-06-26T01:57:00.000,11.4736
2025-06-26T01:58:00.000,11.4666
2025-06-26T01:59:00.000,11.4595
2025-06-26T02:00:00.000,11.4581
2025-06-26T02:01:00.000,11.4581
2025-06-26T02:02:00.000,11.4609
2025-06-26T02:03:00.000,11.4722
2025-06-26T02:04:00.000,11.4807
2025-06-26T02:05:00.000,11.4919
2025-06-26T02:06:00.000,11.5004
2025-06-26T02:07:00.000,11.5032
2025-06-26T02:08:00.000,11.5117
2025-06-26T02:09:00.000,11.5187
2025-06-26T02:10:00.000,11.5328
2025-06-26T02:11:00.000,11.5413
2025-06-26T02:12:00.000,11.5511
2025-06-26T02:13:00.000,11.5610
2025-06-26T02:14:00.000,11.5652
2025-06-26T02:15:00.000,11.5680
2025-06-26T02:16:00.000,11.5737
2025-06-26T02:17:00.000,11.5779
2025-06-26T02:18:00.000,11.5807
2025-06-26T02:19:00.000,11.5835
2025-06-26T02:20:00.000,11.5793
2025-06-26T02:21:00.000,11.5779
2025-06-26T02:22:00.000,11.5821
2025-06-26T02:23:00.000,11.5849
2025-06-26T02:24:00.000,11.5863
2025-06-26T02:25:00.000,11.5878
2025-06-26T02:26:00.000,11.5878
2025-06-26T02:27:00.000,11.5892
2025-06-26T02:28:00.000,11.5920
2025-06-26T02:29:00.000,11.5934
2025-06-26T02:30:00.000,11.5990
2025-06-26T02:31:00.000,11.5976
2025-06-26T02:32:00.000,11.5976
2025-06-26T02:33:00.000,11.5990
2025-06-26T02:34:00.000,11.5962
2025-06-26T02:35:00.000,11.5934
2025-06-26T02:36:00.000,11.5863
2025-06-26T02:37:00.000,11.5793
2025-06-26T02:38:00.000,11.5723
2025-06-26T02:39:00.000,11.5694
2025-06-26T02:40:00.000,11.5694
2025-06-26T02:41:00.000,11.5638
2025-06-26T02:42:00.000,11.5638
2025-06-26T02:43:00.000,11.5652
2025-06-26T02:44:00.000,11.5638
2025-06-26T02:45:00.000,11.5596
2025-06-26T02:46:00.000,11.5582
2025-06-26T02:47:00.000,11.5610
2025-06-26T02:48:00.000,11.5596
2025-06-26T02:49:00.000,11.5568
2025-06-26T02:50:00.000,11.5511
2025-06-26T02:51:00.000,11.5441
2025-06-26T02:52:00.000,11.5356
2025-06-26T02:53:00.000,11.5272
2025-06-26T02:54:00.000,11.5187
2025-06-26T02:55:00.000,11.5103
2025-06-26T02:56:00.000,11.5004
2025-06-26T02:57:00.000,11.4821
2025-06-26T02:58:00.000,11.4595
2025-06-26T02:59:00.000,11.4398
2025-06-26T03:00:00.000,11.4215
2025-06-26T03:01:00.000,11.4059
2025-06-26T03:02:00.000,11.3932
2025-06-26T03:03:00.000,11.3834
2025-06-26T03:04:00.000,11.3791
2025-06-26T03:05:00.000,11.3721
2025-06-26T03:06:00.000,11.3650
2025-06-26T03:07:00.000,11.3580
2025-06-26T03:08:00.000,11.3537
2025-06-26T03:09:00.000,11.3481
2025-06-26T03:10:00.000,11.3439
2025-06-26T03:11:00.000,11.3410
2025-06-26T03:12:00.000,11.3368
2025-06-26T03:13:00.000,11.3326
2025-06-26T03:14:00.000,11.3312
2025-06-26T03:15:00.000,11.3283
2025-06-26T03:16:00.000,11.3269
2025-06-26T03:17:00.000,11.3241
2025-06-26T03:18:00.000,11.3213
2025-06-26T03:19:00.000,11.3199
2025-06-26T03:20:00.000,11.3170
2025-06-26T03:21:00.000,11.3199
2025-06-26T03:22:00.000,11.3170
2025-06-26T03:23:00.000,11.3142
2025-06-26T03:24:00.000,11.3128
2025-06-26T03:25:00.000,11.3114
2025-06-26T03:26:00.000,11.3100
2025-06-26T03:27:00.000,11.3100
2025-06-26T03:28:00.000,11.3128
2025-06-26T03:29:00.000,11.3128
2025-06-26T03:30:00.000,11.3142
2025-06-26T03:31:00.000,11.3156
2025-06-26T03:32:00.000,11.3170
2025-06-26T03:33:00.000,11.3213
2025-06-26T03:34:00.000,11.3241
2025-06-26T03:35:00.000,11.3269
2025-06-26T03:36:00.000,11.3269
2025-06-26T03:37:00.000,11.3269
2025-06-26T03:38:00.000,11.3312
2025-06-26T03:39:00.000,11.3312
2025-06-26T03:40:00.000,11.3312
2025-06-26T03:41:00.000,11.3312
2025-06-26T03:42:00.000,11.3326
2025-06-26T03:43:00.000,11.3326
2025-06-26T03:44:00.000,11.3340
2025-06-26T03:45:00.000,11.3354
2025-06-26T03:46:00.000,11.3368
2025-06-26T03:47:00.000,11.3382
2025-06-26T03:48:00.000,11.3396
2025-06-26T03:49:00.000,11.3410
2025-06-26T03:50:00.000,11.3410
2025-06-26T03:51:00.000,11.3410
2025-06-26T03:52:00.000,11.3425
2025-06-26T03:53:00.000,11.3425
2025-06-26T03:54:00.000,11.3425
2025-06-26T03:55:00.000,11.3453
2025-06-26T03:56:00.000,11.3439
2025-06-26T03:57:00.000,11.3410
2025-06-26T03:58:00.000,11.3382
2025-06-26T03:59:00.000,11.3354
2025-06-26T04:00:00.000,11.3326
2025-06-26T04:01:00.000,11.3297
2025-06-26T04:02:00.000,11.3269
2025-06-26T04:03:00.000,11.3255
2025-06-26T04:04:00.000,11.3241
2025-06-26T04:05:00.000,11.3241
2025-06-26T04:06:00.000,11.3227
2025-06-26T04:07:00.000,11.3241
2025-06-26T04:08:00.000,11.3241
2025-06-26T04:09:00.000,11.3241
2025-06-26T04:10:00.000,11.3269
2025-06-26T04:11:00.000,11.3283
2025-06-26T04:12:00.000,11.3354
2025-06-26T04:13:00.000,11.3396
2025-06-26T04:14:00.000,11.3467
2025-06-26T04:15:00.000,11.3566
2025-06-26T04:16:00.000,11.3664
2025-06-26T04:17:00.000,11.3721
2025-06-26T04:18:00.000,11.3763
2025-06-26T04:19:00.000,11.3820
2025-06-26T04:20:00.000,11.3876
2025-06-26T04:21:00.000,11.3932
2025-06-26T04:22:00.000,11.4017
2025-06-26T04:23:00.000,11.4088
2025-06-26T04:24:00.000,11.4116
2025-06-26T04:25:00.000,11.4144
2025-06-26T04:26:00.000,11.4144
2025-06-26T04:27:00.000,11.4144
2025-06-26T04:28:00.000,11.4172
2025-06-26T04:29:00.000,11.4313
2025-06-26T04:30:00.000,11.4384
2025-06-26T04:31:00.000,11.4426
2025-06-26T04:32:00.000,11.4440
2025-06-26T04:33:00.000,11.4440
2025-06-26T04:34:00.000,11.4440
2025-06-26T04:35:00.000,11.4412
2025-06-26T04:36:00.000,11.4398
2025-06-26T04:37:00.000,11.4454
2025-06-26T04:38:00.000,11.4553
2025-06-26T04:39:00.000,11.4595
2025-06-26T04:40:00.000,11.4623
2025-06-26T04:41:00.000,11.4581
2025-06-26T04:42:00.000,11.4567
2025-06-26T04:43:00.000,11.4553
2025-06-26T04:44:00.000,11.4525
2025-06-26T04:45:00.000,11.4482
2025-06-26T04:46:00.000,11.4482
2025-06-26T04:47:00.000,11.4426
2025-06-26T04:48:00.000,11.4398
2025-06-26T04:49:00.000,11.4356
2025-06-26T04:50:00.000,11.4299
2025-06-26T04:51:00.000,11.4271
2025-06-26T04:52:00.000,11.4257
2025-06-26T04:53:00.000,11.4229
2025-06-26T04:54:00.000,11.4215
2025-06-26T04:55:00.000,11.4186
2025-06-26T04:56:00.000,11.4158
2025-06-26T04:57:00.000,11.4144
2025-06-26T04:58:00.000,11.4130
2025-06-26T04:59:00.000,11.4102
2025-06-26T05:00:00.000,11.4088
2025-06-26T05:01:00.000,11.4102
2025-06-26T05:02:00.000,11.4102
2025-06-26T05:03:00.000,11.4200
2025-06-26T05:04:00.000,11.4229
2025-06-26T05:05:00.000,11.4299
2025-06-26T05:06:00.000,11.4426
2025-06-26T05:07:00.000,11.4553
2025-06-26T05:08:00.000,11.4652
2025-06-26T05:09:00.000,11.4736
2025-06-26T05:10:00.000,11.4919
2025-06-26T05:11:00.000,11.5117
2025-06-26T05:12:00.000,11.5356
2025-06-26T05:13:00.000,11.5863
2025-06-26T05:14:00.000,11.6483
2025-06-26T05:15:00.000,11.7159
2025-06-26T05:16:00.000,11.7918
2025-06-26T05:17:00.000,11.8860
2025-06-26T05:18:00.000,11.9618
2025-06-26T05:19:00.000,12.0447
2025-06-26T05:20:00.000,12.1302
2025-06-26T05:21:00.000,12.2045
2025-06-26T05:22:00.000,12.2718
2025-06-26T05:23:00.000,12.2998
2025-06-26T05:24:00.000,12.3124
2025-06-26T05:25:00.000,12.3362
2025-06-26T05:26:00.000,12.3656
2025-06-26T05:27:00.000,12.3936
2025-06-26T05:28:00.000,12.4146
2025-06-26T05:29:00.000,12.4426
2025-06-26T05:30:00.000,12.4706
2025-06-26T05:31:00.000,12.4986
2025-06-26T05:32:00.000,12.5196
2025-06-26T05:33:00.000,12.5252
2025-06-26T05:34:00.000,12.5252
2025-06-26T05:35:00.000,12.5266
2025-06-26T05:36:00.000,12.5280
2025-06-26T05:37:00.000,12.5391
2025-06-26T05:38:00.000,12.5531
2025-06-26T05:39:00.000,12.5699
2025-06-26T05:40:00.000,12.5839
2025-06-26T05:41:00.000,12.5937
2025-06-26T05:42:00.000,12.6021
2025-06-26T05:43:00.000,12.6090
2025-06-26T05:44:00.000,12.6188
2025-06-26T05:45:00.000,12.6258
2025-06-26T05:46:00.000,12.6314
2025-06-26T05:47:00.000,12.6342
2025-06-26T05:48:00.000,12.6356
2025-06-26T05:49:00.000,12.6370
2025-06-26T05:50:00.000,12.6412
2025-06-26T05:51:00.000,12.6426
2025-06-26T05:52:00.000,12.6440
2025-06-26T05:53:00.000,12.6440
2025-06-26T05:54:00.000,12.6454
2025-06-26T05:55:00.000,12.6412
2025-06-26T05:56:00.000,12.6370
2025-06-26T05:57:00.000,12.6300
2025-06-26T05:58:00.000,12.6202
2025-06-26T05:59:00.000,12.6146
2025-06-26T06:00:00.000,12.6146
2025-06-26T06:01:00.000,12.6146
2025-06-26T06:02:00.000,12.6104
2025-06-26T06:03:00.000,12.6063
2025-06-26T06:04:00.000,12.6049
2025-06-26T06:05:00.000,12.6090
2025-06-26T06:06:00.000,12.6160
2025-06-26T06:07:00.000,12.6230
2025-06-26T06:08:00.000,12.6300
2025-06-26T06:09:00.000,12.6314
2025-06-26T06:10:00.000,12.6314
2025-06-26T06:11:00.000,12.6398
2025-06-26T06:12:00.000,12.6412
2025-06-26T06:13:00.000,12.6454
2025-06-26T06:14:00.000,12.6482
2025-06-26T06:15:00.000,12.6370
2025-06-26T06:16:00.000,12.6258
2025-06-26T06:17:00.000,12.6230
2025-06-26T06:18:00.000,12.6300
2025-06-26T06:19:00.000,12.6426
2025-06-26T06:20:00.000,12.6510
2025-06-26T06:21:00.000,12.6580
2025-06-26T06:22:00.000,12.6621
2025-06-26T06:23:00.000,12.6621
2025-06-26T06:24:00.000,12.6608
2025-06-26T06:25:00.000,12.6580
2025-06-26T06:26:00.000,12.6538
2025-06-26T06:27:00.000,12.6468
2025-06-26T06:28:00.000,12.6482
2025-06-26T06:29:00.000,12.6482
2025-06-26T06:30:00.000,12.6440
2025-06-26T06:31:00.000,12.6426
2025-06-26T06:32:00.000,12.6412
2025-06-26T06:33:00.000,12.6412
2025-06-26T06:34:00.000,12.6370
2025-06-26T06:35:00.000,12.6356
2025-06-26T06:36:00.000,12.6370
2025-06-26T06:37:00.000,12.6314
2025-06-26T06:38:00.000,12.6202
2025-06-26T06:39:00.000,12.6216
2025-06-26T06:40:00.000,12.6118
2025-06-26T06:41:00.000,12.6076
2025-06-26T06:42:00.000,12.6146
2025-06-26T06:43:00.000,12.6258
2025-06-26T06:44:00.000,12.6272
2025-06-26T06:45:00.000,12.6342
2025-06-26T06:46:00.000,12.6384
2025-06-26T06:47:00.000,12.6454
2025-06-26T06:48:00.000,12.6608
2025-06-26T06:49:00.000,12.6775
2025-06-26T06:50:00.000,12.6803
2025-06-26T06:51:00.000,12.6719
2025-06-26T06:52:00.000,12.6635
2025-06-26T06:53:00.000,12.6621
2025-06-26T06:54:00.000,12.6691
2025-06-26T06:55:00.000,12.6803
2025-06-26T06:56:00.000,12.6957
2025-06-26T06:57:00.000,12.7110
2025-06-26T06:58:00.000,12.7208
2025-06-26T06:59:00.000,12.7166
2025-06-26T07:00:00.000,12.7138
2025-06-26T07:01:00.000,12.7180
2025-06-26T07:02:00.000,12.7306
2025-06-26T07:03:00.000,12.7390
2025-06-26T07:04:00.000,12.7460
2025-06-26T07:05:00.000,12.7487
2025-06-26T07:06:00.000,12.7473
2025-06-26T07:07:00.000,12.7473
2025-06-26T07:08:00.000,12.7473
2025-06-26T07:09:00.000,12.7460
2025-06-26T07:10:00.000,12.7432
2025-06-26T07:11:00.000,12.7418
2025-06-26T07:12:00.000,12.7418
2025-06-26T07:13:00.000,12.7404
2025-06-26T07:14:00.000,12.7362
2025-06-26T07:15:00.000,12.7376
2025-06-26T07:16:00.000,12.7362
2025-06-26T07:17:00.000,12.7138
2025-06-26T07:18:00.000,12.6887
2025-06-26T07:19:00.000,12.6705
2025-06-26T07:20:00.000,12.6635
2025-06-26T07:21:00.000,12.6608
2025-06-26T07:22:00.000,12.6621
2025-06-26T07:23:00.000,12.6663
2025-06-26T07:24:00.000,12.6719
2025-06-26T07:25:00.000,12.6803
2025-06-26T07:26:00.000,12.6887
2025-06-26T07:27:00.000,12.6957
2025-06-26T07:28:00.000,12.6999
2025-06-26T07:29:00.000,12.7041
2025-06-26T07:30:00.000,12.7278
2025-06-26T07:31:00.000,12.7753
2025-06-26T07:32:00.000,12.8283
2025-06-26T07:33:00.000,12.9622
2025-06-26T07:34:00.000,13.1754
2025-06-26T07:35:00.000,13.4133
2025-06-26T07:36:00.000,13.6398
2025-06-26T07:37:00.000,13.8799
2025-06-26T07:38:00.000,14.0919
2025-06-26T07:39:00.000,14.2996
2025-06-26T07:40:00.000,14.4655
2025-06-26T07:41:00.000,14.6051
2025-06-26T07:42:00.000,14.7142
2025-06-26T07:43:00.000,14.8026
2025-06-26T07:44:00.000,14.8964
2025-06-26T07:45:00.000,14.9888
2025-06-26T07:46:00.000,15.0757
2025-06-26T07:47:00.000,15.1653
2025-06-26T07:48:00.000,15.2879
2025-06-26T07:49:00.000,15.4435
2025-06-26T07:50:00.000,15.6100
2025-06-26T07:51:00.000,15.7777
2025-06-26T07:52:00.000,15.9372
2025-06-26T07:53:00.000,16.0718
2025-06-26T07:54:00.000,16.0759
2025-06-26T07:55:00.000,16.0004
2025-06-26T07:56:00.000,15.9592
2025-06-26T07:57:00.000,15.8905
2025-06-26T07:58:00.000,15.8245
2025-06-26T07:59:00.000,15.7860
2025-06-26T08:00:00.000,15.7709
2025-06-26T08:01:00.000,15.7640
2025-06-26T08:02:00.000,15.7736
2025-06-26T08:03:00.000,15.8190
2025-06-26T08:04:00.000,15.8726
2025-06-26T08:05:00.000,15.8863
2025-06-26T08:06:00.000,15.8946
2025-06-26T08:07:00.000,15.9056
2025-06-26T08:08:00.000,15.8877
2025-06-26T08:09:00.000,15.8987
2025-06-26T08:10:00.000,15.9056
2025-06-26T08:11:00.000,15.9619
2025-06-26T08:12:00.000,16.0430
2025-06-26T08:13:00.000,16.1377
2025-06-26T08:14:00.000,16.2119
2025-06-26T08:15:00.000,16.2846
2025-06-26T08:16:00.000,16.3862
2025-06-26T08:17:00.000,16.4575
2025-06-26T08:18:00.000,16.5412
2025-06-26T08:19:00.000,16.6194
2025-06-26T08:20:00.000,16.6934
2025-06-26T08:21:00.000,16.8058
2025-06-26T08:22:00.000,16.8977
2025-06-26T08:23:00.000,17.0182
2025-06-26T08:24:00.000,17.1210
2025-06-26T08:25:00.000,17.2223
2025-06-26T08:26:00.000,17.3346
2025-06-26T08:27:00.000,17.4496
2025-06-26T08:28:00.000,17.5591
2025-06-26T08:29:00.000,17.6043
2025-06-26T08:30:00.000,17.6138
2025-06-26T08:31:00.000,17.6330
2025-06-26T08:32:00.000,17.6303
2025-06-26T08:33:00.000,17.6809
2025-06-26T08:34:00.000,17.7575
2025-06-26T08:35:00.000,17.8547
2025-06-26T08:36:00.000,17.9449
2025-06-26T08:37:00.000,18.0872
2025-06-26T08:38:00.000,18.2239
2025-06-26T08:39:00.000,18.3593
2025-06-26T08:40:00.000,18.4646
2025-06-26T08:41:00.000,18.5439
2025-06-26T08:42:00.000,18.6232
2025-06-26T08:43:00.000,18.6355
2025-06-26T08:44:00.000,18.6300
2025-06-26T08:45:00.000,18.5958
2025-06-26T08:46:00.000,18.4851
2025-06-26T08:47:00.000,18.4113
2025-06-26T08:48:00.000,18.3443
2025-06-26T08:49:00.000,18.2486
2025-06-26T08:50:00.000,18.1487
2025-06-26T08:51:00.000,18.1145
2025-06-26T08:52:00.000,18.1446
2025-06-26T08:53:00.000,18.2116
2025-06-26T08:54:00.000,18.2786
2025-06-26T08:55:00.000,18.3525
2025-06-26T08:56:00.000,18.4632
2025-06-26T08:57:00.000,18.6218
2025-06-26T08:58:00.000,18.7148
2025-06-26T08:59:00.000,18.7339
2025-06-26T09:00:00.000,18.7790
2025-06-26T09:01:00.000,18.8405
2025-06-26T09:02:00.000,18.8952
2025-06-26T09:03:00.000,18.8542
2025-06-26T09:04:00.000,18.8460
2025-06-26T09:05:00.000,18.9157
2025-06-26T09:06:00.000,19.0415
2025-06-26T09:07:00.000,19.1590
2025-06-26T09:08:00.000,19.3231
2025-06-26T09:09:00.000,19.5336
2025-06-26T09:10:00.000,19.7031
2025-06-26T09:11:00.000,19.7715
2025-06-26T09:12:00.000,19.7606
2025-06-26T09:13:00.000,19.7236
2025-06-26T09:14:00.000,19.7674
2025-06-26T09:15:00.000,19.6977
2025-06-26T09:16:00.000,19.5295
2025-06-26T09:17:00.000,19.3723
2025-06-26T09:18:00.000,19.2821
2025-06-26T09:19:00.000,19.2944
2025-06-26T09:20:00.000,19.3436
2025-06-26T09:21:00.000,19.4065
2025-06-26T09:22:00.000,19.5117
2025-06-26T09:23:00.000,19.5582
2025-06-26T09:24:00.000,19.5719
2025-06-26T09:25:00.000,19.5309
2025-06-26T09:26:00.000,19.4666
2025-06-26T09:27:00.000,19.4270
2025-06-26T09:28:00.000,19.3559
2025-06-26T09:29:00.000,19.2971
2025-06-26T09:30:00.000,19.2848
2025-06-26T09:31:00.000,19.3108
2025-06-26T09:32:00.000,19.2889
2025-06-26T09:33:00.000,19.2493
2025-06-26T09:34:00.000,19.2834
2025-06-26T09:35:00.000,19.2862
2025-06-26T09:36:00.000,19.1987
2025-06-26T09:37:00.000,19.1604
2025-06-26T09:38:00.000,19.1727
2025-06-26T09:39:00.000,19.1850
2025-06-26T09:40:00.000,19.2274
2025-06-26T09:41:00.000,19.1536
2025-06-26T09:42:00.000,18.9759
2025-06-26T09:43:00.000,18.8269
2025-06-26T09:44:00.000,18.6601
2025-06-26T09:45:00.000,18.5685
2025-06-26T09:46:00.000,18.5042
2025-06-26T09:47:00.000,18.4277
2025-06-26T09:48:00.000,18.4332
2025-06-26T09:49:00.000,18.4591
2025-06-26T09:50:00.000,18.4441
2025-06-26T09:51:00.000,18.3990
2025-06-26T09:52:00.000,18.4003
2025-06-26T09:53:00.000,18.3798
2025-06-26T09:54:00.000,18.3798
2025-06-26T09:55:00.000,18.3156
2025-06-26T09:56:00.000,18.2349
2025-06-26T09:57:00.000,18.1980
2025-06-26T09:58:00.000,18.1788
2025-06-26T09:59:00.000,18.1898
2025-06-26T10:00:00.000,18.1405
2025-06-26T10:01:00.000,18.0872
2025-06-26T10:02:00.000,18.0092
2025-06-26T10:03:00.000,17.9531
2025-06-26T10:04:00.000,17.9477
2025-06-26T10:05:00.000,17.9203
2025-06-26T10:06:00.000,17.9189
2025-06-26T10:07:00.000,17.8560
2025-06-26T10:08:00.000,17.7698
2025-06-26T10:09:00.000,17.6932
2025-06-26T10:10:00.000,17.6097
2025-06-26T10:11:00.000,17.5153
2025-06-26T10:12:00.000,17.4742
2025-06-26T10:13:00.000,17.3894
2025-06-26T10:14:00.000,17.3346
2025-06-26T10:15:00.000,17.2607
2025-06-26T10:16:00.000,17.2086
2025-06-26T10:17:00.000,17.1936
2025-06-26T10:18:00.000,17.1730
2025-06-26T10:19:00.000,17.1607
2025-06-26T10:20:00.000,17.1525
2025-06-26T10:21:00.000,17.1497
2025-06-26T10:22:00.000,17.1223
2025-06-26T10:23:00.000,17.1196
2025-06-26T10:24:00.000,17.1333
2025-06-26T10:25:00.000,17.1758
2025-06-26T10:26:00.000,17.2182
2025-06-26T10:27:00.000,17.2470
2025-06-26T10:28:00.000,17.2566
2025-06-26T10:29:00.000,17.2689
2025-06-26T10:30:00.000,17.3059
2025-06-26T10:31:00.000,17.3606
2025-06-26T10:32:00.000,17.5372
2025-06-26T10:33:00.000,17.7083
2025-06-26T10:34:00.000,17.8806
2025-06-26T10:35:00.000,18.0338
2025-06-26T10:36:00.000,18.1610
2025-06-26T10:37:00.000,18.3443
2025-06-26T10:38:00.000,18.5001
2025-06-26T10:39:00.000,18.6273
2025-06-26T10:40:00.000,18.6191
2025-06-26T10:41:00.000,18.6615
2025-06-26T10:42:00.000,18.7079
2025-06-26T10:43:00.000,18.7107
2025-06-26T10:44:00.000,18.6792
2025-06-26T10:45:00.000,18.6574
2025-06-26T10:46:00.000,18.6341
2025-06-26T10:47:00.000,18.6164
2025-06-26T10:48:00.000,18.5029
2025-06-26T10:49:00.000,18.4564
2025-06-26T10:50:00.000,18.4509
2025-06-26T10:51:00.000,18.3976
2025-06-26T10:52:00.000,18.3183
2025-06-26T10:53:00.000,18.3320
2025-06-26T10:54:00.000,18.3757
2025-06-26T10:55:00.000,18.5179
2025-06-26T10:56:00.000,18.5849
2025-06-26T10:57:00.000,18.6738
2025-06-26T10:58:00.000,18.7763
2025-06-26T10:59:00.000,18.8241
2025-06-26T11:00:00.000,18.8009
2025-06-26T11:01:00.000,18.8214
2025-06-26T11:02:00.000,18.8966
2025-06-26T11:03:00.000,19.0442
2025-06-26T11:04:00.000,19.1167
2025-06-26T11:05:00.000,19.2028
2025-06-26T11:06:00.000,19.1987
2025-06-26T11:07:00.000,19.1235
2025-06-26T11:08:00.000,19.0866
2025-06-26T11:09:00.000,19.0770
2025-06-26T11:10:00.000,19.0647
2025-06-26T11:11:00.000,19.1153
2025-06-26T11:12:00.000,19.1618
2025-06-26T11:13:00.000,19.2629
2025-06-26T11:14:00.000,19.3942
2025-06-26T11:15:00.000,19.3532
2025-06-26T11:16:00.000,19.2670
2025-06-26T11:17:00.000,19.3094
2025-06-26T11:18:00.000,19.3203
2025-06-26T11:19:00.000,19.3477
2025-06-26T11:20:00.000,19.5008
2025-06-26T11:21:00.000,19.5705
2025-06-26T11:22:00.000,19.6375
2025-06-26T11:23:00.000,19.7113
2025-06-26T11:24:00.000,19.7578
2025-06-26T11:25:00.000,19.7852
2025-06-26T11:26:00.000,19.7565
2025-06-26T11:27:00.000,19.7934
2025-06-26T11:28:00.000,19.8768
2025-06-26T11:29:00.000,19.9383
2025-06-26T11:30:00.000,20.0600
2025-06-26T11:31:00.000,20.3103
2025-06-26T11:32:00.000,20.5936
2025-06-26T11:33:00.000,20.8317
2025-06-26T11:34:00.000,20.9577
2025-06-26T11:35:00.000,21.0632
2025-06-26T11:36:00.000,21.1563
2025-06-26T11:37:00.000,21.2755
2025-06-26T11:38:00.000,21.4304
2025-06-26T11:39:00.000,21.6621
2025-06-26T11:40:00.000,21.8720
2025-06-26T11:41:00.000,22.0326
2025-06-26T11:42:00.000,22.1741
2025-06-26T11:43:00.000,22.2538
2025-06-26T11:44:00.000,22.3417
2025-06-26T11:45:00.000,22.5988
2025-06-26T11:46:00.000,22.9539
2025-06-26T11:47:00.000,23.2944
2025-06-26T11:48:00.000,23.4917
2025-06-26T11:49:00.000,23.4048
2025-06-26T11:50:00.000,23.4103
2025-06-26T11:51:00.000,23.4365
2025-06-26T11:52:00.000,23.4310
2025-06-26T11:53:00.000,23.3303
2025-06-26T11:54:00.000,23.2723
2025-06-26T11:55:00.000,23.2144
2025-06-26T11:56:00.000,23.1841
2025-06-26T11:57:00.000,23.3013
2025-06-26T11:58:00.000,23.3923
2025-06-26T11:59:00.000,23.3551
2025-06-26T12:00:00.000,23.3372
2025-06-26T12:01:00.000,23.3510
2025-06-26T12:02:00.000,23.3523
2025-06-26T12:03:00.000,23.3620
2025-06-26T12:04:00.000,23.3854
2025-06-26T12:05:00.000,23.4199
2025-06-26T12:06:00.000,23.6160
2025-06-26T12:07:00.000,23.9408
2025-06-26T12:08:00.000,24.2939
2025-06-26T12:09:00.000,24.5144
2025-06-26T12:10:00.000,24.8407
2025-06-26T12:11:00.000,25.0187
2025-06-26T12:12:00.000,25.1927
2025-06-26T12:13:00.000,25.3307
2025-06-26T12:14:00.000,25.4771
2025-06-26T12:15:00.000,25.6502
2025-06-26T12:16:00.000,25.8347
2025-06-26T12:17:00.000,26.1077
2025-06-26T12:18:00.000,26.4430
2025-06-26T12:19:00.000,26.8621
2025-06-26T12:20:00.000,27.0045
2025-06-26T12:21:00.000,26.7481
2025-06-26T12:22:00.000,26.5891
2025-06-26T12:23:00.000,26.3770
2025-06-26T12:24:00.000,26.2591
2025-06-26T12:25:00.000,26.0643
2025-06-26T12:26:00.000,26.0237
2025-06-26T12:27:00.000,25.8235
2025-06-26T12:28:00.000,25.5692
2025-06-26T12:29:00.000,25.3878
2025-06-26T12:30:00.000,25.0813
2025-06-26T12:31:00.000,24.7782
2025-06-26T12:32:00.000,24.4949
2025-06-26T12:33:00.000,24.1387
2025-06-26T12:34:00.000,23.8247
2025-06-26T12:35:00.000,23.5759
2025-06-26T12:36:00.000,23.3137
2025-06-26T12:37:00.000,23.0793
2025-06-26T12:38:00.000,22.9484
2025-06-26T12:39:00.000,22.7268
2025-06-26T12:40:00.000,22.4668
2025-06-26T12:41:00.000,22.2139
2025-06-26T12:42:00.000,21.9461
2025-06-26T12:43:00.000,21.7183
2025-06-26T12:44:00.000,21.5647
2025-06-26T12:45:00.000,21.4386
2025-06-26T12:46:00.000,21.3358
2025-06-26T12:47:00.000,21.2824
2025-06-26T12:48:00.000,21.2344
2025-06-26T12:49:00.000,21.2824
2025-06-26T12:50:00.000,21.3440
2025-06-26T12:51:00.000,21.4276
2025-06-26T12:52:00.000,21.5195
2025-06-26T12:53:00.000,21.6429
2025-06-26T12:54:00.000,21.7924
2025-06-26T12:55:00.000,21.8830
2025-06-26T12:56:00.000,21.8981
2025-06-26T12:57:00.000,21.9050
2025-06-26T12:58:00.000,21.9420
2025-06-26T12:59:00.000,21.9297
2025-06-26T13:00:00.000,21.9050
2025-06-26T13:01:00.000,21.8418
2025-06-26T13:02:00.000,21.7924
2025-06-26T13:03:00.000,21.7485
2025-06-26T13:04:00.000,21.7362
2025-06-26T13:05:00.000,21.7554
2025-06-26T13:06:00.000,21.7691
2025-06-26T13:07:00.000,21.7183
2025-06-26T13:08:00.000,21.7472
2025-06-26T13:09:00.000,21.7705
2025-06-26T13:10:00.000,21.8171
2025-06-26T13:11:00.000,21.8569
2025-06-26T13:12:00.000,22.0093
2025-06-26T13:13:00.000,22.1397
2025-06-26T13:14:00.000,22.1658
2025-06-26T13:15:00.000,22.1068
2025-06-26T13:16:00.000,22.0450
2025-06-26T13:17:00.000,21.9846
2025-06-26T13:18:00.000,21.9393
2025-06-26T13:19:00.000,21.8583
2025-06-26T13:20:00.000,21.7403
2025-06-26T13:21:00.000,21.7142
2025-06-26T13:22:00.000,21.7129
2025-06-26T13:23:00.000,21.6443
2025-06-26T13:24:00.000,21.5222
2025-06-26T13:25:00.000,21.3029
2025-06-26T13:26:00.000,21.0714
2025-06-26T13:27:00.000,20.8331
2025-06-26T13:28:00.000,20.6100
2025-06-26T13:29:00.000,20.3828
2025-06-26T13:30:00.000,20.1517
2025-06-26T13:31:00.000,19.9506
2025-06-26T13:32:00.000,19.8194
2025-06-26T13:33:00.000,19.7168
2025-06-26T13:34:00.000,19.5213
2025-06-26T13:35:00.000,19.3313
2025-06-26T13:36:00.000,19.1864
2025-06-26T13:37:00.000,19.0442
2025-06-26T13:38:00.000,18.8966
2025-06-26T13:39:00.000,18.8105
2025-06-26T13:40:00.000,18.7476
2025-06-26T13:41:00.000,18.7408
2025-06-26T13:42:00.000,18.7353
2025-06-26T13:43:00.000,18.7531
2025-06-26T13:44:00.000,18.8487
2025-06-26T13:45:00.000,18.9526
2025-06-26T13:46:00.000,19.1180
2025-06-26T13:47:00.000,19.2657
2025-06-26T13:48:00.000,19.3805
2025-06-26T13:49:00.000,19.4612
2025-06-26T13:50:00.000,19.5199
2025-06-26T13:51:00.000,19.6061
2025-06-26T13:52:00.000,19.5979
2025-06-26T13:53:00.000,19.5856
2025-06-26T13:54:00.000,19.5418
2025-06-26T13:55:00.000,19.4201
2025-06-26T13:56:00.000,19.3053
2025-06-26T13:57:00.000,19.2752
2025-06-26T13:58:00.000,19.2124
2025-06-26T13:59:00.000,19.1331
2025-06-26T14:00:00.000,19.0811
2025-06-26T14:01:00.000,19.0647
2025-06-26T14:02:00.000,19.1044
2025-06-26T14:03:00.000,19.1864
2025-06-26T14:04:00.000,19.2670
2025-06-26T14:05:00.000,19.3272
2025-06-26T14:06:00.000,19.4748
2025-06-26T14:07:00.000,19.6088
2025-06-26T14:08:00.000,19.6047
2025-06-26T14:09:00.000,19.5733
2025-06-26T14:10:00.000,19.5541
2025-06-26T14:11:00.000,19.4994
2025-06-26T14:12:00.000,19.4365
2025-06-26T14:13:00.000,19.4201
2025-06-26T14:14:00.000,19.4270
2025-06-26T14:15:00.000,19.5199
2025-06-26T14:16:00.000,19.6197
2025-06-26T14:17:00.000,19.7592
2025-06-26T14:18:00.000,19.8918
2025-06-26T14:19:00.000,19.9452
2025-06-26T14:20:00.000,19.9807
2025-06-26T14:21:00.000,19.9698
2025-06-26T14:22:00.000,19.9602
2025-06-26T14:23:00.000,19.9889
2025-06-26T14:24:00.000,20.0710
2025-06-26T14:25:00.000,20.1927
2025-06-26T14:26:00.000,20.2693
2025-06-26T14:27:00.000,20.3295
2025-06-26T14:28:00.000,20.4649
2025-06-26T14:29:00.000,20.6031
2025-06-26T14:30:00.000,20.6127
2025-06-26T14:31:00.000,20.6757
2025-06-26T14:32:00.000,20.7948
2025-06-26T14:33:00.000,20.8002
2025-06-26T14:34:00.000,20.6114
2025-06-26T14:35:00.000,20.3828
2025-06-26T14:36:00.000,20.1257
2025-06-26T14:37:00.000,19.9561
2025-06-26T14:38:00.000,19.8973
2025-06-26T14:39:00.000,19.9670
2025-06-26T14:40:00.000,20.0628
2025-06-26T14:41:00.000,20.0887
2025-06-26T14:42:00.000,20.1448
2025-06-26T14:43:00.000,20.1093
2025-06-26T14:44:00.000,20.0081
2025-06-26T14:45:00.000,19.9137
2025-06-26T14:46:00.000,19.8180
2025-06-26T14:47:00.000,19.8235
2025-06-26T14:48:00.000,19.7729
2025-06-26T14:49:00.000,19.6402
2025-06-26T14:50:00.000,19.5131
2025-06-26T14:51:00.000,19.4133
2025-06-26T14:52:00.000,19.3545
2025-06-26T14:53:00.000,19.3067
2025-06-26T14:54:00.000,19.3368
2025-06-26T14:55:00.000,19.3600
2025-06-26T14:56:00.000,19.3409
2025-06-26T14:57:00.000,19.2807
2025-06-26T14:58:00.000,19.1837
2025-06-26T14:59:00.000,19.1249
2025-06-26T15:00:00.000,19.0647
2025-06-26T15:01:00.000,19.0059
2025-06-26T15:02:00.000,18.9936
2025-06-26T15:03:00.000,18.9622
2025-06-26T15:04:00.000,18.9048
2025-06-26T15:05:00.000,18.8077
2025-06-26T15:06:00.000,18.7421
2025-06-26T15:07:00.000,18.7120
2025-06-26T15:08:00.000,18.6820
2025-06-26T15:09:00.000,18.6164
2025-06-26T15:10:00.000,18.5753
2025-06-26T15:11:00.000,18.5042
2025-06-26T15:12:00.000,18.3962
2025-06-26T15:13:00.000,18.2827
2025-06-26T15:14:00.000,18.1624
2025-06-26T15:15:00.000,18.0585
2025-06-26T15:16:00.000,17.9354
2025-06-26T15:17:00.000,17.7808
2025-06-26T15:18:00.000,17.6604
2025-06-26T15:19:00.000,17.5700
2025-06-26T15:20:00.000,17.4756
2025-06-26T15:21:00.000,17.3743
2025-06-26T15:22:00.000,17.2894
2025-06-26T15:23:00.000,17.2073
2025-06-26T15:24:00.000,17.1566
2025-06-26T15:25:00.000,17.1265
2025-06-26T15:26:00.000,17.1456
2025-06-26T15:27:00.000,17.1429
2025-06-26T15:28:00.000,17.1566
2025-06-26T15:29:00.000,17.1758
2025-06-26T15:30:00.000,17.1306
2025-06-26T15:31:00.000,17.0059
2025-06-26T15:32:00.000,16.9004
2025-06-26T15:33:00.000,16.7839
2025-06-26T15:34:00.000,16.6153
2025-06-26T15:35:00.000,16.4411
2025-06-26T15:36:00.000,16.2942
2025-06-26T15:37:00.000,16.1528
2025-06-26T15:38:00.000,16.0388
2025-06-26T15:39:00.000,15.9509
2025-06-26T15:40:00.000,15.8795
2025-06-26T15:41:00.000,15.7887
2025-06-26T15:42:00.000,15.6292
2025-06-26T15:43:00.000,15.4559
2025-06-26T15:44:00.000,15.2989
2025-06-26T15:45:00.000,15.1680
2025-06-26T15:46:00.000,15.0853
2025-06-26T15:47:00.000,15.0109
2025-06-26T15:48:00.000,14.9502
2025-06-26T15:49:00.000,14.8840
2025-06-26T15:50:00.000,14.8233
2025-06-26T15:51:00.000,14.7736
2025-06-26T15:52:00.000,14.7377
2025-06-26T15:53:00.000,14.6866
2025-06-26T15:54:00.000,14.6327
2025-06-26T15:55:00.000,14.5595
2025-06-26T15:56:00.000,14.4130
2025-06-26T15:57:00.000,14.3023
2025-06-26T15:58:00.000,14.2525
2025-06-26T15:59:00.000,14.2594
2025-06-26T16:00:00.000,14.3424
2025-06-26T16:01:00.000,14.4503
2025-06-26T16:02:00.000,14.5554
2025-06-26T16:03:00.000,14.6244
2025-06-26T16:04:00.000,14.6742
2025-06-26T16:05:00.000,14.7087
2025-06-26T16:06:00.000,14.7101
2025-06-26T16:07:00.000,14.7335
2025-06-26T16:08:00.000,14.7611
2025-06-26T16:09:00.000,14.7708
2025-06-26T16:10:00.000,14.8191
2025-06-26T16:11:00.000,14.8936
2025-06-26T16:12:00.000,14.9364
2025-06-26T16:13:00.000,14.9516
2025-06-26T16:14:00.000,14.9474
2025-06-26T16:15:00.000,14.9116
2025-06-26T16:16:00.000,14.8688
2025-06-26T16:17:00.000,14.8440
2025-06-26T16:18:00.000,14.8536
2025-06-26T16:19:00.000,14.8647
2025-06-26T16:20:00.000,14.8329
2025-06-26T16:21:00.000,14.7073
2025-06-26T16:22:00.000,14.5595
2025-06-26T16:23:00.000,14.4047
2025-06-26T16:24:00.000,14.2345
2025-06-26T16:25:00.000,14.0988
2025-06-26T16:26:00.000,13.9852
2025-06-26T16:27:00.000,13.8951
2025-06-26T16:28:00.000,13.7994
2025-06-26T16:29:00.000,13.7217
2025-06-26T16:30:00.000,13.6662
2025-06-26T16:31:00.000,13.6176
2025-06-26T16:32:00.000,13.5676
2025-06-26T16:33:00.000,13.5079
2025-06-26T16:34:00.000,13.4175
2025-06-26T16:35:00.000,13.3800
2025-06-26T16:36:00.000,13.4773
2025-06-26T16:37:00.000,13.5329
2025-06-26T16:38:00.000,13.5787
2025-06-26T16:39:00.000,13.6204
2025-06-26T16:40:00.000,13.6537
2025-06-26T16:41:00.000,13.6648
2025-06-26T16:42:00.000,13.6440
2025-06-26T16:43:00.000,13.5968
2025-06-26T16:44:00.000,13.5384
2025-06-26T16:45:00.000,13.4717
2025-06-26T16:46:00.000,13.3994
2025-06-26T16:47:00.000,13.3480
2025-06-26T16:48:00.000,13.3327
2025-06-26T16:49:00.000,13.3494
2025-06-26T16:50:00.000,13.3619
2025-06-26T16:51:00.000,13.3661
2025-06-26T16:52:00.000,13.3522
2025-06-26T16:53:00.000,13.3243
2025-06-26T16:54:00.000,13.2882
2025-06-26T16:55:00.000,13.2436
2025-06-26T16:56:00.000,13.1754
2025-06-26T16:57:00.000,13.0988
2025-06-26T16:58:00.000,13.0096
2025-06-26T16:59:00.000,12.9204
2025-06-26T17:00:00.000,12.8018
2025-06-26T17:01:00.000,12.6747
2025-06-26T17:02:00.000,12.5545
2025-06-26T17:03:00.000,12.4566
2025-06-26T17:04:00.000,12.3726
2025-06-26T17:05:00.000,12.2998
2025-06-26T17:06:00.000,12.2326
2025-06-26T17:07:00.000,12.1709
2025-06-26T17:08:00.000,12.1008
2025-06-26T17:09:00.000,12.0306
2025-06-26T17:10:00.000,11.9731
2025-06-26T17:11:00.000,11.9253
2025-06-26T17:12:00.000,11.8832
2025-06-26T17:13:00.000,11.8494
2025-06-26T17:14:00.000,11.8241
2025-06-26T17:15:00.000,11.8101
2025-06-26T17:16:00.000,11.8298
2025-06-26T17:17:00.000,11.8494
2025-06-26T17:18:00.000,11.8466
2025-06-26T17:19:00.000,11.8396
2025-06-26T17:20:00.000,11.8396
2025-06-26T17:21:00.000,11.8340
2025-06-26T17:22:00.000,11.8255
2025-06-26T17:23:00.000,11.8143
2025-06-26T17:24:00.000,11.7974
2025-06-26T17:25:00.000,11.7820
2025-06-26T17:26:00.000,11.7665
2025-06-26T17:27:00.000,11.7566
2025-06-26T17:28:00.000,11.7468
2025-06-26T17:29:00.000,11.7327
2025-06-26T17:30:00.000,11.7215
2025-06-26T17:31:00.000,11.7004
2025-06-26T17:32:00.000,11.6652
2025-06-26T17:33:00.000,11.6187
2025-06-26T17:34:00.000,11.5244
2025-06-26T17:35:00.000,11.4370
2025-06-26T17:36:00.000,11.3721
2025-06-26T17:37:00.000,11.3043
2025-06-26T17:38:00.000,11.2436
2025-06-26T17:39:00.000,11.1871
2025-06-26T17:40:00.000,11.1320
2025-06-26T17:41:00.000,11.0811
2025-06-26T17:42:00.000,11.0387
2025-06-26T17:43:00.000,11.0033
2025-06-26T17:44:00.000,10.9636
2025-06-26T17:45:00.000,10.9240
2025-06-26T17:46:00.000,10.8928
2025-06-26T17:47:00.000,10.8758
2025-06-26T17:48:00.000,10.8801
2025-06-26T17:49:00.000,10.9056
2025-06-26T17:50:00.000,11.0146
2025-06-26T17:51:00.000,11.1037
2025-06-26T17:52:00.000,11.2224
2025-06-26T17:53:00.000,11.4271
2025-06-26T17:54:00.000,11.6399
2025-06-26T17:55:00.000,11.8551
2025-06-26T17:56:00.000,12.0503
2025-06-26T17:57:00.000,12.2144
2025-06-26T17:58:00.000,12.3586
2025-06-26T17:59:00.000,12.4776
2025-06-26T18:00:00.000,12.5615
2025-06-26T18:01:00.000,12.6356
2025-06-26T18:02:00.000,12.6859
2025-06-26T18:03:00.000,12.7194
2025-06-26T18:04:00.000,12.7487
2025-06-26T18:05:00.000,12.7613
2025-06-26T18:06:00.000,12.7292
2025-06-26T18:07:00.000,12.6915
2025-06-26T18:08:00.000,12.6384
2025-06-26T18:09:00.000,12.6398
2025-06-26T18:10:00.000,12.6621
2025-06-26T18:11:00.000,12.6188
2025-06-26T18:12:00.000,12.5419
2025-06-26T18:13:00.000,12.4076
2025-06-26T18:14:00.000,12.2522
2025-06-26T18:15:00.000,12.1176
2025-06-26T18:16:00.000,12.0292
2025-06-26T18:17:00.000,11.9871
2025-06-26T18:18:00.000,12.0769
2025-06-26T18:19:00.000,12.2508
2025-06-26T18:20:00.000,12.4258
2025-06-26T18:21:00.000,12.5713
2025-06-26T18:22:00.000,12.6831
2025-06-26T18:23:00.000,12.7753
2025-06-26T18:24:00.000,12.8367
2025-06-26T18:25:00.000,12.8716
2025-06-26T18:26:00.000,12.8981
2025-06-26T18:27:00.000,12.8939
2025-06-26T18:28:00.000,12.8618
2025-06-26T18:29:00.000,12.8241
2025-06-26T18:30:00.000,12.8297
2025-06-26T18:31:00.000,12.8688
2025-06-26T18:32:00.000,12.9051
2025-06-26T18:33:00.000,12.9302
2025-06-26T18:34:00.000,12.9329
2025-06-26T18:35:00.000,12.9260
2025-06-26T18:36:00.000,12.9246
2025-06-26T18:37:00.000,12.9274
2025-06-26T18:38:00.000,12.9092
2025-06-26T18:39:00.000,12.9134
2025-06-26T18:40:00.000,12.9455
2025-06-26T18:41:00.000,12.9985
2025-06-26T18:42:00.000,13.0473
2025-06-26T18:43:00.000,13.0891
2025-06-26T18:44:00.000,13.1239
2025-06-26T18:45:00.000,13.1448
2025-06-26T18:46:00.000,13.1086
2025-06-26T18:47:00.000,13.0779
2025-06-26T18:48:00.000,12.9051
2025-06-26T18:49:00.000,12.6929
2025-06-26T18:50:00.000,12.5126
2025-06-26T18:51:00.000,12.4090
2025-06-26T18:52:00.000,12.3488
2025-06-26T18:53:00.000,12.3166
2025-06-26T18:54:00.000,12.2844
2025-06-26T18:55:00.000,12.3082
2025-06-26T18:56:00.000,12.3040
2025-06-26T18:57:00.000,12.2480
2025-06-26T18:58:00.000,12.2354
2025-06-26T18:59:00.000,12.2606
2025-06-26T19:00:00.000,12.2956
2025-06-26T19:01:00.000,12.2550
2025-06-26T19:02:00.000,12.2592
2025-06-26T19:03:00.000,12.3306
2025-06-26T19:04:00.000,12.3880
2025-06-26T19:05:00.000,12.3166
2025-06-26T19:06:00.000,12.2003
2025-06-26T19:07:00.000,12.0811
2025-06-26T19:08:00.000,11.9660
2025-06-26T19:09:00.000,11.8635
2025-06-26T19:10:00.000,11.7946
2025-06-26T19:11:00.000,11.7581
2025-06-26T19:12:00.000,11.7496
2025-06-26T19:13:00.000,11.7440
2025-06-26T19:14:00.000,11.7988
2025-06-26T19:15:00.000,11.8241
2025-06-26T19:16:00.000,11.8410
2025-06-26T19:17:00.000,11.8171
2025-06-26T19:18:00.000,11.7806
2025-06-26T19:19:00.000,11.7004
2025-06-26T19:20:00.000,11.6342
2025-06-26T19:21:00.000,11.5849
2025-06-26T19:22:00.000,11.5751
2025-06-26T19:23:00.000,11.5878
2025-06-26T19:24:00.000,11.6047
2025-06-26T19:25:00.000,11.6187
2025-06-26T19:26:00.000,11.6201
2025-06-26T19:27:00.000,11.5976
2025-06-26T19:28:00.000,11.5596
2025-06-26T19:29:00.000,11.5131
2025-06-26T19:30:00.000,11.4341
2025-06-26T19:31:00.000,11.3481
2025-06-26T19:32:00.000,11.2860
2025-06-26T19:33:00.000,11.2493
2025-06-26T19:34:00.000,11.2309
2025-06-26T19:35:00.000,11.2196
2025-06-26T19:36:00.000,11.2239
2025-06-26T19:37:00.000,11.2140
2025-06-26T19:38:00.000,11.1942
2025-06-26T19:39:00.000,11.1758
2025-06-26T19:40:00.000,11.1589
2025-06-26T19:41:00.000,11.1532
2025-06-26T19:42:00.000,11.1574
2025-06-26T19:43:00.000,11.1546
2025-06-26T19:44:00.000,11.1617
2025-06-26T19:45:00.000,11.1744
2025-06-26T19:46:00.000,11.1899
2025-06-26T19:47:00.000,11.2012
2025-06-26T19:48:00.000,11.2196
2025-06-26T19:49:00.000,11.2380
2025-06-26T19:50:00.000,11.2323
2025-06-26T19:51:00.000,11.2281
2025-06-26T19:52:00.000,11.2281
2025-06-26T19:53:00.000,11.2394
2025-06-26T19:54:00.000,11.2521
2025-06-26T19:55:00.000,11.2662
2025-06-26T19:56:00.000,11.2818
2025-06-26T19:57:00.000,11.2945
2025-06-26T19:58:00.000,11.3086
2025-06-26T19:59:00.000,11.3142
2025-06-26T20:00:00.000,11.3128
2025-06-26T20:01:00.000,11.3072
2025-06-26T20:02:00.000,11.2987
2025-06-26T20:03:00.000,11.2930
2025-06-26T20:04:00.000,11.2930
2025-06-26T20:05:00.000,11.2916
2025-06-26T20:06:00.000,11.2959
2025-06-26T20:07:00.000,11.2945
2025-06-26T20:08:00.000,11.2888
2025-06-26T20:09:00.000,11.2789
2025-06-26T20:10:00.000,11.2662
2025-06-26T20:11:00.000,11.2479
2025-06-26T20:12:00.000,11.2380
2025-06-26T20:13:00.000,11.2323
2025-06-26T20:14:00.000,11.2309
2025-06-26T20:15:00.000,11.2323
2025-06-26T20:16:00.000,11.2337
2025-06-26T20:17:00.000,11.2380
2025-06-26T20:18:00.000,11.2436
2025-06-26T20:19:00.000,11.2493
2025-06-26T20:20:00.000,11.2549
2025-06-26T20:21:00.000,11.2620
2025-06-26T20:22:00.000,11.2676
2025-06-26T20:23:00.000,11.2761
2025-06-26T20:24:00.000,11.2803
2025-06-26T20:25:00.000,11.2860
2025-06-26T20:26:00.000,11.2902
2025-06-26T20:27:00.000,11.2930
2025-06-26T20:28:00.000,11.2959
2025-06-26T20:29:00.000,11.2959
2025-06-26T20:30:00.000,11.2930
2025-06-26T20:31:00.000,11.2874
2025-06-26T20:32:00.000,11.2818
2025-06-26T20:33:00.000,11.2747
2025-06-26T20:34:00.000,11.2676
2025-06-26T20:35:00.000,11.2606
2025-06-26T20:36:00.000,11.2535
2025-06-26T20:37:00.000,11.2479
2025-06-26T20:38:00.000,11.2394
2025-06-26T20:39:00.000,11.2281
2025-06-26T20:40:00.000,11.2182
2025-06-26T20:41:00.000,11.2125
2025-06-26T20:42:00.000,11.2041
2025-06-26T20:43:00.000,11.1857
2025-06-26T20:44:00.000,11.1673
2025-06-26T20:45:00.000,11.1475
2025-06-26T20:46:00.000,11.1490
2025-06-26T20:47:00.000,11.1645
2025-06-26T20:48:00.000,11.1772
2025-06-26T20:49:00.000,11.1928
2025-06-26T20:50:00.000,11.2012
2025-06-26T20:51:00.000,11.2055
2025-06-26T20:52:00.000,11.2027
2025-06-26T20:53:00.000,11.1942
2025-06-26T20:54:00.000,11.1928
2025-06-26T20:55:00.000,11.2041
2025-06-26T20:56:00.000,11.2069
2025-06-26T20:57:00.000,11.1914
2025-06-26T20:58:00.000,11.1702
2025-06-26T20:59:00.000,11.1447
2025-06-26T21:00:00.000,11.1193
2025-06-26T21:01:00.000,11.0952
2025-06-26T21:02:00.000,11.0811
2025-06-26T21:03:00.000,11.0684
2025-06-26T21:04:00.000,11.0669
2025-06-26T21:05:00.000,11.0655
2025-06-26T21:06:00.000,11.0613
2025-06-26T21:07:00.000,11.0570
2025-06-26T21:08:00.000,11.0613
2025-06-26T21:09:00.000,11.0655
2025-06-26T21:10:00.000,11.0698
2025-06-26T21:11:00.000,11.0712
2025-06-26T21:12:00.000,11.0754
2025-06-26T21:13:00.000,11.0811
2025-06-26T21:14:00.000,11.0853
2025-06-26T21:15:00.000,11.0896
2025-06-26T21:16:00.000,11.0966
2025-06-26T21:17:00.000,11.0981
2025-06-26T21:18:00.000,11.0938
2025-06-26T21:19:00.000,11.0867
2025-06-26T21:20:00.000,11.0839
2025-06-26T21:21:00.000,11.0811
2025-06-26T21:22:00.000,11.0811
2025-06-26T21:23:00.000,11.0839
2025-06-26T21:24:00.000,11.0882
2025-06-26T21:25:00.000,11.0938
2025-06-26T21:26:00.000,11.0995
2025-06-26T21:27:00.000,11.0966
2025-06-26T21:28:00.000,11.0825
2025-06-26T21:29:00.000,11.0740
2025-06-26T21:30:00.000,11.0726
2025-06-26T21:31:00.000,11.0726
2025-06-26T21:32:00.000,11.0641
2025-06-26T21:33:00.000,11.0514
2025-06-26T21:34:00.000,11.0372
2025-06-26T21:35:00.000,11.0231
2025-06-26T21:36:00.000,11.0089
2025-06-26T21:37:00.000,10.9962
2025-06-26T21:38:00.000,11.0245
2025-06-26T21:39:00.000,11.0443
2025-06-26T21:40:00.000,11.0457
2025-06-26T21:41:00.000,11.0358
2025-06-26T21:42:00.000,11.0160
2025-06-26T21:43:00.000,10.9920
2025-06-26T21:44:00.000,10.9820
2025-06-26T21:45:00.000,10.9792
2025-06-26T21:46:00.000,10.9721
2025-06-26T21:47:00.000,10.9651
2025-06-26T21:48:00.000,10.9608
2025-06-26T21:49:00.000,10.9566
2025-06-26T21:50:00.000,10.9495
2025-06-26T21:51:00.000,10.9424
2025-06-26T21:52:00.000,10.9367
2025-06-26T21:53:00.000,10.9325
2025-06-26T21:54:00.000,10.9311
2025-06-26T21:55:00.000,10.9311
2025-06-26T21:56:00.000,10.9339
2025-06-26T21:57:00.000,10.9396
2025-06-26T21:58:00.000,10.9466
2025-06-26T21:59:00.000,10.9566
2025-06-26T22:00:00.000,10.9679
2025-06-26T22:01:00.000,10.9792
2025-06-26T22:02:00.000,10.9891
2025-06-26T22:03:00.000,10.9920
2025-06-26T22:04:00.000,10.9920
2025-06-26T22:05:00.000,11.0019
2025-06-26T22:06:00.000,11.0104
2025-06-26T22:07:00.000,11.0174
2025-06-26T22:08:00.000,11.0259
2025-06-26T22:09:00.000,11.0358
2025-06-26T22:10:00.000,11.0401
2025-06-26T22:11:00.000,11.0372
2025-06-26T22:12:00.000,11.0302
2025-06-26T22:13:00.000,11.0259
2025-06-26T22:14:00.000,11.0245
2025-06-26T22:15:00.000,11.0245
2025-06-26T22:16:00.000,11.0245
2025-06-26T22:17:00.000,11.0259
2025-06-26T22:18:00.000,11.0259
2025-06-26T22:19:00.000,11.0259
2025-06-26T22:20:00.000,11.0259
2025-06-26T22:21:00.000,11.0273
2025-06-26T22:22:00.000,11.0344
2025-06-26T22:23:00.000,11.0358
2025-06-26T22:24:00.000,11.0401
2025-06-26T22:25:00.000,11.0401
2025-06-26T22:26:00.000,11.0372
2025-06-26T22:27:00.000,11.0344
2025-06-26T22:28:00.000,11.0302
2025-06-26T22:29:00.000,11.0245
2025-06-26T22:30:00.000,11.0188
2025-06-26T22:31:00.000,11.0132
2025-06-26T22:32:00.000,11.0089
2025-06-26T22:33:00.000,11.0075
2025-06-26T22:34:00.000,11.0061
2025-06-26T22:35:00.000,11.0075
2025-06-26T22:36:00.000,11.0132
2025-06-26T22:37:00.000,11.0245
2025-06-26T22:38:00.000,11.0273
2025-06-26T22:39:00.000,11.0330
2025-06-26T22:40:00.000,11.0302
2025-06-26T22:41:00.000,11.0273
2025-06-26T22:42:00.000,11.0231
2025-06-26T22:43:00.000,11.0203
2025-06-26T22:44:00.000,11.0146
2025-06-26T22:45:00.000,11.0075
2025-06-26T22:46:00.000,11.0004
2025-06-26T22:47:00.000,10.9976
2025-06-26T22:48:00.000,10.9934
2025-06-26T22:49:00.000,10.9905
2025-06-26T22:50:00.000,10.9948
2025-06-26T22:51:00.000,10.9976
2025-06-26T22:52:00.000,10.9920
2025-06-26T22:53:00.000,10.9877
2025-06-26T22:54:00.000,10.9778
2025-06-26T22:55:00.000,10.9736
2025-06-26T22:56:00.000,10.9764
2025-06-26T22:57:00.000,10.9792
2025-06-26T22:58:00.000,10.9877
2025-06-26T22:59:00.000,11.0004
2025-06-26T23:00:00.000,11.0089
2025-06-26T23:01:00.000,11.0188
2025-06-26T23:02:00.000,11.0273
2025-06-26T23:03:00.000,11.0287
2025-06-26T23:04:00.000,11.0316
2025-06-26T23:05:00.000,11.0387
2025-06-26T23:06:00.000,11.0401
2025-06-26T23:07:00.000,11.0415
2025-06-26T23:08:00.000,11.0387
2025-06-26T23:09:00.000,11.0443
2025-06-26T23:10:00.000,11.0570
2025-06-26T23:11:00.000,11.0528
2025-06-26T23:12:00.000,11.0372
2025-06-26T23:13:00.000,11.0231
2025-06-26T23:14:00.000,11.0061
2025-06-26T23:15:00.000,10.9934
2025-06-26T23:16:00.000,10.9962
2025-06-26T23:17:00.000,10.9934
2025-06-26T23:18:00.000,10.9835
2025-06-26T23:19:00.000,10.9679
2025-06-26T23:20:00.000,10.9481
2025-06-26T23:21:00.000,10.9424
2025-06-26T23:22:00.000,10.9353
2025-06-26T23:23:00.000,10.9311
2025-06-26T23:24:00.000,10.9438
2025-06-26T23:25:00.000,10.9863
2025-06-26T23:26:00.000,11.1320
2025-06-26T23:27:00.000,11.2705
2025-06-26T23:28:00.000,11.3735
2025-06-26T23:29:00.000,11.4905
2025-06-26T23:30:00.000,11.5638
2025-06-26T23:31:00.000,11.5821
2025-06-26T23:32:00.000,11.5356
2025-06-26T23:33:00.000,11.4891
2025-06-26T23:34:00.000,11.4285
2025-06-26T23:35:00.000,11.3678
2025-06-26T23:36:00.000,11.3566
2025-06-26T23:37:00.000,11.3707
2025-06-26T23:38:00.000,11.3975
2025-06-26T23:39:00.000,11.4158
2025-06-26T23:40:00.000,11.3749
2025-06-26T23:41:00.000,11.3114
2025-06-26T23:42:00.000,11.2521
2025-06-26T23:43:00.000,11.2408
2025-06-26T23:44:00.000,11.2620
2025-06-26T23:45:00.000,11.3848
2025-06-26T23:46:00.000,11.4863
2025-06-26T23:47:00.000,11.5356
2025-06-26T23:48:00.000,11.4849
2025-06-26T23:49:00.000,11.4539
2025-06-26T23:50:00.000,11.4934
2025-06-26T23:51:00.000,11.5863
2025-06-26T23:52:00.000,11.6272
2025-06-26T23:53:00.000,11.6159
2025-06-26T23:54:00.000,11.5779
2025-06-26T23:55:00.000,11.5060
2025-06-26T23:56:00.000,11.4073
2025-06-26T23:57:00.000,11.2930
2025-06-26T23:58:00.000,11.1984
2025-06-26T23:59:00.000,11.1419
2025-06-27T00:00:00.000,11.1348
2025-06-27T00:01:00.000,11.2125
2025-06-27T00:02:00.000,11.3608
2025-06-27T00:03:00.000,11.4623
2025-06-27T00:04:00.000,11.4736
2025-06-27T00:05:00.000,11.4708
2025-06-27T00:06:00.000,11.4609
2025-06-27T00:07:00.000,11.4595
2025-06-27T00:08:00.000,11.4299
2025-06-27T00:09:00.000,11.4172
2025-06-27T00:10:00.000,11.5258
2025-06-27T00:11:00.000,11.6244
2025-06-27T00:12:00.000,11.6173
2025-06-27T00:13:00.000,11.5807
2025-06-27T00:14:00.000,11.5286
2025-06-27T00:15:00.000,11.4567
2025-06-27T00:16:00.000,11.3918
2025-06-27T00:17:00.000,11.3820
2025-06-27T00:18:00.000,11.3185
2025-06-27T00:19:00.000,11.2394
2025-06-27T00:20:00.000,11.1560
2025-06-27T00:21:00.000,11.0684
2025-06-27T00:22:00.000,10.9934
2025-06-27T00:23:00.000,10.9495
2025-06-27T00:24:00.000,10.9410
2025-06-27T00:25:00.000,10.9367
2025-06-27T00:26:00.000,10.9339
2025-06-27T00:27:00.000,10.9353
2025-06-27T00:28:00.000,10.9495
2025-06-27T00:29:00.000,10.9920
2025-06-27T00:30:00.000,11.1532
2025-06-27T00:31:00.000,11.3199
2025-06-27T00:32:00.000,11.2761
2025-06-27T00:33:00.000,11.2097
2025-06-27T00:34:00.000,11.2012
2025-06-27T00:35:00.000,11.2111
2025-06-27T00:36:00.000,11.1603
2025-06-27T00:37:00.000,11.0783
2025-06-27T00:38:00.000,11.0273
2025-06-27T00:39:00.000,11.0188
2025-06-27T00:40:00.000,11.0160
2025-06-27T00:41:00.000,11.0160
2025-06-27T00:42:00.000,11.0231
2025-06-27T00:43:00.000,11.0500
2025-06-27T00:44:00.000,11.1263
2025-06-27T00:45:00.000,11.1108
2025-06-27T00:46:00.000,11.0599
2025-06-27T00:47:00.000,10.9934
2025-06-27T00:48:00.000,10.9268
2025-06-27T00:49:00.000,10.8560
2025-06-27T00:50:00.000,10.7965
2025-06-27T00:51:00.000,10.7794
2025-06-27T00:52:00.000,10.7823
2025-06-27T00:53:00.000,10.8064
2025-06-27T00:54:00.000,10.8772
2025-06-27T00:55:00.000,10.9891
2025-06-27T00:56:00.000,11.0471
2025-06-27T00:57:00.000,11.0627
2025-06-27T00:58:00.000,11.0443
2025-06-27T00:59:00.000,11.1023
2025-06-27T01:00:00.000,11.1772
2025-06-27T01:01:00.000,11.2239
2025-06-27T01:02:00.000,11.2563
2025-06-27T01:03:00.000,11.2394
2025-06-27T01:04:00.000,11.2069
2025-06-27T01:05:00.000,11.1645
2025-06-27T01:06:00.000,11.1193
2025-06-27T01:07:00.000,11.0627
2025-06-27T01:08:00.000,11.0089
2025-06-27T01:09:00.000,10.9990
2025-06-27T01:10:00.000,10.9976
2025-06-27T01:11:00.000,10.9835
2025-06-27T01:12:00.000,10.9665
2025-06-27T01:13:00.000,10.9396
2025-06-27T01:14:00.000,10.9127
2025-06-27T01:15:00.000,10.9112
2025-06-27T01:16:00.000,10.9382
2025-06-27T01:17:00.000,10.9707
2025-06-27T01:18:00.000,10.9948
2025-06-27T01:19:00.000,11.0047
2025-06-27T01:20:00.000,11.0033
2025-06-27T01:21:00.000,10.9863
2025-06-27T01:22:00.000,10.9707
2025-06-27T01:23:00.000,10.9580
2025-06-27T01:24:00.000,10.9410
2025-06-27T01:25:00.000,10.9127
2025-06-27T01:26:00.000,10.8787
2025-06-27T01:27:00.000,10.8489
2025-06-27T01:28:00.000,10.8234
2025-06-27T01:29:00.000,10.8007
2025-06-27T01:30:00.000,10.7879
2025-06-27T01:31:00.000,10.7738
2025-06-27T01:32:00.000,10.7610
2025-06-27T01:33:00.000,10.7454
2025-06-27T01:34:00.000,10.7199
2025-06-27T01:35:00.000,10.6830
2025-06-27T01:36:00.000,10.6461
2025-06-27T01:37:00.000,10.6560
2025-06-27T01:38:00.000,10.7511
2025-06-27T01:39:00.000,10.8730
2025-06-27T01:40:00.000,10.9835
2025-06-27T01:41:00.000,11.0641
2025-06-27T01:42:00.000,11.1207
2025-06-27T01:43:00.000,11.1645
2025-06-27T01:44:00.000,11.2111
2025-06-27T01:45:00.000,11.2690
2025-06-27T01:46:00.000,11.3354
2025-06-27T01:47:00.000,11.3763
2025-06-27T01:48:00.000,11.4623
2025-06-27T01:49:00.000,11.5638
2025-06-27T01:50:00.000,11.6553
2025-06-27T01:51:00.000,11.7426
2025-06-27T01:52:00.000,11.8129
2025-06-27T01:53:00.000,11.8663
2025-06-27T01:54:00.000,11.8944
2025-06-27T01:55:00.000,11.9042
2025-06-27T01:56:00.000,11.9843
2025-06-27T01:57:00.000,11.9969
2025-06-27T01:58:00.000,12.0152
2025-06-27T01:59:00.000,12.0811
2025-06-27T02:00:00.000,12.1583
2025-06-27T02:01:00.000,12.2410
2025-06-27T02:02:00.000,12.3292
2025-06-27T02:03:00.000,12.4048
2025-06-27T02:04:00.000,12.4454
2025-06-27T02:05:00.000,12.4286
2025-06-27T02:06:00.000,12.4034
2025-06-27T02:07:00.000,12.3964
2025-06-27T02:08:00.000,12.3866
2025-06-27T02:09:00.000,12.3866
2025-06-27T02:10:00.000,12.4020
2025-06-27T02:11:00.000,12.4188
2025-06-27T02:12:00.000,12.4510
2025-06-27T02:13:00.000,12.5098
2025-06-27T02:14:00.000,12.5629
2025-06-27T02:15:00.000,12.5391
2025-06-27T02:16:00.000,12.4706
2025-06-27T02:17:00.000,12.4202
2025-06-27T02:18:00.000,12.3712
2025-06-27T02:19:00.000,12.3418
2025-06-27T02:20:00.000,12.3278
2025-06-27T02:21:00.000,12.3110
2025-06-27T02:22:00.000,12.2858
2025-06-27T02:23:00.000,12.2340
2025-06-27T02:24:00.000,12.2256
2025-06-27T02:25:00.000,12.2326
2025-06-27T02:26:00.000,12.2200
2025-06-27T02:27:00.000,12.2087
2025-06-27T02:28:00.000,12.2031
2025-06-27T02:29:00.000,12.2130
2025-06-27T02:30:00.000,12.1905
2025-06-27T02:31:00.000,12.1779
2025-06-27T02:32:00.000,12.1625
2025-06-27T02:33:00.000,12.1597
2025-06-27T02:34:00.000,12.1653
2025-06-27T02:35:00.000,12.1471
2025-06-27T02:36:00.000,12.1092
2025-06-27T02:37:00.000,12.0671
2025-06-27T02:38:00.000,12.0362
2025-06-27T02:39:00.000,12.0152
2025-06-27T02:40:00.000,12.0124
2025-06-27T02:41:00.000,11.9983
2025-06-27T02:42:00.000,11.9759
2025-06-27T02:43:00.000,11.9576
2025-06-27T02:44:00.000,11.9408
2025-06-27T02:45:00.000,11.9169
2025-06-27T02:46:00.000,11.8874
2025-06-27T02:47:00.000,11.8607
2025-06-27T02:48:00.000,11.8438
2025-06-27T02:49:00.000,11.8087
2025-06-27T02:50:00.000,11.7665
2025-06-27T02:51:00.000,11.7426
2025-06-27T02:52:00.000,11.7412
2025-06-27T02:53:00.000,11.7370
2025-06-27T02:54:00.000,11.6821
2025-06-27T02:55:00.000,11.6483
2025-06-27T02:56:00.000,11.6201
2025-06-27T02:57:00.000,11.6047
2025-06-27T02:58:00.000,11.6201
2025-06-27T02:59:00.000,11.6567
2025-06-27T03:00:00.000,11.6863
2025-06-27T03:01:00.000,11.7243
2025-06-27T03:02:00.000,11.7665
2025-06-27T03:03:00.000,11.7974
2025-06-27T03:04:00.000,11.8396
2025-06-27T03:05:00.000,11.8790
2025-06-27T03:06:00.000,11.9211
2025-06-27T03:07:00.000,11.9520
2025-06-27T03:08:00.000,11.9745
2025-06-27T03:09:00.000,11.9983
2025-06-27T03:10:00.000,12.0418
2025-06-27T03:11:00.000,12.1316
2025-06-27T03:12:00.000,12.2102
2025-06-27T03:13:00.000,12.2956
2025-06-27T03:14:00.000,12.3544
2025-06-27T03:15:00.000,12.4230
2025-06-27T03:16:00.000,12.5196
2025-06-27T03:17:00.000,12.6035
2025-06-27T03:18:00.000,12.6580
2025-06-27T03:19:00.000,12.7124
2025-06-27T03:20:00.000,12.7585
2025-06-27T03:21:00.000,12.8060
2025-06-27T03:22:00.000,12.8451
2025-06-27T03:23:00.000,12.8799
2025-06-27T03:24:00.000,12.8925
2025-06-27T03:25:00.000,12.8799
2025-06-27T03:26:00.000,12.8465
2025-06-27T03:27:00.000,12.8158
2025-06-27T03:28:00.000,12.7976
2025-06-27T03:29:00.000,12.7418
2025-06-27T03:30:00.000,12.6803
2025-06-27T03:31:00.000,12.5517
2025-06-27T03:32:00.000,12.4398
2025-06-27T03:33:00.000,12.3642
2025-06-27T03:34:00.000,12.3026
2025-06-27T03:35:00.000,12.2788
2025-06-27T03:36:00.000,12.2830
2025-06-27T03:37:00.000,12.3138
2025-06-27T03:38:00.000,12.3502
2025-06-27T03:39:00.000,12.3796
2025-06-27T03:40:00.000,12.4062
2025-06-27T03:41:00.000,12.4230
2025-06-27T03:42:00.000,12.4174
2025-06-27T03:43:00.000,12.3992
2025-06-27T03:44:00.000,12.4034
2025-06-27T03:45:00.000,12.4258
2025-06-27T03:46:00.000,12.4482
2025-06-27T03:47:00.000,12.4790
2025-06-27T03:48:00.000,12.5294
2025-06-27T03:49:00.000,12.5643
2025-06-27T03:50:00.000,12.5853
2025-06-27T03:51:00.000,12.6007
2025-06-27T03:52:00.000,12.6202
2025-06-27T03:53:00.000,12.6286
2025-06-27T03:54:00.000,12.6426
2025-06-27T03:55:00.000,12.6482
2025-06-27T03:56:00.000,12.6538
2025-06-27T03:57:00.000,12.6705
2025-06-27T03:58:00.000,12.6580
2025-06-27T03:59:00.000,12.6831
2025-06-27T04:00:00.000,12.7278
2025-06-27T04:01:00.000,12.7418
2025-06-27T04:02:00.000,12.7250
2025-06-27T04:03:00.000,12.7418
2025-06-27T04:04:00.000,12.7460
2025-06-27T04:05:00.000,12.7585
2025-06-27T04:06:00.000,12.7864
2025-06-27T04:07:00.000,12.8130
2025-06-27T04:08:00.000,12.8046
2025-06-27T04:09:00.000,12.7543
2025-06-27T04:10:00.000,12.7320
2025-06-27T04:11:00.000,12.7082
2025-06-27T04:12:00.000,12.7027
2025-06-27T04:13:00.000,12.6733
2025-06-27T04:14:00.000,12.6454
2025-06-27T04:15:00.000,12.6314
2025-06-27T04:16:00.000,12.6258
2025-06-27T04:17:00.000,12.6342
2025-06-27T04:18:00.000,12.6398
2025-06-27T04:19:00.000,12.5601
2025-06-27T04:20:00.000,12.3992
2025-06-27T04:21:00.000,12.2017
2025-06-27T04:22:00.000,12.0433
2025-06-27T04:23:00.000,11.9071
2025-06-27T04:24:00.000,11.7932
2025-06-27T04:25:00.000,11.7032
2025-06-27T04:26:00.000,11.6216
2025-06-27T04:27:00.000,11.5554
2025-06-27T04:28:00.000,11.4990
2025-06-27T04:29:00.000,11.4581
2025-06-27T04:30:00.000,11.4200
2025-06-27T04:31:00.000,11.3777
2025-06-27T04:32:00.000,11.3396
2025-06-27T04:33:00.000,11.3043
2025-06-27T04:34:00.000,11.2860
2025-06-27T04:35:00.000,11.2775
2025-06-27T04:36:00.000,11.2818
2025-06-27T04:37:00.000,11.2775
2025-06-27T04:38:00.000,11.2620
2025-06-27T04:39:00.000,11.2634
2025-06-27T04:40:00.000,11.2620
2025-06-27T04:41:00.000,11.2832
2025-06-27T04:42:00.000,11.3763
2025-06-27T04:43:00.000,11.4482
2025-06-27T04:44:00.000,11.4384
2025-06-27T04:45:00.000,11.4454
2025-06-27T04:46:00.000,11.4609
2025-06-27T04:47:00.000,11.4821
2025-06-27T04:48:00.000,11.5427
2025-06-27T04:49:00.000,11.5976
2025-06-27T04:50:00.000,11.6497
2025-06-27T04:51:00.000,11.7173
2025-06-27T04:52:00.000,11.7918
2025-06-27T04:53:00.000,11.9085
2025-06-27T04:54:00.000,12.0236
2025-06-27T04:55:00.000,12.0433
2025-06-27T04:56:00.000,12.0713
2025-06-27T04:57:00.000,12.0980
2025-06-27T04:58:00.000,12.0853
2025-06-27T04:59:00.000,12.0868
2025-06-27T05:00:00.000,12.1316
2025-06-27T05:01:00.000,12.1807
2025-06-27T05:02:00.000,12.2158
2025-06-27T05:03:00.000,12.2284
2025-06-27T05:04:00.000,12.1961
2025-06-27T05:05:00.000,12.2270
2025-06-27T05:06:00.000,12.2620
2025-06-27T05:07:00.000,12.2564
2025-06-27T05:08:00.000,12.2774
2025-06-27T05:09:00.000,12.3096
2025-06-27T05:10:00.000,12.3348
2025-06-27T05:11:00.000,12.3586
2025-06-27T05:12:00.000,12.3432
2025-06-27T05:13:00.000,12.2536
2025-06-27T05:14:00.000,12.1919
2025-06-27T05:15:00.000,12.1358
2025-06-27T05:16:00.000,12.0839
2025-06-27T05:17:00.000,11.9815
2025-06-27T05:18:00.000,11.8705
2025-06-27T05:19:00.000,11.7707
2025-06-27T05:20:00.000,11.7088
2025-06-27T05:21:00.000,11.6638
2025-06-27T05:22:00.000,11.6047
2025-06-27T05:23:00.000,11.5258
2025-06-27T05:24:00.000,11.4623
2025-06-27T05:25:00.000,11.4257
2025-06-27T05:26:00.000,11.4229
2025-06-27T05:27:00.000,11.4313
2025-06-27T05:28:00.000,11.4454
2025-06-27T05:29:00.000,11.4595
2025-06-27T05:30:00.000,11.4750
2025-06-27T05:31:00.000,11.4962
2025-06-27T05:32:00.000,11.4990
2025-06-27T05:33:00.000,11.6356
2025-06-27T05:34:00.000,11.7398
2025-06-27T05:35:00.000,11.7806
2025-06-27T05:36:00.000,11.7412
2025-06-27T05:37:00.000,11.6342
2025-06-27T05:38:00.000,11.5399
2025-06-27T05:39:00.000,11.5159
2025-06-27T05:40:00.000,11.5173
2025-06-27T05:41:00.000,11.5300
2025-06-27T05:42:00.000,11.5441
2025-06-27T05:43:00.000,11.5032
2025-06-27T05:44:00.000,11.5131
2025-06-27T05:45:00.000,11.5835
2025-06-27T05:46:00.000,11.6511
2025-06-27T05:47:00.000,11.7285
2025-06-27T05:48:00.000,11.7581
2025-06-27T05:49:00.000,11.8073
2025-06-27T05:50:00.000,11.8396
2025-06-27T05:51:00.000,11.8747
2025-06-27T05:52:00.000,11.9014
2025-06-27T05:53:00.000,11.9478
2025-06-27T05:54:00.000,11.9997
2025-06-27T05:55:00.000,12.0587
2025-06-27T05:56:00.000,12.1092
2025-06-27T05:57:00.000,12.1541
2025-06-27T05:58:00.000,12.2284
2025-06-27T05:59:00.000,12.3138
2025-06-27T06:00:00.000,12.3614
2025-06-27T06:01:00.000,12.3922
2025-06-27T06:02:00.000,12.4356
2025-06-27T06:03:00.000,12.4860
2025-06-27T06:04:00.000,12.4958
2025-06-27T06:05:00.000,12.5042
2025-06-27T06:06:00.000,12.4804
2025-06-27T06:07:00.000,12.4692
2025-06-27T06:08:00.000,12.4440
2025-06-27T06:09:00.000,12.4286
2025-06-27T06:10:00.000,12.4566
2025-06-27T06:11:00.000,12.4860
2025-06-27T06:12:00.000,12.4958
2025-06-27T06:13:00.000,12.4972
2025-06-27T06:14:00.000,12.4916
2025-06-27T06:15:00.000,12.4874
2025-06-27T06:16:00.000,12.4972
2025-06-27T06:17:00.000,12.5154
2025-06-27T06:18:00.000,12.5224
2025-06-27T06:19:00.000,12.5419
2025-06-27T06:20:00.000,12.5839
2025-06-27T06:21:00.000,12.6300
2025-06-27T06:22:00.000,12.6929
2025-06-27T06:23:00.000,12.7264
2025-06-27T06:24:00.000,12.7599
2025-06-27T06:25:00.000,12.7809
2025-06-27T06:26:00.000,12.8032
2025-06-27T06:27:00.000,12.8185
2025-06-27T06:28:00.000,12.8255
2025-06-27T06:29:00.000,12.8381
2025-06-27T06:30:00.000,12.8437
2025-06-27T06:31:00.000,12.8451
2025-06-27T06:32:00.000,12.8465
2025-06-27T06:33:00.000,12.8297
2025-06-27T06:34:00.000,12.8199
2025-06-27T06:35:00.000,12.8130
2025-06-27T06:36:00.000,12.8046
2025-06-27T06:37:00.000,12.7850
2025-06-27T06:38:00.000,12.7571
2025-06-27T06:39:00.000,12.7487
2025-06-27T06:40:00.000,12.7404
2025-06-27T06:41:00.000,12.7473
2025-06-27T06:42:00.000,12.7641
2025-06-27T06:43:00.000,12.7906
2025-06-27T06:44:00.000,12.8353
2025-06-27T06:45:00.000,12.8869
2025-06-27T06:46:00.000,12.9176
2025-06-27T06:47:00.000,12.9511
2025-06-27T06:48:00.000,12.9706
2025-06-27T06:49:00.000,12.9818
2025-06-27T06:50:00.000,12.9901
2025-06-27T06:51:00.000,13.0041
2025-06-27T06:52:00.000,13.0110
2025-06-27T06:53:00.000,13.0208
2025-06-27T06:54:00.000,13.0264
2025-06-27T06:55:00.000,13.0291
2025-06-27T06:56:00.000,13.0250
2025-06-27T06:57:00.000,13.0264
2025-06-27T06:58:00.000,13.0403
2025-06-27T06:59:00.000,13.0556
2025-06-27T07:00:00.000,13.0682
2025-06-27T07:01:00.000,13.0626
2025-06-27T07:02:00.000,13.0682
2025-06-27T07:03:00.000,13.0668
2025-06-27T07:04:00.000,13.0793
2025-06-27T07:05:00.000,13.1002
2025-06-27T07:06:00.000,13.1183
2025-06-27T07:07:00.000,13.1350
2025-06-27T07:08:00.000,13.1629
2025-06-27T07:09:00.000,13.1921
2025-06-27T07:10:00.000,13.2283
2025-06-27T07:11:00.000,13.2520
2025-06-27T07:12:00.000,13.2826
2025-06-27T07:13:00.000,13.3160
2025-06-27T07:14:00.000,13.3452
2025-06-27T07:15:00.000,13.3716
2025-06-27T07:16:00.000,13.3897
2025-06-27T07:17:00.000,13.4078
2025-06-27T07:18:00.000,13.4273
2025-06-27T07:19:00.000,13.4439
2025-06-27T07:20:00.000,13.4606
2025-06-27T07:21:00.000,13.4731
2025-06-27T07:22:00.000,13.4842
2025-06-27T07:23:00.000,13.4995
2025-06-27T07:24:00.000,13.5134
2025-06-27T07:25:00.000,13.5273
2025-06-27T07:26:00.000,13.5343
2025-06-27T07:27:00.000,13.5370
2025-06-27T07:28:00.000,13.5301
2025-06-27T07:29:00.000,13.5245
2025-06-27T07:30:00.000,13.5204
2025-06-27T07:31:00.000,13.5218
2025-06-27T07:32:00.000,13.5204
2025-06-27T07:33:00.000,13.5176
2025-06-27T07:34:00.000,13.5120
2025-06-27T07:35:00.000,13.5051
2025-06-27T07:36:00.000,13.4926
2025-06-27T07:37:00.000,13.4829
2025-06-27T07:38:00.000,13.4731
2025-06-27T07:39:00.000,13.4620
2025-06-27T07:40:00.000,13.4537
2025-06-27T07:41:00.000,13.4384
2025-06-27T07:42:00.000,13.4314
2025-06-27T07:43:00.000,13.4356
2025-06-27T07:44:00.000,13.4412
2025-06-27T07:45:00.000,13.4467
2025-06-27T07:46:00.000,13.4523
2025-06-27T07:47:00.000,13.4620
2025-06-27T07:48:00.000,13.4745
2025-06-27T07:49:00.000,13.4842
2025-06-27T07:50:00.000,13.4912
2025-06-27T07:51:00.000,13.4926
2025-06-27T07:52:00.000,13.4968
2025-06-27T07:53:00.000,13.4995
2025-06-27T07:54:00.000,13.4968
2025-06-27T07:55:00.000,13.4829
2025-06-27T07:56:00.000,13.4787
2025-06-27T07:57:00.000,13.4842
2025-06-27T07:58:00.000,13.4926
2025-06-27T07:59:00.000,13.4940
2025-06-27T08:00:00.000,13.5037
2025-06-27T08:01:00.000,13.5190
2025-06-27T08:02:00.000,13.5245
2025-06-27T08:03:00.000,13.5301
2025-06-27T08:04:00.000,13.5343
2025-06-27T08:05:00.000,13.5412
2025-06-27T08:06:00.000,13.5468
2025-06-27T08:07:00.000,13.5579
2025-06-27T08:08:00.000,13.5704
2025-06-27T08:09:00.000,13.5843
2025-06-27T08:10:00.000,13.6009
2025-06-27T08:11:00.000,13.6218
2025-06-27T08:12:00.000,13.6412
2025-06-27T08:13:00.000,13.6648
2025-06-27T08:14:00.000,13.6662
2025-06-27T08:15:00.000,13.6343
2025-06-27T08:16:00.000,13.5996
2025-06-27T08:17:00.000,13.5843
2025-06-27T08:18:00.000,13.6037
2025-06-27T08:19:00.000,13.7578
2025-06-27T08:20:00.000,13.9603
2025-06-27T08:21:00.000,14.2013
2025-06-27T08:22:00.000,14.4780
2025-06-27T08:23:00.000,14.7956
2025-06-27T08:24:00.000,15.1818
2025-06-27T08:25:00.000,15.5797
2025-06-27T08:26:00.000,15.8987
2025-06-27T08:27:00.000,16.1377
2025-06-27T08:28:00.000,16.3107
2025-06-27T08:29:00.000,16.4603
2025-06-27T08:30:00.000,16.6208
2025-06-27T08:31:00.000,16.7606
2025-06-27T08:32:00.000,16.9264
2025-06-27T08:33:00.000,17.0758
2025-06-27T08:34:00.000,17.2470
2025-06-27T08:35:00.000,17.3661
2025-06-27T08:36:00.000,17.4907
2025-06-27T08:37:00.000,17.6193
2025-06-27T08:38:00.000,17.6522
2025-06-27T08:39:00.000,17.6877
2025-06-27T08:40:00.000,17.8683
2025-06-27T08:41:00.000,18.1405
2025-06-27T08:42:00.000,18.3415
2025-06-27T08:43:00.000,18.5822
2025-06-27T08:44:00.000,18.8433
2025-06-27T08:45:00.000,19.2042
2025-06-27T08:46:00.000,19.5623
2025-06-27T08:47:00.000,19.7893
2025-06-27T08:48:00.000,19.9041
2025-06-27T08:49:00.000,20.0299
2025-06-27T08:50:00.000,20.0026
2025-06-27T08:51:00.000,19.8959
2025-06-27T08:52:00.000,19.7729
2025-06-27T08:53:00.000,19.6867
2025-06-27T08:54:00.000,19.5418
2025-06-27T08:55:00.000,19.4488
2025-06-27T08:56:00.000,19.3108
2025-06-27T08:57:00.000,19.1741
2025-06-27T08:58:00.000,19.0579
2025-06-27T08:59:00.000,18.9308
2025-06-27T09:00:00.000,18.7886
2025-06-27T09:01:00.000,18.6628
2025-06-27T09:02:00.000,18.6943
2025-06-27T09:03:00.000,18.8146
2025-06-27T09:04:00.000,19.0606
2025-06-27T09:05:00.000,19.2055
2025-06-27T09:06:00.000,19.2561
2025-06-27T09:07:00.000,19.2547
2025-06-27T09:08:00.000,19.2506
2025-06-27T09:09:00.000,19.2752
2025-06-27T09:10:00.000,19.3135
2025-06-27T09:11:00.000,19.3819
2025-06-27T09:12:00.000,19.4215
2025-06-27T09:13:00.000,19.4571
2025-06-27T09:14:00.000,19.4612
2025-06-27T09:15:00.000,19.4830
2025-06-27T09:16:00.000,19.5815
2025-06-27T09:17:00.000,19.6402
2025-06-27T09:18:00.000,19.6512
2025-06-27T09:19:00.000,19.6170
2025-06-27T09:20:00.000,19.5869
2025-06-27T09:21:00.000,19.5992
2025-06-27T09:22:00.000,19.5910
2025-06-27T09:23:00.000,19.5719
2025-06-27T09:24:00.000,19.5719
2025-06-27T09:25:00.000,19.6170
2025-06-27T09:26:00.000,19.7086
2025-06-27T09:27:00.000,19.8070
2025-06-27T09:28:00.000,19.8987
2025-06-27T09:29:00.000,19.9780
2025-06-27T09:30:00.000,20.0477
2025-06-27T09:31:00.000,20.1298
2025-06-27T09:32:00.000,20.2775
2025-06-27T09:33:00.000,20.4950
2025-06-27T09:34:00.000,20.6688
2025-06-27T09:35:00.000,20.7852
2025-06-27T09:36:00.000,20.9810
2025-06-27T09:37:00.000,21.1755
2025-06-27T09:38:00.000,21.2262
2025-06-27T09:39:00.000,21.2440
2025-06-27T09:40:00.000,21.2330
2025-06-27T09:41:00.000,21.2659
2025-06-27T09:42:00.000,21.2426
2025-06-27T09:43:00.000,21.2481
2025-06-27T09:44:00.000,21.2262
2025-06-27T09:45:00.000,21.1988
2025-06-27T09:46:00.000,21.2454
2025-06-27T09:47:00.000,21.3084
2025-06-27T09:48:00.000,21.3564
2025-06-27T09:49:00.000,21.3358
2025-06-27T09:50:00.000,21.4263
2025-06-27T09:51:00.000,21.5126
2025-06-27T09:52:00.000,21.5551
2025-06-27T09:53:00.000,21.4948
2025-06-27T09:54:00.000,21.2865
2025-06-27T09:55:00.000,21.1358
2025-06-27T09:56:00.000,21.0947
2025-06-27T09:57:00.000,21.2262
2025-06-27T09:58:00.000,21.3015
2025-06-27T09:59:00.000,21.4756
2025-06-27T10:00:00.000,21.6086
2025-06-27T10:01:00.000,21.8322
2025-06-27T10:02:00.000,22.0065
2025-06-27T10:03:00.000,22.3101
2025-06-27T10:04:00.000,22.6250
2025-06-27T10:05:00.000,22.7942
2025-06-27T10:06:00.000,22.9801
2025-06-27T10:07:00.000,23.1014
2025-06-27T10:08:00.000,23.0972
2025-06-27T10:09:00.000,22.9539
2025-06-27T10:10:00.000,22.7447
2025-06-27T10:11:00.000,22.6126
2025-06-27T10:12:00.000,22.5686
2025-06-27T10:13:00.000,22.6140
2025-06-27T10:14:00.000,22.6470
2025-06-27T10:15:00.000,22.6195
2025-06-27T10:16:00.000,22.5658
2025-06-27T10:17:00.000,22.4242
2025-06-27T10:18:00.000,22.2469
2025-06-27T10:19:00.000,22.1164
2025-06-27T10:20:00.000,22.0464
2025-06-27T10:21:00.000,22.0477
2025-06-27T10:22:00.000,22.0587
2025-06-27T10:23:00.000,22.0972
2025-06-27T10:24:00.000,22.1521
2025-06-27T10:25:00.000,22.1548
2025-06-27T10:26:00.000,22.1535
2025-06-27T10:27:00.000,22.2290
2025-06-27T10:28:00.000,22.3678
2025-06-27T10:29:00.000,22.5135
2025-06-27T10:30:00.000,22.6084
2025-06-27T10:31:00.000,22.8300
2025-06-27T10:32:00.000,23.0366
2025-06-27T10:33:00.000,23.0972
2025-06-27T10:34:00.000,23.1041
2025-06-27T10:35:00.000,23.2392
2025-06-27T10:36:00.000,23.3634
2025-06-27T10:37:00.000,23.3841
2025-06-27T10:38:00.000,23.4337
2025-06-27T10:39:00.000,23.8786
2025-06-27T10:40:00.000,24.7018
2025-06-27T10:41:00.000,25.6460
2025-06-27T10:42:00.000,26.2619
2025-06-27T10:43:00.000,26.5652
2025-06-27T10:44:00.000,26.7241
2025-06-27T10:45:00.000,26.9016
2025-06-27T10:46:00.000,26.8861
2025-06-27T10:47:00.000,26.9368
2025-06-27T10:48:00.000,26.8100
2025-06-27T10:49:00.000,26.9030
2025-06-27T10:50:00.000,27.1160
2025-06-27T10:51:00.000,27.3152
2025-06-27T10:52:00.000,27.0779
2025-06-27T10:53:00.000,26.8790
2025-06-27T10:54:00.000,26.9213
2025-06-27T10:55:00.000,26.8213
2025-06-27T10:56:00.000,26.5919
2025-06-27T10:57:00.000,26.2086
2025-06-27T10:58:00.000,25.8487
2025-06-27T10:59:00.000,25.9439
2025-06-27T11:00:00.000,26.4430
2025-06-27T11:01:00.000,27.1513
2025-06-27T11:02:00.000,27.9502
2025-06-27T11:03:00.000,28.7432
2025-06-27T11:04:00.000,29.4614
2025-06-27T11:05:00.000,29.3116
2025-06-27T11:06:00.000,29.2828
2025-06-27T11:07:00.000,29.7443
2025-06-27T11:08:00.000,29.6316
2025-06-27T11:09:00.000,29.0601
2025-06-27T11:10:00.000,28.1195
2025-06-27T11:11:00.000,27.2290
2025-06-27T11:12:00.000,26.4149
2025-06-27T11:13:00.000,25.7480
2025-06-27T11:14:00.000,25.2749
2025-06-27T11:15:00.000,24.8129
2025-06-27T11:16:00.000,24.6615
2025-06-27T11:17:00.000,24.8532
2025-06-27T11:18:00.000,24.8435
2025-06-27T11:19:00.000,25.0215
2025-06-27T11:20:00.000,25.0730
2025-06-27T11:21:00.000,25.2986
2025-06-27T11:22:00.000,25.5818
2025-06-27T11:23:00.000,25.9061
2025-06-27T11:24:00.000,26.2465
2025-06-27T11:25:00.000,26.5835
2025-06-27T11:26:00.000,26.7495
2025-06-27T11:27:00.000,26.7551
2025-06-27T11:28:00.000,26.5483
2025-06-27T11:29:00.000,26.1427
2025-06-27T11:30:00.000,25.8655
2025-06-27T11:31:00.000,25.7047
2025-06-27T11:32:00.000,25.7271
2025-06-27T11:33:00.000,25.9131
2025-06-27T11:34:00.000,25.9635
2025-06-27T11:35:00.000,25.8893
2025-06-27T11:36:00.000,25.8753
2025-06-27T11:37:00.000,26.0419
2025-06-27T11:38:00.000,25.9201
2025-06-27T11:39:00.000,25.5497
2025-06-27T11:40:00.000,25.4143
2025-06-27T11:41:00.000,25.1523
2025-06-27T11:42:00.000,24.9547
2025-06-27T11:43:00.000,24.7448
2025-06-27T11:44:00.000,24.5074
2025-06-27T11:45:00.000,24.4298
2025-06-27T11:46:00.000,24.4298
2025-06-27T11:47:00.000,24.3355
2025-06-27T11:48:00.000,24.2399
2025-06-27T11:49:00.000,24.0225
2025-06-27T11:50:00.000,23.5856
2025-06-27T11:51:00.000,23.0628
2025-06-27T11:52:00.000,22.6951
2025-06-27T11:53:00.000,22.3307
2025-06-27T11:54:00.000,22.0024
2025-06-27T11:55:00.000,21.7609
2025-06-27T11:56:00.000,21.5167
2025-06-27T11:57:00.000,21.2645
2025-06-27T11:58:00.000,21.0782
2025-06-27T11:59:00.000,20.9673
2025-06-27T12:00:00.000,20.8879
2025-06-27T12:01:00.000,20.8523
2025-06-27T12:02:00.000,20.7783
2025-06-27T12:03:00.000,20.6045
2025-06-27T12:04:00.000,20.4088
2025-06-27T12:05:00.000,20.2474
2025-06-27T12:06:00.000,19.9766
2025-06-27T12:07:00.000,19.7346
2025-06-27T12:08:00.000,19.5213
2025-06-27T12:09:00.000,19.3340
2025-06-27T12:10:00.000,19.1973
2025-06-27T12:11:00.000,19.0579
2025-06-27T12:12:00.000,18.8665
2025-06-27T12:13:00.000,18.7038
2025-06-27T12:14:00.000,18.5343
2025-06-27T12:15:00.000,18.4550
2025-06-27T12:16:00.000,18.3689
2025-06-27T12:17:00.000,18.2978
2025-06-27T12:18:00.000,18.2130
2025-06-27T12:19:00.000,18.1173
2025-06-27T12:20:00.000,18.0092
2025-06-27T12:21:00.000,17.9887
2025-06-27T12:22:00.000,18.0352
2025-06-27T12:23:00.000,18.1351
2025-06-27T12:24:00.000,18.2007
2025-06-27T12:25:00.000,18.2663
2025-06-27T12:26:00.000,18.3703
2025-06-27T12:27:00.000,18.4714
2025-06-27T12:28:00.000,18.5521
2025-06-27T12:29:00.000,18.6369
2025-06-27T12:30:00.000,18.8050
2025-06-27T12:31:00.000,18.9622
2025-06-27T12:32:00.000,19.0716
2025-06-27T12:33:00.000,19.2479
2025-06-27T12:34:00.000,19.4160
2025-06-27T12:35:00.000,19.5186
2025-06-27T12:36:00.000,19.5281
2025-06-27T12:37:00.000,19.4694
2025-06-27T12:38:00.000,19.5035
2025-06-27T12:39:00.000,19.4557
2025-06-27T12:40:00.000,19.3983
2025-06-27T12:41:00.000,19.3668
2025-06-27T12:42:00.000,19.4010
2025-06-27T12:43:00.000,19.4406
2025-06-27T12:44:00.000,19.5486
2025-06-27T12:45:00.000,19.6006
2025-06-27T12:46:00.000,19.6813
2025-06-27T12:47:00.000,19.7920
2025-06-27T12:48:00.000,19.9260
2025-06-27T12:49:00.000,20.0395
2025-06-27T12:50:00.000,20.1435
2025-06-27T12:51:00.000,20.2351
2025-06-27T12:52:00.000,20.3008
2025-06-27T12:53:00.000,20.3432
2025-06-27T12:54:00.000,20.4157
2025-06-27T12:55:00.000,20.4362
2025-06-27T12:56:00.000,20.4978
2025-06-27T12:57:00.000,20.5251
2025-06-27T12:58:00.000,20.5457
2025-06-27T12:59:00.000,20.4677
2025-06-27T13:00:00.000,20.4061
2025-06-27T13:01:00.000,20.3158
2025-06-27T13:02:00.000,20.3185
2025-06-27T13:03:00.000,20.2707
2025-06-27T13:04:00.000,20.3035
2025-06-27T13:05:00.000,20.4335
2025-06-27T13:06:00.000,20.4855
2025-06-27T13:07:00.000,20.5019
2025-06-27T13:08:00.000,20.5566
2025-06-27T13:09:00.000,20.6072
2025-06-27T13:10:00.000,20.6510
2025-06-27T13:11:00.000,20.4964
2025-06-27T13:12:00.000,20.2734
2025-06-27T13:13:00.000,20.1366
2025-06-27T13:14:00.000,20.0682
2025-06-27T13:15:00.000,20.0491
2025-06-27T13:16:00.000,20.0710
2025-06-27T13:17:00.000,20.0436
2025-06-27T13:18:00.000,20.0067
2025-06-27T13:19:00.000,19.9287
2025-06-27T13:20:00.000,19.9711
2025-06-27T13:21:00.000,20.0860
2025-06-27T13:22:00.000,20.2091
2025-06-27T13:23:00.000,20.3692
2025-06-27T13:24:00.000,20.5156
2025-06-27T13:25:00.000,20.6716
2025-06-27T13:26:00.000,20.8810
2025-06-27T13:27:00.000,21.1467
2025-06-27T13:28:00.000,21.2920
2025-06-27T13:29:00.000,21.4153
2025-06-27T13:30:00.000,21.6594
2025-06-27T13:31:00.000,21.8597
2025-06-27T13:32:00.000,22.0010
2025-06-27T13:33:00.000,22.1782
2025-06-27T13:34:00.000,22.3513
2025-06-27T13:35:00.000,22.5369
2025-06-27T13:36:00.000,22.7887
2025-06-27T13:37:00.000,23.0104
2025-06-27T13:38:00.000,23.1937
2025-06-27T13:39:00.000,23.3040
2025-06-27T13:40:00.000,23.2737
2025-06-27T13:41:00.000,23.3261
2025-06-27T13:42:00.000,23.4158
2025-06-27T13:43:00.000,23.4296
2025-06-27T13:44:00.000,23.3454
2025-06-27T13:45:00.000,23.1648
2025-06-27T13:46:00.000,23.1469
2025-06-27T13:47:00.000,23.1110
2025-06-27T13:48:00.000,23.0008
2025-06-27T13:49:00.000,22.8424
2025-06-27T13:50:00.000,22.9181
2025-06-27T13:51:00.000,22.9402
2025-06-27T13:52:00.000,22.9581
2025-06-27T13:53:00.000,23.0959
2025-06-27T13:54:00.000,23.2392
2025-06-27T13:55:00.000,23.2475
2025-06-27T13:56:00.000,23.1441
2025-06-27T13:57:00.000,22.9966
2025-06-27T13:58:00.000,22.7598
2025-06-27T13:59:00.000,22.6277
2025-06-27T14:00:00.000,22.5589
2025-06-27T14:01:00.000,22.5466
2025-06-27T14:02:00.000,22.5190
2025-06-27T14:03:00.000,22.4242
2025-06-27T14:04:00.000,22.3609
2025-06-27T14:05:00.000,22.2098
2025-06-27T14:06:00.000,22.1068
2025-06-27T14:07:00.000,22.0670
2025-06-27T14:08:00.000,21.9310
2025-06-27T14:09:00.000,21.7650
2025-06-27T14:10:00.000,21.6155
2025-06-27T14:11:00.000,21.4482
2025-06-27T14:12:00.000,21.2001
2025-06-27T14:13:00.000,21.0180
2025-06-27T14:14:00.000,20.9153
2025-06-27T14:15:00.000,20.8304
2025-06-27T14:16:00.000,20.8276
2025-06-27T14:17:00.000,20.7072
2025-06-27T14:18:00.000,20.5566
2025-06-27T14:19:00.000,20.4937
2025-06-27T14:20:00.000,20.5306
2025-06-27T14:21:00.000,20.5621
2025-06-27T14:22:00.000,20.5990
2025-06-27T14:23:00.000,20.5717
2025-06-27T14:24:00.000,20.5210
2025-06-27T14:25:00.000,20.4102
2025-06-27T14:26:00.000,20.2898
2025-06-27T14:27:00.000,20.2830
2025-06-27T14:28:00.000,20.2447
2025-06-27T14:29:00.000,20.2652
2025-06-27T14:30:00.000,20.3555
2025-06-27T14:31:00.000,20.4417
2025-06-27T14:32:00.000,20.5662
2025-06-27T14:33:00.000,20.6209
2025-06-27T14:34:00.000,20.6374
2025-06-27T14:35:00.000,20.6141
2025-06-27T14:36:00.000,20.6045
2025-06-27T14:37:00.000,20.6415
2025-06-27T14:38:00.000,20.6127
2025-06-27T14:39:00.000,20.5703
2025-06-27T14:40:00.000,20.5101
2025-06-27T14:41:00.000,20.4307
2025-06-27T14:42:00.000,20.3459
2025-06-27T14:43:00.000,20.3131
2025-06-27T14:44:00.000,20.2693
2025-06-27T14:45:00.000,20.2789
2025-06-27T14:46:00.000,20.2939
2025-06-27T14:47:00.000,20.3185
2025-06-27T14:48:00.000,20.2693
2025-06-27T14:49:00.000,20.2132
2025-06-27T14:50:00.000,20.3144
2025-06-27T14:51:00.000,20.4554
2025-06-27T14:52:00.000,20.5648
2025-06-27T14:53:00.000,20.5662
2025-06-27T14:54:00.000,20.4458
2025-06-27T14:55:00.000,20.3856
2025-06-27T14:56:00.000,20.3801
2025-06-27T14:57:00.000,20.3240
2025-06-27T14:58:00.000,20.2378
2025-06-27T14:59:00.000,20.0450
2025-06-27T15:00:00.000,19.8453
2025-06-27T15:01:00.000,19.6512
2025-06-27T15:02:00.000,19.5322
2025-06-27T15:03:00.000,19.4844
2025-06-27T15:04:00.000,19.3791
2025-06-27T15:05:00.000,19.2698
2025-06-27T15:06:00.000,19.1563
2025-06-27T15:07:00.000,19.0661
2025-06-27T15:08:00.000,19.0251
2025-06-27T15:09:00.000,19.0073
2025-06-27T15:10:00.000,18.9731
2025-06-27T15:11:00.000,18.9458
2025-06-27T15:12:00.000,18.9280
2025-06-27T15:13:00.000,18.9690
2025-06-27T15:14:00.000,19.0046
2025-06-27T15:15:00.000,19.0688
2025-06-27T15:16:00.000,19.1358
2025-06-27T15:17:00.000,19.2219
2025-06-27T15:18:00.000,19.2657
2025-06-27T15:19:00.000,19.2698
2025-06-27T15:20:00.000,19.1960
2025-06-27T15:21:00.000,19.1153
2025-06-27T15:22:00.000,19.0114
2025-06-27T15:23:00.000,18.9581
2025-06-27T15:24:00.000,18.9103
2025-06-27T15:25:00.000,18.9185
2025-06-27T15:26:00.000,18.9827
2025-06-27T15:27:00.000,19.1358
2025-06-27T15:28:00.000,19.2848
2025-06-27T15:29:00.000,19.3381
2025-06-27T15:30:00.000,19.4024
2025-06-27T15:31:00.000,19.4338
2025-06-27T15:32:00.000,19.4543
2025-06-27T15:33:00.000,19.4488
2025-06-27T15:34:00.000,19.3860
2025-06-27T15:35:00.000,19.2547
2025-06-27T15:36:00.000,19.1276
2025-06-27T15:37:00.000,19.0319
2025-06-27T15:38:00.000,18.9472
2025-06-27T15:39:00.000,18.8980
2025-06-27T15:40:00.000,18.8788
2025-06-27T15:41:00.000,18.8487
2025-06-27T15:42:00.000,18.8050
2025-06-27T15:43:00.000,18.8132
2025-06-27T15:44:00.000,18.7900
2025-06-27T15:45:00.000,18.7326
2025-06-27T15:46:00.000,18.6902
2025-06-27T15:47:00.000,18.6628
2025-06-27T15:48:00.000,18.6396
2025-06-27T15:49:00.000,18.5931
2025-06-27T15:50:00.000,18.5726
2025-06-27T15:51:00.000,18.5617
2025-06-27T15:52:00.000,18.5453
2025-06-27T15:53:00.000,18.5193
2025-06-27T15:54:00.000,18.5220
2025-06-27T15:55:00.000,18.5275
2025-06-27T15:56:00.000,18.5535
2025-06-27T15:57:00.000,18.5890
2025-06-27T15:58:00.000,18.6437
2025-06-27T15:59:00.000,18.6656
2025-06-27T16:00:00.000,18.6833
2025-06-27T16:01:00.000,18.7298
2025-06-27T16:02:00.000,18.7818
2025-06-27T16:03:00.000,18.8816
2025-06-27T16:04:00.000,18.9239
2025-06-27T16:05:00.000,18.9636
2025-06-27T16:06:00.000,19.0183
2025-06-27T16:07:00.000,19.1153
2025-06-27T16:08:00.000,19.2083
2025-06-27T16:09:00.000,19.2903
2025-06-27T16:10:00.000,19.3245
2025-06-27T16:11:00.000,19.4147
2025-06-27T16:12:00.000,19.4529
2025-06-27T16:13:00.000,19.4557
2025-06-27T16:14:00.000,19.4762
2025-06-27T16:15:00.000,19.5350
2025-06-27T16:16:00.000,19.5377
2025-06-27T16:17:00.000,19.4844
2025-06-27T16:18:00.000,19.4229
2025-06-27T16:19:00.000,19.3723
2025-06-27T16:20:00.000,19.3682
2025-06-27T16:21:00.000,19.4256
2025-06-27T16:22:00.000,19.4434
2025-06-27T16:23:00.000,19.3313
2025-06-27T16:24:00.000,19.1221
2025-06-27T16:25:00.000,18.8816
2025-06-27T16:26:00.000,18.7339
2025-06-27T16:27:00.000,18.6615
2025-06-27T16:28:00.000,18.5999
2025-06-27T16:29:00.000,18.5685
2025-06-27T16:30:00.000,18.5097
2025-06-27T16:31:00.000,18.4988
2025-06-27T16:32:00.000,18.5480
2025-06-27T16:33:00.000,18.5794
2025-06-27T16:34:00.000,18.5589
2025-06-27T16:35:00.000,18.5521
2025-06-27T16:36:00.000,18.5740
2025-06-27T16:37:00.000,18.6300
2025-06-27T16:38:00.000,18.7025
2025-06-27T16:39:00.000,18.7804
2025-06-27T16:40:00.000,18.8734
2025-06-27T16:41:00.000,18.9103
2025-06-27T16:42:00.000,18.9048
2025-06-27T16:43:00.000,18.8898
2025-06-27T16:44:00.000,18.8652
2025-06-27T16:45:00.000,18.8310
2025-06-27T16:46:00.000,18.7995
2025-06-27T16:47:00.000,18.7544
2025-06-27T16:48:00.000,18.6833
2025-06-27T16:49:00.000,18.6095
2025-06-27T16:50:00.000,18.5152
2025-06-27T16:51:00.000,18.4044
2025-06-27T16:52:00.000,18.0721
2025-06-27T16:53:00.000,17.2798
2025-06-27T16:54:00.000,16.7757
2025-06-27T16:55:00.000,16.4411
2025-06-27T16:56:00.000,16.2599
2025-06-27T16:57:00.000,16.1583
2025-06-27T16:58:00.000,15.9908
2025-06-27T16:59:00.000,15.7200
2025-06-27T17:00:00.000,15.4614
2025-06-27T17:01:00.000,15.1983
2025-06-27T17:02:00.000,14.9585
2025-06-27T17:03:00.000,14.7556
2025-06-27T17:04:00.000,14.5761
2025-06-27T17:05:00.000,14.4033
2025-06-27T17:06:00.000,14.2511
2025-06-27T17:07:00.000,14.1058
2025-06-27T17:08:00.000,13.9215
2025-06-27T17:09:00.000,13.7301
2025-06-27T17:10:00.000,13.5343
2025-06-27T17:11:00.000,13.3549
2025-06-27T17:12:00.000,13.2005
2025-06-27T17:13:00.000,13.0891
2025-06-27T17:14:00.000,13.0375
2025-06-27T17:15:00.000,13.0166
2025-06-27T17:16:00.000,12.9608
2025-06-27T17:17:00.000,12.9009
2025-06-27T17:18:00.000,12.8967
2025-06-27T17:19:00.000,12.8632
2025-06-27T17:20:00.000,12.8492
2025-06-27T17:21:00.000,12.8618
2025-06-27T17:22:00.000,12.8716
2025-06-27T17:23:00.000,12.9790
2025-06-27T17:24:00.000,13.1183
2025-06-27T17:25:00.000,13.2144
2025-06-27T17:26:00.000,13.2659
2025-06-27T17:27:00.000,13.3202
2025-06-27T17:28:00.000,13.3786
2025-06-27T17:29:00.000,13.4231
2025-06-27T17:30:00.000,13.4620
2025-06-27T17:31:00.000,13.4898
2025-06-27T17:32:00.000,13.5162
2025-06-27T17:33:00.000,13.5134
2025-06-27T17:34:00.000,13.3647
2025-06-27T17:35:00.000,13.2673
2025-06-27T17:36:00.000,13.2506
2025-06-27T17:37:00.000,13.1866
2025-06-27T17:38:00.000,13.0556
2025-06-27T17:39:00.000,12.8772
2025-06-27T17:40:00.000,12.7236
2025-06-27T17:41:00.000,12.6440
2025-06-27T17:42:00.000,12.6160
2025-06-27T17:43:00.000,12.7013
2025-06-27T17:44:00.000,12.6761
2025-06-27T17:45:00.000,12.6454
2025-06-27T17:46:00.000,12.5909
2025-06-27T17:47:00.000,12.4776
2025-06-27T17:48:00.000,12.3670
2025-06-27T17:49:00.000,12.2928
2025-06-27T17:50:00.000,12.2158
2025-06-27T17:51:00.000,12.1527
2025-06-27T17:52:00.000,12.1204
2025-06-27T17:53:00.000,12.1513
2025-06-27T17:54:00.000,12.1372
2025-06-27T17:55:00.000,12.1611
2025-06-27T17:56:00.000,12.1162
2025-06-27T17:57:00.000,12.0685
2025-06-27T17:58:00.000,11.9955
2025-06-27T17:59:00.000,11.9239
2025-06-27T18:00:00.000,11.8649
2025-06-27T18:01:00.000,11.8115
2025-06-27T18:02:00.000,11.7623
2025-06-27T18:03:00.000,11.7173
2025-06-27T18:04:00.000,11.6765
2025-06-27T18:05:00.000,11.6370
2025-06-27T18:06:00.000,11.6018
2025-06-27T18:07:00.000,11.5680
2025-06-27T18:08:00.000,11.5385
2025-06-27T18:09:00.000,11.5103
2025-06-27T18:10:00.000,11.4849
2025-06-27T18:11:00.000,11.4553
2025-06-27T18:12:00.000,11.4299
2025-06-27T18:13:00.000,11.4059
2025-06-27T18:14:00.000,11.3961
2025-06-27T18:15:00.000,11.3904
2025-06-27T18:16:00.000,11.3820
2025-06-27T18:17:00.000,11.3664
2025-06-27T18:18:00.000,11.3439
2025-06-27T18:19:00.000,11.3213
2025-06-27T18:20:00.000,11.3072
2025-06-27T18:21:00.000,11.2973
2025-06-27T18:22:00.000,11.2818
2025-06-27T18:23:00.000,11.2634
2025-06-27T18:24:00.000,11.2323
2025-06-27T18:25:00.000,11.1843
2025-06-27T18:26:00.000,11.1405
2025-06-27T18:27:00.000,11.0981
2025-06-27T18:28:00.000,11.0542
2025-06-27T18:29:00.000,11.0089
2025-06-27T18:30:00.000,10.9651
2025-06-27T18:31:00.000,10.9353
2025-06-27T18:32:00.000,10.9013
2025-06-27T18:33:00.000,10.8687
2025-06-27T18:34:00.000,10.8461
2025-06-27T18:35:00.000,10.8376
2025-06-27T18:36:00.000,10.8276
2025-06-27T18:37:00.000,10.8035
2025-06-27T18:38:00.000,10.7809
2025-06-27T18:39:00.000,10.7738
2025-06-27T18:40:00.000,10.7624
2025-06-27T18:41:00.000,10.7426
2025-06-27T18:42:00.000,10.7411
2025-06-27T18:43:00.000,10.7312
2025-06-27T18:44:00.000,10.7199
2025-06-27T18:45:00.000,10.7170
2025-06-27T18:46:00.000,10.7099
2025-06-27T18:47:00.000,10.7014
2025-06-27T18:48:00.000,10.6986
2025-06-27T18:49:00.000,10.6929
2025-06-27T18:50:00.000,10.6872
2025-06-27T18:51:00.000,10.6787
2025-06-27T18:52:00.000,10.6759
2025-06-27T18:53:00.000,10.6773
2025-06-27T18:54:00.000,10.6801
2025-06-27T18:55:00.000,10.6872
2025-06-27T18:56:00.000,10.7028
2025-06-27T18:57:00.000,10.7468
2025-06-27T18:58:00.000,10.8361
2025-06-27T18:59:00.000,10.9764
2025-06-27T19:00:00.000,11.1362
2025-06-27T19:01:00.000,11.2832
2025-06-27T19:02:00.000,11.4229
2025-06-27T19:03:00.000,11.5596
2025-06-27T19:04:00.000,11.6849
2025-06-27T19:05:00.000,11.7904
2025-06-27T19:06:00.000,11.8579
2025-06-27T19:07:00.000,11.9028
2025-06-27T19:08:00.000,11.9422
2025-06-27T19:09:00.000,11.9674
2025-06-27T19:10:00.000,11.9829
2025-06-27T19:11:00.000,11.9815
2025-06-27T19:12:00.000,11.9843
2025-06-27T19:13:00.000,11.9815
2025-06-27T19:14:00.000,11.9815
2025-06-27T19:15:00.000,11.9731
2025-06-27T19:16:00.000,11.9632
2025-06-27T19:17:00.000,11.9590
2025-06-27T19:18:00.000,11.9759
2025-06-27T19:19:00.000,11.9899
2025-06-27T19:20:00.000,12.0025
2025-06-27T19:21:00.000,12.0166
2025-06-27T19:22:00.000,12.0292
2025-06-27T19:23:00.000,12.0320
2025-06-27T19:24:00.000,12.0390
2025-06-27T19:25:00.000,12.0404
2025-06-27T19:26:00.000,12.0433
2025-06-27T19:27:00.000,12.0433
2025-06-27T19:28:00.000,12.0517
2025-06-27T19:29:00.000,12.0685
2025-06-27T19:30:00.000,12.0853
2025-06-27T19:31:00.000,12.0910
2025-06-27T19:32:00.000,12.0797
2025-06-27T19:33:00.000,12.0587
2025-06-27T19:34:00.000,12.0390
2025-06-27T19:35:00.000,12.0236
2025-06-27T19:36:00.000,12.0124
2025-06-27T19:37:00.000,12.0011
2025-06-27T19:38:00.000,11.9871
2025-06-27T19:39:00.000,11.9717
2025-06-27T19:40:00.000,11.9590
2025-06-27T19:41:00.000,11.9380
2025-06-27T19:42:00.000,11.9183
2025-06-27T19:43:00.000,11.9000
2025-06-27T19:44:00.000,11.8790
2025-06-27T19:45:00.000,11.8537
2025-06-27T19:46:00.000,11.8354
2025-06-27T19:47:00.000,11.8185
2025-06-27T19:48:00.000,11.8031
2025-06-27T19:49:00.000,11.7918
2025-06-27T19:50:00.000,11.7820
2025-06-27T19:51:00.000,11.7791
2025-06-27T19:52:00.000,11.7777
2025-06-27T19:53:00.000,11.7679
2025-06-27T19:54:00.000,11.7566
2025-06-27T19:55:00.000,11.7384
2025-06-27T19:56:00.000,11.7159
2025-06-27T19:57:00.000,11.6877
2025-06-27T19:58:00.000,11.6596
2025-06-27T19:59:00.000,11.6286
2025-06-27T20:00:00.000,11.5920
2025-06-27T20:01:00.000,11.5638
2025-06-27T20:02:00.000,11.5469
2025-06-27T20:03:00.000,11.5413
2025-06-27T20:04:00.000,11.5737
2025-06-27T20:05:00.000,11.5920
2025-06-27T20:06:00.000,11.5906
2025-06-27T20:07:00.000,11.5835
2025-06-27T20:08:00.000,11.5765
2025-06-27T20:09:00.000,11.5694
2025-06-27T20:10:00.000,11.5638
2025-06-27T20:11:00.000,11.5624
2025-06-27T20:12:00.000,11.5624
2025-06-27T20:13:00.000,11.5751
2025-06-27T20:14:00.000,11.5652
2025-06-27T20:15:00.000,11.5314
2025-06-27T20:16:00.000,11.5004
2025-06-27T20:17:00.000,11.4694
2025-06-27T20:18:00.000,11.4327
2025-06-27T20:19:00.000,11.3932
2025-06-27T20:20:00.000,11.3552
2025-06-27T20:21:00.000,11.3199
2025-06-27T20:22:00.000,11.2874
2025-06-27T20:23:00.000,11.2592
2025-06-27T20:24:00.000,11.2253
2025-06-27T20:25:00.000,11.1899
2025-06-27T20:26:00.000,11.1603
2025-06-27T20:27:00.000,11.1376
2025-06-27T20:28:00.000,11.1108
2025-06-27T20:29:00.000,11.0669
2025-06-27T20:30:00.000,11.0316
2025-06-27T20:31:00.000,11.0203
2025-06-27T20:32:00.000,11.0160
2025-06-27T20:33:00.000,11.0075
2025-06-27T20:34:00.000,10.9948
2025-06-27T20:35:00.000,10.9820
2025-06-27T20:36:00.000,10.9665
2025-06-27T20:37:00.000,10.9495
2025-06-27T20:38:00.000,10.9311
2025-06-27T20:39:00.000,10.9169
2025-06-27T20:40:00.000,10.9183
2025-06-27T20:41:00.000,10.9155
2025-06-27T20:42:00.000,10.9127
2025-06-27T20:43:00.000,10.9070
2025-06-27T20:44:00.000,10.9027
2025-06-27T20:45:00.000,10.8999
2025-06-27T20:46:00.000,10.8985
2025-06-27T20:47:00.000,10.9042
2025-06-27T20:48:00.000,10.9282
2025-06-27T20:49:00.000,10.9396
2025-06-27T20:50:00.000,10.9495
2025-06-27T20:51:00.000,10.9778
2025-06-27T20:52:00.000,11.0486
2025-06-27T20:53:00.000,11.0754
2025-06-27T20:54:00.000,11.0783
2025-06-27T20:55:00.000,11.0698
2025-06-27T20:56:00.000,11.0570
2025-06-27T20:57:00.000,11.0443
2025-06-27T20:58:00.000,11.0316
2025-06-27T20:59:00.000,11.0203
2025-06-27T21:00:00.000,11.0118
2025-06-27T21:01:00.000,11.0047
2025-06-27T21:02:00.000,11.0033
2025-06-27T21:03:00.000,11.0004
2025-06-27T21:04:00.000,10.9962
2025-06-27T21:05:00.000,10.9962
2025-06-27T21:06:00.000,10.9877
2025-06-27T21:07:00.000,10.9792
2025-06-27T21:08:00.000,10.9721
2025-06-27T21:09:00.000,10.9665
2025-06-27T21:10:00.000,10.9608
2025-06-27T21:11:00.000,10.9551
2025-06-27T21:12:00.000,10.9438
2025-06-27T21:13:00.000,10.9311
2025-06-27T21:14:00.000,10.9155
2025-06-27T21:15:00.000,10.8999
2025-06-27T21:16:00.000,10.8815
2025-06-27T21:17:00.000,10.8645
2025-06-27T21:18:00.000,10.8447
2025-06-27T21:19:00.000,10.8248
2025-06-27T21:20:00.000,10.8106
2025-06-27T21:21:00.000,10.7979
2025-06-27T21:22:00.000,10.7908
2025-06-27T21:23:00.000,10.7823
2025-06-27T21:24:00.000,10.7809
2025-06-27T21:25:00.000,10.7766
2025-06-27T21:26:00.000,10.7738
2025-06-27T21:27:00.000,10.7681
2025-06-27T21:28:00.000,10.7624
2025-06-27T21:29:00.000,10.7553
2025-06-27T21:30:00.000,10.7482
2025-06-27T21:31:00.000,10.7369
2025-06-27T21:32:00.000,10.7255
2025-06-27T21:33:00.000,10.7128
2025-06-27T21:34:00.000,10.7000
2025-06-27T21:35:00.000,10.6957
2025-06-27T21:36:00.000,10.6929
2025-06-27T21:37:00.000,10.6943
2025-06-27T21:38:00.000,10.6957
2025-06-27T21:39:00.000,10.6886
2025-06-27T21:40:00.000,10.6716
2025-06-27T21:41:00.000,10.6546
2025-06-27T21:42:00.000,10.6418
2025-06-27T21:43:00.000,10.6375
2025-06-27T21:44:00.000,10.6375
2025-06-27T21:45:00.000,10.6418
2025-06-27T21:46:00.000,10.6475
2025-06-27T21:47:00.000,10.6546
2025-06-27T21:48:00.000,10.6617
2025-06-27T21:49:00.000,10.6659
2025-06-27T21:50:00.000,10.6702
2025-06-27T21:51:00.000,10.6787
2025-06-27T21:52:00.000,10.6858
2025-06-27T21:53:00.000,10.6929
2025-06-27T21:54:00.000,10.6986
2025-06-27T21:55:00.000,10.7028
2025-06-27T21:56:00.000,10.7114
2025-06-27T21:57:00.000,10.7156
2025-06-27T21:58:00.000,10.7213
2025-06-27T21:59:00.000,10.7270
2025-06-27T22:00:00.000,10.7341
2025-06-27T22:01:00.000,10.7411
2025-06-27T22:02:00.000,10.7468
2025-06-27T22:03:00.000,10.7482
2025-06-27T22:04:00.000,10.7511
2025-06-27T22:05:00.000,10.7511
2025-06-27T22:06:00.000,10.7482
2025-06-27T22:07:00.000,10.7468
2025-06-27T22:08:00.000,10.7440
2025-06-27T22:09:00.000,10.7369
2025-06-27T22:10:00.000,10.7270
2025-06-27T22:11:00.000,10.7156
2025-06-27T22:12:00.000,10.7000
2025-06-27T22:13:00.000,10.6957
2025-06-27T22:14:00.000,10.6929
2025-06-27T22:15:00.000,10.6943
2025-06-27T22:16:00.000,10.6957
2025-06-27T22:17:00.000,10.6972
2025-06-27T22:18:00.000,10.7000
2025-06-27T22:19:00.000,10.6986
2025-06-27T22:20:00.000,10.7014
2025-06-27T22:21:00.000,10.7142
2025-06-27T22:22:00.000,10.7341
2025-06-27T22:23:00.000,10.7525
2025-06-27T22:24:00.000,10.7596
2025-06-27T22:25:00.000,10.7823
2025-06-27T22:26:00.000,10.7908
2025-06-27T22:27:00.000,10.7936
2025-06-27T22:28:00.000,10.8234
2025-06-27T22:29:00.000,10.8489
2025-06-27T22:30:00.000,10.8914
2025-06-27T22:31:00.000,10.9622
2025-06-27T22:32:00.000,11.0061
2025-06-27T22:33:00.000,11.0231
2025-06-27T22:34:00.000,11.0287
2025-06-27T22:35:00.000,11.0302
2025-06-27T22:36:00.000,11.0217
2025-06-27T22:37:00.000,11.0061
2025-06-27T22:38:00.000,10.9863
2025-06-27T22:39:00.000,10.9636
2025-06-27T22:40:00.000,10.9438
2025-06-27T22:41:00.000,10.9297
2025-06-27T22:42:00.000,10.9169
2025-06-27T22:43:00.000,10.9084
2025-06-27T22:44:00.000,10.9027
2025-06-27T22:45:00.000,10.8971
2025-06-27T22:46:00.000,10.8900
2025-06-27T22:47:00.000,10.8886
2025-06-27T22:48:00.000,10.8829
2025-06-27T22:49:00.000,10.8787
2025-06-27T22:50:00.000,10.8772
2025-06-27T22:51:00.000,10.8730
2025-06-27T22:52:00.000,10.8702
2025-06-27T22:53:00.000,10.8617
2025-06-27T22:54:00.000,10.8503
2025-06-27T22:55:00.000,10.8390
2025-06-27T22:56:00.000,10.8262
2025-06-27T22:57:00.000,10.8163
2025-06-27T22:58:00.000,10.8064
2025-06-27T22:59:00.000,10.7950
2025-06-27T23:00:00.000,10.7837
2025-06-27T23:01:00.000,10.7723
2025-06-27T23:02:00.000,10.7667
2025-06-27T23:03:00.000,10.7695
2025-06-27T23:04:00.000,10.7823
2025-06-27T23:05:00.000,10.7894
2025-06-27T23:06:00.000,10.8050
2025-06-27T23:07:00.000,10.8390
2025-06-27T23:08:00.000,10.8631
2025-06-27T23:09:00.000,10.8829
2025-06-27T23:10:00.000,10.8957
2025-06-27T23:11:00.000,10.9042
2025-06-27T23:12:00.000,10.9112
2025-06-27T23:13:00.000,10.9282
2025-06-27T23:14:00.000,10.9580
2025-06-27T23:15:00.000,11.0089
2025-06-27T23:16:00.000,11.1065
2025-06-27T23:17:00.000,11.1970
2025-06-27T23:18:00.000,11.3805
2025-06-27T23:19:00.000,11.6891
2025-06-27T23:20:00.000,12.0278
2025-06-27T23:21:00.000,12.2788
2025-06-27T23:22:00.000,12.3852
2025-06-27T23:23:00.000,12.5084
2025-06-27T23:24:00.000,12.5391
2025-06-27T23:25:00.000,12.6286
2025-06-27T23:26:00.000,12.6691
2025-06-27T23:27:00.000,12.6747
2025-06-27T23:28:00.000,12.6174
2025-06-27T23:29:00.000,12.5238
2025-06-27T23:30:00.000,12.3908
2025-06-27T23:31:00.000,12.2059
2025-06-27T23:32:00.000,12.0433
2025-06-27T23:33:00.000,11.8621
2025-06-27T23:34:00.000,11.6962
2025-06-27T23:35:00.000,11.5624
2025-06-27T23:36:00.000,11.4539
2025-06-27T23:37:00.000,11.3594
2025-06-27T23:38:00.000,11.2832
2025-06-27T23:39:00.000,11.2083
2025-06-27T23:40:00.000,11.1433
2025-06-27T23:41:00.000,11.0896
2025-06-27T23:42:00.000,11.0500
2025-06-27T23:43:00.000,11.0231
2025-06-27T23:44:00.000,10.9962
2025-06-27T23:45:00.000,10.9721
2025-06-27T23:46:00.000,10.9509
2025-06-27T23:47:00.000,10.9339
2025-06-27T23:48:00.000,10.9396
2025-06-27T23:49:00.000,10.9382
2025-06-27T23:50:00.000,10.9240
2025-06-27T23:51:00.000,10.9112
2025-06-27T23:52:00.000,10.9042
2025-06-27T23:53:00.000,10.9297
2025-06-27T23:54:00.000,10.9382
2025-06-27T23:55:00.000,10.9537
2025-06-27T23:56:00.000,10.9495
2025-06-27T23:57:00.000,10.9608
2025-06-27T23:58:00.000,11.0004
2025-06-27T23:59:00.000,10.9934
2025-06-28T00:00:00.000,10.9962
2025-06-28T00:01:00.000,11.0259
2025-06-28T00:02:00.000,11.0500
2025-06-28T00:03:00.000,11.0429
2025-06-28T00:04:00.000,11.0033
2025-06-28T00:05:00.000,10.9693
2025-06-28T00:06:00.000,10.9622
2025-06-28T00:07:00.000,10.9566
2025-06-28T00:08:00.000,10.9396
2025-06-28T00:09:00.000,10.9297
2025-06-28T00:10:00.000,10.9396
2025-06-28T00:11:00.000,10.9551
2025-06-28T00:12:00.000,10.9806
2025-06-28T00:13:00.000,10.9905
2025-06-28T00:14:00.000,10.9905
2025-06-28T00:15:00.000,10.9736
2025-06-28T00:16:00.000,10.9651
2025-06-28T00:17:00.000,11.0004
2025-06-28T00:18:00.000,11.0033
2025-06-28T00:19:00.000,10.9764
2025-06-28T00:20:00.000,10.9481
2025-06-28T00:21:00.000,10.9212
2025-06-28T00:22:00.000,10.9594
2025-06-28T00:23:00.000,10.9905
2025-06-28T00:24:00.000,10.9962
2025-06-28T00:25:00.000,10.9920
2025-06-28T00:26:00.000,10.9679
2025-06-28T00:27:00.000,10.9353
2025-06-28T00:28:00.000,10.9127
2025-06-28T00:29:00.000,10.9141
2025-06-28T00:30:00.000,10.8957
2025-06-28T00:31:00.000,10.8758
2025-06-28T00:32:00.000,10.8687
2025-06-28T00:33:00.000,10.8659
2025-06-28T00:34:00.000,10.8560
2025-06-28T00:35:00.000,10.8489
2025-06-28T00:36:00.000,10.8432
2025-06-28T00:37:00.000,10.8305
2025-06-28T00:38:00.000,10.8177
2025-06-28T00:39:00.000,10.8135
2025-06-28T00:40:00.000,10.8064
2025-06-28T00:41:00.000,10.7993
2025-06-28T00:42:00.000,10.7865
2025-06-28T00:43:00.000,10.7681
2025-06-28T00:44:00.000,10.7497
2025-06-28T00:45:00.000,10.7312
2025-06-28T00:46:00.000,10.7170
2025-06-28T00:47:00.000,10.7000
2025-06-28T00:48:00.000,10.6872
2025-06-28T00:49:00.000,10.6787
2025-06-28T00:50:00.000,10.6745
2025-06-28T00:51:00.000,10.6716
2025-06-28T00:52:00.000,10.6688
2025-06-28T00:53:00.000,10.6844
2025-06-28T00:54:00.000,10.7099
2025-06-28T00:55:00.000,10.7128
2025-06-28T00:56:00.000,10.7184
2025-06-28T00:57:00.000,10.7170
2025-06-28T00:58:00.000,10.7142
2025-06-28T00:59:00.000,10.7128
2025-06-28T01:00:00.000,10.7085
2025-06-28T01:01:00.000,10.7241
2025-06-28T01:02:00.000,10.7341
2025-06-28T01:03:00.000,10.7397
2025-06-28T01:04:00.000,10.7383
2025-06-28T01:05:00.000,10.7326
2025-06-28T01:06:00.000,10.7184
2025-06-28T01:07:00.000,10.7014
2025-06-28T01:08:00.000,10.6815
2025-06-28T01:09:00.000,10.6631
2025-06-28T01:10:00.000,10.6461
2025-06-28T01:11:00.000,10.6262
2025-06-28T01:12:00.000,10.6063
2025-06-28T01:13:00.000,10.5878
2025-06-28T01:14:00.000,10.5736
2025-06-28T01:15:00.000,10.5608
2025-06-28T01:16:00.000,10.5509
2025-06-28T01:17:00.000,10.5495
2025-06-28T01:18:00.000,10.5509
2025-06-28T01:19:00.000,10.5495
2025-06-28T01:20:00.000,10.5537
2025-06-28T01:21:00.000,10.5509
2025-06-28T01:22:00.000,10.5523
2025-06-28T01:23:00.000,10.5495
2025-06-28T01:24:00.000,10.5424
2025-06-28T01:25:00.000,10.5353
2025-06-28T01:26:00.000,10.5481
2025-06-28T01:27:00.000,10.5608
2025-06-28T01:28:00.000,10.5566
2025-06-28T01:29:00.000,10.5537
2025-06-28T01:30:00.000,10.5765
2025-06-28T01:31:00.000,10.5893
2025-06-28T01:32:00.000,10.5822
2025-06-28T01:33:00.000,10.5864
2025-06-28T01:34:00.000,10.5878
2025-06-28T01:35:00.000,10.5836
2025-06-28T01:36:00.000,10.5850
2025-06-28T01:37:00.000,10.5949
2025-06-28T01:38:00.000,10.6006
2025-06-28T01:39:00.000,10.6035
2025-06-28T01:40:00.000,10.6035
2025-06-28T01:41:00.000,10.6035
2025-06-28T01:42:00.000,10.6020
2025-06-28T01:43:00.000,10.5992
2025-06-28T01:44:00.000,10.5978
2025-06-28T01:45:00.000,10.5907
2025-06-28T01:46:00.000,10.5878
2025-06-28T01:47:00.000,10.5864
2025-06-28T01:48:00.000,10.5921
2025-06-28T01:49:00.000,10.5992
2025-06-28T01:50:00.000,10.6106
2025-06-28T01:51:00.000,10.6091
2025-06-28T01:52:00.000,10.6077
2025-06-28T01:53:00.000,10.6063
2025-06-28T01:54:00.000,10.6106
2025-06-28T01:55:00.000,10.6177
2025-06-28T01:56:00.000,10.6262
2025-06-28T01:57:00.000,10.6347
2025-06-28T01:58:00.000,10.6361
2025-06-28T01:59:00.000,10.6319
2025-06-28T02:00:00.000,10.6162
2025-06-28T02:01:00.000,10.6020
2025-06-28T02:02:00.000,10.5850
2025-06-28T02:03:00.000,10.5665
2025-06-28T02:04:00.000,10.5537
2025-06-28T02:05:00.000,10.5438
2025-06-28T02:06:00.000,10.5353
2025-06-28T02:07:00.000,10.5239
2025-06-28T02:08:00.000,10.5125
2025-06-28T02:09:00.000,10.5011
2025-06-28T02:10:00.000,10.4926
2025-06-28T02:11:00.000,10.4884
2025-06-28T02:12:00.000,10.4812
2025-06-28T02:13:00.000,10.4713
2025-06-28T02:14:00.000,10.4642
2025-06-28T02:15:00.000,10.4556
2025-06-28T02:16:00.000,10.4500
2025-06-28T02:17:00.000,10.4471
2025-06-28T02:18:00.000,10.4457
2025-06-28T02:19:00.000,10.4443
2025-06-28T02:20:00.000,10.4414
2025-06-28T02:21:00.000,10.4357
2025-06-28T02:22:00.000,10.4286
2025-06-28T02:23:00.000,10.4229
2025-06-28T02:24:00.000,10.4158
2025-06-28T02:25:00.000,10.4144
2025-06-28T02:26:00.000,10.4130
2025-06-28T02:27:00.000,10.4144
2025-06-28T02:28:00.000,10.4300
2025-06-28T02:29:00.000,10.4500
2025-06-28T02:30:00.000,10.4770
2025-06-28T02:31:00.000,10.5409
2025-06-28T02:32:00.000,10.5864
2025-06-28T02:33:00.000,10.6432
2025-06-28T02:34:00.000,10.6773
2025-06-28T02:35:00.000,10.7085
2025-06-28T02:36:00.000,10.7468
2025-06-28T02:37:00.000,10.7610
2025-06-28T02:38:00.000,10.7638
2025-06-28T02:39:00.000,10.7709
2025-06-28T02:40:00.000,10.7780
2025-06-28T02:41:00.000,10.7936
2025-06-28T02:42:00.000,10.8149
2025-06-28T02:43:00.000,10.8404
2025-06-28T02:44:00.000,10.8517
2025-06-28T02:45:00.000,10.8602
2025-06-28T02:46:00.000,10.8617
2025-06-28T02:47:00.000,10.8475
2025-06-28T02:48:00.000,10.8191
2025-06-28T02:49:00.000,10.7738
2025-06-28T02:50:00.000,10.7326
2025-06-28T02:51:00.000,10.6929
2025-06-28T02:52:00.000,10.6745
2025-06-28T02:53:00.000,10.6929
2025-06-28T02:54:00.000,10.7341
2025-06-28T02:55:00.000,10.7667
2025-06-28T02:56:00.000,10.7738
2025-06-28T02:57:00.000,10.7851
2025-06-28T02:58:00.000,10.8206
2025-06-28T02:59:00.000,10.8291
2025-06-28T03:00:00.000,10.8135
2025-06-28T03:01:00.000,10.7894
2025-06-28T03:02:00.000,10.7823
2025-06-28T03:03:00.000,10.7823
2025-06-28T03:04:00.000,10.7894
2025-06-28T03:05:00.000,10.8035
2025-06-28T03:06:00.000,10.8206
2025-06-28T03:07:00.000,10.8319
2025-06-28T03:08:00.000,10.8447
2025-06-28T03:09:00.000,10.8546
2025-06-28T03:10:00.000,10.8588
2025-06-28T03:11:00.000,10.8617
2025-06-28T03:12:00.000,10.8645
2025-06-28T03:13:00.000,10.8617
2025-06-28T03:14:00.000,10.8673
2025-06-28T03:15:00.000,10.8673
2025-06-28T03:16:00.000,10.8602
2025-06-28T03:17:00.000,10.8475
2025-06-28T03:18:00.000,10.8376
2025-06-28T03:19:00.000,10.8404
2025-06-28T03:20:00.000,10.8305
2025-06-28T03:21:00.000,10.8206
2025-06-28T03:22:00.000,10.8475
2025-06-28T03:23:00.000,10.8503
2025-06-28T03:24:00.000,10.8447
2025-06-28T03:25:00.000,10.8517
2025-06-28T03:26:00.000,10.8687
2025-06-28T03:27:00.000,10.9013
2025-06-28T03:28:00.000,10.9339
2025-06-28T03:29:00.000,10.9665
2025-06-28T03:30:00.000,10.9948
2025-06-28T03:31:00.000,11.0684
2025-06-28T03:32:00.000,11.1292
2025-06-28T03:33:00.000,11.1984
2025-06-28T03:34:00.000,11.2620
2025-06-28T03:35:00.000,11.3523
2025-06-28T03:36:00.000,11.4412
2025-06-28T03:37:00.000,11.5075
2025-06-28T03:38:00.000,11.5694
2025-06-28T03:39:00.000,11.6314
2025-06-28T03:40:00.000,11.7088
2025-06-28T03:41:00.000,11.7820
2025-06-28T03:42:00.000,11.8270
2025-06-28T03:43:00.000,11.8663
2025-06-28T03:44:00.000,11.8888
2025-06-28T03:45:00.000,11.8860
2025-06-28T03:46:00.000,11.8747
2025-06-28T03:47:00.000,11.8944
2025-06-28T03:48:00.000,11.9197
2025-06-28T03:49:00.000,11.9408
2025-06-28T03:50:00.000,11.9422
2025-06-28T03:51:00.000,11.9323
2025-06-28T03:52:00.000,11.9141
2025-06-28T03:53:00.000,11.8818
2025-06-28T03:54:00.000,11.8382
2025-06-28T03:55:00.000,11.7988
2025-06-28T03:56:00.000,11.7862
2025-06-28T03:57:00.000,11.7735
2025-06-28T03:58:00.000,11.7524
2025-06-28T03:59:00.000,11.7046
2025-06-28T04:00:00.000,11.6413
2025-06-28T04:01:00.000,11.5441
2025-06-28T04:02:00.000,11.4398
2025-06-28T04:03:00.000,11.3396
2025-06-28T04:04:00.000,11.2450
2025-06-28T04:05:00.000,11.1433
2025-06-28T04:06:00.000,11.0542
2025-06-28T04:07:00.000,10.9962
2025-06-28T04:08:00.000,10.9651
2025-06-28T04:09:00.000,10.9382
2025-06-28T04:10:00.000,10.9353
2025-06-28T04:11:00.000,10.9891
2025-06-28T04:12:00.000,11.0641
2025-06-28T04:13:00.000,11.1405
2025-06-28T04:14:00.000,11.2069
2025-06-28T04:15:00.000,11.2747
2025-06-28T04:16:00.000,11.3721
2025-06-28T04:17:00.000,11.4454
2025-06-28T04:18:00.000,11.4948
2025-06-28T04:19:00.000,11.5469
2025-06-28T04:20:00.000,11.5849
2025-06-28T04:21:00.000,11.6004
2025-06-28T04:22:00.000,11.6173
2025-06-28T04:23:00.000,11.6413
2025-06-28T04:24:00.000,11.6624
2025-06-28T04:25:00.000,11.6835
2025-06-28T04:26:00.000,11.7102
2025-06-28T04:27:00.000,11.7257
2025-06-28T04:28:00.000,11.7398
2025-06-28T04:29:00.000,11.7510
2025-06-28T04:30:00.000,11.7777
2025-06-28T04:31:00.000,11.8045
2025-06-28T04:32:00.000,11.8087
2025-06-28T04:33:00.000,11.8129
2025-06-28T04:34:00.000,11.8002
2025-06-28T04:35:00.000,11.8016
2025-06-28T04:36:00.000,11.8016
2025-06-28T04:37:00.000,11.7946
2025-06-28T04:38:00.000,11.7918
2025-06-28T04:39:00.000,11.7848
2025-06-28T04:40:00.000,11.7440
2025-06-28T04:41:00.000,11.6933
2025-06-28T04:42:00.000,11.6370
2025-06-28T04:43:00.000,11.5779
2025-06-28T04:44:00.000,11.5314
2025-06-28T04:45:00.000,11.4976
2025-06-28T04:46:00.000,11.4623
2025-06-28T04:47:00.000,11.4229
2025-06-28T04:48:00.000,11.4045
2025-06-28T04:49:00.000,11.3848
2025-06-28T04:50:00.000,11.3622
2025-06-28T04:51:00.000,11.3340
2025-06-28T04:52:00.000,11.3072
2025-06-28T04:53:00.000,11.2846
2025-06-28T04:54:00.000,11.2620
2025-06-28T04:55:00.000,11.2577
2025-06-28T04:56:00.000,11.2592
2025-06-28T04:57:00.000,11.2676
2025-06-28T04:58:00.000,11.2733
2025-06-28T04:59:00.000,11.2803
2025-06-28T05:00:00.000,11.2930
2025-06-28T05:01:00.000,11.3283
2025-06-28T05:02:00.000,11.3622
2025-06-28T05:03:00.000,11.3805
2025-06-28T05:04:00.000,11.4200
2025-06-28T05:05:00.000,11.4440
2025-06-28T05:06:00.000,11.4708
2025-06-28T05:07:00.000,11.5089
2025-06-28T05:08:00.000,11.5427
2025-06-28T05:09:00.000,11.5779
2025-06-28T05:10:00.000,11.6328
2025-06-28T05:11:00.000,11.6919
2025-06-28T05:12:00.000,11.7623
2025-06-28T05:13:00.000,11.8241
2025-06-28T05:14:00.000,11.8747
2025-06-28T05:15:00.000,11.8804
2025-06-28T05:16:00.000,11.8747
2025-06-28T05:17:00.000,11.8775
2025-06-28T05:18:00.000,11.8888
2025-06-28T05:19:00.000,11.8888
2025-06-28T05:20:00.000,11.8902
2025-06-28T05:21:00.000,11.9000
2025-06-28T05:22:00.000,11.9183
2025-06-28T05:23:00.000,11.9450
2025-06-28T05:24:00.000,11.9689
2025-06-28T05:25:00.000,11.9590
2025-06-28T05:26:00.000,11.9478
2025-06-28T05:27:00.000,11.9478
2025-06-28T05:28:00.000,11.9562
2025-06-28T05:29:00.000,11.9646
2025-06-28T05:30:00.000,11.9773
2025-06-28T05:31:00.000,11.9590
2025-06-28T05:32:00.000,11.9422
2025-06-28T05:33:00.000,11.9183
2025-06-28T05:34:00.000,11.9337
2025-06-28T05:35:00.000,11.9506
2025-06-28T05:36:00.000,11.9394
2025-06-28T05:37:00.000,11.9309
2025-06-28T05:38:00.000,11.9366
2025-06-28T05:39:00.000,11.9436
2025-06-28T05:40:00.000,11.9436
2025-06-28T05:41:00.000,11.9239
2025-06-28T05:42:00.000,11.9042
2025-06-28T05:43:00.000,11.8930
2025-06-28T05:44:00.000,11.8874
2025-06-28T05:45:00.000,11.8790
2025-06-28T05:46:00.000,11.8649
2025-06-28T05:47:00.000,11.8593
2025-06-28T05:48:00.000,11.8410
2025-06-28T05:49:00.000,11.8171
2025-06-28T05:50:00.000,11.7988
2025-06-28T05:51:00.000,11.7918
2025-06-28T05:52:00.000,11.7791
2025-06-28T05:53:00.000,11.7693
2025-06-28T05:54:00.000,11.7482
2025-06-28T05:55:00.000,11.7201
2025-06-28T05:56:00.000,11.6863
2025-06-28T05:57:00.000,11.6469
2025-06-28T05:58:00.000,11.6131
2025-06-28T05:59:00.000,11.5863
2025-06-28T06:00:00.000,11.5821
2025-06-28T06:01:00.000,11.5976
2025-06-28T06:02:00.000,11.6300
2025-06-28T06:03:00.000,11.6722
2025-06-28T06:04:00.000,11.7201
2025-06-28T06:05:00.000,11.7707
2025-06-28T06:06:00.000,11.8115
2025-06-28T06:07:00.000,11.8466
2025-06-28T06:08:00.000,11.8607
2025-06-28T06:09:00.000,11.8551
2025-06-28T06:10:00.000,11.8691
2025-06-28T06:11:00.000,11.8480
2025-06-28T06:12:00.000,11.8298
2025-06-28T06:13:00.000,11.8255
2025-06-28T06:14:00.000,11.8368
2025-06-28T06:15:00.000,11.8607
2025-06-28T06:16:00.000,11.8860
2025-06-28T06:17:00.000,11.9085
2025-06-28T06:18:00.000,11.9323
2025-06-28T06:19:00.000,11.9562
2025-06-28T06:20:00.000,11.9703
2025-06-28T06:21:00.000,12.0040
2025-06-28T06:22:00.000,12.0447
2025-06-28T06:23:00.000,12.0825
2025-06-28T06:24:00.000,12.1190
2025-06-28T06:25:00.000,12.1204
2025-06-28T06:26:00.000,12.1120
2025-06-28T06:27:00.000,12.1078
2025-06-28T06:28:00.000,12.1064
2025-06-28T06:29:00.000,12.1134
2025-06-28T06:30:00.000,12.1316
2025-06-28T06:31:00.000,12.1513
2025-06-28T06:32:00.000,12.1723
2025-06-28T06:33:00.000,12.1919
2025-06-28T06:34:00.000,12.2045
2025-06-28T06:35:00.000,12.2017
2025-06-28T06:36:00.000,12.1863
2025-06-28T06:37:00.000,12.1779
2025-06-28T06:38:00.000,12.1737
2025-06-28T06:39:00.000,12.1695
2025-06-28T06:40:00.000,12.1611
2025-06-28T06:41:00.000,12.1513
2025-06-28T06:42:00.000,12.1415
2025-06-28T06:43:00.000,12.1401
2025-06-28T06:44:00.000,12.1555
2025-06-28T06:45:00.000,12.1681
2025-06-28T06:46:00.000,12.1919
2025-06-28T06:47:00.000,12.2256
2025-06-28T06:48:00.000,12.2550
2025-06-28T06:49:00.000,12.2760
2025-06-28T06:50:00.000,12.2802
2025-06-28T06:51:00.000,12.2942
2025-06-28T06:52:00.000,12.3222
2025-06-28T06:53:00.000,12.3474
2025-06-28T06:54:00.000,12.3824
2025-06-28T06:55:00.000,12.4328
2025-06-28T06:56:00.000,12.4818
2025-06-28T06:57:00.000,12.5098
2025-06-28T06:58:00.000,12.5336
2025-06-28T06:59:00.000,12.5657
2025-06-28T07:00:00.000,12.6063
2025-06-28T07:01:00.000,12.6468
2025-06-28T07:02:00.000,12.6705
2025-06-28T07:03:00.000,12.6873
2025-06-28T07:04:00.000,12.6971
2025-06-28T07:05:00.000,12.6999
2025-06-28T07:06:00.000,12.6971
2025-06-28T07:07:00.000,12.6817
2025-06-28T07:08:00.000,12.6705
2025-06-28T07:09:00.000,12.6705
2025-06-28T07:10:00.000,12.6608
2025-06-28T07:11:00.000,12.6426
2025-06-28T07:12:00.000,12.6272
2025-06-28T07:13:00.000,12.6090
2025-06-28T07:14:00.000,12.5923
2025-06-28T07:15:00.000,12.6007
2025-06-28T07:16:00.000,12.6104
2025-06-28T07:17:00.000,12.6132
2025-06-28T07:18:00.000,12.6258
2025-06-28T07:19:00.000,12.6328
2025-06-28T07:20:00.000,12.6468
2025-06-28T07:21:00.000,12.6580
2025-06-28T07:22:00.000,12.6719
2025-06-28T07:23:00.000,12.6845
2025-06-28T07:24:00.000,12.6957
2025-06-28T07:25:00.000,12.7082
2025-06-28T07:26:00.000,12.7264
2025-06-28T07:27:00.000,12.7432
2025-06-28T07:28:00.000,12.7473
2025-06-28T07:29:00.000,12.7446
2025-06-28T07:30:00.000,12.7362
2025-06-28T07:31:00.000,12.7543
2025-06-28T07:32:00.000,12.7823
2025-06-28T07:33:00.000,12.8074
2025-06-28T07:34:00.000,12.8339
2025-06-28T07:35:00.000,12.8520
2025-06-28T07:36:00.000,12.8772
2025-06-28T07:37:00.000,12.9023
2025-06-28T07:38:00.000,12.9162
2025-06-28T07:39:00.000,12.9329
2025-06-28T07:40:00.000,12.9441
2025-06-28T07:41:00.000,12.9594
2025-06-28T07:42:00.000,12.9831
2025-06-28T07:43:00.000,13.0138
2025-06-28T07:44:00.000,13.0194
2025-06-28T07:45:00.000,13.0208
2025-06-28T07:46:00.000,13.0278
2025-06-28T07:47:00.000,13.0333
2025-06-28T07:48:00.000,13.0347
2025-06-28T07:49:00.000,13.0389
2025-06-28T07:50:00.000,13.0459
2025-06-28T07:51:00.000,13.0459
2025-06-28T07:52:00.000,13.0877
2025-06-28T07:53:00.000,13.1350
2025-06-28T07:54:00.000,13.1671
2025-06-28T07:55:00.000,13.1824
2025-06-28T07:56:00.000,13.2019
2025-06-28T07:57:00.000,13.2172
2025-06-28T07:58:00.000,13.2311
2025-06-28T07:59:00.000,13.2339
2025-06-28T08:00:00.000,13.2353
2025-06-28T08:01:00.000,13.2603
2025-06-28T08:02:00.000,13.2812
2025-06-28T08:03:00.000,13.2951
2025-06-28T08:04:00.000,13.3118
2025-06-28T08:05:00.000,13.3202
2025-06-28T08:06:00.000,13.3188
2025-06-28T08:07:00.000,13.3063
2025-06-28T08:08:00.000,13.2979
2025-06-28T08:09:00.000,13.3090
2025-06-28T08:10:00.000,13.3132
2025-06-28T08:11:00.000,13.3216
2025-06-28T08:12:00.000,13.3271
2025-06-28T08:13:00.000,13.3216
2025-06-28T08:14:00.000,13.3243
2025-06-28T08:15:00.000,13.3452
2025-06-28T08:16:00.000,13.3744
2025-06-28T08:17:00.000,13.3925
2025-06-28T08:18:00.000,13.4175
2025-06-28T08:19:00.000,13.4537
2025-06-28T08:20:00.000,13.4842
2025-06-28T08:21:00.000,13.5079
2025-06-28T08:22:00.000,13.5301
2025-06-28T08:23:00.000,13.5426
2025-06-28T08:24:00.000,13.5482
2025-06-28T08:25:00.000,13.5523
2025-06-28T08:26:00.000,13.5593
2025-06-28T08:27:00.000,13.5648
2025-06-28T08:28:00.000,13.5593
2025-06-28T08:29:00.000,13.5482
2025-06-28T08:30:00.000,13.5245
2025-06-28T08:31:00.000,13.5120
2025-06-28T08:32:00.000,13.5037
2025-06-28T08:33:00.000,13.4954
2025-06-28T08:34:00.000,13.4884
2025-06-28T08:35:00.000,13.4842
2025-06-28T08:36:00.000,13.4787
2025-06-28T08:37:00.000,13.4634
2025-06-28T08:38:00.000,13.4592
2025-06-28T08:39:00.000,13.4578
2025-06-28T08:40:00.000,13.4662
2025-06-28T08:41:00.000,13.4717
2025-06-28T08:42:00.000,13.4884
2025-06-28T08:43:00.000,13.5079
2025-06-28T08:44:00.000,13.5218
2025-06-28T08:45:00.000,13.5384
2025-06-28T08:46:00.000,13.5593
2025-06-28T08:47:00.000,13.5912
2025-06-28T08:48:00.000,13.6121
2025-06-28T08:49:00.000,13.6329
2025-06-28T08:50:00.000,13.6593
2025-06-28T08:51:00.000,13.6967
2025-06-28T08:52:00.000,13.7384
2025-06-28T08:53:00.000,13.7897
2025-06-28T08:54:00.000,13.8424
2025-06-28T08:55:00.000,13.8799
2025-06-28T08:56:00.000,13.9076
2025-06-28T08:57:00.000,13.9242
2025-06-28T08:58:00.000,13.9450
2025-06-28T08:59:00.000,13.9644
2025-06-28T09:00:00.000,13.9935
2025-06-28T09:01:00.000,14.0476
2025-06-28T09:02:00.000,14.1210
2025-06-28T09:03:00.000,14.3369
2025-06-28T09:04:00.000,14.8550
2025-06-28T09:05:00.000,15.4903
2025-06-28T09:06:00.000,16.0801
2025-06-28T09:07:00.000,16.4658
2025-06-28T09:08:00.000,16.6715
2025-06-28T09:09:00.000,16.9292
2025-06-28T09:10:00.000,17.3415
2025-06-28T09:11:00.000,17.8109
2025-06-28T09:12:00.000,18.2376
2025-06-28T09:13:00.000,18.5371
2025-06-28T09:14:00.000,18.6136
2025-06-28T09:15:00.000,18.4550
2025-06-28T09:16:00.000,18.1761
2025-06-28T09:17:00.000,17.9148
2025-06-28T09:18:00.000,17.6563
2025-06-28T09:19:00.000,17.3592
2025-06-28T09:20:00.000,17.0333
2025-06-28T09:21:00.000,16.6852
2025-06-28T09:22:00.000,16.4232
2025-06-28T09:23:00.000,16.4863
2025-06-28T09:24:00.000,16.8565
2025-06-28T09:25:00.000,17.3387
2025-06-28T09:26:00.000,17.8410
2025-06-28T09:27:00.000,18.3019
2025-06-28T09:28:00.000,18.7066
2025-06-28T09:29:00.000,19.0360
2025-06-28T09:30:00.000,19.3340
2025-06-28T09:31:00.000,19.5596
2025-06-28T09:32:00.000,19.7387
2025-06-28T09:33:00.000,19.8932
2025-06-28T09:34:00.000,20.0012
2025-06-28T09:35:00.000,20.0258
2025-06-28T09:36:00.000,19.9465
2025-06-28T09:37:00.000,19.8781
2025-06-28T09:38:00.000,19.8563
2025-06-28T09:39:00.000,19.8508
2025-06-28T09:40:00.000,19.9000
2025-06-28T09:41:00.000,19.9766
2025-06-28T09:42:00.000,20.1065
2025-06-28T09:43:00.000,20.2693
2025-06-28T09:44:00.000,20.3500
2025-06-28T09:45:00.000,20.3965
2025-06-28T09:46:00.000,20.4458
2025-06-28T09:47:00.000,20.5498
2025-06-28T09:48:00.000,20.6743
2025-06-28T09:49:00.000,20.7838
2025-06-28T09:50:00.000,20.9440
2025-06-28T09:51:00.000,21.0988
2025-06-28T09:52:00.000,21.1864
2025-06-28T09:53:00.000,21.2974
2025-06-28T09:54:00.000,21.4866
2025-06-28T09:55:00.000,21.7321
2025-06-28T09:56:00.000,21.9942
2025-06-28T09:57:00.000,22.2702
2025-06-28T09:58:00.000,22.5397
2025-06-28T09:59:00.000,22.8617
2025-06-28T10:00:00.000,23.1441
2025-06-28T10:01:00.000,23.3744
2025-06-28T10:02:00.000,23.4931
2025-06-28T10:03:00.000,23.5704
2025-06-28T10:04:00.000,23.6340
2025-06-28T10:05:00.000,23.7528
2025-06-28T10:06:00.000,23.8883
2025-06-28T10:07:00.000,24.0349
2025-06-28T10:08:00.000,23.9519
2025-06-28T10:09:00.000,23.3206
2025-06-28T10:10:00.000,22.5287
2025-06-28T10:11:00.000,21.7485
2025-06-28T10:12:00.000,21.2317
2025-06-28T10:13:00.000,21.3605
2025-06-28T10:14:00.000,21.7087
2025-06-28T10:15:00.000,22.0779
2025-06-28T10:16:00.000,22.3513
2025-06-28T10:17:00.000,22.5617
2025-06-28T10:18:00.000,22.6979
2025-06-28T10:19:00.000,22.8011
2025-06-28T10:20:00.000,22.8768
2025-06-28T10:21:00.000,22.8933
2025-06-28T10:22:00.000,22.8823
2025-06-28T10:23:00.000,22.8507
2025-06-28T10:24:00.000,22.8878
2025-06-28T10:25:00.000,22.8658
2025-06-28T10:26:00.000,22.6029
2025-06-28T10:27:00.000,21.8432
2025-06-28T10:28:00.000,21.0002
2025-06-28T10:29:00.000,20.2200
2025-06-28T10:30:00.000,20.0122
2025-06-28T10:31:00.000,20.2501
2025-06-28T10:32:00.000,20.1120
2025-06-28T10:33:00.000,19.6826
2025-06-28T10:34:00.000,19.2657
2025-06-28T10:35:00.000,19.3532
2025-06-28T10:36:00.000,19.4557
2025-06-28T10:37:00.000,19.8358
2025-06-28T10:38:00.000,20.2898
2025-06-28T10:39:00.000,20.7250
2025-06-28T10:40:00.000,21.1015
2025-06-28T10:41:00.000,21.4290
2025-06-28T10:42:00.000,21.6950
2025-06-28T10:43:00.000,21.9036
2025-06-28T10:44:00.000,22.0738
2025-06-28T10:45:00.000,21.9516
2025-06-28T10:46:00.000,21.6635
2025-06-28T10:47:00.000,21.6566
2025-06-28T10:48:00.000,21.4578
2025-06-28T10:49:00.000,20.9303
2025-06-28T10:50:00.000,20.6743
2025-06-28T10:51:00.000,20.3801
2025-06-28T10:52:00.000,20.1476
2025-06-28T10:53:00.000,19.8563
2025-06-28T10:54:00.000,19.5322
2025-06-28T10:55:00.000,19.6744
2025-06-28T10:56:00.000,19.8508
2025-06-28T10:57:00.000,19.6840
2025-06-28T10:58:00.000,19.3682
2025-06-28T10:59:00.000,19.0401
2025-06-28T11:00:00.000,18.7353
2025-06-28T11:01:00.000,18.9991
2025-06-28T11:02:00.000,19.6772
2025-06-28T11:03:00.000,20.4184
2025-06-28T11:04:00.000,21.1796
2025-06-28T11:05:00.000,21.6813
2025-06-28T11:06:00.000,21.6553
2025-06-28T11:07:00.000,21.3961
2025-06-28T11:08:00.000,20.9974
2025-06-28T11:09:00.000,20.5292
2025-06-28T11:10:00.000,20.3172
2025-06-28T11:11:00.000,20.5662
2025-06-28T11:12:00.000,20.9426
2025-06-28T11:13:00.000,21.4523
2025-06-28T11:14:00.000,22.0683
2025-06-28T11:15:00.000,22.6580
2025-06-28T11:16:00.000,23.1069
2025-06-28T11:17:00.000,23.3937
2025-06-28T11:18:00.000,23.7210
2025-06-28T11:19:00.000,24.0142
2025-06-28T11:20:00.000,24.2343
2025-06-28T11:21:00.000,24.3258
2025-06-28T11:22:00.000,24.4478
2025-06-28T11:23:00.000,24.5629
2025-06-28T11:24:00.000,24.6171
2025-06-28T11:25:00.000,24.5865
2025-06-28T11:26:00.000,24.4561
2025-06-28T11:27:00.000,24.4311
2025-06-28T11:28:00.000,24.4880
2025-06-28T11:29:00.000,24.4908
2025-06-28T11:30:00.000,24.4838
2025-06-28T11:31:00.000,24.5199
2025-06-28T11:32:00.000,24.6185
2025-06-28T11:33:00.000,24.7240
2025-06-28T11:34:00.000,24.8379
2025-06-28T11:35:00.000,24.8352
2025-06-28T11:36:00.000,24.7935
2025-06-28T11:37:00.000,24.8101
2025-06-28T11:38:00.000,24.7810
2025-06-28T11:39:00.000,24.9380
2025-06-28T11:40:00.000,25.1830
2025-06-28T11:41:00.000,25.3976
2025-06-28T11:42:00.000,25.5720
2025-06-28T11:43:00.000,25.7159
2025-06-28T11:44:00.000,25.7788
2025-06-28T11:45:00.000,25.8473
2025-06-28T11:46:00.000,25.7984
2025-06-28T11:47:00.000,25.7271
2025-06-28T11:48:00.000,25.7844
2025-06-28T11:49:00.000,25.7802
2025-06-28T11:50:00.000,25.7131
2025-06-28T11:51:00.000,25.6335
2025-06-28T11:52:00.000,25.5050
2025-06-28T11:53:00.000,25.5315
2025-06-28T11:54:00.000,25.6726
2025-06-28T11:55:00.000,25.6977
2025-06-28T11:56:00.000,25.6516
2025-06-28T11:57:00.000,25.7215
2025-06-28T11:58:00.000,25.8795
2025-06-28T11:59:00.000,25.9089
2025-06-28T12:00:00.000,25.8809
2025-06-28T12:01:00.000,25.8613
2025-06-28T12:02:00.000,25.7914
2025-06-28T12:03:00.000,25.7103
2025-06-28T12:04:00.000,25.5888
2025-06-28T12:05:00.000,25.5064
2025-06-28T12:06:00.000,25.4408
2025-06-28T12:07:00.000,25.3349
2025-06-28T12:08:00.000,25.2011
2025-06-28T12:09:00.000,25.1496
2025-06-28T12:10:00.000,25.1273
2025-06-28T12:11:00.000,25.1899
2025-06-28T12:12:00.000,25.2903
2025-06-28T12:13:00.000,25.4046
2025-06-28T12:14:00.000,25.4925
2025-06-28T12:15:00.000,25.6433
2025-06-28T12:16:00.000,25.7942
2025-06-28T12:17:00.000,25.8767
2025-06-28T12:18:00.000,25.9299
2025-06-28T12:19:00.000,25.8501
2025-06-28T12:20:00.000,25.7425
2025-06-28T12:21:00.000,25.7131
2025-06-28T12:22:00.000,25.7760
2025-06-28T12:23:00.000,25.8683
2025-06-28T12:24:00.000,25.9215
2025-06-28T12:25:00.000,25.9551
2025-06-28T12:26:00.000,25.9341
2025-06-28T12:27:00.000,25.8781
2025-06-28T12:28:00.000,25.8669
2025-06-28T12:29:00.000,25.8879
2025-06-28T12:30:00.000,25.6251
2025-06-28T12:31:00.000,25.2094
2025-06-28T12:32:00.000,25.1941
2025-06-28T12:33:00.000,25.3251
2025-06-28T12:34:00.000,25.4897
2025-06-28T12:35:00.000,25.7439
2025-06-28T12:36:00.000,26.1441
2025-06-28T12:37:00.000,26.6411
2025-06-28T12:38:00.000,27.1597
2025-06-28T12:39:00.000,27.5416
2025-06-28T12:40:00.000,27.5742
2025-06-28T12:41:00.000,27.6904
2025-06-28T12:42:00.000,27.7046
2025-06-28T12:43:00.000,27.6805
2025-06-28T12:44:00.000,27.7443
2025-06-28T12:45:00.000,27.9090
2025-06-28T12:46:00.000,28.1053
2025-06-28T12:47:00.000,28.3460
2025-06-28T12:48:00.000,28.5530
2025-06-28T12:49:00.000,28.4045
2025-06-28T12:50:00.000,28.3047
2025-06-28T12:51:00.000,28.3589
2025-06-28T12:52:00.000,28.3831
2025-06-28T12:53:00.000,28.4545
2025-06-28T12:54:00.000,28.4573
2025-06-28T12:55:00.000,28.4217
2025-06-28T12:56:00.000,28.6245
2025-06-28T12:57:00.000,28.9281
2025-06-28T12:58:00.000,29.3116
2025-06-28T12:59:00.000,29.7111
2025-06-28T13:00:00.000,29.8977
2025-06-28T13:01:00.000,29.9469
2025-06-28T13:02:00.000,29.6663
2025-06-28T13:03:00.000,29.2138
2025-06-28T13:04:00.000,28.7676
2025-06-28T13:05:00.000,28.3731
2025-06-28T13:06:00.000,28.2491
2025-06-28T13:07:00.000,28.1978
2025-06-28T13:08:00.000,28.0583
2025-06-28T13:09:00.000,27.9687
2025-06-28T13:10:00.000,27.8863
2025-06-28T13:11:00.000,27.8053
2025-06-28T13:12:00.000,27.8210
2025-06-28T13:13:00.000,27.8735
2025-06-28T13:14:00.000,27.7443
2025-06-28T13:15:00.000,27.6337
2025-06-28T13:16:00.000,27.4114
2025-06-28T13:17:00.000,27.3279
2025-06-28T13:18:00.000,27.3760
2025-06-28T13:19:00.000,27.4722
2025-06-28T13:20:00.000,27.4722
2025-06-28T13:21:00.000,27.4071
2025-06-28T13:22:00.000,27.4354
2025-06-28T13:23:00.000,27.4538
2025-06-28T13:24:00.000,27.4835
2025-06-28T13:25:00.000,27.6635
2025-06-28T13:26:00.000,27.8323
2025-06-28T13:27:00.000,27.8252
2025-06-28T13:28:00.000,27.8039
2025-06-28T13:29:00.000,28.0597
2025-06-28T13:30:00.000,28.6445
2025-06-28T13:31:00.000,29.1865
2025-06-28T13:32:00.000,29.7356
2025-06-28T13:33:00.000,30.0614
2025-06-28T13:34:00.000,30.5106
2025-06-28T13:35:00.000,30.7659
2025-06-28T13:36:00.000,30.8083
2025-06-28T13:37:00.000,30.9502
2025-06-28T13:38:00.000,31.1378
2025-06-28T13:39:00.000,31.5865
2025-06-28T13:40:00.000,32.0524
2025-06-28T13:41:00.000,32.4255
2025-06-28T13:42:00.000,32.3005
2025-06-28T13:43:00.000,32.0020
2025-06-28T13:44:00.000,31.7785
2025-06-28T13:45:00.000,31.5040
2025-06-28T13:46:00.000,31.4745
2025-06-28T13:47:00.000,31.4907
2025-06-28T13:48:00.000,31.4804
2025-06-28T13:49:00.000,31.6780
2025-06-28T13:50:00.000,31.4303
2025-06-28T13:51:00.000,30.8829
2025-06-28T13:52:00.000,30.3853
2025-06-28T13:53:00.000,30.2545
2025-06-28T13:54:00.000,30.2763
2025-06-28T13:55:00.000,30.6958
2025-06-28T13:56:00.000,31.1613
2025-06-28T13:57:00.000,31.2671
2025-06-28T13:58:00.000,31.4141
2025-06-28T13:59:00.000,31.0880
2025-06-28T14:00:00.000,30.5893
2025-06-28T14:01:00.000,30.0570
2025-06-28T14:02:00.000,29.4802
2025-06-28T14:03:00.000,29.0859
2025-06-28T14:04:00.000,28.9826
2025-06-28T14:05:00.000,28.8507
2025-06-28T14:06:00.000,28.7747
2025-06-28T14:07:00.000,28.7461
2025-06-28T14:08:00.000,28.5087
2025-06-28T14:09:00.000,28.2263
2025-06-28T14:10:00.000,27.9545
2025-06-28T14:11:00.000,27.8423
2025-06-28T14:12:00.000,27.9971
2025-06-28T14:13:00.000,28.0256
2025-06-28T14:14:00.000,28.2234
2025-06-28T14:15:00.000,28.6574
2025-06-28T14:16:00.000,28.8077
2025-06-28T14:17:00.000,28.9711
2025-06-28T14:18:00.000,29.1247
2025-06-28T14:19:00.000,29.6417
2025-06-28T14:20:00.000,30.1252
2025-06-28T14:21:00.000,30.7309
2025-06-28T14:22:00.000,31.3362
2025-06-28T14:23:00.000,31.6190
2025-06-28T14:24:00.000,32.0079
2025-06-28T14:25:00.000,32.4419
2025-06-28T14:26:00.000,32.9742
2025-06-28T14:27:00.000,33.3306
2025-06-28T14:28:00.000,33.5026
2025-06-28T14:29:00.000,33.3427
2025-06-28T14:30:00.000,33.0868
2025-06-28T14:31:00.000,32.6045
2025-06-28T14:32:00.000,32.2692
2025-06-28T14:33:00.000,32.0480
2025-06-28T14:34:00.000,31.8865
2025-06-28T14:35:00.000,31.7356
2025-06-28T14:36:00.000,31.7740
2025-06-28T14:37:00.000,31.8894
2025-06-28T14:38:00.000,31.6160
2025-06-28T14:39:00.000,31.7046
2025-06-28T14:40:00.000,31.9042
2025-06-28T14:41:00.000,31.9161
2025-06-28T14:42:00.000,31.7859
2025-06-28T14:43:00.000,31.5290
2025-06-28T14:44:00.000,31.2612
2025-06-28T14:45:00.000,31.1745
2025-06-28T14:46:00.000,30.9561
2025-06-28T14:47:00.000,30.8244
2025-06-28T14:48:00.000,31.1775
2025-06-28T14:49:00.000,31.1863
2025-06-28T14:50:00.000,30.6958
2025-06-28T14:51:00.000,30.0643
2025-06-28T14:52:00.000,29.4369
2025-06-28T14:53:00.000,28.9424
2025-06-28T14:54:00.000,28.5316
2025-06-28T14:55:00.000,28.2135
2025-06-28T14:56:00.000,28.1053
2025-06-28T14:57:00.000,28.0882
2025-06-28T14:58:00.000,28.0071
2025-06-28T14:59:00.000,27.8707
2025-06-28T15:00:00.000,27.8124
2025-06-28T15:01:00.000,27.8139
2025-06-28T15:02:00.000,27.7500
2025-06-28T15:03:00.000,27.6493
2025-06-28T15:04:00.000,27.5529
2025-06-28T15:05:00.000,27.4481
2025-06-28T15:06:00.000,27.4198
2025-06-28T15:07:00.000,27.6266
2025-06-28T15:08:00.000,27.8224
2025-06-28T15:09:00.000,27.8607
2025-06-28T15:10:00.000,27.9602
2025-06-28T15:11:00.000,28.1195
2025-06-28T15:12:00.000,28.4588
2025-06-28T15:13:00.000,28.8937
2025-06-28T15:14:00.000,28.9023
2025-06-28T15:15:00.000,28.8994
2025-06-28T15:16:00.000,28.9826
2025-06-28T15:17:00.000,29.1980
2025-06-28T15:18:00.000,29.4859
2025-06-28T15:19:00.000,29.8948
2025-06-28T15:20:00.000,30.2777
2025-06-28T15:21:00.000,30.4086
2025-06-28T15:22:00.000,30.5776
2025-06-28T15:23:00.000,30.6958
2025-06-28T15:24:00.000,30.6579
2025-06-28T15:25:00.000,30.6681
2025-06-28T15:26:00.000,30.2777
2025-06-28T15:27:00.000,29.7443
2025-06-28T15:28:00.000,29.1692
2025-06-28T15:29:00.000,28.6703
2025-06-28T15:30:00.000,28.2633
2025-06-28T15:31:00.000,27.9474
2025-06-28T15:32:00.000,27.7840
2025-06-28T15:33:00.000,27.6351
2025-06-28T15:34:00.000,27.7386
2025-06-28T15:35:00.000,27.8323
2025-06-28T15:36:00.000,27.9232
2025-06-28T15:37:00.000,28.1366
2025-06-28T15:38:00.000,28.3033
2025-06-28T15:39:00.000,28.5002
2025-06-28T15:40:00.000,28.7189
2025-06-28T15:41:00.000,28.9754
2025-06-28T15:42:00.000,29.0687
2025-06-28T15:43:00.000,29.0299
2025-06-28T15:44:00.000,28.8263
2025-06-28T15:45:00.000,28.6359
2025-06-28T15:46:00.000,28.4659
2025-06-28T15:47:00.000,28.3860
2025-06-28T15:48:00.000,28.2819
2025-06-28T15:49:00.000,28.3161
2025-06-28T15:50:00.000,28.4202
2025-06-28T15:51:00.000,28.4416
2025-06-28T15:52:00.000,28.4616
2025-06-28T15:53:00.000,28.3546
2025-06-28T15:54:00.000,28.2676
2025-06-28T15:55:00.000,28.0754
2025-06-28T15:56:00.000,27.9573
2025-06-28T15:57:00.000,27.9133
2025-06-28T15:58:00.000,28.1195
2025-06-28T15:59:00.000,28.2049
2025-06-28T16:00:00.000,28.3303
2025-06-28T16:01:00.000,28.3189
2025-06-28T16:02:00.000,28.4502
2025-06-28T16:03:00.000,28.3517
2025-06-28T16:04:00.000,28.3246
2025-06-28T16:05:00.000,28.3560
2025-06-28T16:06:00.000,28.5459
2025-06-28T16:07:00.000,28.6831
2025-06-28T16:08:00.000,28.7375
2025-06-28T16:09:00.000,28.6359
2025-06-28T16:10:00.000,28.7819
2025-06-28T16:11:00.000,28.8148
2025-06-28T16:12:00.000,28.9094
2025-06-28T16:13:00.000,29.0601
2025-06-28T16:14:00.000,29.3361
2025-06-28T16:15:00.000,29.3807
2025-06-28T16:16:00.000,29.3016
2025-06-28T16:17:00.000,29.2181
2025-06-28T16:18:00.000,29.2196
2025-06-28T16:19:00.000,29.2972
2025-06-28T16:20:00.000,29.2210
2025-06-28T16:21:00.000,29.1233
2025-06-28T16:22:00.000,29.2598
2025-06-28T16:23:00.000,29.4268
2025-06-28T16:24:00.000,29.6071
2025-06-28T16:25:00.000,29.7414
2025-06-28T16:26:00.000,29.7067
2025-06-28T16:27:00.000,29.5306
2025-06-28T16:28:00.000,29.1261
2025-06-28T16:29:00.000,28.8177
2025-06-28T16:30:00.000,28.5716
2025-06-28T16:31:00.000,28.4659
2025-06-28T16:32:00.000,28.4302
2025-06-28T16:33:00.000,28.2021
2025-06-28T16:34:00.000,27.9417
2025-06-28T16:35:00.000,27.7159
2025-06-28T16:36:00.000,27.3873
2025-06-28T16:37:00.000,27.0609
2025-06-28T16:38:00.000,26.7875
2025-06-28T16:39:00.000,26.5961
2025-06-28T16:40:00.000,26.4697
2025-06-28T16:41:00.000,26.3405
2025-06-28T16:42:00.000,26.1385
2025-06-28T16:43:00.000,26.1217
2025-06-28T16:44:00.000,26.0699
2025-06-28T16:45:00.000,25.9593
2025-06-28T16:46:00.000,25.8431
2025-06-28T16:47:00.000,25.7033
2025-06-28T16:48:00.000,25.6209
2025-06-28T16:49:00.000,25.5567
2025-06-28T16:50:00.000,25.5441
2025-06-28T16:51:00.000,25.8138
2025-06-28T16:52:00.000,26.0545
2025-06-28T16:53:00.000,26.2591
2025-06-28T16:54:00.000,26.2745
2025-06-28T16:55:00.000,26.1708
2025-06-28T16:56:00.000,26.1652
2025-06-28T16:57:00.000,26.0293
2025-06-28T16:58:00.000,26.0377
2025-06-28T16:59:00.000,26.0517
2025-06-28T17:00:00.000,26.1778
2025-06-28T17:01:00.000,26.4008
2025-06-28T17:02:00.000,26.5048
2025-06-28T17:03:00.000,26.3363
2025-06-28T17:04:00.000,26.1343
2025-06-28T17:05:00.000,25.9747
2025-06-28T17:06:00.000,25.8068
2025-06-28T17:07:00.000,25.6977
2025-06-28T17:08:00.000,25.7648
2025-06-28T17:09:00.000,25.8571
2025-06-28T17:10:00.000,25.7872
2025-06-28T17:11:00.000,25.7536
2025-06-28T17:12:00.000,25.7872
2025-06-28T17:13:00.000,25.8249
2025-06-28T17:14:00.000,25.7131
2025-06-28T17:15:00.000,25.5678
2025-06-28T17:16:00.000,25.3544
2025-06-28T17:17:00.000,25.1746
2025-06-28T17:18:00.000,25.0883
2025-06-28T17:19:00.000,24.9923
2025-06-28T17:20:00.000,24.9798
2025-06-28T17:21:00.000,24.9088
2025-06-28T17:22:00.000,24.7393
2025-06-28T17:23:00.000,24.5879
2025-06-28T17:24:00.000,24.4797
2025-06-28T17:25:00.000,24.4492
2025-06-28T17:26:00.000,24.3951
2025-06-28T17:27:00.000,24.2523
2025-06-28T17:28:00.000,24.1249
2025-06-28T17:29:00.000,24.0335
2025-06-28T17:30:00.000,24.0377
2025-06-28T17:31:00.000,24.0072
2025-06-28T17:32:00.000,23.8855
2025-06-28T17:33:00.000,23.4199
2025-06-28T17:34:00.000,22.5190
2025-06-28T17:35:00.000,21.4263
2025-06-28T17:36:00.000,20.3993
2025-06-28T17:37:00.000,19.5568
2025-06-28T17:38:00.000,18.9950
2025-06-28T17:39:00.000,18.6150
2025-06-28T17:40:00.000,18.3306
2025-06-28T17:41:00.000,18.1159
2025-06-28T17:42:00.000,17.9258
2025-06-28T17:43:00.000,17.7370
2025-06-28T17:44:00.000,17.7001
2025-06-28T17:45:00.000,17.7616
2025-06-28T17:46:00.000,17.8027
2025-06-28T17:47:00.000,17.8273
2025-06-28T17:48:00.000,17.7986
2025-06-28T17:49:00.000,17.6604
2025-06-28T17:50:00.000,17.7698
2025-06-28T17:51:00.000,17.8834
2025-06-28T17:52:00.000,17.6959
2025-06-28T17:53:00.000,17.3921
2025-06-28T17:54:00.000,17.0881
2025-06-28T17:55:00.000,16.8675
2025-06-28T17:56:00.000,16.7633
2025-06-28T17:57:00.000,16.6413
2025-06-28T17:58:00.000,16.6276
2025-06-28T17:59:00.000,16.6989
2025-06-28T18:00:00.000,16.7400
2025-06-28T18:01:00.000,16.7702
2025-06-28T18:02:00.000,16.8045
2025-06-28T18:03:00.000,16.7661
2025-06-28T18:04:00.000,16.7400
2025-06-28T18:05:00.000,16.6934
2025-06-28T18:06:00.000,16.5947
2025-06-28T18:07:00.000,16.4946
2025-06-28T18:08:00.000,16.3766
2025-06-28T18:09:00.000,16.1830
2025-06-28T18:10:00.000,15.8808
2025-06-28T18:11:00.000,15.6279
2025-06-28T18:12:00.000,15.3636
2025-06-28T18:13:00.000,15.0481
2025-06-28T18:14:00.000,14.9364
2025-06-28T18:15:00.000,14.9516
2025-06-28T18:16:00.000,14.9129
2025-06-28T18:17:00.000,14.8164
2025-06-28T18:18:00.000,14.6410
2025-06-28T18:19:00.000,14.4710
2025-06-28T18:20:00.000,14.3189
2025-06-28T18:21:00.000,14.1902
2025-06-28T18:22:00.000,14.0794
2025-06-28T18:23:00.000,13.9714
2025-06-28T18:24:00.000,13.8716
2025-06-28T18:25:00.000,13.7703
2025-06-28T18:26:00.000,13.6912
2025-06-28T18:27:00.000,13.6190
2025-06-28T18:28:00.000,13.5801
2025-06-28T18:29:00.000,13.5551
2025-06-28T18:30:00.000,13.5232
2025-06-28T18:31:00.000,13.4787
2025-06-28T18:32:00.000,13.4203
2025-06-28T18:33:00.000,13.3536
2025-06-28T18:34:00.000,13.2923
2025-06-28T18:35:00.000,13.2422
2025-06-28T18:36:00.000,13.2200
2025-06-28T18:37:00.000,13.2005
2025-06-28T18:38:00.000,13.1698
2025-06-28T18:39:00.000,13.1336
2025-06-28T18:40:00.000,13.0877
2025-06-28T18:41:00.000,13.0375
2025-06-28T18:42:00.000,12.9887
2025-06-28T18:43:00.000,12.9497
2025-06-28T18:44:00.000,12.9148
2025-06-28T18:45:00.000,12.8883
2025-06-28T18:46:00.000,12.8646
2025-06-28T18:47:00.000,12.8409
2025-06-28T18:48:00.000,12.8158
2025-06-28T18:49:00.000,12.7934
2025-06-28T18:50:00.000,12.7697
2025-06-28T18:51:00.000,12.7487
2025-06-28T18:52:00.000,12.7264
2025-06-28T18:53:00.000,12.7013
2025-06-28T18:54:00.000,12.6733
2025-06-28T18:55:00.000,12.6454
2025-06-28T18:56:00.000,12.6216
2025-06-28T18:57:00.000,12.5923
2025-06-28T18:58:00.000,12.5629
2025-06-28T18:59:00.000,12.5308
2025-06-28T19:00:00.000,12.5014
2025-06-28T19:01:00.000,12.4734
2025-06-28T19:02:00.000,12.4440
2025-06-28T19:03:00.000,12.4160
2025-06-28T19:04:00.000,12.3922
2025-06-28T19:05:00.000,12.3614
2025-06-28T19:06:00.000,12.3250
2025-06-28T19:07:00.000,12.2914
2025-06-28T19:08:00.000,12.2606
2025-06-28T19:09:00.000,12.2340
2025-06-28T19:10:00.000,12.2087
2025-06-28T19:11:00.000,12.1849
2025-06-28T19:12:00.000,12.1625
2025-06-28T19:13:00.000,12.1415
2025-06-28T19:14:00.000,12.1148
2025-06-28T19:15:00.000,12.0952
2025-06-28T19:16:00.000,12.0769
2025-06-28T19:17:00.000,12.0601
2025-06-28T19:18:00.000,12.0475
2025-06-28T19:19:00.000,12.0348
2025-06-28T19:20:00.000,12.0278
2025-06-28T19:21:00.000,12.0222
2025-06-28T19:22:00.000,12.0124
2025-06-28T19:23:00.000,12.0222
2025-06-28T19:24:00.000,12.0461
2025-06-28T19:25:00.000,12.1120
2025-06-28T19:26:00.000,12.2312
2025-06-28T19:27:00.000,12.4216
2025-06-28T19:28:00.000,12.6230
2025-06-28T19:29:00.000,12.8297
2025-06-28T19:30:00.000,13.0389
2025-06-28T19:31:00.000,13.2339
2025-06-28T19:32:00.000,13.3994
2025-06-28T19:33:00.000,13.5398
2025-06-28T19:34:00.000,13.6593
2025-06-28T19:35:00.000,13.7550
2025-06-28T19:36:00.000,13.8438
2025-06-28T19:37:00.000,13.9159
2025-06-28T19:38:00.000,13.9700
2025-06-28T19:39:00.000,14.0129
2025-06-28T19:40:00.000,14.0517
2025-06-28T19:41:00.000,14.0891
2025-06-28T19:42:00.000,14.1265
2025-06-28T19:43:00.000,14.1418
2025-06-28T19:44:00.000,14.1432
2025-06-28T19:45:00.000,14.1335
2025-06-28T19:46:00.000,14.1265
2025-06-28T19:47:00.000,14.1335
2025-06-28T19:48:00.000,14.1404
2025-06-28T19:49:00.000,14.1515
2025-06-28T19:50:00.000,14.1612
2025-06-28T19:51:00.000,14.1750
2025-06-28T19:52:00.000,14.1971
2025-06-28T19:53:00.000,14.2110
2025-06-28T19:54:00.000,14.2359
2025-06-28T19:55:00.000,14.2650
2025-06-28T19:56:00.000,14.2996
2025-06-28T19:57:00.000,14.3397
2025-06-28T19:58:00.000,14.3701
2025-06-28T19:59:00.000,14.3909
2025-06-28T20:00:00.000,14.4102
2025-06-28T20:01:00.000,14.4227
2025-06-28T20:02:00.000,14.4448
2025-06-28T20:03:00.000,14.4697
2025-06-28T20:04:00.000,14.5084
2025-06-28T20:05:00.000,14.5429
2025-06-28T20:06:00.000,14.5747
2025-06-28T20:07:00.000,14.5968
2025-06-28T20:08:00.000,14.6175
2025-06-28T20:09:00.000,14.6341
2025-06-28T20:10:00.000,14.6548
2025-06-28T20:11:00.000,14.6700
2025-06-28T20:12:00.000,14.6852
2025-06-28T20:13:00.000,14.6976
2025-06-28T20:14:00.000,14.7073
2025-06-28T20:15:00.000,14.7128
2025-06-28T20:16:00.000,14.7170
2025-06-28T20:17:00.000,14.7211
2025-06-28T20:18:00.000,14.7239
2025-06-28T20:19:00.000,14.7266
2025-06-28T20:20:00.000,14.7294
2025-06-28T20:21:00.000,14.7363
2025-06-28T20:22:00.000,14.7349
2025-06-28T20:23:00.000,14.7266
2025-06-28T20:24:00.000,14.7045
2025-06-28T20:25:00.000,14.6797
2025-06-28T20:26:00.000,14.6769
2025-06-28T20:27:00.000,14.6672
2025-06-28T20:28:00.000,14.6548
2025-06-28T20:29:00.000,14.5747
2025-06-28T20:30:00.000,14.5595
2025-06-28T20:31:00.000,14.5733
2025-06-28T20:32:00.000,14.5982
2025-06-28T20:33:00.000,14.6300
2025-06-28T20:34:00.000,14.6603
2025-06-28T20:35:00.000,14.6866
2025-06-28T20:36:00.000,14.6866
2025-06-28T20:37:00.000,14.6590
2025-06-28T20:38:00.000,14.5111
2025-06-28T20:39:00.000,14.3466
2025-06-28T20:40:00.000,14.2345
2025-06-28T20:41:00.000,14.2082
2025-06-28T20:42:00.000,14.2594
2025-06-28T20:43:00.000,14.3397
2025-06-28T20:44:00.000,14.3909
2025-06-28T20:45:00.000,14.4475
2025-06-28T20:46:00.000,14.5056
2025-06-28T20:47:00.000,14.5650
2025-06-28T20:48:00.000,14.6161
2025-06-28T20:49:00.000,14.6576
2025-06-28T20:50:00.000,14.6659
2025-06-28T20:51:00.000,14.6631
2025-06-28T20:52:00.000,14.6576
2025-06-28T20:53:00.000,14.5636
2025-06-28T20:54:00.000,14.4710
2025-06-28T20:55:00.000,14.3507
2025-06-28T20:56:00.000,14.3438
2025-06-28T20:57:00.000,14.1030
2025-06-28T20:58:00.000,14.0351
2025-06-28T20:59:00.000,13.7828
2025-06-28T21:00:00.000,13.5537
2025-06-28T21:01:00.000,13.2715
2025-06-28T21:02:00.000,13.0013
2025-06-28T21:03:00.000,12.9664
2025-06-28T21:04:00.000,12.8479
2025-06-28T21:05:00.000,12.6496
2025-06-28T21:06:00.000,12.4314
2025-06-28T21:07:00.000,12.2130
2025-06-28T21:08:00.000,12.0166
2025-06-28T21:09:00.000,11.8508
2025-06-28T21:10:00.000,11.7370
2025-06-28T21:11:00.000,11.6821
2025-06-28T21:12:00.000,11.6863
2025-06-28T21:13:00.000,11.6427
2025-06-28T21:14:00.000,11.6370
2025-06-28T21:15:00.000,11.6258
2025-06-28T21:16:00.000,11.6047
2025-06-28T21:17:00.000,11.5906
2025-06-28T21:18:00.000,11.5638
2025-06-28T21:19:00.000,11.5554
2025-06-28T21:20:00.000,11.5469
2025-06-28T21:21:00.000,11.5483
2025-06-28T21:22:00.000,11.5244
2025-06-28T21:23:00.000,11.5103
2025-06-28T21:24:00.000,11.5145
2025-06-28T21:25:00.000,11.5328
2025-06-28T21:26:00.000,11.5849
2025-06-28T21:27:00.000,11.6314
2025-06-28T21:28:00.000,11.6821
2025-06-28T21:29:00.000,11.8143
2025-06-28T21:30:00.000,11.9618
2025-06-28T21:31:00.000,12.0461
2025-06-28T21:32:00.000,12.0545
2025-06-28T21:33:00.000,12.0348
2025-06-28T21:34:00.000,12.0011
2025-06-28T21:35:00.000,11.9492
2025-06-28T21:36:00.000,11.8466
2025-06-28T21:37:00.000,11.7440
2025-06-28T21:38:00.000,11.6483
2025-06-28T21:39:00.000,11.5666
2025-06-28T21:40:00.000,11.4976
2025-06-28T21:41:00.000,11.4426
2025-06-28T21:42:00.000,11.4031
2025-06-28T21:43:00.000,11.3749
2025-06-28T21:44:00.000,11.3650
2025-06-28T21:45:00.000,11.3749
2025-06-28T21:46:00.000,11.3890
2025-06-28T21:47:00.000,11.3890
2025-06-28T21:48:00.000,11.3848
2025-06-28T21:49:00.000,11.3805
2025-06-28T21:50:00.000,11.3749
2025-06-28T21:51:00.000,11.3791
2025-06-28T21:52:00.000,11.4017
2025-06-28T21:53:00.000,11.4835
2025-06-28T21:54:00.000,11.6131
2025-06-28T21:55:00.000,11.7060
2025-06-28T21:56:00.000,11.8101
2025-06-28T21:57:00.000,11.9618
2025-06-28T21:58:00.000,12.0292
2025-06-28T21:59:00.000,12.0433
2025-06-28T22:00:00.000,12.0924
2025-06-28T22:01:00.000,12.1302
2025-06-28T22:02:00.000,12.1443
2025-06-28T22:03:00.000,12.1499
2025-06-28T22:04:00.000,12.1541
2025-06-28T22:05:00.000,12.1513
2025-06-28T22:06:00.000,12.1401
2025-06-28T22:07:00.000,12.1260
2025-06-28T22:08:00.000,12.1064
2025-06-28T22:09:00.000,12.0910
2025-06-28T22:10:00.000,12.0685
2025-06-28T22:11:00.000,12.0489
2025-06-28T22:12:00.000,12.0306
2025-06-28T22:13:00.000,12.0110
2025-06-28T22:14:00.000,11.9913
2025-06-28T22:15:00.000,11.9703
2025-06-28T22:16:00.000,11.9492
2025-06-28T22:17:00.000,11.9267
2025-06-28T22:18:00.000,11.9000
2025-06-28T22:19:00.000,11.8677
2025-06-28T22:20:00.000,11.8424
2025-06-28T22:21:00.000,11.8115
2025-06-28T22:22:00.000,11.7876
2025-06-28T22:23:00.000,11.7721
2025-06-28T22:24:00.000,11.7623
2025-06-28T22:25:00.000,11.7581
2025-06-28T22:26:00.000,11.7538
2025-06-28T22:27:00.000,11.7510
2025-06-28T22:28:00.000,11.7482
2025-06-28T22:29:00.000,11.7595
2025-06-28T22:30:00.000,11.7848
2025-06-28T22:31:00.000,11.8115
2025-06-28T22:32:00.000,11.8298
2025-06-28T22:33:00.000,11.8396
2025-06-28T22:34:00.000,11.8494
2025-06-28T22:35:00.000,11.8607
2025-06-28T22:36:00.000,11.8649
2025-06-28T22:37:00.000,11.8775
2025-06-28T22:38:00.000,11.8860
2025-06-28T22:39:00.000,11.8832
2025-06-28T22:40:00.000,11.8860
2025-06-28T22:41:00.000,11.8888
2025-06-28T22:42:00.000,11.8874
2025-06-28T22:43:00.000,11.8846
2025-06-28T22:44:00.000,11.8790
2025-06-28T22:45:00.000,11.8719
2025-06-28T22:46:00.000,11.8635
2025-06-28T22:47:00.000,11.8537
2025-06-28T22:48:00.000,11.8424
2025-06-28T22:49:00.000,11.8284
2025-06-28T22:50:00.000,11.8171
2025-06-28T22:51:00.000,11.8073
2025-06-28T22:52:00.000,11.7960
2025-06-28T22:53:00.000,11.7862
2025-06-28T22:54:00.000,11.7777
2025-06-28T22:55:00.000,11.7735
2025-06-28T22:56:00.000,11.7665
2025-06-28T22:57:00.000,11.7581
2025-06-28T22:58:00.000,11.7496
2025-06-28T22:59:00.000,11.7384
2025-06-28T23:00:00.000,11.7299
2025-06-28T23:01:00.000,11.7257
2025-06-28T23:02:00.000,11.7187
2025-06-28T23:03:00.000,11.7088
2025-06-28T23:04:00.000,11.7046
2025-06-28T23:05:00.000,11.7088
2025-06-28T23:06:00.000,11.7285
2025-06-28T23:07:00.000,11.7609
2025-06-28T23:08:00.000,11.8101
2025-06-28T23:09:00.000,11.8916
2025-06-28T23:10:00.000,11.9717
2025-06-28T23:11:00.000,12.0755
2025-06-28T23:12:00.000,12.2017
2025-06-28T23:13:00.000,12.3810
2025-06-28T23:14:00.000,12.6146
2025-06-28T23:15:00.000,12.8646
2025-06-28T23:16:00.000,13.0710
2025-06-28T23:17:00.000,13.2436
2025-06-28T23:18:00.000,13.3675
2025-06-28T23:19:00.000,13.4245
2025-06-28T23:20:00.000,13.4398
2025-06-28T23:21:00.000,13.4022
2025-06-28T23:22:00.000,13.3396
2025-06-28T23:23:00.000,13.2506
2025-06-28T23:24:00.000,13.0974
2025-06-28T23:25:00.000,12.9009
2025-06-28T23:26:00.000,12.7124
2025-06-28T23:27:00.000,12.5643
2025-06-28T23:28:00.000,12.4230
2025-06-28T23:29:00.000,12.3054
2025-06-28T23:30:00.000,12.2017
2025-06-28T23:31:00.000,12.1176
2025-06-28T23:32:00.000,12.0503
2025-06-28T23:33:00.000,11.9955
2025-06-28T23:34:00.000,11.9520
2025-06-28T23:35:00.000,11.9211
2025-06-28T23:36:00.000,11.9000
2025-06-28T23:37:00.000,11.8804
2025-06-28T23:38:00.000,11.8663
2025-06-28T23:39:00.000,11.8537
2025-06-28T23:40:00.000,11.8494
2025-06-28T23:41:00.000,11.8438
2025-06-28T23:42:00.000,11.8368
2025-06-28T23:43:00.000,11.8298
2025-06-28T23:44:00.000,11.8227
2025-06-28T23:45:00.000,11.8185
2025-06-28T23:46:00.000,11.8227
2025-06-28T23:47:00.000,11.8227
2025-06-28T23:48:00.000,11.8227
2025-06-28T23:49:00.000,11.8227
2025-06-28T23:50:00.000,11.8270
2025-06-28T23:51:00.000,11.8312
2025-06-28T23:52:00.000,11.8368
2025-06-28T23:53:00.000,11.8494
2025-06-28T23:54:00.000,11.8607
2025-06-28T23:55:00.000,11.8663
2025-06-28T23:56:00.000,11.8944
2025-06-28T23:57:00.000,11.9366
2025-06-28T23:58:00.000,11.9997
2025-06-28T23:59:00.000,12.0797
2025-06-29T00:00:00.000,12.1695
2025-06-29T00:01:00.000,12.3306
2025-06-29T00:02:00.000,12.4468
2025-06-29T00:03:00.000,12.6216
2025-06-29T00:04:00.000,12.7138
2025-06-29T00:05:00.000,12.8269
2025-06-29T00:06:00.000,12.8953
2025-06-29T00:07:00.000,12.9469
2025-06-29T00:08:00.000,13.0222
2025-06-29T00:09:00.000,13.0807
2025-06-29T00:10:00.000,13.2562
2025-06-29T00:11:00.000,13.4286
2025-06-29T00:12:00.000,13.5245
2025-06-29T00:13:00.000,13.5259
2025-06-29T00:14:00.000,13.4787
2025-06-29T00:15:00.000,13.4133
2025-06-29T00:16:00.000,13.4217
2025-06-29T00:17:00.000,13.4467
2025-06-29T00:18:00.000,13.5023
2025-06-29T00:19:00.000,13.5954
2025-06-29T00:20:00.000,13.7106
2025-06-29T00:21:00.000,13.8258
2025-06-29T00:22:00.000,13.8799
2025-06-29T00:23:00.000,13.8910
2025-06-29T00:24:00.000,13.9298
2025-06-29T00:25:00.000,13.9894
2025-06-29T00:26:00.000,13.9977
2025-06-29T00:27:00.000,13.8799
2025-06-29T00:28:00.000,13.7911
2025-06-29T00:29:00.000,13.6190
2025-06-29T00:30:00.000,13.4231
2025-06-29T00:31:00.000,13.3007
2025-06-29T00:32:00.000,13.2311
2025-06-29T00:33:00.000,13.1754
2025-06-29T00:34:00.000,13.1838
2025-06-29T00:35:00.000,13.2047
2025-06-29T00:36:00.000,13.2019
2025-06-29T00:37:00.000,13.1949
2025-06-29T00:38:00.000,13.1545
2025-06-29T00:39:00.000,13.1295
2025-06-29T00:40:00.000,13.1197
2025-06-29T00:41:00.000,13.1434
2025-06-29T00:42:00.000,13.1601
2025-06-29T00:43:00.000,13.1852
2025-06-29T00:44:00.000,13.2200
2025-06-29T00:45:00.000,13.2784
2025-06-29T00:46:00.000,13.3104
2025-06-29T00:47:00.000,13.3369
2025-06-29T00:48:00.000,13.3591
2025-06-29T00:49:00.000,13.3661
2025-06-29T00:50:00.000,13.3855
2025-06-29T00:51:00.000,13.4217
2025-06-29T00:52:00.000,13.4592
2025-06-29T00:53:00.000,13.4773
2025-06-29T00:54:00.000,13.5065
2025-06-29T00:55:00.000,13.5190
2025-06-29T00:56:00.000,13.5301
2025-06-29T00:57:00.000,13.5634
2025-06-29T00:58:00.000,13.5857
2025-06-29T00:59:00.000,13.5996
2025-06-29T01:00:00.000,13.6121
2025-06-29T01:01:00.000,13.6148
2025-06-29T01:02:00.000,13.6218
2025-06-29T01:03:00.000,13.6301
2025-06-29T01:04:00.000,13.6482
2025-06-29T01:05:00.000,13.6759
2025-06-29T01:06:00.000,13.7092
2025-06-29T01:07:00.000,13.7412
2025-06-29T01:08:00.000,13.7703
2025-06-29T01:09:00.000,13.7967
2025-06-29T01:10:00.000,13.8244
2025-06-29T01:11:00.000,13.8521
2025-06-29T01:12:00.000,13.8702
2025-06-29T01:13:00.000,13.8854
2025-06-29T01:14:00.000,13.8979
2025-06-29T01:15:00.000,13.9062
2025-06-29T01:16:00.000,13.9090
2025-06-29T01:17:00.000,13.9062
2025-06-29T01:18:00.000,13.9118
2025-06-29T01:19:00.000,13.9215
2025-06-29T01:20:00.000,13.9284
2025-06-29T01:21:00.000,13.9298
2025-06-29T01:22:00.000,13.9270
2025-06-29T01:23:00.000,13.9242
2025-06-29T01:24:00.000,13.9284
2025-06-29T01:25:00.000,13.9215
2025-06-29T01:26:00.000,13.8993
2025-06-29T01:27:00.000,13.8785
2025-06-29T01:28:00.000,13.8438
2025-06-29T01:29:00.000,13.8105
2025-06-29T01:30:00.000,13.7772
2025-06-29T01:31:00.000,13.7661
2025-06-29T01:32:00.000,13.7620
2025-06-29T01:33:00.000,13.7578
2025-06-29T01:34:00.000,13.7550
2025-06-29T01:35:00.000,13.7523
2025-06-29T01:36:00.000,13.7342
2025-06-29T01:37:00.000,13.7176
2025-06-29T01:38:00.000,13.7051
2025-06-29T01:39:00.000,13.6995
2025-06-29T01:40:00.000,13.7023
2025-06-29T01:41:00.000,13.7051
2025-06-29T01:42:00.000,13.7023
2025-06-29T01:43:00.000,13.7092
2025-06-29T01:44:00.000,13.7231
2025-06-29T01:45:00.000,13.7342
2025-06-29T01:46:00.000,13.7550
2025-06-29T01:47:00.000,13.7717
2025-06-29T01:48:00.000,13.7856
2025-06-29T01:49:00.000,13.7925
2025-06-29T01:50:00.000,13.7897
2025-06-29T01:51:00.000,13.7842
2025-06-29T01:52:00.000,13.7967
2025-06-29T01:53:00.000,13.8119
2025-06-29T01:54:00.000,13.8355
2025-06-29T01:55:00.000,13.8646
2025-06-29T01:56:00.000,13.8993
2025-06-29T01:57:00.000,13.9450
2025-06-29T01:58:00.000,13.9838
2025-06-29T01:59:00.000,14.0143
2025-06-29T02:00:00.000,14.0420
2025-06-29T02:01:00.000,14.0642
2025-06-29T02:02:00.000,14.0961
2025-06-29T02:03:00.000,14.1279
2025-06-29T02:04:00.000,14.1653
2025-06-29T02:05:00.000,14.1888
2025-06-29T02:06:00.000,14.1792
2025-06-29T02:07:00.000,14.1584
2025-06-29T02:08:00.000,14.1348
2025-06-29T02:09:00.000,14.1141
2025-06-29T02:10:00.000,14.0933
2025-06-29T02:11:00.000,14.0711
2025-06-29T02:12:00.000,14.0545
2025-06-29T02:13:00.000,14.0282
2025-06-29T02:14:00.000,13.9908
2025-06-29T02:15:00.000,13.9658
2025-06-29T02:16:00.000,13.9312
2025-06-29T02:17:00.000,13.9104
2025-06-29T02:18:00.000,13.8882
2025-06-29T02:19:00.000,13.8840
2025-06-29T02:20:00.000,13.8702
2025-06-29T02:21:00.000,13.8535
2025-06-29T02:22:00.000,13.8313
2025-06-29T02:23:00.000,13.8050
2025-06-29T02:24:00.000,13.7870
2025-06-29T02:25:00.000,13.7620
2025-06-29T02:26:00.000,13.7425
2025-06-29T02:27:00.000,13.7190
2025-06-29T02:28:00.000,13.6926
2025-06-29T02:29:00.000,13.6745
2025-06-29T02:30:00.000,13.6468
2025-06-29T02:31:00.000,13.6315
2025-06-29T02:32:00.000,13.6495
2025-06-29T02:33:00.000,13.6759
2025-06-29T02:34:00.000,13.6912
2025-06-29T02:35:00.000,13.7148
2025-06-29T02:36:00.000,13.7495
2025-06-29T02:37:00.000,13.7703
2025-06-29T02:38:00.000,13.8022
2025-06-29T02:39:00.000,13.8244
2025-06-29T02:40:00.000,13.8369
2025-06-29T02:41:00.000,13.8369
2025-06-29T02:42:00.000,13.8355
2025-06-29T02:43:00.000,13.8410
2025-06-29T02:44:00.000,13.8535
2025-06-29T02:45:00.000,13.8688
2025-06-29T02:46:00.000,13.8868
2025-06-29T02:47:00.000,13.8993
2025-06-29T02:48:00.000,13.9104
2025-06-29T02:49:00.000,13.9035
2025-06-29T02:50:00.000,13.9076
2025-06-29T02:51:00.000,13.9201
2025-06-29T02:52:00.000,13.9270
2025-06-29T02:53:00.000,13.9312
2025-06-29T02:54:00.000,13.9450
2025-06-29T02:55:00.000,13.9741
2025-06-29T02:56:00.000,14.0046
2025-06-29T02:57:00.000,14.0323
2025-06-29T02:58:00.000,14.0434
2025-06-29T02:59:00.000,14.0407
2025-06-29T03:00:00.000,14.0296
2025-06-29T03:01:00.000,14.0171
2025-06-29T03:02:00.000,14.0088
2025-06-29T03:03:00.000,14.0074
2025-06-29T03:04:00.000,13.9769
2025-06-29T03:05:00.000,13.9437
2025-06-29T03:06:00.000,13.9326
2025-06-29T03:07:00.000,13.9312
2025-06-29T03:08:00.000,13.9062
2025-06-29T03:09:00.000,13.8563
2025-06-29T03:10:00.000,13.8300
2025-06-29T03:11:00.000,13.7745
2025-06-29T03:12:00.000,13.7301
2025-06-29T03:13:00.000,13.6967
2025-06-29T03:14:00.000,13.7079
2025-06-29T03:15:00.000,13.7217
2025-06-29T03:16:00.000,13.7092
2025-06-29T03:17:00.000,13.6801
2025-06-29T03:18:00.000,13.6662
2025-06-29T03:19:00.000,13.6870
2025-06-29T03:20:00.000,13.7037
2025-06-29T03:21:00.000,13.7106
2025-06-29T03:22:00.000,13.7106
2025-06-29T03:23:00.000,13.7190
2025-06-29T03:24:00.000,13.7606
2025-06-29T03:25:00.000,13.7994
2025-06-29T03:26:00.000,13.8091
2025-06-29T03:27:00.000,13.7953
2025-06-29T03:28:00.000,13.7661
2025-06-29T03:29:00.000,13.7370
2025-06-29T03:30:00.000,13.7356
2025-06-29T03:31:00.000,13.7453
2025-06-29T03:32:00.000,13.7759
2025-06-29T03:33:00.000,13.7828
2025-06-29T03:34:00.000,13.7883
2025-06-29T03:35:00.000,13.7980
2025-06-29T03:36:00.000,13.8230
2025-06-29T03:37:00.000,13.8535
2025-06-29T03:38:00.000,13.8827
2025-06-29T03:39:00.000,13.9007
2025-06-29T03:40:00.000,13.9076
2025-06-29T03:41:00.000,13.9090
2025-06-29T03:42:00.000,13.9021
2025-06-29T03:43:00.000,13.9035
2025-06-29T03:44:00.000,13.9048
2025-06-29T03:45:00.000,13.8951
2025-06-29T03:46:00.000,13.8840
2025-06-29T03:47:00.000,13.8716
2025-06-29T03:48:00.000,13.8729
2025-06-29T03:49:00.000,13.8743
2025-06-29T03:50:00.000,13.8785
2025-06-29T03:51:00.000,13.8868
2025-06-29T03:52:00.000,13.9035
2025-06-29T03:53:00.000,13.9215
2025-06-29T03:54:00.000,13.9409
2025-06-29T03:55:00.000,13.9506
2025-06-29T03:56:00.000,13.9575
2025-06-29T03:57:00.000,13.9478
2025-06-29T03:58:00.000,13.9367
2025-06-29T03:59:00.000,13.9367
2025-06-29T04:00:00.000,13.9423
2025-06-29T04:01:00.000,13.9547
2025-06-29T04:02:00.000,13.9672
2025-06-29T04:03:00.000,13.9797
2025-06-29T04:04:00.000,13.9825
2025-06-29T04:05:00.000,13.9811
2025-06-29T04:06:00.000,13.9658
2025-06-29T04:07:00.000,13.9367
2025-06-29T04:08:00.000,13.9132
2025-06-29T04:09:00.000,13.8882
2025-06-29T04:10:00.000,13.8563
2025-06-29T04:11:00.000,13.8494
2025-06-29T04:12:00.000,13.8410
2025-06-29T04:13:00.000,13.8327
2025-06-29T04:14:00.000,13.8258
2025-06-29T04:15:00.000,13.8341
2025-06-29T04:16:00.000,13.8452
2025-06-29T04:17:00.000,13.8480
2025-06-29T04:18:00.000,13.8646
2025-06-29T04:19:00.000,13.8646
2025-06-29T04:20:00.000,13.8619
2025-06-29T04:21:00.000,13.8549
2025-06-29T04:22:00.000,13.8438
2025-06-29T04:23:00.000,13.8202
2025-06-29T04:24:00.000,13.7911
2025-06-29T04:25:00.000,13.7606
2025-06-29T04:26:00.000,13.7412
2025-06-29T04:27:00.000,13.7203
2025-06-29T04:28:00.000,13.6690
2025-06-29T04:29:00.000,13.6357
2025-06-29T04:30:00.000,13.6398
2025-06-29T04:31:00.000,13.6634
2025-06-29T04:32:00.000,13.6926
2025-06-29T04:33:00.000,13.7217
2025-06-29T04:34:00.000,13.7439
2025-06-29T04:35:00.000,13.7703
2025-06-29T04:36:00.000,13.7689
2025-06-29T04:37:00.000,13.7661
2025-06-29T04:38:00.000,13.7703
2025-06-29T04:39:00.000,13.7689
2025-06-29T04:40:00.000,13.7689
2025-06-29T04:41:00.000,13.7703
2025-06-29T04:42:00.000,13.7689
2025-06-29T04:43:00.000,13.7606
2025-06-29T04:44:00.000,13.7703
2025-06-29T04:45:00.000,13.7786
2025-06-29T04:46:00.000,13.7842
2025-06-29T04:47:00.000,13.7856
2025-06-29T04:48:00.000,13.7925
2025-06-29T04:49:00.000,13.8064
2025-06-29T04:50:00.000,13.8189
2025-06-29T04:51:00.000,13.8272
2025-06-29T04:52:00.000,13.8341
2025-06-29T04:53:00.000,13.7883
2025-06-29T04:54:00.000,13.7564
2025-06-29T04:55:00.000,13.7065
2025-06-29T04:56:00.000,13.6509
2025-06-29T04:57:00.000,13.6246
2025-06-29T04:58:00.000,13.6162
2025-06-29T04:59:00.000,13.6204
2025-06-29T05:00:00.000,13.6079
2025-06-29T05:01:00.000,13.5732
2025-06-29T05:02:00.000,13.5259
2025-06-29T05:03:00.000,13.4773
2025-06-29T05:04:00.000,13.4370
2025-06-29T05:05:00.000,13.4064
2025-06-29T05:06:00.000,13.3661
2025-06-29T05:07:00.000,13.3355
2025-06-29T05:08:00.000,13.3313
2025-06-29T05:09:00.000,13.3396
2025-06-29T05:10:00.000,13.3410
2025-06-29T05:11:00.000,13.3369
2025-06-29T05:12:00.000,13.3021
2025-06-29T05:13:00.000,13.2617
2025-06-29T05:14:00.000,13.2436
2025-06-29T05:15:00.000,13.2408
2025-06-29T05:16:00.000,13.2520
2025-06-29T05:17:00.000,13.2840
2025-06-29T05:18:00.000,13.3160
2025-06-29T05:19:00.000,13.2979
2025-06-29T05:20:00.000,13.2687
2025-06-29T05:21:00.000,13.2589
2025-06-29T05:22:00.000,13.2339
2025-06-29T05:23:00.000,13.1963
2025-06-29T05:24:00.000,13.1810
2025-06-29T05:25:00.000,13.1782
2025-06-29T05:26:00.000,13.1838
2025-06-29T05:27:00.000,13.2088
2025-06-29T05:28:00.000,13.2422
2025-06-29T05:29:00.000,13.2687
2025-06-29T05:30:00.000,13.2701
2025-06-29T05:31:00.000,13.2548
2025-06-29T05:32:00.000,13.2408
2025-06-29T05:33:00.000,13.2214
2025-06-29T05:34:00.000,13.2060
2025-06-29T05:35:00.000,13.2060
2025-06-29T05:36:00.000,13.2088
2025-06-29T05:37:00.000,13.1866
2025-06-29T05:38:00.000,13.1573
2025-06-29T05:39:00.000,13.1253
2025-06-29T05:40:00.000,13.1058
2025-06-29T05:41:00.000,13.1044
2025-06-29T05:42:00.000,13.1016
2025-06-29T05:43:00.000,13.1016
2025-06-29T05:44:00.000,13.0905
2025-06-29T05:45:00.000,13.0654
2025-06-29T05:46:00.000,13.0473
2025-06-29T05:47:00.000,13.0319
2025-06-29T05:48:00.000,13.0166
2025-06-29T05:49:00.000,13.0264
2025-06-29T05:50:00.000,13.0389
2025-06-29T05:51:00.000,13.0278
2025-06-29T05:52:00.000,13.0138
2025-06-29T05:53:00.000,13.0305
2025-06-29T05:54:00.000,13.0459
2025-06-29T05:55:00.000,13.0459
2025-06-29T05:56:00.000,13.0445
2025-06-29T05:57:00.000,13.0542
2025-06-29T05:58:00.000,13.0696
2025-06-29T05:59:00.000,13.0723
2025-06-29T06:00:00.000,13.0654
2025-06-29T06:01:00.000,13.0612
2025-06-29T06:02:00.000,13.0668
2025-06-29T06:03:00.000,13.0779
2025-06-29T06:04:00.000,13.0932
2025-06-29T06:05:00.000,13.1058
2025-06-29T06:06:00.000,13.1155
2025-06-29T06:07:00.000,13.1309
2025-06-29T06:08:00.000,13.1573
2025-06-29T06:09:00.000,13.1879
2025-06-29T06:10:00.000,13.2200
2025-06-29T06:11:00.000,13.2534
2025-06-29T06:12:00.000,13.2896
2025-06-29T06:13:00.000,13.3146
2025-06-29T06:14:00.000,13.3369
2025-06-29T06:15:00.000,13.3591
2025-06-29T06:16:00.000,13.3688
2025-06-29T06:17:00.000,13.3383
2025-06-29T06:18:00.000,13.2812
2025-06-29T06:19:00.000,13.2506
2025-06-29T06:20:00.000,13.2367
2025-06-29T06:21:00.000,13.2408
2025-06-29T06:22:00.000,13.2548
2025-06-29T06:23:00.000,13.2882
2025-06-29T06:24:00.000,13.3327
2025-06-29T06:25:00.000,13.3633
2025-06-29T06:26:00.000,13.3758
2025-06-29T06:27:00.000,13.3702
2025-06-29T06:28:00.000,13.3647
2025-06-29T06:29:00.000,13.3480
2025-06-29T06:30:00.000,13.3383
2025-06-29T06:31:00.000,13.3257
2025-06-29T06:32:00.000,13.3049
2025-06-29T06:33:00.000,13.3257
2025-06-29T06:34:00.000,13.3688
2025-06-29T06:35:00.000,13.4064
2025-06-29T06:36:00.000,13.4300
2025-06-29T06:37:00.000,13.4509
2025-06-29T06:38:00.000,13.4801
2025-06-29T06:39:00.000,13.4926
2025-06-29T06:40:00.000,13.5148
2025-06-29T06:41:00.000,13.5370
2025-06-29T06:42:00.000,13.5523
2025-06-29T06:43:00.000,13.5621
2025-06-29T06:44:00.000,13.5690
2025-06-29T06:45:00.000,13.5759
2025-06-29T06:46:00.000,13.5843
2025-06-29T06:47:00.000,13.5912
2025-06-29T06:48:00.000,13.5940
2025-06-29T06:49:00.000,13.5940
2025-06-29T06:50:00.000,13.5898
2025-06-29T06:51:00.000,13.5996
2025-06-29T06:52:00.000,13.6051
2025-06-29T06:53:00.000,13.5996
2025-06-29T06:54:00.000,13.5773
2025-06-29T06:55:00.000,13.5384
2025-06-29T06:56:00.000,13.4995
2025-06-29T06:57:00.000,13.4662
2025-06-29T06:58:00.000,13.4328
2025-06-29T06:59:00.000,13.4078
2025-06-29T07:00:00.000,13.3744
2025-06-29T07:01:00.000,13.3452
2025-06-29T07:02:00.000,13.3188
2025-06-29T07:03:00.000,13.3021
2025-06-29T07:04:00.000,13.2854
2025-06-29T07:05:00.000,13.2659
2025-06-29T07:06:00.000,13.2478
2025-06-29T07:07:00.000,13.2367
2025-06-29T07:08:00.000,13.2311
2025-06-29T07:09:00.000,13.2172
2025-06-29T07:10:00.000,13.2074
2025-06-29T07:11:00.000,13.2005
2025-06-29T07:12:00.000,13.2019
2025-06-29T07:13:00.000,13.2088
2025-06-29T07:14:00.000,13.2228
2025-06-29T07:15:00.000,13.2367
2025-06-29T07:16:00.000,13.2478
2025-06-29T07:17:00.000,13.2589
2025-06-29T07:18:00.000,13.2673
2025-06-29T07:19:00.000,13.2770
2025-06-29T07:20:00.000,13.2868
2025-06-29T07:21:00.000,13.2923
2025-06-29T07:22:00.000,13.2993
2025-06-29T07:23:00.000,13.3132
2025-06-29T07:24:00.000,13.3271
2025-06-29T07:25:00.000,13.3605
2025-06-29T07:26:00.000,13.3911
2025-06-29T07:27:00.000,13.4161
2025-06-29T07:28:00.000,13.4342
2025-06-29T07:29:00.000,13.4592
2025-06-29T07:30:00.000,13.4829
2025-06-29T07:31:00.000,13.5037
2025-06-29T07:32:00.000,13.5134
2025-06-29T07:33:00.000,13.5259
2025-06-29T07:34:00.000,13.5426
2025-06-29T07:35:00.000,13.5634
2025-06-29T07:36:00.000,13.5843
2025-06-29T07:37:00.000,13.6079
2025-06-29T07:38:00.000,13.6301
2025-06-29T07:39:00.000,13.6454
2025-06-29T07:40:00.000,13.6593
2025-06-29T07:41:00.000,13.6662
2025-06-29T07:42:00.000,13.6759
2025-06-29T07:43:00.000,13.6829
2025-06-29T07:44:00.000,13.6898
2025-06-29T07:45:00.000,13.6981
2025-06-29T07:46:00.000,13.7065
2025-06-29T07:47:00.000,13.7092
2025-06-29T07:48:00.000,13.7148
2025-06-29T07:49:00.000,13.7190
2025-06-29T07:50:00.000,13.7203
2025-06-29T07:51:00.000,13.7245
2025-06-29T07:52:00.000,13.7287
2025-06-29T07:53:00.000,13.7273
2025-06-29T07:54:00.000,13.7384
2025-06-29T07:55:00.000,13.7481
2025-06-29T07:56:00.000,13.7509
2025-06-29T07:57:00.000,13.7509
2025-06-29T07:58:00.000,13.7425
2025-06-29T07:59:00.000,13.7398
2025-06-29T08:00:00.000,13.7425
2025-06-29T08:01:00.000,13.7481
2025-06-29T08:02:00.000,13.7634
2025-06-29T08:03:00.000,13.7786
2025-06-29T08:04:00.000,13.7828
2025-06-29T08:05:00.000,13.7717
2025-06-29T08:06:00.000,13.7620
2025-06-29T08:07:00.000,13.7523
2025-06-29T08:08:00.000,13.7523
2025-06-29T08:09:00.000,13.7523
2025-06-29T08:10:00.000,13.7606
2025-06-29T08:11:00.000,13.7759
2025-06-29T08:12:00.000,13.7925
2025-06-29T08:13:00.000,13.8008
2025-06-29T08:14:00.000,13.7994
2025-06-29T08:15:00.000,13.7967
2025-06-29T08:16:00.000,13.8050
2025-06-29T08:17:00.000,13.8202
2025-06-29T08:18:00.000,13.8410
2025-06-29T08:19:00.000,13.8646
2025-06-29T08:20:00.000,13.8910
2025-06-29T08:21:00.000,13.9007
2025-06-29T08:22:00.000,13.9076
2025-06-29T08:23:00.000,13.9215
2025-06-29T08:24:00.000,13.9367
2025-06-29T08:25:00.000,13.9478
2025-06-29T08:26:00.000,13.9603
2025-06-29T08:27:00.000,13.9700
2025-06-29T08:28:00.000,13.9755
2025-06-29T08:29:00.000,13.9811
2025-06-29T08:30:00.000,13.9852
2025-06-29T08:31:00.000,13.9908
2025-06-29T08:32:00.000,13.9949
2025-06-29T08:33:00.000,13.9963
2025-06-29T08:34:00.000,13.9991
2025-06-29T08:35:00.000,13.9880
2025-06-29T08:36:00.000,13.9755
2025-06-29T08:37:00.000,13.9700
2025-06-29T08:38:00.000,13.9644
2025-06-29T08:39:00.000,13.9506
2025-06-29T08:40:00.000,13.9340
2025-06-29T08:41:00.000,13.9201
2025-06-29T08:42:00.000,13.9159
2025-06-29T08:43:00.000,13.9048
2025-06-29T08:44:00.000,13.8993
2025-06-29T08:45:00.000,13.8979
2025-06-29T08:46:00.000,13.8951
2025-06-29T08:47:00.000,13.8882
2025-06-29T08:48:00.000,13.8799
2025-06-29T08:49:00.000,13.8716
2025-06-29T08:50:00.000,13.8716
2025-06-29T08:51:00.000,13.8840
2025-06-29T08:52:00.000,13.8868
2025-06-29T08:53:00.000,13.9021
2025-06-29T08:54:00.000,13.9159
2025-06-29T08:55:00.000,13.9395
2025-06-29T08:56:00.000,13.9728
2025-06-29T08:57:00.000,14.0074
2025-06-29T08:58:00.000,14.0310
2025-06-29T08:59:00.000,14.0504
2025-06-29T09:00:00.000,14.0642
2025-06-29T09:01:00.000,14.0531
2025-06-29T09:02:00.000,14.0254
2025-06-29T09:03:00.000,14.0005
2025-06-29T09:04:00.000,13.9949
2025-06-29T09:05:00.000,14.0365
2025-06-29T09:06:00.000,14.1058
2025-06-29T09:07:00.000,14.1792
2025-06-29T09:08:00.000,14.2622
2025-06-29T09:09:00.000,14.3258
2025-06-29T09:10:00.000,14.3798
2025-06-29T09:11:00.000,14.4268
2025-06-29T09:12:00.000,14.4641
2025-06-29T09:13:00.000,14.4987
2025-06-29T09:14:00.000,14.5236
2025-06-29T09:15:00.000,14.5471
2025-06-29T09:16:00.000,14.5554
2025-06-29T09:17:00.000,14.5623
2025-06-29T09:18:00.000,14.5623
2025-06-29T09:19:00.000,14.5788
2025-06-29T09:20:00.000,14.5913
2025-06-29T09:21:00.000,14.6065
2025-06-29T09:22:00.000,14.6576
2025-06-29T09:23:00.000,14.7211
2025-06-29T09:24:00.000,14.7791
2025-06-29T09:25:00.000,14.8384
2025-06-29T09:26:00.000,14.8798
2025-06-29T09:27:00.000,14.9171
2025-06-29T09:28:00.000,14.9654
2025-06-29T09:29:00.000,15.0205
2025-06-29T09:30:00.000,15.0481
2025-06-29T09:31:00.000,15.0812
2025-06-29T09:32:00.000,15.1074
2025-06-29T09:33:00.000,15.1239
2025-06-29T09:34:00.000,15.1322
2025-06-29T09:35:00.000,15.1735
2025-06-29T09:36:00.000,15.3044
2025-06-29T09:37:00.000,15.5907
2025-06-29T09:38:00.000,16.0718
2025-06-29T09:39:00.000,16.9073
2025-06-29T09:40:00.000,17.8588
2025-06-29T09:41:00.000,18.7394
2025-06-29T09:42:00.000,19.5172
2025-06-29T09:43:00.000,20.2679
2025-06-29T09:44:00.000,20.9919
2025-06-29T09:45:00.000,21.7156
2025-06-29T09:46:00.000,22.3060
2025-06-29T09:47:00.000,22.7805
2025-06-29T09:48:00.000,23.1317
2025-06-29T09:49:00.000,23.4517
2025-06-29T09:50:00.000,23.7072
2025-06-29T09:51:00.000,23.8758
2025-06-29T09:52:00.000,23.9934
2025-06-29T09:53:00.000,24.0640
2025-06-29T09:54:00.000,24.1844
2025-06-29T09:55:00.000,24.4173
2025-06-29T09:56:00.000,24.6782
2025-06-29T09:57:00.000,24.7546
2025-06-29T09:58:00.000,24.7004
2025-06-29T09:59:00.000,24.6462
2025-06-29T10:00:00.000,24.6712
2025-06-29T10:01:00.000,24.6462
2025-06-29T10:02:00.000,24.6240
2025-06-29T10:03:00.000,24.6310
2025-06-29T10:04:00.000,24.6546
2025-06-29T10:05:00.000,24.6990
2025-06-29T10:06:00.000,24.6726
2025-06-29T10:07:00.000,24.6268
2025-06-29T10:08:00.000,24.5838
2025-06-29T10:09:00.000,24.5685
2025-06-29T10:10:00.000,24.5213
2025-06-29T10:11:00.000,24.4256
2025-06-29T10:12:00.000,24.3715
2025-06-29T10:13:00.000,24.3992
2025-06-29T10:14:00.000,24.4450
2025-06-29T10:15:00.000,24.5269
2025-06-29T10:16:00.000,24.5949
2025-06-29T10:17:00.000,24.7254
2025-06-29T10:18:00.000,24.8880
2025-06-29T10:19:00.000,24.9074
2025-06-29T10:20:00.000,24.8213
2025-06-29T10:21:00.000,24.7907
2025-06-29T10:22:00.000,24.7990
2025-06-29T10:23:00.000,24.8254
2025-06-29T10:24:00.000,24.9450
2025-06-29T10:25:00.000,24.9853
2025-06-29T10:26:00.000,25.0855
2025-06-29T10:27:00.000,25.2262
2025-06-29T10:28:00.000,25.3251
2025-06-29T10:29:00.000,25.4785
2025-06-29T10:30:00.000,25.5553
2025-06-29T10:31:00.000,25.5539
2025-06-29T10:32:00.000,25.6055
2025-06-29T10:33:00.000,25.6810
2025-06-29T10:34:00.000,25.7788
2025-06-29T10:35:00.000,25.9761
2025-06-29T10:36:00.000,26.1315
2025-06-29T10:37:00.000,26.3826
2025-06-29T10:38:00.000,26.5919
2025-06-29T10:39:00.000,26.6538
2025-06-29T10:40:00.000,26.7312
2025-06-29T10:41:00.000,26.8551
2025-06-29T10:42:00.000,26.9509
2025-06-29T10:43:00.000,27.0257
2025-06-29T10:44:00.000,26.9030
2025-06-29T10:45:00.000,26.9396
2025-06-29T10:46:00.000,27.0116
2025-06-29T10:47:00.000,26.9509
2025-06-29T10:48:00.000,26.8382
2025-06-29T10:49:00.000,26.7453
2025-06-29T10:50:00.000,26.6496
2025-06-29T10:51:00.000,26.6102
2025-06-29T10:52:00.000,26.6397
2025-06-29T10:53:00.000,26.6496
2025-06-29T10:54:00.000,26.7087
2025-06-29T10:55:00.000,26.7847
2025-06-29T10:56:00.000,26.9566
2025-06-29T10:57:00.000,27.1386
2025-06-29T10:58:00.000,27.3194
2025-06-29T10:59:00.000,27.4651
2025-06-29T11:00:00.000,27.5161
2025-06-29T11:01:00.000,27.6110
2025-06-29T11:02:00.000,27.6961
2025-06-29T11:03:00.000,27.7018
2025-06-29T11:04:00.000,27.9190
2025-06-29T11:05:00.000,28.1010
2025-06-29T11:06:00.000,28.1522
2025-06-29T11:07:00.000,28.1736
2025-06-29T11:08:00.000,28.2633
2025-06-29T11:09:00.000,28.3760
2025-06-29T11:10:00.000,28.4159
2025-06-29T11:11:00.000,28.4217
2025-06-29T11:12:00.000,28.3731
2025-06-29T11:13:00.000,28.2220
2025-06-29T11:14:00.000,28.1024
2025-06-29T11:15:00.000,27.9701
2025-06-29T11:16:00.000,27.8039
2025-06-29T11:17:00.000,27.6691
2025-06-29T11:18:00.000,27.5784
2025-06-29T11:19:00.000,27.6535
2025-06-29T11:20:00.000,27.7046
2025-06-29T11:21:00.000,27.6195
2025-06-29T11:22:00.000,27.5048
2025-06-29T11:23:00.000,27.5232
2025-06-29T11:24:00.000,27.4821
2025-06-29T11:25:00.000,27.3788
2025-06-29T11:26:00.000,27.2629
2025-06-29T11:27:00.000,27.1132
2025-06-29T11:28:00.000,27.0412
2025-06-29T11:29:00.000,27.0426
2025-06-29T11:30:00.000,27.0426
2025-06-29T11:31:00.000,27.1781
2025-06-29T11:32:00.000,27.4736
2025-06-29T11:33:00.000,27.5614
2025-06-29T11:34:00.000,27.4637
2025-06-29T11:35:00.000,27.3491
2025-06-29T11:36:00.000,27.3633
2025-06-29T11:37:00.000,27.3208
2025-06-29T11:38:00.000,27.2756
2025-06-29T11:39:00.000,27.3463
2025-06-29T11:40:00.000,27.3519
2025-06-29T11:41:00.000,27.4014
2025-06-29T11:42:00.000,27.4581
2025-06-29T11:43:00.000,27.4411
2025-06-29T11:44:00.000,27.6394
2025-06-29T11:45:00.000,27.7500
2025-06-29T11:46:00.000,27.8124
2025-06-29T11:47:00.000,27.9460
2025-06-29T11:48:00.000,28.1166
2025-06-29T11:49:00.000,28.2291
2025-06-29T11:50:00.000,28.3731
2025-06-29T11:51:00.000,28.7461
2025-06-29T11:52:00.000,28.9037
2025-06-29T11:53:00.000,28.9338
2025-06-29T11:54:00.000,28.8306
2025-06-29T11:55:00.000,28.6917
2025-06-29T11:56:00.000,28.5502
2025-06-29T11:57:00.000,28.4716
2025-06-29T11:58:00.000,28.4231
2025-06-29T11:59:00.000,28.3047
2025-06-29T12:00:00.000,28.2890
2025-06-29T12:01:00.000,28.2747
2025-06-29T12:02:00.000,28.2733
2025-06-29T12:03:00.000,28.3033
2025-06-29T12:04:00.000,28.4545
2025-06-29T12:05:00.000,28.6460
2025-06-29T12:06:00.000,28.7261
2025-06-29T12:07:00.000,28.8177
2025-06-29T12:08:00.000,28.9668
2025-06-29T12:09:00.000,29.0730
2025-06-29T12:10:00.000,29.2555
2025-06-29T12:11:00.000,29.4167
2025-06-29T12:12:00.000,29.6273
2025-06-29T12:13:00.000,29.7414
2025-06-29T12:14:00.000,29.9223
2025-06-29T12:15:00.000,30.1630
2025-06-29T12:16:00.000,30.0919
2025-06-29T12:17:00.000,29.9788
2025-06-29T12:18:00.000,29.9397
2025-06-29T12:19:00.000,29.9281
2025-06-29T12:20:00.000,29.9556
2025-06-29T12:21:00.000,30.0890
2025-06-29T12:22:00.000,30.1412
2025-06-29T12:23:00.000,30.2443
2025-06-29T12:24:00.000,30.2792
2025-06-29T12:25:00.000,30.1659
2025-06-29T12:26:00.000,30.0541
2025-06-29T12:27:00.000,30.0788
2025-06-29T12:28:00.000,30.1339
2025-06-29T12:29:00.000,30.1630
2025-06-29T12:30:00.000,30.2559
2025-06-29T12:31:00.000,30.3635
2025-06-29T12:32:00.000,30.5237
2025-06-29T12:33:00.000,30.7425
2025-06-29T12:34:00.000,30.8288
2025-06-29T12:35:00.000,30.8405
2025-06-29T12:36:00.000,30.9209
2025-06-29T12:37:00.000,30.8054
2025-06-29T12:38:00.000,30.6768
2025-06-29T12:39:00.000,30.6914
2025-06-29T12:40:00.000,30.9195
2025-06-29T12:41:00.000,31.0674
2025-06-29T12:42:00.000,31.1819
2025-06-29T12:43:00.000,31.1863
2025-06-29T12:44:00.000,31.1041
2025-06-29T12:45:00.000,31.3067
2025-06-29T12:46:00.000,31.6854
2025-06-29T12:47:00.000,31.9931
2025-06-29T12:48:00.000,32.3198
2025-06-29T12:49:00.000,32.5821
2025-06-29T12:50:00.000,32.8618
2025-06-29T12:51:00.000,32.9877
2025-06-29T12:52:00.000,32.7929
2025-06-29T12:53:00.000,32.9022
2025-06-29T12:54:00.000,32.9607
2025-06-29T12:55:00.000,33.2583
2025-06-29T12:56:00.000,33.3834
2025-06-29T12:57:00.000,33.1906
2025-06-29T12:58:00.000,33.0583
2025-06-29T12:59:00.000,32.9412
2025-06-29T13:00:00.000,32.7719
2025-06-29T13:01:00.000,32.4807
2025-06-29T13:02:00.000,32.2454
2025-06-29T13:03:00.000,32.1726
2025-06-29T13:04:00.000,32.0361
2025-06-29T13:05:00.000,32.0509
2025-06-29T13:06:00.000,31.9857
2025-06-29T13:07:00.000,31.9813
2025-06-29T13:08:00.000,32.0124
2025-06-29T13:09:00.000,32.0376
2025-06-29T13:10:00.000,32.1118
2025-06-29T13:11:00.000,32.3124
2025-06-29T13:12:00.000,32.3630
2025-06-29T13:13:00.000,32.4211
2025-06-29T13:14:00.000,32.5672
2025-06-29T13:15:00.000,32.6732
2025-06-29T13:16:00.000,32.7660
2025-06-29T13:17:00.000,32.8873
2025-06-29T13:18:00.000,32.9457
2025-06-29T13:19:00.000,32.8423
2025-06-29T13:20:00.000,32.8408
2025-06-29T13:21:00.000,33.0478
2025-06-29T13:22:00.000,33.1515
2025-06-29T13:23:00.000,33.2342
2025-06-29T13:24:00.000,33.1019
2025-06-29T13:25:00.000,33.1319
2025-06-29T13:26:00.000,33.1665
2025-06-29T13:27:00.000,33.1710
2025-06-29T13:28:00.000,33.2448
2025-06-29T13:29:00.000,33.2960
2025-06-29T13:30:00.000,33.3201
2025-06-29T13:31:00.000,33.3879
2025-06-29T13:32:00.000,33.3894
2025-06-29T13:33:00.000,33.3457
2025-06-29T13:34:00.000,33.2342
2025-06-29T13:35:00.000,32.9967
2025-06-29T13:36:00.000,32.7301
2025-06-29T13:37:00.000,32.6927
2025-06-29T13:38:00.000,32.8213
2025-06-29T13:39:00.000,32.7046
2025-06-29T13:40:00.000,32.4121
2025-06-29T13:41:00.000,32.2588
2025-06-29T13:42:00.000,32.2499
2025-06-29T13:43:00.000,32.1964
2025-06-29T13:44:00.000,32.2633
2025-06-29T13:45:00.000,32.3392
2025-06-29T13:46:00.000,32.3377
2025-06-29T13:47:00.000,32.4270
2025-06-29T13:48:00.000,32.3883
2025-06-29T13:49:00.000,32.3302
2025-06-29T13:50:00.000,32.2217
2025-06-29T13:51:00.000,32.1489
2025-06-29T13:52:00.000,32.0598
2025-06-29T13:53:00.000,32.0524
2025-06-29T13:54:00.000,32.1429
2025-06-29T13:55:00.000,32.2633
2025-06-29T13:56:00.000,32.2544
2025-06-29T13:57:00.000,32.2752
2025-06-29T13:58:00.000,32.1934
2025-06-29T13:59:00.000,32.0999
2025-06-29T14:00:00.000,32.0494
2025-06-29T14:01:00.000,32.0509
2025-06-29T14:02:00.000,32.1251
2025-06-29T14:03:00.000,32.2142
2025-06-29T14:04:00.000,32.2722
2025-06-29T14:05:00.000,32.4986
2025-06-29T14:06:00.000,32.5553
2025-06-29T14:07:00.000,32.6239
2025-06-29T14:08:00.000,32.6553
2025-06-29T14:09:00.000,32.7330
2025-06-29T14:10:00.000,33.0057
2025-06-29T14:11:00.000,33.2101
2025-06-29T14:12:00.000,33.2327
2025-06-29T14:13:00.000,33.4921
2025-06-29T14:14:00.000,33.6554
2025-06-29T14:15:00.000,33.6645
2025-06-29T14:16:00.000,33.7538
2025-06-29T14:17:00.000,33.8524
2025-06-29T14:18:00.000,33.8509
2025-06-29T14:19:00.000,33.8160
2025-06-29T14:20:00.000,33.7902
2025-06-29T14:21:00.000,33.7978
2025-06-29T14:22:00.000,33.7569
2025-06-29T14:23:00.000,33.5903
2025-06-29T14:24:00.000,33.5359
2025-06-29T14:25:00.000,33.5450
2025-06-29T14:26:00.000,33.4166
2025-06-29T14:27:00.000,33.2734
2025-06-29T14:28:00.000,33.1560
2025-06-29T14:29:00.000,33.0463
2025-06-29T14:30:00.000,32.9637
2025-06-29T14:31:00.000,32.9127
2025-06-29T14:32:00.000,33.0253
2025-06-29T14:33:00.000,33.4906
2025-06-29T14:34:00.000,33.9405
2025-06-29T14:35:00.000,34.2634
2025-06-29T14:36:00.000,34.5555
2025-06-29T14:37:00.000,34.8966
2025-06-29T14:38:00.000,35.2331
2025-06-29T14:39:00.000,35.4424
2025-06-29T14:40:00.000,35.3881
2025-06-29T14:41:00.000,35.1481
2025-06-29T14:42:00.000,34.9320
2025-06-29T14:43:00.000,34.9027
2025-06-29T14:44:00.000,34.8920
2025-06-29T14:45:00.000,34.8442
2025-06-29T14:46:00.000,34.9120
2025-06-29T14:47:00.000,34.8612
2025-06-29T14:48:00.000,34.7842
2025-06-29T14:49:00.000,34.5892
2025-06-29T14:50:00.000,34.3718
2025-06-29T14:51:00.000,34.2924
2025-06-29T14:52:00.000,34.3260
2025-06-29T14:53:00.000,34.2588
2025-06-29T14:54:00.000,34.1094
2025-06-29T14:55:00.000,33.9056
2025-06-29T14:56:00.000,33.7387
2025-06-29T14:57:00.000,33.6266
2025-06-29T14:58:00.000,33.5812
2025-06-29T14:59:00.000,33.5767
2025-06-29T15:00:00.000,33.5132
2025-06-29T15:01:00.000,33.4045
2025-06-29T15:02:00.000,33.3487
2025-06-29T15:03:00.000,33.2553
2025-06-29T15:04:00.000,33.1560
2025-06-29T15:05:00.000,33.0733
2025-06-29T15:06:00.000,33.0958
2025-06-29T15:07:00.000,33.1906
2025-06-29T15:08:00.000,33.2628
2025-06-29T15:09:00.000,33.2839
2025-06-29T15:10:00.000,33.2493
2025-06-29T15:11:00.000,33.1635
2025-06-29T15:12:00.000,33.1831
2025-06-29T15:13:00.000,33.1364
2025-06-29T15:14:00.000,33.1545
2025-06-29T15:15:00.000,33.1876
2025-06-29T15:16:00.000,33.2628
2025-06-29T15:17:00.000,33.4453
2025-06-29T15:18:00.000,33.4196
2025-06-29T15:19:00.000,33.5162
2025-06-29T15:20:00.000,33.6993
2025-06-29T15:21:00.000,33.7842
2025-06-29T15:22:00.000,33.9557
2025-06-29T15:23:00.000,34.0576
2025-06-29T15:24:00.000,34.0591
2025-06-29T15:25:00.000,33.9025
2025-06-29T15:26:00.000,33.7645
2025-06-29T15:27:00.000,33.5646
2025-06-29T15:28:00.000,33.6675
2025-06-29T15:29:00.000,33.7235
2025-06-29T15:30:00.000,33.7963
2025-06-29T15:31:00.000,33.9588
2025-06-29T15:32:00.000,34.0942
2025-06-29T15:33:00.000,34.1246
2025-06-29T15:34:00.000,34.0683
2025-06-29T15:35:00.000,34.0896
2025-06-29T15:36:00.000,34.0911
2025-06-29T15:37:00.000,34.1033
2025-06-29T15:38:00.000,34.2359
2025-06-29T15:39:00.000,34.3336
2025-06-29T15:40:00.000,34.2832
2025-06-29T15:41:00.000,34.3199
2025-06-29T15:42:00.000,34.3810
2025-06-29T15:43:00.000,34.2588
2025-06-29T15:44:00.000,34.1490
2025-06-29T15:45:00.000,34.0591
2025-06-29T15:46:00.000,34.0728
2025-06-29T15:47:00.000,34.1475
2025-06-29T15:48:00.000,34.1368
2025-06-29T15:49:00.000,33.9223
2025-06-29T15:50:00.000,33.7296
2025-06-29T15:51:00.000,33.6584
2025-06-29T15:52:00.000,33.9800
2025-06-29T15:53:00.000,34.2542
2025-06-29T15:54:00.000,34.4529
2025-06-29T15:55:00.000,34.4606
2025-06-29T15:56:00.000,34.4361
2025-06-29T15:57:00.000,34.3948
2025-06-29T15:58:00.000,34.2680
2025-06-29T15:59:00.000,34.1825
2025-06-29T16:00:00.000,34.0561
2025-06-29T16:01:00.000,33.8297
2025-06-29T16:02:00.000,33.6978
2025-06-29T16:03:00.000,33.5767
2025-06-29T16:04:00.000,33.5707
2025-06-29T16:05:00.000,33.6160
2025-06-29T16:06:00.000,33.5102
2025-06-29T16:07:00.000,33.4287
2025-06-29T16:08:00.000,33.3231
2025-06-29T16:09:00.000,33.3035
2025-06-29T16:10:00.000,33.2854
2025-06-29T16:11:00.000,33.3547
2025-06-29T16:12:00.000,33.4588
2025-06-29T16:13:00.000,33.5344
2025-06-29T16:14:00.000,33.5767
2025-06-29T16:15:00.000,33.6281
2025-06-29T16:16:00.000,33.6766
2025-06-29T16:17:00.000,33.7569
2025-06-29T16:18:00.000,33.7281
2025-06-29T16:19:00.000,33.6312
2025-06-29T16:20:00.000,33.4271
2025-06-29T16:21:00.000,33.2402
2025-06-29T16:22:00.000,33.0943
2025-06-29T16:23:00.000,33.0883
2025-06-29T16:24:00.000,32.9667
2025-06-29T16:25:00.000,32.9187
2025-06-29T16:26:00.000,33.0027
2025-06-29T16:27:00.000,32.9577
2025-06-29T16:28:00.000,32.8543
2025-06-29T16:29:00.000,32.8109
2025-06-29T16:30:00.000,32.6867
2025-06-29T16:31:00.000,32.5836
2025-06-29T16:32:00.000,32.5284
2025-06-29T16:33:00.000,32.4136
2025-06-29T16:34:00.000,32.3779
2025-06-29T16:35:00.000,32.3630
2025-06-29T16:36:00.000,32.3555
2025-06-29T16:37:00.000,32.2559
2025-06-29T16:38:00.000,32.1890
2025-06-29T16:39:00.000,32.2886
2025-06-29T16:40:00.000,32.3838
2025-06-29T16:41:00.000,32.4688
2025-06-29T16:42:00.000,32.5836
2025-06-29T16:43:00.000,32.6568
2025-06-29T16:44:00.000,32.7615
2025-06-29T16:45:00.000,32.8228
2025-06-29T16:46:00.000,32.7719
2025-06-29T16:47:00.000,32.8633
2025-06-29T16:48:00.000,32.9967
2025-06-29T16:49:00.000,33.2026
2025-06-29T16:50:00.000,33.3894
2025-06-29T16:51:00.000,33.5903
2025-06-29T16:52:00.000,33.8084
2025-06-29T16:53:00.000,34.0241
2025-06-29T16:54:00.000,34.2924
2025-06-29T16:55:00.000,34.4284
2025-06-29T16:56:00.000,34.4789
2025-06-29T16:57:00.000,34.5341
2025-06-29T16:58:00.000,34.3902
2025-06-29T16:59:00.000,34.1841
2025-06-29T17:00:00.000,33.9770
2025-06-29T17:01:00.000,33.7372
2025-06-29T17:02:00.000,33.5767
2025-06-29T17:03:00.000,33.6115
2025-06-29T17:04:00.000,33.6524
2025-06-29T17:05:00.000,33.7417
2025-06-29T17:06:00.000,33.9132
2025-06-29T17:07:00.000,33.9816
2025-06-29T17:08:00.000,33.8889
2025-06-29T17:09:00.000,33.8251
2025-06-29T17:10:00.000,33.8570
2025-06-29T17:11:00.000,33.7023
2025-06-29T17:12:00.000,33.3849
2025-06-29T17:13:00.000,33.1891
2025-06-29T17:14:00.000,33.2628
2025-06-29T17:15:00.000,33.1229
2025-06-29T17:16:00.000,32.7690
2025-06-29T17:17:00.000,32.6210
2025-06-29T17:18:00.000,32.3139
2025-06-29T17:19:00.000,32.1415
2025-06-29T17:20:00.000,32.1489
2025-06-29T17:21:00.000,32.1890
2025-06-29T17:22:00.000,32.0465
2025-06-29T17:23:00.000,32.0776
2025-06-29T17:24:00.000,32.0940
2025-06-29T17:25:00.000,31.9487
2025-06-29T17:26:00.000,31.9738
2025-06-29T17:27:00.000,31.8243
2025-06-29T17:28:00.000,31.5393
2025-06-29T17:29:00.000,31.5556
2025-06-29T17:30:00.000,31.8081
2025-06-29T17:31:00.000,31.9250
2025-06-29T17:32:00.000,31.8199
2025-06-29T17:33:00.000,31.6293
2025-06-29T17:34:00.000,31.3935
2025-06-29T17:35:00.000,31.2671
2025-06-29T17:36:00.000,31.2582
2025-06-29T17:37:00.000,31.2377
2025-06-29T17:38:00.000,31.1510
2025-06-29T17:39:00.000,30.9707
2025-06-29T17:40:00.000,30.8025
2025-06-29T17:41:00.000,30.7820
2025-06-29T17:42:00.000,30.7703
2025-06-29T17:43:00.000,30.7542
2025-06-29T17:44:00.000,30.7747
2025-06-29T17:45:00.000,30.7236
2025-06-29T17:46:00.000,30.9693
2025-06-29T17:47:00.000,31.1951
2025-06-29T17:48:00.000,31.2436
2025-06-29T17:49:00.000,31.2627
2025-06-29T17:50:00.000,31.4112
2025-06-29T17:51:00.000,31.8125
2025-06-29T17:52:00.000,32.0435
2025-06-29T17:53:00.000,32.0702
2025-06-29T17:54:00.000,32.0836
2025-06-29T17:55:00.000,32.2752
2025-06-29T17:56:00.000,32.4568
2025-06-29T17:57:00.000,32.4121
2025-06-29T17:58:00.000,31.8924
2025-06-29T17:59:00.000,31.2039
2025-06-29T18:00:00.000,30.2661
2025-06-29T18:01:00.000,28.7762
2025-06-29T18:02:00.000,27.3321
2025-06-29T18:03:00.000,26.1399
2025-06-29T18:04:00.000,25.2498
2025-06-29T18:05:00.000,24.5851
2025-06-29T18:06:00.000,24.0764
2025-06-29T18:07:00.000,23.7030
2025-06-29T18:08:00.000,23.4075
2025-06-29T18:09:00.000,23.1427
2025-06-29T18:10:00.000,22.8975
2025-06-29T18:11:00.000,22.6841
2025-06-29T18:12:00.000,22.4847
2025-06-29T18:13:00.000,22.1205
2025-06-29T18:14:00.000,21.6799
2025-06-29T18:15:00.000,21.3564
2025-06-29T18:16:00.000,21.1618
2025-06-29T18:17:00.000,21.0385
2025-06-29T18:18:00.000,20.8988
2025-06-29T18:19:00.000,20.5990
2025-06-29T18:20:00.000,20.2105
2025-06-29T18:21:00.000,19.8289
2025-06-29T18:22:00.000,19.4653
2025-06-29T18:23:00.000,19.1085
2025-06-29T18:24:00.000,18.8118
2025-06-29T18:25:00.000,18.5658
2025-06-29T18:26:00.000,18.3538
2025-06-29T18:27:00.000,18.1528
2025-06-29T18:28:00.000,17.9490
2025-06-29T18:29:00.000,17.7712
2025-06-29T18:30:00.000,17.6303
2025-06-29T18:31:00.000,17.4688
2025-06-29T18:32:00.000,17.3168
2025-06-29T18:33:00.000,17.1730
2025-06-29T18:34:00.000,16.9621
2025-06-29T18:35:00.000,16.7071
2025-06-29T18:36:00.000,16.4658
2025-06-29T18:37:00.000,16.2627
2025-06-29T18:38:00.000,16.0952
2025-06-29T18:39:00.000,15.9619
2025-06-29T18:40:00.000,15.8561
2025-06-29T18:41:00.000,15.7764
2025-06-29T18:42:00.000,15.7021
2025-06-29T18:43:00.000,15.6306
2025-06-29T18:44:00.000,15.5742
2025-06-29T18:45:00.000,15.5219
2025-06-29T18:46:00.000,15.4916
2025-06-29T18:47:00.000,15.4792
2025-06-29T18:48:00.000,15.5357
2025-06-29T18:49:00.000,15.6334
2025-06-29T18:50:00.000,15.6966
2025-06-29T18:51:00.000,15.7557
2025-06-29T18:52:00.000,15.7915
2025-06-29T18:53:00.000,15.7626
2025-06-29T18:54:00.000,15.7351
2025-06-29T18:55:00.000,15.7104
2025-06-29T18:56:00.000,15.6499
2025-06-29T18:57:00.000,15.5632
2025-06-29T18:58:00.000,15.4242
2025-06-29T18:59:00.000,15.2672
2025-06-29T19:00:00.000,15.1253
2025-06-29T19:01:00.000,15.0329
2025-06-29T19:02:00.000,14.9929
2025-06-29T19:03:00.000,14.9419
2025-06-29T19:04:00.000,14.9033
2025-06-29T19:05:00.000,14.8619
2025-06-29T19:06:00.000,14.7998
2025-06-29T19:07:00.000,14.7156
2025-06-29T19:08:00.000,14.6576
2025-06-29T19:09:00.000,14.6272
2025-06-29T19:10:00.000,14.5871
2025-06-29T19:11:00.000,14.5457
2025-06-29T19:12:00.000,14.5028
2025-06-29T19:13:00.000,14.4724
2025-06-29T19:14:00.000,14.4365
2025-06-29T19:15:00.000,14.4074
2025-06-29T19:16:00.000,14.3867
2025-06-29T19:17:00.000,14.3577
2025-06-29T19:18:00.000,14.3203
2025-06-29T19:19:00.000,14.2885
2025-06-29T19:20:00.000,14.2262
2025-06-29T19:21:00.000,14.1570
2025-06-29T19:22:00.000,14.0614
2025-06-29T19:23:00.000,13.9894
2025-06-29T19:24:00.000,13.9145
2025-06-29T19:25:00.000,13.8410
2025-06-29T19:26:00.000,13.7661
2025-06-29T19:27:00.000,13.6912
2025-06-29T19:28:00.000,13.6121
2025-06-29T19:29:00.000,13.5454
2025-06-29T19:30:00.000,13.4884
2025-06-29T19:31:00.000,13.4384
2025-06-29T19:32:00.000,13.3897
2025-06-29T19:33:00.000,13.3508
2025-06-29T19:34:00.000,13.3202
2025-06-29T19:35:00.000,13.2965
2025-06-29T19:36:00.000,13.2770
2025-06-29T19:37:00.000,13.2645
2025-06-29T19:38:00.000,13.2464
2025-06-29T19:39:00.000,13.2214
2025-06-29T19:40:00.000,13.2019
2025-06-29T19:41:00.000,13.1879
2025-06-29T19:42:00.000,13.1657
2025-06-29T19:43:00.000,13.1462
2025-06-29T19:44:00.000,13.1322
2025-06-29T19:45:00.000,13.1127
2025-06-29T19:46:00.000,13.0946
2025-06-29T19:47:00.000,13.0821
2025-06-29T19:48:00.000,13.0835
2025-06-29T19:49:00.000,13.1336
2025-06-29T19:50:00.000,13.2269
2025-06-29T19:51:00.000,13.3327
2025-06-29T19:52:00.000,13.3855
2025-06-29T19:53:00.000,13.3911
2025-06-29T19:54:00.000,13.3536
2025-06-29T19:55:00.000,13.2951
2025-06-29T19:56:00.000,13.2325
2025-06-29T19:57:00.000,13.1893
2025-06-29T19:58:00.000,13.1239
2025-06-29T19:59:00.000,13.0654
2025-06-29T20:00:00.000,13.0082
2025-06-29T20:01:00.000,12.9706
2025-06-29T20:02:00.000,12.9539
2025-06-29T20:03:00.000,12.9316
2025-06-29T20:04:00.000,12.9078
2025-06-29T20:05:00.000,12.8995
2025-06-29T20:06:00.000,12.9190
2025-06-29T20:07:00.000,12.9371
2025-06-29T20:08:00.000,12.9455
2025-06-29T20:09:00.000,12.9525
2025-06-29T20:10:00.000,12.9553
2025-06-29T20:11:00.000,12.9553
2025-06-29T20:12:00.000,12.9580
2025-06-29T20:13:00.000,12.9539
2025-06-29T20:14:00.000,12.9469
2025-06-29T20:15:00.000,12.9385
2025-06-29T20:16:00.000,12.9260
2025-06-29T20:17:00.000,12.9106
2025-06-29T20:18:00.000,12.8953
2025-06-29T20:19:00.000,12.8785
2025-06-29T20:20:00.000,12.8632
2025-06-29T20:21:00.000,12.8451
2025-06-29T20:22:00.000,12.8185
2025-06-29T20:23:00.000,12.7864
2025-06-29T20:24:00.000,12.7529
2025-06-29T20:25:00.000,12.7236
2025-06-29T20:26:00.000,12.6985
2025-06-29T20:27:00.000,12.6789
2025-06-29T20:28:00.000,12.6635
2025-06-29T20:29:00.000,12.6538
2025-06-29T20:30:00.000,12.6426
2025-06-29T20:31:00.000,12.6300
2025-06-29T20:32:00.000,12.6216
2025-06-29T20:33:00.000,12.6146
2025-06-29T20:34:00.000,12.6035
2025-06-29T20:35:00.000,12.6035
2025-06-29T20:36:00.000,12.6314
2025-06-29T20:37:00.000,12.6608
2025-06-29T20:38:00.000,12.6901
2025-06-29T20:39:00.000,12.7194
2025-06-29T20:40:00.000,12.7418
2025-06-29T20:41:00.000,12.7683
2025-06-29T20:42:00.000,12.7892
2025-06-29T20:43:00.000,12.8102
2025-06-29T20:44:00.000,12.8534
2025-06-29T20:45:00.000,12.8911
2025-06-29T20:46:00.000,12.9274
2025-06-29T20:47:00.000,12.9567
2025-06-29T20:48:00.000,12.9720
2025-06-29T20:49:00.000,12.9790
2025-06-29T20:50:00.000,12.9845
2025-06-29T20:51:00.000,12.9887
2025-06-29T20:52:00.000,12.9971
2025-06-29T20:53:00.000,12.9957
2025-06-29T20:54:00.000,12.9831
2025-06-29T20:55:00.000,12.9664
2025-06-29T20:56:00.000,12.9427
2025-06-29T20:57:00.000,12.9148
2025-06-29T20:58:00.000,12.8911
2025-06-29T20:59:00.000,12.8730
2025-06-29T21:00:00.000,12.8534
2025-06-29T21:01:00.000,12.8297
2025-06-29T21:02:00.000,12.8046
2025-06-29T21:03:00.000,12.7864
2025-06-29T21:04:00.000,12.7655
2025-06-29T21:05:00.000,12.7501
2025-06-29T21:06:00.000,12.7362
2025-06-29T21:07:00.000,12.7278
2025-06-29T21:08:00.000,12.7208
2025-06-29T21:09:00.000,12.7166
2025-06-29T21:10:00.000,12.7110
2025-06-29T21:11:00.000,12.7110
2025-06-29T21:12:00.000,12.7138
2025-06-29T21:13:00.000,12.7180
2025-06-29T21:14:00.000,12.7250
2025-06-29T21:15:00.000,12.7320
2025-06-29T21:16:00.000,12.7376
2025-06-29T21:17:00.000,12.7418
2025-06-29T21:18:00.000,12.7418
2025-06-29T21:19:00.000,12.7390
2025-06-29T21:20:00.000,12.7418
2025-06-29T21:21:00.000,12.7362
2025-06-29T21:22:00.000,12.7264
2025-06-29T21:23:00.000,12.7110
2025-06-29T21:24:00.000,12.6915
2025-06-29T21:25:00.000,12.6663
2025-06-29T21:26:00.000,12.6412
2025-06-29T21:27:00.000,12.6188
2025-06-29T21:28:00.000,12.6049
2025-06-29T21:29:00.000,12.5867
2025-06-29T21:30:00.000,12.5699
2025-06-29T21:31:00.000,12.5545
2025-06-29T21:32:00.000,12.5377
2025-06-29T21:33:00.000,12.5182
2025-06-29T21:34:00.000,12.5014
2025-06-29T21:35:00.000,12.4804
2025-06-29T21:36:00.000,12.4496
2025-06-29T21:37:00.000,12.4230
2025-06-29T21:38:00.000,12.3936
2025-06-29T21:39:00.000,12.3586
2025-06-29T21:40:00.000,12.3264
2025-06-29T21:41:00.000,12.3054
2025-06-29T21:42:00.000,12.2956
2025-06-29T21:43:00.000,12.2830
2025-06-29T21:44:00.000,12.2774
2025-06-29T21:45:00.000,12.2760
2025-06-29T21:46:00.000,12.2704
2025-06-29T21:47:00.000,12.2662
2025-06-29T21:48:00.000,12.2648
2025-06-29T21:49:00.000,12.2690
2025-06-29T21:50:00.000,12.2816
2025-06-29T21:51:00.000,12.2914
2025-06-29T21:52:00.000,12.2984
2025-06-29T21:53:00.000,12.3026
2025-06-29T21:54:00.000,12.3138
2025-06-29T21:55:00.000,12.3208
2025-06-29T21:56:00.000,12.3292
2025-06-29T21:57:00.000,12.3418
2025-06-29T21:58:00.000,12.3712
2025-06-29T21:59:00.000,12.3964
2025-06-29T22:00:00.000,12.4314
2025-06-29T22:01:00.000,12.4692
2025-06-29T22:02:00.000,12.5084
2025-06-29T22:03:00.000,12.5489
2025-06-29T22:04:00.000,12.5951
2025-06-29T22:05:00.000,12.6384
2025-06-29T22:06:00.000,12.6733
2025-06-29T22:07:00.000,12.6915
2025-06-29T22:08:00.000,12.6915
2025-06-29T22:09:00.000,12.6775
2025-06-29T22:10:00.000,12.6538
2025-06-29T22:11:00.000,12.6286
2025-06-29T22:12:00.000,12.6007
2025-06-29T22:13:00.000,12.5727
2025-06-29T22:14:00.000,12.5475
2025-06-29T22:15:00.000,12.5252
2025-06-29T22:16:00.000,12.5056
2025-06-29T22:17:00.000,12.4874
2025-06-29T22:18:00.000,12.4706
2025-06-29T22:19:00.000,12.4552
2025-06-29T22:20:00.000,12.4412
2025-06-29T22:21:00.000,12.4328
2025-06-29T22:22:00.000,12.4258
2025-06-29T22:23:00.000,12.4272
2025-06-29T22:24:00.000,12.4342
2025-06-29T22:25:00.000,12.4412
2025-06-29T22:26:00.000,12.4412
2025-06-29T22:27:00.000,12.4398
2025-06-29T22:28:00.000,12.4398
2025-06-29T22:29:00.000,12.4314
2025-06-29T22:30:00.000,12.4034
2025-06-29T22:31:00.000,12.3684
2025-06-29T22:32:00.000,12.3348
2025-06-29T22:33:00.000,12.2900
2025-06-29T22:34:00.000,12.2438
2025-06-29T22:35:00.000,12.1891
2025-06-29T22:36:00.000,12.1372
2025-06-29T22:37:00.000,12.0910
2025-06-29T22:38:00.000,12.0489
2025-06-29T22:39:00.000,12.0166
2025-06-29T22:40:00.000,11.9899
2025-06-29T22:41:00.000,11.9703
2025-06-29T22:42:00.000,11.9590
2025-06-29T22:43:00.000,11.9520
2025-06-29T22:44:00.000,11.9478
2025-06-29T22:45:00.000,11.9492
2025-06-29T22:46:00.000,11.9464
2025-06-29T22:47:00.000,11.9450
2025-06-29T22:48:00.000,11.9436
2025-06-29T22:49:00.000,11.9436
2025-06-29T22:50:00.000,11.9436
2025-06-29T22:51:00.000,11.9450
2025-06-29T22:52:00.000,11.9464
2025-06-29T22:53:00.000,11.9478
2025-06-29T22:54:00.000,11.9506
2025-06-29T22:55:00.000,11.9520
2025-06-29T22:56:00.000,11.9548
2025-06-29T22:57:00.000,11.9562
2025-06-29T22:58:00.000,11.9576
2025-06-29T22:59:00.000,11.9632
2025-06-29T23:00:00.000,11.9703
2025-06-29T23:01:00.000,11.9787
2025-06-29T23:02:00.000,11.9899
2025-06-29T23:03:00.000,11.9955
2025-06-29T23:04:00.000,12.0011
2025-06-29T23:05:00.000,12.0082
2025-06-29T23:06:00.000,12.0138
2025-06-29T23:07:00.000,12.0194
2025-06-29T23:08:00.000,12.0222
2025-06-29T23:09:00.000,12.0236
2025-06-29T23:10:00.000,12.0264
2025-06-29T23:11:00.000,12.0348
2025-06-29T23:12:00.000,12.0447
2025-06-29T23:13:00.000,12.0559
2025-06-29T23:14:00.000,12.0671
2025-06-29T23:15:00.000,12.0797
2025-06-29T23:16:00.000,12.0980
2025-06-29T23:17:00.000,12.1232
2025-06-29T23:18:00.000,12.1597
2025-06-29T23:19:00.000,12.2116
2025-06-29T23:20:00.000,12.2984
2025-06-29T23:21:00.000,12.3586
2025-06-29T23:22:00.000,12.3754
2025-06-29T23:23:00.000,12.3852
2025-06-29T23:24:00.000,12.3824
2025-06-29T23:25:00.000,12.3936
2025-06-29T23:26:00.000,12.4188
2025-06-29T23:27:00.000,12.4300
2025-06-29T23:28:00.000,12.4286
2025-06-29T23:29:00.000,12.4230
2025-06-29T23:30:00.000,12.4146
2025-06-29T23:31:00.000,12.4048
2025-06-29T23:32:00.000,12.3964
2025-06-29T23:33:00.000,12.3880
2025-06-29T23:34:00.000,12.3768
2025-06-29T23:35:00.000,12.3670
2025-06-29T23:36:00.000,12.3642
2025-06-29T23:37:00.000,12.3586
2025-06-29T23:38:00.000,12.3558
2025-06-29T23:39:00.000,12.3544
2025-06-29T23:40:00.000,12.3544
2025-06-29T23:41:00.000,12.3544
2025-06-29T23:42:00.000,12.3544
2025-06-29T23:43:00.000,12.3544
2025-06-29T23:44:00.000,12.3516
2025-06-29T23:45:00.000,12.3502
2025-06-29T23:46:00.000,12.3502
2025-06-29T23:47:00.000,12.3488
2025-06-29T23:48:00.000,12.3488
2025-06-29T23:49:00.000,12.3502
2025-06-29T23:50:00.000,12.3502
2025-06-29T23:51:00.000,12.3502
2025-06-29T23:52:00.000,12.3516
2025-06-29T23:53:00.000,12.3558
2025-06-29T23:54:00.000,12.3516
2025-06-29T23:55:00.000,12.3460
2025-06-29T23:56:00.000,12.3418
2025-06-29T23:57:00.000,12.3362
2025-06-29T23:58:00.000,12.3194
2025-06-29T23:59:00.000,12.2746
2025-06-30T00:00:00.000,12.2424
2025-06-30T00:01:00.000,12.2186
2025-06-30T00:02:00.000,12.2087
2025-06-30T00:03:00.000,12.2059
2025-06-30T00:04:00.000,12.2073
2025-06-30T00:05:00.000,12.2130
2025-06-30T00:06:00.000,12.2214
2025-06-30T00:07:00.000,12.2200
2025-06-30T00:08:00.000,12.2059
2025-06-30T00:09:00.000,12.1905
2025-06-30T00:10:00.000,12.2003
2025-06-30T00:11:00.000,12.2102
2025-06-30T00:12:00.000,12.2144
2025-06-30T00:13:00.000,12.2102
2025-06-30T00:14:00.000,12.2017
2025-06-30T00:15:00.000,12.2003
2025-06-30T00:16:00.000,12.1961
2025-06-30T00:17:00.000,12.1933
2025-06-30T00:18:00.000,12.1961
2025-06-30T00:19:00.000,12.1947
2025-06-30T00:20:00.000,12.2017
2025-06-30T00:21:00.000,12.2326
2025-06-30T00:22:00.000,12.2550
2025-06-30T00:23:00.000,12.2718
2025-06-30T00:24:00.000,12.2914
2025-06-30T00:25:00.000,12.3096
2025-06-30T00:26:00.000,12.3320
2025-06-30T00:27:00.000,12.3586
2025-06-30T00:28:00.000,12.3894
2025-06-30T00:29:00.000,12.4314
2025-06-30T00:30:00.000,12.4566
2025-06-30T00:31:00.000,12.4874
2025-06-30T00:32:00.000,12.5112
2025-06-30T00:33:00.000,12.5517
2025-06-30T00:34:00.000,12.5811
2025-06-30T00:35:00.000,12.6174
2025-06-30T00:36:00.000,12.7096
2025-06-30T00:37:00.000,12.8171
2025-06-30T00:38:00.000,13.0013
2025-06-30T00:39:00.000,13.2060
2025-06-30T00:40:00.000,13.4161
2025-06-30T00:41:00.000,13.5912
2025-06-30T00:42:00.000,13.7259
2025-06-30T00:43:00.000,13.8161
2025-06-30T00:44:00.000,13.9187
2025-06-30T00:45:00.000,13.9894
2025-06-30T00:46:00.000,13.9714
2025-06-30T00:47:00.000,13.8993
2025-06-30T00:48:00.000,13.7786
2025-06-30T00:49:00.000,13.5704
2025-06-30T00:50:00.000,13.3716
2025-06-30T00:51:00.000,13.2019
2025-06-30T00:52:00.000,13.0835
2025-06-30T00:53:00.000,13.0082
2025-06-30T00:54:00.000,13.0180
2025-06-30T00:55:00.000,13.1977
2025-06-30T00:56:00.000,13.4370
2025-06-30T00:57:00.000,13.6759
2025-06-30T00:58:00.000,13.8854
2025-06-30T00:59:00.000,14.0656
2025-06-30T01:00:00.000,14.2110
2025-06-30T01:01:00.000,14.3286
2025-06-30T01:02:00.000,14.4157
2025-06-30T01:03:00.000,14.4738
2025-06-30T01:04:00.000,14.5222
2025-06-30T01:05:00.000,14.5581
2025-06-30T01:06:00.000,14.5802
2025-06-30T01:07:00.000,14.5982
2025-06-30T01:08:00.000,14.6106
2025-06-30T01:09:00.000,14.6230
2025-06-30T01:10:00.000,14.6300
2025-06-30T01:11:00.000,14.6327
2025-06-30T01:12:00.000,14.6313
2025-06-30T01:13:00.000,14.6313
2025-06-30T01:14:00.000,14.6327
2025-06-30T01:15:00.000,14.6244
2025-06-30T01:16:00.000,14.6175
2025-06-30T01:17:00.000,14.6134
2025-06-30T01:18:00.000,14.6217
2025-06-30T01:19:00.000,14.6148
2025-06-30T01:20:00.000,14.6092
2025-06-30T01:21:00.000,14.6023
2025-06-30T01:22:00.000,14.5871
2025-06-30T01:23:00.000,14.5733
2025-06-30T01:24:00.000,14.5747
2025-06-30T01:25:00.000,14.5857
2025-06-30T01:26:00.000,14.5830
2025-06-30T01:27:00.000,14.5650
2025-06-30T01:28:00.000,14.5429
2025-06-30T01:29:00.000,14.5291
2025-06-30T01:30:00.000,14.5249
2025-06-30T01:31:00.000,14.5222
2025-06-30T01:32:00.000,14.5291
2025-06-30T01:33:00.000,14.5263
2025-06-30T01:34:00.000,14.5084
2025-06-30T01:35:00.000,14.4254
2025-06-30T01:36:00.000,14.3397
2025-06-30T01:37:00.000,14.2954
2025-06-30T01:38:00.000,14.2636
2025-06-30T01:39:00.000,14.2331
2025-06-30T01:40:00.000,14.1875
2025-06-30T01:41:00.000,14.1390
2025-06-30T01:42:00.000,14.1168
2025-06-30T01:43:00.000,14.0988
2025-06-30T01:44:00.000,14.0905
2025-06-30T01:45:00.000,14.0407
2025-06-30T01:46:00.000,14.0323
2025-06-30T01:47:00.000,14.0254
2025-06-30T01:48:00.000,14.0060
2025-06-30T01:49:00.000,13.9561
2025-06-30T01:50:00.000,13.9187
2025-06-30T01:51:00.000,13.8868
2025-06-30T01:52:00.000,13.9437
2025-06-30T01:53:00.000,13.9353
2025-06-30T01:54:00.000,13.9256
2025-06-30T01:55:00.000,13.9728
2025-06-30T01:56:00.000,13.9963
2025-06-30T01:57:00.000,14.0060
2025-06-30T01:58:00.000,14.0462
2025-06-30T01:59:00.000,14.1030
2025-06-30T02:00:00.000,14.1418
2025-06-30T02:01:00.000,14.1861
2025-06-30T02:02:00.000,14.2414
2025-06-30T02:03:00.000,14.2456
2025-06-30T02:04:00.000,14.2580
2025-06-30T02:05:00.000,14.2843
2025-06-30T02:06:00.000,14.3079
2025-06-30T02:07:00.000,14.3189
2025-06-30T02:08:00.000,14.3092
2025-06-30T02:09:00.000,14.3175
2025-06-30T02:10:00.000,14.3341
2025-06-30T02:11:00.000,14.3452
2025-06-30T02:12:00.000,14.3535
2025-06-30T02:13:00.000,14.3604
2025-06-30T02:14:00.000,14.3632
2025-06-30T02:15:00.000,14.3646
2025-06-30T02:16:00.000,14.3660
2025-06-30T02:17:00.000,14.3494
2025-06-30T02:18:00.000,14.3314
2025-06-30T02:19:00.000,14.3092
2025-06-30T02:20:00.000,14.2940
2025-06-30T02:21:00.000,14.2843
2025-06-30T02:22:00.000,14.2816
2025-06-30T02:23:00.000,14.2899
2025-06-30T02:24:00.000,14.3106
2025-06-30T02:25:00.000,14.3286
2025-06-30T02:26:00.000,14.3162
2025-06-30T02:27:00.000,14.2954
2025-06-30T02:28:00.000,14.2788
2025-06-30T02:29:00.000,14.2525
2025-06-30T02:30:00.000,14.2442
2025-06-30T02:31:00.000,14.2470
2025-06-30T02:32:00.000,14.2470
2025-06-30T02:33:00.000,14.2456
2025-06-30T02:34:00.000,14.2401
2025-06-30T02:35:00.000,14.2387
2025-06-30T02:36:00.000,14.2304
2025-06-30T02:37:00.000,14.2165
2025-06-30T02:38:00.000,14.2110
2025-06-30T02:39:00.000,14.2013
2025-06-30T02:40:00.000,14.1847
2025-06-30T02:41:00.000,14.1805
2025-06-30T02:42:00.000,14.1722
2025-06-30T02:43:00.000,14.1750
2025-06-30T02:44:00.000,14.1944
2025-06-30T02:45:00.000,14.2096
2025-06-30T02:46:00.000,14.2151
2025-06-30T02:47:00.000,14.2165
2025-06-30T02:48:00.000,14.2193
2025-06-30T02:49:00.000,14.2207
2025-06-30T02:50:00.000,14.2207
2025-06-30T02:51:00.000,14.2221
2025-06-30T02:52:00.000,14.2248
2025-06-30T02:53:00.000,14.2262
2025-06-30T02:54:00.000,14.2221
2025-06-30T02:55:00.000,14.2179
2025-06-30T02:56:00.000,14.2165
2025-06-30T02:57:00.000,14.2262
2025-06-30T02:58:00.000,14.2373
2025-06-30T02:59:00.000,14.2414
2025-06-30T03:00:00.000,14.2414
2025-06-30T03:01:00.000,14.2497
2025-06-30T03:02:00.000,14.2497
2025-06-30T03:03:00.000,14.2470
2025-06-30T03:04:00.000,14.2456
2025-06-30T03:05:00.000,14.2428
2025-06-30T03:06:00.000,14.2401
2025-06-30T03:07:00.000,14.2401
2025-06-30T03:08:00.000,14.2373
2025-06-30T03:09:00.000,14.2151
2025-06-30T03:10:00.000,14.1999
2025-06-30T03:11:00.000,14.1778
2025-06-30T03:12:00.000,14.1612
2025-06-30T03:13:00.000,14.1584
2025-06-30T03:14:00.000,14.1459
2025-06-30T03:15:00.000,14.1501
2025-06-30T03:16:00.000,14.1487
2025-06-30T03:17:00.000,14.1404
2025-06-30T03:18:00.000,14.1445
2025-06-30T03:19:00.000,14.1459
2025-06-30T03:20:00.000,14.1376
2025-06-30T03:21:00.000,14.1279
2025-06-30T03:22:00.000,14.1265
2025-06-30T03:23:00.000,14.1099
2025-06-30T03:24:00.000,14.0975
2025-06-30T03:25:00.000,14.1002
2025-06-30T03:26:00.000,14.0850
2025-06-30T03:27:00.000,14.0781
2025-06-30T03:28:00.000,14.0794
2025-06-30T03:29:00.000,14.0656
2025-06-30T03:30:00.000,14.0767
2025-06-30T03:31:00.000,14.0864
2025-06-30T03:32:00.000,14.0767
2025-06-30T03:33:00.000,14.0559
2025-06-30T03:34:00.000,14.0670
2025-06-30T03:35:00.000,14.0794
2025-06-30T03:36:00.000,14.0961
2025-06-30T03:37:00.000,14.0836
2025-06-30T03:38:00.000,14.0891
2025-06-30T03:39:00.000,14.0878
2025-06-30T03:40:00.000,14.0878
2025-06-30T03:41:00.000,14.0891
2025-06-30T03:42:00.000,14.1044
2025-06-30T03:43:00.000,14.1113
2025-06-30T03:44:00.000,14.1210
2025-06-30T03:45:00.000,14.1238
2025-06-30T03:46:00.000,14.1155
2025-06-30T03:47:00.000,14.1127
2025-06-30T03:48:00.000,14.1016
2025-06-30T03:49:00.000,14.0975
2025-06-30T03:50:00.000,14.0864
2025-06-30T03:51:00.000,14.0947
2025-06-30T03:52:00.000,14.1016
2025-06-30T03:53:00.000,14.1085
2025-06-30T03:54:00.000,14.1182
2025-06-30T03:55:00.000,14.1238
2025-06-30T03:56:00.000,14.1141
2025-06-30T03:57:00.000,14.0961
2025-06-30T03:58:00.000,14.0864
2025-06-30T03:59:00.000,14.0850
2025-06-30T04:00:00.000,14.0878
2025-06-30T04:01:00.000,14.0836
2025-06-30T04:02:00.000,14.0767
2025-06-30T04:03:00.000,14.0767
2025-06-30T04:04:00.000,14.0739
2025-06-30T04:05:00.000,14.0739
2025-06-30T04:06:00.000,14.0587
2025-06-30T04:07:00.000,14.0420
2025-06-30T04:08:00.000,14.0365
2025-06-30T04:09:00.000,14.0337
2025-06-30T04:10:00.000,14.0088
2025-06-30T04:11:00.000,13.9908
2025-06-30T04:12:00.000,13.9741
2025-06-30T04:13:00.000,13.9741
2025-06-30T04:14:00.000,13.9797
2025-06-30T04:15:00.000,13.9866
2025-06-30T04:16:00.000,13.9880
2025-06-30T04:17:00.000,14.0088
2025-06-30T04:18:00.000,13.9949
2025-06-30T04:19:00.000,14.0088
2025-06-30T04:20:00.000,14.0254
2025-06-30T04:21:00.000,14.0407
2025-06-30T04:22:00.000,14.0559
2025-06-30T04:23:00.000,14.0573
2025-06-30T04:24:00.000,14.0670
2025-06-30T04:25:00.000,14.0670
2025-06-30T04:26:00.000,14.0753
2025-06-30T04:27:00.000,14.0767
2025-06-30T04:28:00.000,14.0559
2025-06-30T04:29:00.000,14.0379
2025-06-30T04:30:00.000,14.0379
2025-06-30T04:31:00.000,14.0351
2025-06-30T04:32:00.000,14.0365
2025-06-30T04:33:00.000,14.0268
2025-06-30T04:34:00.000,14.0060
2025-06-30T04:35:00.000,13.9797
2025-06-30T04:36:00.000,13.9547
2025-06-30T04:37:00.000,13.9423
2025-06-30T04:38:00.000,13.9187
2025-06-30T04:39:00.000,13.8910
2025-06-30T04:40:00.000,13.8632
2025-06-30T04:41:00.000,13.8341
2025-06-30T04:42:00.000,13.8036
2025-06-30T04:43:00.000,13.7897
2025-06-30T04:44:00.000,13.7745
2025-06-30T04:45:00.000,13.7731
2025-06-30T04:46:00.000,13.7883
2025-06-30T04:47:00.000,13.8119
2025-06-30T04:48:00.000,13.8355
2025-06-30T04:49:00.000,13.8549
2025-06-30T04:50:00.000,13.8729
2025-06-30T04:51:00.000,13.8827
2025-06-30T04:52:00.000,13.8688
2025-06-30T04:53:00.000,13.8619
2025-06-30T04:54:00.000,13.8688
2025-06-30T04:55:00.000,13.8632
2025-06-30T04:56:00.000,13.8577
2025-06-30T04:57:00.000,13.8397
2025-06-30T04:58:00.000,13.8216
2025-06-30T04:59:00.000,13.8078
2025-06-30T05:00:00.000,13.8036
2025-06-30T05:01:00.000,13.8091
2025-06-30T05:02:00.000,13.8119
2025-06-30T05:03:00.000,13.7967
2025-06-30T05:04:00.000,13.7675
2025-06-30T05:05:00.000,13.7439
2025-06-30T05:06:00.000,13.7453
2025-06-30T05:07:00.000,13.7606
2025-06-30T05:08:00.000,13.7564
2025-06-30T05:09:00.000,13.7689
2025-06-30T05:10:00.000,13.7786
2025-06-30T05:11:00.000,13.7828
2025-06-30T05:12:00.000,13.7897
2025-06-30T05:13:00.000,13.8091
2025-06-30T05:14:00.000,13.8189
2025-06-30T05:15:00.000,13.8258
2025-06-30T05:16:00.000,13.8244
2025-06-30T05:17:00.000,13.8272
2025-06-30T05:18:00.000,13.8272
2025-06-30T05:19:00.000,13.8272
2025-06-30T05:20:00.000,13.8272
2025-06-30T05:21:00.000,13.8216
2025-06-30T05:22:00.000,13.8202
2025-06-30T05:23:00.000,13.8091
2025-06-30T05:24:00.000,13.7967
2025-06-30T05:25:00.000,13.7856
2025-06-30T05:26:00.000,13.7731
2025-06-30T05:27:00.000,13.7592
2025-06-30T05:28:00.000,13.6940
2025-06-30T05:29:00.000,13.6301
2025-06-30T05:30:00.000,13.6509
2025-06-30T05:31:00.000,13.6940
2025-06-30T05:32:00.000,13.7190
2025-06-30T05:33:00.000,13.6898
2025-06-30T05:34:00.000,13.6648
2025-06-30T05:35:00.000,13.6732
2025-06-30T05:36:00.000,13.6926
2025-06-30T05:37:00.000,13.7176
2025-06-30T05:38:00.000,13.7301
2025-06-30T05:39:00.000,13.7370
2025-06-30T05:40:00.000,13.7328
2025-06-30T05:41:00.000,13.7203
2025-06-30T05:42:00.000,13.7051
2025-06-30T05:43:00.000,13.6870
2025-06-30T05:44:00.000,13.6537
2025-06-30T05:45:00.000,13.6037
2025-06-30T05:46:00.000,13.5468
2025-06-30T05:47:00.000,13.4842
2025-06-30T05:48:00.000,13.4106
2025-06-30T05:49:00.000,13.3410
2025-06-30T05:50:00.000,13.2826
2025-06-30T05:51:00.000,13.2325
2025-06-30T05:52:00.000,13.1754
2025-06-30T05:53:00.000,13.1796
2025-06-30T05:54:00.000,13.2269
2025-06-30T05:55:00.000,13.2729
2025-06-30T05:56:00.000,13.3104
2025-06-30T05:57:00.000,13.3396
2025-06-30T05:58:00.000,13.3730
2025-06-30T05:59:00.000,13.4092
2025-06-30T06:00:00.000,13.4314
2025-06-30T06:01:00.000,13.4648
2025-06-30T06:02:00.000,13.4870
2025-06-30T06:03:00.000,13.5037
2025-06-30T06:04:00.000,13.5301
2025-06-30T06:05:00.000,13.5468
2025-06-30T06:06:00.000,13.5579
2025-06-30T06:07:00.000,13.5773
2025-06-30T06:08:00.000,13.6009
2025-06-30T06:09:00.000,13.6162
2025-06-30T06:10:00.000,13.6246
2025-06-30T06:11:00.000,13.6287
2025-06-30T06:12:00.000,13.6384
2025-06-30T06:13:00.000,13.6246
2025-06-30T06:14:00.000,13.6134
2025-06-30T06:15:00.000,13.6065
2025-06-30T06:16:00.000,13.6190
2025-06-30T06:17:00.000,13.6329
2025-06-30T06:18:00.000,13.6537
2025-06-30T06:19:00.000,13.6773
2025-06-30T06:20:00.000,13.6967
2025-06-30T06:21:00.000,13.7106
2025-06-30T06:22:00.000,13.7273
2025-06-30T06:23:00.000,13.7412
2025-06-30T06:24:00.000,13.7523
2025-06-30T06:25:00.000,13.7703
2025-06-30T06:26:00.000,13.7814
2025-06-30T06:27:00.000,13.7994
2025-06-30T06:28:00.000,13.8161
2025-06-30T06:29:00.000,13.8272
2025-06-30T06:30:00.000,13.8341
2025-06-30T06:31:00.000,13.8424
2025-06-30T06:32:00.000,13.8521
2025-06-30T06:33:00.000,13.8549
2025-06-30T06:34:00.000,13.8549
2025-06-30T06:35:00.000,13.8549
2025-06-30T06:36:00.000,13.8521
2025-06-30T06:37:00.000,13.8466
2025-06-30T06:38:00.000,13.8410
2025-06-30T06:39:00.000,13.8313
2025-06-30T06:40:00.000,13.8258
2025-06-30T06:41:00.000,13.8189
2025-06-30T06:42:00.000,13.8230
2025-06-30T06:43:00.000,13.8286
2025-06-30T06:44:00.000,13.8369
2025-06-30T06:45:00.000,13.8300
2025-06-30T06:46:00.000,13.8230
2025-06-30T06:47:00.000,13.8230
2025-06-30T06:48:00.000,13.8202
2025-06-30T06:49:00.000,13.8175
2025-06-30T06:50:00.000,13.8161
2025-06-30T06:51:00.000,13.8078
2025-06-30T06:52:00.000,13.7814
2025-06-30T06:53:00.000,13.7661
2025-06-30T06:54:00.000,13.7648
2025-06-30T06:55:00.000,13.7661
2025-06-30T06:56:00.000,13.7314
2025-06-30T06:57:00.000,13.6718
2025-06-30T06:58:00.000,13.6482
2025-06-30T06:59:00.000,13.6426
2025-06-30T07:00:00.000,13.6593
2025-06-30T07:01:00.000,13.6426
2025-06-30T07:02:00.000,13.5773
2025-06-30T07:03:00.000,13.5009
2025-06-30T07:04:00.000,13.4592
2025-06-30T07:05:00.000,13.4342
2025-06-30T07:06:00.000,13.3911
2025-06-30T07:07:00.000,13.3049
2025-06-30T07:08:00.000,13.2520
2025-06-30T07:09:00.000,13.2033
2025-06-30T07:10:00.000,13.1601
2025-06-30T07:11:00.000,13.1392
2025-06-30T07:12:00.000,13.1309
2025-06-30T07:13:00.000,13.1030
2025-06-30T07:14:00.000,13.1183
2025-06-30T07:15:00.000,13.1086
2025-06-30T07:16:00.000,13.0877
2025-06-30T07:17:00.000,13.0682
2025-06-30T07:18:00.000,13.0918
2025-06-30T07:19:00.000,13.1211
2025-06-30T07:20:00.000,13.1615
2025-06-30T07:21:00.000,13.2047
2025-06-30T07:22:00.000,13.2158
2025-06-30T07:23:00.000,13.2200
2025-06-30T07:24:00.000,13.2422
2025-06-30T07:25:00.000,13.2909
2025-06-30T07:26:00.000,13.3452
2025-06-30T07:27:00.000,13.3744
2025-06-30T07:28:00.000,13.3925
2025-06-30T07:29:00.000,13.3911
2025-06-30T07:30:00.000,13.3619
2025-06-30T07:31:00.000,13.3438
2025-06-30T07:32:00.000,13.3828
2025-06-30T07:33:00.000,13.4412
2025-06-30T07:34:00.000,13.4842
2025-06-30T07:35:00.000,13.5232
2025-06-30T07:36:00.000,13.5440
2025-06-30T07:37:00.000,13.5190
2025-06-30T07:38:00.000,13.4745
2025-06-30T07:39:00.000,13.4328
2025-06-30T07:40:00.000,13.4231
2025-06-30T07:41:00.000,13.4537
2025-06-30T07:42:00.000,13.4870
2025-06-30T07:43:00.000,13.5106
2025-06-30T07:44:00.000,13.5023
2025-06-30T07:45:00.000,13.5232
2025-06-30T07:46:00.000,13.5579
2025-06-30T07:47:00.000,13.5912
2025-06-30T07:48:00.000,13.6287
2025-06-30T07:49:00.000,13.6634
2025-06-30T07:50:00.000,13.6690
2025-06-30T07:51:00.000,13.6398
2025-06-30T07:52:00.000,13.6023
2025-06-30T07:53:00.000,13.5940
2025-06-30T07:54:00.000,13.5829
2025-06-30T07:55:00.000,13.5537
2025-06-30T07:56:00.000,13.5509
2025-06-30T07:57:00.000,13.5759
2025-06-30T07:58:00.000,13.6009
2025-06-30T07:59:00.000,13.6079
2025-06-30T08:00:00.000,13.6079
2025-06-30T08:01:00.000,13.6384
2025-06-30T08:02:00.000,13.6593
2025-06-30T08:03:00.000,13.6565
2025-06-30T08:04:00.000,13.6856
2025-06-30T08:05:00.000,13.7537
2025-06-30T08:06:00.000,13.8091
2025-06-30T08:07:00.000,13.8521
2025-06-30T08:08:00.000,13.8854
2025-06-30T08:09:00.000,13.9215
2025-06-30T08:10:00.000,13.9520
2025-06-30T08:11:00.000,13.9935
2025-06-30T08:12:00.000,14.0365
2025-06-30T08:13:00.000,14.0711
2025-06-30T08:14:00.000,14.0961
2025-06-30T08:15:00.000,14.1155
2025-06-30T08:16:00.000,14.1335
2025-06-30T08:17:00.000,14.1348
2025-06-30T08:18:00.000,14.1252
2025-06-30T08:19:00.000,14.1127
2025-06-30T08:20:00.000,14.0919
2025-06-30T08:21:00.000,14.0878
2025-06-30T08:22:00.000,14.0961
2025-06-30T08:23:00.000,14.1099
2025-06-30T08:24:00.000,14.1265
2025-06-30T08:25:00.000,14.1515
2025-06-30T08:26:00.000,14.1708
2025-06-30T08:27:00.000,14.1944
2025-06-30T08:28:00.000,14.2221
2025-06-30T08:29:00.000,14.2373
2025-06-30T08:30:00.000,14.2567
2025-06-30T08:31:00.000,14.2774
2025-06-30T08:32:00.000,14.2760
2025-06-30T08:33:00.000,14.2857
2025-06-30T08:34:00.000,14.2857
2025-06-30T08:35:00.000,14.2857
2025-06-30T08:36:00.000,14.2774
2025-06-30T08:37:00.000,14.2788
2025-06-30T08:38:00.000,14.2567
2025-06-30T08:39:00.000,14.2442
2025-06-30T08:40:00.000,14.2373
2025-06-30T08:41:00.000,14.2290
2025-06-30T08:42:00.000,14.2096
2025-06-30T08:43:00.000,14.1916
2025-06-30T08:44:00.000,14.1528
2025-06-30T08:45:00.000,14.1085
2025-06-30T08:46:00.000,14.0808
2025-06-30T08:47:00.000,14.0781
2025-06-30T08:48:00.000,14.0767
2025-06-30T08:49:00.000,14.0836
2025-06-30T08:50:00.000,14.1196
2025-06-30T08:51:00.000,14.1487
2025-06-30T08:52:00.000,14.1847
2025-06-30T08:53:00.000,14.2138
2025-06-30T08:54:00.000,14.2318
2025-06-30T08:55:00.000,14.2553
2025-06-30T08:56:00.000,14.2733
2025-06-30T08:57:00.000,14.2899
2025-06-30T08:58:00.000,14.3231
2025-06-30T08:59:00.000,14.3480
2025-06-30T09:00:00.000,14.3369
2025-06-30T09:01:00.000,14.3092
2025-06-30T09:02:00.000,14.2968
2025-06-30T09:03:00.000,14.2816
2025-06-30T09:04:00.000,14.2830
2025-06-30T09:05:00.000,14.3203
2025-06-30T09:06:00.000,14.3424
2025-06-30T09:07:00.000,14.3507
2025-06-30T09:08:00.000,14.3494
2025-06-30T09:09:00.000,14.3839
2025-06-30T09:10:00.000,14.4337
2025-06-30T09:11:00.000,14.4766
2025-06-30T09:12:00.000,14.5056
2025-06-30T09:13:00.000,14.5249
2025-06-30T09:14:00.000,14.5498
2025-06-30T09:15:00.000,14.5816
2025-06-30T09:16:00.000,14.6051
2025-06-30T09:17:00.000,14.6355
2025-06-30T09:18:00.000,14.6507
2025-06-30T09:19:00.000,14.6645
2025-06-30T09:20:00.000,14.6728
2025-06-30T09:21:00.000,14.7045
2025-06-30T09:22:00.000,14.7625
2025-06-30T09:23:00.000,14.8288
2025-06-30T09:24:00.000,14.8978
2025-06-30T09:25:00.000,14.9433
2025-06-30T09:26:00.000,14.9819
2025-06-30T09:27:00.000,14.9916
2025-06-30T09:28:00.000,14.9998
2025-06-30T09:29:00.000,15.0053
2025-06-30T09:30:00.000,15.0191
2025-06-30T09:31:00.000,15.0371
2025-06-30T09:32:00.000,15.0688
2025-06-30T09:33:00.000,15.0977
2025-06-30T09:34:00.000,15.1377
2025-06-30T09:35:00.000,15.2217
2025-06-30T09:36:00.000,15.3016
2025-06-30T09:37:00.000,15.3705
2025-06-30T09:38:00.000,15.4201
2025-06-30T09:39:00.000,15.4710
2025-06-30T09:40:00.000,15.5068
2025-06-30T09:41:00.000,15.5219
2025-06-30T09:42:00.000,15.5205
2025-06-30T09:43:00.000,15.5192
2025-06-30T09:44:00.000,15.5150
2025-06-30T09:45:00.000,15.5095
2025-06-30T09:46:00.000,15.5095
2025-06-30T09:47:00.000,15.5164
2025-06-30T09:48:00.000,15.5260
2025-06-30T09:49:00.000,15.5467
2025-06-30T09:50:00.000,15.5783
2025-06-30T09:51:00.000,15.5893
2025-06-30T09:52:00.000,15.5659
2025-06-30T09:53:00.000,15.5604
2025-06-30T09:54:00.000,15.5646
2025-06-30T09:55:00.000,15.5701
2025-06-30T09:56:00.000,15.5893
2025-06-30T09:57:00.000,15.5962
2025-06-30T09:58:00.000,15.5948
2025-06-30T09:59:00.000,15.6155
2025-06-30T10:00:00.000,15.6911
2025-06-30T10:01:00.000,15.7750
2025-06-30T10:02:00.000,15.8272
2025-06-30T10:03:00.000,15.8520
2025-06-30T10:04:00.000,15.8740
2025-06-30T10:05:00.000,15.9152
2025-06-30T10:06:00.000,15.9578
2025-06-30T10:07:00.000,15.9908
2025-06-30T10:08:00.000,16.0334
2025-06-30T10:09:00.000,16.0732
2025-06-30T10:10:00.000,16.1061
2025-06-30T10:11:00.000,16.1336
2025-06-30T10:12:00.000,16.1611
2025-06-30T10:13:00.000,16.1913
2025-06-30T10:14:00.000,16.2311
2025-06-30T10:15:00.000,16.2819
2025-06-30T10:16:00.000,16.3491
2025-06-30T10:17:00.000,16.4342
2025-06-30T10:18:00.000,16.5001
2025-06-30T10:19:00.000,16.6139
2025-06-30T10:20:00.000,16.7373
2025-06-30T10:21:00.000,16.8552
2025-06-30T10:22:00.000,16.9785
2025-06-30T10:23:00.000,17.1237
2025-06-30T10:24:00.000,17.3154
2025-06-30T10:25:00.000,17.5742
2025-06-30T10:26:00.000,17.8752
2025-06-30T10:27:00.000,18.3128
2025-06-30T10:28:00.000,19.0483
2025-06-30T10:29:00.000,19.8590
2025-06-30T10:30:00.000,20.6264
2025-06-30T10:31:00.000,21.3577
2025-06-30T10:32:00.000,22.0573
2025-06-30T10:33:00.000,22.7075
2025-06-30T10:34:00.000,23.1868
2025-06-30T10:35:00.000,23.5055
2025-06-30T10:36:00.000,23.7873
2025-06-30T10:37:00.000,24.0986
2025-06-30T10:38:00.000,24.5074
2025-06-30T10:39:00.000,24.8574
2025-06-30T10:40:00.000,25.2652
2025-06-30T10:41:00.000,25.5651
2025-06-30T10:42:00.000,26.0349
2025-06-30T10:43:00.000,26.5343
2025-06-30T10:44:00.000,27.0355
2025-06-30T10:45:00.000,27.5317
2025-06-30T10:46:00.000,27.9715
2025-06-30T10:47:00.000,28.3346
2025-06-30T10:48:00.000,28.5630
2025-06-30T10:49:00.000,28.6674
2025-06-30T10:50:00.000,28.8091
2025-06-30T10:51:00.000,28.8449
2025-06-30T10:52:00.000,28.8865
2025-06-30T10:53:00.000,28.9596
2025-06-30T10:54:00.000,29.0184
2025-06-30T10:55:00.000,29.0127
2025-06-30T10:56:00.000,28.9338
2025-06-30T10:57:00.000,28.9281
2025-06-30T10:58:00.000,29.0601
2025-06-30T10:59:00.000,29.0744
2025-06-30T11:00:00.000,29.0816
2025-06-30T11:01:00.000,28.9912
2025-06-30T11:02:00.000,29.0658
2025-06-30T11:03:00.000,29.0127
2025-06-30T11:04:00.000,28.9496
2025-06-30T11:05:00.000,28.8593
2025-06-30T11:06:00.000,28.6116
2025-06-30T11:07:00.000,28.5002
2025-06-30T11:08:00.000,28.5802
2025-06-30T11:09:00.000,28.6445
2025-06-30T11:10:00.000,28.7547
2025-06-30T11:11:00.000,29.0170
2025-06-30T11:12:00.000,29.1060
2025-06-30T11:13:00.000,29.2584
2025-06-30T11:14:00.000,29.3318
2025-06-30T11:15:00.000,29.4643
2025-06-30T11:16:00.000,29.6345
2025-06-30T11:17:00.000,29.5407
2025-06-30T11:18:00.000,29.4643
2025-06-30T11:19:00.000,29.4499
2025-06-30T11:20:00.000,29.5811
2025-06-30T11:21:00.000,29.7299
2025-06-30T11:22:00.000,30.0266
2025-06-30T11:23:00.000,30.2661
2025-06-30T11:24:00.000,30.3955
2025-06-30T11:25:00.000,30.5310
2025-06-30T11:26:00.000,30.7075
2025-06-30T11:27:00.000,30.9122
2025-06-30T11:28:00.000,31.1041
2025-06-30T11:29:00.000,31.2950
2025-06-30T11:30:00.000,31.3685
2025-06-30T11:31:00.000,31.4568
2025-06-30T11:32:00.000,31.6337
2025-06-30T11:33:00.000,31.7090
2025-06-30T11:34:00.000,31.6264
2025-06-30T11:35:00.000,31.6913
2025-06-30T11:36:00.000,31.7386
2025-06-30T11:37:00.000,31.7253
2025-06-30T11:38:00.000,31.6500
2025-06-30T11:39:00.000,31.6795
2025-06-30T11:40:00.000,31.7652
2025-06-30T11:41:00.000,31.9694
2025-06-30T11:42:00.000,32.3034
2025-06-30T11:43:00.000,32.6015
2025-06-30T11:44:00.000,33.0328
2025-06-30T11:45:00.000,33.4377
2025-06-30T11:46:00.000,33.5994
2025-06-30T11:47:00.000,33.5570
2025-06-30T11:48:00.000,33.3743
2025-06-30T11:49:00.000,33.2312
2025-06-30T11:50:00.000,33.1725
2025-06-30T11:51:00.000,33.1334
2025-06-30T11:52:00.000,33.1019
2025-06-30T11:53:00.000,33.0147
2025-06-30T11:54:00.000,32.9022
2025-06-30T11:55:00.000,32.6807
2025-06-30T11:56:00.000,32.4881
2025-06-30T11:57:00.000,32.1429
2025-06-30T11:58:00.000,31.8140
2025-06-30T11:59:00.000,31.5806
2025-06-30T12:00:00.000,31.4804
2025-06-30T12:01:00.000,31.5615
2025-06-30T12:02:00.000,31.5718
2025-06-30T12:03:00.000,31.5733
2025-06-30T12:04:00.000,31.5570
2025-06-30T12:05:00.000,31.5659
2025-06-30T12:06:00.000,31.6131
2025-06-30T12:07:00.000,31.7016
2025-06-30T12:08:00.000,31.7105
2025-06-30T12:09:00.000,31.6677
2025-06-30T12:10:00.000,31.6677
2025-06-30T12:11:00.000,31.6854
2025-06-30T12:12:00.000,31.7489
2025-06-30T12:13:00.000,31.8036
2025-06-30T12:14:00.000,31.9516
2025-06-30T12:15:00.000,32.2068
2025-06-30T12:16:00.000,32.3526
2025-06-30T12:17:00.000,32.4643
2025-06-30T12:18:00.000,32.7106
2025-06-30T12:19:00.000,33.0343
2025-06-30T12:20:00.000,33.1800
2025-06-30T12:21:00.000,33.1981
2025-06-30T12:22:00.000,33.2267
2025-06-30T12:23:00.000,33.2719
2025-06-30T12:24:00.000,33.2538
2025-06-30T12:25:00.000,33.2960
2025-06-30T12:26:00.000,33.3517
2025-06-30T12:27:00.000,33.3457
2025-06-30T12:28:00.000,33.2207
2025-06-30T12:29:00.000,32.9952
2025-06-30T12:30:00.000,32.8438
2025-06-30T12:31:00.000,32.8408
2025-06-30T12:32:00.000,32.8723
2025-06-30T12:33:00.000,32.7959
2025-06-30T12:34:00.000,32.7854
2025-06-30T12:35:00.000,32.9337
2025-06-30T12:36:00.000,33.1455
2025-06-30T12:37:00.000,33.5117
2025-06-30T12:38:00.000,33.8145
2025-06-30T12:39:00.000,34.1231
2025-06-30T12:40:00.000,34.2954
2025-06-30T12:41:00.000,34.4223
2025-06-30T12:42:00.000,34.3504
2025-06-30T12:43:00.000,34.2603
2025-06-30T12:44:00.000,34.2008
2025-06-30T12:45:00.000,34.2268
2025-06-30T12:46:00.000,34.2893
2025-06-30T12:47:00.000,34.3352
2025-06-30T12:48:00.000,34.3184
2025-06-30T12:49:00.000,34.3321
2025-06-30T12:50:00.000,34.3566
2025-06-30T12:51:00.000,34.3963
2025-06-30T12:52:00.000,34.5954
2025-06-30T12:53:00.000,34.9151
2025-06-30T12:54:00.000,35.1419
2025-06-30T12:55:00.000,35.2254
2025-06-30T12:56:00.000,35.2424
2025-06-30T12:57:00.000,35.2625
2025-06-30T12:58:00.000,35.3137
2025-06-30T12:59:00.000,35.4595
2025-06-30T13:00:00.000,35.5045
2025-06-30T13:01:00.000,35.4750
2025-06-30T13:02:00.000,35.4284
2025-06-30T13:03:00.000,35.2656
2025-06-30T13:04:00.000,35.0924
2025-06-30T13:05:00.000,35.0199
2025-06-30T13:06:00.000,35.0863
2025-06-30T13:07:00.000,35.0214
2025-06-30T13:08:00.000,34.9320
2025-06-30T13:09:00.000,34.9058
2025-06-30T13:10:00.000,34.9366
2025-06-30T13:11:00.000,34.9428
2025-06-30T13:12:00.000,34.8535
2025-06-30T13:13:00.000,34.7704
2025-06-30T13:14:00.000,34.7643
2025-06-30T13:15:00.000,34.7796
2025-06-30T13:16:00.000,34.7658
2025-06-30T13:17:00.000,34.7305
2025-06-30T13:18:00.000,34.8335
2025-06-30T13:19:00.000,34.9320
2025-06-30T13:20:00.000,34.9736
2025-06-30T13:21:00.000,34.9690
2025-06-30T13:22:00.000,35.0446
2025-06-30T13:23:00.000,35.2115
2025-06-30T13:24:00.000,35.5014
2025-06-30T13:25:00.000,35.8050
2025-06-30T13:26:00.000,36.0192
2025-06-30T13:27:00.000,36.1697
2025-06-30T13:28:00.000,36.2168
2025-06-30T13:29:00.000,36.0976
2025-06-30T13:30:00.000,35.9629
2025-06-30T13:31:00.000,35.9238
2025-06-30T13:32:00.000,35.9175
2025-06-30T13:33:00.000,35.9801
2025-06-30T13:34:00.000,35.9957
2025-06-30T13:35:00.000,35.9238
2025-06-30T13:36:00.000,35.7894
2025-06-30T13:37:00.000,35.6305
2025-06-30T13:38:00.000,35.4998
2025-06-30T13:39:00.000,35.4129
2025-06-30T13:40:00.000,35.3943
2025-06-30T13:41:00.000,35.4393
2025-06-30T13:42:00.000,35.5123
2025-06-30T13:43:00.000,35.5791
2025-06-30T13:44:00.000,35.5807
2025-06-30T13:45:00.000,35.5620
2025-06-30T13:46:00.000,35.5636
2025-06-30T13:47:00.000,35.6134
2025-06-30T13:48:00.000,35.7021
2025-06-30T13:49:00.000,35.7582
2025-06-30T13:50:00.000,35.7520
2025-06-30T13:51:00.000,35.7458
2025-06-30T13:52:00.000,35.7177
2025-06-30T13:53:00.000,35.8597
2025-06-30T13:54:00.000,35.9989
2025-06-30T13:55:00.000,36.0349
2025-06-30T13:56:00.000,36.0411
2025-06-30T13:57:00.000,36.0396
2025-06-30T13:58:00.000,36.1509
2025-06-30T13:59:00.000,36.2325
2025-06-30T14:00:00.000,36.2859
2025-06-30T14:01:00.000,36.4229
2025-06-30T14:02:00.000,36.5680
2025-06-30T14:03:00.000,36.7166
2025-06-30T14:04:00.000,36.8354
2025-06-30T14:05:00.000,36.9656
2025-06-30T14:06:00.000,37.0992
2025-06-30T14:07:00.000,37.1645
2025-06-30T14:08:00.000,37.2267
2025-06-30T14:09:00.000,37.2954
2025-06-30T14:10:00.000,37.3689
2025-06-30T14:11:00.000,37.3417
2025-06-30T14:12:00.000,37.3785
2025-06-30T14:13:00.000,37.4329
2025-06-30T14:14:00.000,37.3977
2025-06-30T14:15:00.000,37.3321
2025-06-30T14:16:00.000,37.3193
2025-06-30T14:17:00.000,37.3945
2025-06-30T14:18:00.000,37.5050
2025-06-30T14:19:00.000,37.5226
2025-06-30T14:20:00.000,37.5130
2025-06-30T14:21:00.000,37.4521
2025-06-30T14:22:00.000,37.4473
2025-06-30T14:23:00.000,37.5579
2025-06-30T14:24:00.000,37.5643
2025-06-30T14:25:00.000,37.5868
2025-06-30T14:26:00.000,37.6542
2025-06-30T14:27:00.000,37.7410
2025-06-30T14:28:00.000,37.7700
2025-06-30T14:29:00.000,37.7571
2025-06-30T14:30:00.000,37.7507
2025-06-30T14:31:00.000,37.6799
2025-06-30T14:32:00.000,37.5643
2025-06-30T14:33:00.000,37.5130
2025-06-30T14:34:00.000,37.4393
2025-06-30T14:35:00.000,37.4089
2025-06-30T14:36:00.000,37.4601
2025-06-30T14:37:00.000,37.5659
2025-06-30T14:38:00.000,37.6735
2025-06-30T14:39:00.000,37.7024
2025-06-30T14:40:00.000,37.7233
2025-06-30T14:41:00.000,37.7507
2025-06-30T14:42:00.000,37.8054
2025-06-30T14:43:00.000,37.8602
2025-06-30T14:44:00.000,37.9038
2025-06-30T14:45:00.000,37.8828
2025-06-30T14:46:00.000,37.9199
2025-06-30T14:47:00.000,37.9457
2025-06-30T14:48:00.000,37.8957
2025-06-30T14:49:00.000,37.8038
2025-06-30T14:50:00.000,37.7201
2025-06-30T14:51:00.000,37.6574
2025-06-30T14:52:00.000,37.5338
2025-06-30T14:53:00.000,37.4553
2025-06-30T14:54:00.000,37.3449
2025-06-30T14:55:00.000,37.1868
2025-06-30T14:56:00.000,37.1119
2025-06-30T14:57:00.000,36.9386
2025-06-30T14:58:00.000,36.8909
2025-06-30T14:59:00.000,36.9227
2025-06-30T15:00:00.000,37.0642
2025-06-30T15:01:00.000,37.1948
2025-06-30T15:02:00.000,37.3097
2025-06-30T15:03:00.000,37.4105
2025-06-30T15:04:00.000,37.5386
2025-06-30T15:05:00.000,37.6558
2025-06-30T15:06:00.000,37.7475
2025-06-30T15:07:00.000,37.7362
2025-06-30T15:08:00.000,37.7684
2025-06-30T15:09:00.000,37.7974
2025-06-30T15:10:00.000,37.8151
2025-06-30T15:11:00.000,37.8006
2025-06-30T15:12:00.000,37.6703
2025-06-30T15:13:00.000,37.5274
2025-06-30T15:14:00.000,37.4585
2025-06-30T15:15:00.000,37.5226
2025-06-30T15:16:00.000,37.6719
2025-06-30T15:17:00.000,37.9457
2025-06-30T15:18:00.000,38.2695
2025-06-30T15:19:00.000,38.5379
2025-06-30T15:20:00.000,38.7683
2025-06-30T15:21:00.000,38.9076
2025-06-30T15:22:00.000,39.1015
2025-06-30T15:23:00.000,39.2499
2025-06-30T15:24:00.000,39.3606
2025-06-30T15:25:00.000,39.4964
2025-06-30T15:26:00.000,39.6142
2025-06-30T15:27:00.000,39.5926
2025-06-30T15:28:00.000,39.6674
2025-06-30T15:29:00.000,39.8206
2025-06-30T15:30:00.000,39.9642
2025-06-30T15:31:00.000,40.0428
2025-06-30T15:32:00.000,40.0981
2025-06-30T15:33:00.000,40.1819
2025-06-30T15:34:00.000,40.3331
2025-06-30T15:35:00.000,40.5659
2025-06-30T15:36:00.000,40.6809
2025-06-30T15:37:00.000,40.6758
2025-06-30T15:38:00.000,40.7538
2025-06-30T15:39:00.000,40.9083
2025-06-30T15:40:00.000,41.0462
2025-06-30T15:41:00.000,41.3077
2025-06-30T15:42:00.000,41.7603
2025-06-30T15:43:00.000,41.9767
2025-06-30T15:44:00.000,41.6429
2025-06-30T15:45:00.000,41.4227
2025-06-30T15:46:00.000,41.3249
2025-06-30T15:47:00.000,40.8675
2025-06-30T15:48:00.000,40.3113
2025-06-30T15:49:00.000,39.8873
2025-06-30T15:50:00.000,39.5544
2025-06-30T15:51:00.000,39.1641
2025-06-30T15:52:00.000,38.9601
2025-06-30T15:53:00.000,38.9568
2025-06-30T15:54:00.000,38.7257
2025-06-30T15:55:00.000,38.3263
2025-06-30T15:56:00.000,37.7652
2025-06-30T15:57:00.000,37.1884
2025-06-30T15:58:00.000,36.7879
2025-06-30T15:59:00.000,36.7799
2025-06-30T16:00:00.000,36.7498
2025-06-30T16:01:00.000,36.4954
2025-06-30T16:02:00.000,36.1980
2025-06-30T16:03:00.000,35.9660
2025-06-30T16:04:00.000,35.8222
2025-06-30T16:05:00.000,35.6351
2025-06-30T16:06:00.000,35.4129
2025-06-30T16:07:00.000,35.2130
2025-06-30T16:08:00.000,35.2393
2025-06-30T16:09:00.000,35.1372
2025-06-30T16:10:00.000,34.9998
2025-06-30T16:11:00.000,34.9243
2025-06-30T16:12:00.000,34.7935
2025-06-30T16:13:00.000,34.6414
2025-06-30T16:14:00.000,34.5938
2025-06-30T16:15:00.000,34.5877
2025-06-30T16:16:00.000,34.6813
2025-06-30T16:17:00.000,34.8135
2025-06-30T16:18:00.000,34.9598
2025-06-30T16:19:00.000,35.1110
2025-06-30T16:20:00.000,35.2022
2025-06-30T16:21:00.000,35.2780
2025-06-30T16:22:00.000,35.3679
2025-06-30T16:23:00.000,35.4874
2025-06-30T16:24:00.000,35.5480
2025-06-30T16:25:00.000,35.4998
2025-06-30T16:26:00.000,35.4269
2025-06-30T16:27:00.000,35.3338
2025-06-30T16:28:00.000,35.2146
2025-06-30T16:29:00.000,35.0863
2025-06-30T16:30:00.000,34.9413
2025-06-30T16:31:00.000,34.8719
2025-06-30T16:32:00.000,34.7689
2025-06-30T16:33:00.000,34.6030
2025-06-30T16:34:00.000,34.4238
2025-06-30T16:35:00.000,34.1978
2025-06-30T16:36:00.000,33.9299
2025-06-30T16:37:00.000,33.7751
2025-06-30T16:38:00.000,33.7190
2025-06-30T16:39:00.000,33.7023
2025-06-30T16:40:00.000,33.7629
2025-06-30T16:41:00.000,33.7508
2025-06-30T16:42:00.000,33.7447
2025-06-30T16:43:00.000,33.7417
2025-06-30T16:44:00.000,33.7614
2025-06-30T16:45:00.000,33.8008
2025-06-30T16:46:00.000,33.7175
2025-06-30T16:47:00.000,33.4951
2025-06-30T16:48:00.000,33.2764
2025-06-30T16:49:00.000,33.1364
2025-06-30T16:50:00.000,33.0162
2025-06-30T16:51:00.000,32.8888
2025-06-30T16:52:00.000,32.7465
2025-06-30T16:53:00.000,32.4613
2025-06-30T16:54:00.000,32.1563
2025-06-30T16:55:00.000,31.9264
2025-06-30T16:56:00.000,31.7992
2025-06-30T16:57:00.000,31.7534
2025-06-30T16:58:00.000,31.6957
2025-06-30T16:59:00.000,31.6751
2025-06-30T17:00:00.000,31.6839
2025-06-30T17:01:00.000,31.7341
2025-06-30T17:02:00.000,31.7667
2025-06-30T17:03:00.000,31.7401
2025-06-30T17:04:00.000,31.7578
2025-06-30T17:05:00.000,31.7430
2025-06-30T17:06:00.000,31.7105
2025-06-30T17:07:00.000,31.6677
2025-06-30T17:08:00.000,31.6633
2025-06-30T17:09:00.000,31.6662
2025-06-30T17:10:00.000,31.6426
2025-06-30T17:11:00.000,31.6160
2025-06-30T17:12:00.000,31.5629
2025-06-30T17:13:00.000,31.5113
2025-06-30T17:14:00.000,31.4318
2025-06-30T17:15:00.000,31.4009
2025-06-30T17:16:00.000,31.4760
2025-06-30T17:17:00.000,31.4716
2025-06-30T17:18:00.000,31.4730
2025-06-30T17:19:00.000,31.4716
2025-06-30T17:20:00.000,31.5010
2025-06-30T17:21:00.000,31.4671
2025-06-30T17:22:00.000,31.3715
2025-06-30T17:23:00.000,31.2377
2025-06-30T17:24:00.000,31.0850
2025-06-30T17:25:00.000,30.9575
2025-06-30T17:26:00.000,30.8741
2025-06-30T17:27:00.000,30.8054
2025-06-30T17:28:00.000,30.7119
2025-06-30T17:29:00.000,30.6506
2025-06-30T17:30:00.000,30.6374
2025-06-30T17:31:00.000,30.6214
2025-06-30T17:32:00.000,30.5776
2025-06-30T17:33:00.000,30.5368
2025-06-30T17:34:00.000,30.5004
2025-06-30T17:35:00.000,30.5033
2025-06-30T17:36:00.000,30.4785
2025-06-30T17:37:00.000,30.4465
2025-06-30T17:38:00.000,30.5047
2025-06-30T17:39:00.000,30.7133
2025-06-30T17:40:00.000,31.0381
2025-06-30T17:41:00.000,31.2685
2025-06-30T17:42:00.000,31.4009
2025-06-30T17:43:00.000,31.5570
2025-06-30T17:44:00.000,31.7268
2025-06-30T17:45:00.000,31.8539
2025-06-30T17:46:00.000,32.0910
2025-06-30T17:47:00.000,32.3168
2025-06-30T17:48:00.000,32.3392
2025-06-30T17:49:00.000,32.2172
2025-06-30T17:50:00.000,32.1771
2025-06-30T17:51:00.000,32.2529
2025-06-30T17:52:00.000,32.2722
2025-06-30T17:53:00.000,32.1860
2025-06-30T17:54:00.000,31.9590
2025-06-30T17:55:00.000,31.8243
2025-06-30T17:56:00.000,31.8406
2025-06-30T17:57:00.000,31.8154
2025-06-30T17:58:00.000,31.6559
2025-06-30T17:59:00.000,31.5526
2025-06-30T18:00:00.000,30.4523
2025-06-30T18:01:00.000,28.2462
2025-06-30T18:02:00.000,26.6074
2025-06-30T18:03:00.000,25.7690
2025-06-30T18:04:00.000,25.3837
2025-06-30T18:05:00.000,25.2638
2025-06-30T18:06:00.000,25.1663
2025-06-30T18:07:00.000,24.8782
2025-06-30T18:08:00.000,24.1014
2025-06-30T18:09:00.000,23.1551
2025-06-30T18:10:00.000,22.4146
2025-06-30T18:11:00.000,21.8638
2025-06-30T18:12:00.000,21.3276
2025-06-30T18:13:00.000,20.8851
2025-06-30T18:14:00.000,20.5853
2025-06-30T18:15:00.000,20.2939
2025-06-30T18:16:00.000,19.9410
2025-06-30T18:17:00.000,19.5924
2025-06-30T18:18:00.000,19.3108
2025-06-30T18:19:00.000,19.0798
2025-06-30T18:20:00.000,18.8816
2025-06-30T18:21:00.000,18.7216
2025-06-30T18:22:00.000,18.6136
2025-06-30T18:23:00.000,18.5029
2025-06-30T18:24:00.000,18.4373
2025-06-30T18:25:00.000,18.3579
2025-06-30T18:26:00.000,18.2663
2025-06-30T18:27:00.000,18.1665
2025-06-30T18:28:00.000,18.0612
2025-06-30T18:29:00.000,17.9586
2025-06-30T18:30:00.000,17.8697
2025-06-30T18:31:00.000,17.7904
2025-06-30T18:32:00.000,17.7562
2025-06-30T18:33:00.000,17.7616
2025-06-30T18:34:00.000,17.6631
2025-06-30T18:35:00.000,17.5564
2025-06-30T18:36:00.000,17.4866
2025-06-30T18:37:00.000,17.4359
2025-06-30T18:38:00.000,17.3853
2025-06-30T18:39:00.000,17.3469
2025-06-30T18:40:00.000,17.3209
2025-06-30T18:41:00.000,17.3154
2025-06-30T18:42:00.000,17.2949
2025-06-30T18:43:00.000,17.2689
2025-06-30T18:44:00.000,17.2483
2025-06-30T18:45:00.000,17.2538
2025-06-30T18:46:00.000,17.2579
2025-06-30T18:47:00.000,17.2483
2025-06-30T18:48:00.000,17.2278
2025-06-30T18:49:00.000,17.2045
2025-06-30T18:50:00.000,17.1826
2025-06-30T18:51:00.000,17.1538
2025-06-30T18:52:00.000,17.1347
2025-06-30T18:53:00.000,17.1306
2025-06-30T18:54:00.000,17.1278
2025-06-30T18:55:00.000,17.1237
2025-06-30T18:56:00.000,17.1196
2025-06-30T18:57:00.000,17.1182
2025-06-30T18:58:00.000,17.1169
2025-06-30T18:59:00.000,17.1114
2025-06-30T19:00:00.000,17.0950
2025-06-30T19:01:00.000,17.0854
2025-06-30T19:02:00.000,17.0826
2025-06-30T19:03:00.000,17.0785
2025-06-30T19:04:00.000,17.0730
2025-06-30T19:05:00.000,17.0676
2025-06-30T19:06:00.000,17.0333
2025-06-30T19:07:00.000,16.9991
2025-06-30T19:08:00.000,16.9442
2025-06-30T19:09:00.000,16.7483
2025-06-30T19:10:00.000,16.5247
2025-06-30T19:11:00.000,16.3615
2025-06-30T19:12:00.000,16.1624
2025-06-30T19:13:00.000,15.9660
2025-06-30T19:14:00.000,15.8025
2025-06-30T19:15:00.000,15.6650
2025-06-30T19:16:00.000,15.5563
2025-06-30T19:17:00.000,15.4531
2025-06-30T19:18:00.000,15.3664
2025-06-30T19:19:00.000,15.2865
2025-06-30T19:20:00.000,15.2190
2025-06-30T19:21:00.000,15.1611
2025-06-30T19:22:00.000,15.1129
2025-06-30T19:23:00.000,15.0743
2025-06-30T19:24:00.000,15.0247
2025-06-30T19:25:00.000,14.9488
2025-06-30T19:26:00.000,14.8867
2025-06-30T19:27:00.000,14.8647
2025-06-30T19:28:00.000,14.8716
2025-06-30T19:29:00.000,14.9736
2025-06-30T19:30:00.000,15.0853
2025-06-30T19:31:00.000,15.2769
2025-06-30T19:32:00.000,15.4476
2025-06-30T19:33:00.000,15.5756
2025-06-30T19:34:00.000,15.6842
2025-06-30T19:35:00.000,15.7846
2025-06-30T19:36:00.000,15.8643
2025-06-30T19:37:00.000,15.9070
2025-06-30T19:38:00.000,15.8946
2025-06-30T19:39:00.000,15.8314
2025-06-30T19:40:00.000,15.7516
2025-06-30T19:41:00.000,15.6829
2025-06-30T19:42:00.000,15.6746
2025-06-30T19:43:00.000,15.6760
2025-06-30T19:44:00.000,15.6017
2025-06-30T19:45:00.000,15.5026
2025-06-30T19:46:00.000,15.3939
2025-06-30T19:47:00.000,15.2507
2025-06-30T19:48:00.000,15.1983
2025-06-30T19:49:00.000,15.1460
2025-06-30T19:50:00.000,15.0853
2025-06-30T19:51:00.000,15.0164
2025-06-30T19:52:00.000,14.9654
2025-06-30T19:53:00.000,14.8660
2025-06-30T19:54:00.000,14.7239
2025-06-30T19:55:00.000,14.6272
2025-06-30T19:56:00.000,14.5097
2025-06-30T19:57:00.000,14.4019
2025-06-30T19:58:00.000,14.3106
2025-06-30T19:59:00.000,14.2373
2025-06-30T20:00:00.000,14.1570
2025-06-30T20:01:00.000,14.0864
2025-06-30T20:02:00.000,14.0240
2025-06-30T20:03:00.000,13.9617
2025-06-30T20:04:00.000,13.9062
2025-06-30T20:05:00.000,13.8577
2025-06-30T20:06:00.000,13.8189
2025-06-30T20:07:00.000,13.7883
2025-06-30T20:08:00.000,13.7606
2025-06-30T20:09:00.000,13.7342
2025-06-30T20:10:00.000,13.7037
2025-06-30T20:11:00.000,13.6732
2025-06-30T20:12:00.000,13.6426
2025-06-30T20:13:00.000,13.6121
2025-06-30T20:14:00.000,13.5829
2025-06-30T20:15:00.000,13.5551
2025-06-30T20:16:00.000,13.5384
2025-06-30T20:17:00.000,13.5218
2025-06-30T20:18:00.000,13.5051
2025-06-30T20:19:00.000,13.4884
2025-06-30T20:20:00.000,13.4759
2025-06-30T20:21:00.000,13.4495
2025-06-30T20:22:00.000,13.4175
2025-06-30T20:23:00.000,13.3716
2025-06-30T20:24:00.000,13.3160
2025-06-30T20:25:00.000,13.2534
2025-06-30T20:26:00.000,13.1921
2025-06-30T20:27:00.000,13.1364
2025-06-30T20:28:00.000,13.0877
2025-06-30T20:29:00.000,13.0431
2025-06-30T20:30:00.000,13.0054
2025-06-30T20:31:00.000,12.9734
2025-06-30T20:32:00.000,12.9413
2025-06-30T20:33:00.000,12.9037
2025-06-30T20:34:00.000,12.8562
2025-06-30T20:35:00.000,12.8046
2025-06-30T20:36:00.000,12.7585
2025-06-30T20:37:00.000,12.7278
2025-06-30T20:38:00.000,12.6971
2025-06-30T20:39:00.000,12.6705
2025-06-30T20:40:00.000,12.6454
2025-06-30T20:41:00.000,12.6272
2025-06-30T20:42:00.000,12.6132
2025-06-30T20:43:00.000,12.5937
2025-06-30T20:44:00.000,12.5713
2025-06-30T20:45:00.000,12.5503
2025-06-30T20:46:00.000,12.5266
2025-06-30T20:47:00.000,12.5070
2025-06-30T20:48:00.000,12.4930
2025-06-30T20:49:00.000,12.4860
2025-06-30T20:50:00.000,12.4818
2025-06-30T20:51:00.000,12.4790
2025-06-30T20:52:00.000,12.4748
2025-06-30T20:53:00.000,12.4664
2025-06-30T20:54:00.000,12.4580
2025-06-30T20:55:00.000,12.4356
2025-06-30T20:56:00.000,12.4090
2025-06-30T20:57:00.000,12.3782
2025-06-30T20:58:00.000,12.3558
2025-06-30T20:59:00.000,12.3390
2025-06-30T21:00:00.000,12.3250
2025-06-30T21:01:00.000,12.3110
2025-06-30T21:02:00.000,12.2998
2025-06-30T21:03:00.000,12.2872
2025-06-30T21:04:00.000,12.2746
2025-06-30T21:05:00.000,12.2550
2025-06-30T21:06:00.000,12.2326
2025-06-30T21:07:00.000,12.2130
2025-06-30T21:08:00.000,12.1989
2025-06-30T21:09:00.000,12.1891
2025-06-30T21:10:00.000,12.1821
2025-06-30T21:11:00.000,12.1793
2025-06-30T21:12:00.000,12.1723
2025-06-30T21:13:00.000,12.1681
2025-06-30T21:14:00.000,12.1653
2025-06-30T21:15:00.000,12.1625
2025-06-30T21:16:00.000,12.1569
2025-06-30T21:17:00.000,12.1499
2025-06-30T21:18:00.000,12.1372
2025-06-30T21:19:00.000,12.1204
2025-06-30T21:20:00.000,12.1050
2025-06-30T21:21:00.000,12.0924
2025-06-30T21:22:00.000,12.0825
2025-06-30T21:23:00.000,12.0727
2025-06-30T21:24:00.000,12.0587
2025-06-30T21:25:00.000,12.0418
2025-06-30T21:26:00.000,12.0236
2025-06-30T21:27:00.000,12.0054
2025-06-30T21:28:00.000,11.9927
2025-06-30T21:29:00.000,11.9759
2025-06-30T21:30:00.000,11.9576
2025-06-30T21:31:00.000,11.9408
2025-06-30T21:32:00.000,11.9211
2025-06-30T21:33:00.000,11.9028
2025-06-30T21:34:00.000,11.8860
2025-06-30T21:35:00.000,11.8705
2025-06-30T21:36:00.000,11.8579
2025-06-30T21:37:00.000,11.8523
2025-06-30T21:38:00.000,11.8480
2025-06-30T21:39:00.000,11.8480
2025-06-30T21:40:00.000,11.8508
2025-06-30T21:41:00.000,11.8523
2025-06-30T21:42:00.000,11.8537
2025-06-30T21:43:00.000,11.8551
2025-06-30T21:44:00.000,11.8565
2025-06-30T21:45:00.000,11.8649
2025-06-30T21:46:00.000,11.8761
2025-06-30T21:47:00.000,11.8888
2025-06-30T21:48:00.000,11.9028
2025-06-30T21:49:00.000,11.9211
2025-06-30T21:50:00.000,11.9337
2025-06-30T21:51:00.000,11.9408
2025-06-30T21:52:00.000,11.9394
2025-06-30T21:53:00.000,11.9366
2025-06-30T21:54:00.000,11.9351
2025-06-30T21:55:00.000,11.9337
2025-06-30T21:56:00.000,11.9267
2025-06-30T21:57:00.000,11.9211
2025-06-30T21:58:00.000,11.9141
2025-06-30T21:59:00.000,11.9113
2025-06-30T22:00:00.000,11.9085
2025-06-30T22:01:00.000,11.9141
2025-06-30T22:02:00.000,11.9323
2025-06-30T22:03:00.000,11.9506
2025-06-30T22:04:00.000,11.9703
2025-06-30T22:05:00.000,11.9899
2025-06-30T22:06:00.000,12.0292
2025-06-30T22:07:00.000,12.0685
2025-06-30T22:08:00.000,12.1036
2025-06-30T22:09:00.000,12.1246
2025-06-30T22:10:00.000,12.1302
2025-06-30T22:11:00.000,12.1471
2025-06-30T22:12:00.000,12.1751
2025-06-30T22:13:00.000,12.1835
2025-06-30T22:14:00.000,12.2312
2025-06-30T22:15:00.000,12.3138
2025-06-30T22:16:00.000,12.3824
2025-06-30T22:17:00.000,12.4006
2025-06-30T22:18:00.000,12.4202
2025-06-30T22:19:00.000,12.4356
2025-06-30T22:20:00.000,12.4440
2025-06-30T22:21:00.000,12.4412
2025-06-30T22:22:00.000,12.4524
2025-06-30T22:23:00.000,12.4776
2025-06-30T22:24:00.000,12.5042
2025-06-30T22:25:00.000,12.5308
2025-06-30T22:26:00.000,12.5419
2025-06-30T22:27:00.000,12.5447
2025-06-30T22:28:00.000,12.5587
2025-06-30T22:29:00.000,12.5783
2025-06-30T22:30:00.000,12.6049
2025-06-30T22:31:00.000,12.6174
2025-06-30T22:32:00.000,12.6272
2025-06-30T22:33:00.000,12.6300
2025-06-30T22:34:00.000,12.6454
2025-06-30T22:35:00.000,12.7096
2025-06-30T22:36:00.000,12.7990
2025-06-30T22:37:00.000,12.8911
2025-06-30T22:38:00.000,12.9720
2025-06-30T22:39:00.000,13.0403
2025-06-30T22:40:00.000,13.1002
2025-06-30T22:41:00.000,13.1476
2025-06-30T22:42:00.000,13.1838
2025-06-30T22:43:00.000,13.2047
2025-06-30T22:44:00.000,13.2297
2025-06-30T22:45:00.000,13.2506
2025-06-30T22:46:00.000,13.2756
2025-06-30T22:47:00.000,13.3160
2025-06-30T22:48:00.000,13.3730
2025-06-30T22:49:00.000,13.4495
2025-06-30T22:50:00.000,13.5384
2025-06-30T22:51:00.000,13.6412
2025-06-30T22:52:00.000,13.7398
2025-06-30T22:53:00.000,13.8397
2025-06-30T22:54:00.000,13.9159
2025-06-30T22:55:00.000,13.9852
2025-06-30T22:56:00.000,14.0268
2025-06-30T22:57:00.000,14.0476
2025-06-30T22:58:00.000,14.0628
2025-06-30T22:59:00.000,14.0642
2025-06-30T23:00:00.000,14.0462
2025-06-30T23:01:00.000,13.9922
2025-06-30T23:02:00.000,13.9298
2025-06-30T23:03:00.000,13.8688
2025-06-30T23:04:00.000,13.8133
2025-06-30T23:05:00.000,13.7620
2025-06-30T23:06:00.000,13.7106
2025-06-30T23:07:00.000,13.6690
2025-06-30T23:08:00.000,13.6259
2025-06-30T23:09:00.000,13.6065
2025-06-30T23:10:00.000,13.5996
2025-06-30T23:11:00.000,13.5704
2025-06-30T23:12:00.000,13.5301
2025-06-30T23:13:00.000,13.4773
2025-06-30T23:14:00.000,13.4203
2025-06-30T23:15:00.000,13.3716
2025-06-30T23:16:00.000,13.3243
2025-06-30T23:17:00.000,13.2937
2025-06-30T23:18:00.000,13.2603
2025-06-30T23:19:00.000,13.2186
2025-06-30T23:20:00.000,13.1893
2025-06-30T23:21:00.000,13.1712
2025-06-30T23:22:00.000,13.1907
2025-06-30T23:23:00.000,13.2325
2025-06-30T23:24:00.000,13.3007
2025-06-30T23:25:00.000,13.3730
2025-06-30T23:26:00.000,13.4412
2025-06-30T23:27:00.000,13.5037
2025-06-30T23:28:00.000,13.5607
2025-06-30T23:29:00.000,13.6079
2025-06-30T23:30:00.000,13.6509
2025-06-30T23:31:00.000,13.6718
2025-06-30T23:32:00.000,13.6454
2025-06-30T23:33:00.000,13.5801
2025-06-30T23:34:00.000,13.5454
2025-06-30T23:35:00.000,13.5329
2025-06-30T23:36:00.000,13.5218
2025-06-30T23:37:00.000,13.5565
2025-06-30T23:38:00.000,13.6204
2025-06-30T23:39:00.000,13.6967
2025-06-30T23:40:00.000,13.7314
2025-06-30T23:41:00.000,13.7592
2025-06-30T23:42:00.000,13.7759
2025-06-30T23:43:00.000,13.7883
2025-06-30T23:44:00.000,13.7953
2025-06-30T23:45:00.000,13.7814
2025-06-30T23:46:00.000,13.7259
2025-06-30T23:47:00.000,13.6301
2025-06-30T23:48:00.000,13.4676
2025-06-30T23:49:00.000,13.2896
2025-06-30T23:50:00.000,13.0918
2025-06-30T23:51:00.000,12.9190
2025-06-30T23:52:00.000,12.7697
2025-06-30T23:53:00.000,12.6454
2025-06-30T23:54:00.000,12.5489
2025-06-30T23:55:00.000,12.4692
2025-06-30T23:56:00.000,12.4048
2025-06-30T23:57:00.000,12.3530
2025-06-30T23:58:00.000,12.3096
2025-06-30T23:59:00.000,12.2788
2025-07-01T00:00:00.000,12.2592
2025-07-01T00:01:00.000,12.2606
2025-07-01T00:02:00.000,12.3096
2025-07-01T00:03:00.000,12.3362
2025-07-01T00:04:00.000,12.3488
2025-07-01T00:05:00.000,12.3614
2025-07-01T00:06:00.000,12.3558
2025-07-01T00:07:00.000,12.3376
2025-07-01T00:08:00.000,12.3138
2025-07-01T00:09:00.000,12.2872
2025-07-01T00:10:00.000,12.2564
2025-07-01T00:11:00.000,12.2256
2025-07-01T00:12:00.000,12.2059
2025-07-01T00:13:00.000,12.1905
2025-07-01T00:14:00.000,12.1779
2025-07-01T00:15:00.000,12.1653
2025-07-01T00:16:00.000,12.1527
2025-07-01T00:17:00.000,12.1513
2025-07-01T00:18:00.000,12.1835
2025-07-01T00:19:00.000,12.2256
2025-07-01T00:20:00.000,12.2676
2025-07-01T00:21:00.000,12.3082
2025-07-01T00:22:00.000,12.3950
2025-07-01T00:23:00.000,12.4986
2025-07-01T00:24:00.000,12.6440
2025-07-01T00:25:00.000,12.8171
2025-07-01T00:26:00.000,12.9859
2025-07-01T00:27:00.000,12.9901
2025-07-01T00:28:00.000,12.9929
2025-07-01T00:29:00.000,13.0068
2025-07-01T00:30:00.000,12.9664
2025-07-01T00:31:00.000,12.9064
2025-07-01T00:32:00.000,12.8395
2025-07-01T00:33:00.000,12.7836
2025-07-01T00:34:00.000,12.7306
2025-07-01T00:35:00.000,12.6887
2025-07-01T00:36:00.000,12.6412
2025-07-01T00:37:00.000,12.5923
2025-07-01T00:38:00.000,12.5629
2025-07-01T00:39:00.000,12.5517
2025-07-01T00:40:00.000,12.5559
2025-07-01T00:41:00.000,12.5671
2025-07-01T00:42:00.000,12.6063
2025-07-01T00:43:00.000,12.7166
2025-07-01T00:44:00.000,12.8479
2025-07-01T00:45:00.000,12.9804
2025-07-01T00:46:00.000,13.2283
2025-07-01T00:47:00.000,13.4717
2025-07-01T00:48:00.000,13.6967
2025-07-01T00:49:00.000,13.9048
2025-07-01T00:50:00.000,14.1321
2025-07-01T00:51:00.000,14.3314
2025-07-01T00:52:00.000,14.4835
2025-07-01T00:53:00.000,14.5982
2025-07-01T00:54:00.000,14.6631
2025-07-01T00:55:00.000,14.7142
2025-07-01T00:56:00.000,14.7032
2025-07-01T00:57:00.000,14.7308
2025-07-01T00:58:00.000,14.7680
2025-07-01T00:59:00.000,14.7515
2025-07-01T01:00:00.000,14.7556
2025-07-01T01:01:00.000,14.7598
2025-07-01T01:02:00.000,14.7321
2025-07-01T01:03:00.000,14.7170
2025-07-01T01:04:00.000,14.6962
2025-07-01T01:05:00.000,14.7128
2025-07-01T01:06:00.000,14.7183
2025-07-01T01:07:00.000,14.7308
2025-07-01T01:08:00.000,14.7266
2025-07-01T01:09:00.000,14.7156
2025-07-01T01:10:00.000,14.6217
2025-07-01T01:11:00.000,14.5830
2025-07-01T01:12:00.000,14.5249
2025-07-01T01:13:00.000,14.3978
2025-07-01T01:14:00.000,14.3563
2025-07-01T01:15:00.000,14.2940
2025-07-01T01:16:00.000,14.1888
2025-07-01T01:17:00.000,14.1542
2025-07-01T01:18:00.000,14.2041
2025-07-01T01:19:00.000,14.1833
2025-07-01T01:20:00.000,14.1653
2025-07-01T01:21:00.000,14.1805
2025-07-01T01:22:00.000,14.2013
2025-07-01T01:23:00.000,14.2013
2025-07-01T01:24:00.000,14.1958
2025-07-01T01:25:00.000,14.2359
2025-07-01T01:26:00.000,14.2705
2025-07-01T01:27:00.000,14.2760
2025-07-01T01:28:00.000,14.3037
2025-07-01T01:29:00.000,14.3424
2025-07-01T01:30:00.000,14.3756
2025-07-01T01:31:00.000,14.3895
2025-07-01T01:32:00.000,14.4227
2025-07-01T01:33:00.000,14.4627
2025-07-01T01:34:00.000,14.4959
2025-07-01T01:35:00.000,14.5236
2025-07-01T01:36:00.000,14.5429
2025-07-01T01:37:00.000,14.5581
2025-07-01T01:38:00.000,14.5706
2025-07-01T01:39:00.000,14.5830
2025-07-01T01:40:00.000,14.5857
2025-07-01T01:41:00.000,14.5816
2025-07-01T01:42:00.000,14.5844
2025-07-01T01:43:00.000,14.5927
2025-07-01T01:44:00.000,14.5968
2025-07-01T01:45:00.000,14.6023
2025-07-01T01:46:00.000,14.6051
2025-07-01T01:47:00.000,14.6065
2025-07-01T01:48:00.000,14.6120
2025-07-01T01:49:00.000,14.6313
2025-07-01T01:50:00.000,14.6576
2025-07-01T01:51:00.000,14.6866
2025-07-01T01:52:00.000,14.7170
2025-07-01T01:53:00.000,14.7363
2025-07-01T01:54:00.000,14.7515
2025-07-01T01:55:00.000,14.7667
2025-07-01T01:56:00.000,14.7777
2025-07-01T01:57:00.000,14.7860
2025-07-01T01:58:00.000,14.7970
2025-07-01T01:59:00.000,14.8122
2025-07-01T02:00:00.000,14.8233
2025-07-01T02:01:00.000,14.8288
2025-07-01T02:02:00.000,14.8371
2025-07-01T02:03:00.000,14.8495
2025-07-01T02:04:00.000,14.8647
2025-07-01T02:05:00.000,14.8716
2025-07-01T02:06:00.000,14.8853
2025-07-01T02:07:00.000,14.9074
2025-07-01T02:08:00.000,14.9295
2025-07-01T02:09:00.000,14.9516
2025-07-01T02:10:00.000,14.9736
2025-07-01T02:11:00.000,14.9943
2025-07-01T02:12:00.000,15.0081
2025-07-01T02:13:00.000,15.0136
2025-07-01T02:14:00.000,15.0122
2025-07-01T02:15:00.000,15.0081
2025-07-01T02:16:00.000,15.0040
2025-07-01T02:17:00.000,14.9916
2025-07-01T02:18:00.000,14.9736
2025-07-01T02:19:00.000,14.9626
2025-07-01T02:20:00.000,14.9502
2025-07-01T02:21:00.000,14.9419
2025-07-01T02:22:00.000,14.9309
2025-07-01T02:23:00.000,14.9157
2025-07-01T02:24:00.000,14.9060
2025-07-01T02:25:00.000,14.9129
2025-07-01T02:26:00.000,14.9323
2025-07-01T02:27:00.000,14.9502
2025-07-01T02:28:00.000,14.9598
2025-07-01T02:29:00.000,14.9585
2025-07-01T02:30:00.000,14.9502
2025-07-01T02:31:00.000,14.9295
2025-07-01T02:32:00.000,14.8936
2025-07-01T02:33:00.000,14.8605
2025-07-01T02:34:00.000,14.8536
2025-07-01T02:35:00.000,14.8660
2025-07-01T02:36:00.000,14.8591
2025-07-01T02:37:00.000,14.8591
2025-07-01T02:38:00.000,14.8716
2025-07-01T02:39:00.000,14.8840
2025-07-01T02:40:00.000,14.8964
2025-07-01T02:41:00.000,14.9074
2025-07-01T02:42:00.000,14.9088
2025-07-01T02:43:00.000,14.9074
2025-07-01T02:44:00.000,14.9019
2025-07-01T02:45:00.000,14.8936
2025-07-01T02:46:00.000,14.8826
2025-07-01T02:47:00.000,14.8688
2025-07-01T02:48:00.000,14.8550
2025-07-01T02:49:00.000,14.8288
2025-07-01T02:50:00.000,14.8067
2025-07-01T02:51:00.000,14.7915
2025-07-01T02:52:00.000,14.7736
2025-07-01T02:53:00.000,14.7667
2025-07-01T02:54:00.000,14.7598
2025-07-01T02:55:00.000,14.7460
2025-07-01T02:56:00.000,14.7473
2025-07-01T02:57:00.000,14.7501
2025-07-01T02:58:00.000,14.7473
2025-07-01T02:59:00.000,14.7460
2025-07-01T03:00:00.000,14.7501
2025-07-01T03:01:00.000,14.7460
2025-07-01T03:02:00.000,14.7501
2025-07-01T03:03:00.000,14.7446
2025-07-01T03:04:00.000,14.7391
2025-07-01T03:05:00.000,14.7211
2025-07-01T03:06:00.000,14.6962
2025-07-01T03:07:00.000,14.6686
2025-07-01T03:08:00.000,14.6521
2025-07-01T03:09:00.000,14.6438
2025-07-01T03:10:00.000,14.6438
2025-07-01T03:11:00.000,14.6465
2025-07-01T03:12:00.000,14.6493
2025-07-01T03:13:00.000,14.6479
2025-07-01T03:14:00.000,14.6438
2025-07-01T03:15:00.000,14.6382
2025-07-01T03:16:00.000,14.6258
2025-07-01T03:17:00.000,14.6244
2025-07-01T03:18:00.000,14.6217
2025-07-01T03:19:00.000,14.6244
2025-07-01T03:20:00.000,14.6300
2025-07-01T03:21:00.000,14.6355
2025-07-01T03:22:00.000,14.6382
2025-07-01T03:23:00.000,14.6396
2025-07-01T03:24:00.000,14.6424
2025-07-01T03:25:00.000,14.6479
2025-07-01T03:26:00.000,14.6507
2025-07-01T03:27:00.000,14.6465
2025-07-01T03:28:00.000,14.6438
2025-07-01T03:29:00.000,14.6382
2025-07-01T03:30:00.000,14.6300
2025-07-01T03:31:00.000,14.6258
2025-07-01T03:32:00.000,14.6230
2025-07-01T03:33:00.000,14.6230
2025-07-01T03:34:00.000,14.6217
2025-07-01T03:35:00.000,14.6203
2025-07-01T03:36:00.000,14.6189
2025-07-01T03:37:00.000,14.6189
2025-07-01T03:38:00.000,14.6175
2025-07-01T03:39:00.000,14.6148
2025-07-01T03:40:00.000,14.6120
2025-07-01T03:41:00.000,14.6079
2025-07-01T03:42:00.000,14.6051
2025-07-01T03:43:00.000,14.6023
2025-07-01T03:44:00.000,14.6023
2025-07-01T03:45:00.000,14.6037
2025-07-01T03:46:00.000,14.6009
2025-07-01T03:47:00.000,14.6023
2025-07-01T03:48:00.000,14.6051
2025-07-01T03:49:00.000,14.6079
2025-07-01T03:50:00.000,14.6120
2025-07-01T03:51:00.000,14.6203
2025-07-01T03:52:00.000,14.6272
2025-07-01T03:53:00.000,14.6327
2025-07-01T03:54:00.000,14.6341
2025-07-01T03:55:00.000,14.6562
2025-07-01T03:56:00.000,14.6783
2025-07-01T03:57:00.000,14.7004
2025-07-01T03:58:00.000,14.7252
2025-07-01T03:59:00.000,14.7542
2025-07-01T04:00:00.000,14.7722
2025-07-01T04:01:00.000,14.7818
2025-07-01T04:02:00.000,14.7860
2025-07-01T04:03:00.000,14.7901
2025-07-01T04:04:00.000,14.7998
2025-07-01T04:05:00.000,14.8122
2025-07-01T04:06:00.000,14.8164
2025-07-01T04:07:00.000,14.8246
2025-07-01T04:08:00.000,14.8302
2025-07-01T04:09:00.000,14.8246
2025-07-01T04:10:00.000,14.8274
2025-07-01T04:11:00.000,14.8274
2025-07-01T04:12:00.000,14.8329
2025-07-01T04:13:00.000,14.8329
2025-07-01T04:14:00.000,14.8260
2025-07-01T04:15:00.000,14.8274
2025-07-01T04:16:00.000,14.8371
2025-07-01T04:17:00.000,14.8536
2025-07-01T04:18:00.000,14.8688
2025-07-01T04:19:00.000,14.8771
2025-07-01T04:20:00.000,14.8922
2025-07-01T04:21:00.000,14.8950
2025-07-01T04:22:00.000,14.8840
2025-07-01T04:23:00.000,14.8688
2025-07-01T04:24:00.000,14.8564
2025-07-01T04:25:00.000,14.8357
2025-07-01T04:26:00.000,14.8095
2025-07-01T04:27:00.000,14.7805
2025-07-01T04:28:00.000,14.7680
2025-07-01T04:29:00.000,14.7639
2025-07-01T04:30:00.000,14.7680
2025-07-01T04:31:00.000,14.7542
2025-07-01T04:32:00.000,14.7473
2025-07-01T04:33:00.000,14.7598
2025-07-01T04:34:00.000,14.7708
2025-07-01T04:35:00.000,14.7736
2025-07-01T04:36:00.000,14.7584
2025-07-01T04:37:00.000,14.7404
2025-07-01T04:38:00.000,14.7211
2025-07-01T04:39:00.000,14.7114
2025-07-01T04:40:00.000,14.7239
2025-07-01T04:41:00.000,14.7501
2025-07-01T04:42:00.000,14.7805
2025-07-01T04:43:00.000,14.8067
2025-07-01T04:44:00.000,14.8177
2025-07-01T04:45:00.000,14.8177
2025-07-01T04:46:00.000,14.8053
2025-07-01T04:47:00.000,14.7860
2025-07-01T04:48:00.000,14.7542
2025-07-01T04:49:00.000,14.7266
2025-07-01T04:50:00.000,14.7363
2025-07-01T04:51:00.000,14.7584
2025-07-01T04:52:00.000,14.7846
2025-07-01T04:53:00.000,14.8191
2025-07-01T04:54:00.000,14.8246
2025-07-01T04:55:00.000,14.7901
2025-07-01T04:56:00.000,14.7556
2025-07-01T04:57:00.000,14.7225
2025-07-01T04:58:00.000,14.7059
2025-07-01T04:59:00.000,14.7073
2025-07-01T05:00:00.000,14.6617
2025-07-01T05:01:00.000,14.5650
2025-07-01T05:02:00.000,14.5001
2025-07-01T05:03:00.000,14.4752
2025-07-01T05:04:00.000,14.4918
2025-07-01T05:05:00.000,14.5305
2025-07-01T05:06:00.000,14.5844
2025-07-01T05:07:00.000,14.6493
2025-07-01T05:08:00.000,14.7073
2025-07-01T05:09:00.000,14.7570
2025-07-01T05:10:00.000,14.8026
2025-07-01T05:11:00.000,14.8122
2025-07-01T05:12:00.000,14.7860
2025-07-01T05:13:00.000,14.7818
2025-07-01T05:14:00.000,14.7915
2025-07-01T05:15:00.000,14.8067
2025-07-01T05:16:00.000,14.8260
2025-07-01T05:17:00.000,14.8453
2025-07-01T05:18:00.000,14.8605
2025-07-01T05:19:00.000,14.8674
2025-07-01T05:20:00.000,14.8633
2025-07-01T05:21:00.000,14.8605
2025-07-01T05:22:00.000,14.8591
2025-07-01T05:23:00.000,14.8591
2025-07-01T05:24:00.000,14.8509
2025-07-01T05:25:00.000,14.8426
2025-07-01T05:26:00.000,14.8274
2025-07-01T05:27:00.000,14.8095
2025-07-01T05:28:00.000,14.7832
2025-07-01T05:29:00.000,14.7542
2025-07-01T05:30:00.000,14.7363
2025-07-01T05:31:00.000,14.7225
2025-07-01T05:32:00.000,14.7128
2025-07-01T05:33:00.000,14.7018
2025-07-01T05:34:00.000,14.7018
2025-07-01T05:35:00.000,14.6990
2025-07-01T05:36:00.000,14.6907
2025-07-01T05:37:00.000,14.6603
2025-07-01T05:38:00.000,14.6451
2025-07-01T05:39:00.000,14.6369
2025-07-01T05:40:00.000,14.6341
2025-07-01T05:41:00.000,14.6313
2025-07-01T05:42:00.000,14.6327
2025-07-01T05:43:00.000,14.6244
2025-07-01T05:44:00.000,14.6023
2025-07-01T05:45:00.000,14.5761
2025-07-01T05:46:00.000,14.5526
2025-07-01T05:47:00.000,14.5249
2025-07-01T05:48:00.000,14.4987
2025-07-01T05:49:00.000,14.4807
2025-07-01T05:50:00.000,14.4710
2025-07-01T05:51:00.000,14.4669
2025-07-01T05:52:00.000,14.4655
2025-07-01T05:53:00.000,14.4586
2025-07-01T05:54:00.000,14.4448
2025-07-01T05:55:00.000,14.4282
2025-07-01T05:56:00.000,14.4088
2025-07-01T05:57:00.000,14.3826
2025-07-01T05:58:00.000,14.3590
2025-07-01T05:59:00.000,14.3341
2025-07-01T06:00:00.000,14.3023
2025-07-01T06:01:00.000,14.2691
2025-07-01T06:02:00.000,14.2497
2025-07-01T06:03:00.000,14.2539
2025-07-01T06:04:00.000,14.2511
2025-07-01T06:05:00.000,14.2387
2025-07-01T06:06:00.000,14.2262
2025-07-01T06:07:00.000,14.2193
2025-07-01T06:08:00.000,14.2138
2025-07-01T06:09:00.000,14.2234
2025-07-01T06:10:00.000,14.2414
2025-07-01T06:11:00.000,14.2497
2025-07-01T06:12:00.000,14.2567
2025-07-01T06:13:00.000,14.2691
2025-07-01T06:14:00.000,14.2802
2025-07-01T06:15:00.000,14.2885
2025-07-01T06:16:00.000,14.2996
2025-07-01T06:17:00.000,14.3065
2025-07-01T06:18:00.000,14.3120
2025-07-01T06:19:00.000,14.3203
2025-07-01T06:20:00.000,14.3245
2025-07-01T06:21:00.000,14.3258
2025-07-01T06:22:00.000,14.3258
2025-07-01T06:23:00.000,14.3328
2025-07-01T06:24:00.000,14.3383
2025-07-01T06:25:00.000,14.3369
2025-07-01T06:26:00.000,14.3328
2025-07-01T06:27:00.000,14.3189
2025-07-01T06:28:00.000,14.3120
2025-07-01T06:29:00.000,14.3272
2025-07-01T06:30:00.000,14.3521
2025-07-01T06:31:00.000,14.3756
2025-07-01T06:32:00.000,14.4005
2025-07-01T06:33:00.000,14.4268
2025-07-01T06:34:00.000,14.4434
2025-07-01T06:35:00.000,14.4531
2025-07-01T06:36:00.000,14.4641
2025-07-01T06:37:00.000,14.4738
2025-07-01T06:38:00.000,14.4835
2025-07-01T06:39:00.000,14.4904
2025-07-01T06:40:00.000,14.4932
2025-07-01T06:41:00.000,14.4945
2025-07-01T06:42:00.000,14.4890
2025-07-01T06:43:00.000,14.4724
2025-07-01T06:44:00.000,14.4517
2025-07-01T06:45:00.000,14.4379
2025-07-01T06:46:00.000,14.4240
2025-07-01T06:47:00.000,14.4171
2025-07-01T06:48:00.000,14.4227
2025-07-01T06:49:00.000,14.4337
2025-07-01T06:50:00.000,14.4462
2025-07-01T06:51:00.000,14.4462
2025-07-01T06:52:00.000,14.4434
2025-07-01T06:53:00.000,14.4379
2025-07-01T06:54:00.000,14.4254
2025-07-01T06:55:00.000,14.4088
2025-07-01T06:56:00.000,14.3922
2025-07-01T06:57:00.000,14.3812
2025-07-01T06:58:00.000,14.3715
2025-07-01T06:59:00.000,14.3618
2025-07-01T07:00:00.000,14.3563
2025-07-01T07:01:00.000,14.3590
2025-07-01T07:02:00.000,14.3660
2025-07-01T07:03:00.000,14.3798
2025-07-01T07:04:00.000,14.4005
2025-07-01T07:05:00.000,14.4116
2025-07-01T07:06:00.000,14.4185
2025-07-01T07:07:00.000,14.4199
2025-07-01T07:08:00.000,14.4130
2025-07-01T07:09:00.000,14.4061
2025-07-01T07:10:00.000,14.3978
2025-07-01T07:11:00.000,14.4019
2025-07-01T07:12:00.000,14.4088
2025-07-01T07:13:00.000,14.4240
2025-07-01T07:14:00.000,14.4406
2025-07-01T07:15:00.000,14.4448
2025-07-01T07:16:00.000,14.4420
2025-07-01T07:17:00.000,14.4296
2025-07-01T07:18:00.000,14.4019
2025-07-01T07:19:00.000,14.3743
2025-07-01T07:20:00.000,14.3604
2025-07-01T07:21:00.000,14.3577
2025-07-01T07:22:00.000,14.3604
2025-07-01T07:23:00.000,14.3646
2025-07-01T07:24:00.000,14.3701
2025-07-01T07:25:00.000,14.3673
2025-07-01T07:26:00.000,14.3618
2025-07-01T07:27:00.000,14.3521
2025-07-01T07:28:00.000,14.3355
2025-07-01T07:29:00.000,14.3203
2025-07-01T07:30:00.000,14.3162
2025-07-01T07:31:00.000,14.3203
2025-07-01T07:32:00.000,14.3314
2025-07-01T07:33:00.000,14.3438
2025-07-01T07:34:00.000,14.3618
2025-07-01T07:35:00.000,14.3812
2025-07-01T07:36:00.000,14.4047
2025-07-01T07:37:00.000,14.4282
2025-07-01T07:38:00.000,14.4531
2025-07-01T07:39:00.000,14.4821
2025-07-01T07:40:00.000,14.5111
2025-07-01T07:41:00.000,14.5484
2025-07-01T07:42:00.000,14.5719
2025-07-01T07:43:00.000,14.5968
2025-07-01T07:44:00.000,14.6230
2025-07-01T07:45:00.000,14.6521
2025-07-01T07:46:00.000,14.6728
2025-07-01T07:47:00.000,14.6880
2025-07-01T07:48:00.000,14.6962
2025-07-01T07:49:00.000,14.6811
2025-07-01T07:50:00.000,14.6700
2025-07-01T07:51:00.000,14.6645
2025-07-01T07:52:00.000,14.6714
2025-07-01T07:53:00.000,14.6838
2025-07-01T07:54:00.000,14.6962
2025-07-01T07:55:00.000,14.7142
2025-07-01T07:56:00.000,14.7266
2025-07-01T07:57:00.000,14.7404
2025-07-01T07:58:00.000,14.7584
2025-07-01T07:59:00.000,14.7722
2025-07-01T08:00:00.000,14.7860
2025-07-01T08:01:00.000,14.8012
2025-07-01T08:02:00.000,14.8164
2025-07-01T08:03:00.000,14.8302
2025-07-01T08:04:00.000,14.8440
2025-07-01T08:05:00.000,14.8522
2025-07-01T08:06:00.000,14.8536
2025-07-01T08:07:00.000,14.8605
2025-07-01T08:08:00.000,14.8674
2025-07-01T08:09:00.000,14.8757
2025-07-01T08:10:00.000,14.8798
2025-07-01T08:11:00.000,14.8909
2025-07-01T08:12:00.000,14.9060
2025-07-01T08:13:00.000,14.9171
2025-07-01T08:14:00.000,14.9309
2025-07-01T08:15:00.000,14.9378
2025-07-01T08:16:00.000,14.9433
2025-07-01T08:17:00.000,14.9433
2025-07-01T08:18:00.000,14.9419
2025-07-01T08:19:00.000,14.9474
2025-07-01T08:20:00.000,14.9529
2025-07-01T08:21:00.000,14.9585
2025-07-01T08:22:00.000,14.9667
2025-07-01T08:23:00.000,14.9764
2025-07-01T08:24:00.000,14.9833
2025-07-01T08:25:00.000,14.9888
2025-07-01T08:26:00.000,14.9916
2025-07-01T08:27:00.000,14.9902
2025-07-01T08:28:00.000,14.9888
2025-07-01T08:29:00.000,14.9860
2025-07-01T08:30:00.000,14.9847
2025-07-01T08:31:00.000,14.9833
2025-07-01T08:32:00.000,14.9874
2025-07-01T08:33:00.000,14.9860
2025-07-01T08:34:00.000,14.9847
2025-07-01T08:35:00.000,14.9847
2025-07-01T08:36:00.000,14.9847
2025-07-01T08:37:00.000,14.9819
2025-07-01T08:38:00.000,14.9874
2025-07-01T08:39:00.000,14.9943
2025-07-01T08:40:00.000,15.0053
2025-07-01T08:41:00.000,15.0164
2025-07-01T08:42:00.000,15.0274
2025-07-01T08:43:00.000,15.0357
2025-07-01T08:44:00.000,15.0398
2025-07-01T08:45:00.000,15.0426
2025-07-01T08:46:00.000,15.0426
2025-07-01T08:47:00.000,15.0522
2025-07-01T08:48:00.000,15.0646
2025-07-01T08:49:00.000,15.0826
2025-07-01T08:50:00.000,15.0936
2025-07-01T08:51:00.000,15.1032
2025-07-01T08:52:00.000,15.1143
2025-07-01T08:53:00.000,15.1280
2025-07-01T08:54:00.000,15.1377
2025-07-01T08:55:00.000,15.1404
2025-07-01T08:56:00.000,15.1377
2025-07-01T08:57:00.000,15.1308
2025-07-01T08:58:00.000,15.1280
2025-07-01T08:59:00.000,15.1280
2025-07-01T09:00:00.000,15.1322
2025-07-01T09:01:00.000,15.1487
2025-07-01T09:02:00.000,15.1653
2025-07-01T09:03:00.000,15.1804
2025-07-01T09:04:00.000,15.1997
2025-07-01T09:05:00.000,15.2135
2025-07-01T09:06:00.000,15.2300
2025-07-01T09:07:00.000,15.2273
2025-07-01T09:08:00.000,15.2245
2025-07-01T09:09:00.000,15.2259
2025-07-01T09:10:00.000,15.2286
2025-07-01T09:11:00.000,15.2438
2025-07-01T09:12:00.000,15.2589
2025-07-01T09:13:00.000,15.2700
2025-07-01T09:14:00.000,15.2727
2025-07-01T09:15:00.000,15.2658
2025-07-01T09:16:00.000,15.2589
2025-07-01T09:17:00.000,15.2576
2025-07-01T09:18:00.000,15.2755
2025-07-01T09:19:00.000,15.2989
2025-07-01T09:20:00.000,15.3319
2025-07-01T09:21:00.000,15.3609
2025-07-01T09:22:00.000,15.3898
2025-07-01T09:23:00.000,15.4242
2025-07-01T09:24:00.000,15.4531
2025-07-01T09:25:00.000,15.4779
2025-07-01T09:26:00.000,15.5013
2025-07-01T09:27:00.000,15.5123
2025-07-01T09:28:00.000,15.5343
2025-07-01T09:29:00.000,15.5701
2025-07-01T09:30:00.000,15.5866
2025-07-01T09:31:00.000,15.5962
2025-07-01T09:32:00.000,15.6141
2025-07-01T09:33:00.000,15.6416
2025-07-01T09:34:00.000,15.6856
2025-07-01T09:35:00.000,15.7159
2025-07-01T09:36:00.000,15.7420
2025-07-01T09:37:00.000,15.7764
2025-07-01T09:38:00.000,15.8135
2025-07-01T09:39:00.000,15.8602
2025-07-01T09:40:00.000,15.8987
2025-07-01T09:41:00.000,15.9042
2025-07-01T09:42:00.000,15.8863
2025-07-01T09:43:00.000,15.8465
2025-07-01T09:44:00.000,15.8107
2025-07-01T09:45:00.000,15.7929
2025-07-01T09:46:00.000,15.7874
2025-07-01T09:47:00.000,15.7777
2025-07-01T09:48:00.000,15.7695
2025-07-01T09:49:00.000,15.7750
2025-07-01T09:50:00.000,15.7860
2025-07-01T09:51:00.000,15.8107
2025-07-01T09:52:00.000,15.8451
2025-07-01T09:53:00.000,15.8698
2025-07-01T09:54:00.000,15.8918
2025-07-01T09:55:00.000,15.9138
2025-07-01T09:56:00.000,15.9317
2025-07-01T09:57:00.000,15.9592
2025-07-01T09:58:00.000,15.9743
2025-07-01T09:59:00.000,15.9880
2025-07-01T10:00:00.000,15.9990
2025-07-01T10:01:00.000,15.9894
2025-07-01T10:02:00.000,15.9757
2025-07-01T10:03:00.000,15.9811
2025-07-01T10:04:00.000,15.9647
2025-07-01T10:05:00.000,15.9647
2025-07-01T10:06:00.000,15.9743
2025-07-01T10:07:00.000,15.9647
2025-07-01T10:08:00.000,15.9550
2025-07-01T10:09:00.000,15.9372
2025-07-01T10:10:00.000,15.9056
2025-07-01T10:11:00.000,15.8973
2025-07-01T10:12:00.000,15.8905
2025-07-01T10:13:00.000,15.8891
2025-07-01T10:14:00.000,15.9015
2025-07-01T10:15:00.000,15.8946
2025-07-01T10:16:00.000,15.8946
2025-07-01T10:17:00.000,15.8795
2025-07-01T10:18:00.000,15.8588
2025-07-01T10:19:00.000,15.8424
2025-07-01T10:20:00.000,15.8286
2025-07-01T10:21:00.000,15.8107
2025-07-01T10:22:00.000,15.7970
2025-07-01T10:23:00.000,15.7915
2025-07-01T10:24:00.000,15.7970
2025-07-01T10:25:00.000,15.8094
2025-07-01T10:26:00.000,15.8217
2025-07-01T10:27:00.000,15.8355
2025-07-01T10:28:00.000,15.8259
2025-07-01T10:29:00.000,15.8272
2025-07-01T10:30:00.000,15.8314
2025-07-01T10:31:00.000,15.8327
2025-07-01T10:32:00.000,15.8355
2025-07-01T10:33:00.000,15.8424
2025-07-01T10:34:00.000,15.8630
2025-07-01T10:35:00.000,15.8918
2025-07-01T10:36:00.000,15.9399
2025-07-01T10:37:00.000,15.9963
2025-07-01T10:38:00.000,16.0485
2025-07-01T10:39:00.000,16.0965
2025-07-01T10:40:00.000,16.1322
2025-07-01T10:41:00.000,16.1528
2025-07-01T10:42:00.000,16.1666
2025-07-01T10:43:00.000,16.1927
2025-07-01T10:44:00.000,16.2393
2025-07-01T10:45:00.000,16.2682
2025-07-01T10:46:00.000,16.2984
2025-07-01T10:47:00.000,16.3464
2025-07-01T10:48:00.000,16.3615
2025-07-01T10:49:00.000,16.3944
2025-07-01T10:50:00.000,16.4520
2025-07-01T10:51:00.000,16.5014
2025-07-01T10:52:00.000,16.5563
2025-07-01T10:53:00.000,16.5933
2025-07-01T10:54:00.000,16.6413
2025-07-01T10:55:00.000,16.6893
2025-07-01T10:56:00.000,16.7250
2025-07-01T10:57:00.000,16.7400
2025-07-01T10:58:00.000,16.7565
2025-07-01T10:59:00.000,16.7743
2025-07-01T11:00:00.000,16.7976
2025-07-01T11:01:00.000,16.8113
2025-07-01T11:02:00.000,16.8305
2025-07-01T11:03:00.000,16.8675
2025-07-01T11:04:00.000,16.9127
2025-07-01T11:05:00.000,16.9196
2025-07-01T11:06:00.000,16.8456
2025-07-01T11:07:00.000,16.8017
2025-07-01T11:08:00.000,16.8113
2025-07-01T11:09:00.000,16.8291
2025-07-01T11:10:00.000,16.8579
2025-07-01T11:11:00.000,16.8744
2025-07-01T11:12:00.000,16.9141
2025-07-01T11:13:00.000,16.9717
2025-07-01T11:14:00.000,17.0908
2025-07-01T11:15:00.000,17.2538
2025-07-01T11:16:00.000,17.4209
2025-07-01T11:17:00.000,17.6631
2025-07-01T11:18:00.000,18.0639
2025-07-01T11:19:00.000,18.5466
2025-07-01T11:20:00.000,18.9895
2025-07-01T11:21:00.000,19.3668
2025-07-01T11:22:00.000,19.8235
2025-07-01T11:23:00.000,20.2529
2025-07-01T11:24:00.000,20.5826
2025-07-01T11:25:00.000,20.8427
2025-07-01T11:26:00.000,21.0454
2025-07-01T11:27:00.000,21.2029
2025-07-01T11:28:00.000,21.3303
2025-07-01T11:29:00.000,21.4619
2025-07-01T11:30:00.000,21.5798
2025-07-01T11:31:00.000,21.6786
2025-07-01T11:32:00.000,21.7801
2025-07-01T11:33:00.000,21.8761
2025-07-01T11:34:00.000,21.9420
2025-07-01T11:35:00.000,22.0271
2025-07-01T11:36:00.000,22.1315
2025-07-01T11:37:00.000,22.2428
2025-07-01T11:38:00.000,22.3541
2025-07-01T11:39:00.000,22.4819
2025-07-01T11:40:00.000,22.5699
2025-07-01T11:41:00.000,22.5919
2025-07-01T11:42:00.000,22.6167
2025-07-01T11:43:00.000,22.6497
2025-07-01T11:44:00.000,22.6786
2025-07-01T11:45:00.000,22.7213
2025-07-01T11:46:00.000,22.7942
2025-07-01T11:47:00.000,22.8438
2025-07-01T11:48:00.000,22.8548
2025-07-01T11:49:00.000,22.8699
2025-07-01T11:50:00.000,22.8933
2025-07-01T11:51:00.000,22.8865
2025-07-01T11:52:00.000,22.8631
2025-07-01T11:53:00.000,22.8204
2025-07-01T11:54:00.000,22.8011
2025-07-01T11:55:00.000,22.7983
2025-07-01T11:56:00.000,22.8534
2025-07-01T11:57:00.000,22.8713
2025-07-01T11:58:00.000,22.8741
2025-07-01T11:59:00.000,22.8933
2025-07-01T12:00:00.000,22.9484
2025-07-01T12:01:00.000,22.9898
2025-07-01T12:02:00.000,23.0835
2025-07-01T12:03:00.000,23.2585
2025-07-01T12:04:00.000,23.4462
2025-07-01T12:05:00.000,23.5967
2025-07-01T12:06:00.000,23.7334
2025-07-01T12:07:00.000,23.8634
2025-07-01T12:08:00.000,23.9934
2025-07-01T12:09:00.000,24.1471
2025-07-01T12:10:00.000,24.3133
2025-07-01T12:11:00.000,24.4256
2025-07-01T12:12:00.000,24.5227
2025-07-01T12:13:00.000,24.6018
2025-07-01T12:14:00.000,24.6851
2025-07-01T12:15:00.000,24.7282
2025-07-01T12:16:00.000,24.7657
2025-07-01T12:17:00.000,24.8463
2025-07-01T12:18:00.000,24.9686
2025-07-01T12:19:00.000,25.1983
2025-07-01T12:20:00.000,25.4088
2025-07-01T12:21:00.000,25.6516
2025-07-01T12:22:00.000,25.9327
2025-07-01T12:23:00.000,26.2815
2025-07-01T12:24:00.000,26.4977
2025-07-01T12:25:00.000,26.6243
2025-07-01T12:26:00.000,26.7241
2025-07-01T12:27:00.000,26.8664
2025-07-01T12:28:00.000,27.0355
2025-07-01T12:29:00.000,27.1527
2025-07-01T12:30:00.000,27.2304
2025-07-01T12:31:00.000,27.2304
2025-07-01T12:32:00.000,27.1612
2025-07-01T12:33:00.000,27.0906
2025-07-01T12:34:00.000,27.1117
2025-07-01T12:35:00.000,27.2078
2025-07-01T12:36:00.000,27.3392
2025-07-01T12:37:00.000,27.5614
2025-07-01T12:38:00.000,27.7145
2025-07-01T12:39:00.000,27.6720
2025-07-01T12:40:00.000,27.5968
2025-07-01T12:41:00.000,27.3788
2025-07-01T12:42:00.000,27.0821
2025-07-01T12:43:00.000,26.8016
2025-07-01T12:44:00.000,26.5230
2025-07-01T12:45:00.000,26.3812
2025-07-01T12:46:00.000,26.3671
2025-07-01T12:47:00.000,26.4359
2025-07-01T12:48:00.000,26.6130
2025-07-01T12:49:00.000,26.6650
2025-07-01T12:50:00.000,26.6313
2025-07-01T12:51:00.000,26.5596
2025-07-01T12:52:00.000,26.4472
2025-07-01T12:53:00.000,26.3545
2025-07-01T12:54:00.000,26.2325
2025-07-01T12:55:00.000,26.1007
2025-07-01T12:56:00.000,25.9845
2025-07-01T12:57:00.000,25.8585
2025-07-01T12:58:00.000,25.8249
2025-07-01T12:59:00.000,25.8207
2025-07-01T13:00:00.000,25.7494
2025-07-01T13:01:00.000,25.6069
2025-07-01T13:02:00.000,25.4283
2025-07-01T13:03:00.000,25.2540
2025-07-01T13:04:00.000,25.1649
2025-07-01T13:05:00.000,25.1120
2025-07-01T13:06:00.000,25.0772
2025-07-01T13:07:00.000,25.0897
2025-07-01T13:08:00.000,25.0730
2025-07-01T13:09:00.000,25.0229
2025-07-01T13:10:00.000,24.9825
2025-07-01T13:11:00.000,25.0034
2025-07-01T13:12:00.000,25.0563
2025-07-01T13:13:00.000,25.1134
2025-07-01T13:14:00.000,25.2721
2025-07-01T13:15:00.000,25.5902
2025-07-01T13:16:00.000,25.8683
2025-07-01T13:17:00.000,26.1133
2025-07-01T13:18:00.000,26.3208
2025-07-01T13:19:00.000,26.4711
2025-07-01T13:20:00.000,26.7241
2025-07-01T13:21:00.000,27.1795
2025-07-01T13:22:00.000,27.4156
2025-07-01T13:23:00.000,27.5798
2025-07-01T13:24:00.000,27.7287
2025-07-01T13:25:00.000,27.8408
2025-07-01T13:26:00.000,27.9531
2025-07-01T13:27:00.000,28.0128
2025-07-01T13:28:00.000,28.1181
2025-07-01T13:29:00.000,28.2021
2025-07-01T13:30:00.000,28.2505
2025-07-01T13:31:00.000,28.3204
2025-07-01T13:32:00.000,28.4588
2025-07-01T13:33:00.000,28.6245
2025-07-01T13:34:00.000,28.9567
2025-07-01T13:35:00.000,29.1908
2025-07-01T13:36:00.000,29.4427
2025-07-01T13:37:00.000,29.6273
2025-07-01T13:38:00.000,29.7646
2025-07-01T13:39:00.000,29.8325
2025-07-01T13:40:00.000,29.8224
2025-07-01T13:41:00.000,29.7862
2025-07-01T13:42:00.000,29.5927
2025-07-01T13:43:00.000,29.2785
2025-07-01T13:44:00.000,29.0558
2025-07-01T13:45:00.000,28.9524
2025-07-01T13:46:00.000,29.0672
2025-07-01T13:47:00.000,29.3217
2025-07-01T13:48:00.000,29.6750
2025-07-01T13:49:00.000,30.0179
2025-07-01T13:50:00.000,30.1659
2025-07-01T13:51:00.000,30.2225
2025-07-01T13:52:00.000,30.1339
2025-07-01T13:53:00.000,29.9599
2025-07-01T13:54:00.000,29.6735
2025-07-01T13:55:00.000,29.3462
2025-07-01T13:56:00.000,29.0012
2025-07-01T13:57:00.000,28.5773
2025-07-01T13:58:00.000,28.1893
2025-07-01T13:59:00.000,27.8408
2025-07-01T14:00:00.000,27.6238
2025-07-01T14:01:00.000,27.3732
2025-07-01T14:02:00.000,27.2120
2025-07-01T14:03:00.000,27.2191
2025-07-01T14:04:00.000,27.3774
2025-07-01T14:05:00.000,27.8778
2025-07-01T14:06:00.000,28.4102
2025-07-01T14:07:00.000,28.7533
2025-07-01T14:08:00.000,29.0572
2025-07-01T14:09:00.000,29.7039
2025-07-01T14:10:00.000,30.5193
2025-07-01T14:11:00.000,31.3788
2025-07-01T14:12:00.000,32.0153
2025-07-01T14:13:00.000,32.6195
2025-07-01T14:14:00.000,33.1379
2025-07-01T14:15:00.000,33.5268
2025-07-01T14:16:00.000,33.7720
2025-07-01T14:17:00.000,34.0576
2025-07-01T14:18:00.000,34.7258
2025-07-01T14:19:00.000,35.4905
2025-07-01T14:20:00.000,36.1885
2025-07-01T14:21:00.000,36.6929
2025-07-01T14:22:00.000,37.0371
2025-07-01T14:23:00.000,37.2826
2025-07-01T14:24:00.000,37.5723
2025-07-01T14:25:00.000,37.3017
2025-07-01T14:26:00.000,36.9179
2025-07-01T14:27:00.000,36.5490
2025-07-01T14:28:00.000,36.2294
2025-07-01T14:29:00.000,35.8738
2025-07-01T14:30:00.000,35.5729
2025-07-01T14:31:00.000,35.3338
2025-07-01T14:32:00.000,35.3664
2025-07-01T14:33:00.000,35.4890
2025-07-01T14:34:00.000,35.9942
2025-07-01T14:35:00.000,36.2639
2025-07-01T14:36:00.000,36.1305
2025-07-01T14:37:00.000,35.3989
2025-07-01T14:38:00.000,34.6199
2025-07-01T14:39:00.000,34.0013
2025-07-01T14:40:00.000,33.5707
2025-07-01T14:41:00.000,33.0793
2025-07-01T14:42:00.000,32.6120
2025-07-01T14:43:00.000,32.0554
2025-07-01T14:44:00.000,31.4524
2025-07-01T14:45:00.000,30.9766
2025-07-01T14:46:00.000,30.5849
2025-07-01T14:47:00.000,30.2298
2025-07-01T14:48:00.000,29.9368
2025-07-01T14:49:00.000,29.8441
2025-07-01T14:50:00.000,29.9846
2025-07-01T14:51:00.000,30.2864
2025-07-01T14:52:00.000,30.5018
2025-07-01T14:53:00.000,30.6476
2025-07-01T14:54:00.000,30.9063
2025-07-01T14:55:00.000,31.4509
2025-07-01T14:56:00.000,32.0509
2025-07-01T14:57:00.000,32.6269
2025-07-01T14:58:00.000,33.3246
2025-07-01T14:59:00.000,33.8251
2025-07-01T15:00:00.000,33.3985
2025-07-01T15:01:00.000,32.5523
2025-07-01T15:02:00.000,31.6249
2025-07-01T15:03:00.000,30.7499
2025-07-01T15:04:00.000,30.0020
2025-07-01T15:05:00.000,29.3145
2025-07-01T15:06:00.000,28.7991
2025-07-01T15:07:00.000,28.4388
2025-07-01T15:08:00.000,28.1067
2025-07-01T15:09:00.000,27.7940
2025-07-01T15:10:00.000,27.5203
2025-07-01T15:11:00.000,27.3972
2025-07-01T15:12:00.000,27.3491
2025-07-01T15:13:00.000,27.3590
2025-07-01T15:14:00.000,27.4963
2025-07-01T15:15:00.000,27.5388
2025-07-01T15:16:00.000,27.4736
2025-07-01T15:17:00.000,27.3760
2025-07-01T15:18:00.000,27.2940
2025-07-01T15:19:00.000,27.2219
2025-07-01T15:20:00.000,27.1103
2025-07-01T15:21:00.000,27.0398
2025-07-01T15:22:00.000,27.0849
2025-07-01T15:23:00.000,27.1188
2025-07-01T15:24:00.000,27.1357
2025-07-01T15:25:00.000,27.1626
2025-07-01T15:26:00.000,27.1343
2025-07-01T15:27:00.000,27.1089
2025-07-01T15:28:00.000,27.0779
2025-07-01T15:29:00.000,27.0482
2025-07-01T15:30:00.000,27.0553
2025-07-01T15:31:00.000,27.0892
2025-07-01T15:32:00.000,27.2007
2025-07-01T15:33:00.000,27.3336
2025-07-01T15:34:00.000,27.4184
2025-07-01T15:35:00.000,27.5373
2025-07-01T15:36:00.000,27.7003
2025-07-01T15:37:00.000,28.0000
2025-07-01T15:38:00.000,28.2719
2025-07-01T15:39:00.000,28.4345
2025-07-01T15:40:00.000,28.5430
2025-07-01T15:41:00.000,28.6002
2025-07-01T15:42:00.000,28.6731
2025-07-01T15:43:00.000,28.7289
2025-07-01T15:44:00.000,28.7934
2025-07-01T15:45:00.000,28.8177
2025-07-01T15:46:00.000,28.7318
2025-07-01T15:47:00.000,28.5759
2025-07-01T15:48:00.000,28.3560
2025-07-01T15:49:00.000,28.1238
2025-07-01T15:50:00.000,27.8678
2025-07-01T15:51:00.000,27.6379
2025-07-01T15:52:00.000,27.4807
2025-07-01T15:53:00.000,27.3944
2025-07-01T15:54:00.000,27.2431
2025-07-01T15:55:00.000,27.1499
2025-07-01T15:56:00.000,27.0059
2025-07-01T15:57:00.000,26.8650
2025-07-01T15:58:00.000,26.8030
2025-07-01T15:59:00.000,26.7636
2025-07-01T16:00:00.000,26.7340
2025-07-01T16:01:00.000,26.8128
2025-07-01T16:02:00.000,26.9016
2025-07-01T16:03:00.000,26.9636
2025-07-01T16:04:00.000,26.9227
2025-07-01T16:05:00.000,26.8706
2025-07-01T16:06:00.000,26.8579
2025-07-01T16:07:00.000,26.8185
2025-07-01T16:08:00.000,26.8185
2025-07-01T16:09:00.000,26.8114
2025-07-01T16:10:00.000,26.8269
2025-07-01T16:11:00.000,26.8833
2025-07-01T16:12:00.000,26.9439
2025-07-01T16:13:00.000,26.9650
2025-07-01T16:14:00.000,26.9693
2025-07-01T16:15:00.000,26.9735
2025-07-01T16:16:00.000,27.0355
2025-07-01T16:17:00.000,27.0567
2025-07-01T16:18:00.000,27.0750
2025-07-01T16:19:00.000,27.2021
2025-07-01T16:20:00.000,27.3972
2025-07-01T16:21:00.000,27.5019
2025-07-01T16:22:00.000,27.5175
2025-07-01T16:23:00.000,27.5473
2025-07-01T16:24:00.000,27.4906
2025-07-01T16:25:00.000,27.4382
2025-07-01T16:26:00.000,27.4949
2025-07-01T16:27:00.000,27.5926
2025-07-01T16:28:00.000,27.6068
2025-07-01T16:29:00.000,27.5912
2025-07-01T16:30:00.000,27.5515
2025-07-01T16:31:00.000,27.4680
2025-07-01T16:32:00.000,27.3406
2025-07-01T16:33:00.000,27.2417
2025-07-01T16:34:00.000,27.1654
2025-07-01T16:35:00.000,27.1400
2025-07-01T16:36:00.000,27.1682
2025-07-01T16:37:00.000,27.3293
2025-07-01T16:38:00.000,27.4821
2025-07-01T16:39:00.000,27.5444
2025-07-01T16:40:00.000,27.6465
2025-07-01T16:41:00.000,27.8053
2025-07-01T16:42:00.000,27.8550
2025-07-01T16:43:00.000,27.8082
2025-07-01T16:44:00.000,27.7542
2025-07-01T16:45:00.000,27.7174
2025-07-01T16:46:00.000,27.7642
2025-07-01T16:47:00.000,27.7997
2025-07-01T16:48:00.000,27.9374
2025-07-01T16:49:00.000,28.1494
2025-07-01T16:50:00.000,28.3874
2025-07-01T16:51:00.000,28.6002
2025-07-01T16:52:00.000,28.7848
2025-07-01T16:53:00.000,28.9682
2025-07-01T16:54:00.000,29.1031
2025-07-01T16:55:00.000,29.2138
2025-07-01T16:56:00.000,29.3606
2025-07-01T16:57:00.000,29.3750
2025-07-01T16:58:00.000,29.4629
2025-07-01T16:59:00.000,29.5321
2025-07-01T17:00:00.000,29.5422
2025-07-01T17:01:00.000,29.5422
2025-07-01T17:02:00.000,29.6692
2025-07-01T17:03:00.000,30.0948
2025-07-01T17:04:00.000,30.5937
2025-07-01T17:05:00.000,30.9312
2025-07-01T17:06:00.000,31.0542
2025-07-01T17:07:00.000,31.0997
2025-07-01T17:08:00.000,31.1745
2025-07-01T17:09:00.000,31.1026
2025-07-01T17:10:00.000,31.0469
2025-07-01T17:11:00.000,31.0718
2025-07-01T17:12:00.000,31.1364
2025-07-01T17:13:00.000,31.2465
2025-07-01T17:14:00.000,31.2803
2025-07-01T17:15:00.000,31.2671
2025-07-01T17:16:00.000,31.2068
2025-07-01T17:17:00.000,31.2333
2025-07-01T17:18:00.000,31.2627
2025-07-01T17:19:00.000,31.3200
2025-07-01T17:20:00.000,31.2347
2025-07-01T17:21:00.000,30.9370
2025-07-01T17:22:00.000,30.5470
2025-07-01T17:23:00.000,30.1252
2025-07-01T17:24:00.000,29.7978
2025-07-01T17:25:00.000,29.5566
2025-07-01T17:26:00.000,29.3851
2025-07-01T17:27:00.000,29.2224
2025-07-01T17:28:00.000,29.0586
2025-07-01T17:29:00.000,28.8894
2025-07-01T17:30:00.000,28.7189
2025-07-01T17:31:00.000,28.5073
2025-07-01T17:32:00.000,28.3460
2025-07-01T17:33:00.000,28.2363
2025-07-01T17:34:00.000,28.1579
2025-07-01T17:35:00.000,28.0227
2025-07-01T17:36:00.000,27.8749
2025-07-01T17:37:00.000,27.7245
2025-07-01T17:38:00.000,27.6011
2025-07-01T17:39:00.000,27.4496
2025-07-01T17:40:00.000,27.3958
2025-07-01T17:41:00.000,27.4439
2025-07-01T17:42:00.000,27.4708
2025-07-01T17:43:00.000,27.4425
2025-07-01T17:44:00.000,27.3887
2025-07-01T17:45:00.000,27.3364
2025-07-01T17:46:00.000,27.1597
2025-07-01T17:47:00.000,26.8875
2025-07-01T17:48:00.000,26.6144
2025-07-01T17:49:00.000,26.3278
2025-07-01T17:50:00.000,26.1287
2025-07-01T17:51:00.000,26.0223
2025-07-01T17:52:00.000,26.0587
2025-07-01T17:53:00.000,26.0811
2025-07-01T17:54:00.000,26.0223
2025-07-01T17:55:00.000,25.8823
2025-07-01T17:56:00.000,25.6558
2025-07-01T17:57:00.000,25.3823
2025-07-01T17:58:00.000,24.9686
2025-07-01T17:59:00.000,24.4811
2025-07-01T18:00:00.000,23.8855
2025-07-01T18:01:00.000,23.3896
2025-07-01T18:02:00.000,22.9732
2025-07-01T18:03:00.000,22.6222
2025-07-01T18:04:00.000,22.3142
2025-07-01T18:05:00.000,22.0601
2025-07-01T18:06:00.000,21.8281
2025-07-01T18:07:00.000,21.6319
2025-07-01T18:08:00.000,21.4907
2025-07-01T18:09:00.000,21.3728
2025-07-01T18:10:00.000,21.2796
2025-07-01T18:11:00.000,21.2056
2025-07-01T18:12:00.000,21.1453
2025-07-01T18:13:00.000,21.0769
2025-07-01T18:14:00.000,21.0070
2025-07-01T18:15:00.000,20.9426
2025-07-01T18:16:00.000,20.8755
2025-07-01T18:17:00.000,20.8783
2025-07-01T18:18:00.000,20.8605
2025-07-01T18:19:00.000,20.8482
2025-07-01T18:20:00.000,20.8482
2025-07-01T18:21:00.000,20.7660
2025-07-01T18:22:00.000,20.6551
2025-07-01T18:23:00.000,20.5320
2025-07-01T18:24:00.000,20.3993
2025-07-01T18:25:00.000,20.2324
2025-07-01T18:26:00.000,20.0450
2025-07-01T18:27:00.000,19.8905
2025-07-01T18:28:00.000,19.7701
2025-07-01T18:29:00.000,19.6566
2025-07-01T18:30:00.000,19.5473
2025-07-01T18:31:00.000,19.4215
2025-07-01T18:32:00.000,19.2957
2025-07-01T18:33:00.000,19.2028
2025-07-01T18:34:00.000,19.1262
2025-07-01T18:35:00.000,19.0429
2025-07-01T18:36:00.000,18.9718
2025-07-01T18:37:00.000,18.9062
2025-07-01T18:38:00.000,18.8269
2025-07-01T18:39:00.000,18.7271
2025-07-01T18:40:00.000,18.6505
2025-07-01T18:41:00.000,18.5849
2025-07-01T18:42:00.000,18.5193
2025-07-01T18:43:00.000,18.4496
2025-07-01T18:44:00.000,18.3826
2025-07-01T18:45:00.000,18.3279
2025-07-01T18:46:00.000,18.2745
2025-07-01T18:47:00.000,18.2294
2025-07-01T18:48:00.000,18.1870
2025-07-01T18:49:00.000,18.1446
2025-07-01T18:50:00.000,18.0803
2025-07-01T18:51:00.000,18.0133
2025-07-01T18:52:00.000,18.0079
2025-07-01T18:53:00.000,18.0024
2025-07-01T18:54:00.000,18.0421
2025-07-01T18:55:00.000,18.0571
2025-07-01T18:56:00.000,18.0776
2025-07-01T18:57:00.000,18.1036
2025-07-01T18:58:00.000,18.1036
2025-07-01T18:59:00.000,18.0749
2025-07-01T19:00:00.000,18.0338
2025-07-01T19:01:00.000,18.0051
2025-07-01T19:02:00.000,18.0311
2025-07-01T19:03:00.000,18.0530
2025-07-01T19:04:00.000,18.0639
2025-07-01T19:05:00.000,18.0721
2025-07-01T19:06:00.000,18.0694
2025-07-01T19:07:00.000,18.0694
2025-07-01T19:08:00.000,18.0735
2025-07-01T19:09:00.000,18.0790
2025-07-01T19:10:00.000,18.0913
2025-07-01T19:11:00.000,18.1022
2025-07-01T19:12:00.000,18.1104
2025-07-01T19:13:00.000,18.1200
2025-07-01T19:14:00.000,18.1268
2025-07-01T19:15:00.000,18.1282
2025-07-01T19:16:00.000,18.1255
2025-07-01T19:17:00.000,18.1173
2025-07-01T19:18:00.000,18.1091
2025-07-01T19:19:00.000,18.0968
2025-07-01T19:20:00.000,18.0803
2025-07-01T19:21:00.000,18.0612
2025-07-01T19:22:00.000,18.0325
2025-07-01T19:23:00.000,17.9955
2025-07-01T19:24:00.000,17.9614
2025-07-01T19:25:00.000,17.9189
2025-07-01T19:26:00.000,17.8793
2025-07-01T19:27:00.000,17.8656
2025-07-01T19:28:00.000,17.8437
2025-07-01T19:29:00.000,17.8109
2025-07-01T19:30:00.000,17.7821
2025-07-01T19:31:00.000,17.7507
2025-07-01T19:32:00.000,17.6494
2025-07-01T19:33:00.000,17.6043
2025-07-01T19:34:00.000,17.5085
2025-07-01T19:35:00.000,17.3195
2025-07-01T19:36:00.000,17.1086
2025-07-01T19:37:00.000,16.9045
2025-07-01T19:38:00.000,16.7318
2025-07-01T19:39:00.000,16.5837
2025-07-01T19:40:00.000,16.4589
2025-07-01T19:41:00.000,16.3560
2025-07-01T19:42:00.000,16.2682
2025-07-01T19:43:00.000,16.1940
2025-07-01T19:44:00.000,16.1171
2025-07-01T19:45:00.000,16.0485
2025-07-01T19:46:00.000,15.9908
2025-07-01T19:47:00.000,15.9427
2025-07-01T19:48:00.000,15.9152
2025-07-01T19:49:00.000,15.8905
2025-07-01T19:50:00.000,15.8685
2025-07-01T19:51:00.000,15.8561
2025-07-01T19:52:00.000,15.8410
2025-07-01T19:53:00.000,15.8314
2025-07-01T19:54:00.000,15.8245
2025-07-01T19:55:00.000,15.8314
2025-07-01T19:56:00.000,15.8685
2025-07-01T19:57:00.000,15.9207
2025-07-01T19:58:00.000,15.9399
2025-07-01T19:59:00.000,15.9289
2025-07-01T20:00:00.000,15.9262
2025-07-01T20:01:00.000,15.9015
2025-07-01T20:02:00.000,15.8616
2025-07-01T20:03:00.000,15.8231
2025-07-01T20:04:00.000,15.7915
2025-07-01T20:05:00.000,15.7599
2025-07-01T20:06:00.000,15.7544
2025-07-01T20:07:00.000,15.7722
2025-07-01T20:08:00.000,15.8245
2025-07-01T20:09:00.000,15.8877
2025-07-01T20:10:00.000,15.9221
2025-07-01T20:11:00.000,15.9276
2025-07-01T20:12:00.000,15.8932
2025-07-01T20:13:00.000,15.8685
2025-07-01T20:14:00.000,15.8066
2025-07-01T20:15:00.000,15.7337
2025-07-01T20:16:00.000,15.6512
2025-07-01T20:17:00.000,15.5921
2025-07-01T20:18:00.000,15.5247
2025-07-01T20:19:00.000,15.4710
2025-07-01T20:20:00.000,15.4421
2025-07-01T20:21:00.000,15.4311
2025-07-01T20:22:00.000,15.4201
2025-07-01T20:23:00.000,15.4035
2025-07-01T20:24:00.000,15.4008
2025-07-01T20:25:00.000,15.4421
2025-07-01T20:26:00.000,15.4710
2025-07-01T20:27:00.000,15.4834
2025-07-01T20:28:00.000,15.4834
2025-07-01T20:29:00.000,15.4765
2025-07-01T20:30:00.000,15.4545
2025-07-01T20:31:00.000,15.4338
2025-07-01T20:32:00.000,15.4035
2025-07-01T20:33:00.000,15.3829
2025-07-01T20:34:00.000,15.3347
2025-07-01T20:35:00.000,15.3264
2025-07-01T20:36:00.000,15.3333
2025-07-01T20:37:00.000,15.3306
2025-07-01T20:38:00.000,15.2769
2025-07-01T20:39:00.000,15.2479
2025-07-01T20:40:00.000,15.1901
2025-07-01T20:41:00.000,15.0908
2025-07-01T20:42:00.000,15.0591
2025-07-01T20:43:00.000,15.0440
2025-07-01T20:44:00.000,15.0881
2025-07-01T20:45:00.000,15.1143
2025-07-01T20:46:00.000,15.2217
2025-07-01T20:47:00.000,15.3292
2025-07-01T20:48:00.000,15.4737
2025-07-01T20:49:00.000,15.5178
2025-07-01T20:50:00.000,15.5728
2025-07-01T20:51:00.000,15.6045
2025-07-01T20:52:00.000,15.7324
2025-07-01T20:53:00.000,15.6705
2025-07-01T20:54:00.000,15.5453
2025-07-01T20:55:00.000,15.3884
2025-07-01T20:56:00.000,15.1873
2025-07-01T20:57:00.000,14.9791
2025-07-01T20:58:00.000,14.8426
2025-07-01T20:59:00.000,14.9488
2025-07-01T21:00:00.000,15.1487
2025-07-01T21:01:00.000,15.4118
2025-07-01T21:02:00.000,15.6485
2025-07-01T21:03:00.000,15.8355
2025-07-01T21:04:00.000,15.9633
2025-07-01T21:05:00.000,16.0430
2025-07-01T21:06:00.000,16.0965
2025-07-01T21:07:00.000,16.0704
2025-07-01T21:08:00.000,16.0279
2025-07-01T21:09:00.000,15.9468
2025-07-01T21:10:00.000,15.7984
2025-07-01T21:11:00.000,15.5825
2025-07-01T21:12:00.000,15.3347
2025-07-01T21:13:00.000,15.0453
2025-07-01T21:14:00.000,14.7901
2025-07-01T21:15:00.000,14.5733
2025-07-01T21:16:00.000,14.3991
2025-07-01T21:17:00.000,14.2733
2025-07-01T21:18:00.000,14.1667
2025-07-01T21:19:00.000,14.0739
2025-07-01T21:20:00.000,13.9935
2025-07-01T21:21:00.000,13.9215
2025-07-01T21:22:00.000,13.8591
2025-07-01T21:23:00.000,13.7897
2025-07-01T21:24:00.000,13.7217
2025-07-01T21:25:00.000,13.6759
2025-07-01T21:26:00.000,13.6412
2025-07-01T21:27:00.000,13.6093
2025-07-01T21:28:00.000,13.5829
2025-07-01T21:29:00.000,13.5773
2025-07-01T21:30:00.000,13.5815
2025-07-01T21:31:00.000,13.5607
2025-07-01T21:32:00.000,13.4968
2025-07-01T21:33:00.000,13.4161
2025-07-01T21:34:00.000,13.3383
2025-07-01T21:35:00.000,13.2798
2025-07-01T21:36:00.000,13.2186
2025-07-01T21:37:00.000,13.1629
2025-07-01T21:38:00.000,13.1086
2025-07-01T21:39:00.000,13.0640
2025-07-01T21:40:00.000,13.0208
2025-07-01T21:41:00.000,12.9845
2025-07-01T21:42:00.000,12.9567
2025-07-01T21:43:00.000,12.9302
2025-07-01T21:44:00.000,12.9037
2025-07-01T21:45:00.000,12.8716
2025-07-01T21:46:00.000,12.9037
2025-07-01T21:47:00.000,12.9371
2025-07-01T21:48:00.000,12.9316
2025-07-01T21:49:00.000,12.9385
2025-07-01T21:50:00.000,12.9162
2025-07-01T21:51:00.000,12.8855
2025-07-01T21:52:00.000,12.8590
2025-07-01T21:53:00.000,12.8283
2025-07-01T21:54:00.000,12.8046
2025-07-01T21:55:00.000,12.7613
2025-07-01T21:56:00.000,12.7138
2025-07-01T21:57:00.000,12.6677
2025-07-01T21:58:00.000,12.6258
2025-07-01T21:59:00.000,12.5867
2025-07-01T22:00:00.000,12.5545
2025-07-01T22:01:00.000,12.5238
2025-07-01T22:02:00.000,12.4986
2025-07-01T22:03:00.000,12.4776
2025-07-01T22:04:00.000,12.4566
2025-07-01T22:05:00.000,12.4426
2025-07-01T22:06:00.000,12.4230
2025-07-01T22:07:00.000,12.3950
2025-07-01T22:08:00.000,12.3614
2025-07-01T22:09:00.000,12.3278
2025-07-01T22:10:00.000,12.2872
2025-07-01T22:11:00.000,12.2494
2025-07-01T22:12:00.000,12.2158
2025-07-01T22:13:00.000,12.1891
2025-07-01T22:14:00.000,12.1765
2025-07-01T22:15:00.000,12.1779
2025-07-01T22:16:00.000,12.1961
2025-07-01T22:17:00.000,12.2031
2025-07-01T22:18:00.000,12.2045
2025-07-01T22:19:00.000,12.2102
2025-07-01T22:20:00.000,12.2144
2025-07-01T22:21:00.000,12.2130
2025-07-01T22:22:00.000,12.2116
2025-07-01T22:23:00.000,12.2073
2025-07-01T22:24:00.000,12.2186
2025-07-01T22:25:00.000,12.2242
2025-07-01T22:26:00.000,12.2298
2025-07-01T22:27:00.000,12.2312
2025-07-01T22:28:00.000,12.2312
2025-07-01T22:29:00.000,12.2298
2025-07-01T22:30:00.000,12.2256
2025-07-01T22:31:00.000,12.2200
2025-07-01T22:32:00.000,12.2158
2025-07-01T22:33:00.000,12.2116
2025-07-01T22:34:00.000,12.2059
2025-07-01T22:35:00.000,12.2003
2025-07-01T22:36:00.000,12.1961
2025-07-01T22:37:00.000,12.1933
2025-07-01T22:38:00.000,12.1919
2025-07-01T22:39:00.000,12.1919
2025-07-01T22:40:00.000,12.1933
2025-07-01T22:41:00.000,12.1961
2025-07-01T22:42:00.000,12.2017
2025-07-01T22:43:00.000,12.2116
2025-07-01T22:44:00.000,12.2172
2025-07-01T22:45:00.000,12.2228
2025-07-01T22:46:00.000,12.2270
2025-07-01T22:47:00.000,12.2312
2025-07-01T22:48:00.000,12.2382
2025-07-01T22:49:00.000,12.2438
2025-07-01T22:50:00.000,12.2480
2025-07-01T22:51:00.000,12.2508
2025-07-01T22:52:00.000,12.2536
2025-07-01T22:53:00.000,12.2578
2025-07-01T22:54:00.000,12.2606
2025-07-01T22:55:00.000,12.2634
2025-07-01T22:56:00.000,12.2648
2025-07-01T22:57:00.000,12.2634
2025-07-01T22:58:00.000,12.2592
2025-07-01T22:59:00.000,12.2550
2025-07-01T23:00:00.000,12.2550
2025-07-01T23:01:00.000,12.2480
2025-07-01T23:02:00.000,12.2410
2025-07-01T23:03:00.000,12.2340
2025-07-01T23:04:00.000,12.2284
2025-07-01T23:05:00.000,12.2256
2025-07-01T23:06:00.000,12.2242
2025-07-01T23:07:00.000,12.2214
2025-07-01T23:08:00.000,12.2200
2025-07-01T23:09:00.000,12.2214
2025-07-01T23:10:00.000,12.2242
2025-07-01T23:11:00.000,12.2270
2025-07-01T23:12:00.000,12.2284
2025-07-01T23:13:00.000,12.2298
2025-07-01T23:14:00.000,12.2298
2025-07-01T23:15:00.000,12.2298
2025-07-01T23:16:00.000,12.2326
2025-07-01T23:17:00.000,12.2396
2025-07-01T23:18:00.000,12.2438
2025-07-01T23:19:00.000,12.2494
2025-07-01T23:20:00.000,12.2564
2025-07-01T23:21:00.000,12.2648
2025-07-01T23:22:00.000,12.2802
2025-07-01T23:23:00.000,12.2956
2025-07-01T23:24:00.000,12.3194
2025-07-01T23:25:00.000,12.3348
2025-07-01T23:26:00.000,12.3474
2025-07-01T23:27:00.000,12.3558
2025-07-01T23:28:00.000,12.3642
2025-07-01T23:29:00.000,12.3684
2025-07-01T23:30:00.000,12.3712
2025-07-01T23:31:00.000,12.3684
2025-07-01T23:32:00.000,12.3642
2025-07-01T23:33:00.000,12.3600
2025-07-01T23:34:00.000,12.3600
2025-07-01T23:35:00.000,12.3600
2025-07-01T23:36:00.000,12.3558
2025-07-01T23:37:00.000,12.3516
2025-07-01T23:38:00.000,12.3516
2025-07-01T23:39:00.000,12.3516
2025-07-01T23:40:00.000,12.3530
2025-07-01T23:41:00.000,12.3530
2025-07-01T23:42:00.000,12.3544
2025-07-01T23:43:00.000,12.3544
2025-07-01T23:44:00.000,12.3572
2025-07-01T23:45:00.000,12.3614
2025-07-01T23:46:00.000,12.3670
2025-07-01T23:47:00.000,12.3852
2025-07-01T23:48:00.000,12.4048
2025-07-01T23:49:00.000,12.4398
2025-07-01T23:50:00.000,12.4790
2025-07-01T23:51:00.000,12.5042
2025-07-01T23:52:00.000,12.5266
2025-07-01T23:53:00.000,12.5405
2025-07-01T23:54:00.000,12.5447
2025-07-01T23:55:00.000,12.5405
2025-07-01T23:56:00.000,12.5489
2025-07-01T23:57:00.000,12.5853
2025-07-01T23:58:00.000,12.5839
2025-07-01T23:59:00.000,12.5713
2025-07-02T00:00:00.000,12.5559
2025-07-02T00:01:00.000,12.5419
2025-07-02T00:02:00.000,12.5308
2025-07-02T00:03:00.000,12.5210
2025-07-02T00:04:00.000,12.5126
2025-07-02T00:05:00.000,12.5112
2025-07-02T00:06:00.000,12.5112
2025-07-02T00:07:00.000,12.5168
2025-07-02T00:08:00.000,12.5210
2025-07-02T00:09:00.000,12.5238
2025-07-02T00:10:00.000,12.5336
2025-07-02T00:11:00.000,12.5350
2025-07-02T00:12:00.000,12.5336
2025-07-02T00:13:00.000,12.5336
2025-07-02T00:14:00.000,12.5308
2025-07-02T00:15:00.000,12.5294
2025-07-02T00:16:00.000,12.5266
2025-07-02T00:17:00.000,12.5238
2025-07-02T00:18:00.000,12.5210
2025-07-02T00:19:00.000,12.5140
2025-07-02T00:20:00.000,12.5070
2025-07-02T00:21:00.000,12.4944
2025-07-02T00:22:00.000,12.4818
2025-07-02T00:23:00.000,12.4720
2025-07-02T00:24:00.000,12.4636
2025-07-02T00:25:00.000,12.4566
2025-07-02T00:26:00.000,12.4594
2025-07-02T00:27:00.000,12.4636
2025-07-02T00:28:00.000,12.4664
2025-07-02T00:29:00.000,12.4692
2025-07-02T00:30:00.000,12.4692
2025-07-02T00:31:00.000,12.4678
2025-07-02T00:32:00.000,12.4692
2025-07-02T00:33:00.000,12.4720
2025-07-02T00:34:00.000,12.4720
2025-07-02T00:35:00.000,12.4678
2025-07-02T00:36:00.000,12.4664
2025-07-02T00:37:00.000,12.4692
2025-07-02T00:38:00.000,12.4720
2025-07-02T00:39:00.000,12.4832
2025-07-02T00:40:00.000,12.4972
2025-07-02T00:41:00.000,12.5210
2025-07-02T00:42:00.000,12.5713
2025-07-02T00:43:00.000,12.6356
2025-07-02T00:44:00.000,12.7096
2025-07-02T00:45:00.000,12.7934
2025-07-02T00:46:00.000,12.9553
2025-07-02T00:47:00.000,13.1309
2025-07-02T00:48:00.000,13.3675
2025-07-02T00:49:00.000,13.6454
2025-07-02T00:50:00.000,13.9617
2025-07-02T00:51:00.000,14.1390
2025-07-02T00:52:00.000,14.2733
2025-07-02T00:53:00.000,14.4337
2025-07-02T00:54:00.000,14.6189
2025-07-02T00:55:00.000,14.8440
2025-07-02T00:56:00.000,15.0674
2025-07-02T00:57:00.000,15.1983
2025-07-02T00:58:00.000,15.2769
2025-07-02T00:59:00.000,15.3361
2025-07-02T01:00:00.000,15.3402
2025-07-02T01:01:00.000,15.3733
2025-07-02T01:02:00.000,15.2782
2025-07-02T01:03:00.000,15.0688
2025-07-02T01:04:00.000,14.7901
2025-07-02T01:05:00.000,14.5429
2025-07-02T01:06:00.000,14.5194
2025-07-02T01:07:00.000,14.7128
2025-07-02T01:08:00.000,14.9019
2025-07-02T01:09:00.000,15.0922
2025-07-02T01:10:00.000,15.2865
2025-07-02T01:11:00.000,15.4600
2025-07-02T01:12:00.000,15.6086
2025-07-02T01:13:00.000,15.7392
2025-07-02T01:14:00.000,15.8575
2025-07-02T01:15:00.000,15.9427
2025-07-02T01:16:00.000,16.0141
2025-07-02T01:17:00.000,16.0979
2025-07-02T01:18:00.000,16.1817
2025-07-02T01:19:00.000,16.2750
2025-07-02T01:20:00.000,16.3272
2025-07-02T01:21:00.000,16.3656
2025-07-02T01:22:00.000,16.3848
2025-07-02T01:23:00.000,16.3917
2025-07-02T01:24:00.000,16.3615
2025-07-02T01:25:00.000,16.3313
2025-07-02T01:26:00.000,16.3999
2025-07-02T01:27:00.000,16.4644
2025-07-02T01:28:00.000,16.5110
2025-07-02T01:29:00.000,16.5302
2025-07-02T01:30:00.000,16.5769
2025-07-02T01:31:00.000,16.6180
2025-07-02T01:32:00.000,16.6468
2025-07-02T01:33:00.000,16.6783
2025-07-02T01:34:00.000,16.7195
2025-07-02T01:35:00.000,16.7400
2025-07-02T01:36:00.000,16.7359
2025-07-02T01:37:00.000,16.7126
2025-07-02T01:38:00.000,16.6866
2025-07-02T01:39:00.000,16.6646
2025-07-02T01:40:00.000,16.6468
2025-07-02T01:41:00.000,16.6454
2025-07-02T01:42:00.000,16.6413
2025-07-02T01:43:00.000,16.6345
2025-07-02T01:44:00.000,16.6304
2025-07-02T01:45:00.000,16.6235
2025-07-02T01:46:00.000,16.5892
2025-07-02T01:47:00.000,16.5728
2025-07-02T01:48:00.000,16.5769
2025-07-02T01:49:00.000,16.5865
2025-07-02T01:50:00.000,16.5865
2025-07-02T01:51:00.000,16.5741
2025-07-02T01:52:00.000,16.5700
2025-07-02T01:53:00.000,16.5796
2025-07-02T01:54:00.000,16.5618
2025-07-02T01:55:00.000,16.5357
2025-07-02T01:56:00.000,16.5097
2025-07-02T01:57:00.000,16.4520
2025-07-02T01:58:00.000,16.3738
2025-07-02T01:59:00.000,16.2956
2025-07-02T02:00:00.000,16.2132
2025-07-02T02:01:00.000,16.1419
2025-07-02T02:02:00.000,16.0869
2025-07-02T02:03:00.000,16.0430
2025-07-02T02:04:00.000,16.0004
2025-07-02T02:05:00.000,15.9633
2025-07-02T02:06:00.000,15.9317
2025-07-02T02:07:00.000,15.9028
2025-07-02T02:08:00.000,15.8822
2025-07-02T02:09:00.000,15.8602
2025-07-02T02:10:00.000,15.8396
2025-07-02T02:11:00.000,15.8259
2025-07-02T02:12:00.000,15.8094
2025-07-02T02:13:00.000,15.7956
2025-07-02T02:14:00.000,15.7929
2025-07-02T02:15:00.000,15.7860
2025-07-02T02:16:00.000,15.7860
2025-07-02T02:17:00.000,15.7832
2025-07-02T02:18:00.000,15.7819
2025-07-02T02:19:00.000,15.7791
2025-07-02T02:20:00.000,15.7777
2025-07-02T02:21:00.000,15.7764
2025-07-02T02:22:00.000,15.7750
2025-07-02T02:23:00.000,15.7736
2025-07-02T02:24:00.000,15.7777
2025-07-02T02:25:00.000,15.7736
2025-07-02T02:26:00.000,15.7709
2025-07-02T02:27:00.000,15.7681
2025-07-02T02:28:00.000,15.7654
2025-07-02T02:29:00.000,15.7626
2025-07-02T02:30:00.000,15.7571
2025-07-02T02:31:00.000,15.7489
2025-07-02T02:32:00.000,15.7420
2025-07-02T02:33:00.000,15.7489
2025-07-02T02:34:00.000,15.7777
2025-07-02T02:35:00.000,15.8204
2025-07-02T02:36:00.000,15.8465
2025-07-02T02:37:00.000,15.8520
2025-07-02T02:38:00.000,15.8808
2025-07-02T02:39:00.000,15.9427
2025-07-02T02:40:00.000,16.0086
2025-07-02T02:41:00.000,16.0704
2025-07-02T02:42:00.000,16.1281
2025-07-02T02:43:00.000,16.1487
2025-07-02T02:44:00.000,16.1460
2025-07-02T02:45:00.000,16.1281
2025-07-02T02:46:00.000,16.1116
2025-07-02T02:47:00.000,16.0938
2025-07-02T02:48:00.000,16.0718
2025-07-02T02:49:00.000,16.0746
2025-07-02T02:50:00.000,16.0608
2025-07-02T02:51:00.000,16.0581
2025-07-02T02:52:00.000,16.0828
2025-07-02T02:53:00.000,16.0993
2025-07-02T02:54:00.000,16.1144
2025-07-02T02:55:00.000,16.1377
2025-07-02T02:56:00.000,16.1570
2025-07-02T02:57:00.000,16.1693
2025-07-02T02:58:00.000,16.1556
2025-07-02T02:59:00.000,16.1542
2025-07-02T03:00:00.000,16.1597
2025-07-02T03:01:00.000,16.1707
2025-07-02T03:02:00.000,16.1721
2025-07-02T03:03:00.000,16.1748
2025-07-02T03:04:00.000,16.1844
2025-07-02T03:05:00.000,16.1968
2025-07-02T03:06:00.000,16.2050
2025-07-02T03:07:00.000,16.1981
2025-07-02T03:08:00.000,16.1913
2025-07-02T03:09:00.000,16.1858
2025-07-02T03:10:00.000,16.1748
2025-07-02T03:11:00.000,16.1638
2025-07-02T03:12:00.000,16.1528
2025-07-02T03:13:00.000,16.1322
2025-07-02T03:14:00.000,16.1185
2025-07-02T03:15:00.000,16.0910
2025-07-02T03:16:00.000,16.0801
2025-07-02T03:17:00.000,16.0828
2025-07-02T03:18:00.000,16.0979
2025-07-02T03:19:00.000,16.1034
2025-07-02T03:20:00.000,16.1075
2025-07-02T03:21:00.000,16.1171
2025-07-02T03:22:00.000,16.1240
2025-07-02T03:23:00.000,16.1199
2025-07-02T03:24:00.000,16.1116
2025-07-02T03:25:00.000,16.1007
2025-07-02T03:26:00.000,16.0883
2025-07-02T03:27:00.000,16.0567
2025-07-02T03:28:00.000,16.0443
2025-07-02T03:29:00.000,16.0375
2025-07-02T03:30:00.000,16.0430
2025-07-02T03:31:00.000,16.0141
2025-07-02T03:32:00.000,16.0210
2025-07-02T03:33:00.000,16.0485
2025-07-02T03:34:00.000,16.0691
2025-07-02T03:35:00.000,16.0855
2025-07-02T03:36:00.000,16.0952
2025-07-02T03:37:00.000,16.0759
2025-07-02T03:38:00.000,16.0691
2025-07-02T03:39:00.000,16.0842
2025-07-02T03:40:00.000,16.0924
2025-07-02T03:41:00.000,16.0910
2025-07-02T03:42:00.000,16.0594
2025-07-02T03:43:00.000,16.0265
2025-07-02T03:44:00.000,15.9811
2025-07-02T03:45:00.000,15.9303
2025-07-02T03:46:00.000,15.8547
2025-07-02T03:47:00.000,15.8107
2025-07-02T03:48:00.000,15.7447
2025-07-02T03:49:00.000,15.7035
2025-07-02T03:50:00.000,15.6732
2025-07-02T03:51:00.000,15.6567
2025-07-02T03:52:00.000,15.6086
2025-07-02T03:53:00.000,15.5412
2025-07-02T03:54:00.000,15.4503
2025-07-02T03:55:00.000,15.4035
2025-07-02T03:56:00.000,15.3567
2025-07-02T03:57:00.000,15.2658
2025-07-02T03:58:00.000,15.1653
2025-07-02T03:59:00.000,15.0302
2025-07-02T04:00:00.000,14.9516
2025-07-02T04:01:00.000,14.9074
2025-07-02T04:02:00.000,14.8467
2025-07-02T04:03:00.000,14.7901
2025-07-02T04:04:00.000,14.7239
2025-07-02T04:05:00.000,14.6424
2025-07-02T04:06:00.000,14.5706
2025-07-02T04:07:00.000,14.5125
2025-07-02T04:08:00.000,14.4379
2025-07-02T04:09:00.000,14.3272
2025-07-02T04:10:00.000,14.1930
2025-07-02T04:11:00.000,14.0226
2025-07-02T04:12:00.000,13.8161
2025-07-02T04:13:00.000,13.5898
2025-07-02T04:14:00.000,13.3424
2025-07-02T04:15:00.000,13.0918
2025-07-02T04:16:00.000,12.8534
2025-07-02T04:17:00.000,12.6049
2025-07-02T04:18:00.000,12.3684
2025-07-02T04:19:00.000,12.1457
2025-07-02T04:20:00.000,11.9239
2025-07-02T04:21:00.000,11.7116
2025-07-02T04:22:00.000,11.5159
2025-07-02T04:23:00.000,11.3382
2025-07-02T04:24:00.000,11.1843
2025-07-02T04:25:00.000,11.0570
2025-07-02T04:26:00.000,10.9523
2025-07-02T04:27:00.000,10.8546
2025-07-02T04:28:00.000,10.7695
2025-07-02T04:29:00.000,10.6929
2025-07-02T04:30:00.000,10.6205
2025-07-02T04:31:00.000,10.5552
2025-07-02T04:32:00.000,10.4855
2025-07-02T04:33:00.000,10.4158
2025-07-02T04:34:00.000,10.3688
2025-07-02T04:35:00.000,10.3261
2025-07-02T04:36:00.000,10.2720
2025-07-02T04:37:00.000,10.2250
2025-07-02T04:38:00.000,10.1808
2025-07-02T04:39:00.000,10.1337
2025-07-02T04:40:00.000,10.0966
2025-07-02T04:41:00.000,10.0609
2025-07-02T04:42:00.000,10.0238
2025-07-02T04:43:00.000,9.9895
2025-07-02T04:44:00.000,9.9481
2025-07-02T04:45:00.000,9.9124
2025-07-02T04:46:00.000,9.8881
2025-07-02T04:47:00.000,9.8609
2025-07-02T04:48:00.000,9.8323
2025-07-02T04:49:00.000,9.7951
2025-07-02T04:50:00.000,9.7621
2025-07-02T04:51:00.000,9.7364
2025-07-02T04:52:00.000,9.7206
2025-07-02T04:53:00.000,9.6977
2025-07-02T04:54:00.000,9.6819
2025-07-02T04:55:00.000,9.6661
2025-07-02T04:56:00.000,9.6317
2025-07-02T04:57:00.000,9.6088
2025-07-02T04:58:00.000,9.5988
2025-07-02T04:59:00.000,9.5758
2025-07-02T05:00:00.000,9.5615
2025-07-02T05:01:00.000,9.5514
2025-07-02T05:02:00.000,9.5414
2025-07-02T05:03:00.000,9.5342
2025-07-02T05:04:00.000,9.5213
2025-07-02T05:05:00.000,9.5155
2025-07-02T05:06:00.000,9.5141
2025-07-02T05:07:00.000,9.4940
2025-07-02T05:08:00.000,9.4610
2025-07-02T05:09:00.000,9.4208
2025-07-02T05:10:00.000,9.3978
2025-07-02T05:11:00.000,9.3992
2025-07-02T05:12:00.000,9.4078
2025-07-02T05:13:00.000,9.4093
2025-07-02T05:14:00.000,9.3963
2025-07-02T05:15:00.000,9.3820
2025-07-02T05:16:00.000,9.3618
2025-07-02T05:17:00.000,9.3403
2025-07-02T05:18:00.000,9.3244
2025-07-02T05:19:00.000,9.3187
2025-07-02T05:20:00.000,9.3201
2025-07-02T05:21:00.000,9.3086
2025-07-02T05:22:00.000,9.2885
2025-07-02T05:23:00.000,9.2784
2025-07-02T05:24:00.000,9.2741
2025-07-02T05:25:00.000,9.2856
2025-07-02T05:26:00.000,9.2870
2025-07-02T05:27:00.000,9.2885
2025-07-02T05:28:00.000,9.3014
2025-07-02T05:29:00.000,9.3158
2025-07-02T05:30:00.000,9.3230
2025-07-02T05:31:00.000,9.3187
2025-07-02T05:32:00.000,9.3172
2025-07-02T05:33:00.000,9.3187
2025-07-02T05:34:00.000,9.3086
2025-07-02T05:35:00.000,9.2928
2025-07-02T05:36:00.000,9.2784
2025-07-02T05:37:00.000,9.2726
2025-07-02T05:38:00.000,9.2856
2025-07-02T05:39:00.000,9.3072
2025-07-02T05:40:00.000,9.3201
2025-07-02T05:41:00.000,9.3216
2025-07-02T05:42:00.000,9.3187
2025-07-02T05:43:00.000,9.3057
2025-07-02T05:44:00.000,9.2957
2025-07-02T05:45:00.000,9.2726
2025-07-02T05:46:00.000,9.2597
2025-07-02T05:47:00.000,9.2554
2025-07-02T05:48:00.000,9.2525
2025-07-02T05:49:00.000,9.2511
2025-07-02T05:50:00.000,9.2439
2025-07-02T05:51:00.000,9.2467
2025-07-02T05:52:00.000,9.2424
2025-07-02T05:53:00.000,9.2338
2025-07-02T05:54:00.000,9.2266
2025-07-02T05:55:00.000,9.2208
2025-07-02T05:56:00.000,9.2237
2025-07-02T05:57:00.000,9.2352
2025-07-02T05:58:00.000,9.2539
2025-07-02T05:59:00.000,9.2726
2025-07-02T06:00:00.000,9.2913
2025-07-02T06:01:00.000,9.3072
2025-07-02T06:02:00.000,9.3230
2025-07-02T06:03:00.000,9.3417
2025-07-02T06:04:00.000,9.3618
2025-07-02T06:05:00.000,9.3805
2025-07-02T06:06:00.000,9.4150
2025-07-02T06:07:00.000,9.4538
2025-07-02T06:08:00.000,9.4868
2025-07-02T06:09:00.000,9.5198
2025-07-02T06:10:00.000,9.5557
2025-07-02T06:11:00.000,9.5916
2025-07-02T06:12:00.000,9.6246
2025-07-02T06:13:00.000,9.6547
2025-07-02T06:14:00.000,9.7048
2025-07-02T06:15:00.000,9.8051
2025-07-02T06:16:00.000,9.9409
2025-07-02T06:17:00.000,10.1366
2025-07-02T06:18:00.000,10.4201
2025-07-02T06:19:00.000,10.6972
2025-07-02T06:20:00.000,10.9835
2025-07-02T06:21:00.000,11.3114
2025-07-02T06:22:00.000,11.5737
2025-07-02T06:23:00.000,11.7609
2025-07-02T06:24:00.000,11.9689
2025-07-02T06:25:00.000,12.2480
2025-07-02T06:26:00.000,12.5629
2025-07-02T06:27:00.000,12.8995
2025-07-02T06:28:00.000,13.1796
2025-07-02T06:29:00.000,13.3869
2025-07-02T06:30:00.000,13.6107
2025-07-02T06:31:00.000,13.8632
2025-07-02T06:32:00.000,14.1667
2025-07-02T06:33:00.000,14.4296
2025-07-02T06:34:00.000,14.6369
2025-07-02T06:35:00.000,14.8177
2025-07-02T06:36:00.000,14.9695
2025-07-02T06:37:00.000,15.0715
2025-07-02T06:38:00.000,15.0509
2025-07-02T06:39:00.000,14.8343
2025-07-02T06:40:00.000,14.5167
2025-07-02T06:41:00.000,14.1944
2025-07-02T06:42:00.000,13.9104
2025-07-02T06:43:00.000,13.7772
2025-07-02T06:44:00.000,13.8105
2025-07-02T06:45:00.000,13.9437
2025-07-02T06:46:00.000,14.1459
2025-07-02T06:47:00.000,14.3909
2025-07-02T06:48:00.000,14.7197
2025-07-02T06:49:00.000,15.0826
2025-07-02T06:50:00.000,15.3843
2025-07-02T06:51:00.000,15.5962
2025-07-02T06:52:00.000,15.7791
2025-07-02T06:53:00.000,15.9853
2025-07-02T06:54:00.000,16.1734
2025-07-02T06:55:00.000,16.4232
2025-07-02T06:56:00.000,16.6811
2025-07-02T06:57:00.000,16.8853
2025-07-02T06:58:00.000,16.9867
2025-07-02T06:59:00.000,17.0634
2025-07-02T07:00:00.000,17.1511
2025-07-02T07:01:00.000,17.2839
2025-07-02T07:02:00.000,17.3894
2025-07-02T07:03:00.000,17.4113
2025-07-02T07:04:00.000,17.3798
2025-07-02T07:05:00.000,17.5002
2025-07-02T07:06:00.000,17.6056
2025-07-02T07:07:00.000,17.7274
2025-07-02T07:08:00.000,17.8492
2025-07-02T07:09:00.000,17.9614
2025-07-02T07:10:00.000,18.1351
2025-07-02T07:11:00.000,18.2773
2025-07-02T07:12:00.000,18.3867
2025-07-02T07:13:00.000,18.5671
2025-07-02T07:14:00.000,18.7380
2025-07-02T07:15:00.000,18.9513
2025-07-02T07:16:00.000,19.1549
2025-07-02T07:17:00.000,19.3217
2025-07-02T07:18:00.000,19.5473
2025-07-02T07:19:00.000,19.7811
2025-07-02T07:20:00.000,19.9547
2025-07-02T07:21:00.000,20.1284
2025-07-02T07:22:00.000,20.2625
2025-07-02T07:23:00.000,20.3692
2025-07-02T07:24:00.000,20.3938
2025-07-02T07:25:00.000,20.4211
2025-07-02T07:26:00.000,20.5292
2025-07-02T07:27:00.000,20.6045
2025-07-02T07:28:00.000,20.6086
2025-07-02T07:29:00.000,20.6442
2025-07-02T07:30:00.000,20.6209
2025-07-02T07:31:00.000,20.4649
2025-07-02T07:32:00.000,20.0860
2025-07-02T07:33:00.000,19.7455
2025-07-02T07:34:00.000,19.5336
2025-07-02T07:35:00.000,19.3737
2025-07-02T07:36:00.000,19.0716
2025-07-02T07:37:00.000,18.6820
2025-07-02T07:38:00.000,18.3634
2025-07-02T07:39:00.000,18.1679
2025-07-02T07:40:00.000,18.0913
2025-07-02T07:41:00.000,18.2062
2025-07-02T07:42:00.000,18.4988
2025-07-02T07:43:00.000,18.8214
2025-07-02T07:44:00.000,19.0866
2025-07-02T07:45:00.000,19.3299
2025-07-02T07:46:00.000,19.5227
2025-07-02T07:47:00.000,19.6635
2025-07-02T07:48:00.000,19.7742
2025-07-02T07:49:00.000,19.8891
2025-07-02T07:50:00.000,19.9999
2025-07-02T07:51:00.000,20.0587
2025-07-02T07:52:00.000,20.1052
2025-07-02T07:53:00.000,20.2447
2025-07-02T07:54:00.000,20.4116
2025-07-02T07:55:00.000,20.4608
2025-07-02T07:56:00.000,20.4649
2025-07-02T07:57:00.000,20.4253
2025-07-02T07:58:00.000,20.3828
2025-07-02T07:59:00.000,20.3008
2025-07-02T08:00:00.000,20.2324
2025-07-02T08:01:00.000,20.1927
2025-07-02T08:02:00.000,20.1900
2025-07-02T08:03:00.000,20.1845
2025-07-02T08:04:00.000,20.1982
2025-07-02T08:05:00.000,20.1845
2025-07-02T08:06:00.000,20.1298
2025-07-02T08:07:00.000,20.0874
2025-07-02T08:08:00.000,20.0628
2025-07-02T08:09:00.000,20.0764
2025-07-02T08:10:00.000,20.1024
2025-07-02T08:11:00.000,20.1653
2025-07-02T08:12:00.000,20.2898
2025-07-02T08:13:00.000,20.4348
2025-07-02T08:14:00.000,20.6469
2025-07-02T08:15:00.000,20.8797
2025-07-02T08:16:00.000,21.1111
2025-07-02T08:17:00.000,21.2591
2025-07-02T08:18:00.000,21.3577
2025-07-02T08:19:00.000,21.4701
2025-07-02T08:20:00.000,21.5963
2025-07-02T08:21:00.000,21.7280
2025-07-02T08:22:00.000,21.7911
2025-07-02T08:23:00.000,21.8542
2025-07-02T08:24:00.000,21.9997
2025-07-02T08:25:00.000,22.1356
2025-07-02T08:26:00.000,22.1988
2025-07-02T08:27:00.000,22.2565
2025-07-02T08:28:00.000,22.3046
2025-07-02T08:29:00.000,22.2359
2025-07-02T08:30:00.000,22.1507
2025-07-02T08:31:00.000,22.1329
2025-07-02T08:32:00.000,22.0697
2025-07-02T08:33:00.000,21.8309
2025-07-02T08:34:00.000,21.5195
2025-07-02T08:35:00.000,21.2399
2025-07-02T08:36:00.000,21.0248
2025-07-02T08:37:00.000,20.8331
2025-07-02T08:38:00.000,20.6688
2025-07-02T08:39:00.000,20.4991
2025-07-02T08:40:00.000,20.2501
2025-07-02T08:41:00.000,19.9110
2025-07-02T08:42:00.000,19.5022
2025-07-02T08:43:00.000,19.1440
2025-07-02T08:44:00.000,18.8351
2025-07-02T08:45:00.000,18.5699
2025-07-02T08:46:00.000,18.3552
2025-07-02T08:47:00.000,18.1515
2025-07-02T08:48:00.000,17.9203
2025-07-02T08:49:00.000,17.6357
2025-07-02T08:50:00.000,17.3278
2025-07-02T08:51:00.000,17.0593
2025-07-02T08:52:00.000,16.8497
2025-07-02T08:53:00.000,16.6879
2025-07-02T08:54:00.000,16.5371
2025-07-02T08:55:00.000,16.4397
2025-07-02T08:56:00.000,16.3972
2025-07-02T08:57:00.000,16.3848
2025-07-02T08:58:00.000,16.3862
2025-07-02T08:59:00.000,16.3821
2025-07-02T09:00:00.000,16.3793
2025-07-02T09:01:00.000,16.3752
2025-07-02T09:02:00.000,16.3601
2025-07-02T09:03:00.000,16.3340
2025-07-02T09:04:00.000,16.3189
2025-07-02T09:05:00.000,16.2997
2025-07-02T09:06:00.000,16.2599
2025-07-02T09:07:00.000,16.2256
2025-07-02T09:08:00.000,16.1954
2025-07-02T09:09:00.000,16.1721
2025-07-02T09:10:00.000,16.1487
2025-07-02T09:11:00.000,16.1391
2025-07-02T09:12:00.000,16.1501
2025-07-02T09:13:00.000,16.1693
2025-07-02T09:14:00.000,16.1885
2025-07-02T09:15:00.000,16.1776
2025-07-02T09:16:00.000,16.1295
2025-07-02T09:17:00.000,16.0663
2025-07-02T09:18:00.000,16.0498
2025-07-02T09:19:00.000,16.0430
2025-07-02T09:20:00.000,16.0169
2025-07-02T09:21:00.000,15.9179
2025-07-02T09:22:00.000,15.8575
2025-07-02T09:23:00.000,15.8602
2025-07-02T09:24:00.000,15.8877
2025-07-02T09:25:00.000,15.9386
2025-07-02T09:26:00.000,16.0114
2025-07-02T09:27:00.000,16.0993
2025-07-02T09:28:00.000,16.1707
2025-07-02T09:29:00.000,16.2091
2025-07-02T09:30:00.000,16.2489
2025-07-02T09:31:00.000,16.2901
2025-07-02T09:32:00.000,16.3162
2025-07-02T09:33:00.000,16.3382
2025-07-02T09:34:00.000,16.3642
2025-07-02T09:35:00.000,16.3903
2025-07-02T09:36:00.000,16.4150
2025-07-02T09:37:00.000,16.4397
2025-07-02T09:38:00.000,16.4493
2025-07-02T09:39:00.000,16.4479
2025-07-02T09:40:00.000,16.4520
2025-07-02T09:41:00.000,16.4548
2025-07-02T09:42:00.000,16.4575
2025-07-02T09:43:00.000,16.4671
2025-07-02T09:44:00.000,16.4877
2025-07-02T09:45:00.000,16.5206
2025-07-02T09:46:00.000,16.5700
2025-07-02T09:47:00.000,16.6208
2025-07-02T09:48:00.000,16.6729
2025-07-02T09:49:00.000,16.7167
2025-07-02T09:50:00.000,16.7483
2025-07-02T09:51:00.000,16.7798
2025-07-02T09:52:00.000,16.8072
2025-07-02T09:53:00.000,16.8141
2025-07-02T09:54:00.000,16.8237
2025-07-02T09:55:00.000,16.8415
2025-07-02T09:56:00.000,16.8593
2025-07-02T09:57:00.000,16.8579
2025-07-02T09:58:00.000,16.8497
2025-07-02T09:59:00.000,16.8456
2025-07-02T10:00:00.000,16.8442
2025-07-02T10:01:00.000,16.8387
2025-07-02T10:02:00.000,16.7716
2025-07-02T10:03:00.000,16.6701
2025-07-02T10:04:00.000,16.5947
2025-07-02T10:05:00.000,16.5426
2025-07-02T10:06:00.000,16.5069
2025-07-02T10:07:00.000,16.4630
2025-07-02T10:08:00.000,16.4191
2025-07-02T10:09:00.000,16.4109
2025-07-02T10:10:00.000,16.3944
2025-07-02T10:11:00.000,16.3958
2025-07-02T10:12:00.000,16.4040
2025-07-02T10:13:00.000,16.4164
2025-07-02T10:14:00.000,16.4301
2025-07-02T10:15:00.000,16.4452
2025-07-02T10:16:00.000,16.4548
2025-07-02T10:17:00.000,16.4616
2025-07-02T10:18:00.000,16.4658
2025-07-02T10:19:00.000,16.4713
2025-07-02T10:20:00.000,16.4767
2025-07-02T10:21:00.000,16.4795
2025-07-02T10:22:00.000,16.4918
2025-07-02T10:23:00.000,16.5042
2025-07-02T10:24:00.000,16.5220
2025-07-02T10:25:00.000,16.5412
2025-07-02T10:26:00.000,16.5659
2025-07-02T10:27:00.000,16.5974
2025-07-02T10:28:00.000,16.6331
2025-07-02T10:29:00.000,16.6701
2025-07-02T10:30:00.000,16.7126
2025-07-02T10:31:00.000,16.7469
2025-07-02T10:32:00.000,16.7825
2025-07-02T10:33:00.000,16.8072
2025-07-02T10:34:00.000,16.8278
2025-07-02T10:35:00.000,16.8470
2025-07-02T10:36:00.000,16.8689
2025-07-02T10:37:00.000,16.8935
2025-07-02T10:38:00.000,16.9210
2025-07-02T10:39:00.000,16.9538
2025-07-02T10:40:00.000,16.9758
2025-07-02T10:41:00.000,16.9840
2025-07-02T10:42:00.000,16.9922
2025-07-02T10:43:00.000,16.9991
2025-07-02T10:44:00.000,17.0100
2025-07-02T10:45:00.000,17.0306
2025-07-02T10:46:00.000,17.0470
2025-07-02T10:47:00.000,17.0593
2025-07-02T10:48:00.000,17.0676
2025-07-02T10:49:00.000,17.0703
2025-07-02T10:50:00.000,17.0689
2025-07-02T10:51:00.000,17.0703
2025-07-02T10:52:00.000,17.0758
2025-07-02T10:53:00.000,17.0854
2025-07-02T10:54:00.000,17.1004
2025-07-02T10:55:00.000,17.1073
2025-07-02T10:56:00.000,17.1100
2025-07-02T10:57:00.000,17.0867
2025-07-02T10:58:00.000,17.0717
2025-07-02T10:59:00.000,17.0676
2025-07-02T11:00:00.000,17.0662
2025-07-02T11:01:00.000,17.0552
2025-07-02T11:02:00.000,17.0073
2025-07-02T11:03:00.000,16.9771
2025-07-02T11:04:00.000,16.9634
2025-07-02T11:05:00.000,16.9634
2025-07-02T11:06:00.000,16.9634
2025-07-02T11:07:00.000,16.9607
2025-07-02T11:08:00.000,16.9456
2025-07-02T11:09:00.000,16.9251
2025-07-02T11:10:00.000,16.9059
2025-07-02T11:11:00.000,16.8922
2025-07-02T11:12:00.000,16.8853
2025-07-02T11:13:00.000,16.8935
2025-07-02T11:14:00.000,16.9073
2025-07-02T11:15:00.000,16.9264
2025-07-02T11:16:00.000,16.9415
2025-07-02T11:17:00.000,16.9607
2025-07-02T11:18:00.000,16.9826
2025-07-02T11:19:00.000,16.9963
2025-07-02T11:20:00.000,17.0128
2025-07-02T11:21:00.000,17.0292
2025-07-02T11:22:00.000,17.0511
2025-07-02T11:23:00.000,17.0717
2025-07-02T11:24:00.000,17.0963
2025-07-02T11:25:00.000,17.1196
2025-07-02T11:26:00.000,17.1415
2025-07-02T11:27:00.000,17.1662
2025-07-02T11:28:00.000,17.1840
2025-07-02T11:29:00.000,17.2032
2025-07-02T11:30:00.000,17.2127
2025-07-02T11:31:00.000,17.2141
2025-07-02T11:32:00.000,17.2168
2025-07-02T11:33:00.000,17.2292
2025-07-02T11:34:00.000,17.2470
2025-07-02T11:35:00.000,17.2634
2025-07-02T11:36:00.000,17.2826
2025-07-02T11:37:00.000,17.2990
2025-07-02T11:38:00.000,17.3127
2025-07-02T11:39:00.000,17.3332
2025-07-02T11:40:00.000,17.3634
2025-07-02T11:41:00.000,17.3880
2025-07-02T11:42:00.000,17.4044
2025-07-02T11:43:00.000,17.4222
2025-07-02T11:44:00.000,17.4304
2025-07-02T11:45:00.000,17.4236
2025-07-02T11:46:00.000,17.4085
2025-07-02T11:47:00.000,17.4126
2025-07-02T11:48:00.000,17.4195
2025-07-02T11:49:00.000,17.4332
2025-07-02T11:50:00.000,17.4345
2025-07-02T11:51:00.000,17.4250
2025-07-02T11:52:00.000,17.4222
2025-07-02T11:53:00.000,17.4359
2025-07-02T11:54:00.000,17.4578
2025-07-02T11:55:00.000,17.4578
2025-07-02T11:56:00.000,17.4441
2025-07-02T11:57:00.000,17.4277
2025-07-02T11:58:00.000,17.4072
2025-07-02T11:59:00.000,17.3839
2025-07-02T12:00:00.000,17.3716
2025-07-02T12:01:00.000,17.3716
2025-07-02T12:02:00.000,17.3839
2025-07-02T12:03:00.000,17.4072
2025-07-02T12:04:00.000,17.4386
2025-07-02T12:05:00.000,17.4756
2025-07-02T12:06:00.000,17.5044
2025-07-02T12:07:00.000,17.5304
2025-07-02T12:08:00.000,17.5523
2025-07-02T12:09:00.000,17.5714
2025-07-02T12:10:00.000,17.5837
2025-07-02T12:11:00.000,17.5865
2025-07-02T12:12:00.000,17.5824
2025-07-02T12:13:00.000,17.5714
2025-07-02T12:14:00.000,17.5659
2025-07-02T12:15:00.000,17.5468
2025-07-02T12:16:00.000,17.5263
2025-07-02T12:17:00.000,17.5331
2025-07-02T12:18:00.000,17.5386
2025-07-02T12:19:00.000,17.5413
2025-07-02T12:20:00.000,17.5358
2025-07-02T12:21:00.000,17.5317
2025-07-02T12:22:00.000,17.5331
2025-07-02T12:23:00.000,17.5235
2025-07-02T12:24:00.000,17.5194
2025-07-02T12:25:00.000,17.5263
2025-07-02T12:26:00.000,17.5180
2025-07-02T12:27:00.000,17.5126
2025-07-02T12:28:00.000,17.5071
2025-07-02T12:29:00.000,17.5016
2025-07-02T12:30:00.000,17.5112
2025-07-02T12:31:00.000,17.5235
2025-07-02T12:32:00.000,17.5427
2025-07-02T12:33:00.000,17.5659
2025-07-02T12:34:00.000,17.5947
2025-07-02T12:35:00.000,17.6125
2025-07-02T12:36:00.000,17.6262
2025-07-02T12:37:00.000,17.6193
2025-07-02T12:38:00.000,17.6029
2025-07-02T12:39:00.000,17.5783
2025-07-02T12:40:00.000,17.5618
2025-07-02T12:41:00.000,17.5632
2025-07-02T12:42:00.000,17.5605
2025-07-02T12:43:00.000,17.5413
2025-07-02T12:44:00.000,17.5331
2025-07-02T12:45:00.000,17.5290
2025-07-02T12:46:00.000,17.5358
2025-07-02T12:47:00.000,17.5824
2025-07-02T12:48:00.000,17.6002
2025-07-02T12:49:00.000,17.6111
2025-07-02T12:50:00.000,17.6111
2025-07-02T12:51:00.000,17.6056
2025-07-02T12:52:00.000,17.5988
2025-07-02T12:53:00.000,17.6125
2025-07-02T12:54:00.000,17.6563
2025-07-02T12:55:00.000,17.7178
2025-07-02T12:56:00.000,17.7767
2025-07-02T12:57:00.000,17.8246
2025-07-02T12:58:00.000,17.8697
2025-07-02T12:59:00.000,17.9135
2025-07-02T13:00:00.000,17.9559
2025-07-02T13:01:00.000,17.9819
2025-07-02T13:02:00.000,17.9832
2025-07-02T13:03:00.000,17.9832
2025-07-02T13:04:00.000,18.0147
2025-07-02T13:05:00.000,18.0338
2025-07-02T13:06:00.000,18.0366
2025-07-02T13:07:00.000,18.0243
2025-07-02T13:08:00.000,18.0325
2025-07-02T13:09:00.000,18.0380
2025-07-02T13:10:00.000,18.0407
2025-07-02T13:11:00.000,18.0352
2025-07-02T13:12:00.000,18.0366
2025-07-02T13:13:00.000,18.0161
2025-07-02T13:14:00.000,17.9887
2025-07-02T13:15:00.000,17.9887
2025-07-02T13:16:00.000,17.9832
2025-07-02T13:17:00.000,17.9559
2025-07-02T13:18:00.000,17.9340
2025-07-02T13:19:00.000,17.8957
2025-07-02T13:20:00.000,17.8930
2025-07-02T13:21:00.000,17.9258
2025-07-02T13:22:00.000,17.9709
2025-07-02T13:23:00.000,17.9997
2025-07-02T13:24:00.000,18.0229
2025-07-02T13:25:00.000,18.0434
2025-07-02T13:26:00.000,18.0448
2025-07-02T13:27:00.000,18.0475
2025-07-02T13:28:00.000,18.0366
2025-07-02T13:29:00.000,18.0448
2025-07-02T13:30:00.000,18.0598
2025-07-02T13:31:00.000,18.0721
2025-07-02T13:32:00.000,18.0790
2025-07-02T13:33:00.000,18.0899
2025-07-02T13:34:00.000,18.1214
2025-07-02T13:35:00.000,18.1446
2025-07-02T13:36:00.000,18.1829
2025-07-02T13:37:00.000,18.1980
2025-07-02T13:38:00.000,18.2048
2025-07-02T13:39:00.000,18.2021
2025-07-02T13:40:00.000,18.2062
2025-07-02T13:41:00.000,18.2198
2025-07-02T13:42:00.000,18.2704
2025-07-02T13:43:00.000,18.3074
2025-07-02T13:44:00.000,18.3402
2025-07-02T13:45:00.000,18.3798
2025-07-02T13:46:00.000,18.4113
2025-07-02T13:47:00.000,18.4455
2025-07-02T13:48:00.000,18.4742
2025-07-02T13:49:00.000,18.5876
2025-07-02T13:50:00.000,18.6642
2025-07-02T13:51:00.000,18.7216
2025-07-02T13:52:00.000,18.8597
2025-07-02T13:53:00.000,18.9772
2025-07-02T13:54:00.000,19.1481
2025-07-02T13:55:00.000,19.2889
2025-07-02T13:56:00.000,19.3887
2025-07-02T13:57:00.000,19.4037
2025-07-02T13:58:00.000,19.4174
2025-07-02T13:59:00.000,19.4215
2025-07-02T14:00:00.000,19.5322
2025-07-02T14:01:00.000,19.6498
2025-07-02T14:02:00.000,19.7045
2025-07-02T14:03:00.000,19.7236
2025-07-02T14:04:00.000,19.7141
2025-07-02T14:05:00.000,19.7209
2025-07-02T14:06:00.000,19.7606
2025-07-02T14:07:00.000,19.8973
2025-07-02T14:08:00.000,20.0026
2025-07-02T14:09:00.000,20.1599
2025-07-02T14:10:00.000,20.4307
2025-07-02T14:11:00.000,20.7742
2025-07-02T14:12:00.000,21.0467
2025-07-02T14:13:00.000,21.5839
2025-07-02T14:14:00.000,22.2702
2025-07-02T14:15:00.000,22.7997
2025-07-02T14:16:00.000,23.2282
2025-07-02T14:17:00.000,23.1110
2025-07-02T14:18:00.000,22.8768
2025-07-02T14:19:00.000,22.8273
2025-07-02T14:20:00.000,22.0093
2025-07-02T14:21:00.000,21.4551
2025-07-02T14:22:00.000,21.6868
2025-07-02T14:23:00.000,22.1109
2025-07-02T14:24:00.000,22.3280
2025-07-02T14:25:00.000,22.5067
2025-07-02T14:26:00.000,22.5080
2025-07-02T14:27:00.000,22.4792
2025-07-02T14:28:00.000,22.8562
2025-07-02T14:29:00.000,23.4075
2025-07-02T14:30:00.000,23.6989
2025-07-02T14:31:00.000,23.7307
2025-07-02T14:32:00.000,23.8675
2025-07-02T14:33:00.000,24.1429
2025-07-02T14:34:00.000,24.3646
2025-07-02T14:35:00.000,24.5976
2025-07-02T14:36:00.000,24.8838
2025-07-02T14:37:00.000,25.2471
2025-07-02T14:38:00.000,25.5846
2025-07-02T14:39:00.000,25.8431
2025-07-02T14:40:00.000,25.9803
2025-07-02T14:41:00.000,26.0363
2025-07-02T14:42:00.000,26.1988
2025-07-02T14:43:00.000,26.4402
2025-07-02T14:44:00.000,26.6074
2025-07-02T14:45:00.000,26.7636
2025-07-02T14:46:00.000,26.9411
2025-07-02T14:47:00.000,27.1301
2025-07-02T14:48:00.000,27.2968
2025-07-02T14:49:00.000,27.3576
2025-07-02T14:50:00.000,27.5515
2025-07-02T14:51:00.000,27.7684
2025-07-02T14:52:00.000,27.9545
2025-07-02T14:53:00.000,28.1522
2025-07-02T14:54:00.000,28.2534
2025-07-02T14:55:00.000,28.2619
2025-07-02T14:56:00.000,28.2505
2025-07-02T14:57:00.000,28.2306
2025-07-02T14:58:00.000,28.3004
2025-07-02T14:59:00.000,28.6245
2025-07-02T15:00:00.000,29.0945
2025-07-02T15:01:00.000,29.4355
2025-07-02T15:02:00.000,29.9469
2025-07-02T15:03:00.000,30.3562
2025-07-02T15:04:00.000,30.2937
2025-07-02T15:05:00.000,30.2385
2025-07-02T15:06:00.000,30.0977
2025-07-02T15:07:00.000,29.9382
2025-07-02T15:08:00.000,29.8079
2025-07-02T15:09:00.000,29.7906
2025-07-02T15:10:00.000,29.8296
2025-07-02T15:11:00.000,29.8904
2025-07-02T15:12:00.000,29.9643
2025-07-02T15:13:00.000,29.9179
2025-07-02T15:14:00.000,29.8123
2025-07-02T15:15:00.000,29.7154
2025-07-02T15:16:00.000,29.7111
2025-07-02T15:17:00.000,29.7646
2025-07-02T15:18:00.000,29.8470
2025-07-02T15:19:00.000,29.8904
2025-07-02T15:20:00.000,29.9628
2025-07-02T15:21:00.000,29.9469
2025-07-02T15:22:00.000,30.0846
2025-07-02T15:23:00.000,30.1412
2025-07-02T15:24:00.000,29.9440
2025-07-02T15:25:00.000,29.6620
2025-07-02T15:26:00.000,29.5797
2025-07-02T15:27:00.000,29.6432
2025-07-02T15:28:00.000,29.6417
2025-07-02T15:29:00.000,29.5306
2025-07-02T15:30:00.000,29.4902
2025-07-02T15:31:00.000,29.6201
2025-07-02T15:32:00.000,29.7154
2025-07-02T15:33:00.000,29.7198
2025-07-02T15:34:00.000,29.9469
2025-07-02T15:35:00.000,30.4800
2025-07-02T15:36:00.000,31.2245
2025-07-02T15:37:00.000,31.8199
2025-07-02T15:38:00.000,32.0242
2025-07-02T15:39:00.000,32.0702
2025-07-02T15:40:00.000,31.7386
2025-07-02T15:41:00.000,31.4995
2025-07-02T15:42:00.000,31.5246
2025-07-02T15:43:00.000,31.2171
2025-07-02T15:44:00.000,30.8171
2025-07-02T15:45:00.000,30.4494
2025-07-02T15:46:00.000,29.8759
2025-07-02T15:47:00.000,29.2196
2025-07-02T15:48:00.000,28.6889
2025-07-02T15:49:00.000,28.4645
2025-07-02T15:50:00.000,28.4630
2025-07-02T15:51:00.000,28.2990
2025-07-02T15:52:00.000,28.0384
2025-07-02T15:53:00.000,27.8536
2025-07-02T15:54:00.000,27.7330
2025-07-02T15:55:00.000,27.6379
2025-07-02T15:56:00.000,27.5288
2025-07-02T15:57:00.000,27.4609
2025-07-02T15:58:00.000,27.4538
2025-07-02T15:59:00.000,27.7103
2025-07-02T16:00:00.000,28.3104
2025-07-02T16:01:00.000,28.6274
2025-07-02T16:02:00.000,28.5688
2025-07-02T16:03:00.000,28.3189
2025-07-02T16:04:00.000,28.1622
2025-07-02T16:05:00.000,28.2206
2025-07-02T16:06:00.000,28.3118
2025-07-02T16:07:00.000,28.2078
2025-07-02T16:08:00.000,28.1095
2025-07-02T16:09:00.000,28.0739
2025-07-02T16:10:00.000,27.8948
2025-07-02T16:11:00.000,27.7628
2025-07-02T16:12:00.000,27.5458
2025-07-02T16:13:00.000,27.3406
2025-07-02T16:14:00.000,27.1767
2025-07-02T16:15:00.000,27.0878
2025-07-02T16:16:00.000,27.1005
2025-07-02T16:17:00.000,26.9834
2025-07-02T16:18:00.000,26.6468
2025-07-02T16:19:00.000,26.2956
2025-07-02T16:20:00.000,26.0727
2025-07-02T16:21:00.000,26.0559
2025-07-02T16:22:00.000,26.0111
2025-07-02T16:23:00.000,25.9033
2025-07-02T16:24:00.000,25.9551
2025-07-02T16:25:00.000,25.9915
2025-07-02T16:26:00.000,26.0125
2025-07-02T16:27:00.000,26.2156
2025-07-02T16:28:00.000,26.4458
2025-07-02T16:29:00.000,26.7875
2025-07-02T16:30:00.000,27.3039
2025-07-02T16:31:00.000,27.7855
2025-07-02T16:32:00.000,28.0924
2025-07-02T16:33:00.000,28.2762
2025-07-02T16:34:00.000,28.2662
2025-07-02T16:35:00.000,28.5830
2025-07-02T16:36:00.000,28.7805
2025-07-02T16:37:00.000,28.6831
2025-07-02T16:38:00.000,28.5830
2025-07-02T16:39:00.000,28.4416
2025-07-02T16:40:00.000,28.1807
2025-07-02T16:41:00.000,27.9772
2025-07-02T16:42:00.000,27.4779
2025-07-02T16:43:00.000,26.0475
2025-07-02T16:44:00.000,25.3878
2025-07-02T16:45:00.000,25.3335
2025-07-02T16:46:00.000,25.5678
2025-07-02T16:47:00.000,25.8739
2025-07-02T16:48:00.000,25.9551
2025-07-02T16:49:00.000,25.8809
2025-07-02T16:50:00.000,25.8026
2025-07-02T16:51:00.000,25.8907
2025-07-02T16:52:00.000,26.3994
2025-07-02T16:53:00.000,26.7650
2025-07-02T16:54:00.000,26.9566
2025-07-02T16:55:00.000,26.9890
2025-07-02T16:56:00.000,26.9918
2025-07-02T16:57:00.000,26.8297
2025-07-02T16:58:00.000,26.6425
2025-07-02T16:59:00.000,26.3587
2025-07-02T17:00:00.000,25.9621
2025-07-02T17:01:00.000,25.8515
2025-07-02T17:02:00.000,25.6907
2025-07-02T17:03:00.000,25.1788
2025-07-02T17:04:00.000,24.7782
2025-07-02T17:05:00.000,24.3202
2025-07-02T17:06:00.000,23.8413
2025-07-02T17:07:00.000,23.1965
2025-07-02T17:08:00.000,22.2977
2025-07-02T17:09:00.000,21.3879
2025-07-02T17:10:00.000,20.6031
2025-07-02T17:11:00.000,20.1503
2025-07-02T17:12:00.000,19.8084
2025-07-02T17:13:00.000,19.4106
2025-07-02T17:14:00.000,19.0538
2025-07-02T17:15:00.000,18.7558
2025-07-02T17:16:00.000,18.5111
2025-07-02T17:17:00.000,18.3169
2025-07-02T17:18:00.000,18.2198
2025-07-02T17:19:00.000,18.2212
2025-07-02T17:20:00.000,18.2992
2025-07-02T17:21:00.000,18.4167
2025-07-02T17:22:00.000,18.5425
2025-07-02T17:23:00.000,18.7531
2025-07-02T17:24:00.000,19.1221
2025-07-02T17:25:00.000,19.4830
2025-07-02T17:26:00.000,19.7947
2025-07-02T17:27:00.000,20.0614
2025-07-02T17:28:00.000,20.2474
2025-07-02T17:29:00.000,20.3377
2025-07-02T17:30:00.000,20.3869
2025-07-02T17:31:00.000,20.4211
2025-07-02T17:32:00.000,20.4362
2025-07-02T17:33:00.000,20.3733
2025-07-02T17:34:00.000,20.2802
2025-07-02T17:35:00.000,20.1462
2025-07-02T17:36:00.000,20.0081
2025-07-02T17:37:00.000,19.9028
2025-07-02T17:38:00.000,19.7346
2025-07-02T17:39:00.000,19.5774
2025-07-02T17:40:00.000,19.4229
2025-07-02T17:41:00.000,19.3121
2025-07-02T17:42:00.000,19.2165
2025-07-02T17:43:00.000,19.1714
2025-07-02T17:44:00.000,19.1085
2025-07-02T17:45:00.000,19.0388
2025-07-02T17:46:00.000,18.9130
2025-07-02T17:47:00.000,18.7804
2025-07-02T17:48:00.000,18.6382
2025-07-02T17:49:00.000,18.5248
2025-07-02T17:50:00.000,18.4496
2025-07-02T17:51:00.000,18.3785
2025-07-02T17:52:00.000,18.3087
2025-07-02T17:53:00.000,18.2239
2025-07-02T17:54:00.000,18.1364
2025-07-02T17:55:00.000,18.0694
2025-07-02T17:56:00.000,18.0215
2025-07-02T17:57:00.000,18.1022
2025-07-02T17:58:00.000,18.3292
2025-07-02T17:59:00.000,18.5289
2025-07-02T18:00:00.000,18.6997
2025-07-02T18:01:00.000,18.8570
2025-07-02T18:02:00.000,18.8228
2025-07-02T18:03:00.000,18.6861
2025-07-02T18:04:00.000,18.5863
2025-07-02T18:05:00.000,18.4755
2025-07-02T18:06:00.000,18.4263
2025-07-02T18:07:00.000,18.3812
2025-07-02T18:08:00.000,18.3074
2025-07-02T18:09:00.000,18.2335
2025-07-02T18:10:00.000,18.1474
2025-07-02T18:11:00.000,18.0927
2025-07-02T18:12:00.000,18.0516
2025-07-02T18:13:00.000,18.0380
2025-07-02T18:14:00.000,18.0120
2025-07-02T18:15:00.000,18.0229
2025-07-02T18:16:00.000,18.0380
2025-07-02T18:17:00.000,18.0352
2025-07-02T18:18:00.000,18.0516
2025-07-02T18:19:00.000,18.0940
2025-07-02T18:20:00.000,18.1091
2025-07-02T18:21:00.000,18.1296
2025-07-02T18:22:00.000,18.1241
2025-07-02T18:23:00.000,18.1173
2025-07-02T18:24:00.000,18.1159
2025-07-02T18:25:00.000,18.1145
2025-07-02T18:26:00.000,18.1118
2025-07-02T18:27:00.000,18.1132
2025-07-02T18:28:00.000,18.1063
2025-07-02T18:29:00.000,18.0913
2025-07-02T18:30:00.000,18.0735
2025-07-02T18:31:00.000,18.0585
2025-07-02T18:32:00.000,18.0790
2025-07-02T18:33:00.000,18.0803
2025-07-02T18:34:00.000,18.0639
2025-07-02T18:35:00.000,18.0995
2025-07-02T18:36:00.000,18.1145
2025-07-02T18:37:00.000,18.1091
2025-07-02T18:38:00.000,18.0899
2025-07-02T18:39:00.000,18.0954
2025-07-02T18:40:00.000,18.1050
2025-07-02T18:41:00.000,18.0954
2025-07-02T18:42:00.000,18.0803
2025-07-02T18:43:00.000,18.0667
2025-07-02T18:44:00.000,18.0421
2025-07-02T18:45:00.000,18.0297
2025-07-02T18:46:00.000,18.0161
2025-07-02T18:47:00.000,17.9969
2025-07-02T18:48:00.000,17.9696
2025-07-02T18:49:00.000,17.9559
2025-07-02T18:50:00.000,17.9395
2025-07-02T18:51:00.000,17.9285
2025-07-02T18:52:00.000,17.9148
2025-07-02T18:53:00.000,17.9176
2025-07-02T18:54:00.000,17.9203
2025-07-02T18:55:00.000,17.9381
2025-07-02T18:56:00.000,17.9573
2025-07-02T18:57:00.000,17.9791
2025-07-02T18:58:00.000,18.0024
2025-07-02T18:59:00.000,18.0311
2025-07-02T19:00:00.000,18.0462
2025-07-02T19:01:00.000,18.0571
2025-07-02T19:02:00.000,18.0667
2025-07-02T19:03:00.000,18.0475
2025-07-02T19:04:00.000,18.0284
2025-07-02T19:05:00.000,17.9846
2025-07-02T19:06:00.000,17.9285
2025-07-02T19:07:00.000,17.8971
2025-07-02T19:08:00.000,17.8738
2025-07-02T19:09:00.000,17.8547
2025-07-02T19:10:00.000,17.8382
2025-07-02T19:11:00.000,17.8437
2025-07-02T19:12:00.000,17.8273
2025-07-02T19:13:00.000,17.7917
2025-07-02T19:14:00.000,17.7370
2025-07-02T19:15:00.000,17.6795
2025-07-02T19:16:00.000,17.6316
2025-07-02T19:17:00.000,17.5646
2025-07-02T19:18:00.000,17.5057
2025-07-02T19:19:00.000,17.4537
2025-07-02T19:20:00.000,17.4072
2025-07-02T19:21:00.000,17.3661
2025-07-02T19:22:00.000,17.3168
2025-07-02T19:23:00.000,17.2771
2025-07-02T19:24:00.000,17.2497
2025-07-02T19:25:00.000,17.2237
2025-07-02T19:26:00.000,17.1977
2025-07-02T19:27:00.000,17.1758
2025-07-02T19:28:00.000,17.1470
2025-07-02T19:29:00.000,17.1223
2025-07-02T19:30:00.000,17.0991
2025-07-02T19:31:00.000,17.0826
2025-07-02T19:32:00.000,17.0580
2025-07-02T19:33:00.000,17.0319
2025-07-02T19:34:00.000,17.0100
2025-07-02T19:35:00.000,16.9867
2025-07-02T19:36:00.000,16.9662
2025-07-02T19:37:00.000,16.9511
2025-07-02T19:38:00.000,16.9360
2025-07-02T19:39:00.000,16.9429
2025-07-02T19:40:00.000,16.9415
2025-07-02T19:41:00.000,16.9415
2025-07-02T19:42:00.000,16.9401
2025-07-02T19:43:00.000,16.9333
2025-07-02T19:44:00.000,16.9278
2025-07-02T19:45:00.000,16.9141
2025-07-02T19:46:00.000,16.9018
2025-07-02T19:47:00.000,16.8922
2025-07-02T19:48:00.000,16.8840
2025-07-02T19:49:00.000,16.8771
2025-07-02T19:50:00.000,16.8716
2025-07-02T19:51:00.000,16.8661
2025-07-02T19:52:00.000,16.8620
2025-07-02T19:53:00.000,16.8552
2025-07-02T19:54:00.000,16.8483
2025-07-02T19:55:00.000,16.8264
2025-07-02T19:56:00.000,16.8004
2025-07-02T19:57:00.000,16.7880
2025-07-02T19:58:00.000,16.7798
2025-07-02T19:59:00.000,16.7702
2025-07-02T20:00:00.000,16.7592
2025-07-02T20:01:00.000,16.7565
2025-07-02T20:02:00.000,16.7510
2025-07-02T20:03:00.000,16.7510
2025-07-02T20:04:00.000,16.7551
2025-07-02T20:05:00.000,16.7579
2025-07-02T20:06:00.000,16.7592
2025-07-02T20:07:00.000,16.7606
2025-07-02T20:08:00.000,16.7633
2025-07-02T20:09:00.000,16.7661
2025-07-02T20:10:00.000,16.7688
2025-07-02T20:11:00.000,16.7661
2025-07-02T20:12:00.000,16.7661
2025-07-02T20:13:00.000,16.7661
2025-07-02T20:14:00.000,16.7633
2025-07-02T20:15:00.000,16.7606
2025-07-02T20:16:00.000,16.7592
2025-07-02T20:17:00.000,16.7592
2025-07-02T20:18:00.000,16.7716
2025-07-02T20:19:00.000,16.7757
2025-07-02T20:20:00.000,16.7743
2025-07-02T20:21:00.000,16.7647
2025-07-02T20:22:00.000,16.7565
2025-07-02T20:23:00.000,16.7537
2025-07-02T20:24:00.000,16.7579
2025-07-02T20:25:00.000,16.7675
2025-07-02T20:26:00.000,16.8072
2025-07-02T20:27:00.000,16.8456
2025-07-02T20:28:00.000,16.8881
2025-07-02T20:29:00.000,16.8867
2025-07-02T20:30:00.000,16.8977
2025-07-02T20:31:00.000,16.8963
2025-07-02T20:32:00.000,16.8771
2025-07-02T20:33:00.000,16.8538
2025-07-02T20:34:00.000,16.8360
2025-07-02T20:35:00.000,16.8099
2025-07-02T20:36:00.000,16.7866
2025-07-02T20:37:00.000,16.7633
2025-07-02T20:38:00.000,16.7414
2025-07-02T20:39:00.000,16.7181
2025-07-02T20:40:00.000,16.6989
2025-07-02T20:41:00.000,16.6811
2025-07-02T20:42:00.000,16.6660
2025-07-02T20:43:00.000,16.6537
2025-07-02T20:44:00.000,16.6386
2025-07-02T20:45:00.000,16.6194
2025-07-02T20:46:00.000,16.6002
2025-07-02T20:47:00.000,16.5810
2025-07-02T20:48:00.000,16.5632
2025-07-02T20:49:00.000,16.5467
2025-07-02T20:50:00.000,16.5275
2025-07-02T20:51:00.000,16.5097
2025-07-02T20:52:00.000,16.4959
2025-07-02T20:53:00.000,16.4781
2025-07-02T20:54:00.000,16.4616
2025-07-02T20:55:00.000,16.4438
2025-07-02T20:56:00.000,16.4273
2025-07-02T20:57:00.000,16.4081
2025-07-02T20:58:00.000,16.3848
2025-07-02T20:59:00.000,16.3601
2025-07-02T21:00:00.000,16.3313
2025-07-02T21:01:00.000,16.3011
2025-07-02T21:02:00.000,16.2668
2025-07-02T21:03:00.000,16.2270
2025-07-02T21:04:00.000,16.1776
2025-07-02T21:05:00.000,16.1240
2025-07-02T21:06:00.000,16.0704
2025-07-02T21:07:00.000,16.0196
2025-07-02T21:08:00.000,15.9688
2025-07-02T21:09:00.000,15.9152
2025-07-02T21:10:00.000,15.8588
2025-07-02T21:11:00.000,15.8080
2025-07-02T21:12:00.000,15.7461
2025-07-02T21:13:00.000,15.6911
2025-07-02T21:14:00.000,15.6334
2025-07-02T21:15:00.000,15.5756
2025-07-02T21:16:00.000,15.5329
2025-07-02T21:17:00.000,15.5054
2025-07-02T21:18:00.000,15.4779
2025-07-02T21:19:00.000,15.4503
2025-07-02T21:20:00.000,15.4132
2025-07-02T21:21:00.000,15.3719
2025-07-02T21:22:00.000,15.3375
2025-07-02T21:23:00.000,15.2906
2025-07-02T21:24:00.000,15.2190
2025-07-02T21:25:00.000,15.1349
2025-07-02T21:26:00.000,15.0577
2025-07-02T21:27:00.000,14.9847
2025-07-02T21:28:00.000,14.9185
2025-07-02T21:29:00.000,14.8647
2025-07-02T21:30:00.000,14.8302
2025-07-02T21:31:00.000,14.7943
2025-07-02T21:32:00.000,14.7598
2025-07-02T21:33:00.000,14.7239
2025-07-02T21:34:00.000,14.6921
2025-07-02T21:35:00.000,14.6631
2025-07-02T21:36:00.000,14.6300
2025-07-02T21:37:00.000,14.5899
2025-07-02T21:38:00.000,14.5526
2025-07-02T21:39:00.000,14.5222
2025-07-02T21:40:00.000,14.4738
2025-07-02T21:41:00.000,14.4102
2025-07-02T21:42:00.000,14.3494
2025-07-02T21:43:00.000,14.2982
2025-07-02T21:44:00.000,14.2470
2025-07-02T21:45:00.000,14.2068
2025-07-02T21:46:00.000,14.1695
2025-07-02T21:47:00.000,14.1376
2025-07-02T21:48:00.000,14.1071
2025-07-02T21:49:00.000,14.0753
2025-07-02T21:50:00.000,14.0282
2025-07-02T21:51:00.000,13.9728
2025-07-02T21:52:00.000,13.9215
2025-07-02T21:53:00.000,13.8660
2025-07-02T21:54:00.000,13.8161
2025-07-02T21:55:00.000,13.7745
2025-07-02T21:56:00.000,13.7439
2025-07-02T21:57:00.000,13.7148
2025-07-02T21:58:00.000,13.6718
2025-07-02T21:59:00.000,13.6246
2025-07-02T22:00:00.000,13.5968
2025-07-02T22:01:00.000,13.5634
2025-07-02T22:02:00.000,13.5176
2025-07-02T22:03:00.000,13.4592
2025-07-02T22:04:00.000,13.4022
2025-07-02T22:05:00.000,13.3438
2025-07-02T22:06:00.000,13.2826
2025-07-02T22:07:00.000,13.2339
2025-07-02T22:08:00.000,13.1879
2025-07-02T22:09:00.000,13.1517
2025-07-02T22:10:00.000,13.1169
2025-07-02T22:11:00.000,13.0863
2025-07-02T22:12:00.000,13.0640
2025-07-02T22:13:00.000,13.0431
2025-07-02T22:14:00.000,13.0236
2025-07-02T22:15:00.000,13.0068
2025-07-02T22:16:00.000,12.9971
2025-07-02T22:17:00.000,12.9957
2025-07-02T22:18:00.000,12.9943
2025-07-02T22:19:00.000,12.9957
2025-07-02T22:20:00.000,12.9999
2025-07-02T22:21:00.000,13.0041
2025-07-02T22:22:00.000,13.0110
2025-07-02T22:23:00.000,13.0180
2025-07-02T22:24:00.000,13.0250
2025-07-02T22:25:00.000,13.0305
2025-07-02T22:26:00.000,13.0375
2025-07-02T22:27:00.000,13.0459
2025-07-02T22:28:00.000,13.0542
2025-07-02T22:29:00.000,13.0626
2025-07-02T22:30:00.000,13.0765
2025-07-02T22:31:00.000,13.1058
2025-07-02T22:32:00.000,13.1476
2025-07-02T22:33:00.000,13.1866
2025-07-02T22:34:00.000,13.2144
2025-07-02T22:35:00.000,13.2186
2025-07-02T22:36:00.000,13.2116
2025-07-02T22:37:00.000,13.2019
2025-07-02T22:38:00.000,13.1991
2025-07-02T22:39:00.000,13.2116
2025-07-02T22:40:00.000,13.2297
2025-07-02T22:41:00.000,13.2436
2025-07-02T22:42:00.000,13.2534
2025-07-02T22:43:00.000,13.2603
2025-07-02T22:44:00.000,13.2882
2025-07-02T22:45:00.000,13.3063
2025-07-02T22:46:00.000,13.3132
2025-07-02T22:47:00.000,13.3216
2025-07-02T22:48:00.000,13.3299
2025-07-02T22:49:00.000,13.3327
2025-07-02T22:50:00.000,13.3355
2025-07-02T22:51:00.000,13.3424
2025-07-02T22:52:00.000,13.3369
2025-07-02T22:53:00.000,13.3257
2025-07-02T22:54:00.000,13.3146
2025-07-02T22:55:00.000,13.3049
2025-07-02T22:56:00.000,13.2923
2025-07-02T22:57:00.000,13.2784
2025-07-02T22:58:00.000,13.2603
2025-07-02T22:59:00.000,13.2353
2025-07-02T23:00:00.000,13.2102
2025-07-02T23:01:00.000,13.1879
2025-07-02T23:02:00.000,13.1698
2025-07-02T23:03:00.000,13.1573
2025-07-02T23:04:00.000,13.1545
2025-07-02T23:05:00.000,13.1573
2025-07-02T23:06:00.000,13.1587
2025-07-02T23:07:00.000,13.1615
2025-07-02T23:08:00.000,13.1685
2025-07-02T23:09:00.000,13.1698
2025-07-02T23:10:00.000,13.1698
2025-07-02T23:11:00.000,13.1712
2025-07-02T23:12:00.000,13.1712
2025-07-02T23:13:00.000,13.1698
2025-07-02T23:14:00.000,13.1698
2025-07-02T23:15:00.000,13.1698
2025-07-02T23:16:00.000,13.1685
2025-07-02T23:17:00.000,13.1657
2025-07-02T23:18:00.000,13.1587
2025-07-02T23:19:00.000,13.1490
2025-07-02T23:20:00.000,13.1322
2025-07-02T23:21:00.000,13.1141
2025-07-02T23:22:00.000,13.0918
2025-07-02T23:23:00.000,13.0654
2025-07-02T23:24:00.000,13.0375
2025-07-02T23:25:00.000,13.0166
2025-07-02T23:26:00.000,13.0068
2025-07-02T23:27:00.000,13.0027
2025-07-02T23:28:00.000,12.9971
2025-07-02T23:29:00.000,12.9887
2025-07-02T23:30:00.000,12.9804
2025-07-02T23:31:00.000,12.9720
2025-07-02T23:32:00.000,12.9608
2025-07-02T23:33:00.000,12.9553
2025-07-02T23:34:00.000,12.9483
2025-07-02T23:35:00.000,12.9413
2025-07-02T23:36:00.000,12.9371
2025-07-02T23:37:00.000,12.9343
2025-07-02T23:38:00.000,12.9357
2025-07-02T23:39:00.000,12.9371
2025-07-02T23:40:00.000,12.9385
2025-07-02T23:41:00.000,12.9427
2025-07-02T23:42:00.000,12.9511
2025-07-02T23:43:00.000,12.9539
2025-07-02T23:44:00.000,12.9511
2025-07-02T23:45:00.000,12.9469
2025-07-02T23:46:00.000,12.9483
2025-07-02T23:47:00.000,12.9580
2025-07-02T23:48:00.000,12.9720
2025-07-02T23:49:00.000,12.9818
2025-07-02T23:50:00.000,12.9915
2025-07-02T23:51:00.000,13.0041
2025-07-02T23:52:00.000,13.0138
2025-07-02T23:53:00.000,13.0208
2025-07-02T23:54:00.000,13.0236
2025-07-02T23:55:00.000,13.0222
2025-07-02T23:56:00.000,13.0236
2025-07-02T23:57:00.000,13.0250
2025-07-02T23:58:00.000,13.0278
2025-07-02T23:59:00.000,13.0431
2025-07-03T00:00:00.000,13.0528
2025-07-03T00:01:00.000,13.0654
2025-07-03T00:02:00.000,13.0779
2025-07-03T00:03:00.000,13.0835
2025-07-03T00:04:00.000,13.0891
2025-07-03T00:05:00.000,13.1030
2025-07-03T00:06:00.000,13.1100
2025-07-03T00:07:00.000,13.1155
2025-07-03T00:08:00.000,13.1281
2025-07-03T00:09:00.000,13.1350
2025-07-03T00:10:00.000,13.1462
2025-07-03T00:11:00.000,13.1517
2025-07-03T00:12:00.000,13.1504
2025-07-03T00:13:00.000,13.1476
2025-07-03T00:14:00.000,13.1420
2025-07-03T00:15:00.000,13.1364
2025-07-03T00:16:00.000,13.1392
2025-07-03T00:17:00.000,13.1406
2025-07-03T00:18:00.000,13.1490
2025-07-03T00:19:00.000,13.1601
2025-07-03T00:20:00.000,13.1726
2025-07-03T00:21:00.000,13.1824
2025-07-03T00:22:00.000,13.1893
2025-07-03T00:23:00.000,13.1963
2025-07-03T00:24:00.000,13.2005
2025-07-03T00:25:00.000,13.2033
2025-07-03T00:26:00.000,13.2047
2025-07-03T00:27:00.000,13.2116
2025-07-03T00:28:00.000,13.2228
2025-07-03T00:29:00.000,13.2297
2025-07-03T00:30:00.000,13.2381
2025-07-03T00:31:00.000,13.2436
2025-07-03T00:32:00.000,13.2520
2025-07-03T00:33:00.000,13.2659
2025-07-03T00:34:00.000,13.2729
2025-07-03T00:35:00.000,13.2798
2025-07-03T00:36:00.000,13.2840
2025-07-03T00:37:00.000,13.2826
2025-07-03T00:38:00.000,13.2784
2025-07-03T00:39:00.000,13.2756
2025-07-03T00:40:00.000,13.2729
2025-07-03T00:41:00.000,13.2687
2025-07-03T00:42:00.000,13.2659
2025-07-03T00:43:00.000,13.2645
2025-07-03T00:44:00.000,13.2798
2025-07-03T00:45:00.000,13.3285
2025-07-03T00:46:00.000,13.3563
2025-07-03T00:47:00.000,13.3758
2025-07-03T00:48:00.000,13.3800
2025-07-03T00:49:00.000,13.3772
2025-07-03T00:50:00.000,13.3702
2025-07-03T00:51:00.000,13.3633
2025-07-03T00:52:00.000,13.3577
2025-07-03T00:53:00.000,13.3549
2025-07-03T00:54:00.000,13.3536
2025-07-03T00:55:00.000,13.3536
2025-07-03T00:56:00.000,13.3536
2025-07-03T00:57:00.000,13.3494
2025-07-03T00:58:00.000,13.3494
2025-07-03T00:59:00.000,13.3480
2025-07-03T01:00:00.000,13.3480
2025-07-03T01:01:00.000,13.3494
2025-07-03T01:02:00.000,13.3536
2025-07-03T01:03:00.000,13.3688
2025-07-03T01:04:00.000,13.3869
2025-07-03T01:05:00.000,13.4036
2025-07-03T01:06:00.000,13.4161
2025-07-03T01:07:00.000,13.4328
2025-07-03T01:08:00.000,13.4564
2025-07-03T01:09:00.000,13.4773
2025-07-03T01:10:00.000,13.5106
2025-07-03T01:11:00.000,13.5384
2025-07-03T01:12:00.000,13.5607
2025-07-03T01:13:00.000,13.5732
2025-07-03T01:14:00.000,13.5759
2025-07-03T01:15:00.000,13.5676
2025-07-03T01:16:00.000,13.5759
2025-07-03T01:17:00.000,13.5843
2025-07-03T01:18:00.000,13.5898
2025-07-03T01:19:00.000,13.5857
2025-07-03T01:20:00.000,13.5871
2025-07-03T01:21:00.000,13.5898
2025-07-03T01:22:00.000,13.5940
2025-07-03T01:23:00.000,13.5996
2025-07-03T01:24:00.000,13.6051
2025-07-03T01:25:00.000,13.6023
2025-07-03T01:26:00.000,13.6037
2025-07-03T01:27:00.000,13.6079
2025-07-03T01:28:00.000,13.6121
2025-07-03T01:29:00.000,13.6176
2025-07-03T01:30:00.000,13.6218
2025-07-03T01:31:00.000,13.6218
2025-07-03T01:32:00.000,13.6218
2025-07-03T01:33:00.000,13.6218
2025-07-03T01:34:00.000,13.6204
2025-07-03T01:35:00.000,13.6190
2025-07-03T01:36:00.000,13.6134
2025-07-03T01:37:00.000,13.6079
2025-07-03T01:38:00.000,13.6079
2025-07-03T01:39:00.000,13.6079
2025-07-03T01:40:00.000,13.6051
2025-07-03T01:41:00.000,13.6079
2025-07-03T01:42:00.000,13.6009
2025-07-03T01:43:00.000,13.5898
2025-07-03T01:44:00.000,13.5801
2025-07-03T01:45:00.000,13.5732
2025-07-03T01:46:00.000,13.5676
2025-07-03T01:47:00.000,13.5634
2025-07-03T01:48:00.000,13.5607
2025-07-03T01:49:00.000,13.5607
2025-07-03T01:50:00.000,13.5579
2025-07-03T01:51:00.000,13.5523
2025-07-03T01:52:00.000,13.5496
2025-07-03T01:53:00.000,13.5482
2025-07-03T01:54:00.000,13.5454
2025-07-03T01:55:00.000,13.5426
2025-07-03T01:56:00.000,13.5412
2025-07-03T01:57:00.000,13.5384
2025-07-03T01:58:00.000,13.5398
2025-07-03T01:59:00.000,13.5384
2025-07-03T02:00:00.000,13.5357
2025-07-03T02:01:00.000,13.5329
2025-07-03T02:02:00.000,13.5287
2025-07-03T02:03:00.000,13.5259
2025-07-03T02:04:00.000,13.5245
2025-07-03T02:05:00.000,13.5232
2025-07-03T02:06:00.000,13.5176
2025-07-03T02:07:00.000,13.5106
2025-07-03T02:08:00.000,13.4995
2025-07-03T02:09:00.000,13.4898
2025-07-03T02:10:00.000,13.4870
2025-07-03T02:11:00.000,13.4856
2025-07-03T02:12:00.000,13.4856
2025-07-03T02:13:00.000,13.4842
2025-07-03T02:14:00.000,13.4829
2025-07-03T02:15:00.000,13.4884
2025-07-03T02:16:00.000,13.4898
2025-07-03T02:17:00.000,13.4912
2025-07-03T02:18:00.000,13.4884
2025-07-03T02:19:00.000,13.4884
2025-07-03T02:20:00.000,13.4884
2025-07-03T02:21:00.000,13.4842
2025-07-03T02:22:00.000,13.4773
2025-07-03T02:23:00.000,13.4717
2025-07-03T02:24:00.000,13.4703
2025-07-03T02:25:00.000,13.4717
2025-07-03T02:26:00.000,13.4745
2025-07-03T02:27:00.000,13.4801
2025-07-03T02:28:00.000,13.4870
2025-07-03T02:29:00.000,13.4926
2025-07-03T02:30:00.000,13.4995
2025-07-03T02:31:00.000,13.5051
2025-07-03T02:32:00.000,13.5120
2025-07-03T02:33:00.000,13.5134
2025-07-03T02:34:00.000,13.5162
2025-07-03T02:35:00.000,13.5204
2025-07-03T02:36:00.000,13.5245
2025-07-03T02:37:00.000,13.5301
2025-07-03T02:38:00.000,13.5343
2025-07-03T02:39:00.000,13.5398
2025-07-03T02:40:00.000,13.5440
2025-07-03T02:41:00.000,13.5454
2025-07-03T02:42:00.000,13.5440
2025-07-03T02:43:00.000,13.5412
2025-07-03T02:44:00.000,13.5370
2025-07-03T02:45:00.000,13.5315
2025-07-03T02:46:00.000,13.5245
2025-07-03T02:47:00.000,13.5162
2025-07-03T02:48:00.000,13.5037
2025-07-03T02:49:00.000,13.4940
2025-07-03T02:50:00.000,13.4870
2025-07-03T02:51:00.000,13.4787
2025-07-03T02:52:00.000,13.4717
2025-07-03T02:53:00.000,13.4634
2025-07-03T02:54:00.000,13.4578
2025-07-03T02:55:00.000,13.4537
2025-07-03T02:56:00.000,13.4509
2025-07-03T02:57:00.000,13.4481
2025-07-03T02:58:00.000,13.4467
2025-07-03T02:59:00.000,13.4439
2025-07-03T03:00:00.000,13.4398
2025-07-03T03:01:00.000,13.4356
2025-07-03T03:02:00.000,13.4328
2025-07-03T03:03:00.000,13.4314
2025-07-03T03:04:00.000,13.4328
2025-07-03T03:05:00.000,13.4356
2025-07-03T03:06:00.000,13.4425
2025-07-03T03:07:00.000,13.4523
2025-07-03T03:08:00.000,13.4592
2025-07-03T03:09:00.000,13.4620
2025-07-03T03:10:00.000,13.4620
2025-07-03T03:11:00.000,13.4620
2025-07-03T03:12:00.000,13.4634
2025-07-03T03:13:00.000,13.4648
2025-07-03T03:14:00.000,13.4648
2025-07-03T03:15:00.000,13.4648
2025-07-03T03:16:00.000,13.4676
2025-07-03T03:17:00.000,13.4690
2025-07-03T03:18:00.000,13.4703
2025-07-03T03:19:00.000,13.4690
2025-07-03T03:20:00.000,13.4676
2025-07-03T03:21:00.000,13.4606
2025-07-03T03:22:00.000,13.4551
2025-07-03T03:23:00.000,13.4495
2025-07-03T03:24:00.000,13.4495
2025-07-03T03:25:00.000,13.4425
2025-07-03T03:26:00.000,13.4328
2025-07-03T03:27:00.000,13.4217
2025-07-03T03:28:00.000,13.4036
2025-07-03T03:29:00.000,13.3869
2025-07-03T03:30:00.000,13.3688
2025-07-03T03:31:00.000,13.3563
2025-07-03T03:32:00.000,13.3480
2025-07-03T03:33:00.000,13.3452
2025-07-03T03:34:00.000,13.3313
2025-07-03T03:35:00.000,13.3007
2025-07-03T03:36:00.000,13.2798
2025-07-03T03:37:00.000,13.2729
2025-07-03T03:38:00.000,13.2617
2025-07-03T03:39:00.000,13.2464
2025-07-03T03:40:00.000,13.2283
2025-07-03T03:41:00.000,13.2158
2025-07-03T03:42:00.000,13.2130
2025-07-03T03:43:00.000,13.2033
2025-07-03T03:44:00.000,13.1838
2025-07-03T03:45:00.000,13.1657
2025-07-03T03:46:00.000,13.1504
2025-07-03T03:47:00.000,13.1350
2025-07-03T03:48:00.000,13.1197
2025-07-03T03:49:00.000,13.0891
2025-07-03T03:50:00.000,13.0361
2025-07-03T03:51:00.000,12.9622
2025-07-03T03:52:00.000,12.8674
2025-07-03T03:53:00.000,12.7711
2025-07-03T03:54:00.000,12.6775
2025-07-03T03:55:00.000,12.6076
2025-07-03T03:56:00.000,12.5573
2025-07-03T03:57:00.000,12.5154
2025-07-03T03:58:00.000,12.5000
2025-07-03T03:59:00.000,12.4524
2025-07-03T04:00:00.000,12.3614
2025-07-03T04:01:00.000,12.2340
2025-07-03T04:02:00.000,12.0629
2025-07-03T04:03:00.000,11.8804
2025-07-03T04:04:00.000,11.6976
2025-07-03T04:05:00.000,11.5441
2025-07-03T04:06:00.000,11.3820
2025-07-03T04:07:00.000,11.2069
2025-07-03T04:08:00.000,11.0358
2025-07-03T04:09:00.000,10.8687
2025-07-03T04:10:00.000,10.7142
2025-07-03T04:11:00.000,10.5949
2025-07-03T04:12:00.000,10.4884
2025-07-03T04:13:00.000,10.3760
2025-07-03T04:14:00.000,10.2820
2025-07-03T04:15:00.000,10.1979
2025-07-03T04:16:00.000,10.1252
2025-07-03T04:17:00.000,10.0681
2025-07-03T04:18:00.000,10.0138
2025-07-03T04:19:00.000,9.9538
2025-07-03T04:20:00.000,9.9109
2025-07-03T04:21:00.000,9.8809
2025-07-03T04:22:00.000,9.8494
2025-07-03T04:23:00.000,9.8194
2025-07-03T04:24:00.000,9.7721
2025-07-03T04:25:00.000,9.7278
2025-07-03T04:26:00.000,9.6819
2025-07-03T04:27:00.000,9.6346
2025-07-03T04:28:00.000,9.5844
2025-07-03T04:29:00.000,9.5500
2025-07-03T04:30:00.000,9.5213
2025-07-03T04:31:00.000,9.4854
2025-07-03T04:32:00.000,9.4552
2025-07-03T04:33:00.000,9.4322
2025-07-03T04:34:00.000,9.4121
2025-07-03T04:35:00.000,9.3776
2025-07-03T04:36:00.000,9.3546
2025-07-03T04:37:00.000,9.3230
2025-07-03T04:38:00.000,9.2899
2025-07-03T04:39:00.000,9.2683
2025-07-03T04:40:00.000,9.2568
2025-07-03T04:41:00.000,9.2424
2025-07-03T04:42:00.000,9.2251
2025-07-03T04:43:00.000,9.2079
2025-07-03T04:44:00.000,9.1935
2025-07-03T04:45:00.000,9.1690
2025-07-03T04:46:00.000,9.1474
2025-07-03T04:47:00.000,9.1243
2025-07-03T04:48:00.000,9.1027
2025-07-03T04:49:00.000,9.0738
2025-07-03T04:50:00.000,9.0262
2025-07-03T04:51:00.000,8.9858
2025-07-03T04:52:00.000,8.9656
2025-07-03T04:53:00.000,8.9598
2025-07-03T04:54:00.000,8.9541
2025-07-03T04:55:00.000,8.9454
2025-07-03T04:56:00.000,8.9281
2025-07-03T04:57:00.000,8.9165
2025-07-03T04:58:00.000,8.9122
2025-07-03T04:59:00.000,8.9064
2025-07-03T05:00:00.000,8.9035
2025-07-03T05:01:00.000,8.9064
2025-07-03T05:02:00.000,8.9049
2025-07-03T05:03:00.000,8.9006
2025-07-03T05:04:00.000,8.9021
2025-07-03T05:05:00.000,8.9064
2025-07-03T05:06:00.000,8.8977
2025-07-03T05:07:00.000,8.8890
2025-07-03T05:08:00.000,8.8818
2025-07-03T05:09:00.000,8.8688
2025-07-03T05:10:00.000,8.8601
2025-07-03T05:11:00.000,8.8413
2025-07-03T05:12:00.000,8.8240
2025-07-03T05:13:00.000,8.8139
2025-07-03T05:14:00.000,8.7965
2025-07-03T05:15:00.000,8.7777
2025-07-03T05:16:00.000,8.7661
2025-07-03T05:17:00.000,8.7676
2025-07-03T05:18:00.000,8.7661
2025-07-03T05:19:00.000,8.7589
2025-07-03T05:20:00.000,8.7444
2025-07-03T05:21:00.000,8.7372
2025-07-03T05:22:00.000,8.7299
2025-07-03T05:23:00.000,8.7213
2025-07-03T05:24:00.000,8.7213
2025-07-03T05:25:00.000,8.7213
2025-07-03T05:26:00.000,8.7285
2025-07-03T05:27:00.000,8.7285
2025-07-03T05:28:00.000,8.7575
2025-07-03T05:29:00.000,8.7792
2025-07-03T05:30:00.000,8.8009
2025-07-03T05:31:00.000,8.8197
2025-07-03T05:32:00.000,8.8240
2025-07-03T05:33:00.000,8.8356
2025-07-03T05:34:00.000,8.8442
2025-07-03T05:35:00.000,8.8616
2025-07-03T05:36:00.000,8.8818
2025-07-03T05:37:00.000,8.9281
2025-07-03T05:38:00.000,8.9656
2025-07-03T05:39:00.000,9.0031
2025-07-03T05:40:00.000,9.0205
2025-07-03T05:41:00.000,9.0580
2025-07-03T05:42:00.000,9.1070
2025-07-03T05:43:00.000,9.1834
2025-07-03T05:44:00.000,9.1978
2025-07-03T05:45:00.000,9.2107
2025-07-03T05:46:00.000,9.2093
2025-07-03T05:47:00.000,9.2208
2025-07-03T05:48:00.000,9.2367
2025-07-03T05:49:00.000,9.2496
2025-07-03T05:50:00.000,9.2712
2025-07-03T05:51:00.000,9.2985
2025-07-03T05:52:00.000,9.3144
2025-07-03T05:53:00.000,9.3403
2025-07-03T05:54:00.000,9.3604
2025-07-03T05:55:00.000,9.3877
2025-07-03T05:56:00.000,9.4150
2025-07-03T05:57:00.000,9.4452
2025-07-03T05:58:00.000,9.4710
2025-07-03T05:59:00.000,9.5055
2025-07-03T06:00:00.000,9.5342
2025-07-03T06:01:00.000,9.5615
2025-07-03T06:02:00.000,9.5945
2025-07-03T06:03:00.000,9.6389
2025-07-03T06:04:00.000,9.6862
2025-07-03T06:05:00.000,9.7263
2025-07-03T06:06:00.000,9.7736
2025-07-03T06:07:00.000,9.8280
2025-07-03T06:08:00.000,9.8823
2025-07-03T06:09:00.000,9.9424
2025-07-03T06:10:00.000,10.0024
2025-07-03T06:11:00.000,10.0609
2025-07-03T06:12:00.000,10.1237
2025-07-03T06:13:00.000,10.1851
2025-07-03T06:14:00.000,10.2592
2025-07-03T06:15:00.000,10.3489
2025-07-03T06:16:00.000,10.4756
2025-07-03T06:17:00.000,10.6603
2025-07-03T06:18:00.000,10.9665
2025-07-03T06:19:00.000,11.3495
2025-07-03T06:20:00.000,11.7187
2025-07-03T06:21:00.000,12.0685
2025-07-03T06:22:00.000,12.3530
2025-07-03T06:23:00.000,12.5070
2025-07-03T06:24:00.000,12.6538
2025-07-03T06:25:00.000,12.8953
2025-07-03T06:26:00.000,13.1824
2025-07-03T06:27:00.000,13.3953
2025-07-03T06:28:00.000,13.6301
2025-07-03T06:29:00.000,13.8993
2025-07-03T06:30:00.000,14.1750
2025-07-03T06:31:00.000,14.4406
2025-07-03T06:32:00.000,14.7032
2025-07-03T06:33:00.000,14.9667
2025-07-03T06:34:00.000,15.2686
2025-07-03T06:35:00.000,15.6375
2025-07-03T06:36:00.000,16.0608
2025-07-03T06:37:00.000,16.5316
2025-07-03T06:38:00.000,17.0128
2025-07-03T06:39:00.000,17.5126
2025-07-03T06:40:00.000,17.9162
2025-07-03T06:41:00.000,18.1720
2025-07-03T06:42:00.000,18.3169
2025-07-03T06:43:00.000,18.4140
2025-07-03T06:44:00.000,18.6205
2025-07-03T06:45:00.000,18.8911
2025-07-03T06:46:00.000,19.1700
2025-07-03T06:47:00.000,19.2479
2025-07-03T06:48:00.000,19.1960
2025-07-03T06:49:00.000,19.1358
2025-07-03T06:50:00.000,19.0729
2025-07-03T06:51:00.000,19.1522
2025-07-03T06:52:00.000,19.2397
2025-07-03T06:53:00.000,19.3737
2025-07-03T06:54:00.000,19.4598
2025-07-03T06:55:00.000,19.6607
2025-07-03T06:56:00.000,19.7906
2025-07-03T06:57:00.000,19.8959
2025-07-03T06:58:00.000,20.1093
2025-07-03T06:59:00.000,20.4157
2025-07-03T07:00:00.000,20.5511
2025-07-03T07:01:00.000,20.6647
2025-07-03T07:02:00.000,20.7920
2025-07-03T07:03:00.000,21.0002
2025-07-03T07:04:00.000,21.3125
2025-07-03T07:05:00.000,21.8363
2025-07-03T07:06:00.000,22.3513
2025-07-03T07:07:00.000,22.7818
2025-07-03T07:08:00.000,23.1441
2025-07-03T07:09:00.000,23.4213
2025-07-03T07:10:00.000,23.6878
2025-07-03T07:11:00.000,23.6920
2025-07-03T07:12:00.000,23.6685
2025-07-03T07:13:00.000,23.7196
2025-07-03T07:14:00.000,23.6036
2025-07-03T07:15:00.000,23.6478
2025-07-03T07:16:00.000,24.0363
2025-07-03T07:17:00.000,24.5810
2025-07-03T07:18:00.000,25.0772
2025-07-03T07:19:00.000,25.5371
2025-07-03T07:20:00.000,25.9229
2025-07-03T07:21:00.000,26.2942
2025-07-03T07:22:00.000,26.4753
2025-07-03T07:23:00.000,26.6130
2025-07-03T07:24:00.000,26.7678
2025-07-03T07:25:00.000,26.8635
2025-07-03T07:26:00.000,26.6636
2025-07-03T07:27:00.000,26.4345
2025-07-03T07:28:00.000,26.4191
2025-07-03T07:29:00.000,26.3938
2025-07-03T07:30:00.000,26.3994
2025-07-03T07:31:00.000,26.4065
2025-07-03T07:32:00.000,26.3657
2025-07-03T07:33:00.000,26.3489
2025-07-03T07:34:00.000,26.3292
2025-07-03T07:35:00.000,26.3152
2025-07-03T07:36:00.000,26.3026
2025-07-03T07:37:00.000,26.3601
2025-07-03T07:38:00.000,26.4935
2025-07-03T07:39:00.000,26.5863
2025-07-03T07:40:00.000,26.8030
2025-07-03T07:41:00.000,27.0539
2025-07-03T07:42:00.000,27.0271
2025-07-03T07:43:00.000,26.8931
2025-07-03T07:44:00.000,26.7959
2025-07-03T07:45:00.000,26.6763
2025-07-03T07:46:00.000,26.5919
2025-07-03T07:47:00.000,26.4992
2025-07-03T07:48:00.000,26.4430
2025-07-03T07:49:00.000,26.5905
2025-07-03T07:50:00.000,26.8016
2025-07-03T07:51:00.000,26.9086
2025-07-03T07:52:00.000,26.7706
2025-07-03T07:53:00.000,26.7087
2025-07-03T07:54:00.000,26.6383
2025-07-03T07:55:00.000,26.4191
2025-07-03T07:56:00.000,26.1652
2025-07-03T07:57:00.000,25.9341
2025-07-03T07:58:00.000,25.6852
2025-07-03T07:59:00.000,25.3586
2025-07-03T08:00:00.000,25.0619
2025-07-03T08:01:00.000,24.9283
2025-07-03T08:02:00.000,24.8616
2025-07-03T08:03:00.000,24.9158
2025-07-03T08:04:00.000,25.0953
2025-07-03T08:05:00.000,25.2958
2025-07-03T08:06:00.000,25.4967
2025-07-03T08:07:00.000,25.7005
2025-07-03T08:08:00.000,25.8305
2025-07-03T08:09:00.000,25.7704
2025-07-03T08:10:00.000,25.7019
2025-07-03T08:11:00.000,25.6474
2025-07-03T08:12:00.000,25.5525
2025-07-03T08:13:00.000,25.5218
2025-07-03T08:14:00.000,25.4967
2025-07-03T08:15:00.000,25.3990
2025-07-03T08:16:00.000,25.3042
2025-07-03T08:17:00.000,25.3112
2025-07-03T08:18:00.000,25.3112
2025-07-03T08:19:00.000,25.2958
2025-07-03T08:20:00.000,25.2638
2025-07-03T08:21:00.000,25.1983
2025-07-03T08:22:00.000,25.0340
2025-07-03T08:23:00.000,24.8296
2025-07-03T08:24:00.000,24.6573
2025-07-03T08:25:00.000,24.6115
2025-07-03T08:26:00.000,24.6032
2025-07-03T08:27:00.000,24.5657
2025-07-03T08:28:00.000,24.5532
2025-07-03T08:29:00.000,24.4866
2025-07-03T08:30:00.000,24.4228
2025-07-03T08:31:00.000,24.4214
2025-07-03T08:32:00.000,24.4131
2025-07-03T08:33:00.000,24.3840
2025-07-03T08:34:00.000,24.3036
2025-07-03T08:35:00.000,24.1831
2025-07-03T08:36:00.000,24.0266
2025-07-03T08:37:00.000,23.8841
2025-07-03T08:38:00.000,23.7625
2025-07-03T08:39:00.000,23.6740
2025-07-03T08:40:00.000,23.6118
2025-07-03T08:41:00.000,23.5538
2025-07-03T08:42:00.000,23.5193
2025-07-03T08:43:00.000,23.5152
2025-07-03T08:44:00.000,23.5152
2025-07-03T08:45:00.000,23.5345
2025-07-03T08:46:00.000,23.5124
2025-07-03T08:47:00.000,23.4669
2025-07-03T08:48:00.000,23.4406
2025-07-03T08:49:00.000,23.3992
2025-07-03T08:50:00.000,23.2985
2025-07-03T08:51:00.000,23.1317
2025-07-03T08:52:00.000,23.0256
2025-07-03T08:53:00.000,22.9719
2025-07-03T08:54:00.000,22.8837
2025-07-03T08:55:00.000,22.7268
2025-07-03T08:56:00.000,22.6511
2025-07-03T08:57:00.000,22.6690
2025-07-03T08:58:00.000,22.6951
2025-07-03T08:59:00.000,22.7543
2025-07-03T09:00:00.000,22.7447
2025-07-03T09:01:00.000,22.5356
2025-07-03T09:02:00.000,22.0738
2025-07-03T09:03:00.000,21.4276
2025-07-03T09:04:00.000,20.8523
2025-07-03T09:05:00.000,20.6305
2025-07-03T09:06:00.000,20.7318
2025-07-03T09:07:00.000,20.9810
2025-07-03T09:08:00.000,21.2371
2025-07-03T09:09:00.000,21.1632
2025-07-03T09:10:00.000,20.8564
2025-07-03T09:11:00.000,20.6538
2025-07-03T09:12:00.000,20.6866
2025-07-03T09:13:00.000,20.9344
2025-07-03T09:14:00.000,21.2961
2025-07-03T09:15:00.000,21.5140
2025-07-03T09:16:00.000,21.5524
2025-07-03T09:17:00.000,21.5236
2025-07-03T09:18:00.000,21.3879
2025-07-03T09:19:00.000,21.1714
2025-07-03T09:20:00.000,20.8468
2025-07-03T09:21:00.000,20.3979
2025-07-03T09:22:00.000,19.9356
2025-07-03T09:23:00.000,19.5350
2025-07-03T09:24:00.000,19.2233
2025-07-03T09:25:00.000,18.9923
2025-07-03T09:26:00.000,18.8665
2025-07-03T09:27:00.000,18.7626
2025-07-03T09:28:00.000,18.6628
2025-07-03T09:29:00.000,18.6054
2025-07-03T09:30:00.000,18.6109
2025-07-03T09:31:00.000,18.5794
2025-07-03T09:32:00.000,18.5630
2025-07-03T09:33:00.000,18.5794
2025-07-03T09:34:00.000,18.6423
2025-07-03T09:35:00.000,18.6929
2025-07-03T09:36:00.000,18.6806
2025-07-03T09:37:00.000,18.6437
2025-07-03T09:38:00.000,18.6478
2025-07-03T09:39:00.000,18.6847
2025-07-03T09:40:00.000,18.7626
2025-07-03T09:41:00.000,18.7995
2025-07-03T09:42:00.000,18.8665
2025-07-03T09:43:00.000,18.9526
2025-07-03T09:44:00.000,19.0688
2025-07-03T09:45:00.000,19.2124
2025-07-03T09:46:00.000,19.3586
2025-07-03T09:47:00.000,19.5445
2025-07-03T09:48:00.000,19.8194
2025-07-03T09:49:00.000,20.1393
2025-07-03T09:50:00.000,20.4088
2025-07-03T09:51:00.000,20.6770
2025-07-03T09:52:00.000,20.9276
2025-07-03T09:53:00.000,21.1426
2025-07-03T09:54:00.000,21.2892
2025-07-03T09:55:00.000,21.4427
2025-07-03T09:56:00.000,21.5661
2025-07-03T09:57:00.000,21.7417
2025-07-03T09:58:00.000,21.9942
2025-07-03T09:59:00.000,22.0848
2025-07-03T10:00:00.000,22.0834
2025-07-03T10:01:00.000,22.0876
2025-07-03T10:02:00.000,22.1082
2025-07-03T10:03:00.000,22.0876
2025-07-03T10:04:00.000,21.9777
2025-07-03T10:05:00.000,21.8075
2025-07-03T10:06:00.000,21.6470
2025-07-03T10:07:00.000,21.5771
2025-07-03T10:08:00.000,21.5058
2025-07-03T10:09:00.000,21.4509
2025-07-03T10:10:00.000,21.3756
2025-07-03T10:11:00.000,21.2988
2025-07-03T10:12:00.000,21.0837
2025-07-03T10:13:00.000,20.7797
2025-07-03T10:14:00.000,20.4950
2025-07-03T10:15:00.000,20.2460
2025-07-03T10:16:00.000,20.0422
2025-07-03T10:17:00.000,19.8959
2025-07-03T10:18:00.000,19.7783
2025-07-03T10:19:00.000,19.7154
2025-07-03T10:20:00.000,19.7305
2025-07-03T10:21:00.000,19.7852
2025-07-03T10:22:00.000,19.8864
2025-07-03T10:23:00.000,19.9246
2025-07-03T10:24:00.000,19.8002
2025-07-03T10:25:00.000,19.6361
2025-07-03T10:26:00.000,19.5582
2025-07-03T10:27:00.000,19.4174
2025-07-03T10:28:00.000,19.1235
2025-07-03T10:29:00.000,18.8077
2025-07-03T10:30:00.000,18.4769
2025-07-03T10:31:00.000,18.1597
2025-07-03T10:32:00.000,17.8547
2025-07-03T10:33:00.000,17.5906
2025-07-03T10:34:00.000,17.3729
2025-07-03T10:35:00.000,17.2415
2025-07-03T10:36:00.000,17.1182
2025-07-03T10:37:00.000,16.9662
2025-07-03T10:38:00.000,16.8182
2025-07-03T10:39:00.000,16.6372
2025-07-03T10:40:00.000,16.4479
2025-07-03T10:41:00.000,16.2901
2025-07-03T10:42:00.000,16.1968
2025-07-03T10:43:00.000,16.1336
2025-07-03T10:44:00.000,16.0746
2025-07-03T10:45:00.000,15.9853
2025-07-03T10:46:00.000,15.9083
2025-07-03T10:47:00.000,15.8767
2025-07-03T10:48:00.000,15.8506
2025-07-03T10:49:00.000,15.8272
2025-07-03T10:50:00.000,15.8204
2025-07-03T10:51:00.000,15.8121
2025-07-03T10:52:00.000,15.8217
2025-07-03T10:53:00.000,15.8121
2025-07-03T10:54:00.000,15.7887
2025-07-03T10:55:00.000,15.7585
2025-07-03T10:56:00.000,15.7392
2025-07-03T10:57:00.000,15.7475
2025-07-03T10:58:00.000,15.7461
2025-07-03T10:59:00.000,15.7282
2025-07-03T11:00:00.000,15.7186
2025-07-03T11:01:00.000,15.7324
2025-07-03T11:02:00.000,15.7805
2025-07-03T11:03:00.000,15.8341
2025-07-03T11:04:00.000,15.8822
2025-07-03T11:05:00.000,15.9427
2025-07-03T11:06:00.000,15.9853
2025-07-03T11:07:00.000,16.0512
2025-07-03T11:08:00.000,16.1020
2025-07-03T11:09:00.000,16.1226
2025-07-03T11:10:00.000,16.1460
2025-07-03T11:11:00.000,16.1707
2025-07-03T11:12:00.000,16.1446
2025-07-03T11:13:00.000,16.1130
2025-07-03T11:14:00.000,16.0897
2025-07-03T11:15:00.000,16.0828
2025-07-03T11:16:00.000,16.0938
2025-07-03T11:17:00.000,16.0691
2025-07-03T11:18:00.000,16.0155
2025-07-03T11:19:00.000,15.9757
2025-07-03T11:20:00.000,15.9702
2025-07-03T11:21:00.000,15.9674
2025-07-03T11:22:00.000,15.9509
2025-07-03T11:23:00.000,15.9056
2025-07-03T11:24:00.000,15.9083
2025-07-03T11:25:00.000,15.9454
2025-07-03T11:26:00.000,16.0182
2025-07-03T11:27:00.000,16.1213
2025-07-03T11:28:00.000,16.2187
2025-07-03T11:29:00.000,16.3203
2025-07-03T11:30:00.000,16.4054
2025-07-03T11:31:00.000,16.4383
2025-07-03T11:32:00.000,16.4850
2025-07-03T11:33:00.000,16.5302
2025-07-03T11:34:00.000,16.5837
2025-07-03T11:35:00.000,16.5440
2025-07-03T11:36:00.000,16.5343
2025-07-03T11:37:00.000,16.5700
2025-07-03T11:38:00.000,16.6084
2025-07-03T11:39:00.000,16.6783
2025-07-03T11:40:00.000,16.7167
2025-07-03T11:41:00.000,16.8141
2025-07-03T11:42:00.000,16.9470
2025-07-03T11:43:00.000,17.0210
2025-07-03T11:44:00.000,17.0470
2025-07-03T11:45:00.000,17.0251
2025-07-03T11:46:00.000,17.0004
2025-07-03T11:47:00.000,16.9799
2025-07-03T11:48:00.000,16.9593
2025-07-03T11:49:00.000,16.9538
2025-07-03T11:50:00.000,16.9497
2025-07-03T11:51:00.000,16.9388
2025-07-03T11:52:00.000,16.9237
2025-07-03T11:53:00.000,16.9114
2025-07-03T11:54:00.000,16.8689
2025-07-03T11:55:00.000,16.8305
2025-07-03T11:56:00.000,16.7812
2025-07-03T11:57:00.000,16.7455
2025-07-03T11:58:00.000,16.7675
2025-07-03T11:59:00.000,16.8154
2025-07-03T12:00:00.000,16.8332
2025-07-03T12:01:00.000,16.8456
2025-07-03T12:02:00.000,16.8730
2025-07-03T12:03:00.000,16.9073
2025-07-03T12:04:00.000,16.9155
2025-07-03T12:05:00.000,16.8922
2025-07-03T12:06:00.000,16.8579
2025-07-03T12:07:00.000,16.8346
2025-07-03T12:08:00.000,16.8058
2025-07-03T12:09:00.000,16.7633
2025-07-03T12:10:00.000,16.7126
2025-07-03T12:11:00.000,16.6797
2025-07-03T12:12:00.000,16.6537
2025-07-03T12:13:00.000,16.6290
2025-07-03T12:14:00.000,16.6509
2025-07-03T12:15:00.000,16.6619
2025-07-03T12:16:00.000,16.6550
2025-07-03T12:17:00.000,16.6633
2025-07-03T12:18:00.000,16.7044
2025-07-03T12:19:00.000,16.8086
2025-07-03T12:20:00.000,16.8922
2025-07-03T12:21:00.000,16.9388
2025-07-03T12:22:00.000,16.9580
2025-07-03T12:23:00.000,16.9470
2025-07-03T12:24:00.000,16.9237
2025-07-03T12:25:00.000,16.8977
2025-07-03T12:26:00.000,16.8867
2025-07-03T12:27:00.000,16.9086
2025-07-03T12:28:00.000,16.9155
2025-07-03T12:29:00.000,16.9401
2025-07-03T12:30:00.000,16.9305
2025-07-03T12:31:00.000,16.9333
2025-07-03T12:32:00.000,16.9182
2025-07-03T12:33:00.000,16.9059
2025-07-03T12:34:00.000,16.9114
2025-07-03T12:35:00.000,16.9155
2025-07-03T12:36:00.000,16.9059
2025-07-03T12:37:00.000,16.8963
2025-07-03T12:38:00.000,16.8853
2025-07-03T12:39:00.000,16.9168
2025-07-03T12:40:00.000,16.9155
2025-07-03T12:41:00.000,16.9073
2025-07-03T12:42:00.000,16.8826
2025-07-03T12:43:00.000,16.8470
2025-07-03T12:44:00.000,16.8113
2025-07-03T12:45:00.000,16.7839
2025-07-03T12:46:00.000,16.7921
2025-07-03T12:47:00.000,16.7770
2025-07-03T12:48:00.000,16.7620
2025-07-03T12:49:00.000,16.7606
2025-07-03T12:50:00.000,16.7894
2025-07-03T12:51:00.000,16.8127
2025-07-03T12:52:00.000,16.8291
2025-07-03T12:53:00.000,16.8332
2025-07-03T12:54:00.000,16.8319
2025-07-03T12:55:00.000,16.8031
2025-07-03T12:56:00.000,16.7606
2025-07-03T12:57:00.000,16.7222
2025-07-03T12:58:00.000,16.7414
2025-07-03T12:59:00.000,16.7702
2025-07-03T13:00:00.000,16.7798
2025-07-03T13:01:00.000,16.8099
2025-07-03T13:02:00.000,16.8346
2025-07-03T13:03:00.000,16.8798
2025-07-03T13:04:00.000,16.9141
2025-07-03T13:05:00.000,16.8977
2025-07-03T13:06:00.000,16.9305
2025-07-03T13:07:00.000,16.9456
2025-07-03T13:08:00.000,16.9758
2025-07-03T13:09:00.000,16.9977
2025-07-03T13:10:00.000,17.0004
2025-07-03T13:11:00.000,17.0073
2025-07-03T13:12:00.000,16.9908
2025-07-03T13:13:00.000,16.9621
2025-07-03T13:14:00.000,16.9593
2025-07-03T13:15:00.000,16.9826
2025-07-03T13:16:00.000,17.0182
2025-07-03T13:17:00.000,17.0210
2025-07-03T13:18:00.000,17.0223
2025-07-03T13:19:00.000,17.0292
2025-07-03T13:20:00.000,17.0429
2025-07-03T13:21:00.000,17.0306
2025-07-03T13:22:00.000,17.0251
2025-07-03T13:23:00.000,17.0128
2025-07-03T13:24:00.000,16.9908
2025-07-03T13:25:00.000,17.0032
2025-07-03T13:26:00.000,17.0196
2025-07-03T13:27:00.000,17.0470
2025-07-03T13:28:00.000,17.0744
2025-07-03T13:29:00.000,17.1306
2025-07-03T13:30:00.000,17.2032
2025-07-03T13:31:00.000,17.2346
2025-07-03T13:32:00.000,17.3113
2025-07-03T13:33:00.000,17.3538
2025-07-03T13:34:00.000,17.3675
2025-07-03T13:35:00.000,17.3332
2025-07-03T13:36:00.000,17.3059
2025-07-03T13:37:00.000,17.3332
2025-07-03T13:38:00.000,17.3524
2025-07-03T13:39:00.000,17.3086
2025-07-03T13:40:00.000,17.2401
2025-07-03T13:41:00.000,17.1908
2025-07-03T13:42:00.000,17.1511
2025-07-03T13:43:00.000,17.1347
2025-07-03T13:44:00.000,17.1100
2025-07-03T13:45:00.000,17.0936
2025-07-03T13:46:00.000,17.0456
2025-07-03T13:47:00.000,16.9977
2025-07-03T13:48:00.000,16.9182
2025-07-03T13:49:00.000,16.8415
2025-07-03T13:50:00.000,16.7798
2025-07-03T13:51:00.000,16.7400
2025-07-03T13:52:00.000,16.7346
2025-07-03T13:53:00.000,16.7167
2025-07-03T13:54:00.000,16.7455
2025-07-03T13:55:00.000,16.8278
2025-07-03T13:56:00.000,16.8785
2025-07-03T13:57:00.000,16.8935
2025-07-03T13:58:00.000,16.8949
2025-07-03T13:59:00.000,16.8703
2025-07-03T14:00:00.000,16.8579
2025-07-03T14:01:00.000,16.8798
2025-07-03T14:02:00.000,16.8908
2025-07-03T14:03:00.000,16.9018
2025-07-03T14:04:00.000,16.9278
2025-07-03T14:05:00.000,16.9401
2025-07-03T14:06:00.000,16.9511
2025-07-03T14:07:00.000,16.9771
2025-07-03T14:08:00.000,17.0429
2025-07-03T14:09:00.000,17.1210
2025-07-03T14:10:00.000,17.1744
2025-07-03T14:11:00.000,17.2798
2025-07-03T14:12:00.000,17.3469
2025-07-03T14:13:00.000,17.4386
2025-07-03T14:14:00.000,17.4961
2025-07-03T14:15:00.000,17.5577
2025-07-03T14:16:00.000,17.6029
2025-07-03T14:17:00.000,17.6248
2025-07-03T14:18:00.000,17.6234
2025-07-03T14:19:00.000,17.6275
2025-07-03T14:20:00.000,17.6426
2025-07-03T14:21:00.000,17.6138
2025-07-03T14:22:00.000,17.5961
2025-07-03T14:23:00.000,17.5796
2025-07-03T14:24:00.000,17.5331
2025-07-03T14:25:00.000,17.4783
2025-07-03T14:26:00.000,17.4072
2025-07-03T14:27:00.000,17.3620
2025-07-03T14:28:00.000,17.3182
2025-07-03T14:29:00.000,17.2812
2025-07-03T14:30:00.000,17.2470
2025-07-03T14:31:00.000,17.2237
2025-07-03T14:32:00.000,17.2182
2025-07-03T14:33:00.000,17.2374
2025-07-03T14:34:00.000,17.2620
2025-07-03T14:35:00.000,17.3291
2025-07-03T14:36:00.000,17.4195
2025-07-03T14:37:00.000,17.4277
2025-07-03T14:38:00.000,17.4373
2025-07-03T14:39:00.000,17.4058
2025-07-03T14:40:00.000,17.3935
2025-07-03T14:41:00.000,17.3976
2025-07-03T14:42:00.000,17.4359
2025-07-03T14:43:00.000,17.4606
2025-07-03T14:44:00.000,17.4373
2025-07-03T14:45:00.000,17.4386
2025-07-03T14:46:00.000,17.4250
2025-07-03T14:47:00.000,17.4373
2025-07-03T14:48:00.000,17.4400
2025-07-03T14:49:00.000,17.4441
2025-07-03T14:50:00.000,17.4496
2025-07-03T14:51:00.000,17.4386
2025-07-03T14:52:00.000,17.4140
2025-07-03T14:53:00.000,17.3524
2025-07-03T14:54:00.000,17.3182
2025-07-03T14:55:00.000,17.3086
2025-07-03T14:56:00.000,17.2798
2025-07-03T14:57:00.000,17.2730
2025-07-03T14:58:00.000,17.2908
2025-07-03T14:59:00.000,17.3770
2025-07-03T15:00:00.000,17.4017
2025-07-03T15:01:00.000,17.4701
2025-07-03T15:02:00.000,17.5085
2025-07-03T15:03:00.000,17.4975
2025-07-03T15:04:00.000,17.5427
2025-07-03T15:05:00.000,17.6727
2025-07-03T15:06:00.000,17.7493
2025-07-03T15:07:00.000,17.8122
2025-07-03T15:08:00.000,17.7999
2025-07-03T15:09:00.000,17.7425
2025-07-03T15:10:00.000,17.6617
2025-07-03T15:11:00.000,17.6125
2025-07-03T15:12:00.000,17.5974
2025-07-03T15:13:00.000,17.6111
2025-07-03T15:14:00.000,17.6029
2025-07-03T15:15:00.000,17.5687
2025-07-03T15:16:00.000,17.5783
2025-07-03T15:17:00.000,17.6070
2025-07-03T15:18:00.000,17.6152
2025-07-03T15:19:00.000,17.5933
2025-07-03T15:20:00.000,17.5249
2025-07-03T15:21:00.000,17.4701
2025-07-03T15:22:00.000,17.4414
2025-07-03T15:23:00.000,17.4031
2025-07-03T15:24:00.000,17.3825
2025-07-03T15:25:00.000,17.4154
2025-07-03T15:26:00.000,17.4428
2025-07-03T15:27:00.000,17.4482
2025-07-03T15:28:00.000,17.4373
2025-07-03T15:29:00.000,17.4017
2025-07-03T15:30:00.000,17.3990
2025-07-03T15:31:00.000,17.3907
2025-07-03T15:32:00.000,17.3976
2025-07-03T15:33:00.000,17.3401
2025-07-03T15:34:00.000,17.2730
2025-07-03T15:35:00.000,17.2442
2025-07-03T15:36:00.000,17.2826
2025-07-03T15:37:00.000,17.2798
2025-07-03T15:38:00.000,17.2579
2025-07-03T15:39:00.000,17.2511
2025-07-03T15:40:00.000,17.2292
2025-07-03T15:41:00.000,17.2045
2025-07-03T15:42:00.000,17.2018
2025-07-03T15:43:00.000,17.2346
2025-07-03T15:44:00.000,17.2470
2025-07-03T15:45:00.000,17.2333
2025-07-03T15:46:00.000,17.2935
2025-07-03T15:47:00.000,17.3894
2025-07-03T15:48:00.000,17.5167
2025-07-03T15:49:00.000,17.5892
2025-07-03T15:50:00.000,17.6809
2025-07-03T15:51:00.000,17.7520
2025-07-03T15:52:00.000,17.7931
2025-07-03T15:53:00.000,17.7821
2025-07-03T15:54:00.000,17.7986
2025-07-03T15:55:00.000,17.8259
2025-07-03T15:56:00.000,17.8793
2025-07-03T15:57:00.000,17.9299
2025-07-03T15:58:00.000,17.9668
2025-07-03T15:59:00.000,18.0284
2025-07-03T16:00:00.000,18.0708
2025-07-03T16:01:00.000,18.1351
2025-07-03T16:02:00.000,18.2048
2025-07-03T16:03:00.000,18.2540
2025-07-03T16:04:00.000,18.3238
2025-07-03T16:05:00.000,18.3976
2025-07-03T16:06:00.000,18.4714
2025-07-03T16:07:00.000,18.5124
2025-07-03T16:08:00.000,18.5794
2025-07-03T16:09:00.000,18.6177
2025-07-03T16:10:00.000,18.6314
2025-07-03T16:11:00.000,18.6109
2025-07-03T16:12:00.000,18.5835
2025-07-03T16:13:00.000,18.5630
2025-07-03T16:14:00.000,18.5548
2025-07-03T16:15:00.000,18.5398
2025-07-03T16:16:00.000,18.5494
2025-07-03T16:17:00.000,18.5193
2025-07-03T16:18:00.000,18.4414
2025-07-03T16:19:00.000,18.4113
2025-07-03T16:20:00.000,18.3730
2025-07-03T16:21:00.000,18.3101
2025-07-03T16:22:00.000,18.2609
2025-07-03T16:23:00.000,18.2349
2025-07-03T16:24:00.000,18.2445
2025-07-03T16:25:00.000,18.2308
2025-07-03T16:26:00.000,18.1952
2025-07-03T16:27:00.000,18.1364
2025-07-03T16:28:00.000,18.0940
2025-07-03T16:29:00.000,18.0708
2025-07-03T16:30:00.000,18.0872
2025-07-03T16:31:00.000,18.0817
2025-07-03T16:32:00.000,18.0366
2025-07-03T16:33:00.000,17.9614
2025-07-03T16:34:00.000,17.9025
2025-07-03T16:35:00.000,17.8820
2025-07-03T16:36:00.000,17.8177
2025-07-03T16:37:00.000,17.7945
2025-07-03T16:38:00.000,17.8027
2025-07-03T16:39:00.000,17.8259
2025-07-03T16:40:00.000,17.8560
2025-07-03T16:41:00.000,17.9012
2025-07-03T16:42:00.000,17.9354
2025-07-03T16:43:00.000,17.9354
2025-07-03T16:44:00.000,17.9313
2025-07-03T16:45:00.000,17.9121
2025-07-03T16:46:00.000,17.8519
2025-07-03T16:47:00.000,17.8150
2025-07-03T16:48:00.000,17.7835
2025-07-03T16:49:00.000,17.7876
2025-07-03T16:50:00.000,17.8122
2025-07-03T16:51:00.000,17.8533
2025-07-03T16:52:00.000,17.9107
2025-07-03T16:53:00.000,17.9518
2025-07-03T16:54:00.000,17.9969
2025-07-03T16:55:00.000,18.0215
2025-07-03T16:56:00.000,18.0352
2025-07-03T16:57:00.000,18.0284
2025-07-03T16:58:00.000,18.0270
2025-07-03T16:59:00.000,18.0284
2025-07-03T17:00:00.000,18.0297
2025-07-03T17:01:00.000,18.0065
2025-07-03T17:02:00.000,17.9682
2025-07-03T17:03:00.000,17.8738
2025-07-03T17:04:00.000,17.8697
2025-07-03T17:05:00.000,17.9272
2025-07-03T17:06:00.000,17.9819
2025-07-03T17:07:00.000,18.0489
2025-07-03T17:08:00.000,18.0913
2025-07-03T17:09:00.000,18.1077
2025-07-03T17:10:00.000,18.1405
2025-07-03T17:11:00.000,18.1802
2025-07-03T17:12:00.000,18.2089
2025-07-03T17:13:00.000,18.2527
2025-07-03T17:14:00.000,18.2732
2025-07-03T17:15:00.000,18.2896
2025-07-03T17:16:00.000,18.2992
2025-07-03T17:17:00.000,18.2814
2025-07-03T17:18:00.000,18.2622
2025-07-03T17:19:00.000,18.2062
2025-07-03T17:20:00.000,18.1843
2025-07-03T17:21:00.000,18.1816
2025-07-03T17:22:00.000,18.1569
2025-07-03T17:23:00.000,18.1487
2025-07-03T17:24:00.000,18.1186
2025-07-03T17:25:00.000,18.0544
2025-07-03T17:26:00.000,17.9997
2025-07-03T17:27:00.000,17.9381
2025-07-03T17:28:00.000,17.9025
2025-07-03T17:29:00.000,17.8382
2025-07-03T17:30:00.000,17.7876
2025-07-03T17:31:00.000,17.7479
2025-07-03T17:32:00.000,17.6809
2025-07-03T17:33:00.000,17.6248
2025-07-03T17:34:00.000,17.5783
2025-07-03T17:35:00.000,17.5509
2025-07-03T17:36:00.000,17.5098
2025-07-03T17:37:00.000,17.4907
2025-07-03T17:38:00.000,17.4660
2025-07-03T17:39:00.000,17.4154
2025-07-03T17:40:00.000,17.3661
2025-07-03T17:41:00.000,17.3237
2025-07-03T17:42:00.000,17.2894
2025-07-03T17:43:00.000,17.2593
2025-07-03T17:44:00.000,17.2319
2025-07-03T17:45:00.000,17.2141
2025-07-03T17:46:00.000,17.2059
2025-07-03T17:47:00.000,17.1977
2025-07-03T17:48:00.000,17.1853
2025-07-03T17:49:00.000,17.1758
2025-07-03T17:50:00.000,17.1840
2025-07-03T17:51:00.000,17.1936
2025-07-03T17:52:00.000,17.2264
2025-07-03T17:53:00.000,17.2511
2025-07-03T17:54:00.000,17.2566
2025-07-03T17:55:00.000,17.2552
2025-07-03T17:56:00.000,17.2566
2025-07-03T17:57:00.000,17.2442
2025-07-03T17:58:00.000,17.2374
2025-07-03T17:59:00.000,17.2388
2025-07-03T18:00:00.000,17.2360
2025-07-03T18:01:00.000,17.2237
2025-07-03T18:02:00.000,17.2100
2025-07-03T18:03:00.000,17.1990
2025-07-03T18:04:00.000,17.1881
2025-07-03T18:05:00.000,17.1799
2025-07-03T18:06:00.000,17.1689
2025-07-03T18:07:00.000,17.1607
2025-07-03T18:08:00.000,17.1552
2025-07-03T18:09:00.000,17.1443
2025-07-03T18:10:00.000,17.1251
2025-07-03T18:11:00.000,17.1018
2025-07-03T18:12:00.000,17.0771
2025-07-03T18:13:00.000,17.0566
2025-07-03T18:14:00.000,17.0429
2025-07-03T18:15:00.000,17.0319
2025-07-03T18:16:00.000,17.0210
2025-07-03T18:17:00.000,17.0059
2025-07-03T18:18:00.000,16.9936
2025-07-03T18:19:00.000,16.9812
2025-07-03T18:20:00.000,16.9771
2025-07-03T18:21:00.000,16.9689
2025-07-03T18:22:00.000,16.9442
2025-07-03T18:23:00.000,16.9155
2025-07-03T18:24:00.000,16.8908
2025-07-03T18:25:00.000,16.8703
2025-07-03T18:26:00.000,16.8552
2025-07-03T18:27:00.000,16.8374
2025-07-03T18:28:00.000,16.8209
2025-07-03T18:29:00.000,16.8017
2025-07-03T18:30:00.000,16.7962
2025-07-03T18:31:00.000,16.7990
2025-07-03T18:32:00.000,16.7962
2025-07-03T18:33:00.000,16.7812
2025-07-03T18:34:00.000,16.7647
2025-07-03T18:35:00.000,16.7510
2025-07-03T18:36:00.000,16.7414
2025-07-03T18:37:00.000,16.7373
2025-07-03T18:38:00.000,16.7304
2025-07-03T18:39:00.000,16.7277
2025-07-03T18:40:00.000,16.7263
2025-07-03T18:41:00.000,16.7222
2025-07-03T18:42:00.000,16.7222
2025-07-03T18:43:00.000,16.7291
2025-07-03T18:44:00.000,16.7318
2025-07-03T18:45:00.000,16.7359
2025-07-03T18:46:00.000,16.7291
2025-07-03T18:47:00.000,16.7154
2025-07-03T18:48:00.000,16.7030
2025-07-03T18:49:00.000,16.6907
2025-07-03T18:50:00.000,16.6742
2025-07-03T18:51:00.000,16.6687
2025-07-03T18:52:00.000,16.6852
2025-07-03T18:53:00.000,16.7017
2025-07-03T18:54:00.000,16.7071
2025-07-03T18:55:00.000,16.7126
2025-07-03T18:56:00.000,16.7154
2025-07-03T18:57:00.000,16.7126
2025-07-03T18:58:00.000,16.7099
2025-07-03T18:59:00.000,16.7085
2025-07-03T19:00:00.000,16.7112
2025-07-03T19:01:00.000,16.7099
2025-07-03T19:02:00.000,16.7044
2025-07-03T19:03:00.000,16.6948
2025-07-03T19:04:00.000,16.6825
2025-07-03T19:05:00.000,16.6701
2025-07-03T19:06:00.000,16.6550
2025-07-03T19:07:00.000,16.6386
2025-07-03T19:08:00.000,16.6221
2025-07-03T19:09:00.000,16.6057
2025-07-03T19:10:00.000,16.5851
2025-07-03T19:11:00.000,16.5659
2025-07-03T19:12:00.000,16.5494
2025-07-03T19:13:00.000,16.5302
2025-07-03T19:14:00.000,16.5220
2025-07-03T19:15:00.000,16.5289
2025-07-03T19:16:00.000,16.5357
2025-07-03T19:17:00.000,16.5440
2025-07-03T19:18:00.000,16.5467
2025-07-03T19:19:00.000,16.5440
2025-07-03T19:20:00.000,16.5289
2025-07-03T19:21:00.000,16.5083
2025-07-03T19:22:00.000,16.4905
2025-07-03T19:23:00.000,16.4822
2025-07-03T19:24:00.000,16.4754
2025-07-03T19:25:00.000,16.4616
2025-07-03T19:26:00.000,16.4507
2025-07-03T19:27:00.000,16.4452
2025-07-03T19:28:00.000,16.4466
2025-07-03T19:29:00.000,16.4507
2025-07-03T19:30:00.000,16.4479
2025-07-03T19:31:00.000,16.4479
2025-07-03T19:32:00.000,16.4575
2025-07-03T19:33:00.000,16.4767
2025-07-03T19:34:00.000,16.4905
2025-07-03T19:35:00.000,16.4918
2025-07-03T19:36:00.000,16.4918
2025-07-03T19:37:00.000,16.4905
2025-07-03T19:38:00.000,16.4905
2025-07-03T19:39:00.000,16.4932
2025-07-03T19:40:00.000,16.4973
2025-07-03T19:41:00.000,16.5028
2025-07-03T19:42:00.000,16.5083
2025-07-03T19:43:00.000,16.5179
2025-07-03T19:44:00.000,16.5275
2025-07-03T19:45:00.000,16.5426
2025-07-03T19:46:00.000,16.6002
2025-07-03T19:47:00.000,16.6358
2025-07-03T19:48:00.000,16.6468
2025-07-03T19:49:00.000,16.6249
2025-07-03T19:50:00.000,16.5961
2025-07-03T19:51:00.000,16.5741
2025-07-03T19:52:00.000,16.5357
2025-07-03T19:53:00.000,16.4987
2025-07-03T19:54:00.000,16.4699
2025-07-03T19:55:00.000,16.4438
2025-07-03T19:56:00.000,16.4191
2025-07-03T19:57:00.000,16.3972
2025-07-03T19:58:00.000,16.3780
2025-07-03T19:59:00.000,16.3546
2025-07-03T20:00:00.000,16.3382
2025-07-03T20:01:00.000,16.3231
2025-07-03T20:02:00.000,16.3107
2025-07-03T20:03:00.000,16.2874
2025-07-03T20:04:00.000,16.2572
2025-07-03T20:05:00.000,16.2256
2025-07-03T20:06:00.000,16.1940
2025-07-03T20:07:00.000,16.1638
2025-07-03T20:08:00.000,16.1377
2025-07-03T20:09:00.000,16.1089
2025-07-03T20:10:00.000,16.0842
2025-07-03T20:11:00.000,16.0622
2025-07-03T20:12:00.000,16.0457
2025-07-03T20:13:00.000,16.0292
2025-07-03T20:14:00.000,16.0169
2025-07-03T20:15:00.000,16.0045
2025-07-03T20:16:00.000,15.9935
2025-07-03T20:17:00.000,15.9839
2025-07-03T20:18:00.000,15.9729
2025-07-03T20:19:00.000,15.9619
2025-07-03T20:20:00.000,15.9523
2025-07-03T20:21:00.000,15.9413
2025-07-03T20:22:00.000,15.9289
2025-07-03T20:23:00.000,15.9179
2025-07-03T20:24:00.000,15.9097
2025-07-03T20:25:00.000,15.9070
2025-07-03T20:26:00.000,15.8973
2025-07-03T20:27:00.000,15.8905
2025-07-03T20:28:00.000,15.8836
2025-07-03T20:29:00.000,15.8781
2025-07-03T20:30:00.000,15.8753
2025-07-03T20:31:00.000,15.8753
2025-07-03T20:32:00.000,15.8740
2025-07-03T20:33:00.000,15.8698
2025-07-03T20:34:00.000,15.8657
2025-07-03T20:35:00.000,15.8643
2025-07-03T20:36:00.000,15.8630
2025-07-03T20:37:00.000,15.8602
2025-07-03T20:38:00.000,15.8465
2025-07-03T20:39:00.000,15.8190
2025-07-03T20:40:00.000,15.7832
2025-07-03T20:41:00.000,15.7406
2025-07-03T20:42:00.000,15.7159
2025-07-03T20:43:00.000,15.6952
2025-07-03T20:44:00.000,15.6856
2025-07-03T20:45:00.000,15.6829
2025-07-03T20:46:00.000,15.6774
2025-07-03T20:47:00.000,15.6746
2025-07-03T20:48:00.000,15.6677
2025-07-03T20:49:00.000,15.6650
2025-07-03T20:50:00.000,15.6581
2025-07-03T20:51:00.000,15.6512
2025-07-03T20:52:00.000,15.6402
2025-07-03T20:53:00.000,15.6279
2025-07-03T20:54:00.000,15.6155
2025-07-03T20:55:00.000,15.6072
2025-07-03T20:56:00.000,15.5948
2025-07-03T20:57:00.000,15.5838
2025-07-03T20:58:00.000,15.5756
2025-07-03T20:59:00.000,15.5604
2025-07-03T21:00:00.000,15.5426
2025-07-03T21:01:00.000,15.5082
2025-07-03T21:02:00.000,15.4682
2025-07-03T21:03:00.000,15.4256
2025-07-03T21:04:00.000,15.3650
2025-07-03T21:05:00.000,15.2892
2025-07-03T21:06:00.000,15.1735
2025-07-03T21:07:00.000,15.0164
2025-07-03T21:08:00.000,14.8550
2025-07-03T21:09:00.000,14.7183
2025-07-03T21:10:00.000,14.5996
2025-07-03T21:11:00.000,14.4973
2025-07-03T21:12:00.000,14.4227
2025-07-03T21:13:00.000,14.3604
2025-07-03T21:14:00.000,14.3106
2025-07-03T21:15:00.000,14.2677
2025-07-03T21:16:00.000,14.2484
2025-07-03T21:17:00.000,14.2345
2025-07-03T21:18:00.000,14.2068
2025-07-03T21:19:00.000,14.1695
2025-07-03T21:20:00.000,14.1445
2025-07-03T21:21:00.000,14.1196
2025-07-03T21:22:00.000,14.0933
2025-07-03T21:23:00.000,14.0670
2025-07-03T21:24:00.000,14.0323
2025-07-03T21:25:00.000,13.9977
2025-07-03T21:26:00.000,13.9658
2025-07-03T21:27:00.000,13.9437
2025-07-03T21:28:00.000,13.9270
2025-07-03T21:29:00.000,13.9132
2025-07-03T21:30:00.000,13.9007
2025-07-03T21:31:00.000,13.8813
2025-07-03T21:32:00.000,13.8674
2025-07-03T21:33:00.000,13.8619
2025-07-03T21:34:00.000,13.8563
2025-07-03T21:35:00.000,13.8466
2025-07-03T21:36:00.000,13.8424
2025-07-03T21:37:00.000,13.8397
2025-07-03T21:38:00.000,13.8438
2025-07-03T21:39:00.000,13.8771
2025-07-03T21:40:00.000,13.9312
2025-07-03T21:41:00.000,13.9963
2025-07-03T21:42:00.000,14.0434
2025-07-03T21:43:00.000,14.0767
2025-07-03T21:44:00.000,14.0975
2025-07-03T21:45:00.000,14.1044
2025-07-03T21:46:00.000,14.0988
2025-07-03T21:47:00.000,14.0933
2025-07-03T21:48:00.000,14.0919
2025-07-03T21:49:00.000,14.0905
2025-07-03T21:50:00.000,14.0878
2025-07-03T21:51:00.000,14.0822
2025-07-03T21:52:00.000,14.0725
2025-07-03T21:53:00.000,14.0573
2025-07-03T21:54:00.000,14.0379
2025-07-03T21:55:00.000,14.0240
2025-07-03T21:56:00.000,14.0088
2025-07-03T21:57:00.000,14.0143
2025-07-03T21:58:00.000,14.0254
2025-07-03T21:59:00.000,14.0587
2025-07-03T22:00:00.000,14.0975
2025-07-03T22:01:00.000,14.1625
2025-07-03T22:02:00.000,14.2068
2025-07-03T22:03:00.000,14.2719
2025-07-03T22:04:00.000,14.3231
2025-07-03T22:05:00.000,14.3826
2025-07-03T22:06:00.000,14.4199
2025-07-03T22:07:00.000,14.4600
2025-07-03T22:08:00.000,14.4821
2025-07-03T22:09:00.000,14.4697
2025-07-03T22:10:00.000,14.4448
2025-07-03T22:11:00.000,14.4282
2025-07-03T22:12:00.000,14.4586
2025-07-03T22:13:00.000,14.5332
2025-07-03T22:14:00.000,14.6092
2025-07-03T22:15:00.000,14.6465
2025-07-03T22:16:00.000,14.6659
2025-07-03T22:17:00.000,14.6396
2025-07-03T22:18:00.000,14.5775
2025-07-03T22:19:00.000,14.5153
2025-07-03T22:20:00.000,14.4724
2025-07-03T22:21:00.000,14.4517
2025-07-03T22:22:00.000,14.3909
2025-07-03T22:23:00.000,14.3452
2025-07-03T22:24:00.000,14.3355
2025-07-03T22:25:00.000,14.3618
2025-07-03T22:26:00.000,14.3590
2025-07-03T22:27:00.000,14.3521
2025-07-03T22:28:00.000,14.3687
2025-07-03T22:29:00.000,14.4061
2025-07-03T22:30:00.000,14.3950
2025-07-03T22:31:00.000,14.4379
2025-07-03T22:32:00.000,14.4448
2025-07-03T22:33:00.000,14.4973
2025-07-03T22:34:00.000,14.6065
2025-07-03T22:35:00.000,14.7114
2025-07-03T22:36:00.000,14.8095
2025-07-03T22:37:00.000,14.8936
2025-07-03T22:38:00.000,14.9640
2025-07-03T22:39:00.000,15.0205
2025-07-03T22:40:00.000,15.0715
2025-07-03T22:41:00.000,15.1184
2025-07-03T22:42:00.000,15.1694
2025-07-03T22:43:00.000,15.2066
2025-07-03T22:44:00.000,15.2438
2025-07-03T22:45:00.000,15.2782
2025-07-03T22:46:00.000,15.3072
2025-07-03T22:47:00.000,15.3319
2025-07-03T22:48:00.000,15.3498
2025-07-03T22:49:00.000,15.3595
2025-07-03T22:50:00.000,15.3540
2025-07-03T22:51:00.000,15.3361
2025-07-03T22:52:00.000,15.3099
2025-07-03T22:53:00.000,15.2851
2025-07-03T22:54:00.000,15.2397
2025-07-03T22:55:00.000,15.1914
2025-07-03T22:56:00.000,15.1267
2025-07-03T22:57:00.000,15.0481
2025-07-03T22:58:00.000,14.9833
2025-07-03T22:59:00.000,14.9240
2025-07-03T23:00:00.000,14.8550
2025-07-03T23:01:00.000,14.7708
2025-07-03T23:02:00.000,14.6355
2025-07-03T23:03:00.000,14.5222
2025-07-03T23:04:00.000,14.4531
2025-07-03T23:05:00.000,14.3826
2025-07-03T23:06:00.000,14.3203
2025-07-03T23:07:00.000,14.2650
2025-07-03T23:08:00.000,14.1819
2025-07-03T23:09:00.000,14.0933
2025-07-03T23:10:00.000,14.0310
2025-07-03T23:11:00.000,13.9547
2025-07-03T23:12:00.000,13.9007
2025-07-03T23:13:00.000,13.8272
2025-07-03T23:14:00.000,13.7800
2025-07-03T23:15:00.000,13.7439
2025-07-03T23:16:00.000,13.7328
2025-07-03T23:17:00.000,13.7148
2025-07-03T23:18:00.000,13.6995
2025-07-03T23:19:00.000,13.6745
2025-07-03T23:20:00.000,13.6287
2025-07-03T23:21:00.000,13.5884
2025-07-03T23:22:00.000,13.5676
2025-07-03T23:23:00.000,13.5440
2025-07-03T23:24:00.000,13.5301
2025-07-03T23:25:00.000,13.5232
2025-07-03T23:26:00.000,13.5384
2025-07-03T23:27:00.000,13.5523
2025-07-03T23:28:00.000,13.5593
2025-07-03T23:29:00.000,13.5759
2025-07-03T23:30:00.000,13.5662
2025-07-03T23:31:00.000,13.5482
2025-07-03T23:32:00.000,13.5482
2025-07-03T23:33:00.000,13.5579
2025-07-03T23:34:00.000,13.5676
2025-07-03T23:35:00.000,13.5676
2025-07-03T23:36:00.000,13.5746
2025-07-03T23:37:00.000,13.5857
2025-07-03T23:38:00.000,13.5926
2025-07-03T23:39:00.000,13.6009
2025-07-03T23:40:00.000,13.6162
2025-07-03T23:41:00.000,13.6259
2025-07-03T23:42:00.000,13.6301
2025-07-03T23:43:00.000,13.6371
2025-07-03T23:44:00.000,13.6357
2025-07-03T23:45:00.000,13.6287
2025-07-03T23:46:00.000,13.6232
2025-07-03T23:47:00.000,13.6107
2025-07-03T23:48:00.000,13.6065
2025-07-03T23:49:00.000,13.6065
2025-07-03T23:50:00.000,13.5968
2025-07-03T23:51:00.000,13.5871
2025-07-03T23:52:00.000,13.5829
2025-07-03T23:53:00.000,13.5801
2025-07-03T23:54:00.000,13.5801
2025-07-03T23:55:00.000,13.5829
2025-07-03T23:56:00.000,13.5843
2025-07-03T23:57:00.000,13.5843
2025-07-03T23:58:00.000,13.5759
2025-07-03T23:59:00.000,13.5648
2025-07-04T00:00:00.000,13.5509
2025-07-04T00:01:00.000,13.5329
2025-07-04T00:02:00.000,13.5148
2025-07-04T00:03:00.000,13.4981
2025-07-04T00:04:00.000,13.4773
2025-07-04T00:05:00.000,13.4481
2025-07-04T00:06:00.000,13.4189
2025-07-04T00:07:00.000,13.3967
2025-07-04T00:08:00.000,13.3758
2025-07-04T00:09:00.000,13.3647
2025-07-04T00:10:00.000,13.3549
2025-07-04T00:11:00.000,13.3383
2025-07-04T00:12:00.000,13.3174
2025-07-04T00:13:00.000,13.2993
2025-07-04T00:14:00.000,13.2951
2025-07-04T00:15:00.000,13.3090
2025-07-04T00:16:00.000,13.3174
2025-07-04T00:17:00.000,13.3229
2025-07-04T00:18:00.000,13.3341
2025-07-04T00:19:00.000,13.3369
2025-07-04T00:20:00.000,13.3313
2025-07-04T00:21:00.000,13.3257
2025-07-04T00:22:00.000,13.3229
2025-07-04T00:23:00.000,13.3202
2025-07-04T00:24:00.000,13.3285
2025-07-04T00:25:00.000,13.3327
2025-07-04T00:26:00.000,13.3369
2025-07-04T00:27:00.000,13.3383
2025-07-04T00:28:00.000,13.3396
2025-07-04T00:29:00.000,13.3341
2025-07-04T00:30:00.000,13.3299
2025-07-04T00:31:00.000,13.3202
2025-07-04T00:32:00.000,13.2979
2025-07-04T00:33:00.000,13.2562
2025-07-04T00:34:00.000,13.2102
2025-07-04T00:35:00.000,13.1671
2025-07-04T00:36:00.000,13.1295
2025-07-04T00:37:00.000,13.0988
2025-07-04T00:38:00.000,13.0779
2025-07-04T00:39:00.000,13.0570
2025-07-04T00:40:00.000,13.0361
2025-07-04T00:41:00.000,13.0166
2025-07-04T00:42:00.000,12.9957
2025-07-04T00:43:00.000,12.9776
2025-07-04T00:44:00.000,12.9650
2025-07-04T00:45:00.000,12.9567
2025-07-04T00:46:00.000,12.9483
2025-07-04T00:47:00.000,12.9385
2025-07-04T00:48:00.000,12.9274
2025-07-04T00:49:00.000,12.9134
2025-07-04T00:50:00.000,12.9037
2025-07-04T00:51:00.000,12.8939
2025-07-04T00:52:00.000,12.8869
2025-07-04T00:53:00.000,12.8827
2025-07-04T00:54:00.000,12.8799
2025-07-04T00:55:00.000,12.8702
2025-07-04T00:56:00.000,12.8646
2025-07-04T00:57:00.000,12.8632
2025-07-04T00:58:00.000,12.8646
2025-07-04T00:59:00.000,12.8576
2025-07-04T01:00:00.000,12.8506
2025-07-04T01:01:00.000,12.8465
2025-07-04T01:02:00.000,12.8437
2025-07-04T01:03:00.000,12.8381
2025-07-04T01:04:00.000,12.8283
2025-07-04T01:05:00.000,12.8185
2025-07-04T01:06:00.000,12.8088
2025-07-04T01:07:00.000,12.7990
2025-07-04T01:08:00.000,12.7892
2025-07-04T01:09:00.000,12.7795
2025-07-04T01:10:00.000,12.7683
2025-07-04T01:11:00.000,12.7585
2025-07-04T01:12:00.000,12.7501
2025-07-04T01:13:00.000,12.7446
2025-07-04T01:14:00.000,12.7404
2025-07-04T01:15:00.000,12.7362
2025-07-04T01:16:00.000,12.7222
2025-07-04T01:17:00.000,12.7152
2025-07-04T01:18:00.000,12.7027
2025-07-04T01:19:00.000,12.6943
2025-07-04T01:20:00.000,12.6915
2025-07-04T01:21:00.000,12.6971
2025-07-04T01:22:00.000,12.7013
2025-07-04T01:23:00.000,12.7041
2025-07-04T01:24:00.000,12.7068
2025-07-04T01:25:00.000,12.7055
2025-07-04T01:26:00.000,12.7055
2025-07-04T01:27:00.000,12.7055
2025-07-04T01:28:00.000,12.7041
2025-07-04T01:29:00.000,12.7013
2025-07-04T01:30:00.000,12.6971
2025-07-04T01:31:00.000,12.6943
2025-07-04T01:32:00.000,12.6957
2025-07-04T01:33:00.000,12.6929
2025-07-04T01:34:00.000,12.6915
2025-07-04T01:35:00.000,12.6915
2025-07-04T01:36:00.000,12.6887
2025-07-04T01:37:00.000,12.6859
2025-07-04T01:38:00.000,12.6817
2025-07-04T01:39:00.000,12.6775
2025-07-04T01:40:00.000,12.6747
2025-07-04T01:41:00.000,12.6747
2025-07-04T01:42:00.000,12.6733
2025-07-04T01:43:00.000,12.6761
2025-07-04T01:44:00.000,12.6761
2025-07-04T01:45:00.000,12.6747
2025-07-04T01:46:00.000,12.6733
2025-07-04T01:47:00.000,12.6747
2025-07-04T01:48:00.000,12.6761
2025-07-04T01:49:00.000,12.6817
2025-07-04T01:50:00.000,12.6831
2025-07-04T01:51:00.000,12.6859
2025-07-04T01:52:00.000,12.6873
2025-07-04T01:53:00.000,12.6901
2025-07-04T01:54:00.000,12.6943
2025-07-04T01:55:00.000,12.7013
2025-07-04T01:56:00.000,12.7250
2025-07-04T01:57:00.000,12.7306
2025-07-04T01:58:00.000,12.7334
2025-07-04T01:59:00.000,12.7376
2025-07-04T02:00:00.000,12.7432
2025-07-04T02:01:00.000,12.7501
2025-07-04T02:02:00.000,12.7571
2025-07-04T02:03:00.000,12.7641
2025-07-04T02:04:00.000,12.7739
2025-07-04T02:05:00.000,12.7836
2025-07-04T02:06:00.000,12.7976
2025-07-04T02:07:00.000,12.8060
2025-07-04T02:08:00.000,12.8297
2025-07-04T02:09:00.000,12.8297
2025-07-04T02:10:00.000,12.8255
2025-07-04T02:11:00.000,12.8227
2025-07-04T02:12:00.000,12.8185
2025-07-04T02:13:00.000,12.8158
2025-07-04T02:14:00.000,12.8130
2025-07-04T02:15:00.000,12.8088
2025-07-04T02:16:00.000,12.8032
2025-07-04T02:17:00.000,12.7962
2025-07-04T02:18:00.000,12.7823
2025-07-04T02:19:00.000,12.7683
2025-07-04T02:20:00.000,12.7557
2025-07-04T02:21:00.000,12.7460
2025-07-04T02:22:00.000,12.7390
2025-07-04T02:23:00.000,12.7376
2025-07-04T02:24:00.000,12.7404
2025-07-04T02:25:00.000,12.7432
2025-07-04T02:26:00.000,12.7460
2025-07-04T02:27:00.000,12.7585
2025-07-04T02:28:00.000,12.7725
2025-07-04T02:29:00.000,12.7836
2025-07-04T02:30:00.000,12.8004
2025-07-04T02:31:00.000,12.8102
2025-07-04T02:32:00.000,12.8158
2025-07-04T02:33:00.000,12.8185
2025-07-04T02:34:00.000,12.8199
2025-07-04T02:35:00.000,12.8283
2025-07-04T02:36:00.000,12.8451
2025-07-04T02:37:00.000,12.8702
2025-07-04T02:38:00.000,12.8981
2025-07-04T02:39:00.000,12.9260
2025-07-04T02:40:00.000,12.9497
2025-07-04T02:41:00.000,12.9720
2025-07-04T02:42:00.000,12.9985
2025-07-04T02:43:00.000,13.0194
2025-07-04T02:44:00.000,13.0403
2025-07-04T02:45:00.000,13.0528
2025-07-04T02:46:00.000,13.0570
2025-07-04T02:47:00.000,13.0584
2025-07-04T02:48:00.000,13.0570
2025-07-04T02:49:00.000,13.0487
2025-07-04T02:50:00.000,13.0278
2025-07-04T02:51:00.000,12.9999
2025-07-04T02:52:00.000,12.9790
2025-07-04T02:53:00.000,12.9720
2025-07-04T02:54:00.000,12.9734
2025-07-04T02:55:00.000,12.9706
2025-07-04T02:56:00.000,12.9692
2025-07-04T02:57:00.000,12.9692
2025-07-04T02:58:00.000,12.9678
2025-07-04T02:59:00.000,12.9692
2025-07-04T03:00:00.000,12.9720
2025-07-04T03:01:00.000,12.9901
2025-07-04T03:02:00.000,13.0305
2025-07-04T03:03:00.000,13.0710
2025-07-04T03:04:00.000,13.1072
2025-07-04T03:05:00.000,13.1309
2025-07-04T03:06:00.000,13.1517
2025-07-04T03:07:00.000,13.1643
2025-07-04T03:08:00.000,13.1740
2025-07-04T03:09:00.000,13.1782
2025-07-04T03:10:00.000,13.1712
2025-07-04T03:11:00.000,13.1698
2025-07-04T03:12:00.000,13.1698
2025-07-04T03:13:00.000,13.1824
2025-07-04T03:14:00.000,13.2019
2025-07-04T03:15:00.000,13.2436
2025-07-04T03:16:00.000,13.2951
2025-07-04T03:17:00.000,13.3299
2025-07-04T03:18:00.000,13.3452
2025-07-04T03:19:00.000,13.3536
2025-07-04T03:20:00.000,13.3577
2025-07-04T03:21:00.000,13.3522
2025-07-04T03:22:00.000,13.3424
2025-07-04T03:23:00.000,13.3174
2025-07-04T03:24:00.000,13.3007
2025-07-04T03:25:00.000,13.3049
2025-07-04T03:26:00.000,13.3146
2025-07-04T03:27:00.000,13.3424
2025-07-04T03:28:00.000,13.3730
2025-07-04T03:29:00.000,13.3994
2025-07-04T03:30:00.000,13.4175
2025-07-04T03:31:00.000,13.4328
2025-07-04T03:32:00.000,13.4439
2025-07-04T03:33:00.000,13.4578
2025-07-04T03:34:00.000,13.4731
2025-07-04T03:35:00.000,13.4815
2025-07-04T03:36:00.000,13.4787
2025-07-04T03:37:00.000,13.4703
2025-07-04T03:38:00.000,13.4634
2025-07-04T03:39:00.000,13.4523
2025-07-04T03:40:00.000,13.4314
2025-07-04T03:41:00.000,13.4120
2025-07-04T03:42:00.000,13.3953
2025-07-04T03:43:00.000,13.3841
2025-07-04T03:44:00.000,13.3883
2025-07-04T03:45:00.000,13.3953
2025-07-04T03:46:00.000,13.3953
2025-07-04T03:47:00.000,13.3744
2025-07-04T03:48:00.000,13.3661
2025-07-04T03:49:00.000,13.3633
2025-07-04T03:50:00.000,13.3299
2025-07-04T03:51:00.000,13.2589
2025-07-04T03:52:00.000,13.1754
2025-07-04T03:53:00.000,13.0932
2025-07-04T03:54:00.000,13.0194
2025-07-04T03:55:00.000,12.9497
2025-07-04T03:56:00.000,12.8367
2025-07-04T03:57:00.000,12.6705
2025-07-04T03:58:00.000,12.4622
2025-07-04T03:59:00.000,12.2256
2025-07-04T04:00:00.000,11.9689
2025-07-04T04:01:00.000,11.6947
2025-07-04T04:02:00.000,11.4200
2025-07-04T04:03:00.000,11.1617
2025-07-04T04:04:00.000,10.9325
2025-07-04T04:05:00.000,10.7298
2025-07-04T04:06:00.000,10.5424
2025-07-04T04:07:00.000,10.3788
2025-07-04T04:08:00.000,10.2492
2025-07-04T04:09:00.000,10.1337
2025-07-04T04:10:00.000,10.0238
2025-07-04T04:11:00.000,9.9324
2025-07-04T04:12:00.000,9.8494
2025-07-04T04:13:00.000,9.7793
2025-07-04T04:14:00.000,9.7177
2025-07-04T04:15:00.000,9.6618
2025-07-04T04:16:00.000,9.6217
2025-07-04T04:17:00.000,9.5787
2025-07-04T04:18:00.000,9.5356
2025-07-04T04:19:00.000,9.5026
2025-07-04T04:20:00.000,9.4825
2025-07-04T04:21:00.000,9.4739
2025-07-04T04:22:00.000,9.4639
2025-07-04T04:23:00.000,9.4337
2025-07-04T04:24:00.000,9.4064
2025-07-04T04:25:00.000,9.3834
2025-07-04T04:26:00.000,9.3575
2025-07-04T04:27:00.000,9.3216
2025-07-04T04:28:00.000,9.2957
2025-07-04T04:29:00.000,9.2856
2025-07-04T04:30:00.000,9.2870
2025-07-04T04:31:00.000,9.2827
2025-07-04T04:32:00.000,9.2712
2025-07-04T04:33:00.000,9.2511
2025-07-04T04:34:00.000,9.2381
2025-07-04T04:35:00.000,9.2237
2025-07-04T04:36:00.000,9.2136
2025-07-04T04:37:00.000,9.2021
2025-07-04T04:38:00.000,9.1935
2025-07-04T04:39:00.000,9.1978
2025-07-04T04:40:00.000,9.1963
2025-07-04T04:41:00.000,9.2007
2025-07-04T04:42:00.000,9.2093
2025-07-04T04:43:00.000,9.2122
2025-07-04T04:44:00.000,9.2093
2025-07-04T04:45:00.000,9.2035
2025-07-04T04:46:00.000,9.1949
2025-07-04T04:47:00.000,9.1992
2025-07-04T04:48:00.000,9.2107
2025-07-04T04:49:00.000,9.2295
2025-07-04T04:50:00.000,9.2410
2025-07-04T04:51:00.000,9.2367
2025-07-04T04:52:00.000,9.2151
2025-07-04T04:53:00.000,9.1906
2025-07-04T04:54:00.000,9.1762
2025-07-04T04:55:00.000,9.1646
2025-07-04T04:56:00.000,9.1517
2025-07-04T04:57:00.000,9.1445
2025-07-04T04:58:00.000,9.1430
2025-07-04T04:59:00.000,9.1373
2025-07-04T05:00:00.000,9.1272
2025-07-04T05:01:00.000,9.1171
2025-07-04T05:02:00.000,9.1128
2025-07-04T05:03:00.000,9.1113
2025-07-04T05:04:00.000,9.1243
2025-07-04T05:05:00.000,9.1257
2025-07-04T05:06:00.000,9.1128
2025-07-04T05:07:00.000,9.0955
2025-07-04T05:08:00.000,9.0983
2025-07-04T05:09:00.000,9.1070
2025-07-04T05:10:00.000,9.1142
2025-07-04T05:11:00.000,9.1257
2025-07-04T05:12:00.000,9.1430
2025-07-04T05:13:00.000,9.1589
2025-07-04T05:14:00.000,9.1632
2025-07-04T05:15:00.000,9.1646
2025-07-04T05:16:00.000,9.1747
2025-07-04T05:17:00.000,9.1834
2025-07-04T05:18:00.000,9.1891
2025-07-04T05:19:00.000,9.1920
2025-07-04T05:20:00.000,9.1963
2025-07-04T05:21:00.000,9.1992
2025-07-04T05:22:00.000,9.2093
2025-07-04T05:23:00.000,9.2208
2025-07-04T05:24:00.000,9.2338
2025-07-04T05:25:00.000,9.2453
2025-07-04T05:26:00.000,9.2597
2025-07-04T05:27:00.000,9.2726
2025-07-04T05:28:00.000,9.2842
2025-07-04T05:29:00.000,9.2942
2025-07-04T05:30:00.000,9.3086
2025-07-04T05:31:00.000,9.3086
2025-07-04T05:32:00.000,9.3014
2025-07-04T05:33:00.000,9.2928
2025-07-04T05:34:00.000,9.2856
2025-07-04T05:35:00.000,9.2827
2025-07-04T05:36:00.000,9.2856
2025-07-04T05:37:00.000,9.2928
2025-07-04T05:38:00.000,9.3043
2025-07-04T05:39:00.000,9.3129
2025-07-04T05:40:00.000,9.3216
2025-07-04T05:41:00.000,9.3316
2025-07-04T05:42:00.000,9.3446
2025-07-04T05:43:00.000,9.3647
2025-07-04T05:44:00.000,9.3935
2025-07-04T05:45:00.000,9.4208
2025-07-04T05:46:00.000,9.4380
2025-07-04T05:47:00.000,9.4595
2025-07-04T05:48:00.000,9.4782
2025-07-04T05:49:00.000,9.4954
2025-07-04T05:50:00.000,9.5127
2025-07-04T05:51:00.000,9.5299
2025-07-04T05:52:00.000,9.5471
2025-07-04T05:53:00.000,9.5629
2025-07-04T05:54:00.000,9.5758
2025-07-04T05:55:00.000,9.5859
2025-07-04T05:56:00.000,9.5973
2025-07-04T05:57:00.000,9.6059
2025-07-04T05:58:00.000,9.6188
2025-07-04T05:59:00.000,9.6375
2025-07-04T06:00:00.000,9.6547
2025-07-04T06:01:00.000,9.6733
2025-07-04T06:02:00.000,9.6962
2025-07-04T06:03:00.000,9.7192
2025-07-04T06:04:00.000,9.7435
2025-07-04T06:05:00.000,9.7793
2025-07-04T06:06:00.000,9.8165
2025-07-04T06:07:00.000,9.8523
2025-07-04T06:08:00.000,9.8766
2025-07-04T06:09:00.000,9.9024
2025-07-04T06:10:00.000,9.9309
2025-07-04T06:11:00.000,9.9538
2025-07-04T06:12:00.000,9.9752
2025-07-04T06:13:00.000,10.0038
2025-07-04T06:14:00.000,10.0367
2025-07-04T06:15:00.000,10.0752
2025-07-04T06:16:00.000,10.1351
2025-07-04T06:17:00.000,10.2307
2025-07-04T06:18:00.000,10.3532
2025-07-04T06:19:00.000,10.4884
2025-07-04T06:20:00.000,10.6134
2025-07-04T06:21:00.000,10.7440
2025-07-04T06:22:00.000,10.8829
2025-07-04T06:23:00.000,11.0160
2025-07-04T06:24:00.000,11.1716
2025-07-04T06:25:00.000,11.3848
2025-07-04T06:26:00.000,11.6708
2025-07-04T06:27:00.000,12.0138
2025-07-04T06:28:00.000,12.4076
2025-07-04T06:29:00.000,12.8018
2025-07-04T06:30:00.000,13.1615
2025-07-04T06:31:00.000,13.5204
2025-07-04T06:32:00.000,13.8508
2025-07-04T06:33:00.000,14.1445
2025-07-04T06:34:00.000,14.3743
2025-07-04T06:35:00.000,14.5802
2025-07-04T06:36:00.000,14.7998
2025-07-04T06:37:00.000,15.0315
2025-07-04T06:38:00.000,15.2920
2025-07-04T06:39:00.000,15.5577
2025-07-04T06:40:00.000,15.8066
2025-07-04T06:41:00.000,16.0663
2025-07-04T06:42:00.000,16.2860
2025-07-04T06:43:00.000,16.5412
2025-07-04T06:44:00.000,16.7976
2025-07-04T06:45:00.000,16.9580
2025-07-04T06:46:00.000,17.0415
2025-07-04T06:47:00.000,17.0689
2025-07-04T06:48:00.000,17.1059
2025-07-04T06:49:00.000,17.1538
2025-07-04T06:50:00.000,17.1977
2025-07-04T06:51:00.000,17.2538
2025-07-04T06:52:00.000,17.3045
2025-07-04T06:53:00.000,17.3634
2025-07-04T06:54:00.000,17.4195
2025-07-04T06:55:00.000,17.4934
2025-07-04T06:56:00.000,17.5687
2025-07-04T06:57:00.000,17.6590
2025-07-04T06:58:00.000,17.7644
2025-07-04T06:59:00.000,17.8793
2025-07-04T07:00:00.000,17.9668
2025-07-04T07:01:00.000,18.0708
2025-07-04T07:02:00.000,18.1392
2025-07-04T07:03:00.000,18.1816
2025-07-04T07:04:00.000,18.2116
2025-07-04T07:05:00.000,18.2280
2025-07-04T07:06:00.000,18.2827
2025-07-04T07:07:00.000,18.3798
2025-07-04T07:08:00.000,18.4960
2025-07-04T07:09:00.000,18.5931
2025-07-04T07:10:00.000,18.7230
2025-07-04T07:11:00.000,18.8597
2025-07-04T07:12:00.000,18.9964
2025-07-04T07:13:00.000,19.0989
2025-07-04T07:14:00.000,19.1112
2025-07-04T07:15:00.000,19.0388
2025-07-04T07:16:00.000,18.9116
2025-07-04T07:17:00.000,18.7161
2025-07-04T07:18:00.000,18.5056
2025-07-04T07:19:00.000,18.3607
2025-07-04T07:20:00.000,18.2294
2025-07-04T07:21:00.000,18.1063
2025-07-04T07:22:00.000,18.0243
2025-07-04T07:23:00.000,17.9901
2025-07-04T07:24:00.000,18.0051
2025-07-04T07:25:00.000,18.0434
2025-07-04T07:26:00.000,18.0626
2025-07-04T07:27:00.000,18.0803
2025-07-04T07:28:00.000,18.0927
2025-07-04T07:29:00.000,18.1118
2025-07-04T07:30:00.000,18.0872
2025-07-04T07:31:00.000,18.1104
2025-07-04T07:32:00.000,18.2417
2025-07-04T07:33:00.000,18.3853
2025-07-04T07:34:00.000,18.4851
2025-07-04T07:35:00.000,18.5712
2025-07-04T07:36:00.000,18.6464
2025-07-04T07:37:00.000,18.7189
2025-07-04T07:38:00.000,18.8351
2025-07-04T07:39:00.000,18.9171
2025-07-04T07:40:00.000,18.9554
2025-07-04T07:41:00.000,18.9704
2025-07-04T07:42:00.000,18.9690
2025-07-04T07:43:00.000,18.9239
2025-07-04T07:44:00.000,18.8433
2025-07-04T07:45:00.000,18.6970
2025-07-04T07:46:00.000,18.4988
2025-07-04T07:47:00.000,18.3320
2025-07-04T07:48:00.000,18.2171
2025-07-04T07:49:00.000,18.1542
2025-07-04T07:50:00.000,18.1405
2025-07-04T07:51:00.000,18.1993
2025-07-04T07:52:00.000,18.2773
2025-07-04T07:53:00.000,18.3935
2025-07-04T07:54:00.000,18.5808
2025-07-04T07:55:00.000,18.7900
2025-07-04T07:56:00.000,18.9991
2025-07-04T07:57:00.000,19.2124
2025-07-04T07:58:00.000,19.4475
2025-07-04T07:59:00.000,19.6471
2025-07-04T08:00:00.000,19.7524
2025-07-04T08:01:00.000,19.8029
2025-07-04T08:02:00.000,19.8713
2025-07-04T08:03:00.000,19.9916
2025-07-04T08:04:00.000,20.1448
2025-07-04T08:05:00.000,20.2871
2025-07-04T08:06:00.000,20.4280
2025-07-04T08:07:00.000,20.5539
2025-07-04T08:08:00.000,20.6620
2025-07-04T08:09:00.000,20.7729
2025-07-04T08:10:00.000,20.9289
2025-07-04T08:11:00.000,21.1029
2025-07-04T08:12:00.000,21.2207
2025-07-04T08:13:00.000,21.3235
2025-07-04T08:14:00.000,21.3865
2025-07-04T08:15:00.000,21.4304
2025-07-04T08:16:00.000,21.4290
2025-07-04T08:17:00.000,21.3742
2025-07-04T08:18:00.000,21.2440
2025-07-04T08:19:00.000,21.0755
2025-07-04T08:20:00.000,20.9043
2025-07-04T08:21:00.000,20.7633
2025-07-04T08:22:00.000,20.6593
2025-07-04T08:23:00.000,20.5867
2025-07-04T08:24:00.000,20.5156
2025-07-04T08:25:00.000,20.4047
2025-07-04T08:26:00.000,20.3377
2025-07-04T08:27:00.000,20.2843
2025-07-04T08:28:00.000,20.2488
2025-07-04T08:29:00.000,20.2187
2025-07-04T08:30:00.000,20.1804
2025-07-04T08:31:00.000,20.1202
2025-07-04T08:32:00.000,20.0641
2025-07-04T08:33:00.000,20.0327
2025-07-04T08:34:00.000,20.0286
2025-07-04T08:35:00.000,20.0491
2025-07-04T08:36:00.000,20.0915
2025-07-04T08:37:00.000,20.1599
2025-07-04T08:38:00.000,20.2912
2025-07-04T08:39:00.000,20.4430
2025-07-04T08:40:00.000,20.5840
2025-07-04T08:41:00.000,20.7167
2025-07-04T08:42:00.000,20.8358
2025-07-04T08:43:00.000,20.9536
2025-07-04T08:44:00.000,21.0906
2025-07-04T08:45:00.000,21.2399
2025-07-04T08:46:00.000,21.3783
2025-07-04T08:47:00.000,21.5140
2025-07-04T08:48:00.000,21.6662
2025-07-04T08:49:00.000,21.7760
2025-07-04T08:50:00.000,21.8542
2025-07-04T08:51:00.000,21.9338
2025-07-04T08:52:00.000,22.0052
2025-07-04T08:53:00.000,22.0285
2025-07-04T08:54:00.000,22.0313
2025-07-04T08:55:00.000,22.0024
2025-07-04T08:56:00.000,21.9475
2025-07-04T08:57:00.000,21.8995
2025-07-04T08:58:00.000,21.9063
2025-07-04T08:59:00.000,21.9489
2025-07-04T09:00:00.000,22.0010
2025-07-04T09:01:00.000,21.9750
2025-07-04T09:02:00.000,21.7787
2025-07-04T09:03:00.000,21.4386
2025-07-04T09:04:00.000,21.0933
2025-07-04T09:05:00.000,20.8427
2025-07-04T09:06:00.000,20.6907
2025-07-04T09:07:00.000,20.6045
2025-07-04T09:08:00.000,20.6346
2025-07-04T09:09:00.000,20.6374
2025-07-04T09:10:00.000,20.4745
2025-07-04T09:11:00.000,20.2761
2025-07-04T09:12:00.000,20.2556
2025-07-04T09:13:00.000,20.4485
2025-07-04T09:14:00.000,20.7414
2025-07-04T09:15:00.000,21.0618
2025-07-04T09:16:00.000,21.3865
2025-07-04T09:17:00.000,21.6443
2025-07-04T09:18:00.000,21.7938
2025-07-04T09:19:00.000,21.8459
2025-07-04T09:20:00.000,21.8212
2025-07-04T09:21:00.000,21.6470
2025-07-04T09:22:00.000,21.3276
2025-07-04T09:23:00.000,21.0727
2025-07-04T09:24:00.000,21.0755
2025-07-04T09:25:00.000,21.3372
2025-07-04T09:26:00.000,21.6868
2025-07-04T09:27:00.000,22.0793
2025-07-04T09:28:00.000,22.4833
2025-07-04T09:29:00.000,22.8603
2025-07-04T09:30:00.000,23.1992
2025-07-04T09:31:00.000,23.4572
2025-07-04T09:32:00.000,23.6713
2025-07-04T09:33:00.000,23.8482
2025-07-04T09:34:00.000,24.0059
2025-07-04T09:35:00.000,24.0585
2025-07-04T09:36:00.000,24.0405
2025-07-04T09:37:00.000,23.9796
2025-07-04T09:38:00.000,23.9616
2025-07-04T09:39:00.000,23.9657
2025-07-04T09:40:00.000,23.9215
2025-07-04T09:41:00.000,23.9298
2025-07-04T09:42:00.000,24.0100
2025-07-04T09:43:00.000,24.1374
2025-07-04T09:44:00.000,24.3577
2025-07-04T09:45:00.000,24.6087
2025-07-04T09:46:00.000,24.8046
2025-07-04T09:47:00.000,24.9881
2025-07-04T09:48:00.000,25.1844
2025-07-04T09:49:00.000,25.4143
2025-07-04T09:50:00.000,25.6307
2025-07-04T09:51:00.000,25.8110
2025-07-04T09:52:00.000,25.9747
2025-07-04T09:53:00.000,26.1329
2025-07-04T09:54:00.000,26.3208
2025-07-04T09:55:00.000,26.5273
2025-07-04T09:56:00.000,26.7016
2025-07-04T09:57:00.000,26.8889
2025-07-04T09:58:00.000,27.0370
2025-07-04T09:59:00.000,27.1725
2025-07-04T10:00:00.000,27.2007
2025-07-04T10:01:00.000,27.2177
2025-07-04T10:02:00.000,27.2558
2025-07-04T10:03:00.000,27.2431
2025-07-04T10:04:00.000,27.2346
2025-07-04T10:05:00.000,27.1739
2025-07-04T10:06:00.000,27.0694
2025-07-04T10:07:00.000,26.9171
2025-07-04T10:08:00.000,26.7213
2025-07-04T10:09:00.000,26.5259
2025-07-04T10:10:00.000,26.3040
2025-07-04T10:11:00.000,26.1189
2025-07-04T10:12:00.000,25.9845
2025-07-04T10:13:00.000,25.8879
2025-07-04T10:14:00.000,25.8263
2025-07-04T10:15:00.000,25.8375
2025-07-04T10:16:00.000,25.8459
2025-07-04T10:17:00.000,25.7984
2025-07-04T10:18:00.000,25.6796
2025-07-04T10:19:00.000,25.5706
2025-07-04T10:20:00.000,25.4715
2025-07-04T10:21:00.000,25.3976
2025-07-04T10:22:00.000,25.3572
2025-07-04T10:23:00.000,25.3474
2025-07-04T10:24:00.000,25.2749
2025-07-04T10:25:00.000,25.1510
2025-07-04T10:26:00.000,25.0953
2025-07-04T10:27:00.000,25.1496
2025-07-04T10:28:00.000,25.2415
2025-07-04T10:29:00.000,25.3363
2025-07-04T10:30:00.000,25.4269
2025-07-04T10:31:00.000,25.5218
2025-07-04T10:32:00.000,25.5972
2025-07-04T10:33:00.000,25.6097
2025-07-04T10:34:00.000,25.6111
2025-07-04T10:35:00.000,25.5050
2025-07-04T10:36:00.000,25.3753
2025-07-04T10:37:00.000,25.3153
2025-07-04T10:38:00.000,25.2805
2025-07-04T10:39:00.000,25.3084
2025-07-04T10:40:00.000,25.3488
2025-07-04T10:41:00.000,25.1872
2025-07-04T10:42:00.000,25.0368
2025-07-04T10:43:00.000,24.8949
2025-07-04T10:44:00.000,24.7323
2025-07-04T10:45:00.000,24.5366
2025-07-04T10:46:00.000,24.2911
2025-07-04T10:47:00.000,24.0363
2025-07-04T10:48:00.000,23.7542
2025-07-04T10:49:00.000,23.5179
2025-07-04T10:50:00.000,23.4669
2025-07-04T10:51:00.000,23.4862
2025-07-04T10:52:00.000,23.4862
2025-07-04T10:53:00.000,23.4862
2025-07-04T10:54:00.000,23.5594
2025-07-04T10:55:00.000,23.7168
2025-07-04T10:56:00.000,23.9007
2025-07-04T10:57:00.000,24.1027
2025-07-04T10:58:00.000,24.2662
2025-07-04T10:59:00.000,24.3701
2025-07-04T11:00:00.000,24.4991
2025-07-04T11:01:00.000,24.6046
2025-07-04T11:02:00.000,24.7212
2025-07-04T11:03:00.000,24.7198
2025-07-04T11:04:00.000,24.8213
2025-07-04T11:05:00.000,24.9478
2025-07-04T11:06:00.000,25.1245
2025-07-04T11:07:00.000,25.2903
2025-07-04T11:08:00.000,25.4171
2025-07-04T11:09:00.000,25.5260
2025-07-04T11:10:00.000,25.5664
2025-07-04T11:11:00.000,25.5190
2025-07-04T11:12:00.000,25.4311
2025-07-04T11:13:00.000,25.3265
2025-07-04T11:14:00.000,25.2429
2025-07-04T11:15:00.000,25.1496
2025-07-04T11:16:00.000,25.0786
2025-07-04T11:17:00.000,25.0257
2025-07-04T11:18:00.000,24.9645
2025-07-04T11:19:00.000,24.9853
2025-07-04T11:20:00.000,25.0424
2025-07-04T11:21:00.000,25.0855
2025-07-04T11:22:00.000,24.9853
2025-07-04T11:23:00.000,24.8769
2025-07-04T11:24:00.000,24.9394
2025-07-04T11:25:00.000,25.1273
2025-07-04T11:26:00.000,25.3042
2025-07-04T11:27:00.000,25.4241
2025-07-04T11:28:00.000,25.4199
2025-07-04T11:29:00.000,25.3377
2025-07-04T11:30:00.000,25.1008
2025-07-04T11:31:00.000,24.1332
2025-07-04T11:32:00.000,22.8823
2025-07-04T11:33:00.000,21.6388
2025-07-04T11:34:00.000,20.5785
2025-07-04T11:35:00.000,19.8727
2025-07-04T11:36:00.000,19.3600
2025-07-04T11:37:00.000,19.0032
2025-07-04T11:38:00.000,18.6888
2025-07-04T11:39:00.000,18.4619
2025-07-04T11:40:00.000,18.2759
2025-07-04T11:41:00.000,18.0762
2025-07-04T11:42:00.000,18.0557
2025-07-04T11:43:00.000,18.1050
2025-07-04T11:44:00.000,18.1843
2025-07-04T11:45:00.000,18.2704
2025-07-04T11:46:00.000,18.2855
2025-07-04T11:47:00.000,18.2704
2025-07-04T11:48:00.000,18.2841
2025-07-04T11:49:00.000,18.3224
2025-07-04T11:50:00.000,18.3333
2025-07-04T11:51:00.000,18.3388
2025-07-04T11:52:00.000,18.3361
2025-07-04T11:53:00.000,18.3525
2025-07-04T11:54:00.000,18.3265
2025-07-04T11:55:00.000,18.3156
2025-07-04T11:56:00.000,18.3019
2025-07-04T11:57:00.000,18.3074
2025-07-04T11:58:00.000,18.3183
2025-07-04T11:59:00.000,18.3279
2025-07-04T12:00:00.000,18.2814
2025-07-04T12:01:00.000,18.3894
2025-07-04T12:02:00.000,18.5357
2025-07-04T12:03:00.000,18.6027
2025-07-04T12:04:00.000,18.6191
2025-07-04T12:05:00.000,18.5767
2025-07-04T12:06:00.000,18.5371
2025-07-04T12:07:00.000,18.5193
2025-07-04T12:08:00.000,18.5466
2025-07-04T12:09:00.000,18.5576
2025-07-04T12:10:00.000,18.5248
2025-07-04T12:11:00.000,18.4195
2025-07-04T12:12:00.000,18.3320
2025-07-04T12:13:00.000,18.1761
2025-07-04T12:14:00.000,18.0858
2025-07-04T12:15:00.000,17.9313
2025-07-04T12:16:00.000,17.8861
2025-07-04T12:17:00.000,17.7945
2025-07-04T12:18:00.000,17.7260
2025-07-04T12:19:00.000,17.6918
2025-07-04T12:20:00.000,17.6563
2025-07-04T12:21:00.000,17.6248
2025-07-04T12:22:00.000,17.5687
2025-07-04T12:23:00.000,17.5509
2025-07-04T12:24:00.000,17.5180
2025-07-04T12:25:00.000,17.4537
2025-07-04T12:26:00.000,17.5276
2025-07-04T12:27:00.000,17.5331
2025-07-04T12:28:00.000,17.6002
2025-07-04T12:29:00.000,17.6508
2025-07-04T12:30:00.000,17.6617
2025-07-04T12:31:00.000,17.6043
2025-07-04T12:32:00.000,17.5783
2025-07-04T12:33:00.000,17.5714
2025-07-04T12:34:00.000,17.6234
2025-07-04T12:35:00.000,17.6262
2025-07-04T12:36:00.000,17.6809
2025-07-04T12:37:00.000,17.7479
2025-07-04T12:38:00.000,17.7917
2025-07-04T12:39:00.000,17.7780
2025-07-04T12:40:00.000,17.7794
2025-07-04T12:41:00.000,17.7356
2025-07-04T12:42:00.000,17.7096
2025-07-04T12:43:00.000,17.6973
2025-07-04T12:44:00.000,17.6782
2025-07-04T12:45:00.000,17.6918
2025-07-04T12:46:00.000,17.6782
2025-07-04T12:47:00.000,17.6563
2025-07-04T12:48:00.000,17.5933
2025-07-04T12:49:00.000,17.5317
2025-07-04T12:50:00.000,17.4660
2025-07-04T12:51:00.000,17.4291
2025-07-04T12:52:00.000,17.3825
2025-07-04T12:53:00.000,17.3373
2025-07-04T12:54:00.000,17.2963
2025-07-04T12:55:00.000,17.2470
2025-07-04T12:56:00.000,17.2059
2025-07-04T12:57:00.000,17.2086
2025-07-04T12:58:00.000,17.2429
2025-07-04T12:59:00.000,17.2744
2025-07-04T13:00:00.000,17.2908
2025-07-04T13:01:00.000,17.2922
2025-07-04T13:02:00.000,17.2839
2025-07-04T13:03:00.000,17.2798
2025-07-04T13:04:00.000,17.3223
2025-07-04T13:05:00.000,17.3716
2025-07-04T13:06:00.000,17.4140
2025-07-04T13:07:00.000,17.4578
2025-07-04T13:08:00.000,17.4332
2025-07-04T13:09:00.000,17.4181
2025-07-04T13:10:00.000,17.4592
2025-07-04T13:11:00.000,17.4811
2025-07-04T13:12:00.000,17.4619
2025-07-04T13:13:00.000,17.4072
2025-07-04T13:14:00.000,17.3373
2025-07-04T13:15:00.000,17.2839
2025-07-04T13:16:00.000,17.2196
2025-07-04T13:17:00.000,17.1840
2025-07-04T13:18:00.000,17.1580
2025-07-04T13:19:00.000,17.1456
2025-07-04T13:20:00.000,17.1374
2025-07-04T13:21:00.000,17.1141
2025-07-04T13:22:00.000,17.0936
2025-07-04T13:23:00.000,17.0648
2025-07-04T13:24:00.000,17.0580
2025-07-04T13:25:00.000,17.0388
2025-07-04T13:26:00.000,17.0484
2025-07-04T13:27:00.000,17.0511
2025-07-04T13:28:00.000,17.0703
2025-07-04T13:29:00.000,17.0703
2025-07-04T13:30:00.000,17.0511
2025-07-04T13:31:00.000,17.0374
2025-07-04T13:32:00.000,17.0347
2025-07-04T13:33:00.000,17.0169
2025-07-04T13:34:00.000,16.9977
2025-07-04T13:35:00.000,16.9922
2025-07-04T13:36:00.000,16.9730
2025-07-04T13:37:00.000,16.9470
2025-07-04T13:38:00.000,16.9333
2025-07-04T13:39:00.000,16.9292
2025-07-04T13:40:00.000,16.9168
2025-07-04T13:41:00.000,16.9059
2025-07-04T13:42:00.000,16.8894
2025-07-04T13:43:00.000,16.8703
2025-07-04T13:44:00.000,16.8552
2025-07-04T13:45:00.000,16.8387
2025-07-04T13:46:00.000,16.8305
2025-07-04T13:47:00.000,16.8223
2025-07-04T13:48:00.000,16.8113
2025-07-04T13:49:00.000,16.8031
2025-07-04T13:50:00.000,16.7908
2025-07-04T13:51:00.000,16.7784
2025-07-04T13:52:00.000,16.7579
2025-07-04T13:53:00.000,16.7263
2025-07-04T13:54:00.000,16.6893
2025-07-04T13:55:00.000,16.6523
2025-07-04T13:56:00.000,16.6317
2025-07-04T13:57:00.000,16.6166
2025-07-04T13:58:00.000,16.6043
2025-07-04T13:59:00.000,16.6016
2025-07-04T14:00:00.000,16.5920
2025-07-04T14:01:00.000,16.5837
2025-07-04T14:02:00.000,16.5618
2025-07-04T14:03:00.000,16.5316
2025-07-04T14:04:00.000,16.5042
2025-07-04T14:05:00.000,16.4781
2025-07-04T14:06:00.000,16.4507
2025-07-04T14:07:00.000,16.4232
2025-07-04T14:08:00.000,16.4191
2025-07-04T14:09:00.000,16.4383
2025-07-04T14:10:00.000,16.4520
2025-07-04T14:11:00.000,16.4548
2025-07-04T14:12:00.000,16.4589
2025-07-04T14:13:00.000,16.4589
2025-07-04T14:14:00.000,16.4575
2025-07-04T14:15:00.000,16.4740
2025-07-04T14:16:00.000,16.4534
2025-07-04T14:17:00.000,16.4342
2025-07-04T14:18:00.000,16.4232
2025-07-04T14:19:00.000,16.4109
2025-07-04T14:20:00.000,16.4095
2025-07-04T14:21:00.000,16.4109
2025-07-04T14:22:00.000,16.4177
2025-07-04T14:23:00.000,16.4260
2025-07-04T14:24:00.000,16.4397
2025-07-04T14:25:00.000,16.4466
2025-07-04T14:26:00.000,16.4493
2025-07-04T14:27:00.000,16.4370
2025-07-04T14:28:00.000,16.4287
2025-07-04T14:29:00.000,16.4191
2025-07-04T14:30:00.000,16.4123
2025-07-04T14:31:00.000,16.4095
2025-07-04T14:32:00.000,16.4040
2025-07-04T14:33:00.000,16.4027
2025-07-04T14:34:00.000,16.4068
2025-07-04T14:35:00.000,16.4109
2025-07-04T14:36:00.000,16.4068
2025-07-04T14:37:00.000,16.4040
2025-07-04T14:38:00.000,16.4095
2025-07-04T14:39:00.000,16.4109
2025-07-04T14:40:00.000,16.4123
2025-07-04T14:41:00.000,16.4054
2025-07-04T14:42:00.000,16.4013
2025-07-04T14:43:00.000,16.4027
2025-07-04T14:44:00.000,16.4013
2025-07-04T14:45:00.000,16.3985
2025-07-04T14:46:00.000,16.3930
2025-07-04T14:47:00.000,16.3876
2025-07-04T14:48:00.000,16.3752
2025-07-04T14:49:00.000,16.3464
2025-07-04T14:50:00.000,16.3189
2025-07-04T14:51:00.000,16.3025
2025-07-04T14:52:00.000,16.3519
2025-07-04T14:53:00.000,16.3505
2025-07-04T14:54:00.000,16.4383
2025-07-04T14:55:00.000,16.5824
2025-07-04T14:56:00.000,16.7044
2025-07-04T14:57:00.000,16.7496
2025-07-04T14:58:00.000,16.7743
2025-07-04T14:59:00.000,16.7990
2025-07-04T15:00:00.000,16.8141
2025-07-04T15:01:00.000,16.8058
2025-07-04T15:02:00.000,16.7784
2025-07-04T15:03:00.000,16.8716
2025-07-04T15:04:00.000,16.8881
2025-07-04T15:05:00.000,16.9155
2025-07-04T15:06:00.000,16.9388
2025-07-04T15:07:00.000,16.9292
2025-07-04T15:08:00.000,16.8935
2025-07-04T15:09:00.000,16.8881
2025-07-04T15:10:00.000,16.8237
2025-07-04T15:11:00.000,16.7551
2025-07-04T15:12:00.000,16.6825
2025-07-04T15:13:00.000,16.5988
2025-07-04T15:14:00.000,16.5316
2025-07-04T15:15:00.000,16.4767
2025-07-04T15:16:00.000,16.4356
2025-07-04T15:17:00.000,16.4054
2025-07-04T15:18:00.000,16.3848
2025-07-04T15:19:00.000,16.3615
2025-07-04T15:20:00.000,16.3368
2025-07-04T15:21:00.000,16.2997
2025-07-04T15:22:00.000,16.2654
2025-07-04T15:23:00.000,16.2736
2025-07-04T15:24:00.000,16.3052
2025-07-04T15:25:00.000,16.4479
2025-07-04T15:26:00.000,16.6070
2025-07-04T15:27:00.000,16.7167
2025-07-04T15:28:00.000,16.7126
2025-07-04T15:29:00.000,16.6399
2025-07-04T15:30:00.000,16.5494
2025-07-04T15:31:00.000,16.4644
2025-07-04T15:32:00.000,16.3752
2025-07-04T15:33:00.000,16.3066
2025-07-04T15:34:00.000,16.2448
2025-07-04T15:35:00.000,16.1981
2025-07-04T15:36:00.000,16.1679
2025-07-04T15:37:00.000,16.1981
2025-07-04T15:38:00.000,16.2819
2025-07-04T15:39:00.000,16.3972
2025-07-04T15:40:00.000,16.5028
2025-07-04T15:41:00.000,16.5947
2025-07-04T15:42:00.000,16.6441
2025-07-04T15:43:00.000,16.7346
2025-07-04T15:44:00.000,16.8483
2025-07-04T15:45:00.000,16.9662
2025-07-04T15:46:00.000,17.0525
2025-07-04T15:47:00.000,17.1100
2025-07-04T15:48:00.000,17.1415
2025-07-04T15:49:00.000,17.1593
2025-07-04T15:50:00.000,17.1634
2025-07-04T15:51:00.000,17.1689
2025-07-04T15:52:00.000,17.1703
2025-07-04T15:53:00.000,17.1703
2025-07-04T15:54:00.000,17.1675
2025-07-04T15:55:00.000,17.1580
2025-07-04T15:56:00.000,17.1402
2025-07-04T15:57:00.000,17.1169
2025-07-04T15:58:00.000,17.0977
2025-07-04T15:59:00.000,17.0813
2025-07-04T16:00:00.000,17.0621
2025-07-04T16:01:00.000,17.0634
2025-07-04T16:02:00.000,17.0552
2025-07-04T16:03:00.000,17.0470
2025-07-04T16:04:00.000,17.0415
2025-07-04T16:05:00.000,17.0347
2025-07-04T16:06:00.000,17.0292
2025-07-04T16:07:00.000,17.0278
2025-07-04T16:08:00.000,17.0306
2025-07-04T16:09:00.000,17.0251
2025-07-04T16:10:00.000,17.0237
2025-07-04T16:11:00.000,17.0265
2025-07-04T16:12:00.000,17.0306
2025-07-04T16:13:00.000,17.0388
2025-07-04T16:14:00.000,17.0470
2025-07-04T16:15:00.000,17.0484
2025-07-04T16:16:00.000,17.0525
2025-07-04T16:17:00.000,17.0662
2025-07-04T16:18:00.000,17.0826
2025-07-04T16:19:00.000,17.0922
2025-07-04T16:20:00.000,17.0936
2025-07-04T16:21:00.000,17.1032
2025-07-04T16:22:00.000,17.1128
2025-07-04T16:23:00.000,17.1004
2025-07-04T16:24:00.000,17.0908
2025-07-04T16:25:00.000,17.0813
2025-07-04T16:26:00.000,17.0730
2025-07-04T16:27:00.000,17.0744
2025-07-04T16:28:00.000,17.0840
2025-07-04T16:29:00.000,17.1004
2025-07-04T16:30:00.000,17.1251
2025-07-04T16:31:00.000,17.1552
2025-07-04T16:32:00.000,17.1771
2025-07-04T16:33:00.000,17.1936
2025-07-04T16:34:00.000,17.2045
2025-07-04T16:35:00.000,17.2155
2025-07-04T16:36:00.000,17.2141
2025-07-04T16:37:00.000,17.2100
2025-07-04T16:38:00.000,17.2086
2025-07-04T16:39:00.000,17.2168
2025-07-04T16:40:00.000,17.2360
2025-07-04T16:41:00.000,17.2538
2025-07-04T16:42:00.000,17.2703
2025-07-04T16:43:00.000,17.2661
2025-07-04T16:44:00.000,17.2552
2025-07-04T16:45:00.000,17.2593
2025-07-04T16:46:00.000,17.2593
2025-07-04T16:47:00.000,17.2566
2025-07-04T16:48:00.000,17.2483
2025-07-04T16:49:00.000,17.2429
2025-07-04T16:50:00.000,17.2415
2025-07-04T16:51:00.000,17.2168
2025-07-04T16:52:00.000,17.1867
2025-07-04T16:53:00.000,17.1319
2025-07-04T16:54:00.000,17.0511
2025-07-04T16:55:00.000,16.9867
2025-07-04T16:56:00.000,16.9401
2025-07-04T16:57:00.000,16.8977
2025-07-04T16:58:00.000,16.9141
2025-07-04T16:59:00.000,16.9442
2025-07-04T17:00:00.000,16.9730
2025-07-04T17:01:00.000,17.0223
2025-07-04T17:02:00.000,17.0347
2025-07-04T17:03:00.000,17.0374
2025-07-04T17:04:00.000,17.0388
2025-07-04T17:05:00.000,17.0443
2025-07-04T17:06:00.000,17.0621
2025-07-04T17:07:00.000,17.0676
2025-07-04T17:08:00.000,17.0744
2025-07-04T17:09:00.000,17.0977
2025-07-04T17:10:00.000,17.1155
2025-07-04T17:11:00.000,17.1237
2025-07-04T17:12:00.000,17.1333
2025-07-04T17:13:00.000,17.1443
2025-07-04T17:14:00.000,17.1470
2025-07-04T17:15:00.000,17.1443
2025-07-04T17:16:00.000,17.1374
2025-07-04T17:17:00.000,17.1306
2025-07-04T17:18:00.000,17.1347
2025-07-04T17:19:00.000,17.1333
2025-07-04T17:20:00.000,17.1251
2025-07-04T17:21:00.000,17.1169
2025-07-04T17:22:00.000,17.1237
2025-07-04T17:23:00.000,17.1278
2025-07-04T17:24:00.000,17.1456
2025-07-04T17:25:00.000,17.1607
2025-07-04T17:26:00.000,17.1730
2025-07-04T17:27:00.000,17.1744
2025-07-04T17:28:00.000,17.1648
2025-07-04T17:29:00.000,17.1648
2025-07-04T17:30:00.000,17.1689
2025-07-04T17:31:00.000,17.1580
2025-07-04T17:32:00.000,17.1388
2025-07-04T17:33:00.000,17.1223
2025-07-04T17:34:00.000,17.0908
2025-07-04T17:35:00.000,16.9977
2025-07-04T17:36:00.000,16.8990
2025-07-04T17:37:00.000,16.8086
2025-07-04T17:38:00.000,16.7154
2025-07-04T17:39:00.000,16.6180
2025-07-04T17:40:00.000,16.5440
2025-07-04T17:41:00.000,16.4973
2025-07-04T17:42:00.000,16.4589
2025-07-04T17:43:00.000,16.4287
2025-07-04T17:44:00.000,16.4081
2025-07-04T17:45:00.000,16.3985
2025-07-04T17:46:00.000,16.3917
2025-07-04T17:47:00.000,16.3985
2025-07-04T17:48:00.000,16.3917
2025-07-04T17:49:00.000,16.3793
2025-07-04T17:50:00.000,16.3601
2025-07-04T17:51:00.000,16.3546
2025-07-04T17:52:00.000,16.3450
2025-07-04T17:53:00.000,16.3697
2025-07-04T17:54:00.000,16.4603
2025-07-04T17:55:00.000,16.5618
2025-07-04T17:56:00.000,16.6399
2025-07-04T17:57:00.000,16.6372
2025-07-04T17:58:00.000,16.5755
2025-07-04T17:59:00.000,16.5247
2025-07-04T18:00:00.000,16.5206
2025-07-04T18:01:00.000,16.5590
2025-07-04T18:02:00.000,16.6399
2025-07-04T18:03:00.000,16.7195
2025-07-04T18:04:00.000,16.7551
2025-07-04T18:05:00.000,16.7798
2025-07-04T18:06:00.000,16.7729
2025-07-04T18:07:00.000,16.7839
2025-07-04T18:08:00.000,16.8483
2025-07-04T18:09:00.000,16.9210
2025-07-04T18:10:00.000,16.9799
2025-07-04T18:11:00.000,16.9812
2025-07-04T18:12:00.000,16.9415
2025-07-04T18:13:00.000,16.9305
2025-07-04T18:14:00.000,16.9264
2025-07-04T18:15:00.000,16.8990
2025-07-04T18:16:00.000,16.8990
2025-07-04T18:17:00.000,16.9086
2025-07-04T18:18:00.000,16.8949
2025-07-04T18:19:00.000,16.8470
2025-07-04T18:20:00.000,16.7565
2025-07-04T18:21:00.000,16.6441
2025-07-04T18:22:00.000,16.5604
2025-07-04T18:23:00.000,16.5055
2025-07-04T18:24:00.000,16.4424
2025-07-04T18:25:00.000,16.3862
2025-07-04T18:26:00.000,16.3505
2025-07-04T18:27:00.000,16.3587
2025-07-04T18:28:00.000,16.3656
2025-07-04T18:29:00.000,16.3944
2025-07-04T18:30:00.000,16.4479
2025-07-04T18:31:00.000,16.4466
2025-07-04T18:32:00.000,16.4836
2025-07-04T18:33:00.000,16.4822
2025-07-04T18:34:00.000,16.4424
2025-07-04T18:35:00.000,16.3780
2025-07-04T18:36:00.000,16.3464
2025-07-04T18:37:00.000,16.3656
2025-07-04T18:38:00.000,16.4589
2025-07-04T18:39:00.000,16.5577
2025-07-04T18:40:00.000,16.6208
2025-07-04T18:41:00.000,16.6646
2025-07-04T18:42:00.000,16.6399
2025-07-04T18:43:00.000,16.5700
2025-07-04T18:44:00.000,16.5494
2025-07-04T18:45:00.000,16.5110
2025-07-04T18:46:00.000,16.4520
2025-07-04T18:47:00.000,16.3999
2025-07-04T18:48:00.000,16.3478
2025-07-04T18:49:00.000,16.3107
2025-07-04T18:50:00.000,16.2887
2025-07-04T18:51:00.000,16.2585
2025-07-04T18:52:00.000,16.2242
2025-07-04T18:53:00.000,16.1885
2025-07-04T18:54:00.000,16.1570
2025-07-04T18:55:00.000,16.1240
2025-07-04T18:56:00.000,16.0910
2025-07-04T18:57:00.000,16.0608
2025-07-04T18:58:00.000,16.0375
2025-07-04T18:59:00.000,16.0182
2025-07-04T19:00:00.000,16.0018
2025-07-04T19:01:00.000,15.9935
2025-07-04T19:02:00.000,15.9921
2025-07-04T19:03:00.000,15.9976
2025-07-04T19:04:00.000,16.0031
2025-07-04T19:05:00.000,16.0059
2025-07-04T19:06:00.000,16.0059
2025-07-04T19:07:00.000,16.0018
2025-07-04T19:08:00.000,16.0004
2025-07-04T19:09:00.000,16.0018
2025-07-04T19:10:00.000,16.0045
2025-07-04T19:11:00.000,16.0141
2025-07-04T19:12:00.000,16.0457
2025-07-04T19:13:00.000,16.0979
2025-07-04T19:14:00.000,16.1336
2025-07-04T19:15:00.000,16.1872
2025-07-04T19:16:00.000,16.2462
2025-07-04T19:17:00.000,16.3080
2025-07-04T19:18:00.000,16.3546
2025-07-04T19:19:00.000,16.3683
2025-07-04T19:20:00.000,16.3697
2025-07-04T19:21:00.000,16.3327
2025-07-04T19:22:00.000,16.2791
2025-07-04T19:23:00.000,16.2434
2025-07-04T19:24:00.000,16.2242
2025-07-04T19:25:00.000,16.2146
2025-07-04T19:26:00.000,16.1940
2025-07-04T19:27:00.000,16.1638
2025-07-04T19:28:00.000,16.1226
2025-07-04T19:29:00.000,16.0787
2025-07-04T19:30:00.000,16.0347
2025-07-04T19:31:00.000,15.9908
2025-07-04T19:32:00.000,15.9495
2025-07-04T19:33:00.000,15.9124
2025-07-04T19:34:00.000,15.8808
2025-07-04T19:35:00.000,15.8671
2025-07-04T19:36:00.000,15.8616
2025-07-04T19:37:00.000,15.8547
2025-07-04T19:38:00.000,15.8465
2025-07-04T19:39:00.000,15.8369
2025-07-04T19:40:00.000,15.8259
2025-07-04T19:41:00.000,15.8162
2025-07-04T19:42:00.000,15.8080
2025-07-04T19:43:00.000,15.7942
2025-07-04T19:44:00.000,15.7874
2025-07-04T19:45:00.000,15.7874
2025-07-04T19:46:00.000,15.7874
2025-07-04T19:47:00.000,15.8245
2025-07-04T19:48:00.000,15.8685
2025-07-04T19:49:00.000,15.8740
2025-07-04T19:50:00.000,15.8808
2025-07-04T19:51:00.000,15.8850
2025-07-04T19:52:00.000,15.8753
2025-07-04T19:53:00.000,15.8698
2025-07-04T19:54:00.000,15.8726
2025-07-04T19:55:00.000,15.8850
2025-07-04T19:56:00.000,15.8960
2025-07-04T19:57:00.000,15.9179
2025-07-04T19:58:00.000,15.9660
2025-07-04T19:59:00.000,15.9880
2025-07-04T20:00:00.000,16.0320
2025-07-04T20:01:00.000,16.0567
2025-07-04T20:02:00.000,16.0553
2025-07-04T20:03:00.000,16.0526
2025-07-04T20:04:00.000,16.0581
2025-07-04T20:05:00.000,16.0540
2025-07-04T20:06:00.000,16.0388
2025-07-04T20:07:00.000,16.0718
2025-07-04T20:08:00.000,16.1267
2025-07-04T20:09:00.000,16.1693
2025-07-04T20:10:00.000,16.2146
2025-07-04T20:11:00.000,16.2613
2025-07-04T20:12:00.000,16.2874
2025-07-04T20:13:00.000,16.2956
2025-07-04T20:14:00.000,16.2874
2025-07-04T20:15:00.000,16.2599
2025-07-04T20:16:00.000,16.2407
2025-07-04T20:17:00.000,16.2229
2025-07-04T20:18:00.000,16.2352
2025-07-04T20:19:00.000,16.2503
2025-07-04T20:20:00.000,16.2366
2025-07-04T20:21:00.000,16.1693
2025-07-04T20:22:00.000,16.1007
2025-07-04T20:23:00.000,16.0540
2025-07-04T20:24:00.000,16.0100
2025-07-04T20:25:00.000,15.9578
2025-07-04T20:26:00.000,15.9070
2025-07-04T20:27:00.000,15.8602
2025-07-04T20:28:00.000,15.8190
2025-07-04T20:29:00.000,15.7846
2025-07-04T20:30:00.000,15.7599
2025-07-04T20:31:00.000,15.7489
2025-07-04T20:32:00.000,15.7530
2025-07-04T20:33:00.000,15.7502
2025-07-04T20:34:00.000,15.7379
2025-07-04T20:35:00.000,15.7241
2025-07-04T20:36:00.000,15.7117
2025-07-04T20:37:00.000,15.6994
2025-07-04T20:38:00.000,15.6897
2025-07-04T20:39:00.000,15.6829
2025-07-04T20:40:00.000,15.6760
2025-07-04T20:41:00.000,15.6719
2025-07-04T20:42:00.000,15.6691
2025-07-04T20:43:00.000,15.6650
2025-07-04T20:44:00.000,15.6609
2025-07-04T20:45:00.000,15.6567
2025-07-04T20:46:00.000,15.6540
2025-07-04T20:47:00.000,15.6512
2025-07-04T20:48:00.000,15.6471
2025-07-04T20:49:00.000,15.6444
2025-07-04T20:50:00.000,15.6457
2025-07-04T20:51:00.000,15.6416
2025-07-04T20:52:00.000,15.6389
2025-07-04T20:53:00.000,15.6375
2025-07-04T20:54:00.000,15.6361
2025-07-04T20:55:00.000,15.6347
2025-07-04T20:56:00.000,15.6334
2025-07-04T20:57:00.000,15.6306
2025-07-04T20:58:00.000,15.6292
2025-07-04T20:59:00.000,15.6279
2025-07-04T21:00:00.000,15.6265
2025-07-04T21:01:00.000,15.6251
2025-07-04T21:02:00.000,15.6251
2025-07-04T21:03:00.000,15.6237
2025-07-04T21:04:00.000,15.6223
2025-07-04T21:05:00.000,15.6210
2025-07-04T21:06:00.000,15.6196
2025-07-04T21:07:00.000,15.6223
2025-07-04T21:08:00.000,15.6210
2025-07-04T21:09:00.000,15.6182
2025-07-04T21:10:00.000,15.6182
2025-07-04T21:11:00.000,15.6168
2025-07-04T21:12:00.000,15.6168
2025-07-04T21:13:00.000,15.6168
2025-07-04T21:14:00.000,15.6155
2025-07-04T21:15:00.000,15.6155
2025-07-04T21:16:00.000,15.6141
2025-07-04T21:17:00.000,15.6141
2025-07-04T21:18:00.000,15.6127
2025-07-04T21:19:00.000,15.6100
2025-07-04T21:20:00.000,15.6086
2025-07-04T21:21:00.000,15.6072
2025-07-04T21:22:00.000,15.6045
2025-07-04T21:23:00.000,15.6017
2025-07-04T21:24:00.000,15.6031
2025-07-04T21:25:00.000,15.6003
2025-07-04T21:26:00.000,15.5976
2025-07-04T21:27:00.000,15.5935
2025-07-04T21:28:00.000,15.5921
2025-07-04T21:29:00.000,15.5893
2025-07-04T21:30:00.000,15.5866
2025-07-04T21:31:00.000,15.5852
2025-07-04T21:32:00.000,15.5825
2025-07-04T21:33:00.000,15.5811
2025-07-04T21:34:00.000,15.5811
2025-07-04T21:35:00.000,15.5797
2025-07-04T21:36:00.000,15.5797
2025-07-04T21:37:00.000,15.5797
2025-07-04T21:38:00.000,15.5797
2025-07-04T21:39:00.000,15.5797
2025-07-04T21:40:00.000,15.5797
2025-07-04T21:41:00.000,15.5838
2025-07-04T21:42:00.000,15.5838
2025-07-04T21:43:00.000,15.5838
2025-07-04T21:44:00.000,15.5838
2025-07-04T21:45:00.000,15.5838
2025-07-04T21:46:00.000,15.5838
2025-07-04T21:47:00.000,15.5838
2025-07-04T21:48:00.000,15.5838
2025-07-04T21:49:00.000,15.5838
2025-07-04T21:50:00.000,15.5838
2025-07-04T21:51:00.000,15.5838
2025-07-04T21:52:00.000,15.5838
2025-07-04T21:53:00.000,15.5825
2025-07-04T21:54:00.000,15.5825
2025-07-04T21:55:00.000,15.5811
2025-07-04T21:56:00.000,15.5811
2025-07-04T21:57:00.000,15.5797
2025-07-04T21:58:00.000,15.5825
2025-07-04T21:59:00.000,15.5811
2025-07-04T22:00:00.000,15.5783
2025-07-04T22:01:00.000,15.5742
2025-07-04T22:02:00.000,15.5714
2025-07-04T22:03:00.000,15.5701
2025-07-04T22:04:00.000,15.5687
2025-07-04T22:05:00.000,15.5673
2025-07-04T22:06:00.000,15.5659
2025-07-04T22:07:00.000,15.5632
2025-07-04T22:08:00.000,15.5604
2025-07-04T22:09:00.000,15.5563
2025-07-04T22:10:00.000,15.5522
2025-07-04T22:11:00.000,15.5467
2025-07-04T22:12:00.000,15.5384
2025-07-04T22:13:00.000,15.5288
2025-07-04T22:14:00.000,15.5178
2025-07-04T22:15:00.000,15.5137
2025-07-04T22:16:00.000,15.5040
2025-07-04T22:17:00.000,15.4971
2025-07-04T22:18:00.000,15.4916
2025-07-04T22:19:00.000,15.4861
2025-07-04T22:20:00.000,15.4820
2025-07-04T22:21:00.000,15.4792
2025-07-04T22:22:00.000,15.4751
2025-07-04T22:23:00.000,15.4724
2025-07-04T22:24:00.000,15.4696
2025-07-04T22:25:00.000,15.4669
2025-07-04T22:26:00.000,15.4641
2025-07-04T22:27:00.000,15.4627
2025-07-04T22:28:00.000,15.4627
2025-07-04T22:29:00.000,15.4641
2025-07-04T22:30:00.000,15.4669
2025-07-04T22:31:00.000,15.4682
2025-07-04T22:32:00.000,15.4724
2025-07-04T22:33:00.000,15.4710
2025-07-04T22:34:00.000,15.4696
2025-07-04T22:35:00.000,15.4682
2025-07-04T22:36:00.000,15.4696
2025-07-04T22:37:00.000,15.4710
2025-07-04T22:38:00.000,15.4724
2025-07-04T22:39:00.000,15.4724
2025-07-04T22:40:00.000,15.4737
2025-07-04T22:41:00.000,15.4737
2025-07-04T22:42:00.000,15.4751
2025-07-04T22:43:00.000,15.4765
2025-07-04T22:44:00.000,15.4779
2025-07-04T22:45:00.000,15.4792
2025-07-04T22:46:00.000,15.4806
2025-07-04T22:47:00.000,15.4806
2025-07-04T22:48:00.000,15.4806
2025-07-04T22:49:00.000,15.4834
2025-07-04T22:50:00.000,15.4834
2025-07-04T22:51:00.000,15.4820
2025-07-04T22:52:00.000,15.4820
2025-07-04T22:53:00.000,15.4820
2025-07-04T22:54:00.000,15.4820
2025-07-04T22:55:00.000,15.4820
2025-07-04T22:56:00.000,15.4834
2025-07-04T22:57:00.000,15.4875
2025-07-04T22:58:00.000,15.4903
2025-07-04T22:59:00.000,15.4930
2025-07-04T23:00:00.000,15.4930
2025-07-04T23:01:00.000,15.4944
2025-07-04T23:02:00.000,15.4958
2025-07-04T23:03:00.000,15.4971
2025-07-04T23:04:00.000,15.4985
2025-07-04T23:05:00.000,15.4985
2025-07-04T23:06:00.000,15.5040
2025-07-04T23:07:00.000,15.5054
2025-07-04T23:08:00.000,15.5054
2025-07-04T23:09:00.000,15.5040
2025-07-04T23:10:00.000,15.5026
2025-07-04T23:11:00.000,15.4999
2025-07-04T23:12:00.000,15.4971
2025-07-04T23:13:00.000,15.4958
2025-07-04T23:14:00.000,15.4958
2025-07-04T23:15:00.000,15.4930
2025-07-04T23:16:00.000,15.4903
2025-07-04T23:17:00.000,15.4875
2025-07-04T23:18:00.000,15.4861
2025-07-04T23:19:00.000,15.4834
2025-07-04T23:20:00.000,15.4820
2025-07-04T23:21:00.000,15.4806
2025-07-04T23:22:00.000,15.4792
2025-07-04T23:23:00.000,15.4820
2025-07-04T23:24:00.000,15.4792
2025-07-04T23:25:00.000,15.4765
2025-07-04T23:26:00.000,15.4751
2025-07-04T23:27:00.000,15.4724
2025-07-04T23:28:00.000,15.4696
2025-07-04T23:29:00.000,15.4710
2025-07-04T23:30:00.000,15.4751
2025-07-04T23:31:00.000,15.4792
2025-07-04T23:32:00.000,15.4806
2025-07-04T23:33:00.000,15.4724
2025-07-04T23:34:00.000,15.4600
2025-07-04T23:35:00.000,15.4462
2025-07-04T23:36:00.000,15.4352
2025-07-04T23:37:00.000,15.4256
2025-07-04T23:38:00.000,15.4173
2025-07-04T23:39:00.000,15.4104
2025-07-04T23:40:00.000,15.4104
2025-07-04T23:41:00.000,15.4035
2025-07-04T23:42:00.000,15.3994
2025-07-04T23:43:00.000,15.3953
2025-07-04T23:44:00.000,15.3898
2025-07-04T23:45:00.000,15.3856
2025-07-04T23:46:00.000,15.3801
2025-07-04T23:47:00.000,15.3774
2025-07-04T23:48:00.000,15.3719
2025-07-04T23:49:00.000,15.3512
2025-07-04T23:50:00.000,15.3292
2025-07-04T23:51:00.000,15.3182
2025-07-04T23:52:00.000,15.3003
2025-07-04T23:53:00.000,15.2824
2025-07-04T23:54:00.000,15.2631
2025-07-04T23:55:00.000,15.2438
2025-07-04T23:56:00.000,15.2245
2025-07-04T23:57:00.000,15.2149
2025-07-04T23:58:00.000,15.1983
2025-07-04T23:59:00.000,15.1818
2025-07-05T00:00:00.000,15.1680
2025-07-05T00:01:00.000,15.1556
2025-07-05T00:02:00.000,15.1460
2025-07-05T00:03:00.000,15.1349
2025-07-05T00:04:00.000,15.1253
2025-07-05T00:05:00.000,15.1198
2025-07-05T00:06:00.000,15.1129
2025-07-05T00:07:00.000,15.1060
2025-07-05T00:08:00.000,15.1019
2025-07-05T00:09:00.000,15.0991
2025-07-05T00:10:00.000,15.0977
2025-07-05T00:11:00.000,15.0963
2025-07-05T00:12:00.000,15.0936
2025-07-05T00:13:00.000,15.0908
2025-07-05T00:14:00.000,15.0881
2025-07-05T00:15:00.000,15.0908
2025-07-05T00:16:00.000,15.0839
2025-07-05T00:17:00.000,15.0798
2025-07-05T00:18:00.000,15.0770
2025-07-05T00:19:00.000,15.0757
2025-07-05T00:20:00.000,15.0757
2025-07-05T00:21:00.000,15.0826
2025-07-05T00:22:00.000,15.0826
2025-07-05T00:23:00.000,15.0853
2025-07-05T00:24:00.000,15.0895
2025-07-05T00:25:00.000,15.0963
2025-07-05T00:26:00.000,15.0936
2025-07-05T00:27:00.000,15.0867
2025-07-05T00:28:00.000,15.0881
2025-07-05T00:29:00.000,15.0895
2025-07-05T00:30:00.000,15.0839
2025-07-05T00:31:00.000,15.0826
2025-07-05T00:32:00.000,15.0784
2025-07-05T00:33:00.000,15.0674
2025-07-05T00:34:00.000,15.0605
2025-07-05T00:35:00.000,15.0605
2025-07-05T00:36:00.000,15.0591
2025-07-05T00:37:00.000,15.0550
2025-07-05T00:38:00.000,15.0481
2025-07-05T00:39:00.000,15.0440
2025-07-05T00:40:00.000,15.0412
2025-07-05T00:41:00.000,15.0343
2025-07-05T00:42:00.000,15.0302
2025-07-05T00:43:00.000,15.0260
2025-07-05T00:44:00.000,15.0247
2025-07-05T00:45:00.000,15.0219
2025-07-05T00:46:00.000,15.0191
2025-07-05T00:47:00.000,15.0178
2025-07-05T00:48:00.000,15.0136
2025-07-05T00:49:00.000,15.0150
2025-07-05T00:50:00.000,15.0150
2025-07-05T00:51:00.000,15.0150
2025-07-05T00:52:00.000,15.0122
2025-07-05T00:53:00.000,15.0095
2025-07-05T00:54:00.000,15.0109
2025-07-05T00:55:00.000,15.0136
2025-07-05T00:56:00.000,15.0136
2025-07-05T00:57:00.000,15.0164
2025-07-05T00:58:00.000,15.0205
2025-07-05T00:59:00.000,15.0219
2025-07-05T01:00:00.000,15.0260
2025-07-05T01:01:00.000,15.0329
2025-07-05T01:02:00.000,15.0343
2025-07-05T01:03:00.000,15.0426
2025-07-05T01:04:00.000,15.0467
2025-07-05T01:05:00.000,15.0522
2025-07-05T01:06:00.000,15.0591
2025-07-05T01:07:00.000,15.0646
2025-07-05T01:08:00.000,15.0688
2025-07-05T01:09:00.000,15.0757
2025-07-05T01:10:00.000,15.0812
2025-07-05T01:11:00.000,15.0867
2025-07-05T01:12:00.000,15.0950
2025-07-05T01:13:00.000,15.1032
2025-07-05T01:14:00.000,15.1046
2025-07-05T01:15:00.000,15.1129
2025-07-05T01:16:00.000,15.1212
2025-07-05T01:17:00.000,15.1322
2025-07-05T01:18:00.000,15.1446
2025-07-05T01:19:00.000,15.1529
2025-07-05T01:20:00.000,15.1597
2025-07-05T01:21:00.000,15.1666
2025-07-05T01:22:00.000,15.1721
2025-07-05T01:23:00.000,15.1804
2025-07-05T01:24:00.000,15.1845
2025-07-05T01:25:00.000,15.1887
2025-07-05T01:26:00.000,15.1928
2025-07-05T01:27:00.000,15.1983
2025-07-05T01:28:00.000,15.2025
2025-07-05T01:29:00.000,15.2052
2025-07-05T01:30:00.000,15.2080
2025-07-05T01:31:00.000,15.2149
2025-07-05T01:32:00.000,15.2231
2025-07-05T01:33:00.000,15.2286
2025-07-05T01:34:00.000,15.2300
2025-07-05T01:35:00.000,15.2314
2025-07-05T01:36:00.000,15.2328
2025-07-05T01:37:00.000,15.2355
2025-07-05T01:38:00.000,15.2369
2025-07-05T01:39:00.000,15.2369
2025-07-05T01:40:00.000,15.2397
2025-07-05T01:41:00.000,15.2410
2025-07-05T01:42:00.000,15.2424
2025-07-05T01:43:00.000,15.2465
2025-07-05T01:44:00.000,15.2493
2025-07-05T01:45:00.000,15.2562
2025-07-05T01:46:00.000,15.2603
2025-07-05T01:47:00.000,15.2617
2025-07-05T01:48:00.000,15.2603
2025-07-05T01:49:00.000,15.2589
2025-07-05T01:50:00.000,15.2562
2025-07-05T01:51:00.000,15.2548
2025-07-05T01:52:00.000,15.2562
2025-07-05T01:53:00.000,15.2562
2025-07-05T01:54:00.000,15.2562
2025-07-05T01:55:00.000,15.2548
2025-07-05T01:56:00.000,15.2548
2025-07-05T01:57:00.000,15.2576
2025-07-05T01:58:00.000,15.2576
2025-07-05T01:59:00.000,15.2576
2025-07-05T02:00:00.000,15.2576
2025-07-05T02:01:00.000,15.2576
2025-07-05T02:02:00.000,15.2562
2025-07-05T02:03:00.000,15.2576
2025-07-05T02:04:00.000,15.2576
2025-07-05T02:05:00.000,15.2589
2025-07-05T02:06:00.000,15.2603
2025-07-05T02:07:00.000,15.2603
2025-07-05T02:08:00.000,15.2589
2025-07-05T02:09:00.000,15.2603
2025-07-05T02:10:00.000,15.2603
2025-07-05T02:11:00.000,15.2617
2025-07-05T02:12:00.000,15.2603
2025-07-05T02:13:00.000,15.2589
2025-07-05T02:14:00.000,15.2631
2025-07-05T02:15:00.000,15.2617
2025-07-05T02:16:00.000,15.2603
2025-07-05T02:17:00.000,15.2603
2025-07-05T02:18:00.000,15.2576
2025-07-05T02:19:00.000,15.2562
2025-07-05T02:20:00.000,15.2548
2025-07-05T02:21:00.000,15.2548
2025-07-05T02:22:00.000,15.2534
2025-07-05T02:23:00.000,15.2507
2025-07-05T02:24:00.000,15.2479
2025-07-05T02:25:00.000,15.2479
2025-07-05T02:26:00.000,15.2479
2025-07-05T02:27:00.000,15.2479
2025-07-05T02:28:00.000,15.2479
2025-07-05T02:29:00.000,15.2452
2025-07-05T02:30:00.000,15.2438
2025-07-05T02:31:00.000,15.2479
2025-07-05T02:32:00.000,15.2452
2025-07-05T02:33:00.000,15.2410
2025-07-05T02:34:00.000,15.2355
2025-07-05T02:35:00.000,15.2314
2025-07-05T02:36:00.000,15.2286
2025-07-05T02:37:00.000,15.2259
2025-07-05T02:38:00.000,15.2245
2025-07-05T02:39:00.000,15.2231
2025-07-05T02:40:00.000,15.2231
2025-07-05T02:41:00.000,15.2204
2025-07-05T02:42:00.000,15.2176
2025-07-05T02:43:00.000,15.2176
2025-07-05T02:44:00.000,15.2162
2025-07-05T02:45:00.000,15.2162
2025-07-05T02:46:00.000,15.2162
2025-07-05T02:47:00.000,15.2176
2025-07-05T02:48:00.000,15.2190
2025-07-05T02:49:00.000,15.2162
2025-07-05T02:50:00.000,15.2135
2025-07-05T02:51:00.000,15.2093
2025-07-05T02:52:00.000,15.2052
2025-07-05T02:53:00.000,15.1997
2025-07-05T02:54:00.000,15.1956
2025-07-05T02:55:00.000,15.1901
2025-07-05T02:56:00.000,15.1859
2025-07-05T02:57:00.000,15.1832
2025-07-05T02:58:00.000,15.1777
2025-07-05T02:59:00.000,15.1749
2025-07-05T03:00:00.000,15.1708
2025-07-05T03:01:00.000,15.1680
2025-07-05T03:02:00.000,15.1680
2025-07-05T03:03:00.000,15.1666
2025-07-05T03:04:00.000,15.1653
2025-07-05T03:05:00.000,15.1584
2025-07-05T03:06:00.000,15.1501
2025-07-05T03:07:00.000,15.1377
2025-07-05T03:08:00.000,15.1280
2025-07-05T03:09:00.000,15.1198
2025-07-05T03:10:00.000,15.1143
2025-07-05T03:11:00.000,15.1087
2025-07-05T03:12:00.000,15.1074
2025-07-05T03:13:00.000,15.1046
2025-07-05T03:14:00.000,15.0991
2025-07-05T03:15:00.000,15.0936
2025-07-05T03:16:00.000,15.0853
2025-07-05T03:17:00.000,15.0812
2025-07-05T03:18:00.000,15.0784
2025-07-05T03:19:00.000,15.0743
2025-07-05T03:20:00.000,15.0674
2025-07-05T03:21:00.000,15.0660
2025-07-05T03:22:00.000,15.0702
2025-07-05T03:23:00.000,15.0688
2025-07-05T03:24:00.000,15.0688
2025-07-05T03:25:00.000,15.0715
2025-07-05T03:26:00.000,15.0715
2025-07-05T03:27:00.000,15.0688
2025-07-05T03:28:00.000,15.0577
2025-07-05T03:29:00.000,15.0440
2025-07-05T03:30:00.000,15.0412
2025-07-05T03:31:00.000,15.0426
2025-07-05T03:32:00.000,15.0426
2025-07-05T03:33:00.000,15.0426
2025-07-05T03:34:00.000,15.0412
2025-07-05T03:35:00.000,15.0398
2025-07-05T03:36:00.000,15.0371
2025-07-05T03:37:00.000,15.0426
2025-07-05T03:38:00.000,15.0384
2025-07-05T03:39:00.000,15.0384
2025-07-05T03:40:00.000,15.0329
2025-07-05T03:41:00.000,15.0288
2025-07-05T03:42:00.000,15.0260
2025-07-05T03:43:00.000,15.0191
2025-07-05T03:44:00.000,15.0150
2025-07-05T03:45:00.000,15.0136
2025-07-05T03:46:00.000,15.0136
2025-07-05T03:47:00.000,15.0095
2025-07-05T03:48:00.000,15.0067
2025-07-05T03:49:00.000,15.0012
2025-07-05T03:50:00.000,14.9957
2025-07-05T03:51:00.000,14.9888
2025-07-05T03:52:00.000,14.9805
2025-07-05T03:53:00.000,14.9723
2025-07-05T03:54:00.000,14.9585
2025-07-05T03:55:00.000,14.9447
2025-07-05T03:56:00.000,14.9364
2025-07-05T03:57:00.000,14.9102
2025-07-05T03:58:00.000,14.8522
2025-07-05T03:59:00.000,14.7667
2025-07-05T04:00:00.000,14.6811
2025-07-05T04:01:00.000,14.6120
2025-07-05T04:02:00.000,14.5443
2025-07-05T04:03:00.000,14.3964
2025-07-05T04:04:00.000,14.2041
2025-07-05T04:05:00.000,13.9866
2025-07-05T04:06:00.000,13.7453
2025-07-05T04:07:00.000,13.4731
2025-07-05T04:08:00.000,13.2033
2025-07-05T04:09:00.000,12.9497
2025-07-05T04:10:00.000,12.7068
2025-07-05T04:11:00.000,12.4930
2025-07-05T04:12:00.000,12.2928
2025-07-05T04:13:00.000,12.1246
2025-07-05T04:14:00.000,11.9534
2025-07-05T04:15:00.000,11.8298
2025-07-05T04:16:00.000,11.7130
2025-07-05T04:17:00.000,11.6089
2025-07-05T04:18:00.000,11.5342
2025-07-05T04:19:00.000,11.4638
2025-07-05T04:20:00.000,11.4045
2025-07-05T04:21:00.000,11.3354
2025-07-05T04:22:00.000,11.2719
2025-07-05T04:23:00.000,11.2097
2025-07-05T04:24:00.000,11.1518
2025-07-05T04:25:00.000,11.0952
2025-07-05T04:26:00.000,11.0542
2025-07-05T04:27:00.000,11.0075
2025-07-05T04:28:00.000,10.9566
2025-07-05T04:29:00.000,10.8900
2025-07-05T04:30:00.000,10.8262
2025-07-05T04:31:00.000,10.7681
2025-07-05T04:32:00.000,10.7114
2025-07-05T04:33:00.000,10.6645
2025-07-05T04:34:00.000,10.6177
2025-07-05T04:35:00.000,10.5807
2025-07-05T04:36:00.000,10.5338
2025-07-05T04:37:00.000,10.4841
2025-07-05T04:38:00.000,10.4400
2025-07-05T04:39:00.000,10.3973
2025-07-05T04:40:00.000,10.3518
2025-07-05T04:41:00.000,10.3133
2025-07-05T04:42:00.000,10.2934
2025-07-05T04:43:00.000,10.2521
2025-07-05T04:44:00.000,10.2107
2025-07-05T04:45:00.000,10.2008
2025-07-05T04:46:00.000,10.1965
2025-07-05T04:47:00.000,10.1765
2025-07-05T04:48:00.000,10.1423
2025-07-05T04:49:00.000,10.1195
2025-07-05T04:50:00.000,10.0923
2025-07-05T04:51:00.000,10.0524
2025-07-05T04:52:00.000,10.0138
2025-07-05T04:53:00.000,10.0095
2025-07-05T04:54:00.000,9.9824
2025-07-05T04:55:00.000,9.9424
2025-07-05T04:56:00.000,9.9166
2025-07-05T04:57:00.000,9.8981
2025-07-05T04:58:00.000,9.8766
2025-07-05T04:59:00.000,9.8594
2025-07-05T05:00:00.000,9.8366
2025-07-05T05:01:00.000,9.8094
2025-07-05T05:02:00.000,9.8065
2025-07-05T05:03:00.000,9.7922
2025-07-05T05:04:00.000,9.7636
2025-07-05T05:05:00.000,9.7364
2025-07-05T05:06:00.000,9.7106
2025-07-05T05:07:00.000,9.6762
2025-07-05T05:08:00.000,9.6590
2025-07-05T05:09:00.000,9.6360
2025-07-05T05:10:00.000,9.6203
2025-07-05T05:11:00.000,9.6117
2025-07-05T05:12:00.000,9.6031
2025-07-05T05:13:00.000,9.5801
2025-07-05T05:14:00.000,9.5543
2025-07-05T05:15:00.000,9.5141
2025-07-05T05:16:00.000,9.4854
2025-07-05T05:17:00.000,9.4710
2025-07-05T05:18:00.000,9.4710
2025-07-05T05:19:00.000,9.4768
2025-07-05T05:20:00.000,9.4782
2025-07-05T05:21:00.000,9.4782
2025-07-05T05:22:00.000,9.4581
2025-07-05T05:23:00.000,9.4552
2025-07-05T05:24:00.000,9.4294
2025-07-05T05:25:00.000,9.4107
2025-07-05T05:26:00.000,9.4452
2025-07-05T05:27:00.000,9.4796
2025-07-05T05:28:00.000,9.4897
2025-07-05T05:29:00.000,9.5055
2025-07-05T05:30:00.000,9.5170
2025-07-05T05:31:00.000,9.5213
2025-07-05T05:32:00.000,9.5055
2025-07-05T05:33:00.000,9.4868
2025-07-05T05:34:00.000,9.4811
2025-07-05T05:35:00.000,9.4768
2025-07-05T05:36:00.000,9.4667
2025-07-05T05:37:00.000,9.4624
2025-07-05T05:38:00.000,9.5399
2025-07-05T05:39:00.000,9.6905
2025-07-05T05:40:00.000,9.8022
2025-07-05T05:41:00.000,9.8423
2025-07-05T05:42:00.000,9.8466
2025-07-05T05:43:00.000,9.8351
2025-07-05T05:44:00.000,9.8194
2025-07-05T05:45:00.000,9.8509
2025-07-05T05:46:00.000,9.8938
2025-07-05T05:47:00.000,9.9124
2025-07-05T05:48:00.000,9.9524
2025-07-05T05:49:00.000,9.9795
2025-07-05T05:50:00.000,9.9924
2025-07-05T05:51:00.000,9.9995
2025-07-05T05:52:00.000,10.0067
2025-07-05T05:53:00.000,10.0467
2025-07-05T05:54:00.000,10.0709
2025-07-05T05:55:00.000,10.0909
2025-07-05T05:56:00.000,10.1123
2025-07-05T05:57:00.000,10.1209
2025-07-05T05:58:00.000,10.1223
2025-07-05T05:59:00.000,10.1237
2025-07-05T06:00:00.000,10.1366
2025-07-05T06:01:00.000,10.1623
2025-07-05T06:02:00.000,10.2250
2025-07-05T06:03:00.000,10.3261
2025-07-05T06:04:00.000,10.4414
2025-07-05T06:05:00.000,10.5083
2025-07-05T06:06:00.000,10.5907
2025-07-05T06:07:00.000,10.6773
2025-07-05T06:08:00.000,10.7170
2025-07-05T06:09:00.000,10.7397
2025-07-05T06:10:00.000,10.7596
2025-07-05T06:11:00.000,10.7950
2025-07-05T06:12:00.000,10.8659
2025-07-05T06:13:00.000,10.9410
2025-07-05T06:14:00.000,11.0415
2025-07-05T06:15:00.000,11.1518
2025-07-05T06:16:00.000,11.3058
2025-07-05T06:17:00.000,11.5920
2025-07-05T06:18:00.000,12.0096
2025-07-05T06:19:00.000,12.4874
2025-07-05T06:20:00.000,12.9734
2025-07-05T06:21:00.000,13.4050
2025-07-05T06:22:00.000,13.7703
2025-07-05T06:23:00.000,14.0213
2025-07-05T06:24:00.000,14.1598
2025-07-05T06:25:00.000,14.3452
2025-07-05T06:26:00.000,14.5857
2025-07-05T06:27:00.000,14.8950
2025-07-05T06:28:00.000,15.2452
2025-07-05T06:29:00.000,15.5288
2025-07-05T06:30:00.000,15.7447
2025-07-05T06:31:00.000,15.8891
2025-07-05T06:32:00.000,15.9729
2025-07-05T06:33:00.000,16.0773
2025-07-05T06:34:00.000,16.2132
2025-07-05T06:35:00.000,16.3972
2025-07-05T06:36:00.000,16.6454
2025-07-05T06:37:00.000,16.7866
2025-07-05T06:38:00.000,16.9168
2025-07-05T06:39:00.000,17.0415
2025-07-05T06:40:00.000,17.0895
2025-07-05T06:41:00.000,17.0566
2025-07-05T06:42:00.000,17.0210
2025-07-05T06:43:00.000,17.0511
2025-07-05T06:44:00.000,17.0826
2025-07-05T06:45:00.000,17.0621
2025-07-05T06:46:00.000,17.0388
2025-07-05T06:47:00.000,17.0237
2025-07-05T06:48:00.000,17.0443
2025-07-05T06:49:00.000,17.0758
2025-07-05T06:50:00.000,17.1867
2025-07-05T06:51:00.000,17.4167
2025-07-05T06:52:00.000,17.6070
2025-07-05T06:53:00.000,17.6877
2025-07-05T06:54:00.000,17.6795
2025-07-05T06:55:00.000,17.6385
2025-07-05T06:56:00.000,17.6111
2025-07-05T06:57:00.000,17.4948
2025-07-05T06:58:00.000,17.3278
2025-07-05T06:59:00.000,17.1360
2025-07-05T07:00:00.000,16.9511
2025-07-05T07:01:00.000,16.8648
2025-07-05T07:02:00.000,16.7990
2025-07-05T07:03:00.000,16.7825
2025-07-05T07:04:00.000,16.6893
2025-07-05T07:05:00.000,16.5878
2025-07-05T07:06:00.000,16.4836
2025-07-05T07:07:00.000,16.4068
2025-07-05T07:08:00.000,16.3423
2025-07-05T07:09:00.000,16.2942
2025-07-05T07:10:00.000,16.2599
2025-07-05T07:11:00.000,16.2160
2025-07-05T07:12:00.000,16.1501
2025-07-05T07:13:00.000,16.1267
2025-07-05T07:14:00.000,16.1350
2025-07-05T07:15:00.000,16.1776
2025-07-05T07:16:00.000,16.2311
2025-07-05T07:17:00.000,16.3533
2025-07-05T07:18:00.000,16.4973
2025-07-05T07:19:00.000,16.6921
2025-07-05T07:20:00.000,16.8689
2025-07-05T07:21:00.000,16.9073
2025-07-05T07:22:00.000,16.9059
2025-07-05T07:23:00.000,16.9785
2025-07-05T07:24:00.000,17.1826
2025-07-05T07:25:00.000,17.4578
2025-07-05T07:26:00.000,17.6385
2025-07-05T07:27:00.000,17.7712
2025-07-05T07:28:00.000,17.9217
2025-07-05T07:29:00.000,18.0393
2025-07-05T07:30:00.000,17.9860
2025-07-05T07:31:00.000,17.8423
2025-07-05T07:32:00.000,17.6522
2025-07-05T07:33:00.000,17.4852
2025-07-05T07:34:00.000,17.4920
2025-07-05T07:35:00.000,17.7616
2025-07-05T07:36:00.000,18.0120
2025-07-05T07:37:00.000,18.2363
2025-07-05T07:38:00.000,18.3388
2025-07-05T07:39:00.000,18.2609
2025-07-05T07:40:00.000,18.1638
2025-07-05T07:41:00.000,18.2404
2025-07-05T07:42:00.000,18.4085
2025-07-05T07:43:00.000,18.5152
2025-07-05T07:44:00.000,18.5166
2025-07-05T07:45:00.000,18.4673
2025-07-05T07:46:00.000,18.4591
2025-07-05T07:47:00.000,18.5124
2025-07-05T07:48:00.000,18.5371
2025-07-05T07:49:00.000,18.5781
2025-07-05T07:50:00.000,18.5972
2025-07-05T07:51:00.000,18.5658
2025-07-05T07:52:00.000,18.5056
2025-07-05T07:53:00.000,18.4373
2025-07-05T07:54:00.000,18.4031
2025-07-05T07:55:00.000,18.4263
2025-07-05T07:56:00.000,18.4195
2025-07-05T07:57:00.000,18.3251
2025-07-05T07:58:00.000,18.1816
2025-07-05T07:59:00.000,18.0051
2025-07-05T08:00:00.000,17.7931
2025-07-05T08:01:00.000,17.6221
2025-07-05T08:02:00.000,17.6330
2025-07-05T08:03:00.000,17.7657
2025-07-05T08:04:00.000,17.9805
2025-07-05T08:05:00.000,18.1597
2025-07-05T08:06:00.000,18.3456
2025-07-05T08:07:00.000,18.5412
2025-07-05T08:08:00.000,18.6779
2025-07-05T08:09:00.000,18.8064
2025-07-05T08:10:00.000,18.8966
2025-07-05T08:11:00.000,18.9362
2025-07-05T08:12:00.000,18.9021
2025-07-05T08:13:00.000,18.8870
2025-07-05T08:14:00.000,19.0552
2025-07-05T08:15:00.000,19.1672
2025-07-05T08:16:00.000,19.1481
2025-07-05T08:17:00.000,19.1262
2025-07-05T08:18:00.000,19.1331
2025-07-05T08:19:00.000,19.1303
2025-07-05T08:20:00.000,19.2219
2025-07-05T08:21:00.000,19.2288
2025-07-05T08:22:00.000,19.3819
2025-07-05T08:23:00.000,19.7072
2025-07-05T08:24:00.000,20.0587
2025-07-05T08:25:00.000,20.3609
2025-07-05T08:26:00.000,20.5867
2025-07-05T08:27:00.000,20.6483
2025-07-05T08:28:00.000,20.6866
2025-07-05T08:29:00.000,20.5785
2025-07-05T08:30:00.000,20.3623
2025-07-05T08:31:00.000,20.1612
2025-07-05T08:32:00.000,20.1270
2025-07-05T08:33:00.000,20.0395
2025-07-05T08:34:00.000,19.8795
2025-07-05T08:35:00.000,19.6649
2025-07-05T08:36:00.000,19.4516
2025-07-05T08:37:00.000,19.2944
2025-07-05T08:38:00.000,19.2561
2025-07-05T08:39:00.000,19.2575
2025-07-05T08:40:00.000,19.2028
2025-07-05T08:41:00.000,19.1262
2025-07-05T08:42:00.000,19.1440
2025-07-05T08:43:00.000,19.3750
2025-07-05T08:44:00.000,19.6703
2025-07-05T08:45:00.000,19.8481
2025-07-05T08:46:00.000,19.9397
2025-07-05T08:47:00.000,20.0286
2025-07-05T08:48:00.000,20.0409
2025-07-05T08:49:00.000,20.0628
2025-07-05T08:50:00.000,20.1612
2025-07-05T08:51:00.000,20.3062
2025-07-05T08:52:00.000,20.4663
2025-07-05T08:53:00.000,20.4937
2025-07-05T08:54:00.000,20.2488
2025-07-05T08:55:00.000,19.9315
2025-07-05T08:56:00.000,19.6361
2025-07-05T08:57:00.000,19.3573
2025-07-05T08:58:00.000,19.1577
2025-07-05T08:59:00.000,19.0306
2025-07-05T09:00:00.000,18.9185
2025-07-05T09:01:00.000,18.7804
2025-07-05T09:02:00.000,18.6369
2025-07-05T09:03:00.000,18.4837
2025-07-05T09:04:00.000,18.4181
2025-07-05T09:05:00.000,18.3839
2025-07-05T09:06:00.000,18.3456
2025-07-05T09:07:00.000,18.2622
2025-07-05T09:08:00.000,18.1884
2025-07-05T09:09:00.000,18.1282
2025-07-05T09:10:00.000,18.0872
2025-07-05T09:11:00.000,18.0858
2025-07-05T09:12:00.000,18.1118
2025-07-05T09:13:00.000,18.1569
2025-07-05T09:14:00.000,18.2321
2025-07-05T09:15:00.000,18.3429
2025-07-05T09:16:00.000,18.5193
2025-07-05T09:17:00.000,18.6847
2025-07-05T09:18:00.000,18.8542
2025-07-05T09:19:00.000,19.0114
2025-07-05T09:20:00.000,19.0907
2025-07-05T09:21:00.000,19.0866
2025-07-05T09:22:00.000,19.0524
2025-07-05T09:23:00.000,19.1262
2025-07-05T09:24:00.000,19.3381
2025-07-05T09:25:00.000,19.5787
2025-07-05T09:26:00.000,19.8549
2025-07-05T09:27:00.000,20.0792
2025-07-05T09:28:00.000,20.1995
2025-07-05T09:29:00.000,20.2283
2025-07-05T09:30:00.000,20.2009
2025-07-05T09:31:00.000,20.2050
2025-07-05T09:32:00.000,20.2269
2025-07-05T09:33:00.000,20.3445
2025-07-05T09:34:00.000,20.5717
2025-07-05T09:35:00.000,20.8399
2025-07-05T09:36:00.000,21.0659
2025-07-05T09:37:00.000,21.1426
2025-07-05T09:38:00.000,21.1563
2025-07-05T09:39:00.000,21.0412
2025-07-05T09:40:00.000,20.9454
2025-07-05T09:41:00.000,20.9262
2025-07-05T09:42:00.000,20.9002
2025-07-05T09:43:00.000,20.8755
2025-07-05T09:44:00.000,20.8838
2025-07-05T09:45:00.000,20.8865
2025-07-05T09:46:00.000,20.9960
2025-07-05T09:47:00.000,21.0604
2025-07-05T09:48:00.000,21.1412
2025-07-05T09:49:00.000,21.2015
2025-07-05T09:50:00.000,21.2454
2025-07-05T09:51:00.000,21.3358
2025-07-05T09:52:00.000,21.4304
2025-07-05T09:53:00.000,21.5072
2025-07-05T09:54:00.000,21.5949
2025-07-05T09:55:00.000,21.7060
2025-07-05T09:56:00.000,21.9008
2025-07-05T09:57:00.000,22.1425
2025-07-05T09:58:00.000,22.4558
2025-07-05T09:59:00.000,22.7515
2025-07-05T10:00:00.000,22.9581
2025-07-05T10:01:00.000,23.1730
2025-07-05T10:02:00.000,23.3013
2025-07-05T10:03:00.000,23.3316
2025-07-05T10:04:00.000,23.3896
2025-07-05T10:05:00.000,23.3675
2025-07-05T10:06:00.000,23.3165
2025-07-05T10:07:00.000,23.2613
2025-07-05T10:08:00.000,23.1606
2025-07-05T10:09:00.000,23.1317
2025-07-05T10:10:00.000,23.1827
2025-07-05T10:11:00.000,23.1276
2025-07-05T10:12:00.000,22.9856
2025-07-05T10:13:00.000,22.8906
2025-07-05T10:14:00.000,22.8204
2025-07-05T10:15:00.000,22.8286
2025-07-05T10:16:00.000,22.9801
2025-07-05T10:17:00.000,23.1951
2025-07-05T10:18:00.000,23.4379
2025-07-05T10:19:00.000,23.7044
2025-07-05T10:20:00.000,23.9685
2025-07-05T10:21:00.000,24.2593
2025-07-05T10:22:00.000,24.4991
2025-07-05T10:23:00.000,24.5907
2025-07-05T10:24:00.000,24.6795
2025-07-05T10:25:00.000,24.6976
2025-07-05T10:26:00.000,24.6462
2025-07-05T10:27:00.000,24.6115
2025-07-05T10:28:00.000,24.5532
2025-07-05T10:29:00.000,24.6434
2025-07-05T10:30:00.000,24.7504
2025-07-05T10:31:00.000,24.8129
2025-07-05T10:32:00.000,24.7698
2025-07-05T10:33:00.000,24.7421
2025-07-05T10:34:00.000,24.7671
2025-07-05T10:35:00.000,24.8004
2025-07-05T10:36:00.000,25.0076
2025-07-05T10:37:00.000,25.1329
2025-07-05T10:38:00.000,25.1189
2025-07-05T10:39:00.000,25.0660
2025-07-05T10:40:00.000,25.1315
2025-07-05T10:41:00.000,25.4688
2025-07-05T10:42:00.000,25.7425
2025-07-05T10:43:00.000,25.9397
2025-07-05T10:44:00.000,26.0545
2025-07-05T10:45:00.000,26.2367
2025-07-05T10:46:00.000,26.3601
2025-07-05T10:47:00.000,26.4795
2025-07-05T10:48:00.000,26.8903
2025-07-05T10:49:00.000,27.0172
2025-07-05T10:50:00.000,26.9270
2025-07-05T10:51:00.000,26.7044
2025-07-05T10:52:00.000,26.6918
2025-07-05T10:53:00.000,26.8142
2025-07-05T10:54:00.000,26.9636
2025-07-05T10:55:00.000,27.1174
2025-07-05T10:56:00.000,27.3788
2025-07-05T10:57:00.000,27.6904
2025-07-05T10:58:00.000,27.8877
2025-07-05T10:59:00.000,27.8763
2025-07-05T11:00:00.000,27.8536
2025-07-05T11:01:00.000,27.7599
2025-07-05T11:02:00.000,27.7585
2025-07-05T11:03:00.000,27.7259
2025-07-05T11:04:00.000,27.5756
2025-07-05T11:05:00.000,27.3604
2025-07-05T11:06:00.000,27.1710
2025-07-05T11:07:00.000,27.2516
2025-07-05T11:08:00.000,27.2431
2025-07-05T11:09:00.000,27.1922
2025-07-05T11:10:00.000,26.9213
2025-07-05T11:11:00.000,26.5216
2025-07-05T11:12:00.000,26.0923
2025-07-05T11:13:00.000,26.0027
2025-07-05T11:14:00.000,25.9397
2025-07-05T11:15:00.000,25.7956
2025-07-05T11:16:00.000,25.8865
2025-07-05T11:17:00.000,25.7942
2025-07-05T11:18:00.000,25.6335
2025-07-05T11:19:00.000,25.4576
2025-07-05T11:20:00.000,25.4408
2025-07-05T11:21:00.000,25.3614
2025-07-05T11:22:00.000,25.3516
2025-07-05T11:23:00.000,25.3516
2025-07-05T11:24:00.000,25.1872
2025-07-05T11:25:00.000,24.8379
2025-07-05T11:26:00.000,24.5074
2025-07-05T11:27:00.000,24.3410
2025-07-05T11:28:00.000,24.1595
2025-07-05T11:29:00.000,24.1000
2025-07-05T11:30:00.000,24.1983
2025-07-05T11:31:00.000,24.4561
2025-07-05T11:32:00.000,24.5643
2025-07-05T11:33:00.000,24.5588
2025-07-05T11:34:00.000,24.4866
2025-07-05T11:35:00.000,24.4755
2025-07-05T11:36:00.000,24.3992
2025-07-05T11:37:00.000,24.3382
2025-07-05T11:38:00.000,24.1180
2025-07-05T11:39:00.000,23.8012
2025-07-05T11:40:00.000,23.5580
2025-07-05T11:41:00.000,23.4089
2025-07-05T11:42:00.000,23.3068
2025-07-05T11:43:00.000,23.2172
2025-07-05T11:44:00.000,23.1786
2025-07-05T11:45:00.000,23.1193
2025-07-05T11:46:00.000,23.0835
2025-07-05T11:47:00.000,22.9843
2025-07-05T11:48:00.000,22.7860
2025-07-05T11:49:00.000,22.6442
2025-07-05T11:50:00.000,22.5562
2025-07-05T11:51:00.000,22.5342
2025-07-05T11:52:00.000,22.4874
2025-07-05T11:53:00.000,22.3871
2025-07-05T11:54:00.000,22.3376
2025-07-05T11:55:00.000,22.3843
2025-07-05T11:56:00.000,22.5438
2025-07-05T11:57:00.000,22.6112
2025-07-05T11:58:00.000,22.5507
2025-07-05T11:59:00.000,22.0958
2025-07-05T12:00:00.000,21.6004
2025-07-05T12:01:00.000,21.1070
2025-07-05T12:02:00.000,20.8797
2025-07-05T12:03:00.000,20.8112
2025-07-05T12:04:00.000,20.9385
2025-07-05T12:05:00.000,21.1577
2025-07-05T12:06:00.000,21.4509
2025-07-05T12:07:00.000,21.7444
2025-07-05T12:08:00.000,22.0271
2025-07-05T12:09:00.000,22.2496
2025-07-05T12:10:00.000,22.4420
2025-07-05T12:11:00.000,22.5644
2025-07-05T12:12:00.000,22.5988
2025-07-05T12:13:00.000,22.5452
2025-07-05T12:14:00.000,21.6909
2025-07-05T12:15:00.000,21.0919
2025-07-05T12:16:00.000,21.0084
2025-07-05T12:17:00.000,21.2769
2025-07-05T12:18:00.000,21.4976
2025-07-05T12:19:00.000,21.6196
2025-07-05T12:20:00.000,21.6306
2025-07-05T12:21:00.000,21.2728
2025-07-05T12:22:00.000,20.9057
2025-07-05T12:23:00.000,20.6072
2025-07-05T12:24:00.000,20.2912
2025-07-05T12:25:00.000,20.0505
2025-07-05T12:26:00.000,19.9123
2025-07-05T12:27:00.000,19.7811
2025-07-05T12:28:00.000,19.6635
2025-07-05T12:29:00.000,19.6129
2025-07-05T12:30:00.000,19.5692
2025-07-05T12:31:00.000,19.4830
2025-07-05T12:32:00.000,19.3860
2025-07-05T12:33:00.000,19.4147
2025-07-05T12:34:00.000,19.4338
2025-07-05T12:35:00.000,19.4078
2025-07-05T12:36:00.000,19.3778
2025-07-05T12:37:00.000,19.3286
2025-07-05T12:38:00.000,19.2643
2025-07-05T12:39:00.000,19.2233
2025-07-05T12:40:00.000,19.2165
2025-07-05T12:41:00.000,19.1837
2025-07-05T12:42:00.000,19.1276
2025-07-05T12:43:00.000,19.0688
2025-07-05T12:44:00.000,18.9964
2025-07-05T12:45:00.000,18.8679
2025-07-05T12:46:00.000,18.7189
2025-07-05T12:47:00.000,18.6027
2025-07-05T12:48:00.000,18.5083
2025-07-05T12:49:00.000,18.4236
2025-07-05T12:50:00.000,18.3634
2025-07-05T12:51:00.000,18.3621
2025-07-05T12:52:00.000,18.3730
2025-07-05T12:53:00.000,18.3210
2025-07-05T12:54:00.000,18.2745
2025-07-05T12:55:00.000,18.2513
2025-07-05T12:56:00.000,18.2786
2025-07-05T12:57:00.000,18.2732
2025-07-05T12:58:00.000,18.2472
2025-07-05T12:59:00.000,18.1898
2025-07-05T13:00:00.000,18.1392
2025-07-05T13:01:00.000,18.1173
2025-07-05T13:02:00.000,18.0831
2025-07-05T13:03:00.000,18.0393
2025-07-05T13:04:00.000,18.0215
2025-07-05T13:05:00.000,18.1255
2025-07-05T13:06:00.000,18.2923
2025-07-05T13:07:00.000,18.5220
2025-07-05T13:08:00.000,18.7708
2025-07-05T13:09:00.000,18.9841
2025-07-05T13:10:00.000,19.1167
2025-07-05T13:11:00.000,19.2219
2025-07-05T13:12:00.000,19.2848
2025-07-05T13:13:00.000,19.3313
2025-07-05T13:14:00.000,19.3559
2025-07-05T13:15:00.000,19.3395
2025-07-05T13:16:00.000,19.3381
2025-07-05T13:17:00.000,19.3135
2025-07-05T13:18:00.000,19.2807
2025-07-05T13:19:00.000,19.2479
2025-07-05T13:20:00.000,19.1700
2025-07-05T13:21:00.000,19.0620
2025-07-05T13:22:00.000,18.9308
2025-07-05T13:23:00.000,18.7831
2025-07-05T13:24:00.000,18.6478
2025-07-05T13:25:00.000,18.5302
2025-07-05T13:26:00.000,18.4290
2025-07-05T13:27:00.000,18.3402
2025-07-05T13:28:00.000,18.2636
2025-07-05T13:29:00.000,18.1939
2025-07-05T13:30:00.000,18.1351
2025-07-05T13:31:00.000,18.0831
2025-07-05T13:32:00.000,18.0448
2025-07-05T13:33:00.000,18.0174
2025-07-05T13:34:00.000,17.9942
2025-07-05T13:35:00.000,17.9627
2025-07-05T13:36:00.000,17.9326
2025-07-05T13:37:00.000,17.9039
2025-07-05T13:38:00.000,17.8806
2025-07-05T13:39:00.000,17.8629
2025-07-05T13:40:00.000,17.8396
2025-07-05T13:41:00.000,17.8232
2025-07-05T13:42:00.000,17.8122
2025-07-05T13:43:00.000,17.8081
2025-07-05T13:44:00.000,17.8013
2025-07-05T13:45:00.000,17.8013
2025-07-05T13:46:00.000,17.7863
2025-07-05T13:47:00.000,17.7712
2025-07-05T13:48:00.000,17.7616
2025-07-05T13:49:00.000,17.7534
2025-07-05T13:50:00.000,17.7534
2025-07-05T13:51:00.000,17.7630
2025-07-05T13:52:00.000,17.7794
2025-07-05T13:53:00.000,17.7589
2025-07-05T13:54:00.000,17.7315
2025-07-05T13:55:00.000,17.6946
2025-07-05T13:56:00.000,17.6371
2025-07-05T13:57:00.000,17.6015
2025-07-05T13:58:00.000,17.5755
2025-07-05T13:59:00.000,17.5646
2025-07-05T14:00:00.000,17.5591
2025-07-05T14:01:00.000,17.5413
2025-07-05T14:02:00.000,17.5249
2025-07-05T14:03:00.000,17.5167
2025-07-05T14:04:00.000,17.5098
2025-07-05T14:05:00.000,17.5057
2025-07-05T14:06:00.000,17.5016
2025-07-05T14:07:00.000,17.4893
2025-07-05T14:08:00.000,17.4701
2025-07-05T14:09:00.000,17.4564
2025-07-05T14:10:00.000,17.4414
2025-07-05T14:11:00.000,17.4277
2025-07-05T14:12:00.000,17.4181
2025-07-05T14:13:00.000,17.4058
2025-07-05T14:14:00.000,17.3921
2025-07-05T14:15:00.000,17.3812
2025-07-05T14:16:00.000,17.3661
2025-07-05T14:17:00.000,17.3551
2025-07-05T14:18:00.000,17.3456
2025-07-05T14:19:00.000,17.3319
2025-07-05T14:20:00.000,17.3182
2025-07-05T14:21:00.000,17.3154
2025-07-05T14:22:00.000,17.3059
2025-07-05T14:23:00.000,17.2963
2025-07-05T14:24:00.000,17.2744
2025-07-05T14:25:00.000,17.2566
2025-07-05T14:26:00.000,17.2470
2025-07-05T14:27:00.000,17.2292
2025-07-05T14:28:00.000,17.2086
2025-07-05T14:29:00.000,17.1867
2025-07-05T14:30:00.000,17.1621
2025-07-05T14:31:00.000,17.1443
2025-07-05T14:32:00.000,17.1278
2025-07-05T14:33:00.000,17.1155
2025-07-05T14:34:00.000,17.1018
2025-07-05T14:35:00.000,17.0908
2025-07-05T14:36:00.000,17.0826
2025-07-05T14:37:00.000,17.0785
2025-07-05T14:38:00.000,17.0771
2025-07-05T14:39:00.000,17.0758
2025-07-05T14:40:00.000,17.0758
2025-07-05T14:41:00.000,17.0799
2025-07-05T14:42:00.000,17.0881
2025-07-05T14:43:00.000,17.1045
2025-07-05T14:44:00.000,17.1210
2025-07-05T14:45:00.000,17.1306
2025-07-05T14:46:00.000,17.1374
2025-07-05T14:47:00.000,17.1429
2025-07-05T14:48:00.000,17.1470
2025-07-05T14:49:00.000,17.1429
2025-07-05T14:50:00.000,17.1429
2025-07-05T14:51:00.000,17.1388
2025-07-05T14:52:00.000,17.1374
2025-07-05T14:53:00.000,17.1306
2025-07-05T14:54:00.000,17.1196
2025-07-05T14:55:00.000,17.1045
2025-07-05T14:56:00.000,17.0963
2025-07-05T14:57:00.000,17.0854
2025-07-05T14:58:00.000,17.0758
2025-07-05T14:59:00.000,17.0607
2025-07-05T15:00:00.000,17.0676
2025-07-05T15:01:00.000,17.0717
2025-07-05T15:02:00.000,17.0730
2025-07-05T15:03:00.000,17.0703
2025-07-05T15:04:00.000,17.0744
2025-07-05T15:05:00.000,17.0689
2025-07-05T15:06:00.000,17.0497
2025-07-05T15:07:00.000,17.0141
2025-07-05T15:08:00.000,16.9662
2025-07-05T15:09:00.000,16.9127
2025-07-05T15:10:00.000,16.8826
2025-07-05T15:11:00.000,16.8648
2025-07-05T15:12:00.000,16.8319
2025-07-05T15:13:00.000,16.7825
2025-07-05T15:14:00.000,16.7510
2025-07-05T15:15:00.000,16.7373
2025-07-05T15:16:00.000,16.7400
2025-07-05T15:17:00.000,16.7661
2025-07-05T15:18:00.000,16.7935
2025-07-05T15:19:00.000,16.8209
2025-07-05T15:20:00.000,16.8237
2025-07-05T15:21:00.000,16.8223
2025-07-05T15:22:00.000,16.8415
2025-07-05T15:23:00.000,16.8415
2025-07-05T15:24:00.000,16.8346
2025-07-05T15:25:00.000,16.8332
2025-07-05T15:26:00.000,16.8346
2025-07-05T15:27:00.000,16.7784
2025-07-05T15:28:00.000,16.7291
2025-07-05T15:29:00.000,16.7346
2025-07-05T15:30:00.000,16.7770
2025-07-05T15:31:00.000,16.7853
2025-07-05T15:32:00.000,16.7359
2025-07-05T15:33:00.000,16.6907
2025-07-05T15:34:00.000,16.6386
2025-07-05T15:35:00.000,16.5796
2025-07-05T15:36:00.000,16.5165
2025-07-05T15:37:00.000,16.5316
2025-07-05T15:38:00.000,16.5508
2025-07-05T15:39:00.000,16.5590
2025-07-05T15:40:00.000,16.5577
2025-07-05T15:41:00.000,16.5549
2025-07-05T15:42:00.000,16.5728
2025-07-05T15:43:00.000,16.5686
2025-07-05T15:44:00.000,16.5714
2025-07-05T15:45:00.000,16.5700
2025-07-05T15:46:00.000,16.5728
2025-07-05T15:47:00.000,16.5837
2025-07-05T15:48:00.000,16.5974
2025-07-05T15:49:00.000,16.6002
2025-07-05T15:50:00.000,16.5961
2025-07-05T15:51:00.000,16.5988
2025-07-05T15:52:00.000,16.6235
2025-07-05T15:53:00.000,16.6427
2025-07-05T15:54:00.000,16.6427
2025-07-05T15:55:00.000,16.6331
2025-07-05T15:56:00.000,16.6372
2025-07-05T15:57:00.000,16.6495
2025-07-05T15:58:00.000,16.6564
2025-07-05T15:59:00.000,16.6454
2025-07-05T16:00:00.000,16.6441
2025-07-05T16:01:00.000,16.6605
2025-07-05T16:02:00.000,16.6783
2025-07-05T16:03:00.000,16.6811
2025-07-05T16:04:00.000,16.6729
2025-07-05T16:05:00.000,16.6715
2025-07-05T16:06:00.000,16.6646
2025-07-05T16:07:00.000,16.6550
2025-07-05T16:08:00.000,16.6660
2025-07-05T16:09:00.000,16.6715
2025-07-05T16:10:00.000,16.6811
2025-07-05T16:11:00.000,16.6907
2025-07-05T16:12:00.000,16.6948
2025-07-05T16:13:00.000,16.6975
2025-07-05T16:14:00.000,16.6962
2025-07-05T16:15:00.000,16.6989
2025-07-05T16:16:00.000,16.7058
2025-07-05T16:17:00.000,16.7044
2025-07-05T16:18:00.000,16.6838
2025-07-05T16:19:00.000,16.6715
2025-07-05T16:20:00.000,16.6619
2025-07-05T16:21:00.000,16.6153
2025-07-05T16:22:00.000,16.5824
2025-07-05T16:23:00.000,16.5590
2025-07-05T16:24:00.000,16.5398
2025-07-05T16:25:00.000,16.5261
2025-07-05T16:26:00.000,16.5028
2025-07-05T16:27:00.000,16.4863
2025-07-05T16:28:00.000,16.4795
2025-07-05T16:29:00.000,16.4822
2025-07-05T16:30:00.000,16.4891
2025-07-05T16:31:00.000,16.4891
2025-07-05T16:32:00.000,16.4905
2025-07-05T16:33:00.000,16.4836
2025-07-05T16:34:00.000,16.4836
2025-07-05T16:35:00.000,16.4918
2025-07-05T16:36:00.000,16.5083
2025-07-05T16:37:00.000,16.5357
2025-07-05T16:38:00.000,16.5577
2025-07-05T16:39:00.000,16.5645
2025-07-05T16:40:00.000,16.5645
2025-07-05T16:41:00.000,16.5590
2025-07-05T16:42:00.000,16.5618
2025-07-05T16:43:00.000,16.5590
2025-07-05T16:44:00.000,16.5494
2025-07-05T16:45:00.000,16.5412
2025-07-05T16:46:00.000,16.5357
2025-07-05T16:47:00.000,16.5316
2025-07-05T16:48:00.000,16.5316
2025-07-05T16:49:00.000,16.5316
2025-07-05T16:50:00.000,16.5892
2025-07-05T16:51:00.000,16.6386
2025-07-05T16:52:00.000,16.6454
2025-07-05T16:53:00.000,16.6276
2025-07-05T16:54:00.000,16.5961
2025-07-05T16:55:00.000,16.5645
2025-07-05T16:56:00.000,16.5398
2025-07-05T16:57:00.000,16.5289
2025-07-05T16:58:00.000,16.5069
2025-07-05T16:59:00.000,16.4905
2025-07-05T17:00:00.000,16.4754
2025-07-05T17:01:00.000,16.4671
2025-07-05T17:02:00.000,16.4644
2025-07-05T17:03:00.000,16.4575
2025-07-05T17:04:00.000,16.4438
2025-07-05T17:05:00.000,16.4301
2025-07-05T17:06:00.000,16.4123
2025-07-05T17:07:00.000,16.3972
2025-07-05T17:08:00.000,16.3862
2025-07-05T17:09:00.000,16.3697
2025-07-05T17:10:00.000,16.3299
2025-07-05T17:11:00.000,16.2366
2025-07-05T17:12:00.000,16.1721
2025-07-05T17:13:00.000,16.1487
2025-07-05T17:14:00.000,16.1446
2025-07-05T17:15:00.000,16.1597
2025-07-05T17:16:00.000,16.1762
2025-07-05T17:17:00.000,16.1776
2025-07-05T17:18:00.000,16.1885
2025-07-05T17:19:00.000,16.1624
2025-07-05T17:20:00.000,15.9289
2025-07-05T17:21:00.000,15.7406
2025-07-05T17:22:00.000,15.6526
2025-07-05T17:23:00.000,15.6939
2025-07-05T17:24:00.000,15.8162
2025-07-05T17:25:00.000,15.9262
2025-07-05T17:26:00.000,15.9537
2025-07-05T17:27:00.000,15.8314
2025-07-05T17:28:00.000,15.6994
2025-07-05T17:29:00.000,15.5604
2025-07-05T17:30:00.000,15.4256
2025-07-05T17:31:00.000,15.3182
2025-07-05T17:32:00.000,15.3058
2025-07-05T17:33:00.000,15.2672
2025-07-05T17:34:00.000,15.2589
2025-07-05T17:35:00.000,15.3471
2025-07-05T17:36:00.000,15.4600
2025-07-05T17:37:00.000,15.6402
2025-07-05T17:38:00.000,15.8712
2025-07-05T17:39:00.000,16.1295
2025-07-05T17:40:00.000,16.3189
2025-07-05T17:41:00.000,16.2997
2025-07-05T17:42:00.000,16.3382
2025-07-05T17:43:00.000,16.4095
2025-07-05T17:44:00.000,16.4767
2025-07-05T17:45:00.000,16.5714
2025-07-05T17:46:00.000,16.6715
2025-07-05T17:47:00.000,16.7455
2025-07-05T17:48:00.000,16.8045
2025-07-05T17:49:00.000,16.7962
2025-07-05T17:50:00.000,16.7743
2025-07-05T17:51:00.000,16.7921
2025-07-05T17:52:00.000,16.8538
2025-07-05T17:53:00.000,16.8867
2025-07-05T17:54:00.000,16.8949
2025-07-05T17:55:00.000,16.8703
2025-07-05T17:56:00.000,16.8182
2025-07-05T17:57:00.000,16.7647
2025-07-05T17:58:00.000,16.7359
2025-07-05T17:59:00.000,16.7373
2025-07-05T18:00:00.000,16.7551
2025-07-05T18:01:00.000,16.7537
2025-07-05T18:02:00.000,16.7510
2025-07-05T18:03:00.000,16.7346
2025-07-05T18:04:00.000,16.7181
2025-07-05T18:05:00.000,16.7030
2025-07-05T18:06:00.000,16.6811
2025-07-05T18:07:00.000,16.6619
2025-07-05T18:08:00.000,16.6399
2025-07-05T18:09:00.000,16.6249
2025-07-05T18:10:00.000,16.6180
2025-07-05T18:11:00.000,16.6153
2025-07-05T18:12:00.000,16.6194
2025-07-05T18:13:00.000,16.6235
2025-07-05T18:14:00.000,16.6290
2025-07-05T18:15:00.000,16.6358
2025-07-05T18:16:00.000,16.6427
2025-07-05T18:17:00.000,16.6495
2025-07-05T18:18:00.000,16.6550
2025-07-05T18:19:00.000,16.6591
2025-07-05T18:20:00.000,16.6591
2025-07-05T18:21:00.000,16.6550
2025-07-05T18:22:00.000,16.6550
2025-07-05T18:23:00.000,16.6591
2025-07-05T18:24:00.000,16.6660
2025-07-05T18:25:00.000,16.6756
2025-07-05T18:26:00.000,16.6825
2025-07-05T18:27:00.000,16.6893
2025-07-05T18:28:00.000,16.6934
2025-07-05T18:29:00.000,16.6962
2025-07-05T18:30:00.000,16.6975
2025-07-05T18:31:00.000,16.6962
2025-07-05T18:32:00.000,16.6962
2025-07-05T18:33:00.000,16.6989
2025-07-05T18:34:00.000,16.6989
2025-07-05T18:35:00.000,16.7003
2025-07-05T18:36:00.000,16.7003
2025-07-05T18:37:00.000,16.7003
2025-07-05T18:38:00.000,16.7030
2025-07-05T18:39:00.000,16.7030
2025-07-05T18:40:00.000,16.6989
2025-07-05T18:41:00.000,16.6962
2025-07-05T18:42:00.000,16.6948
2025-07-05T18:43:00.000,16.6893
2025-07-05T18:44:00.000,16.6838
2025-07-05T18:45:00.000,16.6797
2025-07-05T18:46:00.000,16.6797
2025-07-05T18:47:00.000,16.6825
2025-07-05T18:48:00.000,16.6838
2025-07-05T18:49:00.000,16.6825
2025-07-05T18:50:00.000,16.6797
2025-07-05T18:51:00.000,16.6742
2025-07-05T18:52:00.000,16.6674
2025-07-05T18:53:00.000,16.6605
2025-07-05T18:54:00.000,16.6550
2025-07-05T18:55:00.000,16.6509
2025-07-05T18:56:00.000,16.6509
2025-07-05T18:57:00.000,16.6523
2025-07-05T18:58:00.000,16.6564
2025-07-05T18:59:00.000,16.6687
2025-07-05T19:00:00.000,16.6756
2025-07-05T19:01:00.000,16.6783
2025-07-05T19:02:00.000,16.6811
2025-07-05T19:03:00.000,16.6838
2025-07-05T19:04:00.000,16.6866
2025-07-05T19:05:00.000,16.6921
2025-07-05T19:06:00.000,16.6975
2025-07-05T19:07:00.000,16.7126
2025-07-05T19:08:00.000,16.7250
2025-07-05T19:09:00.000,16.7428
2025-07-05T19:10:00.000,16.7579
2025-07-05T19:11:00.000,16.7702
2025-07-05T19:12:00.000,16.7729
2025-07-05T19:13:00.000,16.7702
2025-07-05T19:14:00.000,16.7661
2025-07-05T19:15:00.000,16.7633
2025-07-05T19:16:00.000,16.7633
2025-07-05T19:17:00.000,16.7592
2025-07-05T19:18:00.000,16.7565
2025-07-05T19:19:00.000,16.7565
2025-07-05T19:20:00.000,16.7592
2025-07-05T19:21:00.000,16.7620
2025-07-05T19:22:00.000,16.7647
2025-07-05T19:23:00.000,16.7661
2025-07-05T19:24:00.000,16.7633
2025-07-05T19:25:00.000,16.7606
2025-07-05T19:26:00.000,16.7592
2025-07-05T19:27:00.000,16.7647
2025-07-05T19:28:00.000,16.7688
2025-07-05T19:29:00.000,16.7757
2025-07-05T19:30:00.000,16.7866
2025-07-05T19:31:00.000,16.7949
2025-07-05T19:32:00.000,16.8004
2025-07-05T19:33:00.000,16.8058
2025-07-05T19:34:00.000,16.8072
2025-07-05T19:35:00.000,16.8099
2025-07-05T19:36:00.000,16.8154
2025-07-05T19:37:00.000,16.8195
2025-07-05T19:38:00.000,16.8250
2025-07-05T19:39:00.000,16.8278
2025-07-05T19:40:00.000,16.8305
2025-07-05T19:41:00.000,16.8319
2025-07-05T19:42:00.000,16.8332
2025-07-05T19:43:00.000,16.8319
2025-07-05T19:44:00.000,16.8305
2025-07-05T19:45:00.000,16.8305
2025-07-05T19:46:00.000,16.8305
2025-07-05T19:47:00.000,16.8291
2025-07-05T19:48:00.000,16.8291
2025-07-05T19:49:00.000,16.8291
2025-07-05T19:50:00.000,16.8360
2025-07-05T19:51:00.000,16.8346
2025-07-05T19:52:00.000,16.8332
2025-07-05T19:53:00.000,16.8291
2025-07-05T19:54:00.000,16.8182
2025-07-05T19:55:00.000,16.8031
2025-07-05T19:56:00.000,16.7853
2025-07-05T19:57:00.000,16.7633
2025-07-05T19:58:00.000,16.7537
2025-07-05T19:59:00.000,16.7551
2025-07-05T20:00:00.000,16.7579
2025-07-05T20:01:00.000,16.7620
2025-07-05T20:02:00.000,16.7661
2025-07-05T20:03:00.000,16.7675
2025-07-05T20:04:00.000,16.7661
2025-07-05T20:05:00.000,16.7565
2025-07-05T20:06:00.000,16.7483
2025-07-05T20:07:00.000,16.7510
2025-07-05T20:08:00.000,16.7537
2025-07-05T20:09:00.000,16.7620
2025-07-05T20:10:00.000,16.7743
2025-07-05T20:11:00.000,16.7853
2025-07-05T20:12:00.000,16.7949
2025-07-05T20:13:00.000,16.7949
2025-07-05T20:14:00.000,16.7949
2025-07-05T20:15:00.000,16.7853
2025-07-05T20:16:00.000,16.7661
2025-07-05T20:17:00.000,16.7496
2025-07-05T20:18:00.000,16.7428
2025-07-05T20:19:00.000,16.7455
2025-07-05T20:20:00.000,16.7551
2025-07-05T20:21:00.000,16.7661
2025-07-05T20:22:00.000,16.7770
2025-07-05T20:23:00.000,16.7880
2025-07-05T20:24:00.000,16.8017
2025-07-05T20:25:00.000,16.8086
2025-07-05T20:26:00.000,16.8168
2025-07-05T20:27:00.000,16.8237
2025-07-05T20:28:00.000,16.8278
2025-07-05T20:29:00.000,16.8332
2025-07-05T20:30:00.000,16.8401
2025-07-05T20:31:00.000,16.8511
2025-07-05T20:32:00.000,16.8675
2025-07-05T20:33:00.000,16.8935
2025-07-05T20:34:00.000,16.9182
2025-07-05T20:35:00.000,16.9442
2025-07-05T20:36:00.000,16.9771
2025-07-05T20:37:00.000,17.0182
2025-07-05T20:38:00.000,17.0593
2025-07-05T20:39:00.000,17.0922
2025-07-05T20:40:00.000,17.1278
2025-07-05T20:41:00.000,17.1771
2025-07-05T20:42:00.000,17.2059
2025-07-05T20:43:00.000,17.2319
2025-07-05T20:44:00.000,17.2620
2025-07-05T20:45:00.000,17.2908
2025-07-05T20:46:00.000,17.3072
2025-07-05T20:47:00.000,17.3223
2025-07-05T20:48:00.000,17.3319
2025-07-05T20:49:00.000,17.3442
2025-07-05T20:50:00.000,17.3565
2025-07-05T20:51:00.000,17.3565
2025-07-05T20:52:00.000,17.3688
2025-07-05T20:53:00.000,17.3825
2025-07-05T20:54:00.000,17.3976
2025-07-05T20:55:00.000,17.4154
2025-07-05T20:56:00.000,17.4250
2025-07-05T20:57:00.000,17.4359
2025-07-05T20:58:00.000,17.4428
2025-07-05T20:59:00.000,17.4496
2025-07-05T21:00:00.000,17.4564
2025-07-05T21:01:00.000,17.4537
2025-07-05T21:02:00.000,17.4469
2025-07-05T21:03:00.000,17.4428
2025-07-05T21:04:00.000,17.4455
2025-07-05T21:05:00.000,17.4428
2025-07-05T21:06:00.000,17.4414
2025-07-05T21:07:00.000,17.4359
2025-07-05T21:08:00.000,17.4318
2025-07-05T21:09:00.000,17.4181
2025-07-05T21:10:00.000,17.3948
2025-07-05T21:11:00.000,17.3757
2025-07-05T21:12:00.000,17.3592
2025-07-05T21:13:00.000,17.3442
2025-07-05T21:14:00.000,17.3401
2025-07-05T21:15:00.000,17.3415
2025-07-05T21:16:00.000,17.3428
2025-07-05T21:17:00.000,17.3497
2025-07-05T21:18:00.000,17.3647
2025-07-05T21:19:00.000,17.3853
2025-07-05T21:20:00.000,17.3990
2025-07-05T21:21:00.000,17.4072
2025-07-05T21:22:00.000,17.4181
2025-07-05T21:23:00.000,17.4332
2025-07-05T21:24:00.000,17.4496
2025-07-05T21:25:00.000,17.4688
2025-07-05T21:26:00.000,17.4729
2025-07-05T21:27:00.000,17.4756
2025-07-05T21:28:00.000,17.4770
2025-07-05T21:29:00.000,17.4852
2025-07-05T21:30:00.000,17.4961
2025-07-05T21:31:00.000,17.5030
2025-07-05T21:32:00.000,17.5180
2025-07-05T21:33:00.000,17.5235
2025-07-05T21:34:00.000,17.5180
2025-07-05T21:35:00.000,17.5098
2025-07-05T21:36:00.000,17.5071
2025-07-05T21:37:00.000,17.5057
2025-07-05T21:38:00.000,17.5098
2025-07-05T21:39:00.000,17.5126
2025-07-05T21:40:00.000,17.5071
2025-07-05T21:41:00.000,17.5016
2025-07-05T21:42:00.000,17.4879
2025-07-05T21:43:00.000,17.4866
2025-07-05T21:44:00.000,17.4907
2025-07-05T21:45:00.000,17.4961
2025-07-05T21:46:00.000,17.5044
2025-07-05T21:47:00.000,17.5139
2025-07-05T21:48:00.000,17.5208
2025-07-05T21:49:00.000,17.5317
2025-07-05T21:50:00.000,17.5290
2025-07-05T21:51:00.000,17.5304
2025-07-05T21:52:00.000,17.5358
2025-07-05T21:53:00.000,17.5276
2025-07-05T21:54:00.000,17.5153
2025-07-05T21:55:00.000,17.4879
2025-07-05T21:56:00.000,17.4715
2025-07-05T21:57:00.000,17.4647
2025-07-05T21:58:00.000,17.4578
2025-07-05T21:59:00.000,17.4660
2025-07-05T22:00:00.000,17.4729
2025-07-05T22:01:00.000,17.4770
2025-07-05T22:02:00.000,17.4660
2025-07-05T22:03:00.000,17.4482
2025-07-05T22:04:00.000,17.4277
2025-07-05T22:05:00.000,17.4167
2025-07-05T22:06:00.000,17.4222
2025-07-05T22:07:00.000,17.4167
2025-07-05T22:08:00.000,17.4113
2025-07-05T22:09:00.000,17.4058
2025-07-05T22:10:00.000,17.4058
2025-07-05T22:11:00.000,17.4099
2025-07-05T22:12:00.000,17.3935
2025-07-05T22:13:00.000,17.3812
2025-07-05T22:14:00.000,17.3551
2025-07-05T22:15:00.000,17.3168
2025-07-05T22:16:00.000,17.2894
2025-07-05T22:17:00.000,17.2579
2025-07-05T22:18:00.000,17.2483
2025-07-05T22:19:00.000,17.2333
2025-07-05T22:20:00.000,17.2511
2025-07-05T22:21:00.000,17.2716
2025-07-05T22:22:00.000,17.2798
2025-07-05T22:23:00.000,17.2881
2025-07-05T22:24:00.000,17.2771
2025-07-05T22:25:00.000,17.2566
2025-07-05T22:26:00.000,17.2374
2025-07-05T22:27:00.000,17.2182
2025-07-05T22:28:00.000,17.2059
2025-07-05T22:29:00.000,17.2018
2025-07-05T22:30:00.000,17.2004
2025-07-05T22:31:00.000,17.2032
2025-07-05T22:32:00.000,17.2073
2025-07-05T22:33:00.000,17.2045
2025-07-05T22:34:00.000,17.2004
2025-07-05T22:35:00.000,17.2004
2025-07-05T22:36:00.000,17.1785
2025-07-05T22:37:00.000,17.1388
2025-07-05T22:38:00.000,17.1114
2025-07-05T22:39:00.000,17.0963
2025-07-05T22:40:00.000,17.1032
2025-07-05T22:41:00.000,17.1196
2025-07-05T22:42:00.000,17.1388
2025-07-05T22:43:00.000,17.1634
2025-07-05T22:44:00.000,17.1881
2025-07-05T22:45:00.000,17.2032
2025-07-05T22:46:00.000,17.2127
2025-07-05T22:47:00.000,17.2223
2025-07-05T22:48:00.000,17.2251
2025-07-05T22:49:00.000,17.2210
2025-07-05T22:50:00.000,17.2073
2025-07-05T22:51:00.000,17.1895
2025-07-05T22:52:00.000,17.1689
2025-07-05T22:53:00.000,17.1607
2025-07-05T22:54:00.000,17.1634
2025-07-05T22:55:00.000,17.1566
2025-07-05T22:56:00.000,17.1511
2025-07-05T22:57:00.000,17.1484
2025-07-05T22:58:00.000,17.1484
2025-07-05T22:59:00.000,17.1415
2025-07-05T23:00:00.000,17.1484
2025-07-05T23:01:00.000,17.1634
2025-07-05T23:02:00.000,17.1771
2025-07-05T23:03:00.000,17.1922
2025-07-05T23:04:00.000,17.2073
2025-07-05T23:05:00.000,17.2210
2025-07-05T23:06:00.000,17.2251
2025-07-05T23:07:00.000,17.2223
2025-07-05T23:08:00.000,17.2127
2025-07-05T23:09:00.000,17.2059
2025-07-05T23:10:00.000,17.2100
2025-07-05T23:11:00.000,17.2114
2025-07-05T23:12:00.000,17.2086
2025-07-05T23:13:00.000,17.2086
2025-07-05T23:14:00.000,17.2073
2025-07-05T23:15:00.000,17.1977
2025-07-05T23:16:00.000,17.1771
2025-07-05T23:17:00.000,17.1552
2025-07-05T23:18:00.000,17.1360
2025-07-05T23:19:00.000,17.1210
2025-07-05T23:20:00.000,17.1059
2025-07-05T23:21:00.000,17.0908
2025-07-05T23:22:00.000,17.0799
2025-07-05T23:23:00.000,17.0758
2025-07-05T23:24:00.000,17.0758
2025-07-05T23:25:00.000,17.0758
2025-07-05T23:26:00.000,17.0744
2025-07-05T23:27:00.000,17.0730
2025-07-05T23:28:00.000,17.0703
2025-07-05T23:29:00.000,17.0662
2025-07-05T23:30:00.000,17.0621
2025-07-05T23:31:00.000,17.0607
2025-07-05T23:32:00.000,17.0593
2025-07-05T23:33:00.000,17.0566
2025-07-05T23:34:00.000,17.0525
2025-07-05T23:35:00.000,17.0525
2025-07-05T23:36:00.000,17.0552
2025-07-05T23:37:00.000,17.0566
2025-07-05T23:38:00.000,17.0593
2025-07-05T23:39:00.000,17.0621
2025-07-05T23:40:00.000,17.0676
2025-07-05T23:41:00.000,17.0717
2025-07-05T23:42:00.000,17.0717
2025-07-05T23:43:00.000,17.0730
2025-07-05T23:44:00.000,17.0758
2025-07-05T23:45:00.000,17.0771
2025-07-05T23:46:00.000,17.0771
2025-07-05T23:47:00.000,17.0785
2025-07-05T23:48:00.000,17.0826
2025-07-05T23:49:00.000,17.0813
2025-07-05T23:50:00.000,17.0785
2025-07-05T23:51:00.000,17.0744
2025-07-05T23:52:00.000,17.0676
2025-07-05T23:53:00.000,17.0634
2025-07-05T23:54:00.000,17.0593
2025-07-05T23:55:00.000,17.0552
2025-07-05T23:56:00.000,17.0497
2025-07-05T23:57:00.000,17.0388
2025-07-05T23:58:00.000,17.0251
2025-07-05T23:59:00.000,17.0100
2025-07-06T00:00:00.000,16.9936
2025-07-06T00:01:00.000,16.9785
2025-07-06T00:02:00.000,16.9689
2025-07-06T00:03:00.000,16.9689
2025-07-06T00:04:00.000,16.9648
2025-07-06T00:05:00.000,16.9538
2025-07-06T00:06:00.000,16.9251
2025-07-06T00:07:00.000,16.9045
2025-07-06T00:08:00.000,16.9004
2025-07-06T00:09:00.000,16.8949
2025-07-06T00:10:00.000,16.8853
2025-07-06T00:11:00.000,16.8757
2025-07-06T00:12:00.000,16.8689
2025-07-06T00:13:00.000,16.8607
2025-07-06T00:14:00.000,16.8538
2025-07-06T00:15:00.000,16.8497
2025-07-06T00:16:00.000,16.8442
2025-07-06T00:17:00.000,16.8401
2025-07-06T00:18:00.000,16.8387
2025-07-06T00:19:00.000,16.8360
2025-07-06T00:20:00.000,16.8319
2025-07-06T00:21:00.000,16.8305
2025-07-06T00:22:00.000,16.8319
2025-07-06T00:23:00.000,16.8291
2025-07-06T00:24:00.000,16.8278
2025-07-06T00:25:00.000,16.8278
2025-07-06T00:26:00.000,16.8319
2025-07-06T00:27:00.000,16.8346
2025-07-06T00:28:00.000,16.8360
2025-07-06T00:29:00.000,16.8387
2025-07-06T00:30:00.000,16.8415
2025-07-06T00:31:00.000,16.8442
2025-07-06T00:32:00.000,16.8415
2025-07-06T00:33:00.000,16.8305
2025-07-06T00:34:00.000,16.8209
2025-07-06T00:35:00.000,16.8072
2025-07-06T00:36:00.000,16.7962
2025-07-06T00:37:00.000,16.7880
2025-07-06T00:38:00.000,16.7812
2025-07-06T00:39:00.000,16.7866
2025-07-06T00:40:00.000,16.7812
2025-07-06T00:41:00.000,16.7537
2025-07-06T00:42:00.000,16.7291
2025-07-06T00:43:00.000,16.7071
2025-07-06T00:44:00.000,16.6715
2025-07-06T00:45:00.000,16.6317
2025-07-06T00:46:00.000,16.6098
2025-07-06T00:47:00.000,16.5892
2025-07-06T00:48:00.000,16.5796
2025-07-06T00:49:00.000,16.5645
2025-07-06T00:50:00.000,16.5522
2025-07-06T00:51:00.000,16.5371
2025-07-06T00:52:00.000,16.5247
2025-07-06T00:53:00.000,16.5179
2025-07-06T00:54:00.000,16.5138
2025-07-06T00:55:00.000,16.5083
2025-07-06T00:56:00.000,16.5097
2025-07-06T00:57:00.000,16.5097
2025-07-06T00:58:00.000,16.5275
2025-07-06T00:59:00.000,16.5549
2025-07-06T01:00:00.000,16.5659
2025-07-06T01:01:00.000,16.5632
2025-07-06T01:02:00.000,16.5604
2025-07-06T01:03:00.000,16.5645
2025-07-06T01:04:00.000,16.5824
2025-07-06T01:05:00.000,16.5920
2025-07-06T01:06:00.000,16.5933
2025-07-06T01:07:00.000,16.5974
2025-07-06T01:08:00.000,16.5988
2025-07-06T01:09:00.000,16.6043
2025-07-06T01:10:00.000,16.6084
2025-07-06T01:11:00.000,16.6139
2025-07-06T01:12:00.000,16.6194
2025-07-06T01:13:00.000,16.6345
2025-07-06T01:14:00.000,16.6441
2025-07-06T01:15:00.000,16.6495
2025-07-06T01:16:00.000,16.6550
2025-07-06T01:17:00.000,16.6564
2025-07-06T01:18:00.000,16.6468
2025-07-06T01:19:00.000,16.6276
2025-07-06T01:20:00.000,16.6153
2025-07-06T01:21:00.000,16.6153
2025-07-06T01:22:00.000,16.5974
2025-07-06T01:23:00.000,16.5755
2025-07-06T01:24:00.000,16.5590
2025-07-06T01:25:00.000,16.5453
2025-07-06T01:26:00.000,16.5316
2025-07-06T01:27:00.000,16.5069
2025-07-06T01:28:00.000,16.4507
2025-07-06T01:29:00.000,16.3560
2025-07-06T01:30:00.000,16.2929
2025-07-06T01:31:00.000,16.2160
2025-07-06T01:32:00.000,16.1364
2025-07-06T01:33:00.000,16.0842
2025-07-06T01:34:00.000,16.0306
2025-07-06T01:35:00.000,15.9702
2025-07-06T01:36:00.000,15.9262
2025-07-06T01:37:00.000,15.8946
2025-07-06T01:38:00.000,15.8534
2025-07-06T01:39:00.000,15.8204
2025-07-06T01:40:00.000,15.7860
2025-07-06T01:41:00.000,15.7516
2025-07-06T01:42:00.000,15.7090
2025-07-06T01:43:00.000,15.6760
2025-07-06T01:44:00.000,15.6499
2025-07-06T01:45:00.000,15.6375
2025-07-06T01:46:00.000,15.6375
2025-07-06T01:47:00.000,15.6554
2025-07-06T01:48:00.000,15.6856
2025-07-06T01:49:00.000,15.7324
2025-07-06T01:50:00.000,15.7722
2025-07-06T01:51:00.000,15.7860
2025-07-06T01:52:00.000,15.7997
2025-07-06T01:53:00.000,15.8341
2025-07-06T01:54:00.000,15.8643
2025-07-06T01:55:00.000,15.8905
2025-07-06T01:56:00.000,15.9179
2025-07-06T01:57:00.000,15.9647
2025-07-06T01:58:00.000,16.0059
2025-07-06T01:59:00.000,16.0347
2025-07-06T02:00:00.000,16.0581
2025-07-06T02:01:00.000,16.0993
2025-07-06T02:02:00.000,16.1322
2025-07-06T02:03:00.000,16.1583
2025-07-06T02:04:00.000,16.1817
2025-07-06T02:05:00.000,16.2091
2025-07-06T02:06:00.000,16.2393
2025-07-06T02:07:00.000,16.2558
2025-07-06T02:08:00.000,16.2833
2025-07-06T02:09:00.000,16.3052
2025-07-06T02:10:00.000,16.3148
2025-07-06T02:11:00.000,16.3107
2025-07-06T02:12:00.000,16.3107
2025-07-06T02:13:00.000,16.3189
2025-07-06T02:14:00.000,16.3244
2025-07-06T02:15:00.000,16.3313
2025-07-06T02:16:00.000,16.3423
2025-07-06T02:17:00.000,16.3574
2025-07-06T02:18:00.000,16.3766
2025-07-06T02:19:00.000,16.3944
2025-07-06T02:20:00.000,16.4191
2025-07-06T02:21:00.000,16.4479
2025-07-06T02:22:00.000,16.4809
2025-07-06T02:23:00.000,16.5124
2025-07-06T02:24:00.000,16.5398
2025-07-06T02:25:00.000,16.5453
2025-07-06T02:26:00.000,16.5330
2025-07-06T02:27:00.000,16.5151
2025-07-06T02:28:00.000,16.4795
2025-07-06T02:29:00.000,16.4424
2025-07-06T02:30:00.000,16.4191
2025-07-06T02:31:00.000,16.3917
2025-07-06T02:32:00.000,16.3642
2025-07-06T02:33:00.000,16.3780
2025-07-06T02:34:00.000,16.3930
2025-07-06T02:35:00.000,16.4164
2025-07-06T02:36:00.000,16.4370
2025-07-06T02:37:00.000,16.4644
2025-07-06T02:38:00.000,16.4959
2025-07-06T02:39:00.000,16.5179
2025-07-06T02:40:00.000,16.5275
2025-07-06T02:41:00.000,16.5302
2025-07-06T02:42:00.000,16.5330
2025-07-06T02:43:00.000,16.5412
2025-07-06T02:44:00.000,16.5508
2025-07-06T02:45:00.000,16.5467
2025-07-06T02:46:00.000,16.5440
2025-07-06T02:47:00.000,16.5481
2025-07-06T02:48:00.000,16.5536
2025-07-06T02:49:00.000,16.5590
2025-07-06T02:50:00.000,16.5618
2025-07-06T02:51:00.000,16.5645
2025-07-06T02:52:00.000,16.5618
2025-07-06T02:53:00.000,16.5563
2025-07-06T02:54:00.000,16.5508
2025-07-06T02:55:00.000,16.5453
2025-07-06T02:56:00.000,16.5398
2025-07-06T02:57:00.000,16.5371
2025-07-06T02:58:00.000,16.5371
2025-07-06T02:59:00.000,16.5385
2025-07-06T03:00:00.000,16.5371
2025-07-06T03:01:00.000,16.5357
2025-07-06T03:02:00.000,16.5357
2025-07-06T03:03:00.000,16.5343
2025-07-06T03:04:00.000,16.5316
2025-07-06T03:05:00.000,16.5275
2025-07-06T03:06:00.000,16.5234
2025-07-06T03:07:00.000,16.5289
2025-07-06T03:08:00.000,16.5385
2025-07-06T03:09:00.000,16.5494
2025-07-06T03:10:00.000,16.5536
2025-07-06T03:11:00.000,16.5536
2025-07-06T03:12:00.000,16.5590
2025-07-06T03:13:00.000,16.5673
2025-07-06T03:14:00.000,16.5769
2025-07-06T03:15:00.000,16.5796
2025-07-06T03:16:00.000,16.5782
2025-07-06T03:17:00.000,16.5755
2025-07-06T03:18:00.000,16.5700
2025-07-06T03:19:00.000,16.5728
2025-07-06T03:20:00.000,16.5728
2025-07-06T03:21:00.000,16.5728
2025-07-06T03:22:00.000,16.5659
2025-07-06T03:23:00.000,16.5604
2025-07-06T03:24:00.000,16.5536
2025-07-06T03:25:00.000,16.5522
2025-07-06T03:26:00.000,16.5508
2025-07-06T03:27:00.000,16.5467
2025-07-06T03:28:00.000,16.5412
2025-07-06T03:29:00.000,16.5357
2025-07-06T03:30:00.000,16.5343
2025-07-06T03:31:00.000,16.5316
2025-07-06T03:32:00.000,16.5330
2025-07-06T03:33:00.000,16.5357
2025-07-06T03:34:00.000,16.5330
2025-07-06T03:35:00.000,16.5275
2025-07-06T03:36:00.000,16.5165
2025-07-06T03:37:00.000,16.5083
2025-07-06T03:38:00.000,16.5014
2025-07-06T03:39:00.000,16.4987
2025-07-06T03:40:00.000,16.5001
2025-07-06T03:41:00.000,16.5001
2025-07-06T03:42:00.000,16.4959
2025-07-06T03:43:00.000,16.4932
2025-07-06T03:44:00.000,16.4918
2025-07-06T03:45:00.000,16.4891
2025-07-06T03:46:00.000,16.4863
2025-07-06T03:47:00.000,16.4863
2025-07-06T03:48:00.000,16.4809
2025-07-06T03:49:00.000,16.4740
2025-07-06T03:50:00.000,16.4671
2025-07-06T03:51:00.000,16.4616
2025-07-06T03:52:00.000,16.4520
2025-07-06T03:53:00.000,16.4452
2025-07-06T03:54:00.000,16.4383
2025-07-06T03:55:00.000,16.4301
2025-07-06T03:56:00.000,16.4219
2025-07-06T03:57:00.000,16.4164
2025-07-06T03:58:00.000,16.4081
2025-07-06T03:59:00.000,16.4027
2025-07-06T04:00:00.000,16.3930
2025-07-06T04:01:00.000,16.3752
2025-07-06T04:02:00.000,16.3423
2025-07-06T04:03:00.000,16.3121
2025-07-06T04:04:00.000,16.2887
2025-07-06T04:05:00.000,16.2833
2025-07-06T04:06:00.000,16.2791
2025-07-06T04:07:00.000,16.2750
2025-07-06T04:08:00.000,16.2695
2025-07-06T04:09:00.000,16.2627
2025-07-06T04:10:00.000,16.2544
2025-07-06T04:11:00.000,16.2503
2025-07-06T04:12:00.000,16.2352
2025-07-06T04:13:00.000,16.1995
2025-07-06T04:14:00.000,16.1199
2025-07-06T04:15:00.000,15.9880
2025-07-06T04:16:00.000,15.8286
2025-07-06T04:17:00.000,15.6801
2025-07-06T04:18:00.000,15.5288
2025-07-06T04:19:00.000,15.3195
2025-07-06T04:20:00.000,15.0191
2025-07-06T04:21:00.000,14.6161
2025-07-06T04:22:00.000,14.1625
2025-07-06T04:23:00.000,13.7190
2025-07-06T04:24:00.000,13.2854
2025-07-06T04:25:00.000,12.8953
2025-07-06T04:26:00.000,12.5559
2025-07-06T04:27:00.000,12.2620
2025-07-06T04:28:00.000,12.0110
2025-07-06T04:29:00.000,11.7904
2025-07-06T04:30:00.000,11.5878
2025-07-06T04:31:00.000,11.4059
2025-07-06T04:32:00.000,11.2606
2025-07-06T04:33:00.000,11.1334
2025-07-06T04:34:00.000,11.0245
2025-07-06T04:35:00.000,10.9382
2025-07-06T04:36:00.000,10.8517
2025-07-06T04:37:00.000,10.7695
2025-07-06T04:38:00.000,10.7043
2025-07-06T04:39:00.000,10.6546
2025-07-06T04:40:00.000,10.6035
2025-07-06T04:41:00.000,10.5452
2025-07-06T04:42:00.000,10.4812
2025-07-06T04:43:00.000,10.4272
2025-07-06T04:44:00.000,10.3916
2025-07-06T04:45:00.000,10.3646
2025-07-06T04:46:00.000,10.3461
2025-07-06T04:47:00.000,10.3361
2025-07-06T04:48:00.000,10.3176
2025-07-06T04:49:00.000,10.2891
2025-07-06T04:50:00.000,10.2706
2025-07-06T04:51:00.000,10.2478
2025-07-06T04:52:00.000,10.2236
2025-07-06T04:53:00.000,10.1965
2025-07-06T04:54:00.000,10.1822
2025-07-06T04:55:00.000,10.1737
2025-07-06T04:56:00.000,10.1651
2025-07-06T04:57:00.000,10.1551
2025-07-06T04:58:00.000,10.1366
2025-07-06T04:59:00.000,10.1123
2025-07-06T05:00:00.000,10.0966
2025-07-06T05:01:00.000,10.0866
2025-07-06T05:02:00.000,10.0852
2025-07-06T05:03:00.000,10.0866
2025-07-06T05:04:00.000,10.0881
2025-07-06T05:05:00.000,10.0809
2025-07-06T05:06:00.000,10.0724
2025-07-06T05:07:00.000,10.0609
2025-07-06T05:08:00.000,10.0624
2025-07-06T05:09:00.000,10.0609
2025-07-06T05:10:00.000,10.0395
2025-07-06T05:11:00.000,10.0195
2025-07-06T05:12:00.000,10.0052
2025-07-06T05:13:00.000,9.9852
2025-07-06T05:14:00.000,9.9824
2025-07-06T05:15:00.000,9.9795
2025-07-06T05:16:00.000,9.9695
2025-07-06T05:17:00.000,9.9552
2025-07-06T05:18:00.000,9.9409
2025-07-06T05:19:00.000,9.9267
2025-07-06T05:20:00.000,9.9166
2025-07-06T05:21:00.000,9.9081
2025-07-06T05:22:00.000,9.8966
2025-07-06T05:23:00.000,9.8938
2025-07-06T05:24:00.000,9.8981
2025-07-06T05:25:00.000,9.8981
2025-07-06T05:26:00.000,9.8938
2025-07-06T05:27:00.000,9.8995
2025-07-06T05:28:00.000,9.9024
2025-07-06T05:29:00.000,9.9024
2025-07-06T05:30:00.000,9.8995
2025-07-06T05:31:00.000,9.9009
2025-07-06T05:32:00.000,9.9024
2025-07-06T05:33:00.000,9.9138
2025-07-06T05:34:00.000,9.9324
2025-07-06T05:35:00.000,9.9452
2025-07-06T05:36:00.000,9.9524
2025-07-06T05:37:00.000,9.9624
2025-07-06T05:38:00.000,9.9781
2025-07-06T05:39:00.000,9.9895
2025-07-06T05:40:00.000,10.0024
2025-07-06T05:41:00.000,10.0138
2025-07-06T05:42:00.000,10.0252
2025-07-06T05:43:00.000,10.0338
2025-07-06T05:44:00.000,10.0438
2025-07-06T05:45:00.000,10.0509
2025-07-06T05:46:00.000,10.0681
2025-07-06T05:47:00.000,10.0852
2025-07-06T05:48:00.000,10.1009
2025-07-06T05:49:00.000,10.1066
2025-07-06T05:50:00.000,10.1152
2025-07-06T05:51:00.000,10.1223
2025-07-06T05:52:00.000,10.1337
2025-07-06T05:53:00.000,10.1494
2025-07-06T05:54:00.000,10.1623
2025-07-06T05:55:00.000,10.1765
2025-07-06T05:56:00.000,10.1979
2025-07-06T05:57:00.000,10.2193
2025-07-06T05:58:00.000,10.2364
2025-07-06T05:59:00.000,10.2464
2025-07-06T06:00:00.000,10.2492
2025-07-06T06:01:00.000,10.2606
2025-07-06T06:02:00.000,10.2763
2025-07-06T06:03:00.000,10.2934
2025-07-06T06:04:00.000,10.3005
2025-07-06T06:05:00.000,10.3062
2025-07-06T06:06:00.000,10.3162
2025-07-06T06:07:00.000,10.3247
2025-07-06T06:08:00.000,10.3361
2025-07-06T06:09:00.000,10.3589
2025-07-06T06:10:00.000,10.3774
2025-07-06T06:11:00.000,10.4002
2025-07-06T06:12:00.000,10.4172
2025-07-06T06:13:00.000,10.4357
2025-07-06T06:14:00.000,10.4770
2025-07-06T06:15:00.000,10.5481
2025-07-06T06:16:00.000,10.6830
2025-07-06T06:17:00.000,10.9481
2025-07-06T06:18:00.000,11.3537
2025-07-06T06:19:00.000,11.7693
2025-07-06T06:20:00.000,12.1176
2025-07-06T06:21:00.000,12.4216
2025-07-06T06:22:00.000,12.6929
2025-07-06T06:23:00.000,12.8130
2025-07-06T06:24:00.000,12.8841
2025-07-06T06:25:00.000,13.1127
2025-07-06T06:26:00.000,13.3772
2025-07-06T06:27:00.000,13.5898
2025-07-06T06:28:00.000,13.8258
2025-07-06T06:29:00.000,14.1071
2025-07-06T06:30:00.000,14.4185
2025-07-06T06:31:00.000,14.7736
2025-07-06T06:32:00.000,15.1005
2025-07-06T06:33:00.000,15.3815
2025-07-06T06:34:00.000,15.6870
2025-07-06T06:35:00.000,16.0086
2025-07-06T06:36:00.000,16.2833
2025-07-06T06:37:00.000,16.5440
2025-07-06T06:38:00.000,16.7880
2025-07-06T06:39:00.000,17.0881
2025-07-06T06:40:00.000,17.4181
2025-07-06T06:41:00.000,17.7603
2025-07-06T06:42:00.000,18.1241
2025-07-06T06:43:00.000,18.4810
2025-07-06T06:44:00.000,18.8146
2025-07-06T06:45:00.000,19.1426
2025-07-06T06:46:00.000,19.4420
2025-07-06T06:47:00.000,19.7031
2025-07-06T06:48:00.000,19.9930
2025-07-06T06:49:00.000,20.2009
2025-07-06T06:50:00.000,20.4047
2025-07-06T06:51:00.000,20.6031
2025-07-06T06:52:00.000,20.7934
2025-07-06T06:53:00.000,21.0097
2025-07-06T06:54:00.000,21.2358
2025-07-06T06:55:00.000,21.4578
2025-07-06T06:56:00.000,21.7238
2025-07-06T06:57:00.000,21.9722
2025-07-06T06:58:00.000,22.2043
2025-07-06T06:59:00.000,22.4352
2025-07-06T07:00:00.000,22.6800
2025-07-06T07:01:00.000,22.8603
2025-07-06T07:02:00.000,22.9374
2025-07-06T07:03:00.000,22.9801
2025-07-06T07:04:00.000,23.0256
2025-07-06T07:05:00.000,22.9498
2025-07-06T07:06:00.000,22.8135
2025-07-06T07:07:00.000,22.6759
2025-07-06T07:08:00.000,22.5741
2025-07-06T07:09:00.000,22.5259
2025-07-06T07:10:00.000,22.4970
2025-07-06T07:11:00.000,22.4365
2025-07-06T07:12:00.000,22.4173
2025-07-06T07:13:00.000,22.4778
2025-07-06T07:14:00.000,22.6676
2025-07-06T07:15:00.000,22.8823
2025-07-06T07:16:00.000,23.1730
2025-07-06T07:17:00.000,23.4103
2025-07-06T07:18:00.000,23.6436
2025-07-06T07:19:00.000,24.1277
2025-07-06T07:20:00.000,24.5629
2025-07-06T07:21:00.000,24.8949
2025-07-06T07:22:00.000,25.1106
2025-07-06T07:23:00.000,25.2805
2025-07-06T07:24:00.000,25.5469
2025-07-06T07:25:00.000,25.5986
2025-07-06T07:26:00.000,25.5274
2025-07-06T07:27:00.000,25.5329
2025-07-06T07:28:00.000,25.4478
2025-07-06T07:29:00.000,25.4353
2025-07-06T07:30:00.000,25.4157
2025-07-06T07:31:00.000,25.4255
2025-07-06T07:32:00.000,25.4367
2025-07-06T07:33:00.000,25.4771
2025-07-06T07:34:00.000,25.6446
2025-07-06T07:35:00.000,26.0783
2025-07-06T07:36:00.000,26.3447
2025-07-06T07:37:00.000,26.6088
2025-07-06T07:38:00.000,27.0214
2025-07-06T07:39:00.000,27.3336
2025-07-06T07:40:00.000,27.5402
2025-07-06T07:41:00.000,27.6706
2025-07-06T07:42:00.000,27.8181
2025-07-06T07:43:00.000,27.9488
2025-07-06T07:44:00.000,28.1109
2025-07-06T07:45:00.000,28.2519
2025-07-06T07:46:00.000,28.3803
2025-07-06T07:47:00.000,28.4402
2025-07-06T07:48:00.000,28.4745
2025-07-06T07:49:00.000,28.3574
2025-07-06T07:50:00.000,28.1223
2025-07-06T07:51:00.000,27.9403
2025-07-06T07:52:00.000,27.7472
2025-07-06T07:53:00.000,27.6181
2025-07-06T07:54:00.000,27.5983
2025-07-06T07:55:00.000,27.4368
2025-07-06T07:56:00.000,27.2657
2025-07-06T07:57:00.000,27.1273
2025-07-06T07:58:00.000,26.9763
2025-07-06T07:59:00.000,26.8452
2025-07-06T08:00:00.000,26.7002
2025-07-06T08:01:00.000,26.6791
2025-07-06T08:02:00.000,26.8523
2025-07-06T08:03:00.000,26.9904
2025-07-06T08:04:00.000,27.1640
2025-07-06T08:05:00.000,27.2968
2025-07-06T08:06:00.000,27.4595
2025-07-06T08:07:00.000,27.4326
2025-07-06T08:08:00.000,27.3618
2025-07-06T08:09:00.000,27.2445
2025-07-06T08:10:00.000,27.0976
2025-07-06T08:11:00.000,26.9425
2025-07-06T08:12:00.000,26.7692
2025-07-06T08:13:00.000,26.5160
2025-07-06T08:14:00.000,26.1624
2025-07-06T08:15:00.000,25.9243
2025-07-06T08:16:00.000,25.7816
2025-07-06T08:17:00.000,25.6349
2025-07-06T08:18:00.000,25.5246
2025-07-06T08:19:00.000,25.4771
2025-07-06T08:20:00.000,25.5162
2025-07-06T08:21:00.000,25.6377
2025-07-06T08:22:00.000,25.7816
2025-07-06T08:23:00.000,25.9397
2025-07-06T08:24:00.000,25.9621
2025-07-06T08:25:00.000,25.9313
2025-07-06T08:26:00.000,25.7494
2025-07-06T08:27:00.000,25.1635
2025-07-06T08:28:00.000,24.5144
2025-07-06T08:29:00.000,24.1498
2025-07-06T08:30:00.000,23.7583
2025-07-06T08:31:00.000,23.5304
2025-07-06T08:32:00.000,23.4489
2025-07-06T08:33:00.000,23.3082
2025-07-06T08:34:00.000,23.2434
2025-07-06T08:35:00.000,23.2310
2025-07-06T08:36:00.000,23.2158
2025-07-06T08:37:00.000,23.1289
2025-07-06T08:38:00.000,23.0063
2025-07-06T08:39:00.000,23.0146
2025-07-06T08:40:00.000,23.1276
2025-07-06T08:41:00.000,23.1730
2025-07-06T08:42:00.000,23.1703
2025-07-06T08:43:00.000,23.0090
2025-07-06T08:44:00.000,22.7557
2025-07-06T08:45:00.000,22.6153
2025-07-06T08:46:00.000,22.5314
2025-07-06T08:47:00.000,22.3596
2025-07-06T08:48:00.000,22.3362
2025-07-06T08:49:00.000,22.4792
2025-07-06T08:50:00.000,22.6676
2025-07-06T08:51:00.000,22.8245
2025-07-06T08:52:00.000,22.9071
2025-07-06T08:53:00.000,23.0407
2025-07-06T08:54:00.000,23.1662
2025-07-06T08:55:00.000,23.0325
2025-07-06T08:56:00.000,22.9925
2025-07-06T08:57:00.000,22.8975
2025-07-06T08:58:00.000,22.9305
2025-07-06T08:59:00.000,23.0490
2025-07-06T09:00:00.000,22.9388
2025-07-06T09:01:00.000,22.6153
2025-07-06T09:02:00.000,22.2318
2025-07-06T09:03:00.000,21.8254
2025-07-06T09:04:00.000,21.4811
2025-07-06T09:05:00.000,21.2234
2025-07-06T09:06:00.000,20.9659
2025-07-06T09:07:00.000,20.7154
2025-07-06T09:08:00.000,20.5333
2025-07-06T09:09:00.000,20.4143
2025-07-06T09:10:00.000,20.2611
2025-07-06T09:11:00.000,20.1435
2025-07-06T09:12:00.000,20.1229
2025-07-06T09:13:00.000,20.2283
2025-07-06T09:14:00.000,20.5443
2025-07-06T09:15:00.000,20.9892
2025-07-06T09:16:00.000,21.3975
2025-07-06T09:17:00.000,21.6278
2025-07-06T09:18:00.000,21.7293
2025-07-06T09:19:00.000,21.6319
2025-07-06T09:20:00.000,21.3495
2025-07-06T09:21:00.000,20.9577
2025-07-06T09:22:00.000,20.7304
2025-07-06T09:23:00.000,20.9385
2025-07-06T09:24:00.000,21.4880
2025-07-06T09:25:00.000,22.1164
2025-07-06T09:26:00.000,22.7818
2025-07-06T09:27:00.000,23.3868
2025-07-06T09:28:00.000,23.9311
2025-07-06T09:29:00.000,24.3577
2025-07-06T09:30:00.000,24.6976
2025-07-06T09:31:00.000,24.9339
2025-07-06T09:32:00.000,25.0549
2025-07-06T09:33:00.000,25.1189
2025-07-06T09:34:00.000,25.1649
2025-07-06T09:35:00.000,25.1677
2025-07-06T09:36:00.000,25.0953
2025-07-06T09:37:00.000,25.0312
2025-07-06T09:38:00.000,24.9895
2025-07-06T09:39:00.000,25.0271
2025-07-06T09:40:00.000,25.0939
2025-07-06T09:41:00.000,25.1356
2025-07-06T09:42:00.000,25.2387
2025-07-06T09:43:00.000,25.4450
2025-07-06T09:44:00.000,25.6097
2025-07-06T09:45:00.000,25.6977
2025-07-06T09:46:00.000,25.9131
2025-07-06T09:47:00.000,26.1722
2025-07-06T09:48:00.000,26.2675
2025-07-06T09:49:00.000,26.3671
2025-07-06T09:50:00.000,26.4963
2025-07-06T09:51:00.000,26.6566
2025-07-06T09:52:00.000,26.8565
2025-07-06T09:53:00.000,27.0130
2025-07-06T09:54:00.000,26.9566
2025-07-06T09:55:00.000,26.8185
2025-07-06T09:56:00.000,26.7087
2025-07-06T09:57:00.000,26.7256
2025-07-06T09:58:00.000,26.6200
2025-07-06T09:59:00.000,26.6257
2025-07-06T10:00:00.000,26.6468
2025-07-06T10:01:00.000,26.7354
2025-07-06T10:02:00.000,26.8481
2025-07-06T10:03:00.000,26.9072
2025-07-06T10:04:00.000,27.0003
2025-07-06T10:05:00.000,27.0539
2025-07-06T10:06:00.000,27.1513
2025-07-06T10:07:00.000,27.1343
2025-07-06T10:08:00.000,27.0779
2025-07-06T10:09:00.000,27.0200
2025-07-06T10:10:00.000,26.9989
2025-07-06T10:11:00.000,27.0666
2025-07-06T10:12:00.000,27.1823
2025-07-06T10:13:00.000,27.2897
2025-07-06T10:14:00.000,27.3562
2025-07-06T10:15:00.000,27.4397
2025-07-06T10:16:00.000,27.5529
2025-07-06T10:17:00.000,27.6181
2025-07-06T10:18:00.000,27.6465
2025-07-06T10:19:00.000,27.6805
2025-07-06T10:20:00.000,27.7074
2025-07-06T10:21:00.000,27.8124
2025-07-06T10:22:00.000,27.9360
2025-07-06T10:23:00.000,27.9502
2025-07-06T10:24:00.000,27.9531
2025-07-06T10:25:00.000,27.9815
2025-07-06T10:26:00.000,28.0185
2025-07-06T10:27:00.000,28.0441
2025-07-06T10:28:00.000,28.0939
2025-07-06T10:29:00.000,28.1038
2025-07-06T10:30:00.000,28.1707
2025-07-06T10:31:00.000,28.1793
2025-07-06T10:32:00.000,28.1579
2025-07-06T10:33:00.000,28.1124
2025-07-06T10:34:00.000,28.0597
2025-07-06T10:35:00.000,28.0270
2025-07-06T10:36:00.000,28.0000
2025-07-06T10:37:00.000,27.9801
2025-07-06T10:38:00.000,27.9289
2025-07-06T10:39:00.000,27.8692
2025-07-06T10:40:00.000,27.8153
2025-07-06T10:41:00.000,27.7159
2025-07-06T10:42:00.000,27.6394
2025-07-06T10:43:00.000,27.5855
2025-07-06T10:44:00.000,27.5345
2025-07-06T10:45:00.000,27.4906
2025-07-06T10:46:00.000,27.3845
2025-07-06T10:47:00.000,27.2106
2025-07-06T10:48:00.000,27.1089
2025-07-06T10:49:00.000,27.0454
2025-07-06T10:50:00.000,26.9537
2025-07-06T10:51:00.000,26.9086
2025-07-06T10:52:00.000,26.9044
2025-07-06T10:53:00.000,26.9072
2025-07-06T10:54:00.000,26.9199
2025-07-06T10:55:00.000,26.9552
2025-07-06T10:56:00.000,27.0031
2025-07-06T10:57:00.000,27.0750
2025-07-06T10:58:00.000,27.1357
2025-07-06T10:59:00.000,27.2671
2025-07-06T11:00:00.000,27.3675
2025-07-06T11:01:00.000,27.5034
2025-07-06T11:02:00.000,27.5331
2025-07-06T11:03:00.000,27.6493
2025-07-06T11:04:00.000,27.9218
2025-07-06T11:05:00.000,27.6904
2025-07-06T11:06:00.000,27.2855
2025-07-06T11:07:00.000,26.9749
2025-07-06T11:08:00.000,26.7157
2025-07-06T11:09:00.000,26.5034
2025-07-06T11:10:00.000,26.3980
2025-07-06T11:11:00.000,26.2928
2025-07-06T11:12:00.000,26.1497
2025-07-06T11:13:00.000,26.3307
2025-07-06T11:14:00.000,27.1866
2025-07-06T11:15:00.000,27.9261
2025-07-06T11:16:00.000,28.4131
2025-07-06T11:17:00.000,28.6488
2025-07-06T11:18:00.000,28.6889
2025-07-06T11:19:00.000,28.7662
2025-07-06T11:20:00.000,28.9180
2025-07-06T11:21:00.000,29.1075
2025-07-06T11:22:00.000,29.4513
2025-07-06T11:23:00.000,29.7703
2025-07-06T11:24:00.000,30.1862
2025-07-06T11:25:00.000,30.5383
2025-07-06T11:26:00.000,31.0645
2025-07-06T11:27:00.000,31.7312
2025-07-06T11:28:00.000,32.3124
2025-07-06T11:29:00.000,32.1801
2025-07-06T11:30:00.000,31.8051
2025-07-06T11:31:00.000,31.4789
2025-07-06T11:32:00.000,31.2494
2025-07-06T11:33:00.000,30.8814
2025-07-06T11:34:00.000,30.5630
2025-07-06T11:35:00.000,30.2792
2025-07-06T11:36:00.000,30.0890
2025-07-06T11:37:00.000,29.8919
2025-07-06T11:38:00.000,29.7356
2025-07-06T11:39:00.000,29.6504
2025-07-06T11:40:00.000,29.5970
2025-07-06T11:41:00.000,29.6374
2025-07-06T11:42:00.000,29.6158
2025-07-06T11:43:00.000,29.5450
2025-07-06T11:44:00.000,29.4773
2025-07-06T11:45:00.000,29.3707
2025-07-06T11:46:00.000,29.2699
2025-07-06T11:47:00.000,29.2742
2025-07-06T11:48:00.000,29.3044
2025-07-06T11:49:00.000,29.4802
2025-07-06T11:50:00.000,29.5537
2025-07-06T11:51:00.000,29.5306
2025-07-06T11:52:00.000,29.5638
2025-07-06T11:53:00.000,29.6735
2025-07-06T11:54:00.000,29.7515
2025-07-06T11:55:00.000,29.6865
2025-07-06T11:56:00.000,29.5047
2025-07-06T11:57:00.000,29.3347
2025-07-06T11:58:00.000,29.1822
2025-07-06T11:59:00.000,29.0486
2025-07-06T12:00:00.000,28.9467
2025-07-06T12:01:00.000,28.8750
2025-07-06T12:02:00.000,28.8048
2025-07-06T12:03:00.000,28.7132
2025-07-06T12:04:00.000,28.6345
2025-07-06T12:05:00.000,28.5730
2025-07-06T12:06:00.000,28.5673
2025-07-06T12:07:00.000,28.5487
2025-07-06T12:08:00.000,28.5216
2025-07-06T12:09:00.000,28.5773
2025-07-06T12:10:00.000,28.6331
2025-07-06T12:11:00.000,28.5730
2025-07-06T12:12:00.000,28.4945
2025-07-06T12:13:00.000,28.3246
2025-07-06T12:14:00.000,28.0042
2025-07-06T12:15:00.000,27.5983
2025-07-06T12:16:00.000,27.2318
2025-07-06T12:17:00.000,26.9129
2025-07-06T12:18:00.000,26.6158
2025-07-06T12:19:00.000,26.2900
2025-07-06T12:20:00.000,26.0363
2025-07-06T12:21:00.000,25.7970
2025-07-06T12:22:00.000,25.6181
2025-07-06T12:23:00.000,25.4604
2025-07-06T12:24:00.000,25.3377
2025-07-06T12:25:00.000,25.3014
2025-07-06T12:26:00.000,25.3990
2025-07-06T12:27:00.000,25.6600
2025-07-06T12:28:00.000,25.9663
2025-07-06T12:29:00.000,26.2268
2025-07-06T12:30:00.000,26.4331
2025-07-06T12:31:00.000,26.6440
2025-07-06T12:32:00.000,26.7579
2025-07-06T12:33:00.000,26.9044
2025-07-06T12:34:00.000,27.0468
2025-07-06T12:35:00.000,27.1696
2025-07-06T12:36:00.000,27.1696
2025-07-06T12:37:00.000,27.1456
2025-07-06T12:38:00.000,27.1188
2025-07-06T12:39:00.000,27.0525
2025-07-06T12:40:00.000,26.9326
2025-07-06T12:41:00.000,26.8241
2025-07-06T12:42:00.000,26.7734
2025-07-06T12:43:00.000,26.7354
2025-07-06T12:44:00.000,26.6862
2025-07-06T12:45:00.000,26.6411
2025-07-06T12:46:00.000,26.6144
2025-07-06T12:47:00.000,26.6186
2025-07-06T12:48:00.000,26.5765
2025-07-06T12:49:00.000,26.5765
2025-07-06T12:50:00.000,26.5835
2025-07-06T12:51:00.000,26.5132
2025-07-06T12:52:00.000,26.3896
2025-07-06T12:53:00.000,26.2886
2025-07-06T12:54:00.000,26.1287
2025-07-06T12:55:00.000,25.6963
2025-07-06T12:56:00.000,25.1412
2025-07-06T12:57:00.000,24.2482
2025-07-06T12:58:00.000,23.4890
2025-07-06T12:59:00.000,22.9388
2025-07-06T13:00:00.000,22.5493
2025-07-06T13:01:00.000,22.3060
2025-07-06T13:02:00.000,22.0793
2025-07-06T13:03:00.000,21.9640
2025-07-06T13:04:00.000,21.8528
2025-07-06T13:05:00.000,21.7472
2025-07-06T13:06:00.000,21.6457
2025-07-06T13:07:00.000,21.5565
2025-07-06T13:08:00.000,21.5373
2025-07-06T13:09:00.000,21.4647
2025-07-06T13:10:00.000,21.3577
2025-07-06T13:11:00.000,21.2015
2025-07-06T13:12:00.000,21.0508
2025-07-06T13:13:00.000,20.9153
2025-07-06T13:14:00.000,20.8002
2025-07-06T13:15:00.000,20.6935
2025-07-06T13:16:00.000,20.4348
2025-07-06T13:17:00.000,19.9711
2025-07-06T13:18:00.000,19.5158
2025-07-06T13:19:00.000,19.1085
2025-07-06T13:20:00.000,18.7968
2025-07-06T13:21:00.000,18.6164
2025-07-06T13:22:00.000,18.5767
2025-07-06T13:23:00.000,18.6697
2025-07-06T13:24:00.000,18.7667
2025-07-06T13:25:00.000,18.8788
2025-07-06T13:26:00.000,18.9772
2025-07-06T13:27:00.000,19.0688
2025-07-06T13:28:00.000,19.1727
2025-07-06T13:29:00.000,19.3135
2025-07-06T13:30:00.000,19.4229
2025-07-06T13:31:00.000,19.5008
2025-07-06T13:32:00.000,19.5856
2025-07-06T13:33:00.000,19.7154
2025-07-06T13:34:00.000,19.8221
2025-07-06T13:35:00.000,19.8221
2025-07-06T13:36:00.000,19.8617
2025-07-06T13:37:00.000,19.8645
2025-07-06T13:38:00.000,20.0081
2025-07-06T13:39:00.000,20.0477
2025-07-06T13:40:00.000,19.9834
2025-07-06T13:41:00.000,19.8522
2025-07-06T13:42:00.000,19.7770
2025-07-06T13:43:00.000,19.6484
2025-07-06T13:44:00.000,19.5432
2025-07-06T13:45:00.000,19.5309
2025-07-06T13:46:00.000,19.5227
2025-07-06T13:47:00.000,19.4215
2025-07-06T13:48:00.000,19.2862
2025-07-06T13:49:00.000,19.1563
2025-07-06T13:50:00.000,19.0429
2025-07-06T13:51:00.000,18.9772
2025-07-06T13:52:00.000,18.8952
2025-07-06T13:53:00.000,18.7886
2025-07-06T13:54:00.000,18.6259
2025-07-06T13:55:00.000,18.4851
2025-07-06T13:56:00.000,18.3744
2025-07-06T13:57:00.000,18.2978
2025-07-06T13:58:00.000,18.2335
2025-07-06T13:59:00.000,18.1542
2025-07-06T14:00:00.000,18.0872
2025-07-06T14:01:00.000,18.0270
2025-07-06T14:02:00.000,17.9846
2025-07-06T14:03:00.000,17.9463
2025-07-06T14:04:00.000,17.9189
2025-07-06T14:05:00.000,17.8902
2025-07-06T14:06:00.000,17.8492
2025-07-06T14:07:00.000,17.8122
2025-07-06T14:08:00.000,17.7972
2025-07-06T14:09:00.000,17.7931
2025-07-06T14:10:00.000,17.7917
2025-07-06T14:11:00.000,17.7904
2025-07-06T14:12:00.000,17.7863
2025-07-06T14:13:00.000,17.7863
2025-07-06T14:14:00.000,17.7931
2025-07-06T14:15:00.000,17.8013
2025-07-06T14:16:00.000,17.8136
2025-07-06T14:17:00.000,17.8259
2025-07-06T14:18:00.000,17.8300
2025-07-06T14:19:00.000,17.8437
2025-07-06T14:20:00.000,17.8547
2025-07-06T14:21:00.000,17.8601
2025-07-06T14:22:00.000,17.8656
2025-07-06T14:23:00.000,17.8642
2025-07-06T14:24:00.000,17.8437
2025-07-06T14:25:00.000,17.8163
2025-07-06T14:26:00.000,17.8095
2025-07-06T14:27:00.000,17.8150
2025-07-06T14:28:00.000,17.8232
2025-07-06T14:29:00.000,17.8191
2025-07-06T14:30:00.000,17.8506
2025-07-06T14:31:00.000,17.8861
2025-07-06T14:32:00.000,17.8957
2025-07-06T14:33:00.000,17.8998
2025-07-06T14:34:00.000,17.8916
2025-07-06T14:35:00.000,17.8861
2025-07-06T14:36:00.000,17.8861
2025-07-06T14:37:00.000,17.8930
2025-07-06T14:38:00.000,17.8752
2025-07-06T14:39:00.000,17.8369
2025-07-06T14:40:00.000,17.7849
2025-07-06T14:41:00.000,17.7356
2025-07-06T14:42:00.000,17.7247
2025-07-06T14:43:00.000,17.7343
2025-07-06T14:44:00.000,17.7411
2025-07-06T14:45:00.000,17.7370
2025-07-06T14:46:00.000,17.7329
2025-07-06T14:47:00.000,17.7288
2025-07-06T14:48:00.000,17.7288
2025-07-06T14:49:00.000,17.7055
2025-07-06T14:50:00.000,17.6576
2025-07-06T14:51:00.000,17.6070
2025-07-06T14:52:00.000,17.5618
2025-07-06T14:53:00.000,17.5249
2025-07-06T14:54:00.000,17.4879
2025-07-06T14:55:00.000,17.4523
2025-07-06T14:56:00.000,17.4126
2025-07-06T14:57:00.000,17.3675
2025-07-06T14:58:00.000,17.3291
2025-07-06T14:59:00.000,17.3031
2025-07-06T15:00:00.000,17.2785
2025-07-06T15:01:00.000,17.2607
2025-07-06T15:02:00.000,17.2497
2025-07-06T15:03:00.000,17.2442
2025-07-06T15:04:00.000,17.2429
2025-07-06T15:05:00.000,17.2456
2025-07-06T15:06:00.000,17.2264
2025-07-06T15:07:00.000,17.2018
2025-07-06T15:08:00.000,17.1881
2025-07-06T15:09:00.000,17.1662
2025-07-06T15:10:00.000,17.1538
2025-07-06T15:11:00.000,17.1470
2025-07-06T15:12:00.000,17.1429
2025-07-06T15:13:00.000,17.1415
2025-07-06T15:14:00.000,17.1497
2025-07-06T15:15:00.000,17.1607
2025-07-06T15:16:00.000,17.1744
2025-07-06T15:17:00.000,17.1895
2025-07-06T15:18:00.000,17.2032
2025-07-06T15:19:00.000,17.2182
2025-07-06T15:20:00.000,17.2305
2025-07-06T15:21:00.000,17.2442
2025-07-06T15:22:00.000,17.2620
2025-07-06T15:23:00.000,17.2839
2025-07-06T15:24:00.000,17.3100
2025-07-06T15:25:00.000,17.3332
2025-07-06T15:26:00.000,17.3401
2025-07-06T15:27:00.000,17.3264
2025-07-06T15:28:00.000,17.3209
2025-07-06T15:29:00.000,17.3168
2025-07-06T15:30:00.000,17.3113
2025-07-06T15:31:00.000,17.2935
2025-07-06T15:32:00.000,17.2785
2025-07-06T15:33:00.000,17.2757
2025-07-06T15:34:00.000,17.2757
2025-07-06T15:35:00.000,17.2716
2025-07-06T15:36:00.000,17.2689
2025-07-06T15:37:00.000,17.2689
2025-07-06T15:38:00.000,17.2716
2025-07-06T15:39:00.000,17.2730
2025-07-06T15:40:00.000,17.2689
2025-07-06T15:41:00.000,17.2648
2025-07-06T15:42:00.000,17.2648
2025-07-06T15:43:00.000,17.2579
2025-07-06T15:44:00.000,17.2511
2025-07-06T15:45:00.000,17.2470
2025-07-06T15:46:00.000,17.2456
2025-07-06T15:47:00.000,17.2442
2025-07-06T15:48:00.000,17.2483
2025-07-06T15:49:00.000,17.2497
2025-07-06T15:50:00.000,17.2456
2025-07-06T15:51:00.000,17.2401
2025-07-06T15:52:00.000,17.2305
2025-07-06T15:53:00.000,17.2182
2025-07-06T15:54:00.000,17.2032
2025-07-06T15:55:00.000,17.1895
2025-07-06T15:56:00.000,17.1785
2025-07-06T15:57:00.000,17.1703
2025-07-06T15:58:00.000,17.1648
2025-07-06T15:59:00.000,17.1662
2025-07-06T16:00:00.000,17.1607
2025-07-06T16:01:00.000,17.1538
2025-07-06T16:02:00.000,17.1484
2025-07-06T16:03:00.000,17.1429
2025-07-06T16:04:00.000,17.1360
2025-07-06T16:05:00.000,17.1292
2025-07-06T16:06:00.000,17.1237
2025-07-06T16:07:00.000,17.1182
2025-07-06T16:08:00.000,17.1141
2025-07-06T16:09:00.000,17.1114
2025-07-06T16:10:00.000,17.1155
2025-07-06T16:11:00.000,17.1169
2025-07-06T16:12:00.000,17.1223
2025-07-06T16:13:00.000,17.1251
2025-07-06T16:14:00.000,17.1306
2025-07-06T16:15:00.000,17.1333
2025-07-06T16:16:00.000,17.1388
2025-07-06T16:17:00.000,17.1388
2025-07-06T16:18:00.000,17.1360
2025-07-06T16:19:00.000,17.1360
2025-07-06T16:20:00.000,17.1347
2025-07-06T16:21:00.000,17.1374
2025-07-06T16:22:00.000,17.1360
2025-07-06T16:23:00.000,17.1347
2025-07-06T16:24:00.000,17.1333
2025-07-06T16:25:00.000,17.1306
2025-07-06T16:26:00.000,17.1306
2025-07-06T16:27:00.000,17.1237
2025-07-06T16:28:00.000,17.1210
2025-07-06T16:29:00.000,17.1223
2025-07-06T16:30:00.000,17.1210
2025-07-06T16:31:00.000,17.1182
2025-07-06T16:32:00.000,17.1223
2025-07-06T16:33:00.000,17.1319
2025-07-06T16:34:00.000,17.1319
2025-07-06T16:35:00.000,17.1333
2025-07-06T16:36:00.000,17.1333
2025-07-06T16:37:00.000,17.1388
2025-07-06T16:38:00.000,17.1429
2025-07-06T16:39:00.000,17.1484
2025-07-06T16:40:00.000,17.1525
2025-07-06T16:41:00.000,17.1607
2025-07-06T16:42:00.000,17.1812
2025-07-06T16:43:00.000,17.2114
2025-07-06T16:44:00.000,17.2483
2025-07-06T16:45:00.000,17.3031
2025-07-06T16:46:00.000,17.3442
2025-07-06T16:47:00.000,17.3839
2025-07-06T16:48:00.000,17.4113
2025-07-06T16:49:00.000,17.4277
2025-07-06T16:50:00.000,17.4441
2025-07-06T16:51:00.000,17.4523
2025-07-06T16:52:00.000,17.4578
2025-07-06T16:53:00.000,17.4537
2025-07-06T16:54:00.000,17.4551
2025-07-06T16:55:00.000,17.4551
2025-07-06T16:56:00.000,17.4537
2025-07-06T16:57:00.000,17.4482
2025-07-06T16:58:00.000,17.4386
2025-07-06T16:59:00.000,17.4318
2025-07-06T17:00:00.000,17.4386
2025-07-06T17:01:00.000,17.4523
2025-07-06T17:02:00.000,17.4606
2025-07-06T17:03:00.000,17.4578
2025-07-06T17:04:00.000,17.4510
2025-07-06T17:05:00.000,17.4537
2025-07-06T17:06:00.000,17.4578
2025-07-06T17:07:00.000,17.4660
2025-07-06T17:08:00.000,17.4756
2025-07-06T17:09:00.000,17.4783
2025-07-06T17:10:00.000,17.4742
2025-07-06T17:11:00.000,17.4674
2025-07-06T17:12:00.000,17.4647
2025-07-06T17:13:00.000,17.4619
2025-07-06T17:14:00.000,17.4551
2025-07-06T17:15:00.000,17.4496
2025-07-06T17:16:00.000,17.4469
2025-07-06T17:17:00.000,17.4455
2025-07-06T17:18:00.000,17.4400
2025-07-06T17:19:00.000,17.4414
2025-07-06T17:20:00.000,17.4428
2025-07-06T17:21:00.000,17.4428
2025-07-06T17:22:00.000,17.4428
2025-07-06T17:23:00.000,17.4400
2025-07-06T17:24:00.000,17.4373
2025-07-06T17:25:00.000,17.4277
2025-07-06T17:26:00.000,17.4167
2025-07-06T17:27:00.000,17.4031
2025-07-06T17:28:00.000,17.3948
2025-07-06T17:29:00.000,17.3853
2025-07-06T17:30:00.000,17.3798
2025-07-06T17:31:00.000,17.3729
2025-07-06T17:32:00.000,17.3675
2025-07-06T17:33:00.000,17.3606
2025-07-06T17:34:00.000,17.3592
2025-07-06T17:35:00.000,17.3551
2025-07-06T17:36:00.000,17.3510
2025-07-06T17:37:00.000,17.3469
2025-07-06T17:38:00.000,17.3428
2025-07-06T17:39:00.000,17.3360
2025-07-06T17:40:00.000,17.3291
2025-07-06T17:41:00.000,17.3250
2025-07-06T17:42:00.000,17.3168
2025-07-06T17:43:00.000,17.3086
2025-07-06T17:44:00.000,17.3072
2025-07-06T17:45:00.000,17.3113
2025-07-06T17:46:00.000,17.3168
2025-07-06T17:47:00.000,17.3182
2025-07-06T17:48:00.000,17.3168
2025-07-06T17:49:00.000,17.3168
2025-07-06T17:50:00.000,17.3127
2025-07-06T17:51:00.000,17.3113
2025-07-06T17:52:00.000,17.3086
2025-07-06T17:53:00.000,17.3086
2025-07-06T17:54:00.000,17.3072
2025-07-06T17:55:00.000,17.3031
2025-07-06T17:56:00.000,17.2963
2025-07-06T17:57:00.000,17.2894
2025-07-06T17:58:00.000,17.2881
2025-07-06T17:59:00.000,17.2798
2025-07-06T18:00:00.000,17.2703
2025-07-06T18:01:00.000,17.2593
2025-07-06T18:02:00.000,17.2511
2025-07-06T18:03:00.000,17.2415
2025-07-06T18:04:00.000,17.2305
2025-07-06T18:05:00.000,17.2210
2025-07-06T18:06:00.000,17.2141
2025-07-06T18:07:00.000,17.2141
2025-07-06T18:08:00.000,17.2237
2025-07-06T18:09:00.000,17.2374
2025-07-06T18:10:00.000,17.2538
2025-07-06T18:11:00.000,17.2648
2025-07-06T18:12:00.000,17.2716
2025-07-06T18:13:00.000,17.2511
2025-07-06T18:14:00.000,17.1812
2025-07-06T18:15:00.000,17.0922
2025-07-06T18:16:00.000,17.0223
2025-07-06T18:17:00.000,16.9662
2025-07-06T18:18:00.000,16.8977
2025-07-06T18:19:00.000,16.8127
2025-07-06T18:20:00.000,16.7291
2025-07-06T18:21:00.000,16.6578
2025-07-06T18:22:00.000,16.5947
2025-07-06T18:23:00.000,16.5275
2025-07-06T18:24:00.000,16.4671
2025-07-06T18:25:00.000,16.4260
2025-07-06T18:26:00.000,16.3999
2025-07-06T18:27:00.000,16.3780
2025-07-06T18:28:00.000,16.3683
2025-07-06T18:29:00.000,16.3629
2025-07-06T18:30:00.000,16.3683
2025-07-06T18:31:00.000,16.3848
2025-07-06T18:32:00.000,16.4191
2025-07-06T18:33:00.000,16.4452
2025-07-06T18:34:00.000,16.4754
2025-07-06T18:35:00.000,16.5028
2025-07-06T18:36:00.000,16.5343
2025-07-06T18:37:00.000,16.5837
2025-07-06T18:38:00.000,16.6262
2025-07-06T18:39:00.000,16.6633
2025-07-06T18:40:00.000,16.6934
2025-07-06T18:41:00.000,16.7058
2025-07-06T18:42:00.000,16.7112
2025-07-06T18:43:00.000,16.7085
2025-07-06T18:44:00.000,16.6948
2025-07-06T18:45:00.000,16.6811
2025-07-06T18:46:00.000,16.6591
2025-07-06T18:47:00.000,16.6427
2025-07-06T18:48:00.000,16.6386
2025-07-06T18:49:00.000,16.6427
2025-07-06T18:50:00.000,16.6495
2025-07-06T18:51:00.000,16.6468
2025-07-06T18:52:00.000,16.6537
2025-07-06T18:53:00.000,16.6591
2025-07-06T18:54:00.000,16.6701
2025-07-06T18:55:00.000,16.6962
2025-07-06T18:56:00.000,16.7085
2025-07-06T18:57:00.000,16.7181
2025-07-06T18:58:00.000,16.7346
2025-07-06T18:59:00.000,16.7565
2025-07-06T19:00:00.000,16.7853
2025-07-06T19:01:00.000,16.8086
2025-07-06T19:02:00.000,16.8332
2025-07-06T19:03:00.000,16.8524
2025-07-06T19:04:00.000,16.8771
2025-07-06T19:05:00.000,16.8990
2025-07-06T19:06:00.000,16.9278
2025-07-06T19:07:00.000,16.9552
2025-07-06T19:08:00.000,16.9429
2025-07-06T19:09:00.000,16.9141
2025-07-06T19:10:00.000,16.8771
2025-07-06T19:11:00.000,16.8415
2025-07-06T19:12:00.000,16.8195
2025-07-06T19:13:00.000,16.8195
2025-07-06T19:14:00.000,16.8195
2025-07-06T19:15:00.000,16.8250
2025-07-06T19:16:00.000,16.8374
2025-07-06T19:17:00.000,16.8291
2025-07-06T19:18:00.000,16.8237
2025-07-06T19:19:00.000,16.8305
2025-07-06T19:20:00.000,16.8648
2025-07-06T19:21:00.000,16.9251
2025-07-06T19:22:00.000,16.9758
2025-07-06T19:23:00.000,17.0580
2025-07-06T19:24:00.000,17.1306
2025-07-06T19:25:00.000,17.2196
2025-07-06T19:26:00.000,17.3305
2025-07-06T19:27:00.000,17.4578
2025-07-06T19:28:00.000,17.5824
2025-07-06T19:29:00.000,17.6782
2025-07-06T19:30:00.000,17.7630
2025-07-06T19:31:00.000,17.8423
2025-07-06T19:32:00.000,17.9148
2025-07-06T19:33:00.000,17.9778
2025-07-06T19:34:00.000,17.9942
2025-07-06T19:35:00.000,17.9914
2025-07-06T19:36:00.000,17.9914
2025-07-06T19:37:00.000,18.0202
2025-07-06T19:38:00.000,18.0667
2025-07-06T19:39:00.000,18.1310
2025-07-06T19:40:00.000,18.2130
2025-07-06T19:41:00.000,18.2855
2025-07-06T19:42:00.000,18.3429
2025-07-06T19:43:00.000,18.3839
2025-07-06T19:44:00.000,18.4003
2025-07-06T19:45:00.000,18.3634
2025-07-06T19:46:00.000,18.3402
2025-07-06T19:47:00.000,18.3320
2025-07-06T19:48:00.000,18.2978
2025-07-06T19:49:00.000,18.2759
2025-07-06T19:50:00.000,18.2404
2025-07-06T19:51:00.000,18.2157
2025-07-06T19:52:00.000,18.1939
2025-07-06T19:53:00.000,18.1843
2025-07-06T19:54:00.000,18.1720
2025-07-06T19:55:00.000,18.1323
2025-07-06T19:56:00.000,18.1296
2025-07-06T19:57:00.000,18.1241
2025-07-06T19:58:00.000,18.1118
2025-07-06T19:59:00.000,18.0968
2025-07-06T20:00:00.000,18.0790
2025-07-06T20:01:00.000,18.0735
2025-07-06T20:02:00.000,18.0585
2025-07-06T20:03:00.000,18.0462
2025-07-06T20:04:00.000,18.0366
2025-07-06T20:05:00.000,18.0215
2025-07-06T20:06:00.000,17.9832
2025-07-06T20:07:00.000,17.9627
2025-07-06T20:08:00.000,17.9627
2025-07-06T20:09:00.000,17.9600
2025-07-06T20:10:00.000,18.0065
2025-07-06T20:11:00.000,18.0653
2025-07-06T20:12:00.000,18.0872
2025-07-06T20:13:00.000,18.1433
2025-07-06T20:14:00.000,18.1939
2025-07-06T20:15:00.000,18.2130
2025-07-06T20:16:00.000,18.2321
2025-07-06T20:17:00.000,18.3060
2025-07-06T20:18:00.000,18.4072
2025-07-06T20:19:00.000,18.4400
2025-07-06T20:20:00.000,18.5042
2025-07-06T20:21:00.000,18.5589
2025-07-06T20:22:00.000,18.6451
2025-07-06T20:23:00.000,18.7189
2025-07-06T20:24:00.000,18.8009
2025-07-06T20:25:00.000,18.9048
2025-07-06T20:26:00.000,18.9841
2025-07-06T20:27:00.000,19.0483
2025-07-06T20:28:00.000,19.1167
2025-07-06T20:29:00.000,19.1645
2025-07-06T20:30:00.000,19.1522
2025-07-06T20:31:00.000,19.0743
2025-07-06T20:32:00.000,18.9923
2025-07-06T20:33:00.000,18.9212
2025-07-06T20:34:00.000,18.8542
2025-07-06T20:35:00.000,18.7845
2025-07-06T20:36:00.000,18.7202
2025-07-06T20:37:00.000,18.6669
2025-07-06T20:38:00.000,18.6273
2025-07-06T20:39:00.000,18.5371
2025-07-06T20:40:00.000,18.4441
2025-07-06T20:41:00.000,18.3662
2025-07-06T20:42:00.000,18.2951
2025-07-06T20:43:00.000,18.2568
2025-07-06T20:44:00.000,18.2363
2025-07-06T20:45:00.000,18.2062
2025-07-06T20:46:00.000,18.1802
2025-07-06T20:47:00.000,18.1474
2025-07-06T20:48:00.000,18.1323
2025-07-06T20:49:00.000,18.1255
2025-07-06T20:50:00.000,18.1337
2025-07-06T20:51:00.000,18.1337
2025-07-06T20:52:00.000,18.1405
2025-07-06T20:53:00.000,18.1446
2025-07-06T20:54:00.000,18.1460
2025-07-06T20:55:00.000,18.1460
2025-07-06T20:56:00.000,18.1433
2025-07-06T20:57:00.000,18.1351
2025-07-06T20:58:00.000,18.1296
2025-07-06T20:59:00.000,18.1446
2025-07-06T21:00:00.000,18.1556
2025-07-06T21:01:00.000,18.1542
2025-07-06T21:02:00.000,18.1528
2025-07-06T21:03:00.000,18.1515
2025-07-06T21:04:00.000,18.1569
2025-07-06T21:05:00.000,18.1651
2025-07-06T21:06:00.000,18.1802
2025-07-06T21:07:00.000,18.1993
2025-07-06T21:08:00.000,18.2130
2025-07-06T21:09:00.000,18.2130
2025-07-06T21:10:00.000,18.2075
2025-07-06T21:11:00.000,18.1993
2025-07-06T21:12:00.000,18.1939
2025-07-06T21:13:00.000,18.1939
2025-07-06T21:14:00.000,18.2021
2025-07-06T21:15:00.000,18.2144
2025-07-06T21:16:00.000,18.2267
2025-07-06T21:17:00.000,18.2363
2025-07-06T21:18:00.000,18.2458
2025-07-06T21:19:00.000,18.2499
2025-07-06T21:20:00.000,18.2540
2025-07-06T21:21:00.000,18.2581
2025-07-06T21:22:00.000,18.2650
2025-07-06T21:23:00.000,18.2677
2025-07-06T21:24:00.000,18.2622
2025-07-06T21:25:00.000,18.2554
2025-07-06T21:26:00.000,18.2527
2025-07-06T21:27:00.000,18.2568
2025-07-06T21:28:00.000,18.2636
2025-07-06T21:29:00.000,18.2691
2025-07-06T21:30:00.000,18.2663
2025-07-06T21:31:00.000,18.2691
2025-07-06T21:32:00.000,18.2691
2025-07-06T21:33:00.000,18.2732
2025-07-06T21:34:00.000,18.2773
2025-07-06T21:35:00.000,18.2800
2025-07-06T21:36:00.000,18.2800
2025-07-06T21:37:00.000,18.2800
2025-07-06T21:38:00.000,18.2841
2025-07-06T21:39:00.000,18.2896
2025-07-06T21:40:00.000,18.2964
2025-07-06T21:41:00.000,18.2992
2025-07-06T21:42:00.000,18.3060
2025-07-06T21:43:00.000,18.3087
2025-07-06T21:44:00.000,18.3101
2025-07-06T21:45:00.000,18.3128
2025-07-06T21:46:00.000,18.3169
2025-07-06T21:47:00.000,18.3210
2025-07-06T21:48:00.000,18.3251
2025-07-06T21:49:00.000,18.3279
2025-07-06T21:50:00.000,18.3265
2025-07-06T21:51:00.000,18.3265
2025-07-06T21:52:00.000,18.3306
2025-07-06T21:53:00.000,18.3333
2025-07-06T21:54:00.000,18.3333
2025-07-06T21:55:00.000,18.3320
2025-07-06T21:56:00.000,18.3306
2025-07-06T21:57:00.000,18.3320
2025-07-06T21:58:00.000,18.3279
2025-07-06T21:59:00.000,18.3142
2025-07-06T22:00:00.000,18.2923
2025-07-06T22:01:00.000,18.2732
2025-07-06T22:02:00.000,18.2595
2025-07-06T22:03:00.000,18.2472
2025-07-06T22:04:00.000,18.2089
2025-07-06T22:05:00.000,18.1679
2025-07-06T22:06:00.000,18.1241
2025-07-06T22:07:00.000,18.0886
2025-07-06T22:08:00.000,18.0489
2025-07-06T22:09:00.000,18.0010
2025-07-06T22:10:00.000,17.9791
2025-07-06T22:11:00.000,17.9709
2025-07-06T22:12:00.000,17.9709
2025-07-06T22:13:00.000,17.9504
2025-07-06T22:14:00.000,17.9244
2025-07-06T22:15:00.000,17.8984
2025-07-06T22:16:00.000,17.8848
2025-07-06T22:17:00.000,17.8724
2025-07-06T22:18:00.000,17.8615
2025-07-06T22:19:00.000,17.8232
2025-07-06T22:20:00.000,17.7767
2025-07-06T22:21:00.000,17.7753
2025-07-06T22:22:00.000,17.7986
2025-07-06T22:23:00.000,17.8040
2025-07-06T22:24:00.000,17.7890
2025-07-06T22:25:00.000,17.8013
2025-07-06T22:26:00.000,17.8396
2025-07-06T22:27:00.000,17.8355
2025-07-06T22:28:00.000,17.8109
2025-07-06T22:29:00.000,17.7999
2025-07-06T22:30:00.000,17.8205
2025-07-06T22:31:00.000,17.8629
2025-07-06T22:32:00.000,17.8998
2025-07-06T22:33:00.000,17.9080
2025-07-06T22:34:00.000,17.9039
2025-07-06T22:35:00.000,17.8916
2025-07-06T22:36:00.000,17.8711
2025-07-06T22:37:00.000,17.8478
2025-07-06T22:38:00.000,17.8287
2025-07-06T22:39:00.000,17.8081
2025-07-06T22:40:00.000,17.7821
2025-07-06T22:41:00.000,17.7507
2025-07-06T22:42:00.000,17.7069
2025-07-06T22:43:00.000,17.6590
2025-07-06T22:44:00.000,17.5851
2025-07-06T22:45:00.000,17.5413
2025-07-06T22:46:00.000,17.4948
2025-07-06T22:47:00.000,17.4482
2025-07-06T22:48:00.000,17.3948
2025-07-06T22:49:00.000,17.3401
2025-07-06T22:50:00.000,17.2949
2025-07-06T22:51:00.000,17.2525
2025-07-06T22:52:00.000,17.2086
2025-07-06T22:53:00.000,17.1717
2025-07-06T22:54:00.000,17.1415
2025-07-06T22:55:00.000,17.1237
2025-07-06T22:56:00.000,17.1073
2025-07-06T22:57:00.000,17.0840
2025-07-06T22:58:00.000,17.0676
2025-07-06T22:59:00.000,17.0580
2025-07-06T23:00:00.000,17.0634
2025-07-06T23:01:00.000,17.0648
2025-07-06T23:02:00.000,17.0607
2025-07-06T23:03:00.000,17.0607
2025-07-06T23:04:00.000,17.0703
2025-07-06T23:05:00.000,17.0826
2025-07-06T23:06:00.000,17.0922
2025-07-06T23:07:00.000,17.0991
2025-07-06T23:08:00.000,17.0991
2025-07-06T23:09:00.000,17.0936
2025-07-06T23:10:00.000,17.0908
2025-07-06T23:11:00.000,17.0895
2025-07-06T23:12:00.000,17.0881
2025-07-06T23:13:00.000,17.0881
2025-07-06T23:14:00.000,17.0867
2025-07-06T23:15:00.000,17.0867
2025-07-06T23:16:00.000,17.0867
2025-07-06T23:17:00.000,17.0881
2025-07-06T23:18:00.000,17.0922
2025-07-06T23:19:00.000,17.0963
2025-07-06T23:20:00.000,17.1018
2025-07-06T23:21:00.000,17.1100
2025-07-06T23:22:00.000,17.1223
2025-07-06T23:23:00.000,17.1292
2025-07-06T23:24:00.000,17.1374
2025-07-06T23:25:00.000,17.1443
2025-07-06T23:26:00.000,17.1484
2025-07-06T23:27:00.000,17.1525
2025-07-06T23:28:00.000,17.1566
2025-07-06T23:29:00.000,17.1593
2025-07-06T23:30:00.000,17.1621
2025-07-06T23:31:00.000,17.1621
2025-07-06T23:32:00.000,17.1621
2025-07-06T23:33:00.000,17.1593
2025-07-06T23:34:00.000,17.1566
2025-07-06T23:35:00.000,17.1511
2025-07-06T23:36:00.000,17.1456
2025-07-06T23:37:00.000,17.1402
2025-07-06T23:38:00.000,17.1347
2025-07-06T23:39:00.000,17.1319
2025-07-06T23:40:00.000,17.1251
2025-07-06T23:41:00.000,17.1182
2025-07-06T23:42:00.000,17.1100
2025-07-06T23:43:00.000,17.1045
2025-07-06T23:44:00.000,17.0977
2025-07-06T23:45:00.000,17.0867
2025-07-06T23:46:00.000,17.0758
2025-07-06T23:47:00.000,17.0634
2025-07-06T23:48:00.000,17.0484
2025-07-06T23:49:00.000,17.0128
2025-07-06T23:50:00.000,16.9634
2025-07-06T23:51:00.000,16.9045
2025-07-06T23:52:00.000,16.8607
2025-07-06T23:53:00.000,16.8360
2025-07-06T23:54:00.000,16.8127
2025-07-06T23:55:00.000,16.8045
2025-07-06T23:56:00.000,16.7949
2025-07-06T23:57:00.000,16.7839
2025-07-06T23:58:00.000,16.7743
2025-07-06T23:59:00.000,16.7688
2025-07-07T00:00:00.000,16.7661
2025-07-07T00:01:00.000,16.7729
2025-07-07T00:02:00.000,16.7798
2025-07-07T00:03:00.000,16.7825
2025-07-07T00:04:00.000,16.7908
2025-07-07T00:05:00.000,16.7962
2025-07-07T00:06:00.000,16.8004
2025-07-07T00:07:00.000,16.8072
2025-07-07T00:08:00.000,16.8141
2025-07-07T00:09:00.000,16.8195
2025-07-07T00:10:00.000,16.8250
2025-07-07T00:11:00.000,16.8305
2025-07-07T00:12:00.000,16.8332
2025-07-07T00:13:00.000,16.8360
2025-07-07T00:14:00.000,16.8346
2025-07-07T00:15:00.000,16.8332
2025-07-07T00:16:00.000,16.8319
2025-07-07T00:17:00.000,16.8305
2025-07-07T00:18:00.000,16.8305
2025-07-07T00:19:00.000,16.8264
2025-07-07T00:20:00.000,16.8223
2025-07-07T00:21:00.000,16.8141
2025-07-07T00:22:00.000,16.8045
2025-07-07T00:23:00.000,16.7990
2025-07-07T00:24:00.000,16.7976
2025-07-07T00:25:00.000,16.7935
2025-07-07T00:26:00.000,16.7894
2025-07-07T00:27:00.000,16.7825
2025-07-07T00:28:00.000,16.7770
2025-07-07T00:29:00.000,16.7784
2025-07-07T00:30:00.000,16.7675
2025-07-07T00:31:00.000,16.7483
2025-07-07T00:32:00.000,16.7332
2025-07-07T00:33:00.000,16.7030
2025-07-07T00:34:00.000,16.6742
2025-07-07T00:35:00.000,16.6523
2025-07-07T00:36:00.000,16.6331
2025-07-07T00:37:00.000,16.6317
2025-07-07T00:38:00.000,16.6166
2025-07-07T00:39:00.000,16.5974
2025-07-07T00:40:00.000,16.5686
2025-07-07T00:41:00.000,16.5440
2025-07-07T00:42:00.000,16.5302
2025-07-07T00:43:00.000,16.5371
2025-07-07T00:44:00.000,16.5083
2025-07-07T00:45:00.000,16.4438
2025-07-07T00:46:00.000,16.3725
2025-07-07T00:47:00.000,16.3148
2025-07-07T00:48:00.000,16.2640
2025-07-07T00:49:00.000,16.2283
2025-07-07T00:50:00.000,16.2023
2025-07-07T00:51:00.000,16.1776
2025-07-07T00:52:00.000,16.1597
2025-07-07T00:53:00.000,16.1405
2025-07-07T00:54:00.000,16.1226
2025-07-07T00:55:00.000,16.1158
2025-07-07T00:56:00.000,16.1089
2025-07-07T00:57:00.000,16.1089
2025-07-07T00:58:00.000,16.1061
2025-07-07T00:59:00.000,16.1116
2025-07-07T01:00:00.000,16.1185
2025-07-07T01:01:00.000,16.1213
2025-07-07T01:02:00.000,16.1405
2025-07-07T01:03:00.000,16.1721
2025-07-07T01:04:00.000,16.1981
2025-07-07T01:05:00.000,16.2174
2025-07-07T01:06:00.000,16.2256
2025-07-07T01:07:00.000,16.2187
2025-07-07T01:08:00.000,16.2242
2025-07-07T01:09:00.000,16.2448
2025-07-07T01:10:00.000,16.2627
2025-07-07T01:11:00.000,16.2791
2025-07-07T01:12:00.000,16.2929
2025-07-07T01:13:00.000,16.2970
2025-07-07T01:14:00.000,16.2860
2025-07-07T01:15:00.000,16.2640
2025-07-07T01:16:00.000,16.2366
2025-07-07T01:17:00.000,16.2119
2025-07-07T01:18:00.000,16.1954
2025-07-07T01:19:00.000,16.1789
2025-07-07T01:20:00.000,16.1624
2025-07-07T01:21:00.000,16.1611
2025-07-07T01:22:00.000,16.1624
2025-07-07T01:23:00.000,16.1679
2025-07-07T01:24:00.000,16.1693
2025-07-07T01:25:00.000,16.1542
2025-07-07T01:26:00.000,16.1473
2025-07-07T01:27:00.000,16.1473
2025-07-07T01:28:00.000,16.1528
2025-07-07T01:29:00.000,16.1638
2025-07-07T01:30:00.000,16.1748
2025-07-07T01:31:00.000,16.1817
2025-07-07T01:32:00.000,16.1872
2025-07-07T01:33:00.000,16.1913
2025-07-07T01:34:00.000,16.1899
2025-07-07T01:35:00.000,16.1885
2025-07-07T01:36:00.000,16.1899
2025-07-07T01:37:00.000,16.1927
2025-07-07T01:38:00.000,16.1981
2025-07-07T01:39:00.000,16.1968
2025-07-07T01:40:00.000,16.1981
2025-07-07T01:41:00.000,16.1954
2025-07-07T01:42:00.000,16.1940
2025-07-07T01:43:00.000,16.1927
2025-07-07T01:44:00.000,16.1899
2025-07-07T01:45:00.000,16.1885
2025-07-07T01:46:00.000,16.1899
2025-07-07T01:47:00.000,16.1913
2025-07-07T01:48:00.000,16.1968
2025-07-07T01:49:00.000,16.2119
2025-07-07T01:50:00.000,16.2215
2025-07-07T01:51:00.000,16.2325
2025-07-07T01:52:00.000,16.2366
2025-07-07T01:53:00.000,16.2421
2025-07-07T01:54:00.000,16.2476
2025-07-07T01:55:00.000,16.2544
2025-07-07T01:56:00.000,16.2558
2025-07-07T01:57:00.000,16.2558
2025-07-07T01:58:00.000,16.2572
2025-07-07T01:59:00.000,16.2572
2025-07-07T02:00:00.000,16.2572
2025-07-07T02:01:00.000,16.2531
2025-07-07T02:02:00.000,16.2380
2025-07-07T02:03:00.000,16.2146
2025-07-07T02:04:00.000,16.1899
2025-07-07T02:05:00.000,16.1693
2025-07-07T02:06:00.000,16.1542
2025-07-07T02:07:00.000,16.1432
2025-07-07T02:08:00.000,16.1364
2025-07-07T02:09:00.000,16.1254
2025-07-07T02:10:00.000,16.1171
2025-07-07T02:11:00.000,16.1254
2025-07-07T02:12:00.000,16.1364
2025-07-07T02:13:00.000,16.1309
2025-07-07T02:14:00.000,16.1309
2025-07-07T02:15:00.000,16.1336
2025-07-07T02:16:00.000,16.1405
2025-07-07T02:17:00.000,16.1460
2025-07-07T02:18:00.000,16.1501
2025-07-07T02:19:00.000,16.1487
2025-07-07T02:20:00.000,16.1391
2025-07-07T02:21:00.000,16.1322
2025-07-07T02:22:00.000,16.1226
2025-07-07T02:23:00.000,16.1158
2025-07-07T02:24:00.000,16.1185
2025-07-07T02:25:00.000,16.1309
2025-07-07T02:26:00.000,16.1377
2025-07-07T02:27:00.000,16.1377
2025-07-07T02:28:00.000,16.1364
2025-07-07T02:29:00.000,16.1350
2025-07-07T02:30:00.000,16.1377
2025-07-07T02:31:00.000,16.1419
2025-07-07T02:32:00.000,16.1391
2025-07-07T02:33:00.000,16.1350
2025-07-07T02:34:00.000,16.1322
2025-07-07T02:35:00.000,16.1309
2025-07-07T02:36:00.000,16.1295
2025-07-07T02:37:00.000,16.1254
2025-07-07T02:38:00.000,16.1226
2025-07-07T02:39:00.000,16.1185
2025-07-07T02:40:00.000,16.1158
2025-07-07T02:41:00.000,16.1130
2025-07-07T02:42:00.000,16.1089
2025-07-07T02:43:00.000,16.1061
2025-07-07T02:44:00.000,16.1034
2025-07-07T02:45:00.000,16.0993
2025-07-07T02:46:00.000,16.0993
2025-07-07T02:47:00.000,16.0952
2025-07-07T02:48:00.000,16.0924
2025-07-07T02:49:00.000,16.0897
2025-07-07T02:50:00.000,16.0869
2025-07-07T02:51:00.000,16.0814
2025-07-07T02:52:00.000,16.0759
2025-07-07T02:53:00.000,16.0704
2025-07-07T02:54:00.000,16.0704
2025-07-07T02:55:00.000,16.0691
2025-07-07T02:56:00.000,16.0677
2025-07-07T02:57:00.000,16.0649
2025-07-07T02:58:00.000,16.0622
2025-07-07T02:59:00.000,16.0608
2025-07-07T03:00:00.000,16.0540
2025-07-07T03:01:00.000,16.0471
2025-07-07T03:02:00.000,16.0416
2025-07-07T03:03:00.000,16.0471
2025-07-07T03:04:00.000,16.0443
2025-07-07T03:05:00.000,16.0443
2025-07-07T03:06:00.000,16.0526
2025-07-07T03:07:00.000,16.0608
2025-07-07T03:08:00.000,16.0677
2025-07-07T03:09:00.000,16.0746
2025-07-07T03:10:00.000,16.0732
2025-07-07T03:11:00.000,16.0663
2025-07-07T03:12:00.000,16.0636
2025-07-07T03:13:00.000,16.0663
2025-07-07T03:14:00.000,16.0608
2025-07-07T03:15:00.000,16.0485
2025-07-07T03:16:00.000,16.0334
2025-07-07T03:17:00.000,16.0155
2025-07-07T03:18:00.000,15.9990
2025-07-07T03:19:00.000,15.9825
2025-07-07T03:20:00.000,15.9729
2025-07-07T03:21:00.000,15.9605
2025-07-07T03:22:00.000,15.9509
2025-07-07T03:23:00.000,15.9441
2025-07-07T03:24:00.000,15.9413
2025-07-07T03:25:00.000,15.9386
2025-07-07T03:26:00.000,15.9399
2025-07-07T03:27:00.000,15.9386
2025-07-07T03:28:00.000,15.9303
2025-07-07T03:29:00.000,15.9193
2025-07-07T03:30:00.000,15.9097
2025-07-07T03:31:00.000,15.9056
2025-07-07T03:32:00.000,15.9028
2025-07-07T03:33:00.000,15.9015
2025-07-07T03:34:00.000,15.9028
2025-07-07T03:35:00.000,15.9028
2025-07-07T03:36:00.000,15.9001
2025-07-07T03:37:00.000,15.9042
2025-07-07T03:38:00.000,15.9042
2025-07-07T03:39:00.000,15.9015
2025-07-07T03:40:00.000,15.8987
2025-07-07T03:41:00.000,15.8987
2025-07-07T03:42:00.000,15.9015
2025-07-07T03:43:00.000,15.9056
2025-07-07T03:44:00.000,15.9111
2025-07-07T03:45:00.000,15.9207
2025-07-07T03:46:00.000,15.9276
2025-07-07T03:47:00.000,15.9372
2025-07-07T03:48:00.000,15.9482
2025-07-07T03:49:00.000,15.9605
2025-07-07T03:50:00.000,15.9715
2025-07-07T03:51:00.000,15.9757
2025-07-07T03:52:00.000,15.9757
2025-07-07T03:53:00.000,15.9729
2025-07-07T03:54:00.000,15.9715
2025-07-07T03:55:00.000,15.9660
2025-07-07T03:56:00.000,15.9592
2025-07-07T03:57:00.000,15.9537
2025-07-07T03:58:00.000,15.9468
2025-07-07T03:59:00.000,15.9386
2025-07-07T04:00:00.000,15.9303
2025-07-07T04:01:00.000,15.9234
2025-07-07T04:02:00.000,15.9152
2025-07-07T04:03:00.000,15.9083
2025-07-07T04:04:00.000,15.9015
2025-07-07T04:05:00.000,15.8987
2025-07-07T04:06:00.000,15.8960
2025-07-07T04:07:00.000,15.8960
2025-07-07T04:08:00.000,15.8960
2025-07-07T04:09:00.000,15.8960
2025-07-07T04:10:00.000,15.8973
2025-07-07T04:11:00.000,15.9001
2025-07-07T04:12:00.000,15.8987
2025-07-07T04:13:00.000,15.8960
2025-07-07T04:14:00.000,15.8946
2025-07-07T04:15:00.000,15.8918
2025-07-07T04:16:00.000,15.8891
2025-07-07T04:17:00.000,15.8850
2025-07-07T04:18:00.000,15.8822
2025-07-07T04:19:00.000,15.8795
2025-07-07T04:20:00.000,15.8767
2025-07-07T04:21:00.000,15.8726
2025-07-07T04:22:00.000,15.8698
2025-07-07T04:23:00.000,15.8657
2025-07-07T04:24:00.000,15.8616
2025-07-07T04:25:00.000,15.8561
2025-07-07T04:26:00.000,15.8506
2025-07-07T04:27:00.000,15.8437
2025-07-07T04:28:00.000,15.8437
2025-07-07T04:29:00.000,15.8369
2025-07-07T04:30:00.000,15.8272
2025-07-07T04:31:00.000,15.8204
2025-07-07T04:32:00.000,15.8149
2025-07-07T04:33:00.000,15.8135
2025-07-07T04:34:00.000,15.8107
2025-07-07T04:35:00.000,15.8094
2025-07-07T04:36:00.000,15.8080
2025-07-07T04:37:00.000,15.8039
2025-07-07T04:38:00.000,15.7956
2025-07-07T04:39:00.000,15.7887
2025-07-07T04:40:00.000,15.7819
2025-07-07T04:41:00.000,15.7750
2025-07-07T04:42:00.000,15.7695
2025-07-07T04:43:00.000,15.7585
2025-07-07T04:44:00.000,15.7392
2025-07-07T04:45:00.000,15.7049
2025-07-07T04:46:00.000,15.6265
2025-07-07T04:47:00.000,15.5315
2025-07-07T04:48:00.000,15.4187
2025-07-07T04:49:00.000,15.3003
2025-07-07T04:50:00.000,15.1446
2025-07-07T04:51:00.000,14.9281
2025-07-07T04:52:00.000,14.6534
2025-07-07T04:53:00.000,14.3120
2025-07-07T04:54:00.000,13.9631
2025-07-07T04:55:00.000,13.6218
2025-07-07T04:56:00.000,13.3508
2025-07-07T04:57:00.000,13.1016
2025-07-07T04:58:00.000,12.8995
2025-07-07T04:59:00.000,12.7068
2025-07-07T05:00:00.000,12.5308
2025-07-07T05:01:00.000,12.3768
2025-07-07T05:02:00.000,12.2550
2025-07-07T05:03:00.000,12.1288
2025-07-07T05:04:00.000,12.0250
2025-07-07T05:05:00.000,11.9408
2025-07-07T05:06:00.000,11.8635
2025-07-07T05:07:00.000,11.7960
2025-07-07T05:08:00.000,11.7384
2025-07-07T05:09:00.000,11.6962
2025-07-07T05:10:00.000,11.6638
2025-07-07T05:11:00.000,11.6258
2025-07-07T05:12:00.000,11.5821
2025-07-07T05:13:00.000,11.5342
2025-07-07T05:14:00.000,11.4934
2025-07-07T05:15:00.000,11.4638
2025-07-07T05:16:00.000,11.4398
2025-07-07T05:17:00.000,11.4144
2025-07-07T05:18:00.000,11.3932
2025-07-07T05:19:00.000,11.3820
2025-07-07T05:20:00.000,11.3749
2025-07-07T05:21:00.000,11.3580
2025-07-07T05:22:00.000,11.3396
2025-07-07T05:23:00.000,11.3255
2025-07-07T05:24:00.000,11.3185
2025-07-07T05:25:00.000,11.2987
2025-07-07T05:26:00.000,11.2902
2025-07-07T05:27:00.000,11.2930
2025-07-07T05:28:00.000,11.2902
2025-07-07T05:29:00.000,11.2860
2025-07-07T05:30:00.000,11.2930
2025-07-07T05:31:00.000,11.2987
2025-07-07T05:32:00.000,11.3058
2025-07-07T05:33:00.000,11.3199
2025-07-07T05:34:00.000,11.3368
2025-07-07T05:35:00.000,11.3636
2025-07-07T05:36:00.000,11.3890
2025-07-07T05:37:00.000,11.4073
2025-07-07T05:38:00.000,11.4186
2025-07-07T05:39:00.000,11.4186
2025-07-07T05:40:00.000,11.4144
2025-07-07T05:41:00.000,11.4243
2025-07-07T05:42:00.000,11.4313
2025-07-07T05:43:00.000,11.4370
2025-07-07T05:44:00.000,11.4412
2025-07-07T05:45:00.000,11.4412
2025-07-07T05:46:00.000,11.4482
2025-07-07T05:47:00.000,11.4567
2025-07-07T05:48:00.000,11.4779
2025-07-07T05:49:00.000,11.4793
2025-07-07T05:50:00.000,11.4779
2025-07-07T05:51:00.000,11.4863
2025-07-07T05:52:00.000,11.5060
2025-07-07T05:53:00.000,11.5145
2025-07-07T05:54:00.000,11.5131
2025-07-07T05:55:00.000,11.5286
2025-07-07T05:56:00.000,11.5483
2025-07-07T05:57:00.000,11.5638
2025-07-07T05:58:00.000,11.5737
2025-07-07T05:59:00.000,11.5793
2025-07-07T06:00:00.000,11.5849
2025-07-07T06:01:00.000,11.5990
2025-07-07T06:02:00.000,11.6117
2025-07-07T06:03:00.000,11.6258
2025-07-07T06:04:00.000,11.6469
2025-07-07T06:05:00.000,11.6666
2025-07-07T06:06:00.000,11.6835
2025-07-07T06:07:00.000,11.7018
2025-07-07T06:08:00.000,11.7116
2025-07-07T06:09:00.000,11.7187
2025-07-07T06:10:00.000,11.7327
2025-07-07T06:11:00.000,11.7384
2025-07-07T06:12:00.000,11.7496
2025-07-07T06:13:00.000,11.7806
2025-07-07T06:14:00.000,11.8199
2025-07-07T06:15:00.000,11.8747
2025-07-07T06:16:00.000,11.9576
2025-07-07T06:17:00.000,12.1807
2025-07-07T06:18:00.000,12.6021
2025-07-07T06:19:00.000,13.0487
2025-07-07T06:20:00.000,13.3563
2025-07-07T06:21:00.000,13.6232
2025-07-07T06:22:00.000,13.8882
2025-07-07T06:23:00.000,14.0601
2025-07-07T06:24:00.000,14.1847
2025-07-07T06:25:00.000,14.4545
2025-07-07T06:26:00.000,14.8095
2025-07-07T06:27:00.000,15.1391
2025-07-07T06:28:00.000,15.5797
2025-07-07T06:29:00.000,16.0649
2025-07-07T06:30:00.000,16.5796
2025-07-07T06:31:00.000,17.0059
2025-07-07T06:32:00.000,17.3401
2025-07-07T06:33:00.000,17.6631
2025-07-07T06:34:00.000,17.9791
2025-07-07T06:35:00.000,18.2185
2025-07-07T06:36:00.000,18.4728
2025-07-07T06:37:00.000,18.7202
2025-07-07T06:38:00.000,18.9116
2025-07-07T06:39:00.000,19.0839
2025-07-07T06:40:00.000,19.2178
2025-07-07T06:41:00.000,19.3996
2025-07-07T06:42:00.000,19.6061
2025-07-07T06:43:00.000,19.8111
2025-07-07T06:44:00.000,20.0081
2025-07-07T06:45:00.000,20.1653
2025-07-07T06:46:00.000,20.3541
2025-07-07T06:47:00.000,20.5689
2025-07-07T06:48:00.000,20.8495
2025-07-07T06:49:00.000,21.0029
2025-07-07T06:50:00.000,21.0782
2025-07-07T06:51:00.000,21.1495
2025-07-07T06:52:00.000,21.1125
2025-07-07T06:53:00.000,21.1303
2025-07-07T06:54:00.000,21.1467
2025-07-07T06:55:00.000,21.2632
2025-07-07T06:56:00.000,21.3344
2025-07-07T06:57:00.000,21.4852
2025-07-07T06:58:00.000,21.5785
2025-07-07T06:59:00.000,21.6868
2025-07-07T07:00:00.000,21.6909
2025-07-07T07:01:00.000,21.6854
2025-07-07T07:02:00.000,21.8048
2025-07-07T07:03:00.000,22.0052
2025-07-07T07:04:00.000,22.1906
2025-07-07T07:05:00.000,22.2895
2025-07-07T07:06:00.000,22.3829
2025-07-07T07:07:00.000,22.4104
2025-07-07T07:08:00.000,22.4475
2025-07-07T07:09:00.000,22.3939
2025-07-07T07:10:00.000,22.3321
2025-07-07T07:11:00.000,22.3403
2025-07-07T07:12:00.000,22.4393
2025-07-07T07:13:00.000,22.6140
2025-07-07T07:14:00.000,22.7116
2025-07-07T07:15:00.000,22.6896
2025-07-07T07:16:00.000,22.6126
2025-07-07T07:17:00.000,22.5466
2025-07-07T07:18:00.000,22.6360
2025-07-07T07:19:00.000,22.8507
2025-07-07T07:20:00.000,23.0297
2025-07-07T07:21:00.000,23.1372
2025-07-07T07:22:00.000,23.2627
2025-07-07T07:23:00.000,23.4710
2025-07-07T07:24:00.000,23.6284
2025-07-07T07:25:00.000,23.6782
2025-07-07T07:26:00.000,23.6049
2025-07-07T07:27:00.000,23.5331
2025-07-07T07:28:00.000,23.5262
2025-07-07T07:29:00.000,23.4917
2025-07-07T07:30:00.000,23.4572
2025-07-07T07:31:00.000,23.5055
2025-07-07T07:32:00.000,23.6795
2025-07-07T07:33:00.000,23.9353
2025-07-07T07:34:00.000,24.1540
2025-07-07T07:35:00.000,24.4686
2025-07-07T07:36:00.000,24.6726
2025-07-07T07:37:00.000,24.7907
2025-07-07T07:38:00.000,24.9116
2025-07-07T07:39:00.000,25.0897
2025-07-07T07:40:00.000,25.1593
2025-07-07T07:41:00.000,25.1691
2025-07-07T07:42:00.000,25.1078
2025-07-07T07:43:00.000,25.0062
2025-07-07T07:44:00.000,24.9033
2025-07-07T07:45:00.000,24.6782
2025-07-07T07:46:00.000,24.4977
2025-07-07T07:47:00.000,24.4728
2025-07-07T07:48:00.000,24.4034
2025-07-07T07:49:00.000,24.4714
2025-07-07T07:50:00.000,24.6337
2025-07-07T07:51:00.000,24.8657
2025-07-07T07:52:00.000,25.0410
2025-07-07T07:53:00.000,25.2150
2025-07-07T07:54:00.000,25.3572
2025-07-07T07:55:00.000,25.3795
2025-07-07T07:56:00.000,25.3641
2025-07-07T07:57:00.000,25.4743
2025-07-07T07:58:00.000,25.5399
2025-07-07T07:59:00.000,25.5260
2025-07-07T08:00:00.000,25.7704
2025-07-07T08:01:00.000,25.9327
2025-07-07T08:02:00.000,25.9495
2025-07-07T08:03:00.000,26.0139
2025-07-07T08:04:00.000,26.0867
2025-07-07T08:05:00.000,26.2493
2025-07-07T08:06:00.000,26.4388
2025-07-07T08:07:00.000,26.4697
2025-07-07T08:08:00.000,26.3138
2025-07-07T08:09:00.000,26.4135
2025-07-07T08:10:00.000,26.7044
2025-07-07T08:11:00.000,26.8720
2025-07-07T08:12:00.000,26.9566
2025-07-07T08:13:00.000,26.8762
2025-07-07T08:14:00.000,26.6144
2025-07-07T08:15:00.000,26.4612
2025-07-07T08:16:00.000,26.2535
2025-07-07T08:17:00.000,26.1203
2025-07-07T08:18:00.000,25.9733
2025-07-07T08:19:00.000,25.7718
2025-07-07T08:20:00.000,25.6293
2025-07-07T08:21:00.000,25.5986
2025-07-07T08:22:00.000,25.5860
2025-07-07T08:23:00.000,25.5734
2025-07-07T08:24:00.000,25.6069
2025-07-07T08:25:00.000,25.5916
2025-07-07T08:26:00.000,25.6307
2025-07-07T08:27:00.000,25.7187
2025-07-07T08:28:00.000,25.7215
2025-07-07T08:29:00.000,25.8040
2025-07-07T08:30:00.000,26.0125
2025-07-07T08:31:00.000,26.1904
2025-07-07T08:32:00.000,26.3096
2025-07-07T08:33:00.000,26.3896
2025-07-07T08:34:00.000,26.3587
2025-07-07T08:35:00.000,26.2759
2025-07-07T08:36:00.000,26.1890
2025-07-07T08:37:00.000,26.1259
2025-07-07T08:38:00.000,26.1455
2025-07-07T08:39:00.000,26.1820
2025-07-07T08:40:00.000,26.2451
2025-07-07T08:41:00.000,26.2886
2025-07-07T08:42:00.000,26.2268
2025-07-07T08:43:00.000,26.1834
2025-07-07T08:44:00.000,26.2156
2025-07-07T08:45:00.000,26.3475
2025-07-07T08:46:00.000,26.5835
2025-07-07T08:47:00.000,26.7157
2025-07-07T08:48:00.000,26.7115
2025-07-07T08:49:00.000,26.7650
2025-07-07T08:50:00.000,26.7453
2025-07-07T08:51:00.000,26.6819
2025-07-07T08:52:00.000,26.7410
2025-07-07T08:53:00.000,26.8523
2025-07-07T08:54:00.000,26.9072
2025-07-07T08:55:00.000,27.0779
2025-07-07T08:56:00.000,27.2275
2025-07-07T08:57:00.000,27.3505
2025-07-07T08:58:00.000,27.3477
2025-07-07T08:59:00.000,27.1442
2025-07-07T09:00:00.000,26.7368
2025-07-07T09:01:00.000,26.2451
2025-07-07T09:02:00.000,25.6698
2025-07-07T09:03:00.000,25.0243
2025-07-07T09:04:00.000,24.2717
2025-07-07T09:05:00.000,23.5828
2025-07-07T09:06:00.000,23.1427
2025-07-07T09:07:00.000,22.9305
2025-07-07T09:08:00.000,22.9650
2025-07-07T09:09:00.000,23.2847
2025-07-07T09:10:00.000,23.3827
2025-07-07T09:11:00.000,23.1620
2025-07-07T09:12:00.000,22.9195
2025-07-07T09:13:00.000,22.9236
2025-07-07T09:14:00.000,23.0917
2025-07-07T09:15:00.000,23.3896
2025-07-07T09:16:00.000,23.7320
2025-07-07T09:17:00.000,23.9796
2025-07-07T09:18:00.000,24.0681
2025-07-07T09:19:00.000,24.0668
2025-07-07T09:20:00.000,23.8537
2025-07-07T09:21:00.000,23.3592
2025-07-07T09:22:00.000,22.8204
2025-07-07T09:23:00.000,22.4943
2025-07-07T09:24:00.000,22.5699
2025-07-07T09:25:00.000,22.9292
2025-07-07T09:26:00.000,23.3689
2025-07-07T09:27:00.000,23.7998
2025-07-07T09:28:00.000,24.2523
2025-07-07T09:29:00.000,24.7421
2025-07-07T09:30:00.000,25.2276
2025-07-07T09:31:00.000,25.5748
2025-07-07T09:32:00.000,25.8571
2025-07-07T09:33:00.000,26.1119
2025-07-07T09:34:00.000,26.2717
2025-07-07T09:35:00.000,26.4163
2025-07-07T09:36:00.000,26.5722
2025-07-07T09:37:00.000,26.7185
2025-07-07T09:38:00.000,26.8945
2025-07-07T09:39:00.000,27.0186
2025-07-07T09:40:00.000,27.0736
2025-07-07T09:41:00.000,27.1583
2025-07-07T09:42:00.000,27.2431
2025-07-07T09:43:00.000,27.3081
2025-07-07T09:44:00.000,27.3873
2025-07-07T09:45:00.000,27.4765
2025-07-07T09:46:00.000,27.5062
2025-07-07T09:47:00.000,27.5048
2025-07-07T09:48:00.000,27.5501
2025-07-07T09:49:00.000,27.6294
2025-07-07T09:50:00.000,27.6734
2025-07-07T09:51:00.000,27.6833
2025-07-07T09:52:00.000,27.7074
2025-07-07T09:53:00.000,27.7968
2025-07-07T09:54:00.000,27.8778
2025-07-07T09:55:00.000,28.0256
2025-07-07T09:56:00.000,28.2719
2025-07-07T09:57:00.000,28.4730
2025-07-07T09:58:00.000,28.6445
2025-07-07T09:59:00.000,28.9066
2025-07-07T10:00:00.000,29.1534
2025-07-07T10:01:00.000,29.2699
2025-07-07T10:02:00.000,29.2124
2025-07-07T10:03:00.000,29.2685
2025-07-07T10:04:00.000,29.4268
2025-07-07T10:05:00.000,29.6807
2025-07-07T10:06:00.000,29.8354
2025-07-07T10:07:00.000,29.9454
2025-07-07T10:08:00.000,30.0121
2025-07-07T10:09:00.000,30.0904
2025-07-07T10:10:00.000,30.1891
2025-07-07T10:11:00.000,30.2588
2025-07-07T10:12:00.000,30.3344
2025-07-07T10:13:00.000,30.3272
2025-07-07T10:14:00.000,30.4043
2025-07-07T10:15:00.000,30.5149
2025-07-07T10:16:00.000,30.5514
2025-07-07T10:17:00.000,30.5324
2025-07-07T10:18:00.000,30.3941
2025-07-07T10:19:00.000,30.3970
2025-07-07T10:20:00.000,30.5266
2025-07-07T10:21:00.000,30.7645
2025-07-07T10:22:00.000,30.9107
2025-07-07T10:23:00.000,30.9341
2025-07-07T10:24:00.000,30.9766
2025-07-07T10:25:00.000,30.9458
2025-07-07T10:26:00.000,30.9722
2025-07-07T10:27:00.000,31.0806
2025-07-07T10:28:00.000,31.2098
2025-07-07T10:29:00.000,31.1643
2025-07-07T10:30:00.000,31.0455
2025-07-07T10:31:00.000,30.9122
2025-07-07T10:32:00.000,30.7104
2025-07-07T10:33:00.000,30.6506
2025-07-07T10:34:00.000,30.6564
2025-07-07T10:35:00.000,30.6403
2025-07-07T10:36:00.000,30.6885
2025-07-07T10:37:00.000,30.7002
2025-07-07T10:38:00.000,30.7469
2025-07-07T10:39:00.000,31.0176
2025-07-07T10:40:00.000,31.3185
2025-07-07T10:41:00.000,31.6957
2025-07-07T10:42:00.000,32.1994
2025-07-07T10:43:00.000,32.4837
2025-07-07T10:44:00.000,32.5717
2025-07-07T10:45:00.000,32.8363
2025-07-07T10:46:00.000,32.9262
2025-07-07T10:47:00.000,32.9982
2025-07-07T10:48:00.000,32.9577
2025-07-07T10:49:00.000,32.9307
2025-07-07T10:50:00.000,33.0823
2025-07-07T10:51:00.000,33.1650
2025-07-07T10:52:00.000,33.2448
2025-07-07T10:53:00.000,33.3095
2025-07-07T10:54:00.000,33.4604
2025-07-07T10:55:00.000,33.7099
2025-07-07T10:56:00.000,34.3031
2025-07-07T10:57:00.000,34.8596
2025-07-07T10:58:00.000,35.6367
2025-07-07T10:59:00.000,36.2891
2025-07-07T11:00:00.000,36.6549
2025-07-07T11:01:00.000,36.8925
2025-07-07T11:02:00.000,37.0149
2025-07-07T11:03:00.000,37.0260
2025-07-07T11:04:00.000,36.4339
2025-07-07T11:05:00.000,35.6694
2025-07-07T11:06:00.000,34.9983
2025-07-07T11:07:00.000,34.7443
2025-07-07T11:08:00.000,34.6752
2025-07-07T11:09:00.000,34.7719
2025-07-07T11:10:00.000,35.0616
2025-07-07T11:11:00.000,35.4874
2025-07-07T11:12:00.000,35.6881
2025-07-07T11:13:00.000,35.5138
2025-07-07T11:14:00.000,35.3896
2025-07-07T11:15:00.000,34.9968
2025-07-07T11:16:00.000,34.5693
2025-07-07T11:17:00.000,34.1749
2025-07-07T11:18:00.000,33.9101
2025-07-07T11:19:00.000,33.6524
2025-07-07T11:20:00.000,33.4724
2025-07-07T11:21:00.000,33.2914
2025-07-07T11:22:00.000,33.1259
2025-07-07T11:23:00.000,32.8528
2025-07-07T11:24:00.000,32.6165
2025-07-07T11:25:00.000,32.4449
2025-07-07T11:26:00.000,32.3139
2025-07-07T11:27:00.000,32.3005
2025-07-07T11:28:00.000,32.3302
2025-07-07T11:29:00.000,32.4091
2025-07-07T11:30:00.000,32.5403
2025-07-07T11:31:00.000,32.6434
2025-07-07T11:32:00.000,32.7480
2025-07-07T11:33:00.000,32.8858
2025-07-07T11:34:00.000,33.0012
2025-07-07T11:35:00.000,33.2372
2025-07-07T11:36:00.000,33.5510
2025-07-07T11:37:00.000,33.9420
2025-07-07T11:38:00.000,34.3229
2025-07-07T11:39:00.000,34.6552
2025-07-07T11:40:00.000,34.8365
2025-07-07T11:41:00.000,34.9120
2025-07-07T11:42:00.000,35.1233
2025-07-07T11:43:00.000,35.3509
2025-07-07T11:44:00.000,35.4905
2025-07-07T11:45:00.000,35.6274
2025-07-07T11:46:00.000,35.7395
2025-07-07T11:47:00.000,35.9128
2025-07-07T11:48:00.000,36.0725
2025-07-07T11:49:00.000,36.1415
2025-07-07T11:50:00.000,36.4181
2025-07-07T11:51:00.000,36.9545
2025-07-07T11:52:00.000,37.2251
2025-07-07T11:53:00.000,37.4889
2025-07-07T11:54:00.000,37.4473
2025-07-07T11:55:00.000,37.3097
2025-07-07T11:56:00.000,37.3385
2025-07-07T11:57:00.000,37.4889
2025-07-07T11:58:00.000,37.6526
2025-07-07T11:59:00.000,37.9748
2025-07-07T12:00:00.000,38.3897
2025-07-07T12:01:00.000,38.8059
2025-07-07T12:02:00.000,39.2499
2025-07-07T12:03:00.000,39.6242
2025-07-07T12:04:00.000,40.0110
2025-07-07T12:05:00.000,40.4207
2025-07-07T12:06:00.000,40.6860
2025-07-07T12:07:00.000,40.7928
2025-07-07T12:08:00.000,40.7114
2025-07-07T12:09:00.000,40.5929
2025-07-07T12:10:00.000,40.6640
2025-07-07T12:11:00.000,40.7182
2025-07-07T12:12:00.000,40.8216
2025-07-07T12:13:00.000,40.0930
2025-07-07T12:14:00.000,38.8649
2025-07-07T12:15:00.000,37.7571
2025-07-07T12:16:00.000,36.7989
2025-07-07T12:17:00.000,35.9113
2025-07-07T12:18:00.000,35.1682
2025-07-07T12:19:00.000,34.4652
2025-07-07T12:20:00.000,33.8646
2025-07-07T12:21:00.000,33.4241
2025-07-07T12:22:00.000,32.9952
2025-07-07T12:23:00.000,32.5448
2025-07-07T12:24:00.000,32.1548
2025-07-07T12:25:00.000,31.9635
2025-07-07T12:26:00.000,31.8583
2025-07-07T12:27:00.000,31.6647
2025-07-07T12:28:00.000,31.4230
2025-07-07T12:29:00.000,31.1613
2025-07-07T12:30:00.000,30.9649
2025-07-07T12:31:00.000,30.8390
2025-07-07T12:32:00.000,30.7630
2025-07-07T12:33:00.000,30.6418
2025-07-07T12:34:00.000,30.4407
2025-07-07T12:35:00.000,30.2719
2025-07-07T12:36:00.000,30.0919
2025-07-07T12:37:00.000,29.8499
2025-07-07T12:38:00.000,29.6071
2025-07-07T12:39:00.000,29.3966
2025-07-07T12:40:00.000,29.1793
2025-07-07T12:41:00.000,28.9252
2025-07-07T12:42:00.000,28.6531
2025-07-07T12:43:00.000,28.5102
2025-07-07T12:44:00.000,28.3104
2025-07-07T12:45:00.000,28.1067
2025-07-07T12:46:00.000,27.9516
2025-07-07T12:47:00.000,27.7911
2025-07-07T12:48:00.000,27.5869
2025-07-07T12:49:00.000,27.4297
2025-07-07T12:50:00.000,27.3477
2025-07-07T12:51:00.000,27.2318
2025-07-07T12:52:00.000,27.1753
2025-07-07T12:53:00.000,27.1838
2025-07-07T12:54:00.000,27.2177
2025-07-07T12:55:00.000,27.2445
2025-07-07T12:56:00.000,27.2756
2025-07-07T12:57:00.000,27.2926
2025-07-07T12:58:00.000,27.3265
2025-07-07T12:59:00.000,27.3901
2025-07-07T13:00:00.000,27.4170
2025-07-07T13:01:00.000,27.3802
2025-07-07T13:02:00.000,27.3152
2025-07-07T13:03:00.000,27.2572
2025-07-07T13:04:00.000,27.1965
2025-07-07T13:05:00.000,27.1033
2025-07-07T13:06:00.000,27.0736
2025-07-07T13:07:00.000,27.0694
2025-07-07T13:08:00.000,27.0355
2025-07-07T13:09:00.000,27.0243
2025-07-07T13:10:00.000,27.0426
2025-07-07T13:11:00.000,27.0497
2025-07-07T13:12:00.000,27.0779
2025-07-07T13:13:00.000,27.0031
2025-07-07T13:14:00.000,26.9425
2025-07-07T13:15:00.000,26.9552
2025-07-07T13:16:00.000,27.0073
2025-07-07T13:17:00.000,27.0228
2025-07-07T13:18:00.000,26.9918
2025-07-07T13:19:00.000,26.9834
2025-07-07T13:20:00.000,26.9552
2025-07-07T13:21:00.000,26.8847
2025-07-07T13:22:00.000,26.8002
2025-07-07T13:23:00.000,26.5863
2025-07-07T13:24:00.000,26.0335
2025-07-07T13:25:00.000,25.4074
2025-07-07T13:26:00.000,24.7421
2025-07-07T13:27:00.000,24.1000
2025-07-07T13:28:00.000,23.5373
2025-07-07T13:29:00.000,23.1648
2025-07-07T13:30:00.000,22.9181
2025-07-07T13:31:00.000,22.7626
2025-07-07T13:32:00.000,22.7268
2025-07-07T13:33:00.000,22.7612
2025-07-07T13:34:00.000,22.8052
2025-07-07T13:35:00.000,22.8520
2025-07-07T13:36:00.000,22.9044
2025-07-07T13:37:00.000,22.9264
2025-07-07T13:38:00.000,23.0311
2025-07-07T13:39:00.000,23.1565
2025-07-07T13:40:00.000,23.2034
2025-07-07T13:41:00.000,23.1689
2025-07-07T13:42:00.000,23.1096
2025-07-07T13:43:00.000,23.0449
2025-07-07T13:44:00.000,22.9471
2025-07-07T13:45:00.000,22.9057
2025-07-07T13:46:00.000,22.9181
2025-07-07T13:47:00.000,22.8575
2025-07-07T13:48:00.000,22.8066
2025-07-07T13:49:00.000,22.6401
2025-07-07T13:50:00.000,22.4572
2025-07-07T13:51:00.000,22.2290
2025-07-07T13:52:00.000,22.1521
2025-07-07T13:53:00.000,22.0834
2025-07-07T13:54:00.000,22.0120
2025-07-07T13:55:00.000,21.8185
2025-07-07T13:56:00.000,21.6964
2025-07-07T13:57:00.000,21.5798
2025-07-07T13:58:00.000,21.4400
2025-07-07T13:59:00.000,21.2988
2025-07-07T14:00:00.000,21.1714
2025-07-07T14:01:00.000,21.1481
2025-07-07T14:02:00.000,21.1399
2025-07-07T14:03:00.000,21.1933
2025-07-07T14:04:00.000,21.1673
2025-07-07T14:05:00.000,21.1796
2025-07-07T14:06:00.000,21.1522
2025-07-07T14:07:00.000,21.1179
2025-07-07T14:08:00.000,21.0590
2025-07-07T14:09:00.000,20.9974
2025-07-07T14:10:00.000,20.9824
2025-07-07T14:11:00.000,21.0878
2025-07-07T14:12:00.000,21.1604
2025-07-07T14:13:00.000,21.1810
2025-07-07T14:14:00.000,21.1577
2025-07-07T14:15:00.000,21.0221
2025-07-07T14:16:00.000,20.9646
2025-07-07T14:17:00.000,20.8509
2025-07-07T14:18:00.000,20.6962
2025-07-07T14:19:00.000,20.4978
2025-07-07T14:20:00.000,20.2433
2025-07-07T14:21:00.000,19.9766
2025-07-07T14:22:00.000,19.7524
2025-07-07T14:23:00.000,19.5678
2025-07-07T14:24:00.000,19.5404
2025-07-07T14:25:00.000,19.5596
2025-07-07T14:26:00.000,19.5774
2025-07-07T14:27:00.000,19.4352
2025-07-07T14:28:00.000,19.2356
2025-07-07T14:29:00.000,19.0606
2025-07-07T14:30:00.000,18.9376
2025-07-07T14:31:00.000,18.9868
2025-07-07T14:32:00.000,18.8884
2025-07-07T14:33:00.000,18.9171
2025-07-07T14:34:00.000,18.9185
2025-07-07T14:35:00.000,18.8187
2025-07-07T14:36:00.000,18.7476
2025-07-07T14:37:00.000,18.6888
2025-07-07T14:38:00.000,18.6710
2025-07-07T14:39:00.000,18.7913
2025-07-07T14:40:00.000,18.7613
2025-07-07T14:41:00.000,18.9226
2025-07-07T14:42:00.000,18.8665
2025-07-07T14:43:00.000,18.7777
2025-07-07T14:44:00.000,18.6738
2025-07-07T14:45:00.000,18.8118
2025-07-07T14:46:00.000,19.0497
2025-07-07T14:47:00.000,19.0661
2025-07-07T14:48:00.000,19.0128
2025-07-07T14:49:00.000,19.3682
2025-07-07T14:50:00.000,19.3450
2025-07-07T14:51:00.000,19.1399
2025-07-07T14:52:00.000,18.9813
2025-07-07T14:53:00.000,19.2110
2025-07-07T14:54:00.000,19.5336
2025-07-07T14:55:00.000,19.7688
2025-07-07T14:56:00.000,19.9219
2025-07-07T14:57:00.000,20.0012
2025-07-07T14:58:00.000,20.0163
2025-07-07T14:59:00.000,19.9739
2025-07-07T15:00:00.000,19.8194
2025-07-07T15:01:00.000,19.7551
2025-07-07T15:02:00.000,19.7400
2025-07-07T15:03:00.000,19.7592
2025-07-07T15:04:00.000,19.7510
2025-07-07T15:05:00.000,19.7004
2025-07-07T15:06:00.000,19.6129
2025-07-07T15:07:00.000,19.5350
2025-07-07T15:08:00.000,19.4803
2025-07-07T15:09:00.000,19.4420
2025-07-07T15:10:00.000,19.4201
2025-07-07T15:11:00.000,19.4024
2025-07-07T15:12:00.000,19.3668
2025-07-07T15:13:00.000,19.3080
2025-07-07T15:14:00.000,19.2370
2025-07-07T15:15:00.000,19.1563
2025-07-07T15:16:00.000,19.0538
2025-07-07T15:17:00.000,18.9089
2025-07-07T15:18:00.000,18.7804
2025-07-07T15:19:00.000,18.7216
2025-07-07T15:20:00.000,18.6669
2025-07-07T15:21:00.000,18.6369
2025-07-07T15:22:00.000,18.6218
2025-07-07T15:23:00.000,18.5863
2025-07-07T15:24:00.000,18.4865
2025-07-07T15:25:00.000,18.3703
2025-07-07T15:26:00.000,18.2130
2025-07-07T15:27:00.000,18.0749
2025-07-07T15:28:00.000,17.9504
2025-07-07T15:29:00.000,17.8410
2025-07-07T15:30:00.000,17.7520
2025-07-07T15:31:00.000,17.6741
2025-07-07T15:32:00.000,17.6316
2025-07-07T15:33:00.000,17.6097
2025-07-07T15:34:00.000,17.6070
2025-07-07T15:35:00.000,17.6056
2025-07-07T15:36:00.000,17.6084
2025-07-07T15:37:00.000,17.6193
2025-07-07T15:38:00.000,17.6152
2025-07-07T15:39:00.000,17.5974
2025-07-07T15:40:00.000,17.5687
2025-07-07T15:41:00.000,17.5358
2025-07-07T15:42:00.000,17.4920
2025-07-07T15:43:00.000,17.4537
2025-07-07T15:44:00.000,17.4277
2025-07-07T15:45:00.000,17.4099
2025-07-07T15:46:00.000,17.4031
2025-07-07T15:47:00.000,17.4044
2025-07-07T15:48:00.000,17.4099
2025-07-07T15:49:00.000,17.4113
2025-07-07T15:50:00.000,17.4181
2025-07-07T15:51:00.000,17.4222
2025-07-07T15:52:00.000,17.4209
2025-07-07T15:53:00.000,17.4181
2025-07-07T15:54:00.000,17.4222
2025-07-07T15:55:00.000,17.4332
2025-07-07T15:56:00.000,17.4469
2025-07-07T15:57:00.000,17.4715
2025-07-07T15:58:00.000,17.4934
2025-07-07T15:59:00.000,17.5126
2025-07-07T16:00:00.000,17.5221
2025-07-07T16:01:00.000,17.5180
2025-07-07T16:02:00.000,17.5126
2025-07-07T16:03:00.000,17.5098
2025-07-07T16:04:00.000,17.5044
2025-07-07T16:05:00.000,17.4961
2025-07-07T16:06:00.000,17.4811
2025-07-07T16:07:00.000,17.4729
2025-07-07T16:08:00.000,17.4619
2025-07-07T16:09:00.000,17.4469
2025-07-07T16:10:00.000,17.4263
2025-07-07T16:11:00.000,17.4003
2025-07-07T16:12:00.000,17.3716
2025-07-07T16:13:00.000,17.3442
2025-07-07T16:14:00.000,17.3113
2025-07-07T16:15:00.000,17.2771
2025-07-07T16:16:00.000,17.2346
2025-07-07T16:17:00.000,17.1881
2025-07-07T16:18:00.000,17.1470
2025-07-07T16:19:00.000,17.1073
2025-07-07T16:20:00.000,17.0676
2025-07-07T16:21:00.000,17.0415
2025-07-07T16:22:00.000,17.0265
2025-07-07T16:23:00.000,17.0155
2025-07-07T16:24:00.000,17.0100
2025-07-07T16:25:00.000,16.9991
2025-07-07T16:26:00.000,16.9895
2025-07-07T16:27:00.000,16.9799
2025-07-07T16:28:00.000,16.9758
2025-07-07T16:29:00.000,16.9799
2025-07-07T16:30:00.000,16.9908
2025-07-07T16:31:00.000,17.0004
2025-07-07T16:32:00.000,17.0100
2025-07-07T16:33:00.000,17.0210
2025-07-07T16:34:00.000,17.0292
2025-07-07T16:35:00.000,17.0360
2025-07-07T16:36:00.000,17.0388
2025-07-07T16:37:00.000,17.0374
2025-07-07T16:38:00.000,17.0374
2025-07-07T16:39:00.000,17.0402
2025-07-07T16:40:00.000,17.0470
2025-07-07T16:41:00.000,17.0676
2025-07-07T16:42:00.000,17.0799
2025-07-07T16:43:00.000,17.0854
2025-07-07T16:44:00.000,17.0977
2025-07-07T16:45:00.000,17.1073
2025-07-07T16:46:00.000,17.1169
2025-07-07T16:47:00.000,17.1196
2025-07-07T16:48:00.000,17.1196
2025-07-07T16:49:00.000,17.1169
2025-07-07T16:50:00.000,17.1196
2025-07-07T16:51:00.000,17.1223
2025-07-07T16:52:00.000,17.1319
2025-07-07T16:53:00.000,17.1265
2025-07-07T16:54:00.000,17.1223
2025-07-07T16:55:00.000,17.1182
2025-07-07T16:56:00.000,17.1100
2025-07-07T16:57:00.000,17.1018
2025-07-07T16:58:00.000,17.0936
2025-07-07T16:59:00.000,17.0799
2025-07-07T17:00:00.000,17.0662
2025-07-07T17:01:00.000,17.0634
2025-07-07T17:02:00.000,17.0662
2025-07-07T17:03:00.000,17.0867
2025-07-07T17:04:00.000,17.1073
2025-07-07T17:05:00.000,17.1292
2025-07-07T17:06:00.000,17.1525
2025-07-07T17:07:00.000,17.1758
2025-07-07T17:08:00.000,17.2155
2025-07-07T17:09:00.000,17.2333
2025-07-07T17:10:00.000,17.2360
2025-07-07T17:11:00.000,17.2346
2025-07-07T17:12:00.000,17.2182
2025-07-07T17:13:00.000,17.2073
2025-07-07T17:14:00.000,17.2100
2025-07-07T17:15:00.000,17.2538
2025-07-07T17:16:00.000,17.3059
2025-07-07T17:17:00.000,17.3127
2025-07-07T17:18:00.000,17.3113
2025-07-07T17:19:00.000,17.3415
2025-07-07T17:20:00.000,17.3579
2025-07-07T17:21:00.000,17.3688
2025-07-07T17:22:00.000,17.3853
2025-07-07T17:23:00.000,17.4085
2025-07-07T17:24:00.000,17.4304
2025-07-07T17:25:00.000,17.4715
2025-07-07T17:26:00.000,17.5249
2025-07-07T17:27:00.000,17.5933
2025-07-07T17:28:00.000,17.6727
2025-07-07T17:29:00.000,17.7288
2025-07-07T17:30:00.000,17.7739
2025-07-07T17:31:00.000,17.8314
2025-07-07T17:32:00.000,17.8957
2025-07-07T17:33:00.000,17.9285
2025-07-07T17:34:00.000,17.9326
2025-07-07T17:35:00.000,17.9559
2025-07-07T17:36:00.000,17.9873
2025-07-07T17:37:00.000,18.0202
2025-07-07T17:38:00.000,18.0475
2025-07-07T17:39:00.000,18.0721
2025-07-07T17:40:00.000,18.0845
2025-07-07T17:41:00.000,18.0790
2025-07-07T17:42:00.000,17.9449
2025-07-07T17:43:00.000,17.7835
2025-07-07T17:44:00.000,17.6316
2025-07-07T17:45:00.000,17.4989
2025-07-07T17:46:00.000,17.3948
2025-07-07T17:47:00.000,17.3072
2025-07-07T17:48:00.000,17.2401
2025-07-07T17:49:00.000,17.1895
2025-07-07T17:50:00.000,17.1443
2025-07-07T17:51:00.000,17.1114
2025-07-07T17:52:00.000,17.0840
2025-07-07T17:53:00.000,17.0634
2025-07-07T17:54:00.000,17.0511
2025-07-07T17:55:00.000,17.0402
2025-07-07T17:56:00.000,17.0347
2025-07-07T17:57:00.000,17.0347
2025-07-07T17:58:00.000,17.0552
2025-07-07T17:59:00.000,17.1059
2025-07-07T18:00:00.000,17.1949
2025-07-07T18:01:00.000,17.2990
2025-07-07T18:02:00.000,17.3209
2025-07-07T18:03:00.000,17.2716
2025-07-07T18:04:00.000,17.1867
2025-07-07T18:05:00.000,17.1114
2025-07-07T18:06:00.000,17.0388
2025-07-07T18:07:00.000,16.9744
2025-07-07T18:08:00.000,16.9278
2025-07-07T18:09:00.000,16.8675
2025-07-07T18:10:00.000,16.8086
2025-07-07T18:11:00.000,16.7716
2025-07-07T18:12:00.000,16.7647
2025-07-07T18:13:00.000,16.7866
2025-07-07T18:14:00.000,16.7990
2025-07-07T18:15:00.000,16.7784
2025-07-07T18:16:00.000,16.7620
2025-07-07T18:17:00.000,16.7318
2025-07-07T18:18:00.000,16.6907
2025-07-07T18:19:00.000,16.6729
2025-07-07T18:20:00.000,16.5933
2025-07-07T18:21:00.000,16.5755
2025-07-07T18:22:00.000,16.4685
2025-07-07T18:23:00.000,16.4836
2025-07-07T18:24:00.000,16.4452
2025-07-07T18:25:00.000,16.4548
2025-07-07T18:26:00.000,16.5001
2025-07-07T18:27:00.000,16.4685
2025-07-07T18:28:00.000,16.3574
2025-07-07T18:29:00.000,16.1721
2025-07-07T18:30:00.000,15.9454
2025-07-07T18:31:00.000,15.6925
2025-07-07T18:32:00.000,15.5935
2025-07-07T18:33:00.000,15.5013
2025-07-07T18:34:00.000,15.4380
2025-07-07T18:35:00.000,15.3664
2025-07-07T18:36:00.000,15.2892
2025-07-07T18:37:00.000,15.2383
2025-07-07T18:38:00.000,15.1901
2025-07-07T18:39:00.000,15.1542
2025-07-07T18:40:00.000,15.1267
2025-07-07T18:41:00.000,15.1005
2025-07-07T18:42:00.000,15.0770
2025-07-07T18:43:00.000,15.0412
2025-07-07T18:44:00.000,14.9874
2025-07-07T18:45:00.000,14.9102
2025-07-07T18:46:00.000,14.8398
2025-07-07T18:47:00.000,14.8246
2025-07-07T18:48:00.000,14.7943
2025-07-07T18:49:00.000,14.7791
2025-07-07T18:50:00.000,14.7708
2025-07-07T18:51:00.000,14.7805
2025-07-07T18:52:00.000,14.8522
2025-07-07T18:53:00.000,14.9502
2025-07-07T18:54:00.000,15.1460
2025-07-07T18:55:00.000,15.4297
2025-07-07T18:56:00.000,15.6622
2025-07-07T18:57:00.000,15.8795
2025-07-07T18:58:00.000,16.0952
2025-07-07T18:59:00.000,16.2736
2025-07-07T19:00:00.000,16.4740
2025-07-07T19:01:00.000,16.6783
2025-07-07T19:02:00.000,16.8826
2025-07-07T19:03:00.000,17.0854
2025-07-07T19:04:00.000,17.1648
2025-07-07T19:05:00.000,17.2771
2025-07-07T19:06:00.000,17.4085
2025-07-07T19:07:00.000,17.5769
2025-07-07T19:08:00.000,17.5577
2025-07-07T19:09:00.000,17.6891
2025-07-07T19:10:00.000,17.7917
2025-07-07T19:11:00.000,17.8081
2025-07-07T19:12:00.000,17.8095
2025-07-07T19:13:00.000,17.8369
2025-07-07T19:14:00.000,17.8382
2025-07-07T19:15:00.000,17.8779
2025-07-07T19:16:00.000,17.8218
2025-07-07T19:17:00.000,17.8355
2025-07-07T19:18:00.000,17.8984
2025-07-07T19:19:00.000,17.9436
2025-07-07T19:20:00.000,18.0188
2025-07-07T19:21:00.000,18.1255
2025-07-07T19:22:00.000,18.2075
2025-07-07T19:23:00.000,18.2800
2025-07-07T19:24:00.000,18.2718
2025-07-07T19:25:00.000,18.2349
2025-07-07T19:26:00.000,18.2239
2025-07-07T19:27:00.000,18.1706
2025-07-07T19:28:00.000,18.0352
2025-07-07T19:29:00.000,18.0407
2025-07-07T19:30:00.000,18.0010
2025-07-07T19:31:00.000,17.8930
2025-07-07T19:32:00.000,17.9025
2025-07-07T19:33:00.000,17.8451
2025-07-07T19:34:00.000,17.7219
2025-07-07T19:35:00.000,17.7384
2025-07-07T19:36:00.000,17.6891
2025-07-07T19:37:00.000,17.7753
2025-07-07T19:38:00.000,17.8629
2025-07-07T19:39:00.000,17.9053
2025-07-07T19:40:00.000,17.7192
2025-07-07T19:41:00.000,17.5345
2025-07-07T19:42:00.000,17.3853
2025-07-07T19:43:00.000,17.3784
2025-07-07T19:44:00.000,17.3990
2025-07-07T19:45:00.000,17.5304
2025-07-07T19:46:00.000,17.6809
2025-07-07T19:47:00.000,17.8574
2025-07-07T19:48:00.000,17.8861
2025-07-07T19:49:00.000,17.9354
2025-07-07T19:50:00.000,17.8943
2025-07-07T19:51:00.000,17.9299
2025-07-07T19:52:00.000,18.0434
2025-07-07T19:53:00.000,18.1624
2025-07-07T19:54:00.000,18.0489
2025-07-07T19:55:00.000,18.0051
2025-07-07T19:56:00.000,17.8615
2025-07-07T19:57:00.000,17.8820
2025-07-07T19:58:00.000,17.8246
2025-07-07T19:59:00.000,17.8122
2025-07-07T20:00:00.000,17.9408
2025-07-07T20:01:00.000,18.0831
2025-07-07T20:02:00.000,18.1501
2025-07-07T20:03:00.000,18.1857
2025-07-07T20:04:00.000,18.2198
2025-07-07T20:05:00.000,18.2349
2025-07-07T20:06:00.000,18.1597
2025-07-07T20:07:00.000,18.1583
2025-07-07T20:08:00.000,18.0981
2025-07-07T20:09:00.000,18.0886
2025-07-07T20:10:00.000,18.1487
2025-07-07T20:11:00.000,18.2417
2025-07-07T20:12:00.000,18.3279
2025-07-07T20:13:00.000,18.3621
2025-07-07T20:14:00.000,18.3593
2025-07-07T20:15:00.000,18.3593
2025-07-07T20:16:00.000,18.3894
2025-07-07T20:17:00.000,18.3785
2025-07-07T20:18:00.000,18.3511
2025-07-07T20:19:00.000,18.3388
2025-07-07T20:20:00.000,18.3579
2025-07-07T20:21:00.000,18.3511
2025-07-07T20:22:00.000,18.3443
2025-07-07T20:23:00.000,18.3046
2025-07-07T20:24:00.000,18.2745
2025-07-07T20:25:00.000,18.2882
2025-07-07T20:26:00.000,18.3265
2025-07-07T20:27:00.000,18.3046
2025-07-07T20:28:00.000,18.2034
2025-07-07T20:29:00.000,18.1583
2025-07-07T20:30:00.000,18.1665
2025-07-07T20:31:00.000,18.1980
2025-07-07T20:32:00.000,18.2745
2025-07-07T20:33:00.000,18.3388
2025-07-07T20:34:00.000,18.4181
2025-07-07T20:35:00.000,18.5056
2025-07-07T20:36:00.000,18.5699
2025-07-07T20:37:00.000,18.6150
2025-07-07T20:38:00.000,18.6451
2025-07-07T20:39:00.000,18.6574
2025-07-07T20:40:00.000,18.6765
2025-07-07T20:41:00.000,18.6656
2025-07-07T20:42:00.000,18.6054
2025-07-07T20:43:00.000,18.5644
2025-07-07T20:44:00.000,18.5193
2025-07-07T20:45:00.000,18.5193
2025-07-07T20:46:00.000,18.5630
2025-07-07T20:47:00.000,18.6081
2025-07-07T20:48:00.000,18.6355
2025-07-07T20:49:00.000,18.6574
2025-07-07T20:50:00.000,18.6656
2025-07-07T20:51:00.000,18.6642
2025-07-07T20:52:00.000,18.5999
2025-07-07T20:53:00.000,18.5289
2025-07-07T20:54:00.000,18.4824
2025-07-07T20:55:00.000,18.4824
2025-07-07T20:56:00.000,18.5056
2025-07-07T20:57:00.000,18.5193
2025-07-07T20:58:00.000,18.5207
2025-07-07T20:59:00.000,18.5248
2025-07-07T21:00:00.000,18.5275
2025-07-07T21:01:00.000,18.5261
2025-07-07T21:02:00.000,18.5124
2025-07-07T21:03:00.000,18.4974
2025-07-07T21:04:00.000,18.4632
2025-07-07T21:05:00.000,18.4468
2025-07-07T21:06:00.000,18.4318
2025-07-07T21:07:00.000,18.4044
2025-07-07T21:08:00.000,18.3730
2025-07-07T21:09:00.000,18.3675
2025-07-07T21:10:00.000,18.3798
2025-07-07T21:11:00.000,18.3921
2025-07-07T21:12:00.000,18.3921
2025-07-07T21:13:00.000,18.3771
2025-07-07T21:14:00.000,18.3703
2025-07-07T21:15:00.000,18.3429
2025-07-07T21:16:00.000,18.3265
2025-07-07T21:17:00.000,18.3183
2025-07-07T21:18:00.000,18.2992
2025-07-07T21:19:00.000,18.2841
2025-07-07T21:20:00.000,18.2827
2025-07-07T21:21:00.000,18.2937
2025-07-07T21:22:00.000,18.3046
2025-07-07T21:23:00.000,18.3128
2025-07-07T21:24:00.000,18.3292
2025-07-07T21:25:00.000,18.3333
2025-07-07T21:26:00.000,18.3374
2025-07-07T21:27:00.000,18.3320
2025-07-07T21:28:00.000,18.3306
2025-07-07T21:29:00.000,18.3183
2025-07-07T21:30:00.000,18.3388
2025-07-07T21:31:00.000,18.3306
2025-07-07T21:32:00.000,18.3238
2025-07-07T21:33:00.000,18.3005
2025-07-07T21:34:00.000,18.2513
2025-07-07T21:35:00.000,18.2212
2025-07-07T21:36:00.000,18.1843
2025-07-07T21:37:00.000,18.1009
2025-07-07T21:38:00.000,17.8957
2025-07-07T21:39:00.000,17.6084
2025-07-07T21:40:00.000,17.3154
2025-07-07T21:41:00.000,17.0922
2025-07-07T21:42:00.000,16.8853
2025-07-07T21:43:00.000,16.7017
2025-07-07T21:44:00.000,16.5426
2025-07-07T21:45:00.000,16.3807
2025-07-07T21:46:00.000,16.2613
2025-07-07T21:47:00.000,16.1830
2025-07-07T21:48:00.000,16.1048
2025-07-07T21:49:00.000,16.0210
2025-07-07T21:50:00.000,15.9592
2025-07-07T21:51:00.000,15.8987
2025-07-07T21:52:00.000,15.8657
2025-07-07T21:53:00.000,15.8341
2025-07-07T21:54:00.000,15.8039
2025-07-07T21:55:00.000,15.7874
2025-07-07T21:56:00.000,15.7709
2025-07-07T21:57:00.000,15.7626
2025-07-07T21:58:00.000,15.7612
2025-07-07T21:59:00.000,15.7667
2025-07-07T22:00:00.000,15.7791
2025-07-07T22:01:00.000,15.7832
2025-07-07T22:02:00.000,15.7874
2025-07-07T22:03:00.000,15.7874
2025-07-07T22:04:00.000,15.7915
2025-07-07T22:05:00.000,15.7901
2025-07-07T22:06:00.000,15.7874
2025-07-07T22:07:00.000,15.7860
2025-07-07T22:08:00.000,15.7777
2025-07-07T22:09:00.000,15.7640
2025-07-07T22:10:00.000,15.7502
2025-07-07T22:11:00.000,15.7351
2025-07-07T22:12:00.000,15.7214
2025-07-07T22:13:00.000,15.7200
2025-07-07T22:14:00.000,15.7186
2025-07-07T22:15:00.000,15.7186
2025-07-07T22:16:00.000,15.7255
2025-07-07T22:17:00.000,15.7282
2025-07-07T22:18:00.000,15.7310
2025-07-07T22:19:00.000,15.7379
2025-07-07T22:20:00.000,15.7447
2025-07-07T22:21:00.000,15.7544
2025-07-07T22:22:00.000,15.7626
2025-07-07T22:23:00.000,15.7764
2025-07-07T22:24:00.000,15.7929
2025-07-07T22:25:00.000,15.8162
2025-07-07T22:26:00.000,15.8451
2025-07-07T22:27:00.000,15.8685
2025-07-07T22:28:00.000,15.8822
2025-07-07T22:29:00.000,15.9015
2025-07-07T22:30:00.000,15.9248
2025-07-07T22:31:00.000,15.9344
2025-07-07T22:32:00.000,15.9303
2025-07-07T22:33:00.000,15.9234
2025-07-07T22:34:00.000,15.9152
2025-07-07T22:35:00.000,15.9083
2025-07-07T22:36:00.000,15.9083
2025-07-07T22:37:00.000,15.9097
2025-07-07T22:38:00.000,15.9317
2025-07-07T22:39:00.000,15.9592
2025-07-07T22:40:00.000,15.9798
2025-07-07T22:41:00.000,15.9963
2025-07-07T22:42:00.000,16.0141
2025-07-07T22:43:00.000,16.0622
2025-07-07T22:44:00.000,16.1144
2025-07-07T22:45:00.000,16.1570
2025-07-07T22:46:00.000,16.1981
2025-07-07T22:47:00.000,16.2421
2025-07-07T22:48:00.000,16.2901
2025-07-07T22:49:00.000,16.3176
2025-07-07T22:50:00.000,16.3491
2025-07-07T22:51:00.000,16.3656
2025-07-07T22:52:00.000,16.3793
2025-07-07T22:53:00.000,16.3972
2025-07-07T22:54:00.000,16.4068
2025-07-07T22:55:00.000,16.4136
2025-07-07T22:56:00.000,16.4328
2025-07-07T22:57:00.000,16.4411
2025-07-07T22:58:00.000,16.4424
2025-07-07T22:59:00.000,16.4493
2025-07-07T23:00:00.000,16.4562
2025-07-07T23:01:00.000,16.4726
2025-07-07T23:02:00.000,16.4863
2025-07-07T23:03:00.000,16.4946
2025-07-07T23:04:00.000,16.5069
2025-07-07T23:05:00.000,16.5138
2025-07-07T23:06:00.000,16.5151
2025-07-07T23:07:00.000,16.5151
2025-07-07T23:08:00.000,16.5138
2025-07-07T23:09:00.000,16.5124
2025-07-07T23:10:00.000,16.5097
2025-07-07T23:11:00.000,16.5028
2025-07-07T23:12:00.000,16.5001
2025-07-07T23:13:00.000,16.4905
2025-07-07T23:14:00.000,16.4795
2025-07-07T23:15:00.000,16.4658
2025-07-07T23:16:00.000,16.4370
2025-07-07T23:17:00.000,16.4150
2025-07-07T23:18:00.000,16.3972
2025-07-07T23:19:00.000,16.3807
2025-07-07T23:20:00.000,16.3533
2025-07-07T23:21:00.000,16.3231
2025-07-07T23:22:00.000,16.2846
2025-07-07T23:23:00.000,16.2585
2025-07-07T23:24:00.000,16.2283
2025-07-07T23:25:00.000,16.2105
2025-07-07T23:26:00.000,16.1954
2025-07-07T23:27:00.000,16.1734
2025-07-07T23:28:00.000,16.1336
2025-07-07T23:29:00.000,16.0855
2025-07-07T23:30:00.000,16.0155
2025-07-07T23:31:00.000,15.9784
2025-07-07T23:32:00.000,15.9028
2025-07-07T23:33:00.000,15.8341
2025-07-07T23:34:00.000,15.7777
2025-07-07T23:35:00.000,15.7681
2025-07-07T23:36:00.000,15.7392
2025-07-07T23:37:00.000,15.6939
2025-07-07T23:38:00.000,15.6567
2025-07-07T23:39:00.000,15.6416
2025-07-07T23:40:00.000,15.6375
2025-07-07T23:41:00.000,15.6705
2025-07-07T23:42:00.000,15.7021
2025-07-07T23:43:00.000,15.7337
2025-07-07T23:44:00.000,15.7777
2025-07-07T23:45:00.000,15.8396
2025-07-07T23:46:00.000,15.9056
2025-07-07T23:47:00.000,15.9537
2025-07-07T23:48:00.000,15.9921
2025-07-07T23:49:00.000,16.0292
2025-07-07T23:50:00.000,16.0567
2025-07-07T23:51:00.000,16.0814
2025-07-07T23:52:00.000,16.0952
2025-07-07T23:53:00.000,16.1103
2025-07-07T23:54:00.000,16.1226
2025-07-07T23:55:00.000,16.1309
2025-07-07T23:56:00.000,16.1391
2025-07-07T23:57:00.000,16.1336
2025-07-07T23:58:00.000,16.1213
2025-07-07T23:59:00.000,16.1240
2025-07-08T00:00:00.000,16.1185
2025-07-08T00:01:00.000,16.1020
2025-07-08T00:02:00.000,16.1034
2025-07-08T00:03:00.000,16.1171
2025-07-08T00:04:00.000,16.1048
2025-07-08T00:05:00.000,16.0924
2025-07-08T00:06:00.000,16.1020
2025-07-08T00:07:00.000,16.1158
2025-07-08T00:08:00.000,16.1267
2025-07-08T00:09:00.000,16.1103
2025-07-08T00:10:00.000,16.0883
2025-07-08T00:11:00.000,16.0773
2025-07-08T00:12:00.000,16.0649
2025-07-08T00:13:00.000,16.0430
2025-07-08T00:14:00.000,16.0086
2025-07-08T00:15:00.000,15.9825
2025-07-08T00:16:00.000,15.9688
2025-07-08T00:17:00.000,15.9386
2025-07-08T00:18:00.000,15.9028
2025-07-08T00:19:00.000,15.8795
2025-07-08T00:20:00.000,15.8534
2025-07-08T00:21:00.000,15.8176
2025-07-08T00:22:00.000,15.7846
2025-07-08T00:23:00.000,15.7516
2025-07-08T00:24:00.000,15.7227
2025-07-08T00:25:00.000,15.6966
2025-07-08T00:26:00.000,15.6787
2025-07-08T00:27:00.000,15.6677
2025-07-08T00:28:00.000,15.6567
2025-07-08T00:29:00.000,15.6457
2025-07-08T00:30:00.000,15.6389
2025-07-08T00:31:00.000,15.6416
2025-07-08T00:32:00.000,15.6471
2025-07-08T00:33:00.000,15.6375
2025-07-08T00:34:00.000,15.6334
2025-07-08T00:35:00.000,15.6485
2025-07-08T00:36:00.000,15.6677
2025-07-08T00:37:00.000,15.6801
2025-07-08T00:38:00.000,15.6815
2025-07-08T00:39:00.000,15.6842
2025-07-08T00:40:00.000,15.6911
2025-07-08T00:41:00.000,15.6952
2025-07-08T00:42:00.000,15.7062
2025-07-08T00:43:00.000,15.7062
2025-07-08T00:44:00.000,15.6801
2025-07-08T00:45:00.000,15.6554
2025-07-08T00:46:00.000,15.6402
2025-07-08T00:47:00.000,15.6210
2025-07-08T00:48:00.000,15.5935
2025-07-08T00:49:00.000,15.5783
2025-07-08T00:50:00.000,15.5825
2025-07-08T00:51:00.000,15.6045
2025-07-08T00:52:00.000,15.6223
2025-07-08T00:53:00.000,15.6485
2025-07-08T00:54:00.000,15.6760
2025-07-08T00:55:00.000,15.7090
2025-07-08T00:56:00.000,15.7214
2025-07-08T00:57:00.000,15.7131
2025-07-08T00:58:00.000,15.7007
2025-07-08T00:59:00.000,15.6994
2025-07-08T01:00:00.000,15.6829
2025-07-08T01:01:00.000,15.6567
2025-07-08T01:02:00.000,15.6334
2025-07-08T01:03:00.000,15.6223
2025-07-08T01:04:00.000,15.6113
2025-07-08T01:05:00.000,15.6003
2025-07-08T01:06:00.000,15.5935
2025-07-08T01:07:00.000,15.6058
2025-07-08T01:08:00.000,15.6045
2025-07-08T01:09:00.000,15.6113
2025-07-08T01:10:00.000,15.6168
2025-07-08T01:11:00.000,15.6003
2025-07-08T01:12:00.000,15.5880
2025-07-08T01:13:00.000,15.5687
2025-07-08T01:14:00.000,15.5687
2025-07-08T01:15:00.000,15.5948
2025-07-08T01:16:00.000,15.6168
2025-07-08T01:17:00.000,15.6237
2025-07-08T01:18:00.000,15.6168
2025-07-08T01:19:00.000,15.6072
2025-07-08T01:20:00.000,15.5687
2025-07-08T01:21:00.000,15.5508
2025-07-08T01:22:00.000,15.5646
2025-07-08T01:23:00.000,15.5687
2025-07-08T01:24:00.000,15.5192
2025-07-08T01:25:00.000,15.4696
2025-07-08T01:26:00.000,15.4572
2025-07-08T01:27:00.000,15.4490
2025-07-08T01:28:00.000,15.4462
2025-07-08T01:29:00.000,15.4517
2025-07-08T01:30:00.000,15.4586
2025-07-08T01:31:00.000,15.4669
2025-07-08T01:32:00.000,15.4696
2025-07-08T01:33:00.000,15.4682
2025-07-08T01:34:00.000,15.4531
2025-07-08T01:35:00.000,15.4338
2025-07-08T01:36:00.000,15.4201
2025-07-08T01:37:00.000,15.4435
2025-07-08T01:38:00.000,15.4559
2025-07-08T01:39:00.000,15.4834
2025-07-08T01:40:00.000,15.5123
2025-07-08T01:41:00.000,15.5659
2025-07-08T01:42:00.000,15.6430
2025-07-08T01:43:00.000,15.6829
2025-07-08T01:44:00.000,15.7007
2025-07-08T01:45:00.000,15.7159
2025-07-08T01:46:00.000,15.7392
2025-07-08T01:47:00.000,15.7599
2025-07-08T01:48:00.000,15.7654
2025-07-08T01:49:00.000,15.7970
2025-07-08T01:50:00.000,15.8176
2025-07-08T01:51:00.000,15.8094
2025-07-08T01:52:00.000,15.7901
2025-07-08T01:53:00.000,15.8162
2025-07-08T01:54:00.000,15.8300
2025-07-08T01:55:00.000,15.8190
2025-07-08T01:56:00.000,15.8190
2025-07-08T01:57:00.000,15.8052
2025-07-08T01:58:00.000,15.7736
2025-07-08T01:59:00.000,15.7447
2025-07-08T02:00:00.000,15.7172
2025-07-08T02:01:00.000,15.7021
2025-07-08T02:02:00.000,15.6842
2025-07-08T02:03:00.000,15.6746
2025-07-08T02:04:00.000,15.6705
2025-07-08T02:05:00.000,15.6980
2025-07-08T02:06:00.000,15.7241
2025-07-08T02:07:00.000,15.7777
2025-07-08T02:08:00.000,15.8245
2025-07-08T02:09:00.000,15.8657
2025-07-08T02:10:00.000,15.9056
2025-07-08T02:11:00.000,15.9482
2025-07-08T02:12:00.000,15.9921
2025-07-08T02:13:00.000,16.0141
2025-07-08T02:14:00.000,16.0292
2025-07-08T02:15:00.000,16.0718
2025-07-08T02:16:00.000,16.1199
2025-07-08T02:17:00.000,16.1611
2025-07-08T02:18:00.000,16.1762
2025-07-08T02:19:00.000,16.1624
2025-07-08T02:20:00.000,16.1391
2025-07-08T02:21:00.000,16.1116
2025-07-08T02:22:00.000,16.0636
2025-07-08T02:23:00.000,15.9441
2025-07-08T02:24:00.000,15.8588
2025-07-08T02:25:00.000,15.8094
2025-07-08T02:26:00.000,15.7461
2025-07-08T02:27:00.000,15.6512
2025-07-08T02:28:00.000,15.5893
2025-07-08T02:29:00.000,15.5205
2025-07-08T02:30:00.000,15.4572
2025-07-08T02:31:00.000,15.4022
2025-07-08T02:32:00.000,15.3498
2025-07-08T02:33:00.000,15.2810
2025-07-08T02:34:00.000,15.2548
2025-07-08T02:35:00.000,15.2245
2025-07-08T02:36:00.000,15.2080
2025-07-08T02:37:00.000,15.1818
2025-07-08T02:38:00.000,15.1666
2025-07-08T02:39:00.000,15.1625
2025-07-08T02:40:00.000,15.1156
2025-07-08T02:41:00.000,15.1418
2025-07-08T02:42:00.000,15.1639
2025-07-08T02:43:00.000,15.1653
2025-07-08T02:44:00.000,15.1570
2025-07-08T02:45:00.000,15.1515
2025-07-08T02:46:00.000,15.1391
2025-07-08T02:47:00.000,15.1473
2025-07-08T02:48:00.000,15.1625
2025-07-08T02:49:00.000,15.1901
2025-07-08T02:50:00.000,15.2107
2025-07-08T02:51:00.000,15.2410
2025-07-08T02:52:00.000,15.3072
2025-07-08T02:53:00.000,15.3760
2025-07-08T02:54:00.000,15.4531
2025-07-08T02:55:00.000,15.5178
2025-07-08T02:56:00.000,15.5522
2025-07-08T02:57:00.000,15.5976
2025-07-08T02:58:00.000,15.6031
2025-07-08T02:59:00.000,15.5742
2025-07-08T03:00:00.000,15.5632
2025-07-08T03:01:00.000,15.5536
2025-07-08T03:02:00.000,15.5852
2025-07-08T03:03:00.000,15.5962
2025-07-08T03:04:00.000,15.5852
2025-07-08T03:05:00.000,15.5880
2025-07-08T03:06:00.000,15.6196
2025-07-08T03:07:00.000,15.6499
2025-07-08T03:08:00.000,15.6581
2025-07-08T03:09:00.000,15.6609
2025-07-08T03:10:00.000,15.6499
2025-07-08T03:11:00.000,15.6485
2025-07-08T03:12:00.000,15.6870
2025-07-08T03:13:00.000,15.7310
2025-07-08T03:14:00.000,15.7007
2025-07-08T03:15:00.000,15.6911
2025-07-08T03:16:00.000,15.7090
2025-07-08T03:17:00.000,15.7145
2025-07-08T03:18:00.000,15.7035
2025-07-08T03:19:00.000,15.7392
2025-07-08T03:20:00.000,15.7695
2025-07-08T03:21:00.000,15.8052
2025-07-08T03:22:00.000,15.8602
2025-07-08T03:23:00.000,15.9124
2025-07-08T03:24:00.000,15.9413
2025-07-08T03:25:00.000,15.9605
2025-07-08T03:26:00.000,15.9866
2025-07-08T03:27:00.000,15.9963
2025-07-08T03:28:00.000,16.0045
2025-07-08T03:29:00.000,15.9908
2025-07-08T03:30:00.000,15.9770
2025-07-08T03:31:00.000,15.9784
2025-07-08T03:32:00.000,15.9798
2025-07-08T03:33:00.000,15.9729
2025-07-08T03:34:00.000,15.9674
2025-07-08T03:35:00.000,15.9688
2025-07-08T03:36:00.000,15.9825
2025-07-08T03:37:00.000,15.9921
2025-07-08T03:38:00.000,16.0018
2025-07-08T03:39:00.000,16.0114
2025-07-08T03:40:00.000,16.0169
2025-07-08T03:41:00.000,16.0237
2025-07-08T03:42:00.000,16.0375
2025-07-08T03:43:00.000,16.0567
2025-07-08T03:44:00.000,16.0732
2025-07-08T03:45:00.000,16.0842
2025-07-08T03:46:00.000,16.1020
2025-07-08T03:47:00.000,16.1185
2025-07-08T03:48:00.000,16.1295
2025-07-08T03:49:00.000,16.1350
2025-07-08T03:50:00.000,16.1322
2025-07-08T03:51:00.000,16.1391
2025-07-08T03:52:00.000,16.1542
2025-07-08T03:53:00.000,16.1776
2025-07-08T03:54:00.000,16.2036
2025-07-08T03:55:00.000,16.2256
2025-07-08T03:56:00.000,16.2338
2025-07-08T03:57:00.000,16.2366
2025-07-08T03:58:00.000,16.2448
2025-07-08T03:59:00.000,16.2544
2025-07-08T04:00:00.000,16.2599
2025-07-08T04:01:00.000,16.2585
2025-07-08T04:02:00.000,16.2750
2025-07-08T04:03:00.000,16.2860
2025-07-08T04:04:00.000,16.3025
2025-07-08T04:05:00.000,16.3203
2025-07-08T04:06:00.000,16.3327
2025-07-08T04:07:00.000,16.3436
2025-07-08T04:08:00.000,16.3519
2025-07-08T04:09:00.000,16.3533
2025-07-08T04:10:00.000,16.3546
2025-07-08T04:11:00.000,16.3491
2025-07-08T04:12:00.000,16.3464
2025-07-08T04:13:00.000,16.3464
2025-07-08T04:14:00.000,16.3423
2025-07-08T04:15:00.000,16.3436
2025-07-08T04:16:00.000,16.3464
2025-07-08T04:17:00.000,16.3491
2025-07-08T04:18:00.000,16.3560
2025-07-08T04:19:00.000,16.3670
2025-07-08T04:20:00.000,16.3752
2025-07-08T04:21:00.000,16.3793
2025-07-08T04:22:00.000,16.3848
2025-07-08T04:23:00.000,16.3917
2025-07-08T04:24:00.000,16.3985
2025-07-08T04:25:00.000,16.4054
2025-07-08T04:26:00.000,16.4109
2025-07-08T04:27:00.000,16.4150
2025-07-08T04:28:00.000,16.4164
2025-07-08T04:29:00.000,16.4136
2025-07-08T04:30:00.000,16.4095
2025-07-08T04:31:00.000,16.4040
2025-07-08T04:32:00.000,16.3972
2025-07-08T04:33:00.000,16.3917
2025-07-08T04:34:00.000,16.3848
2025-07-08T04:35:00.000,16.3793
2025-07-08T04:36:00.000,16.3780
2025-07-08T04:37:00.000,16.3725
2025-07-08T04:38:00.000,16.3656
2025-07-08T04:39:00.000,16.3601
2025-07-08T04:40:00.000,16.3533
2025-07-08T04:41:00.000,16.3491
2025-07-08T04:42:00.000,16.3450
2025-07-08T04:43:00.000,16.3409
2025-07-08T04:44:00.000,16.3368
2025-07-08T04:45:00.000,16.3327
2025-07-08T04:46:00.000,16.3299
2025-07-08T04:47:00.000,16.3285
2025-07-08T04:48:00.000,16.3258
2025-07-08T04:49:00.000,16.3217
2025-07-08T04:50:00.000,16.3162
2025-07-08T04:51:00.000,16.3121
2025-07-08T04:52:00.000,16.3066
2025-07-08T04:53:00.000,16.3052
2025-07-08T04:54:00.000,16.2970
2025-07-08T04:55:00.000,16.2887
2025-07-08T04:56:00.000,16.2819
2025-07-08T04:57:00.000,16.2750
2025-07-08T04:58:00.000,16.2695
2025-07-08T04:59:00.000,16.2599
2025-07-08T05:00:00.000,16.2517
2025-07-08T05:01:00.000,16.2448
2025-07-08T05:02:00.000,16.2407
2025-07-08T05:03:00.000,16.2352
2025-07-08T05:04:00.000,16.2311
2025-07-08T05:05:00.000,16.2256
2025-07-08T05:06:00.000,16.2201
2025-07-08T05:07:00.000,16.2132
2025-07-08T05:08:00.000,16.2078
2025-07-08T05:09:00.000,16.2023
2025-07-08T05:10:00.000,16.1968
2025-07-08T05:11:00.000,16.1899
2025-07-08T05:12:00.000,16.1830
2025-07-08T05:13:00.000,16.1776
2025-07-08T05:14:00.000,16.1707
2025-07-08T05:15:00.000,16.1638
2025-07-08T05:16:00.000,16.1570
2025-07-08T05:17:00.000,16.1473
2025-07-08T05:18:00.000,16.1350
2025-07-08T05:19:00.000,16.1254
2025-07-08T05:20:00.000,16.1171
2025-07-08T05:21:00.000,16.1103
2025-07-08T05:22:00.000,16.1007
2025-07-08T05:23:00.000,16.0842
2025-07-08T05:24:00.000,16.0526
2025-07-08T05:25:00.000,15.9729
2025-07-08T05:26:00.000,15.8382
2025-07-08T05:27:00.000,15.7035
2025-07-08T05:28:00.000,15.5880
2025-07-08T05:29:00.000,15.4531
2025-07-08T05:30:00.000,15.2355
2025-07-08T05:31:00.000,14.9364
2025-07-08T05:32:00.000,14.5429
2025-07-08T05:33:00.000,14.1224
2025-07-08T05:34:00.000,13.7190
2025-07-08T05:35:00.000,13.3605
2025-07-08T05:36:00.000,13.0528
2025-07-08T05:37:00.000,12.7934
2025-07-08T05:38:00.000,12.5615
2025-07-08T05:39:00.000,12.3782
2025-07-08T05:40:00.000,12.2270
2025-07-08T05:41:00.000,12.0910
2025-07-08T05:42:00.000,11.9660
2025-07-08T05:43:00.000,11.8635
2025-07-08T05:44:00.000,11.7777
2025-07-08T05:45:00.000,11.7187
2025-07-08T05:46:00.000,11.6680
2025-07-08T05:47:00.000,11.6187
2025-07-08T05:48:00.000,11.5737
2025-07-08T05:49:00.000,11.5469
2025-07-08T05:50:00.000,11.5314
2025-07-08T05:51:00.000,11.5187
2025-07-08T05:52:00.000,11.5215
2025-07-08T05:53:00.000,11.5075
2025-07-08T05:54:00.000,11.4962
2025-07-08T05:55:00.000,11.5046
2025-07-08T05:56:00.000,11.5103
2025-07-08T05:57:00.000,11.5215
2025-07-08T05:58:00.000,11.5385
2025-07-08T05:59:00.000,11.5568
2025-07-08T06:00:00.000,11.5539
2025-07-08T06:01:00.000,11.5596
2025-07-08T06:02:00.000,11.5751
2025-07-08T06:03:00.000,11.5849
2025-07-08T06:04:00.000,11.5807
2025-07-08T06:05:00.000,11.5737
2025-07-08T06:06:00.000,11.5694
2025-07-08T06:07:00.000,11.5779
2025-07-08T06:08:00.000,11.5849
2025-07-08T06:09:00.000,11.6004
2025-07-08T06:10:00.000,11.6230
2025-07-08T06:11:00.000,11.6497
2025-07-08T06:12:00.000,11.6736
2025-07-08T06:13:00.000,11.6990
2025-07-08T06:14:00.000,11.7440
2025-07-08T06:15:00.000,11.8073
2025-07-08T06:16:00.000,11.8888
2025-07-08T06:17:00.000,12.1709
2025-07-08T06:18:00.000,12.7809
2025-07-08T06:19:00.000,13.4453
2025-07-08T06:20:00.000,13.9395
2025-07-08T06:21:00.000,14.2234
2025-07-08T06:22:00.000,14.4503
2025-07-08T06:23:00.000,14.6092
2025-07-08T06:24:00.000,14.7556
2025-07-08T06:25:00.000,15.0839
2025-07-08T06:26:00.000,15.5742
2025-07-08T06:27:00.000,16.0828
2025-07-08T06:28:00.000,16.7510
2025-07-08T06:29:00.000,17.4523
2025-07-08T06:30:00.000,18.1009
2025-07-08T06:31:00.000,18.6861
2025-07-08T06:32:00.000,19.2370
2025-07-08T06:33:00.000,19.7414
2025-07-08T06:34:00.000,20.2146
2025-07-08T06:35:00.000,20.8221
2025-07-08T06:36:00.000,21.2988
2025-07-08T06:37:00.000,21.7033
2025-07-08T06:38:00.000,22.1411
2025-07-08T06:39:00.000,22.4654
2025-07-08T06:40:00.000,22.8479
2025-07-08T06:41:00.000,23.2323
2025-07-08T06:42:00.000,23.6201
2025-07-08T06:43:00.000,23.8703
2025-07-08T06:44:00.000,23.8869
2025-07-08T06:45:00.000,23.8855
2025-07-08T06:46:00.000,23.9588
2025-07-08T06:47:00.000,24.2260
2025-07-08T06:48:00.000,24.6212
2025-07-08T06:49:00.000,24.9659
2025-07-08T06:50:00.000,25.2540
2025-07-08T06:51:00.000,25.5176
2025-07-08T06:52:00.000,25.6782
2025-07-08T06:53:00.000,25.8935
2025-07-08T06:54:00.000,25.9803
2025-07-08T06:55:00.000,25.9691
2025-07-08T06:56:00.000,26.0111
2025-07-08T06:57:00.000,26.1119
2025-07-08T06:58:00.000,26.3587
2025-07-08T06:59:00.000,26.3896
2025-07-08T07:00:00.000,26.5174
2025-07-08T07:01:00.000,26.6735
2025-07-08T07:02:00.000,26.8805
2025-07-08T07:03:00.000,27.0863
2025-07-08T07:04:00.000,27.3548
2025-07-08T07:05:00.000,27.5529
2025-07-08T07:06:00.000,27.6450
2025-07-08T07:07:00.000,27.7273
2025-07-08T07:08:00.000,27.8593
2025-07-08T07:09:00.000,27.9915
2025-07-08T07:10:00.000,28.2078
2025-07-08T07:11:00.000,28.3118
2025-07-08T07:12:00.000,28.4588
2025-07-08T07:13:00.000,28.6045
2025-07-08T07:14:00.000,28.7203
2025-07-08T07:15:00.000,28.7275
2025-07-08T07:16:00.000,28.5173
2025-07-08T07:17:00.000,28.5502
2025-07-08T07:18:00.000,28.6789
2025-07-08T07:19:00.000,28.7075
2025-07-08T07:20:00.000,28.9223
2025-07-08T07:21:00.000,29.1060
2025-07-08T07:22:00.000,29.3764
2025-07-08T07:23:00.000,29.4023
2025-07-08T07:24:00.000,29.2656
2025-07-08T07:25:00.000,29.2311
2025-07-08T07:26:00.000,29.4398
2025-07-08T07:27:00.000,29.7198
2025-07-08T07:28:00.000,29.9846
2025-07-08T07:29:00.000,30.1383
2025-07-08T07:30:00.000,30.2661
2025-07-08T07:31:00.000,30.4654
2025-07-08T07:32:00.000,30.8229
2025-07-08T07:33:00.000,31.0953
2025-07-08T07:34:00.000,31.1613
2025-07-08T07:35:00.000,31.2333
2025-07-08T07:36:00.000,31.4745
2025-07-08T07:37:00.000,31.7297
2025-07-08T07:38:00.000,32.0183
2025-07-08T07:39:00.000,32.3496
2025-07-08T07:40:00.000,32.7106
2025-07-08T07:41:00.000,33.0703
2025-07-08T07:42:00.000,33.3683
2025-07-08T07:43:00.000,33.6175
2025-07-08T07:44:00.000,33.5132
2025-07-08T07:45:00.000,33.1966
2025-07-08T07:46:00.000,32.9442
2025-07-08T07:47:00.000,32.7061
2025-07-08T07:48:00.000,32.5045
2025-07-08T07:49:00.000,32.1029
2025-07-08T07:50:00.000,31.6205
2025-07-08T07:51:00.000,31.1334
2025-07-08T07:52:00.000,30.8098
2025-07-08T07:53:00.000,30.4494
2025-07-08T07:54:00.000,30.2123
2025-07-08T07:55:00.000,30.1891
2025-07-08T07:56:00.000,30.2792
2025-07-08T07:57:00.000,30.3184
2025-07-08T07:58:00.000,30.1833
2025-07-08T07:59:00.000,29.9454
2025-07-08T08:00:00.000,29.6894
2025-07-08T08:01:00.000,29.5840
2025-07-08T08:02:00.000,29.5465
2025-07-08T08:03:00.000,29.6894
2025-07-08T08:04:00.000,29.6085
2025-07-08T08:05:00.000,29.1075
2025-07-08T08:06:00.000,28.5816
2025-07-08T08:07:00.000,28.1537
2025-07-08T08:08:00.000,27.7315
2025-07-08T08:09:00.000,27.4835
2025-07-08T08:10:00.000,27.1357
2025-07-08T08:11:00.000,26.7734
2025-07-08T08:12:00.000,26.4486
2025-07-08T08:13:00.000,26.1581
2025-07-08T08:14:00.000,25.9327
2025-07-08T08:15:00.000,25.7774
2025-07-08T08:16:00.000,25.6335
2025-07-08T08:17:00.000,25.5260
2025-07-08T08:18:00.000,25.4632
2025-07-08T08:19:00.000,25.4799
2025-07-08T08:20:00.000,25.5148
2025-07-08T08:21:00.000,25.5232
2025-07-08T08:22:00.000,25.5748
2025-07-08T08:23:00.000,25.4967
2025-07-08T08:24:00.000,25.5581
2025-07-08T08:25:00.000,25.5720
2025-07-08T08:26:00.000,25.5553
2025-07-08T08:27:00.000,25.5706
2025-07-08T08:28:00.000,25.5427
2025-07-08T08:29:00.000,25.4855
2025-07-08T08:30:00.000,25.4548
2025-07-08T08:31:00.000,25.4841
2025-07-08T08:32:00.000,25.5315
2025-07-08T08:33:00.000,25.4925
2025-07-08T08:34:00.000,25.5553
2025-07-08T08:35:00.000,25.6014
2025-07-08T08:36:00.000,25.5958
2025-07-08T08:37:00.000,25.5595
2025-07-08T08:38:00.000,25.4855
2025-07-08T08:39:00.000,25.4660
2025-07-08T08:40:00.000,25.3851
2025-07-08T08:41:00.000,25.3028
2025-07-08T08:42:00.000,25.2192
2025-07-08T08:43:00.000,25.1370
2025-07-08T08:44:00.000,25.0883
2025-07-08T08:45:00.000,24.9714
2025-07-08T08:46:00.000,24.9186
2025-07-08T08:47:00.000,24.9742
2025-07-08T08:48:00.000,24.9965
2025-07-08T08:49:00.000,25.0312
2025-07-08T08:50:00.000,25.0452
2025-07-08T08:51:00.000,25.0967
2025-07-08T08:52:00.000,25.2387
2025-07-08T08:53:00.000,25.3697
2025-07-08T08:54:00.000,25.6405
2025-07-08T08:55:00.000,25.7746
2025-07-08T08:56:00.000,25.7215
2025-07-08T08:57:00.000,25.7033
2025-07-08T08:58:00.000,25.6419
2025-07-08T08:59:00.000,25.4911
2025-07-08T09:00:00.000,25.0312
2025-07-08T09:01:00.000,24.3909
2025-07-08T09:02:00.000,23.6975
2025-07-08T09:03:00.000,22.9980
2025-07-08T09:04:00.000,22.3733
2025-07-08T09:05:00.000,21.7842
2025-07-08T09:06:00.000,21.4317
2025-07-08T09:07:00.000,21.2125
2025-07-08T09:08:00.000,21.1988
2025-07-08T09:09:00.000,21.3975
2025-07-08T09:10:00.000,21.4893
2025-07-08T09:11:00.000,21.3577
2025-07-08T09:12:00.000,21.1796
2025-07-08T09:13:00.000,21.0166
2025-07-08T09:14:00.000,21.0125
2025-07-08T09:15:00.000,21.1221
2025-07-08T09:16:00.000,21.3742
2025-07-08T09:17:00.000,21.5675
2025-07-08T09:18:00.000,21.6731
2025-07-08T09:19:00.000,21.7280
2025-07-08T09:20:00.000,21.6498
2025-07-08T09:21:00.000,21.3673
2025-07-08T09:22:00.000,21.0741
2025-07-08T09:23:00.000,20.9700
2025-07-08T09:24:00.000,21.1960
2025-07-08T09:25:00.000,21.7458
2025-07-08T09:26:00.000,22.4434
2025-07-08T09:27:00.000,22.9870
2025-07-08T09:28:00.000,23.4765
2025-07-08T09:29:00.000,23.9574
2025-07-08T09:30:00.000,24.4617
2025-07-08T09:31:00.000,24.8393
2025-07-08T09:32:00.000,25.2025
2025-07-08T09:33:00.000,25.6153
2025-07-08T09:34:00.000,26.0167
2025-07-08T09:35:00.000,26.3447
2025-07-08T09:36:00.000,26.5779
2025-07-08T09:37:00.000,26.8269
2025-07-08T09:38:00.000,27.0962
2025-07-08T09:39:00.000,27.2544
2025-07-08T09:40:00.000,27.3816
2025-07-08T09:41:00.000,27.7032
2025-07-08T09:42:00.000,27.9602
2025-07-08T09:43:00.000,28.0569
2025-07-08T09:44:00.000,28.2619
2025-07-08T09:45:00.000,28.3717
2025-07-08T09:46:00.000,28.5888
2025-07-08T09:47:00.000,28.7404
2025-07-08T09:48:00.000,28.6245
2025-07-08T09:49:00.000,28.4431
2025-07-08T09:50:00.000,28.4916
2025-07-08T09:51:00.000,28.4002
2025-07-08T09:52:00.000,28.3389
2025-07-08T09:53:00.000,28.3018
2025-07-08T09:54:00.000,28.2006
2025-07-08T09:55:00.000,28.1053
2025-07-08T09:56:00.000,28.0156
2025-07-08T09:57:00.000,28.0512
2025-07-08T09:58:00.000,27.9119
2025-07-08T09:59:00.000,27.8281
2025-07-08T10:00:00.000,27.9232
2025-07-08T10:01:00.000,27.9815
2025-07-08T10:02:00.000,28.1095
2025-07-08T10:03:00.000,28.2947
2025-07-08T10:04:00.000,28.4802
2025-07-08T10:05:00.000,28.5359
2025-07-08T10:06:00.000,28.5387
2025-07-08T10:07:00.000,28.6989
2025-07-08T10:08:00.000,28.8234
2025-07-08T10:09:00.000,28.9352
2025-07-08T10:10:00.000,29.1103
2025-07-08T10:11:00.000,29.2383
2025-07-08T10:12:00.000,29.3779
2025-07-08T10:13:00.000,29.4946
2025-07-08T10:14:00.000,29.7646
2025-07-08T10:15:00.000,30.2879
2025-07-08T10:16:00.000,30.7762
2025-07-08T10:17:00.000,30.9356
2025-07-08T10:18:00.000,30.9707
2025-07-08T10:19:00.000,30.9839
2025-07-08T10:20:00.000,30.9854
2025-07-08T10:21:00.000,30.9956
2025-07-08T10:22:00.000,30.8112
2025-07-08T10:23:00.000,30.5776
2025-07-08T10:24:00.000,30.3810
2025-07-08T10:25:00.000,30.3024
2025-07-08T10:26:00.000,30.4334
2025-07-08T10:27:00.000,30.6024
2025-07-08T10:28:00.000,30.7338
2025-07-08T10:29:00.000,30.7557
2025-07-08T10:30:00.000,30.7922
2025-07-08T10:31:00.000,30.8712
2025-07-08T10:32:00.000,31.0088
2025-07-08T10:33:00.000,31.2362
2025-07-08T10:34:00.000,31.7445
2025-07-08T10:35:00.000,32.3198
2025-07-08T10:36:00.000,32.7465
2025-07-08T10:37:00.000,33.0238
2025-07-08T10:38:00.000,33.1485
2025-07-08T10:39:00.000,33.2192
2025-07-08T10:40:00.000,33.1109
2025-07-08T10:41:00.000,32.9082
2025-07-08T10:42:00.000,32.5657
2025-07-08T10:43:00.000,32.1385
2025-07-08T10:44:00.000,31.6869
2025-07-08T10:45:00.000,31.3509
2025-07-08T10:46:00.000,31.2406
2025-07-08T10:47:00.000,31.2171
2025-07-08T10:48:00.000,31.2627
2025-07-08T10:49:00.000,31.3288
2025-07-08T10:50:00.000,31.4833
2025-07-08T10:51:00.000,31.6884
2025-07-08T10:52:00.000,31.8066
2025-07-08T10:53:00.000,31.9398
2025-07-08T10:54:00.000,32.3079
2025-07-08T10:55:00.000,32.6762
2025-07-08T10:56:00.000,32.8154
2025-07-08T10:57:00.000,32.6598
2025-07-08T10:58:00.000,32.4688
2025-07-08T10:59:00.000,32.4136
2025-07-08T11:00:00.000,32.2722
2025-07-08T11:01:00.000,32.1118
2025-07-08T11:02:00.000,32.0153
2025-07-08T11:03:00.000,31.9635
2025-07-08T11:04:00.000,31.9501
2025-07-08T11:05:00.000,32.0213
2025-07-08T11:06:00.000,32.0064
2025-07-08T11:07:00.000,32.0480
2025-07-08T11:08:00.000,32.0524
2025-07-08T11:09:00.000,32.0643
2025-07-08T11:10:00.000,32.0361
2025-07-08T11:11:00.000,31.9827
2025-07-08T11:12:00.000,31.8480
2025-07-08T11:13:00.000,31.6957
2025-07-08T11:14:00.000,31.6337
2025-07-08T11:15:00.000,31.5983
2025-07-08T11:16:00.000,31.5467
2025-07-08T11:17:00.000,31.6485
2025-07-08T11:18:00.000,31.7563
2025-07-08T11:19:00.000,31.9694
2025-07-08T11:20:00.000,32.1652
2025-07-08T11:21:00.000,32.2009
2025-07-08T11:22:00.000,32.2454
2025-07-08T11:23:00.000,32.2544
2025-07-08T11:24:00.000,32.4747
2025-07-08T11:25:00.000,32.6150
2025-07-08T11:26:00.000,32.6284
2025-07-08T11:27:00.000,32.6105
2025-07-08T11:28:00.000,32.5165
2025-07-08T11:29:00.000,32.3020
2025-07-08T11:30:00.000,32.0376
2025-07-08T11:31:00.000,31.9338
2025-07-08T11:32:00.000,31.9383
2025-07-08T11:33:00.000,31.9501
2025-07-08T11:34:00.000,31.8983
2025-07-08T11:35:00.000,31.9279
2025-07-08T11:36:00.000,32.1504
2025-07-08T11:37:00.000,32.4121
2025-07-08T11:38:00.000,32.6404
2025-07-08T11:39:00.000,32.6987
2025-07-08T11:40:00.000,32.3034
2025-07-08T11:41:00.000,32.0139
2025-07-08T11:42:00.000,32.0391
2025-07-08T11:43:00.000,32.1697
2025-07-08T11:44:00.000,32.0836
2025-07-08T11:45:00.000,32.0984
2025-07-08T11:46:00.000,32.2083
2025-07-08T11:47:00.000,32.5329
2025-07-08T11:48:00.000,33.0928
2025-07-08T11:49:00.000,33.6478
2025-07-08T11:50:00.000,33.3412
2025-07-08T11:51:00.000,32.9352
2025-07-08T11:52:00.000,32.9682
2025-07-08T11:53:00.000,33.3924
2025-07-08T11:54:00.000,33.6448
2025-07-08T11:55:00.000,33.8676
2025-07-08T11:56:00.000,33.8646
2025-07-08T11:57:00.000,33.6645
2025-07-08T11:58:00.000,33.4271
2025-07-08T11:59:00.000,33.2975
2025-07-08T12:00:00.000,33.2598
2025-07-08T12:01:00.000,33.2267
2025-07-08T12:02:00.000,33.3879
2025-07-08T12:03:00.000,33.6251
2025-07-08T12:04:00.000,33.7735
2025-07-08T12:05:00.000,33.6115
2025-07-08T12:06:00.000,33.4030
2025-07-08T12:07:00.000,33.3140
2025-07-08T12:08:00.000,33.1725
2025-07-08T12:09:00.000,32.7719
2025-07-08T12:10:00.000,32.3451
2025-07-08T12:11:00.000,31.9842
2025-07-08T12:12:00.000,31.7519
2025-07-08T12:13:00.000,31.8007
2025-07-08T12:14:00.000,31.8776
2025-07-08T12:15:00.000,31.8302
2025-07-08T12:16:00.000,31.5541
2025-07-08T12:17:00.000,31.2406
2025-07-08T12:18:00.000,31.0718
2025-07-08T12:19:00.000,31.0176
2025-07-08T12:20:00.000,31.1158
2025-07-08T12:21:00.000,31.3965
2025-07-08T12:22:00.000,31.4833
2025-07-08T12:23:00.000,31.3670
2025-07-08T12:24:00.000,31.1232
2025-07-08T12:25:00.000,30.9151
2025-07-08T12:26:00.000,30.7791
2025-07-08T12:27:00.000,30.6973
2025-07-08T12:28:00.000,31.0660
2025-07-08T12:29:00.000,31.6028
2025-07-08T12:30:00.000,32.0583
2025-07-08T12:31:00.000,32.0702
2025-07-08T12:32:00.000,31.7770
2025-07-08T12:33:00.000,31.5556
2025-07-08T12:34:00.000,31.6116
2025-07-08T12:35:00.000,31.7002
2025-07-08T12:36:00.000,31.6160
2025-07-08T12:37:00.000,31.3567
2025-07-08T12:38:00.000,31.2450
2025-07-08T12:39:00.000,31.3715
2025-07-08T12:40:00.000,31.5334
2025-07-08T12:41:00.000,31.7933
2025-07-08T12:42:00.000,32.2232
2025-07-08T12:43:00.000,32.1652
2025-07-08T12:44:00.000,31.9827
2025-07-08T12:45:00.000,31.9131
2025-07-08T12:46:00.000,31.7223
2025-07-08T12:47:00.000,31.4833
2025-07-08T12:48:00.000,31.2715
2025-07-08T12:49:00.000,31.0733
2025-07-08T12:50:00.000,30.6520
2025-07-08T12:51:00.000,30.2705
2025-07-08T12:52:00.000,30.0150
2025-07-08T12:53:00.000,29.7573
2025-07-08T12:54:00.000,29.5869
2025-07-08T12:55:00.000,29.2987
2025-07-08T12:56:00.000,29.1434
2025-07-08T12:57:00.000,29.2915
2025-07-08T12:58:00.000,29.3447
2025-07-08T12:59:00.000,29.2483
2025-07-08T13:00:00.000,29.0716
2025-07-08T13:01:00.000,28.8621
2025-07-08T13:02:00.000,28.6259
2025-07-08T13:03:00.000,28.4117
2025-07-08T13:04:00.000,28.3175
2025-07-08T13:05:00.000,28.3731
2025-07-08T13:06:00.000,28.4488
2025-07-08T13:07:00.000,28.4573
2025-07-08T13:08:00.000,28.5916
2025-07-08T13:09:00.000,28.6703
2025-07-08T13:10:00.000,28.6803
2025-07-08T13:11:00.000,28.8664
2025-07-08T13:12:00.000,28.9424
2025-07-08T13:13:00.000,28.8779
2025-07-08T13:14:00.000,28.7747
2025-07-08T13:15:00.000,28.6502
2025-07-08T13:16:00.000,28.5059
2025-07-08T13:17:00.000,28.2833
2025-07-08T13:18:00.000,28.0953
2025-07-08T13:19:00.000,28.0284
2025-07-08T13:20:00.000,27.9588
2025-07-08T13:21:00.000,27.7926
2025-07-08T13:22:00.000,27.7429
2025-07-08T13:23:00.000,27.7571
2025-07-08T13:24:00.000,27.6720
2025-07-08T13:25:00.000,27.5416
2025-07-08T13:26:00.000,27.3760
2025-07-08T13:27:00.000,27.4779
2025-07-08T13:28:00.000,27.8068
2025-07-08T13:29:00.000,28.2448
2025-07-08T13:30:00.000,28.7475
2025-07-08T13:31:00.000,29.0759
2025-07-08T13:32:00.000,29.2354
2025-07-08T13:33:00.000,29.2454
2025-07-08T13:34:00.000,29.1922
2025-07-08T13:35:00.000,29.1477
2025-07-08T13:36:00.000,29.2138
2025-07-08T13:37:00.000,29.1692
2025-07-08T13:38:00.000,28.9209
2025-07-08T13:39:00.000,29.0199
2025-07-08T13:40:00.000,29.5176
2025-07-08T13:41:00.000,29.9295
2025-07-08T13:42:00.000,30.0135
2025-07-08T13:43:00.000,29.9585
2025-07-08T13:44:00.000,29.7472
2025-07-08T13:45:00.000,29.4384
2025-07-08T13:46:00.000,29.4110
2025-07-08T13:47:00.000,29.9121
2025-07-08T13:48:00.000,30.4698
2025-07-08T13:49:00.000,30.8653
2025-07-08T13:50:00.000,31.3582
2025-07-08T13:51:00.000,31.6396
2025-07-08T13:52:00.000,31.5541
2025-07-08T13:53:00.000,31.4156
2025-07-08T13:54:00.000,31.1745
2025-07-08T13:55:00.000,31.0850
2025-07-08T13:56:00.000,30.9224
2025-07-08T13:57:00.000,30.8010
2025-07-08T13:58:00.000,30.7075
2025-07-08T13:59:00.000,30.2617
2025-07-08T14:00:00.000,29.3663
2025-07-08T14:01:00.000,28.4388
2025-07-08T14:02:00.000,27.1329
2025-07-08T14:03:00.000,25.7578
2025-07-08T14:04:00.000,24.4214
2025-07-08T14:05:00.000,23.3385
2025-07-08T14:06:00.000,22.4805
2025-07-08T14:07:00.000,21.8391
2025-07-08T14:08:00.000,21.3810
2025-07-08T14:09:00.000,21.0262
2025-07-08T14:10:00.000,20.7592
2025-07-08T14:11:00.000,20.6278
2025-07-08T14:12:00.000,20.5717
2025-07-08T14:13:00.000,20.5101
2025-07-08T14:14:00.000,20.4786
2025-07-08T14:15:00.000,20.3432
2025-07-08T14:16:00.000,20.2515
2025-07-08T14:17:00.000,20.2830
2025-07-08T14:18:00.000,20.3924
2025-07-08T14:19:00.000,20.4266
2025-07-08T14:20:00.000,20.3883
2025-07-08T14:21:00.000,20.3322
2025-07-08T14:22:00.000,20.2337
2025-07-08T14:23:00.000,20.1489
2025-07-08T14:24:00.000,20.1229
2025-07-08T14:25:00.000,20.2242
2025-07-08T14:26:00.000,20.2187
2025-07-08T14:27:00.000,20.0915
2025-07-08T14:28:00.000,20.0094
2025-07-08T14:29:00.000,19.8508
2025-07-08T14:30:00.000,19.6512
2025-07-08T14:31:00.000,19.3327
2025-07-08T14:32:00.000,19.0333
2025-07-08T14:33:00.000,18.7531
2025-07-08T14:34:00.000,18.4960
2025-07-08T14:35:00.000,18.2486
2025-07-08T14:36:00.000,17.9162
2025-07-08T14:37:00.000,17.6344
2025-07-08T14:38:00.000,17.3784
2025-07-08T14:39:00.000,17.1607
2025-07-08T14:40:00.000,16.9511
2025-07-08T14:41:00.000,16.7496
2025-07-08T14:42:00.000,16.5618
2025-07-08T14:43:00.000,16.3972
2025-07-08T14:44:00.000,16.2572
2025-07-08T14:45:00.000,16.1432
2025-07-08T14:46:00.000,16.0732
2025-07-08T14:47:00.000,16.0526
2025-07-08T14:48:00.000,16.0127
2025-07-08T14:49:00.000,15.9372
2025-07-08T14:50:00.000,15.8355
2025-07-08T14:51:00.000,15.7722
2025-07-08T14:52:00.000,15.6856
2025-07-08T14:53:00.000,15.6113
2025-07-08T14:54:00.000,15.5481
2025-07-08T14:55:00.000,15.4889
2025-07-08T14:56:00.000,15.4380
2025-07-08T14:57:00.000,15.3994
2025-07-08T14:58:00.000,15.3567
2025-07-08T14:59:00.000,15.3168
2025-07-08T15:00:00.000,15.2672
2025-07-08T15:01:00.000,15.2176
2025-07-08T15:02:00.000,15.1666
2025-07-08T15:03:00.000,15.1129
2025-07-08T15:04:00.000,15.0605
2025-07-08T15:05:00.000,15.0040
2025-07-08T15:06:00.000,14.9543
2025-07-08T15:07:00.000,14.9116
2025-07-08T15:08:00.000,14.8743
2025-07-08T15:09:00.000,14.8371
2025-07-08T15:10:00.000,14.8026
2025-07-08T15:11:00.000,14.7694
2025-07-08T15:12:00.000,14.7432
2025-07-08T15:13:00.000,14.7391
2025-07-08T15:14:00.000,14.7321
2025-07-08T15:15:00.000,14.7252
2025-07-08T15:16:00.000,14.7128
2025-07-08T15:17:00.000,14.7045
2025-07-08T15:18:00.000,14.6962
2025-07-08T15:19:00.000,14.6935
2025-07-08T15:20:00.000,14.6893
2025-07-08T15:21:00.000,14.6728
2025-07-08T15:22:00.000,14.6534
2025-07-08T15:23:00.000,14.6369
2025-07-08T15:24:00.000,14.6079
2025-07-08T15:25:00.000,14.5857
2025-07-08T15:26:00.000,14.5719
2025-07-08T15:27:00.000,14.5609
2025-07-08T15:28:00.000,14.5636
2025-07-08T15:29:00.000,14.5595
2025-07-08T15:30:00.000,14.5457
2025-07-08T15:31:00.000,14.5291
2025-07-08T15:32:00.000,14.5028
2025-07-08T15:33:00.000,14.4780
2025-07-08T15:34:00.000,14.4503
2025-07-08T15:35:00.000,14.4199
2025-07-08T15:36:00.000,14.3936
2025-07-08T15:37:00.000,14.3729
2025-07-08T15:38:00.000,14.3521
2025-07-08T15:39:00.000,14.3328
2025-07-08T15:40:00.000,14.3189
2025-07-08T15:41:00.000,14.3314
2025-07-08T15:42:00.000,14.3314
2025-07-08T15:43:00.000,14.3258
2025-07-08T15:44:00.000,14.3175
2025-07-08T15:45:00.000,14.2968
2025-07-08T15:46:00.000,14.2677
2025-07-08T15:47:00.000,14.2318
2025-07-08T15:48:00.000,14.1985
2025-07-08T15:49:00.000,14.1722
2025-07-08T15:50:00.000,14.1418
2025-07-08T15:51:00.000,14.1238
2025-07-08T15:52:00.000,14.1071
2025-07-08T15:53:00.000,14.1168
2025-07-08T15:54:00.000,14.1168
2025-07-08T15:55:00.000,14.1113
2025-07-08T15:56:00.000,14.0822
2025-07-08T15:57:00.000,14.0462
2025-07-08T15:58:00.000,14.0088
2025-07-08T15:59:00.000,13.9714
2025-07-08T16:00:00.000,13.9534
2025-07-08T16:01:00.000,14.0254
2025-07-08T16:02:00.000,14.2622
2025-07-08T16:03:00.000,14.5982
2025-07-08T16:04:00.000,14.9474
2025-07-08T16:05:00.000,15.2672
2025-07-08T16:06:00.000,15.5329
2025-07-08T16:07:00.000,15.7434
2025-07-08T16:08:00.000,15.9234
2025-07-08T16:09:00.000,16.0883
2025-07-08T16:10:00.000,16.2215
2025-07-08T16:11:00.000,16.3368
2025-07-08T16:12:00.000,16.4164
2025-07-08T16:13:00.000,16.4918
2025-07-08T16:14:00.000,16.5563
2025-07-08T16:15:00.000,16.6070
2025-07-08T16:16:00.000,16.6605
2025-07-08T16:17:00.000,16.7085
2025-07-08T16:18:00.000,16.7510
2025-07-08T16:19:00.000,16.7894
2025-07-08T16:20:00.000,16.8223
2025-07-08T16:21:00.000,16.8442
2025-07-08T16:22:00.000,16.8661
2025-07-08T16:23:00.000,16.9086
2025-07-08T16:24:00.000,17.0086
2025-07-08T16:25:00.000,17.0744
2025-07-08T16:26:00.000,17.1936
2025-07-08T16:27:00.000,17.3017
2025-07-08T16:28:00.000,17.4167
2025-07-08T16:29:00.000,17.5112
2025-07-08T16:30:00.000,17.6056
2025-07-08T16:31:00.000,17.6823
2025-07-08T16:32:00.000,17.7302
2025-07-08T16:33:00.000,17.7548
2025-07-08T16:34:00.000,17.7671
2025-07-08T16:35:00.000,17.7685
2025-07-08T16:36:00.000,17.7644
2025-07-08T16:37:00.000,17.7534
2025-07-08T16:38:00.000,17.7356
2025-07-08T16:39:00.000,17.7165
2025-07-08T16:40:00.000,17.6959
2025-07-08T16:41:00.000,17.6754
2025-07-08T16:42:00.000,17.6453
2025-07-08T16:43:00.000,17.6097
2025-07-08T16:44:00.000,17.5618
2025-07-08T16:45:00.000,17.5167
2025-07-08T16:46:00.000,17.4797
2025-07-08T16:47:00.000,17.4428
2025-07-08T16:48:00.000,17.4099
2025-07-08T16:49:00.000,17.3716
2025-07-08T16:50:00.000,17.3319
2025-07-08T16:51:00.000,17.2429
2025-07-08T16:52:00.000,17.1182
2025-07-08T16:53:00.000,17.0128
2025-07-08T16:54:00.000,16.9264
2025-07-08T16:55:00.000,16.8428
2025-07-08T16:56:00.000,16.7675
2025-07-08T16:57:00.000,16.6975
2025-07-08T16:58:00.000,16.6358
2025-07-08T16:59:00.000,16.5851
2025-07-08T17:00:00.000,16.5494
2025-07-08T17:01:00.000,16.5316
2025-07-08T17:02:00.000,16.5289
2025-07-08T17:03:00.000,16.5220
2025-07-08T17:04:00.000,16.5151
2025-07-08T17:05:00.000,16.5151
2025-07-08T17:06:00.000,16.5138
2025-07-08T17:07:00.000,16.5138
2025-07-08T17:08:00.000,16.5165
2025-07-08T17:09:00.000,16.5206
2025-07-08T17:10:00.000,16.5275
2025-07-08T17:11:00.000,16.5371
2025-07-08T17:12:00.000,16.5536
2025-07-08T17:13:00.000,16.5700
2025-07-08T17:14:00.000,16.5920
2025-07-08T17:15:00.000,16.6194
2025-07-08T17:16:00.000,16.6578
2025-07-08T17:17:00.000,16.6879
2025-07-08T17:18:00.000,16.7112
2025-07-08T17:19:00.000,16.7263
2025-07-08T17:20:00.000,16.7387
2025-07-08T17:21:00.000,16.7483
2025-07-08T17:22:00.000,16.7661
2025-07-08T17:23:00.000,16.7812
2025-07-08T17:24:00.000,16.7908
2025-07-08T17:25:00.000,16.7949
2025-07-08T17:26:00.000,16.7976
2025-07-08T17:27:00.000,16.7962
2025-07-08T17:28:00.000,16.7962
2025-07-08T17:29:00.000,16.7976
2025-07-08T17:30:00.000,16.8004
2025-07-08T17:31:00.000,16.7990
2025-07-08T17:32:00.000,16.7894
2025-07-08T17:33:00.000,16.7784
2025-07-08T17:34:00.000,16.7688
2025-07-08T17:35:00.000,16.7592
2025-07-08T17:36:00.000,16.7483
2025-07-08T17:37:00.000,16.7359
2025-07-08T17:38:00.000,16.7208
2025-07-08T17:39:00.000,16.7112
2025-07-08T17:40:00.000,16.6989
2025-07-08T17:41:00.000,16.6893
2025-07-08T17:42:00.000,16.6825
2025-07-08T17:43:00.000,16.6742
2025-07-08T17:44:00.000,16.6674
2025-07-08T17:45:00.000,16.6687
2025-07-08T17:46:00.000,16.6687
2025-07-08T17:47:00.000,16.6674
2025-07-08T17:48:00.000,16.6701
2025-07-08T17:49:00.000,16.6687
2025-07-08T17:50:00.000,16.6687
2025-07-08T17:51:00.000,16.6687
2025-07-08T17:52:00.000,16.6701
2025-07-08T17:53:00.000,16.6729
2025-07-08T17:54:00.000,16.6756
2025-07-08T17:55:00.000,16.6770
2025-07-08T17:56:00.000,16.6797
2025-07-08T17:57:00.000,16.6797
2025-07-08T17:58:00.000,16.6811
2025-07-08T17:59:00.000,16.6838
2025-07-08T18:00:00.000,16.6879
2025-07-08T18:01:00.000,16.6921
2025-07-08T18:02:00.000,16.6934
2025-07-08T18:03:00.000,16.6921
2025-07-08T18:04:00.000,16.6893
2025-07-08T18:05:00.000,16.6866
2025-07-08T18:06:00.000,16.6852
2025-07-08T18:07:00.000,16.6866
2025-07-08T18:08:00.000,16.6879
2025-07-08T18:09:00.000,16.6879
2025-07-08T18:10:00.000,16.6879
2025-07-08T18:11:00.000,16.6907
2025-07-08T18:12:00.000,16.6934
2025-07-08T18:13:00.000,16.7017
2025-07-08T18:14:00.000,16.7044
2025-07-08T18:15:00.000,16.7044
2025-07-08T18:16:00.000,16.7044
2025-07-08T18:17:00.000,16.7058
2025-07-08T18:18:00.000,16.7058
2025-07-08T18:19:00.000,16.7003
2025-07-08T18:20:00.000,16.6811
2025-07-08T18:21:00.000,16.6674
2025-07-08T18:22:00.000,16.6550
2025-07-08T18:23:00.000,16.6482
2025-07-08T18:24:00.000,16.6468
2025-07-08T18:25:00.000,16.6441
2025-07-08T18:26:00.000,16.6454
2025-07-08T18:27:00.000,16.6495
2025-07-08T18:28:00.000,16.6550
2025-07-08T18:29:00.000,16.6619
2025-07-08T18:30:00.000,16.6687
2025-07-08T18:31:00.000,16.6605
2025-07-08T18:32:00.000,16.6537
2025-07-08T18:33:00.000,16.6454
2025-07-08T18:34:00.000,16.6345
2025-07-08T18:35:00.000,16.6208
2025-07-08T18:36:00.000,16.5920
2025-07-08T18:37:00.000,16.5659
2025-07-08T18:38:00.000,16.5481
2025-07-08T18:39:00.000,16.5289
2025-07-08T18:40:00.000,16.5165
2025-07-08T18:41:00.000,16.5110
2025-07-08T18:42:00.000,16.4795
2025-07-08T18:43:00.000,16.4466
2025-07-08T18:44:00.000,16.4273
2025-07-08T18:45:00.000,16.4068
2025-07-08T18:46:00.000,16.3972
2025-07-08T18:47:00.000,16.3834
2025-07-08T18:48:00.000,16.3574
2025-07-08T18:49:00.000,16.3450
2025-07-08T18:50:00.000,16.3450
2025-07-08T18:51:00.000,16.3382
2025-07-08T18:52:00.000,16.3299
2025-07-08T18:53:00.000,16.3121
2025-07-08T18:54:00.000,16.2915
2025-07-08T18:55:00.000,16.2682
2025-07-08T18:56:00.000,16.2489
2025-07-08T18:57:00.000,16.2215
2025-07-08T18:58:00.000,16.2105
2025-07-08T18:59:00.000,16.2201
2025-07-08T19:00:00.000,16.2544
2025-07-08T19:01:00.000,16.2956
2025-07-08T19:02:00.000,16.3382
2025-07-08T19:03:00.000,16.3670
2025-07-08T19:04:00.000,16.3848
2025-07-08T19:05:00.000,16.4013
2025-07-08T19:06:00.000,16.4027
2025-07-08T19:07:00.000,16.4027
2025-07-08T19:08:00.000,16.3958
2025-07-08T19:09:00.000,16.3834
2025-07-08T19:10:00.000,16.3697
2025-07-08T19:11:00.000,16.3587
2025-07-08T19:12:00.000,16.3450
2025-07-08T19:13:00.000,16.3258
2025-07-08T19:14:00.000,16.3176
2025-07-08T19:15:00.000,16.3107
2025-07-08T19:16:00.000,16.2997
2025-07-08T19:17:00.000,16.2860
2025-07-08T19:18:00.000,16.2640
2025-07-08T19:19:00.000,16.2531
2025-07-08T19:20:00.000,16.2517
2025-07-08T19:21:00.000,16.2503
2025-07-08T19:22:00.000,16.2448
2025-07-08T19:23:00.000,16.2325
2025-07-08T19:24:00.000,16.2380
2025-07-08T19:25:00.000,16.2531
2025-07-08T19:26:00.000,16.2654
2025-07-08T19:27:00.000,16.2201
2025-07-08T19:28:00.000,16.1789
2025-07-08T19:29:00.000,16.1419
2025-07-08T19:30:00.000,16.1020
2025-07-08T19:31:00.000,16.0759
2025-07-08T19:32:00.000,16.0443
2025-07-08T19:33:00.000,16.0320
2025-07-08T19:34:00.000,16.0320
2025-07-08T19:35:00.000,16.0361
2025-07-08T19:36:00.000,16.0430
2025-07-08T19:37:00.000,16.0402
2025-07-08T19:38:00.000,16.0004
2025-07-08T19:39:00.000,15.9399
2025-07-08T19:40:00.000,15.8836
2025-07-08T19:41:00.000,15.8740
2025-07-08T19:42:00.000,15.9083
2025-07-08T19:43:00.000,15.9715
2025-07-08T19:44:00.000,16.0182
2025-07-08T19:45:00.000,16.0842
2025-07-08T19:46:00.000,16.1528
2025-07-08T19:47:00.000,16.2078
2025-07-08T19:48:00.000,16.2476
2025-07-08T19:49:00.000,16.2723
2025-07-08T19:50:00.000,16.3025
2025-07-08T19:51:00.000,16.3327
2025-07-08T19:52:00.000,16.3560
2025-07-08T19:53:00.000,16.3697
2025-07-08T19:54:00.000,16.3780
2025-07-08T19:55:00.000,16.3821
2025-07-08T19:56:00.000,16.3930
2025-07-08T19:57:00.000,16.4027
2025-07-08T19:58:00.000,16.4123
2025-07-08T19:59:00.000,16.4164
2025-07-08T20:00:00.000,16.4136
2025-07-08T20:01:00.000,16.4123
2025-07-08T20:02:00.000,16.4136
2025-07-08T20:03:00.000,16.4150
2025-07-08T20:04:00.000,16.4109
2025-07-08T20:05:00.000,16.3656
2025-07-08T20:06:00.000,16.3574
2025-07-08T20:07:00.000,16.3601
2025-07-08T20:08:00.000,16.3683
2025-07-08T20:09:00.000,16.3697
2025-07-08T20:10:00.000,16.3505
2025-07-08T20:11:00.000,16.3080
2025-07-08T20:12:00.000,16.2462
2025-07-08T20:13:00.000,16.1954
2025-07-08T20:14:00.000,16.1597
2025-07-08T20:15:00.000,16.1473
2025-07-08T20:16:00.000,16.1473
2025-07-08T20:17:00.000,16.1707
2025-07-08T20:18:00.000,16.1968
2025-07-08T20:19:00.000,16.2242
2025-07-08T20:20:00.000,16.2380
2025-07-08T20:21:00.000,16.2229
2025-07-08T20:22:00.000,16.2105
2025-07-08T20:23:00.000,16.1721
2025-07-08T20:24:00.000,16.1350
2025-07-08T20:25:00.000,16.1171
2025-07-08T20:26:00.000,16.1254
2025-07-08T20:27:00.000,16.1501
2025-07-08T20:28:00.000,16.1803
2025-07-08T20:29:00.000,16.2119
2025-07-08T20:30:00.000,16.2462
2025-07-08T20:31:00.000,16.2709
2025-07-08T20:32:00.000,16.2819
2025-07-08T20:33:00.000,16.2640
2025-07-08T20:34:00.000,16.1817
2025-07-08T20:35:00.000,16.1226
2025-07-08T20:36:00.000,16.0691
2025-07-08T20:37:00.000,16.0031
2025-07-08T20:38:00.000,15.9963
2025-07-08T20:39:00.000,16.0388
2025-07-08T20:40:00.000,16.0842
2025-07-08T20:41:00.000,16.1295
2025-07-08T20:42:00.000,16.1679
2025-07-08T20:43:00.000,16.1267
2025-07-08T20:44:00.000,16.0375
2025-07-08T20:45:00.000,15.8753
2025-07-08T20:46:00.000,15.6952
2025-07-08T20:47:00.000,15.4366
2025-07-08T20:48:00.000,15.2961
2025-07-08T20:49:00.000,15.1625
2025-07-08T20:50:00.000,15.0247
2025-07-08T20:51:00.000,14.9336
2025-07-08T20:52:00.000,14.8743
2025-07-08T20:53:00.000,14.7984
2025-07-08T20:54:00.000,14.6742
2025-07-08T20:55:00.000,14.5706
2025-07-08T20:56:00.000,14.4752
2025-07-08T20:57:00.000,14.3978
2025-07-08T20:58:00.000,14.3397
2025-07-08T20:59:00.000,14.2954
2025-07-08T21:00:00.000,14.3369
2025-07-08T21:01:00.000,14.4005
2025-07-08T21:02:00.000,14.4310
2025-07-08T21:03:00.000,14.4600
2025-07-08T21:04:00.000,14.4821
2025-07-08T21:05:00.000,14.4503
2025-07-08T21:06:00.000,14.4351
2025-07-08T21:07:00.000,14.4296
2025-07-08T21:08:00.000,14.5554
2025-07-08T21:09:00.000,14.7887
2025-07-08T21:10:00.000,14.9985
2025-07-08T21:11:00.000,15.1873
2025-07-08T21:12:00.000,15.3319
2025-07-08T21:13:00.000,15.4269
2025-07-08T21:14:00.000,15.4861
2025-07-08T21:15:00.000,15.5329
2025-07-08T21:16:00.000,15.5838
2025-07-08T21:17:00.000,15.6155
2025-07-08T21:18:00.000,15.6334
2025-07-08T21:19:00.000,15.6375
2025-07-08T21:20:00.000,15.6911
2025-07-08T21:21:00.000,15.7736
2025-07-08T21:22:00.000,15.8396
2025-07-08T21:23:00.000,15.8891
2025-07-08T21:24:00.000,15.9179
2025-07-08T21:25:00.000,15.9289
2025-07-08T21:26:00.000,15.9289
2025-07-08T21:27:00.000,15.9124
2025-07-08T21:28:00.000,15.8863
2025-07-08T21:29:00.000,15.8575
2025-07-08T21:30:00.000,15.8932
2025-07-08T21:31:00.000,15.9564
2025-07-08T21:32:00.000,16.0182
2025-07-08T21:33:00.000,16.0897
2025-07-08T21:34:00.000,16.1666
2025-07-08T21:35:00.000,16.1940
2025-07-08T21:36:00.000,16.1872
2025-07-08T21:37:00.000,16.1707
2025-07-08T21:38:00.000,16.1707
2025-07-08T21:39:00.000,16.1789
2025-07-08T21:40:00.000,16.1748
2025-07-08T21:41:00.000,16.1528
2025-07-08T21:42:00.000,16.1322
2025-07-08T21:43:00.000,16.1213
2025-07-08T21:44:00.000,16.1185
2025-07-08T21:45:00.000,16.1240
2025-07-08T21:46:00.000,16.1336
2025-07-08T21:47:00.000,16.1432
2025-07-08T21:48:00.000,16.1542
2025-07-08T21:49:00.000,16.1693
2025-07-08T21:50:00.000,16.1858
2025-07-08T21:51:00.000,16.2009
2025-07-08T21:52:00.000,16.2146
2025-07-08T21:53:00.000,16.2242
2025-07-08T21:54:00.000,16.2352
2025-07-08T21:55:00.000,16.2476
2025-07-08T21:56:00.000,16.2599
2025-07-08T21:57:00.000,16.2531
2025-07-08T21:58:00.000,16.2325
2025-07-08T21:59:00.000,16.2105
2025-07-08T22:00:00.000,16.1927
2025-07-08T22:01:00.000,16.1830
2025-07-08T22:02:00.000,16.1995
2025-07-08T22:03:00.000,16.2105
2025-07-08T22:04:00.000,16.2187
2025-07-08T22:05:00.000,16.2119
2025-07-08T22:06:00.000,16.2215
2025-07-08T22:07:00.000,16.2325
2025-07-08T22:08:00.000,16.2476
2025-07-08T22:09:00.000,16.2709
2025-07-08T22:10:00.000,16.2970
2025-07-08T22:11:00.000,16.3231
2025-07-08T22:12:00.000,16.3478
2025-07-08T22:13:00.000,16.3560
2025-07-08T22:14:00.000,16.3683
2025-07-08T22:15:00.000,16.3780
2025-07-08T22:16:00.000,16.3930
2025-07-08T22:17:00.000,16.4109
2025-07-08T22:18:00.000,16.4273
2025-07-08T22:19:00.000,16.4424
2025-07-08T22:20:00.000,16.4520
2025-07-08T22:21:00.000,16.4603
2025-07-08T22:22:00.000,16.4685
2025-07-08T22:23:00.000,16.4795
2025-07-08T22:24:00.000,16.4891
2025-07-08T22:25:00.000,16.4959
2025-07-08T22:26:00.000,16.5042
2025-07-08T22:27:00.000,16.5069
2025-07-08T22:28:00.000,16.5001
2025-07-08T22:29:00.000,16.4973
2025-07-08T22:30:00.000,16.4891
2025-07-08T22:31:00.000,16.4905
2025-07-08T22:32:00.000,16.4905
2025-07-08T22:33:00.000,16.4713
2025-07-08T22:34:00.000,16.4507
2025-07-08T22:35:00.000,16.4383
2025-07-08T22:36:00.000,16.4177
2025-07-08T22:37:00.000,16.3944
2025-07-08T22:38:00.000,16.3821
2025-07-08T22:39:00.000,16.3574
2025-07-08T22:40:00.000,16.3354
2025-07-08T22:41:00.000,16.3217
2025-07-08T22:42:00.000,16.3217
2025-07-08T22:43:00.000,16.3505
2025-07-08T22:44:00.000,16.3807
2025-07-08T22:45:00.000,16.3876
2025-07-08T22:46:00.000,16.3985
2025-07-08T22:47:00.000,16.4068
2025-07-08T22:48:00.000,16.4081
2025-07-08T22:49:00.000,16.3917
2025-07-08T22:50:00.000,16.3834
2025-07-08T22:51:00.000,16.3985
2025-07-08T22:52:00.000,16.4370
2025-07-08T22:53:00.000,16.4809
2025-07-08T22:54:00.000,16.5261
2025-07-08T22:55:00.000,16.5618
2025-07-08T22:56:00.000,16.5878
2025-07-08T22:57:00.000,16.6084
2025-07-08T22:58:00.000,16.6125
2025-07-08T22:59:00.000,16.5933
2025-07-08T23:00:00.000,16.5220
2025-07-08T23:01:00.000,16.4658
2025-07-08T23:02:00.000,16.4109
2025-07-08T23:03:00.000,16.3807
2025-07-08T23:04:00.000,16.3985
2025-07-08T23:05:00.000,16.4466
2025-07-08T23:06:00.000,16.5028
2025-07-08T23:07:00.000,16.5563
2025-07-08T23:08:00.000,16.6002
2025-07-08T23:09:00.000,16.6262
2025-07-08T23:10:00.000,16.6372
2025-07-08T23:11:00.000,16.6523
2025-07-08T23:12:00.000,16.6687
2025-07-08T23:13:00.000,16.6893
2025-07-08T23:14:00.000,16.7112
2025-07-08T23:15:00.000,16.7359
2025-07-08T23:16:00.000,16.7524
2025-07-08T23:17:00.000,16.7688
2025-07-08T23:18:00.000,16.7908
2025-07-08T23:19:00.000,16.8278
2025-07-08T23:20:00.000,16.8552
2025-07-08T23:21:00.000,16.8538
2025-07-08T23:22:00.000,16.8319
2025-07-08T23:23:00.000,16.8058
2025-07-08T23:24:00.000,16.7908
2025-07-08T23:25:00.000,16.7962
2025-07-08T23:26:00.000,16.8045
2025-07-08T23:27:00.000,16.8141
2025-07-08T23:28:00.000,16.8483
2025-07-08T23:29:00.000,16.8798
2025-07-08T23:30:00.000,16.8977
2025-07-08T23:31:00.000,16.9196
2025-07-08T23:32:00.000,16.9155
2025-07-08T23:33:00.000,16.8853
2025-07-08T23:34:00.000,16.8524
2025-07-08T23:35:00.000,16.8332
2025-07-08T23:36:00.000,16.8195
2025-07-08T23:37:00.000,16.7962
2025-07-08T23:38:00.000,16.7716
2025-07-08T23:39:00.000,16.7359
2025-07-08T23:40:00.000,16.6729
2025-07-08T23:41:00.000,16.5659
2025-07-08T23:42:00.000,16.3944
2025-07-08T23:43:00.000,16.1295
2025-07-08T23:44:00.000,15.8437
2025-07-08T23:45:00.000,15.6389
2025-07-08T23:46:00.000,15.5329
2025-07-08T23:47:00.000,15.4517
2025-07-08T23:48:00.000,15.4338
2025-07-08T23:49:00.000,15.4325
2025-07-08T23:50:00.000,15.4462
2025-07-08T23:51:00.000,15.4806
2025-07-08T23:52:00.000,15.5426
2025-07-08T23:53:00.000,15.6086
2025-07-08T23:54:00.000,15.6842
2025-07-08T23:55:00.000,15.7379
2025-07-08T23:56:00.000,15.7929
2025-07-08T23:57:00.000,15.8602
2025-07-08T23:58:00.000,15.9344
2025-07-08T23:59:00.000,15.9990
2025-07-09T00:00:00.000,16.0567
2025-07-09T00:01:00.000,16.1007
2025-07-09T00:02:00.000,16.1309
2025-07-09T00:03:00.000,16.1446
2025-07-09T00:04:00.000,16.1446
2025-07-09T00:05:00.000,16.1322
2025-07-09T00:06:00.000,16.1116
2025-07-09T00:07:00.000,16.0883
2025-07-09T00:08:00.000,16.0663
2025-07-09T00:09:00.000,16.0540
2025-07-09T00:10:00.000,16.0416
2025-07-09T00:11:00.000,16.0622
2025-07-09T00:12:00.000,16.0952
2025-07-09T00:13:00.000,16.1226
2025-07-09T00:14:00.000,16.1473
2025-07-09T00:15:00.000,16.1679
2025-07-09T00:16:00.000,16.1940
2025-07-09T00:17:00.000,16.2132
2025-07-09T00:18:00.000,16.2064
2025-07-09T00:19:00.000,16.2023
2025-07-09T00:20:00.000,16.2105
2025-07-09T00:21:00.000,16.2160
2025-07-09T00:22:00.000,16.2270
2025-07-09T00:23:00.000,16.2434
2025-07-09T00:24:00.000,16.2297
2025-07-09T00:25:00.000,16.1803
2025-07-09T00:26:00.000,16.1130
2025-07-09T00:27:00.000,16.0237
2025-07-09T00:28:00.000,15.8932
2025-07-09T00:29:00.000,15.7681
2025-07-09T00:30:00.000,15.6554
2025-07-09T00:31:00.000,15.5742
2025-07-09T00:32:00.000,15.4958
2025-07-09T00:33:00.000,15.4490
2025-07-09T00:34:00.000,15.4077
2025-07-09T00:35:00.000,15.3677
2025-07-09T00:36:00.000,15.3333
2025-07-09T00:37:00.000,15.3030
2025-07-09T00:38:00.000,15.2713
2025-07-09T00:39:00.000,15.2397
2025-07-09T00:40:00.000,15.2121
2025-07-09T00:41:00.000,15.2011
2025-07-09T00:42:00.000,15.2176
2025-07-09T00:43:00.000,15.2507
2025-07-09T00:44:00.000,15.3154
2025-07-09T00:45:00.000,15.3925
2025-07-09T00:46:00.000,15.4572
2025-07-09T00:47:00.000,15.4903
2025-07-09T00:48:00.000,15.5302
2025-07-09T00:49:00.000,15.5962
2025-07-09T00:50:00.000,15.6636
2025-07-09T00:51:00.000,15.7420
2025-07-09T00:52:00.000,15.8066
2025-07-09T00:53:00.000,15.8643
2025-07-09T00:54:00.000,15.9234
2025-07-09T00:55:00.000,15.9921
2025-07-09T00:56:00.000,16.0608
2025-07-09T00:57:00.000,16.1116
2025-07-09T00:58:00.000,16.0897
2025-07-09T00:59:00.000,16.0347
2025-07-09T01:00:00.000,15.9839
2025-07-09T01:01:00.000,15.9358
2025-07-09T01:02:00.000,15.9015
2025-07-09T01:03:00.000,15.8547
2025-07-09T01:04:00.000,15.8245
2025-07-09T01:05:00.000,15.7970
2025-07-09T01:06:00.000,15.7736
2025-07-09T01:07:00.000,15.7681
2025-07-09T01:08:00.000,15.7805
2025-07-09T01:09:00.000,15.7846
2025-07-09T01:10:00.000,15.7750
2025-07-09T01:11:00.000,15.7654
2025-07-09T01:12:00.000,15.7791
2025-07-09T01:13:00.000,15.7750
2025-07-09T01:14:00.000,15.7791
2025-07-09T01:15:00.000,15.7736
2025-07-09T01:16:00.000,15.7640
2025-07-09T01:17:00.000,15.7337
2025-07-09T01:18:00.000,15.7145
2025-07-09T01:19:00.000,15.6870
2025-07-09T01:20:00.000,15.6512
2025-07-09T01:21:00.000,15.6237
2025-07-09T01:22:00.000,15.6045
2025-07-09T01:23:00.000,15.5797
2025-07-09T01:24:00.000,15.5632
2025-07-09T01:25:00.000,15.5426
2025-07-09T01:26:00.000,15.5192
2025-07-09T01:27:00.000,15.4861
2025-07-09T01:28:00.000,15.4614
2025-07-09T01:29:00.000,15.4407
2025-07-09T01:30:00.000,15.4146
2025-07-09T01:31:00.000,15.3870
2025-07-09T01:32:00.000,15.3801
2025-07-09T01:33:00.000,15.3733
2025-07-09T01:34:00.000,15.3636
2025-07-09T01:35:00.000,15.3512
2025-07-09T01:36:00.000,15.3485
2025-07-09T01:37:00.000,15.3347
2025-07-09T01:38:00.000,15.3361
2025-07-09T01:39:00.000,15.3526
2025-07-09T01:40:00.000,15.4022
2025-07-09T01:41:00.000,15.4063
2025-07-09T01:42:00.000,15.4063
2025-07-09T01:43:00.000,15.4352
2025-07-09T01:44:00.000,15.4586
2025-07-09T01:45:00.000,15.4421
2025-07-09T01:46:00.000,15.4049
2025-07-09T01:47:00.000,15.3581
2025-07-09T01:48:00.000,15.3113
2025-07-09T01:49:00.000,15.2713
2025-07-09T01:50:00.000,15.2438
2025-07-09T01:51:00.000,15.2397
2025-07-09T01:52:00.000,15.2892
2025-07-09T01:53:00.000,15.3636
2025-07-09T01:54:00.000,15.4283
2025-07-09T01:55:00.000,15.4737
2025-07-09T01:56:00.000,15.4958
2025-07-09T01:57:00.000,15.4999
2025-07-09T01:58:00.000,15.5054
2025-07-09T01:59:00.000,15.5082
2025-07-09T02:00:00.000,15.5095
2025-07-09T02:01:00.000,15.5192
2025-07-09T02:02:00.000,15.5384
2025-07-09T02:03:00.000,15.5714
2025-07-09T02:04:00.000,15.6100
2025-07-09T02:05:00.000,15.6485
2025-07-09T02:06:00.000,15.6760
2025-07-09T02:07:00.000,15.6994
2025-07-09T02:08:00.000,15.7241
2025-07-09T02:09:00.000,15.7282
2025-07-09T02:10:00.000,15.6966
2025-07-09T02:11:00.000,15.6732
2025-07-09T02:12:00.000,15.6650
2025-07-09T02:13:00.000,15.6664
2025-07-09T02:14:00.000,15.6746
2025-07-09T02:15:00.000,15.6856
2025-07-09T02:16:00.000,15.6980
2025-07-09T02:17:00.000,15.7090
2025-07-09T02:18:00.000,15.7104
2025-07-09T02:19:00.000,15.6952
2025-07-09T02:20:00.000,15.6664
2025-07-09T02:21:00.000,15.6306
2025-07-09T02:22:00.000,15.6003
2025-07-09T02:23:00.000,15.5783
2025-07-09T02:24:00.000,15.5618
2025-07-09T02:25:00.000,15.5343
2025-07-09T02:26:00.000,15.5137
2025-07-09T02:27:00.000,15.5040
2025-07-09T02:28:00.000,15.4916
2025-07-09T02:29:00.000,15.4751
2025-07-09T02:30:00.000,15.4490
2025-07-09T02:31:00.000,15.4269
2025-07-09T02:32:00.000,15.4022
2025-07-09T02:33:00.000,15.3815
2025-07-09T02:34:00.000,15.3719
2025-07-09T02:35:00.000,15.3705
2025-07-09T02:36:00.000,15.3636
2025-07-09T02:37:00.000,15.3554
2025-07-09T02:38:00.000,15.3540
2025-07-09T02:39:00.000,15.3540
2025-07-09T02:40:00.000,15.3498
2025-07-09T02:41:00.000,15.3416
2025-07-09T02:42:00.000,15.3347
2025-07-09T02:43:00.000,15.3292
2025-07-09T02:44:00.000,15.3347
2025-07-09T02:45:00.000,15.3416
2025-07-09T02:46:00.000,15.3622
2025-07-09T02:47:00.000,15.3939
2025-07-09T02:48:00.000,15.4283
2025-07-09T02:49:00.000,15.4641
2025-07-09T02:50:00.000,15.5068
2025-07-09T02:51:00.000,15.5453
2025-07-09T02:52:00.000,15.5811
2025-07-09T02:53:00.000,15.6141
2025-07-09T02:54:00.000,15.6457
2025-07-09T02:55:00.000,15.6732
2025-07-09T02:56:00.000,15.6966
2025-07-09T02:57:00.000,15.7159
2025-07-09T02:58:00.000,15.7324
2025-07-09T02:59:00.000,15.7379
2025-07-09T03:00:00.000,15.7420
2025-07-09T03:01:00.000,15.7489
2025-07-09T03:02:00.000,15.7475
2025-07-09T03:03:00.000,15.7434
2025-07-09T03:04:00.000,15.7351
2025-07-09T03:05:00.000,15.7337
2025-07-09T03:06:00.000,15.7434
2025-07-09T03:07:00.000,15.7544
2025-07-09T03:08:00.000,15.7585
2025-07-09T03:09:00.000,15.7709
2025-07-09T03:10:00.000,15.7722
2025-07-09T03:11:00.000,15.7722
2025-07-09T03:12:00.000,15.7722
2025-07-09T03:13:00.000,15.7709
2025-07-09T03:14:00.000,15.7681
2025-07-09T03:15:00.000,15.7544
2025-07-09T03:16:00.000,15.7214
2025-07-09T03:17:00.000,15.6787
2025-07-09T03:18:00.000,15.6540
2025-07-09T03:19:00.000,15.6361
2025-07-09T03:20:00.000,15.6237
2025-07-09T03:21:00.000,15.6155
2025-07-09T03:22:00.000,15.5907
2025-07-09T03:23:00.000,15.5467
2025-07-09T03:24:00.000,15.4779
2025-07-09T03:25:00.000,15.4228
2025-07-09T03:26:00.000,15.4214
2025-07-09T03:27:00.000,15.4201
2025-07-09T03:28:00.000,15.4104
2025-07-09T03:29:00.000,15.4132
2025-07-09T03:30:00.000,15.3967
2025-07-09T03:31:00.000,15.3829
2025-07-09T03:32:00.000,15.3595
2025-07-09T03:33:00.000,15.3264
2025-07-09T03:34:00.000,15.2892
2025-07-09T03:35:00.000,15.2493
2025-07-09T03:36:00.000,15.2066
2025-07-09T03:37:00.000,15.1777
2025-07-09T03:38:00.000,15.1859
2025-07-09T03:39:00.000,15.2314
2025-07-09T03:40:00.000,15.2755
2025-07-09T03:41:00.000,15.3251
2025-07-09T03:42:00.000,15.3733
2025-07-09T03:43:00.000,15.4159
2025-07-09T03:44:00.000,15.4586
2025-07-09T03:45:00.000,15.4971
2025-07-09T03:46:00.000,15.5205
2025-07-09T03:47:00.000,15.5481
2025-07-09T03:48:00.000,15.5728
2025-07-09T03:49:00.000,15.5756
2025-07-09T03:50:00.000,15.5935
2025-07-09T03:51:00.000,15.6113
2025-07-09T03:52:00.000,15.6334
2025-07-09T03:53:00.000,15.6485
2025-07-09T03:54:00.000,15.6609
2025-07-09T03:55:00.000,15.6705
2025-07-09T03:56:00.000,15.6746
2025-07-09T03:57:00.000,15.6760
2025-07-09T03:58:00.000,15.6801
2025-07-09T03:59:00.000,15.6842
2025-07-09T04:00:00.000,15.6897
2025-07-09T04:01:00.000,15.6856
2025-07-09T04:02:00.000,15.6801
2025-07-09T04:03:00.000,15.6911
2025-07-09T04:04:00.000,15.7062
2025-07-09T04:05:00.000,15.7159
2025-07-09T04:06:00.000,15.7214
2025-07-09T04:07:00.000,15.7227
2025-07-09T04:08:00.000,15.7186
2025-07-09T04:09:00.000,15.7145
2025-07-09T04:10:00.000,15.7159
2025-07-09T04:11:00.000,15.7159
2025-07-09T04:12:00.000,15.7145
2025-07-09T04:13:00.000,15.7049
2025-07-09T04:14:00.000,15.6980
2025-07-09T04:15:00.000,15.6980
2025-07-09T04:16:00.000,15.6939
2025-07-09T04:17:00.000,15.6856
2025-07-09T04:18:00.000,15.6829
2025-07-09T04:19:00.000,15.6911
2025-07-09T04:20:00.000,15.6856
2025-07-09T04:21:00.000,15.6815
2025-07-09T04:22:00.000,15.6774
2025-07-09T04:23:00.000,15.6719
2025-07-09T04:24:00.000,15.6705
2025-07-09T04:25:00.000,15.6801
2025-07-09T04:26:00.000,15.6884
2025-07-09T04:27:00.000,15.6842
2025-07-09T04:28:00.000,15.6595
2025-07-09T04:29:00.000,15.6430
2025-07-09T04:30:00.000,15.6320
2025-07-09T04:31:00.000,15.6155
2025-07-09T04:32:00.000,15.6168
2025-07-09T04:33:00.000,15.6292
2025-07-09T04:34:00.000,15.6292
2025-07-09T04:35:00.000,15.6402
2025-07-09T04:36:00.000,15.6389
2025-07-09T04:37:00.000,15.6375
2025-07-09T04:38:00.000,15.6292
2025-07-09T04:39:00.000,15.6306
2025-07-09T04:40:00.000,15.6320
2025-07-09T04:41:00.000,15.6430
2025-07-09T04:42:00.000,15.6567
2025-07-09T04:43:00.000,15.6801
2025-07-09T04:44:00.000,15.7104
2025-07-09T04:45:00.000,15.7172
2025-07-09T04:46:00.000,15.7406
2025-07-09T04:47:00.000,15.7461
2025-07-09T04:48:00.000,15.7585
2025-07-09T04:49:00.000,15.7819
2025-07-09T04:50:00.000,15.7997
2025-07-09T04:51:00.000,15.8176
2025-07-09T04:52:00.000,15.8217
2025-07-09T04:53:00.000,15.8300
2025-07-09T04:54:00.000,15.8272
2025-07-09T04:55:00.000,15.8259
2025-07-09T04:56:00.000,15.8204
2025-07-09T04:57:00.000,15.8204
2025-07-09T04:58:00.000,15.8259
2025-07-09T04:59:00.000,15.8327
2025-07-09T05:00:00.000,15.8547
2025-07-09T05:01:00.000,15.8630
2025-07-09T05:02:00.000,15.8602
2025-07-09T05:03:00.000,15.8712
2025-07-09T05:04:00.000,15.8753
2025-07-09T05:05:00.000,15.8781
2025-07-09T05:06:00.000,15.8905
2025-07-09T05:07:00.000,15.9042
2025-07-09T05:08:00.000,15.9248
2025-07-09T05:09:00.000,15.9372
2025-07-09T05:10:00.000,15.9386
2025-07-09T05:11:00.000,15.9386
2025-07-09T05:12:00.000,15.9358
2025-07-09T05:13:00.000,15.9482
2025-07-09T05:14:00.000,15.9509
2025-07-09T05:15:00.000,15.9674
2025-07-09T05:16:00.000,15.9976
2025-07-09T05:17:00.000,15.9949
2025-07-09T05:18:00.000,15.9839
2025-07-09T05:19:00.000,15.9963
2025-07-09T05:20:00.000,16.0155
2025-07-09T05:21:00.000,16.0169
2025-07-09T05:22:00.000,16.0045
2025-07-09T05:23:00.000,16.0031
2025-07-09T05:24:00.000,15.9921
2025-07-09T05:25:00.000,15.9935
2025-07-09T05:26:00.000,16.0086
2025-07-09T05:27:00.000,16.0224
2025-07-09T05:28:00.000,16.0265
2025-07-09T05:29:00.000,16.0306
2025-07-09T05:30:00.000,16.0334
2025-07-09T05:31:00.000,16.0361
2025-07-09T05:32:00.000,16.0594
2025-07-09T05:33:00.000,16.0814
2025-07-09T05:34:00.000,16.0869
2025-07-09T05:35:00.000,16.0910
2025-07-09T05:36:00.000,16.0965
2025-07-09T05:37:00.000,16.1158
2025-07-09T05:38:00.000,16.1185
2025-07-09T05:39:00.000,16.1089
2025-07-09T05:40:00.000,16.1130
2025-07-09T05:41:00.000,16.1254
2025-07-09T05:42:00.000,16.1432
2025-07-09T05:43:00.000,16.1666
2025-07-09T05:44:00.000,16.1885
2025-07-09T05:45:00.000,16.2009
2025-07-09T05:46:00.000,16.2050
2025-07-09T05:47:00.000,16.2105
2025-07-09T05:48:00.000,16.2091
2025-07-09T05:49:00.000,16.2119
2025-07-09T05:50:00.000,16.2242
2025-07-09T05:51:00.000,16.2366
2025-07-09T05:52:00.000,16.2531
2025-07-09T05:53:00.000,16.2599
2025-07-09T05:54:00.000,16.2640
2025-07-09T05:55:00.000,16.2682
2025-07-09T05:56:00.000,16.2709
2025-07-09T05:57:00.000,16.2682
2025-07-09T05:58:00.000,16.2599
2025-07-09T05:59:00.000,16.2434
2025-07-09T06:00:00.000,16.2242
2025-07-09T06:01:00.000,16.2023
2025-07-09T06:02:00.000,16.1693
2025-07-09T06:03:00.000,16.1336
2025-07-09T06:04:00.000,16.0649
2025-07-09T06:05:00.000,16.0059
2025-07-09T06:06:00.000,15.9537
2025-07-09T06:07:00.000,15.9070
2025-07-09T06:08:00.000,15.8382
2025-07-09T06:09:00.000,15.7571
2025-07-09T06:10:00.000,15.6787
2025-07-09T06:11:00.000,15.6127
2025-07-09T06:12:00.000,15.5549
2025-07-09T06:13:00.000,15.5178
2025-07-09T06:14:00.000,15.4944
2025-07-09T06:15:00.000,15.4765
2025-07-09T06:16:00.000,15.4765
2025-07-09T06:17:00.000,15.4930
2025-07-09T06:18:00.000,15.5233
2025-07-09T06:19:00.000,15.5370
2025-07-09T06:20:00.000,15.5481
2025-07-09T06:21:00.000,15.5646
2025-07-09T06:22:00.000,15.5866
2025-07-09T06:23:00.000,15.6003
2025-07-09T06:24:00.000,15.6265
2025-07-09T06:25:00.000,15.6581
2025-07-09T06:26:00.000,15.7049
2025-07-09T06:27:00.000,15.7695
2025-07-09T06:28:00.000,15.8396
2025-07-09T06:29:00.000,15.8987
2025-07-09T06:30:00.000,15.9523
2025-07-09T06:31:00.000,16.0018
2025-07-09T06:32:00.000,16.0457
2025-07-09T06:33:00.000,16.0883
2025-07-09T06:34:00.000,16.1295
2025-07-09T06:35:00.000,16.1679
2025-07-09T06:36:00.000,16.2009
2025-07-09T06:37:00.000,16.2229
2025-07-09T06:38:00.000,16.2352
2025-07-09T06:39:00.000,16.2311
2025-07-09T06:40:00.000,16.2091
2025-07-09T06:41:00.000,16.1830
2025-07-09T06:42:00.000,16.1638
2025-07-09T06:43:00.000,16.1556
2025-07-09T06:44:00.000,16.1611
2025-07-09T06:45:00.000,16.1776
2025-07-09T06:46:00.000,16.1968
2025-07-09T06:47:00.000,16.2270
2025-07-09T06:48:00.000,16.2599
2025-07-09T06:49:00.000,16.2846
2025-07-09T06:50:00.000,16.3176
2025-07-09T06:51:00.000,16.3395
2025-07-09T06:52:00.000,16.3587
2025-07-09T06:53:00.000,16.3752
2025-07-09T06:54:00.000,16.3944
2025-07-09T06:55:00.000,16.4095
2025-07-09T06:56:00.000,16.4273
2025-07-09T06:57:00.000,16.4383
2025-07-09T06:58:00.000,16.4424
2025-07-09T06:59:00.000,16.4466
2025-07-09T07:00:00.000,16.4479
2025-07-09T07:01:00.000,16.4493
2025-07-09T07:02:00.000,16.4534
2025-07-09T07:03:00.000,16.4603
2025-07-09T07:04:00.000,16.4685
2025-07-09T07:05:00.000,16.4863
2025-07-09T07:06:00.000,16.4987
2025-07-09T07:07:00.000,16.5138
2025-07-09T07:08:00.000,16.5261
2025-07-09T07:09:00.000,16.5371
2025-07-09T07:10:00.000,16.5412
2025-07-09T07:11:00.000,16.5481
2025-07-09T07:12:00.000,16.5536
2025-07-09T07:13:00.000,16.5494
2025-07-09T07:14:00.000,16.5426
2025-07-09T07:15:00.000,16.5398
2025-07-09T07:16:00.000,16.5412
2025-07-09T07:17:00.000,16.5508
2025-07-09T07:18:00.000,16.5686
2025-07-09T07:19:00.000,16.5892
2025-07-09T07:20:00.000,16.6180
2025-07-09T07:21:00.000,16.6454
2025-07-09T07:22:00.000,16.6674
2025-07-09T07:23:00.000,16.6866
2025-07-09T07:24:00.000,16.7154
2025-07-09T07:25:00.000,16.7524
2025-07-09T07:26:00.000,16.7661
2025-07-09T07:27:00.000,16.7592
2025-07-09T07:28:00.000,16.7387
2025-07-09T07:29:00.000,16.7099
2025-07-09T07:30:00.000,16.6742
2025-07-09T07:31:00.000,16.6304
2025-07-09T07:32:00.000,16.5974
2025-07-09T07:33:00.000,16.5728
2025-07-09T07:34:00.000,16.5467
2025-07-09T07:35:00.000,16.5275
2025-07-09T07:36:00.000,16.5302
2025-07-09T07:37:00.000,16.5494
2025-07-09T07:38:00.000,16.5302
2025-07-09T07:39:00.000,16.5165
2025-07-09T07:40:00.000,16.5220
2025-07-09T07:41:00.000,16.5316
2025-07-09T07:42:00.000,16.5522
2025-07-09T07:43:00.000,16.5796
2025-07-09T07:44:00.000,16.5920
2025-07-09T07:45:00.000,16.5974
2025-07-09T07:46:00.000,16.5988
2025-07-09T07:47:00.000,16.5961
2025-07-09T07:48:00.000,16.6016
2025-07-09T07:49:00.000,16.6070
2025-07-09T07:50:00.000,16.6221
2025-07-09T07:51:00.000,16.6413
2025-07-09T07:52:00.000,16.6591
2025-07-09T07:53:00.000,16.6838
2025-07-09T07:54:00.000,16.7140
2025-07-09T07:55:00.000,16.7373
2025-07-09T07:56:00.000,16.7661
2025-07-09T07:57:00.000,16.7894
2025-07-09T07:58:00.000,16.7949
2025-07-09T07:59:00.000,16.7894
2025-07-09T08:00:00.000,16.7757
2025-07-09T08:01:00.000,16.7633
2025-07-09T08:02:00.000,16.7592
2025-07-09T08:03:00.000,16.7908
2025-07-09T08:04:00.000,16.8291
2025-07-09T08:05:00.000,16.8798
2025-07-09T08:06:00.000,16.9319
2025-07-09T08:07:00.000,16.9799
2025-07-09T08:08:00.000,16.9771
2025-07-09T08:09:00.000,16.9415
2025-07-09T08:10:00.000,16.8757
2025-07-09T08:11:00.000,16.8113
2025-07-09T08:12:00.000,16.7359
2025-07-09T08:13:00.000,16.6674
2025-07-09T08:14:00.000,16.6605
2025-07-09T08:15:00.000,16.6454
2025-07-09T08:16:00.000,16.6208
2025-07-09T08:17:00.000,16.5728
2025-07-09T08:18:00.000,16.5508
2025-07-09T08:19:00.000,16.5110
2025-07-09T08:20:00.000,16.4603
2025-07-09T08:21:00.000,16.4191
2025-07-09T08:22:00.000,16.3793
2025-07-09T08:23:00.000,16.3546
2025-07-09T08:24:00.000,16.3450
2025-07-09T08:25:00.000,16.3395
2025-07-09T08:26:00.000,16.3601
2025-07-09T08:27:00.000,16.3958
2025-07-09T08:28:00.000,16.4205
2025-07-09T08:29:00.000,16.4205
2025-07-09T08:30:00.000,16.4095
2025-07-09T08:31:00.000,16.3985
2025-07-09T08:32:00.000,16.3697
2025-07-09T08:33:00.000,16.3354
2025-07-09T08:34:00.000,16.3052
2025-07-09T08:35:00.000,16.2805
2025-07-09T08:36:00.000,16.2654
2025-07-09T08:37:00.000,16.2517
2025-07-09T08:38:00.000,16.2517
2025-07-09T08:39:00.000,16.2448
2025-07-09T08:40:00.000,16.2421
2025-07-09T08:41:00.000,16.2613
2025-07-09T08:42:00.000,16.2805
2025-07-09T08:43:00.000,16.3038
2025-07-09T08:44:00.000,16.3038
2025-07-09T08:45:00.000,16.3093
2025-07-09T08:46:00.000,16.3121
2025-07-09T08:47:00.000,16.3093
2025-07-09T08:48:00.000,16.3354
2025-07-09T08:49:00.000,16.3491
2025-07-09T08:50:00.000,16.3409
2025-07-09T08:51:00.000,16.3272
2025-07-09T08:52:00.000,16.3629
2025-07-09T08:53:00.000,16.3999
2025-07-09T08:54:00.000,16.4616
2025-07-09T08:55:00.000,16.5165
2025-07-09T08:56:00.000,16.5028
2025-07-09T08:57:00.000,16.4767
2025-07-09T08:58:00.000,16.4630
2025-07-09T08:59:00.000,16.4685
2025-07-09T09:00:00.000,16.4850
2025-07-09T09:01:00.000,16.4836
2025-07-09T09:02:00.000,16.4658
2025-07-09T09:03:00.000,16.4424
2025-07-09T09:04:00.000,16.4315
2025-07-09T09:05:00.000,16.4040
2025-07-09T09:06:00.000,16.3944
2025-07-09T09:07:00.000,16.3917
2025-07-09T09:08:00.000,16.3944
2025-07-09T09:09:00.000,16.4164
2025-07-09T09:10:00.000,16.4301
2025-07-09T09:11:00.000,16.4562
2025-07-09T09:12:00.000,16.4658
2025-07-09T09:13:00.000,16.4863
2025-07-09T09:14:00.000,16.5234
2025-07-09T09:15:00.000,16.5206
2025-07-09T09:16:00.000,16.5261
2025-07-09T09:17:00.000,16.5426
2025-07-09T09:18:00.000,16.5577
2025-07-09T09:19:00.000,16.5933
2025-07-09T09:20:00.000,16.6002
2025-07-09T09:21:00.000,16.5824
2025-07-09T09:22:00.000,16.5700
2025-07-09T09:23:00.000,16.5755
2025-07-09T09:24:00.000,16.5796
2025-07-09T09:25:00.000,16.5810
2025-07-09T09:26:00.000,16.5974
2025-07-09T09:27:00.000,16.6139
2025-07-09T09:28:00.000,16.6194
2025-07-09T09:29:00.000,16.6098
2025-07-09T09:30:00.000,16.5906
2025-07-09T09:31:00.000,16.5906
2025-07-09T09:32:00.000,16.5810
2025-07-09T09:33:00.000,16.5673
2025-07-09T09:34:00.000,16.5673
2025-07-09T09:35:00.000,16.5686
2025-07-09T09:36:00.000,16.5686
2025-07-09T09:37:00.000,16.5824
2025-07-09T09:38:00.000,16.6153
2025-07-09T09:39:00.000,16.6372
2025-07-09T09:40:00.000,16.6564
2025-07-09T09:41:00.000,16.6482
2025-07-09T09:42:00.000,16.6166
2025-07-09T09:43:00.000,16.5878
2025-07-09T09:44:00.000,16.5878
2025-07-09T09:45:00.000,16.6235
2025-07-09T09:46:00.000,16.6427
2025-07-09T09:47:00.000,16.6399
2025-07-09T09:48:00.000,16.6399
2025-07-09T09:49:00.000,16.6413
2025-07-09T09:50:00.000,16.6331
2025-07-09T09:51:00.000,16.6317
2025-07-09T09:52:00.000,16.6290
2025-07-09T09:53:00.000,16.6454
2025-07-09T09:54:00.000,16.6427
2025-07-09T09:55:00.000,16.6331
2025-07-09T09:56:00.000,16.6304
2025-07-09T09:57:00.000,16.6262
2025-07-09T09:58:00.000,16.6317
2025-07-09T09:59:00.000,16.6276
2025-07-09T10:00:00.000,16.6249
2025-07-09T10:01:00.000,16.6002
2025-07-09T10:02:00.000,16.5851
2025-07-09T10:03:00.000,16.5851
2025-07-09T10:04:00.000,16.5686
2025-07-09T10:05:00.000,16.5536
2025-07-09T10:06:00.000,16.5851
2025-07-09T10:07:00.000,16.7469
2025-07-09T10:08:00.000,16.8634
2025-07-09T10:09:00.000,16.8853
2025-07-09T10:10:00.000,16.9785
2025-07-09T10:11:00.000,17.1073
2025-07-09T10:12:00.000,17.1949
2025-07-09T10:13:00.000,17.2278
2025-07-09T10:14:00.000,17.2456
2025-07-09T10:15:00.000,17.2661
2025-07-09T10:16:00.000,17.2826
2025-07-09T10:17:00.000,17.2949
2025-07-09T10:18:00.000,17.3291
2025-07-09T10:19:00.000,17.3606
