ISO 8601 Time,Temperature (C)
2025-07-09T10:26:00.000,18.9472
2025-07-09T10:27:00.000,19.1139
2025-07-09T10:28:00.000,19.1577
2025-07-09T10:29:00.000,19.1139
2025-07-09T10:30:00.000,19.0360
2025-07-09T10:31:00.000,18.9704
2025-07-09T10:32:00.000,18.9144
2025-07-09T10:33:00.000,18.8624
2025-07-09T10:34:00.000,18.8310
2025-07-09T10:35:00.000,18.7831
2025-07-09T10:36:00.000,18.7298
2025-07-09T10:37:00.000,18.7052
2025-07-09T10:38:00.000,18.7285
2025-07-09T10:39:00.000,18.7859
2025-07-09T10:40:00.000,18.8392
2025-07-09T10:41:00.000,18.8925
2025-07-09T10:42:00.000,18.9294
2025-07-09T10:43:00.000,18.9444
2025-07-09T10:44:00.000,18.9362
2025-07-09T10:45:00.000,18.9800
2025-07-09T10:46:00.000,19.0442
2025-07-09T10:47:00.000,19.1126
2025-07-09T10:48:00.000,19.1139
2025-07-09T10:49:00.000,19.1085
2025-07-09T10:50:00.000,19.1071
2025-07-09T10:51:00.000,19.1399
2025-07-09T10:52:00.000,19.1878
2025-07-09T10:53:00.000,19.2274
2025-07-09T10:54:00.000,19.2424
2025-07-09T10:55:00.000,19.2383
2025-07-09T10:56:00.000,19.2698
2025-07-09T10:57:00.000,19.3135
2025-07-09T10:58:00.000,19.3532
2025-07-09T10:59:00.000,19.4215
2025-07-09T11:00:00.000,19.4817
2025-07-09T11:01:00.000,19.5555
2025-07-09T11:02:00.000,19.6649
2025-07-09T11:03:00.000,19.7592
2025-07-09T11:04:00.000,19.8617
2025-07-09T11:05:00.000,19.9328
2025-07-09T11:06:00.000,19.9643
2025-07-09T11:07:00.000,19.9875
2025-07-09T11:08:00.000,19.9999
2025-07-09T11:09:00.000,20.0231
2025-07-09T11:10:00.000,20.0491
2025-07-09T11:11:00.000,20.0956
2025-07-09T11:12:00.000,20.1681
2025-07-09T11:13:00.000,20.2406
2025-07-09T11:14:00.000,20.3240
2025-07-09T11:15:00.000,20.4280
2025-07-09T11:16:00.000,20.5539
2025-07-09T11:17:00.000,20.6702
2025-07-09T11:18:00.000,20.8016
2025-07-09T11:19:00.000,20.8933
2025-07-09T11:20:00.000,20.9755
2025-07-09T11:21:00.000,21.0727
2025-07-09T11:22:00.000,21.1632
2025-07-09T11:23:00.000,21.1371
2025-07-09T11:24:00.000,21.0727
2025-07-09T11:25:00.000,21.0097
2025-07-09T11:26:00.000,20.9303
2025-07-09T11:27:00.000,20.7866
2025-07-09T11:28:00.000,20.6962
2025-07-09T11:29:00.000,20.6620
2025-07-09T11:30:00.000,20.6702
2025-07-09T11:31:00.000,20.7592
2025-07-09T11:32:00.000,20.8317
2025-07-09T11:33:00.000,20.9166
2025-07-09T11:34:00.000,21.0412
2025-07-09T11:35:00.000,21.2015
2025-07-09T11:36:00.000,21.3879
2025-07-09T11:37:00.000,21.6100
2025-07-09T11:38:00.000,21.8693
2025-07-09T11:39:00.000,22.1507
2025-07-09T11:40:00.000,22.3431
2025-07-09T11:41:00.000,22.5383
2025-07-09T11:42:00.000,22.6057
2025-07-09T11:43:00.000,22.5988
2025-07-09T11:44:00.000,22.5548
2025-07-09T11:45:00.000,22.5273
2025-07-09T11:46:00.000,22.5452
2025-07-09T11:47:00.000,22.6415
2025-07-09T11:48:00.000,22.7295
2025-07-09T11:49:00.000,22.7282
2025-07-09T11:50:00.000,22.6910
2025-07-09T11:51:00.000,22.6167
2025-07-09T11:52:00.000,22.5617
2025-07-09T11:53:00.000,22.6002
2025-07-09T11:54:00.000,22.6236
2025-07-09T11:55:00.000,22.6332
2025-07-09T11:56:00.000,22.5741
2025-07-09T11:57:00.000,22.5479
2025-07-09T11:58:00.000,22.6181
2025-07-09T11:59:00.000,22.6580
2025-07-09T12:00:00.000,22.6869
2025-07-09T12:01:00.000,22.6538
2025-07-09T12:02:00.000,22.6071
2025-07-09T12:03:00.000,22.6195
2025-07-09T12:04:00.000,22.6195
2025-07-09T12:05:00.000,22.5479
2025-07-09T12:06:00.000,22.4434
2025-07-09T12:07:00.000,22.4365
2025-07-09T12:08:00.000,22.4269
2025-07-09T12:09:00.000,22.3417
2025-07-09T12:10:00.000,22.1755
2025-07-09T12:11:00.000,21.9612
2025-07-09T12:12:00.000,21.7842
2025-07-09T12:13:00.000,21.6182
2025-07-09T12:14:00.000,21.5455
2025-07-09T12:15:00.000,21.4551
2025-07-09T12:16:00.000,21.4057
2025-07-09T12:17:00.000,21.4427
2025-07-09T12:18:00.000,21.4976
2025-07-09T12:19:00.000,21.5428
2025-07-09T12:20:00.000,21.5373
2025-07-09T12:21:00.000,21.4564
2025-07-09T12:22:00.000,21.3536
2025-07-09T12:23:00.000,21.2111
2025-07-09T12:24:00.000,21.1084
2025-07-09T12:25:00.000,21.0796
2025-07-09T12:26:00.000,21.1084
2025-07-09T12:27:00.000,21.1604
2025-07-09T12:28:00.000,21.2330
2025-07-09T12:29:00.000,21.3262
2025-07-09T12:30:00.000,21.3920
2025-07-09T12:31:00.000,21.4852
2025-07-09T12:32:00.000,21.5551
2025-07-09T12:33:00.000,21.5647
2025-07-09T12:34:00.000,21.5401
2025-07-09T12:35:00.000,21.4989
2025-07-09T12:36:00.000,21.4537
2025-07-09T12:37:00.000,21.3851
2025-07-09T12:38:00.000,21.3605
2025-07-09T12:39:00.000,21.3961
2025-07-09T12:40:00.000,21.4441
2025-07-09T12:41:00.000,21.4962
2025-07-09T12:42:00.000,21.4345
2025-07-09T12:43:00.000,21.4167
2025-07-09T12:44:00.000,21.4592
2025-07-09T12:45:00.000,21.4331
2025-07-09T12:46:00.000,21.4002
2025-07-09T12:47:00.000,21.4071
2025-07-09T12:48:00.000,21.3577
2025-07-09T12:49:00.000,21.2481
2025-07-09T12:50:00.000,21.1289
2025-07-09T12:51:00.000,21.0056
2025-07-09T12:52:00.000,20.9139
2025-07-09T12:53:00.000,20.8263
2025-07-09T12:54:00.000,20.7072
2025-07-09T12:55:00.000,20.6346
2025-07-09T12:56:00.000,20.5552
2025-07-09T12:57:00.000,20.5060
2025-07-09T12:58:00.000,20.4937
2025-07-09T12:59:00.000,20.4403
2025-07-09T13:00:00.000,20.3965
2025-07-09T13:01:00.000,20.3609
2025-07-09T13:02:00.000,20.3076
2025-07-09T13:03:00.000,20.3131
2025-07-09T13:04:00.000,20.3596
2025-07-09T13:05:00.000,20.4389
2025-07-09T13:06:00.000,20.5730
2025-07-09T13:07:00.000,20.7920
2025-07-09T13:08:00.000,21.0686
2025-07-09T13:09:00.000,21.3660
2025-07-09T13:10:00.000,21.5606
2025-07-09T13:11:00.000,21.7183
2025-07-09T13:12:00.000,21.8665
2025-07-09T13:13:00.000,22.0876
2025-07-09T13:14:00.000,22.3156
2025-07-09T13:15:00.000,22.5424
2025-07-09T13:16:00.000,22.6924
2025-07-09T13:17:00.000,22.7502
2025-07-09T13:18:00.000,22.7667
2025-07-09T13:19:00.000,22.7997
2025-07-09T13:20:00.000,22.8920
2025-07-09T13:21:00.000,23.0394
2025-07-09T13:22:00.000,23.1303
2025-07-09T13:23:00.000,23.2765
2025-07-09T13:24:00.000,23.3758
2025-07-09T13:25:00.000,23.5249
2025-07-09T13:26:00.000,23.6491
2025-07-09T13:27:00.000,23.9035
2025-07-09T13:28:00.000,24.1263
2025-07-09T13:29:00.000,24.3590
2025-07-09T13:30:00.000,24.5310
2025-07-09T13:31:00.000,24.5282
2025-07-09T13:32:00.000,24.6407
2025-07-09T13:33:00.000,24.9130
2025-07-09T13:34:00.000,25.2178
2025-07-09T13:35:00.000,25.6237
2025-07-09T13:36:00.000,26.0097
2025-07-09T13:37:00.000,26.2591
2025-07-09T13:38:00.000,26.4135
2025-07-09T13:39:00.000,26.3910
2025-07-09T13:40:00.000,26.3629
2025-07-09T13:41:00.000,26.3475
2025-07-09T13:42:00.000,26.2563
2025-07-09T13:43:00.000,26.3250
2025-07-09T13:44:00.000,26.3700
2025-07-09T13:45:00.000,26.4065
2025-07-09T13:46:00.000,26.5076
2025-07-09T13:47:00.000,26.5076
2025-07-09T13:48:00.000,26.4711
2025-07-09T13:49:00.000,26.3461
2025-07-09T13:50:00.000,26.2030
2025-07-09T13:51:00.000,26.0797
2025-07-09T13:52:00.000,25.9929
2025-07-09T13:53:00.000,25.9481
2025-07-09T13:54:00.000,25.8963
2025-07-09T13:55:00.000,25.9201
2025-07-09T13:56:00.000,25.8851
2025-07-09T13:57:00.000,25.8529
2025-07-09T13:58:00.000,25.7145
2025-07-09T13:59:00.000,25.5664
2025-07-09T14:00:00.000,25.4534
2025-07-09T14:01:00.000,25.4255
2025-07-09T14:02:00.000,25.5078
2025-07-09T14:03:00.000,25.3976
2025-07-09T14:04:00.000,25.2290
2025-07-09T14:05:00.000,25.1704
2025-07-09T14:06:00.000,24.9965
2025-07-09T14:07:00.000,24.8296
2025-07-09T14:08:00.000,24.7462
2025-07-09T14:09:00.000,24.6698
2025-07-09T14:10:00.000,24.6462
2025-07-09T14:11:00.000,24.5366
2025-07-09T14:12:00.000,24.4020
2025-07-09T14:13:00.000,24.2828
2025-07-09T14:14:00.000,24.2080
2025-07-09T14:15:00.000,24.2315
2025-07-09T14:16:00.000,24.3285
2025-07-09T14:17:00.000,24.3452
2025-07-09T14:18:00.000,24.3687
2025-07-09T14:19:00.000,24.3521
2025-07-09T14:20:00.000,24.2884
2025-07-09T14:21:00.000,24.4187
2025-07-09T14:22:00.000,24.4450
2025-07-09T14:23:00.000,24.3868
2025-07-09T14:24:00.000,24.3757
2025-07-09T14:25:00.000,24.4575
2025-07-09T14:26:00.000,24.5491
2025-07-09T14:27:00.000,24.6948
2025-07-09T14:28:00.000,24.8504
2025-07-09T14:29:00.000,25.1078
2025-07-09T14:30:00.000,25.2025
2025-07-09T14:31:00.000,25.2122
2025-07-09T14:32:00.000,25.1356
2025-07-09T14:33:00.000,25.0312
2025-07-09T14:34:00.000,25.0632
2025-07-09T14:35:00.000,25.1482
2025-07-09T14:36:00.000,25.2039
2025-07-09T14:37:00.000,25.2763
2025-07-09T14:38:00.000,25.2749
2025-07-09T14:39:00.000,25.2401
2025-07-09T14:40:00.000,25.1816
2025-07-09T14:41:00.000,25.1259
2025-07-09T14:42:00.000,25.0660
2025-07-09T14:43:00.000,24.9561
2025-07-09T14:44:00.000,24.8852
2025-07-09T14:45:00.000,24.8602
2025-07-09T14:46:00.000,24.5393
2025-07-09T14:47:00.000,23.9021
2025-07-09T14:48:00.000,23.1551
2025-07-09T14:49:00.000,22.2098
2025-07-09T14:50:00.000,21.2330
2025-07-09T14:51:00.000,20.3623
2025-07-09T14:52:00.000,19.6416
2025-07-09T14:53:00.000,19.0770
2025-07-09T14:54:00.000,18.6464
2025-07-09T14:55:00.000,18.3142
2025-07-09T14:56:00.000,18.0790
2025-07-09T14:57:00.000,17.9518
2025-07-09T14:58:00.000,17.8861
2025-07-09T14:59:00.000,17.8875
2025-07-09T15:00:00.000,17.7972
2025-07-09T15:01:00.000,17.6877
2025-07-09T15:02:00.000,17.5372
2025-07-09T15:03:00.000,17.4250
2025-07-09T15:04:00.000,17.3072
2025-07-09T15:05:00.000,17.2566
2025-07-09T15:06:00.000,17.2894
2025-07-09T15:07:00.000,17.2716
2025-07-09T15:08:00.000,17.3017
2025-07-09T15:09:00.000,17.4044
2025-07-09T15:10:00.000,17.5482
2025-07-09T15:11:00.000,17.7110
2025-07-09T15:12:00.000,17.8492
2025-07-09T15:13:00.000,17.9573
2025-07-09T15:14:00.000,18.0133
2025-07-09T15:15:00.000,18.0229
2025-07-09T15:16:00.000,17.9791
2025-07-09T15:17:00.000,17.8984
2025-07-09T15:18:00.000,17.7876
2025-07-09T15:19:00.000,17.6836
2025-07-09T15:20:00.000,17.5536
2025-07-09T15:21:00.000,17.3935
2025-07-09T15:22:00.000,17.2648
2025-07-09T15:23:00.000,17.1525
2025-07-09T15:24:00.000,16.9059
2025-07-09T15:25:00.000,16.6893
2025-07-09T15:26:00.000,16.5042
2025-07-09T15:27:00.000,16.3546
2025-07-09T15:28:00.000,16.2599
2025-07-09T15:29:00.000,16.2366
2025-07-09T15:30:00.000,16.1927
2025-07-09T15:31:00.000,16.1116
2025-07-09T15:32:00.000,15.9743
2025-07-09T15:33:00.000,15.8314
2025-07-09T15:34:00.000,15.6870
2025-07-09T15:35:00.000,15.5646
2025-07-09T15:36:00.000,15.4462
2025-07-09T15:37:00.000,15.3333
2025-07-09T15:38:00.000,15.2397
2025-07-09T15:39:00.000,15.1584
2025-07-09T15:40:00.000,15.0853
2025-07-09T15:41:00.000,15.0260
2025-07-09T15:42:00.000,14.9543
2025-07-09T15:43:00.000,14.8716
2025-07-09T15:44:00.000,14.7874
2025-07-09T15:45:00.000,14.7128
2025-07-09T15:46:00.000,14.6465
2025-07-09T15:47:00.000,14.5844
2025-07-09T15:48:00.000,14.5305
2025-07-09T15:49:00.000,14.4835
2025-07-09T15:50:00.000,14.4503
2025-07-09T15:51:00.000,14.4130
2025-07-09T15:52:00.000,14.3812
2025-07-09T15:53:00.000,14.3494
2025-07-09T15:54:00.000,14.3148
2025-07-09T15:55:00.000,14.2691
2025-07-09T15:56:00.000,14.2221
2025-07-09T15:57:00.000,14.1819
2025-07-09T15:58:00.000,14.1404
2025-07-09T15:59:00.000,14.0933
2025-07-09T16:00:00.000,14.0504
2025-07-09T16:01:00.000,13.9977
2025-07-09T16:02:00.000,13.9437
2025-07-09T16:03:00.000,13.8896
2025-07-09T16:04:00.000,13.8369
2025-07-09T16:05:00.000,13.7786
2025-07-09T16:06:00.000,13.7190
2025-07-09T16:07:00.000,13.6704
2025-07-09T16:08:00.000,13.6190
2025-07-09T16:09:00.000,13.5746
2025-07-09T16:10:00.000,13.5273
2025-07-09T16:11:00.000,13.4842
2025-07-09T16:12:00.000,13.4481
2025-07-09T16:13:00.000,13.4231
2025-07-09T16:14:00.000,13.4120
2025-07-09T16:15:00.000,13.3855
2025-07-09T16:16:00.000,13.3563
2025-07-09T16:17:00.000,13.3229
2025-07-09T16:18:00.000,13.2937
2025-07-09T16:19:00.000,13.2687
2025-07-09T16:20:00.000,13.2381
2025-07-09T16:21:00.000,13.2060
2025-07-09T16:22:00.000,13.1740
2025-07-09T16:23:00.000,13.1462
2025-07-09T16:24:00.000,13.1295
2025-07-09T16:25:00.000,13.1114
2025-07-09T16:26:00.000,13.0905
2025-07-09T16:27:00.000,13.0682
2025-07-09T16:28:00.000,13.0445
2025-07-09T16:29:00.000,13.0250
2025-07-09T16:30:00.000,13.0124
2025-07-09T16:31:00.000,12.9985
2025-07-09T16:32:00.000,12.9873
2025-07-09T16:33:00.000,12.9734
2025-07-09T16:34:00.000,12.9622
2025-07-09T16:35:00.000,12.9539
2025-07-09T16:36:00.000,12.9539
2025-07-09T16:37:00.000,12.9539
2025-07-09T16:38:00.000,12.9497
2025-07-09T16:39:00.000,12.9469
2025-07-09T16:40:00.000,12.9455
2025-07-09T16:41:00.000,12.9553
2025-07-09T16:42:00.000,12.9720
2025-07-09T16:43:00.000,13.0180
2025-07-09T16:44:00.000,13.0654
2025-07-09T16:45:00.000,13.0988
2025-07-09T16:46:00.000,13.1601
2025-07-09T16:47:00.000,13.2756
2025-07-09T16:48:00.000,13.4036
2025-07-09T16:49:00.000,13.5454
2025-07-09T16:50:00.000,13.6662
2025-07-09T16:51:00.000,13.7481
2025-07-09T16:52:00.000,13.8022
2025-07-09T16:53:00.000,13.8632
2025-07-09T16:54:00.000,13.9048
2025-07-09T16:55:00.000,13.9353
2025-07-09T16:56:00.000,13.9575
2025-07-09T16:57:00.000,13.9714
2025-07-09T16:58:00.000,13.9866
2025-07-09T16:59:00.000,14.0171
2025-07-09T17:00:00.000,14.0448
2025-07-09T17:01:00.000,14.0670
2025-07-09T17:02:00.000,14.0850
2025-07-09T17:03:00.000,14.0961
2025-07-09T17:04:00.000,14.1085
2025-07-09T17:05:00.000,14.1196
2025-07-09T17:06:00.000,14.1279
2025-07-09T17:07:00.000,14.1335
2025-07-09T17:08:00.000,14.1348
2025-07-09T17:09:00.000,14.1362
2025-07-09T17:10:00.000,14.1404
2025-07-09T17:11:00.000,14.1376
2025-07-09T17:12:00.000,14.1321
2025-07-09T17:13:00.000,14.1265
2025-07-09T17:14:00.000,14.1196
2025-07-09T17:15:00.000,14.1168
2025-07-09T17:16:00.000,14.1210
2025-07-09T17:17:00.000,14.1168
2025-07-09T17:18:00.000,14.1058
2025-07-09T17:19:00.000,14.0836
2025-07-09T17:20:00.000,14.0614
2025-07-09T17:21:00.000,14.0351
2025-07-09T17:22:00.000,14.0365
2025-07-09T17:23:00.000,14.0462
2025-07-09T17:24:00.000,14.0587
2025-07-09T17:25:00.000,14.0490
2025-07-09T17:26:00.000,14.0351
2025-07-09T17:27:00.000,14.0226
2025-07-09T17:28:00.000,14.0254
2025-07-09T17:29:00.000,14.0185
2025-07-09T17:30:00.000,13.9922
2025-07-09T17:31:00.000,13.9520
2025-07-09T17:32:00.000,13.9173
2025-07-09T17:33:00.000,13.9048
2025-07-09T17:34:00.000,13.8924
2025-07-09T17:35:00.000,13.8868
2025-07-09T17:36:00.000,13.8757
2025-07-09T17:37:00.000,13.8563
2025-07-09T17:38:00.000,13.8369
2025-07-09T17:39:00.000,13.8216
2025-07-09T17:40:00.000,13.8147
2025-07-09T17:41:00.000,13.8133
2025-07-09T17:42:00.000,13.8161
2025-07-09T17:43:00.000,13.8244
2025-07-09T17:44:00.000,13.8369
2025-07-09T17:45:00.000,13.8563
2025-07-09T17:46:00.000,13.8827
2025-07-09T17:47:00.000,13.9145
2025-07-09T17:48:00.000,13.9464
2025-07-09T17:49:00.000,13.9741
2025-07-09T17:50:00.000,14.0019
2025-07-09T17:51:00.000,14.0254
2025-07-09T17:52:00.000,14.0448
2025-07-09T17:53:00.000,14.0559
2025-07-09T17:54:00.000,14.0587
2025-07-09T17:55:00.000,14.0573
2025-07-09T17:56:00.000,14.0545
2025-07-09T17:57:00.000,14.0504
2025-07-09T17:58:00.000,14.0407
2025-07-09T17:59:00.000,14.0296
2025-07-09T18:00:00.000,14.0171
2025-07-09T18:01:00.000,14.0074
2025-07-09T18:02:00.000,14.0005
2025-07-09T18:03:00.000,13.9520
2025-07-09T18:04:00.000,13.8868
2025-07-09T18:05:00.000,13.8147
2025-07-09T18:06:00.000,13.7550
2025-07-09T18:07:00.000,13.6954
2025-07-09T18:08:00.000,13.6732
2025-07-09T18:09:00.000,13.6773
2025-07-09T18:10:00.000,13.6926
2025-07-09T18:11:00.000,13.7065
2025-07-09T18:12:00.000,13.7287
2025-07-09T18:13:00.000,13.7453
2025-07-09T18:14:00.000,13.7634
2025-07-09T18:15:00.000,13.7772
2025-07-09T18:16:00.000,13.7828
2025-07-09T18:17:00.000,13.7814
2025-07-09T18:18:00.000,13.7814
2025-07-09T18:19:00.000,13.7800
2025-07-09T18:20:00.000,13.7800
2025-07-09T18:21:00.000,13.7814
2025-07-09T18:22:00.000,13.7800
2025-07-09T18:23:00.000,13.7800
2025-07-09T18:24:00.000,13.7856
2025-07-09T18:25:00.000,13.7939
2025-07-09T18:26:00.000,13.8091
2025-07-09T18:27:00.000,13.8313
2025-07-09T18:28:00.000,13.8494
2025-07-09T18:29:00.000,13.8688
2025-07-09T18:30:00.000,13.8840
2025-07-09T18:31:00.000,13.8896
2025-07-09T18:32:00.000,13.8813
2025-07-09T18:33:00.000,13.8729
2025-07-09T18:34:00.000,13.8591
2025-07-09T18:35:00.000,13.8535
2025-07-09T18:36:00.000,13.8521
2025-07-09T18:37:00.000,13.8438
2025-07-09T18:38:00.000,13.8272
2025-07-09T18:39:00.000,13.8036
2025-07-09T18:40:00.000,13.7745
2025-07-09T18:41:00.000,13.7509
2025-07-09T18:42:00.000,13.7245
2025-07-09T18:43:00.000,13.7023
2025-07-09T18:44:00.000,13.6995
2025-07-09T18:45:00.000,13.6704
2025-07-09T18:46:00.000,13.6371
2025-07-09T18:47:00.000,13.6162
2025-07-09T18:48:00.000,13.6009
2025-07-09T18:49:00.000,13.5912
2025-07-09T18:50:00.000,13.5815
2025-07-09T18:51:00.000,13.5968
2025-07-09T18:52:00.000,13.6093
2025-07-09T18:53:00.000,13.6273
2025-07-09T18:54:00.000,13.6468
2025-07-09T18:55:00.000,13.6634
2025-07-09T18:56:00.000,13.6843
2025-07-09T18:57:00.000,13.7134
2025-07-09T18:58:00.000,13.7412
2025-07-09T18:59:00.000,13.7634
2025-07-09T19:00:00.000,13.7883
2025-07-09T19:01:00.000,13.8064
2025-07-09T19:02:00.000,13.8189
2025-07-09T19:03:00.000,13.8424
2025-07-09T19:04:00.000,13.8577
2025-07-09T19:05:00.000,13.8563
2025-07-09T19:06:00.000,13.8383
2025-07-09T19:07:00.000,13.8341
2025-07-09T19:08:00.000,13.8230
2025-07-09T19:09:00.000,13.7897
2025-07-09T19:10:00.000,13.7634
2025-07-09T19:11:00.000,13.7592
2025-07-09T19:12:00.000,13.7786
2025-07-09T19:13:00.000,13.8091
2025-07-09T19:14:00.000,13.8369
2025-07-09T19:15:00.000,13.8619
2025-07-09T19:16:00.000,13.7745
2025-07-09T19:17:00.000,13.7356
2025-07-09T19:18:00.000,13.6856
2025-07-09T19:19:00.000,13.6079
2025-07-09T19:20:00.000,13.5482
2025-07-09T19:21:00.000,13.4412
2025-07-09T19:22:00.000,13.3118
2025-07-09T19:23:00.000,13.2339
2025-07-09T19:24:00.000,13.2130
2025-07-09T19:25:00.000,13.1601
2025-07-09T19:26:00.000,13.1545
2025-07-09T19:27:00.000,13.1169
2025-07-09T19:28:00.000,13.0361
2025-07-09T19:29:00.000,12.9636
2025-07-09T19:30:00.000,12.8911
2025-07-09T19:31:00.000,12.8158
2025-07-09T19:32:00.000,12.7446
2025-07-09T19:33:00.000,12.6845
2025-07-09T19:34:00.000,12.6608
2025-07-09T19:35:00.000,12.6552
2025-07-09T19:36:00.000,12.6440
2025-07-09T19:37:00.000,12.6342
2025-07-09T19:38:00.000,12.6104
2025-07-09T19:39:00.000,12.5699
2025-07-09T19:40:00.000,12.5503
2025-07-09T19:41:00.000,12.5336
2025-07-09T19:42:00.000,12.5196
2025-07-09T19:43:00.000,12.4902
2025-07-09T19:44:00.000,12.4580
2025-07-09T19:45:00.000,12.4608
2025-07-09T19:46:00.000,12.5140
2025-07-09T19:47:00.000,12.5517
2025-07-09T19:48:00.000,12.5881
2025-07-09T19:49:00.000,12.6649
2025-07-09T19:50:00.000,12.7515
2025-07-09T19:51:00.000,12.8395
2025-07-09T19:52:00.000,12.9288
2025-07-09T19:53:00.000,12.9999
2025-07-09T19:54:00.000,13.0445
2025-07-09T19:55:00.000,13.0765
2025-07-09T19:56:00.000,13.1211
2025-07-09T19:57:00.000,13.1754
2025-07-09T19:58:00.000,13.2367
2025-07-09T19:59:00.000,13.3118
2025-07-09T20:00:00.000,13.3758
2025-07-09T20:01:00.000,13.4161
2025-07-09T20:02:00.000,13.4564
2025-07-09T20:03:00.000,13.5176
2025-07-09T20:04:00.000,13.5259
2025-07-09T20:05:00.000,13.5704
2025-07-09T20:06:00.000,13.6454
2025-07-09T20:07:00.000,13.7079
2025-07-09T20:08:00.000,13.7398
2025-07-09T20:09:00.000,13.7717
2025-07-09T20:10:00.000,13.8078
2025-07-09T20:11:00.000,13.8424
2025-07-09T20:12:00.000,13.8743
2025-07-09T20:13:00.000,13.8813
2025-07-09T20:14:00.000,13.8896
2025-07-09T20:15:00.000,13.9035
2025-07-09T20:16:00.000,13.9173
2025-07-09T20:17:00.000,13.9381
2025-07-09T20:18:00.000,13.9575
2025-07-09T20:19:00.000,13.9797
2025-07-09T20:20:00.000,14.0019
2025-07-09T20:21:00.000,14.0199
2025-07-09T20:22:00.000,14.0323
2025-07-09T20:23:00.000,14.0323
2025-07-09T20:24:00.000,13.9617
2025-07-09T20:25:00.000,13.9534
2025-07-09T20:26:00.000,13.8674
2025-07-09T20:27:00.000,13.7384
2025-07-09T20:28:00.000,13.6648
2025-07-09T20:29:00.000,13.6329
2025-07-09T20:30:00.000,13.6995
2025-07-09T20:31:00.000,13.7731
2025-07-09T20:32:00.000,13.8383
2025-07-09T20:33:00.000,13.8563
2025-07-09T20:34:00.000,13.8424
2025-07-09T20:35:00.000,13.8452
2025-07-09T20:36:00.000,13.8605
2025-07-09T20:37:00.000,13.8910
2025-07-09T20:38:00.000,13.9326
2025-07-09T20:39:00.000,13.9769
2025-07-09T20:40:00.000,14.0116
2025-07-09T20:41:00.000,14.0379
2025-07-09T20:42:00.000,13.9769
2025-07-09T20:43:00.000,13.8452
2025-07-09T20:44:00.000,13.6981
2025-07-09T20:45:00.000,13.6829
2025-07-09T20:46:00.000,13.6690
2025-07-09T20:47:00.000,13.6579
2025-07-09T20:48:00.000,13.6718
2025-07-09T20:49:00.000,13.7065
2025-07-09T20:50:00.000,13.7439
2025-07-09T20:51:00.000,13.7870
2025-07-09T20:52:00.000,13.8272
2025-07-09T20:53:00.000,13.8688
2025-07-09T20:54:00.000,13.9409
2025-07-09T20:55:00.000,13.9949
2025-07-09T20:56:00.000,14.0116
2025-07-09T20:57:00.000,14.0517
2025-07-09T20:58:00.000,14.0711
2025-07-09T20:59:00.000,14.0975
2025-07-09T21:00:00.000,14.1321
2025-07-09T21:01:00.000,14.1681
2025-07-09T21:02:00.000,14.1971
2025-07-09T21:03:00.000,14.2082
2025-07-09T21:04:00.000,14.2110
2025-07-09T21:05:00.000,14.2401
2025-07-09T21:06:00.000,14.2663
2025-07-09T21:07:00.000,14.2940
2025-07-09T21:08:00.000,14.3328
2025-07-09T21:09:00.000,14.3784
2025-07-09T21:10:00.000,14.4157
2025-07-09T21:11:00.000,14.4448
2025-07-09T21:12:00.000,14.4849
2025-07-09T21:13:00.000,14.5291
2025-07-09T21:14:00.000,14.5857
2025-07-09T21:15:00.000,14.6300
2025-07-09T21:16:00.000,14.6645
2025-07-09T21:17:00.000,14.6852
2025-07-09T21:18:00.000,14.6714
2025-07-09T21:19:00.000,14.6120
2025-07-09T21:20:00.000,14.5167
2025-07-09T21:21:00.000,14.4116
2025-07-09T21:22:00.000,14.3037
2025-07-09T21:23:00.000,14.2165
2025-07-09T21:24:00.000,14.1376
2025-07-09T21:25:00.000,14.0725
2025-07-09T21:26:00.000,14.0296
2025-07-09T21:27:00.000,14.0088
2025-07-09T21:28:00.000,14.0060
2025-07-09T21:29:00.000,14.0199
2025-07-09T21:30:00.000,14.0476
2025-07-09T21:31:00.000,14.0891
2025-07-09T21:32:00.000,14.1584
2025-07-09T21:33:00.000,14.2525
2025-07-09T21:34:00.000,14.3549
2025-07-09T21:35:00.000,14.4835
2025-07-09T21:36:00.000,14.6037
2025-07-09T21:37:00.000,14.6949
2025-07-09T21:38:00.000,14.7805
2025-07-09T21:39:00.000,14.8660
2025-07-09T21:40:00.000,14.9281
2025-07-09T21:41:00.000,14.9667
2025-07-09T21:42:00.000,15.0136
2025-07-09T21:43:00.000,15.0619
2025-07-09T21:44:00.000,15.1294
2025-07-09T21:45:00.000,15.1845
2025-07-09T21:46:00.000,15.2121
2025-07-09T21:47:00.000,15.2397
2025-07-09T21:48:00.000,15.2521
2025-07-09T21:49:00.000,15.2286
2025-07-09T21:50:00.000,15.2038
2025-07-09T21:51:00.000,15.1639
2025-07-09T21:52:00.000,15.1404
2025-07-09T21:53:00.000,15.1432
2025-07-09T21:54:00.000,15.1336
2025-07-09T21:55:00.000,15.1267
2025-07-09T21:56:00.000,15.1005
2025-07-09T21:57:00.000,15.0812
2025-07-09T21:58:00.000,15.0633
2025-07-09T21:59:00.000,15.0605
2025-07-09T22:00:00.000,15.0522
2025-07-09T22:01:00.000,15.0467
2025-07-09T22:02:00.000,15.0426
2025-07-09T22:03:00.000,15.0288
2025-07-09T22:04:00.000,15.0081
2025-07-09T22:05:00.000,14.9874
2025-07-09T22:06:00.000,14.9612
2025-07-09T22:07:00.000,14.9295
2025-07-09T22:08:00.000,14.8964
2025-07-09T22:09:00.000,14.8591
2025-07-09T22:10:00.000,14.8288
2025-07-09T22:11:00.000,14.8164
2025-07-09T22:12:00.000,14.8177
2025-07-09T22:13:00.000,14.8371
2025-07-09T22:14:00.000,14.8826
2025-07-09T22:15:00.000,14.9460
2025-07-09T22:16:00.000,15.0274
2025-07-09T22:17:00.000,15.1184
2025-07-09T22:18:00.000,15.1887
2025-07-09T22:19:00.000,15.2369
2025-07-09T22:20:00.000,15.2658
2025-07-09T22:21:00.000,15.2920
2025-07-09T22:22:00.000,15.3127
2025-07-09T22:23:00.000,15.3251
2025-07-09T22:24:00.000,15.3292
2025-07-09T22:25:00.000,15.3195
2025-07-09T22:26:00.000,15.3044
2025-07-09T22:27:00.000,15.2851
2025-07-09T22:28:00.000,15.2576
2025-07-09T22:29:00.000,15.2273
2025-07-09T22:30:00.000,15.1956
2025-07-09T22:31:00.000,15.1639
2025-07-09T22:32:00.000,15.1404
2025-07-09T22:33:00.000,15.1170
2025-07-09T22:34:00.000,15.0922
2025-07-09T22:35:00.000,15.0688
2025-07-09T22:36:00.000,15.0467
2025-07-09T22:37:00.000,15.0302
2025-07-09T22:38:00.000,15.0150
2025-07-09T22:39:00.000,15.0053
2025-07-09T22:40:00.000,14.9916
2025-07-09T22:41:00.000,14.9750
2025-07-09T22:42:00.000,14.9626
2025-07-09T22:43:00.000,14.9667
2025-07-09T22:44:00.000,14.9667
2025-07-09T22:45:00.000,14.9654
2025-07-09T22:46:00.000,14.9736
2025-07-09T22:47:00.000,14.9874
2025-07-09T22:48:00.000,14.9998
2025-07-09T22:49:00.000,15.0178
2025-07-09T22:50:00.000,15.0315
2025-07-09T22:51:00.000,15.0481
2025-07-09T22:52:00.000,15.0564
2025-07-09T22:53:00.000,15.0453
2025-07-09T22:54:00.000,15.0343
2025-07-09T22:55:00.000,15.0026
2025-07-09T22:56:00.000,14.9723
2025-07-09T22:57:00.000,14.9378
2025-07-09T22:58:00.000,14.9074
2025-07-09T22:59:00.000,14.8702
2025-07-09T23:00:00.000,14.8412
2025-07-09T23:01:00.000,14.8136
2025-07-09T23:02:00.000,14.7736
2025-07-09T23:03:00.000,14.7391
2025-07-09T23:04:00.000,14.7114
2025-07-09T23:05:00.000,14.6783
2025-07-09T23:06:00.000,14.6590
2025-07-09T23:07:00.000,14.6451
2025-07-09T23:08:00.000,14.6355
2025-07-09T23:09:00.000,14.6230
2025-07-09T23:10:00.000,14.6079
2025-07-09T23:11:00.000,14.5982
2025-07-09T23:12:00.000,14.5788
2025-07-09T23:13:00.000,14.5636
2025-07-09T23:14:00.000,14.5360
2025-07-09T23:15:00.000,14.5111
2025-07-09T23:16:00.000,14.4835
2025-07-09T23:17:00.000,14.4531
2025-07-09T23:18:00.000,14.4254
2025-07-09T23:19:00.000,14.3991
2025-07-09T23:20:00.000,14.3743
2025-07-09T23:21:00.000,14.3618
2025-07-09T23:22:00.000,14.3577
2025-07-09T23:23:00.000,14.3480
2025-07-09T23:24:00.000,14.3314
2025-07-09T23:25:00.000,14.3175
2025-07-09T23:26:00.000,14.3037
2025-07-09T23:27:00.000,14.2913
2025-07-09T23:28:00.000,14.2871
2025-07-09T23:29:00.000,14.2857
2025-07-09T23:30:00.000,14.2899
2025-07-09T23:31:00.000,14.2857
2025-07-09T23:32:00.000,14.2857
2025-07-09T23:33:00.000,14.2802
2025-07-09T23:34:00.000,14.2788
2025-07-09T23:35:00.000,14.2760
2025-07-09T23:36:00.000,14.2747
2025-07-09T23:37:00.000,14.2747
2025-07-09T23:38:00.000,14.2774
2025-07-09T23:39:00.000,14.2830
2025-07-09T23:40:00.000,14.2885
2025-07-09T23:41:00.000,14.2885
2025-07-09T23:42:00.000,14.2871
2025-07-09T23:43:00.000,14.2802
2025-07-09T23:44:00.000,14.2705
2025-07-09T23:45:00.000,14.2608
2025-07-09T23:46:00.000,14.2539
2025-07-09T23:47:00.000,14.2553
2025-07-09T23:48:00.000,14.2497
2025-07-09T23:49:00.000,14.2470
2025-07-09T23:50:00.000,14.2456
2025-07-09T23:51:00.000,14.2470
2025-07-09T23:52:00.000,14.2456
2025-07-09T23:53:00.000,14.2456
2025-07-09T23:54:00.000,14.2484
2025-07-09T23:55:00.000,14.2539
2025-07-09T23:56:00.000,14.2580
2025-07-09T23:57:00.000,14.2650
2025-07-09T23:58:00.000,14.2747
2025-07-09T23:59:00.000,14.2816
2025-07-10T00:00:00.000,14.2899
2025-07-10T00:01:00.000,14.2913
2025-07-10T00:02:00.000,14.2830
2025-07-10T00:03:00.000,14.2774
2025-07-10T00:04:00.000,14.2802
2025-07-10T00:05:00.000,14.2843
2025-07-10T00:06:00.000,14.2940
2025-07-10T00:07:00.000,14.3037
2025-07-10T00:08:00.000,14.3148
2025-07-10T00:09:00.000,14.3286
2025-07-10T00:10:00.000,14.3424
2025-07-10T00:11:00.000,14.3494
2025-07-10T00:12:00.000,14.3535
2025-07-10T00:13:00.000,14.3452
2025-07-10T00:14:00.000,14.3037
2025-07-10T00:15:00.000,14.2567
2025-07-10T00:16:00.000,14.2138
2025-07-10T00:17:00.000,14.1667
2025-07-10T00:18:00.000,14.1224
2025-07-10T00:19:00.000,14.0891
2025-07-10T00:20:00.000,14.0587
2025-07-10T00:21:00.000,14.0379
2025-07-10T00:22:00.000,14.0171
2025-07-10T00:23:00.000,14.0074
2025-07-10T00:24:00.000,13.9963
2025-07-10T00:25:00.000,13.9866
2025-07-10T00:26:00.000,13.9797
2025-07-10T00:27:00.000,13.9797
2025-07-10T00:28:00.000,13.9783
2025-07-10T00:29:00.000,13.9741
2025-07-10T00:30:00.000,13.9728
2025-07-10T00:31:00.000,13.9755
2025-07-10T00:32:00.000,13.9811
2025-07-10T00:33:00.000,13.9852
2025-07-10T00:34:00.000,13.9838
2025-07-10T00:35:00.000,13.9908
2025-07-10T00:36:00.000,14.0157
2025-07-10T00:37:00.000,14.0379
2025-07-10T00:38:00.000,14.0628
2025-07-10T00:39:00.000,14.0822
2025-07-10T00:40:00.000,14.1030
2025-07-10T00:41:00.000,14.1196
2025-07-10T00:42:00.000,14.1390
2025-07-10T00:43:00.000,14.1556
2025-07-10T00:44:00.000,14.1736
2025-07-10T00:45:00.000,14.1875
2025-07-10T00:46:00.000,14.1999
2025-07-10T00:47:00.000,14.2124
2025-07-10T00:48:00.000,14.2262
2025-07-10T00:49:00.000,14.2442
2025-07-10T00:50:00.000,14.2622
2025-07-10T00:51:00.000,14.2760
2025-07-10T00:52:00.000,14.2871
2025-07-10T00:53:00.000,14.2968
2025-07-10T00:54:00.000,14.3065
2025-07-10T00:55:00.000,14.3189
2025-07-10T00:56:00.000,14.3245
2025-07-10T00:57:00.000,14.3300
2025-07-10T00:58:00.000,14.3341
2025-07-10T00:59:00.000,14.3383
2025-07-10T01:00:00.000,14.3411
2025-07-10T01:01:00.000,14.3424
2025-07-10T01:02:00.000,14.3438
2025-07-10T01:03:00.000,14.3438
2025-07-10T01:04:00.000,14.3438
2025-07-10T01:05:00.000,14.3438
2025-07-10T01:06:00.000,14.3438
2025-07-10T01:07:00.000,14.3452
2025-07-10T01:08:00.000,14.3452
2025-07-10T01:09:00.000,14.3466
2025-07-10T01:10:00.000,14.3466
2025-07-10T01:11:00.000,14.3480
2025-07-10T01:12:00.000,14.3535
2025-07-10T01:13:00.000,14.3549
2025-07-10T01:14:00.000,14.3549
2025-07-10T01:15:00.000,14.3563
2025-07-10T01:16:00.000,14.3577
2025-07-10T01:17:00.000,14.3563
2025-07-10T01:18:00.000,14.3521
2025-07-10T01:19:00.000,14.3480
2025-07-10T01:20:00.000,14.3466
2025-07-10T01:21:00.000,14.3424
2025-07-10T01:22:00.000,14.3383
2025-07-10T01:23:00.000,14.3355
2025-07-10T01:24:00.000,14.3300
2025-07-10T01:25:00.000,14.3245
2025-07-10T01:26:00.000,14.3189
2025-07-10T01:27:00.000,14.3134
2025-07-10T01:28:00.000,14.3065
2025-07-10T01:29:00.000,14.3051
2025-07-10T01:30:00.000,14.2982
2025-07-10T01:31:00.000,14.2913
2025-07-10T01:32:00.000,14.2843
2025-07-10T01:33:00.000,14.2802
2025-07-10T01:34:00.000,14.2788
2025-07-10T01:35:00.000,14.2802
2025-07-10T01:36:00.000,14.2843
2025-07-10T01:37:00.000,14.2871
2025-07-10T01:38:00.000,14.2899
2025-07-10T01:39:00.000,14.2926
2025-07-10T01:40:00.000,14.2968
2025-07-10T01:41:00.000,14.3051
2025-07-10T01:42:00.000,14.3106
2025-07-10T01:43:00.000,14.3175
2025-07-10T01:44:00.000,14.3231
2025-07-10T01:45:00.000,14.3272
2025-07-10T01:46:00.000,14.3355
2025-07-10T01:47:00.000,14.3355
2025-07-10T01:48:00.000,14.3355
2025-07-10T01:49:00.000,14.3341
2025-07-10T01:50:00.000,14.3355
2025-07-10T01:51:00.000,14.3369
2025-07-10T01:52:00.000,14.3355
2025-07-10T01:53:00.000,14.3328
2025-07-10T01:54:00.000,14.3272
2025-07-10T01:55:00.000,14.3245
2025-07-10T01:56:00.000,14.3217
2025-07-10T01:57:00.000,14.3175
2025-07-10T01:58:00.000,14.3134
2025-07-10T01:59:00.000,14.3037
2025-07-10T02:00:00.000,14.2899
2025-07-10T02:01:00.000,14.2747
2025-07-10T02:02:00.000,14.2580
2025-07-10T02:03:00.000,14.2456
2025-07-10T02:04:00.000,14.2387
2025-07-10T02:05:00.000,14.2276
2025-07-10T02:06:00.000,14.2151
2025-07-10T02:07:00.000,14.2068
2025-07-10T02:08:00.000,14.1999
2025-07-10T02:09:00.000,14.1944
2025-07-10T02:10:00.000,14.1916
2025-07-10T02:11:00.000,14.1888
2025-07-10T02:12:00.000,14.1875
2025-07-10T02:13:00.000,14.1875
2025-07-10T02:14:00.000,14.1902
2025-07-10T02:15:00.000,14.1930
2025-07-10T02:16:00.000,14.1999
2025-07-10T02:17:00.000,14.2124
2025-07-10T02:18:00.000,14.2179
2025-07-10T02:19:00.000,14.2276
2025-07-10T02:20:00.000,14.2622
2025-07-10T02:21:00.000,14.3037
2025-07-10T02:22:00.000,14.3521
2025-07-10T02:23:00.000,14.3950
2025-07-10T02:24:00.000,14.4365
2025-07-10T02:25:00.000,14.4614
2025-07-10T02:26:00.000,14.4890
2025-07-10T02:27:00.000,14.5319
2025-07-10T02:28:00.000,14.5664
2025-07-10T02:29:00.000,14.6051
2025-07-10T02:30:00.000,14.6313
2025-07-10T02:31:00.000,14.6493
2025-07-10T02:32:00.000,14.6590
2025-07-10T02:33:00.000,14.6645
2025-07-10T02:34:00.000,14.6797
2025-07-10T02:35:00.000,14.6935
2025-07-10T02:36:00.000,14.7170
2025-07-10T02:37:00.000,14.7087
2025-07-10T02:38:00.000,14.6976
2025-07-10T02:39:00.000,14.6438
2025-07-10T02:40:00.000,14.5899
2025-07-10T02:41:00.000,14.5484
2025-07-10T02:42:00.000,14.5084
2025-07-10T02:43:00.000,14.4738
2025-07-10T02:44:00.000,14.4462
2025-07-10T02:45:00.000,14.4392
2025-07-10T02:46:00.000,14.4420
2025-07-10T02:47:00.000,14.4351
2025-07-10T02:48:00.000,14.4282
2025-07-10T02:49:00.000,14.4171
2025-07-10T02:50:00.000,14.4047
2025-07-10T02:51:00.000,14.3895
2025-07-10T02:52:00.000,14.3756
2025-07-10T02:53:00.000,14.3798
2025-07-10T02:54:00.000,14.3950
2025-07-10T02:55:00.000,14.4047
2025-07-10T02:56:00.000,14.4213
2025-07-10T02:57:00.000,14.4434
2025-07-10T02:58:00.000,14.4641
2025-07-10T02:59:00.000,14.4890
2025-07-10T03:00:00.000,14.5222
2025-07-10T03:01:00.000,14.5636
2025-07-10T03:02:00.000,14.6023
2025-07-10T03:03:00.000,14.6507
2025-07-10T03:04:00.000,14.6783
2025-07-10T03:05:00.000,14.7114
2025-07-10T03:06:00.000,14.7418
2025-07-10T03:07:00.000,14.7722
2025-07-10T03:08:00.000,14.7943
2025-07-10T03:09:00.000,14.8288
2025-07-10T03:10:00.000,14.8688
2025-07-10T03:11:00.000,14.8991
2025-07-10T03:12:00.000,14.9323
2025-07-10T03:13:00.000,14.9516
2025-07-10T03:14:00.000,14.9654
2025-07-10T03:15:00.000,14.9819
2025-07-10T03:16:00.000,14.9902
2025-07-10T03:17:00.000,14.9998
2025-07-10T03:18:00.000,15.0122
2025-07-10T03:19:00.000,15.0178
2025-07-10T03:20:00.000,15.0136
2025-07-10T03:21:00.000,15.0233
2025-07-10T03:22:00.000,15.0398
2025-07-10T03:23:00.000,15.0509
2025-07-10T03:24:00.000,15.0564
2025-07-10T03:25:00.000,15.0426
2025-07-10T03:26:00.000,15.0398
2025-07-10T03:27:00.000,15.0412
2025-07-10T03:28:00.000,15.0233
2025-07-10T03:29:00.000,15.0164
2025-07-10T03:30:00.000,15.0274
2025-07-10T03:31:00.000,15.0398
2025-07-10T03:32:00.000,15.0412
2025-07-10T03:33:00.000,15.0219
2025-07-10T03:34:00.000,15.0053
2025-07-10T03:35:00.000,15.0122
2025-07-10T03:36:00.000,15.0233
2025-07-10T03:37:00.000,15.0136
2025-07-10T03:38:00.000,15.0205
2025-07-10T03:39:00.000,15.0233
2025-07-10T03:40:00.000,15.0440
2025-07-10T03:41:00.000,15.0605
2025-07-10T03:42:00.000,15.0743
2025-07-10T03:43:00.000,15.0881
2025-07-10T03:44:00.000,15.0922
2025-07-10T03:45:00.000,15.0895
2025-07-10T03:46:00.000,15.0798
2025-07-10T03:47:00.000,15.0770
2025-07-10T03:48:00.000,15.0812
2025-07-10T03:49:00.000,15.0881
2025-07-10T03:50:00.000,15.0895
2025-07-10T03:51:00.000,15.0895
2025-07-10T03:52:00.000,15.0908
2025-07-10T03:53:00.000,15.0991
2025-07-10T03:54:00.000,15.1143
2025-07-10T03:55:00.000,15.1239
2025-07-10T03:56:00.000,15.1129
2025-07-10T03:57:00.000,15.1115
2025-07-10T03:58:00.000,15.1101
2025-07-10T03:59:00.000,15.1087
2025-07-10T04:00:00.000,15.1060
2025-07-10T04:01:00.000,15.1005
2025-07-10T04:02:00.000,15.0922
2025-07-10T04:03:00.000,15.0853
2025-07-10T04:04:00.000,15.0743
2025-07-10T04:05:00.000,15.0743
2025-07-10T04:06:00.000,15.0757
2025-07-10T04:07:00.000,15.0784
2025-07-10T04:08:00.000,15.0784
2025-07-10T04:09:00.000,15.0743
2025-07-10T04:10:00.000,15.0743
2025-07-10T04:11:00.000,15.0729
2025-07-10T04:12:00.000,15.0757
2025-07-10T04:13:00.000,15.0743
2025-07-10T04:14:00.000,15.0591
2025-07-10T04:15:00.000,15.0467
2025-07-10T04:16:00.000,15.0384
2025-07-10T04:17:00.000,15.0274
2025-07-10T04:18:00.000,15.0136
2025-07-10T04:19:00.000,15.0012
2025-07-10T04:20:00.000,14.9778
2025-07-10T04:21:00.000,14.9336
2025-07-10T04:22:00.000,14.8978
2025-07-10T04:23:00.000,14.8867
2025-07-10T04:24:00.000,14.8922
2025-07-10T04:25:00.000,14.8978
2025-07-10T04:26:00.000,14.8881
2025-07-10T04:27:00.000,14.8716
2025-07-10T04:28:00.000,14.8550
2025-07-10T04:29:00.000,14.8343
2025-07-10T04:30:00.000,14.8288
2025-07-10T04:31:00.000,14.8398
2025-07-10T04:32:00.000,14.8647
2025-07-10T04:33:00.000,14.8826
2025-07-10T04:34:00.000,14.9074
2025-07-10T04:35:00.000,14.9447
2025-07-10T04:36:00.000,14.9750
2025-07-10T04:37:00.000,15.0081
2025-07-10T04:38:00.000,15.0315
2025-07-10T04:39:00.000,15.0633
2025-07-10T04:40:00.000,15.0881
2025-07-10T04:41:00.000,15.1060
2025-07-10T04:42:00.000,15.1267
2025-07-10T04:43:00.000,15.1391
2025-07-10T04:44:00.000,15.1529
2025-07-10T04:45:00.000,15.1611
2025-07-10T04:46:00.000,15.1763
2025-07-10T04:47:00.000,15.1887
2025-07-10T04:48:00.000,15.1983
2025-07-10T04:49:00.000,15.2052
2025-07-10T04:50:00.000,15.2149
2025-07-10T04:51:00.000,15.2204
2025-07-10T04:52:00.000,15.2245
2025-07-10T04:53:00.000,15.2328
2025-07-10T04:54:00.000,15.2369
2025-07-10T04:55:00.000,15.2383
2025-07-10T04:56:00.000,15.2397
2025-07-10T04:57:00.000,15.2424
2025-07-10T04:58:00.000,15.2452
2025-07-10T04:59:00.000,15.2479
2025-07-10T05:00:00.000,15.2493
2025-07-10T05:01:00.000,15.2507
2025-07-10T05:02:00.000,15.2507
2025-07-10T05:03:00.000,15.2521
2025-07-10T05:04:00.000,15.2521
2025-07-10T05:05:00.000,15.2534
2025-07-10T05:06:00.000,15.2534
2025-07-10T05:07:00.000,15.2521
2025-07-10T05:08:00.000,15.2521
2025-07-10T05:09:00.000,15.2521
2025-07-10T05:10:00.000,15.2507
2025-07-10T05:11:00.000,15.2534
2025-07-10T05:12:00.000,15.2493
2025-07-10T05:13:00.000,15.2479
2025-07-10T05:14:00.000,15.2465
2025-07-10T05:15:00.000,15.2452
2025-07-10T05:16:00.000,15.2438
2025-07-10T05:17:00.000,15.2424
2025-07-10T05:18:00.000,15.2410
2025-07-10T05:19:00.000,15.2410
2025-07-10T05:20:00.000,15.2438
2025-07-10T05:21:00.000,15.2465
2025-07-10T05:22:00.000,15.2479
2025-07-10T05:23:00.000,15.2507
2025-07-10T05:24:00.000,15.2507
2025-07-10T05:25:00.000,15.2479
2025-07-10T05:26:00.000,15.2493
2025-07-10T05:27:00.000,15.2479
2025-07-10T05:28:00.000,15.2548
2025-07-10T05:29:00.000,15.2562
2025-07-10T05:30:00.000,15.2576
2025-07-10T05:31:00.000,15.2589
2025-07-10T05:32:00.000,15.2603
2025-07-10T05:33:00.000,15.2603
2025-07-10T05:34:00.000,15.2631
2025-07-10T05:35:00.000,15.2672
2025-07-10T05:36:00.000,15.2727
2025-07-10T05:37:00.000,15.2769
2025-07-10T05:38:00.000,15.2796
2025-07-10T05:39:00.000,15.2782
2025-07-10T05:40:00.000,15.2782
2025-07-10T05:41:00.000,15.2755
2025-07-10T05:42:00.000,15.2713
2025-07-10T05:43:00.000,15.2686
2025-07-10T05:44:00.000,15.2686
2025-07-10T05:45:00.000,15.2741
2025-07-10T05:46:00.000,15.2755
2025-07-10T05:47:00.000,15.2796
2025-07-10T05:48:00.000,15.2837
2025-07-10T05:49:00.000,15.2879
2025-07-10T05:50:00.000,15.2879
2025-07-10T05:51:00.000,15.2865
2025-07-10T05:52:00.000,15.2865
2025-07-10T05:53:00.000,15.2851
2025-07-10T05:54:00.000,15.2865
2025-07-10T05:55:00.000,15.2851
2025-07-10T05:56:00.000,15.2851
2025-07-10T05:57:00.000,15.2824
2025-07-10T05:58:00.000,15.2782
2025-07-10T05:59:00.000,15.2741
2025-07-10T06:00:00.000,15.2686
2025-07-10T06:01:00.000,15.2617
2025-07-10T06:02:00.000,15.2589
2025-07-10T06:03:00.000,15.2548
2025-07-10T06:04:00.000,15.2493
2025-07-10T06:05:00.000,15.2438
2025-07-10T06:06:00.000,15.2369
2025-07-10T06:07:00.000,15.2300
2025-07-10T06:08:00.000,15.2259
2025-07-10T06:09:00.000,15.2217
2025-07-10T06:10:00.000,15.2190
2025-07-10T06:11:00.000,15.2190
2025-07-10T06:12:00.000,15.2176
2025-07-10T06:13:00.000,15.2176
2025-07-10T06:14:00.000,15.2162
2025-07-10T06:15:00.000,15.2149
2025-07-10T06:16:00.000,15.2162
2025-07-10T06:17:00.000,15.2162
2025-07-10T06:18:00.000,15.2162
2025-07-10T06:19:00.000,15.2176
2025-07-10T06:20:00.000,15.2176
2025-07-10T06:21:00.000,15.2149
2025-07-10T06:22:00.000,15.2107
2025-07-10T06:23:00.000,15.2066
2025-07-10T06:24:00.000,15.2052
2025-07-10T06:25:00.000,15.2025
2025-07-10T06:26:00.000,15.1969
2025-07-10T06:27:00.000,15.1914
2025-07-10T06:28:00.000,15.1887
2025-07-10T06:29:00.000,15.1901
2025-07-10T06:30:00.000,15.1873
2025-07-10T06:31:00.000,15.1859
2025-07-10T06:32:00.000,15.1763
2025-07-10T06:33:00.000,15.1460
2025-07-10T06:34:00.000,15.0963
2025-07-10T06:35:00.000,15.0398
2025-07-10T06:36:00.000,14.9419
2025-07-10T06:37:00.000,14.7887
2025-07-10T06:38:00.000,14.6134
2025-07-10T06:39:00.000,14.4365
2025-07-10T06:40:00.000,14.2954
2025-07-10T06:41:00.000,14.2138
2025-07-10T06:42:00.000,14.1861
2025-07-10T06:43:00.000,14.2027
2025-07-10T06:44:00.000,14.2428
2025-07-10T06:45:00.000,14.3175
2025-07-10T06:46:00.000,14.4227
2025-07-10T06:47:00.000,14.5319
2025-07-10T06:48:00.000,14.6341
2025-07-10T06:49:00.000,14.7280
2025-07-10T06:50:00.000,14.8136
2025-07-10T06:51:00.000,14.8922
2025-07-10T06:52:00.000,14.9626
2025-07-10T06:53:00.000,15.0398
2025-07-10T06:54:00.000,15.0963
2025-07-10T06:55:00.000,15.1336
2025-07-10T06:56:00.000,15.1529
2025-07-10T06:57:00.000,15.1653
2025-07-10T06:58:00.000,15.1749
2025-07-10T06:59:00.000,15.1777
2025-07-10T07:00:00.000,15.1901
2025-07-10T07:01:00.000,15.1983
2025-07-10T07:02:00.000,15.2080
2025-07-10T07:03:00.000,15.2245
2025-07-10T07:04:00.000,15.2314
2025-07-10T07:05:00.000,15.2273
2025-07-10T07:06:00.000,15.2259
2025-07-10T07:07:00.000,15.2204
2025-07-10T07:08:00.000,15.2341
2025-07-10T07:09:00.000,15.2410
2025-07-10T07:10:00.000,15.2589
2025-07-10T07:11:00.000,15.2700
2025-07-10T07:12:00.000,15.2658
2025-07-10T07:13:00.000,15.2507
2025-07-10T07:14:00.000,15.2452
2025-07-10T07:15:00.000,15.2341
2025-07-10T07:16:00.000,15.2438
2025-07-10T07:17:00.000,15.2589
2025-07-10T07:18:00.000,15.2879
2025-07-10T07:19:00.000,15.3209
2025-07-10T07:20:00.000,15.3705
2025-07-10T07:21:00.000,15.4407
2025-07-10T07:22:00.000,15.5068
2025-07-10T07:23:00.000,15.5701
2025-07-10T07:24:00.000,15.6457
2025-07-10T07:25:00.000,15.7296
2025-07-10T07:26:00.000,15.8149
2025-07-10T07:27:00.000,15.9138
2025-07-10T07:28:00.000,16.0169
2025-07-10T07:29:00.000,16.1267
2025-07-10T07:30:00.000,16.2448
2025-07-10T07:31:00.000,16.3683
2025-07-10T07:32:00.000,16.5069
2025-07-10T07:33:00.000,16.6345
2025-07-10T07:34:00.000,16.7455
2025-07-10T07:35:00.000,16.8579
2025-07-10T07:36:00.000,17.0032
2025-07-10T07:37:00.000,17.2073
2025-07-10T07:38:00.000,17.4304
2025-07-10T07:39:00.000,17.6576
2025-07-10T07:40:00.000,17.9094
2025-07-10T07:41:00.000,18.0954
2025-07-10T07:42:00.000,18.2431
2025-07-10T07:43:00.000,18.3880
2025-07-10T07:44:00.000,18.5726
2025-07-10T07:45:00.000,19.0579
2025-07-10T07:46:00.000,19.4256
2025-07-10T07:47:00.000,19.5637
2025-07-10T07:48:00.000,19.6143
2025-07-10T07:49:00.000,19.6170
2025-07-10T07:50:00.000,19.8194
2025-07-10T07:51:00.000,19.9151
2025-07-10T07:52:00.000,19.8549
2025-07-10T07:53:00.000,19.7565
2025-07-10T07:54:00.000,19.6471
2025-07-10T07:55:00.000,19.6457
2025-07-10T07:56:00.000,19.7100
2025-07-10T07:57:00.000,19.6129
2025-07-10T07:58:00.000,19.4557
2025-07-10T07:59:00.000,19.3039
2025-07-10T08:00:00.000,19.2165
2025-07-10T08:01:00.000,19.1864
2025-07-10T08:02:00.000,19.1358
2025-07-10T08:03:00.000,19.0401
2025-07-10T08:04:00.000,18.9075
2025-07-10T08:05:00.000,18.8241
2025-07-10T08:06:00.000,19.2096
2025-07-10T08:07:00.000,20.0614
2025-07-10T08:08:00.000,20.4075
2025-07-10T08:09:00.000,20.4239
2025-07-10T08:10:00.000,20.3473
2025-07-10T08:11:00.000,20.2269
2025-07-10T08:12:00.000,20.2091
2025-07-10T08:13:00.000,20.2283
2025-07-10T08:14:00.000,20.6237
2025-07-10T08:15:00.000,21.1138
2025-07-10T08:16:00.000,21.1234
2025-07-10T08:17:00.000,20.9577
2025-07-10T08:18:00.000,20.9303
2025-07-10T08:19:00.000,20.8482
2025-07-10T08:20:00.000,20.7359
2025-07-10T08:21:00.000,20.7633
2025-07-10T08:22:00.000,20.6620
2025-07-10T08:23:00.000,20.8221
2025-07-10T08:24:00.000,21.3920
2025-07-10T08:25:00.000,21.5949
2025-07-10T08:26:00.000,21.7664
2025-07-10T08:27:00.000,21.9763
2025-07-10T08:28:00.000,22.0903
2025-07-10T08:29:00.000,22.0381
2025-07-10T08:30:00.000,21.9228
2025-07-10T08:31:00.000,22.2235
2025-07-10T08:32:00.000,22.4393
2025-07-10T08:33:00.000,22.3280
2025-07-10T08:34:00.000,22.0711
2025-07-10T08:35:00.000,21.7677
2025-07-10T08:36:00.000,21.5044
2025-07-10T08:37:00.000,21.2536
2025-07-10T08:38:00.000,21.0947
2025-07-10T08:39:00.000,21.2070
2025-07-10T08:40:00.000,21.2837
2025-07-10T08:41:00.000,21.1700
2025-07-10T08:42:00.000,21.1166
2025-07-10T08:43:00.000,21.2769
2025-07-10T08:44:00.000,21.5030
2025-07-10T08:45:00.000,21.7334
2025-07-10T08:46:00.000,21.6964
2025-07-10T08:47:00.000,21.6196
2025-07-10T08:48:00.000,21.6237
2025-07-10T08:49:00.000,21.7568
2025-07-10T08:50:00.000,22.6882
2025-07-10T08:51:00.000,23.7666
2025-07-10T08:52:00.000,25.0577
2025-07-10T08:53:00.000,26.3194
2025-07-10T08:54:00.000,27.1287
2025-07-10T08:55:00.000,27.7755
2025-07-10T08:56:00.000,27.9317
2025-07-10T08:57:00.000,27.7940
2025-07-10T08:58:00.000,27.3703
2025-07-10T08:59:00.000,26.8734
2025-07-10T09:00:00.000,26.3980
2025-07-10T09:01:00.000,25.9719
2025-07-10T09:02:00.000,25.5762
2025-07-10T09:03:00.000,25.2875
2025-07-10T09:04:00.000,24.9645
2025-07-10T09:05:00.000,24.6379
2025-07-10T09:06:00.000,24.3854
2025-07-10T09:07:00.000,24.2302
2025-07-10T09:08:00.000,24.1249
2025-07-10T09:09:00.000,24.0225
2025-07-10T09:10:00.000,23.9270
2025-07-10T09:11:00.000,23.8495
2025-07-10T09:12:00.000,23.7929
2025-07-10T09:13:00.000,23.7790
2025-07-10T09:14:00.000,23.7984
2025-07-10T09:15:00.000,23.8219
2025-07-10T09:16:00.000,23.8302
2025-07-10T09:17:00.000,23.8413
2025-07-10T09:18:00.000,23.8302
2025-07-10T09:19:00.000,23.7569
2025-07-10T09:20:00.000,23.6740
2025-07-10T09:21:00.000,23.5994
2025-07-10T09:22:00.000,23.5442
2025-07-10T09:23:00.000,23.5980
2025-07-10T09:24:00.000,23.6243
2025-07-10T09:25:00.000,23.8247
2025-07-10T09:26:00.000,23.9893
2025-07-10T09:27:00.000,24.1844
2025-07-10T09:28:00.000,24.4076
2025-07-10T09:29:00.000,24.4325
2025-07-10T09:30:00.000,24.9158
2025-07-10T09:31:00.000,25.7816
2025-07-10T09:32:00.000,26.6411
2025-07-10T09:33:00.000,27.4538
2025-07-10T09:34:00.000,28.1095
2025-07-10T09:35:00.000,28.3318
2025-07-10T09:36:00.000,28.7461
2025-07-10T09:37:00.000,29.3087
2025-07-10T09:38:00.000,29.8948
2025-07-10T09:39:00.000,30.4683
2025-07-10T09:40:00.000,30.9356
2025-07-10T09:41:00.000,31.2582
2025-07-10T09:42:00.000,31.4995
2025-07-10T09:43:00.000,31.3494
2025-07-10T09:44:00.000,30.8493
2025-07-10T09:45:00.000,30.0831
2025-07-10T09:46:00.000,29.1980
2025-07-10T09:47:00.000,28.6345
2025-07-10T09:48:00.000,28.4616
2025-07-10T09:49:00.000,28.3760
2025-07-10T09:50:00.000,28.4288
2025-07-10T09:51:00.000,28.4745
2025-07-10T09:52:00.000,28.4274
2025-07-10T09:53:00.000,28.3860
2025-07-10T09:54:00.000,28.3018
2025-07-10T09:55:00.000,28.2790
2025-07-10T09:56:00.000,28.2491
2025-07-10T09:57:00.000,28.1565
2025-07-10T09:58:00.000,28.0227
2025-07-10T09:59:00.000,27.8039
2025-07-10T10:00:00.000,27.5048
2025-07-10T10:01:00.000,27.3364
2025-07-10T10:02:00.000,27.1965
2025-07-10T10:03:00.000,27.1089
2025-07-10T10:04:00.000,26.9467
2025-07-10T10:05:00.000,26.8030
2025-07-10T10:06:00.000,26.8297
2025-07-10T10:07:00.000,26.8565
2025-07-10T10:08:00.000,26.9058
2025-07-10T10:09:00.000,26.9086
2025-07-10T10:10:00.000,26.9509
2025-07-10T10:11:00.000,26.9495
2025-07-10T10:12:00.000,26.9552
2025-07-10T10:13:00.000,26.9382
2025-07-10T10:14:00.000,26.8382
2025-07-10T10:15:00.000,26.7945
2025-07-10T10:16:00.000,26.7622
2025-07-10T10:17:00.000,26.7903
2025-07-10T10:18:00.000,26.8551
2025-07-10T10:19:00.000,26.8452
2025-07-10T10:20:00.000,26.8945
2025-07-10T10:21:00.000,26.9382
2025-07-10T10:22:00.000,26.9495
2025-07-10T10:23:00.000,26.9819
2025-07-10T10:24:00.000,27.0440
2025-07-10T10:25:00.000,27.0482
2025-07-10T10:26:00.000,27.0567
2025-07-10T10:27:00.000,27.1117
2025-07-10T10:28:00.000,27.2360
2025-07-10T10:29:00.000,27.3039
2025-07-10T10:30:00.000,27.3293
2025-07-10T10:31:00.000,27.3887
2025-07-10T10:32:00.000,27.6280
2025-07-10T10:33:00.000,27.8295
2025-07-10T10:34:00.000,28.0199
2025-07-10T10:35:00.000,28.2804
2025-07-10T10:36:00.000,28.5116
2025-07-10T10:37:00.000,28.7161
2025-07-10T10:38:00.000,28.6631
2025-07-10T10:39:00.000,28.6803
2025-07-10T10:40:00.000,28.8320
2025-07-10T10:41:00.000,28.9969
2025-07-10T10:42:00.000,29.1707
2025-07-10T10:43:00.000,29.3203
2025-07-10T10:44:00.000,29.4427
2025-07-10T10:45:00.000,29.5523
2025-07-10T10:46:00.000,29.5205
2025-07-10T10:47:00.000,29.5032
2025-07-10T10:48:00.000,29.5956
2025-07-10T10:49:00.000,29.5710
2025-07-10T10:50:00.000,29.6085
2025-07-10T10:51:00.000,29.6259
2025-07-10T10:52:00.000,29.5638
2025-07-10T10:53:00.000,29.4513
2025-07-10T10:54:00.000,29.3260
2025-07-10T10:55:00.000,29.2426
2025-07-10T10:56:00.000,29.1836
2025-07-10T10:57:00.000,29.1132
2025-07-10T10:58:00.000,29.0529
2025-07-10T10:59:00.000,29.1175
2025-07-10T11:00:00.000,29.1376
2025-07-10T11:01:00.000,29.1333
2025-07-10T11:02:00.000,29.1621
2025-07-10T11:03:00.000,29.1664
2025-07-10T11:04:00.000,29.1290
2025-07-10T11:05:00.000,29.0529
2025-07-10T11:06:00.000,28.8722
2025-07-10T11:07:00.000,28.6874
2025-07-10T11:08:00.000,28.5916
2025-07-10T11:09:00.000,28.4859
2025-07-10T11:10:00.000,28.3489
2025-07-10T11:11:00.000,28.2619
2025-07-10T11:12:00.000,28.1821
2025-07-10T11:13:00.000,28.1480
2025-07-10T11:14:00.000,28.2391
2025-07-10T11:15:00.000,28.3161
2025-07-10T11:16:00.000,28.4159
2025-07-10T11:17:00.000,28.4716
2025-07-10T11:18:00.000,28.5487
2025-07-10T11:19:00.000,28.6159
2025-07-10T11:20:00.000,28.6846
2025-07-10T11:21:00.000,28.8063
2025-07-10T11:22:00.000,28.9080
2025-07-10T11:23:00.000,29.1204
2025-07-10T11:24:00.000,29.2066
2025-07-10T11:25:00.000,29.3303
2025-07-10T11:26:00.000,29.4715
2025-07-10T11:27:00.000,29.6129
2025-07-10T11:28:00.000,29.9266
2025-07-10T11:29:00.000,30.2588
2025-07-10T11:30:00.000,30.5849
2025-07-10T11:31:00.000,30.7995
2025-07-10T11:32:00.000,30.9868
2025-07-10T11:33:00.000,31.1877
2025-07-10T11:34:00.000,31.3214
2025-07-10T11:35:00.000,31.2582
2025-07-10T11:36:00.000,31.2582
2025-07-10T11:37:00.000,31.2803
2025-07-10T11:38:00.000,31.3244
2025-07-10T11:39:00.000,31.3876
2025-07-10T11:40:00.000,31.3818
2025-07-10T11:41:00.000,31.3494
2025-07-10T11:42:00.000,31.4068
2025-07-10T11:43:00.000,31.4951
2025-07-10T11:44:00.000,31.7460
2025-07-10T11:45:00.000,31.8302
2025-07-10T11:46:00.000,32.0331
2025-07-10T11:47:00.000,32.1994
2025-07-10T11:48:00.000,32.3928
2025-07-10T11:49:00.000,32.4732
2025-07-10T11:50:00.000,32.5209
2025-07-10T11:51:00.000,32.6284
2025-07-10T11:52:00.000,32.7286
2025-07-10T11:53:00.000,32.7839
2025-07-10T11:54:00.000,32.9982
2025-07-10T11:55:00.000,33.2990
2025-07-10T11:56:00.000,33.4981
2025-07-10T11:57:00.000,33.5722
2025-07-10T11:58:00.000,33.7781
2025-07-10T11:59:00.000,33.8555
2025-07-10T12:00:00.000,33.8661
2025-07-10T12:01:00.000,33.3578
2025-07-10T12:02:00.000,32.3749
2025-07-10T12:03:00.000,31.0542
2025-07-10T12:04:00.000,29.6042
2025-07-10T12:05:00.000,28.4531
2025-07-10T12:06:00.000,27.7287
2025-07-10T12:07:00.000,27.4099
2025-07-10T12:08:00.000,27.2049
2025-07-10T12:09:00.000,27.1357
2025-07-10T12:10:00.000,27.1682
2025-07-10T12:11:00.000,27.2275
2025-07-10T12:12:00.000,27.2275
2025-07-10T12:13:00.000,27.2290
2025-07-10T12:14:00.000,27.2827
2025-07-10T12:15:00.000,27.3491
2025-07-10T12:16:00.000,27.3435
2025-07-10T12:17:00.000,27.3222
2025-07-10T12:18:00.000,27.2162
2025-07-10T12:19:00.000,27.0031
2025-07-10T12:20:00.000,26.7833
2025-07-10T12:21:00.000,26.7439
2025-07-10T12:22:00.000,26.8396
2025-07-10T12:23:00.000,26.9932
2025-07-10T12:24:00.000,27.0849
2025-07-10T12:25:00.000,27.2742
2025-07-10T12:26:00.000,27.3166
2025-07-10T12:27:00.000,27.2572
2025-07-10T12:28:00.000,27.1696
2025-07-10T12:29:00.000,27.2417
2025-07-10T12:30:00.000,27.2643
2025-07-10T12:31:00.000,27.1951
2025-07-10T12:32:00.000,27.1287
2025-07-10T12:33:00.000,27.1456
2025-07-10T12:34:00.000,27.1527
2025-07-10T12:35:00.000,27.1838
2025-07-10T12:36:00.000,27.1485
2025-07-10T12:37:00.000,27.1470
2025-07-10T12:38:00.000,27.2219
2025-07-10T12:39:00.000,27.2728
2025-07-10T12:40:00.000,27.3251
2025-07-10T12:41:00.000,27.2699
2025-07-10T12:42:00.000,27.0750
2025-07-10T12:43:00.000,26.8523
2025-07-10T12:44:00.000,26.7622
2025-07-10T12:45:00.000,26.7917
2025-07-10T12:46:00.000,26.9241
2025-07-10T12:47:00.000,26.9904
2025-07-10T12:48:00.000,27.1273
2025-07-10T12:49:00.000,27.2968
2025-07-10T12:50:00.000,27.5586
2025-07-10T12:51:00.000,27.8423
2025-07-10T12:52:00.000,28.1252
2025-07-10T12:53:00.000,28.3303
2025-07-10T12:54:00.000,28.6560
2025-07-10T12:55:00.000,29.0888
2025-07-10T12:56:00.000,29.4427
2025-07-10T12:57:00.000,29.6966
2025-07-10T12:58:00.000,29.8832
2025-07-10T12:59:00.000,29.7053
2025-07-10T13:00:00.000,29.5003
2025-07-10T13:01:00.000,29.3390
2025-07-10T13:02:00.000,29.2052
2025-07-10T13:03:00.000,29.0141
2025-07-10T13:04:00.000,28.9467
2025-07-10T13:05:00.000,29.1736
2025-07-10T13:06:00.000,29.5277
2025-07-10T13:07:00.000,30.0020
2025-07-10T13:08:00.000,30.2428
2025-07-10T13:09:00.000,30.2414
2025-07-10T13:10:00.000,30.4640
2025-07-10T13:11:00.000,30.9005
2025-07-10T13:12:00.000,31.3229
2025-07-10T13:13:00.000,31.5408
2025-07-10T13:14:00.000,31.7223
2025-07-10T13:15:00.000,31.9620
2025-07-10T13:16:00.000,32.1029
2025-07-10T13:17:00.000,31.8746
2025-07-10T13:18:00.000,31.2906
2025-07-10T13:19:00.000,30.5514
2025-07-10T13:20:00.000,29.6995
2025-07-10T13:21:00.000,28.9926
2025-07-10T13:22:00.000,28.8621
2025-07-10T13:23:00.000,28.4102
2025-07-10T13:24:00.000,28.0256
2025-07-10T13:25:00.000,27.6011
2025-07-10T13:26:00.000,27.1753
2025-07-10T13:27:00.000,26.7396
2025-07-10T13:28:00.000,26.3756
2025-07-10T13:29:00.000,25.9761
2025-07-10T13:30:00.000,25.6139
2025-07-10T13:31:00.000,25.7145
2025-07-10T13:32:00.000,25.8361
2025-07-10T13:33:00.000,25.8207
2025-07-10T13:34:00.000,25.8781
2025-07-10T13:35:00.000,26.4261
2025-07-10T13:36:00.000,27.0793
2025-07-10T13:37:00.000,27.8508
2025-07-10T13:38:00.000,28.5816
2025-07-10T13:39:00.000,29.1649
2025-07-10T13:40:00.000,29.9020
2025-07-10T13:41:00.000,30.4625
2025-07-10T13:42:00.000,30.9590
2025-07-10T13:43:00.000,31.2803
2025-07-10T13:44:00.000,31.6367
2025-07-10T13:45:00.000,31.8081
2025-07-10T13:46:00.000,32.3392
2025-07-10T13:47:00.000,32.6404
2025-07-10T13:48:00.000,32.3838
2025-07-10T13:49:00.000,31.8391
2025-07-10T13:50:00.000,31.3067
2025-07-10T13:51:00.000,30.7148
2025-07-10T13:52:00.000,30.3272
2025-07-10T13:53:00.000,30.0614
2025-07-10T13:54:00.000,29.4902
2025-07-10T13:55:00.000,28.9955
2025-07-10T13:56:00.000,28.6388
2025-07-10T13:57:00.000,28.3418
2025-07-10T13:58:00.000,28.0597
2025-07-10T13:59:00.000,27.7472
2025-07-10T14:00:00.000,27.4312
2025-07-10T14:01:00.000,27.0722
2025-07-10T14:02:00.000,26.6552
2025-07-10T14:03:00.000,26.3391
2025-07-10T14:04:00.000,26.3278
2025-07-10T14:05:00.000,26.5006
2025-07-10T14:06:00.000,26.5455
2025-07-10T14:07:00.000,26.4879
2025-07-10T14:08:00.000,26.4823
2025-07-10T14:09:00.000,26.4008
2025-07-10T14:10:00.000,26.4935
2025-07-10T14:11:00.000,26.6679
2025-07-10T14:12:00.000,26.8016
2025-07-10T14:13:00.000,26.8157
2025-07-10T14:14:00.000,26.9284
2025-07-10T14:15:00.000,26.9960
2025-07-10T14:16:00.000,26.9678
2025-07-10T14:17:00.000,26.8157
2025-07-10T14:18:00.000,26.6650
2025-07-10T14:19:00.000,26.5441
2025-07-10T14:20:00.000,26.5118
2025-07-10T14:21:00.000,26.5947
2025-07-10T14:22:00.000,26.7579
2025-07-10T14:23:00.000,26.7847
2025-07-10T14:24:00.000,26.8086
2025-07-10T14:25:00.000,26.8157
2025-07-10T14:26:00.000,26.8100
2025-07-10T14:27:00.000,26.8748
2025-07-10T14:28:00.000,26.9735
2025-07-10T14:29:00.000,27.0539
2025-07-10T14:30:00.000,27.1386
2025-07-10T14:31:00.000,27.2530
2025-07-10T14:32:00.000,27.2318
2025-07-10T14:33:00.000,27.2685
2025-07-10T14:34:00.000,27.4354
2025-07-10T14:35:00.000,27.4354
2025-07-10T14:36:00.000,27.3845
2025-07-10T14:37:00.000,27.3477
2025-07-10T14:38:00.000,27.2078
2025-07-10T14:39:00.000,26.9890
2025-07-10T14:40:00.000,26.8072
2025-07-10T14:41:00.000,26.7551
2025-07-10T14:42:00.000,26.7227
2025-07-10T14:43:00.000,26.6257
2025-07-10T14:44:00.000,26.5694
2025-07-10T14:45:00.000,26.4472
2025-07-10T14:46:00.000,26.3377
2025-07-10T14:47:00.000,26.2731
2025-07-10T14:48:00.000,26.2325
2025-07-10T14:49:00.000,26.2703
2025-07-10T14:50:00.000,26.3138
2025-07-10T14:51:00.000,26.3629
2025-07-10T14:52:00.000,26.4107
2025-07-10T14:53:00.000,26.5399
2025-07-10T14:54:00.000,26.5694
2025-07-10T14:55:00.000,26.5961
2025-07-10T14:56:00.000,26.6313
2025-07-10T14:57:00.000,26.5273
2025-07-10T14:58:00.000,26.3461
2025-07-10T14:59:00.000,26.1539
2025-07-10T15:00:00.000,25.9593
2025-07-10T15:01:00.000,25.7383
2025-07-10T15:02:00.000,25.5385
2025-07-10T15:03:00.000,25.4548
2025-07-10T15:04:00.000,25.4241
2025-07-10T15:05:00.000,25.4715
2025-07-10T15:06:00.000,25.6349
2025-07-10T15:07:00.000,25.8459
2025-07-10T15:08:00.000,25.9425
2025-07-10T15:09:00.000,25.9621
2025-07-10T15:10:00.000,26.0251
2025-07-10T15:11:00.000,25.9621
2025-07-10T15:12:00.000,25.9187
2025-07-10T15:13:00.000,25.7998
2025-07-10T15:14:00.000,25.5874
2025-07-10T15:15:00.000,25.4506
2025-07-10T15:16:00.000,25.2303
2025-07-10T15:17:00.000,24.9519
2025-07-10T15:18:00.000,24.6879
2025-07-10T15:19:00.000,24.4436
2025-07-10T15:20:00.000,24.2260
2025-07-10T15:21:00.000,23.6409
2025-07-10T15:22:00.000,22.9732
2025-07-10T15:23:00.000,22.4091
2025-07-10T15:24:00.000,21.9530
2025-07-10T15:25:00.000,21.6978
2025-07-10T15:26:00.000,21.5483
2025-07-10T15:27:00.000,21.4523
2025-07-10T15:28:00.000,21.4276
2025-07-10T15:29:00.000,21.4098
2025-07-10T15:30:00.000,21.3372
2025-07-10T15:31:00.000,21.2303
2025-07-10T15:32:00.000,21.1138
2025-07-10T15:33:00.000,21.0344
2025-07-10T15:34:00.000,21.0741
2025-07-10T15:35:00.000,21.1755
2025-07-10T15:36:00.000,21.3427
2025-07-10T15:37:00.000,21.4921
2025-07-10T15:38:00.000,21.5949
2025-07-10T15:39:00.000,21.6525
2025-07-10T15:40:00.000,21.7280
2025-07-10T15:41:00.000,21.7033
2025-07-10T15:42:00.000,21.6470
2025-07-10T15:43:00.000,21.6347
2025-07-10T15:44:00.000,21.6511
2025-07-10T15:45:00.000,21.6868
2025-07-10T15:46:00.000,21.7115
2025-07-10T15:47:00.000,21.7485
2025-07-10T15:48:00.000,21.7705
2025-07-10T15:49:00.000,21.7362
2025-07-10T15:50:00.000,21.6210
2025-07-10T15:51:00.000,21.5126
2025-07-10T15:52:00.000,21.3454
2025-07-10T15:53:00.000,21.1673
2025-07-10T15:54:00.000,20.9604
2025-07-10T15:55:00.000,20.8783
2025-07-10T15:56:00.000,20.7934
2025-07-10T15:57:00.000,20.8783
2025-07-10T15:58:00.000,20.9865
2025-07-10T15:59:00.000,21.1604
2025-07-10T16:00:00.000,21.3248
2025-07-10T16:01:00.000,21.3646
2025-07-10T16:02:00.000,21.3728
2025-07-10T16:03:00.000,21.3344
2025-07-10T16:04:00.000,21.2084
2025-07-10T16:05:00.000,20.7250
2025-07-10T16:06:00.000,20.1038
2025-07-10T16:07:00.000,19.5897
2025-07-10T16:08:00.000,19.3627
2025-07-10T16:09:00.000,19.3477
2025-07-10T16:10:00.000,19.5186
2025-07-10T16:11:00.000,19.4037
2025-07-10T16:12:00.000,19.3340
2025-07-10T16:13:00.000,19.4051
2025-07-10T16:14:00.000,19.4639
2025-07-10T16:15:00.000,19.4871
2025-07-10T16:16:00.000,19.4188
2025-07-10T16:17:00.000,19.3039
2025-07-10T16:18:00.000,19.1973
2025-07-10T16:19:00.000,19.0483
2025-07-10T16:20:00.000,18.8925
2025-07-10T16:21:00.000,18.6806
2025-07-10T16:22:00.000,18.4728
2025-07-10T16:23:00.000,18.3005
2025-07-10T16:24:00.000,18.1733
2025-07-10T16:25:00.000,18.0571
2025-07-10T16:26:00.000,17.9573
2025-07-10T16:27:00.000,17.8711
2025-07-10T16:28:00.000,17.7972
2025-07-10T16:29:00.000,17.7370
2025-07-10T16:30:00.000,17.6877
2025-07-10T16:31:00.000,17.6439
2025-07-10T16:32:00.000,17.6111
2025-07-10T16:33:00.000,17.5796
2025-07-10T16:34:00.000,17.5591
2025-07-10T16:35:00.000,17.5345
2025-07-10T16:36:00.000,17.5098
2025-07-10T16:37:00.000,17.4729
2025-07-10T16:38:00.000,17.4441
2025-07-10T16:39:00.000,17.4250
2025-07-10T16:40:00.000,17.4222
2025-07-10T16:41:00.000,17.4263
2025-07-10T16:42:00.000,17.4359
2025-07-10T16:43:00.000,17.4961
2025-07-10T16:44:00.000,17.7438
2025-07-10T16:45:00.000,17.9997
2025-07-10T16:46:00.000,18.2431
2025-07-10T16:47:00.000,18.4304
2025-07-10T16:48:00.000,18.5740
2025-07-10T16:49:00.000,18.6232
2025-07-10T16:50:00.000,18.5343
2025-07-10T16:51:00.000,18.3484
2025-07-10T16:52:00.000,18.1446
2025-07-10T16:53:00.000,17.9518
2025-07-10T16:54:00.000,17.8013
2025-07-10T16:55:00.000,17.6987
2025-07-10T16:56:00.000,17.6234
2025-07-10T16:57:00.000,17.5618
2025-07-10T16:58:00.000,17.4920
2025-07-10T16:59:00.000,17.4140
2025-07-10T17:00:00.000,17.3497
2025-07-10T17:01:00.000,17.3688
2025-07-10T17:02:00.000,17.3497
2025-07-10T17:03:00.000,17.3442
2025-07-10T17:04:00.000,17.3880
2025-07-10T17:05:00.000,17.4222
2025-07-10T17:06:00.000,17.4564
2025-07-10T17:07:00.000,17.5468
2025-07-10T17:08:00.000,17.6193
2025-07-10T17:09:00.000,17.6275
2025-07-10T17:10:00.000,17.6344
2025-07-10T17:11:00.000,17.6152
2025-07-10T17:12:00.000,17.5933
2025-07-10T17:13:00.000,17.5755
2025-07-10T17:14:00.000,17.5482
2025-07-10T17:15:00.000,17.4879
2025-07-10T17:16:00.000,17.4414
2025-07-10T17:17:00.000,17.4291
2025-07-10T17:18:00.000,17.4441
2025-07-10T17:19:00.000,17.5208
2025-07-10T17:20:00.000,17.6426
2025-07-10T17:21:00.000,17.7890
2025-07-10T17:22:00.000,17.8957
2025-07-10T17:23:00.000,17.9573
2025-07-10T17:24:00.000,17.9203
2025-07-10T17:25:00.000,17.8642
2025-07-10T17:26:00.000,17.7904
2025-07-10T17:27:00.000,17.7274
2025-07-10T17:28:00.000,17.6754
2025-07-10T17:29:00.000,17.6193
2025-07-10T17:30:00.000,17.5536
2025-07-10T17:31:00.000,17.4920
2025-07-10T17:32:00.000,17.4359
2025-07-10T17:33:00.000,17.3880
2025-07-10T17:34:00.000,17.3565
2025-07-10T17:35:00.000,17.3401
2025-07-10T17:36:00.000,17.3442
2025-07-10T17:37:00.000,17.3264
2025-07-10T17:38:00.000,17.3209
2025-07-10T17:39:00.000,17.3113
2025-07-10T17:40:00.000,17.2826
2025-07-10T17:41:00.000,17.2470
2025-07-10T17:42:00.000,17.2141
2025-07-10T17:43:00.000,17.1840
2025-07-10T17:44:00.000,17.1402
2025-07-10T17:45:00.000,17.0963
2025-07-10T17:46:00.000,17.0648
2025-07-10T17:47:00.000,17.0306
2025-07-10T17:48:00.000,16.9895
2025-07-10T17:49:00.000,16.9634
2025-07-10T17:50:00.000,16.9634
2025-07-10T17:51:00.000,16.9867
2025-07-10T17:52:00.000,17.0155
2025-07-10T17:53:00.000,17.0415
2025-07-10T17:54:00.000,17.0593
2025-07-10T17:55:00.000,17.0689
2025-07-10T17:56:00.000,17.0662
2025-07-10T17:57:00.000,17.0963
2025-07-10T17:58:00.000,17.1278
2025-07-10T17:59:00.000,17.1525
2025-07-10T18:00:00.000,17.1881
2025-07-10T18:01:00.000,17.2346
2025-07-10T18:02:00.000,17.2881
2025-07-10T18:03:00.000,17.3579
2025-07-10T18:04:00.000,17.4126
2025-07-10T18:05:00.000,17.4113
2025-07-10T18:06:00.000,17.3716
2025-07-10T18:07:00.000,17.3072
2025-07-10T18:08:00.000,17.2264
2025-07-10T18:09:00.000,17.1319
2025-07-10T18:10:00.000,17.0347
2025-07-10T18:11:00.000,16.9415
2025-07-10T18:12:00.000,16.9114
2025-07-10T18:13:00.000,16.9251
2025-07-10T18:14:00.000,16.9429
2025-07-10T18:15:00.000,16.9374
2025-07-10T18:16:00.000,16.9566
2025-07-10T18:17:00.000,16.9908
2025-07-10T18:18:00.000,17.0347
2025-07-10T18:19:00.000,17.0854
2025-07-10T18:20:00.000,17.1278
2025-07-10T18:21:00.000,17.1703
2025-07-10T18:22:00.000,17.2182
2025-07-10T18:23:00.000,17.2812
2025-07-10T18:24:00.000,17.3729
2025-07-10T18:25:00.000,17.4332
2025-07-10T18:26:00.000,17.5030
2025-07-10T18:27:00.000,17.5824
2025-07-10T18:28:00.000,17.6275
2025-07-10T18:29:00.000,17.5988
2025-07-10T18:30:00.000,17.5468
2025-07-10T18:31:00.000,17.5304
2025-07-10T18:32:00.000,17.5249
2025-07-10T18:33:00.000,17.5427
2025-07-10T18:34:00.000,17.5906
2025-07-10T18:35:00.000,17.6481
2025-07-10T18:36:00.000,17.7370
2025-07-10T18:37:00.000,17.8122
2025-07-10T18:38:00.000,17.8601
2025-07-10T18:39:00.000,17.8875
2025-07-10T18:40:00.000,17.8943
2025-07-10T18:41:00.000,17.8341
2025-07-10T18:42:00.000,17.7151
2025-07-10T18:43:00.000,17.6193
2025-07-10T18:44:00.000,17.5495
2025-07-10T18:45:00.000,17.4564
2025-07-10T18:46:00.000,17.3688
2025-07-10T18:47:00.000,17.3332
2025-07-10T18:48:00.000,17.3004
2025-07-10T18:49:00.000,17.2675
2025-07-10T18:50:00.000,17.2456
2025-07-10T18:51:00.000,17.2401
2025-07-10T18:52:00.000,17.2388
2025-07-10T18:53:00.000,17.1963
2025-07-10T18:54:00.000,17.0867
2025-07-10T18:55:00.000,17.0511
2025-07-10T18:56:00.000,17.0045
2025-07-10T18:57:00.000,16.9031
2025-07-10T18:58:00.000,16.8744
2025-07-10T18:59:00.000,16.8360
2025-07-10T19:00:00.000,16.7990
2025-07-10T19:01:00.000,16.7647
2025-07-10T19:02:00.000,16.7565
2025-07-10T19:03:00.000,16.7675
2025-07-10T19:04:00.000,16.7675
2025-07-10T19:05:00.000,16.7661
2025-07-10T19:06:00.000,16.7373
2025-07-10T19:07:00.000,16.6962
2025-07-10T19:08:00.000,16.6633
2025-07-10T19:09:00.000,16.6358
2025-07-10T19:10:00.000,16.6358
2025-07-10T19:11:00.000,16.5974
2025-07-10T19:12:00.000,16.4781
2025-07-10T19:13:00.000,16.2819
2025-07-10T19:14:00.000,15.9880
2025-07-10T19:15:00.000,15.6512
2025-07-10T19:16:00.000,15.3416
2025-07-10T19:17:00.000,15.0853
2025-07-10T19:18:00.000,14.9460
2025-07-10T19:19:00.000,14.8357
2025-07-10T19:20:00.000,14.7598
2025-07-10T19:21:00.000,14.7252
2025-07-10T19:22:00.000,14.7349
2025-07-10T19:23:00.000,14.8784
2025-07-10T19:24:00.000,15.0577
2025-07-10T19:25:00.000,15.2824
2025-07-10T19:26:00.000,15.4930
2025-07-10T19:27:00.000,15.6347
2025-07-10T19:28:00.000,15.6732
2025-07-10T19:29:00.000,15.6856
2025-07-10T19:30:00.000,15.7530
2025-07-10T19:31:00.000,15.7227
2025-07-10T19:32:00.000,15.8204
2025-07-10T19:33:00.000,15.8877
2025-07-10T19:34:00.000,15.9482
2025-07-10T19:35:00.000,15.7117
2025-07-10T19:36:00.000,15.5673
2025-07-10T19:37:00.000,15.5797
2025-07-10T19:38:00.000,15.5494
2025-07-10T19:39:00.000,15.5673
2025-07-10T19:40:00.000,15.4421
2025-07-10T19:41:00.000,15.3375
2025-07-10T19:42:00.000,15.1901
2025-07-10T19:43:00.000,15.1143
2025-07-10T19:44:00.000,15.0384
2025-07-10T19:45:00.000,14.9571
2025-07-10T19:46:00.000,14.8922
2025-07-10T19:47:00.000,14.8136
2025-07-10T19:48:00.000,14.7984
2025-07-10T19:49:00.000,14.8605
2025-07-10T19:50:00.000,14.8067
2025-07-10T19:51:00.000,14.7032
2025-07-10T19:52:00.000,14.6037
2025-07-10T19:53:00.000,14.5167
2025-07-10T19:54:00.000,14.4462
2025-07-10T19:55:00.000,14.3715
2025-07-10T19:56:00.000,14.3258
2025-07-10T19:57:00.000,14.2802
2025-07-10T19:58:00.000,14.2442
2025-07-10T19:59:00.000,14.2027
2025-07-10T20:00:00.000,14.1792
2025-07-10T20:01:00.000,14.1348
2025-07-10T20:02:00.000,14.1071
2025-07-10T20:03:00.000,14.0822
2025-07-10T20:04:00.000,14.1030
2025-07-10T20:05:00.000,14.1736
2025-07-10T20:06:00.000,14.2622
2025-07-10T20:07:00.000,14.4116
2025-07-10T20:08:00.000,14.5070
2025-07-10T20:09:00.000,14.5139
2025-07-10T20:10:00.000,14.4600
2025-07-10T20:11:00.000,14.5194
2025-07-10T20:12:00.000,14.5415
2025-07-10T20:13:00.000,14.5623
2025-07-10T20:14:00.000,14.6369
2025-07-10T20:15:00.000,14.5664
2025-07-10T20:16:00.000,14.5194
2025-07-10T20:17:00.000,14.4862
2025-07-10T20:18:00.000,14.3936
2025-07-10T20:19:00.000,14.3092
2025-07-10T20:20:00.000,14.2511
2025-07-10T20:21:00.000,14.1930
2025-07-10T20:22:00.000,14.1335
2025-07-10T20:23:00.000,14.0725
2025-07-10T20:24:00.000,14.0337
2025-07-10T20:25:00.000,13.9963
2025-07-10T20:26:00.000,13.9686
2025-07-10T20:27:00.000,13.9534
2025-07-10T20:28:00.000,13.9534
2025-07-10T20:29:00.000,13.9520
2025-07-10T20:30:00.000,13.9132
2025-07-10T20:31:00.000,13.8743
2025-07-10T20:32:00.000,13.8272
2025-07-10T20:33:00.000,13.7772
2025-07-10T20:34:00.000,13.7425
2025-07-10T20:35:00.000,13.7273
2025-07-10T20:36:00.000,13.7023
2025-07-10T20:37:00.000,13.6787
2025-07-10T20:38:00.000,13.6676
2025-07-10T20:39:00.000,13.6745
2025-07-10T20:40:00.000,13.6773
2025-07-10T20:41:00.000,13.6676
2025-07-10T20:42:00.000,13.6523
2025-07-10T20:43:00.000,13.6509
2025-07-10T20:44:00.000,13.6593
2025-07-10T20:45:00.000,13.6745
2025-07-10T20:46:00.000,13.6995
2025-07-10T20:47:00.000,13.7231
2025-07-10T20:48:00.000,13.7523
2025-07-10T20:49:00.000,13.8008
2025-07-10T20:50:00.000,13.8424
2025-07-10T20:51:00.000,13.8508
2025-07-10T20:52:00.000,13.8508
2025-07-10T20:53:00.000,13.8327
2025-07-10T20:54:00.000,13.8119
2025-07-10T20:55:00.000,13.8508
2025-07-10T20:56:00.000,13.9118
2025-07-10T20:57:00.000,13.9658
2025-07-10T20:58:00.000,13.9991
2025-07-10T20:59:00.000,14.0365
2025-07-10T21:00:00.000,14.0684
2025-07-10T21:01:00.000,14.1016
2025-07-10T21:02:00.000,14.1307
2025-07-10T21:03:00.000,14.1293
2025-07-10T21:04:00.000,14.1002
2025-07-10T21:05:00.000,14.0919
2025-07-10T21:06:00.000,14.0794
2025-07-10T21:07:00.000,14.1044
2025-07-10T21:08:00.000,14.1099
2025-07-10T21:09:00.000,14.1071
2025-07-10T21:10:00.000,14.1127
2025-07-10T21:11:00.000,14.1293
2025-07-10T21:12:00.000,14.1307
2025-07-10T21:13:00.000,14.1418
2025-07-10T21:14:00.000,14.1584
2025-07-10T21:15:00.000,14.1985
2025-07-10T21:16:00.000,14.2276
2025-07-10T21:17:00.000,14.2733
2025-07-10T21:18:00.000,14.3397
2025-07-10T21:19:00.000,14.4088
2025-07-10T21:20:00.000,14.4061
2025-07-10T21:21:00.000,14.3646
2025-07-10T21:22:00.000,14.3397
2025-07-10T21:23:00.000,14.3037
2025-07-10T21:24:00.000,14.2484
2025-07-10T21:25:00.000,14.1708
2025-07-10T21:26:00.000,14.1016
2025-07-10T21:27:00.000,14.0379
2025-07-10T21:28:00.000,13.9617
2025-07-10T21:29:00.000,13.8868
2025-07-10T21:30:00.000,13.8369
2025-07-10T21:31:00.000,13.8175
2025-07-10T21:32:00.000,13.8133
2025-07-10T21:33:00.000,13.7939
2025-07-10T21:34:00.000,13.7967
2025-07-10T21:35:00.000,13.7994
2025-07-10T21:36:00.000,13.8050
2025-07-10T21:37:00.000,13.8300
2025-07-10T21:38:00.000,13.8521
2025-07-10T21:39:00.000,13.8605
2025-07-10T21:40:00.000,13.8965
2025-07-10T21:41:00.000,13.9437
2025-07-10T21:42:00.000,13.9922
2025-07-10T21:43:00.000,14.0614
2025-07-10T21:44:00.000,14.1432
2025-07-10T21:45:00.000,14.2262
2025-07-10T21:46:00.000,14.3079
2025-07-10T21:47:00.000,14.3812
2025-07-10T21:48:00.000,14.4517
2025-07-10T21:49:00.000,14.5360
2025-07-10T21:50:00.000,14.6120
2025-07-10T21:51:00.000,14.7059
2025-07-10T21:52:00.000,14.9088
2025-07-10T21:53:00.000,15.0412
2025-07-10T21:54:00.000,15.1983
2025-07-10T21:55:00.000,15.3705
2025-07-10T21:56:00.000,15.5068
2025-07-10T21:57:00.000,15.6003
2025-07-10T21:58:00.000,15.6677
2025-07-10T21:59:00.000,15.7310
2025-07-10T22:00:00.000,15.7241
2025-07-10T22:01:00.000,15.8135
2025-07-10T22:02:00.000,15.8575
2025-07-10T22:03:00.000,15.8698
2025-07-10T22:04:00.000,15.9276
2025-07-10T22:05:00.000,16.0636
2025-07-10T22:06:00.000,16.1721
2025-07-10T22:07:00.000,16.2764
2025-07-10T22:08:00.000,16.3683
2025-07-10T22:09:00.000,16.4973
2025-07-10T22:10:00.000,16.6057
2025-07-10T22:11:00.000,16.6413
2025-07-10T22:12:00.000,16.6468
2025-07-10T22:13:00.000,16.5577
2025-07-10T22:14:00.000,16.4260
2025-07-10T22:15:00.000,16.3505
2025-07-10T22:16:00.000,16.3231
2025-07-10T22:17:00.000,16.3382
2025-07-10T22:18:00.000,16.3382
2025-07-10T22:19:00.000,16.2380
2025-07-10T22:20:00.000,16.2270
2025-07-10T22:21:00.000,16.1597
2025-07-10T22:22:00.000,16.1542
2025-07-10T22:23:00.000,16.1144
2025-07-10T22:24:00.000,16.0540
2025-07-10T22:25:00.000,16.0141
2025-07-10T22:26:00.000,16.0512
2025-07-10T22:27:00.000,16.0512
2025-07-10T22:28:00.000,16.0155
2025-07-10T22:29:00.000,15.9303
2025-07-10T22:30:00.000,15.9839
2025-07-10T22:31:00.000,16.0759
2025-07-10T22:32:00.000,16.2091
2025-07-10T22:33:00.000,16.3738
2025-07-10T22:34:00.000,16.5028
2025-07-10T22:35:00.000,16.6180
2025-07-10T22:36:00.000,16.7250
2025-07-10T22:37:00.000,16.8086
2025-07-10T22:38:00.000,16.8771
2025-07-10T22:39:00.000,16.9278
2025-07-10T22:40:00.000,16.9621
2025-07-10T22:41:00.000,16.9799
2025-07-10T22:42:00.000,16.9991
2025-07-10T22:43:00.000,17.0059
2025-07-10T22:44:00.000,17.0278
2025-07-10T22:45:00.000,17.0443
2025-07-10T22:46:00.000,17.0402
2025-07-10T22:47:00.000,17.0223
2025-07-10T22:48:00.000,16.9908
2025-07-10T22:49:00.000,16.9730
2025-07-10T22:50:00.000,16.9566
2025-07-10T22:51:00.000,16.9278
2025-07-10T22:52:00.000,16.9045
2025-07-10T22:53:00.000,16.8935
2025-07-10T22:54:00.000,16.8949
2025-07-10T22:55:00.000,16.8881
2025-07-10T22:56:00.000,16.8908
2025-07-10T22:57:00.000,16.8730
2025-07-10T22:58:00.000,16.8538
2025-07-10T22:59:00.000,16.8374
2025-07-10T23:00:00.000,16.8058
2025-07-10T23:01:00.000,16.7798
2025-07-10T23:02:00.000,16.7414
2025-07-10T23:03:00.000,16.7085
2025-07-10T23:04:00.000,16.6605
2025-07-10T23:05:00.000,16.5974
2025-07-10T23:06:00.000,16.5330
2025-07-10T23:07:00.000,16.4767
2025-07-10T23:08:00.000,16.4424
2025-07-10T23:09:00.000,16.4301
2025-07-10T23:10:00.000,16.4493
2025-07-10T23:11:00.000,16.4740
2025-07-10T23:12:00.000,16.4754
2025-07-10T23:13:00.000,16.4781
2025-07-10T23:14:00.000,16.4273
2025-07-10T23:15:00.000,16.3766
2025-07-10T23:16:00.000,16.3354
2025-07-10T23:17:00.000,16.2613
2025-07-10T23:18:00.000,16.2023
2025-07-10T23:19:00.000,16.1556
2025-07-10T23:20:00.000,16.0993
2025-07-10T23:21:00.000,16.0869
2025-07-10T23:22:00.000,16.0814
2025-07-10T23:23:00.000,16.0746
2025-07-10T23:24:00.000,16.0691
2025-07-10T23:25:00.000,16.0732
2025-07-10T23:26:00.000,16.0540
2025-07-10T23:27:00.000,16.0279
2025-07-10T23:28:00.000,16.0004
2025-07-10T23:29:00.000,15.9578
2025-07-10T23:30:00.000,15.9124
2025-07-10T23:31:00.000,15.8781
2025-07-10T23:32:00.000,15.8479
2025-07-10T23:33:00.000,15.8327
2025-07-10T23:34:00.000,15.8162
2025-07-10T23:35:00.000,15.8080
2025-07-10T23:36:00.000,15.7929
2025-07-10T23:37:00.000,15.7791
2025-07-10T23:38:00.000,15.7654
2025-07-10T23:39:00.000,15.7434
2025-07-10T23:40:00.000,15.7241
2025-07-10T23:41:00.000,15.7021
2025-07-10T23:42:00.000,15.6842
2025-07-10T23:43:00.000,15.6677
2025-07-10T23:44:00.000,15.6526
2025-07-10T23:45:00.000,15.6402
2025-07-10T23:46:00.000,15.6265
2025-07-10T23:47:00.000,15.6155
2025-07-10T23:48:00.000,15.6086
2025-07-10T23:49:00.000,15.5976
2025-07-10T23:50:00.000,15.5866
2025-07-10T23:51:00.000,15.5797
2025-07-10T23:52:00.000,15.5770
2025-07-10T23:53:00.000,15.5770
2025-07-10T23:54:00.000,15.5742
2025-07-10T23:55:00.000,15.5838
2025-07-10T23:56:00.000,15.5852
2025-07-10T23:57:00.000,15.5852
2025-07-10T23:58:00.000,15.5811
2025-07-10T23:59:00.000,15.5714
2025-07-11T00:00:00.000,15.5577
2025-07-11T00:01:00.000,15.5453
2025-07-11T00:02:00.000,15.5315
2025-07-11T00:03:00.000,15.5219
2025-07-11T00:04:00.000,15.5137
2025-07-11T00:05:00.000,15.5026
2025-07-11T00:06:00.000,15.4916
2025-07-11T00:07:00.000,15.4820
2025-07-11T00:08:00.000,15.4724
2025-07-11T00:09:00.000,15.4641
2025-07-11T00:10:00.000,15.4559
2025-07-11T00:11:00.000,15.4490
2025-07-11T00:12:00.000,15.4476
2025-07-11T00:13:00.000,15.4407
2025-07-11T00:14:00.000,15.4380
2025-07-11T00:15:00.000,15.4421
2025-07-11T00:16:00.000,15.4393
2025-07-11T00:17:00.000,15.4476
2025-07-11T00:18:00.000,15.4490
2025-07-11T00:19:00.000,15.4421
2025-07-11T00:20:00.000,15.4476
2025-07-11T00:21:00.000,15.4614
2025-07-11T00:22:00.000,15.4545
2025-07-11T00:23:00.000,15.4380
2025-07-11T00:24:00.000,15.4214
2025-07-11T00:25:00.000,15.4022
2025-07-11T00:26:00.000,15.3843
2025-07-11T00:27:00.000,15.3622
2025-07-11T00:28:00.000,15.3443
2025-07-11T00:29:00.000,15.3375
2025-07-11T00:30:00.000,15.3237
2025-07-11T00:31:00.000,15.3127
2025-07-11T00:32:00.000,15.3003
2025-07-11T00:33:00.000,15.2906
2025-07-11T00:34:00.000,15.2948
2025-07-11T00:35:00.000,15.2892
2025-07-11T00:36:00.000,15.2796
2025-07-11T00:37:00.000,15.2603
2025-07-11T00:38:00.000,15.2341
2025-07-11T00:39:00.000,15.2217
2025-07-11T00:40:00.000,15.2052
2025-07-11T00:41:00.000,15.2217
2025-07-11T00:42:00.000,15.2879
2025-07-11T00:43:00.000,15.3140
2025-07-11T00:44:00.000,15.2851
2025-07-11T00:45:00.000,15.2493
2025-07-11T00:46:00.000,15.2286
2025-07-11T00:47:00.000,15.2162
2025-07-11T00:48:00.000,15.1969
2025-07-11T00:49:00.000,15.1721
2025-07-11T00:50:00.000,15.1391
2025-07-11T00:51:00.000,15.1129
2025-07-11T00:52:00.000,15.0812
2025-07-11T00:53:00.000,15.0467
2025-07-11T00:54:00.000,15.0191
2025-07-11T00:55:00.000,14.9902
2025-07-11T00:56:00.000,14.9640
2025-07-11T00:57:00.000,14.9433
2025-07-11T00:58:00.000,14.9212
2025-07-11T00:59:00.000,14.9060
2025-07-11T01:00:00.000,14.8840
2025-07-11T01:01:00.000,14.8619
2025-07-11T01:02:00.000,14.8426
2025-07-11T01:03:00.000,14.8302
2025-07-11T01:04:00.000,14.8164
2025-07-11T01:05:00.000,14.8026
2025-07-11T01:06:00.000,14.7887
2025-07-11T01:07:00.000,14.7777
2025-07-11T01:08:00.000,14.7667
2025-07-11T01:09:00.000,14.7570
2025-07-11T01:10:00.000,14.7473
2025-07-11T01:11:00.000,14.7363
2025-07-11T01:12:00.000,14.7266
2025-07-11T01:13:00.000,14.7156
2025-07-11T01:14:00.000,14.7018
2025-07-11T01:15:00.000,14.6893
2025-07-11T01:16:00.000,14.6755
2025-07-11T01:17:00.000,14.6617
2025-07-11T01:18:00.000,14.6465
2025-07-11T01:19:00.000,14.6341
2025-07-11T01:20:00.000,14.6272
2025-07-11T01:21:00.000,14.6175
2025-07-11T01:22:00.000,14.6051
2025-07-11T01:23:00.000,14.5913
2025-07-11T01:24:00.000,14.5830
2025-07-11T01:25:00.000,14.5719
2025-07-11T01:26:00.000,14.5692
2025-07-11T01:27:00.000,14.5692
2025-07-11T01:28:00.000,14.5692
2025-07-11T01:29:00.000,14.5747
2025-07-11T01:30:00.000,14.5816
2025-07-11T01:31:00.000,14.5802
2025-07-11T01:32:00.000,14.5816
2025-07-11T01:33:00.000,14.5968
2025-07-11T01:34:00.000,14.6120
2025-07-11T01:35:00.000,14.6369
2025-07-11T01:36:00.000,14.6507
2025-07-11T01:37:00.000,14.6659
2025-07-11T01:38:00.000,14.6742
2025-07-11T01:39:00.000,14.6838
2025-07-11T01:40:00.000,14.6990
2025-07-11T01:41:00.000,14.7170
2025-07-11T01:42:00.000,14.7404
2025-07-11T01:43:00.000,14.7736
2025-07-11T01:44:00.000,14.8108
2025-07-11T01:45:00.000,14.8453
2025-07-11T01:46:00.000,14.8743
2025-07-11T01:47:00.000,14.9019
2025-07-11T01:48:00.000,14.9295
2025-07-11T01:49:00.000,14.9695
2025-07-11T01:50:00.000,14.9791
2025-07-11T01:51:00.000,14.9943
2025-07-11T01:52:00.000,15.0053
2025-07-11T01:53:00.000,15.0178
2025-07-11T01:54:00.000,15.0440
2025-07-11T01:55:00.000,15.0784
2025-07-11T01:56:00.000,15.1101
2025-07-11T01:57:00.000,15.1336
2025-07-11T01:58:00.000,15.1639
2025-07-11T01:59:00.000,15.1928
2025-07-11T02:00:00.000,15.2259
2025-07-11T02:01:00.000,15.2452
2025-07-11T02:02:00.000,15.2617
2025-07-11T02:03:00.000,15.2645
2025-07-11T02:04:00.000,15.2686
2025-07-11T02:05:00.000,15.2534
2025-07-11T02:06:00.000,15.2217
2025-07-11T02:07:00.000,15.1845
2025-07-11T02:08:00.000,15.1487
2025-07-11T02:09:00.000,15.1308
2025-07-11T02:10:00.000,15.1225
2025-07-11T02:11:00.000,15.1280
2025-07-11T02:12:00.000,15.1308
2025-07-11T02:13:00.000,15.1487
2025-07-11T02:14:00.000,15.1515
2025-07-11T02:15:00.000,15.1253
2025-07-11T02:16:00.000,15.0895
2025-07-11T02:17:00.000,15.0688
2025-07-11T02:18:00.000,15.0577
2025-07-11T02:19:00.000,15.0702
2025-07-11T02:20:00.000,15.0798
2025-07-11T02:21:00.000,15.0839
2025-07-11T02:22:00.000,15.1129
2025-07-11T02:23:00.000,15.1322
2025-07-11T02:24:00.000,15.1418
2025-07-11T02:25:00.000,15.1487
2025-07-11T02:26:00.000,15.1460
2025-07-11T02:27:00.000,15.1280
2025-07-11T02:28:00.000,15.1267
2025-07-11T02:29:00.000,15.1005
2025-07-11T02:30:00.000,15.0715
2025-07-11T02:31:00.000,15.0509
2025-07-11T02:32:00.000,15.0357
2025-07-11T02:33:00.000,15.0053
2025-07-11T02:34:00.000,14.9819
2025-07-11T02:35:00.000,14.9529
2025-07-11T02:36:00.000,14.9005
2025-07-11T02:37:00.000,14.8384
2025-07-11T02:38:00.000,14.7805
2025-07-11T02:39:00.000,14.7377
2025-07-11T02:40:00.000,14.6907
2025-07-11T02:41:00.000,14.6507
2025-07-11T02:42:00.000,14.6092
2025-07-11T02:43:00.000,14.5595
2025-07-11T02:44:00.000,14.4987
2025-07-11T02:45:00.000,14.4420
2025-07-11T02:46:00.000,14.3881
2025-07-11T02:47:00.000,14.3494
2025-07-11T02:48:00.000,14.3258
2025-07-11T02:49:00.000,14.2954
2025-07-11T02:50:00.000,14.2926
2025-07-11T02:51:00.000,14.3079
2025-07-11T02:52:00.000,14.3189
2025-07-11T02:53:00.000,14.3217
2025-07-11T02:54:00.000,14.3258
2025-07-11T02:55:00.000,14.3203
2025-07-11T02:56:00.000,14.3203
2025-07-11T02:57:00.000,14.3272
2025-07-11T02:58:00.000,14.3245
2025-07-11T02:59:00.000,14.3272
2025-07-11T03:00:00.000,14.3438
2025-07-11T03:01:00.000,14.3535
2025-07-11T03:02:00.000,14.3701
2025-07-11T03:03:00.000,14.3991
2025-07-11T03:04:00.000,14.4310
2025-07-11T03:05:00.000,14.4379
2025-07-11T03:06:00.000,14.4102
2025-07-11T03:07:00.000,14.3743
2025-07-11T03:08:00.000,14.3148
2025-07-11T03:09:00.000,14.2525
2025-07-11T03:10:00.000,14.1916
2025-07-11T03:11:00.000,14.1362
2025-07-11T03:12:00.000,14.0988
2025-07-11T03:13:00.000,14.0794
2025-07-11T03:14:00.000,14.0739
2025-07-11T03:15:00.000,14.0739
2025-07-11T03:16:00.000,14.0725
2025-07-11T03:17:00.000,14.0656
2025-07-11T03:18:00.000,14.0434
2025-07-11T03:19:00.000,14.0185
2025-07-11T03:20:00.000,13.9769
2025-07-11T03:21:00.000,13.9326
2025-07-11T03:22:00.000,13.8840
2025-07-11T03:23:00.000,13.8424
2025-07-11T03:24:00.000,13.8133
2025-07-11T03:25:00.000,13.7856
2025-07-11T03:26:00.000,13.7814
2025-07-11T03:27:00.000,13.7620
2025-07-11T03:28:00.000,13.7523
2025-07-11T03:29:00.000,13.7425
2025-07-11T03:30:00.000,13.7398
2025-07-11T03:31:00.000,13.7134
2025-07-11T03:32:00.000,13.6843
2025-07-11T03:33:00.000,13.6634
2025-07-11T03:34:00.000,13.6454
2025-07-11T03:35:00.000,13.6426
2025-07-11T03:36:00.000,13.6495
2025-07-11T03:37:00.000,13.6537
2025-07-11T03:38:00.000,13.6634
2025-07-11T03:39:00.000,13.6856
2025-07-11T03:40:00.000,13.7106
2025-07-11T03:41:00.000,13.7550
2025-07-11T03:42:00.000,13.8078
2025-07-11T03:43:00.000,13.8660
2025-07-11T03:44:00.000,13.9381
2025-07-11T03:45:00.000,14.0240
2025-07-11T03:46:00.000,14.1058
2025-07-11T03:47:00.000,14.1805
2025-07-11T03:48:00.000,14.2567
2025-07-11T03:49:00.000,14.3549
2025-07-11T03:50:00.000,14.4475
2025-07-11T03:51:00.000,14.5249
2025-07-11T03:52:00.000,14.5968
2025-07-11T03:53:00.000,14.6438
2025-07-11T03:54:00.000,14.6548
2025-07-11T03:55:00.000,14.6479
2025-07-11T03:56:00.000,14.6300
2025-07-11T03:57:00.000,14.6244
2025-07-11T03:58:00.000,14.6161
2025-07-11T03:59:00.000,14.6092
2025-07-11T04:00:00.000,14.6189
2025-07-11T04:01:00.000,14.6369
2025-07-11T04:02:00.000,14.6617
2025-07-11T04:03:00.000,14.6728
2025-07-11T04:04:00.000,14.6672
2025-07-11T04:05:00.000,14.6659
2025-07-11T04:06:00.000,14.6562
2025-07-11T04:07:00.000,14.6230
2025-07-11T04:08:00.000,14.5802
2025-07-11T04:09:00.000,14.5526
2025-07-11T04:10:00.000,14.5277
2025-07-11T04:11:00.000,14.5028
2025-07-11T04:12:00.000,14.4614
2025-07-11T04:13:00.000,14.4268
2025-07-11T04:14:00.000,14.4130
2025-07-11T04:15:00.000,14.3756
2025-07-11T04:16:00.000,14.3618
2025-07-11T04:17:00.000,14.3424
2025-07-11T04:18:00.000,14.3203
2025-07-11T04:19:00.000,14.2954
2025-07-11T04:20:00.000,14.2677
2025-07-11T04:21:00.000,14.2622
2025-07-11T04:22:00.000,14.2830
2025-07-11T04:23:00.000,14.3203
2025-07-11T04:24:00.000,14.3535
2025-07-11T04:25:00.000,14.3355
2025-07-11T04:26:00.000,14.3231
2025-07-11T04:27:00.000,14.3217
2025-07-11T04:28:00.000,14.3148
2025-07-11T04:29:00.000,14.3092
2025-07-11T04:30:00.000,14.3189
2025-07-11T04:31:00.000,14.3507
2025-07-11T04:32:00.000,14.3964
2025-07-11T04:33:00.000,14.4503
2025-07-11T04:34:00.000,14.5015
2025-07-11T04:35:00.000,14.5443
2025-07-11T04:36:00.000,14.5802
2025-07-11T04:37:00.000,14.6079
2025-07-11T04:38:00.000,14.6313
2025-07-11T04:39:00.000,14.6465
2025-07-11T04:40:00.000,14.6603
2025-07-11T04:41:00.000,14.6672
2025-07-11T04:42:00.000,14.6686
2025-07-11T04:43:00.000,14.6728
2025-07-11T04:44:00.000,14.6811
2025-07-11T04:45:00.000,14.6907
2025-07-11T04:46:00.000,14.7018
2025-07-11T04:47:00.000,14.7142
2025-07-11T04:48:00.000,14.7211
2025-07-11T04:49:00.000,14.7225
2025-07-11T04:50:00.000,14.7170
2025-07-11T04:51:00.000,14.7142
2025-07-11T04:52:00.000,14.7059
2025-07-11T04:53:00.000,14.7142
2025-07-11T04:54:00.000,14.7294
2025-07-11T04:55:00.000,14.7501
2025-07-11T04:56:00.000,14.7846
2025-07-11T04:57:00.000,14.8371
2025-07-11T04:58:00.000,14.8716
2025-07-11T04:59:00.000,14.8964
2025-07-11T05:00:00.000,14.9074
2025-07-11T05:01:00.000,14.9157
2025-07-11T05:02:00.000,14.9281
2025-07-11T05:03:00.000,14.9391
2025-07-11T05:04:00.000,14.9529
2025-07-11T05:05:00.000,14.9626
2025-07-11T05:06:00.000,14.9667
2025-07-11T05:07:00.000,14.9681
2025-07-11T05:08:00.000,14.9805
2025-07-11T05:09:00.000,14.9805
2025-07-11T05:10:00.000,14.9695
2025-07-11T05:11:00.000,14.9419
2025-07-11T05:12:00.000,14.8867
2025-07-11T05:13:00.000,14.8302
2025-07-11T05:14:00.000,14.8012
2025-07-11T05:15:00.000,14.7956
2025-07-11T05:16:00.000,14.8067
2025-07-11T05:17:00.000,14.8412
2025-07-11T05:18:00.000,14.8771
2025-07-11T05:19:00.000,14.9060
2025-07-11T05:20:00.000,14.9350
2025-07-11T05:21:00.000,14.9612
2025-07-11T05:22:00.000,14.9764
2025-07-11T05:23:00.000,14.9943
2025-07-11T05:24:00.000,15.0233
2025-07-11T05:25:00.000,15.0536
2025-07-11T05:26:00.000,15.0881
2025-07-11T05:27:00.000,15.1253
2025-07-11T05:28:00.000,15.1597
2025-07-11T05:29:00.000,15.1887
2025-07-11T05:30:00.000,15.2162
2025-07-11T05:31:00.000,15.2410
2025-07-11T05:32:00.000,15.2589
2025-07-11T05:33:00.000,15.2727
2025-07-11T05:34:00.000,15.2879
2025-07-11T05:35:00.000,15.3016
2025-07-11T05:36:00.000,15.3182
2025-07-11T05:37:00.000,15.3306
2025-07-11T05:38:00.000,15.3430
2025-07-11T05:39:00.000,15.3485
2025-07-11T05:40:00.000,15.3471
2025-07-11T05:41:00.000,15.3581
2025-07-11T05:42:00.000,15.3801
2025-07-11T05:43:00.000,15.4035
2025-07-11T05:44:00.000,15.4283
2025-07-11T05:45:00.000,15.4476
2025-07-11T05:46:00.000,15.4641
2025-07-11T05:47:00.000,15.4724
2025-07-11T05:48:00.000,15.4751
2025-07-11T05:49:00.000,15.4751
2025-07-11T05:50:00.000,15.4751
2025-07-11T05:51:00.000,15.4751
2025-07-11T05:52:00.000,15.4861
2025-07-11T05:53:00.000,15.4999
2025-07-11T05:54:00.000,15.5040
2025-07-11T05:55:00.000,15.5068
2025-07-11T05:56:00.000,15.5137
2025-07-11T05:57:00.000,15.5150
2025-07-11T05:58:00.000,15.5123
2025-07-11T05:59:00.000,15.5095
2025-07-11T06:00:00.000,15.5095
2025-07-11T06:01:00.000,15.5082
2025-07-11T06:02:00.000,15.5178
2025-07-11T06:03:00.000,15.5274
2025-07-11T06:04:00.000,15.5412
2025-07-11T06:05:00.000,15.5563
2025-07-11T06:06:00.000,15.5659
2025-07-11T06:07:00.000,15.5728
2025-07-11T06:08:00.000,15.5783
2025-07-11T06:09:00.000,15.5893
2025-07-11T06:10:00.000,15.6086
2025-07-11T06:11:00.000,15.6210
2025-07-11T06:12:00.000,15.6334
2025-07-11T06:13:00.000,15.6471
2025-07-11T06:14:00.000,15.6567
2025-07-11T06:15:00.000,15.6650
2025-07-11T06:16:00.000,15.6705
2025-07-11T06:17:00.000,15.6774
2025-07-11T06:18:00.000,15.6842
2025-07-11T06:19:00.000,15.6884
2025-07-11T06:20:00.000,15.6897
2025-07-11T06:21:00.000,15.6911
2025-07-11T06:22:00.000,15.6925
2025-07-11T06:23:00.000,15.6925
2025-07-11T06:24:00.000,15.6925
2025-07-11T06:25:00.000,15.6966
2025-07-11T06:26:00.000,15.7035
2025-07-11T06:27:00.000,15.7145
2025-07-11T06:28:00.000,15.7186
2025-07-11T06:29:00.000,15.7241
2025-07-11T06:30:00.000,15.7269
2025-07-11T06:31:00.000,15.7282
2025-07-11T06:32:00.000,15.7282
2025-07-11T06:33:00.000,15.7282
2025-07-11T06:34:00.000,15.7269
2025-07-11T06:35:00.000,15.7241
2025-07-11T06:36:00.000,15.7200
2025-07-11T06:37:00.000,15.7159
2025-07-11T06:38:00.000,15.7145
2025-07-11T06:39:00.000,15.7117
2025-07-11T06:40:00.000,15.7090
2025-07-11T06:41:00.000,15.7076
2025-07-11T06:42:00.000,15.7062
2025-07-11T06:43:00.000,15.7062
2025-07-11T06:44:00.000,15.7104
2025-07-11T06:45:00.000,15.7104
2025-07-11T06:46:00.000,15.7117
2025-07-11T06:47:00.000,15.7104
2025-07-11T06:48:00.000,15.7076
2025-07-11T06:49:00.000,15.7049
2025-07-11T06:50:00.000,15.7035
2025-07-11T06:51:00.000,15.7021
2025-07-11T06:52:00.000,15.6994
2025-07-11T06:53:00.000,15.7007
2025-07-11T06:54:00.000,15.7049
2025-07-11T06:55:00.000,15.7062
2025-07-11T06:56:00.000,15.7062
2025-07-11T06:57:00.000,15.7090
2025-07-11T06:58:00.000,15.7145
2025-07-11T06:59:00.000,15.7186
2025-07-11T07:00:00.000,15.7255
2025-07-11T07:01:00.000,15.7351
2025-07-11T07:02:00.000,15.7392
2025-07-11T07:03:00.000,15.7406
2025-07-11T07:04:00.000,15.7489
2025-07-11T07:05:00.000,15.7640
2025-07-11T07:06:00.000,15.7791
2025-07-11T07:07:00.000,15.7874
2025-07-11T07:08:00.000,15.7970
2025-07-11T07:09:00.000,15.8039
2025-07-11T07:10:00.000,15.8107
2025-07-11T07:11:00.000,15.8176
2025-07-11T07:12:00.000,15.8657
2025-07-11T07:13:00.000,16.0512
2025-07-11T07:14:00.000,16.5371
2025-07-11T07:15:00.000,17.4250
2025-07-11T07:16:00.000,18.4222
2025-07-11T07:17:00.000,19.4871
2025-07-11T07:18:00.000,20.4937
2025-07-11T07:19:00.000,21.3810
2025-07-11T07:20:00.000,22.0821
2025-07-11T07:21:00.000,22.7474
2025-07-11T07:22:00.000,23.3910
2025-07-11T07:23:00.000,23.9685
2025-07-11T07:24:00.000,24.4533
2025-07-11T07:25:00.000,24.8616
2025-07-11T07:26:00.000,25.2763
2025-07-11T07:27:00.000,25.7313
2025-07-11T07:28:00.000,26.2577
2025-07-11T07:29:00.000,26.6144
2025-07-11T07:30:00.000,26.9834
2025-07-11T07:31:00.000,27.3123
2025-07-11T07:32:00.000,27.4566
2025-07-11T07:33:00.000,27.5855
2025-07-11T07:34:00.000,27.6351
2025-07-11T07:35:00.000,27.6422
2025-07-11T07:36:00.000,27.5926
2025-07-11T07:37:00.000,27.4949
2025-07-11T07:38:00.000,27.4722
2025-07-11T07:39:00.000,27.4581
2025-07-11T07:40:00.000,27.5019
2025-07-11T07:41:00.000,27.5600
2025-07-11T07:42:00.000,27.3406
2025-07-11T07:43:00.000,27.1047
2025-07-11T07:44:00.000,27.0412
2025-07-11T07:45:00.000,27.1781
2025-07-11T07:46:00.000,27.1739
2025-07-11T07:47:00.000,27.0341
2025-07-11T07:48:00.000,26.8227
2025-07-11T07:49:00.000,26.7776
2025-07-11T07:50:00.000,26.9368
2025-07-11T07:51:00.000,27.2247
2025-07-11T07:52:00.000,27.5742
2025-07-11T07:53:00.000,27.7571
2025-07-11T07:54:00.000,27.8834
2025-07-11T07:55:00.000,27.9389
2025-07-11T07:56:00.000,27.9957
2025-07-11T07:57:00.000,28.0128
2025-07-11T07:58:00.000,28.1038
2025-07-11T07:59:00.000,28.2534
2025-07-11T08:00:00.000,28.3403
2025-07-11T08:01:00.000,28.3475
2025-07-11T08:02:00.000,28.4117
2025-07-11T08:03:00.000,28.4459
2025-07-11T08:04:00.000,28.4060
2025-07-11T08:05:00.000,28.2519
2025-07-11T08:06:00.000,27.9886
2025-07-11T08:07:00.000,27.6323
2025-07-11T08:08:00.000,27.3166
2025-07-11T08:09:00.000,27.0779
2025-07-11T08:10:00.000,26.9086
2025-07-11T08:11:00.000,26.7410
2025-07-11T08:12:00.000,26.6285
2025-07-11T08:13:00.000,26.6271
2025-07-11T08:14:00.000,26.6763
2025-07-11T08:15:00.000,26.8030
2025-07-11T08:16:00.000,27.0355
2025-07-11T08:17:00.000,27.3703
2025-07-11T08:18:00.000,27.6011
2025-07-11T08:19:00.000,27.7940
2025-07-11T08:20:00.000,27.9843
2025-07-11T08:21:00.000,28.2619
2025-07-11T08:22:00.000,28.4845
2025-07-11T08:23:00.000,28.6674
2025-07-11T08:24:00.000,28.8779
2025-07-11T08:25:00.000,29.0672
2025-07-11T08:26:00.000,29.1865
2025-07-11T08:27:00.000,29.1937
2025-07-11T08:28:00.000,28.9639
2025-07-11T08:29:00.000,28.6831
2025-07-11T08:30:00.000,28.4331
2025-07-11T08:31:00.000,28.2505
2025-07-11T08:32:00.000,28.1779
2025-07-11T08:33:00.000,28.3204
2025-07-11T08:34:00.000,28.5602
2025-07-11T08:35:00.000,28.6717
2025-07-11T08:36:00.000,28.7089
2025-07-11T08:37:00.000,28.6259
2025-07-11T08:38:00.000,28.5416
2025-07-11T08:39:00.000,28.4174
2025-07-11T08:40:00.000,28.3004
2025-07-11T08:41:00.000,28.2092
2025-07-11T08:42:00.000,28.1394
2025-07-11T08:43:00.000,28.0853
2025-07-11T08:44:00.000,28.0284
2025-07-11T08:45:00.000,27.9644
2025-07-11T08:46:00.000,27.8834
2025-07-11T08:47:00.000,27.8224
2025-07-11T08:48:00.000,27.8465
2025-07-11T08:49:00.000,27.8451
2025-07-11T08:50:00.000,27.8948
2025-07-11T08:51:00.000,27.9161
2025-07-11T08:52:00.000,27.8834
2025-07-11T08:53:00.000,27.8295
2025-07-11T08:54:00.000,27.7628
2025-07-11T08:55:00.000,27.7514
2025-07-11T08:56:00.000,27.6762
2025-07-11T08:57:00.000,27.4241
2025-07-11T08:58:00.000,26.7481
2025-07-11T08:59:00.000,25.7984
2025-07-11T09:00:00.000,24.7768
2025-07-11T09:01:00.000,23.8081
2025-07-11T09:02:00.000,22.9305
2025-07-11T09:03:00.000,22.1631
2025-07-11T09:04:00.000,21.5058
2025-07-11T09:05:00.000,20.9673
2025-07-11T09:06:00.000,20.5251
2025-07-11T09:07:00.000,20.1790
2025-07-11T09:08:00.000,19.8932
2025-07-11T09:09:00.000,19.6266
2025-07-11T09:10:00.000,19.3805
2025-07-11T09:11:00.000,19.1645
2025-07-11T09:12:00.000,18.9813
2025-07-11T09:13:00.000,18.8433
2025-07-11T09:14:00.000,18.8611
2025-07-11T09:15:00.000,19.0114
2025-07-11T09:16:00.000,19.1167
2025-07-11T09:17:00.000,19.2178
2025-07-11T09:18:00.000,19.4065
2025-07-11T09:19:00.000,19.5227
2025-07-11T09:20:00.000,19.4666
2025-07-11T09:21:00.000,19.3778
2025-07-11T09:22:00.000,19.3504
2025-07-11T09:23:00.000,19.4639
2025-07-11T09:24:00.000,19.7756
2025-07-11T09:25:00.000,20.2118
2025-07-11T09:26:00.000,20.6688
2025-07-11T09:27:00.000,21.1029
2025-07-11T09:28:00.000,21.5716
2025-07-11T09:29:00.000,22.1191
2025-07-11T09:30:00.000,22.6759
2025-07-11T09:31:00.000,23.2089
2025-07-11T09:32:00.000,23.7210
2025-07-11T09:33:00.000,24.1235
2025-07-11T09:34:00.000,24.4090
2025-07-11T09:35:00.000,24.5727
2025-07-11T09:36:00.000,24.6046
2025-07-11T09:37:00.000,24.7796
2025-07-11T09:38:00.000,25.1370
2025-07-11T09:39:00.000,25.4046
2025-07-11T09:40:00.000,25.7047
2025-07-11T09:41:00.000,26.0769
2025-07-11T09:42:00.000,26.3321
2025-07-11T09:43:00.000,26.4767
2025-07-11T09:44:00.000,26.5947
2025-07-11T09:45:00.000,26.6749
2025-07-11T09:46:00.000,26.7551
2025-07-11T09:47:00.000,26.8438
2025-07-11T09:48:00.000,26.9382
2025-07-11T09:49:00.000,27.0750
2025-07-11T09:50:00.000,27.2275
2025-07-11T09:51:00.000,27.3915
2025-07-11T09:52:00.000,27.6096
2025-07-11T09:53:00.000,27.8053
2025-07-11T09:54:00.000,27.9232
2025-07-11T09:55:00.000,27.9516
2025-07-11T09:56:00.000,28.0213
2025-07-11T09:57:00.000,28.1351
2025-07-11T09:58:00.000,28.2363
2025-07-11T09:59:00.000,28.4074
2025-07-11T10:00:00.000,28.6474
2025-07-11T10:01:00.000,28.9826
2025-07-11T10:02:00.000,29.2023
2025-07-11T10:03:00.000,29.2886
2025-07-11T10:04:00.000,29.3793
2025-07-11T10:05:00.000,29.4484
2025-07-11T10:06:00.000,29.5826
2025-07-11T10:07:00.000,29.8210
2025-07-11T10:08:00.000,30.0657
2025-07-11T10:09:00.000,30.2603
2025-07-11T10:10:00.000,30.3475
2025-07-11T10:11:00.000,30.4086
2025-07-11T10:12:00.000,30.4523
2025-07-11T10:13:00.000,30.5106
2025-07-11T10:14:00.000,30.6155
2025-07-11T10:15:00.000,30.6958
2025-07-11T10:16:00.000,30.7528
2025-07-11T10:17:00.000,30.8463
2025-07-11T10:18:00.000,30.9136
2025-07-11T10:19:00.000,31.0205
2025-07-11T10:20:00.000,31.0191
2025-07-11T10:21:00.000,30.9341
2025-07-11T10:22:00.000,30.7922
2025-07-11T10:23:00.000,30.6272
2025-07-11T10:24:00.000,30.4771
2025-07-11T10:25:00.000,30.2923
2025-07-11T10:26:00.000,30.0962
2025-07-11T10:27:00.000,29.8948
2025-07-11T10:28:00.000,29.6952
2025-07-11T10:29:00.000,29.5551
2025-07-11T10:30:00.000,29.4139
2025-07-11T10:31:00.000,29.2670
2025-07-11T10:32:00.000,29.2253
2025-07-11T10:33:00.000,29.2656
2025-07-11T10:34:00.000,29.3087
2025-07-11T10:35:00.000,29.2757
2025-07-11T10:36:00.000,29.2598
2025-07-11T10:37:00.000,29.2354
2025-07-11T10:38:00.000,29.1261
2025-07-11T10:39:00.000,28.9567
2025-07-11T10:40:00.000,28.7848
2025-07-11T10:41:00.000,28.5630
2025-07-11T10:42:00.000,28.3275
2025-07-11T10:43:00.000,28.1508
2025-07-11T10:44:00.000,27.9801
2025-07-11T10:45:00.000,27.9048
2025-07-11T10:46:00.000,27.9232
2025-07-11T10:47:00.000,27.9531
2025-07-11T10:48:00.000,27.9104
2025-07-11T10:49:00.000,27.7997
2025-07-11T10:50:00.000,27.7401
2025-07-11T10:51:00.000,27.7287
2025-07-11T10:52:00.000,27.7528
2025-07-11T10:53:00.000,27.7940
2025-07-11T10:54:00.000,27.8621
2025-07-11T10:55:00.000,27.9161
2025-07-11T10:56:00.000,27.9289
2025-07-11T10:57:00.000,27.8976
2025-07-11T10:58:00.000,27.7486
2025-07-11T10:59:00.000,27.5628
2025-07-11T11:00:00.000,27.3760
2025-07-11T11:01:00.000,27.2629
2025-07-11T11:02:00.000,27.2346
2025-07-11T11:03:00.000,27.1654
2025-07-11T11:04:00.000,26.9834
2025-07-11T11:05:00.000,26.8889
2025-07-11T11:06:00.000,26.7664
2025-07-11T11:07:00.000,26.5666
2025-07-11T11:08:00.000,26.4163
2025-07-11T11:09:00.000,26.3236
2025-07-11T11:10:00.000,26.2886
2025-07-11T11:11:00.000,26.2381
2025-07-11T11:12:00.000,26.1988
2025-07-11T11:13:00.000,26.1708
2025-07-11T11:14:00.000,26.1413
2025-07-11T11:15:00.000,26.1413
2025-07-11T11:16:00.000,26.1904
2025-07-11T11:17:00.000,26.2507
2025-07-11T11:18:00.000,26.3321
2025-07-11T11:19:00.000,26.4317
2025-07-11T11:20:00.000,26.4753
2025-07-11T11:21:00.000,26.4739
2025-07-11T11:22:00.000,26.4458
2025-07-11T11:23:00.000,26.4093
2025-07-11T11:24:00.000,26.3868
2025-07-11T11:25:00.000,26.3166
2025-07-11T11:26:00.000,26.2409
2025-07-11T11:27:00.000,26.1834
2025-07-11T11:28:00.000,26.1343
2025-07-11T11:29:00.000,26.1497
2025-07-11T11:30:00.000,26.1553
2025-07-11T11:31:00.000,26.1329
2025-07-11T11:32:00.000,26.0783
2025-07-11T11:33:00.000,25.9817
2025-07-11T11:34:00.000,25.9229
2025-07-11T11:35:00.000,25.8809
2025-07-11T11:36:00.000,25.8333
2025-07-11T11:37:00.000,25.7942
2025-07-11T11:38:00.000,25.7522
2025-07-11T11:39:00.000,25.7117
2025-07-11T11:40:00.000,25.7187
2025-07-11T11:41:00.000,25.7550
2025-07-11T11:42:00.000,25.7970
2025-07-11T11:43:00.000,25.8683
2025-07-11T11:44:00.000,25.9537
2025-07-11T11:45:00.000,26.0489
2025-07-11T11:46:00.000,26.1736
2025-07-11T11:47:00.000,26.3391
2025-07-11T11:48:00.000,26.4992
2025-07-11T11:49:00.000,26.5104
2025-07-11T11:50:00.000,26.5919
2025-07-11T11:51:00.000,26.7115
2025-07-11T11:52:00.000,26.8311
2025-07-11T11:53:00.000,26.8988
2025-07-11T11:54:00.000,26.9030
2025-07-11T11:55:00.000,26.8495
2025-07-11T11:56:00.000,26.7889
2025-07-11T11:57:00.000,26.7016
2025-07-11T11:58:00.000,26.4907
2025-07-11T11:59:00.000,26.0377
2025-07-11T12:00:00.000,25.4241
2025-07-11T12:01:00.000,24.7851
2025-07-11T12:02:00.000,24.2925
2025-07-11T12:03:00.000,24.0972
2025-07-11T12:04:00.000,24.1249
2025-07-11T12:05:00.000,24.3147
2025-07-11T12:06:00.000,24.5629
2025-07-11T12:07:00.000,24.7629
2025-07-11T12:08:00.000,24.1263
2025-07-11T12:09:00.000,23.4103
2025-07-11T12:10:00.000,22.9567
2025-07-11T12:11:00.000,22.8617
2025-07-11T12:12:00.000,22.9429
2025-07-11T12:13:00.000,22.9801
2025-07-11T12:14:00.000,22.8465
2025-07-11T12:15:00.000,22.7075
2025-07-11T12:16:00.000,22.6759
2025-07-11T12:17:00.000,22.7791
2025-07-11T12:18:00.000,22.8479
2025-07-11T12:19:00.000,22.8589
2025-07-11T12:20:00.000,22.7997
2025-07-11T12:21:00.000,22.8328
2025-07-11T12:22:00.000,22.9539
2025-07-11T12:23:00.000,23.1469
2025-07-11T12:24:00.000,23.3482
2025-07-11T12:25:00.000,23.4448
2025-07-11T12:26:00.000,23.4199
2025-07-11T12:27:00.000,23.2282
2025-07-11T12:28:00.000,22.9154
2025-07-11T12:29:00.000,22.7350
2025-07-11T12:30:00.000,22.7020
2025-07-11T12:31:00.000,22.8066
2025-07-11T12:32:00.000,23.0035
2025-07-11T12:33:00.000,22.9154
2025-07-11T12:34:00.000,22.7034
2025-07-11T12:35:00.000,22.5067
2025-07-11T12:36:00.000,22.3857
2025-07-11T12:37:00.000,22.3390
2025-07-11T12:38:00.000,22.3211
2025-07-11T12:39:00.000,22.2249
2025-07-11T12:40:00.000,21.9187
2025-07-11T12:41:00.000,21.6319
2025-07-11T12:42:00.000,21.4592
2025-07-11T12:43:00.000,21.4112
2025-07-11T12:44:00.000,21.4263
2025-07-11T12:45:00.000,21.5085
2025-07-11T12:46:00.000,21.6498
2025-07-11T12:47:00.000,21.8405
2025-07-11T12:48:00.000,21.6991
2025-07-11T12:49:00.000,21.4564
2025-07-11T12:50:00.000,21.3632
2025-07-11T12:51:00.000,21.4249
2025-07-11T12:52:00.000,21.5510
2025-07-11T12:53:00.000,21.7348
2025-07-11T12:54:00.000,21.9695
2025-07-11T12:55:00.000,22.1864
2025-07-11T12:56:00.000,22.4132
2025-07-11T12:57:00.000,22.5961
2025-07-11T12:58:00.000,22.7268
2025-07-11T12:59:00.000,22.8782
2025-07-11T13:00:00.000,23.0669
2025-07-11T13:01:00.000,23.1951
2025-07-11T13:02:00.000,23.2585
2025-07-11T13:03:00.000,23.3109
2025-07-11T13:04:00.000,23.3358
2025-07-11T13:05:00.000,23.3882
2025-07-11T13:06:00.000,23.4475
2025-07-11T13:07:00.000,23.5718
2025-07-11T13:08:00.000,23.6809
2025-07-11T13:09:00.000,23.7901
2025-07-11T13:10:00.000,23.8661
2025-07-11T13:11:00.000,23.9477
2025-07-11T13:12:00.000,24.0183
2025-07-11T13:13:00.000,24.1194
2025-07-11T13:14:00.000,24.3147
2025-07-11T13:15:00.000,24.4880
2025-07-11T13:16:00.000,24.7184
2025-07-11T13:17:00.000,24.9839
2025-07-11T13:18:00.000,25.1454
2025-07-11T13:19:00.000,25.2652
2025-07-11T13:20:00.000,25.3140
2025-07-11T13:21:00.000,25.3711
2025-07-11T13:22:00.000,25.4436
2025-07-11T13:23:00.000,25.4855
2025-07-11T13:24:00.000,25.5371
2025-07-11T13:25:00.000,25.6279
2025-07-11T13:26:00.000,25.7494
2025-07-11T13:27:00.000,25.8655
2025-07-11T13:28:00.000,26.0391
2025-07-11T13:29:00.000,26.2479
2025-07-11T13:30:00.000,26.4303
2025-07-11T13:31:00.000,26.5680
2025-07-11T13:32:00.000,26.7762
2025-07-11T13:33:00.000,26.9354
2025-07-11T13:34:00.000,27.1965
2025-07-11T13:35:00.000,27.2926
2025-07-11T13:36:00.000,27.3435
2025-07-11T13:37:00.000,27.3251
2025-07-11T13:38:00.000,27.3265
2025-07-11T13:39:00.000,27.4849
2025-07-11T13:40:00.000,27.4736
2025-07-11T13:41:00.000,27.3420
2025-07-11T13:42:00.000,27.3562
2025-07-11T13:43:00.000,27.3732
2025-07-11T13:44:00.000,27.4425
2025-07-11T13:45:00.000,27.7443
2025-07-11T13:46:00.000,27.9175
2025-07-11T13:47:00.000,27.9545
2025-07-11T13:48:00.000,27.9573
2025-07-11T13:49:00.000,27.8423
2025-07-11T13:50:00.000,27.6337
2025-07-11T13:51:00.000,27.3392
2025-07-11T13:52:00.000,27.1668
2025-07-11T13:53:00.000,27.0144
2025-07-11T13:54:00.000,26.9044
2025-07-11T13:55:00.000,27.1936
2025-07-11T13:56:00.000,27.3774
2025-07-11T13:57:00.000,27.6394
2025-07-11T13:58:00.000,27.7571
2025-07-11T13:59:00.000,27.7344
2025-07-11T14:00:00.000,27.7457
2025-07-11T14:01:00.000,27.7174
2025-07-11T14:02:00.000,27.7003
2025-07-11T14:03:00.000,27.7259
2025-07-11T14:04:00.000,27.8579
2025-07-11T14:05:00.000,27.8664
2025-07-11T14:06:00.000,27.8891
2025-07-11T14:07:00.000,27.7826
2025-07-11T14:08:00.000,27.7514
2025-07-11T14:09:00.000,27.7344
2025-07-11T14:10:00.000,27.7131
2025-07-11T14:11:00.000,27.7613
2025-07-11T14:12:00.000,27.6039
2025-07-11T14:13:00.000,27.4821
2025-07-11T14:14:00.000,27.3675
2025-07-11T14:15:00.000,27.2035
2025-07-11T14:16:00.000,27.1244
2025-07-11T14:17:00.000,27.0553
2025-07-11T14:18:00.000,26.9989
2025-07-11T14:19:00.000,26.8481
2025-07-11T14:20:00.000,26.7664
2025-07-11T14:21:00.000,26.6665
2025-07-11T14:22:00.000,26.6805
2025-07-11T14:23:00.000,26.6046
2025-07-11T14:24:00.000,26.4949
2025-07-11T14:25:00.000,26.4697
2025-07-11T14:26:00.000,26.5863
2025-07-11T14:27:00.000,26.6636
2025-07-11T14:28:00.000,26.8692
2025-07-11T14:29:00.000,27.0793
2025-07-11T14:30:00.000,27.3336
2025-07-11T14:31:00.000,27.7699
2025-07-11T14:32:00.000,28.3617
2025-07-11T14:33:00.000,29.0873
2025-07-11T14:34:00.000,29.3217
2025-07-11T14:35:00.000,29.6100
2025-07-11T14:36:00.000,29.8817
2025-07-11T14:37:00.000,29.8673
2025-07-11T14:38:00.000,29.9585
2025-07-11T14:39:00.000,30.0396
2025-07-11T14:40:00.000,30.1093
2025-07-11T14:41:00.000,30.2588
2025-07-11T14:42:00.000,30.1615
2025-07-11T14:43:00.000,30.0020
2025-07-11T14:44:00.000,29.8991
2025-07-11T14:45:00.000,29.8195
2025-07-11T14:46:00.000,29.6793
2025-07-11T14:47:00.000,29.4715
2025-07-11T14:48:00.000,29.1793
2025-07-11T14:49:00.000,28.9811
2025-07-11T14:50:00.000,28.8105
2025-07-11T14:51:00.000,28.5859
2025-07-11T14:52:00.000,28.3460
2025-07-11T14:53:00.000,28.1408
2025-07-11T14:54:00.000,28.0583
2025-07-11T14:55:00.000,27.9531
2025-07-11T14:56:00.000,27.8976
2025-07-11T14:57:00.000,27.9858
2025-07-11T14:58:00.000,28.1266
2025-07-11T14:59:00.000,28.0981
2025-07-11T15:00:00.000,28.0370
2025-07-11T15:01:00.000,27.9048
2025-07-11T15:02:00.000,27.6847
2025-07-11T15:03:00.000,27.5543
2025-07-11T15:04:00.000,27.3760
2025-07-11T15:05:00.000,27.1979
2025-07-11T15:06:00.000,27.1287
2025-07-11T15:07:00.000,27.1838
2025-07-11T15:08:00.000,27.4071
2025-07-11T15:09:00.000,27.5260
2025-07-11T15:10:00.000,27.5770
2025-07-11T15:11:00.000,27.5968
2025-07-11T15:12:00.000,27.6663
2025-07-11T15:13:00.000,27.8195
2025-07-11T15:14:00.000,28.1038
2025-07-11T15:15:00.000,28.5545
2025-07-11T15:16:00.000,29.0529
2025-07-11T15:17:00.000,29.6201
2025-07-11T15:18:00.000,30.2123
2025-07-11T15:19:00.000,30.4989
2025-07-11T15:20:00.000,30.6024
2025-07-11T15:21:00.000,30.7878
2025-07-11T15:22:00.000,30.9986
2025-07-11T15:23:00.000,31.0733
2025-07-11T15:24:00.000,31.4053
2025-07-11T15:25:00.000,31.8865
2025-07-11T15:26:00.000,32.0895
2025-07-11T15:27:00.000,32.2113
2025-07-11T15:28:00.000,32.1890
2025-07-11T15:29:00.000,32.1845
2025-07-11T15:30:00.000,32.1132
2025-07-11T15:31:00.000,32.2157
2025-07-11T15:32:00.000,32.5687
2025-07-11T15:33:00.000,32.7929
2025-07-11T15:34:00.000,32.7450
2025-07-11T15:35:00.000,32.8393
2025-07-11T15:36:00.000,33.4271
2025-07-11T15:37:00.000,33.7220
2025-07-11T15:38:00.000,33.8054
2025-07-11T15:39:00.000,33.6584
2025-07-11T15:40:00.000,33.5102
2025-07-11T15:41:00.000,33.4573
2025-07-11T15:42:00.000,33.3849
2025-07-11T15:43:00.000,33.6705
2025-07-11T15:44:00.000,34.0713
2025-07-11T15:45:00.000,34.4575
2025-07-11T15:46:00.000,34.4805
2025-07-11T15:47:00.000,34.2268
2025-07-11T15:48:00.000,34.0150
2025-07-11T15:49:00.000,33.6735
2025-07-11T15:50:00.000,33.1575
2025-07-11T15:51:00.000,32.7749
2025-07-11T15:52:00.000,32.5881
2025-07-11T15:53:00.000,32.4747
2025-07-11T15:54:00.000,32.2202
2025-07-11T15:55:00.000,32.0539
2025-07-11T15:56:00.000,31.8228
2025-07-11T15:57:00.000,31.8021
2025-07-11T15:58:00.000,32.0109
2025-07-11T15:59:00.000,32.1014
2025-07-11T16:00:00.000,32.2648
2025-07-11T16:01:00.000,32.1029
2025-07-11T16:02:00.000,30.7542
2025-07-11T16:03:00.000,29.2670
2025-07-11T16:04:00.000,27.6762
2025-07-11T16:05:00.000,26.2465
2025-07-11T16:06:00.000,25.0911
2025-07-11T16:07:00.000,24.2080
2025-07-11T16:08:00.000,23.5318
2025-07-11T16:09:00.000,23.0504
2025-07-11T16:10:00.000,22.6786
2025-07-11T16:11:00.000,22.4104
2025-07-11T16:12:00.000,22.1919
2025-07-11T16:13:00.000,22.0107
2025-07-11T16:14:00.000,21.9077
2025-07-11T16:15:00.000,21.8432
2025-07-11T16:16:00.000,21.7170
2025-07-11T16:17:00.000,21.4153
2025-07-11T16:18:00.000,21.1974
2025-07-11T16:19:00.000,21.0974
2025-07-11T16:20:00.000,20.9002
2025-07-11T16:21:00.000,20.6250
2025-07-11T16:22:00.000,20.2269
2025-07-11T16:23:00.000,19.8029
2025-07-11T16:24:00.000,19.3545
2025-07-11T16:25:00.000,18.9253
2025-07-11T16:26:00.000,18.5152
2025-07-11T16:27:00.000,18.1364
2025-07-11T16:28:00.000,17.8314
2025-07-11T16:29:00.000,17.6590
2025-07-11T16:30:00.000,17.7438
2025-07-11T16:31:00.000,18.0393
2025-07-11T16:32:00.000,18.4140
2025-07-11T16:33:00.000,18.7626
2025-07-11T16:34:00.000,18.9923
2025-07-11T16:35:00.000,18.9595
2025-07-11T16:36:00.000,18.7640
2025-07-11T16:37:00.000,18.4783
2025-07-11T16:38:00.000,18.1747
2025-07-11T16:39:00.000,17.9408
2025-07-11T16:40:00.000,17.6234
2025-07-11T16:41:00.000,17.3237
2025-07-11T16:42:00.000,17.0689
2025-07-11T16:43:00.000,16.8401
2025-07-11T16:44:00.000,16.6537
2025-07-11T16:45:00.000,16.4767
2025-07-11T16:46:00.000,16.2997
2025-07-11T16:47:00.000,16.1405
2025-07-11T16:48:00.000,15.9963
2025-07-11T16:49:00.000,15.8671
2025-07-11T16:50:00.000,15.7117
2025-07-11T16:51:00.000,15.5481
2025-07-11T16:52:00.000,15.3801
2025-07-11T16:53:00.000,15.2493
2025-07-11T16:54:00.000,15.1087
2025-07-11T16:55:00.000,14.9750
2025-07-11T16:56:00.000,14.8591
2025-07-11T16:57:00.000,14.7611
2025-07-11T16:58:00.000,14.6893
2025-07-11T16:59:00.000,14.6161
2025-07-11T17:00:00.000,14.5429
2025-07-11T17:01:00.000,14.4614
2025-07-11T17:02:00.000,14.3922
2025-07-11T17:03:00.000,14.3300
2025-07-11T17:04:00.000,14.2636
2025-07-11T17:05:00.000,14.2082
2025-07-11T17:06:00.000,14.1459
2025-07-11T17:07:00.000,14.0767
2025-07-11T17:08:00.000,14.0005
2025-07-11T17:09:00.000,13.9270
2025-07-11T17:10:00.000,13.8480
2025-07-11T17:11:00.000,13.7897
2025-07-11T17:12:00.000,13.7509
2025-07-11T17:13:00.000,13.7301
2025-07-11T17:14:00.000,13.7176
2025-07-11T17:15:00.000,13.7120
2025-07-11T17:16:00.000,13.6884
2025-07-11T17:17:00.000,13.6509
2025-07-11T17:18:00.000,13.6232
2025-07-11T17:19:00.000,13.6009
2025-07-11T17:20:00.000,13.6176
2025-07-11T17:21:00.000,13.7648
2025-07-11T17:22:00.000,13.9367
2025-07-11T17:23:00.000,14.0420
2025-07-11T17:24:00.000,14.1445
2025-07-11T17:25:00.000,14.2373
2025-07-11T17:26:00.000,14.3189
2025-07-11T17:27:00.000,14.3812
2025-07-11T17:28:00.000,14.4227
2025-07-11T17:29:00.000,14.4462
2025-07-11T17:30:00.000,14.4655
2025-07-11T17:31:00.000,14.4793
2025-07-11T17:32:00.000,14.4849
2025-07-11T17:33:00.000,14.4987
2025-07-11T17:34:00.000,14.5056
2025-07-11T17:35:00.000,14.5070
2025-07-11T17:36:00.000,14.5056
2025-07-11T17:37:00.000,14.5001
2025-07-11T17:38:00.000,14.5015
2025-07-11T17:39:00.000,14.5180
2025-07-11T17:40:00.000,14.5263
2025-07-11T17:41:00.000,14.5429
2025-07-11T17:42:00.000,14.5761
2025-07-11T17:43:00.000,14.6051
2025-07-11T17:44:00.000,14.6410
2025-07-11T17:45:00.000,14.6811
2025-07-11T17:46:00.000,14.7101
2025-07-11T17:47:00.000,14.7128
2025-07-11T17:48:00.000,14.7266
2025-07-11T17:49:00.000,14.7280
2025-07-11T17:50:00.000,14.7183
2025-07-11T17:51:00.000,14.6852
2025-07-11T17:52:00.000,14.6341
2025-07-11T17:53:00.000,14.5788
2025-07-11T17:54:00.000,14.5305
2025-07-11T17:55:00.000,14.4876
2025-07-11T17:56:00.000,14.4475
2025-07-11T17:57:00.000,14.4157
2025-07-11T17:58:00.000,14.3991
2025-07-11T17:59:00.000,14.4005
2025-07-11T18:00:00.000,14.4047
2025-07-11T18:01:00.000,14.4545
2025-07-11T18:02:00.000,14.5291
2025-07-11T18:03:00.000,14.5968
2025-07-11T18:04:00.000,14.6645
2025-07-11T18:05:00.000,14.7432
2025-07-11T18:06:00.000,14.8495
2025-07-11T18:07:00.000,15.0109
2025-07-11T18:08:00.000,15.1473
2025-07-11T18:09:00.000,15.2162
2025-07-11T18:10:00.000,15.2314
2025-07-11T18:11:00.000,15.2038
2025-07-11T18:12:00.000,15.1611
2025-07-11T18:13:00.000,15.1060
2025-07-11T18:14:00.000,15.0633
2025-07-11T18:15:00.000,15.0205
2025-07-11T18:16:00.000,14.9736
2025-07-11T18:17:00.000,14.9336
2025-07-11T18:18:00.000,14.9047
2025-07-11T18:19:00.000,14.8826
2025-07-11T18:20:00.000,14.8660
2025-07-11T18:21:00.000,14.8619
2025-07-11T18:22:00.000,14.8633
2025-07-11T18:23:00.000,14.8550
2025-07-11T18:24:00.000,14.8495
2025-07-11T18:25:00.000,14.8509
2025-07-11T18:26:00.000,14.8564
2025-07-11T18:27:00.000,14.8660
2025-07-11T18:28:00.000,14.8881
2025-07-11T18:29:00.000,14.9143
2025-07-11T18:30:00.000,14.9447
2025-07-11T18:31:00.000,14.9488
2025-07-11T18:32:00.000,14.9309
2025-07-11T18:33:00.000,14.9502
2025-07-11T18:34:00.000,14.9516
2025-07-11T18:35:00.000,14.9474
2025-07-11T18:36:00.000,14.9460
2025-07-11T18:37:00.000,14.9516
2025-07-11T18:38:00.000,14.9612
2025-07-11T18:39:00.000,14.9860
2025-07-11T18:40:00.000,15.0081
2025-07-11T18:41:00.000,15.0233
2025-07-11T18:42:00.000,15.0164
2025-07-11T18:43:00.000,15.0067
2025-07-11T18:44:00.000,14.9860
2025-07-11T18:45:00.000,14.9502
2025-07-11T18:46:00.000,14.8812
2025-07-11T18:47:00.000,14.8108
2025-07-11T18:48:00.000,14.6824
2025-07-11T18:49:00.000,14.6161
2025-07-11T18:50:00.000,14.5319
2025-07-11T18:51:00.000,14.4669
2025-07-11T18:52:00.000,14.3826
2025-07-11T18:53:00.000,14.3065
2025-07-11T18:54:00.000,14.2290
2025-07-11T18:55:00.000,14.1362
2025-07-11T18:56:00.000,13.9575
2025-07-11T18:57:00.000,13.7495
2025-07-11T18:58:00.000,13.5648
2025-07-11T18:59:00.000,13.4175
2025-07-11T19:00:00.000,13.3021
2025-07-11T19:01:00.000,13.2060
2025-07-11T19:02:00.000,13.1295
2025-07-11T19:03:00.000,13.1044
2025-07-11T19:04:00.000,13.1629
2025-07-11T19:05:00.000,13.2548
2025-07-11T19:06:00.000,13.4147
2025-07-11T19:07:00.000,13.5982
2025-07-11T19:08:00.000,13.8161
2025-07-11T19:09:00.000,14.0157
2025-07-11T19:10:00.000,14.1916
2025-07-11T19:11:00.000,14.3134
2025-07-11T19:12:00.000,14.3950
2025-07-11T19:13:00.000,14.4310
2025-07-11T19:14:00.000,14.4406
2025-07-11T19:15:00.000,14.4683
2025-07-11T19:16:00.000,14.4945
2025-07-11T19:17:00.000,14.5111
2025-07-11T19:18:00.000,14.5277
2025-07-11T19:19:00.000,14.5139
2025-07-11T19:20:00.000,14.4959
2025-07-11T19:21:00.000,14.4890
2025-07-11T19:22:00.000,14.4531
2025-07-11T19:23:00.000,14.3286
2025-07-11T19:24:00.000,14.1293
2025-07-11T19:25:00.000,13.9035
2025-07-11T19:26:00.000,13.6801
2025-07-11T19:27:00.000,13.4842
2025-07-11T19:28:00.000,13.3438
2025-07-11T19:29:00.000,13.2325
2025-07-11T19:30:00.000,13.1225
2025-07-11T19:31:00.000,13.0361
2025-07-11T19:32:00.000,12.9678
2025-07-11T19:33:00.000,12.9148
2025-07-11T19:34:00.000,12.8758
2025-07-11T19:35:00.000,12.8562
2025-07-11T19:36:00.000,12.8548
2025-07-11T19:37:00.000,12.8534
2025-07-11T19:38:00.000,12.8465
2025-07-11T19:39:00.000,12.8381
2025-07-11T19:40:00.000,12.8325
2025-07-11T19:41:00.000,12.8297
2025-07-11T19:42:00.000,12.8255
2025-07-11T19:43:00.000,12.8199
2025-07-11T19:44:00.000,12.8199
2025-07-11T19:45:00.000,12.8241
2025-07-11T19:46:00.000,12.8297
2025-07-11T19:47:00.000,12.8437
2025-07-11T19:48:00.000,12.8674
2025-07-11T19:49:00.000,12.9190
2025-07-11T19:50:00.000,12.9706
2025-07-11T19:51:00.000,13.0124
2025-07-11T19:52:00.000,13.0389
2025-07-11T19:53:00.000,13.0500
2025-07-11T19:54:00.000,13.0445
2025-07-11T19:55:00.000,13.0222
2025-07-11T19:56:00.000,12.9957
2025-07-11T19:57:00.000,12.9720
2025-07-11T19:58:00.000,12.9511
2025-07-11T19:59:00.000,12.9329
2025-07-11T20:00:00.000,12.9176
2025-07-11T20:01:00.000,12.9078
2025-07-11T20:02:00.000,12.8981
2025-07-11T20:03:00.000,12.8897
2025-07-11T20:04:00.000,12.8911
2025-07-11T20:05:00.000,12.8925
2025-07-11T20:06:00.000,12.8981
2025-07-11T20:07:00.000,12.9037
2025-07-11T20:08:00.000,12.9037
2025-07-11T20:09:00.000,12.9051
2025-07-11T20:10:00.000,12.9051
2025-07-11T20:11:00.000,12.9064
2025-07-11T20:12:00.000,12.9064
2025-07-11T20:13:00.000,12.9023
2025-07-11T20:14:00.000,12.9009
2025-07-11T20:15:00.000,12.9009
2025-07-11T20:16:00.000,12.9023
2025-07-11T20:17:00.000,12.9064
2025-07-11T20:18:00.000,12.9134
2025-07-11T20:19:00.000,12.9218
2025-07-11T20:20:00.000,12.9343
2025-07-11T20:21:00.000,12.9553
2025-07-11T20:22:00.000,12.9706
2025-07-11T20:23:00.000,12.9915
2025-07-11T20:24:00.000,13.0208
2025-07-11T20:25:00.000,13.0487
2025-07-11T20:26:00.000,13.0696
2025-07-11T20:27:00.000,13.0905
2025-07-11T20:28:00.000,13.1072
2025-07-11T20:29:00.000,13.1267
2025-07-11T20:30:00.000,13.1448
2025-07-11T20:31:00.000,13.1601
2025-07-11T20:32:00.000,13.1754
2025-07-11T20:33:00.000,13.1866
2025-07-11T20:34:00.000,13.1963
2025-07-11T20:35:00.000,13.2047
2025-07-11T20:36:00.000,13.2088
2025-07-11T20:37:00.000,13.2130
2025-07-11T20:38:00.000,13.2228
2025-07-11T20:39:00.000,13.2311
2025-07-11T20:40:00.000,13.2464
2025-07-11T20:41:00.000,13.2701
2025-07-11T20:42:00.000,13.2951
2025-07-11T20:43:00.000,13.3132
2025-07-11T20:44:00.000,13.3160
2025-07-11T20:45:00.000,13.3104
2025-07-11T20:46:00.000,13.2923
2025-07-11T20:47:00.000,13.2729
2025-07-11T20:48:00.000,13.2617
2025-07-11T20:49:00.000,13.2436
2025-07-11T20:50:00.000,13.2200
2025-07-11T20:51:00.000,13.1921
2025-07-11T20:52:00.000,13.1601
2025-07-11T20:53:00.000,13.1350
2025-07-11T20:54:00.000,13.1225
2025-07-11T20:55:00.000,13.1197
2025-07-11T20:56:00.000,13.1225
2025-07-11T20:57:00.000,13.1350
2025-07-11T20:58:00.000,13.1476
2025-07-11T20:59:00.000,13.1685
2025-07-11T21:00:00.000,13.1935
2025-07-11T21:01:00.000,13.2200
2025-07-11T21:02:00.000,13.2520
2025-07-11T21:03:00.000,13.2798
2025-07-11T21:04:00.000,13.3021
2025-07-11T21:05:00.000,13.3063
2025-07-11T21:06:00.000,13.3090
2025-07-11T21:07:00.000,13.3007
2025-07-11T21:08:00.000,13.2812
2025-07-11T21:09:00.000,13.2576
2025-07-11T21:10:00.000,13.2436
2025-07-11T21:11:00.000,13.2200
2025-07-11T21:12:00.000,13.1907
2025-07-11T21:13:00.000,13.1476
2025-07-11T21:14:00.000,13.1058
2025-07-11T21:15:00.000,13.0891
2025-07-11T21:16:00.000,13.0696
2025-07-11T21:17:00.000,13.0570
2025-07-11T21:18:00.000,13.0500
2025-07-11T21:19:00.000,13.0361
2025-07-11T21:20:00.000,13.0222
2025-07-11T21:21:00.000,13.0041
2025-07-11T21:22:00.000,12.9831
2025-07-11T21:23:00.000,12.9622
2025-07-11T21:24:00.000,12.9427
2025-07-11T21:25:00.000,12.9246
2025-07-11T21:26:00.000,12.9092
2025-07-11T21:27:00.000,12.8925
2025-07-11T21:28:00.000,12.8772
2025-07-11T21:29:00.000,12.8660
2025-07-11T21:30:00.000,12.8520
2025-07-11T21:31:00.000,12.8367
2025-07-11T21:32:00.000,12.8269
2025-07-11T21:33:00.000,12.8227
2025-07-11T21:34:00.000,12.8199
2025-07-11T21:35:00.000,12.8227
2025-07-11T21:36:00.000,12.8367
2025-07-11T21:37:00.000,12.8492
2025-07-11T21:38:00.000,12.8632
2025-07-11T21:39:00.000,12.8758
2025-07-11T21:40:00.000,12.8869
2025-07-11T21:41:00.000,12.8981
2025-07-11T21:42:00.000,12.9037
2025-07-11T21:43:00.000,12.9162
2025-07-11T21:44:00.000,12.9413
2025-07-11T21:45:00.000,12.9720
2025-07-11T21:46:00.000,13.0138
2025-07-11T21:47:00.000,13.0668
2025-07-11T21:48:00.000,13.1462
2025-07-11T21:49:00.000,13.2603
2025-07-11T21:50:00.000,13.4412
2025-07-11T21:51:00.000,13.6384
2025-07-11T21:52:00.000,13.8313
2025-07-11T21:53:00.000,14.0116
2025-07-11T21:54:00.000,14.1612
2025-07-11T21:55:00.000,14.2954
2025-07-11T21:56:00.000,14.4503
2025-07-11T21:57:00.000,14.6092
2025-07-11T21:58:00.000,14.7487
2025-07-11T21:59:00.000,14.8729
2025-07-11T22:00:00.000,14.9640
2025-07-11T22:01:00.000,15.0067
2025-07-11T22:02:00.000,14.9460
2025-07-11T22:03:00.000,14.8798
2025-07-11T22:04:00.000,14.6203
2025-07-11T22:05:00.000,14.3798
2025-07-11T22:06:00.000,14.2553
2025-07-11T22:07:00.000,14.1778
2025-07-11T22:08:00.000,14.2013
2025-07-11T22:09:00.000,14.3051
2025-07-11T22:10:00.000,14.4199
2025-07-11T22:11:00.000,14.5222
2025-07-11T22:12:00.000,14.6023
2025-07-11T22:13:00.000,14.6700
2025-07-11T22:14:00.000,14.7156
2025-07-11T22:15:00.000,14.7391
2025-07-11T22:16:00.000,14.7487
2025-07-11T22:17:00.000,14.7529
2025-07-11T22:18:00.000,14.7501
2025-07-11T22:19:00.000,14.7432
2025-07-11T22:20:00.000,14.7363
2025-07-11T22:21:00.000,14.7308
2025-07-11T22:22:00.000,14.7239
2025-07-11T22:23:00.000,14.7156
2025-07-11T22:24:00.000,14.7087
2025-07-11T22:25:00.000,14.7073
2025-07-11T22:26:00.000,14.7045
2025-07-11T22:27:00.000,14.7073
2025-07-11T22:28:00.000,14.7211
2025-07-11T22:29:00.000,14.7349
2025-07-11T22:30:00.000,14.7487
2025-07-11T22:31:00.000,14.7736
2025-07-11T22:32:00.000,14.8108
2025-07-11T22:33:00.000,14.8591
2025-07-11T22:34:00.000,14.8950
2025-07-11T22:35:00.000,14.9405
2025-07-11T22:36:00.000,15.1280
2025-07-11T22:37:00.000,15.3471
2025-07-11T22:38:00.000,15.5109
2025-07-11T22:39:00.000,15.6127
2025-07-11T22:40:00.000,15.6526
2025-07-11T22:41:00.000,15.6402
2025-07-11T22:42:00.000,15.6664
2025-07-11T22:43:00.000,15.7049
2025-07-11T22:44:00.000,15.7049
2025-07-11T22:45:00.000,15.6884
2025-07-11T22:46:00.000,15.6595
2025-07-11T22:47:00.000,15.6237
2025-07-11T22:48:00.000,15.4627
2025-07-11T22:49:00.000,15.2906
2025-07-11T22:50:00.000,15.0509
2025-07-11T22:51:00.000,14.7777
2025-07-11T22:52:00.000,14.5015
2025-07-11T22:53:00.000,14.2082
2025-07-11T22:54:00.000,13.9686
2025-07-11T22:55:00.000,13.7648
2025-07-11T22:56:00.000,13.5996
2025-07-11T22:57:00.000,13.4690
2025-07-11T22:58:00.000,13.3841
2025-07-11T22:59:00.000,13.3355
2025-07-11T23:00:00.000,13.2909
2025-07-11T23:01:00.000,13.2408
2025-07-11T23:02:00.000,13.2214
2025-07-11T23:03:00.000,13.2214
2025-07-11T23:04:00.000,13.2200
2025-07-11T23:05:00.000,13.2381
2025-07-11T23:06:00.000,13.2589
2025-07-11T23:07:00.000,13.2854
2025-07-11T23:08:00.000,13.3160
2025-07-11T23:09:00.000,13.3466
2025-07-11T23:10:00.000,13.3772
2025-07-11T23:11:00.000,13.4064
2025-07-11T23:12:00.000,13.4356
2025-07-11T23:13:00.000,13.4676
2025-07-11T23:14:00.000,13.4954
2025-07-11T23:15:00.000,13.5134
2025-07-11T23:16:00.000,13.5204
2025-07-11T23:17:00.000,13.5176
2025-07-11T23:18:00.000,13.5106
2025-07-11T23:19:00.000,13.5106
2025-07-11T23:20:00.000,13.4981
2025-07-11T23:21:00.000,13.4801
2025-07-11T23:22:00.000,13.4676
2025-07-11T23:23:00.000,13.4648
2025-07-11T23:24:00.000,13.4787
2025-07-11T23:25:00.000,13.5176
2025-07-11T23:26:00.000,13.5732
2025-07-11T23:27:00.000,13.6134
2025-07-11T23:28:00.000,13.6384
2025-07-11T23:29:00.000,13.6273
2025-07-11T23:30:00.000,13.6121
2025-07-11T23:31:00.000,13.5829
2025-07-11T23:32:00.000,13.5829
2025-07-11T23:33:00.000,13.6301
2025-07-11T23:34:00.000,13.7176
2025-07-11T23:35:00.000,13.8258
2025-07-11T23:36:00.000,13.9215
2025-07-11T23:37:00.000,14.0157
2025-07-11T23:38:00.000,14.1113
2025-07-11T23:39:00.000,14.2248
2025-07-11T23:40:00.000,14.3314
2025-07-11T23:41:00.000,14.3964
2025-07-11T23:42:00.000,14.4282
2025-07-11T23:43:00.000,14.4296
2025-07-11T23:44:00.000,14.3978
2025-07-11T23:45:00.000,14.3494
2025-07-11T23:46:00.000,14.3065
2025-07-11T23:47:00.000,14.2677
2025-07-11T23:48:00.000,14.2318
2025-07-11T23:49:00.000,14.2082
2025-07-11T23:50:00.000,14.1930
2025-07-11T23:51:00.000,14.2082
2025-07-11T23:52:00.000,14.2470
2025-07-11T23:53:00.000,14.2913
2025-07-11T23:54:00.000,14.3383
2025-07-11T23:55:00.000,14.3867
2025-07-11T23:56:00.000,14.4310
2025-07-11T23:57:00.000,14.4724
2025-07-11T23:58:00.000,14.5084
2025-07-11T23:59:00.000,14.5332
2025-07-12T00:00:00.000,14.5443
2025-07-12T00:01:00.000,14.5360
2025-07-12T00:02:00.000,14.5208
2025-07-12T00:03:00.000,14.5194
2025-07-12T00:04:00.000,14.5429
2025-07-12T00:05:00.000,14.5899
2025-07-12T00:06:00.000,14.6576
2025-07-12T00:07:00.000,14.7349
2025-07-12T00:08:00.000,14.8150
2025-07-12T00:09:00.000,14.8922
2025-07-12T00:10:00.000,14.9585
2025-07-12T00:11:00.000,15.0233
2025-07-12T00:12:00.000,15.0550
2025-07-12T00:13:00.000,15.0550
2025-07-12T00:14:00.000,15.0867
2025-07-12T00:15:00.000,15.1253
2025-07-12T00:16:00.000,15.1625
2025-07-12T00:17:00.000,15.1804
2025-07-12T00:18:00.000,15.1859
2025-07-12T00:19:00.000,15.1735
2025-07-12T00:20:00.000,15.1432
2025-07-12T00:21:00.000,15.0674
2025-07-12T00:22:00.000,14.9502
2025-07-12T00:23:00.000,14.8371
2025-07-12T00:24:00.000,14.7321
2025-07-12T00:25:00.000,14.6369
2025-07-12T00:26:00.000,14.5706
2025-07-12T00:27:00.000,14.5360
2025-07-12T00:28:00.000,14.5236
2025-07-12T00:29:00.000,14.5249
2025-07-12T00:30:00.000,14.5139
2025-07-12T00:31:00.000,14.4987
2025-07-12T00:32:00.000,14.5001
2025-07-12T00:33:00.000,14.4904
2025-07-12T00:34:00.000,14.5070
2025-07-12T00:35:00.000,14.5332
2025-07-12T00:36:00.000,14.5512
2025-07-12T00:37:00.000,14.5706
2025-07-12T00:38:00.000,14.5857
2025-07-12T00:39:00.000,14.5885
2025-07-12T00:40:00.000,14.5747
2025-07-12T00:41:00.000,14.5249
2025-07-12T00:42:00.000,14.4323
2025-07-12T00:43:00.000,14.3355
2025-07-12T00:44:00.000,14.2650
2025-07-12T00:45:00.000,14.2318
2025-07-12T00:46:00.000,14.2262
2025-07-12T00:47:00.000,14.2470
2025-07-12T00:48:00.000,14.2843
2025-07-12T00:49:00.000,14.3272
2025-07-12T00:50:00.000,14.3397
2025-07-12T00:51:00.000,14.3687
2025-07-12T00:52:00.000,14.3964
2025-07-12T00:53:00.000,14.4351
2025-07-12T00:54:00.000,14.5084
2025-07-12T00:55:00.000,14.5899
2025-07-12T00:56:00.000,14.6410
2025-07-12T00:57:00.000,14.6479
2025-07-12T00:58:00.000,14.6590
2025-07-12T00:59:00.000,14.7045
2025-07-12T01:00:00.000,14.7598
2025-07-12T01:01:00.000,14.8274
2025-07-12T01:02:00.000,14.8895
2025-07-12T01:03:00.000,14.9074
2025-07-12T01:04:00.000,14.8895
2025-07-12T01:05:00.000,14.8536
2025-07-12T01:06:00.000,14.8150
2025-07-12T01:07:00.000,14.7694
2025-07-12T01:08:00.000,14.7045
2025-07-12T01:09:00.000,14.5940
2025-07-12T01:10:00.000,14.4807
2025-07-12T01:11:00.000,14.3729
2025-07-12T01:12:00.000,14.2899
2025-07-12T01:13:00.000,14.2331
2025-07-12T01:14:00.000,14.2068
2025-07-12T01:15:00.000,14.2248
2025-07-12T01:16:00.000,14.2719
2025-07-12T01:17:00.000,14.3079
2025-07-12T01:18:00.000,14.3134
2025-07-12T01:19:00.000,14.3065
2025-07-12T01:20:00.000,14.3051
2025-07-12T01:21:00.000,14.2774
2025-07-12T01:22:00.000,14.2525
2025-07-12T01:23:00.000,14.2373
2025-07-12T01:24:00.000,14.2179
2025-07-12T01:25:00.000,14.2068
2025-07-12T01:26:00.000,14.2013
2025-07-12T01:27:00.000,14.2221
2025-07-12T01:28:00.000,14.3079
2025-07-12T01:29:00.000,14.4130
2025-07-12T01:30:00.000,14.4987
2025-07-12T01:31:00.000,14.4558
2025-07-12T01:32:00.000,14.3521
2025-07-12T01:33:00.000,14.2276
2025-07-12T01:34:00.000,14.0919
2025-07-12T01:35:00.000,13.9728
2025-07-12T01:36:00.000,13.8716
2025-07-12T01:37:00.000,13.8064
2025-07-12T01:38:00.000,13.7800
2025-07-12T01:39:00.000,13.7717
2025-07-12T01:40:00.000,13.7384
2025-07-12T01:41:00.000,13.6981
2025-07-12T01:42:00.000,13.6634
2025-07-12T01:43:00.000,13.6371
2025-07-12T01:44:00.000,13.6176
2025-07-12T01:45:00.000,13.6121
2025-07-12T01:46:00.000,13.5829
2025-07-12T01:47:00.000,13.5579
2025-07-12T01:48:00.000,13.5134
2025-07-12T01:49:00.000,13.4745
2025-07-12T01:50:00.000,13.4328
2025-07-12T01:51:00.000,13.3994
2025-07-12T01:52:00.000,13.3702
2025-07-12T01:53:00.000,13.3480
2025-07-12T01:54:00.000,13.3285
2025-07-12T01:55:00.000,13.3132
2025-07-12T01:56:00.000,13.2993
2025-07-12T01:57:00.000,13.2909
2025-07-12T01:58:00.000,13.2840
2025-07-12T01:59:00.000,13.2812
2025-07-12T02:00:00.000,13.2826
2025-07-12T02:01:00.000,13.2854
2025-07-12T02:02:00.000,13.2923
2025-07-12T02:03:00.000,13.3007
2025-07-12T02:04:00.000,13.3104
2025-07-12T02:05:00.000,13.3243
2025-07-12T02:06:00.000,13.3619
2025-07-12T02:07:00.000,13.3925
2025-07-12T02:08:00.000,13.4147
2025-07-12T02:09:00.000,13.4620
2025-07-12T02:10:00.000,13.5051
2025-07-12T02:11:00.000,13.5273
2025-07-12T02:12:00.000,13.5607
2025-07-12T02:13:00.000,13.6009
2025-07-12T02:14:00.000,13.6121
2025-07-12T02:15:00.000,13.6051
2025-07-12T02:16:00.000,13.5968
2025-07-12T02:17:00.000,13.5857
2025-07-12T02:18:00.000,13.5829
2025-07-12T02:19:00.000,13.5746
2025-07-12T02:20:00.000,13.5690
2025-07-12T02:21:00.000,13.5704
2025-07-12T02:22:00.000,13.5676
2025-07-12T02:23:00.000,13.5621
2025-07-12T02:24:00.000,13.5634
2025-07-12T02:25:00.000,13.5523
2025-07-12T02:26:00.000,13.5370
2025-07-12T02:27:00.000,13.5245
2025-07-12T02:28:00.000,13.5134
2025-07-12T02:29:00.000,13.5037
2025-07-12T02:30:00.000,13.4981
2025-07-12T02:31:00.000,13.4995
2025-07-12T02:32:00.000,13.5106
2025-07-12T02:33:00.000,13.5245
2025-07-12T02:34:00.000,13.5329
2025-07-12T02:35:00.000,13.5384
2025-07-12T02:36:00.000,13.5454
2025-07-12T02:37:00.000,13.5468
2025-07-12T02:38:00.000,13.5496
2025-07-12T02:39:00.000,13.5523
2025-07-12T02:40:00.000,13.5551
2025-07-12T02:41:00.000,13.5579
2025-07-12T02:42:00.000,13.5579
2025-07-12T02:43:00.000,13.5551
2025-07-12T02:44:00.000,13.5496
2025-07-12T02:45:00.000,13.5468
2025-07-12T02:46:00.000,13.5468
2025-07-12T02:47:00.000,13.5468
2025-07-12T02:48:00.000,13.5454
2025-07-12T02:49:00.000,13.5426
2025-07-12T02:50:00.000,13.5440
2025-07-12T02:51:00.000,13.5621
2025-07-12T02:52:00.000,13.5787
2025-07-12T02:53:00.000,13.6037
2025-07-12T02:54:00.000,13.6259
2025-07-12T02:55:00.000,13.6343
2025-07-12T02:56:00.000,13.6259
2025-07-12T02:57:00.000,13.6218
2025-07-12T02:58:00.000,13.6259
2025-07-12T02:59:00.000,13.6440
2025-07-12T03:00:00.000,13.6523
2025-07-12T03:01:00.000,13.6537
2025-07-12T03:02:00.000,13.6495
2025-07-12T03:03:00.000,13.6426
2025-07-12T03:04:00.000,13.6468
2025-07-12T03:05:00.000,13.6537
2025-07-12T03:06:00.000,13.6495
2025-07-12T03:07:00.000,13.6454
2025-07-12T03:08:00.000,13.6440
2025-07-12T03:09:00.000,13.6468
2025-07-12T03:10:00.000,13.6509
2025-07-12T03:11:00.000,13.6523
2025-07-12T03:12:00.000,13.6537
2025-07-12T03:13:00.000,13.6565
2025-07-12T03:14:00.000,13.6607
2025-07-12T03:15:00.000,13.6662
2025-07-12T03:16:00.000,13.6718
2025-07-12T03:17:00.000,13.6815
2025-07-12T03:18:00.000,13.6898
2025-07-12T03:19:00.000,13.6940
2025-07-12T03:20:00.000,13.6995
2025-07-12T03:21:00.000,13.7037
2025-07-12T03:22:00.000,13.7065
2025-07-12T03:23:00.000,13.7092
2025-07-12T03:24:00.000,13.7079
2025-07-12T03:25:00.000,13.7023
2025-07-12T03:26:00.000,13.6967
2025-07-12T03:27:00.000,13.6940
2025-07-12T03:28:00.000,13.6856
2025-07-12T03:29:00.000,13.6773
2025-07-12T03:30:00.000,13.6759
2025-07-12T03:31:00.000,13.6759
2025-07-12T03:32:00.000,13.6732
2025-07-12T03:33:00.000,13.6690
2025-07-12T03:34:00.000,13.6620
2025-07-12T03:35:00.000,13.6565
2025-07-12T03:36:00.000,13.6509
2025-07-12T03:37:00.000,13.6537
2025-07-12T03:38:00.000,13.6662
2025-07-12T03:39:00.000,13.6745
2025-07-12T03:40:00.000,13.6773
2025-07-12T03:41:00.000,13.6843
2025-07-12T03:42:00.000,13.6995
2025-07-12T03:43:00.000,13.7106
2025-07-12T03:44:00.000,13.7301
2025-07-12T03:45:00.000,13.7453
2025-07-12T03:46:00.000,13.7495
2025-07-12T03:47:00.000,13.7495
2025-07-12T03:48:00.000,13.7439
2025-07-12T03:49:00.000,13.7370
2025-07-12T03:50:00.000,13.7301
2025-07-12T03:51:00.000,13.7245
2025-07-12T03:52:00.000,13.7231
2025-07-12T03:53:00.000,13.7245
2025-07-12T03:54:00.000,13.7245
2025-07-12T03:55:00.000,13.7245
2025-07-12T03:56:00.000,13.7245
2025-07-12T03:57:00.000,13.7259
2025-07-12T03:58:00.000,13.7273
2025-07-12T03:59:00.000,13.7259
2025-07-12T04:00:00.000,13.7259
2025-07-12T04:01:00.000,13.7301
2025-07-12T04:02:00.000,13.7314
2025-07-12T04:03:00.000,13.7314
2025-07-12T04:04:00.000,13.7301
2025-07-12T04:05:00.000,13.7328
2025-07-12T04:06:00.000,13.7356
2025-07-12T04:07:00.000,13.7398
2025-07-12T04:08:00.000,13.7453
2025-07-12T04:09:00.000,13.7481
2025-07-12T04:10:00.000,13.7523
2025-07-12T04:11:00.000,13.7523
2025-07-12T04:12:00.000,13.7509
2025-07-12T04:13:00.000,13.7398
2025-07-12T04:14:00.000,13.7134
2025-07-12T04:15:00.000,13.6843
2025-07-12T04:16:00.000,13.6662
2025-07-12T04:17:00.000,13.6357
2025-07-12T04:18:00.000,13.6273
2025-07-12T04:19:00.000,13.6148
2025-07-12T04:20:00.000,13.6176
2025-07-12T04:21:00.000,13.6204
2025-07-12T04:22:00.000,13.6176
2025-07-12T04:23:00.000,13.6315
2025-07-12T04:24:00.000,13.6482
2025-07-12T04:25:00.000,13.6676
2025-07-12T04:26:00.000,13.6856
2025-07-12T04:27:00.000,13.6898
2025-07-12T04:28:00.000,13.6884
2025-07-12T04:29:00.000,13.6856
2025-07-12T04:30:00.000,13.6745
2025-07-12T04:31:00.000,13.6704
2025-07-12T04:32:00.000,13.6634
2025-07-12T04:33:00.000,13.6676
2025-07-12T04:34:00.000,13.6662
2025-07-12T04:35:00.000,13.6607
2025-07-12T04:36:00.000,13.6607
2025-07-12T04:37:00.000,13.6801
2025-07-12T04:38:00.000,13.7134
2025-07-12T04:39:00.000,13.7328
2025-07-12T04:40:00.000,13.7384
2025-07-12T04:41:00.000,13.7328
2025-07-12T04:42:00.000,13.7328
2025-07-12T04:43:00.000,13.7356
2025-07-12T04:44:00.000,13.7495
2025-07-12T04:45:00.000,13.7731
2025-07-12T04:46:00.000,13.7939
2025-07-12T04:47:00.000,13.8133
2025-07-12T04:48:00.000,13.8369
2025-07-12T04:49:00.000,13.8577
2025-07-12T04:50:00.000,13.8743
2025-07-12T04:51:00.000,13.8896
2025-07-12T04:52:00.000,13.9159
2025-07-12T04:53:00.000,13.9284
2025-07-12T04:54:00.000,13.9242
2025-07-12T04:55:00.000,13.9173
2025-07-12T04:56:00.000,13.9242
2025-07-12T04:57:00.000,13.9340
2025-07-12T04:58:00.000,13.9450
2025-07-12T04:59:00.000,13.9534
2025-07-12T05:00:00.000,13.9589
2025-07-12T05:01:00.000,13.9631
2025-07-12T05:02:00.000,13.9589
2025-07-12T05:03:00.000,13.9534
2025-07-12T05:04:00.000,13.9520
2025-07-12T05:05:00.000,13.9520
2025-07-12T05:06:00.000,13.9534
2025-07-12T05:07:00.000,13.9561
2025-07-12T05:08:00.000,13.9603
2025-07-12T05:09:00.000,13.9741
2025-07-12T05:10:00.000,13.9838
2025-07-12T05:11:00.000,13.9880
2025-07-12T05:12:00.000,13.9935
2025-07-12T05:13:00.000,14.0032
2025-07-12T05:14:00.000,14.0157
2025-07-12T05:15:00.000,14.0296
2025-07-12T05:16:00.000,14.0407
2025-07-12T05:17:00.000,14.0531
2025-07-12T05:18:00.000,14.0684
2025-07-12T05:19:00.000,14.0878
2025-07-12T05:20:00.000,14.1002
2025-07-12T05:21:00.000,14.1071
2025-07-12T05:22:00.000,14.1141
2025-07-12T05:23:00.000,14.1196
2025-07-12T05:24:00.000,14.1252
2025-07-12T05:25:00.000,14.1335
2025-07-12T05:26:00.000,14.1432
2025-07-12T05:27:00.000,14.1570
2025-07-12T05:28:00.000,14.1708
2025-07-12T05:29:00.000,14.1902
2025-07-12T05:30:00.000,14.2193
2025-07-12T05:31:00.000,14.2428
2025-07-12T05:32:00.000,14.2636
2025-07-12T05:33:00.000,14.2816
2025-07-12T05:34:00.000,14.2982
2025-07-12T05:35:00.000,14.3203
2025-07-12T05:36:00.000,14.3521
2025-07-12T05:37:00.000,14.3839
2025-07-12T05:38:00.000,14.4088
2025-07-12T05:39:00.000,14.4254
2025-07-12T05:40:00.000,14.4379
2025-07-12T05:41:00.000,14.4448
2025-07-12T05:42:00.000,14.4434
2025-07-12T05:43:00.000,14.4379
2025-07-12T05:44:00.000,14.4227
2025-07-12T05:45:00.000,14.4074
2025-07-12T05:46:00.000,14.4019
2025-07-12T05:47:00.000,14.4033
2025-07-12T05:48:00.000,14.4019
2025-07-12T05:49:00.000,14.4019
2025-07-12T05:50:00.000,14.4019
2025-07-12T05:51:00.000,14.4033
2025-07-12T05:52:00.000,14.4019
2025-07-12T05:53:00.000,14.4074
2025-07-12T05:54:00.000,14.4157
2025-07-12T05:55:00.000,14.4282
2025-07-12T05:56:00.000,14.4434
2025-07-12T05:57:00.000,14.4572
2025-07-12T05:58:00.000,14.4780
2025-07-12T05:59:00.000,14.4918
2025-07-12T06:00:00.000,14.5070
2025-07-12T06:01:00.000,14.5056
2025-07-12T06:02:00.000,14.5056
2025-07-12T06:03:00.000,14.5001
2025-07-12T06:04:00.000,14.4918
2025-07-12T06:05:00.000,14.4890
2025-07-12T06:06:00.000,14.4862
2025-07-12T06:07:00.000,14.4821
2025-07-12T06:08:00.000,14.4821
2025-07-12T06:09:00.000,14.4835
2025-07-12T06:10:00.000,14.4849
2025-07-12T06:11:00.000,14.4807
2025-07-12T06:12:00.000,14.4738
2025-07-12T06:13:00.000,14.4793
2025-07-12T06:14:00.000,14.5015
2025-07-12T06:15:00.000,14.5139
2025-07-12T06:16:00.000,14.5415
2025-07-12T06:17:00.000,14.5816
2025-07-12T06:18:00.000,14.6161
2025-07-12T06:19:00.000,14.6479
2025-07-12T06:20:00.000,14.6659
2025-07-12T06:21:00.000,14.6728
2025-07-12T06:22:00.000,14.6728
2025-07-12T06:23:00.000,14.6728
2025-07-12T06:24:00.000,14.6769
2025-07-12T06:25:00.000,14.6824
2025-07-12T06:26:00.000,14.6866
2025-07-12T06:27:00.000,14.6893
2025-07-12T06:28:00.000,14.6935
2025-07-12T06:29:00.000,14.6907
2025-07-12T06:30:00.000,14.6893
2025-07-12T06:31:00.000,14.6866
2025-07-12T06:32:00.000,14.6921
2025-07-12T06:33:00.000,14.6976
2025-07-12T06:34:00.000,14.7073
2025-07-12T06:35:00.000,14.7128
2025-07-12T06:36:00.000,14.7183
2025-07-12T06:37:00.000,14.7280
2025-07-12T06:38:00.000,14.7391
2025-07-12T06:39:00.000,14.7432
2025-07-12T06:40:00.000,14.7432
2025-07-12T06:41:00.000,14.7487
2025-07-12T06:42:00.000,14.7515
2025-07-12T06:43:00.000,14.7473
2025-07-12T06:44:00.000,14.7446
2025-07-12T06:45:00.000,14.7432
2025-07-12T06:46:00.000,14.7473
2025-07-12T06:47:00.000,14.7515
2025-07-12T06:48:00.000,14.7529
2025-07-12T06:49:00.000,14.7501
2025-07-12T06:50:00.000,14.7542
2025-07-12T06:51:00.000,14.7542
2025-07-12T06:52:00.000,14.7598
2025-07-12T06:53:00.000,14.7680
2025-07-12T06:54:00.000,14.7818
2025-07-12T06:55:00.000,14.7956
2025-07-12T06:56:00.000,14.8053
2025-07-12T06:57:00.000,14.8108
2025-07-12T06:58:00.000,14.8191
2025-07-12T06:59:00.000,14.8246
2025-07-12T07:00:00.000,14.8274
2025-07-12T07:01:00.000,14.8398
2025-07-12T07:02:00.000,14.8550
2025-07-12T07:03:00.000,14.8688
2025-07-12T07:04:00.000,14.8743
2025-07-12T07:05:00.000,14.8674
2025-07-12T07:06:00.000,14.8647
2025-07-12T07:07:00.000,14.8591
2025-07-12T07:08:00.000,14.8757
2025-07-12T07:09:00.000,14.8867
2025-07-12T07:10:00.000,14.8922
2025-07-12T07:11:00.000,14.9019
2025-07-12T07:12:00.000,14.9060
2025-07-12T07:13:00.000,14.9143
2025-07-12T07:14:00.000,14.9309
2025-07-12T07:15:00.000,14.9460
2025-07-12T07:16:00.000,14.9598
2025-07-12T07:17:00.000,14.9667
2025-07-12T07:18:00.000,14.9681
2025-07-12T07:19:00.000,14.9681
2025-07-12T07:20:00.000,14.9709
2025-07-12T07:21:00.000,14.9750
2025-07-12T07:22:00.000,14.9736
2025-07-12T07:23:00.000,14.9723
2025-07-12T07:24:00.000,14.9805
2025-07-12T07:25:00.000,14.9957
2025-07-12T07:26:00.000,15.0012
2025-07-12T07:27:00.000,15.0012
2025-07-12T07:28:00.000,15.0053
2025-07-12T07:29:00.000,15.0081
2025-07-12T07:30:00.000,15.0178
2025-07-12T07:31:00.000,15.0233
2025-07-12T07:32:00.000,15.0343
2025-07-12T07:33:00.000,15.0426
2025-07-12T07:34:00.000,15.0577
2025-07-12T07:35:00.000,15.0798
2025-07-12T07:36:00.000,15.1060
2025-07-12T07:37:00.000,15.1377
2025-07-12T07:38:00.000,15.1639
2025-07-12T07:39:00.000,15.1887
2025-07-12T07:40:00.000,15.2052
2025-07-12T07:41:00.000,15.2217
2025-07-12T07:42:00.000,15.2438
2025-07-12T07:43:00.000,15.2631
2025-07-12T07:44:00.000,15.2975
2025-07-12T07:45:00.000,15.3567
2025-07-12T07:46:00.000,15.4187
2025-07-12T07:47:00.000,15.4834
2025-07-12T07:48:00.000,15.5481
2025-07-12T07:49:00.000,15.6402
2025-07-12T07:50:00.000,15.7874
2025-07-12T07:51:00.000,16.1267
2025-07-12T07:52:00.000,16.9374
2025-07-12T07:53:00.000,18.0598
2025-07-12T07:54:00.000,19.2370
2025-07-12T07:55:00.000,20.5347
2025-07-12T07:56:00.000,21.7307
2025-07-12T07:57:00.000,22.7887
2025-07-12T07:58:00.000,23.7072
2025-07-12T07:59:00.000,24.6823
2025-07-12T08:00:00.000,25.5944
2025-07-12T08:01:00.000,26.3307
2025-07-12T08:02:00.000,26.8002
2025-07-12T08:03:00.000,27.0595
2025-07-12T08:04:00.000,27.5232
2025-07-12T08:05:00.000,28.1280
2025-07-12T08:06:00.000,28.4359
2025-07-12T08:07:00.000,28.5830
2025-07-12T08:08:00.000,28.6588
2025-07-12T08:09:00.000,28.7375
2025-07-12T08:10:00.000,28.7075
2025-07-12T08:11:00.000,28.6088
2025-07-12T08:12:00.000,28.5487
2025-07-12T08:13:00.000,28.5430
2025-07-12T08:14:00.000,28.6603
2025-07-12T08:15:00.000,28.7347
2025-07-12T08:16:00.000,28.8134
2025-07-12T08:17:00.000,28.9080
2025-07-12T08:18:00.000,28.9438
2025-07-12T08:19:00.000,28.8478
2025-07-12T08:20:00.000,28.7876
2025-07-12T08:21:00.000,28.6846
2025-07-12T08:22:00.000,28.5959
2025-07-12T08:23:00.000,28.5302
2025-07-12T08:24:00.000,28.5230
2025-07-12T08:25:00.000,28.5287
2025-07-12T08:26:00.000,28.5373
2025-07-12T08:27:00.000,28.5387
2025-07-12T08:28:00.000,28.5416
2025-07-12T08:29:00.000,28.5673
2025-07-12T08:30:00.000,28.5859
2025-07-12T08:31:00.000,28.5559
2025-07-12T08:32:00.000,28.4117
2025-07-12T08:33:00.000,28.3104
2025-07-12T08:34:00.000,28.3261
2025-07-12T08:35:00.000,28.3674
2025-07-12T08:36:00.000,28.4688
2025-07-12T08:37:00.000,28.5387
2025-07-12T08:38:00.000,28.5916
2025-07-12T08:39:00.000,28.6302
2025-07-12T08:40:00.000,28.7404
2025-07-12T08:41:00.000,28.8220
2025-07-12T08:42:00.000,28.8077
2025-07-12T08:43:00.000,28.8206
2025-07-12T08:44:00.000,28.9008
2025-07-12T08:45:00.000,29.0012
2025-07-12T08:46:00.000,29.1348
2025-07-12T08:47:00.000,29.3361
2025-07-12T08:48:00.000,29.4657
2025-07-12T08:49:00.000,29.4239
2025-07-12T08:50:00.000,29.3131
2025-07-12T08:51:00.000,29.1621
2025-07-12T08:52:00.000,29.0644
2025-07-12T08:53:00.000,29.1348
2025-07-12T08:54:00.000,29.2656
2025-07-12T08:55:00.000,29.5393
2025-07-12T08:56:00.000,29.8282
2025-07-12T08:57:00.000,29.9759
2025-07-12T08:58:00.000,29.5321
2025-07-12T08:59:00.000,28.5859
2025-07-12T09:00:00.000,27.2982
2025-07-12T09:01:00.000,25.9943
2025-07-12T09:02:00.000,24.8546
2025-07-12T09:03:00.000,23.9533
2025-07-12T09:04:00.000,23.2903
2025-07-12T09:05:00.000,22.7832
2025-07-12T09:06:00.000,22.3348
2025-07-12T09:07:00.000,21.9612
2025-07-12T09:08:00.000,21.6196
2025-07-12T09:09:00.000,21.3029
2025-07-12T09:10:00.000,21.0207
2025-07-12T09:11:00.000,20.7647
2025-07-12T09:12:00.000,20.5511
2025-07-12T09:13:00.000,20.3910
2025-07-12T09:14:00.000,20.3103
2025-07-12T09:15:00.000,20.3432
2025-07-12T09:16:00.000,20.3309
2025-07-12T09:17:00.000,20.2898
2025-07-12T09:18:00.000,20.3883
2025-07-12T09:19:00.000,20.5662
2025-07-12T09:20:00.000,20.6045
2025-07-12T09:21:00.000,20.5826
2025-07-12T09:22:00.000,20.5566
2025-07-12T09:23:00.000,20.5498
2025-07-12T09:24:00.000,20.6155
2025-07-12T09:25:00.000,20.7920
2025-07-12T09:26:00.000,20.9714
2025-07-12T09:27:00.000,21.0549
2025-07-12T09:28:00.000,21.1673
2025-07-12T09:29:00.000,21.3139
2025-07-12T09:30:00.000,21.5894
2025-07-12T09:31:00.000,21.9297
2025-07-12T09:32:00.000,22.2565
2025-07-12T09:33:00.000,22.5067
2025-07-12T09:34:00.000,22.7061
2025-07-12T09:35:00.000,22.6759
2025-07-12T09:36:00.000,22.5988
2025-07-12T09:37:00.000,22.6456
2025-07-12T09:38:00.000,22.6002
2025-07-12T09:39:00.000,22.5273
2025-07-12T09:40:00.000,22.4585
2025-07-12T09:41:00.000,22.4077
2025-07-12T09:42:00.000,22.8245
2025-07-12T09:43:00.000,23.2847
2025-07-12T09:44:00.000,23.8509
2025-07-12T09:45:00.000,24.3466
2025-07-12T09:46:00.000,24.7851
2025-07-12T09:47:00.000,25.1607
2025-07-12T09:48:00.000,25.6167
2025-07-12T09:49:00.000,26.0405
2025-07-12T09:50:00.000,26.4626
2025-07-12T09:51:00.000,26.8086
2025-07-12T09:52:00.000,27.0863
2025-07-12T09:53:00.000,27.2770
2025-07-12T09:54:00.000,27.3746
2025-07-12T09:55:00.000,27.4765
2025-07-12T09:56:00.000,27.5487
2025-07-12T09:57:00.000,27.6266
2025-07-12T09:58:00.000,27.6663
2025-07-12T09:59:00.000,27.7855
2025-07-12T10:00:00.000,27.9403
2025-07-12T10:01:00.000,27.9730
2025-07-12T10:02:00.000,27.8962
2025-07-12T10:03:00.000,27.8252
2025-07-12T10:04:00.000,27.8124
2025-07-12T10:05:00.000,27.7486
2025-07-12T10:06:00.000,27.6833
2025-07-12T10:07:00.000,27.6280
2025-07-12T10:08:00.000,27.5657
2025-07-12T10:09:00.000,27.4934
2025-07-12T10:10:00.000,27.3859
2025-07-12T10:11:00.000,27.3364
2025-07-12T10:12:00.000,27.3519
2025-07-12T10:13:00.000,27.4453
2025-07-12T10:14:00.000,27.5359
2025-07-12T10:15:00.000,27.6791
2025-07-12T10:16:00.000,27.9076
2025-07-12T10:17:00.000,28.0213
2025-07-12T10:18:00.000,28.0554
2025-07-12T10:19:00.000,28.0683
2025-07-12T10:20:00.000,28.0611
2025-07-12T10:21:00.000,28.0213
2025-07-12T10:22:00.000,27.9588
2025-07-12T10:23:00.000,27.9815
2025-07-12T10:24:00.000,28.0341
2025-07-12T10:25:00.000,28.1024
2025-07-12T10:26:00.000,28.1522
2025-07-12T10:27:00.000,28.1722
2025-07-12T10:28:00.000,28.2177
2025-07-12T10:29:00.000,28.2234
2025-07-12T10:30:00.000,28.2249
2025-07-12T10:31:00.000,28.2990
2025-07-12T10:32:00.000,28.3574
2025-07-12T10:33:00.000,28.4017
2025-07-12T10:34:00.000,28.4945
2025-07-12T10:35:00.000,28.5487
2025-07-12T10:36:00.000,28.5859
2025-07-12T10:37:00.000,28.7060
2025-07-12T10:38:00.000,28.8707
2025-07-12T10:39:00.000,29.0529
2025-07-12T10:40:00.000,29.2728
2025-07-12T10:41:00.000,29.4355
2025-07-12T10:42:00.000,29.5003
2025-07-12T10:43:00.000,29.6519
2025-07-12T10:44:00.000,29.7834
2025-07-12T10:45:00.000,29.8644
2025-07-12T10:46:00.000,29.9339
2025-07-12T10:47:00.000,29.9483
2025-07-12T10:48:00.000,29.9599
2025-07-12T10:49:00.000,29.9614
2025-07-12T10:50:00.000,30.0193
2025-07-12T10:51:00.000,30.0628
2025-07-12T10:52:00.000,30.1006
2025-07-12T10:53:00.000,30.0686
2025-07-12T10:54:00.000,29.9904
2025-07-12T10:55:00.000,29.9281
2025-07-12T10:56:00.000,29.8933
2025-07-12T10:57:00.000,29.8427
2025-07-12T10:58:00.000,29.7559
2025-07-12T10:59:00.000,29.6995
2025-07-12T11:00:00.000,29.6461
2025-07-12T11:01:00.000,29.5927
2025-07-12T11:02:00.000,29.5292
2025-07-12T11:03:00.000,29.4600
2025-07-12T11:04:00.000,29.4153
2025-07-12T11:05:00.000,29.3879
2025-07-12T11:06:00.000,29.3635
2025-07-12T11:07:00.000,29.3519
2025-07-12T11:08:00.000,29.3779
2025-07-12T11:09:00.000,29.3692
2025-07-12T11:10:00.000,29.3620
2025-07-12T11:11:00.000,29.3347
2025-07-12T11:12:00.000,29.2656
2025-07-12T11:13:00.000,29.1894
2025-07-12T11:14:00.000,29.1549
2025-07-12T11:15:00.000,29.1549
2025-07-12T11:16:00.000,29.1664
2025-07-12T11:17:00.000,29.1793
2025-07-12T11:18:00.000,29.2569
2025-07-12T11:19:00.000,29.4110
2025-07-12T11:20:00.000,29.6331
2025-07-12T11:21:00.000,29.7834
2025-07-12T11:22:00.000,29.8702
2025-07-12T11:23:00.000,29.9092
2025-07-12T11:24:00.000,29.9730
2025-07-12T11:25:00.000,30.0309
2025-07-12T11:26:00.000,30.1325
2025-07-12T11:27:00.000,30.1673
2025-07-12T11:28:00.000,30.2051
2025-07-12T11:29:00.000,30.2646
2025-07-12T11:30:00.000,30.2545
2025-07-12T11:31:00.000,30.3097
2025-07-12T11:32:00.000,30.3752
2025-07-12T11:33:00.000,30.3984
2025-07-12T11:34:00.000,30.2879
2025-07-12T11:35:00.000,30.1078
2025-07-12T11:36:00.000,29.8325
2025-07-12T11:37:00.000,29.6562
2025-07-12T11:38:00.000,29.5479
2025-07-12T11:39:00.000,29.5162
2025-07-12T11:40:00.000,29.5364
2025-07-12T11:41:00.000,29.5768
2025-07-12T11:42:00.000,29.5768
2025-07-12T11:43:00.000,29.5999
2025-07-12T11:44:00.000,29.6331
2025-07-12T11:45:00.000,29.6721
2025-07-12T11:46:00.000,29.7169
2025-07-12T11:47:00.000,29.7920
2025-07-12T11:48:00.000,29.8470
2025-07-12T11:49:00.000,29.8427
2025-07-12T11:50:00.000,29.7487
2025-07-12T11:51:00.000,29.7039
2025-07-12T11:52:00.000,29.7183
2025-07-12T11:53:00.000,29.8398
2025-07-12T11:54:00.000,29.8991
2025-07-12T11:55:00.000,29.9730
2025-07-12T11:56:00.000,30.0802
2025-07-12T11:57:00.000,30.1833
2025-07-12T11:58:00.000,30.2748
2025-07-12T11:59:00.000,30.3912
2025-07-12T12:00:00.000,30.4581
2025-07-12T12:01:00.000,30.5062
2025-07-12T12:02:00.000,30.5980
2025-07-12T12:03:00.000,30.6929
2025-07-12T12:04:00.000,30.7236
2025-07-12T12:05:00.000,30.7966
2025-07-12T12:06:00.000,30.8639
2025-07-12T12:07:00.000,30.9444
2025-07-12T12:08:00.000,30.9927
2025-07-12T12:09:00.000,31.0762
2025-07-12T12:10:00.000,31.1320
2025-07-12T12:11:00.000,31.1114
2025-07-12T12:12:00.000,31.1188
2025-07-12T12:13:00.000,31.1393
2025-07-12T12:14:00.000,31.1848
2025-07-12T12:15:00.000,31.1892
2025-07-12T12:16:00.000,31.0938
2025-07-12T12:17:00.000,31.0469
2025-07-12T12:18:00.000,31.0821
2025-07-12T12:19:00.000,31.1951
2025-07-12T12:20:00.000,31.3317
2025-07-12T12:21:00.000,31.4392
2025-07-12T12:22:00.000,31.6884
2025-07-12T12:23:00.000,32.0272
2025-07-12T12:24:00.000,32.5165
2025-07-12T12:25:00.000,32.8768
2025-07-12T12:26:00.000,33.4166
2025-07-12T12:27:00.000,33.8175
2025-07-12T12:28:00.000,34.3184
2025-07-12T12:29:00.000,34.6767
2025-07-12T12:30:00.000,34.9875
2025-07-12T12:31:00.000,35.4952
2025-07-12T12:32:00.000,36.0662
2025-07-12T12:33:00.000,36.1964
2025-07-12T12:34:00.000,35.6663
2025-07-12T12:35:00.000,35.0600
2025-07-12T12:36:00.000,34.3856
2025-07-12T12:37:00.000,33.7372
2025-07-12T12:38:00.000,33.3955
2025-07-12T12:39:00.000,33.3517
2025-07-12T12:40:00.000,33.4392
2025-07-12T12:41:00.000,33.2192
2025-07-12T12:42:00.000,32.8948
2025-07-12T12:43:00.000,32.4986
2025-07-12T12:44:00.000,32.1400
2025-07-12T12:45:00.000,31.8805
2025-07-12T12:46:00.000,31.7238
2025-07-12T12:47:00.000,31.6574
2025-07-12T12:48:00.000,31.6529
2025-07-12T12:49:00.000,31.7415
2025-07-12T12:50:00.000,31.7297
2025-07-12T12:51:00.000,31.7859
2025-07-12T12:52:00.000,31.6633
2025-07-12T12:53:00.000,31.4937
2025-07-12T12:54:00.000,31.3259
2025-07-12T12:55:00.000,31.1687
2025-07-12T12:56:00.000,31.0792
2025-07-12T12:57:00.000,31.0030
2025-07-12T12:58:00.000,30.8653
2025-07-12T12:59:00.000,30.6491
2025-07-12T13:00:00.000,30.5018
2025-07-12T13:01:00.000,30.3868
2025-07-12T13:02:00.000,30.2981
2025-07-12T13:03:00.000,30.2937
2025-07-12T13:04:00.000,30.2734
2025-07-12T13:05:00.000,30.2719
2025-07-12T13:06:00.000,30.3504
2025-07-12T13:07:00.000,30.3272
2025-07-12T13:08:00.000,30.2123
2025-07-12T13:09:00.000,30.2080
2025-07-12T13:10:00.000,30.2167
2025-07-12T13:11:00.000,30.2937
2025-07-12T13:12:00.000,30.3402
2025-07-12T13:13:00.000,30.2864
2025-07-12T13:14:00.000,30.2588
2025-07-12T13:15:00.000,30.3199
2025-07-12T13:16:00.000,30.3621
2025-07-12T13:17:00.000,30.3999
2025-07-12T13:18:00.000,30.5135
2025-07-12T13:19:00.000,30.4829
2025-07-12T13:20:00.000,30.4013
2025-07-12T13:21:00.000,30.4232
2025-07-12T13:22:00.000,30.4654
2025-07-12T13:23:00.000,30.4334
2025-07-12T13:24:00.000,30.4538
2025-07-12T13:25:00.000,30.4756
2025-07-12T13:26:00.000,30.4436
2025-07-12T13:27:00.000,30.4756
2025-07-12T13:28:00.000,30.5004
2025-07-12T13:29:00.000,30.5368
2025-07-12T13:30:00.000,30.5120
2025-07-12T13:31:00.000,30.5149
2025-07-12T13:32:00.000,30.4800
2025-07-12T13:33:00.000,30.3868
2025-07-12T13:34:00.000,30.3446
2025-07-12T13:35:00.000,30.2995
2025-07-12T13:36:00.000,30.2370
2025-07-12T13:37:00.000,30.2327
2025-07-12T13:38:00.000,30.2022
2025-07-12T13:39:00.000,30.1354
2025-07-12T13:40:00.000,30.0657
2025-07-12T13:41:00.000,30.0005
2025-07-12T13:42:00.000,29.9150
2025-07-12T13:43:00.000,29.8731
2025-07-12T13:44:00.000,29.8513
2025-07-12T13:45:00.000,29.8108
2025-07-12T13:46:00.000,29.6764
2025-07-12T13:47:00.000,29.6432
2025-07-12T13:48:00.000,29.5826
2025-07-12T13:49:00.000,29.5739
2025-07-12T13:50:00.000,29.5667
2025-07-12T13:51:00.000,29.4369
2025-07-12T13:52:00.000,29.3375
2025-07-12T13:53:00.000,29.3203
2025-07-12T13:54:00.000,29.3707
2025-07-12T13:55:00.000,29.4412
2025-07-12T13:56:00.000,29.3735
2025-07-12T13:57:00.000,29.2253
2025-07-12T13:58:00.000,29.1348
2025-07-12T13:59:00.000,29.1534
2025-07-12T14:00:00.000,29.1692
2025-07-12T14:01:00.000,29.1793
2025-07-12T14:02:00.000,29.2239
2025-07-12T14:03:00.000,29.1836
2025-07-12T14:04:00.000,29.1649
2025-07-12T14:05:00.000,29.1506
2025-07-12T14:06:00.000,29.1606
2025-07-12T14:07:00.000,29.1391
2025-07-12T14:08:00.000,29.0816
2025-07-12T14:09:00.000,28.9625
2025-07-12T14:10:00.000,28.8206
2025-07-12T14:11:00.000,28.7404
2025-07-12T14:12:00.000,28.6631
2025-07-12T14:13:00.000,28.5959
2025-07-12T14:14:00.000,28.5730
2025-07-12T14:15:00.000,28.5545
2025-07-12T14:16:00.000,28.5059
2025-07-12T14:17:00.000,28.4231
2025-07-12T14:18:00.000,28.3432
2025-07-12T14:19:00.000,28.2163
2025-07-12T14:20:00.000,28.1181
2025-07-12T14:21:00.000,28.0626
2025-07-12T14:22:00.000,27.9971
2025-07-12T14:23:00.000,27.8763
2025-07-12T14:24:00.000,27.7727
2025-07-12T14:25:00.000,27.7046
2025-07-12T14:26:00.000,27.6323
2025-07-12T14:27:00.000,27.5558
2025-07-12T14:28:00.000,27.4750
2025-07-12T14:29:00.000,27.4949
2025-07-12T14:30:00.000,27.5515
2025-07-12T14:31:00.000,27.6379
2025-07-12T14:32:00.000,27.7429
2025-07-12T14:33:00.000,27.7372
2025-07-12T14:34:00.000,27.6833
2025-07-12T14:35:00.000,27.7216
2025-07-12T14:36:00.000,27.7514
2025-07-12T14:37:00.000,27.7770
2025-07-12T14:38:00.000,27.8153
2025-07-12T14:39:00.000,27.8678
2025-07-12T14:40:00.000,27.9346
2025-07-12T14:41:00.000,28.0270
2025-07-12T14:42:00.000,28.0782
2025-07-12T14:43:00.000,28.0611
2025-07-12T14:44:00.000,28.0910
2025-07-12T14:45:00.000,28.1821
2025-07-12T14:46:00.000,28.3061
2025-07-12T14:47:00.000,28.3774
2025-07-12T14:48:00.000,28.4017
2025-07-12T14:49:00.000,28.4088
2025-07-12T14:50:00.000,28.4145
2025-07-12T14:51:00.000,28.4331
2025-07-12T14:52:00.000,28.3674
2025-07-12T14:53:00.000,28.3275
2025-07-12T14:54:00.000,28.2861
2025-07-12T14:55:00.000,28.2277
2025-07-12T14:56:00.000,28.2049
2025-07-12T14:57:00.000,28.2234
2025-07-12T14:58:00.000,28.2249
2025-07-12T14:59:00.000,28.2819
2025-07-12T15:00:00.000,28.3460
2025-07-12T15:01:00.000,28.3931
2025-07-12T15:02:00.000,28.4131
2025-07-12T15:03:00.000,28.4573
2025-07-12T15:04:00.000,28.4673
2025-07-12T15:05:00.000,28.4973
2025-07-12T15:06:00.000,28.5330
2025-07-12T15:07:00.000,28.5545
2025-07-12T15:08:00.000,28.5759
2025-07-12T15:09:00.000,28.5873
2025-07-12T15:10:00.000,28.5359
2025-07-12T15:11:00.000,28.4516
2025-07-12T15:12:00.000,28.3503
2025-07-12T15:13:00.000,28.2947
2025-07-12T15:14:00.000,28.3189
2025-07-12T15:15:00.000,28.3446
2025-07-12T15:16:00.000,28.2847
2025-07-12T15:17:00.000,28.2006
2025-07-12T15:18:00.000,28.1109
2025-07-12T15:19:00.000,28.1337
2025-07-12T15:20:00.000,28.0868
2025-07-12T15:21:00.000,28.0199
2025-07-12T15:22:00.000,27.9787
2025-07-12T15:23:00.000,27.8536
2025-07-12T15:24:00.000,27.7642
2025-07-12T15:25:00.000,27.7514
2025-07-12T15:26:00.000,27.7500
2025-07-12T15:27:00.000,27.7273
2025-07-12T15:28:00.000,27.6550
2025-07-12T15:29:00.000,27.5558
2025-07-12T15:30:00.000,27.5288
2025-07-12T15:31:00.000,27.5883
2025-07-12T15:32:00.000,27.5090
2025-07-12T15:33:00.000,27.4807
2025-07-12T15:34:00.000,27.4142
2025-07-12T15:35:00.000,27.4085
2025-07-12T15:36:00.000,27.4510
2025-07-12T15:37:00.000,27.6011
2025-07-12T15:38:00.000,27.7117
2025-07-12T15:39:00.000,27.8124
2025-07-12T15:40:00.000,27.8352
2025-07-12T15:41:00.000,27.8238
2025-07-12T15:42:00.000,27.8621
2025-07-12T15:43:00.000,27.7472
2025-07-12T15:44:00.000,27.6408
2025-07-12T15:45:00.000,27.5586
2025-07-12T15:46:00.000,27.4680
2025-07-12T15:47:00.000,27.4595
2025-07-12T15:48:00.000,27.4156
2025-07-12T15:49:00.000,27.3420
2025-07-12T15:50:00.000,27.2502
2025-07-12T15:51:00.000,27.1315
2025-07-12T15:52:00.000,27.0200
2025-07-12T15:53:00.000,26.9326
2025-07-12T15:54:00.000,26.8565
2025-07-12T15:55:00.000,26.8368
2025-07-12T15:56:00.000,26.8241
2025-07-12T15:57:00.000,26.8438
2025-07-12T15:58:00.000,26.8593
2025-07-12T15:59:00.000,26.8875
2025-07-12T16:00:00.000,26.9453
2025-07-12T16:01:00.000,26.9636
2025-07-12T16:02:00.000,26.9326
2025-07-12T16:03:00.000,26.8889
2025-07-12T16:04:00.000,26.8565
2025-07-12T16:05:00.000,26.8227
2025-07-12T16:06:00.000,26.7312
2025-07-12T16:07:00.000,26.6580
2025-07-12T16:08:00.000,26.5877
2025-07-12T16:09:00.000,26.5174
2025-07-12T16:10:00.000,26.4584
2025-07-12T16:11:00.000,26.4135
2025-07-12T16:12:00.000,26.4022
2025-07-12T16:13:00.000,26.4373
2025-07-12T16:14:00.000,26.5146
2025-07-12T16:15:00.000,26.5216
2025-07-12T16:16:00.000,26.4879
2025-07-12T16:17:00.000,26.4837
2025-07-12T16:18:00.000,26.4837
2025-07-12T16:19:00.000,26.5469
2025-07-12T16:20:00.000,26.5863
2025-07-12T16:21:00.000,26.6032
2025-07-12T16:22:00.000,26.6791
2025-07-12T16:23:00.000,26.7087
2025-07-12T16:24:00.000,26.6847
2025-07-12T16:25:00.000,26.7424
2025-07-12T16:26:00.000,26.9284
2025-07-12T16:27:00.000,27.2643
2025-07-12T16:28:00.000,27.6748
2025-07-12T16:29:00.000,27.9389
2025-07-12T16:30:00.000,28.2334
2025-07-12T16:31:00.000,28.3418
2025-07-12T16:32:00.000,28.4231
2025-07-12T16:33:00.000,28.5630
2025-07-12T16:34:00.000,28.3760
2025-07-12T16:35:00.000,27.6918
2025-07-12T16:36:00.000,26.5062
2025-07-12T16:37:00.000,25.2889
2025-07-12T16:38:00.000,24.1567
2025-07-12T16:39:00.000,23.1951
2025-07-12T16:40:00.000,22.3953
2025-07-12T16:41:00.000,21.7280
2025-07-12T16:42:00.000,21.2262
2025-07-12T16:43:00.000,20.9153
2025-07-12T16:44:00.000,20.7386
2025-07-12T16:45:00.000,20.6743
2025-07-12T16:46:00.000,20.7058
2025-07-12T16:47:00.000,20.7592
2025-07-12T16:48:00.000,20.7564
2025-07-12T16:49:00.000,20.8714
2025-07-12T16:50:00.000,21.0317
2025-07-12T16:51:00.000,21.1755
2025-07-12T16:52:00.000,21.1960
2025-07-12T16:53:00.000,21.0810
2025-07-12T16:54:00.000,20.8755
2025-07-12T16:55:00.000,21.0139
2025-07-12T16:56:00.000,21.0796
2025-07-12T16:57:00.000,21.1823
2025-07-12T16:58:00.000,21.2344
2025-07-12T16:59:00.000,21.1289
2025-07-12T17:00:00.000,21.2645
2025-07-12T17:01:00.000,21.4647
2025-07-12T17:02:00.000,21.6525
2025-07-12T17:03:00.000,21.6882
2025-07-12T17:04:00.000,21.5565
2025-07-12T17:05:00.000,21.3399
2025-07-12T17:06:00.000,20.9782
2025-07-12T17:07:00.000,20.5019
2025-07-12T17:08:00.000,20.0231
2025-07-12T17:09:00.000,19.5774
2025-07-12T17:10:00.000,19.3149
2025-07-12T17:11:00.000,19.0018
2025-07-12T17:12:00.000,18.7120
2025-07-12T17:13:00.000,18.4031
2025-07-12T17:14:00.000,18.1159
2025-07-12T17:15:00.000,17.8875
2025-07-12T17:16:00.000,17.7178
2025-07-12T17:17:00.000,17.5646
2025-07-12T17:18:00.000,17.4318
2025-07-12T17:19:00.000,17.3524
2025-07-12T17:20:00.000,17.2552
2025-07-12T17:21:00.000,17.1771
2025-07-12T17:22:00.000,17.1114
2025-07-12T17:23:00.000,17.0484
2025-07-12T17:24:00.000,16.9908
2025-07-12T17:25:00.000,16.9360
2025-07-12T17:26:00.000,16.8881
2025-07-12T17:27:00.000,16.8442
2025-07-12T17:28:00.000,16.8099
2025-07-12T17:29:00.000,16.7839
2025-07-12T17:30:00.000,16.7647
2025-07-12T17:31:00.000,16.7524
2025-07-12T17:32:00.000,16.7510
2025-07-12T17:33:00.000,16.7455
2025-07-12T17:34:00.000,16.7387
2025-07-12T17:35:00.000,16.7277
2025-07-12T17:36:00.000,16.7112
2025-07-12T17:37:00.000,16.6866
2025-07-12T17:38:00.000,16.6591
2025-07-12T17:39:00.000,16.6386
2025-07-12T17:40:00.000,16.6084
2025-07-12T17:41:00.000,16.5590
2025-07-12T17:42:00.000,16.5055
2025-07-12T17:43:00.000,16.4589
2025-07-12T17:44:00.000,16.3848
2025-07-12T17:45:00.000,16.3080
2025-07-12T17:46:00.000,16.2421
2025-07-12T17:47:00.000,16.1748
2025-07-12T17:48:00.000,16.0924
2025-07-12T17:49:00.000,16.0141
2025-07-12T17:50:00.000,15.9317
2025-07-12T17:51:00.000,15.8753
2025-07-12T17:52:00.000,15.8465
2025-07-12T17:53:00.000,15.8575
2025-07-12T17:54:00.000,15.9509
2025-07-12T17:55:00.000,16.1185
2025-07-12T17:56:00.000,16.3231
2025-07-12T17:57:00.000,16.4822
2025-07-12T17:58:00.000,16.6125
2025-07-12T17:59:00.000,16.6852
2025-07-12T18:00:00.000,16.7003
2025-07-12T18:01:00.000,16.6619
2025-07-12T18:02:00.000,16.5796
2025-07-12T18:03:00.000,16.4685
2025-07-12T18:04:00.000,16.3683
2025-07-12T18:05:00.000,16.3066
2025-07-12T18:06:00.000,16.2956
2025-07-12T18:07:00.000,16.2819
2025-07-12T18:08:00.000,16.2640
2025-07-12T18:09:00.000,16.2531
2025-07-12T18:10:00.000,16.2297
2025-07-12T18:11:00.000,16.2078
2025-07-12T18:12:00.000,16.1762
2025-07-12T18:13:00.000,16.1322
2025-07-12T18:14:00.000,16.1130
2025-07-12T18:15:00.000,16.1020
2025-07-12T18:16:00.000,16.0979
2025-07-12T18:17:00.000,16.0526
2025-07-12T18:18:00.000,15.9990
2025-07-12T18:19:00.000,15.9166
2025-07-12T18:20:00.000,15.8300
2025-07-12T18:21:00.000,15.7516
2025-07-12T18:22:00.000,15.6746
2025-07-12T18:23:00.000,15.6182
2025-07-12T18:24:00.000,15.6196
2025-07-12T18:25:00.000,15.6113
2025-07-12T18:26:00.000,15.5866
2025-07-12T18:27:00.000,15.6554
2025-07-12T18:28:00.000,15.7599
2025-07-12T18:29:00.000,15.8451
2025-07-12T18:30:00.000,15.9427
2025-07-12T18:31:00.000,16.0073
2025-07-12T18:32:00.000,16.0938
2025-07-12T18:33:00.000,16.1721
2025-07-12T18:34:00.000,16.3285
2025-07-12T18:35:00.000,16.5796
2025-07-12T18:36:00.000,16.8442
2025-07-12T18:37:00.000,17.1155
2025-07-12T18:38:00.000,17.3634
2025-07-12T18:39:00.000,17.5659
2025-07-12T18:40:00.000,17.7288
2025-07-12T18:41:00.000,17.8478
2025-07-12T18:42:00.000,17.9559
2025-07-12T18:43:00.000,18.0338
2025-07-12T18:44:00.000,18.0762
2025-07-12T18:45:00.000,18.0735
2025-07-12T18:46:00.000,18.0065
2025-07-12T18:47:00.000,17.9586
2025-07-12T18:48:00.000,17.9449
2025-07-12T18:49:00.000,17.9573
2025-07-12T18:50:00.000,17.9641
2025-07-12T18:51:00.000,17.9709
2025-07-12T18:52:00.000,17.9723
2025-07-12T18:53:00.000,17.9614
2025-07-12T18:54:00.000,17.9408
2025-07-12T18:55:00.000,17.9189
2025-07-12T18:56:00.000,17.9012
2025-07-12T18:57:00.000,17.8834
2025-07-12T18:58:00.000,17.8683
2025-07-12T18:59:00.000,17.8588
2025-07-12T19:00:00.000,17.8519
2025-07-12T19:01:00.000,17.8382
2025-07-12T19:02:00.000,17.8259
2025-07-12T19:03:00.000,17.8095
2025-07-12T19:04:00.000,17.8054
2025-07-12T19:05:00.000,17.7945
2025-07-12T19:06:00.000,17.7603
2025-07-12T19:07:00.000,17.7356
2025-07-12T19:08:00.000,17.7233
2025-07-12T19:09:00.000,17.7192
2025-07-12T19:10:00.000,17.6439
2025-07-12T19:11:00.000,17.5892
2025-07-12T19:12:00.000,17.5482
2025-07-12T19:13:00.000,17.4209
2025-07-12T19:14:00.000,17.2388
2025-07-12T19:15:00.000,17.0676
2025-07-12T19:16:00.000,16.9305
2025-07-12T19:17:00.000,16.8278
2025-07-12T19:18:00.000,16.7154
2025-07-12T19:19:00.000,16.6482
2025-07-12T19:20:00.000,16.5686
2025-07-12T19:21:00.000,16.3999
2025-07-12T19:22:00.000,16.2132
2025-07-12T19:23:00.000,16.0086
2025-07-12T19:24:00.000,15.7502
2025-07-12T19:25:00.000,15.5481
2025-07-12T19:26:00.000,15.4256
2025-07-12T19:27:00.000,15.2920
2025-07-12T19:28:00.000,15.1749
2025-07-12T19:29:00.000,15.1487
2025-07-12T19:30:00.000,15.3168
2025-07-12T19:31:00.000,15.4380
2025-07-12T19:32:00.000,15.4806
2025-07-12T19:33:00.000,15.4435
2025-07-12T19:34:00.000,15.3306
2025-07-12T19:35:00.000,15.1322
2025-07-12T19:36:00.000,14.9047
2025-07-12T19:37:00.000,14.6824
2025-07-12T19:38:00.000,14.5167
2025-07-12T19:39:00.000,14.4213
2025-07-12T19:40:00.000,14.3673
2025-07-12T19:41:00.000,14.3120
2025-07-12T19:42:00.000,14.2248
2025-07-12T19:43:00.000,14.1459
2025-07-12T19:44:00.000,14.0628
2025-07-12T19:45:00.000,13.9658
2025-07-12T19:46:00.000,13.8729
2025-07-12T19:47:00.000,13.7883
2025-07-12T19:48:00.000,13.7120
2025-07-12T19:49:00.000,13.6468
2025-07-12T19:50:00.000,13.6023
2025-07-12T19:51:00.000,13.5718
2025-07-12T19:52:00.000,13.6287
2025-07-12T19:53:00.000,13.9949
2025-07-12T19:54:00.000,14.3950
2025-07-12T19:55:00.000,14.5167
2025-07-12T19:56:00.000,14.6396
2025-07-12T19:57:00.000,15.0109
2025-07-12T19:58:00.000,15.4834
2025-07-12T19:59:00.000,15.9811
2025-07-12T20:00:00.000,15.9811
2025-07-12T20:01:00.000,15.8217
2025-07-12T20:02:00.000,15.4435
2025-07-12T20:03:00.000,15.1322
2025-07-12T20:04:00.000,14.8357
2025-07-12T20:05:00.000,14.5982
2025-07-12T20:06:00.000,14.3770
2025-07-12T20:07:00.000,14.2484
2025-07-12T20:08:00.000,14.0850
2025-07-12T20:09:00.000,13.9256
2025-07-12T20:10:00.000,13.7759
2025-07-12T20:11:00.000,13.6482
2025-07-12T20:12:00.000,13.5398
2025-07-12T20:13:00.000,13.4453
2025-07-12T20:14:00.000,13.3702
2025-07-12T20:15:00.000,13.3118
2025-07-12T20:16:00.000,13.2756
2025-07-12T20:17:00.000,13.2534
2025-07-12T20:18:00.000,13.2367
2025-07-12T20:19:00.000,13.2269
2025-07-12T20:20:00.000,13.2228
2025-07-12T20:21:00.000,13.2339
2025-07-12T20:22:00.000,13.2492
2025-07-12T20:23:00.000,13.2756
2025-07-12T20:24:00.000,13.3327
2025-07-12T20:25:00.000,13.4106
2025-07-12T20:26:00.000,13.4801
2025-07-12T20:27:00.000,13.5232
2025-07-12T20:28:00.000,13.5607
2025-07-12T20:29:00.000,13.5954
2025-07-12T20:30:00.000,13.6329
2025-07-12T20:31:00.000,13.6440
2025-07-12T20:32:00.000,13.6246
2025-07-12T20:33:00.000,13.5843
2025-07-12T20:34:00.000,13.5370
2025-07-12T20:35:00.000,13.4954
2025-07-12T20:36:00.000,13.4551
2025-07-12T20:37:00.000,13.4161
2025-07-12T20:38:00.000,13.3814
2025-07-12T20:39:00.000,13.3549
2025-07-12T20:40:00.000,13.3341
2025-07-12T20:41:00.000,13.3188
2025-07-12T20:42:00.000,13.3076
2025-07-12T20:43:00.000,13.3021
2025-07-12T20:44:00.000,13.2979
2025-07-12T20:45:00.000,13.2937
2025-07-12T20:46:00.000,13.2909
2025-07-12T20:47:00.000,13.2840
2025-07-12T20:48:00.000,13.2756
2025-07-12T20:49:00.000,13.2687
2025-07-12T20:50:00.000,13.2617
2025-07-12T20:51:00.000,13.2589
2025-07-12T20:52:00.000,13.2548
2025-07-12T20:53:00.000,13.2534
2025-07-12T20:54:00.000,13.2506
2025-07-12T20:55:00.000,13.2436
2025-07-12T20:56:00.000,13.2353
2025-07-12T20:57:00.000,13.2228
2025-07-12T20:58:00.000,13.2060
2025-07-12T20:59:00.000,13.1810
2025-07-12T21:00:00.000,13.1490
2025-07-12T21:01:00.000,13.1002
2025-07-12T21:02:00.000,13.0459
2025-07-12T21:03:00.000,12.9985
2025-07-12T21:04:00.000,12.9483
2025-07-12T21:05:00.000,12.8981
2025-07-12T21:06:00.000,12.8520
2025-07-12T21:07:00.000,12.8088
2025-07-12T21:08:00.000,12.7739
2025-07-12T21:09:00.000,12.7446
2025-07-12T21:10:00.000,12.7180
2025-07-12T21:11:00.000,12.6915
2025-07-12T21:12:00.000,12.6677
2025-07-12T21:13:00.000,12.6482
2025-07-12T21:14:00.000,12.6342
2025-07-12T21:15:00.000,12.6300
2025-07-12T21:16:00.000,12.6370
2025-07-12T21:17:00.000,12.6566
2025-07-12T21:18:00.000,12.6859
2025-07-12T21:19:00.000,12.7124
2025-07-12T21:20:00.000,12.7362
2025-07-12T21:21:00.000,12.7501
2025-07-12T21:22:00.000,12.7627
2025-07-12T21:23:00.000,12.7641
2025-07-12T21:24:00.000,12.7613
2025-07-12T21:25:00.000,12.7585
2025-07-12T21:26:00.000,12.7543
2025-07-12T21:27:00.000,12.7515
2025-07-12T21:28:00.000,12.7501
2025-07-12T21:29:00.000,12.7669
2025-07-12T21:30:00.000,12.7948
2025-07-12T21:31:00.000,12.8353
2025-07-12T21:32:00.000,12.8702
2025-07-12T21:33:00.000,12.8953
2025-07-12T21:34:00.000,12.9078
2025-07-12T21:35:00.000,12.9204
2025-07-12T21:36:00.000,12.9190
2025-07-12T21:37:00.000,12.9134
2025-07-12T21:38:00.000,12.9023
2025-07-12T21:39:00.000,12.8953
2025-07-12T21:40:00.000,12.8855
2025-07-12T21:41:00.000,12.8716
2025-07-12T21:42:00.000,12.8632
2025-07-12T21:43:00.000,12.8534
2025-07-12T21:44:00.000,12.8423
2025-07-12T21:45:00.000,12.8283
2025-07-12T21:46:00.000,12.8241
2025-07-12T21:47:00.000,12.8297
2025-07-12T21:48:00.000,12.8409
2025-07-12T21:49:00.000,12.8618
2025-07-12T21:50:00.000,12.8827
2025-07-12T21:51:00.000,12.9037
2025-07-12T21:52:00.000,12.9037
2025-07-12T21:53:00.000,12.8730
2025-07-12T21:54:00.000,12.8241
2025-07-12T21:55:00.000,12.7739
2025-07-12T21:56:00.000,12.7418
2025-07-12T21:57:00.000,12.7515
2025-07-12T21:58:00.000,12.7739
2025-07-12T21:59:00.000,12.8171
2025-07-12T22:00:00.000,12.8688
2025-07-12T22:01:00.000,12.9204
2025-07-12T22:02:00.000,12.9232
2025-07-12T22:03:00.000,12.8981
2025-07-12T22:04:00.000,12.8632
2025-07-12T22:05:00.000,12.8241
2025-07-12T22:06:00.000,12.7920
2025-07-12T22:07:00.000,12.7739
2025-07-12T22:08:00.000,12.7613
2025-07-12T22:09:00.000,12.7487
2025-07-12T22:10:00.000,12.7543
2025-07-12T22:11:00.000,12.8046
2025-07-12T22:12:00.000,12.8646
2025-07-12T22:13:00.000,12.9246
2025-07-12T22:14:00.000,13.0027
2025-07-12T22:15:00.000,13.0821
2025-07-12T22:16:00.000,13.1504
2025-07-12T22:17:00.000,13.2172
2025-07-12T22:18:00.000,13.2172
2025-07-12T22:19:00.000,13.2186
2025-07-12T22:20:00.000,13.2116
2025-07-12T22:21:00.000,13.1921
2025-07-12T22:22:00.000,13.1531
2025-07-12T22:23:00.000,13.1016
2025-07-12T22:24:00.000,13.0598
2025-07-12T22:25:00.000,13.0166
2025-07-12T22:26:00.000,12.9929
2025-07-12T22:27:00.000,12.9859
2025-07-12T22:28:00.000,12.9859
2025-07-12T22:29:00.000,12.9859
2025-07-12T22:30:00.000,13.0041
2025-07-12T22:31:00.000,13.0194
2025-07-12T22:32:00.000,13.0389
2025-07-12T22:33:00.000,13.0347
2025-07-12T22:34:00.000,13.0291
2025-07-12T22:35:00.000,13.0250
2025-07-12T22:36:00.000,13.0180
2025-07-12T22:37:00.000,13.0110
2025-07-12T22:38:00.000,13.0027
2025-07-12T22:39:00.000,12.9999
2025-07-12T22:40:00.000,12.9985
2025-07-12T22:41:00.000,13.0347
2025-07-12T22:42:00.000,13.0682
2025-07-12T22:43:00.000,13.1072
2025-07-12T22:44:00.000,13.1295
2025-07-12T22:45:00.000,13.1183
2025-07-12T22:46:00.000,13.2158
2025-07-12T22:47:00.000,13.3536
2025-07-12T22:48:00.000,13.8008
2025-07-12T22:49:00.000,14.4157
2025-07-12T22:50:00.000,15.0150
2025-07-12T22:51:00.000,15.5233
2025-07-12T22:52:00.000,15.8850
2025-07-12T22:53:00.000,16.1089
2025-07-12T22:54:00.000,16.3107
2025-07-12T22:55:00.000,16.4781
2025-07-12T22:56:00.000,16.6290
2025-07-12T22:57:00.000,16.7688
2025-07-12T22:58:00.000,16.8264
2025-07-12T22:59:00.000,16.7743
2025-07-12T23:00:00.000,16.8017
2025-07-12T23:01:00.000,16.8511
2025-07-12T23:02:00.000,16.9031
2025-07-12T23:03:00.000,16.8922
2025-07-12T23:04:00.000,16.8237
2025-07-12T23:05:00.000,16.7195
2025-07-12T23:06:00.000,16.5371
2025-07-12T23:07:00.000,16.3203
2025-07-12T23:08:00.000,16.0622
2025-07-12T23:09:00.000,15.8286
2025-07-12T23:10:00.000,15.6402
2025-07-12T23:11:00.000,15.5880
2025-07-12T23:12:00.000,15.5783
2025-07-12T23:13:00.000,15.6045
2025-07-12T23:14:00.000,15.5880
2025-07-12T23:15:00.000,15.5962
2025-07-12T23:16:00.000,15.5659
2025-07-12T23:17:00.000,15.5205
2025-07-12T23:18:00.000,15.4834
2025-07-12T23:19:00.000,15.4682
2025-07-12T23:20:00.000,15.4559
2025-07-12T23:21:00.000,15.4462
2025-07-12T23:22:00.000,15.4393
2025-07-12T23:23:00.000,15.4269
2025-07-12T23:24:00.000,15.3939
2025-07-12T23:25:00.000,15.3292
2025-07-12T23:26:00.000,15.2465
2025-07-12T23:27:00.000,15.1597
2025-07-12T23:28:00.000,15.0688
2025-07-12T23:29:00.000,14.9847
2025-07-12T23:30:00.000,14.9005
2025-07-12T23:31:00.000,14.8219
2025-07-12T23:32:00.000,14.7515
2025-07-12T23:33:00.000,14.6838
2025-07-12T23:34:00.000,14.6424
2025-07-12T23:35:00.000,14.6009
2025-07-12T23:36:00.000,14.5650
2025-07-12T23:37:00.000,14.5222
2025-07-12T23:38:00.000,14.4793
2025-07-12T23:39:00.000,14.4351
2025-07-12T23:40:00.000,14.4019
2025-07-12T23:41:00.000,14.3798
2025-07-12T23:42:00.000,14.3646
2025-07-12T23:43:00.000,14.3604
2025-07-12T23:44:00.000,14.3507
2025-07-12T23:45:00.000,14.3411
2025-07-12T23:46:00.000,14.3258
2025-07-12T23:47:00.000,14.3065
2025-07-12T23:48:00.000,14.2802
2025-07-12T23:49:00.000,14.2553
2025-07-12T23:50:00.000,14.2207
2025-07-12T23:51:00.000,14.1833
2025-07-12T23:52:00.000,14.1542
2025-07-12T23:53:00.000,14.1390
2025-07-12T23:54:00.000,14.1210
2025-07-12T23:55:00.000,14.1016
2025-07-12T23:56:00.000,14.0988
2025-07-12T23:57:00.000,14.1127
2025-07-12T23:58:00.000,14.1390
2025-07-12T23:59:00.000,14.1681
2025-07-13T00:00:00.000,14.2068
2025-07-13T00:01:00.000,14.2428
2025-07-13T00:02:00.000,14.2733
2025-07-13T00:03:00.000,14.3079
2025-07-13T00:04:00.000,14.3424
2025-07-13T00:05:00.000,14.4116
2025-07-13T00:06:00.000,14.4600
2025-07-13T00:07:00.000,14.5802
2025-07-13T00:08:00.000,14.7294
2025-07-13T00:09:00.000,14.8467
2025-07-13T00:10:00.000,15.0481
2025-07-13T00:11:00.000,15.2410
2025-07-13T00:12:00.000,15.3691
2025-07-13T00:13:00.000,15.4600
2025-07-13T00:14:00.000,15.4641
2025-07-13T00:15:00.000,15.3967
2025-07-13T00:16:00.000,15.3526
2025-07-13T00:17:00.000,15.2658
2025-07-13T00:18:00.000,15.1639
2025-07-13T00:19:00.000,15.0329
2025-07-13T00:20:00.000,14.8978
2025-07-13T00:21:00.000,14.8039
2025-07-13T00:22:00.000,14.7639
2025-07-13T00:23:00.000,14.7252
2025-07-13T00:24:00.000,14.7004
2025-07-13T00:25:00.000,14.7211
2025-07-13T00:26:00.000,14.7970
2025-07-13T00:27:00.000,14.8467
2025-07-13T00:28:00.000,14.8964
2025-07-13T00:29:00.000,14.9681
2025-07-13T00:30:00.000,15.1294
2025-07-13T00:31:00.000,15.2617
2025-07-13T00:32:00.000,15.3953
2025-07-13T00:33:00.000,15.5302
2025-07-13T00:34:00.000,15.5604
2025-07-13T00:35:00.000,15.5178
2025-07-13T00:36:00.000,15.4641
2025-07-13T00:37:00.000,15.4737
2025-07-13T00:38:00.000,15.4476
2025-07-13T00:39:00.000,15.4269
2025-07-13T00:40:00.000,15.2961
2025-07-13T00:41:00.000,15.1611
2025-07-13T00:42:00.000,15.1556
2025-07-13T00:43:00.000,15.1391
2025-07-13T00:44:00.000,15.1308
2025-07-13T00:45:00.000,15.0977
2025-07-13T00:46:00.000,15.0274
2025-07-13T00:47:00.000,14.9764
2025-07-13T00:48:00.000,14.9433
2025-07-13T00:49:00.000,14.9129
2025-07-13T00:50:00.000,14.8729
2025-07-13T00:51:00.000,14.8453
2025-07-13T00:52:00.000,14.8233
2025-07-13T00:53:00.000,14.8315
2025-07-13T00:54:00.000,14.8426
2025-07-13T00:55:00.000,14.8315
2025-07-13T00:56:00.000,14.8371
2025-07-13T00:57:00.000,14.8288
2025-07-13T00:58:00.000,14.8288
2025-07-13T00:59:00.000,14.8509
2025-07-13T01:00:00.000,14.8840
2025-07-13T01:01:00.000,14.9102
2025-07-13T01:02:00.000,14.9019
2025-07-13T01:03:00.000,14.8867
2025-07-13T01:04:00.000,14.8674
2025-07-13T01:05:00.000,14.8757
2025-07-13T01:06:00.000,14.8743
2025-07-13T01:07:00.000,14.8578
2025-07-13T01:08:00.000,14.8481
2025-07-13T01:09:00.000,14.8426
2025-07-13T01:10:00.000,14.8426
2025-07-13T01:11:00.000,14.8812
2025-07-13T01:12:00.000,14.9447
2025-07-13T01:13:00.000,15.0053
2025-07-13T01:14:00.000,15.0688
2025-07-13T01:15:00.000,15.1267
2025-07-13T01:16:00.000,15.1763
2025-07-13T01:17:00.000,15.2025
2025-07-13T01:18:00.000,15.2259
2025-07-13T01:19:00.000,15.2465
2025-07-13T01:20:00.000,15.2645
2025-07-13T01:21:00.000,15.2837
2025-07-13T01:22:00.000,15.2934
2025-07-13T01:23:00.000,15.3030
2025-07-13T01:24:00.000,15.3085
2025-07-13T01:25:00.000,15.3140
2025-07-13T01:26:00.000,15.3195
2025-07-13T01:27:00.000,15.3223
2025-07-13T01:28:00.000,15.3251
2025-07-13T01:29:00.000,15.3223
2025-07-13T01:30:00.000,15.3113
2025-07-13T01:31:00.000,15.2975
2025-07-13T01:32:00.000,15.2865
2025-07-13T01:33:00.000,15.2755
2025-07-13T01:34:00.000,15.2589
2025-07-13T01:35:00.000,15.2479
2025-07-13T01:36:00.000,15.2259
2025-07-13T01:37:00.000,15.2052
2025-07-13T01:38:00.000,15.1859
2025-07-13T01:39:00.000,15.1611
2025-07-13T01:40:00.000,15.1542
2025-07-13T01:41:00.000,15.1556
2025-07-13T01:42:00.000,15.1460
2025-07-13T01:43:00.000,15.1280
2025-07-13T01:44:00.000,15.1170
2025-07-13T01:45:00.000,15.1032
2025-07-13T01:46:00.000,15.0770
2025-07-13T01:47:00.000,15.0674
2025-07-13T01:48:00.000,15.0743
2025-07-13T01:49:00.000,15.0715
2025-07-13T01:50:00.000,15.0619
2025-07-13T01:51:00.000,15.0536
2025-07-13T01:52:00.000,15.0453
2025-07-13T01:53:00.000,15.0343
2025-07-13T01:54:00.000,15.0233
2025-07-13T01:55:00.000,15.0178
2025-07-13T01:56:00.000,15.0095
2025-07-13T01:57:00.000,15.0026
2025-07-13T01:58:00.000,14.9998
2025-07-13T01:59:00.000,15.0012
2025-07-13T02:00:00.000,14.9998
2025-07-13T02:01:00.000,14.9943
2025-07-13T02:02:00.000,14.9819
2025-07-13T02:03:00.000,14.9723
2025-07-13T02:04:00.000,14.9654
2025-07-13T02:05:00.000,14.9626
2025-07-13T02:06:00.000,14.9667
2025-07-13T02:07:00.000,14.9640
2025-07-13T02:08:00.000,14.9557
2025-07-13T02:09:00.000,14.9612
2025-07-13T02:10:00.000,14.9640
2025-07-13T02:11:00.000,14.9709
2025-07-13T02:12:00.000,14.9805
2025-07-13T02:13:00.000,14.9860
2025-07-13T02:14:00.000,14.9833
2025-07-13T02:15:00.000,14.9888
2025-07-13T02:16:00.000,15.0067
2025-07-13T02:17:00.000,15.0191
2025-07-13T02:18:00.000,15.0302
2025-07-13T02:19:00.000,15.0329
2025-07-13T02:20:00.000,15.0426
2025-07-13T02:21:00.000,15.0495
2025-07-13T02:22:00.000,15.0481
2025-07-13T02:23:00.000,15.0384
2025-07-13T02:24:00.000,15.0315
2025-07-13T02:25:00.000,15.0247
2025-07-13T02:26:00.000,15.0343
2025-07-13T02:27:00.000,15.0371
2025-07-13T02:28:00.000,15.0384
2025-07-13T02:29:00.000,15.0371
2025-07-13T02:30:00.000,15.0371
2025-07-13T02:31:00.000,15.0481
2025-07-13T02:32:00.000,15.0633
2025-07-13T02:33:00.000,15.0633
2025-07-13T02:34:00.000,15.0591
2025-07-13T02:35:00.000,15.0591
2025-07-13T02:36:00.000,15.0619
2025-07-13T02:37:00.000,15.0605
2025-07-13T02:38:00.000,15.0591
2025-07-13T02:39:00.000,15.0577
2025-07-13T02:40:00.000,15.0564
2025-07-13T02:41:00.000,15.0495
2025-07-13T02:42:00.000,15.0398
2025-07-13T02:43:00.000,15.0302
2025-07-13T02:44:00.000,15.0302
2025-07-13T02:45:00.000,15.0357
2025-07-13T02:46:00.000,15.0412
2025-07-13T02:47:00.000,15.0343
2025-07-13T02:48:00.000,15.0233
2025-07-13T02:49:00.000,15.0178
2025-07-13T02:50:00.000,15.0191
2025-07-13T02:51:00.000,15.0178
2025-07-13T02:52:00.000,15.0150
2025-07-13T02:53:00.000,15.0136
2025-07-13T02:54:00.000,15.0150
2025-07-13T02:55:00.000,15.0150
2025-07-13T02:56:00.000,15.0178
2025-07-13T02:57:00.000,15.0233
2025-07-13T02:58:00.000,15.0315
2025-07-13T02:59:00.000,15.0384
2025-07-13T03:00:00.000,15.0426
2025-07-13T03:01:00.000,15.0509
2025-07-13T03:02:00.000,15.0522
2025-07-13T03:03:00.000,15.0522
2025-07-13T03:04:00.000,15.0495
2025-07-13T03:05:00.000,15.0247
2025-07-13T03:06:00.000,14.9364
2025-07-13T03:07:00.000,14.8978
2025-07-13T03:08:00.000,14.8605
2025-07-13T03:09:00.000,14.7818
2025-07-13T03:10:00.000,14.7625
2025-07-13T03:11:00.000,14.7736
2025-07-13T03:12:00.000,14.7805
2025-07-13T03:13:00.000,14.7860
2025-07-13T03:14:00.000,14.7998
2025-07-13T03:15:00.000,14.8288
2025-07-13T03:16:00.000,14.8522
2025-07-13T03:17:00.000,14.8716
2025-07-13T03:18:00.000,14.8936
2025-07-13T03:19:00.000,14.9074
2025-07-13T03:20:00.000,14.9171
2025-07-13T03:21:00.000,14.9295
2025-07-13T03:22:00.000,14.9447
2025-07-13T03:23:00.000,14.9626
2025-07-13T03:24:00.000,14.9833
2025-07-13T03:25:00.000,15.0026
2025-07-13T03:26:00.000,15.0095
2025-07-13T03:27:00.000,15.0178
2025-07-13T03:28:00.000,15.0260
2025-07-13T03:29:00.000,15.0315
2025-07-13T03:30:00.000,15.0357
2025-07-13T03:31:00.000,15.0440
2025-07-13T03:32:00.000,15.0591
2025-07-13T03:33:00.000,15.0812
2025-07-13T03:34:00.000,15.1143
2025-07-13T03:35:00.000,15.1556
2025-07-13T03:36:00.000,15.1763
2025-07-13T03:37:00.000,15.1873
2025-07-13T03:38:00.000,15.1914
2025-07-13T03:39:00.000,15.1928
2025-07-13T03:40:00.000,15.1914
2025-07-13T03:41:00.000,15.1901
2025-07-13T03:42:00.000,15.1901
2025-07-13T03:43:00.000,15.1818
2025-07-13T03:44:00.000,15.1653
2025-07-13T03:45:00.000,15.1432
2025-07-13T03:46:00.000,15.1225
2025-07-13T03:47:00.000,15.1046
2025-07-13T03:48:00.000,15.0922
2025-07-13T03:49:00.000,15.0812
2025-07-13T03:50:00.000,15.0702
2025-07-13T03:51:00.000,15.0674
2025-07-13T03:52:00.000,15.0715
2025-07-13T03:53:00.000,15.0770
2025-07-13T03:54:00.000,15.0867
2025-07-13T03:55:00.000,15.0950
2025-07-13T03:56:00.000,15.1074
2025-07-13T03:57:00.000,15.1170
2025-07-13T03:58:00.000,15.1225
2025-07-13T03:59:00.000,15.1336
2025-07-13T04:00:00.000,15.1377
2025-07-13T04:01:00.000,15.1377
2025-07-13T04:02:00.000,15.1363
2025-07-13T04:03:00.000,15.1391
2025-07-13T04:04:00.000,15.1432
2025-07-13T04:05:00.000,15.1529
2025-07-13T04:06:00.000,15.1639
2025-07-13T04:07:00.000,15.1790
2025-07-13T04:08:00.000,15.1942
2025-07-13T04:09:00.000,15.2121
2025-07-13T04:10:00.000,15.2286
2025-07-13T04:11:00.000,15.2521
2025-07-13T04:12:00.000,15.2645
2025-07-13T04:13:00.000,15.2672
2025-07-13T04:14:00.000,15.2837
2025-07-13T04:15:00.000,15.2920
2025-07-13T04:16:00.000,15.2892
2025-07-13T04:17:00.000,15.2920
2025-07-13T04:18:00.000,15.2989
2025-07-13T04:19:00.000,15.3140
2025-07-13T04:20:00.000,15.2989
2025-07-13T04:21:00.000,15.2782
2025-07-13T04:22:00.000,15.2686
2025-07-13T04:23:00.000,15.2562
2025-07-13T04:24:00.000,15.2383
2025-07-13T04:25:00.000,15.2273
2025-07-13T04:26:00.000,15.2066
2025-07-13T04:27:00.000,15.1611
2025-07-13T04:28:00.000,15.1280
2025-07-13T04:29:00.000,15.1101
2025-07-13T04:30:00.000,15.0991
2025-07-13T04:31:00.000,15.0784
2025-07-13T04:32:00.000,15.0715
2025-07-13T04:33:00.000,15.0605
2025-07-13T04:34:00.000,15.0729
2025-07-13T04:35:00.000,15.0757
2025-07-13T04:36:00.000,15.0715
2025-07-13T04:37:00.000,15.0729
2025-07-13T04:38:00.000,15.0991
2025-07-13T04:39:00.000,15.1253
2025-07-13T04:40:00.000,15.1763
2025-07-13T04:41:00.000,15.1556
2025-07-13T04:42:00.000,15.1446
2025-07-13T04:43:00.000,15.1239
2025-07-13T04:44:00.000,15.1087
2025-07-13T04:45:00.000,15.0977
2025-07-13T04:46:00.000,15.0839
2025-07-13T04:47:00.000,15.0481
2025-07-13T04:48:00.000,15.0040
2025-07-13T04:49:00.000,14.9654
2025-07-13T04:50:00.000,14.9102
2025-07-13T04:51:00.000,14.8702
2025-07-13T04:52:00.000,14.8108
2025-07-13T04:53:00.000,14.7763
2025-07-13T04:54:00.000,14.7335
2025-07-13T04:55:00.000,14.6976
2025-07-13T04:56:00.000,14.6479
2025-07-13T04:57:00.000,14.6203
2025-07-13T04:58:00.000,14.6244
2025-07-13T04:59:00.000,14.6203
2025-07-13T05:00:00.000,14.6230
2025-07-13T05:01:00.000,14.6244
2025-07-13T05:02:00.000,14.6148
2025-07-13T05:03:00.000,14.6217
2025-07-13T05:04:00.000,14.5940
2025-07-13T05:05:00.000,14.5636
2025-07-13T05:06:00.000,14.5305
2025-07-13T05:07:00.000,14.5277
2025-07-13T05:08:00.000,14.5263
2025-07-13T05:09:00.000,14.5167
2025-07-13T05:10:00.000,14.5180
2025-07-13T05:11:00.000,14.5319
2025-07-13T05:12:00.000,14.5319
2025-07-13T05:13:00.000,14.5319
2025-07-13T05:14:00.000,14.5374
2025-07-13T05:15:00.000,14.5291
2025-07-13T05:16:00.000,14.5180
2025-07-13T05:17:00.000,14.5070
2025-07-13T05:18:00.000,14.4973
2025-07-13T05:19:00.000,14.5015
2025-07-13T05:20:00.000,14.4793
2025-07-13T05:21:00.000,14.4503
2025-07-13T05:22:00.000,14.4199
2025-07-13T05:23:00.000,14.4130
2025-07-13T05:24:00.000,14.4545
2025-07-13T05:25:00.000,14.5056
2025-07-13T05:26:00.000,14.5498
2025-07-13T05:27:00.000,14.6051
2025-07-13T05:28:00.000,14.6755
2025-07-13T05:29:00.000,14.7584
2025-07-13T05:30:00.000,14.8481
2025-07-13T05:31:00.000,14.9336
2025-07-13T05:32:00.000,14.9902
2025-07-13T05:33:00.000,15.0260
2025-07-13T05:34:00.000,15.0012
2025-07-13T05:35:00.000,14.9640
2025-07-13T05:36:00.000,14.8716
2025-07-13T05:37:00.000,14.7722
2025-07-13T05:38:00.000,14.6949
2025-07-13T05:39:00.000,14.6410
2025-07-13T05:40:00.000,14.5678
2025-07-13T05:41:00.000,14.5042
2025-07-13T05:42:00.000,14.4641
2025-07-13T05:43:00.000,14.4406
2025-07-13T05:44:00.000,14.4240
2025-07-13T05:45:00.000,14.4047
2025-07-13T05:46:00.000,14.3895
2025-07-13T05:47:00.000,14.3922
2025-07-13T05:48:00.000,14.4061
2025-07-13T05:49:00.000,14.4392
2025-07-13T05:50:00.000,14.4807
2025-07-13T05:51:00.000,14.5056
2025-07-13T05:52:00.000,14.5097
2025-07-13T05:53:00.000,14.4932
2025-07-13T05:54:00.000,14.4655
2025-07-13T05:55:00.000,14.4600
2025-07-13T05:56:00.000,14.4406
2025-07-13T05:57:00.000,14.4102
2025-07-13T05:58:00.000,14.3881
2025-07-13T05:59:00.000,14.3494
2025-07-13T06:00:00.000,14.3189
2025-07-13T06:01:00.000,14.3134
2025-07-13T06:02:00.000,14.3355
2025-07-13T06:03:00.000,14.3798
2025-07-13T06:04:00.000,14.3881
2025-07-13T06:05:00.000,14.3991
2025-07-13T06:06:00.000,14.4351
2025-07-13T06:07:00.000,14.4503
2025-07-13T06:08:00.000,14.4558
2025-07-13T06:09:00.000,14.4669
2025-07-13T06:10:00.000,14.5070
2025-07-13T06:11:00.000,14.5332
2025-07-13T06:12:00.000,14.5595
2025-07-13T06:13:00.000,14.6065
2025-07-13T06:14:00.000,14.6728
2025-07-13T06:15:00.000,14.6935
2025-07-13T06:16:00.000,14.6962
2025-07-13T06:17:00.000,14.7266
2025-07-13T06:18:00.000,14.7183
2025-07-13T06:19:00.000,14.7114
2025-07-13T06:20:00.000,14.7032
2025-07-13T06:21:00.000,14.7280
2025-07-13T06:22:00.000,14.7763
2025-07-13T06:23:00.000,14.8357
2025-07-13T06:24:00.000,14.9019
2025-07-13T06:25:00.000,14.9805
2025-07-13T06:26:00.000,15.0522
2025-07-13T06:27:00.000,15.1032
2025-07-13T06:28:00.000,15.1460
2025-07-13T06:29:00.000,15.1887
2025-07-13T06:30:00.000,15.2066
2025-07-13T06:31:00.000,15.2410
2025-07-13T06:32:00.000,15.2645
2025-07-13T06:33:00.000,15.3016
2025-07-13T06:34:00.000,15.3650
2025-07-13T06:35:00.000,15.4311
2025-07-13T06:36:00.000,15.4792
2025-07-13T06:37:00.000,15.4985
2025-07-13T06:38:00.000,15.5068
2025-07-13T06:39:00.000,15.4930
2025-07-13T06:40:00.000,15.4985
2025-07-13T06:41:00.000,15.5068
2025-07-13T06:42:00.000,15.5343
2025-07-13T06:43:00.000,15.5604
2025-07-13T06:44:00.000,15.5825
2025-07-13T06:45:00.000,15.5893
2025-07-13T06:46:00.000,15.5962
2025-07-13T06:47:00.000,15.6017
2025-07-13T06:48:00.000,15.6127
2025-07-13T06:49:00.000,15.5907
2025-07-13T06:50:00.000,15.5549
2025-07-13T06:51:00.000,15.5302
2025-07-13T06:52:00.000,15.5164
2025-07-13T06:53:00.000,15.5233
2025-07-13T06:54:00.000,15.5095
2025-07-13T06:55:00.000,15.5343
2025-07-13T06:56:00.000,15.5866
2025-07-13T06:57:00.000,15.6347
2025-07-13T06:58:00.000,15.6884
2025-07-13T06:59:00.000,15.7640
2025-07-13T07:00:00.000,15.8327
2025-07-13T07:01:00.000,15.8822
2025-07-13T07:02:00.000,15.9179
2025-07-13T07:03:00.000,15.9495
2025-07-13T07:04:00.000,15.9702
2025-07-13T07:05:00.000,15.9935
2025-07-13T07:06:00.000,16.0182
2025-07-13T07:07:00.000,16.0416
2025-07-13T07:08:00.000,16.0622
2025-07-13T07:09:00.000,16.0842
2025-07-13T07:10:00.000,16.1020
2025-07-13T07:11:00.000,16.1130
2025-07-13T07:12:00.000,16.1226
2025-07-13T07:13:00.000,16.1322
2025-07-13T07:14:00.000,16.1432
2025-07-13T07:15:00.000,16.1542
2025-07-13T07:16:00.000,16.1734
2025-07-13T07:17:00.000,16.1844
2025-07-13T07:18:00.000,16.1940
2025-07-13T07:19:00.000,16.2036
2025-07-13T07:20:00.000,16.2119
2025-07-13T07:21:00.000,16.2174
2025-07-13T07:22:00.000,16.2187
2025-07-13T07:23:00.000,16.2215
2025-07-13T07:24:00.000,16.2242
2025-07-13T07:25:00.000,16.2229
2025-07-13T07:26:00.000,16.2187
2025-07-13T07:27:00.000,16.2160
2025-07-13T07:28:00.000,16.2187
2025-07-13T07:29:00.000,16.2283
2025-07-13T07:30:00.000,16.2338
2025-07-13T07:31:00.000,16.2366
2025-07-13T07:32:00.000,16.2311
2025-07-13T07:33:00.000,16.2160
2025-07-13T07:34:00.000,16.2009
2025-07-13T07:35:00.000,16.2036
2025-07-13T07:36:00.000,16.2146
2025-07-13T07:37:00.000,16.2325
2025-07-13T07:38:00.000,16.2517
2025-07-13T07:39:00.000,16.2654
2025-07-13T07:40:00.000,16.2736
2025-07-13T07:41:00.000,16.2833
2025-07-13T07:42:00.000,16.2929
2025-07-13T07:43:00.000,16.3025
2025-07-13T07:44:00.000,16.3148
2025-07-13T07:45:00.000,16.3244
2025-07-13T07:46:00.000,16.3231
2025-07-13T07:47:00.000,16.3299
2025-07-13T07:48:00.000,16.3423
2025-07-13T07:49:00.000,16.3670
2025-07-13T07:50:00.000,16.3972
2025-07-13T07:51:00.000,16.4260
2025-07-13T07:52:00.000,16.4438
2025-07-13T07:53:00.000,16.4493
2025-07-13T07:54:00.000,16.4520
2025-07-13T07:55:00.000,16.4575
2025-07-13T07:56:00.000,16.4616
2025-07-13T07:57:00.000,16.4616
2025-07-13T07:58:00.000,16.4603
2025-07-13T07:59:00.000,16.4616
2025-07-13T08:00:00.000,16.4658
2025-07-13T08:01:00.000,16.4685
2025-07-13T08:02:00.000,16.4699
2025-07-13T08:03:00.000,16.4644
2025-07-13T08:04:00.000,16.4575
2025-07-13T08:05:00.000,16.4466
2025-07-13T08:06:00.000,16.4315
2025-07-13T08:07:00.000,16.4232
2025-07-13T08:08:00.000,16.4232
2025-07-13T08:09:00.000,16.4328
2025-07-13T08:10:00.000,16.4370
2025-07-13T08:11:00.000,16.4520
2025-07-13T08:12:00.000,16.4603
2025-07-13T08:13:00.000,16.4699
2025-07-13T08:14:00.000,16.4658
2025-07-13T08:15:00.000,16.4452
2025-07-13T08:16:00.000,16.4136
2025-07-13T08:17:00.000,16.3807
2025-07-13T08:18:00.000,16.3574
2025-07-13T08:19:00.000,16.3546
2025-07-13T08:20:00.000,16.3642
2025-07-13T08:21:00.000,16.3834
2025-07-13T08:22:00.000,16.3958
2025-07-13T08:23:00.000,16.4040
2025-07-13T08:24:00.000,16.4054
2025-07-13T08:25:00.000,16.3999
2025-07-13T08:26:00.000,16.4342
2025-07-13T08:27:00.000,16.4685
2025-07-13T08:28:00.000,16.4973
2025-07-13T08:29:00.000,16.5974
2025-07-13T08:30:00.000,16.7990
2025-07-13T08:31:00.000,17.0963
2025-07-13T08:32:00.000,17.4318
2025-07-13T08:33:00.000,17.7753
2025-07-13T08:34:00.000,18.1132
2025-07-13T08:35:00.000,18.4373
2025-07-13T08:36:00.000,18.7408
2025-07-13T08:37:00.000,19.0237
2025-07-13T08:38:00.000,19.2985
2025-07-13T08:39:00.000,19.5309
2025-07-13T08:40:00.000,19.7223
2025-07-13T08:41:00.000,19.9028
2025-07-13T08:42:00.000,20.0450
2025-07-13T08:43:00.000,20.1859
2025-07-13T08:44:00.000,20.3090
2025-07-13T08:45:00.000,20.4184
2025-07-13T08:46:00.000,20.5046
2025-07-13T08:47:00.000,20.5758
2025-07-13T08:48:00.000,20.6688
2025-07-13T08:49:00.000,20.7578
2025-07-13T08:50:00.000,20.8044
2025-07-13T08:51:00.000,20.8249
2025-07-13T08:52:00.000,20.8755
2025-07-13T08:53:00.000,20.9495
2025-07-13T08:54:00.000,21.0152
2025-07-13T08:55:00.000,21.0714
2025-07-13T08:56:00.000,21.1316
2025-07-13T08:57:00.000,21.1645
2025-07-13T08:58:00.000,21.0960
2025-07-13T08:59:00.000,20.8345
2025-07-13T09:00:00.000,20.4567
2025-07-13T09:01:00.000,20.0587
2025-07-13T09:02:00.000,19.6744
2025-07-13T09:03:00.000,19.3149
2025-07-13T09:04:00.000,18.9841
2025-07-13T09:05:00.000,18.6847
2025-07-13T09:06:00.000,18.4263
2025-07-13T09:07:00.000,18.2062
2025-07-13T09:08:00.000,18.0297
2025-07-13T09:09:00.000,17.8889
2025-07-13T09:10:00.000,17.7589
2025-07-13T09:11:00.000,17.6426
2025-07-13T09:12:00.000,17.5399
2025-07-13T09:13:00.000,17.4345
2025-07-13T09:14:00.000,17.3469
2025-07-13T09:15:00.000,17.3086
2025-07-13T09:16:00.000,17.2881
2025-07-13T09:17:00.000,17.2716
2025-07-13T09:18:00.000,17.3182
2025-07-13T09:19:00.000,17.4866
2025-07-13T09:20:00.000,17.6741
2025-07-13T09:21:00.000,17.7739
2025-07-13T09:22:00.000,17.7767
2025-07-13T09:23:00.000,17.7425
2025-07-13T09:24:00.000,17.7343
2025-07-13T09:25:00.000,17.7890
2025-07-13T09:26:00.000,17.8834
2025-07-13T09:27:00.000,17.9518
2025-07-13T09:28:00.000,17.9641
2025-07-13T09:29:00.000,17.9778
2025-07-13T09:30:00.000,18.0243
2025-07-13T09:31:00.000,18.1132
2025-07-13T09:32:00.000,18.2458
2025-07-13T09:33:00.000,18.3703
2025-07-13T09:34:00.000,18.4851
2025-07-13T09:35:00.000,18.6040
2025-07-13T09:36:00.000,18.7831
2025-07-13T09:37:00.000,19.0388
2025-07-13T09:38:00.000,19.4051
2025-07-13T09:39:00.000,19.8111
2025-07-13T09:40:00.000,20.2214
2025-07-13T09:41:00.000,20.5306
2025-07-13T09:42:00.000,20.7701
2025-07-13T09:43:00.000,21.0536
2025-07-13T09:44:00.000,21.3495
2025-07-13T09:45:00.000,21.6388
2025-07-13T09:46:00.000,21.8912
2025-07-13T09:47:00.000,22.0313
2025-07-13T09:48:00.000,22.0711
2025-07-13T09:49:00.000,22.1164
2025-07-13T09:50:00.000,22.2345
2025-07-13T09:51:00.000,22.4269
2025-07-13T09:52:00.000,22.6566
2025-07-13T09:53:00.000,22.9168
2025-07-13T09:54:00.000,23.1772
2025-07-13T09:55:00.000,23.4048
2025-07-13T09:56:00.000,23.6146
2025-07-13T09:57:00.000,23.8177
2025-07-13T09:58:00.000,23.9962
2025-07-13T09:59:00.000,24.1457
2025-07-13T10:00:00.000,24.3064
2025-07-13T10:01:00.000,24.4603
2025-07-13T10:02:00.000,24.5949
2025-07-13T10:03:00.000,24.7546
2025-07-13T10:04:00.000,24.9631
2025-07-13T10:05:00.000,25.1872
2025-07-13T10:06:00.000,25.4269
2025-07-13T10:07:00.000,25.6796
2025-07-13T10:08:00.000,25.8110
2025-07-13T10:09:00.000,25.8949
2025-07-13T10:10:00.000,25.9229
2025-07-13T10:11:00.000,25.9397
2025-07-13T10:12:00.000,25.9369
2025-07-13T10:13:00.000,25.9523
2025-07-13T10:14:00.000,25.9999
2025-07-13T10:15:00.000,26.0713
2025-07-13T10:16:00.000,26.2128
2025-07-13T10:17:00.000,26.4050
2025-07-13T10:18:00.000,26.5989
2025-07-13T10:19:00.000,26.8678
2025-07-13T10:20:00.000,27.1174
2025-07-13T10:21:00.000,27.3208
2025-07-13T10:22:00.000,27.5529
2025-07-13T10:23:00.000,27.7159
2025-07-13T10:24:00.000,27.8380
2025-07-13T10:25:00.000,27.9133
2025-07-13T10:26:00.000,27.9190
2025-07-13T10:27:00.000,27.8948
2025-07-13T10:28:00.000,27.9488
2025-07-13T10:29:00.000,28.0597
2025-07-13T10:30:00.000,28.2135
2025-07-13T10:31:00.000,28.3204
2025-07-13T10:32:00.000,28.4045
2025-07-13T10:33:00.000,28.5402
2025-07-13T10:34:00.000,28.7704
2025-07-13T10:35:00.000,29.0170
2025-07-13T10:36:00.000,29.2081
2025-07-13T10:37:00.000,29.3275
2025-07-13T10:38:00.000,29.4715
2025-07-13T10:39:00.000,29.6417
2025-07-13T10:40:00.000,29.7993
2025-07-13T10:41:00.000,30.0338
2025-07-13T10:42:00.000,30.2559
2025-07-13T10:43:00.000,30.2530
2025-07-13T10:44:00.000,30.2080
2025-07-13T10:45:00.000,30.1209
2025-07-13T10:46:00.000,30.0686
2025-07-13T10:47:00.000,29.9512
2025-07-13T10:48:00.000,29.9208
2025-07-13T10:49:00.000,29.9411
2025-07-13T10:50:00.000,30.0454
2025-07-13T10:51:00.000,30.0962
2025-07-13T10:52:00.000,30.0324
2025-07-13T10:53:00.000,30.0164
2025-07-13T10:54:00.000,30.0977
2025-07-13T10:55:00.000,30.2283
2025-07-13T10:56:00.000,30.3504
2025-07-13T10:57:00.000,30.4057
2025-07-13T10:58:00.000,30.5528
2025-07-13T10:59:00.000,30.7805
2025-07-13T11:00:00.000,31.0293
2025-07-13T11:01:00.000,31.3567
2025-07-13T11:02:00.000,31.6131
2025-07-13T11:03:00.000,31.6795
2025-07-13T11:04:00.000,31.6146
2025-07-13T11:05:00.000,31.5069
2025-07-13T11:06:00.000,31.3847
2025-07-13T11:07:00.000,31.2553
2025-07-13T11:08:00.000,31.1452
2025-07-13T11:09:00.000,31.1804
2025-07-13T11:10:00.000,31.3567
2025-07-13T11:11:00.000,31.4804
2025-07-13T11:12:00.000,31.4907
2025-07-13T11:13:00.000,31.5408
2025-07-13T11:14:00.000,31.5570
2025-07-13T11:15:00.000,31.5954
2025-07-13T11:16:00.000,31.7401
2025-07-13T11:17:00.000,31.8613
2025-07-13T11:18:00.000,31.8939
2025-07-13T11:19:00.000,31.9028
2025-07-13T11:20:00.000,31.9976
2025-07-13T11:21:00.000,32.0761
2025-07-13T11:22:00.000,32.0583
2025-07-13T11:23:00.000,32.0228
2025-07-13T11:24:00.000,32.0168
2025-07-13T11:25:00.000,31.9590
2025-07-13T11:26:00.000,31.9324
2025-07-13T11:27:00.000,31.9887
2025-07-13T11:28:00.000,32.1147
2025-07-13T11:29:00.000,32.1400
2025-07-13T11:30:00.000,32.2514
2025-07-13T11:31:00.000,32.3526
2025-07-13T11:32:00.000,32.5344
2025-07-13T11:33:00.000,32.6927
2025-07-13T11:34:00.000,32.7271
2025-07-13T11:35:00.000,32.6404
2025-07-13T11:36:00.000,32.7480
2025-07-13T11:37:00.000,33.1334
2025-07-13T11:38:00.000,33.6221
2025-07-13T11:39:00.000,34.1719
2025-07-13T11:40:00.000,34.6475
2025-07-13T11:41:00.000,34.6752
2025-07-13T11:42:00.000,34.4697
2025-07-13T11:43:00.000,34.3031
2025-07-13T11:44:00.000,34.1414
2025-07-13T11:45:00.000,33.8965
2025-07-13T11:46:00.000,33.7311
2025-07-13T11:47:00.000,33.6705
2025-07-13T11:48:00.000,33.4996
2025-07-13T11:49:00.000,33.2869
2025-07-13T11:50:00.000,33.0072
2025-07-13T11:51:00.000,32.7869
2025-07-13T11:52:00.000,32.5627
2025-07-13T11:53:00.000,32.3853
2025-07-13T11:54:00.000,32.5329
2025-07-13T11:55:00.000,33.0583
2025-07-13T11:56:00.000,33.5601
2025-07-13T11:57:00.000,34.1658
2025-07-13T11:58:00.000,34.7197
2025-07-13T11:59:00.000,35.2006
2025-07-13T12:00:00.000,35.6507
2025-07-13T12:01:00.000,35.8972
2025-07-13T12:02:00.000,35.7286
2025-07-13T12:03:00.000,35.4300
2025-07-13T12:04:00.000,35.0538
2025-07-13T12:05:00.000,34.9212
2025-07-13T12:06:00.000,34.9166
2025-07-13T12:07:00.000,34.9567
2025-07-13T12:08:00.000,35.2610
2025-07-13T12:09:00.000,35.5154
2025-07-13T12:10:00.000,35.7676
2025-07-13T12:11:00.000,35.8738
2025-07-13T12:12:00.000,35.8144
2025-07-13T12:13:00.000,35.7115
2025-07-13T12:14:00.000,35.6445
2025-07-13T12:15:00.000,35.6040
2025-07-13T12:16:00.000,35.4781
2025-07-13T12:17:00.000,35.3477
2025-07-13T12:18:00.000,35.3261
2025-07-13T12:19:00.000,35.4548
2025-07-13T12:20:00.000,35.4626
2025-07-13T12:21:00.000,35.5014
2025-07-13T12:22:00.000,35.5869
2025-07-13T12:23:00.000,35.6725
2025-07-13T12:24:00.000,35.6678
2025-07-13T12:25:00.000,35.5573
2025-07-13T12:26:00.000,35.4238
2025-07-13T12:27:00.000,35.2517
2025-07-13T12:28:00.000,35.1280
2025-07-13T12:29:00.000,34.9937
2025-07-13T12:30:00.000,34.9181
2025-07-13T12:31:00.000,34.7873
2025-07-13T12:32:00.000,34.7089
2025-07-13T12:33:00.000,34.6859
2025-07-13T12:34:00.000,34.5754
2025-07-13T12:35:00.000,34.5785
2025-07-13T12:36:00.000,34.5693
2025-07-13T12:37:00.000,34.6828
2025-07-13T12:38:00.000,34.7673
2025-07-13T12:39:00.000,34.9012
2025-07-13T12:40:00.000,34.9690
2025-07-13T12:41:00.000,34.9289
2025-07-13T12:42:00.000,34.7335
2025-07-13T12:43:00.000,34.4621
2025-07-13T12:44:00.000,34.1353
2025-07-13T12:45:00.000,33.8054
2025-07-13T12:46:00.000,33.4936
2025-07-13T12:47:00.000,33.2463
2025-07-13T12:48:00.000,33.0568
2025-07-13T12:49:00.000,32.9487
2025-07-13T12:50:00.000,32.8528
2025-07-13T12:51:00.000,32.8378
2025-07-13T12:52:00.000,32.8273
2025-07-13T12:53:00.000,32.7570
2025-07-13T12:54:00.000,32.6359
2025-07-13T12:55:00.000,32.5806
2025-07-13T12:56:00.000,32.4986
2025-07-13T12:57:00.000,32.3764
2025-07-13T12:58:00.000,32.2544
2025-07-13T12:59:00.000,32.1593
2025-07-13T13:00:00.000,32.0524
2025-07-13T13:01:00.000,31.9650
2025-07-13T13:02:00.000,31.8628
2025-07-13T13:03:00.000,31.7504
2025-07-13T13:04:00.000,31.6721
2025-07-13T13:05:00.000,31.5408
2025-07-13T13:06:00.000,31.4583
2025-07-13T13:07:00.000,31.3847
2025-07-13T13:08:00.000,31.3700
2025-07-13T13:09:00.000,31.3744
2025-07-13T13:10:00.000,31.4068
2025-07-13T13:11:00.000,31.5010
2025-07-13T13:12:00.000,31.6264
2025-07-13T13:13:00.000,31.6647
2025-07-13T13:14:00.000,31.6308
2025-07-13T13:15:00.000,31.5998
2025-07-13T13:16:00.000,31.5334
2025-07-13T13:17:00.000,31.5084
2025-07-13T13:18:00.000,31.5025
2025-07-13T13:19:00.000,31.4730
2025-07-13T13:20:00.000,31.4377
2025-07-13T13:21:00.000,31.4495
2025-07-13T13:22:00.000,31.5128
2025-07-13T13:23:00.000,31.5570
2025-07-13T13:24:00.000,31.5231
2025-07-13T13:25:00.000,31.4789
2025-07-13T13:26:00.000,31.4244
2025-07-13T13:27:00.000,31.3891
2025-07-13T13:28:00.000,31.3317
2025-07-13T13:29:00.000,31.2965
2025-07-13T13:30:00.000,31.2906
2025-07-13T13:31:00.000,31.3009
2025-07-13T13:32:00.000,31.3170
2025-07-13T13:33:00.000,31.3303
2025-07-13T13:34:00.000,31.4156
2025-07-13T13:35:00.000,31.5349
2025-07-13T13:36:00.000,31.6854
2025-07-13T13:37:00.000,31.7652
2025-07-13T13:38:00.000,31.7238
2025-07-13T13:39:00.000,31.6396
2025-07-13T13:40:00.000,31.5821
2025-07-13T13:41:00.000,31.5261
2025-07-13T13:42:00.000,31.4671
2025-07-13T13:43:00.000,31.4554
2025-07-13T13:44:00.000,31.4907
2025-07-13T13:45:00.000,31.5570
2025-07-13T13:46:00.000,31.5895
2025-07-13T13:47:00.000,31.5939
2025-07-13T13:48:00.000,31.5570
2025-07-13T13:49:00.000,31.5069
2025-07-13T13:50:00.000,31.4966
2025-07-13T13:51:00.000,31.5128
2025-07-13T13:52:00.000,31.5099
2025-07-13T13:53:00.000,31.5025
2025-07-13T13:54:00.000,31.5202
2025-07-13T13:55:00.000,31.5143
2025-07-13T13:56:00.000,31.5040
2025-07-13T13:57:00.000,31.4907
2025-07-13T13:58:00.000,31.4907
2025-07-13T13:59:00.000,31.5231
2025-07-13T14:00:00.000,31.5688
2025-07-13T14:01:00.000,31.5939
2025-07-13T14:02:00.000,31.6175
2025-07-13T14:03:00.000,31.6278
2025-07-13T14:04:00.000,31.6323
2025-07-13T14:05:00.000,31.6692
2025-07-13T14:06:00.000,31.6514
2025-07-13T14:07:00.000,31.6249
2025-07-13T14:08:00.000,31.5585
2025-07-13T14:09:00.000,31.4671
2025-07-13T14:10:00.000,31.4259
2025-07-13T14:11:00.000,31.3876
2025-07-13T14:12:00.000,31.3641
2025-07-13T14:13:00.000,31.3744
2025-07-13T14:14:00.000,31.4082
2025-07-13T14:15:00.000,31.4819
2025-07-13T14:16:00.000,31.6337
2025-07-13T14:17:00.000,31.8154
2025-07-13T14:18:00.000,31.9620
2025-07-13T14:19:00.000,32.0702
2025-07-13T14:20:00.000,32.1518
2025-07-13T14:21:00.000,32.1236
2025-07-13T14:22:00.000,32.0747
2025-07-13T14:23:00.000,31.9857
2025-07-13T14:24:00.000,31.9116
2025-07-13T14:25:00.000,31.7637
2025-07-13T14:26:00.000,31.5659
2025-07-13T14:27:00.000,31.3979
2025-07-13T14:28:00.000,31.2480
2025-07-13T14:29:00.000,31.1687
2025-07-13T14:30:00.000,31.1584
2025-07-13T14:31:00.000,31.1408
2025-07-13T14:32:00.000,31.1144
2025-07-13T14:33:00.000,31.0806
2025-07-13T14:34:00.000,31.1305
2025-07-13T14:35:00.000,31.1833
2025-07-13T14:36:00.000,31.2641
2025-07-13T14:37:00.000,31.3523
2025-07-13T14:38:00.000,31.5349
2025-07-13T14:39:00.000,31.7401
2025-07-13T14:40:00.000,31.8865
2025-07-13T14:41:00.000,31.8983
2025-07-13T14:42:00.000,31.8702
2025-07-13T14:43:00.000,31.8717
2025-07-13T14:44:00.000,31.9635
2025-07-13T14:45:00.000,32.1815
2025-07-13T14:46:00.000,32.4464
2025-07-13T14:47:00.000,32.6419
2025-07-13T14:48:00.000,32.9202
2025-07-13T14:49:00.000,33.1274
2025-07-13T14:50:00.000,33.1680
2025-07-13T14:51:00.000,33.1394
2025-07-13T14:52:00.000,33.0027
2025-07-13T14:53:00.000,32.8124
2025-07-13T14:54:00.000,32.6419
2025-07-13T14:55:00.000,32.4896
2025-07-13T14:56:00.000,32.3615
2025-07-13T14:57:00.000,32.2826
2025-07-13T14:58:00.000,32.1934
2025-07-13T14:59:00.000,32.0836
2025-07-13T15:00:00.000,31.9220
2025-07-13T15:01:00.000,31.7209
2025-07-13T15:02:00.000,31.5099
2025-07-13T15:03:00.000,31.3464
2025-07-13T15:04:00.000,31.1745
2025-07-13T15:05:00.000,31.0894
2025-07-13T15:06:00.000,31.0821
2025-07-13T15:07:00.000,31.0997
2025-07-13T15:08:00.000,31.1496
2025-07-13T15:09:00.000,31.3156
2025-07-13T15:10:00.000,31.5099
2025-07-13T15:11:00.000,31.7445
2025-07-13T15:12:00.000,32.0035
2025-07-13T15:13:00.000,32.3451
2025-07-13T15:14:00.000,32.5956
2025-07-13T15:15:00.000,32.6673
2025-07-13T15:16:00.000,32.7734
2025-07-13T15:17:00.000,32.8004
2025-07-13T15:18:00.000,32.7734
2025-07-13T15:19:00.000,32.7390
2025-07-13T15:20:00.000,32.5971
2025-07-13T15:21:00.000,32.5254
2025-07-13T15:22:00.000,32.4643
2025-07-13T15:23:00.000,32.3674
2025-07-13T15:24:00.000,32.3451
2025-07-13T15:25:00.000,32.3630
2025-07-13T15:26:00.000,32.4762
2025-07-13T15:27:00.000,32.3436
2025-07-13T15:28:00.000,32.1073
2025-07-13T15:29:00.000,31.8154
2025-07-13T15:30:00.000,31.6013
2025-07-13T15:31:00.000,31.3965
2025-07-13T15:32:00.000,31.3288
2025-07-13T15:33:00.000,31.3332
2025-07-13T15:34:00.000,31.2906
2025-07-13T15:35:00.000,31.2112
2025-07-13T15:36:00.000,31.0513
2025-07-13T15:37:00.000,30.9312
2025-07-13T15:38:00.000,30.8697
2025-07-13T15:39:00.000,30.9019
2025-07-13T15:40:00.000,31.0630
2025-07-13T15:41:00.000,31.0880
2025-07-13T15:42:00.000,31.3420
2025-07-13T15:43:00.000,31.9324
2025-07-13T15:44:00.000,32.5597
2025-07-13T15:45:00.000,33.0448
2025-07-13T15:46:00.000,33.4317
2025-07-13T15:47:00.000,33.5631
2025-07-13T15:48:00.000,33.7160
2025-07-13T15:49:00.000,33.6024
2025-07-13T15:50:00.000,33.2809
2025-07-13T15:51:00.000,33.0283
2025-07-13T15:52:00.000,32.7899
2025-07-13T15:53:00.000,32.5433
2025-07-13T15:54:00.000,32.3287
2025-07-13T15:55:00.000,32.1147
2025-07-13T15:56:00.000,31.9931
2025-07-13T15:57:00.000,31.9872
2025-07-13T15:58:00.000,32.0079
2025-07-13T15:59:00.000,32.0465
2025-07-13T16:00:00.000,32.0346
2025-07-13T16:01:00.000,31.9368
2025-07-13T16:02:00.000,31.7785
2025-07-13T16:03:00.000,31.6160
2025-07-13T16:04:00.000,31.5025
2025-07-13T16:05:00.000,31.2818
2025-07-13T16:06:00.000,31.0909
2025-07-13T16:07:00.000,30.9517
2025-07-13T16:08:00.000,30.8653
2025-07-13T16:09:00.000,30.7528
2025-07-13T16:10:00.000,30.5601
2025-07-13T16:11:00.000,30.3024
2025-07-13T16:12:00.000,29.9802
2025-07-13T16:13:00.000,29.5912
2025-07-13T16:14:00.000,29.2440
2025-07-13T16:15:00.000,29.0658
2025-07-13T16:16:00.000,28.9826
2025-07-13T16:17:00.000,28.8679
2025-07-13T16:18:00.000,28.7132
2025-07-13T16:19:00.000,28.5730
2025-07-13T16:20:00.000,28.3603
2025-07-13T16:21:00.000,28.1152
2025-07-13T16:22:00.000,27.8763
2025-07-13T16:23:00.000,27.7911
2025-07-13T16:24:00.000,27.7060
2025-07-13T16:25:00.000,27.6706
2025-07-13T16:26:00.000,27.5997
2025-07-13T16:27:00.000,27.5203
2025-07-13T16:28:00.000,27.4779
2025-07-13T16:29:00.000,27.4566
2025-07-13T16:30:00.000,27.4184
2025-07-13T16:31:00.000,27.4297
2025-07-13T16:32:00.000,27.4496
2025-07-13T16:33:00.000,27.4382
2025-07-13T16:34:00.000,27.4425
2025-07-13T16:35:00.000,27.4269
2025-07-13T16:36:00.000,27.4099
2025-07-13T16:37:00.000,27.4213
2025-07-13T16:38:00.000,27.4312
2025-07-13T16:39:00.000,27.4849
2025-07-13T16:40:00.000,27.5685
2025-07-13T16:41:00.000,27.7188
2025-07-13T16:42:00.000,27.8749
2025-07-13T16:43:00.000,28.0597
2025-07-13T16:44:00.000,28.2861
2025-07-13T16:45:00.000,28.4288
2025-07-13T16:46:00.000,28.5745
2025-07-13T16:47:00.000,28.6431
2025-07-13T16:48:00.000,28.7132
2025-07-13T16:49:00.000,28.7934
2025-07-13T16:50:00.000,28.8421
2025-07-13T16:51:00.000,28.9610
2025-07-13T16:52:00.000,29.1017
2025-07-13T16:53:00.000,29.2555
2025-07-13T16:54:00.000,29.4513
2025-07-13T16:55:00.000,29.7140
2025-07-13T16:56:00.000,29.9933
2025-07-13T16:57:00.000,30.1717
2025-07-13T16:58:00.000,30.2210
2025-07-13T16:59:00.000,30.3664
2025-07-13T17:00:00.000,30.6462
2025-07-13T17:01:00.000,30.7309
2025-07-13T17:02:00.000,30.1310
2025-07-13T17:03:00.000,28.6073
2025-07-13T17:04:00.000,26.8650
2025-07-13T17:05:00.000,25.2652
2025-07-13T17:06:00.000,23.9588
2025-07-13T17:07:00.000,22.9760
2025-07-13T17:08:00.000,22.2318
2025-07-13T17:09:00.000,21.6237
2025-07-13T17:10:00.000,21.1632
2025-07-13T17:11:00.000,20.7482
2025-07-13T17:12:00.000,20.3391
2025-07-13T17:13:00.000,20.0245
2025-07-13T17:14:00.000,20.0436
2025-07-13T17:15:00.000,20.2091
2025-07-13T17:16:00.000,20.4006
2025-07-13T17:17:00.000,20.5525
2025-07-13T17:18:00.000,20.6702
2025-07-13T17:19:00.000,20.7263
2025-07-13T17:20:00.000,20.7208
2025-07-13T17:21:00.000,20.6579
2025-07-13T17:22:00.000,20.5730
2025-07-13T17:23:00.000,20.5046
2025-07-13T17:24:00.000,20.4855
2025-07-13T17:25:00.000,20.3815
2025-07-13T17:26:00.000,20.2720
2025-07-13T17:27:00.000,20.1694
2025-07-13T17:28:00.000,19.9684
2025-07-13T17:29:00.000,19.7592
2025-07-13T17:30:00.000,19.5090
2025-07-13T17:31:00.000,19.3914
2025-07-13T17:32:00.000,19.2206
2025-07-13T17:33:00.000,19.0934
2025-07-13T17:34:00.000,18.9649
2025-07-13T17:35:00.000,18.8583
2025-07-13T17:36:00.000,18.7490
2025-07-13T17:37:00.000,18.6081
2025-07-13T17:38:00.000,18.4591
2025-07-13T17:39:00.000,18.3292
2025-07-13T17:40:00.000,18.2185
2025-07-13T17:41:00.000,18.1214
2025-07-13T17:42:00.000,18.0598
2025-07-13T17:43:00.000,18.0352
2025-07-13T17:44:00.000,18.0133
2025-07-13T17:45:00.000,17.9873
2025-07-13T17:46:00.000,18.2677
2025-07-13T17:47:00.000,18.7585
2025-07-13T17:48:00.000,19.1413
2025-07-13T17:49:00.000,19.2711
2025-07-13T17:50:00.000,19.2493
2025-07-13T17:51:00.000,19.1317
2025-07-13T17:52:00.000,18.9882
2025-07-13T17:53:00.000,18.8747
2025-07-13T17:54:00.000,18.7011
2025-07-13T17:55:00.000,18.5507
2025-07-13T17:56:00.000,18.4099
2025-07-13T17:57:00.000,18.2964
2025-07-13T17:58:00.000,18.2048
2025-07-13T17:59:00.000,18.1159
2025-07-13T18:00:00.000,18.0366
2025-07-13T18:01:00.000,17.9914
2025-07-13T18:02:00.000,17.9422
2025-07-13T18:03:00.000,17.8984
2025-07-13T18:04:00.000,17.8642
2025-07-13T18:05:00.000,17.8423
2025-07-13T18:06:00.000,17.8423
2025-07-13T18:07:00.000,17.9655
2025-07-13T18:08:00.000,18.1802
2025-07-13T18:09:00.000,18.4003
2025-07-13T18:10:00.000,18.6246
2025-07-13T18:11:00.000,18.9144
2025-07-13T18:12:00.000,19.1768
2025-07-13T18:13:00.000,19.3996
2025-07-13T18:14:00.000,19.5924
2025-07-13T18:15:00.000,19.7565
2025-07-13T18:16:00.000,19.8891
2025-07-13T18:17:00.000,20.0026
2025-07-13T18:18:00.000,20.1120
2025-07-13T18:19:00.000,20.1968
2025-07-13T18:20:00.000,20.1790
2025-07-13T18:21:00.000,19.9260
2025-07-13T18:22:00.000,19.5842
2025-07-13T18:23:00.000,19.3600
2025-07-13T18:24:00.000,19.3723
2025-07-13T18:25:00.000,19.4912
2025-07-13T18:26:00.000,19.6799
2025-07-13T18:27:00.000,19.7756
2025-07-13T18:28:00.000,19.5391
2025-07-13T18:29:00.000,19.5049
2025-07-13T18:30:00.000,19.6826
2025-07-13T18:31:00.000,19.6854
2025-07-13T18:32:00.000,19.3641
2025-07-13T18:33:00.000,19.2069
2025-07-13T18:34:00.000,19.2165
2025-07-13T18:35:00.000,19.1755
2025-07-13T18:36:00.000,18.9526
2025-07-13T18:37:00.000,18.7913
2025-07-13T18:38:00.000,18.6013
2025-07-13T18:39:00.000,18.5001
2025-07-13T18:40:00.000,18.4044
2025-07-13T18:41:00.000,18.4318
2025-07-13T18:42:00.000,18.4892
2025-07-13T18:43:00.000,18.5343
2025-07-13T18:44:00.000,18.5958
2025-07-13T18:45:00.000,18.6710
2025-07-13T18:46:00.000,18.6533
2025-07-13T18:47:00.000,18.6574
2025-07-13T18:48:00.000,18.6259
2025-07-13T18:49:00.000,18.5275
2025-07-13T18:50:00.000,18.4058
2025-07-13T18:51:00.000,18.3265
2025-07-13T18:52:00.000,18.2622
2025-07-13T18:53:00.000,18.2034
2025-07-13T18:54:00.000,18.1296
2025-07-13T18:55:00.000,18.0161
2025-07-13T18:56:00.000,17.8615
2025-07-13T18:57:00.000,17.6604
2025-07-13T18:58:00.000,17.3606
2025-07-13T18:59:00.000,16.8058
2025-07-13T19:00:00.000,16.2448
2025-07-13T19:01:00.000,15.7626
2025-07-13T19:02:00.000,15.4462
2025-07-13T19:03:00.000,15.2135
2025-07-13T19:04:00.000,14.9419
2025-07-13T19:05:00.000,14.7059
2025-07-13T19:06:00.000,14.4489
2025-07-13T19:07:00.000,14.2013
2025-07-13T19:08:00.000,13.9811
2025-07-13T19:09:00.000,13.7925
2025-07-13T19:10:00.000,13.6384
2025-07-13T19:11:00.000,13.5176
2025-07-13T19:12:00.000,13.4203
2025-07-13T19:13:00.000,13.3494
2025-07-13T19:14:00.000,13.2909
2025-07-13T19:15:00.000,13.2422
2025-07-13T19:16:00.000,13.2033
2025-07-13T19:17:00.000,13.1726
2025-07-13T19:18:00.000,13.1476
2025-07-13T19:19:00.000,13.1086
2025-07-13T19:20:00.000,13.0668
2025-07-13T19:21:00.000,13.0208
2025-07-13T19:22:00.000,12.9762
2025-07-13T19:23:00.000,12.9385
2025-07-13T19:24:00.000,12.9064
2025-07-13T19:25:00.000,12.8730
2025-07-13T19:26:00.000,12.8409
2025-07-13T19:27:00.000,12.8130
2025-07-13T19:28:00.000,12.7948
2025-07-13T19:29:00.000,12.7795
2025-07-13T19:30:00.000,12.7697
2025-07-13T19:31:00.000,12.7599
2025-07-13T19:32:00.000,12.7487
2025-07-13T19:33:00.000,12.7348
2025-07-13T19:34:00.000,12.7138
2025-07-13T19:35:00.000,12.6915
2025-07-13T19:36:00.000,12.6705
2025-07-13T19:37:00.000,12.6552
2025-07-13T19:38:00.000,12.6594
2025-07-13T19:39:00.000,12.6733
2025-07-13T19:40:00.000,12.7041
2025-07-13T19:41:00.000,12.7390
2025-07-13T19:42:00.000,12.7767
2025-07-13T19:43:00.000,12.8144
2025-07-13T19:44:00.000,12.8520
2025-07-13T19:45:00.000,12.8869
2025-07-13T19:46:00.000,12.9148
2025-07-13T19:47:00.000,12.9329
2025-07-13T19:48:00.000,12.9413
2025-07-13T19:49:00.000,12.9497
2025-07-13T19:50:00.000,12.9608
2025-07-13T19:51:00.000,12.9720
2025-07-13T19:52:00.000,12.9845
2025-07-13T19:53:00.000,12.9943
2025-07-13T19:54:00.000,13.0054
2025-07-13T19:55:00.000,13.0180
2025-07-13T19:56:00.000,13.0305
2025-07-13T19:57:00.000,13.0459
2025-07-13T19:58:00.000,13.0640
2025-07-13T19:59:00.000,13.0737
2025-07-13T20:00:00.000,13.0891
2025-07-13T20:01:00.000,13.1100
2025-07-13T20:02:00.000,13.1490
2025-07-13T20:03:00.000,13.1921
2025-07-13T20:04:00.000,13.2367
2025-07-13T20:05:00.000,13.2840
2025-07-13T20:06:00.000,13.3341
2025-07-13T20:07:00.000,13.3925
2025-07-13T20:08:00.000,13.4467
2025-07-13T20:09:00.000,13.4898
2025-07-13T20:10:00.000,13.5384
2025-07-13T20:11:00.000,13.5523
2025-07-13T20:12:00.000,13.5496
2025-07-13T20:13:00.000,13.5690
2025-07-13T20:14:00.000,13.5815
2025-07-13T20:15:00.000,13.5829
2025-07-13T20:16:00.000,13.5898
2025-07-13T20:17:00.000,13.6009
2025-07-13T20:18:00.000,13.6037
2025-07-13T20:19:00.000,13.6093
2025-07-13T20:20:00.000,13.6093
2025-07-13T20:21:00.000,13.6121
2025-07-13T20:22:00.000,13.6162
2025-07-13T20:23:00.000,13.6190
2025-07-13T20:24:00.000,13.6232
2025-07-13T20:25:00.000,13.6287
2025-07-13T20:26:00.000,13.6371
2025-07-13T20:27:00.000,13.6495
2025-07-13T20:28:00.000,13.6607
2025-07-13T20:29:00.000,13.6829
2025-07-13T20:30:00.000,13.7203
2025-07-13T20:31:00.000,13.7509
2025-07-13T20:32:00.000,13.7759
2025-07-13T20:33:00.000,13.8147
2025-07-13T20:34:00.000,13.8549
2025-07-13T20:35:00.000,13.9159
2025-07-13T20:36:00.000,13.9880
2025-07-13T20:37:00.000,14.0476
2025-07-13T20:38:00.000,14.0961
2025-07-13T20:39:00.000,14.1362
2025-07-13T20:40:00.000,14.1736
2025-07-13T20:41:00.000,14.2151
2025-07-13T20:42:00.000,14.2608
2025-07-13T20:43:00.000,14.3037
2025-07-13T20:44:00.000,14.3314
2025-07-13T20:45:00.000,14.3507
2025-07-13T20:46:00.000,14.3632
2025-07-13T20:47:00.000,14.3743
2025-07-13T20:48:00.000,14.3826
2025-07-13T20:49:00.000,14.3881
2025-07-13T20:50:00.000,14.3909
2025-07-13T20:51:00.000,14.3936
2025-07-13T20:52:00.000,14.4116
2025-07-13T20:53:00.000,14.4627
2025-07-13T20:54:00.000,14.5097
2025-07-13T20:55:00.000,14.5775
2025-07-13T20:56:00.000,14.6286
2025-07-13T20:57:00.000,14.6783
2025-07-13T20:58:00.000,14.7197
2025-07-13T20:59:00.000,14.7404
2025-07-13T21:00:00.000,14.7556
2025-07-13T21:01:00.000,14.7639
2025-07-13T21:02:00.000,14.7846
2025-07-13T21:03:00.000,14.8246
2025-07-13T21:04:00.000,14.8771
2025-07-13T21:05:00.000,14.9447
2025-07-13T21:06:00.000,15.0191
2025-07-13T21:07:00.000,15.0770
2025-07-13T21:08:00.000,15.1460
2025-07-13T21:09:00.000,15.2259
2025-07-13T21:10:00.000,15.3003
2025-07-13T21:11:00.000,15.3278
2025-07-13T21:12:00.000,15.2934
2025-07-13T21:13:00.000,15.2190
2025-07-13T21:14:00.000,15.0881
2025-07-13T21:15:00.000,14.9626
2025-07-13T21:16:00.000,14.8246
2025-07-13T21:17:00.000,14.7018
2025-07-13T21:18:00.000,14.6009
2025-07-13T21:19:00.000,14.5263
2025-07-13T21:20:00.000,14.4697
2025-07-13T21:21:00.000,14.4144
2025-07-13T21:22:00.000,14.3743
2025-07-13T21:23:00.000,14.3314
2025-07-13T21:24:00.000,14.2816
2025-07-13T21:25:00.000,14.2304
2025-07-13T21:26:00.000,14.1875
2025-07-13T21:27:00.000,14.1348
2025-07-13T21:28:00.000,14.0933
2025-07-13T21:29:00.000,14.0725
2025-07-13T21:30:00.000,14.0905
2025-07-13T21:31:00.000,14.1141
2025-07-13T21:32:00.000,14.1307
2025-07-13T21:33:00.000,14.1348
2025-07-13T21:34:00.000,14.1182
2025-07-13T21:35:00.000,14.0781
2025-07-13T21:36:00.000,14.0282
2025-07-13T21:37:00.000,13.9797
2025-07-13T21:38:00.000,13.9700
2025-07-13T21:39:00.000,13.9700
2025-07-13T21:40:00.000,14.0005
2025-07-13T21:41:00.000,14.0753
2025-07-13T21:42:00.000,14.1445
2025-07-13T21:43:00.000,14.2276
2025-07-13T21:44:00.000,14.3051
2025-07-13T21:45:00.000,14.3922
2025-07-13T21:46:00.000,14.4503
2025-07-13T21:47:00.000,14.4904
2025-07-13T21:48:00.000,14.5429
2025-07-13T21:49:00.000,14.6134
2025-07-13T21:50:00.000,14.7501
2025-07-13T21:51:00.000,14.9391
2025-07-13T21:52:00.000,15.1584
2025-07-13T21:53:00.000,15.3319
2025-07-13T21:54:00.000,15.4669
2025-07-13T21:55:00.000,15.5095
2025-07-13T21:56:00.000,15.4971
2025-07-13T21:57:00.000,15.4214
2025-07-13T21:58:00.000,15.3209
2025-07-13T21:59:00.000,15.2424
2025-07-13T22:00:00.000,15.1887
2025-07-13T22:01:00.000,15.1914
2025-07-13T22:02:00.000,15.2217
2025-07-13T22:03:00.000,15.2824
2025-07-13T22:04:00.000,15.3209
2025-07-13T22:05:00.000,15.2906
2025-07-13T22:06:00.000,15.2369
2025-07-13T22:07:00.000,15.1901
2025-07-13T22:08:00.000,15.1653
2025-07-13T22:09:00.000,15.1666
2025-07-13T22:10:00.000,15.2355
2025-07-13T22:11:00.000,15.2617
2025-07-13T22:12:00.000,15.2865
2025-07-13T22:13:00.000,15.2824
2025-07-13T22:14:00.000,15.1928
2025-07-13T22:15:00.000,15.0302
2025-07-13T22:16:00.000,14.8205
2025-07-13T22:17:00.000,14.5927
2025-07-13T22:18:00.000,14.3618
2025-07-13T22:19:00.000,14.1376
2025-07-13T22:20:00.000,13.9492
2025-07-13T22:21:00.000,13.7953
2025-07-13T22:22:00.000,13.6870
2025-07-13T22:23:00.000,13.5982
2025-07-13T22:24:00.000,13.5329
2025-07-13T22:25:00.000,13.4940
2025-07-13T22:26:00.000,13.4537
2025-07-13T22:27:00.000,13.4286
2025-07-13T22:28:00.000,13.4203
2025-07-13T22:29:00.000,13.4092
2025-07-13T22:30:00.000,13.4481
2025-07-13T22:31:00.000,13.4954
2025-07-13T22:32:00.000,13.5398
2025-07-13T22:33:00.000,13.5787
2025-07-13T22:34:00.000,13.6079
2025-07-13T22:35:00.000,13.6273
2025-07-13T22:36:00.000,13.6495
2025-07-13T22:37:00.000,13.6509
2025-07-13T22:38:00.000,13.6287
2025-07-13T22:39:00.000,13.5912
2025-07-13T22:40:00.000,13.5496
2025-07-13T22:41:00.000,13.5079
2025-07-13T22:42:00.000,13.4717
2025-07-13T22:43:00.000,13.4537
2025-07-13T22:44:00.000,13.4564
2025-07-13T22:45:00.000,13.4690
2025-07-13T22:46:00.000,13.4884
2025-07-13T22:47:00.000,13.5148
2025-07-13T22:48:00.000,13.5287
2025-07-13T22:49:00.000,13.5259
2025-07-13T22:50:00.000,13.5259
2025-07-13T22:51:00.000,13.5273
2025-07-13T22:52:00.000,13.5329
2025-07-13T22:53:00.000,13.5537
2025-07-13T22:54:00.000,13.5829
2025-07-13T22:55:00.000,13.6232
2025-07-13T22:56:00.000,13.6676
2025-07-13T22:57:00.000,13.7009
2025-07-13T22:58:00.000,13.7217
2025-07-13T22:59:00.000,13.7231
2025-07-13T23:00:00.000,13.7245
2025-07-13T23:01:00.000,13.7092
2025-07-13T23:02:00.000,13.6884
2025-07-13T23:03:00.000,13.6718
2025-07-13T23:04:00.000,13.6607
2025-07-13T23:05:00.000,13.6773
2025-07-13T23:06:00.000,13.7148
2025-07-13T23:07:00.000,13.7550
2025-07-13T23:08:00.000,13.8410
2025-07-13T23:09:00.000,13.8785
2025-07-13T23:10:00.000,13.9104
2025-07-13T23:11:00.000,13.9145
2025-07-13T23:12:00.000,13.9118
2025-07-13T23:13:00.000,13.8896
2025-07-13T23:14:00.000,13.8646
2025-07-13T23:15:00.000,13.8619
2025-07-13T23:16:00.000,13.9201
2025-07-13T23:17:00.000,14.0213
2025-07-13T23:18:00.000,14.1888
2025-07-13T23:19:00.000,14.3079
2025-07-13T23:20:00.000,14.3286
2025-07-13T23:21:00.000,14.3148
2025-07-13T23:22:00.000,14.2428
2025-07-13T23:23:00.000,14.1612
2025-07-13T23:24:00.000,14.1030
2025-07-13T23:25:00.000,14.0420
2025-07-13T23:26:00.000,14.0074
2025-07-13T23:27:00.000,14.0157
2025-07-13T23:28:00.000,14.0310
2025-07-13T23:29:00.000,14.0988
2025-07-13T23:30:00.000,14.1999
2025-07-13T23:31:00.000,14.2982
2025-07-13T23:32:00.000,14.3922
2025-07-13T23:33:00.000,14.4710
2025-07-13T23:34:00.000,14.5609
2025-07-13T23:35:00.000,14.7846
2025-07-13T23:36:00.000,15.0302
2025-07-13T23:37:00.000,15.3912
2025-07-13T23:38:00.000,15.7777
2025-07-13T23:39:00.000,15.9976
2025-07-13T23:40:00.000,16.0993
2025-07-13T23:41:00.000,16.0471
2025-07-13T23:42:00.000,15.8726
2025-07-13T23:43:00.000,15.6347
2025-07-13T23:44:00.000,15.4173
2025-07-13T23:45:00.000,15.4462
2025-07-13T23:46:00.000,15.5247
2025-07-13T23:47:00.000,15.6168
2025-07-13T23:48:00.000,15.7915
2025-07-13T23:49:00.000,15.9234
2025-07-13T23:50:00.000,15.9784
2025-07-13T23:51:00.000,16.0073
2025-07-13T23:52:00.000,16.1226
2025-07-13T23:53:00.000,16.2695
2025-07-13T23:54:00.000,16.4877
2025-07-13T23:55:00.000,16.7291
2025-07-13T23:56:00.000,16.9456
2025-07-13T23:57:00.000,17.1648
2025-07-13T23:58:00.000,17.3510
2025-07-13T23:59:00.000,17.5098
2025-07-14T00:00:00.000,17.6549
2025-07-14T00:01:00.000,17.7904
2025-07-14T00:02:00.000,17.8984
2025-07-14T00:03:00.000,17.9805
2025-07-14T00:04:00.000,18.0489
2025-07-14T00:05:00.000,18.1009
2025-07-14T00:06:00.000,18.1296
2025-07-14T00:07:00.000,18.1528
2025-07-14T00:08:00.000,18.1706
2025-07-14T00:09:00.000,18.1870
2025-07-14T00:10:00.000,18.2048
2025-07-14T00:11:00.000,18.2171
2025-07-14T00:12:00.000,18.2280
2025-07-14T00:13:00.000,18.2554
2025-07-14T00:14:00.000,18.2882
2025-07-14T00:15:00.000,18.3210
2025-07-14T00:16:00.000,18.3538
2025-07-14T00:17:00.000,18.3744
2025-07-14T00:18:00.000,18.4003
2025-07-14T00:19:00.000,18.4359
2025-07-14T00:20:00.000,18.4796
2025-07-14T00:21:00.000,18.5097
2025-07-14T00:22:00.000,18.5453
2025-07-14T00:23:00.000,18.5890
2025-07-14T00:24:00.000,18.6232
2025-07-14T00:25:00.000,18.6546
2025-07-14T00:26:00.000,18.6984
2025-07-14T00:27:00.000,18.7435
2025-07-14T00:28:00.000,18.7490
2025-07-14T00:29:00.000,18.7599
2025-07-14T00:30:00.000,18.7804
2025-07-14T00:31:00.000,18.7982
2025-07-14T00:32:00.000,18.8091
2025-07-14T00:33:00.000,18.8173
2025-07-14T00:34:00.000,18.8091
2025-07-14T00:35:00.000,18.7777
2025-07-14T00:36:00.000,18.7435
2025-07-14T00:37:00.000,18.7435
2025-07-14T00:38:00.000,18.7449
2025-07-14T00:39:00.000,18.7640
2025-07-14T00:40:00.000,18.7790
2025-07-14T00:41:00.000,18.7872
2025-07-14T00:42:00.000,18.7927
2025-07-14T00:43:00.000,18.7913
2025-07-14T00:44:00.000,18.7886
2025-07-14T00:45:00.000,18.7749
2025-07-14T00:46:00.000,18.7476
2025-07-14T00:47:00.000,18.7339
2025-07-14T00:48:00.000,18.7189
2025-07-14T00:49:00.000,18.6970
2025-07-14T00:50:00.000,18.6943
2025-07-14T00:51:00.000,18.7120
2025-07-14T00:52:00.000,18.7353
2025-07-14T00:53:00.000,18.7544
2025-07-14T00:54:00.000,18.7572
2025-07-14T00:55:00.000,18.7585
2025-07-14T00:56:00.000,18.7531
2025-07-14T00:57:00.000,18.7462
2025-07-14T00:58:00.000,18.7312
2025-07-14T00:59:00.000,18.7134
2025-07-14T01:00:00.000,18.7079
2025-07-14T01:01:00.000,18.7189
2025-07-14T01:02:00.000,18.7380
2025-07-14T01:03:00.000,18.7558
2025-07-14T01:04:00.000,18.7681
2025-07-14T01:05:00.000,18.7804
2025-07-14T01:06:00.000,18.7913
2025-07-14T01:07:00.000,18.8009
2025-07-14T01:08:00.000,18.8050
2025-07-14T01:09:00.000,18.8077
2025-07-14T01:10:00.000,18.8050
2025-07-14T01:11:00.000,18.8077
2025-07-14T01:12:00.000,18.8159
2025-07-14T01:13:00.000,18.8228
2025-07-14T01:14:00.000,18.8269
2025-07-14T01:15:00.000,18.8228
2025-07-14T01:16:00.000,18.8077
2025-07-14T01:17:00.000,18.7913
2025-07-14T01:18:00.000,18.7695
2025-07-14T01:19:00.000,18.7531
2025-07-14T01:20:00.000,18.7408
2025-07-14T01:21:00.000,18.7408
2025-07-14T01:22:00.000,18.7408
2025-07-14T01:23:00.000,18.7380
2025-07-14T01:24:00.000,18.7408
2025-07-14T01:25:00.000,18.7490
2025-07-14T01:26:00.000,18.7531
2025-07-14T01:27:00.000,18.7531
2025-07-14T01:28:00.000,18.7544
2025-07-14T01:29:00.000,18.7244
2025-07-14T01:30:00.000,18.6833
2025-07-14T01:31:00.000,18.6587
2025-07-14T01:32:00.000,18.6519
2025-07-14T01:33:00.000,18.5972
2025-07-14T01:34:00.000,18.5576
2025-07-14T01:35:00.000,18.5603
2025-07-14T01:36:00.000,18.5589
2025-07-14T01:37:00.000,18.5521
2025-07-14T01:38:00.000,18.5398
2025-07-14T01:39:00.000,18.4290
2025-07-14T01:40:00.000,18.3949
2025-07-14T01:41:00.000,18.3990
2025-07-14T01:42:00.000,18.4017
2025-07-14T01:43:00.000,18.3279
2025-07-14T01:44:00.000,18.2909
2025-07-14T01:45:00.000,18.3005
2025-07-14T01:46:00.000,18.3115
2025-07-14T01:47:00.000,18.3033
2025-07-14T01:48:00.000,18.2595
2025-07-14T01:49:00.000,18.2568
2025-07-14T01:50:00.000,18.2294
2025-07-14T01:51:00.000,18.1911
2025-07-14T01:52:00.000,18.1911
2025-07-14T01:53:00.000,18.1952
2025-07-14T01:54:00.000,18.2390
2025-07-14T01:55:00.000,18.2909
2025-07-14T01:56:00.000,18.3703
2025-07-14T01:57:00.000,18.4332
2025-07-14T01:58:00.000,18.4673
2025-07-14T01:59:00.000,18.4755
2025-07-14T02:00:00.000,18.5015
2025-07-14T02:01:00.000,18.5029
2025-07-14T02:02:00.000,18.5425
2025-07-14T02:03:00.000,18.5535
2025-07-14T02:04:00.000,18.5808
2025-07-14T02:05:00.000,18.5931
2025-07-14T02:06:00.000,18.6136
2025-07-14T02:07:00.000,18.5958
2025-07-14T02:08:00.000,18.4810
2025-07-14T02:09:00.000,18.3785
2025-07-14T02:10:00.000,18.3798
2025-07-14T02:11:00.000,18.4222
2025-07-14T02:12:00.000,18.4701
2025-07-14T02:13:00.000,18.4974
2025-07-14T02:14:00.000,18.4755
2025-07-14T02:15:00.000,18.3716
2025-07-14T02:16:00.000,18.2622
2025-07-14T02:17:00.000,18.1159
2025-07-14T02:18:00.000,17.9614
2025-07-14T02:19:00.000,17.8423
2025-07-14T02:20:00.000,17.7603
2025-07-14T02:21:00.000,17.6864
2025-07-14T02:22:00.000,17.6467
2025-07-14T02:23:00.000,17.6385
2025-07-14T02:24:00.000,17.6289
2025-07-14T02:25:00.000,17.6043
2025-07-14T02:26:00.000,17.5755
2025-07-14T02:27:00.000,17.5263
2025-07-14T02:28:00.000,17.5153
2025-07-14T02:29:00.000,17.5112
2025-07-14T02:30:00.000,17.5440
2025-07-14T02:31:00.000,17.5878
2025-07-14T02:32:00.000,17.6262
2025-07-14T02:33:00.000,17.6686
2025-07-14T02:34:00.000,17.6658
2025-07-14T02:35:00.000,17.6193
2025-07-14T02:36:00.000,17.5974
2025-07-14T02:37:00.000,17.5769
2025-07-14T02:38:00.000,17.5755
2025-07-14T02:39:00.000,17.5632
2025-07-14T02:40:00.000,17.5427
2025-07-14T02:41:00.000,17.5331
2025-07-14T02:42:00.000,17.5536
2025-07-14T02:43:00.000,17.5714
2025-07-14T02:44:00.000,17.6207
2025-07-14T02:45:00.000,17.7069
2025-07-14T02:46:00.000,17.8122
2025-07-14T02:47:00.000,17.9135
2025-07-14T02:48:00.000,18.0133
2025-07-14T02:49:00.000,18.0995
2025-07-14T02:50:00.000,18.1911
2025-07-14T02:51:00.000,18.2704
2025-07-14T02:52:00.000,18.3292
2025-07-14T02:53:00.000,18.3757
2025-07-14T02:54:00.000,18.4181
2025-07-14T02:55:00.000,18.4441
2025-07-14T02:56:00.000,18.4537
2025-07-14T02:57:00.000,18.4564
2025-07-14T02:58:00.000,18.4660
2025-07-14T02:59:00.000,18.4673
2025-07-14T03:00:00.000,18.4359
2025-07-14T03:01:00.000,18.3730
2025-07-14T03:02:00.000,18.3197
2025-07-14T03:03:00.000,18.1843
2025-07-14T03:04:00.000,18.1063
2025-07-14T03:05:00.000,18.0202
2025-07-14T03:06:00.000,18.0051
2025-07-14T03:07:00.000,18.0297
2025-07-14T03:08:00.000,18.0653
2025-07-14T03:09:00.000,18.0790
2025-07-14T03:10:00.000,18.1009
2025-07-14T03:11:00.000,18.0968
2025-07-14T03:12:00.000,18.1009
2025-07-14T03:13:00.000,18.1310
2025-07-14T03:14:00.000,18.1556
2025-07-14T03:15:00.000,18.1761
2025-07-14T03:16:00.000,18.1911
2025-07-14T03:17:00.000,18.1870
2025-07-14T03:18:00.000,18.1774
2025-07-14T03:19:00.000,18.1638
2025-07-14T03:20:00.000,18.1624
2025-07-14T03:21:00.000,18.1501
2025-07-14T03:22:00.000,18.1296
2025-07-14T03:23:00.000,18.1036
2025-07-14T03:24:00.000,18.0762
2025-07-14T03:25:00.000,18.0489
2025-07-14T03:26:00.000,18.0065
2025-07-14T03:27:00.000,17.9586
2025-07-14T03:28:00.000,17.9354
2025-07-14T03:29:00.000,17.9231
2025-07-14T03:30:00.000,17.8998
2025-07-14T03:31:00.000,17.8752
2025-07-14T03:32:00.000,17.8588
2025-07-14T03:33:00.000,17.8464
2025-07-14T03:34:00.000,17.7821
2025-07-14T03:35:00.000,17.6727
2025-07-14T03:36:00.000,17.5440
2025-07-14T03:37:00.000,17.3962
2025-07-14T03:38:00.000,17.2429
2025-07-14T03:39:00.000,17.1374
2025-07-14T03:40:00.000,17.0717
2025-07-14T03:41:00.000,17.0045
2025-07-14T03:42:00.000,16.9415
2025-07-14T03:43:00.000,16.8785
2025-07-14T03:44:00.000,16.8045
2025-07-14T03:45:00.000,16.7140
2025-07-14T03:46:00.000,16.6112
2025-07-14T03:47:00.000,16.5001
2025-07-14T03:48:00.000,16.3683
2025-07-14T03:49:00.000,16.2942
2025-07-14T03:50:00.000,16.2709
2025-07-14T03:51:00.000,16.3025
2025-07-14T03:52:00.000,16.3930
2025-07-14T03:53:00.000,16.5042
2025-07-14T03:54:00.000,16.5234
2025-07-14T03:55:00.000,16.4603
2025-07-14T03:56:00.000,16.4027
2025-07-14T03:57:00.000,16.3725
2025-07-14T03:58:00.000,16.3533
2025-07-14T03:59:00.000,16.3642
2025-07-14T04:00:00.000,16.3683
2025-07-14T04:01:00.000,16.3546
2025-07-14T04:02:00.000,16.4054
2025-07-14T04:03:00.000,16.4781
2025-07-14T04:04:00.000,16.4781
2025-07-14T04:05:00.000,16.4863
2025-07-14T04:06:00.000,16.5083
2025-07-14T04:07:00.000,16.5330
2025-07-14T04:08:00.000,16.5453
2025-07-14T04:09:00.000,16.5536
2025-07-14T04:10:00.000,16.5330
2025-07-14T04:11:00.000,16.4959
2025-07-14T04:12:00.000,16.4397
2025-07-14T04:13:00.000,16.3930
2025-07-14T04:14:00.000,16.4589
2025-07-14T04:15:00.000,16.5467
2025-07-14T04:16:00.000,16.5481
2025-07-14T04:17:00.000,16.4946
2025-07-14T04:18:00.000,16.3807
2025-07-14T04:19:00.000,16.2187
2025-07-14T04:20:00.000,16.0347
2025-07-14T04:21:00.000,15.8479
2025-07-14T04:22:00.000,15.7502
2025-07-14T04:23:00.000,15.6719
2025-07-14T04:24:00.000,15.6430
2025-07-14T04:25:00.000,15.7365
2025-07-14T04:26:00.000,15.8822
2025-07-14T04:27:00.000,15.9757
2025-07-14T04:28:00.000,15.9605
2025-07-14T04:29:00.000,15.9152
2025-07-14T04:30:00.000,15.8781
2025-07-14T04:31:00.000,15.8135
2025-07-14T04:32:00.000,15.7269
2025-07-14T04:33:00.000,15.6677
2025-07-14T04:34:00.000,15.7007
2025-07-14T04:35:00.000,15.7475
2025-07-14T04:36:00.000,15.7970
2025-07-14T04:37:00.000,15.8149
2025-07-14T04:38:00.000,15.8575
2025-07-14T04:39:00.000,15.8987
2025-07-14T04:40:00.000,15.9166
2025-07-14T04:41:00.000,15.9166
2025-07-14T04:42:00.000,15.8918
2025-07-14T04:43:00.000,15.8602
2025-07-14T04:44:00.000,15.8437
2025-07-14T04:45:00.000,15.8877
2025-07-14T04:46:00.000,15.9550
2025-07-14T04:47:00.000,16.0141
2025-07-14T04:48:00.000,16.0759
2025-07-14T04:49:00.000,16.1501
2025-07-14T04:50:00.000,16.1899
2025-07-14T04:51:00.000,16.2174
2025-07-14T04:52:00.000,16.2421
2025-07-14T04:53:00.000,16.2380
2025-07-14T04:54:00.000,16.2489
2025-07-14T04:55:00.000,16.2531
2025-07-14T04:56:00.000,16.2819
2025-07-14T04:57:00.000,16.3354
2025-07-14T04:58:00.000,16.3354
2025-07-14T04:59:00.000,16.3121
2025-07-14T05:00:00.000,16.2572
2025-07-14T05:01:00.000,16.1721
2025-07-14T05:02:00.000,16.0512
2025-07-14T05:03:00.000,15.8850
2025-07-14T05:04:00.000,15.7104
2025-07-14T05:05:00.000,15.5549
2025-07-14T05:06:00.000,15.4407
2025-07-14T05:07:00.000,15.3636
2025-07-14T05:08:00.000,15.3099
2025-07-14T05:09:00.000,15.2521
2025-07-14T05:10:00.000,15.2493
2025-07-14T05:11:00.000,15.2796
2025-07-14T05:12:00.000,15.3072
2025-07-14T05:13:00.000,15.3127
2025-07-14T05:14:00.000,15.3168
2025-07-14T05:15:00.000,15.3127
2025-07-14T05:16:00.000,15.2906
2025-07-14T05:17:00.000,15.2672
2025-07-14T05:18:00.000,15.2176
2025-07-14T05:19:00.000,15.1611
2025-07-14T05:20:00.000,15.1212
2025-07-14T05:21:00.000,15.1032
2025-07-14T05:22:00.000,15.1087
2025-07-14T05:23:00.000,15.1239
2025-07-14T05:24:00.000,15.1584
2025-07-14T05:25:00.000,15.1653
2025-07-14T05:26:00.000,15.1501
2025-07-14T05:27:00.000,15.1267
2025-07-14T05:28:00.000,15.1074
2025-07-14T05:29:00.000,15.1060
2025-07-14T05:30:00.000,15.1322
2025-07-14T05:31:00.000,15.1832
2025-07-14T05:32:00.000,15.2204
2025-07-14T05:33:00.000,15.2658
2025-07-14T05:34:00.000,15.3140
2025-07-14T05:35:00.000,15.3677
2025-07-14T05:36:00.000,15.3912
2025-07-14T05:37:00.000,15.3788
2025-07-14T05:38:00.000,15.3512
2025-07-14T05:39:00.000,15.3292
2025-07-14T05:40:00.000,15.3058
2025-07-14T05:41:00.000,15.2755
2025-07-14T05:42:00.000,15.2465
2025-07-14T05:43:00.000,15.2162
2025-07-14T05:44:00.000,15.2162
2025-07-14T05:45:00.000,15.2493
2025-07-14T05:46:00.000,15.2741
2025-07-14T05:47:00.000,15.2617
2025-07-14T05:48:00.000,15.2066
2025-07-14T05:49:00.000,15.1391
2025-07-14T05:50:00.000,15.0757
2025-07-14T05:51:00.000,15.0274
2025-07-14T05:52:00.000,14.9819
2025-07-14T05:53:00.000,14.9391
2025-07-14T05:54:00.000,14.8950
2025-07-14T05:55:00.000,14.8591
2025-07-14T05:56:00.000,14.8329
2025-07-14T05:57:00.000,14.7998
2025-07-14T05:58:00.000,14.7625
2025-07-14T05:59:00.000,14.7142
2025-07-14T06:00:00.000,14.6493
2025-07-14T06:01:00.000,14.5706
2025-07-14T06:02:00.000,14.4807
2025-07-14T06:03:00.000,14.4213
2025-07-14T06:04:00.000,14.3673
2025-07-14T06:05:00.000,14.3480
2025-07-14T06:06:00.000,14.3936
2025-07-14T06:07:00.000,14.4545
2025-07-14T06:08:00.000,14.5236
2025-07-14T06:09:00.000,14.5788
2025-07-14T06:10:00.000,14.5954
2025-07-14T06:11:00.000,14.5927
2025-07-14T06:12:00.000,14.5913
2025-07-14T06:13:00.000,14.5788
2025-07-14T06:14:00.000,14.5844
2025-07-14T06:15:00.000,14.6396
2025-07-14T06:16:00.000,14.7335
2025-07-14T06:17:00.000,14.8274
2025-07-14T06:18:00.000,14.9295
2025-07-14T06:19:00.000,15.0150
2025-07-14T06:20:00.000,15.1032
2025-07-14T06:21:00.000,15.1597
2025-07-14T06:22:00.000,15.1721
2025-07-14T06:23:00.000,15.1845
2025-07-14T06:24:00.000,15.2066
2025-07-14T06:25:00.000,15.2300
2025-07-14T06:26:00.000,15.2658
2025-07-14T06:27:00.000,15.3195
2025-07-14T06:28:00.000,15.3994
2025-07-14T06:29:00.000,15.4999
2025-07-14T06:30:00.000,15.6168
2025-07-14T06:31:00.000,15.6375
2025-07-14T06:32:00.000,15.6072
2025-07-14T06:33:00.000,15.5384
2025-07-14T06:34:00.000,15.4765
2025-07-14T06:35:00.000,15.4545
2025-07-14T06:36:00.000,15.4806
2025-07-14T06:37:00.000,15.5398
2025-07-14T06:38:00.000,15.5962
2025-07-14T06:39:00.000,15.6471
2025-07-14T06:40:00.000,15.7049
2025-07-14T06:41:00.000,15.7571
2025-07-14T06:42:00.000,15.8011
2025-07-14T06:43:00.000,15.8314
2025-07-14T06:44:00.000,15.8561
2025-07-14T06:45:00.000,15.8726
2025-07-14T06:46:00.000,15.8863
2025-07-14T06:47:00.000,15.8973
2025-07-14T06:48:00.000,15.9042
2025-07-14T06:49:00.000,15.9070
2025-07-14T06:50:00.000,15.9070
2025-07-14T06:51:00.000,15.8987
2025-07-14T06:52:00.000,15.8863
2025-07-14T06:53:00.000,15.8712
2025-07-14T06:54:00.000,15.8534
2025-07-14T06:55:00.000,15.8300
2025-07-14T06:56:00.000,15.7901
2025-07-14T06:57:00.000,15.7159
2025-07-14T06:58:00.000,15.6499
2025-07-14T06:59:00.000,15.5948
2025-07-14T07:00:00.000,15.5398
2025-07-14T07:01:00.000,15.5095
2025-07-14T07:02:00.000,15.5054
2025-07-14T07:03:00.000,15.5095
2025-07-14T07:04:00.000,15.4916
2025-07-14T07:05:00.000,15.4627
2025-07-14T07:06:00.000,15.4435
2025-07-14T07:07:00.000,15.4297
2025-07-14T07:08:00.000,15.3967
2025-07-14T07:09:00.000,15.3636
2025-07-14T07:10:00.000,15.3443
2025-07-14T07:11:00.000,15.3319
2025-07-14T07:12:00.000,15.3127
2025-07-14T07:13:00.000,15.2906
2025-07-14T07:14:00.000,15.2769
2025-07-14T07:15:00.000,15.2865
2025-07-14T07:16:00.000,15.3016
2025-07-14T07:17:00.000,15.3099
2025-07-14T07:18:00.000,15.3195
2025-07-14T07:19:00.000,15.3251
2025-07-14T07:20:00.000,15.3209
2025-07-14T07:21:00.000,15.3402
2025-07-14T07:22:00.000,15.3485
2025-07-14T07:23:00.000,15.3512
2025-07-14T07:24:00.000,15.3581
2025-07-14T07:25:00.000,15.3636
2025-07-14T07:26:00.000,15.3733
2025-07-14T07:27:00.000,15.3719
2025-07-14T07:28:00.000,15.3622
2025-07-14T07:29:00.000,15.3471
2025-07-14T07:30:00.000,15.3278
2025-07-14T07:31:00.000,15.3168
2025-07-14T07:32:00.000,15.3058
2025-07-14T07:33:00.000,15.2824
2025-07-14T07:34:00.000,15.2631
2025-07-14T07:35:00.000,15.2562
2025-07-14T07:36:00.000,15.2576
2025-07-14T07:37:00.000,15.2576
2025-07-14T07:38:00.000,15.2562
2025-07-14T07:39:00.000,15.2603
2025-07-14T07:40:00.000,15.2645
2025-07-14T07:41:00.000,15.2686
2025-07-14T07:42:00.000,15.2700
2025-07-14T07:43:00.000,15.2796
2025-07-14T07:44:00.000,15.3072
2025-07-14T07:45:00.000,15.3306
2025-07-14T07:46:00.000,15.3485
2025-07-14T07:47:00.000,15.3622
2025-07-14T07:48:00.000,15.3760
2025-07-14T07:49:00.000,15.3774
2025-07-14T07:50:00.000,15.3843
2025-07-14T07:51:00.000,15.3898
2025-07-14T07:52:00.000,15.3939
2025-07-14T07:53:00.000,15.4049
2025-07-14T07:54:00.000,15.4242
2025-07-14T07:55:00.000,15.4448
2025-07-14T07:56:00.000,15.4696
2025-07-14T07:57:00.000,15.5040
2025-07-14T07:58:00.000,15.5467
2025-07-14T07:59:00.000,15.5990
2025-07-14T08:00:00.000,15.6320
2025-07-14T08:01:00.000,15.6499
2025-07-14T08:02:00.000,15.6581
2025-07-14T08:03:00.000,15.6691
2025-07-14T08:04:00.000,15.6994
2025-07-14T08:05:00.000,15.7255
2025-07-14T08:06:00.000,15.7475
2025-07-14T08:07:00.000,15.7695
2025-07-14T08:08:00.000,15.7984
2025-07-14T08:09:00.000,15.8465
2025-07-14T08:10:00.000,15.9124
2025-07-14T08:11:00.000,16.0045
2025-07-14T08:12:00.000,16.0636
2025-07-14T08:13:00.000,16.0910
2025-07-14T08:14:00.000,16.1336
2025-07-14T08:15:00.000,16.1927
2025-07-14T08:16:00.000,16.2462
2025-07-14T08:17:00.000,16.3176
2025-07-14T08:18:00.000,16.4013
2025-07-14T08:19:00.000,16.4699
2025-07-14T08:20:00.000,16.5275
2025-07-14T08:21:00.000,16.6070
2025-07-14T08:22:00.000,16.6838
2025-07-14T08:23:00.000,16.7195
2025-07-14T08:24:00.000,16.7044
2025-07-14T08:25:00.000,16.6797
2025-07-14T08:26:00.000,16.6468
2025-07-14T08:27:00.000,16.6125
2025-07-14T08:28:00.000,16.6235
2025-07-14T08:29:00.000,16.6687
2025-07-14T08:30:00.000,16.7099
2025-07-14T08:31:00.000,16.7263
2025-07-14T08:32:00.000,16.7318
2025-07-14T08:33:00.000,16.7428
2025-07-14T08:34:00.000,16.7743
2025-07-14T08:35:00.000,16.7894
2025-07-14T08:36:00.000,16.7853
2025-07-14T08:37:00.000,16.7483
2025-07-14T08:38:00.000,16.7441
2025-07-14T08:39:00.000,16.7990
2025-07-14T08:40:00.000,16.8744
2025-07-14T08:41:00.000,16.9264
2025-07-14T08:42:00.000,16.9703
2025-07-14T08:43:00.000,17.0169
2025-07-14T08:44:00.000,17.0607
2025-07-14T08:45:00.000,17.1004
2025-07-14T08:46:00.000,17.1292
2025-07-14T08:47:00.000,17.1525
2025-07-14T08:48:00.000,17.1689
2025-07-14T08:49:00.000,17.1771
2025-07-14T08:50:00.000,17.1881
2025-07-14T08:51:00.000,17.1922
2025-07-14T08:52:00.000,17.1990
2025-07-14T08:53:00.000,17.2155
2025-07-14T08:54:00.000,17.2305
2025-07-14T08:55:00.000,17.2483
2025-07-14T08:56:00.000,17.2853
2025-07-14T08:57:00.000,17.3100
2025-07-14T08:58:00.000,17.3195
2025-07-14T08:59:00.000,17.3168
2025-07-14T09:00:00.000,17.3072
2025-07-14T09:01:00.000,17.3004
2025-07-14T09:02:00.000,17.3017
2025-07-14T09:03:00.000,17.2908
2025-07-14T09:04:00.000,17.2771
2025-07-14T09:05:00.000,17.2648
2025-07-14T09:06:00.000,17.2538
2025-07-14T09:07:00.000,17.2634
2025-07-14T09:08:00.000,17.2703
2025-07-14T09:09:00.000,17.2757
2025-07-14T09:10:00.000,17.2867
2025-07-14T09:11:00.000,17.2894
2025-07-14T09:12:00.000,17.2922
2025-07-14T09:13:00.000,17.2826
2025-07-14T09:14:00.000,17.2607
2025-07-14T09:15:00.000,17.1990
2025-07-14T09:16:00.000,17.1484
2025-07-14T09:17:00.000,17.1086
2025-07-14T09:18:00.000,17.1086
2025-07-14T09:19:00.000,17.2593
2025-07-14T09:20:00.000,17.5454
2025-07-14T09:21:00.000,17.6850
2025-07-14T09:22:00.000,17.7958
2025-07-14T09:23:00.000,17.9012
2025-07-14T09:24:00.000,17.9983
2025-07-14T09:25:00.000,18.1487
2025-07-14T09:26:00.000,18.3347
2025-07-14T09:27:00.000,18.4742
2025-07-14T09:28:00.000,18.5904
2025-07-14T09:29:00.000,18.7202
2025-07-14T09:30:00.000,18.9335
2025-07-14T09:31:00.000,19.1098
2025-07-14T09:32:00.000,19.3067
2025-07-14T09:33:00.000,19.5158
2025-07-14T09:34:00.000,19.6498
2025-07-14T09:35:00.000,19.7606
2025-07-14T09:36:00.000,19.8494
2025-07-14T09:37:00.000,20.0928
2025-07-14T09:38:00.000,20.4841
2025-07-14T09:39:00.000,20.9166
2025-07-14T09:40:00.000,21.2824
2025-07-14T09:41:00.000,21.6306
2025-07-14T09:42:00.000,21.9338
2025-07-14T09:43:00.000,22.1494
2025-07-14T09:44:00.000,22.4640
2025-07-14T09:45:00.000,22.6855
2025-07-14T09:46:00.000,22.7860
2025-07-14T09:47:00.000,22.9388
2025-07-14T09:48:00.000,23.0766
2025-07-14T09:49:00.000,23.0683
2025-07-14T09:50:00.000,23.1593
2025-07-14T09:51:00.000,23.4282
2025-07-14T09:52:00.000,23.5608
2025-07-14T09:53:00.000,23.7044
2025-07-14T09:54:00.000,23.9464
2025-07-14T09:55:00.000,24.3604
2025-07-14T09:56:00.000,24.6046
2025-07-14T09:57:00.000,24.8060
2025-07-14T09:58:00.000,24.9297
2025-07-14T09:59:00.000,25.2582
2025-07-14T10:00:00.000,25.5022
2025-07-14T10:01:00.000,25.7061
2025-07-14T10:02:00.000,25.8096
2025-07-14T10:03:00.000,25.7187
2025-07-14T10:04:00.000,25.7928
2025-07-14T10:05:00.000,25.8935
2025-07-14T10:06:00.000,25.8697
2025-07-14T10:07:00.000,25.6391
2025-07-14T10:08:00.000,25.4548
2025-07-14T10:09:00.000,25.2164
2025-07-14T10:10:00.000,24.9784
2025-07-14T10:11:00.000,24.6518
2025-07-14T10:12:00.000,24.3230
2025-07-14T10:13:00.000,24.0072
2025-07-14T10:14:00.000,23.8039
2025-07-14T10:15:00.000,23.7542
2025-07-14T10:16:00.000,23.7196
2025-07-14T10:17:00.000,23.6146
2025-07-14T10:18:00.000,23.5318
2025-07-14T10:19:00.000,23.4434
2025-07-14T10:20:00.000,23.4337
2025-07-14T10:21:00.000,23.5193
2025-07-14T10:22:00.000,23.5870
2025-07-14T10:23:00.000,23.6519
2025-07-14T10:24:00.000,23.6008
2025-07-14T10:25:00.000,23.4544
2025-07-14T10:26:00.000,23.3358
2025-07-14T10:27:00.000,23.2075
2025-07-14T10:28:00.000,23.1262
2025-07-14T10:29:00.000,23.0366
2025-07-14T10:30:00.000,22.9250
2025-07-14T10:31:00.000,22.8011
2025-07-14T10:32:00.000,22.7598
2025-07-14T10:33:00.000,22.7543
2025-07-14T10:34:00.000,23.0669
2025-07-14T10:35:00.000,23.3123
2025-07-14T10:36:00.000,23.7846
2025-07-14T10:37:00.000,23.9699
2025-07-14T10:38:00.000,24.0723
2025-07-14T10:39:00.000,24.1291
2025-07-14T10:40:00.000,24.3424
2025-07-14T10:41:00.000,24.5199
2025-07-14T10:42:00.000,24.5144
2025-07-14T10:43:00.000,24.3757
2025-07-14T10:44:00.000,24.2080
2025-07-14T10:45:00.000,24.0944
2025-07-14T10:46:00.000,24.7101
2025-07-14T10:47:00.000,25.4841
2025-07-14T10:48:00.000,25.8851
2025-07-14T10:49:00.000,25.8431
2025-07-14T10:50:00.000,25.5483
2025-07-14T10:51:00.000,25.2986
2025-07-14T10:52:00.000,25.2094
2025-07-14T10:53:00.000,25.0786
2025-07-14T10:54:00.000,24.9659
2025-07-14T10:55:00.000,24.8908
2025-07-14T10:56:00.000,24.7684
2025-07-14T10:57:00.000,24.8921
2025-07-14T10:58:00.000,25.0841
2025-07-14T10:59:00.000,25.2164
2025-07-14T11:00:00.000,25.2303
2025-07-14T11:01:00.000,25.3404
2025-07-14T11:02:00.000,25.4004
2025-07-14T11:03:00.000,25.4074
2025-07-14T11:04:00.000,25.2680
2025-07-14T11:05:00.000,25.0953
2025-07-14T11:06:00.000,25.0605
2025-07-14T11:07:00.000,25.0118
2025-07-14T11:08:00.000,24.8921
2025-07-14T11:09:00.000,24.7990
2025-07-14T11:10:00.000,24.7907
2025-07-14T11:11:00.000,25.0632
2025-07-14T11:12:00.000,25.4701
2025-07-14T11:13:00.000,25.7425
2025-07-14T11:14:00.000,25.8893
2025-07-14T11:15:00.000,25.7802
2025-07-14T11:16:00.000,25.6055
2025-07-14T11:17:00.000,25.3446
2025-07-14T11:18:00.000,25.0827
2025-07-14T11:19:00.000,24.8630
2025-07-14T11:20:00.000,24.7837
2025-07-14T11:21:00.000,24.6726
2025-07-14T11:22:00.000,24.8115
2025-07-14T11:23:00.000,25.0257
2025-07-14T11:24:00.000,25.1398
2025-07-14T11:25:00.000,25.1064
2025-07-14T11:26:00.000,25.1189
2025-07-14T11:27:00.000,25.0953
2025-07-14T11:28:00.000,25.0772
2025-07-14T11:29:00.000,25.1551
2025-07-14T11:30:00.000,25.0688
2025-07-14T11:31:00.000,24.8630
2025-07-14T11:32:00.000,24.6323
2025-07-14T11:33:00.000,24.5560
2025-07-14T11:34:00.000,24.6434
2025-07-14T11:35:00.000,24.6962
2025-07-14T11:36:00.000,24.7157
2025-07-14T11:37:00.000,24.7045
2025-07-14T11:38:00.000,24.7559
2025-07-14T11:39:00.000,24.7573
2025-07-14T11:40:00.000,24.6171
2025-07-14T11:41:00.000,24.4630
2025-07-14T11:42:00.000,24.4492
2025-07-14T11:43:00.000,24.4672
2025-07-14T11:44:00.000,24.4492
2025-07-14T11:45:00.000,24.4034
2025-07-14T11:46:00.000,24.3355
2025-07-14T11:47:00.000,24.1027
2025-07-14T11:48:00.000,23.8703
2025-07-14T11:49:00.000,23.7086
2025-07-14T11:50:00.000,23.6022
2025-07-14T11:51:00.000,23.4503
2025-07-14T11:52:00.000,23.3454
2025-07-14T11:53:00.000,23.2241
2025-07-14T11:54:00.000,23.2378
2025-07-14T11:55:00.000,23.2778
2025-07-14T11:56:00.000,23.4227
2025-07-14T11:57:00.000,23.5400
2025-07-14T11:58:00.000,23.5442
2025-07-14T11:59:00.000,23.5456
2025-07-14T12:00:00.000,23.6685
2025-07-14T12:01:00.000,23.6685
2025-07-14T12:02:00.000,23.7030
2025-07-14T12:03:00.000,23.9408
2025-07-14T12:04:00.000,24.0875
2025-07-14T12:05:00.000,24.2163
2025-07-14T12:06:00.000,24.3299
2025-07-14T12:07:00.000,24.3521
2025-07-14T12:08:00.000,24.4325
2025-07-14T12:09:00.000,24.5227
2025-07-14T12:10:00.000,24.5407
2025-07-14T12:11:00.000,24.5740
2025-07-14T12:12:00.000,24.5088
2025-07-14T12:13:00.000,24.4145
2025-07-14T12:14:00.000,24.2440
2025-07-14T12:15:00.000,24.1014
2025-07-14T12:16:00.000,23.9616
2025-07-14T12:17:00.000,23.9049
2025-07-14T12:18:00.000,23.8219
2025-07-14T12:19:00.000,23.7915
2025-07-14T12:20:00.000,23.7638
2025-07-14T12:21:00.000,23.7086
2025-07-14T12:22:00.000,23.7279
2025-07-14T12:23:00.000,23.7307
2025-07-14T12:24:00.000,23.6616
2025-07-14T12:25:00.000,23.6188
2025-07-14T12:26:00.000,23.6795
2025-07-14T12:27:00.000,23.7072
2025-07-14T12:28:00.000,23.7528
2025-07-14T12:29:00.000,23.7942
2025-07-14T12:30:00.000,23.7376
2025-07-14T12:31:00.000,23.6795
2025-07-14T12:32:00.000,23.6851
2025-07-14T12:33:00.000,23.7058
2025-07-14T12:34:00.000,23.7141
2025-07-14T12:35:00.000,23.7320
2025-07-14T12:36:00.000,23.6782
2025-07-14T12:37:00.000,23.7500
2025-07-14T12:38:00.000,23.9049
2025-07-14T12:39:00.000,23.9699
2025-07-14T12:40:00.000,23.8924
2025-07-14T12:41:00.000,23.7099
2025-07-14T12:42:00.000,23.6920
2025-07-14T12:43:00.000,23.6312
2025-07-14T12:44:00.000,23.6920
2025-07-14T12:45:00.000,23.7251
2025-07-14T12:46:00.000,23.8177
2025-07-14T12:47:00.000,23.9505
2025-07-14T12:48:00.000,23.9754
2025-07-14T12:49:00.000,24.0031
2025-07-14T12:50:00.000,24.0709
2025-07-14T12:51:00.000,24.2343
2025-07-14T12:52:00.000,24.2648
2025-07-14T12:53:00.000,24.1831
2025-07-14T12:54:00.000,24.0764
2025-07-14T12:55:00.000,24.0488
2025-07-14T12:56:00.000,24.0806
2025-07-14T12:57:00.000,24.1678
2025-07-14T12:58:00.000,24.2662
2025-07-14T12:59:00.000,24.3882
2025-07-14T13:00:00.000,24.4464
2025-07-14T13:01:00.000,24.5615
2025-07-14T13:02:00.000,24.6254
2025-07-14T13:03:00.000,24.8352
2025-07-14T13:04:00.000,25.0452
2025-07-14T13:05:00.000,25.1565
2025-07-14T13:06:00.000,25.3042
2025-07-14T13:07:00.000,25.2178
2025-07-14T13:08:00.000,25.1732
2025-07-14T13:09:00.000,25.1899
2025-07-14T13:10:00.000,25.2317
2025-07-14T13:11:00.000,25.1927
2025-07-14T13:12:00.000,25.1955
2025-07-14T13:13:00.000,25.3544
2025-07-14T13:14:00.000,25.4520
2025-07-14T13:15:00.000,25.5162
2025-07-14T13:16:00.000,25.7299
2025-07-14T13:17:00.000,25.9117
2025-07-14T13:18:00.000,25.9299
2025-07-14T13:19:00.000,25.9173
2025-07-14T13:20:00.000,25.8795
2025-07-14T13:21:00.000,25.9873
2025-07-14T13:22:00.000,26.6594
2025-07-14T13:23:00.000,27.1612
2025-07-14T13:24:00.000,27.4156
2025-07-14T13:25:00.000,27.8820
2025-07-14T13:26:00.000,28.8020
2025-07-14T13:27:00.000,29.3433
2025-07-14T13:28:00.000,29.9353
2025-07-14T13:29:00.000,30.3257
2025-07-14T13:30:00.000,30.3970
2025-07-14T13:31:00.000,30.3388
2025-07-14T13:32:00.000,30.2516
2025-07-14T13:33:00.000,30.4683
2025-07-14T13:34:00.000,30.6652
2025-07-14T13:35:00.000,30.7542
2025-07-14T13:36:00.000,30.9253
2025-07-14T13:37:00.000,30.9590
2025-07-14T13:38:00.000,30.6973
2025-07-14T13:39:00.000,30.3082
2025-07-14T13:40:00.000,30.1383
2025-07-14T13:41:00.000,30.2777
2025-07-14T13:42:00.000,30.4945
2025-07-14T13:43:00.000,30.9663
2025-07-14T13:44:00.000,31.6028
2025-07-14T13:45:00.000,31.8421
2025-07-14T13:46:00.000,31.4789
2025-07-14T13:47:00.000,31.1833
2025-07-14T13:48:00.000,30.9898
2025-07-14T13:49:00.000,31.2671
2025-07-14T13:50:00.000,31.8953
2025-07-14T13:51:00.000,32.5553
2025-07-14T13:52:00.000,33.2372
2025-07-14T13:53:00.000,33.5026
2025-07-14T13:54:00.000,33.3427
2025-07-14T13:55:00.000,33.1079
2025-07-14T13:56:00.000,33.0418
2025-07-14T13:57:00.000,33.3985
2025-07-14T13:58:00.000,34.1627
2025-07-14T13:59:00.000,34.2374
2025-07-14T14:00:00.000,33.8858
2025-07-14T14:01:00.000,33.2252
2025-07-14T14:02:00.000,32.4375
2025-07-14T14:03:00.000,31.8391
2025-07-14T14:04:00.000,31.6131
2025-07-14T14:05:00.000,31.6441
2025-07-14T14:06:00.000,31.9516
2025-07-14T14:07:00.000,32.2737
2025-07-14T14:08:00.000,32.6374
2025-07-14T14:09:00.000,32.9637
2025-07-14T14:10:00.000,33.0117
2025-07-14T14:11:00.000,33.1349
2025-07-14T14:12:00.000,33.1409
2025-07-14T14:13:00.000,33.2252
2025-07-14T14:14:00.000,33.1304
2025-07-14T14:15:00.000,33.1079
2025-07-14T14:16:00.000,33.1214
2025-07-14T14:17:00.000,33.0087
2025-07-14T14:18:00.000,33.0283
2025-07-14T14:19:00.000,33.0268
2025-07-14T14:20:00.000,32.9532
2025-07-14T14:21:00.000,33.2116
2025-07-14T14:22:00.000,33.0132
2025-07-14T14:23:00.000,32.7002
2025-07-14T14:24:00.000,32.2603
2025-07-14T14:25:00.000,31.7046
2025-07-14T14:26:00.000,31.0645
2025-07-14T14:27:00.000,30.4363
2025-07-14T14:28:00.000,29.9831
2025-07-14T14:29:00.000,29.6288
2025-07-14T14:30:00.000,29.2929
2025-07-14T14:31:00.000,28.8951
2025-07-14T14:32:00.000,28.5302
2025-07-14T14:33:00.000,28.2249
2025-07-14T14:34:00.000,27.9332
2025-07-14T14:35:00.000,27.7315
2025-07-14T14:36:00.000,27.6450
2025-07-14T14:37:00.000,27.5983
2025-07-14T14:38:00.000,27.4991
2025-07-14T14:39:00.000,27.4269
2025-07-14T14:40:00.000,27.4170
2025-07-14T14:41:00.000,27.3689
2025-07-14T14:42:00.000,27.1668
2025-07-14T14:43:00.000,26.8974
2025-07-14T14:44:00.000,26.6918
2025-07-14T14:45:00.000,26.4963
2025-07-14T14:46:00.000,26.3391
2025-07-14T14:47:00.000,26.3082
2025-07-14T14:48:00.000,26.3531
2025-07-14T14:49:00.000,26.5835
2025-07-14T14:50:00.000,26.8523
2025-07-14T14:51:00.000,27.0807
2025-07-14T14:52:00.000,27.2487
2025-07-14T14:53:00.000,27.4071
2025-07-14T14:54:00.000,27.5784
2025-07-14T14:55:00.000,27.8337
2025-07-14T14:56:00.000,28.0426
2025-07-14T14:57:00.000,28.1095
2025-07-14T14:58:00.000,28.0939
2025-07-14T14:59:00.000,28.0042
2025-07-14T15:00:00.000,27.8210
2025-07-14T15:01:00.000,27.7273
2025-07-14T15:02:00.000,27.7812
2025-07-14T15:03:00.000,27.7755
2025-07-14T15:04:00.000,27.7585
2025-07-14T15:05:00.000,27.8110
2025-07-14T15:06:00.000,27.5487
2025-07-14T15:07:00.000,26.9989
2025-07-14T15:08:00.000,26.7298
2025-07-14T15:09:00.000,26.7579
2025-07-14T15:10:00.000,26.9594
2025-07-14T15:11:00.000,27.2304
2025-07-14T15:12:00.000,27.2699
2025-07-14T15:13:00.000,26.8495
2025-07-14T15:14:00.000,26.2591
2025-07-14T15:15:00.000,25.7089
2025-07-14T15:16:00.000,25.2694
2025-07-14T15:17:00.000,24.9297
2025-07-14T15:18:00.000,24.6823
2025-07-14T15:19:00.000,24.5060
2025-07-14T15:20:00.000,24.4117
2025-07-14T15:21:00.000,24.3091
2025-07-14T15:22:00.000,24.1277
2025-07-14T15:23:00.000,23.9173
2025-07-14T15:24:00.000,23.6726
2025-07-14T15:25:00.000,23.4475
2025-07-14T15:26:00.000,23.2392
2025-07-14T15:27:00.000,23.1096
2025-07-14T15:28:00.000,23.2447
2025-07-14T15:29:00.000,23.7016
2025-07-14T15:30:00.000,24.4117
2025-07-14T15:31:00.000,25.1551
2025-07-14T15:32:00.000,25.7075
2025-07-14T15:33:00.000,26.1567
2025-07-14T15:34:00.000,26.7664
2025-07-14T15:35:00.000,27.4382
2025-07-14T15:36:00.000,27.7670
2025-07-14T15:37:00.000,27.9303
2025-07-14T15:38:00.000,28.1366
2025-07-14T15:39:00.000,28.5931
2025-07-14T15:40:00.000,28.7848
2025-07-14T15:41:00.000,28.6903
2025-07-14T15:42:00.000,28.4945
2025-07-14T15:43:00.000,28.1679
2025-07-14T15:44:00.000,27.6195
2025-07-14T15:45:00.000,27.0736
2025-07-14T15:46:00.000,26.5118
2025-07-14T15:47:00.000,25.9957
2025-07-14T15:48:00.000,25.6097
2025-07-14T15:49:00.000,25.3809
2025-07-14T15:50:00.000,25.3976
2025-07-14T15:51:00.000,25.5134
2025-07-14T15:52:00.000,25.4143
2025-07-14T15:53:00.000,25.3084
2025-07-14T15:54:00.000,25.4688
2025-07-14T15:55:00.000,25.9999
2025-07-14T15:56:00.000,26.6440
2025-07-14T15:57:00.000,27.1612
2025-07-14T15:58:00.000,27.4793
2025-07-14T15:59:00.000,27.6209
2025-07-14T16:00:00.000,27.7060
2025-07-14T16:01:00.000,27.7713
2025-07-14T16:02:00.000,27.8082
2025-07-14T16:03:00.000,27.8522
2025-07-14T16:04:00.000,27.9275
2025-07-14T16:05:00.000,27.9389
2025-07-14T16:06:00.000,27.9062
2025-07-14T16:07:00.000,27.8721
2025-07-14T16:08:00.000,27.8934
2025-07-14T16:09:00.000,27.8962
2025-07-14T16:10:00.000,27.9246
2025-07-14T16:11:00.000,27.9943
2025-07-14T16:12:00.000,28.0355
2025-07-14T16:13:00.000,28.0014
2025-07-14T16:14:00.000,27.9275
2025-07-14T16:15:00.000,27.8678
2025-07-14T16:16:00.000,27.8025
2025-07-14T16:17:00.000,27.7443
2025-07-14T16:18:00.000,27.6677
2025-07-14T16:19:00.000,27.4920
2025-07-14T16:20:00.000,27.0243
2025-07-14T16:21:00.000,26.6046
2025-07-14T16:22:00.000,26.2072
2025-07-14T16:23:00.000,26.2268
2025-07-14T16:24:00.000,26.4612
2025-07-14T16:25:00.000,26.7171
2025-07-14T16:26:00.000,26.9270
2025-07-14T16:27:00.000,27.1061
2025-07-14T16:28:00.000,27.3095
2025-07-14T16:29:00.000,27.5827
2025-07-14T16:30:00.000,27.8508
2025-07-14T16:31:00.000,28.0654
2025-07-14T16:32:00.000,28.2448
2025-07-14T16:33:00.000,28.3917
2025-07-14T16:34:00.000,28.4259
2025-07-14T16:35:00.000,28.6674
2025-07-14T16:36:00.000,29.0644
2025-07-14T16:37:00.000,28.9740
2025-07-14T16:38:00.000,28.5145
2025-07-14T16:39:00.000,28.3375
2025-07-14T16:40:00.000,28.5216
2025-07-14T16:41:00.000,29.1046
2025-07-14T16:42:00.000,30.0222
2025-07-14T16:43:00.000,30.8683
2025-07-14T16:44:00.000,31.1628
2025-07-14T16:45:00.000,31.2391
2025-07-14T16:46:00.000,31.5585
2025-07-14T16:47:00.000,31.7312
2025-07-14T16:48:00.000,31.5910
2025-07-14T16:49:00.000,31.3288
2025-07-14T16:50:00.000,30.8332
2025-07-14T16:51:00.000,30.2327
2025-07-14T16:52:00.000,29.4975
2025-07-14T16:53:00.000,28.9639
2025-07-14T16:54:00.000,28.8693
2025-07-14T16:55:00.000,29.0299
2025-07-14T16:56:00.000,29.0572
2025-07-14T16:57:00.000,29.0773
2025-07-14T16:58:00.000,28.9123
2025-07-14T16:59:00.000,28.6474
2025-07-14T17:00:00.000,28.3075
2025-07-14T17:01:00.000,28.0071
2025-07-14T17:02:00.000,27.7656
2025-07-14T17:03:00.000,27.5671
2025-07-14T17:04:00.000,27.4368
2025-07-14T17:05:00.000,27.4142
2025-07-14T17:06:00.000,27.4609
2025-07-14T17:07:00.000,27.4892
2025-07-14T17:08:00.000,27.3576
2025-07-14T17:09:00.000,27.1626
2025-07-14T17:10:00.000,26.9171
2025-07-14T17:11:00.000,26.6918
2025-07-14T17:12:00.000,26.5961
2025-07-14T17:13:00.000,26.4781
2025-07-14T17:14:00.000,26.3096
2025-07-14T17:15:00.000,26.1932
2025-07-14T17:16:00.000,26.1427
2025-07-14T17:17:00.000,26.2114
2025-07-14T17:18:00.000,26.1638
2025-07-14T17:19:00.000,25.4771
2025-07-14T17:20:00.000,24.3410
2025-07-14T17:21:00.000,23.1372
2025-07-14T17:22:00.000,22.1205
2025-07-14T17:23:00.000,21.4304
2025-07-14T17:24:00.000,20.9467
2025-07-14T17:25:00.000,20.5046
2025-07-14T17:26:00.000,20.1011
2025-07-14T17:27:00.000,19.7182
2025-07-14T17:28:00.000,19.3846
2025-07-14T17:29:00.000,19.1399
2025-07-14T17:30:00.000,18.9813
2025-07-14T17:31:00.000,18.8911
2025-07-14T17:32:00.000,18.8159
2025-07-14T17:33:00.000,18.7175
2025-07-14T17:34:00.000,18.6054
2025-07-14T17:35:00.000,18.5042
2025-07-14T17:36:00.000,18.4099
2025-07-14T17:37:00.000,18.3251
2025-07-14T17:38:00.000,18.2663
2025-07-14T17:39:00.000,18.2335
2025-07-14T17:40:00.000,18.2089
2025-07-14T17:41:00.000,18.2048
2025-07-14T17:42:00.000,18.3306
2025-07-14T17:43:00.000,18.4044
2025-07-14T17:44:00.000,18.5166
2025-07-14T17:45:00.000,18.5576
2025-07-14T17:46:00.000,18.5234
2025-07-14T17:47:00.000,18.4687
2025-07-14T17:48:00.000,18.4222
2025-07-14T17:49:00.000,18.3511
2025-07-14T17:50:00.000,18.2691
2025-07-14T17:51:00.000,18.1884
2025-07-14T17:52:00.000,18.1118
2025-07-14T17:53:00.000,17.9737
2025-07-14T17:54:00.000,17.8232
2025-07-14T17:55:00.000,17.6891
2025-07-14T17:56:00.000,17.6015
2025-07-14T17:57:00.000,17.5372
2025-07-14T17:58:00.000,17.4715
2025-07-14T17:59:00.000,17.3825
2025-07-14T18:00:00.000,17.2771
2025-07-14T18:01:00.000,17.1717
2025-07-14T18:02:00.000,17.1196
2025-07-14T18:03:00.000,17.2045
2025-07-14T18:04:00.000,17.2839
2025-07-14T18:05:00.000,17.3634
2025-07-14T18:06:00.000,17.4236
2025-07-14T18:07:00.000,17.4619
2025-07-14T18:08:00.000,17.4660
2025-07-14T18:09:00.000,17.4592
2025-07-14T18:10:00.000,17.4386
2025-07-14T18:11:00.000,17.4564
2025-07-14T18:12:00.000,17.5016
2025-07-14T18:13:00.000,17.5372
2025-07-14T18:14:00.000,17.5235
2025-07-14T18:15:00.000,17.4701
2025-07-14T18:16:00.000,17.3647
2025-07-14T18:17:00.000,17.1895
2025-07-14T18:18:00.000,16.9991
2025-07-14T18:19:00.000,16.8703
2025-07-14T18:20:00.000,16.7839
2025-07-14T18:21:00.000,16.7483
2025-07-14T18:22:00.000,16.7003
2025-07-14T18:23:00.000,16.6098
2025-07-14T18:24:00.000,16.5001
2025-07-14T18:25:00.000,16.3766
2025-07-14T18:26:00.000,16.2531
2025-07-14T18:27:00.000,16.1405
2025-07-14T18:28:00.000,16.0485
2025-07-14T18:29:00.000,15.9537
2025-07-14T18:30:00.000,15.8437
2025-07-14T18:31:00.000,15.7447
2025-07-14T18:32:00.000,15.6375
2025-07-14T18:33:00.000,15.5343
2025-07-14T18:34:00.000,15.4985
2025-07-14T18:35:00.000,15.4517
2025-07-14T18:36:00.000,15.3443
2025-07-14T18:37:00.000,15.2176
2025-07-14T18:38:00.000,15.0950
2025-07-14T18:39:00.000,14.9943
2025-07-14T18:40:00.000,14.9281
2025-07-14T18:41:00.000,14.9116
2025-07-14T18:42:00.000,14.8840
2025-07-14T18:43:00.000,14.8591
2025-07-14T18:44:00.000,14.8509
2025-07-14T18:45:00.000,14.8384
2025-07-14T18:46:00.000,14.8150
2025-07-14T18:47:00.000,14.7832
2025-07-14T18:48:00.000,14.7418
2025-07-14T18:49:00.000,14.6921
2025-07-14T18:50:00.000,14.6382
2025-07-14T18:51:00.000,14.5954
2025-07-14T18:52:00.000,14.5305
2025-07-14T18:53:00.000,14.4503
2025-07-14T18:54:00.000,14.3770
2025-07-14T18:55:00.000,14.3079
2025-07-14T18:56:00.000,14.2497
2025-07-14T18:57:00.000,14.2055
2025-07-14T18:58:00.000,14.1625
2025-07-14T18:59:00.000,14.1224
2025-07-14T19:00:00.000,14.0850
2025-07-14T19:01:00.000,14.0531
2025-07-14T19:02:00.000,13.9963
2025-07-14T19:03:00.000,13.9381
2025-07-14T19:04:00.000,13.9090
2025-07-14T19:05:00.000,13.8993
2025-07-14T19:06:00.000,13.9104
2025-07-14T19:07:00.000,13.9312
2025-07-14T19:08:00.000,13.9631
2025-07-14T19:09:00.000,13.9672
2025-07-14T19:10:00.000,13.9520
2025-07-14T19:11:00.000,13.9145
2025-07-14T19:12:00.000,13.8674
2025-07-14T19:13:00.000,13.8216
2025-07-14T19:14:00.000,13.8105
2025-07-14T19:15:00.000,13.8771
2025-07-14T19:16:00.000,13.9963
2025-07-14T19:17:00.000,14.0836
2025-07-14T19:18:00.000,14.0947
2025-07-14T19:19:00.000,14.0351
2025-07-14T19:20:00.000,13.9492
2025-07-14T19:21:00.000,13.8619
2025-07-14T19:22:00.000,13.7842
2025-07-14T19:23:00.000,13.7190
2025-07-14T19:24:00.000,13.6856
2025-07-14T19:25:00.000,13.7120
2025-07-14T19:26:00.000,13.7509
2025-07-14T19:27:00.000,13.7759
2025-07-14T19:28:00.000,13.7620
2025-07-14T19:29:00.000,13.7328
2025-07-14T19:30:00.000,13.6787
2025-07-14T19:31:00.000,13.6037
2025-07-14T19:32:00.000,13.5148
2025-07-14T19:33:00.000,13.4245
2025-07-14T19:34:00.000,13.3452
2025-07-14T19:35:00.000,13.2840
2025-07-14T19:36:00.000,13.2450
2025-07-14T19:37:00.000,13.2116
2025-07-14T19:38:00.000,13.1907
2025-07-14T19:39:00.000,13.1921
2025-07-14T19:40:00.000,13.1768
2025-07-14T19:41:00.000,13.1601
2025-07-14T19:42:00.000,13.1350
2025-07-14T19:43:00.000,13.1127
2025-07-14T19:44:00.000,13.0918
2025-07-14T19:45:00.000,13.0668
2025-07-14T19:46:00.000,13.0403
2025-07-14T19:47:00.000,13.0264
2025-07-14T19:48:00.000,13.0082
2025-07-14T19:49:00.000,12.9929
2025-07-14T19:50:00.000,12.9790
2025-07-14T19:51:00.000,12.9678
2025-07-14T19:52:00.000,12.9539
2025-07-14T19:53:00.000,12.9441
2025-07-14T19:54:00.000,12.9343
2025-07-14T19:55:00.000,12.9622
2025-07-14T19:56:00.000,13.1629
2025-07-14T19:57:00.000,13.5523
2025-07-14T19:58:00.000,13.9741
2025-07-14T19:59:00.000,14.4199
2025-07-14T20:00:00.000,14.7860
2025-07-14T20:01:00.000,15.0784
2025-07-14T20:02:00.000,15.1129
2025-07-14T20:03:00.000,14.8205
2025-07-14T20:04:00.000,14.4821
2025-07-14T20:05:00.000,14.1487
2025-07-14T20:06:00.000,13.8632
2025-07-14T20:07:00.000,13.6732
2025-07-14T20:08:00.000,13.6343
2025-07-14T20:09:00.000,13.5857
2025-07-14T20:10:00.000,13.5509
2025-07-14T20:11:00.000,13.5384
2025-07-14T20:12:00.000,13.5593
2025-07-14T20:13:00.000,13.6065
2025-07-14T20:14:00.000,13.6468
2025-07-14T20:15:00.000,13.6954
2025-07-14T20:16:00.000,13.7634
2025-07-14T20:17:00.000,13.8369
2025-07-14T20:18:00.000,13.9409
2025-07-14T20:19:00.000,14.0711
2025-07-14T20:20:00.000,14.1847
2025-07-14T20:21:00.000,14.2179
2025-07-14T20:22:00.000,14.2622
2025-07-14T20:23:00.000,14.3009
2025-07-14T20:24:00.000,14.3328
2025-07-14T20:25:00.000,14.3950
2025-07-14T20:26:00.000,14.4710
2025-07-14T20:27:00.000,14.4683
2025-07-14T20:28:00.000,14.3687
2025-07-14T20:29:00.000,14.2428
2025-07-14T20:30:00.000,14.1210
2025-07-14T20:31:00.000,14.0074
2025-07-14T20:32:00.000,13.9381
2025-07-14T20:33:00.000,13.8840
2025-07-14T20:34:00.000,13.8286
2025-07-14T20:35:00.000,13.7772
2025-07-14T20:36:00.000,13.7356
2025-07-14T20:37:00.000,13.7023
2025-07-14T20:38:00.000,13.6662
2025-07-14T20:39:00.000,13.6412
2025-07-14T20:40:00.000,13.6232
2025-07-14T20:41:00.000,13.6176
2025-07-14T20:42:00.000,13.6148
2025-07-14T20:43:00.000,13.6051
2025-07-14T20:44:00.000,13.6107
2025-07-14T20:45:00.000,13.6121
2025-07-14T20:46:00.000,13.6037
2025-07-14T20:47:00.000,13.6162
2025-07-14T20:48:00.000,13.6190
2025-07-14T20:49:00.000,13.6079
2025-07-14T20:50:00.000,13.6051
2025-07-14T20:51:00.000,13.5954
2025-07-14T20:52:00.000,13.5565
2025-07-14T20:53:00.000,13.4954
2025-07-14T20:54:00.000,13.4259
2025-07-14T20:55:00.000,13.3396
2025-07-14T20:56:00.000,13.2715
2025-07-14T20:57:00.000,13.2088
2025-07-14T20:58:00.000,13.1406
2025-07-14T20:59:00.000,13.0779
2025-07-14T21:00:00.000,13.0375
2025-07-14T21:01:00.000,13.0291
2025-07-14T21:02:00.000,13.0278
2025-07-14T21:03:00.000,13.0305
2025-07-14T21:04:00.000,13.0347
2025-07-14T21:05:00.000,13.0445
2025-07-14T21:06:00.000,13.0584
2025-07-14T21:07:00.000,13.0654
2025-07-14T21:08:00.000,13.0807
2025-07-14T21:09:00.000,13.0974
2025-07-14T21:10:00.000,13.1127
2025-07-14T21:11:00.000,13.1267
2025-07-14T21:12:00.000,13.1434
2025-07-14T21:13:00.000,13.1615
2025-07-14T21:14:00.000,13.1782
2025-07-14T21:15:00.000,13.1907
2025-07-14T21:16:00.000,13.2005
2025-07-14T21:17:00.000,13.2088
2025-07-14T21:18:00.000,13.2172
2025-07-14T21:19:00.000,13.2130
2025-07-14T21:20:00.000,13.2074
2025-07-14T21:21:00.000,13.2005
2025-07-14T21:22:00.000,13.1879
2025-07-14T21:23:00.000,13.1740
2025-07-14T21:24:00.000,13.1698
2025-07-14T21:25:00.000,13.1740
2025-07-14T21:26:00.000,13.1852
2025-07-14T21:27:00.000,13.2019
2025-07-14T21:28:00.000,13.2228
2025-07-14T21:29:00.000,13.2422
2025-07-14T21:30:00.000,13.2506
2025-07-14T21:31:00.000,13.2408
2025-07-14T21:32:00.000,13.2311
2025-07-14T21:33:00.000,13.2158
2025-07-14T21:34:00.000,13.2019
2025-07-14T21:35:00.000,13.1935
2025-07-14T21:36:00.000,13.1838
2025-07-14T21:37:00.000,13.1740
2025-07-14T21:38:00.000,13.1712
2025-07-14T21:39:00.000,13.1768
2025-07-14T21:40:00.000,13.1698
2025-07-14T21:41:00.000,13.1698
2025-07-14T21:42:00.000,13.1671
2025-07-14T21:43:00.000,13.1712
2025-07-14T21:44:00.000,13.1782
2025-07-14T21:45:00.000,13.1852
2025-07-14T21:46:00.000,13.1782
2025-07-14T21:47:00.000,13.1671
2025-07-14T21:48:00.000,13.1559
2025-07-14T21:49:00.000,13.1462
2025-07-14T21:50:00.000,13.1378
2025-07-14T21:51:00.000,13.1322
2025-07-14T21:52:00.000,13.1309
2025-07-14T21:53:00.000,13.1322
2025-07-14T21:54:00.000,13.1378
2025-07-14T21:55:00.000,13.1406
2025-07-14T21:56:00.000,13.1392
2025-07-14T21:57:00.000,13.1295
2025-07-14T21:58:00.000,13.1211
2025-07-14T21:59:00.000,13.1044
2025-07-14T22:00:00.000,13.0932
2025-07-14T22:01:00.000,13.0905
2025-07-14T22:02:00.000,13.0877
2025-07-14T22:03:00.000,13.0849
2025-07-14T22:04:00.000,13.0807
2025-07-14T22:05:00.000,13.0779
2025-07-14T22:06:00.000,13.0723
2025-07-14T22:07:00.000,13.0668
2025-07-14T22:08:00.000,13.0584
2025-07-14T22:09:00.000,13.0570
2025-07-14T22:10:00.000,13.0473
2025-07-14T22:11:00.000,13.0319
2025-07-14T22:12:00.000,13.0166
2025-07-14T22:13:00.000,13.0068
2025-07-14T22:14:00.000,12.9985
2025-07-14T22:15:00.000,12.9943
2025-07-14T22:16:00.000,12.9943
2025-07-14T22:17:00.000,12.9929
2025-07-14T22:18:00.000,12.9915
2025-07-14T22:19:00.000,12.9873
2025-07-14T22:20:00.000,12.9804
2025-07-14T22:21:00.000,12.9706
2025-07-14T22:22:00.000,12.9664
2025-07-14T22:23:00.000,12.9567
2025-07-14T22:24:00.000,12.9469
2025-07-14T22:25:00.000,12.9371
2025-07-14T22:26:00.000,12.9357
2025-07-14T22:27:00.000,12.9302
2025-07-14T22:28:00.000,12.9176
2025-07-14T22:29:00.000,12.9078
2025-07-14T22:30:00.000,12.9009
2025-07-14T22:31:00.000,12.8883
2025-07-14T22:32:00.000,12.8744
2025-07-14T22:33:00.000,12.8632
2025-07-14T22:34:00.000,12.8576
2025-07-14T22:35:00.000,12.8590
2025-07-14T22:36:00.000,12.8646
2025-07-14T22:37:00.000,12.8799
2025-07-14T22:38:00.000,12.9162
2025-07-14T22:39:00.000,12.9580
2025-07-14T22:40:00.000,13.0013
2025-07-14T22:41:00.000,13.0417
2025-07-14T22:42:00.000,13.0891
2025-07-14T22:43:00.000,13.1782
2025-07-14T22:44:00.000,13.2687
2025-07-14T22:45:00.000,13.3841
2025-07-14T22:46:00.000,13.4898
2025-07-14T22:47:00.000,13.5732
2025-07-14T22:48:00.000,13.6981
2025-07-14T22:49:00.000,13.7980
2025-07-14T22:50:00.000,13.8535
2025-07-14T22:51:00.000,13.8133
2025-07-14T22:52:00.000,13.7481
2025-07-14T22:53:00.000,13.6940
2025-07-14T22:54:00.000,13.6412
2025-07-14T22:55:00.000,13.6065
2025-07-14T22:56:00.000,13.5787
2025-07-14T22:57:00.000,13.5537
2025-07-14T22:58:00.000,13.5343
2025-07-14T22:59:00.000,13.5148
2025-07-14T23:00:00.000,13.4995
2025-07-14T23:01:00.000,13.4815
2025-07-14T23:02:00.000,13.4606
2025-07-14T23:03:00.000,13.4439
2025-07-14T23:04:00.000,13.4342
2025-07-14T23:05:00.000,13.4328
2025-07-14T23:06:00.000,13.4356
2025-07-14T23:07:00.000,13.4328
2025-07-14T23:08:00.000,13.4259
2025-07-14T23:09:00.000,13.4078
2025-07-14T23:10:00.000,13.3786
2025-07-14T23:11:00.000,13.3466
2025-07-14T23:12:00.000,13.3188
2025-07-14T23:13:00.000,13.2937
2025-07-14T23:14:00.000,13.2756
2025-07-14T23:15:00.000,13.2589
2025-07-14T23:16:00.000,13.2311
2025-07-14T23:17:00.000,13.2060
2025-07-14T23:18:00.000,13.1740
2025-07-14T23:19:00.000,13.1434
2025-07-14T23:20:00.000,13.1141
2025-07-14T23:21:00.000,13.0946
2025-07-14T23:22:00.000,13.0821
2025-07-14T23:23:00.000,13.0654
2025-07-14T23:24:00.000,13.0431
2025-07-14T23:25:00.000,13.0250
2025-07-14T23:26:00.000,13.0027
2025-07-14T23:27:00.000,12.9804
2025-07-14T23:28:00.000,12.9580
2025-07-14T23:29:00.000,12.9385
2025-07-14T23:30:00.000,12.9218
2025-07-14T23:31:00.000,12.9023
2025-07-14T23:32:00.000,12.8772
2025-07-14T23:33:00.000,12.8409
2025-07-14T23:34:00.000,12.8046
2025-07-14T23:35:00.000,12.7655
2025-07-14T23:36:00.000,12.7278
2025-07-14T23:37:00.000,12.6873
2025-07-14T23:38:00.000,12.6496
2025-07-14T23:39:00.000,12.6202
2025-07-14T23:40:00.000,12.6007
2025-07-14T23:41:00.000,12.5881
2025-07-14T23:42:00.000,12.5839
2025-07-14T23:43:00.000,12.5881
2025-07-14T23:44:00.000,12.5923
2025-07-14T23:45:00.000,12.6007
2025-07-14T23:46:00.000,12.6132
2025-07-14T23:47:00.000,12.6258
2025-07-14T23:48:00.000,12.6496
2025-07-14T23:49:00.000,12.6803
2025-07-14T23:50:00.000,12.7110
2025-07-14T23:51:00.000,12.7376
2025-07-14T23:52:00.000,12.7543
2025-07-14T23:53:00.000,12.7767
2025-07-14T23:54:00.000,12.7948
2025-07-14T23:55:00.000,12.8060
2025-07-14T23:56:00.000,12.8185
2025-07-14T23:57:00.000,12.8339
2025-07-14T23:58:00.000,12.8506
2025-07-14T23:59:00.000,12.8758
2025-07-15T00:00:00.000,12.8939
2025-07-15T00:01:00.000,12.9106
2025-07-15T00:02:00.000,12.9204
2025-07-15T00:03:00.000,12.9329
2025-07-15T00:04:00.000,12.9650
2025-07-15T00:05:00.000,12.9901
2025-07-15T00:06:00.000,13.0612
2025-07-15T00:07:00.000,13.2005
2025-07-15T00:08:00.000,13.3090
2025-07-15T00:09:00.000,13.4551
2025-07-15T00:10:00.000,13.6412
2025-07-15T00:11:00.000,13.7425
2025-07-15T00:12:00.000,13.8480
2025-07-15T00:13:00.000,13.9035
2025-07-15T00:14:00.000,14.0116
2025-07-15T00:15:00.000,14.0310
2025-07-15T00:16:00.000,13.9977
2025-07-15T00:17:00.000,13.8910
2025-07-15T00:18:00.000,13.7925
2025-07-15T00:19:00.000,13.8216
2025-07-15T00:20:00.000,13.8466
2025-07-15T00:21:00.000,13.7731
2025-07-15T00:22:00.000,13.6745
2025-07-15T00:23:00.000,13.5940
2025-07-15T00:24:00.000,13.6162
2025-07-15T00:25:00.000,13.6509
2025-07-15T00:26:00.000,13.6676
2025-07-15T00:27:00.000,13.6787
2025-07-15T00:28:00.000,13.6801
2025-07-15T00:29:00.000,13.7231
2025-07-15T00:30:00.000,13.7897
2025-07-15T00:31:00.000,13.8840
2025-07-15T00:32:00.000,13.9922
2025-07-15T00:33:00.000,14.0836
2025-07-15T00:34:00.000,14.1695
2025-07-15T00:35:00.000,14.2470
2025-07-15T00:36:00.000,14.3120
2025-07-15T00:37:00.000,14.3411
2025-07-15T00:38:00.000,14.3438
2025-07-15T00:39:00.000,14.3452
2025-07-15T00:40:00.000,14.3383
2025-07-15T00:41:00.000,14.3341
2025-07-15T00:42:00.000,14.3452
2025-07-15T00:43:00.000,14.3618
2025-07-15T00:44:00.000,14.3715
2025-07-15T00:45:00.000,14.3770
2025-07-15T00:46:00.000,14.3756
2025-07-15T00:47:00.000,14.3798
2025-07-15T00:48:00.000,14.3881
2025-07-15T00:49:00.000,14.4019
2025-07-15T00:50:00.000,14.3950
2025-07-15T00:51:00.000,14.3826
2025-07-15T00:52:00.000,14.3784
2025-07-15T00:53:00.000,14.4019
2025-07-15T00:54:00.000,14.4323
2025-07-15T00:55:00.000,14.4475
2025-07-15T00:56:00.000,14.4503
2025-07-15T00:57:00.000,14.4503
2025-07-15T00:58:00.000,14.4545
2025-07-15T00:59:00.000,14.4586
2025-07-15T01:00:00.000,14.4614
2025-07-15T01:01:00.000,14.4586
2025-07-15T01:02:00.000,14.4545
2025-07-15T01:03:00.000,14.4475
2025-07-15T01:04:00.000,14.4365
2025-07-15T01:05:00.000,14.4213
2025-07-15T01:06:00.000,14.4074
2025-07-15T01:07:00.000,14.3950
2025-07-15T01:08:00.000,14.3826
2025-07-15T01:09:00.000,14.3743
2025-07-15T01:10:00.000,14.3715
2025-07-15T01:11:00.000,14.3715
2025-07-15T01:12:00.000,14.3673
2025-07-15T01:13:00.000,14.3701
2025-07-15T01:14:00.000,14.3701
2025-07-15T01:15:00.000,14.3729
2025-07-15T01:16:00.000,14.3424
2025-07-15T01:17:00.000,14.2940
2025-07-15T01:18:00.000,14.2663
2025-07-15T01:19:00.000,14.2234
2025-07-15T01:20:00.000,14.1985
2025-07-15T01:21:00.000,14.1944
2025-07-15T01:22:00.000,14.1819
2025-07-15T01:23:00.000,14.1778
2025-07-15T01:24:00.000,14.1875
2025-07-15T01:25:00.000,14.2055
2025-07-15T01:26:00.000,14.2304
2025-07-15T01:27:00.000,14.2580
2025-07-15T01:28:00.000,14.2885
2025-07-15T01:29:00.000,14.3037
2025-07-15T01:30:00.000,14.3009
2025-07-15T01:31:00.000,14.2760
2025-07-15T01:32:00.000,14.2484
2025-07-15T01:33:00.000,14.2359
2025-07-15T01:34:00.000,14.2331
2025-07-15T01:35:00.000,14.2608
2025-07-15T01:36:00.000,14.2843
2025-07-15T01:37:00.000,14.3079
2025-07-15T01:38:00.000,14.3245
2025-07-15T01:39:00.000,14.3217
2025-07-15T01:40:00.000,14.3134
2025-07-15T01:41:00.000,14.2843
2025-07-15T01:42:00.000,14.2304
2025-07-15T01:43:00.000,14.1750
2025-07-15T01:44:00.000,14.1348
2025-07-15T01:45:00.000,14.1210
2025-07-15T01:46:00.000,14.1224
2025-07-15T01:47:00.000,14.1210
2025-07-15T01:48:00.000,14.1182
2025-07-15T01:49:00.000,14.0864
2025-07-15T01:50:00.000,14.0698
2025-07-15T01:51:00.000,14.0614
2025-07-15T01:52:00.000,14.0559
2025-07-15T01:53:00.000,14.0642
2025-07-15T01:54:00.000,14.0698
2025-07-15T01:55:00.000,14.0753
2025-07-15T01:56:00.000,14.0670
2025-07-15T01:57:00.000,14.0628
2025-07-15T01:58:00.000,14.0601
2025-07-15T01:59:00.000,14.0753
2025-07-15T02:00:00.000,14.0864
2025-07-15T02:01:00.000,14.1044
2025-07-15T02:02:00.000,14.1099
2025-07-15T02:03:00.000,14.0864
2025-07-15T02:04:00.000,14.0587
2025-07-15T02:05:00.000,14.0559
2025-07-15T02:06:00.000,14.0490
2025-07-15T02:07:00.000,14.0254
2025-07-15T02:08:00.000,14.0019
2025-07-15T02:09:00.000,13.9811
2025-07-15T02:10:00.000,13.9700
2025-07-15T02:11:00.000,13.9631
2025-07-15T02:12:00.000,13.9561
2025-07-15T02:13:00.000,13.9811
2025-07-15T02:14:00.000,14.0240
2025-07-15T02:15:00.000,14.0351
2025-07-15T02:16:00.000,14.0407
2025-07-15T02:17:00.000,14.0601
2025-07-15T02:18:00.000,14.0794
2025-07-15T02:19:00.000,14.0919
2025-07-15T02:20:00.000,14.1030
2025-07-15T02:21:00.000,14.1224
2025-07-15T02:22:00.000,14.1445
2025-07-15T02:23:00.000,14.1653
2025-07-15T02:24:00.000,14.1625
2025-07-15T02:25:00.000,14.1778
2025-07-15T02:26:00.000,14.1875
2025-07-15T02:27:00.000,14.1902
2025-07-15T02:28:00.000,14.1930
2025-07-15T02:29:00.000,14.1833
2025-07-15T02:30:00.000,14.1819
2025-07-15T02:31:00.000,14.1916
2025-07-15T02:32:00.000,14.2068
2025-07-15T02:33:00.000,14.2234
2025-07-15T02:34:00.000,14.2401
2025-07-15T02:35:00.000,14.2193
2025-07-15T02:36:00.000,14.2207
2025-07-15T02:37:00.000,14.2165
2025-07-15T02:38:00.000,14.2193
2025-07-15T02:39:00.000,14.2221
2025-07-15T02:40:00.000,14.2221
2025-07-15T02:41:00.000,14.2165
2025-07-15T02:42:00.000,14.2207
2025-07-15T02:43:00.000,14.2221
2025-07-15T02:44:00.000,14.2179
2025-07-15T02:45:00.000,14.2151
2025-07-15T02:46:00.000,14.2138
2025-07-15T02:47:00.000,14.2082
2025-07-15T02:48:00.000,14.2013
2025-07-15T02:49:00.000,14.2041
2025-07-15T02:50:00.000,14.2110
2025-07-15T02:51:00.000,14.2248
2025-07-15T02:52:00.000,14.2401
2025-07-15T02:53:00.000,14.2539
2025-07-15T02:54:00.000,14.2636
2025-07-15T02:55:00.000,14.2650
2025-07-15T02:56:00.000,14.2594
2025-07-15T02:57:00.000,14.2608
2025-07-15T02:58:00.000,14.2705
2025-07-15T02:59:00.000,14.2760
2025-07-15T03:00:00.000,14.2830
2025-07-15T03:01:00.000,14.2871
2025-07-15T03:02:00.000,14.2940
2025-07-15T03:03:00.000,14.2926
2025-07-15T03:04:00.000,14.2830
2025-07-15T03:05:00.000,14.2802
2025-07-15T03:06:00.000,14.2802
2025-07-15T03:07:00.000,14.2843
2025-07-15T03:08:00.000,14.2788
2025-07-15T03:09:00.000,14.2760
2025-07-15T03:10:00.000,14.2677
2025-07-15T03:11:00.000,14.2636
2025-07-15T03:12:00.000,14.2663
2025-07-15T03:13:00.000,14.2650
2025-07-15T03:14:00.000,14.2636
2025-07-15T03:15:00.000,14.2580
2025-07-15T03:16:00.000,14.2636
2025-07-15T03:17:00.000,14.2705
2025-07-15T03:18:00.000,14.2705
2025-07-15T03:19:00.000,14.2677
2025-07-15T03:20:00.000,14.2691
2025-07-15T03:21:00.000,14.2705
2025-07-15T03:22:00.000,14.2733
2025-07-15T03:23:00.000,14.2760
2025-07-15T03:24:00.000,14.2802
2025-07-15T03:25:00.000,14.2774
2025-07-15T03:26:00.000,14.2705
2025-07-15T03:27:00.000,14.2580
2025-07-15T03:28:00.000,14.2304
2025-07-15T03:29:00.000,14.2151
2025-07-15T03:30:00.000,14.1916
2025-07-15T03:31:00.000,14.1805
2025-07-15T03:32:00.000,14.1805
2025-07-15T03:33:00.000,14.1639
2025-07-15T03:34:00.000,14.1473
2025-07-15T03:35:00.000,14.1542
2025-07-15T03:36:00.000,14.1708
2025-07-15T03:37:00.000,14.2013
2025-07-15T03:38:00.000,14.2331
2025-07-15T03:39:00.000,14.2663
2025-07-15T03:40:00.000,14.2940
2025-07-15T03:41:00.000,14.3134
2025-07-15T03:42:00.000,14.3162
2025-07-15T03:43:00.000,14.3314
2025-07-15T03:44:00.000,14.3701
2025-07-15T03:45:00.000,14.4116
2025-07-15T03:46:00.000,14.4489
2025-07-15T03:47:00.000,14.4780
2025-07-15T03:48:00.000,14.5028
2025-07-15T03:49:00.000,14.5263
2025-07-15T03:50:00.000,14.5498
2025-07-15T03:51:00.000,14.5636
2025-07-15T03:52:00.000,14.5802
2025-07-15T03:53:00.000,14.5927
2025-07-15T03:54:00.000,14.5982
2025-07-15T03:55:00.000,14.5927
2025-07-15T03:56:00.000,14.6023
2025-07-15T03:57:00.000,14.6037
2025-07-15T03:58:00.000,14.6106
2025-07-15T03:59:00.000,14.6148
2025-07-15T04:00:00.000,14.6203
2025-07-15T04:01:00.000,14.6217
2025-07-15T04:02:00.000,14.6230
2025-07-15T04:03:00.000,14.6272
2025-07-15T04:04:00.000,14.6203
2025-07-15T04:05:00.000,14.6134
2025-07-15T04:06:00.000,14.6051
2025-07-15T04:07:00.000,14.6009
2025-07-15T04:08:00.000,14.5692
2025-07-15T04:09:00.000,14.5623
2025-07-15T04:10:00.000,14.5636
2025-07-15T04:11:00.000,14.5747
2025-07-15T04:12:00.000,14.5844
2025-07-15T04:13:00.000,14.5913
2025-07-15T04:14:00.000,14.5871
2025-07-15T04:15:00.000,14.5747
2025-07-15T04:16:00.000,14.5567
2025-07-15T04:17:00.000,14.5153
2025-07-15T04:18:00.000,14.4807
2025-07-15T04:19:00.000,14.4462
2025-07-15T04:20:00.000,14.4254
2025-07-15T04:21:00.000,14.4088
2025-07-15T04:22:00.000,14.4047
2025-07-15T04:23:00.000,14.4130
2025-07-15T04:24:00.000,14.4227
2025-07-15T04:25:00.000,14.4282
2025-07-15T04:26:00.000,14.4171
2025-07-15T04:27:00.000,14.3978
2025-07-15T04:28:00.000,14.3660
2025-07-15T04:29:00.000,14.3673
2025-07-15T04:30:00.000,14.3729
2025-07-15T04:31:00.000,14.3853
2025-07-15T04:32:00.000,14.3991
2025-07-15T04:33:00.000,14.4406
2025-07-15T04:34:00.000,14.4945
2025-07-15T04:35:00.000,14.5429
2025-07-15T04:36:00.000,14.5844
2025-07-15T04:37:00.000,14.6244
2025-07-15T04:38:00.000,14.6548
2025-07-15T04:39:00.000,14.6824
2025-07-15T04:40:00.000,14.6976
2025-07-15T04:41:00.000,14.7197
2025-07-15T04:42:00.000,14.7321
2025-07-15T04:43:00.000,14.7363
2025-07-15T04:44:00.000,14.7335
2025-07-15T04:45:00.000,14.7266
2025-07-15T04:46:00.000,14.7197
2025-07-15T04:47:00.000,14.7073
2025-07-15T04:48:00.000,14.7073
2025-07-15T04:49:00.000,14.7101
2025-07-15T04:50:00.000,14.7142
2025-07-15T04:51:00.000,14.7156
2025-07-15T04:52:00.000,14.7142
2025-07-15T04:53:00.000,14.7114
2025-07-15T04:54:00.000,14.7045
2025-07-15T04:55:00.000,14.6852
2025-07-15T04:56:00.000,14.6659
2025-07-15T04:57:00.000,14.6438
2025-07-15T04:58:00.000,14.6230
2025-07-15T04:59:00.000,14.6037
2025-07-15T05:00:00.000,14.5802
2025-07-15T05:01:00.000,14.5636
2025-07-15T05:02:00.000,14.5554
2025-07-15T05:03:00.000,14.5540
2025-07-15T05:04:00.000,14.5554
2025-07-15T05:05:00.000,14.5554
2025-07-15T05:06:00.000,14.5581
2025-07-15T05:07:00.000,14.5623
2025-07-15T05:08:00.000,14.5581
2025-07-15T05:09:00.000,14.5429
2025-07-15T05:10:00.000,14.5236
2025-07-15T05:11:00.000,14.5084
2025-07-15T05:12:00.000,14.4890
2025-07-15T05:13:00.000,14.4752
2025-07-15T05:14:00.000,14.4697
2025-07-15T05:15:00.000,14.4821
2025-07-15T05:16:00.000,14.4890
2025-07-15T05:17:00.000,14.4973
2025-07-15T05:18:00.000,14.5070
2025-07-15T05:19:00.000,14.5139
2025-07-15T05:20:00.000,14.5249
2025-07-15T05:21:00.000,14.5222
2025-07-15T05:22:00.000,14.5249
2025-07-15T05:23:00.000,14.5291
2025-07-15T05:24:00.000,14.5028
2025-07-15T05:25:00.000,14.4890
2025-07-15T05:26:00.000,14.4807
2025-07-15T05:27:00.000,14.4821
2025-07-15T05:28:00.000,14.4849
2025-07-15T05:29:00.000,14.4752
2025-07-15T05:30:00.000,14.4683
2025-07-15T05:31:00.000,14.4655
2025-07-15T05:32:00.000,14.4780
2025-07-15T05:33:00.000,14.4862
2025-07-15T05:34:00.000,14.4959
2025-07-15T05:35:00.000,14.4890
2025-07-15T05:36:00.000,14.4517
2025-07-15T05:37:00.000,14.4337
2025-07-15T05:38:00.000,14.4227
2025-07-15T05:39:00.000,14.4254
2025-07-15T05:40:00.000,14.4282
2025-07-15T05:41:00.000,14.4323
2025-07-15T05:42:00.000,14.4503
2025-07-15T05:43:00.000,14.4752
2025-07-15T05:44:00.000,14.4890
2025-07-15T05:45:00.000,14.5015
2025-07-15T05:46:00.000,14.5084
2025-07-15T05:47:00.000,14.5167
2025-07-15T05:48:00.000,14.5305
2025-07-15T05:49:00.000,14.5471
2025-07-15T05:50:00.000,14.5526
2025-07-15T05:51:00.000,14.5471
2025-07-15T05:52:00.000,14.5236
2025-07-15T05:53:00.000,14.5084
2025-07-15T05:54:00.000,14.5084
2025-07-15T05:55:00.000,14.5111
2025-07-15T05:56:00.000,14.5167
2025-07-15T05:57:00.000,14.5236
2025-07-15T05:58:00.000,14.5236
2025-07-15T05:59:00.000,14.5180
2025-07-15T06:00:00.000,14.5084
2025-07-15T06:01:00.000,14.4890
2025-07-15T06:02:00.000,14.4780
2025-07-15T06:03:00.000,14.4780
2025-07-15T06:04:00.000,14.4876
2025-07-15T06:05:00.000,14.4932
2025-07-15T06:06:00.000,14.5056
2025-07-15T06:07:00.000,14.5125
2025-07-15T06:08:00.000,14.5222
2025-07-15T06:09:00.000,14.5360
2025-07-15T06:10:00.000,14.5498
2025-07-15T06:11:00.000,14.5581
2025-07-15T06:12:00.000,14.5636
2025-07-15T06:13:00.000,14.5678
2025-07-15T06:14:00.000,14.5692
2025-07-15T06:15:00.000,14.5719
2025-07-15T06:16:00.000,14.5761
2025-07-15T06:17:00.000,14.5775
2025-07-15T06:18:00.000,14.5816
2025-07-15T06:19:00.000,14.5857
2025-07-15T06:20:00.000,14.5913
2025-07-15T06:21:00.000,14.5954
2025-07-15T06:22:00.000,14.5996
2025-07-15T06:23:00.000,14.6065
2025-07-15T06:24:00.000,14.6079
2025-07-15T06:25:00.000,14.6092
2025-07-15T06:26:00.000,14.6106
2025-07-15T06:27:00.000,14.6120
2025-07-15T06:28:00.000,14.6120
2025-07-15T06:29:00.000,14.6148
2025-07-15T06:30:00.000,14.6189
2025-07-15T06:31:00.000,14.6230
2025-07-15T06:32:00.000,14.6230
2025-07-15T06:33:00.000,14.6217
2025-07-15T06:34:00.000,14.6217
2025-07-15T06:35:00.000,14.6217
2025-07-15T06:36:00.000,14.6217
2025-07-15T06:37:00.000,14.6175
2025-07-15T06:38:00.000,14.6148
2025-07-15T06:39:00.000,14.6120
2025-07-15T06:40:00.000,14.6148
2025-07-15T06:41:00.000,14.6175
2025-07-15T06:42:00.000,14.6189
2025-07-15T06:43:00.000,14.6217
2025-07-15T06:44:00.000,14.6217
2025-07-15T06:45:00.000,14.6217
2025-07-15T06:46:00.000,14.6217
2025-07-15T06:47:00.000,14.6189
2025-07-15T06:48:00.000,14.6175
2025-07-15T06:49:00.000,14.6092
2025-07-15T06:50:00.000,14.5996
2025-07-15T06:51:00.000,14.5940
2025-07-15T06:52:00.000,14.5940
2025-07-15T06:53:00.000,14.5540
2025-07-15T06:54:00.000,14.5001
2025-07-15T06:55:00.000,14.4572
2025-07-15T06:56:00.000,14.4157
2025-07-15T06:57:00.000,14.3964
2025-07-15T06:58:00.000,14.3770
2025-07-15T06:59:00.000,14.3743
2025-07-15T07:00:00.000,14.3867
2025-07-15T07:01:00.000,14.3964
2025-07-15T07:02:00.000,14.4116
2025-07-15T07:03:00.000,14.4282
2025-07-15T07:04:00.000,14.4365
2025-07-15T07:05:00.000,14.4392
2025-07-15T07:06:00.000,14.4420
2025-07-15T07:07:00.000,14.4531
2025-07-15T07:08:00.000,14.4669
2025-07-15T07:09:00.000,14.4572
2025-07-15T07:10:00.000,14.4392
2025-07-15T07:11:00.000,14.4448
2025-07-15T07:12:00.000,14.4392
2025-07-15T07:13:00.000,14.4323
2025-07-15T07:14:00.000,14.4379
2025-07-15T07:15:00.000,14.4462
2025-07-15T07:16:00.000,14.4448
2025-07-15T07:17:00.000,14.4558
2025-07-15T07:18:00.000,14.4710
2025-07-15T07:19:00.000,14.4710
2025-07-15T07:20:00.000,14.4697
2025-07-15T07:21:00.000,14.4738
2025-07-15T07:22:00.000,14.4752
2025-07-15T07:23:00.000,14.4793
2025-07-15T07:24:00.000,14.4835
2025-07-15T07:25:00.000,14.4793
2025-07-15T07:26:00.000,14.4780
2025-07-15T07:27:00.000,14.4780
2025-07-15T07:28:00.000,14.4835
2025-07-15T07:29:00.000,14.4876
2025-07-15T07:30:00.000,14.4959
2025-07-15T07:31:00.000,14.5097
2025-07-15T07:32:00.000,14.5236
2025-07-15T07:33:00.000,14.5111
2025-07-15T07:34:00.000,14.4959
2025-07-15T07:35:00.000,14.4489
2025-07-15T07:36:00.000,14.4323
2025-07-15T07:37:00.000,14.4392
2025-07-15T07:38:00.000,14.4406
2025-07-15T07:39:00.000,14.4392
2025-07-15T07:40:00.000,14.4310
2025-07-15T07:41:00.000,14.4282
2025-07-15T07:42:00.000,14.4268
2025-07-15T07:43:00.000,14.4199
2025-07-15T07:44:00.000,14.3978
2025-07-15T07:45:00.000,14.3756
2025-07-15T07:46:00.000,14.3701
2025-07-15T07:47:00.000,14.3867
2025-07-15T07:48:00.000,14.4033
2025-07-15T07:49:00.000,14.4047
2025-07-15T07:50:00.000,14.4033
2025-07-15T07:51:00.000,14.4061
2025-07-15T07:52:00.000,14.4144
2025-07-15T07:53:00.000,14.4296
2025-07-15T07:54:00.000,14.4475
2025-07-15T07:55:00.000,14.4683
2025-07-15T07:56:00.000,14.4862
2025-07-15T07:57:00.000,14.5056
2025-07-15T07:58:00.000,14.5194
2025-07-15T07:59:00.000,14.5263
2025-07-15T08:00:00.000,14.5277
2025-07-15T08:01:00.000,14.5208
2025-07-15T08:02:00.000,14.5084
2025-07-15T08:03:00.000,14.5042
2025-07-15T08:04:00.000,14.4973
2025-07-15T08:05:00.000,14.5125
2025-07-15T08:06:00.000,14.5263
2025-07-15T08:07:00.000,14.5346
2025-07-15T08:08:00.000,14.5125
2025-07-15T08:09:00.000,14.5097
2025-07-15T08:10:00.000,14.5001
2025-07-15T08:11:00.000,14.4973
2025-07-15T08:12:00.000,14.4959
2025-07-15T08:13:00.000,14.5070
2025-07-15T08:14:00.000,14.5208
2025-07-15T08:15:00.000,14.5388
2025-07-15T08:16:00.000,14.5512
2025-07-15T08:17:00.000,14.5609
2025-07-15T08:18:00.000,14.5650
2025-07-15T08:19:00.000,14.5636
2025-07-15T08:20:00.000,14.5664
2025-07-15T08:21:00.000,14.5636
2025-07-15T08:22:00.000,14.5540
2025-07-15T08:23:00.000,14.5415
2025-07-15T08:24:00.000,14.5319
2025-07-15T08:25:00.000,14.5277
2025-07-15T08:26:00.000,14.5305
2025-07-15T08:27:00.000,14.5374
2025-07-15T08:28:00.000,14.5457
2025-07-15T08:29:00.000,14.5291
2025-07-15T08:30:00.000,14.5042
2025-07-15T08:31:00.000,14.4849
2025-07-15T08:32:00.000,14.4752
2025-07-15T08:33:00.000,14.4738
2025-07-15T08:34:00.000,14.4849
2025-07-15T08:35:00.000,14.5001
2025-07-15T08:36:00.000,14.5236
2025-07-15T08:37:00.000,14.5360
2025-07-15T08:38:00.000,14.5346
2025-07-15T08:39:00.000,14.5554
2025-07-15T08:40:00.000,14.5802
2025-07-15T08:41:00.000,14.6051
2025-07-15T08:42:00.000,14.6286
2025-07-15T08:43:00.000,14.6396
2025-07-15T08:44:00.000,14.6548
2025-07-15T08:45:00.000,14.6686
2025-07-15T08:46:00.000,14.6880
2025-07-15T08:47:00.000,14.7059
2025-07-15T08:48:00.000,14.7128
2025-07-15T08:49:00.000,14.7308
2025-07-15T08:50:00.000,14.7473
2025-07-15T08:51:00.000,14.7722
2025-07-15T08:52:00.000,14.7694
2025-07-15T08:53:00.000,14.7791
2025-07-15T08:54:00.000,14.8067
2025-07-15T08:55:00.000,14.8453
2025-07-15T08:56:00.000,14.8853
2025-07-15T08:57:00.000,14.8950
2025-07-15T08:58:00.000,14.8881
2025-07-15T08:59:00.000,14.8812
2025-07-15T09:00:00.000,14.8867
2025-07-15T09:01:00.000,14.8867
2025-07-15T09:02:00.000,14.8826
2025-07-15T09:03:00.000,14.8950
2025-07-15T09:04:00.000,14.9143
2025-07-15T09:05:00.000,14.9350
2025-07-15T09:06:00.000,14.9543
2025-07-15T09:07:00.000,14.9626
2025-07-15T09:08:00.000,14.9929
2025-07-15T09:09:00.000,15.0205
2025-07-15T09:10:00.000,15.0453
2025-07-15T09:11:00.000,15.0702
2025-07-15T09:12:00.000,15.0922
2025-07-15T09:13:00.000,15.1115
2025-07-15T09:14:00.000,15.1280
2025-07-15T09:15:00.000,15.1487
2025-07-15T09:16:00.000,15.1584
2025-07-15T09:17:00.000,15.1680
2025-07-15T09:18:00.000,15.1777
2025-07-15T09:19:00.000,15.1901
2025-07-15T09:20:00.000,15.2052
2025-07-15T09:21:00.000,15.2259
2025-07-15T09:22:00.000,15.2341
2025-07-15T09:23:00.000,15.2424
2025-07-15T09:24:00.000,15.2465
2025-07-15T09:25:00.000,15.2562
2025-07-15T09:26:00.000,15.2631
2025-07-15T09:27:00.000,15.2741
2025-07-15T09:28:00.000,15.2879
2025-07-15T09:29:00.000,15.2975
2025-07-15T09:30:00.000,15.3182
2025-07-15T09:31:00.000,15.3347
2025-07-15T09:32:00.000,15.3402
2025-07-15T09:33:00.000,15.3292
2025-07-15T09:34:00.000,15.3168
2025-07-15T09:35:00.000,15.2961
2025-07-15T09:36:00.000,15.2810
2025-07-15T09:37:00.000,15.2796
2025-07-15T09:38:00.000,15.2920
2025-07-15T09:39:00.000,15.3030
2025-07-15T09:40:00.000,15.3099
2025-07-15T09:41:00.000,15.3347
2025-07-15T09:42:00.000,15.3829
2025-07-15T09:43:00.000,15.4600
2025-07-15T09:44:00.000,15.5412
2025-07-15T09:45:00.000,15.6100
2025-07-15T09:46:00.000,15.6444
2025-07-15T09:47:00.000,15.6430
2025-07-15T09:48:00.000,15.6595
2025-07-15T09:49:00.000,15.6994
2025-07-15T09:50:00.000,15.7337
2025-07-15T09:51:00.000,15.8052
2025-07-15T09:52:00.000,15.8753
2025-07-15T09:53:00.000,15.9303
2025-07-15T09:54:00.000,15.9743
2025-07-15T09:55:00.000,16.0127
2025-07-15T09:56:00.000,16.0526
2025-07-15T09:57:00.000,16.0952
2025-07-15T09:58:00.000,16.1460
2025-07-15T09:59:00.000,16.2160
2025-07-15T10:00:00.000,16.3052
2025-07-15T10:01:00.000,16.4177
2025-07-15T10:02:00.000,16.5796
2025-07-15T10:03:00.000,16.8661
2025-07-15T10:04:00.000,17.2716
2025-07-15T10:05:00.000,17.9655
2025-07-15T10:06:00.000,18.9171
2025-07-15T10:07:00.000,19.9588
2025-07-15T10:08:00.000,20.8317
2025-07-15T10:09:00.000,21.5387
2025-07-15T10:10:00.000,22.1384
2025-07-15T10:11:00.000,22.6126
2025-07-15T10:12:00.000,23.0394
2025-07-15T10:13:00.000,23.3744
2025-07-15T10:14:00.000,23.6809
2025-07-15T10:15:00.000,23.9560
2025-07-15T10:16:00.000,24.1914
2025-07-15T10:17:00.000,24.3327
2025-07-15T10:18:00.000,24.5352
2025-07-15T10:19:00.000,24.7671
2025-07-15T10:20:00.000,24.9672
2025-07-15T10:21:00.000,25.1872
2025-07-15T10:22:00.000,25.3028
2025-07-15T10:23:00.000,25.4199
2025-07-15T10:24:00.000,25.7103
2025-07-15T10:25:00.000,25.9803
2025-07-15T10:26:00.000,26.0699
2025-07-15T10:27:00.000,26.3194
2025-07-15T10:28:00.000,26.5596
2025-07-15T10:29:00.000,26.9537
2025-07-15T10:30:00.000,27.2911
2025-07-15T10:31:00.000,27.7032
2025-07-15T10:32:00.000,27.7798
2025-07-15T10:33:00.000,27.7145
2025-07-15T10:34:00.000,27.9303
2025-07-15T10:35:00.000,28.1423
2025-07-15T10:36:00.000,28.0640
2025-07-15T10:37:00.000,27.9588
2025-07-15T10:38:00.000,27.9218
2025-07-15T10:39:00.000,28.0939
2025-07-15T10:40:00.000,28.3018
2025-07-15T10:41:00.000,28.4859
2025-07-15T10:42:00.000,28.6688
2025-07-15T10:43:00.000,28.8363
2025-07-15T10:44:00.000,28.8063
2025-07-15T10:45:00.000,28.8621
2025-07-15T10:46:00.000,28.8707
2025-07-15T10:47:00.000,29.0917
2025-07-15T10:48:00.000,29.3534
2025-07-15T10:49:00.000,29.4715
2025-07-15T10:50:00.000,29.5782
2025-07-15T10:51:00.000,29.7067
2025-07-15T10:52:00.000,29.8354
2025-07-15T10:53:00.000,29.8412
2025-07-15T10:54:00.000,29.9194
2025-07-15T10:55:00.000,30.0266
2025-07-15T10:56:00.000,29.9831
2025-07-15T10:57:00.000,29.8513
2025-07-15T10:58:00.000,29.9628
2025-07-15T10:59:00.000,30.0657
2025-07-15T11:00:00.000,30.0614
2025-07-15T11:01:00.000,30.0150
2025-07-15T11:02:00.000,29.7675
2025-07-15T11:03:00.000,29.5739
2025-07-15T11:04:00.000,29.5306
2025-07-15T11:05:00.000,29.6793
2025-07-15T11:06:00.000,29.9947
2025-07-15T11:07:00.000,30.2864
2025-07-15T11:08:00.000,30.7601
2025-07-15T11:09:00.000,30.8010
2025-07-15T11:10:00.000,30.9649
2025-07-15T11:11:00.000,31.1980
2025-07-15T11:12:00.000,31.4686
2025-07-15T11:13:00.000,31.6898
2025-07-15T11:14:00.000,31.4922
2025-07-15T11:15:00.000,31.3788
2025-07-15T11:16:00.000,31.3097
2025-07-15T11:17:00.000,31.2230
2025-07-15T11:18:00.000,31.0645
2025-07-15T11:19:00.000,30.7615
2025-07-15T11:20:00.000,30.7762
2025-07-15T11:21:00.000,31.0352
2025-07-15T11:22:00.000,31.0821
2025-07-15T11:23:00.000,31.3053
2025-07-15T11:24:00.000,31.6116
2025-07-15T11:25:00.000,31.9487
2025-07-15T11:26:00.000,32.2306
2025-07-15T11:27:00.000,32.2663
2025-07-15T11:28:00.000,32.5344
2025-07-15T11:29:00.000,32.8019
2025-07-15T11:30:00.000,32.7031
2025-07-15T11:31:00.000,32.6553
2025-07-15T11:32:00.000,32.7301
2025-07-15T11:33:00.000,32.9337
2025-07-15T11:34:00.000,33.0838
2025-07-15T11:35:00.000,33.2282
2025-07-15T11:36:00.000,33.2192
2025-07-15T11:37:00.000,33.0208
2025-07-15T11:38:00.000,32.9112
2025-07-15T11:39:00.000,32.7076
2025-07-15T11:40:00.000,32.4762
2025-07-15T11:41:00.000,32.4568
2025-07-15T11:42:00.000,32.5299
2025-07-15T11:43:00.000,32.4583
2025-07-15T11:44:00.000,32.8378
2025-07-15T11:45:00.000,33.0508
2025-07-15T11:46:00.000,33.1530
2025-07-15T11:47:00.000,33.1334
2025-07-15T11:48:00.000,33.0373
2025-07-15T11:49:00.000,32.9442
2025-07-15T11:50:00.000,32.8948
2025-07-15T11:51:00.000,32.9007
2025-07-15T11:52:00.000,32.8438
2025-07-15T11:53:00.000,32.7794
2025-07-15T11:54:00.000,32.6045
2025-07-15T11:55:00.000,32.6254
2025-07-15T11:56:00.000,32.5299
2025-07-15T11:57:00.000,32.3198
2025-07-15T11:58:00.000,32.1949
2025-07-15T11:59:00.000,32.3466
2025-07-15T12:00:00.000,32.7675
2025-07-15T12:01:00.000,32.8528
2025-07-15T12:02:00.000,32.9382
2025-07-15T12:03:00.000,32.9937
2025-07-15T12:04:00.000,33.0508
2025-07-15T12:05:00.000,33.0433
2025-07-15T12:06:00.000,33.1785
2025-07-15T12:07:00.000,33.3894
2025-07-15T12:08:00.000,33.3864
2025-07-15T12:09:00.000,33.5026
2025-07-15T12:10:00.000,33.5480
2025-07-15T12:11:00.000,33.6796
2025-07-15T12:12:00.000,33.7584
2025-07-15T12:13:00.000,33.8509
2025-07-15T12:14:00.000,33.9420
2025-07-15T12:15:00.000,33.7781
2025-07-15T12:16:00.000,33.3366
2025-07-15T12:17:00.000,33.0253
2025-07-15T12:18:00.000,32.9022
2025-07-15T12:19:00.000,32.8633
2025-07-15T12:20:00.000,32.7839
2025-07-15T12:21:00.000,32.6030
2025-07-15T12:22:00.000,32.4971
2025-07-15T12:23:00.000,32.5582
2025-07-15T12:24:00.000,32.6015
2025-07-15T12:25:00.000,32.5553
2025-07-15T12:26:00.000,32.5627
2025-07-15T12:27:00.000,32.5105
2025-07-15T12:28:00.000,32.4911
2025-07-15T12:29:00.000,32.6942
2025-07-15T12:30:00.000,32.8198
2025-07-15T12:31:00.000,32.9127
2025-07-15T12:32:00.000,32.9832
2025-07-15T12:33:00.000,33.0538
2025-07-15T12:34:00.000,33.3774
2025-07-15T12:35:00.000,33.5918
2025-07-15T12:36:00.000,33.8312
2025-07-15T12:37:00.000,33.9998
2025-07-15T12:38:00.000,34.0942
2025-07-15T12:39:00.000,34.2451
2025-07-15T12:40:00.000,34.4560
2025-07-15T12:41:00.000,34.7904
2025-07-15T12:42:00.000,34.8350
2025-07-15T12:43:00.000,34.9351
2025-07-15T12:44:00.000,35.1094
2025-07-15T12:45:00.000,35.0708
2025-07-15T12:46:00.000,34.8827
2025-07-15T12:47:00.000,34.7289
2025-07-15T12:48:00.000,34.5662
2025-07-15T12:49:00.000,34.3825
2025-07-15T12:50:00.000,34.2542
2025-07-15T12:51:00.000,34.2497
2025-07-15T12:52:00.000,34.2649
2025-07-15T12:53:00.000,34.1993
2025-07-15T12:54:00.000,34.2573
2025-07-15T12:55:00.000,34.3994
2025-07-15T12:56:00.000,34.7366
2025-07-15T12:57:00.000,35.0338
2025-07-15T12:58:00.000,35.1805
2025-07-15T12:59:00.000,35.2037
2025-07-15T13:00:00.000,35.2285
2025-07-15T13:01:00.000,35.1651
2025-07-15T13:02:00.000,35.1419
2025-07-15T13:03:00.000,35.1713
2025-07-15T13:04:00.000,35.0986
2025-07-15T13:05:00.000,35.0230
2025-07-15T13:06:00.000,35.0940
2025-07-15T13:07:00.000,35.2517
2025-07-15T13:08:00.000,35.3757
2025-07-15T13:09:00.000,35.4439
2025-07-15T13:10:00.000,35.4300
2025-07-15T13:11:00.000,35.2455
2025-07-15T13:12:00.000,35.1063
2025-07-15T13:13:00.000,35.0585
2025-07-15T13:14:00.000,35.0122
2025-07-15T13:15:00.000,34.9890
2025-07-15T13:16:00.000,34.9798
2025-07-15T13:17:00.000,35.0523
2025-07-15T13:18:00.000,35.2223
2025-07-15T13:19:00.000,35.3431
2025-07-15T13:20:00.000,35.3850
2025-07-15T13:21:00.000,35.3741
2025-07-15T13:22:00.000,35.3772
2025-07-15T13:23:00.000,35.4175
2025-07-15T13:24:00.000,35.3927
2025-07-15T13:25:00.000,35.3633
2025-07-15T13:26:00.000,35.3726
2025-07-15T13:27:00.000,35.3772
2025-07-15T13:28:00.000,35.4641
2025-07-15T13:29:00.000,35.5309
2025-07-15T13:30:00.000,35.5620
2025-07-15T13:31:00.000,35.4921
2025-07-15T13:32:00.000,35.4921
2025-07-15T13:33:00.000,35.4595
2025-07-15T13:34:00.000,35.3509
2025-07-15T13:35:00.000,35.3230
2025-07-15T13:36:00.000,35.3509
2025-07-15T13:37:00.000,35.4036
2025-07-15T13:38:00.000,35.5309
2025-07-15T13:39:00.000,35.5636
2025-07-15T13:40:00.000,35.7286
2025-07-15T13:41:00.000,35.7302
2025-07-15T13:42:00.000,35.7707
2025-07-15T13:43:00.000,35.8410
2025-07-15T13:44:00.000,35.9206
2025-07-15T13:45:00.000,35.9957
2025-07-15T13:46:00.000,36.0662
2025-07-15T13:47:00.000,36.1101
2025-07-15T13:48:00.000,36.1556
2025-07-15T13:49:00.000,36.4055
2025-07-15T13:50:00.000,36.5096
2025-07-15T13:51:00.000,36.5585
2025-07-15T13:52:00.000,36.5711
2025-07-15T13:53:00.000,36.4449
2025-07-15T13:54:00.000,36.2294
2025-07-15T13:55:00.000,36.0349
2025-07-15T13:56:00.000,35.9300
2025-07-15T13:57:00.000,35.9535
2025-07-15T13:58:00.000,35.9801
2025-07-15T13:59:00.000,35.9676
2025-07-15T14:00:00.000,36.0020
2025-07-15T14:01:00.000,35.9691
2025-07-15T14:02:00.000,35.9926
2025-07-15T14:03:00.000,35.9832
2025-07-15T14:04:00.000,35.9942
2025-07-15T14:05:00.000,35.9691
2025-07-15T14:06:00.000,35.9629
2025-07-15T14:07:00.000,36.0866
2025-07-15T14:08:00.000,36.2262
2025-07-15T14:09:00.000,36.3253
2025-07-15T14:10:00.000,36.3772
2025-07-15T14:11:00.000,36.3992
2025-07-15T14:12:00.000,36.3567
2025-07-15T14:13:00.000,36.3316
2025-07-15T14:14:00.000,36.3992
2025-07-15T14:15:00.000,36.5664
2025-07-15T14:16:00.000,36.7546
2025-07-15T14:17:00.000,37.1135
2025-07-15T14:18:00.000,37.4121
2025-07-15T14:19:00.000,37.8103
2025-07-15T14:20:00.000,38.4304
2025-07-15T14:21:00.000,38.9125
2025-07-15T14:22:00.000,39.3639
2025-07-15T14:23:00.000,39.7889
2025-07-15T14:24:00.000,40.0177
2025-07-15T14:25:00.000,40.2961
2025-07-15T14:26:00.000,40.5287
2025-07-15T14:27:00.000,40.7860
2025-07-15T14:28:00.000,41.1914
2025-07-15T14:29:00.000,41.4021
2025-07-15T14:30:00.000,41.3266
2025-07-15T14:31:00.000,41.0599
2025-07-15T14:32:00.000,40.9559
2025-07-15T14:33:00.000,41.0752
2025-07-15T14:34:00.000,41.2393
2025-07-15T14:35:00.000,41.3969
2025-07-15T14:36:00.000,41.3900
2025-07-15T14:37:00.000,41.3232
2025-07-15T14:38:00.000,41.3266
2025-07-15T14:39:00.000,41.3660
2025-07-15T14:40:00.000,41.2803
2025-07-15T14:41:00.000,41.2221
2025-07-15T14:42:00.000,41.2341
2025-07-15T14:43:00.000,41.3557
2025-07-15T14:44:00.000,41.3437
2025-07-15T14:45:00.000,41.2889
2025-07-15T14:46:00.000,41.2649
2025-07-15T14:47:00.000,41.4450
2025-07-15T14:48:00.000,41.6136
2025-07-15T14:49:00.000,41.6119
2025-07-15T14:50:00.000,41.6170
2025-07-15T14:51:00.000,41.5895
2025-07-15T14:52:00.000,41.4381
2025-07-15T14:53:00.000,41.3197
2025-07-15T14:54:00.000,41.2341
2025-07-15T14:55:00.000,41.1589
2025-07-15T14:56:00.000,41.1384
2025-07-15T14:57:00.000,41.0002
2025-07-15T14:58:00.000,41.0462
2025-07-15T14:59:00.000,41.0275
2025-07-15T15:00:00.000,40.9304
2025-07-15T15:01:00.000,40.9253
2025-07-15T15:02:00.000,41.0872
2025-07-15T15:03:00.000,41.2992
2025-07-15T15:04:00.000,41.6222
2025-07-15T15:05:00.000,41.5843
2025-07-15T15:06:00.000,41.4983
2025-07-15T15:07:00.000,41.3523
2025-07-15T15:08:00.000,41.4519
2025-07-15T15:09:00.000,41.4914
2025-07-15T15:10:00.000,41.5878
2025-07-15T15:11:00.000,41.8606
2025-07-15T15:12:00.000,42.0010
2025-07-15T15:13:00.000,42.1819
2025-07-15T15:14:00.000,42.2237
2025-07-15T15:15:00.000,42.1575
2025-07-15T15:16:00.000,42.1140
2025-07-15T15:17:00.000,42.1471
2025-07-15T15:18:00.000,42.3110
2025-07-15T15:19:00.000,42.4947
2025-07-15T15:20:00.000,42.7019
2025-07-15T15:21:00.000,42.9985
2025-07-15T15:22:00.000,43.3573
2025-07-15T15:23:00.000,43.5341
2025-07-15T15:24:00.000,43.5037
2025-07-15T15:25:00.000,43.5807
2025-07-15T15:26:00.000,43.6954
2025-07-15T15:27:00.000,43.7817
2025-07-15T15:28:00.000,43.5091
2025-07-15T15:29:00.000,43.2273
2025-07-15T15:30:00.000,43.0250
2025-07-15T15:31:00.000,42.7971
2025-07-15T15:32:00.000,42.6773
2025-07-15T15:33:00.000,42.6738
2025-07-15T15:34:00.000,42.5122
2025-07-15T15:35:00.000,42.4299
2025-07-15T15:36:00.000,42.3424
2025-07-15T15:37:00.000,42.4684
2025-07-15T15:38:00.000,42.5105
2025-07-15T15:39:00.000,42.4019
2025-07-15T15:40:00.000,42.4421
2025-07-15T15:41:00.000,42.4789
2025-07-15T15:42:00.000,42.3267
2025-07-15T15:43:00.000,42.3302
2025-07-15T15:44:00.000,42.5491
2025-07-15T15:45:00.000,42.5754
2025-07-15T15:46:00.000,42.4036
2025-07-15T15:47:00.000,42.1906
2025-07-15T15:48:00.000,42.0636
2025-07-15T15:49:00.000,41.8727
2025-07-15T15:50:00.000,41.6464
2025-07-15T15:51:00.000,41.5929
2025-07-15T15:52:00.000,41.6136
2025-07-15T15:53:00.000,41.5826
2025-07-15T15:54:00.000,41.3866
2025-07-15T15:55:00.000,41.4089
2025-07-15T15:56:00.000,41.2820
2025-07-15T15:57:00.000,41.1640
2025-07-15T15:58:00.000,41.1025
2025-07-15T15:59:00.000,41.0752
2025-07-15T16:00:00.000,41.0718
2025-07-15T16:01:00.000,41.1401
2025-07-15T16:02:00.000,41.4278
2025-07-15T16:03:00.000,41.5533
2025-07-15T16:04:00.000,41.5878
2025-07-15T16:05:00.000,41.6464
2025-07-15T16:06:00.000,41.5688
2025-07-15T16:07:00.000,41.4364
2025-07-15T16:08:00.000,41.4347
2025-07-15T16:09:00.000,41.5292
2025-07-15T16:10:00.000,41.8260
2025-07-15T16:11:00.000,42.0775
2025-07-15T16:12:00.000,42.0201
2025-07-15T16:13:00.000,42.0219
2025-07-15T16:14:00.000,42.2202
2025-07-15T16:15:00.000,42.5649
2025-07-15T16:16:00.000,42.8941
2025-07-15T16:17:00.000,42.8676
2025-07-15T16:18:00.000,42.7689
2025-07-15T16:19:00.000,42.8235
2025-07-15T16:20:00.000,42.7371
2025-07-15T16:21:00.000,42.5596
2025-07-15T16:22:00.000,42.6914
2025-07-15T16:23:00.000,43.0587
2025-07-15T16:24:00.000,43.3912
2025-07-15T16:25:00.000,43.4858
2025-07-15T16:26:00.000,43.3448
2025-07-15T16:27:00.000,43.0445
2025-07-15T16:28:00.000,42.7812
2025-07-15T16:29:00.000,42.6474
2025-07-15T16:30:00.000,42.3407
2025-07-15T16:31:00.000,42.1384
2025-07-15T16:32:00.000,42.1715
2025-07-15T16:33:00.000,42.4824
2025-07-15T16:34:00.000,43.0073
2025-07-15T16:35:00.000,43.4394
2025-07-15T16:36:00.000,43.9239
2025-07-15T16:37:00.000,44.3459
2025-07-15T16:38:00.000,44.7257
2025-07-15T16:39:00.000,45.0606
2025-07-15T16:40:00.000,45.1160
2025-07-15T16:41:00.000,44.6287
2025-07-15T16:42:00.000,44.4023
2025-07-15T16:43:00.000,44.3314
2025-07-15T16:44:00.000,44.1462
2025-07-15T16:45:00.000,44.0358
2025-07-15T16:46:00.000,43.6739
2025-07-15T16:47:00.000,43.2469
2025-07-15T16:48:00.000,42.9136
2025-07-15T16:49:00.000,43.1119
2025-07-15T16:50:00.000,43.4162
2025-07-15T16:51:00.000,43.4269
2025-07-15T16:52:00.000,43.2469
2025-07-15T16:53:00.000,42.9383
2025-07-15T16:54:00.000,42.9083
2025-07-15T16:55:00.000,43.3110
2025-07-15T16:56:00.000,43.8032
2025-07-15T16:57:00.000,44.1462
2025-07-15T16:58:00.000,44.2914
2025-07-15T16:59:00.000,44.3605
2025-07-15T17:00:00.000,44.5062
2025-07-15T17:01:00.000,44.5300
2025-07-15T17:02:00.000,44.7459
2025-07-15T17:03:00.000,44.9481
2025-07-15T17:04:00.000,45.1900
2025-07-15T17:05:00.000,45.4517
2025-07-15T17:06:00.000,45.6364
2025-07-15T17:07:00.000,45.6588
2025-07-15T17:08:00.000,45.5020
2025-07-15T17:09:00.000,45.5953
2025-07-15T17:10:00.000,45.7599
2025-07-15T17:11:00.000,45.8443
2025-07-15T17:12:00.000,45.7374
2025-07-15T17:13:00.000,45.3569
2025-07-15T17:14:00.000,44.7056
2025-07-15T17:15:00.000,43.8194
2025-07-15T17:16:00.000,42.8200
2025-07-15T17:17:00.000,42.0254
2025-07-15T17:18:00.000,41.3815
2025-07-15T17:19:00.000,40.7300
2025-07-15T17:20:00.000,40.0712
2025-07-15T17:21:00.000,39.3887
2025-07-15T17:22:00.000,38.8485
2025-07-15T17:23:00.000,38.4320
2025-07-15T17:24:00.000,37.9490
2025-07-15T17:25:00.000,36.6944
2025-07-15T17:26:00.000,34.7812
2025-07-15T17:27:00.000,32.6180
2025-07-15T17:28:00.000,30.3999
2025-07-15T17:29:00.000,28.3717
2025-07-15T17:30:00.000,26.6257
2025-07-15T17:31:00.000,25.1760
2025-07-15T17:32:00.000,24.0114
2025-07-15T17:33:00.000,23.2213
2025-07-15T17:34:00.000,22.6428
2025-07-15T17:35:00.000,22.1974
2025-07-15T17:36:00.000,21.8583
2025-07-15T17:37:00.000,21.5497
2025-07-15T17:38:00.000,21.3440
2025-07-15T17:39:00.000,21.1577
2025-07-15T17:40:00.000,20.9467
2025-07-15T17:41:00.000,20.7455
2025-07-15T17:42:00.000,20.5662
2025-07-15T17:43:00.000,20.4307
2025-07-15T17:44:00.000,20.3309
2025-07-15T17:45:00.000,20.2337
2025-07-15T17:46:00.000,20.1681
2025-07-15T17:47:00.000,20.1038
2025-07-15T17:48:00.000,20.0368
2025-07-15T17:49:00.000,19.9739
2025-07-15T17:50:00.000,19.9164
2025-07-15T17:51:00.000,19.8576
2025-07-15T17:52:00.000,19.8029
2025-07-15T17:53:00.000,19.7483
2025-07-15T17:54:00.000,19.7154
2025-07-15T17:55:00.000,19.6990
2025-07-15T17:56:00.000,19.6662
2025-07-15T17:57:00.000,19.6184
2025-07-15T17:58:00.000,19.5719
2025-07-15T17:59:00.000,19.5254
2025-07-15T18:00:00.000,19.4789
2025-07-15T18:01:00.000,19.4406
2025-07-15T18:02:00.000,19.4065
2025-07-15T18:03:00.000,19.3723
2025-07-15T18:04:00.000,19.3422
2025-07-15T18:05:00.000,19.2957
2025-07-15T18:06:00.000,19.2506
2025-07-15T18:07:00.000,19.2096
2025-07-15T18:08:00.000,19.1522
2025-07-15T18:09:00.000,18.9772
2025-07-15T18:10:00.000,18.7490
2025-07-15T18:11:00.000,18.5152
2025-07-15T18:12:00.000,18.3292
2025-07-15T18:13:00.000,18.1720
2025-07-15T18:14:00.000,18.1050
2025-07-15T18:15:00.000,18.0626
2025-07-15T18:16:00.000,18.0051
2025-07-15T18:17:00.000,17.9395
2025-07-15T18:18:00.000,17.8779
2025-07-15T18:19:00.000,17.8369
2025-07-15T18:20:00.000,17.7958
2025-07-15T18:21:00.000,17.7479
2025-07-15T18:22:00.000,17.6959
2025-07-15T18:23:00.000,17.6412
2025-07-15T18:24:00.000,17.5933
2025-07-15T18:25:00.000,17.5605
2025-07-15T18:26:00.000,17.5331
2025-07-15T18:27:00.000,17.5057
2025-07-15T18:28:00.000,17.4742
2025-07-15T18:29:00.000,17.4304
2025-07-15T18:30:00.000,17.3770
2025-07-15T18:31:00.000,17.3223
2025-07-15T18:32:00.000,17.2648
2025-07-15T18:33:00.000,17.1990
2025-07-15T18:34:00.000,17.1497
2025-07-15T18:35:00.000,17.1100
2025-07-15T18:36:00.000,17.0813
2025-07-15T18:37:00.000,17.0552
2025-07-15T18:38:00.000,17.0347
2025-07-15T18:39:00.000,17.0114
2025-07-15T18:40:00.000,16.9867
2025-07-15T18:41:00.000,16.9675
2025-07-15T18:42:00.000,16.9484
2025-07-15T18:43:00.000,16.9305
2025-07-15T18:44:00.000,16.9155
2025-07-15T18:45:00.000,16.9045
2025-07-15T18:46:00.000,16.9004
2025-07-15T18:47:00.000,16.8935
2025-07-15T18:48:00.000,16.8812
2025-07-15T18:49:00.000,16.8757
2025-07-15T18:50:00.000,16.8291
2025-07-15T18:51:00.000,16.7592
2025-07-15T18:52:00.000,16.6934
2025-07-15T18:53:00.000,16.6084
2025-07-15T18:54:00.000,16.5083
2025-07-15T18:55:00.000,16.4027
2025-07-15T18:56:00.000,16.3052
2025-07-15T18:57:00.000,16.2338
2025-07-15T18:58:00.000,16.1954
2025-07-15T18:59:00.000,16.1707
2025-07-15T19:00:00.000,16.1570
2025-07-15T19:01:00.000,16.1432
2025-07-15T19:02:00.000,16.1336
2025-07-15T19:03:00.000,16.1226
2025-07-15T19:04:00.000,16.1158
2025-07-15T19:05:00.000,16.1075
2025-07-15T19:06:00.000,16.0965
2025-07-15T19:07:00.000,16.0855
2025-07-15T19:08:00.000,16.0801
2025-07-15T19:09:00.000,16.0663
2025-07-15T19:10:00.000,16.0485
2025-07-15T19:11:00.000,16.0018
2025-07-15T19:12:00.000,15.9262
2025-07-15T19:13:00.000,15.8437
2025-07-15T19:14:00.000,15.7626
2025-07-15T19:15:00.000,15.6884
2025-07-15T19:16:00.000,15.6182
2025-07-15T19:17:00.000,15.5508
2025-07-15T19:18:00.000,15.4875
2025-07-15T19:19:00.000,15.4242
2025-07-15T19:20:00.000,15.3443
2025-07-15T19:21:00.000,15.2631
2025-07-15T19:22:00.000,15.1887
2025-07-15T19:23:00.000,15.1239
2025-07-15T19:24:00.000,15.0702
2025-07-15T19:25:00.000,15.0260
2025-07-15T19:26:00.000,14.9888
2025-07-15T19:27:00.000,14.9529
2025-07-15T19:28:00.000,14.9047
2025-07-15T19:29:00.000,14.8674
2025-07-15T19:30:00.000,14.8302
2025-07-15T19:31:00.000,14.7846
2025-07-15T19:32:00.000,14.7460
2025-07-15T19:33:00.000,14.7183
2025-07-15T19:34:00.000,14.6907
2025-07-15T19:35:00.000,14.6548
2025-07-15T19:36:00.000,14.6106
2025-07-15T19:37:00.000,14.5650
2025-07-15T19:38:00.000,14.5208
2025-07-15T19:39:00.000,14.4821
2025-07-15T19:40:00.000,14.4503
2025-07-15T19:41:00.000,14.4074
2025-07-15T19:42:00.000,14.3604
2025-07-15T19:43:00.000,14.3106
2025-07-15T19:44:00.000,14.2567
2025-07-15T19:45:00.000,14.1875
2025-07-15T19:46:00.000,14.1127
2025-07-15T19:47:00.000,14.0351
2025-07-15T19:48:00.000,13.9617
2025-07-15T19:49:00.000,13.8924
2025-07-15T19:50:00.000,13.8258
2025-07-15T19:51:00.000,13.7537
2025-07-15T19:52:00.000,13.6718
2025-07-15T19:53:00.000,13.6009
2025-07-15T19:54:00.000,13.5482
2025-07-15T19:55:00.000,13.5148
2025-07-15T19:56:00.000,13.4926
2025-07-15T19:57:00.000,13.4773
2025-07-15T19:58:00.000,13.4662
2025-07-15T19:59:00.000,13.4606
2025-07-15T20:00:00.000,13.4509
2025-07-15T20:01:00.000,13.4467
2025-07-15T20:02:00.000,13.4384
2025-07-15T20:03:00.000,13.4286
2025-07-15T20:04:00.000,13.4189
2025-07-15T20:05:00.000,13.4064
2025-07-15T20:06:00.000,13.3911
2025-07-15T20:07:00.000,13.3605
2025-07-15T20:08:00.000,13.3160
2025-07-15T20:09:00.000,13.2743
2025-07-15T20:10:00.000,13.2339
2025-07-15T20:11:00.000,13.1963
2025-07-15T20:12:00.000,13.1629
2025-07-15T20:13:00.000,13.1309
2025-07-15T20:14:00.000,13.1044
2025-07-15T20:15:00.000,13.0849
2025-07-15T20:16:00.000,13.0723
2025-07-15T20:17:00.000,13.0654
2025-07-15T20:18:00.000,13.0626
2025-07-15T20:19:00.000,13.0570
2025-07-15T20:20:00.000,13.0514
2025-07-15T20:21:00.000,13.0417
2025-07-15T20:22:00.000,13.0333
2025-07-15T20:23:00.000,13.0264
2025-07-15T20:24:00.000,13.0208
2025-07-15T20:25:00.000,13.0152
2025-07-15T20:26:00.000,13.0110
2025-07-15T20:27:00.000,13.0082
2025-07-15T20:28:00.000,13.0068
2025-07-15T20:29:00.000,13.0068
2025-07-15T20:30:00.000,13.0082
2025-07-15T20:31:00.000,13.0068
2025-07-15T20:32:00.000,12.9901
2025-07-15T20:33:00.000,12.9553
2025-07-15T20:34:00.000,12.9204
2025-07-15T20:35:00.000,12.8995
2025-07-15T20:36:00.000,12.8772
2025-07-15T20:37:00.000,12.8618
2025-07-15T20:38:00.000,12.8437
2025-07-15T20:39:00.000,12.8255
2025-07-15T20:40:00.000,12.8074
2025-07-15T20:41:00.000,12.7948
2025-07-15T20:42:00.000,12.7836
2025-07-15T20:43:00.000,12.7753
2025-07-15T20:44:00.000,12.7697
2025-07-15T20:45:00.000,12.7655
2025-07-15T20:46:00.000,12.7627
2025-07-15T20:47:00.000,12.7641
2025-07-15T20:48:00.000,12.7571
2025-07-15T20:49:00.000,12.7543
2025-07-15T20:50:00.000,12.7529
2025-07-15T20:51:00.000,12.7543
2025-07-15T20:52:00.000,12.7613
2025-07-15T20:53:00.000,12.7655
2025-07-15T20:54:00.000,12.7725
2025-07-15T20:55:00.000,12.7809
2025-07-15T20:56:00.000,12.7934
2025-07-15T20:57:00.000,12.8171
2025-07-15T20:58:00.000,12.8520
2025-07-15T20:59:00.000,12.8883
2025-07-15T21:00:00.000,12.9357
2025-07-15T21:01:00.000,13.0264
2025-07-15T21:02:00.000,13.0723
2025-07-15T21:03:00.000,13.0988
2025-07-15T21:04:00.000,13.1211
2025-07-15T21:05:00.000,13.1197
2025-07-15T21:06:00.000,13.1086
2025-07-15T21:07:00.000,13.0932
2025-07-15T21:08:00.000,13.0807
2025-07-15T21:09:00.000,13.0654
2025-07-15T21:10:00.000,13.0542
2025-07-15T21:11:00.000,13.0473
2025-07-15T21:12:00.000,13.0445
2025-07-15T21:13:00.000,13.0459
2025-07-15T21:14:00.000,13.0473
2025-07-15T21:15:00.000,13.0542
2025-07-15T21:16:00.000,13.0807
2025-07-15T21:17:00.000,13.1155
2025-07-15T21:18:00.000,13.1517
2025-07-15T21:19:00.000,13.1754
2025-07-15T21:20:00.000,13.1921
2025-07-15T21:21:00.000,13.1991
2025-07-15T21:22:00.000,13.1991
2025-07-15T21:23:00.000,13.1963
2025-07-15T21:24:00.000,13.1977
2025-07-15T21:25:00.000,13.1977
2025-07-15T21:26:00.000,13.2033
2025-07-15T21:27:00.000,13.2060
2025-07-15T21:28:00.000,13.2102
2025-07-15T21:29:00.000,13.2172
2025-07-15T21:30:00.000,13.2200
2025-07-15T21:31:00.000,13.2186
2025-07-15T21:32:00.000,13.2144
2025-07-15T21:33:00.000,13.2116
2025-07-15T21:34:00.000,13.2102
2025-07-15T21:35:00.000,13.2130
2025-07-15T21:36:00.000,13.2186
2025-07-15T21:37:00.000,13.2269
2025-07-15T21:38:00.000,13.2325
2025-07-15T21:39:00.000,13.2381
2025-07-15T21:40:00.000,13.2408
2025-07-15T21:41:00.000,13.2408
2025-07-15T21:42:00.000,13.2395
2025-07-15T21:43:00.000,13.2214
2025-07-15T21:44:00.000,13.1782
2025-07-15T21:45:00.000,13.1322
2025-07-15T21:46:00.000,13.0891
2025-07-15T21:47:00.000,13.0473
2025-07-15T21:48:00.000,13.0068
2025-07-15T21:49:00.000,12.9720
2025-07-15T21:50:00.000,12.9357
2025-07-15T21:51:00.000,12.8995
2025-07-15T21:52:00.000,12.8646
2025-07-15T21:53:00.000,12.8297
2025-07-15T21:54:00.000,12.8018
2025-07-15T21:55:00.000,12.7795
2025-07-15T21:56:00.000,12.7613
2025-07-15T21:57:00.000,12.7460
2025-07-15T21:58:00.000,12.7320
2025-07-15T21:59:00.000,12.7236
2025-07-15T22:00:00.000,12.7264
2025-07-15T22:01:00.000,12.7264
2025-07-15T22:02:00.000,12.7264
2025-07-15T22:03:00.000,12.7264
2025-07-15T22:04:00.000,12.7292
2025-07-15T22:05:00.000,12.7376
2025-07-15T22:06:00.000,12.7557
2025-07-15T22:07:00.000,12.7864
2025-07-15T22:08:00.000,12.8353
2025-07-15T22:09:00.000,12.8744
2025-07-15T22:10:00.000,12.9009
2025-07-15T22:11:00.000,12.9092
2025-07-15T22:12:00.000,12.9162
2025-07-15T22:13:00.000,12.9246
2025-07-15T22:14:00.000,12.9539
2025-07-15T22:15:00.000,12.9748
2025-07-15T22:16:00.000,12.9831
2025-07-15T22:17:00.000,12.9915
2025-07-15T22:18:00.000,13.0096
2025-07-15T22:19:00.000,13.0305
2025-07-15T22:20:00.000,13.1072
2025-07-15T22:21:00.000,13.2339
2025-07-15T22:22:00.000,13.4384
2025-07-15T22:23:00.000,13.7203
2025-07-15T22:24:00.000,14.0337
2025-07-15T22:25:00.000,14.3189
2025-07-15T22:26:00.000,14.5484
2025-07-15T22:27:00.000,14.7059
2025-07-15T22:28:00.000,14.7805
2025-07-15T22:29:00.000,14.8122
2025-07-15T22:30:00.000,14.8371
2025-07-15T22:31:00.000,14.8315
2025-07-15T22:32:00.000,14.7487
2025-07-15T22:33:00.000,14.6313
2025-07-15T22:34:00.000,14.5236
2025-07-15T22:35:00.000,14.4572
2025-07-15T22:36:00.000,14.4517
2025-07-15T22:37:00.000,14.4876
2025-07-15T22:38:00.000,14.5028
2025-07-15T22:39:00.000,14.5042
2025-07-15T22:40:00.000,14.5761
2025-07-15T22:41:00.000,14.6493
2025-07-15T22:42:00.000,14.7625
2025-07-15T22:43:00.000,14.8743
2025-07-15T22:44:00.000,14.9723
2025-07-15T22:45:00.000,15.0591
2025-07-15T22:46:00.000,15.1336
2025-07-15T22:47:00.000,15.1914
2025-07-15T22:48:00.000,15.2341
2025-07-15T22:49:00.000,15.2631
2025-07-15T22:50:00.000,15.2810
2025-07-15T22:51:00.000,15.2920
2025-07-15T22:52:00.000,15.3003
2025-07-15T22:53:00.000,15.3085
2025-07-15T22:54:00.000,15.3154
2025-07-15T22:55:00.000,15.3182
2025-07-15T22:56:00.000,15.3072
2025-07-15T22:57:00.000,15.2961
2025-07-15T22:58:00.000,15.2865
2025-07-15T22:59:00.000,15.2837
2025-07-15T23:00:00.000,15.2865
2025-07-15T23:01:00.000,15.2961
2025-07-15T23:02:00.000,15.3140
2025-07-15T23:03:00.000,15.3388
2025-07-15T23:04:00.000,15.3664
2025-07-15T23:05:00.000,15.3953
2025-07-15T23:06:00.000,15.3967
2025-07-15T23:07:00.000,15.3788
2025-07-15T23:08:00.000,15.3595
2025-07-15T23:09:00.000,15.3375
2025-07-15T23:10:00.000,15.3278
2025-07-15T23:11:00.000,15.3209
2025-07-15T23:12:00.000,15.2975
2025-07-15T23:13:00.000,15.2424
2025-07-15T23:14:00.000,15.1859
2025-07-15T23:15:00.000,15.1363
2025-07-15T23:16:00.000,15.0867
2025-07-15T23:17:00.000,14.9888
2025-07-15T23:18:00.000,14.8729
2025-07-15T23:19:00.000,14.7625
2025-07-15T23:20:00.000,14.6769
2025-07-15T23:21:00.000,14.5927
2025-07-15T23:22:00.000,14.5111
2025-07-15T23:23:00.000,14.4462
2025-07-15T23:24:00.000,14.4213
2025-07-15T23:25:00.000,14.4074
2025-07-15T23:26:00.000,14.3895
2025-07-15T23:27:00.000,14.3729
2025-07-15T23:28:00.000,14.3507
2025-07-15T23:29:00.000,14.3341
2025-07-15T23:30:00.000,14.3245
2025-07-15T23:31:00.000,14.3189
2025-07-15T23:32:00.000,14.3411
2025-07-15T23:33:00.000,14.3618
2025-07-15T23:34:00.000,14.3867
2025-07-15T23:35:00.000,14.4130
2025-07-15T23:36:00.000,14.4683
2025-07-15T23:37:00.000,14.5443
2025-07-15T23:38:00.000,14.6617
2025-07-15T23:39:00.000,14.7749
2025-07-15T23:40:00.000,14.8591
2025-07-15T23:41:00.000,14.9336
2025-07-15T23:42:00.000,14.9985
2025-07-15T23:43:00.000,15.0329
2025-07-15T23:44:00.000,15.0467
2025-07-15T23:45:00.000,15.0660
2025-07-15T23:46:00.000,15.0784
2025-07-15T23:47:00.000,15.0922
2025-07-15T23:48:00.000,15.1239
2025-07-15T23:49:00.000,15.1625
2025-07-15T23:50:00.000,15.1983
2025-07-15T23:51:00.000,15.2341
2025-07-15T23:52:00.000,15.2617
2025-07-15T23:53:00.000,15.2782
2025-07-15T23:54:00.000,15.2879
2025-07-15T23:55:00.000,15.2961
2025-07-15T23:56:00.000,15.2975
2025-07-15T23:57:00.000,15.2713
2025-07-15T23:58:00.000,15.2231
2025-07-15T23:59:00.000,15.1749
2025-07-16T00:00:00.000,15.1501
2025-07-16T00:01:00.000,15.1212
2025-07-16T00:02:00.000,15.0812
2025-07-16T00:03:00.000,15.0481
2025-07-16T00:04:00.000,15.0509
2025-07-16T00:05:00.000,15.0550
2025-07-16T00:06:00.000,15.0577
2025-07-16T00:07:00.000,15.0646
2025-07-16T00:08:00.000,15.0605
2025-07-16T00:09:00.000,15.0440
2025-07-16T00:10:00.000,15.0205
2025-07-16T00:11:00.000,15.0053
2025-07-16T00:12:00.000,14.9888
2025-07-16T00:13:00.000,14.9778
2025-07-16T00:14:00.000,14.9695
2025-07-16T00:15:00.000,14.9709
2025-07-16T00:16:00.000,14.9778
2025-07-16T00:17:00.000,14.9805
2025-07-16T00:18:00.000,14.9833
2025-07-16T00:19:00.000,14.9916
2025-07-16T00:20:00.000,14.9916
2025-07-16T00:21:00.000,14.9750
2025-07-16T00:22:00.000,14.9585
2025-07-16T00:23:00.000,14.9336
2025-07-16T00:24:00.000,14.9516
2025-07-16T00:25:00.000,14.9433
2025-07-16T00:26:00.000,14.9143
2025-07-16T00:27:00.000,14.8826
2025-07-16T00:28:00.000,14.8536
2025-07-16T00:29:00.000,14.8329
2025-07-16T00:30:00.000,14.8150
2025-07-16T00:31:00.000,14.7832
2025-07-16T00:32:00.000,14.7446
2025-07-16T00:33:00.000,14.6962
2025-07-16T00:34:00.000,14.6396
2025-07-16T00:35:00.000,14.5871
2025-07-16T00:36:00.000,14.5429
2025-07-16T00:37:00.000,14.5263
2025-07-16T00:38:00.000,14.5028
2025-07-16T00:39:00.000,14.4821
2025-07-16T00:40:00.000,14.4641
2025-07-16T00:41:00.000,14.4406
2025-07-16T00:42:00.000,14.4157
2025-07-16T00:43:00.000,14.3936
2025-07-16T00:44:00.000,14.3770
2025-07-16T00:45:00.000,14.3604
2025-07-16T00:46:00.000,14.3452
2025-07-16T00:47:00.000,14.3355
2025-07-16T00:48:00.000,14.3411
2025-07-16T00:49:00.000,14.3535
2025-07-16T00:50:00.000,14.3660
2025-07-16T00:51:00.000,14.3715
2025-07-16T00:52:00.000,14.3756
2025-07-16T00:53:00.000,14.3812
2025-07-16T00:54:00.000,14.3909
2025-07-16T00:55:00.000,14.4061
2025-07-16T00:56:00.000,14.4157
2025-07-16T00:57:00.000,14.4282
2025-07-16T00:58:00.000,14.4683
2025-07-16T00:59:00.000,14.5208
2025-07-16T01:00:00.000,14.5581
2025-07-16T01:01:00.000,14.6037
2025-07-16T01:02:00.000,14.6410
2025-07-16T01:03:00.000,14.7749
2025-07-16T01:04:00.000,14.9460
2025-07-16T01:05:00.000,15.1143
2025-07-16T01:06:00.000,15.2865
2025-07-16T01:07:00.000,15.4297
2025-07-16T01:08:00.000,15.4325
2025-07-16T01:09:00.000,15.3622
2025-07-16T01:10:00.000,15.3898
2025-07-16T01:11:00.000,15.3664
2025-07-16T01:12:00.000,15.3319
2025-07-16T01:13:00.000,15.3650
2025-07-16T01:14:00.000,15.4462
2025-07-16T01:15:00.000,15.4545
2025-07-16T01:16:00.000,15.3788
2025-07-16T01:17:00.000,15.2686
2025-07-16T01:18:00.000,15.1542
2025-07-16T01:19:00.000,15.0950
2025-07-16T01:20:00.000,15.1129
2025-07-16T01:21:00.000,15.1611
2025-07-16T01:22:00.000,15.2589
2025-07-16T01:23:00.000,15.3567
2025-07-16T01:24:00.000,15.4448
2025-07-16T01:25:00.000,15.5068
2025-07-16T01:26:00.000,15.5536
2025-07-16T01:27:00.000,15.5948
2025-07-16T01:28:00.000,15.6334
2025-07-16T01:29:00.000,15.6719
2025-07-16T01:30:00.000,15.7049
2025-07-16T01:31:00.000,15.7324
2025-07-16T01:32:00.000,15.7530
2025-07-16T01:33:00.000,15.7667
2025-07-16T01:34:00.000,15.7805
2025-07-16T01:35:00.000,15.7887
2025-07-16T01:36:00.000,15.7956
2025-07-16T01:37:00.000,15.8025
2025-07-16T01:38:00.000,15.7695
2025-07-16T01:39:00.000,15.7227
2025-07-16T01:40:00.000,15.6966
2025-07-16T01:41:00.000,15.6677
2025-07-16T01:42:00.000,15.6402
2025-07-16T01:43:00.000,15.6086
2025-07-16T01:44:00.000,15.5797
2025-07-16T01:45:00.000,15.5604
2025-07-16T01:46:00.000,15.5536
2025-07-16T01:47:00.000,15.5646
2025-07-16T01:48:00.000,15.5921
2025-07-16T01:49:00.000,15.6347
2025-07-16T01:50:00.000,15.6911
2025-07-16T01:51:00.000,15.7489
2025-07-16T01:52:00.000,15.8176
2025-07-16T01:53:00.000,15.9028
2025-07-16T01:54:00.000,15.9839
2025-07-16T01:55:00.000,16.0540
2025-07-16T01:56:00.000,16.1061
2025-07-16T01:57:00.000,16.1473
2025-07-16T01:58:00.000,16.1872
2025-07-16T01:59:00.000,16.2229
2025-07-16T02:00:00.000,16.2489
2025-07-16T02:01:00.000,16.2723
2025-07-16T02:02:00.000,16.2929
2025-07-16T02:03:00.000,16.3052
2025-07-16T02:04:00.000,16.3189
2025-07-16T02:05:00.000,16.3299
2025-07-16T02:06:00.000,16.3409
2025-07-16T02:07:00.000,16.3491
2025-07-16T02:08:00.000,16.3587
2025-07-16T02:09:00.000,16.3917
2025-07-16T02:10:00.000,16.4246
2025-07-16T02:11:00.000,16.4548
2025-07-16T02:12:00.000,16.4809
2025-07-16T02:13:00.000,16.5042
2025-07-16T02:14:00.000,16.5220
2025-07-16T02:15:00.000,16.5371
2025-07-16T02:16:00.000,16.5412
2025-07-16T02:17:00.000,16.5206
2025-07-16T02:18:00.000,16.5247
2025-07-16T02:19:00.000,16.5316
2025-07-16T02:20:00.000,16.5371
2025-07-16T02:21:00.000,16.5440
2025-07-16T02:22:00.000,16.5508
2025-07-16T02:23:00.000,16.5536
2025-07-16T02:24:00.000,16.5549
2025-07-16T02:25:00.000,16.5549
2025-07-16T02:26:00.000,16.5522
2025-07-16T02:27:00.000,16.5508
2025-07-16T02:28:00.000,16.5481
2025-07-16T02:29:00.000,16.5453
2025-07-16T02:30:00.000,16.5453
2025-07-16T02:31:00.000,16.5412
2025-07-16T02:32:00.000,16.5275
2025-07-16T02:33:00.000,16.4987
2025-07-16T02:34:00.000,16.4726
2025-07-16T02:35:00.000,16.4507
2025-07-16T02:36:00.000,16.4301
2025-07-16T02:37:00.000,16.4177
2025-07-16T02:38:00.000,16.4109
2025-07-16T02:39:00.000,16.4054
2025-07-16T02:40:00.000,16.4013
2025-07-16T02:41:00.000,16.3930
2025-07-16T02:42:00.000,16.3766
2025-07-16T02:43:00.000,16.3587
2025-07-16T02:44:00.000,16.3368
2025-07-16T02:45:00.000,16.3162
2025-07-16T02:46:00.000,16.3011
2025-07-16T02:47:00.000,16.2874
2025-07-16T02:48:00.000,16.2750
2025-07-16T02:49:00.000,16.2723
2025-07-16T02:50:00.000,16.2709
2025-07-16T02:51:00.000,16.2750
2025-07-16T02:52:00.000,16.2805
2025-07-16T02:53:00.000,16.2860
2025-07-16T02:54:00.000,16.2942
2025-07-16T02:55:00.000,16.3025
2025-07-16T02:56:00.000,16.3052
2025-07-16T02:57:00.000,16.3244
2025-07-16T02:58:00.000,16.3382
2025-07-16T02:59:00.000,16.3436
2025-07-16T03:00:00.000,16.3464
2025-07-16T03:01:00.000,16.3574
2025-07-16T03:02:00.000,16.3683
2025-07-16T03:03:00.000,16.3670
2025-07-16T03:04:00.000,16.3560
2025-07-16T03:05:00.000,16.3519
2025-07-16T03:06:00.000,16.3491
2025-07-16T03:07:00.000,16.3395
2025-07-16T03:08:00.000,16.3135
2025-07-16T03:09:00.000,16.2805
2025-07-16T03:10:00.000,16.2613
2025-07-16T03:11:00.000,16.2572
2025-07-16T03:12:00.000,16.2613
2025-07-16T03:13:00.000,16.2654
2025-07-16T03:14:00.000,16.2654
2025-07-16T03:15:00.000,16.2448
2025-07-16T03:16:00.000,16.2215
2025-07-16T03:17:00.000,16.2050
2025-07-16T03:18:00.000,16.1899
2025-07-16T03:19:00.000,16.1817
2025-07-16T03:20:00.000,16.1858
2025-07-16T03:21:00.000,16.1981
2025-07-16T03:22:00.000,16.2201
2025-07-16T03:23:00.000,16.2421
2025-07-16T03:24:00.000,16.2503
2025-07-16T03:25:00.000,16.2462
2025-07-16T03:26:00.000,16.2434
2025-07-16T03:27:00.000,16.2311
2025-07-16T03:28:00.000,16.2132
2025-07-16T03:29:00.000,16.2009
2025-07-16T03:30:00.000,16.1899
2025-07-16T03:31:00.000,16.1762
2025-07-16T03:32:00.000,16.1624
2025-07-16T03:33:00.000,16.1542
2025-07-16T03:34:00.000,16.1542
2025-07-16T03:35:00.000,16.1460
2025-07-16T03:36:00.000,16.1542
2025-07-16T03:37:00.000,16.1693
2025-07-16T03:38:00.000,16.1611
2025-07-16T03:39:00.000,16.1583
2025-07-16T03:40:00.000,16.1487
2025-07-16T03:41:00.000,16.1171
2025-07-16T03:42:00.000,16.0910
2025-07-16T03:43:00.000,16.0746
2025-07-16T03:44:00.000,16.0732
2025-07-16T03:45:00.000,16.0869
2025-07-16T03:46:00.000,16.1007
2025-07-16T03:47:00.000,16.0910
2025-07-16T03:48:00.000,16.0828
2025-07-16T03:49:00.000,16.0746
2025-07-16T03:50:00.000,16.0759
2025-07-16T03:51:00.000,16.0787
2025-07-16T03:52:00.000,16.0718
2025-07-16T03:53:00.000,16.0622
2025-07-16T03:54:00.000,16.0485
2025-07-16T03:55:00.000,16.0361
2025-07-16T03:56:00.000,16.0361
2025-07-16T03:57:00.000,16.0402
2025-07-16T03:58:00.000,16.0553
2025-07-16T03:59:00.000,16.0677
2025-07-16T04:00:00.000,16.0787
2025-07-16T04:01:00.000,16.0883
2025-07-16T04:02:00.000,16.0952
2025-07-16T04:03:00.000,16.0979
2025-07-16T04:04:00.000,16.0910
2025-07-16T04:05:00.000,16.0814
2025-07-16T04:06:00.000,16.0540
2025-07-16T04:07:00.000,16.0127
2025-07-16T04:08:00.000,15.9798
2025-07-16T04:09:00.000,15.9619
2025-07-16T04:10:00.000,15.9578
2025-07-16T04:11:00.000,15.9550
2025-07-16T04:12:00.000,15.9427
2025-07-16T04:13:00.000,15.9138
2025-07-16T04:14:00.000,15.8877
2025-07-16T04:15:00.000,15.8588
2025-07-16T04:16:00.000,15.8424
2025-07-16T04:17:00.000,15.8341
2025-07-16T04:18:00.000,15.8272
2025-07-16T04:19:00.000,15.8272
2025-07-16T04:20:00.000,15.8286
2025-07-16T04:21:00.000,15.8327
2025-07-16T04:22:00.000,15.8300
2025-07-16T04:23:00.000,15.8231
2025-07-16T04:24:00.000,15.7984
2025-07-16T04:25:00.000,15.7571
2025-07-16T04:26:00.000,15.7282
2025-07-16T04:27:00.000,15.6925
2025-07-16T04:28:00.000,15.6526
2025-07-16T04:29:00.000,15.6237
2025-07-16T04:30:00.000,15.6113
2025-07-16T04:31:00.000,15.6210
2025-07-16T04:32:00.000,15.6292
2025-07-16T04:33:00.000,15.6402
2025-07-16T04:34:00.000,15.6526
2025-07-16T04:35:00.000,15.6609
2025-07-16T04:36:00.000,15.6650
2025-07-16T04:37:00.000,15.6760
2025-07-16T04:38:00.000,15.6746
2025-07-16T04:39:00.000,15.6856
2025-07-16T04:40:00.000,15.7145
2025-07-16T04:41:00.000,15.7489
2025-07-16T04:42:00.000,15.7750
2025-07-16T04:43:00.000,15.8025
2025-07-16T04:44:00.000,15.8272
2025-07-16T04:45:00.000,15.8506
2025-07-16T04:46:00.000,15.8753
2025-07-16T04:47:00.000,15.8850
2025-07-16T04:48:00.000,15.8753
2025-07-16T04:49:00.000,15.8850
2025-07-16T04:50:00.000,15.8987
2025-07-16T04:51:00.000,15.9193
2025-07-16T04:52:00.000,15.9358
2025-07-16T04:53:00.000,15.9358
2025-07-16T04:54:00.000,15.9221
2025-07-16T04:55:00.000,15.9028
2025-07-16T04:56:00.000,15.8767
2025-07-16T04:57:00.000,15.8479
2025-07-16T04:58:00.000,15.8217
2025-07-16T04:59:00.000,15.8011
2025-07-16T05:00:00.000,15.7860
2025-07-16T05:01:00.000,15.7764
2025-07-16T05:02:00.000,15.7722
2025-07-16T05:03:00.000,15.7681
2025-07-16T05:04:00.000,15.7557
2025-07-16T05:05:00.000,15.7420
2025-07-16T05:06:00.000,15.7365
2025-07-16T05:07:00.000,15.7241
2025-07-16T05:08:00.000,15.7117
2025-07-16T05:09:00.000,15.7021
2025-07-16T05:10:00.000,15.6897
2025-07-16T05:11:00.000,15.6774
2025-07-16T05:12:00.000,15.6636
2025-07-16T05:13:00.000,15.6471
2025-07-16T05:14:00.000,15.6347
2025-07-16T05:15:00.000,15.6141
2025-07-16T05:16:00.000,15.6017
2025-07-16T05:17:00.000,15.6045
2025-07-16T05:18:00.000,15.6072
2025-07-16T05:19:00.000,15.6072
2025-07-16T05:20:00.000,15.6058
2025-07-16T05:21:00.000,15.6031
2025-07-16T05:22:00.000,15.6045
2025-07-16T05:23:00.000,15.6113
2025-07-16T05:24:00.000,15.6127
2025-07-16T05:25:00.000,15.6045
2025-07-16T05:26:00.000,15.5811
2025-07-16T05:27:00.000,15.5646
2025-07-16T05:28:00.000,15.5563
2025-07-16T05:29:00.000,15.5659
2025-07-16T05:30:00.000,15.5825
2025-07-16T05:31:00.000,15.5962
2025-07-16T05:32:00.000,15.6072
2025-07-16T05:33:00.000,15.6210
2025-07-16T05:34:00.000,15.6306
2025-07-16T05:35:00.000,15.6444
2025-07-16T05:36:00.000,15.6609
2025-07-16T05:37:00.000,15.6801
2025-07-16T05:38:00.000,15.6939
2025-07-16T05:39:00.000,15.7159
2025-07-16T05:40:00.000,15.7296
2025-07-16T05:41:00.000,15.7379
2025-07-16T05:42:00.000,15.7516
2025-07-16T05:43:00.000,15.7571
2025-07-16T05:44:00.000,15.7612
2025-07-16T05:45:00.000,15.7612
2025-07-16T05:46:00.000,15.7626
2025-07-16T05:47:00.000,15.7640
2025-07-16T05:48:00.000,15.7599
2025-07-16T05:49:00.000,15.7599
2025-07-16T05:50:00.000,15.7654
2025-07-16T05:51:00.000,15.7667
2025-07-16T05:52:00.000,15.7654
2025-07-16T05:53:00.000,15.7612
2025-07-16T05:54:00.000,15.7585
2025-07-16T05:55:00.000,15.7585
2025-07-16T05:56:00.000,15.7612
2025-07-16T05:57:00.000,15.7681
2025-07-16T05:58:00.000,15.7695
2025-07-16T05:59:00.000,15.7681
2025-07-16T06:00:00.000,15.7667
2025-07-16T06:01:00.000,15.7654
2025-07-16T06:02:00.000,15.7585
2025-07-16T06:03:00.000,15.7544
2025-07-16T06:04:00.000,15.7530
2025-07-16T06:05:00.000,15.7502
2025-07-16T06:06:00.000,15.7434
2025-07-16T06:07:00.000,15.7310
2025-07-16T06:08:00.000,15.7214
2025-07-16T06:09:00.000,15.7145
2025-07-16T06:10:00.000,15.7007
2025-07-16T06:11:00.000,15.6925
2025-07-16T06:12:00.000,15.6842
2025-07-16T06:13:00.000,15.6829
2025-07-16T06:14:00.000,15.6801
2025-07-16T06:15:00.000,15.6705
2025-07-16T06:16:00.000,15.6526
2025-07-16T06:17:00.000,15.6361
2025-07-16T06:18:00.000,15.6265
2025-07-16T06:19:00.000,15.6196
2025-07-16T06:20:00.000,15.6100
2025-07-16T06:21:00.000,15.5948
2025-07-16T06:22:00.000,15.5838
2025-07-16T06:23:00.000,15.5797
2025-07-16T06:24:00.000,15.5728
2025-07-16T06:25:00.000,15.5756
2025-07-16T06:26:00.000,15.5825
2025-07-16T06:27:00.000,15.5797
2025-07-16T06:28:00.000,15.5852
2025-07-16T06:29:00.000,15.5907
2025-07-16T06:30:00.000,15.5962
2025-07-16T06:31:00.000,15.6031
2025-07-16T06:32:00.000,15.6031
2025-07-16T06:33:00.000,15.5921
2025-07-16T06:34:00.000,15.5866
2025-07-16T06:35:00.000,15.5811
2025-07-16T06:36:00.000,15.5838
2025-07-16T06:37:00.000,15.5866
2025-07-16T06:38:00.000,15.5797
2025-07-16T06:39:00.000,15.5783
2025-07-16T06:40:00.000,15.5687
2025-07-16T06:41:00.000,15.5109
2025-07-16T06:42:00.000,15.4352
2025-07-16T06:43:00.000,15.3526
2025-07-16T06:44:00.000,15.2617
2025-07-16T06:45:00.000,15.1969
2025-07-16T06:46:00.000,15.1432
2025-07-16T06:47:00.000,15.1005
2025-07-16T06:48:00.000,15.0660
2025-07-16T06:49:00.000,15.0260
2025-07-16T06:50:00.000,15.0440
2025-07-16T06:51:00.000,15.0936
2025-07-16T06:52:00.000,15.1611
2025-07-16T06:53:00.000,15.2162
2025-07-16T06:54:00.000,15.2631
2025-07-16T06:55:00.000,15.3182
2025-07-16T06:56:00.000,15.3719
2025-07-16T06:57:00.000,15.4146
2025-07-16T06:58:00.000,15.4407
2025-07-16T06:59:00.000,15.4614
2025-07-16T07:00:00.000,15.4834
2025-07-16T07:01:00.000,15.5082
2025-07-16T07:02:00.000,15.5233
2025-07-16T07:03:00.000,15.5384
2025-07-16T07:04:00.000,15.5522
2025-07-16T07:05:00.000,15.5673
2025-07-16T07:06:00.000,15.5770
2025-07-16T07:07:00.000,15.5893
2025-07-16T07:08:00.000,15.5962
2025-07-16T07:09:00.000,15.5990
2025-07-16T07:10:00.000,15.6017
2025-07-16T07:11:00.000,15.6017
2025-07-16T07:12:00.000,15.5976
2025-07-16T07:13:00.000,15.6017
2025-07-16T07:14:00.000,15.6072
2025-07-16T07:15:00.000,15.6141
2025-07-16T07:16:00.000,15.6168
2025-07-16T07:17:00.000,15.6127
2025-07-16T07:18:00.000,15.6100
2025-07-16T07:19:00.000,15.6127
2025-07-16T07:20:00.000,15.6168
2025-07-16T07:21:00.000,15.6155
2025-07-16T07:22:00.000,15.6306
2025-07-16T07:23:00.000,15.6375
2025-07-16T07:24:00.000,15.6430
2025-07-16T07:25:00.000,15.6471
2025-07-16T07:26:00.000,15.6512
2025-07-16T07:27:00.000,15.6540
2025-07-16T07:28:00.000,15.6567
2025-07-16T07:29:00.000,15.6581
2025-07-16T07:30:00.000,15.6581
2025-07-16T07:31:00.000,15.6636
2025-07-16T07:32:00.000,15.6732
2025-07-16T07:33:00.000,15.6719
2025-07-16T07:34:00.000,15.6622
2025-07-16T07:35:00.000,15.6526
2025-07-16T07:36:00.000,15.6444
2025-07-16T07:37:00.000,15.6402
2025-07-16T07:38:00.000,15.6334
2025-07-16T07:39:00.000,15.6306
2025-07-16T07:40:00.000,15.6265
2025-07-16T07:41:00.000,15.6182
2025-07-16T07:42:00.000,15.6045
2025-07-16T07:43:00.000,15.5935
2025-07-16T07:44:00.000,15.5880
2025-07-16T07:45:00.000,15.5866
2025-07-16T07:46:00.000,15.5866
2025-07-16T07:47:00.000,15.5921
2025-07-16T07:48:00.000,15.6045
2025-07-16T07:49:00.000,15.6196
2025-07-16T07:50:00.000,15.6196
2025-07-16T07:51:00.000,15.6155
2025-07-16T07:52:00.000,15.6292
2025-07-16T07:53:00.000,15.6306
2025-07-16T07:54:00.000,15.6334
2025-07-16T07:55:00.000,15.6334
2025-07-16T07:56:00.000,15.6375
2025-07-16T07:57:00.000,15.6389
2025-07-16T07:58:00.000,15.6416
2025-07-16T07:59:00.000,15.6512
2025-07-16T08:00:00.000,15.6581
2025-07-16T08:01:00.000,15.6677
2025-07-16T08:02:00.000,15.6966
2025-07-16T08:03:00.000,15.7186
2025-07-16T08:04:00.000,15.7255
2025-07-16T08:05:00.000,15.7269
2025-07-16T08:06:00.000,15.7282
2025-07-16T08:07:00.000,15.7324
2025-07-16T08:08:00.000,15.7434
2025-07-16T08:09:00.000,15.7475
2025-07-16T08:10:00.000,15.7475
2025-07-16T08:11:00.000,15.7406
2025-07-16T08:12:00.000,15.7324
2025-07-16T08:13:00.000,15.7269
2025-07-16T08:14:00.000,15.7241
2025-07-16T08:15:00.000,15.7310
2025-07-16T08:16:00.000,15.7420
2025-07-16T08:17:00.000,15.7557
2025-07-16T08:18:00.000,15.7681
2025-07-16T08:19:00.000,15.7791
2025-07-16T08:20:00.000,15.7819
2025-07-16T08:21:00.000,15.7860
2025-07-16T08:22:00.000,15.7874
2025-07-16T08:23:00.000,15.7860
2025-07-16T08:24:00.000,15.7819
2025-07-16T08:25:00.000,15.7681
2025-07-16T08:26:00.000,15.7612
2025-07-16T08:27:00.000,15.7585
2025-07-16T08:28:00.000,15.7557
2025-07-16T08:29:00.000,15.7654
2025-07-16T08:30:00.000,15.7819
2025-07-16T08:31:00.000,15.7997
2025-07-16T08:32:00.000,15.8094
2025-07-16T08:33:00.000,15.8217
2025-07-16T08:34:00.000,15.8314
2025-07-16T08:35:00.000,15.8341
2025-07-16T08:36:00.000,15.8314
2025-07-16T08:37:00.000,15.8231
2025-07-16T08:38:00.000,15.8121
2025-07-16T08:39:00.000,15.8039
2025-07-16T08:40:00.000,15.7984
2025-07-16T08:41:00.000,15.7942
2025-07-16T08:42:00.000,15.7970
2025-07-16T08:43:00.000,15.8052
2025-07-16T08:44:00.000,15.8286
2025-07-16T08:45:00.000,15.8657
2025-07-16T08:46:00.000,15.8836
2025-07-16T08:47:00.000,15.9070
2025-07-16T08:48:00.000,15.9276
2025-07-16T08:49:00.000,15.9358
2025-07-16T08:50:00.000,15.9221
2025-07-16T08:51:00.000,15.9152
2025-07-16T08:52:00.000,15.9166
2025-07-16T08:53:00.000,15.9276
2025-07-16T08:54:00.000,15.9262
2025-07-16T08:55:00.000,15.9303
2025-07-16T08:56:00.000,15.9344
2025-07-16T08:57:00.000,15.9358
2025-07-16T08:58:00.000,15.9166
2025-07-16T08:59:00.000,15.8891
2025-07-16T09:00:00.000,15.8602
2025-07-16T09:01:00.000,15.8396
2025-07-16T09:02:00.000,15.8135
2025-07-16T09:03:00.000,15.7970
2025-07-16T09:04:00.000,15.8011
2025-07-16T09:05:00.000,15.8080
2025-07-16T09:06:00.000,15.8149
2025-07-16T09:07:00.000,15.8259
2025-07-16T09:08:00.000,15.8451
2025-07-16T09:09:00.000,15.8588
2025-07-16T09:10:00.000,15.8795
2025-07-16T09:11:00.000,15.8987
2025-07-16T09:12:00.000,15.9152
2025-07-16T09:13:00.000,15.9317
2025-07-16T09:14:00.000,15.9468
2025-07-16T09:15:00.000,15.9605
2025-07-16T09:16:00.000,15.9715
2025-07-16T09:17:00.000,15.9825
2025-07-16T09:18:00.000,15.9963
2025-07-16T09:19:00.000,16.0196
2025-07-16T09:20:00.000,16.0320
2025-07-16T09:21:00.000,16.0471
2025-07-16T09:22:00.000,16.0567
2025-07-16T09:23:00.000,16.0704
2025-07-16T09:24:00.000,16.0828
2025-07-16T09:25:00.000,16.0952
2025-07-16T09:26:00.000,16.1061
2025-07-16T09:27:00.000,16.1158
2025-07-16T09:28:00.000,16.1254
2025-07-16T09:29:00.000,16.1377
2025-07-16T09:30:00.000,16.1487
2025-07-16T09:31:00.000,16.1501
2025-07-16T09:32:00.000,16.1501
2025-07-16T09:33:00.000,16.1473
2025-07-16T09:34:00.000,16.1460
2025-07-16T09:35:00.000,16.1501
2025-07-16T09:36:00.000,16.1611
2025-07-16T09:37:00.000,16.1748
2025-07-16T09:38:00.000,16.1913
2025-07-16T09:39:00.000,16.2036
2025-07-16T09:40:00.000,16.2119
2025-07-16T09:41:00.000,16.2229
2025-07-16T09:42:00.000,16.2558
2025-07-16T09:43:00.000,16.2915
2025-07-16T09:44:00.000,16.3217
2025-07-16T09:45:00.000,16.3533
2025-07-16T09:46:00.000,16.3752
2025-07-16T09:47:00.000,16.3903
2025-07-16T09:48:00.000,16.4013
2025-07-16T09:49:00.000,16.4301
2025-07-16T09:50:00.000,16.4713
2025-07-16T09:51:00.000,16.5083
2025-07-16T09:52:00.000,16.5412
2025-07-16T09:53:00.000,16.5604
2025-07-16T09:54:00.000,16.5810
2025-07-16T09:55:00.000,16.6166
2025-07-16T09:56:00.000,16.6345
2025-07-16T09:57:00.000,16.6331
2025-07-16T09:58:00.000,16.6249
2025-07-16T09:59:00.000,16.6139
2025-07-16T10:00:00.000,16.6098
2025-07-16T10:01:00.000,16.6208
2025-07-16T10:02:00.000,16.6646
2025-07-16T10:03:00.000,16.7099
2025-07-16T10:04:00.000,16.7387
2025-07-16T10:05:00.000,16.7770
2025-07-16T10:06:00.000,16.8223
2025-07-16T10:07:00.000,16.8620
2025-07-16T10:08:00.000,16.9100
2025-07-16T10:09:00.000,16.9484
2025-07-16T10:10:00.000,16.9662
2025-07-16T10:11:00.000,16.9689
2025-07-16T10:12:00.000,16.9758
2025-07-16T10:13:00.000,16.9922
2025-07-16T10:14:00.000,16.9949
2025-07-16T10:15:00.000,17.0018
2025-07-16T10:16:00.000,17.0059
2025-07-16T10:17:00.000,17.0114
2025-07-16T10:18:00.000,17.0210
2025-07-16T10:19:00.000,17.0360
2025-07-16T10:20:00.000,17.0278
2025-07-16T10:21:00.000,17.0100
2025-07-16T10:22:00.000,16.9908
2025-07-16T10:23:00.000,16.9785
2025-07-16T10:24:00.000,16.9840
2025-07-16T10:25:00.000,17.0141
2025-07-16T10:26:00.000,17.0484
2025-07-16T10:27:00.000,17.0730
2025-07-16T10:28:00.000,17.0922
2025-07-16T10:29:00.000,17.1141
2025-07-16T10:30:00.000,17.1292
2025-07-16T10:31:00.000,17.1319
2025-07-16T10:32:00.000,17.1196
2025-07-16T10:33:00.000,17.0936
2025-07-16T10:34:00.000,17.0676
2025-07-16T10:35:00.000,17.0374
2025-07-16T10:36:00.000,17.0045
2025-07-16T10:37:00.000,16.9771
2025-07-16T10:38:00.000,16.9703
2025-07-16T10:39:00.000,16.9908
2025-07-16T10:40:00.000,17.0182
2025-07-16T10:41:00.000,17.0456
2025-07-16T10:42:00.000,17.0676
2025-07-16T10:43:00.000,17.0758
2025-07-16T10:44:00.000,17.0799
2025-07-16T10:45:00.000,17.1182
2025-07-16T10:46:00.000,17.1826
2025-07-16T10:47:00.000,17.2497
2025-07-16T10:48:00.000,17.3278
2025-07-16T10:49:00.000,17.4551
2025-07-16T10:50:00.000,17.5632
2025-07-16T10:51:00.000,17.6576
2025-07-16T10:52:00.000,17.7452
2025-07-16T10:53:00.000,17.7958
2025-07-16T10:54:00.000,17.8287
2025-07-16T10:55:00.000,17.8437
2025-07-16T10:56:00.000,17.8971
2025-07-16T10:57:00.000,17.9299
2025-07-16T10:58:00.000,17.9313
2025-07-16T10:59:00.000,17.9189
2025-07-16T11:00:00.000,17.9340
2025-07-16T11:01:00.000,17.9559
2025-07-16T11:02:00.000,18.0038
2025-07-16T11:03:00.000,18.0598
2025-07-16T11:04:00.000,18.1118
2025-07-16T11:05:00.000,18.1665
2025-07-16T11:06:00.000,18.2280
2025-07-16T11:07:00.000,18.3087
2025-07-16T11:08:00.000,18.3894
2025-07-16T11:09:00.000,18.4632
2025-07-16T11:10:00.000,18.5425
2025-07-16T11:11:00.000,18.6040
2025-07-16T11:12:00.000,18.6820
2025-07-16T11:13:00.000,18.7790
2025-07-16T11:14:00.000,18.8446
2025-07-16T11:15:00.000,18.8966
2025-07-16T11:16:00.000,18.9308
2025-07-16T11:17:00.000,18.9280
2025-07-16T11:18:00.000,18.9513
2025-07-16T11:19:00.000,18.9936
2025-07-16T11:20:00.000,19.1126
2025-07-16T11:21:00.000,19.1946
2025-07-16T11:22:00.000,19.2124
2025-07-16T11:23:00.000,19.3313
2025-07-16T11:24:00.000,19.7182
2025-07-16T11:25:00.000,20.3049
2025-07-16T11:26:00.000,21.0755
2025-07-16T11:27:00.000,21.9530
2025-07-16T11:28:00.000,22.7433
2025-07-16T11:29:00.000,23.4738
2025-07-16T11:30:00.000,24.1886
2025-07-16T11:31:00.000,24.7948
2025-07-16T11:32:00.000,25.3614
2025-07-16T11:33:00.000,25.8375
2025-07-16T11:34:00.000,26.2367
2025-07-16T11:35:00.000,26.6102
2025-07-16T11:36:00.000,26.9664
2025-07-16T11:37:00.000,27.3039
2025-07-16T11:38:00.000,27.6139
2025-07-16T11:39:00.000,27.8309
2025-07-16T11:40:00.000,27.9815
2025-07-16T11:41:00.000,28.0825
2025-07-16T11:42:00.000,28.1950
2025-07-16T11:43:00.000,28.3432
2025-07-16T11:44:00.000,28.4488
2025-07-16T11:45:00.000,28.5030
2025-07-16T11:46:00.000,28.5616
2025-07-16T11:47:00.000,28.6059
2025-07-16T11:48:00.000,28.6002
2025-07-16T11:49:00.000,28.5688
2025-07-16T11:50:00.000,28.5402
2025-07-16T11:51:00.000,28.5202
2025-07-16T11:52:00.000,28.5087
2025-07-16T11:53:00.000,28.5116
2025-07-16T11:54:00.000,28.5688
2025-07-16T11:55:00.000,28.6803
2025-07-16T11:56:00.000,28.7833
2025-07-16T11:57:00.000,28.8363
2025-07-16T11:58:00.000,28.9453
2025-07-16T11:59:00.000,29.0744
2025-07-16T12:00:00.000,29.1879
2025-07-16T12:01:00.000,29.2886
2025-07-16T12:02:00.000,29.3692
2025-07-16T12:03:00.000,29.5018
2025-07-16T12:04:00.000,29.5350
2025-07-16T12:05:00.000,29.5883
2025-07-16T12:06:00.000,29.6779
2025-07-16T12:07:00.000,29.7270
2025-07-16T12:08:00.000,29.8036
2025-07-16T12:09:00.000,29.9339
2025-07-16T12:10:00.000,30.0512
2025-07-16T12:11:00.000,30.0498
2025-07-16T12:12:00.000,30.0948
2025-07-16T12:13:00.000,30.1818
2025-07-16T12:14:00.000,30.2661
2025-07-16T12:15:00.000,30.3359
2025-07-16T12:16:00.000,30.4275
2025-07-16T12:17:00.000,30.4538
2025-07-16T12:18:00.000,30.5033
2025-07-16T12:19:00.000,30.5237
2025-07-16T12:20:00.000,30.4596
2025-07-16T12:21:00.000,30.4392
2025-07-16T12:22:00.000,30.3795
2025-07-16T12:23:00.000,30.3446
2025-07-16T12:24:00.000,30.2981
2025-07-16T12:25:00.000,30.2138
2025-07-16T12:26:00.000,30.1935
2025-07-16T12:27:00.000,30.1484
2025-07-16T12:28:00.000,30.0962
2025-07-16T12:29:00.000,29.9976
2025-07-16T12:30:00.000,29.9570
2025-07-16T12:31:00.000,29.9628
2025-07-16T12:32:00.000,29.8962
2025-07-16T12:33:00.000,29.8267
2025-07-16T12:34:00.000,29.7573
2025-07-16T12:35:00.000,29.7761
2025-07-16T12:36:00.000,29.7356
2025-07-16T12:37:00.000,29.8108
2025-07-16T12:38:00.000,29.8962
2025-07-16T12:39:00.000,29.9918
2025-07-16T12:40:00.000,30.1093
2025-07-16T12:41:00.000,30.2675
2025-07-16T12:42:00.000,30.3693
2025-07-16T12:43:00.000,30.3868
2025-07-16T12:44:00.000,30.4479
2025-07-16T12:45:00.000,30.5383
2025-07-16T12:46:00.000,30.6476
2025-07-16T12:47:00.000,30.6958
2025-07-16T12:48:00.000,30.7046
2025-07-16T12:49:00.000,30.8229
2025-07-16T12:50:00.000,30.9824
2025-07-16T12:51:00.000,31.1261
2025-07-16T12:52:00.000,31.2083
2025-07-16T12:53:00.000,31.3759
2025-07-16T12:54:00.000,31.5777
2025-07-16T12:55:00.000,31.7652
2025-07-16T12:56:00.000,31.9250
2025-07-16T12:57:00.000,32.0153
2025-07-16T12:58:00.000,32.1162
2025-07-16T12:59:00.000,32.1177
2025-07-16T13:00:00.000,32.1340
2025-07-16T13:01:00.000,32.1281
2025-07-16T13:02:00.000,32.2083
2025-07-16T13:03:00.000,32.2098
2025-07-16T13:04:00.000,32.2023
2025-07-16T13:05:00.000,32.2038
2025-07-16T13:06:00.000,32.1860
2025-07-16T13:07:00.000,32.2544
2025-07-16T13:08:00.000,32.3406
2025-07-16T13:09:00.000,32.4017
2025-07-16T13:10:00.000,32.3794
2025-07-16T13:11:00.000,32.4375
2025-07-16T13:12:00.000,32.4226
2025-07-16T13:13:00.000,32.2811
2025-07-16T13:14:00.000,32.1815
2025-07-16T13:15:00.000,32.0628
2025-07-16T13:16:00.000,31.9457
2025-07-16T13:17:00.000,31.8273
2025-07-16T13:18:00.000,31.7282
2025-07-16T13:19:00.000,31.6736
2025-07-16T13:20:00.000,31.5998
2025-07-16T13:21:00.000,31.5969
2025-07-16T13:22:00.000,31.5438
2025-07-16T13:23:00.000,31.4937
2025-07-16T13:24:00.000,31.4657
2025-07-16T13:25:00.000,31.4657
2025-07-16T13:26:00.000,31.4627
2025-07-16T13:27:00.000,31.4215
2025-07-16T13:28:00.000,31.4347
2025-07-16T13:29:00.000,31.5290
2025-07-16T13:30:00.000,31.6175
2025-07-16T13:31:00.000,31.6972
2025-07-16T13:32:00.000,31.7829
2025-07-16T13:33:00.000,31.8820
2025-07-16T13:34:00.000,32.0213
2025-07-16T13:35:00.000,32.1801
2025-07-16T13:36:00.000,32.2440
2025-07-16T13:37:00.000,32.2544
2025-07-16T13:38:00.000,32.3451
2025-07-16T13:39:00.000,32.5284
2025-07-16T13:40:00.000,32.7181
2025-07-16T13:41:00.000,32.8528
2025-07-16T13:42:00.000,32.9322
2025-07-16T13:43:00.000,32.9592
2025-07-16T13:44:00.000,33.0913
2025-07-16T13:45:00.000,33.3517
2025-07-16T13:46:00.000,33.6448
2025-07-16T13:47:00.000,33.9436
2025-07-16T13:48:00.000,34.2024
2025-07-16T13:49:00.000,34.3489
2025-07-16T13:50:00.000,34.4529
2025-07-16T13:51:00.000,34.5754
2025-07-16T13:52:00.000,34.5632
2025-07-16T13:53:00.000,34.6644
2025-07-16T13:54:00.000,34.8196
2025-07-16T13:55:00.000,35.0060
2025-07-16T13:56:00.000,35.1666
2025-07-16T13:57:00.000,35.1836
2025-07-16T13:58:00.000,35.0785
2025-07-16T13:59:00.000,35.0878
2025-07-16T14:00:00.000,35.1697
2025-07-16T14:01:00.000,35.2625
2025-07-16T14:02:00.000,35.5558
2025-07-16T14:03:00.000,35.8378
2025-07-16T14:04:00.000,35.8847
2025-07-16T14:05:00.000,35.4284
2025-07-16T14:06:00.000,34.8781
2025-07-16T14:07:00.000,34.4055
2025-07-16T14:08:00.000,34.1429
2025-07-16T14:09:00.000,34.0150
2025-07-16T14:10:00.000,34.3000
2025-07-16T14:11:00.000,34.3780
2025-07-16T14:12:00.000,34.0865
2025-07-16T14:13:00.000,33.7538
2025-07-16T14:14:00.000,33.4136
2025-07-16T14:15:00.000,33.1034
2025-07-16T14:16:00.000,32.8019
2025-07-16T14:17:00.000,32.5269
2025-07-16T14:18:00.000,32.3362
2025-07-16T14:19:00.000,32.1845
2025-07-16T14:20:00.000,32.0509
2025-07-16T14:21:00.000,31.9294
2025-07-16T14:22:00.000,31.8643
2025-07-16T14:23:00.000,31.7874
2025-07-16T14:24:00.000,31.7726
2025-07-16T14:25:00.000,31.7726
2025-07-16T14:26:00.000,31.6854
2025-07-16T14:27:00.000,31.6544
2025-07-16T14:28:00.000,31.6765
2025-07-16T14:29:00.000,31.6810
2025-07-16T14:30:00.000,31.6455
2025-07-16T14:31:00.000,31.7090
2025-07-16T14:32:00.000,31.7874
2025-07-16T14:33:00.000,31.8879
2025-07-16T14:34:00.000,32.0079
2025-07-16T14:35:00.000,32.1845
2025-07-16T14:36:00.000,32.4226
2025-07-16T14:37:00.000,32.5448
2025-07-16T14:38:00.000,32.6165
2025-07-16T14:39:00.000,32.6643
2025-07-16T14:40:00.000,32.7286
2025-07-16T14:41:00.000,32.7884
2025-07-16T14:42:00.000,32.8543
2025-07-16T14:43:00.000,32.8318
2025-07-16T14:44:00.000,32.8348
2025-07-16T14:45:00.000,32.9562
2025-07-16T14:46:00.000,32.8393
2025-07-16T14:47:00.000,32.8243
2025-07-16T14:48:00.000,32.7974
2025-07-16T14:49:00.000,32.7510
2025-07-16T14:50:00.000,32.8543
2025-07-16T14:51:00.000,32.9097
2025-07-16T14:52:00.000,33.0523
2025-07-16T14:53:00.000,33.3186
2025-07-16T14:54:00.000,33.5782
2025-07-16T14:55:00.000,33.7372
2025-07-16T14:56:00.000,34.0272
2025-07-16T14:57:00.000,34.3260
2025-07-16T14:58:00.000,34.7151
2025-07-16T14:59:00.000,35.0940
2025-07-16T15:00:00.000,35.4005
2025-07-16T15:01:00.000,35.8207
2025-07-16T15:02:00.000,36.3347
2025-07-16T15:03:00.000,36.6612
2025-07-16T15:04:00.000,36.6992
2025-07-16T15:05:00.000,36.6501
2025-07-16T15:06:00.000,36.5269
2025-07-16T15:07:00.000,36.5664
2025-07-16T15:08:00.000,36.7688
2025-07-16T15:09:00.000,37.2044
2025-07-16T15:10:00.000,37.9861
2025-07-16T15:11:00.000,38.5999
2025-07-16T15:12:00.000,39.0127
2025-07-16T15:13:00.000,39.3226
2025-07-16T15:14:00.000,39.6142
2025-07-16T15:15:00.000,39.7972
2025-07-16T15:16:00.000,39.9642
2025-07-16T15:17:00.000,40.2507
2025-07-16T15:18:00.000,40.3230
2025-07-16T15:19:00.000,40.1601
2025-07-16T15:20:00.000,39.8373
2025-07-16T15:21:00.000,39.4003
2025-07-16T15:22:00.000,39.0851
2025-07-16T15:23:00.000,38.7192
2025-07-16T15:24:00.000,38.3393
2025-07-16T15:25:00.000,37.9570
2025-07-16T15:26:00.000,37.4922
2025-07-16T15:27:00.000,37.0149
2025-07-16T15:28:00.000,36.5159
2025-07-16T15:29:00.000,36.0929
2025-07-16T15:30:00.000,35.7816
2025-07-16T15:31:00.000,35.5496
2025-07-16T15:32:00.000,35.3803
2025-07-16T15:33:00.000,35.2486
2025-07-16T15:34:00.000,35.2084
2025-07-16T15:35:00.000,35.1635
2025-07-16T15:36:00.000,35.0894
2025-07-16T15:37:00.000,35.0230
2025-07-16T15:38:00.000,34.9659
2025-07-16T15:39:00.000,34.9058
2025-07-16T15:40:00.000,34.9289
2025-07-16T15:41:00.000,34.9598
2025-07-16T15:42:00.000,35.0184
2025-07-16T15:43:00.000,35.1110
2025-07-16T15:44:00.000,35.0847
2025-07-16T15:45:00.000,35.0322
2025-07-16T15:46:00.000,35.1975
2025-07-16T15:47:00.000,35.7832
2025-07-16T15:48:00.000,36.7308
2025-07-16T15:49:00.000,37.8038
2025-07-16T15:50:00.000,38.8420
2025-07-16T15:51:00.000,39.7206
2025-07-16T15:52:00.000,40.4022
2025-07-16T15:53:00.000,40.8216
2025-07-16T15:54:00.000,40.8505
2025-07-16T15:55:00.000,40.5490
2025-07-16T15:56:00.000,40.2491
2025-07-16T15:57:00.000,39.9876
2025-07-16T15:58:00.000,39.6707
2025-07-16T15:59:00.000,39.3209
2025-07-16T16:00:00.000,39.0226
2025-07-16T16:01:00.000,38.8174
2025-07-16T16:02:00.000,38.7306
2025-07-16T16:03:00.000,38.6750
2025-07-16T16:04:00.000,38.4809
2025-07-16T16:05:00.000,38.2500
2025-07-16T16:06:00.000,37.9796
2025-07-16T16:07:00.000,37.7925
2025-07-16T16:08:00.000,37.5900
2025-07-16T16:09:00.000,37.4905
2025-07-16T16:10:00.000,37.4665
2025-07-16T16:11:00.000,37.4281
2025-07-16T16:12:00.000,37.3673
2025-07-16T16:13:00.000,37.2842
2025-07-16T16:14:00.000,37.0594
2025-07-16T16:15:00.000,36.8449
2025-07-16T16:16:00.000,36.6122
2025-07-16T16:17:00.000,36.4008
2025-07-16T16:18:00.000,36.2121
2025-07-16T16:19:00.000,35.9785
2025-07-16T16:20:00.000,35.7863
2025-07-16T16:21:00.000,35.5822
2025-07-16T16:22:00.000,35.4921
2025-07-16T16:23:00.000,35.4874
2025-07-16T16:24:00.000,35.4936
2025-07-16T16:25:00.000,35.4346
2025-07-16T16:26:00.000,35.3896
2025-07-16T16:27:00.000,35.3384
2025-07-16T16:28:00.000,35.2920
2025-07-16T16:29:00.000,35.2486
2025-07-16T16:30:00.000,35.2951
2025-07-16T16:31:00.000,35.3121
2025-07-16T16:32:00.000,35.3881
2025-07-16T16:33:00.000,35.5123
2025-07-16T16:34:00.000,35.6258
2025-07-16T16:35:00.000,35.7536
2025-07-16T16:36:00.000,35.8581
2025-07-16T16:37:00.000,35.9316
2025-07-16T16:38:00.000,35.9081
2025-07-16T16:39:00.000,35.9629
2025-07-16T16:40:00.000,36.0693
2025-07-16T16:41:00.000,36.2467
2025-07-16T16:42:00.000,36.4843
2025-07-16T16:43:00.000,36.7783
2025-07-16T16:44:00.000,37.0658
2025-07-16T16:45:00.000,37.2395
2025-07-16T16:46:00.000,37.3881
2025-07-16T16:47:00.000,37.4777
2025-07-16T16:48:00.000,37.6831
2025-07-16T16:49:00.000,38.0880
2025-07-16T16:50:00.000,38.5608
2025-07-16T16:51:00.000,38.8502
2025-07-16T16:52:00.000,39.0571
2025-07-16T16:53:00.000,39.2895
2025-07-16T16:54:00.000,39.4550
2025-07-16T16:55:00.000,39.7606
2025-07-16T16:56:00.000,40.1131
2025-07-16T16:57:00.000,40.4089
2025-07-16T16:58:00.000,40.5878
2025-07-16T16:59:00.000,40.7860
2025-07-16T17:00:00.000,41.0190
2025-07-16T17:01:00.000,40.9406
2025-07-16T17:02:00.000,40.5405
2025-07-16T17:03:00.000,40.0796
2025-07-16T17:04:00.000,39.2417
2025-07-16T17:05:00.000,38.4304
2025-07-16T17:06:00.000,37.8409
2025-07-16T17:07:00.000,37.6751
2025-07-16T17:08:00.000,37.4137
2025-07-16T17:09:00.000,37.3753
2025-07-16T17:10:00.000,37.3689
2025-07-16T17:11:00.000,37.4681
2025-07-16T17:12:00.000,37.8473
2025-07-16T17:13:00.000,38.3215
2025-07-16T17:14:00.000,37.8409
2025-07-16T17:15:00.000,36.4481
2025-07-16T17:16:00.000,34.4743
2025-07-16T17:17:00.000,32.0880
2025-07-16T17:18:00.000,29.9947
2025-07-16T17:19:00.000,28.3004
2025-07-16T17:20:00.000,26.9763
2025-07-16T17:21:00.000,25.9439
2025-07-16T17:22:00.000,25.1412
2025-07-16T17:23:00.000,24.4533
2025-07-16T17:24:00.000,23.8731
2025-07-16T17:25:00.000,23.3827
2025-07-16T17:26:00.000,22.9898
2025-07-16T17:27:00.000,22.7502
2025-07-16T17:28:00.000,22.5878
2025-07-16T17:29:00.000,22.4365
2025-07-16T17:30:00.000,22.3637
2025-07-16T17:31:00.000,22.3500
2025-07-16T17:32:00.000,22.3829
2025-07-16T17:33:00.000,22.3788
2025-07-16T17:34:00.000,22.3500
2025-07-16T17:35:00.000,22.3005
2025-07-16T17:36:00.000,22.1796
2025-07-16T17:37:00.000,22.0491
2025-07-16T17:38:00.000,21.9297
2025-07-16T17:39:00.000,21.8377
2025-07-16T17:40:00.000,21.7636
2025-07-16T17:41:00.000,21.7787
2025-07-16T17:42:00.000,21.7485
2025-07-16T17:43:00.000,21.7074
2025-07-16T17:44:00.000,21.6758
2025-07-16T17:45:00.000,21.6580
2025-07-16T17:46:00.000,21.6333
2025-07-16T17:47:00.000,21.6854
2025-07-16T17:48:00.000,21.7773
2025-07-16T17:49:00.000,21.8775
2025-07-16T17:50:00.000,21.9050
2025-07-16T17:51:00.000,21.8926
2025-07-16T17:52:00.000,21.8707
2025-07-16T17:53:00.000,21.8254
2025-07-16T17:54:00.000,21.7705
2025-07-16T17:55:00.000,21.6731
2025-07-16T17:56:00.000,21.5771
2025-07-16T17:57:00.000,21.4838
2025-07-16T17:58:00.000,21.3605
2025-07-16T17:59:00.000,21.2673
2025-07-16T18:00:00.000,21.2097
2025-07-16T18:01:00.000,21.1782
2025-07-16T18:02:00.000,21.1673
2025-07-16T18:03:00.000,21.1700
2025-07-16T18:04:00.000,21.1878
2025-07-16T18:05:00.000,21.1906
2025-07-16T18:06:00.000,21.1769
2025-07-16T18:07:00.000,21.1344
2025-07-16T18:08:00.000,21.0590
2025-07-16T18:09:00.000,20.9892
2025-07-16T18:10:00.000,20.9687
2025-07-16T18:11:00.000,20.9495
2025-07-16T18:12:00.000,20.9303
2025-07-16T18:13:00.000,20.9262
2025-07-16T18:14:00.000,20.9016
2025-07-16T18:15:00.000,20.8838
2025-07-16T18:16:00.000,20.8536
2025-07-16T18:17:00.000,20.8235
2025-07-16T18:18:00.000,20.8536
2025-07-16T18:19:00.000,20.8838
2025-07-16T18:20:00.000,20.8701
2025-07-16T18:21:00.000,20.8605
2025-07-16T18:22:00.000,20.8495
2025-07-16T18:23:00.000,20.8468
2025-07-16T18:24:00.000,20.8399
2025-07-16T18:25:00.000,20.8413
2025-07-16T18:26:00.000,20.8619
2025-07-16T18:27:00.000,20.8851
2025-07-16T18:28:00.000,20.8797
2025-07-16T18:29:00.000,20.8454
2025-07-16T18:30:00.000,20.8030
2025-07-16T18:31:00.000,20.6702
2025-07-16T18:32:00.000,20.5799
2025-07-16T18:33:00.000,20.5648
2025-07-16T18:34:00.000,20.5785
2025-07-16T18:35:00.000,20.5402
2025-07-16T18:36:00.000,20.4321
2025-07-16T18:37:00.000,20.3350
2025-07-16T18:38:00.000,20.2296
2025-07-16T18:39:00.000,20.1257
2025-07-16T18:40:00.000,20.0299
2025-07-16T18:41:00.000,19.9410
2025-07-16T18:42:00.000,19.8453
2025-07-16T18:43:00.000,19.7811
2025-07-16T18:44:00.000,19.7113
2025-07-16T18:45:00.000,19.6525
2025-07-16T18:46:00.000,19.5842
2025-07-16T18:47:00.000,19.5199
2025-07-16T18:48:00.000,19.4598
2025-07-16T18:49:00.000,19.4037
2025-07-16T18:50:00.000,19.3477
2025-07-16T18:51:00.000,19.2971
2025-07-16T18:52:00.000,19.2493
2025-07-16T18:53:00.000,19.2069
2025-07-16T18:54:00.000,19.1659
2025-07-16T18:55:00.000,19.1317
2025-07-16T18:56:00.000,19.1016
2025-07-16T18:57:00.000,19.0784
2025-07-16T18:58:00.000,19.0593
2025-07-16T18:59:00.000,19.0415
2025-07-16T19:00:00.000,19.0292
2025-07-16T19:01:00.000,19.0114
2025-07-16T19:02:00.000,18.9977
2025-07-16T19:03:00.000,18.9294
2025-07-16T19:04:00.000,18.8323
2025-07-16T19:05:00.000,18.7380
2025-07-16T19:06:00.000,18.5876
2025-07-16T19:07:00.000,18.4728
2025-07-16T19:08:00.000,18.4126
2025-07-16T19:09:00.000,18.3497
2025-07-16T19:10:00.000,18.2896
2025-07-16T19:11:00.000,18.2007
2025-07-16T19:12:00.000,18.1186
2025-07-16T19:13:00.000,18.0557
2025-07-16T19:14:00.000,18.0352
2025-07-16T19:15:00.000,18.0325
2025-07-16T19:16:00.000,18.0106
2025-07-16T19:17:00.000,18.0544
2025-07-16T19:18:00.000,18.1077
2025-07-16T19:19:00.000,18.1446
2025-07-16T19:20:00.000,18.1282
2025-07-16T19:21:00.000,18.1282
2025-07-16T19:22:00.000,18.1542
2025-07-16T19:23:00.000,18.1706
2025-07-16T19:24:00.000,18.1980
2025-07-16T19:25:00.000,18.2144
2025-07-16T19:26:00.000,18.2007
2025-07-16T19:27:00.000,18.1132
2025-07-16T19:28:00.000,17.9846
2025-07-16T19:29:00.000,17.8574
2025-07-16T19:30:00.000,17.7698
2025-07-16T19:31:00.000,17.6782
2025-07-16T19:32:00.000,17.6152
2025-07-16T19:33:00.000,17.5824
2025-07-16T19:34:00.000,17.5071
2025-07-16T19:35:00.000,17.3743
2025-07-16T19:36:00.000,17.2319
2025-07-16T19:37:00.000,17.0950
2025-07-16T19:38:00.000,16.9497
2025-07-16T19:39:00.000,16.7949
2025-07-16T19:40:00.000,16.6495
2025-07-16T19:41:00.000,16.5234
2025-07-16T19:42:00.000,16.4260
2025-07-16T19:43:00.000,16.3478
2025-07-16T19:44:00.000,16.2860
2025-07-16T19:45:00.000,16.2338
2025-07-16T19:46:00.000,16.1940
2025-07-16T19:47:00.000,16.1624
2025-07-16T19:48:00.000,16.1199
2025-07-16T19:49:00.000,16.0649
2025-07-16T19:50:00.000,16.0127
2025-07-16T19:51:00.000,15.9674
2025-07-16T19:52:00.000,15.9124
2025-07-16T19:53:00.000,15.8630
2025-07-16T19:54:00.000,15.8135
2025-07-16T19:55:00.000,15.7461
2025-07-16T19:56:00.000,15.6650
2025-07-16T19:57:00.000,15.5797
2025-07-16T19:58:00.000,15.4737
2025-07-16T19:59:00.000,15.3581
2025-07-16T20:00:00.000,15.2603
2025-07-16T20:01:00.000,15.1708
2025-07-16T20:02:00.000,15.0936
2025-07-16T20:03:00.000,15.0233
2025-07-16T20:04:00.000,14.9460
2025-07-16T20:05:00.000,14.8578
2025-07-16T20:06:00.000,14.7777
2025-07-16T20:07:00.000,14.7087
2025-07-16T20:08:00.000,14.6479
2025-07-16T20:09:00.000,14.5871
2025-07-16T20:10:00.000,14.5332
2025-07-16T20:11:00.000,14.4849
2025-07-16T20:12:00.000,14.4379
2025-07-16T20:13:00.000,14.3978
2025-07-16T20:14:00.000,14.3660
2025-07-16T20:15:00.000,14.3203
2025-07-16T20:16:00.000,14.2802
2025-07-16T20:17:00.000,14.2373
2025-07-16T20:18:00.000,14.1971
2025-07-16T20:19:00.000,14.1653
2025-07-16T20:20:00.000,14.1348
2025-07-16T20:21:00.000,14.1141
2025-07-16T20:22:00.000,14.0975
2025-07-16T20:23:00.000,14.0864
2025-07-16T20:24:00.000,14.0808
2025-07-16T20:25:00.000,14.0822
2025-07-16T20:26:00.000,14.0781
2025-07-16T20:27:00.000,14.0753
2025-07-16T20:28:00.000,14.0753
2025-07-16T20:29:00.000,14.0753
2025-07-16T20:30:00.000,14.0739
2025-07-16T20:31:00.000,14.0711
2025-07-16T20:32:00.000,14.0670
2025-07-16T20:33:00.000,14.0614
2025-07-16T20:34:00.000,14.0559
2025-07-16T20:35:00.000,14.0517
2025-07-16T20:36:00.000,14.0476
2025-07-16T20:37:00.000,14.0434
2025-07-16T20:38:00.000,14.0420
2025-07-16T20:39:00.000,14.0407
2025-07-16T20:40:00.000,14.0379
2025-07-16T20:41:00.000,14.0337
2025-07-16T20:42:00.000,14.0351
2025-07-16T20:43:00.000,14.0254
2025-07-16T20:44:00.000,14.0088
2025-07-16T20:45:00.000,13.9852
2025-07-16T20:46:00.000,13.9534
2025-07-16T20:47:00.000,13.9173
2025-07-16T20:48:00.000,13.8813
2025-07-16T20:49:00.000,13.8424
2025-07-16T20:50:00.000,13.8078
2025-07-16T20:51:00.000,13.7800
2025-07-16T20:52:00.000,13.7550
2025-07-16T20:53:00.000,13.7273
2025-07-16T20:54:00.000,13.7037
2025-07-16T20:55:00.000,13.6870
2025-07-16T20:56:00.000,13.6759
2025-07-16T20:57:00.000,13.6690
2025-07-16T20:58:00.000,13.6676
2025-07-16T20:59:00.000,13.6718
2025-07-16T21:00:00.000,13.6732
2025-07-16T21:01:00.000,13.6745
2025-07-16T21:02:00.000,13.6773
2025-07-16T21:03:00.000,13.6815
2025-07-16T21:04:00.000,13.6967
2025-07-16T21:05:00.000,13.7134
2025-07-16T21:06:00.000,13.7245
2025-07-16T21:07:00.000,13.7342
2025-07-16T21:08:00.000,13.7481
2025-07-16T21:09:00.000,13.7634
2025-07-16T21:10:00.000,13.7786
2025-07-16T21:11:00.000,13.7925
2025-07-16T21:12:00.000,13.8078
2025-07-16T21:13:00.000,13.8272
2025-07-16T21:14:00.000,13.8480
2025-07-16T21:15:00.000,13.8632
2025-07-16T21:16:00.000,13.8757
2025-07-16T21:17:00.000,13.8910
2025-07-16T21:18:00.000,13.9104
2025-07-16T21:19:00.000,13.9201
2025-07-16T21:20:00.000,13.9256
2025-07-16T21:21:00.000,13.9242
2025-07-16T21:22:00.000,13.9547
2025-07-16T21:23:00.000,14.0019
2025-07-16T21:24:00.000,14.0323
2025-07-16T21:25:00.000,14.0462
2025-07-16T21:26:00.000,14.0628
2025-07-16T21:27:00.000,14.0656
2025-07-16T21:28:00.000,14.0587
2025-07-16T21:29:00.000,14.0504
2025-07-16T21:30:00.000,14.0434
2025-07-16T21:31:00.000,14.0351
2025-07-16T21:32:00.000,14.0268
2025-07-16T21:33:00.000,14.0185
2025-07-16T21:34:00.000,14.0102
2025-07-16T21:35:00.000,13.9991
2025-07-16T21:36:00.000,13.9922
2025-07-16T21:37:00.000,13.9852
2025-07-16T21:38:00.000,13.9783
2025-07-16T21:39:00.000,13.9741
2025-07-16T21:40:00.000,13.9700
2025-07-16T21:41:00.000,13.9658
2025-07-16T21:42:00.000,13.9617
2025-07-16T21:43:00.000,13.9589
2025-07-16T21:44:00.000,13.9561
2025-07-16T21:45:00.000,13.9534
2025-07-16T21:46:00.000,13.9520
2025-07-16T21:47:00.000,13.9492
2025-07-16T21:48:00.000,13.9464
2025-07-16T21:49:00.000,13.9450
2025-07-16T21:50:00.000,13.9464
2025-07-16T21:51:00.000,13.9547
2025-07-16T21:52:00.000,13.9575
2025-07-16T21:53:00.000,13.9589
2025-07-16T21:54:00.000,13.9589
2025-07-16T21:55:00.000,13.9617
2025-07-16T21:56:00.000,13.9631
2025-07-16T21:57:00.000,13.9644
2025-07-16T21:58:00.000,13.9644
2025-07-16T21:59:00.000,13.9672
2025-07-16T22:00:00.000,13.9686
2025-07-16T22:01:00.000,13.9686
2025-07-16T22:02:00.000,13.9644
2025-07-16T22:03:00.000,13.9589
2025-07-16T22:04:00.000,13.9492
2025-07-16T22:05:00.000,13.9381
2025-07-16T22:06:00.000,13.9270
2025-07-16T22:07:00.000,13.9159
2025-07-16T22:08:00.000,13.9132
2025-07-16T22:09:00.000,13.9104
2025-07-16T22:10:00.000,13.9090
2025-07-16T22:11:00.000,13.9090
2025-07-16T22:12:00.000,13.9145
2025-07-16T22:13:00.000,13.9201
2025-07-16T22:14:00.000,13.9312
2025-07-16T22:15:00.000,13.9409
2025-07-16T22:16:00.000,13.9520
2025-07-16T22:17:00.000,13.9644
2025-07-16T22:18:00.000,13.9797
2025-07-16T22:19:00.000,13.9949
2025-07-16T22:20:00.000,14.0074
2025-07-16T22:21:00.000,14.0185
2025-07-16T22:22:00.000,14.0282
2025-07-16T22:23:00.000,14.0393
2025-07-16T22:24:00.000,14.0476
2025-07-16T22:25:00.000,14.0601
2025-07-16T22:26:00.000,14.0670
2025-07-16T22:27:00.000,14.0794
2025-07-16T22:28:00.000,14.0947
2025-07-16T22:29:00.000,14.1085
2025-07-16T22:30:00.000,14.1238
2025-07-16T22:31:00.000,14.1362
2025-07-16T22:32:00.000,14.1501
2025-07-16T22:33:00.000,14.1612
2025-07-16T22:34:00.000,14.1722
2025-07-16T22:35:00.000,14.1861
2025-07-16T22:36:00.000,14.1930
2025-07-16T22:37:00.000,14.2013
2025-07-16T22:38:00.000,14.2193
2025-07-16T22:39:00.000,14.2318
2025-07-16T22:40:00.000,14.2428
2025-07-16T22:41:00.000,14.2497
2025-07-16T22:42:00.000,14.2677
2025-07-16T22:43:00.000,14.2816
2025-07-16T22:44:00.000,14.2913
2025-07-16T22:45:00.000,14.3009
2025-07-16T22:46:00.000,14.3092
2025-07-16T22:47:00.000,14.3162
2025-07-16T22:48:00.000,14.3272
2025-07-16T22:49:00.000,14.3411
2025-07-16T22:50:00.000,14.3494
2025-07-16T22:51:00.000,14.3577
2025-07-16T22:52:00.000,14.3646
2025-07-16T22:53:00.000,14.3687
2025-07-16T22:54:00.000,14.3729
2025-07-16T22:55:00.000,14.3770
2025-07-16T22:56:00.000,14.3784
2025-07-16T22:57:00.000,14.3798
2025-07-16T22:58:00.000,14.3812
2025-07-16T22:59:00.000,14.3853
2025-07-16T23:00:00.000,14.3853
2025-07-16T23:01:00.000,14.3839
2025-07-16T23:02:00.000,14.3521
2025-07-16T23:03:00.000,14.3079
2025-07-16T23:04:00.000,14.2719
2025-07-16T23:05:00.000,14.2511
2025-07-16T23:06:00.000,14.2331
2025-07-16T23:07:00.000,14.2068
2025-07-16T23:08:00.000,14.1805
2025-07-16T23:09:00.000,14.1805
2025-07-16T23:10:00.000,14.1916
2025-07-16T23:11:00.000,14.1944
2025-07-16T23:12:00.000,14.1875
2025-07-16T23:13:00.000,14.1653
2025-07-16T23:14:00.000,14.1390
2025-07-16T23:15:00.000,14.1404
2025-07-16T23:16:00.000,14.1376
2025-07-16T23:17:00.000,14.1224
2025-07-16T23:18:00.000,14.0975
2025-07-16T23:19:00.000,14.0767
2025-07-16T23:20:00.000,14.0628
2025-07-16T23:21:00.000,14.0448
2025-07-16T23:22:00.000,14.0268
2025-07-16T23:23:00.000,14.0129
2025-07-16T23:24:00.000,14.0019
2025-07-16T23:25:00.000,13.9935
2025-07-16T23:26:00.000,13.9852
2025-07-16T23:27:00.000,13.9838
2025-07-16T23:28:00.000,13.9894
2025-07-16T23:29:00.000,14.0060
2025-07-16T23:30:00.000,14.0351
2025-07-16T23:31:00.000,14.0642
2025-07-16T23:32:00.000,14.1016
2025-07-16T23:33:00.000,14.1487
2025-07-16T23:34:00.000,14.1944
2025-07-16T23:35:00.000,14.2262
2025-07-16T23:36:00.000,14.2511
2025-07-16T23:37:00.000,14.2691
2025-07-16T23:38:00.000,14.2816
2025-07-16T23:39:00.000,14.2913
2025-07-16T23:40:00.000,14.3023
2025-07-16T23:41:00.000,14.3162
2025-07-16T23:42:00.000,14.3300
2025-07-16T23:43:00.000,14.3494
2025-07-16T23:44:00.000,14.3715
2025-07-16T23:45:00.000,14.3964
2025-07-16T23:46:00.000,14.4296
2025-07-16T23:47:00.000,14.4627
2025-07-16T23:48:00.000,14.5056
2025-07-16T23:49:00.000,14.5692
2025-07-16T23:50:00.000,14.6562
2025-07-16T23:51:00.000,14.7473
2025-07-16T23:52:00.000,14.8357
2025-07-16T23:53:00.000,14.9157
2025-07-16T23:54:00.000,15.0012
2025-07-16T23:55:00.000,15.1060
2025-07-16T23:56:00.000,15.2080
2025-07-16T23:57:00.000,15.3430
2025-07-16T23:58:00.000,15.4779
2025-07-16T23:59:00.000,15.6361
2025-07-17T00:00:00.000,15.7846
2025-07-17T00:01:00.000,15.9207
2025-07-17T00:02:00.000,16.0141
2025-07-17T00:03:00.000,16.1048
2025-07-17T00:04:00.000,16.2009
2025-07-17T00:05:00.000,16.2929
2025-07-17T00:06:00.000,16.4136
2025-07-17T00:07:00.000,16.5247
2025-07-17T00:08:00.000,16.6125
2025-07-17T00:09:00.000,16.6729
2025-07-17T00:10:00.000,16.6907
2025-07-17T00:11:00.000,16.7291
2025-07-17T00:12:00.000,16.7921
2025-07-17T00:13:00.000,16.7990
2025-07-17T00:14:00.000,16.8278
2025-07-17T00:15:00.000,16.8442
2025-07-17T00:16:00.000,16.8648
2025-07-17T00:17:00.000,16.9086
2025-07-17T00:18:00.000,16.9415
2025-07-17T00:19:00.000,16.9456
2025-07-17T00:20:00.000,16.8922
2025-07-17T00:21:00.000,16.8538
2025-07-17T00:22:00.000,16.8141
2025-07-17T00:23:00.000,16.8319
2025-07-17T00:24:00.000,16.8113
2025-07-17T00:25:00.000,16.7839
2025-07-17T00:26:00.000,16.6372
2025-07-17T00:27:00.000,16.5028
2025-07-17T00:28:00.000,16.3217
2025-07-17T00:29:00.000,16.1638
2025-07-17T00:30:00.000,16.0251
2025-07-17T00:31:00.000,15.9001
2025-07-17T00:32:00.000,15.8025
2025-07-17T00:33:00.000,15.7324
2025-07-17T00:34:00.000,15.7049
2025-07-17T00:35:00.000,15.6939
2025-07-17T00:36:00.000,15.8094
2025-07-17T00:37:00.000,16.0114
2025-07-17T00:38:00.000,16.1885
2025-07-17T00:39:00.000,16.3697
2025-07-17T00:40:00.000,16.5892
2025-07-17T00:41:00.000,16.7839
2025-07-17T00:42:00.000,16.9580
2025-07-17T00:43:00.000,17.0758
2025-07-17T00:44:00.000,17.1867
2025-07-17T00:45:00.000,17.2839
2025-07-17T00:46:00.000,17.3702
2025-07-17T00:47:00.000,17.4414
2025-07-17T00:48:00.000,17.4961
2025-07-17T00:49:00.000,17.5358
2025-07-17T00:50:00.000,17.5673
2025-07-17T00:51:00.000,17.5974
2025-07-17T00:52:00.000,17.6234
2025-07-17T00:53:00.000,17.6412
2025-07-17T00:54:00.000,17.6522
2025-07-17T00:55:00.000,17.6604
2025-07-17T00:56:00.000,17.6631
2025-07-17T00:57:00.000,17.6617
2025-07-17T00:58:00.000,17.6686
2025-07-17T00:59:00.000,17.6658
2025-07-17T01:00:00.000,17.6617
2025-07-17T01:01:00.000,17.6563
2025-07-17T01:02:00.000,17.6535
2025-07-17T01:03:00.000,17.6535
2025-07-17T01:04:00.000,17.6494
2025-07-17T01:05:00.000,17.6481
2025-07-17T01:06:00.000,17.6439
2025-07-17T01:07:00.000,17.6398
2025-07-17T01:08:00.000,17.6357
2025-07-17T01:09:00.000,17.6316
2025-07-17T01:10:00.000,17.6316
2025-07-17T01:11:00.000,17.6303
2025-07-17T01:12:00.000,17.6275
2025-07-17T01:13:00.000,17.6234
2025-07-17T01:14:00.000,17.6207
2025-07-17T01:15:00.000,17.6207
2025-07-17T01:16:00.000,17.6152
2025-07-17T01:17:00.000,17.6084
2025-07-17T01:18:00.000,17.5988
2025-07-17T01:19:00.000,17.5892
2025-07-17T01:20:00.000,17.5783
2025-07-17T01:21:00.000,17.5700
2025-07-17T01:22:00.000,17.5646
2025-07-17T01:23:00.000,17.5591
2025-07-17T01:24:00.000,17.5536
2025-07-17T01:25:00.000,17.5468
2025-07-17T01:26:00.000,17.5386
2025-07-17T01:27:00.000,17.5317
2025-07-17T01:28:00.000,17.5208
2025-07-17T01:29:00.000,17.5112
2025-07-17T01:30:00.000,17.5030
2025-07-17T01:31:00.000,17.4961
2025-07-17T01:32:00.000,17.4948
2025-07-17T01:33:00.000,17.4893
2025-07-17T01:34:00.000,17.4879
2025-07-17T01:35:00.000,17.4907
2025-07-17T01:36:00.000,17.4907
2025-07-17T01:37:00.000,17.4742
2025-07-17T01:38:00.000,17.4386
2025-07-17T01:39:00.000,17.4167
2025-07-17T01:40:00.000,17.4017
2025-07-17T01:41:00.000,17.3880
2025-07-17T01:42:00.000,17.3592
2025-07-17T01:43:00.000,17.3483
2025-07-17T01:44:00.000,17.3442
2025-07-17T01:45:00.000,17.3373
2025-07-17T01:46:00.000,17.3291
2025-07-17T01:47:00.000,17.3223
2025-07-17T01:48:00.000,17.3127
2025-07-17T01:49:00.000,17.3004
2025-07-17T01:50:00.000,17.2812
2025-07-17T01:51:00.000,17.2675
2025-07-17T01:52:00.000,17.2538
2025-07-17T01:53:00.000,17.2388
2025-07-17T01:54:00.000,17.2251
2025-07-17T01:55:00.000,17.2059
2025-07-17T01:56:00.000,17.1840
2025-07-17T01:57:00.000,17.1634
2025-07-17T01:58:00.000,17.1525
2025-07-17T01:59:00.000,17.1525
2025-07-17T02:00:00.000,17.1484
2025-07-17T02:01:00.000,17.1374
2025-07-17T02:02:00.000,17.1237
2025-07-17T02:03:00.000,17.1018
2025-07-17T02:04:00.000,17.0840
2025-07-17T02:05:00.000,17.0717
2025-07-17T02:06:00.000,17.0758
2025-07-17T02:07:00.000,17.0867
2025-07-17T02:08:00.000,17.0785
2025-07-17T02:09:00.000,17.0703
2025-07-17T02:10:00.000,17.0758
2025-07-17T02:11:00.000,17.0717
2025-07-17T02:12:00.000,17.0840
2025-07-17T02:13:00.000,17.1032
2025-07-17T02:14:00.000,17.1210
2025-07-17T02:15:00.000,17.1319
2025-07-17T02:16:00.000,17.1347
2025-07-17T02:17:00.000,17.1169
2025-07-17T02:18:00.000,17.1059
2025-07-17T02:19:00.000,17.0854
2025-07-17T02:20:00.000,17.0703
2025-07-17T02:21:00.000,17.0771
2025-07-17T02:22:00.000,17.0744
2025-07-17T02:23:00.000,17.0662
2025-07-17T02:24:00.000,17.0676
2025-07-17T02:25:00.000,17.0662
2025-07-17T02:26:00.000,17.0758
2025-07-17T02:27:00.000,17.0854
2025-07-17T02:28:00.000,17.0936
2025-07-17T02:29:00.000,17.0991
2025-07-17T02:30:00.000,17.0963
2025-07-17T02:31:00.000,17.0908
2025-07-17T02:32:00.000,17.0443
2025-07-17T02:33:00.000,16.9675
2025-07-17T02:34:00.000,16.9045
2025-07-17T02:35:00.000,16.8552
2025-07-17T02:36:00.000,16.8058
2025-07-17T02:37:00.000,16.6989
2025-07-17T02:38:00.000,16.5728
2025-07-17T02:39:00.000,16.4301
2025-07-17T02:40:00.000,16.2764
2025-07-17T02:41:00.000,16.1144
2025-07-17T02:42:00.000,15.9083
2025-07-17T02:43:00.000,15.6897
2025-07-17T02:44:00.000,15.4889
2025-07-17T02:45:00.000,15.2879
2025-07-17T02:46:00.000,15.0977
2025-07-17T02:47:00.000,14.9033
2025-07-17T02:48:00.000,14.7128
2025-07-17T02:49:00.000,14.5540
2025-07-17T02:50:00.000,14.4144
2025-07-17T02:51:00.000,14.3051
2025-07-17T02:52:00.000,14.2234
2025-07-17T02:53:00.000,14.1598
2025-07-17T02:54:00.000,14.1127
2025-07-17T02:55:00.000,14.0753
2025-07-17T02:56:00.000,14.0310
2025-07-17T02:57:00.000,13.9880
2025-07-17T02:58:00.000,13.9437
2025-07-17T02:59:00.000,13.9173
2025-07-17T03:00:00.000,13.8896
2025-07-17T03:01:00.000,13.8619
2025-07-17T03:02:00.000,13.8355
2025-07-17T03:03:00.000,13.7967
2025-07-17T03:04:00.000,13.7203
2025-07-17T03:05:00.000,13.6620
2025-07-17T03:06:00.000,13.6204
2025-07-17T03:07:00.000,13.6037
2025-07-17T03:08:00.000,13.5871
2025-07-17T03:09:00.000,13.5843
2025-07-17T03:10:00.000,13.6037
2025-07-17T03:11:00.000,13.6121
2025-07-17T03:12:00.000,13.6065
2025-07-17T03:13:00.000,13.5898
2025-07-17T03:14:00.000,13.5884
2025-07-17T03:15:00.000,13.5718
2025-07-17T03:16:00.000,13.5579
2025-07-17T03:17:00.000,13.5329
2025-07-17T03:18:00.000,13.5621
2025-07-17T03:19:00.000,13.6023
2025-07-17T03:20:00.000,13.5982
2025-07-17T03:21:00.000,13.5815
2025-07-17T03:22:00.000,13.5579
2025-07-17T03:23:00.000,13.5426
2025-07-17T03:24:00.000,13.5315
2025-07-17T03:25:00.000,13.5120
2025-07-17T03:26:00.000,13.4968
2025-07-17T03:27:00.000,13.4717
2025-07-17T03:28:00.000,13.4717
2025-07-17T03:29:00.000,13.4592
2025-07-17T03:30:00.000,13.4273
2025-07-17T03:31:00.000,13.4161
2025-07-17T03:32:00.000,13.3939
2025-07-17T03:33:00.000,13.3661
2025-07-17T03:34:00.000,13.3299
2025-07-17T03:35:00.000,13.2798
2025-07-17T03:36:00.000,13.2395
2025-07-17T03:37:00.000,13.2047
2025-07-17T03:38:00.000,13.1587
2025-07-17T03:39:00.000,13.1197
2025-07-17T03:40:00.000,13.0988
2025-07-17T03:41:00.000,13.0807
2025-07-17T03:42:00.000,13.0640
2025-07-17T03:43:00.000,13.0487
2025-07-17T03:44:00.000,13.0542
2025-07-17T03:45:00.000,13.0598
2025-07-17T03:46:00.000,13.0626
2025-07-17T03:47:00.000,13.0598
2025-07-17T03:48:00.000,13.0640
2025-07-17T03:49:00.000,13.0696
2025-07-17T03:50:00.000,13.0556
2025-07-17T03:51:00.000,13.0417
2025-07-17T03:52:00.000,13.0278
2025-07-17T03:53:00.000,13.0166
2025-07-17T03:54:00.000,13.0180
2025-07-17T03:55:00.000,13.0152
2025-07-17T03:56:00.000,13.0264
2025-07-17T03:57:00.000,13.0110
2025-07-17T03:58:00.000,13.0138
2025-07-17T03:59:00.000,13.0459
2025-07-17T04:00:00.000,13.0723
2025-07-17T04:01:00.000,13.0946
2025-07-17T04:02:00.000,13.0849
2025-07-17T04:03:00.000,13.0765
2025-07-17T04:04:00.000,13.0556
2025-07-17T04:05:00.000,13.0347
2025-07-17T04:06:00.000,12.9999
2025-07-17T04:07:00.000,12.9608
2025-07-17T04:08:00.000,12.9357
2025-07-17T04:09:00.000,12.9302
2025-07-17T04:10:00.000,12.9232
2025-07-17T04:11:00.000,12.8772
2025-07-17T04:12:00.000,12.8227
2025-07-17T04:13:00.000,12.7627
2025-07-17T04:14:00.000,12.7124
2025-07-17T04:15:00.000,12.6691
2025-07-17T04:16:00.000,12.6230
2025-07-17T04:17:00.000,12.5769
2025-07-17T04:18:00.000,12.5419
2025-07-17T04:19:00.000,12.5419
2025-07-17T04:20:00.000,12.5308
2025-07-17T04:21:00.000,12.5196
2025-07-17T04:22:00.000,12.5182
2025-07-17T04:23:00.000,12.5210
2025-07-17T04:24:00.000,12.5405
2025-07-17T04:25:00.000,12.5489
2025-07-17T04:26:00.000,12.5685
2025-07-17T04:27:00.000,12.5895
2025-07-17T04:28:00.000,12.6090
2025-07-17T04:29:00.000,12.5783
2025-07-17T04:30:00.000,12.5336
2025-07-17T04:31:00.000,12.5140
2025-07-17T04:32:00.000,12.4720
2025-07-17T04:33:00.000,12.4454
2025-07-17T04:34:00.000,12.4454
2025-07-17T04:35:00.000,12.4566
2025-07-17T04:36:00.000,12.4664
2025-07-17T04:37:00.000,12.4874
2025-07-17T04:38:00.000,12.5028
2025-07-17T04:39:00.000,12.5308
2025-07-17T04:40:00.000,12.5517
2025-07-17T04:41:00.000,12.5475
2025-07-17T04:42:00.000,12.5000
2025-07-17T04:43:00.000,12.4482
2025-07-17T04:44:00.000,12.4160
2025-07-17T04:45:00.000,12.3782
2025-07-17T04:46:00.000,12.3376
2025-07-17T04:47:00.000,12.3306
2025-07-17T04:48:00.000,12.3208
2025-07-17T04:49:00.000,12.3040
2025-07-17T04:50:00.000,12.2732
2025-07-17T04:51:00.000,12.2354
2025-07-17T04:52:00.000,12.2200
2025-07-17T04:53:00.000,12.2073
2025-07-17T04:54:00.000,12.2045
2025-07-17T04:55:00.000,12.2003
2025-07-17T04:56:00.000,12.2031
2025-07-17T04:57:00.000,12.2116
2025-07-17T04:58:00.000,12.2256
2025-07-17T04:59:00.000,12.2242
2025-07-17T05:00:00.000,12.2284
2025-07-17T05:01:00.000,12.2410
2025-07-17T05:02:00.000,12.2424
2025-07-17T05:03:00.000,12.2424
2025-07-17T05:04:00.000,12.2620
2025-07-17T05:05:00.000,12.2788
2025-07-17T05:06:00.000,12.2732
2025-07-17T05:07:00.000,12.2592
2025-07-17T05:08:00.000,12.2494
2025-07-17T05:09:00.000,12.2354
2025-07-17T05:10:00.000,12.2003
2025-07-17T05:11:00.000,12.1709
2025-07-17T05:12:00.000,12.1583
2025-07-17T05:13:00.000,12.1905
2025-07-17T05:14:00.000,12.2284
2025-07-17T05:15:00.000,12.2620
2025-07-17T05:16:00.000,12.2634
2025-07-17T05:17:00.000,12.2620
2025-07-17T05:18:00.000,12.3306
2025-07-17T05:19:00.000,12.3824
2025-07-17T05:20:00.000,12.4188
2025-07-17T05:21:00.000,12.4538
2025-07-17T05:22:00.000,12.5042
2025-07-17T05:23:00.000,12.5629
2025-07-17T05:24:00.000,12.6090
2025-07-17T05:25:00.000,12.6174
2025-07-17T05:26:00.000,12.5951
2025-07-17T05:27:00.000,12.5783
2025-07-17T05:28:00.000,12.5727
2025-07-17T05:29:00.000,12.5769
2025-07-17T05:30:00.000,12.5629
2025-07-17T05:31:00.000,12.5377
2025-07-17T05:32:00.000,12.5224
2025-07-17T05:33:00.000,12.5154
2025-07-17T05:34:00.000,12.5042
2025-07-17T05:35:00.000,12.4986
2025-07-17T05:36:00.000,12.4888
2025-07-17T05:37:00.000,12.4650
2025-07-17T05:38:00.000,12.4216
2025-07-17T05:39:00.000,12.3936
2025-07-17T05:40:00.000,12.3628
2025-07-17T05:41:00.000,12.3278
2025-07-17T05:42:00.000,12.3278
2025-07-17T05:43:00.000,12.3460
2025-07-17T05:44:00.000,12.3642
2025-07-17T05:45:00.000,12.3684
2025-07-17T05:46:00.000,12.3866
2025-07-17T05:47:00.000,12.4104
2025-07-17T05:48:00.000,12.4230
2025-07-17T05:49:00.000,12.4216
2025-07-17T05:50:00.000,12.4062
2025-07-17T05:51:00.000,12.3978
2025-07-17T05:52:00.000,12.3992
2025-07-17T05:53:00.000,12.3992
2025-07-17T05:54:00.000,12.3894
2025-07-17T05:55:00.000,12.3754
2025-07-17T05:56:00.000,12.3754
2025-07-17T05:57:00.000,12.3908
2025-07-17T05:58:00.000,12.4062
2025-07-17T05:59:00.000,12.4202
2025-07-17T06:00:00.000,12.4468
2025-07-17T06:01:00.000,12.4818
2025-07-17T06:02:00.000,12.5084
2025-07-17T06:03:00.000,12.5112
2025-07-17T06:04:00.000,12.5168
2025-07-17T06:05:00.000,12.5266
2025-07-17T06:06:00.000,12.5308
2025-07-17T06:07:00.000,12.5363
2025-07-17T06:08:00.000,12.5573
2025-07-17T06:09:00.000,12.5755
2025-07-17T06:10:00.000,12.5867
2025-07-17T06:11:00.000,12.5979
2025-07-17T06:12:00.000,12.6076
2025-07-17T06:13:00.000,12.6160
2025-07-17T06:14:00.000,12.6384
2025-07-17T06:15:00.000,12.6608
2025-07-17T06:16:00.000,12.6817
2025-07-17T06:17:00.000,12.6985
2025-07-17T06:18:00.000,12.7152
2025-07-17T06:19:00.000,12.7376
2025-07-17T06:20:00.000,12.7613
2025-07-17T06:21:00.000,12.7934
2025-07-17T06:22:00.000,12.8227
2025-07-17T06:23:00.000,12.8702
2025-07-17T06:24:00.000,12.9525
2025-07-17T06:25:00.000,13.0417
2025-07-17T06:26:00.000,13.1239
2025-07-17T06:27:00.000,13.2562
2025-07-17T06:28:00.000,13.4412
2025-07-17T06:29:00.000,13.7231
2025-07-17T06:30:00.000,14.2234
2025-07-17T06:31:00.000,14.8605
2025-07-17T06:32:00.000,15.5412
2025-07-17T06:33:00.000,16.1171
2025-07-17T06:34:00.000,16.5577
2025-07-17T06:35:00.000,16.9360
2025-07-17T06:36:00.000,17.2401
2025-07-17T06:37:00.000,17.4756
2025-07-17T06:38:00.000,17.6303
2025-07-17T06:39:00.000,17.6412
2025-07-17T06:40:00.000,17.5345
2025-07-17T06:41:00.000,17.5221
2025-07-17T06:42:00.000,17.8136
2025-07-17T06:43:00.000,18.3634
2025-07-17T06:44:00.000,18.9048
2025-07-17T06:45:00.000,19.3887
2025-07-17T06:46:00.000,19.8330
2025-07-17T06:47:00.000,20.1489
2025-07-17T06:48:00.000,20.3897
2025-07-17T06:49:00.000,20.5388
2025-07-17T06:50:00.000,20.5402
2025-07-17T06:51:00.000,20.4362
2025-07-17T06:52:00.000,20.3678
2025-07-17T06:53:00.000,20.3309
2025-07-17T06:54:00.000,20.2515
2025-07-17T06:55:00.000,20.2310
2025-07-17T06:56:00.000,20.2939
2025-07-17T06:57:00.000,20.3637
2025-07-17T06:58:00.000,20.4827
2025-07-17T06:59:00.000,20.5388
2025-07-17T07:00:00.000,20.5552
2025-07-17T07:01:00.000,20.5662
2025-07-17T07:02:00.000,20.5936
2025-07-17T07:03:00.000,20.6825
2025-07-17T07:04:00.000,20.8372
2025-07-17T07:05:00.000,21.0604
2025-07-17T07:06:00.000,21.3756
2025-07-17T07:07:00.000,21.7033
2025-07-17T07:08:00.000,21.9201
2025-07-17T07:09:00.000,21.9489
2025-07-17T07:10:00.000,21.9118
2025-07-17T07:11:00.000,21.9599
2025-07-17T07:12:00.000,22.0985
2025-07-17T07:13:00.000,22.3719
2025-07-17T07:14:00.000,22.7213
2025-07-17T07:15:00.000,23.0063
2025-07-17T07:16:00.000,23.2641
2025-07-17T07:17:00.000,23.4765
2025-07-17T07:18:00.000,23.6934
2025-07-17T07:19:00.000,23.7777
2025-07-17T07:20:00.000,23.8537
2025-07-17T07:21:00.000,23.9754
2025-07-17T07:22:00.000,24.1332
2025-07-17T07:23:00.000,24.2814
2025-07-17T07:24:00.000,24.3965
2025-07-17T07:25:00.000,24.5213
2025-07-17T07:26:00.000,24.7309
2025-07-17T07:27:00.000,24.9200
2025-07-17T07:28:00.000,25.0688
2025-07-17T07:29:00.000,25.3000
2025-07-17T07:30:00.000,25.6069
2025-07-17T07:31:00.000,25.8809
2025-07-17T07:32:00.000,26.0769
2025-07-17T07:33:00.000,26.2086
2025-07-17T07:34:00.000,26.2970
2025-07-17T07:35:00.000,26.3405
2025-07-17T07:36:00.000,26.3728
2025-07-17T07:37:00.000,25.6153
2025-07-17T07:38:00.000,25.0396
2025-07-17T07:39:00.000,24.5657
2025-07-17T07:40:00.000,24.1941
2025-07-17T07:41:00.000,23.8219
2025-07-17T07:42:00.000,23.5083
2025-07-17T07:43:00.000,23.2282
2025-07-17T07:44:00.000,22.9484
2025-07-17T07:45:00.000,22.5796
2025-07-17T07:46:00.000,22.1315
2025-07-17T07:47:00.000,21.6443
2025-07-17T07:48:00.000,21.1330
2025-07-17T07:49:00.000,20.5443
2025-07-17T07:50:00.000,19.9534
2025-07-17T07:51:00.000,19.2903
2025-07-17T07:52:00.000,18.5972
2025-07-17T07:53:00.000,17.9737
2025-07-17T07:54:00.000,17.4701
2025-07-17T07:55:00.000,17.0333
2025-07-17T07:56:00.000,16.6948
2025-07-17T07:57:00.000,16.4301
2025-07-17T07:58:00.000,16.2311
2025-07-17T07:59:00.000,16.0608
2025-07-17T08:00:00.000,15.8863
2025-07-17T08:01:00.000,15.7282
2025-07-17T08:02:00.000,15.5797
2025-07-17T08:03:00.000,15.4751
2025-07-17T08:04:00.000,15.4407
2025-07-17T08:05:00.000,15.4325
2025-07-17T08:06:00.000,15.3925
2025-07-17T08:07:00.000,15.3195
2025-07-17T08:08:00.000,15.2824
2025-07-17T08:09:00.000,15.3140
2025-07-17T08:10:00.000,15.4077
2025-07-17T08:11:00.000,15.5233
2025-07-17T08:12:00.000,15.6210
2025-07-17T08:13:00.000,15.6774
2025-07-17T08:14:00.000,15.6884
2025-07-17T08:15:00.000,15.6650
2025-07-17T08:16:00.000,15.5866
2025-07-17T08:17:00.000,15.4792
2025-07-17T08:18:00.000,15.4366
2025-07-17T08:19:00.000,15.4173
2025-07-17T08:20:00.000,15.4132
2025-07-17T08:21:00.000,15.3898
2025-07-17T08:22:00.000,15.4035
2025-07-17T08:23:00.000,15.4366
2025-07-17T08:24:00.000,15.4710
2025-07-17T08:25:00.000,15.5040
2025-07-17T08:26:00.000,15.5632
2025-07-17T08:27:00.000,15.5935
2025-07-17T08:28:00.000,15.6416
2025-07-17T08:29:00.000,15.6815
2025-07-17T08:30:00.000,15.7282
2025-07-17T08:31:00.000,15.7585
2025-07-17T08:32:00.000,15.7819
2025-07-17T08:33:00.000,15.7929
2025-07-17T08:34:00.000,15.8066
2025-07-17T08:35:00.000,15.8162
2025-07-17T08:36:00.000,15.8149
2025-07-17T08:37:00.000,15.8341
2025-07-17T08:38:00.000,15.8575
2025-07-17T08:39:00.000,15.8602
2025-07-17T08:40:00.000,15.8753
2025-07-17T08:41:00.000,15.9001
2025-07-17T08:42:00.000,15.9152
2025-07-17T08:43:00.000,15.9386
2025-07-17T08:44:00.000,15.9729
2025-07-17T08:45:00.000,16.0073
2025-07-17T08:46:00.000,16.0306
2025-07-17T08:47:00.000,16.0485
2025-07-17T08:48:00.000,16.0732
2025-07-17T08:49:00.000,16.1007
2025-07-17T08:50:00.000,16.1130
2025-07-17T08:51:00.000,16.1061
2025-07-17T08:52:00.000,16.1089
2025-07-17T08:53:00.000,16.1213
2025-07-17T08:54:00.000,16.1295
2025-07-17T08:55:00.000,16.1487
2025-07-17T08:56:00.000,16.1679
2025-07-17T08:57:00.000,16.1693
2025-07-17T08:58:00.000,16.1391
2025-07-17T08:59:00.000,16.1226
2025-07-17T09:00:00.000,16.1103
2025-07-17T09:01:00.000,16.1103
2025-07-17T09:02:00.000,16.1267
2025-07-17T09:03:00.000,16.1364
2025-07-17T09:04:00.000,16.1322
2025-07-17T09:05:00.000,16.1377
2025-07-17T09:06:00.000,16.1501
2025-07-17T09:07:00.000,16.1679
2025-07-17T09:08:00.000,16.1817
2025-07-17T09:09:00.000,16.1954
2025-07-17T09:10:00.000,16.2146
2025-07-17T09:11:00.000,16.2338
2025-07-17T09:12:00.000,16.2572
2025-07-17T09:13:00.000,16.2791
2025-07-17T09:14:00.000,16.2970
2025-07-17T09:15:00.000,16.3162
2025-07-17T09:16:00.000,16.3327
2025-07-17T09:17:00.000,16.3478
2025-07-17T09:18:00.000,16.3615
2025-07-17T09:19:00.000,16.3642
2025-07-17T09:20:00.000,16.3697
2025-07-17T09:21:00.000,16.3670
2025-07-17T09:22:00.000,16.3711
2025-07-17T09:23:00.000,16.3780
2025-07-17T09:24:00.000,16.3930
2025-07-17T09:25:00.000,16.4081
2025-07-17T09:26:00.000,16.4260
2025-07-17T09:27:00.000,16.4424
2025-07-17T09:28:00.000,16.4644
2025-07-17T09:29:00.000,16.4795
2025-07-17T09:30:00.000,16.4932
2025-07-17T09:31:00.000,16.5069
2025-07-17T09:32:00.000,16.5179
2025-07-17T09:33:00.000,16.5275
2025-07-17T09:34:00.000,16.5440
2025-07-17T09:35:00.000,16.5618
2025-07-17T09:36:00.000,16.5796
2025-07-17T09:37:00.000,16.5824
2025-07-17T09:38:00.000,16.5796
2025-07-17T09:39:00.000,16.5933
2025-07-17T09:40:00.000,16.6084
2025-07-17T09:41:00.000,16.6221
2025-07-17T09:42:00.000,16.6345
2025-07-17T09:43:00.000,16.6304
2025-07-17T09:44:00.000,16.6290
2025-07-17T09:45:00.000,16.6372
2025-07-17T09:46:00.000,16.6550
2025-07-17T09:47:00.000,16.6742
2025-07-17T09:48:00.000,16.6907
2025-07-17T09:49:00.000,16.7058
2025-07-17T09:50:00.000,16.7400
2025-07-17T09:51:00.000,16.7565
2025-07-17T09:52:00.000,16.7606
2025-07-17T09:53:00.000,16.7633
2025-07-17T09:54:00.000,16.7743
2025-07-17T09:55:00.000,16.7921
2025-07-17T09:56:00.000,16.8127
2025-07-17T09:57:00.000,16.8223
2025-07-17T09:58:00.000,16.8223
2025-07-17T09:59:00.000,16.8195
2025-07-17T10:00:00.000,16.8291
2025-07-17T10:01:00.000,16.8401
2025-07-17T10:02:00.000,16.8428
2025-07-17T10:03:00.000,16.8470
2025-07-17T10:04:00.000,16.8497
2025-07-17T10:05:00.000,16.8620
2025-07-17T10:06:00.000,16.8757
2025-07-17T10:07:00.000,16.8867
2025-07-17T10:08:00.000,16.8935
2025-07-17T10:09:00.000,16.8977
2025-07-17T10:10:00.000,16.9086
2025-07-17T10:11:00.000,16.9196
2025-07-17T10:12:00.000,16.9251
2025-07-17T10:13:00.000,16.9305
2025-07-17T10:14:00.000,16.9360
2025-07-17T10:15:00.000,16.9415
2025-07-17T10:16:00.000,16.9497
2025-07-17T10:17:00.000,16.9552
2025-07-17T10:18:00.000,16.9621
2025-07-17T10:19:00.000,16.9675
2025-07-17T10:20:00.000,16.9826
2025-07-17T10:21:00.000,16.9881
2025-07-17T10:22:00.000,16.9908
2025-07-17T10:23:00.000,16.9936
2025-07-17T10:24:00.000,16.9977
2025-07-17T10:25:00.000,17.0045
2025-07-17T10:26:00.000,17.0086
2025-07-17T10:27:00.000,17.0114
2025-07-17T10:28:00.000,17.0182
2025-07-17T10:29:00.000,17.0210
2025-07-17T10:30:00.000,17.0265
2025-07-17T10:31:00.000,17.0306
2025-07-17T10:32:00.000,17.0360
2025-07-17T10:33:00.000,17.0443
2025-07-17T10:34:00.000,17.0539
2025-07-17T10:35:00.000,17.0662
2025-07-17T10:36:00.000,17.0854
2025-07-17T10:37:00.000,17.1141
2025-07-17T10:38:00.000,17.1484
2025-07-17T10:39:00.000,17.1675
2025-07-17T10:40:00.000,17.1922
2025-07-17T10:41:00.000,17.2127
2025-07-17T10:42:00.000,17.2319
2025-07-17T10:43:00.000,17.2511
2025-07-17T10:44:00.000,17.2648
2025-07-17T10:45:00.000,17.2675
2025-07-17T10:46:00.000,17.2716
2025-07-17T10:47:00.000,17.2798
2025-07-17T10:48:00.000,17.2922
2025-07-17T10:49:00.000,17.3004
2025-07-17T10:50:00.000,17.3195
2025-07-17T10:51:00.000,17.3332
2025-07-17T10:52:00.000,17.3442
2025-07-17T10:53:00.000,17.3524
2025-07-17T10:54:00.000,17.3606
2025-07-17T10:55:00.000,17.3592
2025-07-17T10:56:00.000,17.3497
2025-07-17T10:57:00.000,17.3524
2025-07-17T10:58:00.000,17.3524
2025-07-17T10:59:00.000,17.3524
2025-07-17T11:00:00.000,17.3483
2025-07-17T11:01:00.000,17.3483
2025-07-17T11:02:00.000,17.3579
2025-07-17T11:03:00.000,17.3743
2025-07-17T11:04:00.000,17.3770
2025-07-17T11:05:00.000,17.3729
2025-07-17T11:06:00.000,17.3675
2025-07-17T11:07:00.000,17.3592
2025-07-17T11:08:00.000,17.3565
2025-07-17T11:09:00.000,17.3565
2025-07-17T11:10:00.000,17.3592
2025-07-17T11:11:00.000,17.3702
2025-07-17T11:12:00.000,17.3716
2025-07-17T11:13:00.000,17.3770
2025-07-17T11:14:00.000,17.3839
2025-07-17T11:15:00.000,17.3921
2025-07-17T11:16:00.000,17.4031
2025-07-17T11:17:00.000,17.4209
2025-07-17T11:18:00.000,17.4386
2025-07-17T11:19:00.000,17.4496
2025-07-17T11:20:00.000,17.4578
2025-07-17T11:21:00.000,17.4647
2025-07-17T11:22:00.000,17.4688
2025-07-17T11:23:00.000,17.4742
2025-07-17T11:24:00.000,17.4811
2025-07-17T11:25:00.000,17.4893
2025-07-17T11:26:00.000,17.5002
2025-07-17T11:27:00.000,17.5071
2025-07-17T11:28:00.000,17.5208
2025-07-17T11:29:00.000,17.5317
2025-07-17T11:30:00.000,17.5399
2025-07-17T11:31:00.000,17.5536
2025-07-17T11:32:00.000,17.5700
2025-07-17T11:33:00.000,17.5837
2025-07-17T11:34:00.000,17.5988
2025-07-17T11:35:00.000,17.6070
2025-07-17T11:36:00.000,17.6152
2025-07-17T11:37:00.000,17.6316
2025-07-17T11:38:00.000,17.6439
2025-07-17T11:39:00.000,17.6549
2025-07-17T11:40:00.000,17.6686
2025-07-17T11:41:00.000,17.6809
2025-07-17T11:42:00.000,17.6946
2025-07-17T11:43:00.000,17.7096
2025-07-17T11:44:00.000,17.7274
2025-07-17T11:45:00.000,17.7479
2025-07-17T11:46:00.000,17.7657
2025-07-17T11:47:00.000,17.7808
2025-07-17T11:48:00.000,17.7999
2025-07-17T11:49:00.000,17.8163
2025-07-17T11:50:00.000,17.8314
2025-07-17T11:51:00.000,17.8464
2025-07-17T11:52:00.000,17.8615
2025-07-17T11:53:00.000,17.8752
2025-07-17T11:54:00.000,17.8820
2025-07-17T11:55:00.000,17.8943
2025-07-17T11:56:00.000,17.9025
2025-07-17T11:57:00.000,17.9053
2025-07-17T11:58:00.000,17.9121
2025-07-17T11:59:00.000,17.9203
2025-07-17T12:00:00.000,17.9340
2025-07-17T12:01:00.000,17.9408
2025-07-17T12:02:00.000,17.9477
2025-07-17T12:03:00.000,17.9504
2025-07-17T12:04:00.000,17.9531
2025-07-17T12:05:00.000,17.9573
2025-07-17T12:06:00.000,17.9586
2025-07-17T12:07:00.000,17.9614
2025-07-17T12:08:00.000,17.9668
2025-07-17T12:09:00.000,17.9737
2025-07-17T12:10:00.000,17.9832
2025-07-17T12:11:00.000,17.9955
2025-07-17T12:12:00.000,18.0106
2025-07-17T12:13:00.000,18.0256
2025-07-17T12:14:00.000,18.0434
2025-07-17T12:15:00.000,18.0626
2025-07-17T12:16:00.000,18.0817
2025-07-17T12:17:00.000,18.0927
2025-07-17T12:18:00.000,18.1063
2025-07-17T12:19:00.000,18.1200
2025-07-17T12:20:00.000,18.1282
2025-07-17T12:21:00.000,18.1487
2025-07-17T12:22:00.000,18.1692
2025-07-17T12:23:00.000,18.1816
2025-07-17T12:24:00.000,18.1939
2025-07-17T12:25:00.000,18.2116
2025-07-17T12:26:00.000,18.2335
2025-07-17T12:27:00.000,18.2499
2025-07-17T12:28:00.000,18.2786
2025-07-17T12:29:00.000,18.3019
2025-07-17T12:30:00.000,18.3156
2025-07-17T12:31:00.000,18.3320
2025-07-17T12:32:00.000,18.3579
2025-07-17T12:33:00.000,18.3867
2025-07-17T12:34:00.000,18.4236
2025-07-17T12:35:00.000,18.4947
2025-07-17T12:36:00.000,18.5480
2025-07-17T12:37:00.000,18.5945
2025-07-17T12:38:00.000,18.6177
2025-07-17T12:39:00.000,18.6519
2025-07-17T12:40:00.000,18.6806
2025-07-17T12:41:00.000,18.6984
2025-07-17T12:42:00.000,18.7326
2025-07-17T12:43:00.000,18.7613
2025-07-17T12:44:00.000,18.7845
2025-07-17T12:45:00.000,18.8173
2025-07-17T12:46:00.000,18.8638
2025-07-17T12:47:00.000,18.9062
2025-07-17T12:48:00.000,18.9390
2025-07-17T12:49:00.000,18.9403
2025-07-17T12:50:00.000,18.9362
2025-07-17T12:51:00.000,18.9431
2025-07-17T12:52:00.000,18.9677
2025-07-17T12:53:00.000,18.9991
2025-07-17T12:54:00.000,19.0265
2025-07-17T12:55:00.000,19.0579
2025-07-17T12:56:00.000,19.0893
2025-07-17T12:57:00.000,19.1317
2025-07-17T12:58:00.000,19.1727
2025-07-17T12:59:00.000,19.1823
2025-07-17T13:00:00.000,19.1454
2025-07-17T13:01:00.000,19.1057
2025-07-17T13:02:00.000,19.0743
2025-07-17T13:03:00.000,19.0606
2025-07-17T13:04:00.000,19.1003
2025-07-17T13:05:00.000,19.1672
2025-07-17T13:06:00.000,19.2493
2025-07-17T13:07:00.000,19.3272
2025-07-17T13:08:00.000,19.3914
2025-07-17T13:09:00.000,19.4516
2025-07-17T13:10:00.000,19.4885
2025-07-17T13:11:00.000,19.5240
2025-07-17T13:12:00.000,19.5774
2025-07-17T13:13:00.000,19.6293
2025-07-17T13:14:00.000,19.6690
2025-07-17T13:15:00.000,19.7100
2025-07-17T13:16:00.000,19.7660
2025-07-17T13:17:00.000,19.8152
2025-07-17T13:18:00.000,19.8631
2025-07-17T13:19:00.000,19.9123
2025-07-17T13:20:00.000,19.9602
2025-07-17T13:21:00.000,19.9725
2025-07-17T13:22:00.000,19.9192
2025-07-17T13:23:00.000,19.9260
2025-07-17T13:24:00.000,19.9096
2025-07-17T13:25:00.000,19.9082
2025-07-17T13:26:00.000,19.9315
2025-07-17T13:27:00.000,19.9588
2025-07-17T13:28:00.000,19.9848
2025-07-17T13:29:00.000,20.0108
2025-07-17T13:30:00.000,20.0614
2025-07-17T13:31:00.000,20.0833
2025-07-17T13:32:00.000,20.0942
2025-07-17T13:33:00.000,20.0559
2025-07-17T13:34:00.000,19.9643
2025-07-17T13:35:00.000,19.7961
2025-07-17T13:36:00.000,19.6484
2025-07-17T13:37:00.000,19.5787
2025-07-17T13:38:00.000,19.4789
2025-07-17T13:39:00.000,19.2219
2025-07-17T13:40:00.000,19.1413
2025-07-17T13:41:00.000,19.1481
2025-07-17T13:42:00.000,19.0989
2025-07-17T13:43:00.000,19.0306
2025-07-17T13:44:00.000,18.9513
2025-07-17T13:45:00.000,19.0114
2025-07-17T13:46:00.000,19.1276
2025-07-17T13:47:00.000,19.2493
2025-07-17T13:48:00.000,19.4119
2025-07-17T13:49:00.000,19.5035
2025-07-17T13:50:00.000,19.5500
2025-07-17T13:51:00.000,19.6006
2025-07-17T13:52:00.000,19.6238
2025-07-17T13:53:00.000,19.7113
2025-07-17T13:54:00.000,19.7701
2025-07-17T13:55:00.000,20.0163
2025-07-17T13:56:00.000,20.3952
2025-07-17T13:57:00.000,20.7879
2025-07-17T13:58:00.000,21.1714
2025-07-17T13:59:00.000,21.5099
2025-07-17T14:00:00.000,21.7636
2025-07-17T14:01:00.000,21.9187
2025-07-17T14:02:00.000,22.0010
2025-07-17T14:03:00.000,22.0958
2025-07-17T14:04:00.000,22.1425
2025-07-17T14:05:00.000,22.2070
2025-07-17T14:06:00.000,22.3678
2025-07-17T14:07:00.000,22.4750
2025-07-17T14:08:00.000,22.5067
2025-07-17T14:09:00.000,22.4448
2025-07-17T14:10:00.000,22.3568
2025-07-17T14:11:00.000,22.0450
2025-07-17T14:12:00.000,21.7472
2025-07-17T14:13:00.000,21.7170
2025-07-17T14:14:00.000,21.8130
2025-07-17T14:15:00.000,21.9448
2025-07-17T14:16:00.000,22.0244
2025-07-17T14:17:00.000,22.1906
2025-07-17T14:18:00.000,22.3843
2025-07-17T14:19:00.000,22.5314
2025-07-17T14:20:00.000,22.6470
2025-07-17T14:21:00.000,22.7089
2025-07-17T14:22:00.000,22.7543
2025-07-17T14:23:00.000,22.6387
2025-07-17T14:24:00.000,22.2565
2025-07-17T14:25:00.000,21.9077
2025-07-17T14:26:00.000,21.7430
2025-07-17T14:27:00.000,21.7417
2025-07-17T14:28:00.000,21.8144
2025-07-17T14:29:00.000,21.9722
2025-07-17T14:30:00.000,22.0752
2025-07-17T14:31:00.000,22.2194
2025-07-17T14:32:00.000,22.4352
2025-07-17T14:33:00.000,22.6360
2025-07-17T14:34:00.000,22.7805
2025-07-17T14:35:00.000,22.9002
2025-07-17T14:36:00.000,22.9236
2025-07-17T14:37:00.000,22.8396
2025-07-17T14:38:00.000,22.8204
2025-07-17T14:39:00.000,22.8548
2025-07-17T14:40:00.000,22.9126
2025-07-17T14:41:00.000,22.9512
2025-07-17T14:42:00.000,22.9416
2025-07-17T14:43:00.000,22.8961
2025-07-17T14:44:00.000,22.8961
2025-07-17T14:45:00.000,22.9209
2025-07-17T14:46:00.000,23.0022
2025-07-17T14:47:00.000,23.0655
2025-07-17T14:48:00.000,23.0793
2025-07-17T14:49:00.000,23.0573
2025-07-17T14:50:00.000,22.5452
2025-07-17T14:51:00.000,22.2153
2025-07-17T14:52:00.000,22.0793
2025-07-17T14:53:00.000,22.0930
2025-07-17T14:54:00.000,22.2180
2025-07-17T14:55:00.000,22.2950
2025-07-17T14:56:00.000,21.8926
2025-07-17T14:57:00.000,21.6580
2025-07-17T14:58:00.000,21.6635
2025-07-17T14:59:00.000,21.8020
2025-07-17T15:00:00.000,21.9420
2025-07-17T15:01:00.000,22.0999
2025-07-17T15:02:00.000,22.2881
2025-07-17T15:03:00.000,22.4737
2025-07-17T15:04:00.000,22.6552
2025-07-17T15:05:00.000,22.7983
2025-07-17T15:06:00.000,22.9650
2025-07-17T15:07:00.000,23.1593
2025-07-17T15:08:00.000,23.3220
2025-07-17T15:09:00.000,23.4282
2025-07-17T15:10:00.000,23.5856
2025-07-17T15:11:00.000,23.8177
2025-07-17T15:12:00.000,24.0045
2025-07-17T15:13:00.000,24.1498
2025-07-17T15:14:00.000,24.2981
2025-07-17T15:15:00.000,24.4644
2025-07-17T15:16:00.000,24.5962
2025-07-17T15:17:00.000,24.5241
2025-07-17T15:18:00.000,24.3396
2025-07-17T15:19:00.000,24.1304
2025-07-17T15:20:00.000,24.0640
2025-07-17T15:21:00.000,24.0335
2025-07-17T15:22:00.000,23.9727
2025-07-17T15:23:00.000,23.9422
2025-07-17T15:24:00.000,23.6491
2025-07-17T15:25:00.000,23.0490
2025-07-17T15:26:00.000,22.7323
2025-07-17T15:27:00.000,22.3170
2025-07-17T15:28:00.000,22.1425
2025-07-17T15:29:00.000,22.1219
2025-07-17T15:30:00.000,22.2538
2025-07-17T15:31:00.000,22.5328
2025-07-17T15:32:00.000,22.9057
2025-07-17T15:33:00.000,23.2516
2025-07-17T15:34:00.000,23.5497
2025-07-17T15:35:00.000,23.5083
2025-07-17T15:36:00.000,23.1772
2025-07-17T15:37:00.000,22.8644
2025-07-17T15:38:00.000,22.4393
2025-07-17T15:39:00.000,22.1315
2025-07-17T15:40:00.000,22.4008
2025-07-17T15:41:00.000,22.9457
2025-07-17T15:42:00.000,23.5014
2025-07-17T15:43:00.000,23.9685
2025-07-17T15:44:00.000,24.4076
2025-07-17T15:45:00.000,24.7754
2025-07-17T15:46:00.000,25.2303
2025-07-17T15:47:00.000,25.6195
2025-07-17T15:48:00.000,26.0251
2025-07-17T15:49:00.000,26.3559
2025-07-17T15:50:00.000,26.5821
2025-07-17T15:51:00.000,26.4612
2025-07-17T15:52:00.000,26.1876
2025-07-17T15:53:00.000,25.9831
2025-07-17T15:54:00.000,25.7578
2025-07-17T15:55:00.000,25.5036
2025-07-17T15:56:00.000,24.9798
2025-07-17T15:57:00.000,24.6351
2025-07-17T15:58:00.000,24.3355
2025-07-17T15:59:00.000,23.9381
2025-07-17T16:00:00.000,23.5014
2025-07-17T16:01:00.000,23.1400
2025-07-17T16:02:00.000,22.8094
2025-07-17T16:03:00.000,22.4888
2025-07-17T16:04:00.000,22.2867
2025-07-17T16:05:00.000,21.9805
2025-07-17T16:06:00.000,21.9310
2025-07-17T16:07:00.000,21.9118
2025-07-17T16:08:00.000,21.7787
2025-07-17T16:09:00.000,21.5839
2025-07-17T16:10:00.000,21.4564
2025-07-17T16:11:00.000,21.3947
2025-07-17T16:12:00.000,21.3756
2025-07-17T16:13:00.000,21.3385
2025-07-17T16:14:00.000,21.3440
2025-07-17T16:15:00.000,21.3618
2025-07-17T16:16:00.000,21.3865
2025-07-17T16:17:00.000,21.4263
2025-07-17T16:18:00.000,21.4784
2025-07-17T16:19:00.000,21.5167
2025-07-17T16:20:00.000,21.4509
2025-07-17T16:21:00.000,21.3057
2025-07-17T16:22:00.000,21.1426
2025-07-17T16:23:00.000,21.1207
2025-07-17T16:24:00.000,21.0714
2025-07-17T16:25:00.000,21.0769
2025-07-17T16:26:00.000,21.1275
2025-07-17T16:27:00.000,21.1700
2025-07-17T16:28:00.000,21.1481
2025-07-17T16:29:00.000,21.0988
2025-07-17T16:30:00.000,21.1043
2025-07-17T16:31:00.000,21.0919
2025-07-17T16:32:00.000,20.9933
2025-07-17T16:33:00.000,20.8208
2025-07-17T16:34:00.000,20.7017
2025-07-17T16:35:00.000,20.6114
2025-07-17T16:36:00.000,20.4991
2025-07-17T16:37:00.000,20.4800
2025-07-17T16:38:00.000,20.5333
2025-07-17T16:39:00.000,20.5949
2025-07-17T16:40:00.000,20.6989
2025-07-17T16:41:00.000,20.7838
2025-07-17T16:42:00.000,20.7852
2025-07-17T16:43:00.000,20.7441
2025-07-17T16:44:00.000,20.6798
2025-07-17T16:45:00.000,20.5949
2025-07-17T16:46:00.000,20.4978
2025-07-17T16:47:00.000,20.3582
2025-07-17T16:48:00.000,20.2242
2025-07-17T16:49:00.000,20.1188
2025-07-17T16:50:00.000,20.0614
2025-07-17T16:51:00.000,20.0409
2025-07-17T16:52:00.000,20.0149
2025-07-17T16:53:00.000,19.9957
2025-07-17T16:54:00.000,19.9643
2025-07-17T16:55:00.000,19.9479
2025-07-17T16:56:00.000,19.9657
2025-07-17T16:57:00.000,19.9711
2025-07-17T16:58:00.000,20.0395
2025-07-17T16:59:00.000,20.1038
2025-07-17T17:00:00.000,20.1558
2025-07-17T17:01:00.000,20.1817
2025-07-17T17:02:00.000,20.1845
2025-07-17T17:03:00.000,20.1421
2025-07-17T17:04:00.000,20.1147
2025-07-17T17:05:00.000,20.0696
2025-07-17T17:06:00.000,20.1188
2025-07-17T17:07:00.000,20.1448
2025-07-17T17:08:00.000,20.1448
2025-07-17T17:09:00.000,20.0956
2025-07-17T17:10:00.000,20.0505
2025-07-17T17:11:00.000,20.0600
2025-07-17T17:12:00.000,20.0641
2025-07-17T17:13:00.000,20.0833
2025-07-17T17:14:00.000,20.0956
2025-07-17T17:15:00.000,20.1393
2025-07-17T17:16:00.000,20.1339
2025-07-17T17:17:00.000,20.1380
2025-07-17T17:18:00.000,20.1065
2025-07-17T17:19:00.000,20.0422
2025-07-17T17:20:00.000,19.9889
2025-07-17T17:21:00.000,19.9602
2025-07-17T17:22:00.000,19.9301
2025-07-17T17:23:00.000,19.8631
2025-07-17T17:24:00.000,19.7674
2025-07-17T17:25:00.000,19.6156
2025-07-17T17:26:00.000,19.4488
2025-07-17T17:27:00.000,19.3135
2025-07-17T17:28:00.000,19.2096
2025-07-17T17:29:00.000,19.1481
2025-07-17T17:30:00.000,19.1413
2025-07-17T17:31:00.000,19.2124
2025-07-17T17:32:00.000,19.2329
2025-07-17T17:33:00.000,19.2055
2025-07-17T17:34:00.000,19.1782
2025-07-17T17:35:00.000,19.1426
2025-07-17T17:36:00.000,19.1755
2025-07-17T17:37:00.000,19.1755
2025-07-17T17:38:00.000,19.1180
2025-07-17T17:39:00.000,19.0811
2025-07-17T17:40:00.000,19.0306
2025-07-17T17:41:00.000,18.9718
2025-07-17T17:42:00.000,18.8925
2025-07-17T17:43:00.000,18.8132
2025-07-17T17:44:00.000,18.7462
2025-07-17T17:45:00.000,18.6943
2025-07-17T17:46:00.000,18.6533
2025-07-17T17:47:00.000,18.6300
2025-07-17T17:48:00.000,18.6095
2025-07-17T17:49:00.000,18.5904
2025-07-17T17:50:00.000,18.5753
2025-07-17T17:51:00.000,18.5658
2025-07-17T17:52:00.000,18.5562
2025-07-17T17:53:00.000,18.5630
2025-07-17T17:54:00.000,18.5890
2025-07-17T17:55:00.000,18.6027
2025-07-17T17:56:00.000,18.6150
2025-07-17T17:57:00.000,18.6095
2025-07-17T17:58:00.000,18.6027
2025-07-17T17:59:00.000,18.5849
2025-07-17T18:00:00.000,18.5630
2025-07-17T18:01:00.000,18.5124
2025-07-17T18:02:00.000,18.4578
2025-07-17T18:03:00.000,18.3853
2025-07-17T18:04:00.000,18.3060
2025-07-17T18:05:00.000,18.2486
2025-07-17T18:06:00.000,18.2075
2025-07-17T18:07:00.000,18.1706
2025-07-17T18:08:00.000,18.1392
2025-07-17T18:09:00.000,18.1063
2025-07-17T18:10:00.000,18.0817
2025-07-17T18:11:00.000,18.0612
2025-07-17T18:12:00.000,18.0421
2025-07-17T18:13:00.000,18.0284
2025-07-17T18:14:00.000,18.0092
2025-07-17T18:15:00.000,17.9709
2025-07-17T18:16:00.000,17.9285
2025-07-17T18:17:00.000,17.8930
2025-07-17T18:18:00.000,17.8519
2025-07-17T18:19:00.000,17.8040
2025-07-17T18:20:00.000,17.7548
2025-07-17T18:21:00.000,17.7466
2025-07-17T18:22:00.000,17.7384
2025-07-17T18:23:00.000,17.7247
2025-07-17T18:24:00.000,17.7302
2025-07-17T18:25:00.000,17.7603
2025-07-17T18:26:00.000,17.9025
2025-07-17T18:27:00.000,17.9737
2025-07-17T18:28:00.000,18.0147
2025-07-17T18:29:00.000,18.0325
2025-07-17T18:30:00.000,18.0024
2025-07-17T18:31:00.000,17.9655
2025-07-17T18:32:00.000,17.9121
2025-07-17T18:33:00.000,17.8752
2025-07-17T18:34:00.000,17.8519
2025-07-17T18:35:00.000,17.8287
2025-07-17T18:36:00.000,17.8163
2025-07-17T18:37:00.000,17.8136
2025-07-17T18:38:00.000,17.8109
2025-07-17T18:39:00.000,17.7972
2025-07-17T18:40:00.000,17.7863
2025-07-17T18:41:00.000,17.7972
2025-07-17T18:42:00.000,17.8122
2025-07-17T18:43:00.000,17.8287
2025-07-17T18:44:00.000,17.8369
2025-07-17T18:45:00.000,17.8547
2025-07-17T18:46:00.000,17.8738
2025-07-17T18:47:00.000,17.8957
2025-07-17T18:48:00.000,17.9012
2025-07-17T18:49:00.000,17.8971
2025-07-17T18:50:00.000,17.8861
2025-07-17T18:51:00.000,17.8820
2025-07-17T18:52:00.000,17.8711
2025-07-17T18:53:00.000,17.8574
2025-07-17T18:54:00.000,17.8314
2025-07-17T18:55:00.000,17.7849
2025-07-17T18:56:00.000,17.7219
2025-07-17T18:57:00.000,17.6453
2025-07-17T18:58:00.000,17.5482
2025-07-17T18:59:00.000,17.4496
2025-07-17T19:00:00.000,17.3634
2025-07-17T19:01:00.000,17.2990
2025-07-17T19:02:00.000,17.2483
2025-07-17T19:03:00.000,17.2032
2025-07-17T19:04:00.000,17.1662
2025-07-17T19:05:00.000,17.1237
2025-07-17T19:06:00.000,17.0662
2025-07-17T19:07:00.000,17.0059
2025-07-17T19:08:00.000,16.9525
2025-07-17T19:09:00.000,16.8908
2025-07-17T19:10:00.000,16.8332
2025-07-17T19:11:00.000,16.7866
2025-07-17T19:12:00.000,16.7537
2025-07-17T19:13:00.000,16.7263
2025-07-17T19:14:00.000,16.6948
2025-07-17T19:15:00.000,16.6605
2025-07-17T19:16:00.000,16.6249
2025-07-17T19:17:00.000,16.5865
2025-07-17T19:18:00.000,16.5536
2025-07-17T19:19:00.000,16.5165
2025-07-17T19:20:00.000,16.4795
2025-07-17T19:21:00.000,16.4438
2025-07-17T19:22:00.000,16.4095
2025-07-17T19:23:00.000,16.3752
2025-07-17T19:24:00.000,16.3436
2025-07-17T19:25:00.000,16.3176
2025-07-17T19:26:00.000,16.2887
2025-07-17T19:27:00.000,16.2668
2025-07-17T19:28:00.000,16.2489
2025-07-17T19:29:00.000,16.2366
2025-07-17T19:30:00.000,16.2242
2025-07-17T19:31:00.000,16.2160
2025-07-17T19:32:00.000,16.2119
2025-07-17T19:33:00.000,16.2105
2025-07-17T19:34:00.000,16.2078
2025-07-17T19:35:00.000,16.2050
2025-07-17T19:36:00.000,16.2023
2025-07-17T19:37:00.000,16.1995
2025-07-17T19:38:00.000,16.1981
2025-07-17T19:39:00.000,16.2009
2025-07-17T19:40:00.000,16.2023
2025-07-17T19:41:00.000,16.2023
2025-07-17T19:42:00.000,16.2105
2025-07-17T19:43:00.000,16.2146
2025-07-17T19:44:00.000,16.2201
2025-07-17T19:45:00.000,16.2283
2025-07-17T19:46:00.000,16.2407
2025-07-17T19:47:00.000,16.2503
2025-07-17T19:48:00.000,16.2544
2025-07-17T19:49:00.000,16.2544
2025-07-17T19:50:00.000,16.2503
2025-07-17T19:51:00.000,16.2434
2025-07-17T19:52:00.000,16.2352
2025-07-17T19:53:00.000,16.2242
2025-07-17T19:54:00.000,16.2119
2025-07-17T19:55:00.000,16.1981
2025-07-17T19:56:00.000,16.1844
2025-07-17T19:57:00.000,16.1721
2025-07-17T19:58:00.000,16.1638
2025-07-17T19:59:00.000,16.1652
2025-07-17T20:00:00.000,16.1954
2025-07-17T20:01:00.000,16.2366
2025-07-17T20:02:00.000,16.2682
2025-07-17T20:03:00.000,16.2860
2025-07-17T20:04:00.000,16.3093
2025-07-17T20:05:00.000,16.3148
2025-07-17T20:06:00.000,16.3148
2025-07-17T20:07:00.000,16.3121
2025-07-17T20:08:00.000,16.3107
2025-07-17T20:09:00.000,16.3148
2025-07-17T20:10:00.000,16.3107
2025-07-17T20:11:00.000,16.3038
2025-07-17T20:12:00.000,16.2970
2025-07-17T20:13:00.000,16.2901
2025-07-17T20:14:00.000,16.2819
2025-07-17T20:15:00.000,16.2736
2025-07-17T20:16:00.000,16.2723
2025-07-17T20:17:00.000,16.2654
2025-07-17T20:18:00.000,16.2599
2025-07-17T20:19:00.000,16.2503
2025-07-17T20:20:00.000,16.2407
2025-07-17T20:21:00.000,16.2325
2025-07-17T20:22:00.000,16.2242
2025-07-17T20:23:00.000,16.2174
2025-07-17T20:24:00.000,16.2105
2025-07-17T20:25:00.000,16.2036
2025-07-17T20:26:00.000,16.1968
2025-07-17T20:27:00.000,16.1913
2025-07-17T20:28:00.000,16.1872
2025-07-17T20:29:00.000,16.1803
2025-07-17T20:30:00.000,16.1734
2025-07-17T20:31:00.000,16.1638
2025-07-17T20:32:00.000,16.1528
2025-07-17T20:33:00.000,16.1350
2025-07-17T20:34:00.000,16.1075
2025-07-17T20:35:00.000,16.0773
2025-07-17T20:36:00.000,16.0471
2025-07-17T20:37:00.000,16.0210
2025-07-17T20:38:00.000,16.0004
2025-07-17T20:39:00.000,15.9825
2025-07-17T20:40:00.000,15.9702
2025-07-17T20:41:00.000,15.9592
2025-07-17T20:42:00.000,15.9482
2025-07-17T20:43:00.000,15.9386
2025-07-17T20:44:00.000,15.9317
2025-07-17T20:45:00.000,15.9248
2025-07-17T20:46:00.000,15.9193
2025-07-17T20:47:00.000,15.9124
2025-07-17T20:48:00.000,15.9070
2025-07-17T20:49:00.000,15.8987
2025-07-17T20:50:00.000,15.8946
2025-07-17T20:51:00.000,15.8850
2025-07-17T20:52:00.000,15.8753
2025-07-17T20:53:00.000,15.8630
2025-07-17T20:54:00.000,15.8506
2025-07-17T20:55:00.000,15.8327
2025-07-17T20:56:00.000,15.8176
2025-07-17T20:57:00.000,15.7984
2025-07-17T20:58:00.000,15.7791
2025-07-17T20:59:00.000,15.7626
2025-07-17T21:00:00.000,15.7461
2025-07-17T21:01:00.000,15.7282
2025-07-17T21:02:00.000,15.7076
2025-07-17T21:03:00.000,15.6732
2025-07-17T21:04:00.000,15.6306
2025-07-17T21:05:00.000,15.6003
2025-07-17T21:06:00.000,15.5783
2025-07-17T21:07:00.000,15.5659
2025-07-17T21:08:00.000,15.5563
2025-07-17T21:09:00.000,15.5508
2025-07-17T21:10:00.000,15.5481
2025-07-17T21:11:00.000,15.5370
2025-07-17T21:12:00.000,15.5192
2025-07-17T21:13:00.000,15.5013
2025-07-17T21:14:00.000,15.4875
2025-07-17T21:15:00.000,15.4848
2025-07-17T21:16:00.000,15.4820
2025-07-17T21:17:00.000,15.4792
2025-07-17T21:18:00.000,15.4765
2025-07-17T21:19:00.000,15.4724
2025-07-17T21:20:00.000,15.4696
2025-07-17T21:21:00.000,15.4600
2025-07-17T21:22:00.000,15.4476
2025-07-17T21:23:00.000,15.4325
2025-07-17T21:24:00.000,15.4090
2025-07-17T21:25:00.000,15.3719
2025-07-17T21:26:00.000,15.3278
2025-07-17T21:27:00.000,15.2713
2025-07-17T21:28:00.000,15.2121
2025-07-17T21:29:00.000,15.1556
2025-07-17T21:30:00.000,15.1005
2025-07-17T21:31:00.000,15.0495
2025-07-17T21:32:00.000,15.0053
2025-07-17T21:33:00.000,14.9667
2025-07-17T21:34:00.000,14.9295
2025-07-17T21:35:00.000,14.8936
2025-07-17T21:36:00.000,14.8660
2025-07-17T21:37:00.000,14.8426
2025-07-17T21:38:00.000,14.8233
2025-07-17T21:39:00.000,14.8095
2025-07-17T21:40:00.000,14.8012
2025-07-17T21:41:00.000,14.7998
2025-07-17T21:42:00.000,14.7956
2025-07-17T21:43:00.000,14.7929
2025-07-17T21:44:00.000,14.7943
2025-07-17T21:45:00.000,14.7956
2025-07-17T21:46:00.000,14.7970
2025-07-17T21:47:00.000,14.7998
2025-07-17T21:48:00.000,14.8026
2025-07-17T21:49:00.000,14.7956
2025-07-17T21:50:00.000,14.7805
2025-07-17T21:51:00.000,14.7625
2025-07-17T21:52:00.000,14.7446
2025-07-17T21:53:00.000,14.7321
2025-07-17T21:54:00.000,14.7225
2025-07-17T21:55:00.000,14.7156
2025-07-17T21:56:00.000,14.7101
2025-07-17T21:57:00.000,14.7032
2025-07-17T21:58:00.000,14.7004
2025-07-17T21:59:00.000,14.6921
2025-07-17T22:00:00.000,14.6866
2025-07-17T22:01:00.000,14.6811
2025-07-17T22:02:00.000,14.6742
2025-07-17T22:03:00.000,14.6686
2025-07-17T22:04:00.000,14.6645
2025-07-17T22:05:00.000,14.6603
2025-07-17T22:06:00.000,14.6603
2025-07-17T22:07:00.000,14.6631
2025-07-17T22:08:00.000,14.6700
2025-07-17T22:09:00.000,14.6838
2025-07-17T22:10:00.000,14.6976
2025-07-17T22:11:00.000,14.7073
2025-07-17T22:12:00.000,14.7087
2025-07-17T22:13:00.000,14.7073
2025-07-17T22:14:00.000,14.7045
2025-07-17T22:15:00.000,14.7032
2025-07-17T22:16:00.000,14.6962
2025-07-17T22:17:00.000,14.6852
2025-07-17T22:18:00.000,14.6728
2025-07-17T22:19:00.000,14.6590
2025-07-17T22:20:00.000,14.6424
2025-07-17T22:21:00.000,14.6272
2025-07-17T22:22:00.000,14.6148
2025-07-17T22:23:00.000,14.6037
2025-07-17T22:24:00.000,14.5927
2025-07-17T22:25:00.000,14.5830
2025-07-17T22:26:00.000,14.5747
2025-07-17T22:27:00.000,14.5678
2025-07-17T22:28:00.000,14.5609
2025-07-17T22:29:00.000,14.5554
2025-07-17T22:30:00.000,14.5498
2025-07-17T22:31:00.000,14.5443
2025-07-17T22:32:00.000,14.5429
2025-07-17T22:33:00.000,14.5388
2025-07-17T22:34:00.000,14.5332
2025-07-17T22:35:00.000,14.5249
2025-07-17T22:36:00.000,14.5070
2025-07-17T22:37:00.000,14.4835
2025-07-17T22:38:00.000,14.4586
2025-07-17T22:39:00.000,14.4351
2025-07-17T22:40:00.000,14.4116
2025-07-17T22:41:00.000,14.3881
2025-07-17T22:42:00.000,14.3618
2025-07-17T22:43:00.000,14.3369
2025-07-17T22:44:00.000,14.3134
2025-07-17T22:45:00.000,14.2926
2025-07-17T22:46:00.000,14.2747
2025-07-17T22:47:00.000,14.2594
2025-07-17T22:48:00.000,14.2497
2025-07-17T22:49:00.000,14.2497
2025-07-17T22:50:00.000,14.2456
2025-07-17T22:51:00.000,14.2428
2025-07-17T22:52:00.000,14.2401
2025-07-17T22:53:00.000,14.2401
2025-07-17T22:54:00.000,14.2414
2025-07-17T22:55:00.000,14.2428
2025-07-17T22:56:00.000,14.2456
2025-07-17T22:57:00.000,14.2511
2025-07-17T22:58:00.000,14.2553
2025-07-17T22:59:00.000,14.2594
2025-07-17T23:00:00.000,14.2608
2025-07-17T23:01:00.000,14.2622
2025-07-17T23:02:00.000,14.2636
2025-07-17T23:03:00.000,14.2608
2025-07-17T23:04:00.000,14.2594
2025-07-17T23:05:00.000,14.2580
2025-07-17T23:06:00.000,14.2636
2025-07-17T23:07:00.000,14.2622
2025-07-17T23:08:00.000,14.2594
2025-07-17T23:09:00.000,14.2580
2025-07-17T23:10:00.000,14.2553
2025-07-17T23:11:00.000,14.2539
2025-07-17T23:12:00.000,14.2539
2025-07-17T23:13:00.000,14.2511
2025-07-17T23:14:00.000,14.2497
2025-07-17T23:15:00.000,14.2484
2025-07-17T23:16:00.000,14.2484
2025-07-17T23:17:00.000,14.2442
2025-07-17T23:18:00.000,14.2401
2025-07-17T23:19:00.000,14.2373
2025-07-17T23:20:00.000,14.2373
2025-07-17T23:21:00.000,14.2387
2025-07-17T23:22:00.000,14.2387
2025-07-17T23:23:00.000,14.2428
2025-07-17T23:24:00.000,14.2428
2025-07-17T23:25:00.000,14.2414
2025-07-17T23:26:00.000,14.2414
2025-07-17T23:27:00.000,14.2428
2025-07-17T23:28:00.000,14.2428
2025-07-17T23:29:00.000,14.2442
2025-07-17T23:30:00.000,14.2456
2025-07-17T23:31:00.000,14.2484
2025-07-17T23:32:00.000,14.2525
2025-07-17T23:33:00.000,14.2553
2025-07-17T23:34:00.000,14.2580
2025-07-17T23:35:00.000,14.2594
2025-07-17T23:36:00.000,14.2608
2025-07-17T23:37:00.000,14.2622
2025-07-17T23:38:00.000,14.2636
2025-07-17T23:39:00.000,14.2663
2025-07-17T23:40:00.000,14.2719
2025-07-17T23:41:00.000,14.2705
2025-07-17T23:42:00.000,14.2719
2025-07-17T23:43:00.000,14.2940
2025-07-17T23:44:00.000,14.3203
2025-07-17T23:45:00.000,14.3507
2025-07-17T23:46:00.000,14.3922
2025-07-17T23:47:00.000,14.4766
2025-07-17T23:48:00.000,14.6037
2025-07-17T23:49:00.000,14.6493
2025-07-17T23:50:00.000,14.6590
2025-07-17T23:51:00.000,14.6534
2025-07-17T23:52:00.000,14.6631
2025-07-17T23:53:00.000,14.6893
2025-07-17T23:54:00.000,14.6976
2025-07-17T23:55:00.000,14.7045
2025-07-17T23:56:00.000,14.7335
2025-07-17T23:57:00.000,14.7473
2025-07-17T23:58:00.000,14.7460
2025-07-17T23:59:00.000,14.7432
2025-07-18T00:00:00.000,14.7446
2025-07-18T00:01:00.000,14.7446
2025-07-18T00:02:00.000,14.7487
2025-07-18T00:03:00.000,14.7529
2025-07-18T00:04:00.000,14.7556
2025-07-18T00:05:00.000,14.7584
2025-07-18T00:06:00.000,14.7805
2025-07-18T00:07:00.000,14.8108
2025-07-18T00:08:00.000,14.8398
2025-07-18T00:09:00.000,14.8729
2025-07-18T00:10:00.000,14.9102
2025-07-18T00:11:00.000,14.9585
2025-07-18T00:12:00.000,15.0040
2025-07-18T00:13:00.000,15.0646
2025-07-18T00:14:00.000,15.1418
2025-07-18T00:15:00.000,15.2452
2025-07-18T00:16:00.000,15.3264
2025-07-18T00:17:00.000,15.4173
2025-07-18T00:18:00.000,15.5068
2025-07-18T00:19:00.000,15.5935
2025-07-18T00:20:00.000,15.6609
2025-07-18T00:21:00.000,15.7186
2025-07-18T00:22:00.000,15.7667
2025-07-18T00:23:00.000,15.8052
2025-07-18T00:24:00.000,15.8382
2025-07-18T00:25:00.000,15.8616
2025-07-18T00:26:00.000,15.8795
2025-07-18T00:27:00.000,15.8932
2025-07-18T00:28:00.000,15.9070
2025-07-18T00:29:00.000,15.9179
2025-07-18T00:30:00.000,15.9248
2025-07-18T00:31:00.000,15.9358
2025-07-18T00:32:00.000,15.9413
2025-07-18T00:33:00.000,15.9454
2025-07-18T00:34:00.000,15.9482
2025-07-18T00:35:00.000,15.9509
2025-07-18T00:36:00.000,15.9564
2025-07-18T00:37:00.000,15.9647
2025-07-18T00:38:00.000,15.9729
2025-07-18T00:39:00.000,15.9784
2025-07-18T00:40:00.000,15.9853
2025-07-18T00:41:00.000,15.9908
2025-07-18T00:42:00.000,15.9949
2025-07-18T00:43:00.000,15.9963
2025-07-18T00:44:00.000,15.9963
2025-07-18T00:45:00.000,15.9949
2025-07-18T00:46:00.000,15.9935
2025-07-18T00:47:00.000,15.9894
2025-07-18T00:48:00.000,15.9853
2025-07-18T00:49:00.000,15.9853
2025-07-18T00:50:00.000,15.9798
2025-07-18T00:51:00.000,15.9660
2025-07-18T00:52:00.000,15.9372
2025-07-18T00:53:00.000,15.9152
2025-07-18T00:54:00.000,15.9056
2025-07-18T00:55:00.000,15.8850
2025-07-18T00:56:00.000,15.8643
2025-07-18T00:57:00.000,15.8410
2025-07-18T00:58:00.000,15.8176
2025-07-18T00:59:00.000,15.7970
2025-07-18T01:00:00.000,15.7736
2025-07-18T01:01:00.000,15.7502
2025-07-18T01:02:00.000,15.7269
2025-07-18T01:03:00.000,15.7076
2025-07-18T01:04:00.000,15.6925
2025-07-18T01:05:00.000,15.6719
2025-07-18T01:06:00.000,15.6567
2025-07-18T01:07:00.000,15.6251
2025-07-18T01:08:00.000,15.5866
2025-07-18T01:09:00.000,15.5453
2025-07-18T01:10:00.000,15.5192
2025-07-18T01:11:00.000,15.4971
2025-07-18T01:12:00.000,15.4737
2025-07-18T01:13:00.000,15.4559
2025-07-18T01:14:00.000,15.4462
2025-07-18T01:15:00.000,15.4421
2025-07-18T01:16:00.000,15.4380
2025-07-18T01:17:00.000,15.4380
2025-07-18T01:18:00.000,15.4407
2025-07-18T01:19:00.000,15.4201
2025-07-18T01:20:00.000,15.4022
2025-07-18T01:21:00.000,15.3746
2025-07-18T01:22:00.000,15.3705
2025-07-18T01:23:00.000,15.3622
2025-07-18T01:24:00.000,15.3609
2025-07-18T01:25:00.000,15.3498
2025-07-18T01:26:00.000,15.3347
2025-07-18T01:27:00.000,15.3361
2025-07-18T01:28:00.000,15.3375
2025-07-18T01:29:00.000,15.3361
2025-07-18T01:30:00.000,15.3567
2025-07-18T01:31:00.000,15.3677
2025-07-18T01:32:00.000,15.3733
2025-07-18T01:33:00.000,15.3788
2025-07-18T01:34:00.000,15.3870
2025-07-18T01:35:00.000,15.3939
2025-07-18T01:36:00.000,15.3994
2025-07-18T01:37:00.000,15.4118
2025-07-18T01:38:00.000,15.4256
2025-07-18T01:39:00.000,15.4476
2025-07-18T01:40:00.000,15.4765
2025-07-18T01:41:00.000,15.5026
2025-07-18T01:42:00.000,15.5260
2025-07-18T01:43:00.000,15.5467
2025-07-18T01:44:00.000,15.5618
2025-07-18T01:45:00.000,15.5756
2025-07-18T01:46:00.000,15.5866
2025-07-18T01:47:00.000,15.5935
2025-07-18T01:48:00.000,15.5976
2025-07-18T01:49:00.000,15.6045
2025-07-18T01:50:00.000,15.6113
2025-07-18T01:51:00.000,15.6237
2025-07-18T01:52:00.000,15.6375
2025-07-18T01:53:00.000,15.6389
2025-07-18T01:54:00.000,15.6347
2025-07-18T01:55:00.000,15.6251
2025-07-18T01:56:00.000,15.6168
2025-07-18T01:57:00.000,15.6141
2025-07-18T01:58:00.000,15.6113
2025-07-18T01:59:00.000,15.6113
2025-07-18T02:00:00.000,15.6141
2025-07-18T02:01:00.000,15.6168
2025-07-18T02:02:00.000,15.6182
2025-07-18T02:03:00.000,15.6168
2025-07-18T02:04:00.000,15.6127
2025-07-18T02:05:00.000,15.6072
2025-07-18T02:06:00.000,15.6031
2025-07-18T02:07:00.000,15.5976
2025-07-18T02:08:00.000,15.5962
2025-07-18T02:09:00.000,15.5962
2025-07-18T02:10:00.000,15.5962
2025-07-18T02:11:00.000,15.5935
2025-07-18T02:12:00.000,15.5907
2025-07-18T02:13:00.000,15.5866
2025-07-18T02:14:00.000,15.5866
2025-07-18T02:15:00.000,15.5783
2025-07-18T02:16:00.000,15.5728
2025-07-18T02:17:00.000,15.5659
2025-07-18T02:18:00.000,15.5591
2025-07-18T02:19:00.000,15.5494
2025-07-18T02:20:00.000,15.5192
2025-07-18T02:21:00.000,15.4696
2025-07-18T02:22:00.000,15.4283
2025-07-18T02:23:00.000,15.3912
2025-07-18T02:24:00.000,15.3443
2025-07-18T02:25:00.000,15.2851
2025-07-18T02:26:00.000,15.2273
2025-07-18T02:27:00.000,15.1666
2025-07-18T02:28:00.000,15.1101
2025-07-18T02:29:00.000,15.0371
2025-07-18T02:30:00.000,14.9667
2025-07-18T02:31:00.000,14.9185
2025-07-18T02:32:00.000,14.8550
2025-07-18T02:33:00.000,14.8343
2025-07-18T02:34:00.000,14.8591
2025-07-18T02:35:00.000,14.8978
2025-07-18T02:36:00.000,14.9240
2025-07-18T02:37:00.000,14.9033
2025-07-18T02:38:00.000,14.8302
2025-07-18T02:39:00.000,14.7114
2025-07-18T02:40:00.000,14.5457
2025-07-18T02:41:00.000,14.3507
2025-07-18T02:42:00.000,14.1432
2025-07-18T02:43:00.000,13.9395
2025-07-18T02:44:00.000,13.7564
2025-07-18T02:45:00.000,13.5912
2025-07-18T02:46:00.000,13.4412
2025-07-18T02:47:00.000,13.3035
2025-07-18T02:48:00.000,13.1866
2025-07-18T02:49:00.000,13.0765
2025-07-18T02:50:00.000,12.9804
2025-07-18T02:51:00.000,12.8883
2025-07-18T02:52:00.000,12.8074
2025-07-18T02:53:00.000,12.7334
2025-07-18T02:54:00.000,12.6691
2025-07-18T02:55:00.000,12.6132
2025-07-18T02:56:00.000,12.5615
2025-07-18T02:57:00.000,12.5154
2025-07-18T02:58:00.000,12.4818
2025-07-18T02:59:00.000,12.4482
2025-07-18T03:00:00.000,12.4132
2025-07-18T03:01:00.000,12.3782
2025-07-18T03:02:00.000,12.3446
2025-07-18T03:03:00.000,12.3110
2025-07-18T03:04:00.000,12.2732
2025-07-18T03:05:00.000,12.2424
2025-07-18T03:06:00.000,12.2144
2025-07-18T03:07:00.000,12.1891
2025-07-18T03:08:00.000,12.1611
2025-07-18T03:09:00.000,12.1344
2025-07-18T03:10:00.000,12.1148
2025-07-18T03:11:00.000,12.0896
2025-07-18T03:12:00.000,12.0629
2025-07-18T03:13:00.000,12.0433
2025-07-18T03:14:00.000,12.0264
2025-07-18T03:15:00.000,12.0138
2025-07-18T03:16:00.000,12.0054
2025-07-18T03:17:00.000,11.9997
2025-07-18T03:18:00.000,11.9829
2025-07-18T03:19:00.000,11.9660
2025-07-18T03:20:00.000,11.9436
2025-07-18T03:21:00.000,11.9169
2025-07-18T03:22:00.000,11.9000
2025-07-18T03:23:00.000,11.8761
2025-07-18T03:24:00.000,11.8537
2025-07-18T03:25:00.000,11.8326
2025-07-18T03:26:00.000,11.8045
2025-07-18T03:27:00.000,11.7791
2025-07-18T03:28:00.000,11.7581
2025-07-18T03:29:00.000,11.7370
2025-07-18T03:30:00.000,11.7102
2025-07-18T03:31:00.000,11.6821
2025-07-18T03:32:00.000,11.6567
2025-07-18T03:33:00.000,11.6328
2025-07-18T03:34:00.000,11.6032
2025-07-18T03:35:00.000,11.5779
2025-07-18T03:36:00.000,11.5694
2025-07-18T03:37:00.000,11.5525
2025-07-18T03:38:00.000,11.5469
2025-07-18T03:39:00.000,11.5413
2025-07-18T03:40:00.000,11.5370
2025-07-18T03:41:00.000,11.5342
2025-07-18T03:42:00.000,11.5286
2025-07-18T03:43:00.000,11.5187
2025-07-18T03:44:00.000,11.5032
2025-07-18T03:45:00.000,11.4764
2025-07-18T03:46:00.000,11.4539
2025-07-18T03:47:00.000,11.4497
2025-07-18T03:48:00.000,11.4384
2025-07-18T03:49:00.000,11.4186
2025-07-18T03:50:00.000,11.3947
2025-07-18T03:51:00.000,11.3622
2025-07-18T03:52:00.000,11.3312
2025-07-18T03:53:00.000,11.3029
2025-07-18T03:54:00.000,11.2818
2025-07-18T03:55:00.000,11.2719
2025-07-18T03:56:00.000,11.2733
2025-07-18T03:57:00.000,11.2761
2025-07-18T03:58:00.000,11.2705
2025-07-18T03:59:00.000,11.2634
2025-07-18T04:00:00.000,11.2775
2025-07-18T04:01:00.000,11.2930
2025-07-18T04:02:00.000,11.3086
2025-07-18T04:03:00.000,11.3410
2025-07-18T04:04:00.000,11.3721
2025-07-18T04:05:00.000,11.3820
2025-07-18T04:06:00.000,11.3608
2025-07-18T04:07:00.000,11.3241
2025-07-18T04:08:00.000,11.2761
2025-07-18T04:09:00.000,11.2281
2025-07-18T04:10:00.000,11.1772
2025-07-18T04:11:00.000,11.1433
2025-07-18T04:12:00.000,11.1362
2025-07-18T04:13:00.000,11.1320
2025-07-18T04:14:00.000,11.1193
2025-07-18T04:15:00.000,11.1108
2025-07-18T04:16:00.000,11.1207
2025-07-18T04:17:00.000,11.1419
2025-07-18T04:18:00.000,11.1574
2025-07-18T04:19:00.000,11.1376
2025-07-18T04:20:00.000,11.1334
2025-07-18T04:21:00.000,11.1376
2025-07-18T04:22:00.000,11.1419
2025-07-18T04:23:00.000,11.1320
2025-07-18T04:24:00.000,11.1164
2025-07-18T04:25:00.000,11.1065
2025-07-18T04:26:00.000,11.0896
2025-07-18T04:27:00.000,11.0825
2025-07-18T04:28:00.000,11.0811
2025-07-18T04:29:00.000,11.0910
2025-07-18T04:30:00.000,11.1009
2025-07-18T04:31:00.000,11.0966
2025-07-18T04:32:00.000,11.0853
2025-07-18T04:33:00.000,11.0797
2025-07-18T04:34:00.000,11.0740
2025-07-18T04:35:00.000,11.0655
2025-07-18T04:36:00.000,11.0641
2025-07-18T04:37:00.000,11.0726
2025-07-18T04:38:00.000,11.0768
2025-07-18T04:39:00.000,11.0726
2025-07-18T04:40:00.000,11.0655
2025-07-18T04:41:00.000,11.0542
2025-07-18T04:42:00.000,11.0387
2025-07-18T04:43:00.000,11.0316
2025-07-18T04:44:00.000,11.0174
2025-07-18T04:45:00.000,10.9934
2025-07-18T04:46:00.000,10.9736
2025-07-18T04:47:00.000,10.9594
2025-07-18T04:48:00.000,10.9367
2025-07-18T04:49:00.000,10.9155
2025-07-18T04:50:00.000,10.8999
2025-07-18T04:51:00.000,10.8801
2025-07-18T04:52:00.000,10.8602
2025-07-18T04:53:00.000,10.8361
2025-07-18T04:54:00.000,10.8021
2025-07-18T04:55:00.000,10.7738
2025-07-18T04:56:00.000,10.7582
2025-07-18T04:57:00.000,10.7468
2025-07-18T04:58:00.000,10.7397
2025-07-18T04:59:00.000,10.7369
2025-07-18T05:00:00.000,10.7255
2025-07-18T05:01:00.000,10.7184
2025-07-18T05:02:00.000,10.7270
2025-07-18T05:03:00.000,10.7525
2025-07-18T05:04:00.000,10.7780
2025-07-18T05:05:00.000,10.7823
2025-07-18T05:06:00.000,10.8007
2025-07-18T05:07:00.000,10.8163
2025-07-18T05:08:00.000,10.8106
2025-07-18T05:09:00.000,10.7950
2025-07-18T05:10:00.000,10.7695
2025-07-18T05:11:00.000,10.7539
2025-07-18T05:12:00.000,10.7553
2025-07-18T05:13:00.000,10.7553
2025-07-18T05:14:00.000,10.7638
2025-07-18T05:15:00.000,10.7667
2025-07-18T05:16:00.000,10.7752
2025-07-18T05:17:00.000,10.7723
2025-07-18T05:18:00.000,10.7567
2025-07-18T05:19:00.000,10.7426
2025-07-18T05:20:00.000,10.7341
2025-07-18T05:21:00.000,10.7142
2025-07-18T05:22:00.000,10.7014
2025-07-18T05:23:00.000,10.7028
2025-07-18T05:24:00.000,10.6972
2025-07-18T05:25:00.000,10.6886
2025-07-18T05:26:00.000,10.6815
2025-07-18T05:27:00.000,10.6716
2025-07-18T05:28:00.000,10.6674
2025-07-18T05:29:00.000,10.6759
2025-07-18T05:30:00.000,10.6986
2025-07-18T05:31:00.000,10.7227
2025-07-18T05:32:00.000,10.7284
2025-07-18T05:33:00.000,10.7284
2025-07-18T05:34:00.000,10.7312
2025-07-18T05:35:00.000,10.7355
2025-07-18T05:36:00.000,10.7369
2025-07-18T05:37:00.000,10.7426
2025-07-18T05:38:00.000,10.7497
2025-07-18T05:39:00.000,10.7468
2025-07-18T05:40:00.000,10.7482
2025-07-18T05:41:00.000,10.7567
2025-07-18T05:42:00.000,10.7567
2025-07-18T05:43:00.000,10.7667
2025-07-18T05:44:00.000,10.7879
2025-07-18T05:45:00.000,10.8064
2025-07-18T05:46:00.000,10.8206
2025-07-18T05:47:00.000,10.8376
2025-07-18T05:48:00.000,10.8532
2025-07-18T05:49:00.000,10.8744
2025-07-18T05:50:00.000,10.8928
2025-07-18T05:51:00.000,10.9155
2025-07-18T05:52:00.000,10.9282
2025-07-18T05:53:00.000,10.9410
2025-07-18T05:54:00.000,10.9466
2025-07-18T05:55:00.000,10.9594
2025-07-18T05:56:00.000,10.9679
2025-07-18T05:57:00.000,10.9707
2025-07-18T05:58:00.000,10.9679
2025-07-18T05:59:00.000,10.9566
2025-07-18T06:00:00.000,10.9495
2025-07-18T06:01:00.000,10.9707
2025-07-18T06:02:00.000,11.0061
2025-07-18T06:03:00.000,11.0429
2025-07-18T06:04:00.000,11.0825
2025-07-18T06:05:00.000,11.1164
2025-07-18T06:06:00.000,11.1490
2025-07-18T06:07:00.000,11.1829
2025-07-18T06:08:00.000,11.2154
2025-07-18T06:09:00.000,11.2380
2025-07-18T06:10:00.000,11.2592
2025-07-18T06:11:00.000,11.2874
2025-07-18T06:12:00.000,11.3170
2025-07-18T06:13:00.000,11.3453
2025-07-18T06:14:00.000,11.3820
2025-07-18T06:15:00.000,11.4313
2025-07-18T06:16:00.000,11.4863
2025-07-18T06:17:00.000,11.5342
2025-07-18T06:18:00.000,11.5821
2025-07-18T06:19:00.000,11.6328
2025-07-18T06:20:00.000,11.6666
2025-07-18T06:21:00.000,11.6947
2025-07-18T06:22:00.000,11.7243
2025-07-18T06:23:00.000,11.7552
2025-07-18T06:24:00.000,11.7848
2025-07-18T06:25:00.000,11.8143
2025-07-18T06:26:00.000,11.8480
2025-07-18T06:27:00.000,11.8888
2025-07-18T06:28:00.000,11.9309
2025-07-18T06:29:00.000,11.9829
2025-07-18T06:30:00.000,12.0348
2025-07-18T06:31:00.000,12.0839
2025-07-18T06:32:00.000,12.1316
2025-07-18T06:33:00.000,12.1737
2025-07-18T06:34:00.000,12.2102
2025-07-18T06:35:00.000,12.2508
2025-07-18T06:36:00.000,12.2970
2025-07-18T06:37:00.000,12.3460
2025-07-18T06:38:00.000,12.3950
2025-07-18T06:39:00.000,12.4608
2025-07-18T06:40:00.000,12.5503
2025-07-18T06:41:00.000,12.6845
2025-07-18T06:42:00.000,12.8813
2025-07-18T06:43:00.000,13.1169
2025-07-18T06:44:00.000,13.3897
2025-07-18T06:45:00.000,13.6995
2025-07-18T06:46:00.000,14.0504
2025-07-18T06:47:00.000,14.3590
2025-07-18T06:48:00.000,14.5636
2025-07-18T06:49:00.000,14.6880
2025-07-18T06:50:00.000,14.7791
2025-07-18T06:51:00.000,14.8440
2025-07-18T06:52:00.000,14.8688
2025-07-18T06:53:00.000,14.9474
2025-07-18T06:54:00.000,15.0453
2025-07-18T06:55:00.000,15.1804
2025-07-18T06:56:00.000,15.3154
2025-07-18T06:57:00.000,15.4008
2025-07-18T06:58:00.000,15.5040
2025-07-18T06:59:00.000,15.6609
2025-07-18T07:00:00.000,15.8286
2025-07-18T07:01:00.000,15.8850
2025-07-18T07:02:00.000,15.8726
2025-07-18T07:03:00.000,15.8382
2025-07-18T07:04:00.000,15.8121
2025-07-18T07:05:00.000,15.8245
2025-07-18T07:06:00.000,15.8217
2025-07-18T07:07:00.000,15.8245
2025-07-18T07:08:00.000,15.8547
2025-07-18T07:09:00.000,15.8767
2025-07-18T07:10:00.000,15.8987
2025-07-18T07:11:00.000,15.9193
2025-07-18T07:12:00.000,15.9207
2025-07-18T07:13:00.000,15.8960
2025-07-18T07:14:00.000,15.8492
2025-07-18T07:15:00.000,15.8039
2025-07-18T07:16:00.000,15.7874
2025-07-18T07:17:00.000,15.7502
2025-07-18T07:18:00.000,15.7255
2025-07-18T07:19:00.000,15.7241
2025-07-18T07:20:00.000,15.7599
2025-07-18T07:21:00.000,15.7832
2025-07-18T07:22:00.000,15.8190
2025-07-18T07:23:00.000,15.8836
2025-07-18T07:24:00.000,16.0334
2025-07-18T07:25:00.000,16.2736
2025-07-18T07:26:00.000,16.4671
2025-07-18T07:27:00.000,16.5467
2025-07-18T07:28:00.000,16.5974
2025-07-18T07:29:00.000,16.7044
2025-07-18T07:30:00.000,16.8360
2025-07-18T07:31:00.000,16.9223
2025-07-18T07:32:00.000,17.0100
2025-07-18T07:33:00.000,17.1032
2025-07-18T07:34:00.000,17.1580
2025-07-18T07:35:00.000,17.2086
2025-07-18T07:36:00.000,17.2456
2025-07-18T07:37:00.000,17.2922
2025-07-18T07:38:00.000,17.3004
2025-07-18T07:39:00.000,17.3154
2025-07-18T07:40:00.000,17.3702
2025-07-18T07:41:00.000,17.4085
2025-07-18T07:42:00.000,17.3812
2025-07-18T07:43:00.000,17.3319
2025-07-18T07:44:00.000,17.2675
2025-07-18T07:45:00.000,17.2168
2025-07-18T07:46:00.000,17.2346
2025-07-18T07:47:00.000,17.2867
2025-07-18T07:48:00.000,17.3743
2025-07-18T07:49:00.000,17.4783
2025-07-18T07:50:00.000,17.5810
2025-07-18T07:51:00.000,17.7671
2025-07-18T07:52:00.000,17.9655
2025-07-18T07:53:00.000,18.1857
2025-07-18T07:54:00.000,18.4619
2025-07-18T07:55:00.000,18.6929
2025-07-18T07:56:00.000,18.8036
2025-07-18T07:57:00.000,18.8337
2025-07-18T07:58:00.000,18.8187
2025-07-18T07:59:00.000,18.7599
2025-07-18T08:00:00.000,18.6724
2025-07-18T08:01:00.000,18.6669
2025-07-18T08:02:00.000,18.7244
2025-07-18T08:03:00.000,18.8720
2025-07-18T08:04:00.000,19.0005
2025-07-18T08:05:00.000,19.0661
2025-07-18T08:06:00.000,19.0975
2025-07-18T08:07:00.000,19.1426
2025-07-18T08:08:00.000,19.1727
2025-07-18T08:09:00.000,19.2219
2025-07-18T08:10:00.000,19.3504
2025-07-18T08:11:00.000,19.4762
2025-07-18T08:12:00.000,19.4830
2025-07-18T08:13:00.000,19.3832
2025-07-18T08:14:00.000,19.2506
2025-07-18T08:15:00.000,19.1235
2025-07-18T08:16:00.000,19.0319
2025-07-18T08:17:00.000,18.9759
2025-07-18T08:18:00.000,18.9841
2025-07-18T08:19:00.000,19.1385
2025-07-18T08:20:00.000,19.3723
2025-07-18T08:21:00.000,19.5746
2025-07-18T08:22:00.000,19.6252
2025-07-18T08:23:00.000,19.5883
2025-07-18T08:24:00.000,19.5281
2025-07-18T08:25:00.000,19.4488
2025-07-18T08:26:00.000,19.3600
2025-07-18T08:27:00.000,19.2506
2025-07-18T08:28:00.000,19.1331
2025-07-18T08:29:00.000,19.0046
2025-07-18T08:30:00.000,18.8487
2025-07-18T08:31:00.000,18.6792
2025-07-18T08:32:00.000,18.5343
2025-07-18T08:33:00.000,18.4263
2025-07-18T08:34:00.000,18.3292
2025-07-18T08:35:00.000,18.2773
2025-07-18T08:36:00.000,18.2499
2025-07-18T08:37:00.000,18.2609
2025-07-18T08:38:00.000,18.2951
2025-07-18T08:39:00.000,18.3374
2025-07-18T08:40:00.000,18.3579
2025-07-18T08:41:00.000,18.3579
2025-07-18T08:42:00.000,18.3538
2025-07-18T08:43:00.000,18.3470
2025-07-18T08:44:00.000,18.4099
2025-07-18T08:45:00.000,18.5521
2025-07-18T08:46:00.000,18.6765
2025-07-18T08:47:00.000,18.7749
2025-07-18T08:48:00.000,18.8310
2025-07-18T08:49:00.000,18.8364
2025-07-18T08:50:00.000,18.8064
2025-07-18T08:51:00.000,18.7449
2025-07-18T08:52:00.000,18.6697
2025-07-18T08:53:00.000,18.5904
2025-07-18T08:54:00.000,18.5111
2025-07-18T08:55:00.000,18.4509
2025-07-18T08:56:00.000,18.4113
2025-07-18T08:57:00.000,18.3853
2025-07-18T08:58:00.000,18.3908
2025-07-18T08:59:00.000,18.3949
2025-07-18T09:00:00.000,18.3949
2025-07-18T09:01:00.000,18.3853
2025-07-18T09:02:00.000,18.3771
2025-07-18T09:03:00.000,18.3484
2025-07-18T09:04:00.000,18.3306
2025-07-18T09:05:00.000,18.3292
2025-07-18T09:06:00.000,18.3183
2025-07-18T09:07:00.000,18.2964
2025-07-18T09:08:00.000,18.2417
2025-07-18T09:09:00.000,18.2089
2025-07-18T09:10:00.000,18.1610
2025-07-18T09:11:00.000,18.1364
2025-07-18T09:12:00.000,18.0940
2025-07-18T09:13:00.000,18.0270
2025-07-18T09:14:00.000,17.9600
2025-07-18T09:15:00.000,17.8916
2025-07-18T09:16:00.000,17.8232
2025-07-18T09:17:00.000,17.7630
2025-07-18T09:18:00.000,17.7356
2025-07-18T09:19:00.000,17.7247
2025-07-18T09:20:00.000,17.7219
2025-07-18T09:21:00.000,17.7425
2025-07-18T09:22:00.000,17.7753
2025-07-18T09:23:00.000,17.8191
2025-07-18T09:24:00.000,17.8738
2025-07-18T09:25:00.000,17.9121
2025-07-18T09:26:00.000,17.9723
2025-07-18T09:27:00.000,18.0366
2025-07-18T09:28:00.000,18.0913
2025-07-18T09:29:00.000,18.1364
2025-07-18T09:30:00.000,18.1925
2025-07-18T09:31:00.000,18.2677
2025-07-18T09:32:00.000,18.3744
2025-07-18T09:33:00.000,18.4824
2025-07-18T09:34:00.000,18.5904
2025-07-18T09:35:00.000,18.6833
2025-07-18T09:36:00.000,18.7749
2025-07-18T09:37:00.000,18.8720
2025-07-18T09:38:00.000,18.9772
2025-07-18T09:39:00.000,19.0347
2025-07-18T09:40:00.000,19.0866
2025-07-18T09:41:00.000,19.1672
2025-07-18T09:42:00.000,19.2916
2025-07-18T09:43:00.000,19.3668
2025-07-18T09:44:00.000,19.4256
2025-07-18T09:45:00.000,19.4598
2025-07-18T09:46:00.000,19.4639
2025-07-18T09:47:00.000,19.4215
2025-07-18T09:48:00.000,19.3641
2025-07-18T09:49:00.000,19.2643
2025-07-18T09:50:00.000,19.0811
2025-07-18T09:51:00.000,18.8351
2025-07-18T09:52:00.000,18.5781
2025-07-18T09:53:00.000,18.2909
2025-07-18T09:54:00.000,17.9326
2025-07-18T09:55:00.000,17.5714
2025-07-18T09:56:00.000,17.2689
2025-07-18T09:57:00.000,17.0360
2025-07-18T09:58:00.000,16.8689
2025-07-18T09:59:00.000,16.7496
2025-07-18T10:00:00.000,16.6687
2025-07-18T10:01:00.000,16.6125
2025-07-18T10:02:00.000,16.5741
2025-07-18T10:03:00.000,16.5481
2025-07-18T10:04:00.000,16.5302
2025-07-18T10:05:00.000,16.5110
2025-07-18T10:06:00.000,16.4918
2025-07-18T10:07:00.000,16.4630
2025-07-18T10:08:00.000,16.4411
2025-07-18T10:09:00.000,16.4260
2025-07-18T10:10:00.000,16.4095
2025-07-18T10:11:00.000,16.3944
2025-07-18T10:12:00.000,16.3889
2025-07-18T10:13:00.000,16.3999
2025-07-18T10:14:00.000,16.4219
2025-07-18T10:15:00.000,16.4507
2025-07-18T10:16:00.000,16.4781
2025-07-18T10:17:00.000,16.4987
2025-07-18T10:18:00.000,16.4671
2025-07-18T10:19:00.000,16.4273
2025-07-18T10:20:00.000,16.4191
2025-07-18T10:21:00.000,16.4109
2025-07-18T10:22:00.000,16.3972
2025-07-18T10:23:00.000,16.4027
2025-07-18T10:24:00.000,16.4342
2025-07-18T10:25:00.000,16.4726
2025-07-18T10:26:00.000,16.5069
2025-07-18T10:27:00.000,16.5385
2025-07-18T10:28:00.000,16.5714
2025-07-18T10:29:00.000,16.5961
2025-07-18T10:30:00.000,16.6112
2025-07-18T10:31:00.000,16.6112
2025-07-18T10:32:00.000,16.5920
2025-07-18T10:33:00.000,16.5837
2025-07-18T10:34:00.000,16.5810
2025-07-18T10:35:00.000,16.5878
2025-07-18T10:36:00.000,16.6029
2025-07-18T10:37:00.000,16.6180
2025-07-18T10:38:00.000,16.6221
2025-07-18T10:39:00.000,16.6112
2025-07-18T10:40:00.000,16.5590
2025-07-18T10:41:00.000,16.5069
2025-07-18T10:42:00.000,16.4616
2025-07-18T10:43:00.000,16.4370
2025-07-18T10:44:00.000,16.4397
2025-07-18T10:45:00.000,16.4301
2025-07-18T10:46:00.000,16.4191
2025-07-18T10:47:00.000,16.4370
2025-07-18T10:48:00.000,16.4616
2025-07-18T10:49:00.000,16.4891
2025-07-18T10:50:00.000,16.4987
2025-07-18T10:51:00.000,16.4520
2025-07-18T10:52:00.000,16.4068
2025-07-18T10:53:00.000,16.3629
2025-07-18T10:54:00.000,16.3354
2025-07-18T10:55:00.000,16.2929
2025-07-18T10:56:00.000,16.2352
2025-07-18T10:57:00.000,16.1789
2025-07-18T10:58:00.000,16.1432
2025-07-18T10:59:00.000,16.1103
2025-07-18T11:00:00.000,16.0485
2025-07-18T11:01:00.000,16.0059
2025-07-18T11:02:00.000,15.9894
2025-07-18T11:03:00.000,15.9880
2025-07-18T11:04:00.000,15.9743
2025-07-18T11:05:00.000,15.9757
2025-07-18T11:06:00.000,15.9798
2025-07-18T11:07:00.000,15.9880
2025-07-18T11:08:00.000,16.0018
2025-07-18T11:09:00.000,15.9976
2025-07-18T11:10:00.000,16.0018
2025-07-18T11:11:00.000,16.0210
2025-07-18T11:12:00.000,16.0512
2025-07-18T11:13:00.000,16.0842
2025-07-18T11:14:00.000,16.1103
2025-07-18T11:15:00.000,16.1336
2025-07-18T11:16:00.000,16.1487
2025-07-18T11:17:00.000,16.1597
2025-07-18T11:18:00.000,16.1666
2025-07-18T11:19:00.000,16.1721
2025-07-18T11:20:00.000,16.1721
2025-07-18T11:21:00.000,16.1858
2025-07-18T11:22:00.000,16.1981
2025-07-18T11:23:00.000,16.2119
2025-07-18T11:24:00.000,16.2229
2025-07-18T11:25:00.000,16.2297
2025-07-18T11:26:00.000,16.2338
2025-07-18T11:27:00.000,16.2393
2025-07-18T11:28:00.000,16.2434
2025-07-18T11:29:00.000,16.2393
2025-07-18T11:30:00.000,16.2393
2025-07-18T11:31:00.000,16.2503
2025-07-18T11:32:00.000,16.2695
2025-07-18T11:33:00.000,16.2942
2025-07-18T11:34:00.000,16.3148
2025-07-18T11:35:00.000,16.3313
2025-07-18T11:36:00.000,16.3505
2025-07-18T11:37:00.000,16.3642
2025-07-18T11:38:00.000,16.3711
2025-07-18T11:39:00.000,16.3780
2025-07-18T11:40:00.000,16.3793
2025-07-18T11:41:00.000,16.3793
2025-07-18T11:42:00.000,16.3793
2025-07-18T11:43:00.000,16.3793
2025-07-18T11:44:00.000,16.3834
2025-07-18T11:45:00.000,16.3917
2025-07-18T11:46:00.000,16.3944
2025-07-18T11:47:00.000,16.3862
2025-07-18T11:48:00.000,16.3683
2025-07-18T11:49:00.000,16.3423
2025-07-18T11:50:00.000,16.2970
2025-07-18T11:51:00.000,16.2558
2025-07-18T11:52:00.000,16.2338
2025-07-18T11:53:00.000,16.2270
2025-07-18T11:54:00.000,16.2270
2025-07-18T11:55:00.000,16.2338
2025-07-18T11:56:00.000,16.2476
2025-07-18T11:57:00.000,16.2627
2025-07-18T11:58:00.000,16.2833
2025-07-18T11:59:00.000,16.3038
2025-07-18T12:00:00.000,16.3203
2025-07-18T12:01:00.000,16.3436
2025-07-18T12:02:00.000,16.3725
2025-07-18T12:03:00.000,16.4027
2025-07-18T12:04:00.000,16.4150
2025-07-18T12:05:00.000,16.4260
2025-07-18T12:06:00.000,16.4246
2025-07-18T12:07:00.000,16.3944
2025-07-18T12:08:00.000,16.3766
2025-07-18T12:09:00.000,16.3560
2025-07-18T12:10:00.000,16.3382
2025-07-18T12:11:00.000,16.3107
2025-07-18T12:12:00.000,16.3066
2025-07-18T12:13:00.000,16.3244
2025-07-18T12:14:00.000,16.3368
2025-07-18T12:15:00.000,16.3409
2025-07-18T12:16:00.000,16.3203
2025-07-18T12:17:00.000,16.2901
2025-07-18T12:18:00.000,16.2613
2025-07-18T12:19:00.000,16.2407
2025-07-18T12:20:00.000,16.2119
2025-07-18T12:21:00.000,16.1844
2025-07-18T12:22:00.000,16.1638
2025-07-18T12:23:00.000,16.1570
2025-07-18T12:24:00.000,16.1501
2025-07-18T12:25:00.000,16.1377
2025-07-18T12:26:00.000,16.1213
2025-07-18T12:27:00.000,16.0938
2025-07-18T12:28:00.000,16.0704
2025-07-18T12:29:00.000,16.0457
2025-07-18T12:30:00.000,16.0265
2025-07-18T12:31:00.000,16.0224
2025-07-18T12:32:00.000,16.0224
2025-07-18T12:33:00.000,16.0182
2025-07-18T12:34:00.000,16.0224
2025-07-18T12:35:00.000,16.0320
2025-07-18T12:36:00.000,16.0471
2025-07-18T12:37:00.000,16.0581
2025-07-18T12:38:00.000,16.0718
2025-07-18T12:39:00.000,16.0801
2025-07-18T12:40:00.000,16.0855
2025-07-18T12:41:00.000,16.0869
2025-07-18T12:42:00.000,16.0814
2025-07-18T12:43:00.000,16.0787
2025-07-18T12:44:00.000,16.0732
2025-07-18T12:45:00.000,16.0704
2025-07-18T12:46:00.000,16.0787
2025-07-18T12:47:00.000,16.1075
2025-07-18T12:48:00.000,16.1473
2025-07-18T12:49:00.000,16.1858
2025-07-18T12:50:00.000,16.2215
2025-07-18T12:51:00.000,16.2572
2025-07-18T12:52:00.000,16.2929
2025-07-18T12:53:00.000,16.3327
2025-07-18T12:54:00.000,16.3629
2025-07-18T12:55:00.000,16.3917
2025-07-18T12:56:00.000,16.4150
2025-07-18T12:57:00.000,16.4383
2025-07-18T12:58:00.000,16.4685
2025-07-18T12:59:00.000,16.4987
2025-07-18T13:00:00.000,16.5234
2025-07-18T13:01:00.000,16.5440
2025-07-18T13:02:00.000,16.5604
2025-07-18T13:03:00.000,16.5659
2025-07-18T13:04:00.000,16.5686
2025-07-18T13:05:00.000,16.5659
2025-07-18T13:06:00.000,16.5673
2025-07-18T13:07:00.000,16.5741
2025-07-18T13:08:00.000,16.5796
2025-07-18T13:09:00.000,16.5824
2025-07-18T13:10:00.000,16.5824
2025-07-18T13:11:00.000,16.5769
2025-07-18T13:12:00.000,16.5796
2025-07-18T13:13:00.000,16.5974
2025-07-18T13:14:00.000,16.6249
2025-07-18T13:15:00.000,16.6605
2025-07-18T13:16:00.000,16.6770
2025-07-18T13:17:00.000,16.6893
2025-07-18T13:18:00.000,16.7181
2025-07-18T13:19:00.000,16.7524
2025-07-18T13:20:00.000,16.7784
2025-07-18T13:21:00.000,16.7853
2025-07-18T13:22:00.000,16.7757
2025-07-18T13:23:00.000,16.7592
2025-07-18T13:24:00.000,16.7428
2025-07-18T13:25:00.000,16.7387
2025-07-18T13:26:00.000,16.7455
2025-07-18T13:27:00.000,16.7606
2025-07-18T13:28:00.000,16.7921
2025-07-18T13:29:00.000,16.8086
2025-07-18T13:30:00.000,16.8250
2025-07-18T13:31:00.000,16.8415
2025-07-18T13:32:00.000,16.8456
2025-07-18T13:33:00.000,16.8442
2025-07-18T13:34:00.000,16.8428
2025-07-18T13:35:00.000,16.8483
2025-07-18T13:36:00.000,16.8428
2025-07-18T13:37:00.000,16.8360
2025-07-18T13:38:00.000,16.8305
2025-07-18T13:39:00.000,16.8360
2025-07-18T13:40:00.000,16.8593
2025-07-18T13:41:00.000,16.8894
2025-07-18T13:42:00.000,16.9182
2025-07-18T13:43:00.000,16.9237
2025-07-18T13:44:00.000,16.9155
2025-07-18T13:45:00.000,16.8990
2025-07-18T13:46:00.000,16.8826
2025-07-18T13:47:00.000,16.8675
2025-07-18T13:48:00.000,16.8579
2025-07-18T13:49:00.000,16.8579
2025-07-18T13:50:00.000,16.8757
2025-07-18T13:51:00.000,16.9292
2025-07-18T13:52:00.000,16.9963
2025-07-18T13:53:00.000,17.0621
2025-07-18T13:54:00.000,17.1155
2025-07-18T13:55:00.000,17.1497
2025-07-18T13:56:00.000,17.1675
2025-07-18T13:57:00.000,17.1621
2025-07-18T13:58:00.000,17.1319
2025-07-18T13:59:00.000,17.0689
2025-07-18T14:00:00.000,16.9648
2025-07-18T14:01:00.000,16.8661
2025-07-18T14:02:00.000,16.7825
2025-07-18T14:03:00.000,16.7222
2025-07-18T14:04:00.000,16.6825
2025-07-18T14:05:00.000,16.6564
2025-07-18T14:06:00.000,16.6413
2025-07-18T14:07:00.000,16.6345
2025-07-18T14:08:00.000,16.6345
2025-07-18T14:09:00.000,16.6413
2025-07-18T14:10:00.000,16.6427
2025-07-18T14:11:00.000,16.6482
2025-07-18T14:12:00.000,16.6523
2025-07-18T14:13:00.000,16.6578
2025-07-18T14:14:00.000,16.6633
2025-07-18T14:15:00.000,16.6687
2025-07-18T14:16:00.000,16.6756
2025-07-18T14:17:00.000,16.6852
2025-07-18T14:18:00.000,16.6975
2025-07-18T14:19:00.000,16.7058
2025-07-18T14:20:00.000,16.7099
2025-07-18T14:21:00.000,16.7167
2025-07-18T14:22:00.000,16.7304
2025-07-18T14:23:00.000,16.7441
2025-07-18T14:24:00.000,16.7524
2025-07-18T14:25:00.000,16.7620
2025-07-18T14:26:00.000,16.7757
2025-07-18T14:27:00.000,16.7825
2025-07-18T14:28:00.000,16.7894
2025-07-18T14:29:00.000,16.7990
2025-07-18T14:30:00.000,16.8099
2025-07-18T14:31:00.000,16.8250
2025-07-18T14:32:00.000,16.8442
2025-07-18T14:33:00.000,16.8620
2025-07-18T14:34:00.000,16.8565
2025-07-18T14:35:00.000,16.8374
2025-07-18T14:36:00.000,16.8319
2025-07-18T14:37:00.000,16.8319
2025-07-18T14:38:00.000,16.8291
2025-07-18T14:39:00.000,16.8291
2025-07-18T14:40:00.000,16.8195
2025-07-18T14:41:00.000,16.7990
2025-07-18T14:42:00.000,16.7908
2025-07-18T14:43:00.000,16.8031
2025-07-18T14:44:00.000,16.8552
2025-07-18T14:45:00.000,16.8963
2025-07-18T14:46:00.000,16.9607
2025-07-18T14:47:00.000,17.0059
2025-07-18T14:48:00.000,17.0813
2025-07-18T14:49:00.000,17.1566
2025-07-18T14:50:00.000,17.2045
2025-07-18T14:51:00.000,17.2470
2025-07-18T14:52:00.000,17.2922
2025-07-18T14:53:00.000,17.3401
2025-07-18T14:54:00.000,17.3812
2025-07-18T14:55:00.000,17.4044
2025-07-18T14:56:00.000,17.4510
2025-07-18T14:57:00.000,17.5016
2025-07-18T14:58:00.000,17.5591
2025-07-18T14:59:00.000,17.6111
2025-07-18T15:00:00.000,17.6576
2025-07-18T15:01:00.000,17.6932
2025-07-18T15:02:00.000,17.7343
2025-07-18T15:03:00.000,17.7644
2025-07-18T15:04:00.000,17.7890
2025-07-18T15:05:00.000,17.7863
2025-07-18T15:06:00.000,17.7999
2025-07-18T15:07:00.000,17.8013
2025-07-18T15:08:00.000,17.7753
2025-07-18T15:09:00.000,17.7603
2025-07-18T15:10:00.000,17.7219
2025-07-18T15:11:00.000,17.7315
2025-07-18T15:12:00.000,17.7137
2025-07-18T15:13:00.000,17.7165
2025-07-18T15:14:00.000,17.6905
2025-07-18T15:15:00.000,17.6782
2025-07-18T15:16:00.000,17.6741
2025-07-18T15:17:00.000,17.6166
2025-07-18T15:18:00.000,17.5440
2025-07-18T15:19:00.000,17.4633
2025-07-18T15:20:00.000,17.4277
2025-07-18T15:21:00.000,17.3798
2025-07-18T15:22:00.000,17.3031
2025-07-18T15:23:00.000,17.2086
2025-07-18T15:24:00.000,17.1251
2025-07-18T15:25:00.000,17.0607
2025-07-18T15:26:00.000,17.0059
2025-07-18T15:27:00.000,16.9347
2025-07-18T15:28:00.000,16.8730
2025-07-18T15:29:00.000,16.8387
2025-07-18T15:30:00.000,16.8195
2025-07-18T15:31:00.000,16.8182
2025-07-18T15:32:00.000,16.8470
2025-07-18T15:33:00.000,16.8963
2025-07-18T15:34:00.000,16.9429
2025-07-18T15:35:00.000,16.9675
2025-07-18T15:36:00.000,16.9854
2025-07-18T15:37:00.000,17.0182
2025-07-18T15:38:00.000,17.0730
2025-07-18T15:39:00.000,17.1607
2025-07-18T15:40:00.000,17.2511
2025-07-18T15:41:00.000,17.3305
2025-07-18T15:42:00.000,17.3579
2025-07-18T15:43:00.000,17.3469
2025-07-18T15:44:00.000,17.3154
2025-07-18T15:45:00.000,17.2949
2025-07-18T15:46:00.000,17.2716
2025-07-18T15:47:00.000,17.2730
2025-07-18T15:48:00.000,17.2785
2025-07-18T15:49:00.000,17.2771
2025-07-18T15:50:00.000,17.2839
2025-07-18T15:51:00.000,17.3086
2025-07-18T15:52:00.000,17.3278
2025-07-18T15:53:00.000,17.3661
2025-07-18T15:54:00.000,17.3894
2025-07-18T15:55:00.000,17.4113
2025-07-18T15:56:00.000,17.4482
2025-07-18T15:57:00.000,17.4359
2025-07-18T15:58:00.000,17.4250
2025-07-18T15:59:00.000,17.4893
2025-07-18T16:00:00.000,17.5810
2025-07-18T16:01:00.000,17.6604
2025-07-18T16:02:00.000,17.7178
2025-07-18T16:03:00.000,17.6932
2025-07-18T16:04:00.000,17.6398
2025-07-18T16:05:00.000,17.5399
2025-07-18T16:06:00.000,17.4756
2025-07-18T16:07:00.000,17.4031
2025-07-18T16:08:00.000,17.3661
2025-07-18T16:09:00.000,17.3017
2025-07-18T16:10:00.000,17.2210
2025-07-18T16:11:00.000,17.1360
2025-07-18T16:12:00.000,17.0497
2025-07-18T16:13:00.000,16.9854
2025-07-18T16:14:00.000,16.9730
2025-07-18T16:15:00.000,17.0059
2025-07-18T16:16:00.000,17.0169
2025-07-18T16:17:00.000,16.9730
2025-07-18T16:18:00.000,16.9511
2025-07-18T16:19:00.000,16.9100
2025-07-18T16:20:00.000,16.8798
2025-07-18T16:21:00.000,16.8428
2025-07-18T16:22:00.000,16.7784
2025-07-18T16:23:00.000,16.7085
2025-07-18T16:24:00.000,16.6468
2025-07-18T16:25:00.000,16.7908
2025-07-18T16:26:00.000,16.8949
2025-07-18T16:27:00.000,16.9114
2025-07-18T16:28:00.000,16.8785
2025-07-18T16:29:00.000,16.8154
2025-07-18T16:30:00.000,16.7675
2025-07-18T16:31:00.000,16.7346
2025-07-18T16:32:00.000,16.7263
2025-07-18T16:33:00.000,16.7510
2025-07-18T16:34:00.000,16.7894
2025-07-18T16:35:00.000,16.8072
2025-07-18T16:36:00.000,16.8072
2025-07-18T16:37:00.000,16.7784
2025-07-18T16:38:00.000,16.7510
2025-07-18T16:39:00.000,16.7318
2025-07-18T16:40:00.000,16.7277
2025-07-18T16:41:00.000,16.7346
2025-07-18T16:42:00.000,16.7510
2025-07-18T16:43:00.000,16.7688
2025-07-18T16:44:00.000,16.7949
2025-07-18T16:45:00.000,16.8223
2025-07-18T16:46:00.000,16.8497
2025-07-18T16:47:00.000,16.9155
2025-07-18T16:48:00.000,16.9689
2025-07-18T16:49:00.000,16.9730
2025-07-18T16:50:00.000,16.9812
2025-07-18T16:51:00.000,16.9758
2025-07-18T16:52:00.000,16.9744
2025-07-18T16:53:00.000,16.9552
2025-07-18T16:54:00.000,16.9429
2025-07-18T16:55:00.000,16.9374
2025-07-18T16:56:00.000,16.9168
2025-07-18T16:57:00.000,16.9155
2025-07-18T16:58:00.000,16.9237
2025-07-18T16:59:00.000,16.9319
2025-07-18T17:00:00.000,16.9182
2025-07-18T17:01:00.000,16.8949
2025-07-18T17:02:00.000,16.8552
2025-07-18T17:03:00.000,16.8182
2025-07-18T17:04:00.000,16.7921
2025-07-18T17:05:00.000,16.7784
2025-07-18T17:06:00.000,16.7702
2025-07-18T17:07:00.000,16.7496
2025-07-18T17:08:00.000,16.7167
2025-07-18T17:09:00.000,16.6825
2025-07-18T17:10:00.000,16.6605
2025-07-18T17:11:00.000,16.6564
2025-07-18T17:12:00.000,16.6591
2025-07-18T17:13:00.000,16.6619
2025-07-18T17:14:00.000,16.6564
2025-07-18T17:15:00.000,16.6633
2025-07-18T17:16:00.000,16.6715
2025-07-18T17:17:00.000,16.6715
2025-07-18T17:18:00.000,16.6756
2025-07-18T17:19:00.000,16.6687
2025-07-18T17:20:00.000,16.6619
2025-07-18T17:21:00.000,16.6495
2025-07-18T17:22:00.000,16.6386
2025-07-18T17:23:00.000,16.6249
2025-07-18T17:24:00.000,16.6070
2025-07-18T17:25:00.000,16.6029
2025-07-18T17:26:00.000,16.5961
2025-07-18T17:27:00.000,16.5906
2025-07-18T17:28:00.000,16.5865
2025-07-18T17:29:00.000,16.5906
2025-07-18T17:30:00.000,16.5961
2025-07-18T17:31:00.000,16.6084
2025-07-18T17:32:00.000,16.6276
2025-07-18T17:33:00.000,16.6550
2025-07-18T17:34:00.000,16.6756
2025-07-18T17:35:00.000,16.6907
2025-07-18T17:36:00.000,16.6907
2025-07-18T17:37:00.000,16.6989
2025-07-18T17:38:00.000,16.7044
2025-07-18T17:39:00.000,16.7044
2025-07-18T17:40:00.000,16.6948
2025-07-18T17:41:00.000,16.6852
2025-07-18T17:42:00.000,16.6825
2025-07-18T17:43:00.000,16.6852
2025-07-18T17:44:00.000,16.6989
2025-07-18T17:45:00.000,16.7154
2025-07-18T17:46:00.000,16.7250
2025-07-18T17:47:00.000,16.7304
2025-07-18T17:48:00.000,16.7318
2025-07-18T17:49:00.000,16.7359
2025-07-18T17:50:00.000,16.7455
2025-07-18T17:51:00.000,16.7565
2025-07-18T17:52:00.000,16.7633
2025-07-18T17:53:00.000,16.7757
2025-07-18T17:54:00.000,16.7825
2025-07-18T17:55:00.000,16.7921
2025-07-18T17:56:00.000,16.7990
2025-07-18T17:57:00.000,16.7976
2025-07-18T17:58:00.000,16.7949
2025-07-18T17:59:00.000,16.7935
2025-07-18T18:00:00.000,16.7949
2025-07-18T18:01:00.000,16.7921
2025-07-18T18:02:00.000,16.7908
2025-07-18T18:03:00.000,16.7976
2025-07-18T18:04:00.000,16.8031
2025-07-18T18:05:00.000,16.8058
2025-07-18T18:06:00.000,16.8045
2025-07-18T18:07:00.000,16.8058
2025-07-18T18:08:00.000,16.8017
2025-07-18T18:09:00.000,16.7949
2025-07-18T18:10:00.000,16.7908
2025-07-18T18:11:00.000,16.7894
2025-07-18T18:12:00.000,16.7894
2025-07-18T18:13:00.000,16.7921
2025-07-18T18:14:00.000,16.7962
2025-07-18T18:15:00.000,16.8004
2025-07-18T18:16:00.000,16.8058
2025-07-18T18:17:00.000,16.8099
2025-07-18T18:18:00.000,16.8195
2025-07-18T18:19:00.000,16.8250
2025-07-18T18:20:00.000,16.8223
2025-07-18T18:21:00.000,16.8209
2025-07-18T18:22:00.000,16.8195
2025-07-18T18:23:00.000,16.8195
2025-07-18T18:24:00.000,16.8264
2025-07-18T18:25:00.000,16.8319
2025-07-18T18:26:00.000,16.8374
2025-07-18T18:27:00.000,16.8387
2025-07-18T18:28:00.000,16.8360
2025-07-18T18:29:00.000,16.8360
2025-07-18T18:30:00.000,16.8360
2025-07-18T18:31:00.000,16.8360
2025-07-18T18:32:00.000,16.8332
2025-07-18T18:33:00.000,16.8332
2025-07-18T18:34:00.000,16.8346
2025-07-18T18:35:00.000,16.8401
2025-07-18T18:36:00.000,16.8456
2025-07-18T18:37:00.000,16.8470
2025-07-18T18:38:00.000,16.8511
2025-07-18T18:39:00.000,16.8524
2025-07-18T18:40:00.000,16.8565
2025-07-18T18:41:00.000,16.8620
2025-07-18T18:42:00.000,16.8661
2025-07-18T18:43:00.000,16.8675
2025-07-18T18:44:00.000,16.8689
2025-07-18T18:45:00.000,16.8689
2025-07-18T18:46:00.000,16.8620
2025-07-18T18:47:00.000,16.8552
2025-07-18T18:48:00.000,16.8456
2025-07-18T18:49:00.000,16.8360
2025-07-18T18:50:00.000,16.8291
2025-07-18T18:51:00.000,16.8223
2025-07-18T18:52:00.000,16.8182
2025-07-18T18:53:00.000,16.8127
2025-07-18T18:54:00.000,16.8086
2025-07-18T18:55:00.000,16.8058
2025-07-18T18:56:00.000,16.8045
2025-07-18T18:57:00.000,16.8045
2025-07-18T18:58:00.000,16.8031
2025-07-18T18:59:00.000,16.8045
2025-07-18T19:00:00.000,16.8031
2025-07-18T19:01:00.000,16.7976
2025-07-18T19:02:00.000,16.7921
2025-07-18T19:03:00.000,16.7853
2025-07-18T19:04:00.000,16.7770
2025-07-18T19:05:00.000,16.7675
2025-07-18T19:06:00.000,16.7592
2025-07-18T19:07:00.000,16.7510
2025-07-18T19:08:00.000,16.7469
2025-07-18T19:09:00.000,16.7455
2025-07-18T19:10:00.000,16.7469
2025-07-18T19:11:00.000,16.7455
2025-07-18T19:12:00.000,16.7469
2025-07-18T19:13:00.000,16.7510
2025-07-18T19:14:00.000,16.7565
2025-07-18T19:15:00.000,16.7633
2025-07-18T19:16:00.000,16.7770
2025-07-18T19:17:00.000,16.7866
2025-07-18T19:18:00.000,16.7949
2025-07-18T19:19:00.000,16.8045
2025-07-18T19:20:00.000,16.8141
2025-07-18T19:21:00.000,16.8209
2025-07-18T19:22:00.000,16.8250
2025-07-18T19:23:00.000,16.8250
2025-07-18T19:24:00.000,16.8237
2025-07-18T19:25:00.000,16.8182
2025-07-18T19:26:00.000,16.8127
2025-07-18T19:27:00.000,16.8058
2025-07-18T19:28:00.000,16.7949
2025-07-18T19:29:00.000,16.7880
2025-07-18T19:30:00.000,16.7825
2025-07-18T19:31:00.000,16.7743
2025-07-18T19:32:00.000,16.7661
2025-07-18T19:33:00.000,16.7620
2025-07-18T19:34:00.000,16.7551
2025-07-18T19:35:00.000,16.7483
2025-07-18T19:36:00.000,16.7441
2025-07-18T19:37:00.000,16.7400
2025-07-18T19:38:00.000,16.7359
2025-07-18T19:39:00.000,16.7318
2025-07-18T19:40:00.000,16.7263
2025-07-18T19:41:00.000,16.7222
2025-07-18T19:42:00.000,16.7181
2025-07-18T19:43:00.000,16.7154
2025-07-18T19:44:00.000,16.7126
2025-07-18T19:45:00.000,16.7099
2025-07-18T19:46:00.000,16.7071
2025-07-18T19:47:00.000,16.7058
2025-07-18T19:48:00.000,16.7071
2025-07-18T19:49:00.000,16.7058
2025-07-18T19:50:00.000,16.7085
2025-07-18T19:51:00.000,16.7058
2025-07-18T19:52:00.000,16.7044
2025-07-18T19:53:00.000,16.7044
2025-07-18T19:54:00.000,16.7030
2025-07-18T19:55:00.000,16.7003
2025-07-18T19:56:00.000,16.6975
2025-07-18T19:57:00.000,16.6921
2025-07-18T19:58:00.000,16.6838
2025-07-18T19:59:00.000,16.6729
2025-07-18T20:00:00.000,16.6605
2025-07-18T20:01:00.000,16.6482
2025-07-18T20:02:00.000,16.6386
2025-07-18T20:03:00.000,16.6276
2025-07-18T20:04:00.000,16.6180
2025-07-18T20:05:00.000,16.6084
2025-07-18T20:06:00.000,16.6002
2025-07-18T20:07:00.000,16.5961
2025-07-18T20:08:00.000,16.5865
2025-07-18T20:09:00.000,16.5782
2025-07-18T20:10:00.000,16.5700
2025-07-18T20:11:00.000,16.5618
2025-07-18T20:12:00.000,16.5536
2025-07-18T20:13:00.000,16.5412
2025-07-18T20:14:00.000,16.5275
2025-07-18T20:15:00.000,16.5151
2025-07-18T20:16:00.000,16.5042
2025-07-18T20:17:00.000,16.4946
2025-07-18T20:18:00.000,16.4891
2025-07-18T20:19:00.000,16.4836
2025-07-18T20:20:00.000,16.4781
2025-07-18T20:21:00.000,16.4726
2025-07-18T20:22:00.000,16.4685
2025-07-18T20:23:00.000,16.4630
2025-07-18T20:24:00.000,16.4630
2025-07-18T20:25:00.000,16.4575
2025-07-18T20:26:00.000,16.4534
2025-07-18T20:27:00.000,16.4479
2025-07-18T20:28:00.000,16.4438
2025-07-18T20:29:00.000,16.4397
2025-07-18T20:30:00.000,16.4356
2025-07-18T20:31:00.000,16.4287
2025-07-18T20:32:00.000,16.4219
2025-07-18T20:33:00.000,16.4150
2025-07-18T20:34:00.000,16.4081
2025-07-18T20:35:00.000,16.4013
2025-07-18T20:36:00.000,16.3972
2025-07-18T20:37:00.000,16.3930
2025-07-18T20:38:00.000,16.3903
2025-07-18T20:39:00.000,16.3889
2025-07-18T20:40:00.000,16.3876
2025-07-18T20:41:00.000,16.3917
2025-07-18T20:42:00.000,16.3903
2025-07-18T20:43:00.000,16.3876
2025-07-18T20:44:00.000,16.3862
2025-07-18T20:45:00.000,16.3848
2025-07-18T20:46:00.000,16.3821
2025-07-18T20:47:00.000,16.3793
2025-07-18T20:48:00.000,16.3752
2025-07-18T20:49:00.000,16.3711
2025-07-18T20:50:00.000,16.3670
2025-07-18T20:51:00.000,16.3629
2025-07-18T20:52:00.000,16.3601
2025-07-18T20:53:00.000,16.3560
2025-07-18T20:54:00.000,16.3519
2025-07-18T20:55:00.000,16.3491
2025-07-18T20:56:00.000,16.3450
2025-07-18T20:57:00.000,16.3436
2025-07-18T20:58:00.000,16.3464
2025-07-18T20:59:00.000,16.3450
2025-07-18T21:00:00.000,16.3436
2025-07-18T21:01:00.000,16.3436
2025-07-18T21:02:00.000,16.3423
2025-07-18T21:03:00.000,16.3423
2025-07-18T21:04:00.000,16.3409
2025-07-18T21:05:00.000,16.3423
2025-07-18T21:06:00.000,16.3423
2025-07-18T21:07:00.000,16.3450
2025-07-18T21:08:00.000,16.3478
2025-07-18T21:09:00.000,16.3478
2025-07-18T21:10:00.000,16.3478
2025-07-18T21:11:00.000,16.3478
2025-07-18T21:12:00.000,16.3478
2025-07-18T21:13:00.000,16.3491
2025-07-18T21:14:00.000,16.3505
2025-07-18T21:15:00.000,16.3546
2025-07-18T21:16:00.000,16.3546
2025-07-18T21:17:00.000,16.3546
2025-07-18T21:18:00.000,16.3546
2025-07-18T21:19:00.000,16.3546
2025-07-18T21:20:00.000,16.3546
2025-07-18T21:21:00.000,16.3546
2025-07-18T21:22:00.000,16.3546
2025-07-18T21:23:00.000,16.3546
2025-07-18T21:24:00.000,16.3533
2025-07-18T21:25:00.000,16.3533
2025-07-18T21:26:00.000,16.3533
2025-07-18T21:27:00.000,16.3533
2025-07-18T21:28:00.000,16.3533
2025-07-18T21:29:00.000,16.3533
2025-07-18T21:30:00.000,16.3533
2025-07-18T21:31:00.000,16.3546
2025-07-18T21:32:00.000,16.3574
2025-07-18T21:33:00.000,16.3574
2025-07-18T21:34:00.000,16.3574
2025-07-18T21:35:00.000,16.3574
2025-07-18T21:36:00.000,16.3587
2025-07-18T21:37:00.000,16.3601
2025-07-18T21:38:00.000,16.3642
2025-07-18T21:39:00.000,16.3656
2025-07-18T21:40:00.000,16.3670
2025-07-18T21:41:00.000,16.3697
2025-07-18T21:42:00.000,16.3711
2025-07-18T21:43:00.000,16.3738
2025-07-18T21:44:00.000,16.3752
2025-07-18T21:45:00.000,16.3766
2025-07-18T21:46:00.000,16.3780
2025-07-18T21:47:00.000,16.3793
2025-07-18T21:48:00.000,16.3848
2025-07-18T21:49:00.000,16.3848
2025-07-18T21:50:00.000,16.3848
2025-07-18T21:51:00.000,16.3862
2025-07-18T21:52:00.000,16.3862
2025-07-18T21:53:00.000,16.3876
2025-07-18T21:54:00.000,16.3889
2025-07-18T21:55:00.000,16.3917
2025-07-18T21:56:00.000,16.3958
2025-07-18T21:57:00.000,16.4040
2025-07-18T21:58:00.000,16.4068
2025-07-18T21:59:00.000,16.4054
2025-07-18T22:00:00.000,16.4054
2025-07-18T22:01:00.000,16.4054
2025-07-18T22:02:00.000,16.4054
2025-07-18T22:03:00.000,16.4054
2025-07-18T22:04:00.000,16.4054
2025-07-18T22:05:00.000,16.4068
2025-07-18T22:06:00.000,16.4150
2025-07-18T22:07:00.000,16.4232
2025-07-18T22:08:00.000,16.4342
2025-07-18T22:09:00.000,16.4383
2025-07-18T22:10:00.000,16.4397
2025-07-18T22:11:00.000,16.4424
2025-07-18T22:12:00.000,16.4507
2025-07-18T22:13:00.000,16.4589
2025-07-18T22:14:00.000,16.4630
2025-07-18T22:15:00.000,16.4644
2025-07-18T22:16:00.000,16.4644
2025-07-18T22:17:00.000,16.4644
2025-07-18T22:18:00.000,16.4658
2025-07-18T22:19:00.000,16.4671
2025-07-18T22:20:00.000,16.4713
2025-07-18T22:21:00.000,16.4767
2025-07-18T22:22:00.000,16.4809
2025-07-18T22:23:00.000,16.4850
2025-07-18T22:24:00.000,16.4836
2025-07-18T22:25:00.000,16.4809
2025-07-18T22:26:00.000,16.4781
2025-07-18T22:27:00.000,16.4713
2025-07-18T22:28:00.000,16.4671
2025-07-18T22:29:00.000,16.4644
2025-07-18T22:30:00.000,16.4616
2025-07-18T22:31:00.000,16.4589
2025-07-18T22:32:00.000,16.4562
2025-07-18T22:33:00.000,16.4493
2025-07-18T22:34:00.000,16.4383
2025-07-18T22:35:00.000,16.4260
2025-07-18T22:36:00.000,16.4164
2025-07-18T22:37:00.000,16.4068
2025-07-18T22:38:00.000,16.3985
2025-07-18T22:39:00.000,16.3917
2025-07-18T22:40:00.000,16.3876
2025-07-18T22:41:00.000,16.3780
2025-07-18T22:42:00.000,16.3560
2025-07-18T22:43:00.000,16.3299
2025-07-18T22:44:00.000,16.2997
2025-07-18T22:45:00.000,16.2544
2025-07-18T22:46:00.000,16.1954
2025-07-18T22:47:00.000,16.1281
2025-07-18T22:48:00.000,16.0265
2025-07-18T22:49:00.000,15.8960
2025-07-18T22:50:00.000,15.7874
2025-07-18T22:51:00.000,15.6925
2025-07-18T22:52:00.000,15.6210
2025-07-18T22:53:00.000,15.5604
2025-07-18T22:54:00.000,15.4903
2025-07-18T22:55:00.000,15.4256
2025-07-18T22:56:00.000,15.3650
2025-07-18T22:57:00.000,15.3168
2025-07-18T22:58:00.000,15.2755
2025-07-18T22:59:00.000,15.2438
2025-07-18T23:00:00.000,15.2204
2025-07-18T23:01:00.000,15.1914
2025-07-18T23:02:00.000,15.1611
2025-07-18T23:03:00.000,15.1404
2025-07-18T23:04:00.000,15.1129
2025-07-18T23:05:00.000,15.0839
2025-07-18T23:06:00.000,15.0591
2025-07-18T23:07:00.000,15.0329
2025-07-18T23:08:00.000,15.0109
2025-07-18T23:09:00.000,14.9819
2025-07-18T23:10:00.000,14.9543
2025-07-18T23:11:00.000,14.9309
2025-07-18T23:12:00.000,14.9074
2025-07-18T23:13:00.000,14.8784
2025-07-18T23:14:00.000,14.8481
2025-07-18T23:15:00.000,14.8205
2025-07-18T23:16:00.000,14.7956
2025-07-18T23:17:00.000,14.7777
2025-07-18T23:18:00.000,14.7556
2025-07-18T23:19:00.000,14.7294
2025-07-18T23:20:00.000,14.7018
2025-07-18T23:21:00.000,14.6783
2025-07-18T23:22:00.000,14.6590
2025-07-18T23:23:00.000,14.6410
2025-07-18T23:24:00.000,14.6230
2025-07-18T23:25:00.000,14.6065
2025-07-18T23:26:00.000,14.5913
2025-07-18T23:27:00.000,14.5830
2025-07-18T23:28:00.000,14.5719
2025-07-18T23:29:00.000,14.5609
2025-07-18T23:30:00.000,14.5540
2025-07-18T23:31:00.000,14.5484
2025-07-18T23:32:00.000,14.5374
2025-07-18T23:33:00.000,14.5277
2025-07-18T23:34:00.000,14.5208
2025-07-18T23:35:00.000,14.5180
2025-07-18T23:36:00.000,14.5167
2025-07-18T23:37:00.000,14.5167
2025-07-18T23:38:00.000,14.5194
2025-07-18T23:39:00.000,14.5249
2025-07-18T23:40:00.000,14.5305
2025-07-18T23:41:00.000,14.5374
2025-07-18T23:42:00.000,14.5429
2025-07-18T23:43:00.000,14.5471
2025-07-18T23:44:00.000,14.5540
2025-07-18T23:45:00.000,14.5664
2025-07-18T23:46:00.000,14.5775
2025-07-18T23:47:00.000,14.5857
2025-07-18T23:48:00.000,14.5954
2025-07-18T23:49:00.000,14.5982
2025-07-18T23:50:00.000,14.5996
2025-07-18T23:51:00.000,14.5996
2025-07-18T23:52:00.000,14.6009
2025-07-18T23:53:00.000,14.6037
2025-07-18T23:54:00.000,14.6051
2025-07-18T23:55:00.000,14.6092
2025-07-18T23:56:00.000,14.6134
2025-07-18T23:57:00.000,14.6189
2025-07-18T23:58:00.000,14.6217
2025-07-18T23:59:00.000,14.6244
2025-07-19T00:00:00.000,14.6272
2025-07-19T00:01:00.000,14.6300
2025-07-19T00:02:00.000,14.6327
2025-07-19T00:03:00.000,14.6341
2025-07-19T00:04:00.000,14.6355
2025-07-19T00:05:00.000,14.6410
2025-07-19T00:06:00.000,14.6424
2025-07-19T00:07:00.000,14.6438
2025-07-19T00:08:00.000,14.6465
2025-07-19T00:09:00.000,14.6479
2025-07-19T00:10:00.000,14.6507
2025-07-19T00:11:00.000,14.6507
2025-07-19T00:12:00.000,14.6507
2025-07-19T00:13:00.000,14.6507
2025-07-19T00:14:00.000,14.6521
2025-07-19T00:15:00.000,14.6534
2025-07-19T00:16:00.000,14.6548
2025-07-19T00:17:00.000,14.6562
2025-07-19T00:18:00.000,14.6590
2025-07-19T00:19:00.000,14.6617
2025-07-19T00:20:00.000,14.6659
2025-07-19T00:21:00.000,14.6686
2025-07-19T00:22:00.000,14.6755
2025-07-19T00:23:00.000,14.6769
2025-07-19T00:24:00.000,14.6783
2025-07-19T00:25:00.000,14.6797
2025-07-19T00:26:00.000,14.6811
2025-07-19T00:27:00.000,14.6824
2025-07-19T00:28:00.000,14.6824
2025-07-19T00:29:00.000,14.6824
2025-07-19T00:30:00.000,14.6824
2025-07-19T00:31:00.000,14.6824
2025-07-19T00:32:00.000,14.6852
2025-07-19T00:33:00.000,14.6852
2025-07-19T00:34:00.000,14.6893
2025-07-19T00:35:00.000,14.7004
2025-07-19T00:36:00.000,14.7101
2025-07-19T00:37:00.000,14.7252
2025-07-19T00:38:00.000,14.7391
2025-07-19T00:39:00.000,14.7529
2025-07-19T00:40:00.000,14.7529
2025-07-19T00:41:00.000,14.7542
2025-07-19T00:42:00.000,14.7542
2025-07-19T00:43:00.000,14.7542
2025-07-19T00:44:00.000,14.7584
2025-07-19T00:45:00.000,14.7611
2025-07-19T00:46:00.000,14.7639
2025-07-19T00:47:00.000,14.7653
2025-07-19T00:48:00.000,14.7680
2025-07-19T00:49:00.000,14.7708
2025-07-19T00:50:00.000,14.7763
2025-07-19T00:51:00.000,14.7818
2025-07-19T00:52:00.000,14.7860
2025-07-19T00:53:00.000,14.7887
2025-07-19T00:54:00.000,14.7901
2025-07-19T00:55:00.000,14.7901
2025-07-19T00:56:00.000,14.7943
2025-07-19T00:57:00.000,14.7929
2025-07-19T00:58:00.000,14.7915
2025-07-19T00:59:00.000,14.7915
2025-07-19T01:00:00.000,14.7915
2025-07-19T01:01:00.000,14.7901
2025-07-19T01:02:00.000,14.7901
2025-07-19T01:03:00.000,14.7901
2025-07-19T01:04:00.000,14.7887
2025-07-19T01:05:00.000,14.7874
2025-07-19T01:06:00.000,14.7860
2025-07-19T01:07:00.000,14.7846
2025-07-19T01:08:00.000,14.7846
2025-07-19T01:09:00.000,14.7832
2025-07-19T01:10:00.000,14.7805
2025-07-19T01:11:00.000,14.7777
2025-07-19T01:12:00.000,14.7736
2025-07-19T01:13:00.000,14.7736
2025-07-19T01:14:00.000,14.7722
2025-07-19T01:15:00.000,14.7722
2025-07-19T01:16:00.000,14.7736
2025-07-19T01:17:00.000,14.7777
2025-07-19T01:18:00.000,14.7818
2025-07-19T01:19:00.000,14.7846
2025-07-19T01:20:00.000,14.7901
2025-07-19T01:21:00.000,14.7943
2025-07-19T01:22:00.000,14.7984
2025-07-19T01:23:00.000,14.8026
2025-07-19T01:24:00.000,14.8095
2025-07-19T01:25:00.000,14.8205
2025-07-19T01:26:00.000,14.8357
2025-07-19T01:27:00.000,14.8481
2025-07-19T01:28:00.000,14.8536
2025-07-19T01:29:00.000,14.8550
2025-07-19T01:30:00.000,14.8578
2025-07-19T01:31:00.000,14.8578
2025-07-19T01:32:00.000,14.8591
2025-07-19T01:33:00.000,14.8619
2025-07-19T01:34:00.000,14.8688
2025-07-19T01:35:00.000,14.8771
2025-07-19T01:36:00.000,14.8867
2025-07-19T01:37:00.000,14.8964
2025-07-19T01:38:00.000,14.9047
2025-07-19T01:39:00.000,14.9143
2025-07-19T01:40:00.000,14.9254
2025-07-19T01:41:00.000,14.9364
2025-07-19T01:42:00.000,14.9488
2025-07-19T01:43:00.000,14.9612
2025-07-19T01:44:00.000,14.9833
2025-07-19T01:45:00.000,15.0205
2025-07-19T01:46:00.000,15.0674
2025-07-19T01:47:00.000,15.1101
2025-07-19T01:48:00.000,15.1377
2025-07-19T01:49:00.000,15.1584
2025-07-19T01:50:00.000,15.1721
2025-07-19T01:51:00.000,15.1901
2025-07-19T01:52:00.000,15.2066
2025-07-19T01:53:00.000,15.2231
2025-07-19T01:54:00.000,15.2397
2025-07-19T01:55:00.000,15.2548
2025-07-19T01:56:00.000,15.2755
2025-07-19T01:57:00.000,15.2961
2025-07-19T01:58:00.000,15.3127
2025-07-19T01:59:00.000,15.3251
2025-07-19T02:00:00.000,15.3361
2025-07-19T02:01:00.000,15.3471
2025-07-19T02:02:00.000,15.3609
2025-07-19T02:03:00.000,15.3760
2025-07-19T02:04:00.000,15.3953
2025-07-19T02:05:00.000,15.4077
2025-07-19T02:06:00.000,15.4187
2025-07-19T02:07:00.000,15.4269
2025-07-19T02:08:00.000,15.4311
2025-07-19T02:09:00.000,15.4311
2025-07-19T02:10:00.000,15.4297
2025-07-19T02:11:00.000,15.4297
2025-07-19T02:12:00.000,15.4311
2025-07-19T02:13:00.000,15.4352
2025-07-19T02:14:00.000,15.4407
2025-07-19T02:15:00.000,15.4503
2025-07-19T02:16:00.000,15.4614
2025-07-19T02:17:00.000,15.4737
2025-07-19T02:18:00.000,15.4820
2025-07-19T02:19:00.000,15.4958
2025-07-19T02:20:00.000,15.5109
2025-07-19T02:21:00.000,15.5315
2025-07-19T02:22:00.000,15.5467
2025-07-19T02:23:00.000,15.5604
2025-07-19T02:24:00.000,15.5756
2025-07-19T02:25:00.000,15.5893
2025-07-19T02:26:00.000,15.6003
2025-07-19T02:27:00.000,15.6086
2025-07-19T02:28:00.000,15.6141
2025-07-19T02:29:00.000,15.6182
2025-07-19T02:30:00.000,15.6210
2025-07-19T02:31:00.000,15.6279
2025-07-19T02:32:00.000,15.6375
2025-07-19T02:33:00.000,15.6471
2025-07-19T02:34:00.000,15.6554
2025-07-19T02:35:00.000,15.6595
2025-07-19T02:36:00.000,15.6595
2025-07-19T02:37:00.000,15.6595
2025-07-19T02:38:00.000,15.6609
2025-07-19T02:39:00.000,15.6540
2025-07-19T02:40:00.000,15.6471
2025-07-19T02:41:00.000,15.6361
2025-07-19T02:42:00.000,15.6292
2025-07-19T02:43:00.000,15.6237
2025-07-19T02:44:00.000,15.6223
2025-07-19T02:45:00.000,15.6210
2025-07-19T02:46:00.000,15.6210
2025-07-19T02:47:00.000,15.6210
2025-07-19T02:48:00.000,15.6182
2025-07-19T02:49:00.000,15.6113
2025-07-19T02:50:00.000,15.6017
2025-07-19T02:51:00.000,15.5866
2025-07-19T02:52:00.000,15.5673
2025-07-19T02:53:00.000,15.5494
2025-07-19T02:54:00.000,15.5302
2025-07-19T02:55:00.000,15.5082
2025-07-19T02:56:00.000,15.4421
2025-07-19T02:57:00.000,15.2796
2025-07-19T02:58:00.000,14.9791
2025-07-19T02:59:00.000,14.6189
2025-07-19T03:00:00.000,14.2733
2025-07-19T03:01:00.000,13.9617
2025-07-19T03:02:00.000,13.6912
2025-07-19T03:03:00.000,13.4564
2025-07-19T03:04:00.000,13.2603
2025-07-19T03:05:00.000,13.1058
2025-07-19T03:06:00.000,13.0068
2025-07-19T03:07:00.000,12.9023
2025-07-19T03:08:00.000,12.8144
2025-07-19T03:09:00.000,12.7432
2025-07-19T03:10:00.000,12.6552
2025-07-19T03:11:00.000,12.5965
2025-07-19T03:12:00.000,12.5391
2025-07-19T03:13:00.000,12.4482
2025-07-19T03:14:00.000,12.4244
2025-07-19T03:15:00.000,12.4188
2025-07-19T03:16:00.000,12.3894
2025-07-19T03:17:00.000,12.3544
2025-07-19T03:18:00.000,12.2984
2025-07-19T03:19:00.000,12.2564
2025-07-19T03:20:00.000,12.2087
2025-07-19T03:21:00.000,12.1611
2025-07-19T03:22:00.000,12.1134
2025-07-19T03:23:00.000,12.0685
2025-07-19T03:24:00.000,12.0475
2025-07-19T03:25:00.000,12.0166
2025-07-19T03:26:00.000,11.9843
2025-07-19T03:27:00.000,11.9408
2025-07-19T03:28:00.000,11.9127
2025-07-19T03:29:00.000,11.8986
2025-07-19T03:30:00.000,11.9000
2025-07-19T03:31:00.000,11.9000
2025-07-19T03:32:00.000,11.8958
2025-07-19T03:33:00.000,11.9028
2025-07-19T03:34:00.000,11.9113
2025-07-19T03:35:00.000,11.9408
2025-07-19T03:36:00.000,11.9590
2025-07-19T03:37:00.000,11.9857
2025-07-19T03:38:00.000,12.0236
2025-07-19T03:39:00.000,12.0643
2025-07-19T03:40:00.000,12.1120
2025-07-19T03:41:00.000,12.1779
2025-07-19T03:42:00.000,12.2186
2025-07-19T03:43:00.000,12.2592
2025-07-19T03:44:00.000,12.3012
2025-07-19T03:45:00.000,12.3446
2025-07-19T03:46:00.000,12.3852
2025-07-19T03:47:00.000,12.4104
2025-07-19T03:48:00.000,12.4272
2025-07-19T03:49:00.000,12.4398
2025-07-19T03:50:00.000,12.4356
2025-07-19T03:51:00.000,12.4426
2025-07-19T03:52:00.000,12.4580
2025-07-19T03:53:00.000,12.4664
2025-07-19T03:54:00.000,12.4622
2025-07-19T03:55:00.000,12.4706
2025-07-19T03:56:00.000,12.4748
2025-07-19T03:57:00.000,12.4748
2025-07-19T03:58:00.000,12.4594
2025-07-19T03:59:00.000,12.4398
2025-07-19T04:00:00.000,12.4202
2025-07-19T04:01:00.000,12.4216
2025-07-19T04:02:00.000,12.4160
2025-07-19T04:03:00.000,12.4006
2025-07-19T04:04:00.000,12.3922
2025-07-19T04:05:00.000,12.3796
2025-07-19T04:06:00.000,12.3698
2025-07-19T04:07:00.000,12.3628
2025-07-19T04:08:00.000,12.3460
2025-07-19T04:09:00.000,12.3166
2025-07-19T04:10:00.000,12.2788
2025-07-19T04:11:00.000,12.2480
2025-07-19T04:12:00.000,12.2214
2025-07-19T04:13:00.000,12.1891
2025-07-19T04:14:00.000,12.1597
2025-07-19T04:15:00.000,12.1246
2025-07-19T04:16:00.000,12.0868
2025-07-19T04:17:00.000,12.0489
2025-07-19T04:18:00.000,12.0068
2025-07-19T04:19:00.000,11.9759
2025-07-19T04:20:00.000,11.9534
2025-07-19T04:21:00.000,11.9169
2025-07-19T04:22:00.000,11.8719
2025-07-19T04:23:00.000,11.8326
2025-07-19T04:24:00.000,11.8031
2025-07-19T04:25:00.000,11.7834
2025-07-19T04:26:00.000,11.7651
2025-07-19T04:27:00.000,11.7327
2025-07-19T04:28:00.000,11.6962
2025-07-19T04:29:00.000,11.6497
2025-07-19T04:30:00.000,11.6103
2025-07-19T04:31:00.000,11.5652
2025-07-19T04:32:00.000,11.5244
2025-07-19T04:33:00.000,11.4863
2025-07-19T04:34:00.000,11.4454
2025-07-19T04:35:00.000,11.4003
2025-07-19T04:36:00.000,11.3580
2025-07-19T04:37:00.000,11.3227
2025-07-19T04:38:00.000,11.2959
2025-07-19T04:39:00.000,11.2690
2025-07-19T04:40:00.000,11.2408
2025-07-19T04:41:00.000,11.2196
2025-07-19T04:42:00.000,11.1970
2025-07-19T04:43:00.000,11.1730
2025-07-19T04:44:00.000,11.1461
2025-07-19T04:45:00.000,11.1164
2025-07-19T04:46:00.000,11.0783
2025-07-19T04:47:00.000,11.0372
2025-07-19T04:48:00.000,11.0019
2025-07-19T04:49:00.000,10.9721
2025-07-19T04:50:00.000,10.9382
2025-07-19T04:51:00.000,10.9056
2025-07-19T04:52:00.000,10.8730
2025-07-19T04:53:00.000,10.8447
2025-07-19T04:54:00.000,10.8206
2025-07-19T04:55:00.000,10.8035
2025-07-19T04:56:00.000,10.7922
2025-07-19T04:57:00.000,10.7922
2025-07-19T04:58:00.000,10.7809
2025-07-19T04:59:00.000,10.7610
2025-07-19T05:00:00.000,10.7411
2025-07-19T05:01:00.000,10.7071
2025-07-19T05:02:00.000,10.6716
2025-07-19T05:03:00.000,10.6390
2025-07-19T05:04:00.000,10.6120
2025-07-19T05:05:00.000,10.5850
2025-07-19T05:06:00.000,10.5651
2025-07-19T05:07:00.000,10.5452
2025-07-19T05:08:00.000,10.5253
2025-07-19T05:09:00.000,10.5054
2025-07-19T05:10:00.000,10.4926
2025-07-19T05:11:00.000,10.4812
2025-07-19T05:12:00.000,10.4784
2025-07-19T05:13:00.000,10.4713
2025-07-19T05:14:00.000,10.4599
2025-07-19T05:15:00.000,10.4386
2025-07-19T05:16:00.000,10.4172
2025-07-19T05:17:00.000,10.3987
2025-07-19T05:18:00.000,10.3817
2025-07-19T05:19:00.000,10.3674
2025-07-19T05:20:00.000,10.3461
2025-07-19T05:21:00.000,10.3247
2025-07-19T05:22:00.000,10.3119
2025-07-19T05:23:00.000,10.3048
2025-07-19T05:24:00.000,10.3005
2025-07-19T05:25:00.000,10.2820
2025-07-19T05:26:00.000,10.2620
2025-07-19T05:27:00.000,10.2549
2025-07-19T05:28:00.000,10.2549
2025-07-19T05:29:00.000,10.2635
2025-07-19T05:30:00.000,10.2777
2025-07-19T05:31:00.000,10.2891
2025-07-19T05:32:00.000,10.3019
2025-07-19T05:33:00.000,10.3176
2025-07-19T05:34:00.000,10.3233
2025-07-19T05:35:00.000,10.3318
2025-07-19T05:36:00.000,10.3446
2025-07-19T05:37:00.000,10.3503
2025-07-19T05:38:00.000,10.3546
2025-07-19T05:39:00.000,10.3575
2025-07-19T05:40:00.000,10.3589
2025-07-19T05:41:00.000,10.3560
2025-07-19T05:42:00.000,10.3546
2025-07-19T05:43:00.000,10.3589
2025-07-19T05:44:00.000,10.3575
2025-07-19T05:45:00.000,10.3532
2025-07-19T05:46:00.000,10.3518
2025-07-19T05:47:00.000,10.3532
2025-07-19T05:48:00.000,10.3617
2025-07-19T05:49:00.000,10.3589
2025-07-19T05:50:00.000,10.3603
2025-07-19T05:51:00.000,10.3560
2025-07-19T05:52:00.000,10.3489
2025-07-19T05:53:00.000,10.3475
2025-07-19T05:54:00.000,10.3432
2025-07-19T05:55:00.000,10.3475
2025-07-19T05:56:00.000,10.3532
2025-07-19T05:57:00.000,10.3632
2025-07-19T05:58:00.000,10.3774
2025-07-19T05:59:00.000,10.3945
2025-07-19T06:00:00.000,10.4144
2025-07-19T06:01:00.000,10.4215
2025-07-19T06:02:00.000,10.4329
2025-07-19T06:03:00.000,10.4528
2025-07-19T06:04:00.000,10.4670
2025-07-19T06:05:00.000,10.4770
2025-07-19T06:06:00.000,10.4983
2025-07-19T06:07:00.000,10.5210
2025-07-19T06:08:00.000,10.5338
2025-07-19T06:09:00.000,10.5580
2025-07-19T06:10:00.000,10.5878
2025-07-19T06:11:00.000,10.6205
2025-07-19T06:12:00.000,10.6631
2025-07-19T06:13:00.000,10.7085
2025-07-19T06:14:00.000,10.7653
2025-07-19T06:15:00.000,10.8276
2025-07-19T06:16:00.000,10.8843
2025-07-19T06:17:00.000,10.9452
2025-07-19T06:18:00.000,11.0089
2025-07-19T06:19:00.000,11.0839
2025-07-19T06:20:00.000,11.1758
2025-07-19T06:21:00.000,11.2733
2025-07-19T06:22:00.000,11.3523
2025-07-19T06:23:00.000,11.4426
2025-07-19T06:24:00.000,11.5455
2025-07-19T06:25:00.000,11.6399
2025-07-19T06:26:00.000,11.7454
2025-07-19T06:27:00.000,11.8818
2025-07-19T06:28:00.000,12.0376
2025-07-19T06:29:00.000,12.2242
2025-07-19T06:30:00.000,12.4272
2025-07-19T06:31:00.000,12.5853
2025-07-19T06:32:00.000,12.7557
2025-07-19T06:33:00.000,12.8688
2025-07-19T06:34:00.000,12.9664
2025-07-19T06:35:00.000,13.1615
2025-07-19T06:36:00.000,13.3021
2025-07-19T06:37:00.000,13.3536
2025-07-19T06:38:00.000,13.3786
2025-07-19T06:39:00.000,13.3953
2025-07-19T06:40:00.000,13.3897
2025-07-19T06:41:00.000,13.3716
2025-07-19T06:42:00.000,13.3744
2025-07-19T06:43:00.000,13.3814
2025-07-19T06:44:00.000,13.4120
2025-07-19T06:45:00.000,13.4398
2025-07-19T06:46:00.000,13.4509
2025-07-19T06:47:00.000,13.4676
2025-07-19T06:48:00.000,13.4829
2025-07-19T06:49:00.000,13.4745
2025-07-19T06:50:00.000,13.4968
2025-07-19T06:51:00.000,13.5176
2025-07-19T06:52:00.000,13.5412
2025-07-19T06:53:00.000,13.5551
2025-07-19T06:54:00.000,13.5732
2025-07-19T06:55:00.000,13.5732
2025-07-19T06:56:00.000,13.5843
2025-07-19T06:57:00.000,13.6051
2025-07-19T06:58:00.000,13.5968
2025-07-19T06:59:00.000,13.5996
2025-07-19T07:00:00.000,13.5996
2025-07-19T07:01:00.000,13.6009
2025-07-19T07:02:00.000,13.5996
2025-07-19T07:03:00.000,13.6259
2025-07-19T07:04:00.000,13.6495
2025-07-19T07:05:00.000,13.6495
2025-07-19T07:06:00.000,13.6593
2025-07-19T07:07:00.000,13.6690
2025-07-19T07:08:00.000,13.6620
2025-07-19T07:09:00.000,13.6537
2025-07-19T07:10:00.000,13.6426
2025-07-19T07:11:00.000,13.6426
2025-07-19T07:12:00.000,13.6384
2025-07-19T07:13:00.000,13.6343
2025-07-19T07:14:00.000,13.6287
2025-07-19T07:15:00.000,13.6329
2025-07-19T07:16:00.000,13.6246
2025-07-19T07:17:00.000,13.6357
2025-07-19T07:18:00.000,13.6607
2025-07-19T07:19:00.000,13.6843
2025-07-19T07:20:00.000,13.7009
2025-07-19T07:21:00.000,13.7190
2025-07-19T07:22:00.000,13.7439
2025-07-19T07:23:00.000,13.7606
2025-07-19T07:24:00.000,13.7731
2025-07-19T07:25:00.000,13.8022
2025-07-19T07:26:00.000,13.8452
2025-07-19T07:27:00.000,13.8729
2025-07-19T07:28:00.000,13.9104
2025-07-19T07:29:00.000,13.9340
2025-07-19T07:30:00.000,13.9409
2025-07-19T07:31:00.000,13.9534
2025-07-19T07:32:00.000,13.9589
2025-07-19T07:33:00.000,13.9769
2025-07-19T07:34:00.000,14.0088
2025-07-19T07:35:00.000,14.0240
2025-07-19T07:36:00.000,14.0434
2025-07-19T07:37:00.000,14.0476
2025-07-19T07:38:00.000,14.0448
2025-07-19T07:39:00.000,14.0587
2025-07-19T07:40:00.000,14.0753
2025-07-19T07:41:00.000,14.0767
2025-07-19T07:42:00.000,14.0753
2025-07-19T07:43:00.000,14.0739
2025-07-19T07:44:00.000,14.0794
2025-07-19T07:45:00.000,14.0975
2025-07-19T07:46:00.000,14.1058
2025-07-19T07:47:00.000,14.1238
2025-07-19T07:48:00.000,14.1432
2025-07-19T07:49:00.000,14.1556
2025-07-19T07:50:00.000,14.1833
2025-07-19T07:51:00.000,14.2027
2025-07-19T07:52:00.000,14.2082
2025-07-19T07:53:00.000,14.2110
2025-07-19T07:54:00.000,14.2276
2025-07-19T07:55:00.000,14.2428
2025-07-19T07:56:00.000,14.2705
2025-07-19T07:57:00.000,14.2885
2025-07-19T07:58:00.000,14.3092
2025-07-19T07:59:00.000,14.3466
2025-07-19T08:00:00.000,14.3826
2025-07-19T08:01:00.000,14.4282
2025-07-19T08:02:00.000,14.4627
2025-07-19T08:03:00.000,14.4752
2025-07-19T08:04:00.000,14.5001
2025-07-19T08:05:00.000,14.5277
2025-07-19T08:06:00.000,14.5706
2025-07-19T08:07:00.000,14.6148
2025-07-19T08:08:00.000,14.6507
2025-07-19T08:09:00.000,14.6880
2025-07-19T08:10:00.000,14.7239
2025-07-19T08:11:00.000,14.7722
2025-07-19T08:12:00.000,14.7943
2025-07-19T08:13:00.000,14.8067
2025-07-19T08:14:00.000,14.8191
2025-07-19T08:15:00.000,14.8798
2025-07-19T08:16:00.000,14.9433
2025-07-19T08:17:00.000,14.9778
2025-07-19T08:18:00.000,15.0233
2025-07-19T08:19:00.000,15.0729
2025-07-19T08:20:00.000,15.0895
2025-07-19T08:21:00.000,15.0867
2025-07-19T08:22:00.000,15.0826
2025-07-19T08:23:00.000,15.0826
2025-07-19T08:24:00.000,15.0702
2025-07-19T08:25:00.000,15.0495
2025-07-19T08:26:00.000,15.0205
2025-07-19T08:27:00.000,14.9902
2025-07-19T08:28:00.000,14.9419
2025-07-19T08:29:00.000,14.8936
2025-07-19T08:30:00.000,14.8564
2025-07-19T08:31:00.000,14.8219
2025-07-19T08:32:00.000,14.7956
2025-07-19T08:33:00.000,14.7818
2025-07-19T08:34:00.000,14.7943
2025-07-19T08:35:00.000,14.8205
2025-07-19T08:36:00.000,14.8840
2025-07-19T08:37:00.000,14.9460
2025-07-19T08:38:00.000,14.9888
2025-07-19T08:39:00.000,15.0274
2025-07-19T08:40:00.000,15.0536
2025-07-19T08:41:00.000,15.0702
2025-07-19T08:42:00.000,15.0950
2025-07-19T08:43:00.000,15.1212
2025-07-19T08:44:00.000,15.1556
2025-07-19T08:45:00.000,15.1873
2025-07-19T08:46:00.000,15.2107
2025-07-19T08:47:00.000,15.2589
2025-07-19T08:48:00.000,15.2892
2025-07-19T08:49:00.000,15.3292
2025-07-19T08:50:00.000,15.3746
2025-07-19T08:51:00.000,15.4325
2025-07-19T08:52:00.000,15.5013
2025-07-19T08:53:00.000,15.5439
2025-07-19T08:54:00.000,15.5825
2025-07-19T08:55:00.000,15.6320
2025-07-19T08:56:00.000,15.6787
2025-07-19T08:57:00.000,15.6994
2025-07-19T08:58:00.000,15.7145
2025-07-19T08:59:00.000,15.7269
2025-07-19T09:00:00.000,15.7970
2025-07-19T09:01:00.000,15.8506
2025-07-19T09:02:00.000,15.8918
2025-07-19T09:03:00.000,15.9083
2025-07-19T09:04:00.000,15.9015
2025-07-19T09:05:00.000,15.9083
2025-07-19T09:06:00.000,15.9221
2025-07-19T09:07:00.000,15.9207
2025-07-19T09:08:00.000,15.9276
2025-07-19T09:09:00.000,15.9262
2025-07-19T09:10:00.000,15.9372
2025-07-19T09:11:00.000,15.9784
2025-07-19T09:12:00.000,15.9976
2025-07-19T09:13:00.000,16.0073
2025-07-19T09:14:00.000,16.0004
2025-07-19T09:15:00.000,16.0004
2025-07-19T09:16:00.000,16.0031
2025-07-19T09:17:00.000,16.0485
2025-07-19T09:18:00.000,16.1089
2025-07-19T09:19:00.000,16.1226
2025-07-19T09:20:00.000,16.1336
2025-07-19T09:21:00.000,16.1377
2025-07-19T09:22:00.000,16.1528
2025-07-19T09:23:00.000,16.1776
2025-07-19T09:24:00.000,16.1707
2025-07-19T09:25:00.000,16.1872
2025-07-19T09:26:00.000,16.2380
2025-07-19T09:27:00.000,16.2929
2025-07-19T09:28:00.000,16.3423
2025-07-19T09:29:00.000,16.4040
2025-07-19T09:30:00.000,16.4781
2025-07-19T09:31:00.000,16.5261
2025-07-19T09:32:00.000,16.5398
2025-07-19T09:33:00.000,16.5343
2025-07-19T09:34:00.000,16.4946
2025-07-19T09:35:00.000,16.4466
2025-07-19T09:36:00.000,16.3766
2025-07-19T09:37:00.000,16.3066
2025-07-19T09:38:00.000,16.2476
2025-07-19T09:39:00.000,16.2023
2025-07-19T09:40:00.000,16.1528
2025-07-19T09:41:00.000,16.1322
2025-07-19T09:42:00.000,16.0924
2025-07-19T09:43:00.000,16.0526
2025-07-19T09:44:00.000,16.0127
2025-07-19T09:45:00.000,15.9798
2025-07-19T09:46:00.000,15.9564
2025-07-19T09:47:00.000,15.9427
2025-07-19T09:48:00.000,15.9564
2025-07-19T09:49:00.000,15.9770
2025-07-19T09:50:00.000,16.0018
2025-07-19T09:51:00.000,16.0361
2025-07-19T09:52:00.000,16.0416
2025-07-19T09:53:00.000,16.0457
2025-07-19T09:54:00.000,16.0457
2025-07-19T09:55:00.000,16.0649
2025-07-19T09:56:00.000,16.0649
2025-07-19T09:57:00.000,16.0828
2025-07-19T09:58:00.000,16.0869
2025-07-19T09:59:00.000,16.0993
2025-07-19T10:00:00.000,16.1460
2025-07-19T10:01:00.000,16.2572
2025-07-19T10:02:00.000,16.2901
2025-07-19T10:03:00.000,16.2709
2025-07-19T10:04:00.000,16.2654
2025-07-19T10:05:00.000,16.2407
2025-07-19T10:06:00.000,16.2338
2025-07-19T10:07:00.000,16.2352
2025-07-19T10:08:00.000,16.2572
2025-07-19T10:09:00.000,16.3025
2025-07-19T10:10:00.000,16.3615
2025-07-19T10:11:00.000,16.4136
2025-07-19T10:12:00.000,16.4452
2025-07-19T10:13:00.000,16.4520
2025-07-19T10:14:00.000,16.5261
2025-07-19T10:15:00.000,16.6317
2025-07-19T10:16:00.000,16.6495
2025-07-19T10:17:00.000,16.6783
2025-07-19T10:18:00.000,16.6715
2025-07-19T10:19:00.000,16.6633
2025-07-19T10:20:00.000,16.6797
2025-07-19T10:21:00.000,16.7085
2025-07-19T10:22:00.000,16.7318
2025-07-19T10:23:00.000,16.7332
2025-07-19T10:24:00.000,16.7579
2025-07-19T10:25:00.000,16.8182
2025-07-19T10:26:00.000,16.8648
2025-07-19T10:27:00.000,16.9442
2025-07-19T10:28:00.000,16.9881
2025-07-19T10:29:00.000,17.0607
2025-07-19T10:30:00.000,17.0881
2025-07-19T10:31:00.000,17.0922
2025-07-19T10:32:00.000,17.1018
2025-07-19T10:33:00.000,17.0963
2025-07-19T10:34:00.000,17.0634
2025-07-19T10:35:00.000,17.0758
2025-07-19T10:36:00.000,17.1785
2025-07-19T10:37:00.000,17.2182
2025-07-19T10:38:00.000,17.2374
2025-07-19T10:39:00.000,17.2511
2025-07-19T10:40:00.000,17.2360
2025-07-19T10:41:00.000,17.2429
2025-07-19T10:42:00.000,17.2442
2025-07-19T10:43:00.000,17.2210
2025-07-19T10:44:00.000,17.1977
2025-07-19T10:45:00.000,17.1717
2025-07-19T10:46:00.000,17.1785
2025-07-19T10:47:00.000,17.2059
2025-07-19T10:48:00.000,17.2360
2025-07-19T10:49:00.000,17.3209
2025-07-19T10:50:00.000,17.3948
2025-07-19T10:51:00.000,17.4386
2025-07-19T10:52:00.000,17.4975
2025-07-19T10:53:00.000,17.5906
2025-07-19T10:54:00.000,17.6590
2025-07-19T10:55:00.000,17.7165
2025-07-19T10:56:00.000,17.8355
2025-07-19T10:57:00.000,17.9189
2025-07-19T10:58:00.000,17.9559
2025-07-19T10:59:00.000,18.0106
2025-07-19T11:00:00.000,18.0448
2025-07-19T11:01:00.000,18.1706
2025-07-19T11:02:00.000,18.3265
2025-07-19T11:03:00.000,18.4960
2025-07-19T11:04:00.000,18.6068
2025-07-19T11:05:00.000,18.4974
2025-07-19T11:06:00.000,18.2185
2025-07-19T11:07:00.000,17.7329
2025-07-19T11:08:00.000,17.2251
2025-07-19T11:09:00.000,16.7729
2025-07-19T11:10:00.000,16.4013
2025-07-19T11:11:00.000,16.1130
2025-07-19T11:12:00.000,15.9221
2025-07-19T11:13:00.000,15.8066
2025-07-19T11:14:00.000,15.7186
2025-07-19T11:15:00.000,15.6540
2025-07-19T11:16:00.000,15.6127
2025-07-19T11:17:00.000,15.5866
2025-07-19T11:18:00.000,15.5701
2025-07-19T11:19:00.000,15.5728
2025-07-19T11:20:00.000,15.5866
2025-07-19T11:21:00.000,15.6031
2025-07-19T11:22:00.000,15.6168
2025-07-19T11:23:00.000,15.6292
2025-07-19T11:24:00.000,15.6375
2025-07-19T11:25:00.000,15.6457
2025-07-19T11:26:00.000,15.6567
2025-07-19T11:27:00.000,15.6595
2025-07-19T11:28:00.000,15.6609
2025-07-19T11:29:00.000,15.6705
2025-07-19T11:30:00.000,15.6815
2025-07-19T11:31:00.000,15.6870
2025-07-19T11:32:00.000,15.6966
2025-07-19T11:33:00.000,15.7104
2025-07-19T11:34:00.000,15.7186
2025-07-19T11:35:00.000,15.7255
2025-07-19T11:36:00.000,15.7296
2025-07-19T11:37:00.000,15.7379
2025-07-19T11:38:00.000,15.7489
2025-07-19T11:39:00.000,15.7667
2025-07-19T11:40:00.000,15.7777
2025-07-19T11:41:00.000,15.7805
2025-07-19T11:42:00.000,15.7860
2025-07-19T11:43:00.000,15.7915
2025-07-19T11:44:00.000,15.7887
2025-07-19T11:45:00.000,15.7929
2025-07-19T11:46:00.000,15.7901
2025-07-19T11:47:00.000,15.7846
2025-07-19T11:48:00.000,15.7791
2025-07-19T11:49:00.000,15.7722
2025-07-19T11:50:00.000,15.7612
2025-07-19T11:51:00.000,15.7489
2025-07-19T11:52:00.000,15.7351
2025-07-19T11:53:00.000,15.7296
2025-07-19T11:54:00.000,15.7269
2025-07-19T11:55:00.000,15.7337
2025-07-19T11:56:00.000,15.7392
2025-07-19T11:57:00.000,15.7489
2025-07-19T11:58:00.000,15.7544
2025-07-19T11:59:00.000,15.7599
2025-07-19T12:00:00.000,15.7654
2025-07-19T12:01:00.000,15.7640
2025-07-19T12:02:00.000,15.7764
2025-07-19T12:03:00.000,15.7819
2025-07-19T12:04:00.000,15.7832
2025-07-19T12:05:00.000,15.7860
2025-07-19T12:06:00.000,15.7929
2025-07-19T12:07:00.000,15.8066
2025-07-19T12:08:00.000,15.8121
2025-07-19T12:09:00.000,15.8162
2025-07-19T12:10:00.000,15.8245
2025-07-19T12:11:00.000,15.8341
2025-07-19T12:12:00.000,15.8410
2025-07-19T12:13:00.000,15.8424
2025-07-19T12:14:00.000,15.8465
2025-07-19T12:15:00.000,15.8506
2025-07-19T12:16:00.000,15.8575
2025-07-19T12:17:00.000,15.8602
2025-07-19T12:18:00.000,15.8588
2025-07-19T12:19:00.000,15.8588
2025-07-19T12:20:00.000,15.8602
2025-07-19T12:21:00.000,15.8602
2025-07-19T12:22:00.000,15.8547
2025-07-19T12:23:00.000,15.8492
2025-07-19T12:24:00.000,15.8369
2025-07-19T12:25:00.000,15.8300
2025-07-19T12:26:00.000,15.8259
2025-07-19T12:27:00.000,15.8245
2025-07-19T12:28:00.000,15.8259
2025-07-19T12:29:00.000,15.8259
2025-07-19T12:30:00.000,15.8176
2025-07-19T12:31:00.000,15.8121
2025-07-19T12:32:00.000,15.8080
2025-07-19T12:33:00.000,15.8066
2025-07-19T12:34:00.000,15.8135
2025-07-19T12:35:00.000,15.8272
2025-07-19T12:36:00.000,15.8355
2025-07-19T12:37:00.000,15.8479
2025-07-19T12:38:00.000,15.8630
2025-07-19T12:39:00.000,15.8753
2025-07-19T12:40:00.000,15.8932
2025-07-19T12:41:00.000,15.8973
2025-07-19T12:42:00.000,15.8891
2025-07-19T12:43:00.000,15.8836
2025-07-19T12:44:00.000,15.8767
2025-07-19T12:45:00.000,15.8781
2025-07-19T12:46:00.000,15.8850
2025-07-19T12:47:00.000,15.8960
2025-07-19T12:48:00.000,15.9001
2025-07-19T12:49:00.000,15.9070
2025-07-19T12:50:00.000,15.9070
2025-07-19T12:51:00.000,15.9028
2025-07-19T12:52:00.000,15.8946
2025-07-19T12:53:00.000,15.8808
2025-07-19T12:54:00.000,15.8767
2025-07-19T12:55:00.000,15.8850
2025-07-19T12:56:00.000,15.8918
2025-07-19T12:57:00.000,15.8987
2025-07-19T12:58:00.000,15.9056
2025-07-19T12:59:00.000,15.9152
2025-07-19T13:00:00.000,15.9028
2025-07-19T13:01:00.000,15.8960
2025-07-19T13:02:00.000,15.8932
2025-07-19T13:03:00.000,15.8877
2025-07-19T13:04:00.000,15.8808
2025-07-19T13:05:00.000,15.8685
2025-07-19T13:06:00.000,15.8547
2025-07-19T13:07:00.000,15.8479
2025-07-19T13:08:00.000,15.8382
2025-07-19T13:09:00.000,15.8424
2025-07-19T13:10:00.000,15.8424
2025-07-19T13:11:00.000,15.8465
2025-07-19T13:12:00.000,15.8561
2025-07-19T13:13:00.000,15.8616
2025-07-19T13:14:00.000,15.8602
2025-07-19T13:15:00.000,15.8451
2025-07-19T13:16:00.000,15.8327
2025-07-19T13:17:00.000,15.8204
2025-07-19T13:18:00.000,15.8135
2025-07-19T13:19:00.000,15.8176
2025-07-19T13:20:00.000,15.8698
2025-07-19T13:21:00.000,15.9015
2025-07-19T13:22:00.000,15.9303
2025-07-19T13:23:00.000,15.9605
2025-07-19T13:24:00.000,15.9688
2025-07-19T13:25:00.000,15.9386
2025-07-19T13:26:00.000,15.9138
2025-07-19T13:27:00.000,15.8932
2025-07-19T13:28:00.000,15.8479
2025-07-19T13:29:00.000,15.8080
2025-07-19T13:30:00.000,15.8025
2025-07-19T13:31:00.000,15.8066
2025-07-19T13:32:00.000,15.8080
2025-07-19T13:33:00.000,15.8066
2025-07-19T13:34:00.000,15.8025
2025-07-19T13:35:00.000,15.8039
2025-07-19T13:36:00.000,15.8176
2025-07-19T13:37:00.000,15.8451
2025-07-19T13:38:00.000,15.8740
2025-07-19T13:39:00.000,15.9124
2025-07-19T13:40:00.000,15.9111
2025-07-19T13:41:00.000,15.9001
2025-07-19T13:42:00.000,15.8960
2025-07-19T13:43:00.000,15.9070
2025-07-19T13:44:00.000,15.9015
2025-07-19T13:45:00.000,15.8905
2025-07-19T13:46:00.000,15.8767
2025-07-19T13:47:00.000,15.8643
2025-07-19T13:48:00.000,15.8561
2025-07-19T13:49:00.000,15.8547
2025-07-19T13:50:00.000,15.8547
2025-07-19T13:51:00.000,15.8547
2025-07-19T13:52:00.000,15.8547
2025-07-19T13:53:00.000,15.8630
2025-07-19T13:54:00.000,15.8795
2025-07-19T13:55:00.000,15.8946
2025-07-19T13:56:00.000,15.9138
2025-07-19T13:57:00.000,15.9248
2025-07-19T13:58:00.000,15.9331
2025-07-19T13:59:00.000,15.9413
2025-07-19T14:00:00.000,15.9550
2025-07-19T14:01:00.000,15.9509
2025-07-19T14:02:00.000,15.9495
2025-07-19T14:03:00.000,15.9578
2025-07-19T14:04:00.000,15.9715
2025-07-19T14:05:00.000,15.9866
2025-07-19T14:06:00.000,16.0114
2025-07-19T14:07:00.000,16.0292
2025-07-19T14:08:00.000,16.0567
2025-07-19T14:09:00.000,16.0801
2025-07-19T14:10:00.000,16.0910
2025-07-19T14:11:00.000,16.0952
2025-07-19T14:12:00.000,16.0910
2025-07-19T14:13:00.000,16.0897
2025-07-19T14:14:00.000,16.0938
2025-07-19T14:15:00.000,16.0965
2025-07-19T14:16:00.000,16.1048
2025-07-19T14:17:00.000,16.1075
2025-07-19T14:18:00.000,16.1061
2025-07-19T14:19:00.000,16.1089
2025-07-19T14:20:00.000,16.1144
2025-07-19T14:21:00.000,16.1281
2025-07-19T14:22:00.000,16.1322
2025-07-19T14:23:00.000,16.1213
2025-07-19T14:24:00.000,16.1075
2025-07-19T14:25:00.000,16.1020
2025-07-19T14:26:00.000,16.1007
2025-07-19T14:27:00.000,16.1130
2025-07-19T14:28:00.000,16.1267
2025-07-19T14:29:00.000,16.1487
2025-07-19T14:30:00.000,16.1542
2025-07-19T14:31:00.000,16.1515
2025-07-19T14:32:00.000,16.1405
2025-07-19T14:33:00.000,16.1267
2025-07-19T14:34:00.000,16.1089
2025-07-19T14:35:00.000,16.0952
2025-07-19T14:36:00.000,16.1048
2025-07-19T14:37:00.000,16.1213
2025-07-19T14:38:00.000,16.1295
2025-07-19T14:39:00.000,16.1391
2025-07-19T14:40:00.000,16.1501
2025-07-19T14:41:00.000,16.1597
2025-07-19T14:42:00.000,16.1624
2025-07-19T14:43:00.000,16.1624
2025-07-19T14:44:00.000,16.1624
2025-07-19T14:45:00.000,16.1624
2025-07-19T14:46:00.000,16.1624
2025-07-19T14:47:00.000,16.1570
2025-07-19T14:48:00.000,16.1501
2025-07-19T14:49:00.000,16.1528
2025-07-19T14:50:00.000,16.1597
2025-07-19T14:51:00.000,16.1734
2025-07-19T14:52:00.000,16.1721
2025-07-19T14:53:00.000,16.1652
2025-07-19T14:54:00.000,16.1583
2025-07-19T14:55:00.000,16.1487
2025-07-19T14:56:00.000,16.1460
2025-07-19T14:57:00.000,16.1487
2025-07-19T14:58:00.000,16.1528
2025-07-19T14:59:00.000,16.1570
2025-07-19T15:00:00.000,16.1666
2025-07-19T15:01:00.000,16.1789
2025-07-19T15:02:00.000,16.1940
2025-07-19T15:03:00.000,16.2105
2025-07-19T15:04:00.000,16.2187
2025-07-19T15:05:00.000,16.2132
2025-07-19T15:06:00.000,16.2132
2025-07-19T15:07:00.000,16.2174
2025-07-19T15:08:00.000,16.2297
2025-07-19T15:09:00.000,16.2366
2025-07-19T15:10:00.000,16.2352
2025-07-19T15:11:00.000,16.2325
2025-07-19T15:12:00.000,16.2393
2025-07-19T15:13:00.000,16.2421
2025-07-19T15:14:00.000,16.2421
2025-07-19T15:15:00.000,16.2380
2025-07-19T15:16:00.000,16.2297
2025-07-19T15:17:00.000,16.2119
2025-07-19T15:18:00.000,16.1968
2025-07-19T15:19:00.000,16.2023
2025-07-19T15:20:00.000,16.2023
2025-07-19T15:21:00.000,16.2036
2025-07-19T15:22:00.000,16.1968
2025-07-19T15:23:00.000,16.2009
2025-07-19T15:24:00.000,16.2091
2025-07-19T15:25:00.000,16.2311
2025-07-19T15:26:00.000,16.2393
2025-07-19T15:27:00.000,16.2338
2025-07-19T15:28:00.000,16.2242
2025-07-19T15:29:00.000,16.2229
2025-07-19T15:30:00.000,16.2229
2025-07-19T15:31:00.000,16.2229
2025-07-19T15:32:00.000,16.2256
2025-07-19T15:33:00.000,16.2407
2025-07-19T15:34:00.000,16.2407
2025-07-19T15:35:00.000,16.2297
2025-07-19T15:36:00.000,16.2297
2025-07-19T15:37:00.000,16.2380
2025-07-19T15:38:00.000,16.2407
2025-07-19T15:39:00.000,16.2421
2025-07-19T15:40:00.000,16.2393
2025-07-19T15:41:00.000,16.2366
2025-07-19T15:42:00.000,16.2503
2025-07-19T15:43:00.000,16.2695
2025-07-19T15:44:00.000,16.2929
2025-07-19T15:45:00.000,16.3107
2025-07-19T15:46:00.000,16.3299
2025-07-19T15:47:00.000,16.3491
2025-07-19T15:48:00.000,16.3683
2025-07-19T15:49:00.000,16.3862
2025-07-19T15:50:00.000,16.3972
2025-07-19T15:51:00.000,16.3985
2025-07-19T15:52:00.000,16.4081
2025-07-19T15:53:00.000,16.4287
2025-07-19T15:54:00.000,16.4493
2025-07-19T15:55:00.000,16.4713
2025-07-19T15:56:00.000,16.4767
2025-07-19T15:57:00.000,16.4781
2025-07-19T15:58:00.000,16.4905
2025-07-19T15:59:00.000,16.5001
2025-07-19T16:00:00.000,16.5138
2025-07-19T16:01:00.000,16.5220
2025-07-19T16:02:00.000,16.5261
2025-07-19T16:03:00.000,16.5302
2025-07-19T16:04:00.000,16.5398
2025-07-19T16:05:00.000,16.5385
2025-07-19T16:06:00.000,16.5302
2025-07-19T16:07:00.000,16.5220
2025-07-19T16:08:00.000,16.5138
2025-07-19T16:09:00.000,16.5151
2025-07-19T16:10:00.000,16.5206
2025-07-19T16:11:00.000,16.5247
2025-07-19T16:12:00.000,16.5412
2025-07-19T16:13:00.000,16.5563
2025-07-19T16:14:00.000,16.5700
2025-07-19T16:15:00.000,16.5810
2025-07-19T16:16:00.000,16.5947
2025-07-19T16:17:00.000,16.6070
2025-07-19T16:18:00.000,16.6331
2025-07-19T16:19:00.000,16.6468
2025-07-19T16:20:00.000,16.6578
2025-07-19T16:21:00.000,16.6660
2025-07-19T16:22:00.000,16.6687
2025-07-19T16:23:00.000,16.6687
2025-07-19T16:24:00.000,16.6660
2025-07-19T16:25:00.000,16.6605
2025-07-19T16:26:00.000,16.6578
2025-07-19T16:27:00.000,16.6633
2025-07-19T16:28:00.000,16.6715
2025-07-19T16:29:00.000,16.6852
2025-07-19T16:30:00.000,16.7003
2025-07-19T16:31:00.000,16.7071
2025-07-19T16:32:00.000,16.7099
2025-07-19T16:33:00.000,16.7140
2025-07-19T16:34:00.000,16.7071
2025-07-19T16:35:00.000,16.7030
2025-07-19T16:36:00.000,16.6975
2025-07-19T16:37:00.000,16.6948
2025-07-19T16:38:00.000,16.6948
2025-07-19T16:39:00.000,16.6975
2025-07-19T16:40:00.000,16.7071
2025-07-19T16:41:00.000,16.7195
2025-07-19T16:42:00.000,16.7222
2025-07-19T16:43:00.000,16.7236
2025-07-19T16:44:00.000,16.7195
2025-07-19T16:45:00.000,16.7167
2025-07-19T16:46:00.000,16.7154
2025-07-19T16:47:00.000,16.7140
2025-07-19T16:48:00.000,16.7167
2025-07-19T16:49:00.000,16.7250
2025-07-19T16:50:00.000,16.7387
2025-07-19T16:51:00.000,16.7551
2025-07-19T16:52:00.000,16.7661
2025-07-19T16:53:00.000,16.7784
2025-07-19T16:54:00.000,16.7908
2025-07-19T16:55:00.000,16.7908
2025-07-19T16:56:00.000,16.7962
2025-07-19T16:57:00.000,16.7949
2025-07-19T16:58:00.000,16.7962
2025-07-19T16:59:00.000,16.7949
2025-07-19T17:00:00.000,16.8045
2025-07-19T17:01:00.000,16.8182
2025-07-19T17:02:00.000,16.8237
2025-07-19T17:03:00.000,16.8319
2025-07-19T17:04:00.000,16.8346
2025-07-19T17:05:00.000,16.8305
2025-07-19T17:06:00.000,16.8305
2025-07-19T17:07:00.000,16.8360
2025-07-19T17:08:00.000,16.8415
2025-07-19T17:09:00.000,16.8415
2025-07-19T17:10:00.000,16.8442
2025-07-19T17:11:00.000,16.8483
2025-07-19T17:12:00.000,16.8442
2025-07-19T17:13:00.000,16.8428
2025-07-19T17:14:00.000,16.8360
2025-07-19T17:15:00.000,16.8223
2025-07-19T17:16:00.000,16.8045
2025-07-19T17:17:00.000,16.7921
2025-07-19T17:18:00.000,16.7825
2025-07-19T17:19:00.000,16.7743
2025-07-19T17:20:00.000,16.7798
2025-07-19T17:21:00.000,16.7798
2025-07-19T17:22:00.000,16.7784
2025-07-19T17:23:00.000,16.7757
2025-07-19T17:24:00.000,16.7770
2025-07-19T17:25:00.000,16.7784
2025-07-19T17:26:00.000,16.7853
2025-07-19T17:27:00.000,16.7990
2025-07-19T17:28:00.000,16.8113
2025-07-19T17:29:00.000,16.8209
2025-07-19T17:30:00.000,16.8237
2025-07-19T17:31:00.000,16.8305
2025-07-19T17:32:00.000,16.8415
2025-07-19T17:33:00.000,16.8497
2025-07-19T17:34:00.000,16.8565
2025-07-19T17:35:00.000,16.8579
2025-07-19T17:36:00.000,16.8648
2025-07-19T17:37:00.000,16.8634
2025-07-19T17:38:00.000,16.8675
2025-07-19T17:39:00.000,16.8771
2025-07-19T17:40:00.000,16.8716
2025-07-19T17:41:00.000,16.8716
2025-07-19T17:42:00.000,16.8607
2025-07-19T17:43:00.000,16.8497
2025-07-19T17:44:00.000,16.8428
2025-07-19T17:45:00.000,16.8346
2025-07-19T17:46:00.000,16.8291
2025-07-19T17:47:00.000,16.8264
2025-07-19T17:48:00.000,16.8250
2025-07-19T17:49:00.000,16.8127
2025-07-19T17:50:00.000,16.8004
2025-07-19T17:51:00.000,16.7921
2025-07-19T17:52:00.000,16.7894
2025-07-19T17:53:00.000,16.7853
2025-07-19T17:54:00.000,16.7853
2025-07-19T17:55:00.000,16.7921
2025-07-19T17:56:00.000,16.7935
2025-07-19T17:57:00.000,16.7935
2025-07-19T17:58:00.000,16.8031
2025-07-19T17:59:00.000,16.8045
2025-07-19T18:00:00.000,16.8004
2025-07-19T18:01:00.000,16.7962
2025-07-19T18:02:00.000,16.7935
2025-07-19T18:03:00.000,16.7949
2025-07-19T18:04:00.000,16.7976
2025-07-19T18:05:00.000,16.8004
2025-07-19T18:06:00.000,16.8045
2025-07-19T18:07:00.000,16.8031
2025-07-19T18:08:00.000,16.8004
2025-07-19T18:09:00.000,16.8017
2025-07-19T18:10:00.000,16.7990
2025-07-19T18:11:00.000,16.7962
2025-07-19T18:12:00.000,16.8017
2025-07-19T18:13:00.000,16.8045
2025-07-19T18:14:00.000,16.8045
2025-07-19T18:15:00.000,16.8099
2025-07-19T18:16:00.000,16.8113
2025-07-19T18:17:00.000,16.8113
2025-07-19T18:18:00.000,16.8209
2025-07-19T18:19:00.000,16.8278
2025-07-19T18:20:00.000,16.8374
2025-07-19T18:21:00.000,16.8442
2025-07-19T18:22:00.000,16.8511
2025-07-19T18:23:00.000,16.8565
2025-07-19T18:24:00.000,16.8634
2025-07-19T18:25:00.000,16.8689
2025-07-19T18:26:00.000,16.8757
2025-07-19T18:27:00.000,16.8812
2025-07-19T18:28:00.000,16.8881
2025-07-19T18:29:00.000,16.8949
2025-07-19T18:30:00.000,16.8963
2025-07-19T18:31:00.000,16.8990
2025-07-19T18:32:00.000,16.9059
2025-07-19T18:33:00.000,16.9100
2025-07-19T18:34:00.000,16.9114
2025-07-19T18:35:00.000,16.9127
2025-07-19T18:36:00.000,16.9196
2025-07-19T18:37:00.000,16.9223
2025-07-19T18:38:00.000,16.9237
2025-07-19T18:39:00.000,16.9210
2025-07-19T18:40:00.000,16.9264
2025-07-19T18:41:00.000,16.9319
2025-07-19T18:42:00.000,16.9360
2025-07-19T18:43:00.000,16.9401
2025-07-19T18:44:00.000,16.9456
2025-07-19T18:45:00.000,16.9552
2025-07-19T18:46:00.000,16.9675
2025-07-19T18:47:00.000,16.9662
2025-07-19T18:48:00.000,16.9675
2025-07-19T18:49:00.000,16.9812
2025-07-19T18:50:00.000,16.9963
2025-07-19T18:51:00.000,17.0086
2025-07-19T18:52:00.000,17.0237
2025-07-19T18:53:00.000,17.0402
2025-07-19T18:54:00.000,17.0511
2025-07-19T18:55:00.000,17.0525
2025-07-19T18:56:00.000,17.0497
2025-07-19T18:57:00.000,17.0456
2025-07-19T18:58:00.000,17.0429
2025-07-19T18:59:00.000,17.0415
2025-07-19T19:00:00.000,17.0388
2025-07-19T19:01:00.000,17.0347
2025-07-19T19:02:00.000,17.0360
2025-07-19T19:03:00.000,17.0415
2025-07-19T19:04:00.000,17.0402
2025-07-19T19:05:00.000,17.0402
2025-07-19T19:06:00.000,17.0456
2025-07-19T19:07:00.000,17.0456
2025-07-19T19:08:00.000,17.0456
2025-07-19T19:09:00.000,17.0484
2025-07-19T19:10:00.000,17.0511
2025-07-19T19:11:00.000,17.0552
2025-07-19T19:12:00.000,17.0552
2025-07-19T19:13:00.000,17.0566
2025-07-19T19:14:00.000,17.0566
2025-07-19T19:15:00.000,17.0634
2025-07-19T19:16:00.000,17.0634
2025-07-19T19:17:00.000,17.0634
2025-07-19T19:18:00.000,17.0634
2025-07-19T19:19:00.000,17.0566
2025-07-19T19:20:00.000,17.0525
2025-07-19T19:21:00.000,17.0484
2025-07-19T19:22:00.000,17.0415
2025-07-19T19:23:00.000,17.0347
2025-07-19T19:24:00.000,17.0237
2025-07-19T19:25:00.000,17.0182
2025-07-19T19:26:00.000,17.0073
2025-07-19T19:27:00.000,16.9991
2025-07-19T19:28:00.000,16.9908
2025-07-19T19:29:00.000,16.9854
2025-07-19T19:30:00.000,16.9730
2025-07-19T19:31:00.000,16.9634
2025-07-19T19:32:00.000,16.9538
2025-07-19T19:33:00.000,16.9484
2025-07-19T19:34:00.000,16.9648
2025-07-19T19:35:00.000,16.9812
2025-07-19T19:36:00.000,16.9785
2025-07-19T19:37:00.000,16.9771
2025-07-19T19:38:00.000,16.9730
2025-07-19T19:39:00.000,16.9717
2025-07-19T19:40:00.000,16.9730
2025-07-19T19:41:00.000,16.9717
2025-07-19T19:42:00.000,16.9689
2025-07-19T19:43:00.000,16.9662
2025-07-19T19:44:00.000,16.9621
2025-07-19T19:45:00.000,16.9580
2025-07-19T19:46:00.000,16.9538
2025-07-19T19:47:00.000,16.9525
2025-07-19T19:48:00.000,16.9484
2025-07-19T19:49:00.000,16.9456
2025-07-19T19:50:00.000,16.9442
2025-07-19T19:51:00.000,16.9374
2025-07-19T19:52:00.000,16.9292
2025-07-19T19:53:00.000,16.9196
2025-07-19T19:54:00.000,16.9114
2025-07-19T19:55:00.000,16.9073
2025-07-19T19:56:00.000,16.9073
2025-07-19T19:57:00.000,16.9114
2025-07-19T19:58:00.000,16.9100
2025-07-19T19:59:00.000,16.9059
2025-07-19T20:00:00.000,16.9018
2025-07-19T20:01:00.000,16.8977
2025-07-19T20:02:00.000,16.8922
2025-07-19T20:03:00.000,16.8867
2025-07-19T20:04:00.000,16.8840
2025-07-19T20:05:00.000,16.8812
2025-07-19T20:06:00.000,16.8757
2025-07-19T20:07:00.000,16.8703
2025-07-19T20:08:00.000,16.8634
2025-07-19T20:09:00.000,16.8607
2025-07-19T20:10:00.000,16.8675
2025-07-19T20:11:00.000,16.8730
2025-07-19T20:12:00.000,16.8771
2025-07-19T20:13:00.000,16.8812
2025-07-19T20:14:00.000,16.8881
2025-07-19T20:15:00.000,16.8867
2025-07-19T20:16:00.000,16.8853
2025-07-19T20:17:00.000,16.8853
2025-07-19T20:18:00.000,16.8867
2025-07-19T20:19:00.000,16.8894
2025-07-19T20:20:00.000,16.8867
2025-07-19T20:21:00.000,16.8798
2025-07-19T20:22:00.000,16.8757
2025-07-19T20:23:00.000,16.8730
2025-07-19T20:24:00.000,16.8689
2025-07-19T20:25:00.000,16.8661
2025-07-19T20:26:00.000,16.8593
2025-07-19T20:27:00.000,16.8538
2025-07-19T20:28:00.000,16.8483
2025-07-19T20:29:00.000,16.8428
2025-07-19T20:30:00.000,16.8387
2025-07-19T20:31:00.000,16.8401
2025-07-19T20:32:00.000,16.8360
2025-07-19T20:33:00.000,16.8332
2025-07-19T20:34:00.000,16.8305
2025-07-19T20:35:00.000,16.8278
2025-07-19T20:36:00.000,16.8237
2025-07-19T20:37:00.000,16.8223
2025-07-19T20:38:00.000,16.8209
2025-07-19T20:39:00.000,16.8195
2025-07-19T20:40:00.000,16.8182
2025-07-19T20:41:00.000,16.8168
2025-07-19T20:42:00.000,16.8168
2025-07-19T20:43:00.000,16.8168
2025-07-19T20:44:00.000,16.8154
2025-07-19T20:45:00.000,16.8154
2025-07-19T20:46:00.000,16.8154
2025-07-19T20:47:00.000,16.8154
2025-07-19T20:48:00.000,16.8182
2025-07-19T20:49:00.000,16.8168
2025-07-19T20:50:00.000,16.8141
2025-07-19T20:51:00.000,16.8127
2025-07-19T20:52:00.000,16.8113
2025-07-19T20:53:00.000,16.8099
2025-07-19T20:54:00.000,16.8086
2025-07-19T20:55:00.000,16.8072
2025-07-19T20:56:00.000,16.8058
2025-07-19T20:57:00.000,16.8045
2025-07-19T20:58:00.000,16.8031
2025-07-19T20:59:00.000,16.8017
2025-07-19T21:00:00.000,16.8004
2025-07-19T21:01:00.000,16.7990
2025-07-19T21:02:00.000,16.7976
2025-07-19T21:03:00.000,16.7949
2025-07-19T21:04:00.000,16.7921
2025-07-19T21:05:00.000,16.7949
2025-07-19T21:06:00.000,16.7921
2025-07-19T21:07:00.000,16.7894
2025-07-19T21:08:00.000,16.7866
2025-07-19T21:09:00.000,16.7853
2025-07-19T21:10:00.000,16.7839
2025-07-19T21:11:00.000,16.7825
2025-07-19T21:12:00.000,16.7825
2025-07-19T21:13:00.000,16.7812
2025-07-19T21:14:00.000,16.7812
2025-07-19T21:15:00.000,16.7798
2025-07-19T21:16:00.000,16.7798
2025-07-19T21:17:00.000,16.7784
2025-07-19T21:18:00.000,16.7784
2025-07-19T21:19:00.000,16.7770
2025-07-19T21:20:00.000,16.7770
2025-07-19T21:21:00.000,16.7757
2025-07-19T21:22:00.000,16.7798
2025-07-19T21:23:00.000,16.7784
2025-07-19T21:24:00.000,16.7770
2025-07-19T21:25:00.000,16.7757
2025-07-19T21:26:00.000,16.7743
2025-07-19T21:27:00.000,16.7729
2025-07-19T21:28:00.000,16.7716
2025-07-19T21:29:00.000,16.7702
2025-07-19T21:30:00.000,16.7688
2025-07-19T21:31:00.000,16.7661
2025-07-19T21:32:00.000,16.7647
2025-07-19T21:33:00.000,16.7633
2025-07-19T21:34:00.000,16.7620
2025-07-19T21:35:00.000,16.7606
2025-07-19T21:36:00.000,16.7579
2025-07-19T21:37:00.000,16.7565
2025-07-19T21:38:00.000,16.7551
2025-07-19T21:39:00.000,16.7304
2025-07-19T21:40:00.000,16.6591
2025-07-19T21:41:00.000,16.5645
2025-07-19T21:42:00.000,16.4726
2025-07-19T21:43:00.000,16.3903
2025-07-19T21:44:00.000,16.3203
2025-07-19T21:45:00.000,16.2585
2025-07-19T21:46:00.000,16.2009
2025-07-19T21:47:00.000,16.1515
2025-07-19T21:48:00.000,16.1089
2025-07-19T21:49:00.000,16.0718
2025-07-19T21:50:00.000,16.0416
2025-07-19T21:51:00.000,16.0141
2025-07-19T21:52:00.000,15.9921
2025-07-19T21:53:00.000,15.9729
2025-07-19T21:54:00.000,15.9564
2025-07-19T21:55:00.000,15.9413
2025-07-19T21:56:00.000,15.9262
2025-07-19T21:57:00.000,15.9028
2025-07-19T21:58:00.000,15.8753
2025-07-19T21:59:00.000,15.8479
2025-07-19T22:00:00.000,15.8217
2025-07-19T22:01:00.000,15.7997
2025-07-19T22:02:00.000,15.7819
2025-07-19T22:03:00.000,15.7681
2025-07-19T22:04:00.000,15.7571
2025-07-19T22:05:00.000,15.7475
2025-07-19T22:06:00.000,15.7406
2025-07-19T22:07:00.000,15.7365
2025-07-19T22:08:00.000,15.7351
2025-07-19T22:09:00.000,15.7324
2025-07-19T22:10:00.000,15.7296
2025-07-19T22:11:00.000,15.7282
2025-07-19T22:12:00.000,15.7241
2025-07-19T22:13:00.000,15.7186
2025-07-19T22:14:00.000,15.7131
2025-07-19T22:15:00.000,15.7035
2025-07-19T22:16:00.000,15.6952
2025-07-19T22:17:00.000,15.6884
2025-07-19T22:18:00.000,15.6829
2025-07-19T22:19:00.000,15.6774
2025-07-19T22:20:00.000,15.6760
2025-07-19T22:21:00.000,15.6787
2025-07-19T22:22:00.000,15.6801
2025-07-19T22:23:00.000,15.6787
2025-07-19T22:24:00.000,15.6760
2025-07-19T22:25:00.000,15.6746
2025-07-19T22:26:00.000,15.6732
2025-07-19T22:27:00.000,15.6719
2025-07-19T22:28:00.000,15.6732
2025-07-19T22:29:00.000,15.6719
2025-07-19T22:30:00.000,15.6705
2025-07-19T22:31:00.000,15.6719
2025-07-19T22:32:00.000,15.6719
2025-07-19T22:33:00.000,15.6705
2025-07-19T22:34:00.000,15.6705
2025-07-19T22:35:00.000,15.6677
2025-07-19T22:36:00.000,15.6664
2025-07-19T22:37:00.000,15.6636
2025-07-19T22:38:00.000,15.6622
2025-07-19T22:39:00.000,15.6622
2025-07-19T22:40:00.000,15.6609
2025-07-19T22:41:00.000,15.6595
2025-07-19T22:42:00.000,15.6567
2025-07-19T22:43:00.000,15.6554
2025-07-19T22:44:00.000,15.6554
2025-07-19T22:45:00.000,15.6540
2025-07-19T22:46:00.000,15.6512
2025-07-19T22:47:00.000,15.6471
2025-07-19T22:48:00.000,15.6471
2025-07-19T22:49:00.000,15.6430
2025-07-19T22:50:00.000,15.6389
2025-07-19T22:51:00.000,15.6347
2025-07-19T22:52:00.000,15.6306
2025-07-19T22:53:00.000,15.6279
2025-07-19T22:54:00.000,15.6251
2025-07-19T22:55:00.000,15.6210
2025-07-19T22:56:00.000,15.6182
2025-07-19T22:57:00.000,15.6141
2025-07-19T22:58:00.000,15.6127
2025-07-19T22:59:00.000,15.6086
2025-07-19T23:00:00.000,15.6072
2025-07-19T23:01:00.000,15.6045
2025-07-19T23:02:00.000,15.6031
2025-07-19T23:03:00.000,15.6003
2025-07-19T23:04:00.000,15.5990
2025-07-19T23:05:00.000,15.6003
2025-07-19T23:06:00.000,15.5962
2025-07-19T23:07:00.000,15.5921
2025-07-19T23:08:00.000,15.5893
2025-07-19T23:09:00.000,15.5866
2025-07-19T23:10:00.000,15.5838
2025-07-19T23:11:00.000,15.5825
2025-07-19T23:12:00.000,15.5811
2025-07-19T23:13:00.000,15.5825
2025-07-19T23:14:00.000,15.5811
2025-07-19T23:15:00.000,15.5797
2025-07-19T23:16:00.000,15.5783
2025-07-19T23:17:00.000,15.5756
2025-07-19T23:18:00.000,15.5756
2025-07-19T23:19:00.000,15.5742
2025-07-19T23:20:00.000,15.5728
2025-07-19T23:21:00.000,15.5728
2025-07-19T23:22:00.000,15.5728
2025-07-19T23:23:00.000,15.5618
2025-07-19T23:24:00.000,15.5481
2025-07-19T23:25:00.000,15.5370
2025-07-19T23:26:00.000,15.5260
2025-07-19T23:27:00.000,15.5137
2025-07-19T23:28:00.000,15.5040
2025-07-19T23:29:00.000,15.4958
2025-07-19T23:30:00.000,15.4875
2025-07-19T23:31:00.000,15.4806
2025-07-19T23:32:00.000,15.4751
2025-07-19T23:33:00.000,15.4696
2025-07-19T23:34:00.000,15.4655
2025-07-19T23:35:00.000,15.4627
2025-07-19T23:36:00.000,15.4600
2025-07-19T23:37:00.000,15.4586
2025-07-19T23:38:00.000,15.4559
2025-07-19T23:39:00.000,15.4600
2025-07-19T23:40:00.000,15.4572
2025-07-19T23:41:00.000,15.4559
2025-07-19T23:42:00.000,15.4545
2025-07-19T23:43:00.000,15.4531
2025-07-19T23:44:00.000,15.4503
2025-07-19T23:45:00.000,15.4490
2025-07-19T23:46:00.000,15.4462
2025-07-19T23:47:00.000,15.4448
2025-07-19T23:48:00.000,15.4435
2025-07-19T23:49:00.000,15.4448
2025-07-19T23:50:00.000,15.4448
2025-07-19T23:51:00.000,15.4462
2025-07-19T23:52:00.000,15.4476
2025-07-19T23:53:00.000,15.4476
2025-07-19T23:54:00.000,15.4490
2025-07-19T23:55:00.000,15.4490
2025-07-19T23:56:00.000,15.4531
2025-07-19T23:57:00.000,15.4531
2025-07-19T23:58:00.000,15.4517
2025-07-19T23:59:00.000,15.4531
2025-07-20T00:00:00.000,15.4531
2025-07-20T00:01:00.000,15.4531
2025-07-20T00:02:00.000,15.4531
2025-07-20T00:03:00.000,15.4531
2025-07-20T00:04:00.000,15.4517
2025-07-20T00:05:00.000,15.4517
2025-07-20T00:06:00.000,15.4517
2025-07-20T00:07:00.000,15.4503
2025-07-20T00:08:00.000,15.4503
2025-07-20T00:09:00.000,15.4503
2025-07-20T00:10:00.000,15.4517
2025-07-20T00:11:00.000,15.4517
2025-07-20T00:12:00.000,15.4517
2025-07-20T00:13:00.000,15.4559
2025-07-20T00:14:00.000,15.4559
2025-07-20T00:15:00.000,15.4545
2025-07-20T00:16:00.000,15.4531
2025-07-20T00:17:00.000,15.4503
2025-07-20T00:18:00.000,15.4476
2025-07-20T00:19:00.000,15.4448
2025-07-20T00:20:00.000,15.4435
2025-07-20T00:21:00.000,15.4393
2025-07-20T00:22:00.000,15.4366
2025-07-20T00:23:00.000,15.4325
2025-07-20T00:24:00.000,15.4283
2025-07-20T00:25:00.000,15.4256
2025-07-20T00:26:00.000,15.4228
2025-07-20T00:27:00.000,15.4201
2025-07-20T00:28:00.000,15.4187
2025-07-20T00:29:00.000,15.4173
2025-07-20T00:30:00.000,15.4187
2025-07-20T00:31:00.000,15.4159
2025-07-20T00:32:00.000,15.4132
2025-07-20T00:33:00.000,15.4104
2025-07-20T00:34:00.000,15.4090
2025-07-20T00:35:00.000,15.4063
2025-07-20T00:36:00.000,15.4063
2025-07-20T00:37:00.000,15.4049
2025-07-20T00:38:00.000,15.4063
2025-07-20T00:39:00.000,15.4077
2025-07-20T00:40:00.000,15.4104
2025-07-20T00:41:00.000,15.4118
2025-07-20T00:42:00.000,15.4132
2025-07-20T00:43:00.000,15.4132
2025-07-20T00:44:00.000,15.4132
2025-07-20T00:45:00.000,15.4132
2025-07-20T00:46:00.000,15.4132
2025-07-20T00:47:00.000,15.4159
2025-07-20T00:48:00.000,15.4159
2025-07-20T00:49:00.000,15.4159
2025-07-20T00:50:00.000,15.4173
2025-07-20T00:51:00.000,15.4187
2025-07-20T00:52:00.000,15.4187
2025-07-20T00:53:00.000,15.4201
2025-07-20T00:54:00.000,15.4214
2025-07-20T00:55:00.000,15.4242
2025-07-20T00:56:00.000,15.4242
2025-07-20T00:57:00.000,15.4256
2025-07-20T00:58:00.000,15.4242
2025-07-20T00:59:00.000,15.4214
2025-07-20T01:00:00.000,15.4132
2025-07-20T01:01:00.000,15.4049
2025-07-20T01:02:00.000,15.3939
2025-07-20T01:03:00.000,15.3898
2025-07-20T01:04:00.000,15.3788
2025-07-20T01:05:00.000,15.3691
2025-07-20T01:06:00.000,15.3581
2025-07-20T01:07:00.000,15.3526
2025-07-20T01:08:00.000,15.3443
2025-07-20T01:09:00.000,15.3361
2025-07-20T01:10:00.000,15.3319
2025-07-20T01:11:00.000,15.3278
2025-07-20T01:12:00.000,15.3209
2025-07-20T01:13:00.000,15.3195
2025-07-20T01:14:00.000,15.3168
2025-07-20T01:15:00.000,15.3154
2025-07-20T01:16:00.000,15.3182
2025-07-20T01:17:00.000,15.3182
2025-07-20T01:18:00.000,15.3182
2025-07-20T01:19:00.000,15.3223
2025-07-20T01:20:00.000,15.3319
2025-07-20T01:21:00.000,15.3416
2025-07-20T01:22:00.000,15.3554
2025-07-20T01:23:00.000,15.3636
2025-07-20T01:24:00.000,15.3677
2025-07-20T01:25:00.000,15.3719
2025-07-20T01:26:00.000,15.3801
2025-07-20T01:27:00.000,15.3912
2025-07-20T01:28:00.000,15.4022
2025-07-20T01:29:00.000,15.4159
2025-07-20T01:30:00.000,15.4311
2025-07-20T01:31:00.000,15.4462
2025-07-20T01:32:00.000,15.4600
2025-07-20T01:33:00.000,15.4710
2025-07-20T01:34:00.000,15.4806
2025-07-20T01:35:00.000,15.4875
2025-07-20T01:36:00.000,15.4944
2025-07-20T01:37:00.000,15.4985
2025-07-20T01:38:00.000,15.5082
2025-07-20T01:39:00.000,15.5123
2025-07-20T01:40:00.000,15.5150
2025-07-20T01:41:00.000,15.5192
2025-07-20T01:42:00.000,15.5219
2025-07-20T01:43:00.000,15.5274
2025-07-20T01:44:00.000,15.5302
2025-07-20T01:45:00.000,15.5302
2025-07-20T01:46:00.000,15.5329
2025-07-20T01:47:00.000,15.5329
2025-07-20T01:48:00.000,15.5329
2025-07-20T01:49:00.000,15.5343
2025-07-20T01:50:00.000,15.5343
2025-07-20T01:51:00.000,15.5343
2025-07-20T01:52:00.000,15.5329
2025-07-20T01:53:00.000,15.5329
2025-07-20T01:54:00.000,15.5315
2025-07-20T01:55:00.000,15.5357
2025-07-20T01:56:00.000,15.5343
2025-07-20T01:57:00.000,15.5329
2025-07-20T01:58:00.000,15.5315
2025-07-20T01:59:00.000,15.5315
2025-07-20T02:00:00.000,15.5302
2025-07-20T02:01:00.000,15.5302
2025-07-20T02:02:00.000,15.5302
2025-07-20T02:03:00.000,15.5302
2025-07-20T02:04:00.000,15.5302
2025-07-20T02:05:00.000,15.5302
2025-07-20T02:06:00.000,15.5302
2025-07-20T02:07:00.000,15.5302
2025-07-20T02:08:00.000,15.5302
2025-07-20T02:09:00.000,15.5302
2025-07-20T02:10:00.000,15.5315
2025-07-20T02:11:00.000,15.5329
2025-07-20T02:12:00.000,15.5384
2025-07-20T02:13:00.000,15.5384
2025-07-20T02:14:00.000,15.5398
2025-07-20T02:15:00.000,15.5412
2025-07-20T02:16:00.000,15.5426
2025-07-20T02:17:00.000,15.5426
2025-07-20T02:18:00.000,15.5439
2025-07-20T02:19:00.000,15.5439
2025-07-20T02:20:00.000,15.5453
2025-07-20T02:21:00.000,15.5453
2025-07-20T02:22:00.000,15.5467
2025-07-20T02:23:00.000,15.5481
2025-07-20T02:24:00.000,15.5494
2025-07-20T02:25:00.000,15.5508
2025-07-20T02:26:00.000,15.5536
2025-07-20T02:27:00.000,15.5549
2025-07-20T02:28:00.000,15.5591
2025-07-20T02:29:00.000,15.5673
2025-07-20T02:30:00.000,15.5714
2025-07-20T02:31:00.000,15.5742
2025-07-20T02:32:00.000,15.5756
2025-07-20T02:33:00.000,15.5770
2025-07-20T02:34:00.000,15.5783
2025-07-20T02:35:00.000,15.5811
2025-07-20T02:36:00.000,15.5825
2025-07-20T02:37:00.000,15.5852
2025-07-20T02:38:00.000,15.5880
2025-07-20T02:39:00.000,15.5921
2025-07-20T02:40:00.000,15.5935
2025-07-20T02:41:00.000,15.5962
2025-07-20T02:42:00.000,15.5948
2025-07-20T02:43:00.000,15.5921
2025-07-20T02:44:00.000,15.5893
2025-07-20T02:45:00.000,15.5852
2025-07-20T02:46:00.000,15.5852
2025-07-20T02:47:00.000,15.5825
2025-07-20T02:48:00.000,15.5783
2025-07-20T02:49:00.000,15.5756
2025-07-20T02:50:00.000,15.5742
2025-07-20T02:51:00.000,15.5742
2025-07-20T02:52:00.000,15.5742
2025-07-20T02:53:00.000,15.5728
2025-07-20T02:54:00.000,15.5673
2025-07-20T02:55:00.000,15.5591
2025-07-20T02:56:00.000,15.5508
2025-07-20T02:57:00.000,15.5426
2025-07-20T02:58:00.000,15.5343
2025-07-20T02:59:00.000,15.5260
2025-07-20T03:00:00.000,15.5192
2025-07-20T03:01:00.000,15.5109
2025-07-20T03:02:00.000,15.5040
2025-07-20T03:03:00.000,15.5013
2025-07-20T03:04:00.000,15.4944
2025-07-20T03:05:00.000,15.4889
2025-07-20T03:06:00.000,15.4820
2025-07-20T03:07:00.000,15.4737
2025-07-20T03:08:00.000,15.4655
2025-07-20T03:09:00.000,15.4559
2025-07-20T03:10:00.000,15.4435
2025-07-20T03:11:00.000,15.4297
2025-07-20T03:12:00.000,15.4173
2025-07-20T03:13:00.000,15.4063
2025-07-20T03:14:00.000,15.3953
2025-07-20T03:15:00.000,15.3870
2025-07-20T03:16:00.000,15.3774
2025-07-20T03:17:00.000,15.3677
2025-07-20T03:18:00.000,15.3622
2025-07-20T03:19:00.000,15.3554
2025-07-20T03:20:00.000,15.3457
2025-07-20T03:21:00.000,15.3016
2025-07-20T03:22:00.000,15.1763
2025-07-20T03:23:00.000,14.9102
2025-07-20T03:24:00.000,14.4752
2025-07-20T03:25:00.000,13.9506
2025-07-20T03:26:00.000,13.4564
2025-07-20T03:27:00.000,13.0250
2025-07-20T03:28:00.000,12.6691
2025-07-20T03:29:00.000,12.3796
2025-07-20T03:30:00.000,12.1288
2025-07-20T03:31:00.000,11.9113
2025-07-20T03:32:00.000,11.7355
2025-07-20T03:33:00.000,11.5807
2025-07-20T03:34:00.000,11.4370
2025-07-20T03:35:00.000,11.2959
2025-07-20T03:36:00.000,11.1659
2025-07-20T03:37:00.000,11.0486
2025-07-20T03:38:00.000,10.9452
2025-07-20T03:39:00.000,10.8574
2025-07-20T03:40:00.000,10.7738
2025-07-20T03:41:00.000,10.7000
2025-07-20T03:42:00.000,10.6333
2025-07-20T03:43:00.000,10.5978
2025-07-20T03:44:00.000,10.5566
2025-07-20T03:45:00.000,10.5125
2025-07-20T03:46:00.000,10.4670
2025-07-20T03:47:00.000,10.4130
2025-07-20T03:48:00.000,10.3603
2025-07-20T03:49:00.000,10.3219
2025-07-20T03:50:00.000,10.3005
2025-07-20T03:51:00.000,10.2692
2025-07-20T03:52:00.000,10.2392
2025-07-20T03:53:00.000,10.2293
2025-07-20T03:54:00.000,10.2093
2025-07-20T03:55:00.000,10.1836
2025-07-20T03:56:00.000,10.1565
2025-07-20T03:57:00.000,10.1152
2025-07-20T03:58:00.000,10.0681
2025-07-20T03:59:00.000,10.0310
2025-07-20T04:00:00.000,10.0010
2025-07-20T04:01:00.000,9.9795
2025-07-20T04:02:00.000,9.9538
2025-07-20T04:03:00.000,9.9195
2025-07-20T04:04:00.000,9.8881
2025-07-20T04:05:00.000,9.8680
2025-07-20T04:06:00.000,9.8509
2025-07-20T04:07:00.000,9.8408
2025-07-20T04:08:00.000,9.8265
2025-07-20T04:09:00.000,9.8065
2025-07-20T04:10:00.000,9.7836
2025-07-20T04:11:00.000,9.7764
2025-07-20T04:12:00.000,9.7893
2025-07-20T04:13:00.000,9.7893
2025-07-20T04:14:00.000,9.7750
2025-07-20T04:15:00.000,9.7550
2025-07-20T04:16:00.000,9.7306
2025-07-20T04:17:00.000,9.7206
2025-07-20T04:18:00.000,9.7220
2025-07-20T04:19:00.000,9.7263
2025-07-20T04:20:00.000,9.7292
2025-07-20T04:21:00.000,9.7220
2025-07-20T04:22:00.000,9.7149
2025-07-20T04:23:00.000,9.7220
2025-07-20T04:24:00.000,9.7364
2025-07-20T04:25:00.000,9.7664
2025-07-20T04:26:00.000,9.7908
2025-07-20T04:27:00.000,9.8022
2025-07-20T04:28:00.000,9.8051
2025-07-20T04:29:00.000,9.7951
2025-07-20T04:30:00.000,9.7736
2025-07-20T04:31:00.000,9.7492
2025-07-20T04:32:00.000,9.7177
2025-07-20T04:33:00.000,9.6905
2025-07-20T04:34:00.000,9.6661
2025-07-20T04:35:00.000,9.6418
2025-07-20T04:36:00.000,9.6174
2025-07-20T04:37:00.000,9.5844
2025-07-20T04:38:00.000,9.5572
2025-07-20T04:39:00.000,9.5313
2025-07-20T04:40:00.000,9.5127
2025-07-20T04:41:00.000,9.5055
2025-07-20T04:42:00.000,9.4954
2025-07-20T04:43:00.000,9.4667
2025-07-20T04:44:00.000,9.4351
2025-07-20T04:45:00.000,9.4164
2025-07-20T04:46:00.000,9.3906
2025-07-20T04:47:00.000,9.3633
2025-07-20T04:48:00.000,9.3403
2025-07-20T04:49:00.000,9.3316
2025-07-20T04:50:00.000,9.3216
2025-07-20T04:51:00.000,9.3101
2025-07-20T04:52:00.000,9.2985
2025-07-20T04:53:00.000,9.2913
2025-07-20T04:54:00.000,9.2798
2025-07-20T04:55:00.000,9.2770
2025-07-20T04:56:00.000,9.2798
2025-07-20T04:57:00.000,9.2827
2025-07-20T04:58:00.000,9.2870
2025-07-20T04:59:00.000,9.2856
2025-07-20T05:00:00.000,9.2870
2025-07-20T05:01:00.000,9.2842
2025-07-20T05:02:00.000,9.2698
2025-07-20T05:03:00.000,9.2525
2025-07-20T05:04:00.000,9.2410
2025-07-20T05:05:00.000,9.2323
2025-07-20T05:06:00.000,9.2323
2025-07-20T05:07:00.000,9.2381
2025-07-20T05:08:00.000,9.2367
2025-07-20T05:09:00.000,9.2295
2025-07-20T05:10:00.000,9.2266
2025-07-20T05:11:00.000,9.2251
2025-07-20T05:12:00.000,9.2295
2025-07-20T05:13:00.000,9.2266
2025-07-20T05:14:00.000,9.2179
2025-07-20T05:15:00.000,9.2136
2025-07-20T05:16:00.000,9.2136
2025-07-20T05:17:00.000,9.2165
2025-07-20T05:18:00.000,9.2194
2025-07-20T05:19:00.000,9.2266
2025-07-20T05:20:00.000,9.2309
2025-07-20T05:21:00.000,9.2295
2025-07-20T05:22:00.000,9.2295
2025-07-20T05:23:00.000,9.2309
2025-07-20T05:24:00.000,9.2309
2025-07-20T05:25:00.000,9.2338
2025-07-20T05:26:00.000,9.2439
2025-07-20T05:27:00.000,9.2611
2025-07-20T05:28:00.000,9.2784
2025-07-20T05:29:00.000,9.2827
2025-07-20T05:30:00.000,9.2856
2025-07-20T05:31:00.000,9.2913
2025-07-20T05:32:00.000,9.3000
2025-07-20T05:33:00.000,9.3043
2025-07-20T05:34:00.000,9.3101
2025-07-20T05:35:00.000,9.3187
2025-07-20T05:36:00.000,9.3259
2025-07-20T05:37:00.000,9.3288
2025-07-20T05:38:00.000,9.3460
2025-07-20T05:39:00.000,9.3791
2025-07-20T05:40:00.000,9.4093
2025-07-20T05:41:00.000,9.4308
2025-07-20T05:42:00.000,9.4409
2025-07-20T05:43:00.000,9.4581
2025-07-20T05:44:00.000,9.4710
2025-07-20T05:45:00.000,9.4883
2025-07-20T05:46:00.000,9.5141
2025-07-20T05:47:00.000,9.5414
2025-07-20T05:48:00.000,9.5615
2025-07-20T05:49:00.000,9.5844
2025-07-20T05:50:00.000,9.6059
2025-07-20T05:51:00.000,9.6260
2025-07-20T05:52:00.000,9.6461
2025-07-20T05:53:00.000,9.6704
2025-07-20T05:54:00.000,9.6848
2025-07-20T05:55:00.000,9.6948
2025-07-20T05:56:00.000,9.7048
2025-07-20T05:57:00.000,9.7249
2025-07-20T05:58:00.000,9.7464
2025-07-20T05:59:00.000,9.7693
2025-07-20T06:00:00.000,9.7965
2025-07-20T06:01:00.000,9.8222
2025-07-20T06:02:00.000,9.8408
2025-07-20T06:03:00.000,9.8466
2025-07-20T06:04:00.000,9.8609
2025-07-20T06:05:00.000,9.8780
2025-07-20T06:06:00.000,9.9024
2025-07-20T06:07:00.000,9.9281
2025-07-20T06:08:00.000,9.9467
2025-07-20T06:09:00.000,9.9667
2025-07-20T06:10:00.000,9.9838
2025-07-20T06:11:00.000,9.9967
2025-07-20T06:12:00.000,10.0081
2025-07-20T06:13:00.000,10.0295
2025-07-20T06:14:00.000,10.0624
2025-07-20T06:15:00.000,10.0923
2025-07-20T06:16:00.000,10.1294
2025-07-20T06:17:00.000,10.1637
2025-07-20T06:18:00.000,10.2022
2025-07-20T06:19:00.000,10.2378
2025-07-20T06:20:00.000,10.2706
2025-07-20T06:21:00.000,10.3005
2025-07-20T06:22:00.000,10.3290
2025-07-20T06:23:00.000,10.3503
2025-07-20T06:24:00.000,10.3632
2025-07-20T06:25:00.000,10.3745
2025-07-20T06:26:00.000,10.3916
2025-07-20T06:27:00.000,10.4343
2025-07-20T06:28:00.000,10.4898
2025-07-20T06:29:00.000,10.5481
2025-07-20T06:30:00.000,10.6091
2025-07-20T06:31:00.000,10.6617
2025-07-20T06:32:00.000,10.7170
2025-07-20T06:33:00.000,10.7681
2025-07-20T06:34:00.000,10.8248
2025-07-20T06:35:00.000,10.8886
2025-07-20T06:36:00.000,10.9523
2025-07-20T06:37:00.000,11.0089
2025-07-20T06:38:00.000,11.0627
2025-07-20T06:39:00.000,11.1164
2025-07-20T06:40:00.000,11.1758
2025-07-20T06:41:00.000,11.2253
2025-07-20T06:42:00.000,11.2719
2025-07-20T06:43:00.000,11.3100
2025-07-20T06:44:00.000,11.3523
2025-07-20T06:45:00.000,11.3975
2025-07-20T06:46:00.000,11.4497
2025-07-20T06:47:00.000,11.4934
2025-07-20T06:48:00.000,11.5413
2025-07-20T06:49:00.000,11.5892
2025-07-20T06:50:00.000,11.6399
2025-07-20T06:51:00.000,11.6863
2025-07-20T06:52:00.000,11.7285
2025-07-20T06:53:00.000,11.7763
2025-07-20T06:54:00.000,11.8241
2025-07-20T06:55:00.000,11.8691
2025-07-20T06:56:00.000,11.9183
2025-07-20T06:57:00.000,11.9759
2025-07-20T06:58:00.000,12.0447
2025-07-20T06:59:00.000,12.1134
2025-07-20T07:00:00.000,12.1877
2025-07-20T07:01:00.000,12.2648
2025-07-20T07:02:00.000,12.3362
2025-07-20T07:03:00.000,12.3838
2025-07-20T07:04:00.000,12.4160
2025-07-20T07:05:00.000,12.4384
2025-07-20T07:06:00.000,12.4678
2025-07-20T07:07:00.000,12.4986
2025-07-20T07:08:00.000,12.5154
2025-07-20T07:09:00.000,12.5252
2025-07-20T07:10:00.000,12.5475
2025-07-20T07:11:00.000,12.5909
2025-07-20T07:12:00.000,12.6398
2025-07-20T07:13:00.000,12.7068
2025-07-20T07:14:00.000,12.7920
2025-07-20T07:15:00.000,12.8730
2025-07-20T07:16:00.000,12.9567
2025-07-20T07:17:00.000,13.0403
2025-07-20T07:18:00.000,13.1309
2025-07-20T07:19:00.000,13.2436
2025-07-20T07:20:00.000,13.3466
2025-07-20T07:21:00.000,13.4537
2025-07-20T07:22:00.000,13.5496
2025-07-20T07:23:00.000,13.6468
2025-07-20T07:24:00.000,13.7689
2025-07-20T07:25:00.000,13.9700
2025-07-20T07:26:00.000,14.1944
2025-07-20T07:27:00.000,14.4475
2025-07-20T07:28:00.000,14.6672
2025-07-20T07:29:00.000,14.8812
2025-07-20T07:30:00.000,15.0812
2025-07-20T07:31:00.000,15.2493
2025-07-20T07:32:00.000,15.4669
2025-07-20T07:33:00.000,15.7557
2025-07-20T07:34:00.000,15.9757
2025-07-20T07:35:00.000,16.0306
2025-07-20T07:36:00.000,16.0402
2025-07-20T07:37:00.000,15.9619
2025-07-20T07:38:00.000,15.8479
2025-07-20T07:39:00.000,15.7736
2025-07-20T07:40:00.000,15.7007
2025-07-20T07:41:00.000,15.6499
2025-07-20T07:42:00.000,15.6210
2025-07-20T07:43:00.000,15.5907
2025-07-20T07:44:00.000,15.5962
2025-07-20T07:45:00.000,15.6719
2025-07-20T07:46:00.000,15.8341
2025-07-20T07:47:00.000,15.9784
2025-07-20T07:48:00.000,16.1048
2025-07-20T07:49:00.000,16.1913
2025-07-20T07:50:00.000,16.2682
2025-07-20T07:51:00.000,16.3491
2025-07-20T07:52:00.000,16.4644
2025-07-20T07:53:00.000,16.6112
2025-07-20T07:54:00.000,16.7633
2025-07-20T07:55:00.000,16.8894
2025-07-20T07:56:00.000,16.9689
2025-07-20T07:57:00.000,16.9977
2025-07-20T07:58:00.000,16.9799
2025-07-20T07:59:00.000,16.9648
2025-07-20T08:00:00.000,16.9949
2025-07-20T08:01:00.000,17.0758
2025-07-20T08:02:00.000,17.2210
2025-07-20T08:03:00.000,17.4031
2025-07-20T08:04:00.000,17.6207
2025-07-20T08:05:00.000,17.8834
2025-07-20T08:06:00.000,18.1515
2025-07-20T08:07:00.000,18.5589
2025-07-20T08:08:00.000,19.0675
2025-07-20T08:09:00.000,19.4735
2025-07-20T08:10:00.000,19.7127
2025-07-20T08:11:00.000,19.9383
2025-07-20T08:12:00.000,19.9930
2025-07-20T08:13:00.000,20.1530
2025-07-20T08:14:00.000,20.5279
2025-07-20T08:15:00.000,21.0193
2025-07-20T08:16:00.000,21.4126
2025-07-20T08:17:00.000,21.7183
2025-07-20T08:18:00.000,21.6676
2025-07-20T08:19:00.000,21.3057
2025-07-20T08:20:00.000,20.8797
2025-07-20T08:21:00.000,20.4718
2025-07-20T08:22:00.000,20.0983
2025-07-20T08:23:00.000,19.8426
2025-07-20T08:24:00.000,19.9219
2025-07-20T08:25:00.000,20.0846
2025-07-20T08:26:00.000,20.1530
2025-07-20T08:27:00.000,20.1927
2025-07-20T08:28:00.000,20.2488
2025-07-20T08:29:00.000,20.4636
2025-07-20T08:30:00.000,20.4526
2025-07-20T08:31:00.000,20.3774
2025-07-20T08:32:00.000,20.2460
2025-07-20T08:33:00.000,20.1093
2025-07-20T08:34:00.000,19.9506
2025-07-20T08:35:00.000,19.8235
2025-07-20T08:36:00.000,19.8344
2025-07-20T08:37:00.000,20.2583
2025-07-20T08:38:00.000,20.8112
2025-07-20T08:39:00.000,21.4180
2025-07-20T08:40:00.000,21.5373
2025-07-20T08:41:00.000,21.3618
2025-07-20T08:42:00.000,20.9591
2025-07-20T08:43:00.000,20.4471
2025-07-20T08:44:00.000,19.9807
2025-07-20T08:45:00.000,19.7906
2025-07-20T08:46:00.000,19.8617
2025-07-20T08:47:00.000,19.7975
2025-07-20T08:48:00.000,19.7797
2025-07-20T08:49:00.000,19.8754
2025-07-20T08:50:00.000,19.8522
2025-07-20T08:51:00.000,19.6731
2025-07-20T08:52:00.000,19.2684
2025-07-20T08:53:00.000,18.8665
2025-07-20T08:54:00.000,18.4810
2025-07-20T08:55:00.000,18.1679
2025-07-20T08:56:00.000,18.0940
2025-07-20T08:57:00.000,18.1583
2025-07-20T08:58:00.000,18.2253
2025-07-20T08:59:00.000,18.1829
2025-07-20T09:00:00.000,18.0475
2025-07-20T09:01:00.000,17.8971
2025-07-20T09:02:00.000,17.7548
2025-07-20T09:03:00.000,17.6262
2025-07-20T09:04:00.000,17.5085
2025-07-20T09:05:00.000,17.4291
2025-07-20T09:06:00.000,17.3743
2025-07-20T09:07:00.000,17.3702
2025-07-20T09:08:00.000,17.3853
2025-07-20T09:09:00.000,17.3990
2025-07-20T09:10:00.000,17.4564
2025-07-20T09:11:00.000,17.4332
2025-07-20T09:12:00.000,17.3387
2025-07-20T09:13:00.000,17.1908
2025-07-20T09:14:00.000,17.0662
2025-07-20T09:15:00.000,16.9662
2025-07-20T09:16:00.000,16.8867
2025-07-20T09:17:00.000,16.8250
2025-07-20T09:18:00.000,16.7510
2025-07-20T09:19:00.000,16.6866
2025-07-20T09:20:00.000,16.6221
2025-07-20T09:21:00.000,16.5824
2025-07-20T09:22:00.000,16.5467
2025-07-20T09:23:00.000,16.4877
2025-07-20T09:24:00.000,16.4219
2025-07-20T09:25:00.000,16.3629
2025-07-20T09:26:00.000,16.3189
2025-07-20T09:27:00.000,16.2997
2025-07-20T09:28:00.000,16.3135
2025-07-20T09:29:00.000,16.3752
2025-07-20T09:30:00.000,16.4959
2025-07-20T09:31:00.000,16.6852
2025-07-20T09:32:00.000,16.8195
2025-07-20T09:33:00.000,16.8346
2025-07-20T09:34:00.000,16.7894
2025-07-20T09:35:00.000,16.7030
2025-07-20T09:36:00.000,16.6043
2025-07-20T09:37:00.000,16.6070
2025-07-20T09:38:00.000,16.6578
2025-07-20T09:39:00.000,16.7195
2025-07-20T09:40:00.000,16.8278
2025-07-20T09:41:00.000,16.8990
2025-07-20T09:42:00.000,16.9580
2025-07-20T09:43:00.000,17.0881
2025-07-20T09:44:00.000,17.2196
2025-07-20T09:45:00.000,17.5002
2025-07-20T09:46:00.000,17.9969
2025-07-20T09:47:00.000,18.4755
2025-07-20T09:48:00.000,18.6861
2025-07-20T09:49:00.000,18.8679
2025-07-20T09:50:00.000,19.1262
2025-07-20T09:51:00.000,19.2916
2025-07-20T09:52:00.000,19.4885
2025-07-20T09:53:00.000,19.6936
2025-07-20T09:54:00.000,19.8850
2025-07-20T09:55:00.000,20.1024
2025-07-20T09:56:00.000,20.2310
2025-07-20T09:57:00.000,20.4006
2025-07-20T09:58:00.000,20.4211
2025-07-20T09:59:00.000,20.3226
2025-07-20T10:00:00.000,20.1872
2025-07-20T10:01:00.000,19.8891
2025-07-20T10:02:00.000,19.5514
2025-07-20T10:03:00.000,19.3436
2025-07-20T10:04:00.000,19.1112
2025-07-20T10:05:00.000,18.8829
2025-07-20T10:06:00.000,18.7886
2025-07-20T10:07:00.000,18.9731
2025-07-20T10:08:00.000,19.3901
2025-07-20T10:09:00.000,19.7072
2025-07-20T10:10:00.000,19.9424
2025-07-20T10:11:00.000,20.1024
2025-07-20T10:12:00.000,20.3213
2025-07-20T10:13:00.000,20.4266
2025-07-20T10:14:00.000,20.5197
2025-07-20T10:15:00.000,20.6401
2025-07-20T10:16:00.000,20.7099
2025-07-20T10:17:00.000,20.7715
2025-07-20T10:18:00.000,20.8509
2025-07-20T10:19:00.000,20.9577
2025-07-20T10:20:00.000,21.0851
2025-07-20T10:21:00.000,21.1700
2025-07-20T10:22:00.000,21.2467
2025-07-20T10:23:00.000,21.3427
2025-07-20T10:24:00.000,21.4153
2025-07-20T10:25:00.000,21.4551
2025-07-20T10:26:00.000,21.5277
2025-07-20T10:27:00.000,21.5812
2025-07-20T10:28:00.000,21.6443
2025-07-20T10:29:00.000,21.8130
2025-07-20T10:30:00.000,22.0697
2025-07-20T10:31:00.000,22.3348
2025-07-20T10:32:00.000,22.6236
2025-07-20T10:33:00.000,22.9071
2025-07-20T10:34:00.000,23.1413
2025-07-20T10:35:00.000,23.3234
2025-07-20T10:36:00.000,23.4172
2025-07-20T10:37:00.000,23.4600
2025-07-20T10:38:00.000,23.3882
2025-07-20T10:39:00.000,23.2213
2025-07-20T10:40:00.000,23.0972
2025-07-20T10:41:00.000,22.9581
2025-07-20T10:42:00.000,22.7488
2025-07-20T10:43:00.000,22.4572
2025-07-20T10:44:00.000,22.2290
2025-07-20T10:45:00.000,22.0766
2025-07-20T10:46:00.000,21.9667
2025-07-20T10:47:00.000,21.9571
2025-07-20T10:48:00.000,21.9557
2025-07-20T10:49:00.000,21.9214
2025-07-20T10:50:00.000,21.8954
2025-07-20T10:51:00.000,21.8446
2025-07-20T10:52:00.000,21.8020
2025-07-20T10:53:00.000,21.7019
2025-07-20T10:54:00.000,21.6580
2025-07-20T10:55:00.000,21.6388
2025-07-20T10:56:00.000,21.6251
2025-07-20T10:57:00.000,21.6607
2025-07-20T10:58:00.000,21.6607
2025-07-20T10:59:00.000,21.7307
2025-07-20T11:00:00.000,21.7856
2025-07-20T11:01:00.000,21.8446
2025-07-20T11:02:00.000,21.9187
2025-07-20T11:03:00.000,22.0010
2025-07-20T11:04:00.000,22.0807
2025-07-20T11:05:00.000,22.2373
2025-07-20T11:06:00.000,22.4146
2025-07-20T11:07:00.000,22.5851
2025-07-20T11:08:00.000,22.8176
2025-07-20T11:09:00.000,23.0394
2025-07-20T11:10:00.000,23.1758
2025-07-20T11:11:00.000,23.3303
2025-07-20T11:12:00.000,23.5566
2025-07-20T11:13:00.000,23.7777
2025-07-20T11:14:00.000,23.9810
2025-07-20T11:15:00.000,24.1914
2025-07-20T11:16:00.000,24.4062
2025-07-20T11:17:00.000,24.7198
2025-07-20T11:18:00.000,25.1746
2025-07-20T11:19:00.000,25.6824
2025-07-20T11:20:00.000,26.2381
2025-07-20T11:21:00.000,26.6341
2025-07-20T11:22:00.000,26.8523
2025-07-20T11:23:00.000,27.0200
2025-07-20T11:24:00.000,27.2403
2025-07-20T11:25:00.000,27.3802
2025-07-20T11:26:00.000,27.5685
2025-07-20T11:27:00.000,27.7826
2025-07-20T11:28:00.000,27.8891
2025-07-20T11:29:00.000,27.8863
2025-07-20T11:30:00.000,27.7897
2025-07-20T11:31:00.000,27.8181
2025-07-20T11:32:00.000,27.5572
2025-07-20T11:33:00.000,27.3633
2025-07-20T11:34:00.000,27.2798
2025-07-20T11:35:00.000,27.0920
2025-07-20T11:36:00.000,26.8678
2025-07-20T11:37:00.000,26.5722
2025-07-20T11:38:00.000,26.3700
2025-07-20T11:39:00.000,26.2128
2025-07-20T11:40:00.000,26.0769
2025-07-20T11:41:00.000,26.0377
2025-07-20T11:42:00.000,26.2254
2025-07-20T11:43:00.000,26.5497
2025-07-20T11:44:00.000,26.9918
2025-07-20T11:45:00.000,27.4114
2025-07-20T11:46:00.000,27.6309
2025-07-20T11:47:00.000,27.7245
2025-07-20T11:48:00.000,27.8607
2025-07-20T11:49:00.000,28.0469
2025-07-20T11:50:00.000,28.4074
2025-07-20T11:51:00.000,28.4573
2025-07-20T11:52:00.000,28.4302
2025-07-20T11:53:00.000,28.4117
2025-07-20T11:54:00.000,28.5587
2025-07-20T11:55:00.000,28.5402
2025-07-20T11:56:00.000,27.4114
2025-07-20T11:57:00.000,25.7886
2025-07-20T11:58:00.000,24.2565
2025-07-20T11:59:00.000,22.9953
2025-07-20T12:00:00.000,22.0134
2025-07-20T12:01:00.000,21.3002
2025-07-20T12:02:00.000,20.7592
2025-07-20T12:03:00.000,20.2994
2025-07-20T12:04:00.000,19.9000
2025-07-20T12:05:00.000,19.5664
2025-07-20T12:06:00.000,19.3614
2025-07-20T12:07:00.000,19.3491
2025-07-20T12:08:00.000,19.4598
2025-07-20T12:09:00.000,19.5869
2025-07-20T12:10:00.000,19.6867
2025-07-20T12:11:00.000,19.7674
2025-07-20T12:12:00.000,19.8248
2025-07-20T12:13:00.000,19.8262
2025-07-20T12:14:00.000,19.8139
2025-07-20T12:15:00.000,19.8822
2025-07-20T12:16:00.000,19.9588
2025-07-20T12:17:00.000,20.0422
2025-07-20T12:18:00.000,20.1106
2025-07-20T12:19:00.000,20.1407
2025-07-20T12:20:00.000,20.1612
2025-07-20T12:21:00.000,20.1571
2025-07-20T12:22:00.000,20.1681
2025-07-20T12:23:00.000,20.1052
2025-07-20T12:24:00.000,20.0997
2025-07-20T12:25:00.000,19.9834
2025-07-20T12:26:00.000,19.8344
2025-07-20T12:27:00.000,19.7072
2025-07-20T12:28:00.000,19.5281
2025-07-20T12:29:00.000,19.2875
2025-07-20T12:30:00.000,19.1071
2025-07-20T12:31:00.000,18.9485
2025-07-20T12:32:00.000,18.9718
2025-07-20T12:33:00.000,18.9267
2025-07-20T12:34:00.000,18.9062
2025-07-20T12:35:00.000,18.8583
2025-07-20T12:36:00.000,18.8200
2025-07-20T12:37:00.000,18.8132
2025-07-20T12:38:00.000,18.7490
2025-07-20T12:39:00.000,18.7285
2025-07-20T12:40:00.000,18.6601
2025-07-20T12:41:00.000,18.6328
2025-07-20T12:42:00.000,18.6205
2025-07-20T12:43:00.000,18.6341
2025-07-20T12:44:00.000,18.6765
2025-07-20T12:45:00.000,18.7079
2025-07-20T12:46:00.000,18.7667
2025-07-20T12:47:00.000,18.8214
2025-07-20T12:48:00.000,18.7900
2025-07-20T12:49:00.000,18.6806
2025-07-20T12:50:00.000,18.5083
2025-07-20T12:51:00.000,18.3443
2025-07-20T12:52:00.000,18.2103
2025-07-20T12:53:00.000,18.0872
2025-07-20T12:54:00.000,17.9655
2025-07-20T12:55:00.000,17.8560
2025-07-20T12:56:00.000,17.7999
2025-07-20T12:57:00.000,17.7698
2025-07-20T12:58:00.000,17.7452
2025-07-20T12:59:00.000,17.7562
2025-07-20T13:00:00.000,17.7739
2025-07-20T13:01:00.000,17.7945
2025-07-20T13:02:00.000,17.8136
2025-07-20T13:03:00.000,17.8642
2025-07-20T13:04:00.000,17.9039
2025-07-20T13:05:00.000,17.9449
2025-07-20T13:06:00.000,17.9914
2025-07-20T13:07:00.000,18.0270
2025-07-20T13:08:00.000,18.0530
2025-07-20T13:09:00.000,18.0858
2025-07-20T13:10:00.000,18.0762
2025-07-20T13:11:00.000,18.0557
2025-07-20T13:12:00.000,18.0530
2025-07-20T13:13:00.000,18.0653
2025-07-20T13:14:00.000,18.0694
2025-07-20T13:15:00.000,18.0571
2025-07-20T13:16:00.000,18.0352
2025-07-20T13:17:00.000,18.0256
2025-07-20T13:18:00.000,18.0653
2025-07-20T13:19:00.000,18.0653
2025-07-20T13:20:00.000,18.0653
2025-07-20T13:21:00.000,18.0366
2025-07-20T13:22:00.000,18.0051
2025-07-20T13:23:00.000,17.9586
2025-07-20T13:24:00.000,17.8971
2025-07-20T13:25:00.000,17.7986
2025-07-20T13:26:00.000,17.6727
2025-07-20T13:27:00.000,17.5509
2025-07-20T13:28:00.000,17.4222
2025-07-20T13:29:00.000,17.3059
2025-07-20T13:30:00.000,17.2182
2025-07-20T13:31:00.000,17.1484
2025-07-20T13:32:00.000,17.0895
2025-07-20T13:33:00.000,17.0415
2025-07-20T13:34:00.000,17.0100
2025-07-20T13:35:00.000,16.9895
2025-07-20T13:36:00.000,16.9744
2025-07-20T13:37:00.000,16.9662
2025-07-20T13:38:00.000,16.9634
2025-07-20T13:39:00.000,16.9634
2025-07-20T13:40:00.000,16.9593
2025-07-20T13:41:00.000,16.9634
2025-07-20T13:42:00.000,16.9689
2025-07-20T13:43:00.000,16.9840
2025-07-20T13:44:00.000,17.0032
2025-07-20T13:45:00.000,17.0210
2025-07-20T13:46:00.000,17.0388
2025-07-20T13:47:00.000,17.0566
2025-07-20T13:48:00.000,17.0676
2025-07-20T13:49:00.000,17.0744
2025-07-20T13:50:00.000,17.0854
2025-07-20T13:51:00.000,17.0963
2025-07-20T13:52:00.000,17.1032
2025-07-20T13:53:00.000,17.1059
2025-07-20T13:54:00.000,17.1114
2025-07-20T13:55:00.000,17.1237
2025-07-20T13:56:00.000,17.1402
2025-07-20T13:57:00.000,17.1580
2025-07-20T13:58:00.000,17.1785
2025-07-20T13:59:00.000,17.1963
2025-07-20T14:00:00.000,17.2155
2025-07-20T14:01:00.000,17.2264
2025-07-20T14:02:00.000,17.2401
2025-07-20T14:03:00.000,17.2483
2025-07-20T14:04:00.000,17.2661
2025-07-20T14:05:00.000,17.2839
2025-07-20T14:06:00.000,17.2894
2025-07-20T14:07:00.000,17.3182
2025-07-20T14:08:00.000,17.3415
2025-07-20T14:09:00.000,17.3428
2025-07-20T14:10:00.000,17.3332
2025-07-20T14:11:00.000,17.3195
2025-07-20T14:12:00.000,17.3059
2025-07-20T14:13:00.000,17.2922
2025-07-20T14:14:00.000,17.2785
2025-07-20T14:15:00.000,17.2661
2025-07-20T14:16:00.000,17.2607
2025-07-20T14:17:00.000,17.2579
2025-07-20T14:18:00.000,17.2538
2025-07-20T14:19:00.000,17.2525
2025-07-20T14:20:00.000,17.2360
2025-07-20T14:21:00.000,17.2237
2025-07-20T14:22:00.000,17.2100
2025-07-20T14:23:00.000,17.1990
2025-07-20T14:24:00.000,17.1867
2025-07-20T14:25:00.000,17.1689
2025-07-20T14:26:00.000,17.1634
2025-07-20T14:27:00.000,17.1566
2025-07-20T14:28:00.000,17.1552
2025-07-20T14:29:00.000,17.1538
2025-07-20T14:30:00.000,17.1538
2025-07-20T14:31:00.000,17.1484
2025-07-20T14:32:00.000,17.1429
2025-07-20T14:33:00.000,17.1360
2025-07-20T14:34:00.000,17.1402
2025-07-20T14:35:00.000,17.1525
2025-07-20T14:36:00.000,17.1648
2025-07-20T14:37:00.000,17.1744
2025-07-20T14:38:00.000,17.1799
2025-07-20T14:39:00.000,17.1812
2025-07-20T14:40:00.000,17.1812
2025-07-20T14:41:00.000,17.1812
2025-07-20T14:42:00.000,17.1744
2025-07-20T14:43:00.000,17.1634
2025-07-20T14:44:00.000,17.1552
2025-07-20T14:45:00.000,17.1511
2025-07-20T14:46:00.000,17.1538
2025-07-20T14:47:00.000,17.1675
2025-07-20T14:48:00.000,17.1826
2025-07-20T14:49:00.000,17.1949
2025-07-20T14:50:00.000,17.2032
2025-07-20T14:51:00.000,17.2100
2025-07-20T14:52:00.000,17.2210
2025-07-20T14:53:00.000,17.2374
2025-07-20T14:54:00.000,17.2579
2025-07-20T14:55:00.000,17.2812
2025-07-20T14:56:00.000,17.3045
2025-07-20T14:57:00.000,17.3319
2025-07-20T14:58:00.000,17.3688
2025-07-20T14:59:00.000,17.3976
2025-07-20T15:00:00.000,17.4167
2025-07-20T15:01:00.000,17.4209
2025-07-20T15:02:00.000,17.4167
2025-07-20T15:03:00.000,17.4058
2025-07-20T15:04:00.000,17.3866
2025-07-20T15:05:00.000,17.3661
2025-07-20T15:06:00.000,17.3401
2025-07-20T15:07:00.000,17.3168
2025-07-20T15:08:00.000,17.3004
2025-07-20T15:09:00.000,17.2853
2025-07-20T15:10:00.000,17.2716
2025-07-20T15:11:00.000,17.2566
2025-07-20T15:12:00.000,17.2456
2025-07-20T15:13:00.000,17.2374
2025-07-20T15:14:00.000,17.2278
2025-07-20T15:15:00.000,17.2223
2025-07-20T15:16:00.000,17.2127
2025-07-20T15:17:00.000,17.2073
2025-07-20T15:18:00.000,17.2073
2025-07-20T15:19:00.000,17.2100
2025-07-20T15:20:00.000,17.2114
2025-07-20T15:21:00.000,17.2073
2025-07-20T15:22:00.000,17.1922
2025-07-20T15:23:00.000,17.1812
2025-07-20T15:24:00.000,17.1662
2025-07-20T15:25:00.000,17.1497
2025-07-20T15:26:00.000,17.1347
2025-07-20T15:27:00.000,17.1223
2025-07-20T15:28:00.000,17.1155
2025-07-20T15:29:00.000,17.1045
2025-07-20T15:30:00.000,17.0991
2025-07-20T15:31:00.000,17.0936
2025-07-20T15:32:00.000,17.1018
2025-07-20T15:33:00.000,17.0991
2025-07-20T15:34:00.000,17.0771
2025-07-20T15:35:00.000,17.0552
2025-07-20T15:36:00.000,17.0402
2025-07-20T15:37:00.000,17.0141
2025-07-20T15:38:00.000,17.0018
2025-07-20T15:39:00.000,16.9689
2025-07-20T15:40:00.000,16.9305
2025-07-20T15:41:00.000,16.8908
2025-07-20T15:42:00.000,16.8374
2025-07-20T15:43:00.000,16.7839
2025-07-20T15:44:00.000,16.7263
2025-07-20T15:45:00.000,16.6783
2025-07-20T15:46:00.000,16.6317
2025-07-20T15:47:00.000,16.5988
2025-07-20T15:48:00.000,16.5659
2025-07-20T15:49:00.000,16.5426
2025-07-20T15:50:00.000,16.5193
2025-07-20T15:51:00.000,16.4959
2025-07-20T15:52:00.000,16.4754
2025-07-20T15:53:00.000,16.4548
2025-07-20T15:54:00.000,16.4370
2025-07-20T15:55:00.000,16.4246
2025-07-20T15:56:00.000,16.4136
2025-07-20T15:57:00.000,16.4040
2025-07-20T15:58:00.000,16.3985
2025-07-20T15:59:00.000,16.3985
2025-07-20T16:00:00.000,16.3958
2025-07-20T16:01:00.000,16.3972
2025-07-20T16:02:00.000,16.4054
2025-07-20T16:03:00.000,16.4136
2025-07-20T16:04:00.000,16.4191
2025-07-20T16:05:00.000,16.4273
2025-07-20T16:06:00.000,16.4383
2025-07-20T16:07:00.000,16.4411
2025-07-20T16:08:00.000,16.4370
2025-07-20T16:09:00.000,16.4273
2025-07-20T16:10:00.000,16.4109
2025-07-20T16:11:00.000,16.4027
2025-07-20T16:12:00.000,16.3972
2025-07-20T16:13:00.000,16.3876
2025-07-20T16:14:00.000,16.3615
2025-07-20T16:15:00.000,16.3340
2025-07-20T16:16:00.000,16.3011
2025-07-20T16:17:00.000,16.2778
2025-07-20T16:18:00.000,16.2805
2025-07-20T16:19:00.000,16.2874
2025-07-20T16:20:00.000,16.2874
2025-07-20T16:21:00.000,16.2915
2025-07-20T16:22:00.000,16.2984
2025-07-20T16:23:00.000,16.3107
2025-07-20T16:24:00.000,16.3354
2025-07-20T16:25:00.000,16.3629
2025-07-20T16:26:00.000,16.3807
2025-07-20T16:27:00.000,16.3876
2025-07-20T16:28:00.000,16.3821
2025-07-20T16:29:00.000,16.3807
2025-07-20T16:30:00.000,16.3889
2025-07-20T16:31:00.000,16.3958
2025-07-20T16:32:00.000,16.3903
2025-07-20T16:33:00.000,16.3683
2025-07-20T16:34:00.000,16.3395
2025-07-20T16:35:00.000,16.3066
2025-07-20T16:36:00.000,16.2750
2025-07-20T16:37:00.000,16.2544
2025-07-20T16:38:00.000,16.2380
2025-07-20T16:39:00.000,16.2270
2025-07-20T16:40:00.000,16.2146
2025-07-20T16:41:00.000,16.2078
2025-07-20T16:42:00.000,16.1968
2025-07-20T16:43:00.000,16.1817
2025-07-20T16:44:00.000,16.1693
2025-07-20T16:45:00.000,16.1542
2025-07-20T16:46:00.000,16.1405
2025-07-20T16:47:00.000,16.1240
2025-07-20T16:48:00.000,16.1048
2025-07-20T16:49:00.000,16.0910
2025-07-20T16:50:00.000,16.0718
2025-07-20T16:51:00.000,16.0498
2025-07-20T16:52:00.000,16.0320
2025-07-20T16:53:00.000,16.0210
2025-07-20T16:54:00.000,16.0141
2025-07-20T16:55:00.000,16.0141
2025-07-20T16:56:00.000,16.0182
2025-07-20T16:57:00.000,16.0237
2025-07-20T16:58:00.000,16.0334
2025-07-20T16:59:00.000,16.0457
2025-07-20T17:00:00.000,16.0594
2025-07-20T17:01:00.000,16.0608
2025-07-20T17:02:00.000,16.0581
2025-07-20T17:03:00.000,16.0567
2025-07-20T17:04:00.000,16.0526
2025-07-20T17:05:00.000,16.0526
2025-07-20T17:06:00.000,16.0567
2025-07-20T17:07:00.000,16.0677
2025-07-20T17:08:00.000,16.0704
2025-07-20T17:09:00.000,16.0622
2025-07-20T17:10:00.000,16.0594
2025-07-20T17:11:00.000,16.0594
2025-07-20T17:12:00.000,16.0553
2025-07-20T17:13:00.000,16.0512
2025-07-20T17:14:00.000,16.0443
2025-07-20T17:15:00.000,16.0430
2025-07-20T17:16:00.000,16.0416
2025-07-20T17:17:00.000,16.0471
2025-07-20T17:18:00.000,16.0526
2025-07-20T17:19:00.000,16.0526
2025-07-20T17:20:00.000,16.0416
2025-07-20T17:21:00.000,16.0292
2025-07-20T17:22:00.000,16.0169
2025-07-20T17:23:00.000,16.0004
2025-07-20T17:24:00.000,15.9825
2025-07-20T17:25:00.000,15.9619
2025-07-20T17:26:00.000,15.9358
2025-07-20T17:27:00.000,15.9083
2025-07-20T17:28:00.000,15.8808
2025-07-20T17:29:00.000,15.8547
2025-07-20T17:30:00.000,15.8300
2025-07-20T17:31:00.000,15.8121
2025-07-20T17:32:00.000,15.8025
2025-07-20T17:33:00.000,15.7887
2025-07-20T17:34:00.000,15.7777
2025-07-20T17:35:00.000,15.7709
2025-07-20T17:36:00.000,15.7640
2025-07-20T17:37:00.000,15.7557
2025-07-20T17:38:00.000,15.7502
2025-07-20T17:39:00.000,15.7489
2025-07-20T17:40:00.000,15.7516
2025-07-20T17:41:00.000,15.7530
2025-07-20T17:42:00.000,15.7530
2025-07-20T17:43:00.000,15.7530
2025-07-20T17:44:00.000,15.7585
2025-07-20T17:45:00.000,15.7654
2025-07-20T17:46:00.000,15.7764
2025-07-20T17:47:00.000,15.7860
2025-07-20T17:48:00.000,15.7942
2025-07-20T17:49:00.000,15.8107
2025-07-20T17:50:00.000,15.8286
2025-07-20T17:51:00.000,15.8437
2025-07-20T17:52:00.000,15.8630
2025-07-20T17:53:00.000,15.8808
2025-07-20T17:54:00.000,15.8960
2025-07-20T17:55:00.000,15.9083
2025-07-20T17:56:00.000,15.9399
2025-07-20T17:57:00.000,16.0018
2025-07-20T17:58:00.000,16.0787
2025-07-20T17:59:00.000,16.1803
2025-07-20T18:00:00.000,16.2819
2025-07-20T18:01:00.000,16.3629
2025-07-20T18:02:00.000,16.4328
2025-07-20T18:03:00.000,16.5097
2025-07-20T18:04:00.000,16.5604
2025-07-20T18:05:00.000,16.5892
2025-07-20T18:06:00.000,16.6084
2025-07-20T18:07:00.000,16.6112
2025-07-20T18:08:00.000,16.6180
2025-07-20T18:09:00.000,16.6249
2025-07-20T18:10:00.000,16.6399
2025-07-20T18:11:00.000,16.6605
2025-07-20T18:12:00.000,16.6948
2025-07-20T18:13:00.000,16.7126
2025-07-20T18:14:00.000,16.7263
2025-07-20T18:15:00.000,16.7400
2025-07-20T18:16:00.000,16.7387
2025-07-20T18:17:00.000,16.7332
2025-07-20T18:18:00.000,16.7359
2025-07-20T18:19:00.000,16.7592
2025-07-20T18:20:00.000,16.7784
2025-07-20T18:21:00.000,16.8072
2025-07-20T18:22:00.000,16.8223
2025-07-20T18:23:00.000,16.8332
2025-07-20T18:24:00.000,16.8360
2025-07-20T18:25:00.000,16.8634
2025-07-20T18:26:00.000,16.8908
2025-07-20T18:27:00.000,16.9127
2025-07-20T18:28:00.000,16.9114
2025-07-20T18:29:00.000,16.9182
2025-07-20T18:30:00.000,16.9333
2025-07-20T18:31:00.000,16.9429
2025-07-20T18:32:00.000,16.9525
2025-07-20T18:33:00.000,16.9566
2025-07-20T18:34:00.000,16.9607
2025-07-20T18:35:00.000,16.9675
2025-07-20T18:36:00.000,16.9717
2025-07-20T18:37:00.000,16.9840
2025-07-20T18:38:00.000,17.0059
2025-07-20T18:39:00.000,17.0265
2025-07-20T18:40:00.000,17.0730
2025-07-20T18:41:00.000,17.1086
2025-07-20T18:42:00.000,17.1374
2025-07-20T18:43:00.000,17.1580
2025-07-20T18:44:00.000,17.1689
2025-07-20T18:45:00.000,17.1840
2025-07-20T18:46:00.000,17.2127
2025-07-20T18:47:00.000,17.2360
2025-07-20T18:48:00.000,17.2429
2025-07-20T18:49:00.000,17.2442
2025-07-20T18:50:00.000,17.2442
2025-07-20T18:51:00.000,17.2073
2025-07-20T18:52:00.000,17.1758
2025-07-20T18:53:00.000,17.1456
2025-07-20T18:54:00.000,17.1210
2025-07-20T18:55:00.000,17.0977
2025-07-20T18:56:00.000,17.0826
2025-07-20T18:57:00.000,17.0703
2025-07-20T18:58:00.000,17.0621
2025-07-20T18:59:00.000,17.0634
2025-07-20T19:00:00.000,17.0676
2025-07-20T19:01:00.000,17.0634
2025-07-20T19:02:00.000,17.0634
2025-07-20T19:03:00.000,17.0634
2025-07-20T19:04:00.000,17.0676
2025-07-20T19:05:00.000,17.0744
2025-07-20T19:06:00.000,17.0840
2025-07-20T19:07:00.000,17.0895
2025-07-20T19:08:00.000,17.0922
2025-07-20T19:09:00.000,17.0963
2025-07-20T19:10:00.000,17.1032
2025-07-20T19:11:00.000,17.1045
2025-07-20T19:12:00.000,17.1032
2025-07-20T19:13:00.000,17.1045
2025-07-20T19:14:00.000,17.1004
2025-07-20T19:15:00.000,17.1018
2025-07-20T19:16:00.000,17.1045
2025-07-20T19:17:00.000,17.1059
2025-07-20T19:18:00.000,17.1100
2025-07-20T19:19:00.000,17.1059
2025-07-20T19:20:00.000,17.1004
2025-07-20T19:21:00.000,17.0922
2025-07-20T19:22:00.000,17.0840
2025-07-20T19:23:00.000,17.0730
2025-07-20T19:24:00.000,17.0648
2025-07-20T19:25:00.000,17.0566
2025-07-20T19:26:00.000,17.0525
2025-07-20T19:27:00.000,17.0470
2025-07-20T19:28:00.000,17.0402
2025-07-20T19:29:00.000,17.0237
2025-07-20T19:30:00.000,17.0004
2025-07-20T19:31:00.000,16.9949
2025-07-20T19:32:00.000,16.9922
2025-07-20T19:33:00.000,16.9895
2025-07-20T19:34:00.000,16.9826
2025-07-20T19:35:00.000,16.9744
2025-07-20T19:36:00.000,16.9662
2025-07-20T19:37:00.000,16.9566
2025-07-20T19:38:00.000,16.9538
2025-07-20T19:39:00.000,16.9566
2025-07-20T19:40:00.000,16.9552
2025-07-20T19:41:00.000,16.9525
2025-07-20T19:42:00.000,16.9497
2025-07-20T19:43:00.000,16.9470
2025-07-20T19:44:00.000,16.9470
2025-07-20T19:45:00.000,16.9456
2025-07-20T19:46:00.000,16.9374
2025-07-20T19:47:00.000,16.9292
2025-07-20T19:48:00.000,16.9210
2025-07-20T19:49:00.000,16.9100
2025-07-20T19:50:00.000,16.8949
2025-07-20T19:51:00.000,16.8785
2025-07-20T19:52:00.000,16.8648
2025-07-20T19:53:00.000,16.8524
2025-07-20T19:54:00.000,16.8401
2025-07-20T19:55:00.000,16.8291
2025-07-20T19:56:00.000,16.8237
2025-07-20T19:57:00.000,16.8237
2025-07-20T19:58:00.000,16.8278
2025-07-20T19:59:00.000,16.8332
2025-07-20T20:00:00.000,16.8415
2025-07-20T20:01:00.000,16.8524
2025-07-20T20:02:00.000,16.8703
2025-07-20T20:03:00.000,16.8812
2025-07-20T20:04:00.000,16.8716
2025-07-20T20:05:00.000,16.8620
2025-07-20T20:06:00.000,16.8483
2025-07-20T20:07:00.000,16.8401
2025-07-20T20:08:00.000,16.8291
2025-07-20T20:09:00.000,16.8127
2025-07-20T20:10:00.000,16.8045
2025-07-20T20:11:00.000,16.7962
2025-07-20T20:12:00.000,16.7880
2025-07-20T20:13:00.000,16.7798
2025-07-20T20:14:00.000,16.7702
2025-07-20T20:15:00.000,16.7647
2025-07-20T20:16:00.000,16.7606
2025-07-20T20:17:00.000,16.7606
2025-07-20T20:18:00.000,16.7592
2025-07-20T20:19:00.000,16.7565
2025-07-20T20:20:00.000,16.7537
2025-07-20T20:21:00.000,16.7510
2025-07-20T20:22:00.000,16.7565
2025-07-20T20:23:00.000,16.7551
2025-07-20T20:24:00.000,16.7579
2025-07-20T20:25:00.000,16.7647
2025-07-20T20:26:00.000,16.7729
2025-07-20T20:27:00.000,16.7812
2025-07-20T20:28:00.000,16.7908
2025-07-20T20:29:00.000,16.8004
2025-07-20T20:30:00.000,16.8099
2025-07-20T20:31:00.000,16.8195
2025-07-20T20:32:00.000,16.8305
2025-07-20T20:33:00.000,16.8415
2025-07-20T20:34:00.000,16.8538
2025-07-20T20:35:00.000,16.8620
2025-07-20T20:36:00.000,16.8634
2025-07-20T20:37:00.000,16.8634
2025-07-20T20:38:00.000,16.8607
2025-07-20T20:39:00.000,16.8634
2025-07-20T20:40:00.000,16.8593
2025-07-20T20:41:00.000,16.8524
2025-07-20T20:42:00.000,16.8374
2025-07-20T20:43:00.000,16.7661
2025-07-20T20:44:00.000,16.6674
2025-07-20T20:45:00.000,16.5686
2025-07-20T20:46:00.000,16.4863
2025-07-20T20:47:00.000,16.4177
2025-07-20T20:48:00.000,16.3587
2025-07-20T20:49:00.000,16.3107
2025-07-20T20:50:00.000,16.2750
2025-07-20T20:51:00.000,16.2462
2025-07-20T20:52:00.000,16.2215
2025-07-20T20:53:00.000,16.1968
2025-07-20T20:54:00.000,16.1748
2025-07-20T20:55:00.000,16.1624
2025-07-20T20:56:00.000,16.1597
2025-07-20T20:57:00.000,16.1501
2025-07-20T20:58:00.000,16.1405
2025-07-20T20:59:00.000,16.1322
2025-07-20T21:00:00.000,16.1226
2025-07-20T21:01:00.000,16.1158
2025-07-20T21:02:00.000,16.1130
2025-07-20T21:03:00.000,16.1130
2025-07-20T21:04:00.000,16.1144
2025-07-20T21:05:00.000,16.1158
2025-07-20T21:06:00.000,16.1185
2025-07-20T21:07:00.000,16.1199
2025-07-20T21:08:00.000,16.1226
2025-07-20T21:09:00.000,16.1281
2025-07-20T21:10:00.000,16.1322
2025-07-20T21:11:00.000,16.1322
2025-07-20T21:12:00.000,16.1364
2025-07-20T21:13:00.000,16.1446
2025-07-20T21:14:00.000,16.1473
2025-07-20T21:15:00.000,16.1487
2025-07-20T21:16:00.000,16.1487
2025-07-20T21:17:00.000,16.1487
2025-07-20T21:18:00.000,16.1487
2025-07-20T21:19:00.000,16.1487
2025-07-20T21:20:00.000,16.1473
2025-07-20T21:21:00.000,16.1460
2025-07-20T21:22:00.000,16.1446
2025-07-20T21:23:00.000,16.1419
2025-07-20T21:24:00.000,16.1405
2025-07-20T21:25:00.000,16.1391
2025-07-20T21:26:00.000,16.1391
2025-07-20T21:27:00.000,16.1377
2025-07-20T21:28:00.000,16.1391
2025-07-20T21:29:00.000,16.1377
2025-07-20T21:30:00.000,16.1391
2025-07-20T21:31:00.000,16.1377
2025-07-20T21:32:00.000,16.1364
2025-07-20T21:33:00.000,16.1336
2025-07-20T21:34:00.000,16.1322
2025-07-20T21:35:00.000,16.1322
2025-07-20T21:36:00.000,16.1336
2025-07-20T21:37:00.000,16.1322
2025-07-20T21:38:00.000,16.1309
2025-07-20T21:39:00.000,16.1254
2025-07-20T21:40:00.000,16.1213
2025-07-20T21:41:00.000,16.1171
2025-07-20T21:42:00.000,16.1020
2025-07-20T21:43:00.000,16.0910
2025-07-20T21:44:00.000,16.0883
2025-07-20T21:45:00.000,16.0842
2025-07-20T21:46:00.000,16.0869
2025-07-20T21:47:00.000,16.0855
2025-07-20T21:48:00.000,16.0801
2025-07-20T21:49:00.000,16.0773
2025-07-20T21:50:00.000,16.0759
2025-07-20T21:51:00.000,16.0814
2025-07-20T21:52:00.000,16.0924
2025-07-20T21:53:00.000,16.1061
2025-07-20T21:54:00.000,16.1213
2025-07-20T21:55:00.000,16.1322
2025-07-20T21:56:00.000,16.1432
2025-07-20T21:57:00.000,16.1528
2025-07-20T21:58:00.000,16.1638
2025-07-20T21:59:00.000,16.1707
2025-07-20T22:00:00.000,16.1762
2025-07-20T22:01:00.000,16.1817
2025-07-20T22:02:00.000,16.1803
2025-07-20T22:03:00.000,16.1734
2025-07-20T22:04:00.000,16.1776
2025-07-20T22:05:00.000,16.1776
2025-07-20T22:06:00.000,16.1748
2025-07-20T22:07:00.000,16.1734
2025-07-20T22:08:00.000,16.1748
2025-07-20T22:09:00.000,16.1570
2025-07-20T22:10:00.000,16.1624
2025-07-20T22:11:00.000,16.1666
2025-07-20T22:12:00.000,16.1611
2025-07-20T22:13:00.000,16.1666
2025-07-20T22:14:00.000,16.1652
2025-07-20T22:15:00.000,16.1679
2025-07-20T22:16:00.000,16.1707
2025-07-20T22:17:00.000,16.1652
2025-07-20T22:18:00.000,16.1528
2025-07-20T22:19:00.000,16.1528
2025-07-20T22:20:00.000,16.1487
2025-07-20T22:21:00.000,16.1432
2025-07-20T22:22:00.000,16.1240
2025-07-20T22:23:00.000,16.1144
2025-07-20T22:24:00.000,16.1377
2025-07-20T22:25:00.000,16.1556
2025-07-20T22:26:00.000,16.1364
2025-07-20T22:27:00.000,16.1254
2025-07-20T22:28:00.000,16.1213
2025-07-20T22:29:00.000,16.1103
2025-07-20T22:30:00.000,16.0746
2025-07-20T22:31:00.000,16.0416
2025-07-20T22:32:00.000,15.9935
2025-07-20T22:33:00.000,15.9537
2025-07-20T22:34:00.000,15.9207
2025-07-20T22:35:00.000,15.8767
2025-07-20T22:36:00.000,15.8355
2025-07-20T22:37:00.000,15.7860
2025-07-20T22:38:00.000,15.7007
2025-07-20T22:39:00.000,15.5921
2025-07-20T22:40:00.000,15.4655
2025-07-20T22:41:00.000,15.3856
2025-07-20T22:42:00.000,15.3182
2025-07-20T22:43:00.000,15.2713
2025-07-20T22:44:00.000,15.2948
2025-07-20T22:45:00.000,15.3870
2025-07-20T22:46:00.000,15.3870
2025-07-20T22:47:00.000,15.2851
2025-07-20T22:48:00.000,15.1845
2025-07-20T22:49:00.000,15.1032
2025-07-20T22:50:00.000,14.9612
2025-07-20T22:51:00.000,14.9598
2025-07-20T22:52:00.000,15.0522
2025-07-20T22:53:00.000,15.1060
2025-07-20T22:54:00.000,15.0315
2025-07-20T22:55:00.000,15.0522
2025-07-20T22:56:00.000,15.0453
2025-07-20T22:57:00.000,14.9888
2025-07-20T22:58:00.000,15.0343
2025-07-20T22:59:00.000,14.9557
2025-07-20T23:00:00.000,14.9336
2025-07-20T23:01:00.000,14.9916
2025-07-20T23:02:00.000,14.8950
2025-07-20T23:03:00.000,14.7929
2025-07-20T23:04:00.000,14.6686
2025-07-20T23:05:00.000,14.5636
2025-07-20T23:06:00.000,14.4710
2025-07-20T23:07:00.000,14.4061
2025-07-20T23:08:00.000,14.3549
2025-07-20T23:09:00.000,14.3217
2025-07-20T23:10:00.000,14.2913
2025-07-20T23:11:00.000,14.2691
2025-07-20T23:12:00.000,14.2484
2025-07-20T23:13:00.000,14.2359
2025-07-20T23:14:00.000,14.2304
2025-07-20T23:15:00.000,14.2484
2025-07-20T23:16:00.000,14.2470
2025-07-20T23:17:00.000,14.2428
2025-07-20T23:18:00.000,14.2345
2025-07-20T23:19:00.000,14.2290
2025-07-20T23:20:00.000,14.2304
2025-07-20T23:21:00.000,14.2221
2025-07-20T23:22:00.000,14.2691
2025-07-20T23:23:00.000,14.2871
2025-07-20T23:24:00.000,14.3369
2025-07-20T23:25:00.000,14.3867
2025-07-20T23:26:00.000,14.4213
2025-07-20T23:27:00.000,14.5332
2025-07-20T23:28:00.000,14.6341
2025-07-20T23:29:00.000,14.7335
2025-07-20T23:30:00.000,14.8440
2025-07-20T23:31:00.000,14.9695
2025-07-20T23:32:00.000,15.1101
2025-07-20T23:33:00.000,15.2452
2025-07-20T23:34:00.000,15.3746
2025-07-20T23:35:00.000,15.4903
2025-07-20T23:36:00.000,15.5880
2025-07-20T23:37:00.000,15.6842
2025-07-20T23:38:00.000,15.7791
2025-07-20T23:39:00.000,15.8643
2025-07-20T23:40:00.000,15.9331
2025-07-20T23:41:00.000,15.9784
2025-07-20T23:42:00.000,15.9935
2025-07-20T23:43:00.000,15.9935
2025-07-20T23:44:00.000,15.9894
2025-07-20T23:45:00.000,15.9894
2025-07-20T23:46:00.000,15.9866
2025-07-20T23:47:00.000,15.9798
2025-07-20T23:48:00.000,15.9784
2025-07-20T23:49:00.000,15.9578
2025-07-20T23:50:00.000,15.9303
2025-07-20T23:51:00.000,15.9042
2025-07-20T23:52:00.000,15.8602
2025-07-20T23:53:00.000,15.8121
2025-07-20T23:54:00.000,15.7544
2025-07-20T23:55:00.000,15.6320
2025-07-20T23:56:00.000,15.4985
2025-07-20T23:57:00.000,15.3815
2025-07-20T23:58:00.000,15.2589
2025-07-20T23:59:00.000,15.1391
2025-07-21T00:00:00.000,15.0315
2025-07-21T00:01:00.000,14.8936
2025-07-21T00:02:00.000,14.7722
2025-07-21T00:03:00.000,14.6755
2025-07-21T00:04:00.000,14.5982
2025-07-21T00:05:00.000,14.5429
2025-07-21T00:06:00.000,14.4987
2025-07-21T00:07:00.000,14.4600
2025-07-21T00:08:00.000,14.4268
2025-07-21T00:09:00.000,14.4033
2025-07-21T00:10:00.000,14.3867
2025-07-21T00:11:00.000,14.3784
2025-07-21T00:12:00.000,14.3770
2025-07-21T00:13:00.000,14.3936
2025-07-21T00:14:00.000,14.4351
2025-07-21T00:15:00.000,14.4835
2025-07-21T00:16:00.000,14.5415
2025-07-21T00:17:00.000,14.6175
2025-07-21T00:18:00.000,14.7004
2025-07-21T00:19:00.000,14.7680
2025-07-21T00:20:00.000,14.8509
2025-07-21T00:21:00.000,14.9419
2025-07-21T00:22:00.000,15.0398
2025-07-21T00:23:00.000,15.1225
2025-07-21T00:24:00.000,15.1969
2025-07-21T00:25:00.000,15.2686
2025-07-21T00:26:00.000,15.3416
2025-07-21T00:27:00.000,15.4269
2025-07-21T00:28:00.000,15.5095
2025-07-21T00:29:00.000,15.5893
2025-07-21T00:30:00.000,15.6444
2025-07-21T00:31:00.000,15.6952
2025-07-21T00:32:00.000,15.7557
2025-07-21T00:33:00.000,15.7901
2025-07-21T00:34:00.000,15.8149
2025-07-21T00:35:00.000,15.8300
2025-07-21T00:36:00.000,15.8341
2025-07-21T00:37:00.000,15.8314
2025-07-21T00:38:00.000,15.8272
2025-07-21T00:39:00.000,15.8272
2025-07-21T00:40:00.000,15.8272
2025-07-21T00:41:00.000,15.8259
2025-07-21T00:42:00.000,15.8300
2025-07-21T00:43:00.000,15.8272
2025-07-21T00:44:00.000,15.8176
2025-07-21T00:45:00.000,15.7942
2025-07-21T00:46:00.000,15.7860
2025-07-21T00:47:00.000,15.7819
2025-07-21T00:48:00.000,15.7667
2025-07-21T00:49:00.000,15.7447
2025-07-21T00:50:00.000,15.7200
2025-07-21T00:51:00.000,15.6732
2025-07-21T00:52:00.000,15.6223
2025-07-21T00:53:00.000,15.5646
2025-07-21T00:54:00.000,15.4806
2025-07-21T00:55:00.000,15.3512
2025-07-21T00:56:00.000,15.1914
2025-07-21T00:57:00.000,15.0398
2025-07-21T00:58:00.000,14.9047
2025-07-21T00:59:00.000,14.7915
2025-07-21T01:00:00.000,14.7018
2025-07-21T01:01:00.000,14.6300
2025-07-21T01:02:00.000,14.5678
2025-07-21T01:03:00.000,14.5153
2025-07-21T01:04:00.000,14.4738
2025-07-21T01:05:00.000,14.4448
2025-07-21T01:06:00.000,14.4240
2025-07-21T01:07:00.000,14.4254
2025-07-21T01:08:00.000,14.4614
2025-07-21T01:09:00.000,14.4724
2025-07-21T01:10:00.000,14.5084
2025-07-21T01:11:00.000,14.5609
2025-07-21T01:12:00.000,14.6244
2025-07-21T01:13:00.000,14.6479
2025-07-21T01:14:00.000,14.6907
2025-07-21T01:15:00.000,14.7611
2025-07-21T01:16:00.000,14.8426
2025-07-21T01:17:00.000,14.9460
2025-07-21T01:18:00.000,15.0467
2025-07-21T01:19:00.000,15.1349
2025-07-21T01:20:00.000,15.2080
2025-07-21T01:21:00.000,15.2713
2025-07-21T01:22:00.000,15.3058
2025-07-21T01:23:00.000,15.3127
2025-07-21T01:24:00.000,15.2989
2025-07-21T01:25:00.000,15.2755
2025-07-21T01:26:00.000,15.2769
2025-07-21T01:27:00.000,15.2796
2025-07-21T01:28:00.000,15.3072
2025-07-21T01:29:00.000,15.3788
2025-07-21T01:30:00.000,15.4393
2025-07-21T01:31:00.000,15.5054
2025-07-21T01:32:00.000,15.5247
2025-07-21T01:33:00.000,15.5260
2025-07-21T01:34:00.000,15.5604
2025-07-21T01:35:00.000,15.6045
2025-07-21T01:36:00.000,15.6567
2025-07-21T01:37:00.000,15.6829
2025-07-21T01:38:00.000,15.6870
2025-07-21T01:39:00.000,15.6774
2025-07-21T01:40:00.000,15.6512
2025-07-21T01:41:00.000,15.6155
2025-07-21T01:42:00.000,15.5756
2025-07-21T01:43:00.000,15.5288
2025-07-21T01:44:00.000,15.5068
2025-07-21T01:45:00.000,15.4682
2025-07-21T01:46:00.000,15.4297
2025-07-21T01:47:00.000,15.3677
2025-07-21T01:48:00.000,15.2383
2025-07-21T01:49:00.000,15.1198
2025-07-21T01:50:00.000,15.0674
2025-07-21T01:51:00.000,15.0012
2025-07-21T01:52:00.000,14.9226
2025-07-21T01:53:00.000,14.8840
2025-07-21T01:54:00.000,14.8550
2025-07-21T01:55:00.000,14.7970
2025-07-21T01:56:00.000,14.7349
2025-07-21T01:57:00.000,14.6811
2025-07-21T01:58:00.000,14.6286
2025-07-21T01:59:00.000,14.5816
2025-07-21T02:00:00.000,14.5512
2025-07-21T02:01:00.000,14.5291
2025-07-21T02:02:00.000,14.5125
2025-07-21T02:03:00.000,14.5291
2025-07-21T02:04:00.000,14.5636
2025-07-21T02:05:00.000,14.6300
2025-07-21T02:06:00.000,14.7018
2025-07-21T02:07:00.000,14.7736
2025-07-21T02:08:00.000,14.8329
2025-07-21T02:09:00.000,14.8895
2025-07-21T02:10:00.000,14.9405
2025-07-21T02:11:00.000,14.9888
2025-07-21T02:12:00.000,15.0371
2025-07-21T02:13:00.000,15.0895
2025-07-21T02:14:00.000,15.1432
2025-07-21T02:15:00.000,15.1983
2025-07-21T02:16:00.000,15.2493
2025-07-21T02:17:00.000,15.2824
2025-07-21T02:18:00.000,15.2989
2025-07-21T02:19:00.000,15.3127
2025-07-21T02:20:00.000,15.3209
2025-07-21T02:21:00.000,15.3209
2025-07-21T02:22:00.000,15.3209
2025-07-21T02:23:00.000,15.3292
2025-07-21T02:24:00.000,15.3347
2025-07-21T02:25:00.000,15.3333
2025-07-21T02:26:00.000,15.3554
2025-07-21T02:27:00.000,15.3788
2025-07-21T02:28:00.000,15.4035
2025-07-21T02:29:00.000,15.4283
2025-07-21T02:30:00.000,15.4724
2025-07-21T02:31:00.000,15.5288
2025-07-21T02:32:00.000,15.5673
2025-07-21T02:33:00.000,15.6017
2025-07-21T02:34:00.000,15.6306
2025-07-21T02:35:00.000,15.6554
2025-07-21T02:36:00.000,15.6856
2025-07-21T02:37:00.000,15.7090
2025-07-21T02:38:00.000,15.7337
2025-07-21T02:39:00.000,15.7599
2025-07-21T02:40:00.000,15.7929
2025-07-21T02:41:00.000,15.8149
2025-07-21T02:42:00.000,15.8286
2025-07-21T02:43:00.000,15.8355
2025-07-21T02:44:00.000,15.8259
2025-07-21T02:45:00.000,15.7942
2025-07-21T02:46:00.000,15.7571
2025-07-21T02:47:00.000,15.7434
2025-07-21T02:48:00.000,15.7571
2025-07-21T02:49:00.000,15.7832
2025-07-21T02:50:00.000,15.8300
2025-07-21T02:51:00.000,15.8836
2025-07-21T02:52:00.000,15.9303
2025-07-21T02:53:00.000,15.9729
2025-07-21T02:54:00.000,16.0004
2025-07-21T02:55:00.000,16.0210
2025-07-21T02:56:00.000,16.0320
2025-07-21T02:57:00.000,16.0388
2025-07-21T02:58:00.000,16.0443
2025-07-21T02:59:00.000,16.0498
2025-07-21T03:00:00.000,16.0526
2025-07-21T03:01:00.000,16.0485
2025-07-21T03:02:00.000,16.0375
2025-07-21T03:03:00.000,16.0210
2025-07-21T03:04:00.000,16.0169
2025-07-21T03:05:00.000,16.0100
2025-07-21T03:06:00.000,16.0100
2025-07-21T03:07:00.000,16.0141
2025-07-21T03:08:00.000,16.0127
2025-07-21T03:09:00.000,16.0100
2025-07-21T03:10:00.000,16.0059
2025-07-21T03:11:00.000,16.0031
2025-07-21T03:12:00.000,16.0004
2025-07-21T03:13:00.000,16.0100
2025-07-21T03:14:00.000,16.0182
2025-07-21T03:15:00.000,16.0237
2025-07-21T03:16:00.000,16.0237
2025-07-21T03:17:00.000,16.0224
2025-07-21T03:18:00.000,16.0182
2025-07-21T03:19:00.000,16.0127
2025-07-21T03:20:00.000,16.0018
2025-07-21T03:21:00.000,15.9949
2025-07-21T03:22:00.000,15.9880
2025-07-21T03:23:00.000,15.9798
2025-07-21T03:24:00.000,15.9702
2025-07-21T03:25:00.000,15.9674
2025-07-21T03:26:00.000,15.9674
2025-07-21T03:27:00.000,15.9647
2025-07-21T03:28:00.000,15.9633
2025-07-21T03:29:00.000,15.9592
2025-07-21T03:30:00.000,15.9550
2025-07-21T03:31:00.000,15.9523
2025-07-21T03:32:00.000,15.9468
2025-07-21T03:33:00.000,15.9441
2025-07-21T03:34:00.000,15.9441
2025-07-21T03:35:00.000,15.9454
2025-07-21T03:36:00.000,15.9441
2025-07-21T03:37:00.000,15.9441
2025-07-21T03:38:00.000,15.9441
2025-07-21T03:39:00.000,15.9441
2025-07-21T03:40:00.000,15.9399
2025-07-21T03:41:00.000,15.9358
2025-07-21T03:42:00.000,15.9303
2025-07-21T03:43:00.000,15.9262
2025-07-21T03:44:00.000,15.9207
2025-07-21T03:45:00.000,15.9193
2025-07-21T03:46:00.000,15.9124
2025-07-21T03:47:00.000,15.9070
2025-07-21T03:48:00.000,15.9015
2025-07-21T03:49:00.000,15.8960
2025-07-21T03:50:00.000,15.8905
2025-07-21T03:51:00.000,15.8863
2025-07-21T03:52:00.000,15.8808
2025-07-21T03:53:00.000,15.8753
2025-07-21T03:54:00.000,15.8712
2025-07-21T03:55:00.000,15.8685
2025-07-21T03:56:00.000,15.8630
2025-07-21T03:57:00.000,15.8561
2025-07-21T03:58:00.000,15.8451
2025-07-21T03:59:00.000,15.8327
2025-07-21T04:00:00.000,15.8190
2025-07-21T04:01:00.000,15.8107
2025-07-21T04:02:00.000,15.8066
2025-07-21T04:03:00.000,15.7984
2025-07-21T04:04:00.000,15.7874
2025-07-21T04:05:00.000,15.7777
2025-07-21T04:06:00.000,15.7654
2025-07-21T04:07:00.000,15.7516
2025-07-21T04:08:00.000,15.7351
2025-07-21T04:09:00.000,15.7159
2025-07-21T04:10:00.000,15.6691
2025-07-21T04:11:00.000,15.5494
2025-07-21T04:12:00.000,15.3209
2025-07-21T04:13:00.000,15.0040
2025-07-21T04:14:00.000,14.6148
2025-07-21T04:15:00.000,14.2179
2025-07-21T04:16:00.000,13.8646
2025-07-21T04:17:00.000,13.5537
2025-07-21T04:18:00.000,13.2784
2025-07-21T04:19:00.000,13.0291
2025-07-21T04:20:00.000,12.7948
2025-07-21T04:21:00.000,12.6007
2025-07-21T04:22:00.000,12.4440
2025-07-21T04:23:00.000,12.3012
2025-07-21T04:24:00.000,12.1695
2025-07-21T04:25:00.000,12.0447
2025-07-21T04:26:00.000,11.9309
2025-07-21T04:27:00.000,11.8171
2025-07-21T04:28:00.000,11.7257
2025-07-21T04:29:00.000,11.6582
2025-07-21T04:30:00.000,11.6047
2025-07-21T04:31:00.000,11.5455
2025-07-21T04:32:00.000,11.4962
2025-07-21T04:33:00.000,11.4553
2025-07-21T04:34:00.000,11.4045
2025-07-21T04:35:00.000,11.3439
2025-07-21T04:36:00.000,11.2902
2025-07-21T04:37:00.000,11.2408
2025-07-21T04:38:00.000,11.2041
2025-07-21T04:39:00.000,11.1645
2025-07-21T04:40:00.000,11.1263
2025-07-21T04:41:00.000,11.0853
2025-07-21T04:42:00.000,11.0514
2025-07-21T04:43:00.000,11.0302
2025-07-21T04:44:00.000,11.0174
2025-07-21T04:45:00.000,10.9962
2025-07-21T04:46:00.000,10.9764
2025-07-21T04:47:00.000,10.9495
2025-07-21T04:48:00.000,10.9183
2025-07-21T04:49:00.000,10.8801
2025-07-21T04:50:00.000,10.8390
2025-07-21T04:51:00.000,10.7922
2025-07-21T04:52:00.000,10.7525
2025-07-21T04:53:00.000,10.7284
2025-07-21T04:54:00.000,10.6986
2025-07-21T04:55:00.000,10.6688
2025-07-21T04:56:00.000,10.6432
2025-07-21T04:57:00.000,10.6177
2025-07-21T04:58:00.000,10.5949
2025-07-21T04:59:00.000,10.5765
2025-07-21T05:00:00.000,10.5637
2025-07-21T05:01:00.000,10.5523
2025-07-21T05:02:00.000,10.5424
2025-07-21T05:03:00.000,10.5282
2025-07-21T05:04:00.000,10.5083
2025-07-21T05:05:00.000,10.4869
2025-07-21T05:06:00.000,10.4684
2025-07-21T05:07:00.000,10.4485
2025-07-21T05:08:00.000,10.4272
2025-07-21T05:09:00.000,10.4130
2025-07-21T05:10:00.000,10.4201
2025-07-21T05:11:00.000,10.4215
2025-07-21T05:12:00.000,10.4215
2025-07-21T05:13:00.000,10.4073
2025-07-21T05:14:00.000,10.3817
2025-07-21T05:15:00.000,10.3589
2025-07-21T05:16:00.000,10.3461
2025-07-21T05:17:00.000,10.3304
2025-07-21T05:18:00.000,10.3090
2025-07-21T05:19:00.000,10.2806
2025-07-21T05:20:00.000,10.2535
2025-07-21T05:21:00.000,10.2335
2025-07-21T05:22:00.000,10.2193
2025-07-21T05:23:00.000,10.2122
2025-07-21T05:24:00.000,10.2050
2025-07-21T05:25:00.000,10.1965
2025-07-21T05:26:00.000,10.1908
2025-07-21T05:27:00.000,10.1893
2025-07-21T05:28:00.000,10.1779
2025-07-21T05:29:00.000,10.1694
2025-07-21T05:30:00.000,10.1537
2025-07-21T05:31:00.000,10.1223
2025-07-21T05:32:00.000,10.1052
2025-07-21T05:33:00.000,10.0966
2025-07-21T05:34:00.000,10.0895
2025-07-21T05:35:00.000,10.0866
2025-07-21T05:36:00.000,10.0981
2025-07-21T05:37:00.000,10.1066
2025-07-21T05:38:00.000,10.1123
2025-07-21T05:39:00.000,10.1166
2025-07-21T05:40:00.000,10.1109
2025-07-21T05:41:00.000,10.1052
2025-07-21T05:42:00.000,10.0981
2025-07-21T05:43:00.000,10.0909
2025-07-21T05:44:00.000,10.1038
2025-07-21T05:45:00.000,10.1223
2025-07-21T05:46:00.000,10.1394
2025-07-21T05:47:00.000,10.1508
2025-07-21T05:48:00.000,10.1608
2025-07-21T05:49:00.000,10.1722
2025-07-21T05:50:00.000,10.1751
2025-07-21T05:51:00.000,10.1722
2025-07-21T05:52:00.000,10.1665
2025-07-21T05:53:00.000,10.1637
2025-07-21T05:54:00.000,10.1594
2025-07-21T05:55:00.000,10.1580
2025-07-21T05:56:00.000,10.1580
2025-07-21T05:57:00.000,10.1623
2025-07-21T05:58:00.000,10.1665
2025-07-21T05:59:00.000,10.1708
2025-07-21T06:00:00.000,10.1794
2025-07-21T06:01:00.000,10.2008
2025-07-21T06:02:00.000,10.2093
2025-07-21T06:03:00.000,10.2122
2025-07-21T06:04:00.000,10.2164
2025-07-21T06:05:00.000,10.2264
2025-07-21T06:06:00.000,10.2407
2025-07-21T06:07:00.000,10.2535
2025-07-21T06:08:00.000,10.2677
2025-07-21T06:09:00.000,10.2806
2025-07-21T06:10:00.000,10.2934
2025-07-21T06:11:00.000,10.3105
2025-07-21T06:12:00.000,10.3276
2025-07-21T06:13:00.000,10.3475
2025-07-21T06:14:00.000,10.3660
2025-07-21T06:15:00.000,10.3817
2025-07-21T06:16:00.000,10.3888
2025-07-21T06:17:00.000,10.3959
2025-07-21T06:18:00.000,10.4087
2025-07-21T06:19:00.000,10.4286
2025-07-21T06:20:00.000,10.4500
2025-07-21T06:21:00.000,10.4741
2025-07-21T06:22:00.000,10.5011
2025-07-21T06:23:00.000,10.5267
2025-07-21T06:24:00.000,10.5580
2025-07-21T06:25:00.000,10.6106
2025-07-21T06:26:00.000,10.6986
2025-07-21T06:27:00.000,10.8206
2025-07-21T06:28:00.000,11.0160
2025-07-21T06:29:00.000,11.2464
2025-07-21T06:30:00.000,11.4849
2025-07-21T06:31:00.000,11.7552
2025-07-21T06:32:00.000,12.0489
2025-07-21T06:33:00.000,12.3292
2025-07-21T06:34:00.000,12.5909
2025-07-21T06:35:00.000,12.7641
2025-07-21T06:36:00.000,12.7878
2025-07-21T06:37:00.000,12.6999
2025-07-21T06:38:00.000,12.5727
2025-07-21T06:39:00.000,12.4958
2025-07-21T06:40:00.000,12.5405
2025-07-21T06:41:00.000,12.6663
2025-07-21T06:42:00.000,12.9023
2025-07-21T06:43:00.000,13.1949
2025-07-21T06:44:00.000,13.4870
2025-07-21T06:45:00.000,13.8563
2025-07-21T06:46:00.000,14.2733
2025-07-21T06:47:00.000,14.7321
2025-07-21T06:48:00.000,15.1942
2025-07-21T06:49:00.000,15.6168
2025-07-21T06:50:00.000,15.9853
2025-07-21T06:51:00.000,16.3107
2025-07-21T06:52:00.000,16.6372
2025-07-21T06:53:00.000,16.9333
2025-07-21T06:54:00.000,17.2196
2025-07-21T06:55:00.000,17.4770
2025-07-21T06:56:00.000,17.7288
2025-07-21T06:57:00.000,17.9627
2025-07-21T06:58:00.000,18.2034
2025-07-21T06:59:00.000,18.3867
2025-07-21T07:00:00.000,18.4359
2025-07-21T07:01:00.000,18.4537
2025-07-21T07:02:00.000,18.4277
2025-07-21T07:03:00.000,18.4318
2025-07-21T07:04:00.000,18.4701
2025-07-21T07:05:00.000,18.5097
2025-07-21T07:06:00.000,18.5152
2025-07-21T07:07:00.000,18.4988
2025-07-21T07:08:00.000,18.4728
2025-07-21T07:09:00.000,18.4455
2025-07-21T07:10:00.000,18.4591
2025-07-21T07:11:00.000,18.5562
2025-07-21T07:12:00.000,18.7230
2025-07-21T07:13:00.000,18.8884
2025-07-21T07:14:00.000,19.0142
2025-07-21T07:15:00.000,19.1385
2025-07-21T07:16:00.000,19.2793
2025-07-21T07:17:00.000,19.4188
2025-07-21T07:18:00.000,19.6074
2025-07-21T07:19:00.000,19.8344
2025-07-21T07:20:00.000,20.1134
2025-07-21T07:21:00.000,20.3568
2025-07-21T07:22:00.000,20.5703
2025-07-21T07:23:00.000,20.7742
2025-07-21T07:24:00.000,20.9522
2025-07-21T07:25:00.000,21.1892
2025-07-21T07:26:00.000,21.4372
2025-07-21T07:27:00.000,21.5908
2025-07-21T07:28:00.000,21.6662
2025-07-21T07:29:00.000,21.6841
2025-07-21T07:30:00.000,21.7376
2025-07-21T07:31:00.000,21.8473
2025-07-21T07:32:00.000,21.9997
2025-07-21T07:33:00.000,22.1906
2025-07-21T07:34:00.000,22.4049
2025-07-21T07:35:00.000,22.6594
2025-07-21T07:36:00.000,22.8328
2025-07-21T07:37:00.000,22.9388
2025-07-21T07:38:00.000,22.9677
2025-07-21T07:39:00.000,23.0187
2025-07-21T07:40:00.000,23.1138
2025-07-21T07:41:00.000,23.1799
2025-07-21T07:42:00.000,23.2613
2025-07-21T07:43:00.000,23.4268
2025-07-21T07:44:00.000,23.5994
2025-07-21T07:45:00.000,23.6726
2025-07-21T07:46:00.000,23.7293
2025-07-21T07:47:00.000,23.8758
2025-07-21T07:48:00.000,24.1027
2025-07-21T07:49:00.000,24.2399
2025-07-21T07:50:00.000,24.3660
2025-07-21T07:51:00.000,24.3826
2025-07-21T07:52:00.000,24.3701
2025-07-21T07:53:00.000,24.3701
2025-07-21T07:54:00.000,24.3577
2025-07-21T07:55:00.000,24.2994
2025-07-21T07:56:00.000,24.2634
2025-07-21T07:57:00.000,24.2108
2025-07-21T07:58:00.000,24.2052
2025-07-21T07:59:00.000,24.1997
2025-07-21T08:00:00.000,24.1581
2025-07-21T08:01:00.000,24.1623
2025-07-21T08:02:00.000,24.2218
2025-07-21T08:03:00.000,24.3355
2025-07-21T08:04:00.000,24.4922
2025-07-21T08:05:00.000,24.6712
2025-07-21T08:06:00.000,24.8630
2025-07-21T08:07:00.000,25.0869
2025-07-21T08:08:00.000,25.2958
2025-07-21T08:09:00.000,25.5204
2025-07-21T08:10:00.000,25.7690
2025-07-21T08:11:00.000,25.9859
2025-07-21T08:12:00.000,25.8515
2025-07-21T08:13:00.000,25.6293
2025-07-21T08:14:00.000,25.4534
2025-07-21T08:15:00.000,25.3739
2025-07-21T08:16:00.000,25.2903
2025-07-21T08:17:00.000,25.0118
2025-07-21T08:18:00.000,24.7184
2025-07-21T08:19:00.000,24.5699
2025-07-21T08:20:00.000,24.5935
2025-07-21T08:21:00.000,24.6851
2025-07-21T08:22:00.000,24.7698
2025-07-21T08:23:00.000,24.8532
2025-07-21T08:24:00.000,24.8560
2025-07-21T08:25:00.000,24.7518
2025-07-21T08:26:00.000,24.5407
2025-07-21T08:27:00.000,24.2690
2025-07-21T08:28:00.000,23.9823
2025-07-21T08:29:00.000,23.7804
2025-07-21T08:30:00.000,23.6547
2025-07-21T08:31:00.000,23.5732
2025-07-21T08:32:00.000,23.4834
2025-07-21T08:33:00.000,23.4324
2025-07-21T08:34:00.000,23.3910
2025-07-21T08:35:00.000,23.3578
2025-07-21T08:36:00.000,23.3689
2025-07-21T08:37:00.000,23.4655
2025-07-21T08:38:00.000,23.6340
2025-07-21T08:39:00.000,23.9228
2025-07-21T08:40:00.000,24.2842
2025-07-21T08:41:00.000,24.5047
2025-07-21T08:42:00.000,24.6129
2025-07-21T08:43:00.000,24.6809
2025-07-21T08:44:00.000,24.7865
2025-07-21T08:45:00.000,24.9533
2025-07-21T08:46:00.000,25.1315
2025-07-21T08:47:00.000,25.1732
2025-07-21T08:48:00.000,25.1607
2025-07-21T08:49:00.000,25.0953
2025-07-21T08:50:00.000,24.9645
2025-07-21T08:51:00.000,24.6185
2025-07-21T08:52:00.000,24.0322
2025-07-21T08:53:00.000,23.2310
2025-07-21T08:54:00.000,22.4022
2025-07-21T08:55:00.000,21.7403
2025-07-21T08:56:00.000,21.2563
2025-07-21T08:57:00.000,20.8838
2025-07-21T08:58:00.000,20.6045
2025-07-21T08:59:00.000,20.3226
2025-07-21T09:00:00.000,20.0231
2025-07-21T09:01:00.000,19.6949
2025-07-21T09:02:00.000,19.3860
2025-07-21T09:03:00.000,19.0839
2025-07-21T09:04:00.000,18.8118
2025-07-21T09:05:00.000,18.5617
2025-07-21T09:06:00.000,18.3388
2025-07-21T09:07:00.000,18.1337
2025-07-21T09:08:00.000,17.9655
2025-07-21T09:09:00.000,17.8478
2025-07-21T09:10:00.000,17.7890
2025-07-21T09:11:00.000,17.7479
2025-07-21T09:12:00.000,17.6658
2025-07-21T09:13:00.000,17.5591
2025-07-21T09:14:00.000,17.4441
2025-07-21T09:15:00.000,17.3113
2025-07-21T09:16:00.000,17.1922
2025-07-21T09:17:00.000,17.0895
2025-07-21T09:18:00.000,17.0128
2025-07-21T09:19:00.000,16.9470
2025-07-21T09:20:00.000,16.8853
2025-07-21T09:21:00.000,16.8387
2025-07-21T09:22:00.000,16.8031
2025-07-21T09:23:00.000,16.7784
2025-07-21T09:24:00.000,16.7784
2025-07-21T09:25:00.000,16.7853
2025-07-21T09:26:00.000,16.7880
2025-07-21T09:27:00.000,16.7866
2025-07-21T09:28:00.000,16.7798
2025-07-21T09:29:00.000,16.8319
2025-07-21T09:30:00.000,16.9429
2025-07-21T09:31:00.000,17.1402
2025-07-21T09:32:00.000,17.3278
2025-07-21T09:33:00.000,17.4085
2025-07-21T09:34:00.000,17.3729
2025-07-21T09:35:00.000,17.2525
2025-07-21T09:36:00.000,17.0895
2025-07-21T09:37:00.000,16.9991
2025-07-21T09:38:00.000,16.9908
2025-07-21T09:39:00.000,16.9922
2025-07-21T09:40:00.000,17.0128
2025-07-21T09:41:00.000,17.0402
2025-07-21T09:42:00.000,17.0484
2025-07-21T09:43:00.000,17.0552
2025-07-21T09:44:00.000,17.1223
2025-07-21T09:45:00.000,17.3168
2025-07-21T09:46:00.000,17.6727
2025-07-21T09:47:00.000,18.1091
2025-07-21T09:48:00.000,18.5302
2025-07-21T09:49:00.000,18.9007
2025-07-21T09:50:00.000,19.2834
2025-07-21T09:51:00.000,19.6088
2025-07-21T09:52:00.000,19.9520
2025-07-21T09:53:00.000,20.2269
2025-07-21T09:54:00.000,20.4567
2025-07-21T09:55:00.000,20.6264
2025-07-21T09:56:00.000,20.7674
2025-07-21T09:57:00.000,20.8550
2025-07-21T09:58:00.000,20.9495
2025-07-21T09:59:00.000,21.0727
2025-07-21T10:00:00.000,21.2371
2025-07-21T10:01:00.000,21.3714
2025-07-21T10:02:00.000,21.4660
2025-07-21T10:03:00.000,21.5250
2025-07-21T10:04:00.000,21.6333
2025-07-21T10:05:00.000,21.7540
2025-07-21T10:06:00.000,21.8446
2025-07-21T10:07:00.000,21.9420
2025-07-21T10:08:00.000,22.0395
2025-07-21T10:09:00.000,22.1452
2025-07-21T10:10:00.000,22.2689
2025-07-21T10:11:00.000,22.3252
2025-07-21T10:12:00.000,22.4118
2025-07-21T10:13:00.000,22.5135
2025-07-21T10:14:00.000,22.6043
2025-07-21T10:15:00.000,22.6483
2025-07-21T10:16:00.000,22.6442
2025-07-21T10:17:00.000,22.6318
2025-07-21T10:18:00.000,22.6181
2025-07-21T10:19:00.000,22.5713
2025-07-21T10:20:00.000,22.4902
2025-07-21T10:21:00.000,22.3967
2025-07-21T10:22:00.000,22.2867
2025-07-21T10:23:00.000,22.1961
2025-07-21T10:24:00.000,22.0999
2025-07-21T10:25:00.000,22.0615
2025-07-21T10:26:00.000,22.0175
2025-07-21T10:27:00.000,21.9640
2025-07-21T10:28:00.000,21.9201
2025-07-21T10:29:00.000,21.8652
2025-07-21T10:30:00.000,21.7897
2025-07-21T10:31:00.000,21.7225
2025-07-21T10:32:00.000,21.6306
2025-07-21T10:33:00.000,21.5757
2025-07-21T10:34:00.000,21.5469
2025-07-21T10:35:00.000,21.5620
2025-07-21T10:36:00.000,21.5222
2025-07-21T10:37:00.000,21.5318
2025-07-21T10:38:00.000,21.4976
2025-07-21T10:39:00.000,21.4578
2025-07-21T10:40:00.000,21.4496
2025-07-21T10:41:00.000,21.4276
2025-07-21T10:42:00.000,21.4317
2025-07-21T10:43:00.000,21.4907
2025-07-21T10:44:00.000,21.5483
2025-07-21T10:45:00.000,21.6196
2025-07-21T10:46:00.000,21.7183
2025-07-21T10:47:00.000,21.8940
2025-07-21T10:48:00.000,22.0779
2025-07-21T10:49:00.000,22.2345
2025-07-21T10:50:00.000,22.3568
2025-07-21T10:51:00.000,22.4297
2025-07-21T10:52:00.000,22.4970
2025-07-21T10:53:00.000,22.5823
2025-07-21T10:54:00.000,22.6305
2025-07-21T10:55:00.000,22.6538
2025-07-21T10:56:00.000,22.6387
2025-07-21T10:57:00.000,22.6181
2025-07-21T10:58:00.000,22.6291
2025-07-21T10:59:00.000,22.6470
2025-07-21T11:00:00.000,22.7020
2025-07-21T11:01:00.000,22.7130
2025-07-21T11:02:00.000,22.7350
2025-07-21T11:03:00.000,22.7736
2025-07-21T11:04:00.000,22.7805
2025-07-21T11:05:00.000,22.7557
2025-07-21T11:06:00.000,22.7543
2025-07-21T11:07:00.000,22.7805
2025-07-21T11:08:00.000,22.8011
2025-07-21T11:09:00.000,22.7997
2025-07-21T11:10:00.000,22.8245
2025-07-21T11:11:00.000,22.8300
2025-07-21T11:12:00.000,22.7997
2025-07-21T11:13:00.000,22.8355
2025-07-21T11:14:00.000,22.8810
2025-07-21T11:15:00.000,22.9650
2025-07-21T11:16:00.000,23.0159
2025-07-21T11:17:00.000,23.0779
2025-07-21T11:18:00.000,23.1069
2025-07-21T11:19:00.000,23.1138
2025-07-21T11:20:00.000,23.1248
2025-07-21T11:21:00.000,23.1344
2025-07-21T11:22:00.000,23.1152
2025-07-21T11:23:00.000,23.0490
2025-07-21T11:24:00.000,23.0077
2025-07-21T11:25:00.000,22.9553
2025-07-21T11:26:00.000,22.9195
2025-07-21T11:27:00.000,22.8713
2025-07-21T11:28:00.000,22.8424
2025-07-21T11:29:00.000,22.8149
2025-07-21T11:30:00.000,22.7928
2025-07-21T11:31:00.000,22.7598
2025-07-21T11:32:00.000,22.7103
2025-07-21T11:33:00.000,22.6250
2025-07-21T11:34:00.000,22.5245
2025-07-21T11:35:00.000,22.3939
2025-07-21T11:36:00.000,22.3005
2025-07-21T11:37:00.000,22.2771
2025-07-21T11:38:00.000,22.2881
2025-07-21T11:39:00.000,22.2469
2025-07-21T11:40:00.000,22.2070
2025-07-21T11:41:00.000,22.1727
2025-07-21T11:42:00.000,22.1933
2025-07-21T11:43:00.000,22.1713
2025-07-21T11:44:00.000,22.1356
2025-07-21T11:45:00.000,22.1150
2025-07-21T11:46:00.000,22.1054
2025-07-21T11:47:00.000,22.0821
2025-07-21T11:48:00.000,22.1178
2025-07-21T11:49:00.000,22.1713
2025-07-21T11:50:00.000,22.2139
2025-07-21T11:51:00.000,22.2538
2025-07-21T11:52:00.000,22.2867
2025-07-21T11:53:00.000,22.3060
2025-07-21T11:54:00.000,22.3445
2025-07-21T11:55:00.000,22.3582
2025-07-21T11:56:00.000,22.4104
2025-07-21T11:57:00.000,22.4049
2025-07-21T11:58:00.000,22.4173
2025-07-21T11:59:00.000,22.3926
2025-07-21T12:00:00.000,22.3994
2025-07-21T12:01:00.000,22.4407
2025-07-21T12:02:00.000,22.5493
2025-07-21T12:03:00.000,22.6580
2025-07-21T12:04:00.000,22.7364
2025-07-21T12:05:00.000,22.8369
2025-07-21T12:06:00.000,22.9223
2025-07-21T12:07:00.000,22.9829
2025-07-21T12:08:00.000,22.9801
2025-07-21T12:09:00.000,23.0242
2025-07-21T12:10:00.000,23.0655
2025-07-21T12:11:00.000,23.0573
2025-07-21T12:12:00.000,23.0518
2025-07-21T12:13:00.000,23.0104
2025-07-21T12:14:00.000,22.9677
2025-07-21T12:15:00.000,22.9691
2025-07-21T12:16:00.000,22.9898
2025-07-21T12:17:00.000,23.0449
2025-07-21T12:18:00.000,23.0972
2025-07-21T12:19:00.000,23.0903
2025-07-21T12:20:00.000,23.0931
2025-07-21T12:21:00.000,23.1083
2025-07-21T12:22:00.000,23.1096
2025-07-21T12:23:00.000,23.0380
2025-07-21T12:24:00.000,22.9016
2025-07-21T12:25:00.000,22.7736
2025-07-21T12:26:00.000,22.6566
2025-07-21T12:27:00.000,22.5245
2025-07-21T12:28:00.000,22.3788
2025-07-21T12:29:00.000,22.2084
2025-07-21T12:30:00.000,22.0903
2025-07-21T12:31:00.000,22.0024
2025-07-21T12:32:00.000,21.9461
2025-07-21T12:33:00.000,21.8665
2025-07-21T12:34:00.000,21.8034
2025-07-21T12:35:00.000,21.7170
2025-07-21T12:36:00.000,21.6745
2025-07-21T12:37:00.000,21.6306
2025-07-21T12:38:00.000,21.5853
2025-07-21T12:39:00.000,21.5620
2025-07-21T12:40:00.000,21.4605
2025-07-21T12:41:00.000,21.3742
2025-07-21T12:42:00.000,21.3139
2025-07-21T12:43:00.000,21.2303
2025-07-21T12:44:00.000,21.1001
2025-07-21T12:45:00.000,21.1358
2025-07-21T12:46:00.000,21.1864
2025-07-21T12:47:00.000,21.3385
2025-07-21T12:48:00.000,21.4633
2025-07-21T12:49:00.000,21.6031
2025-07-21T12:50:00.000,21.6415
2025-07-21T12:51:00.000,21.6004
2025-07-21T12:52:00.000,21.6813
2025-07-21T12:53:00.000,21.6978
2025-07-21T12:54:00.000,21.6511
2025-07-21T12:55:00.000,21.7664
2025-07-21T12:56:00.000,21.9118
2025-07-21T12:57:00.000,21.9228
2025-07-21T12:58:00.000,21.9008
2025-07-21T12:59:00.000,21.9420
2025-07-21T13:00:00.000,21.9956
2025-07-21T13:01:00.000,21.9832
2025-07-21T13:02:00.000,21.9214
2025-07-21T13:03:00.000,21.8871
2025-07-21T13:04:00.000,21.7430
2025-07-21T13:05:00.000,21.6264
2025-07-21T13:06:00.000,21.5250
2025-07-21T13:07:00.000,21.4194
2025-07-21T13:08:00.000,21.2837
2025-07-21T13:09:00.000,21.1084
2025-07-21T13:10:00.000,21.0412
2025-07-21T13:11:00.000,20.9221
2025-07-21T13:12:00.000,20.8249
2025-07-21T13:13:00.000,20.6948
2025-07-21T13:14:00.000,20.5689
2025-07-21T13:15:00.000,20.4034
2025-07-21T13:16:00.000,20.3172
2025-07-21T13:17:00.000,20.1817
2025-07-21T13:18:00.000,19.9766
2025-07-21T13:19:00.000,19.7277
2025-07-21T13:20:00.000,19.5938
2025-07-21T13:21:00.000,19.4694
2025-07-21T13:22:00.000,19.4119
2025-07-21T13:23:00.000,19.4393
2025-07-21T13:24:00.000,19.4885
2025-07-21T13:25:00.000,19.5418
2025-07-21T13:26:00.000,19.6320
2025-07-21T13:27:00.000,19.6621
2025-07-21T13:28:00.000,19.6744
2025-07-21T13:29:00.000,19.6184
2025-07-21T13:30:00.000,19.4981
2025-07-21T13:31:00.000,19.4311
2025-07-21T13:32:00.000,19.3477
2025-07-21T13:33:00.000,19.2834
2025-07-21T13:34:00.000,19.2274
2025-07-21T13:35:00.000,19.2561
2025-07-21T13:36:00.000,19.3149
2025-07-21T13:37:00.000,19.3791
2025-07-21T13:38:00.000,19.3791
2025-07-21T13:39:00.000,19.3955
2025-07-21T13:40:00.000,19.3080
2025-07-21T13:41:00.000,19.1809
2025-07-21T13:42:00.000,19.0989
2025-07-21T13:43:00.000,19.0415
2025-07-21T13:44:00.000,19.0647
2025-07-21T13:45:00.000,19.1536
2025-07-21T13:46:00.000,19.2274
2025-07-21T13:47:00.000,19.2602
2025-07-21T13:48:00.000,19.2438
2025-07-21T13:49:00.000,19.1823
2025-07-21T13:50:00.000,19.0825
2025-07-21T13:51:00.000,18.9772
2025-07-21T13:52:00.000,18.9034
2025-07-21T13:53:00.000,18.8679
2025-07-21T13:54:00.000,18.7900
2025-07-21T13:55:00.000,18.6806
2025-07-21T13:56:00.000,18.6656
2025-07-21T13:57:00.000,18.6478
2025-07-21T13:58:00.000,18.6232
2025-07-21T13:59:00.000,18.5576
2025-07-21T14:00:00.000,18.4728
2025-07-21T14:01:00.000,18.3757
2025-07-21T14:02:00.000,18.2868
2025-07-21T14:03:00.000,18.1747
2025-07-21T14:04:00.000,18.0147
2025-07-21T14:05:00.000,17.8464
2025-07-21T14:06:00.000,17.6809
2025-07-21T14:07:00.000,17.5085
2025-07-21T14:08:00.000,17.3387
2025-07-21T14:09:00.000,17.1703
2025-07-21T14:10:00.000,17.0073
2025-07-21T14:11:00.000,16.8703
2025-07-21T14:12:00.000,16.7592
2025-07-21T14:13:00.000,16.6495
2025-07-21T14:14:00.000,16.5289
2025-07-21T14:15:00.000,16.4342
2025-07-21T14:16:00.000,16.3450
2025-07-21T14:17:00.000,16.2833
2025-07-21T14:18:00.000,16.2407
2025-07-21T14:19:00.000,16.2078
2025-07-21T14:20:00.000,16.1734
2025-07-21T14:21:00.000,16.1487
2025-07-21T14:22:00.000,16.1240
2025-07-21T14:23:00.000,16.1061
2025-07-21T14:24:00.000,16.0883
2025-07-21T14:25:00.000,16.0704
2025-07-21T14:26:00.000,16.0526
2025-07-21T14:27:00.000,16.0388
2025-07-21T14:28:00.000,16.0320
2025-07-21T14:29:00.000,16.0375
2025-07-21T14:30:00.000,16.0402
2025-07-21T14:31:00.000,16.0402
2025-07-21T14:32:00.000,16.0512
2025-07-21T14:33:00.000,16.0636
2025-07-21T14:34:00.000,16.0691
2025-07-21T14:35:00.000,16.0732
2025-07-21T14:36:00.000,16.0718
2025-07-21T14:37:00.000,16.0718
2025-07-21T14:38:00.000,16.0746
2025-07-21T14:39:00.000,16.0828
2025-07-21T14:40:00.000,16.1061
2025-07-21T14:41:00.000,16.1158
2025-07-21T14:42:00.000,16.1213
2025-07-21T14:43:00.000,16.1240
2025-07-21T14:44:00.000,16.1226
2025-07-21T14:45:00.000,16.1213
2025-07-21T14:46:00.000,16.1048
2025-07-21T14:47:00.000,16.0897
2025-07-21T14:48:00.000,16.0732
2025-07-21T14:49:00.000,16.0567
2025-07-21T14:50:00.000,16.0402
2025-07-21T14:51:00.000,16.0306
2025-07-21T14:52:00.000,16.0279
2025-07-21T14:53:00.000,16.0155
2025-07-21T14:54:00.000,15.9976
2025-07-21T14:55:00.000,15.9825
2025-07-21T14:56:00.000,15.9674
2025-07-21T14:57:00.000,15.9578
2025-07-21T14:58:00.000,15.9495
2025-07-21T14:59:00.000,15.9537
2025-07-21T15:00:00.000,16.0045
2025-07-21T15:01:00.000,16.0787
2025-07-21T15:02:00.000,16.1419
2025-07-21T15:03:00.000,16.1968
2025-07-21T15:04:00.000,16.2503
2025-07-21T15:05:00.000,16.2956
2025-07-21T15:06:00.000,16.3409
2025-07-21T15:07:00.000,16.3780
2025-07-21T15:08:00.000,16.4123
2025-07-21T15:09:00.000,16.4411
2025-07-21T15:10:00.000,16.4630
2025-07-21T15:11:00.000,16.4836
2025-07-21T15:12:00.000,16.4987
2025-07-21T15:13:00.000,16.5097
2025-07-21T15:14:00.000,16.5165
2025-07-21T15:15:00.000,16.5234
2025-07-21T15:16:00.000,16.5330
2025-07-21T15:17:00.000,16.5508
2025-07-21T15:18:00.000,16.5824
2025-07-21T15:19:00.000,16.6139
2025-07-21T15:20:00.000,16.6454
2025-07-21T15:21:00.000,16.6646
2025-07-21T15:22:00.000,16.6797
2025-07-21T15:23:00.000,16.7003
2025-07-21T15:24:00.000,16.7112
2025-07-21T15:25:00.000,16.7140
2025-07-21T15:26:00.000,16.7181
2025-07-21T15:27:00.000,16.7208
2025-07-21T15:28:00.000,16.7099
2025-07-21T15:29:00.000,16.6921
2025-07-21T15:30:00.000,16.6756
2025-07-21T15:31:00.000,16.6715
2025-07-21T15:32:00.000,16.6660
2025-07-21T15:33:00.000,16.6633
2025-07-21T15:34:00.000,16.6633
2025-07-21T15:35:00.000,16.6578
2025-07-21T15:36:00.000,16.6523
2025-07-21T15:37:00.000,16.6399
2025-07-21T15:38:00.000,16.6304
2025-07-21T15:39:00.000,16.6276
2025-07-21T15:40:00.000,16.6276
2025-07-21T15:41:00.000,16.6249
2025-07-21T15:42:00.000,16.6304
2025-07-21T15:43:00.000,16.6399
2025-07-21T15:44:00.000,16.6509
2025-07-21T15:45:00.000,16.6633
2025-07-21T15:46:00.000,16.6770
2025-07-21T15:47:00.000,16.6934
2025-07-21T15:48:00.000,16.7044
2025-07-21T15:49:00.000,16.7112
2025-07-21T15:50:00.000,16.7126
2025-07-21T15:51:00.000,16.7085
2025-07-21T15:52:00.000,16.7071
2025-07-21T15:53:00.000,16.7058
2025-07-21T15:54:00.000,16.6975
2025-07-21T15:55:00.000,16.6852
2025-07-21T15:56:00.000,16.6742
2025-07-21T15:57:00.000,16.6687
2025-07-21T15:58:00.000,16.6537
2025-07-21T15:59:00.000,16.6399
2025-07-21T16:00:00.000,16.6304
2025-07-21T16:01:00.000,16.6139
2025-07-21T16:02:00.000,16.5933
2025-07-21T16:03:00.000,16.5741
2025-07-21T16:04:00.000,16.5590
2025-07-21T16:05:00.000,16.5440
2025-07-21T16:06:00.000,16.5261
2025-07-21T16:07:00.000,16.5124
2025-07-21T16:08:00.000,16.5014
2025-07-21T16:09:00.000,16.4877
2025-07-21T16:10:00.000,16.4795
2025-07-21T16:11:00.000,16.4726
2025-07-21T16:12:00.000,16.4685
2025-07-21T16:13:00.000,16.4671
2025-07-21T16:14:00.000,16.4713
2025-07-21T16:15:00.000,16.4726
2025-07-21T16:16:00.000,16.4740
2025-07-21T16:17:00.000,16.4767
2025-07-21T16:18:00.000,16.4781
2025-07-21T16:19:00.000,16.4836
2025-07-21T16:20:00.000,16.4877
2025-07-21T16:21:00.000,16.4959
2025-07-21T16:22:00.000,16.5028
2025-07-21T16:23:00.000,16.5069
2025-07-21T16:24:00.000,16.5110
2025-07-21T16:25:00.000,16.5151
2025-07-21T16:26:00.000,16.5193
2025-07-21T16:27:00.000,16.5220
2025-07-21T16:28:00.000,16.5234
2025-07-21T16:29:00.000,16.5234
2025-07-21T16:30:00.000,16.5220
2025-07-21T16:31:00.000,16.5234
2025-07-21T16:32:00.000,16.5206
2025-07-21T16:33:00.000,16.5206
2025-07-21T16:34:00.000,16.5179
2025-07-21T16:35:00.000,16.5138
2025-07-21T16:36:00.000,16.5151
2025-07-21T16:37:00.000,16.5110
2025-07-21T16:38:00.000,16.5055
2025-07-21T16:39:00.000,16.5055
2025-07-21T16:40:00.000,16.5124
2025-07-21T16:41:00.000,16.5261
2025-07-21T16:42:00.000,16.5467
2025-07-21T16:43:00.000,16.6454
2025-07-21T16:44:00.000,16.7318
2025-07-21T16:45:00.000,16.8031
2025-07-21T16:46:00.000,16.8648
2025-07-21T16:47:00.000,16.8867
2025-07-21T16:48:00.000,16.8511
2025-07-21T16:49:00.000,16.8017
2025-07-21T16:50:00.000,16.6742
2025-07-21T16:51:00.000,16.6194
2025-07-21T16:52:00.000,16.5618
2025-07-21T16:53:00.000,16.5316
2025-07-21T16:54:00.000,16.4795
2025-07-21T16:55:00.000,16.4040
2025-07-21T16:56:00.000,16.3491
2025-07-21T16:57:00.000,16.3038
2025-07-21T16:58:00.000,16.2874
2025-07-21T16:59:00.000,16.2599
2025-07-21T17:00:00.000,16.1707
2025-07-21T17:01:00.000,16.0443
2025-07-21T17:02:00.000,15.8850
2025-07-21T17:03:00.000,15.6677
2025-07-21T17:04:00.000,15.5150
2025-07-21T17:05:00.000,15.4572
2025-07-21T17:06:00.000,15.4201
2025-07-21T17:07:00.000,15.4737
2025-07-21T17:08:00.000,15.4903
2025-07-21T17:09:00.000,15.3609
2025-07-21T17:10:00.000,15.2052
2025-07-21T17:11:00.000,15.0274
2025-07-21T17:12:00.000,14.8853
2025-07-21T17:13:00.000,14.7142
2025-07-21T17:14:00.000,14.5623
2025-07-21T17:15:00.000,14.4434
2025-07-21T17:16:00.000,14.3397
2025-07-21T17:17:00.000,14.2470
2025-07-21T17:18:00.000,14.1667
2025-07-21T17:19:00.000,14.1030
2025-07-21T17:20:00.000,14.0587
2025-07-21T17:21:00.000,14.0254
2025-07-21T17:22:00.000,14.0032
2025-07-21T17:23:00.000,13.9852
2025-07-21T17:24:00.000,13.9714
2025-07-21T17:25:00.000,13.9658
2025-07-21T17:26:00.000,13.9589
2025-07-21T17:27:00.000,13.9478
2025-07-21T17:28:00.000,13.9423
2025-07-21T17:29:00.000,13.9312
2025-07-21T17:30:00.000,13.9062
2025-07-21T17:31:00.000,13.8702
2025-07-21T17:32:00.000,13.8397
2025-07-21T17:33:00.000,13.8022
2025-07-21T17:34:00.000,13.7703
2025-07-21T17:35:00.000,13.7398
2025-07-21T17:36:00.000,13.7203
2025-07-21T17:37:00.000,13.7079
2025-07-21T17:38:00.000,13.6995
2025-07-21T17:39:00.000,13.6967
2025-07-21T17:40:00.000,13.6926
2025-07-21T17:41:00.000,13.6940
2025-07-21T17:42:00.000,13.6981
2025-07-21T17:43:00.000,13.7037
2025-07-21T17:44:00.000,13.7134
2025-07-21T17:45:00.000,13.7231
2025-07-21T17:46:00.000,13.7342
2025-07-21T17:47:00.000,13.7439
2025-07-21T17:48:00.000,13.7550
2025-07-21T17:49:00.000,13.7675
2025-07-21T17:50:00.000,13.7800
2025-07-21T17:51:00.000,13.7897
2025-07-21T17:52:00.000,13.7994
2025-07-21T17:53:00.000,13.8105
2025-07-21T17:54:00.000,13.8202
2025-07-21T17:55:00.000,13.8272
2025-07-21T17:56:00.000,13.8424
2025-07-21T17:57:00.000,13.8521
2025-07-21T17:58:00.000,13.8577
2025-07-21T17:59:00.000,13.8619
2025-07-21T18:00:00.000,13.8605
2025-07-21T18:01:00.000,13.8605
2025-07-21T18:02:00.000,13.8646
2025-07-21T18:03:00.000,13.8688
2025-07-21T18:04:00.000,13.8743
2025-07-21T18:05:00.000,13.8827
2025-07-21T18:06:00.000,13.8951
2025-07-21T18:07:00.000,13.9076
2025-07-21T18:08:00.000,13.9215
2025-07-21T18:09:00.000,13.9340
2025-07-21T18:10:00.000,13.9450
2025-07-21T18:11:00.000,13.9547
2025-07-21T18:12:00.000,13.9658
2025-07-21T18:13:00.000,13.9714
2025-07-21T18:14:00.000,13.9617
2025-07-21T18:15:00.000,13.9520
2025-07-21T18:16:00.000,13.9437
2025-07-21T18:17:00.000,13.9326
2025-07-21T18:18:00.000,13.9242
2025-07-21T18:19:00.000,13.9132
2025-07-21T18:20:00.000,13.9048
2025-07-21T18:21:00.000,13.9007
2025-07-21T18:22:00.000,13.9021
2025-07-21T18:23:00.000,13.9062
2025-07-21T18:24:00.000,13.9090
2025-07-21T18:25:00.000,13.9118
2025-07-21T18:26:00.000,13.9201
2025-07-21T18:27:00.000,13.9284
2025-07-21T18:28:00.000,13.9395
2025-07-21T18:29:00.000,13.9575
2025-07-21T18:30:00.000,13.9797
2025-07-21T18:31:00.000,13.9991
2025-07-21T18:32:00.000,14.0254
2025-07-21T18:33:00.000,14.0462
2025-07-21T18:34:00.000,14.0670
2025-07-21T18:35:00.000,14.1016
2025-07-21T18:36:00.000,14.1598
2025-07-21T18:37:00.000,14.2387
2025-07-21T18:38:00.000,14.2760
2025-07-21T18:39:00.000,14.2899
2025-07-21T18:40:00.000,14.3148
2025-07-21T18:41:00.000,14.3646
2025-07-21T18:42:00.000,14.4199
2025-07-21T18:43:00.000,14.4655
2025-07-21T18:44:00.000,14.5540
2025-07-21T18:45:00.000,14.6396
2025-07-21T18:46:00.000,14.7045
2025-07-21T18:47:00.000,14.7846
2025-07-21T18:48:00.000,14.9433
2025-07-21T18:49:00.000,15.0674
2025-07-21T18:50:00.000,15.1060
2025-07-21T18:51:00.000,15.1515
2025-07-21T18:52:00.000,15.1101
2025-07-21T18:53:00.000,15.0950
2025-07-21T18:54:00.000,15.1143
2025-07-21T18:55:00.000,15.2204
2025-07-21T18:56:00.000,15.3829
2025-07-21T18:57:00.000,15.5426
2025-07-21T18:58:00.000,15.6031
2025-07-21T18:59:00.000,15.6746
2025-07-21T19:00:00.000,15.7626
2025-07-21T19:01:00.000,15.8685
2025-07-21T19:02:00.000,15.8863
2025-07-21T19:03:00.000,15.7929
2025-07-21T19:04:00.000,15.5921
2025-07-21T19:05:00.000,15.4201
2025-07-21T19:06:00.000,15.2672
2025-07-21T19:07:00.000,15.1942
2025-07-21T19:08:00.000,15.0936
2025-07-21T19:09:00.000,15.0550
2025-07-21T19:10:00.000,15.0591
2025-07-21T19:11:00.000,15.0384
2025-07-21T19:12:00.000,15.1212
2025-07-21T19:13:00.000,15.1694
2025-07-21T19:14:00.000,15.1721
2025-07-21T19:15:00.000,15.1487
2025-07-21T19:16:00.000,15.1115
2025-07-21T19:17:00.000,15.0908
2025-07-21T19:18:00.000,15.0509
2025-07-21T19:19:00.000,14.9943
2025-07-21T19:20:00.000,14.9419
2025-07-21T19:21:00.000,14.9088
2025-07-21T19:22:00.000,14.8964
2025-07-21T19:23:00.000,14.8978
2025-07-21T19:24:00.000,14.9226
2025-07-21T19:25:00.000,14.9612
2025-07-21T19:26:00.000,14.9860
2025-07-21T19:27:00.000,15.0136
2025-07-21T19:28:00.000,15.0274
2025-07-21T19:29:00.000,15.0619
2025-07-21T19:30:00.000,15.1404
2025-07-21T19:31:00.000,15.2452
2025-07-21T19:32:00.000,15.3003
2025-07-21T19:33:00.000,15.3264
2025-07-21T19:34:00.000,15.3347
2025-07-21T19:35:00.000,15.3622
2025-07-21T19:36:00.000,15.4407
2025-07-21T19:37:00.000,15.5357
2025-07-21T19:38:00.000,15.6526
2025-07-21T19:39:00.000,15.7887
2025-07-21T19:40:00.000,15.9138
2025-07-21T19:41:00.000,16.0224
2025-07-21T19:42:00.000,16.1089
2025-07-21T19:43:00.000,16.2132
2025-07-21T19:44:00.000,16.3423
2025-07-21T19:45:00.000,16.4301
2025-07-21T19:46:00.000,16.4630
2025-07-21T19:47:00.000,16.5083
2025-07-21T19:48:00.000,16.5700
2025-07-21T19:49:00.000,16.6098
2025-07-21T19:50:00.000,16.6509
2025-07-21T19:51:00.000,16.7030
2025-07-21T19:52:00.000,16.7400
2025-07-21T19:53:00.000,16.7688
2025-07-21T19:54:00.000,16.7853
2025-07-21T19:55:00.000,16.7921
2025-07-21T19:56:00.000,16.7962
2025-07-21T19:57:00.000,16.7949
2025-07-21T19:58:00.000,16.8045
2025-07-21T19:59:00.000,16.8086
2025-07-21T20:00:00.000,16.8223
2025-07-21T20:01:00.000,16.8182
2025-07-21T20:02:00.000,16.7908
2025-07-21T20:03:00.000,16.7537
2025-07-21T20:04:00.000,16.7099
2025-07-21T20:05:00.000,16.6537
2025-07-21T20:06:00.000,16.5522
2025-07-21T20:07:00.000,16.3738
2025-07-21T20:08:00.000,16.1830
2025-07-21T20:09:00.000,16.0155
2025-07-21T20:10:00.000,15.8726
2025-07-21T20:11:00.000,15.7599
2025-07-21T20:12:00.000,15.6719
2025-07-21T20:13:00.000,15.6127
2025-07-21T20:14:00.000,15.5646
2025-07-21T20:15:00.000,15.5274
2025-07-21T20:16:00.000,15.4889
2025-07-21T20:17:00.000,15.4503
2025-07-21T20:18:00.000,15.4325
2025-07-21T20:19:00.000,15.3829
2025-07-21T20:20:00.000,15.3195
2025-07-21T20:21:00.000,15.2672
2025-07-21T20:22:00.000,15.2576
2025-07-21T20:23:00.000,15.2521
2025-07-21T20:24:00.000,15.2410
2025-07-21T20:25:00.000,15.2121
2025-07-21T20:26:00.000,15.1804
2025-07-21T20:27:00.000,15.1584
2025-07-21T20:28:00.000,15.1501
2025-07-21T20:29:00.000,15.1239
2025-07-21T20:30:00.000,15.0770
2025-07-21T20:31:00.000,15.0495
2025-07-21T20:32:00.000,15.0260
2025-07-21T20:33:00.000,14.9929
2025-07-21T20:34:00.000,14.9391
2025-07-21T20:35:00.000,14.9336
2025-07-21T20:36:00.000,14.9060
2025-07-21T20:37:00.000,14.8426
2025-07-21T20:38:00.000,14.7777
2025-07-21T20:39:00.000,14.7087
2025-07-21T20:40:00.000,14.6548
2025-07-21T20:41:00.000,14.6106
2025-07-21T20:42:00.000,14.6286
2025-07-21T20:43:00.000,14.6742
2025-07-21T20:44:00.000,14.7059
2025-07-21T20:45:00.000,14.7432
2025-07-21T20:46:00.000,14.7846
2025-07-21T20:47:00.000,14.8205
2025-07-21T20:48:00.000,14.8522
2025-07-21T20:49:00.000,14.8771
2025-07-21T20:50:00.000,14.8950
2025-07-21T20:51:00.000,14.9129
2025-07-21T20:52:00.000,14.9171
2025-07-21T20:53:00.000,14.9309
2025-07-21T20:54:00.000,14.9405
2025-07-21T20:55:00.000,14.9474
2025-07-21T20:56:00.000,14.9474
2025-07-21T20:57:00.000,14.9474
2025-07-21T20:58:00.000,14.9364
2025-07-21T20:59:00.000,14.9267
2025-07-21T21:00:00.000,14.9171
2025-07-21T21:01:00.000,14.9171
2025-07-21T21:02:00.000,14.9295
2025-07-21T21:03:00.000,14.9364
2025-07-21T21:04:00.000,14.9129
2025-07-21T21:05:00.000,14.8716
2025-07-21T21:06:00.000,14.8233
2025-07-21T21:07:00.000,14.7598
2025-07-21T21:08:00.000,14.6686
2025-07-21T21:09:00.000,14.5664
2025-07-21T21:10:00.000,14.4600
2025-07-21T21:11:00.000,14.3756
2025-07-21T21:12:00.000,14.2968
2025-07-21T21:13:00.000,14.2082
2025-07-21T21:14:00.000,14.1432
2025-07-21T21:15:00.000,14.0864
2025-07-21T21:16:00.000,14.0462
2025-07-21T21:17:00.000,14.0268
2025-07-21T21:18:00.000,14.0185
2025-07-21T21:19:00.000,14.0116
2025-07-21T21:20:00.000,14.0019
2025-07-21T21:21:00.000,13.9935
2025-07-21T21:22:00.000,13.9922
2025-07-21T21:23:00.000,14.0129
2025-07-21T21:24:00.000,14.0531
2025-07-21T21:25:00.000,14.1321
2025-07-21T21:26:00.000,14.2373
2025-07-21T21:27:00.000,14.3328
2025-07-21T21:28:00.000,14.3978
2025-07-21T21:29:00.000,14.4351
2025-07-21T21:30:00.000,14.4558
2025-07-21T21:31:00.000,14.4586
2025-07-21T21:32:00.000,14.4558
2025-07-21T21:33:00.000,14.4503
2025-07-21T21:34:00.000,14.4475
2025-07-21T21:35:00.000,14.4503
2025-07-21T21:36:00.000,14.4586
2025-07-21T21:37:00.000,14.4627
2025-07-21T21:38:00.000,14.4655
2025-07-21T21:39:00.000,14.4641
2025-07-21T21:40:00.000,14.4669
2025-07-21T21:41:00.000,14.4945
2025-07-21T21:42:00.000,14.5388
2025-07-21T21:43:00.000,14.5899
2025-07-21T21:44:00.000,14.6617
2025-07-21T21:45:00.000,14.7142
2025-07-21T21:46:00.000,14.7694
2025-07-21T21:47:00.000,14.8315
2025-07-21T21:48:00.000,14.8964
2025-07-21T21:49:00.000,14.9626
2025-07-21T21:50:00.000,15.0371
2025-07-21T21:51:00.000,15.0991
2025-07-21T21:52:00.000,15.1542
2025-07-21T21:53:00.000,15.2038
2025-07-21T21:54:00.000,15.2465
2025-07-21T21:55:00.000,15.2934
2025-07-21T21:56:00.000,15.3319
2025-07-21T21:57:00.000,15.3595
2025-07-21T21:58:00.000,15.3760
2025-07-21T21:59:00.000,15.3829
2025-07-21T22:00:00.000,15.3595
2025-07-21T22:01:00.000,15.3622
2025-07-21T22:02:00.000,15.3471
2025-07-21T22:03:00.000,15.3251
2025-07-21T22:04:00.000,15.3016
2025-07-21T22:05:00.000,15.2727
2025-07-21T22:06:00.000,15.2410
2025-07-21T22:07:00.000,15.2093
2025-07-21T22:08:00.000,15.1859
2025-07-21T22:09:00.000,15.1666
2025-07-21T22:10:00.000,15.1597
2025-07-21T22:11:00.000,15.1418
2025-07-21T22:12:00.000,15.1308
2025-07-21T22:13:00.000,15.1198
2025-07-21T22:14:00.000,15.0922
2025-07-21T22:15:00.000,15.0453
2025-07-21T22:16:00.000,15.0191
2025-07-21T22:17:00.000,14.9916
2025-07-21T22:18:00.000,14.9778
2025-07-21T22:19:00.000,14.9585
2025-07-21T22:20:00.000,14.9405
2025-07-21T22:21:00.000,14.9323
2025-07-21T22:22:00.000,14.9391
2025-07-21T22:23:00.000,14.9695
2025-07-21T22:24:00.000,14.9847
2025-07-21T22:25:00.000,15.0150
2025-07-21T22:26:00.000,15.0440
2025-07-21T22:27:00.000,15.0522
2025-07-21T22:28:00.000,15.0743
2025-07-21T22:29:00.000,15.1005
2025-07-21T22:30:00.000,15.1170
2025-07-21T22:31:00.000,15.1143
2025-07-21T22:32:00.000,15.1225
2025-07-21T22:33:00.000,15.1556
2025-07-21T22:34:00.000,15.2245
2025-07-21T22:35:00.000,15.2645
2025-07-21T22:36:00.000,15.3085
2025-07-21T22:37:00.000,15.3719
2025-07-21T22:38:00.000,15.4311
2025-07-21T22:39:00.000,15.4779
2025-07-21T22:40:00.000,15.5178
2025-07-21T22:41:00.000,15.5384
2025-07-21T22:42:00.000,15.5412
2025-07-21T22:43:00.000,15.5426
2025-07-21T22:44:00.000,15.5123
2025-07-21T22:45:00.000,15.4834
2025-07-21T22:46:00.000,15.4737
2025-07-21T22:47:00.000,15.4627
2025-07-21T22:48:00.000,15.4779
2025-07-21T22:49:00.000,15.4930
2025-07-21T22:50:00.000,15.4903
2025-07-21T22:51:00.000,15.4448
2025-07-21T22:52:00.000,15.4104
2025-07-21T22:53:00.000,15.3856
2025-07-21T22:54:00.000,15.3925
2025-07-21T22:55:00.000,15.4325
2025-07-21T22:56:00.000,15.4737
2025-07-21T22:57:00.000,15.5082
2025-07-21T22:58:00.000,15.5233
2025-07-21T22:59:00.000,15.5357
2025-07-21T23:00:00.000,15.5412
2025-07-21T23:01:00.000,15.5398
2025-07-21T23:02:00.000,15.5536
2025-07-21T23:03:00.000,15.5659
2025-07-21T23:04:00.000,15.5618
2025-07-21T23:05:00.000,15.5549
2025-07-21T23:06:00.000,15.5494
2025-07-21T23:07:00.000,15.5481
2025-07-21T23:08:00.000,15.5549
2025-07-21T23:09:00.000,15.5646
2025-07-21T23:10:00.000,15.5687
2025-07-21T23:11:00.000,15.5632
2025-07-21T23:12:00.000,15.5536
2025-07-21T23:13:00.000,15.5357
2025-07-21T23:14:00.000,15.5026
2025-07-21T23:15:00.000,15.4614
2025-07-21T23:16:00.000,15.4256
2025-07-21T23:17:00.000,15.4077
2025-07-21T23:18:00.000,15.3815
2025-07-21T23:19:00.000,15.3650
2025-07-21T23:20:00.000,15.3843
2025-07-21T23:21:00.000,15.4201
2025-07-21T23:22:00.000,15.4559
2025-07-21T23:23:00.000,15.4806
2025-07-21T23:24:00.000,15.4820
2025-07-21T23:25:00.000,15.4724
2025-07-21T23:26:00.000,15.4861
2025-07-21T23:27:00.000,15.5329
2025-07-21T23:28:00.000,15.5591
2025-07-21T23:29:00.000,15.5549
2025-07-21T23:30:00.000,15.5439
2025-07-21T23:31:00.000,15.5329
2025-07-21T23:32:00.000,15.5219
2025-07-21T23:33:00.000,15.5123
2025-07-21T23:34:00.000,15.5150
2025-07-21T23:35:00.000,15.5549
2025-07-21T23:36:00.000,15.6347
2025-07-21T23:37:00.000,15.7131
2025-07-21T23:38:00.000,15.7846
2025-07-21T23:39:00.000,15.7929
2025-07-21T23:40:00.000,15.6416
2025-07-21T23:41:00.000,15.4682
2025-07-21T23:42:00.000,15.2796
2025-07-21T23:43:00.000,15.1336
2025-07-21T23:44:00.000,15.0067
2025-07-21T23:45:00.000,14.9088
2025-07-21T23:46:00.000,14.8357
2025-07-21T23:47:00.000,14.7832
2025-07-21T23:48:00.000,14.7280
2025-07-21T23:49:00.000,14.6935
2025-07-21T23:50:00.000,14.6742
2025-07-21T23:51:00.000,14.6659
2025-07-21T23:52:00.000,14.6755
2025-07-21T23:53:00.000,14.6659
2025-07-21T23:54:00.000,14.6562
2025-07-21T23:55:00.000,14.6424
2025-07-21T23:56:00.000,14.6700
2025-07-21T23:57:00.000,14.6783
2025-07-21T23:58:00.000,14.6880
2025-07-21T23:59:00.000,14.6976
2025-07-22T00:00:00.000,14.6562
2025-07-22T00:01:00.000,14.5996
2025-07-22T00:02:00.000,14.5484
2025-07-22T00:03:00.000,14.5208
2025-07-22T00:04:00.000,14.6023
2025-07-22T00:05:00.000,14.8136
2025-07-22T00:06:00.000,15.0481
2025-07-22T00:07:00.000,15.0357
2025-07-22T00:08:00.000,14.9916
2025-07-22T00:09:00.000,14.9488
2025-07-22T00:10:00.000,14.8702
2025-07-22T00:11:00.000,14.7915
2025-07-22T00:12:00.000,14.7473
2025-07-22T00:13:00.000,14.7694
2025-07-22T00:14:00.000,14.8798
2025-07-22T00:15:00.000,14.9212
2025-07-22T00:16:00.000,14.9640
2025-07-22T00:17:00.000,14.9943
2025-07-22T00:18:00.000,15.0343
2025-07-22T00:19:00.000,15.1280
2025-07-22T00:20:00.000,15.2424
2025-07-22T00:21:00.000,15.2383
2025-07-22T00:22:00.000,15.2424
2025-07-22T00:23:00.000,15.2755
2025-07-22T00:24:00.000,15.3677
2025-07-22T00:25:00.000,15.4999
2025-07-22T00:26:00.000,15.5893
2025-07-22T00:27:00.000,15.5164
2025-07-22T00:28:00.000,15.4503
2025-07-22T00:29:00.000,15.3953
2025-07-22T00:30:00.000,15.4077
2025-07-22T00:31:00.000,15.4916
2025-07-22T00:32:00.000,15.5095
2025-07-22T00:33:00.000,15.4187
2025-07-22T00:34:00.000,15.3760
2025-07-22T00:35:00.000,15.3939
2025-07-22T00:36:00.000,15.3650
2025-07-22T00:37:00.000,15.2989
2025-07-22T00:38:00.000,15.3471
2025-07-22T00:39:00.000,15.4256
2025-07-22T00:40:00.000,15.3540
2025-07-22T00:41:00.000,15.4159
2025-07-22T00:42:00.000,15.5040
2025-07-22T00:43:00.000,15.6196
2025-07-22T00:44:00.000,15.6017
2025-07-22T00:45:00.000,15.5701
2025-07-22T00:46:00.000,15.5315
2025-07-22T00:47:00.000,15.4435
2025-07-22T00:48:00.000,15.4311
2025-07-22T00:49:00.000,15.4421
2025-07-22T00:50:00.000,15.4393
2025-07-22T00:51:00.000,15.4696
2025-07-22T00:52:00.000,15.4503
2025-07-22T00:53:00.000,15.4118
2025-07-22T00:54:00.000,15.4077
2025-07-22T00:55:00.000,15.4104
2025-07-22T00:56:00.000,15.3595
2025-07-22T00:57:00.000,15.3801
2025-07-22T00:58:00.000,15.3980
2025-07-22T00:59:00.000,15.4214
2025-07-22T01:00:00.000,15.4792
2025-07-22T01:01:00.000,15.3650
2025-07-22T01:02:00.000,15.3567
2025-07-22T01:03:00.000,15.3595
2025-07-22T01:04:00.000,15.2934
2025-07-22T01:05:00.000,15.2121
2025-07-22T01:06:00.000,15.1308
2025-07-22T01:07:00.000,15.0398
2025-07-22T01:08:00.000,14.9957
2025-07-22T01:09:00.000,14.9378
2025-07-22T01:10:00.000,14.9378
2025-07-22T01:11:00.000,14.9281
2025-07-22T01:12:00.000,14.8964
2025-07-22T01:13:00.000,14.8674
2025-07-22T01:14:00.000,14.8495
2025-07-22T01:15:00.000,14.8315
2025-07-22T01:16:00.000,14.8219
2025-07-22T01:17:00.000,14.8164
2025-07-22T01:18:00.000,14.8495
2025-07-22T01:19:00.000,14.9033
2025-07-22T01:20:00.000,14.8895
2025-07-22T01:21:00.000,14.9005
2025-07-22T01:22:00.000,14.9764
2025-07-22T01:23:00.000,15.0357
2025-07-22T01:24:00.000,15.0757
2025-07-22T01:25:00.000,15.1115
2025-07-22T01:26:00.000,15.1597
2025-07-22T01:27:00.000,15.1969
2025-07-22T01:28:00.000,15.2149
2025-07-22T01:29:00.000,15.2176
2025-07-22T01:30:00.000,15.2273
2025-07-22T01:31:00.000,15.2217
2025-07-22T01:32:00.000,15.1832
2025-07-22T01:33:00.000,15.1597
2025-07-22T01:34:00.000,15.1763
2025-07-22T01:35:00.000,15.2107
2025-07-22T01:36:00.000,15.2562
2025-07-22T01:37:00.000,15.3003
2025-07-22T01:38:00.000,15.3498
2025-07-22T01:39:00.000,15.3760
2025-07-22T01:40:00.000,15.4146
2025-07-22T01:41:00.000,15.4545
2025-07-22T01:42:00.000,15.4503
2025-07-22T01:43:00.000,15.4614
2025-07-22T01:44:00.000,15.4682
2025-07-22T01:45:00.000,15.5068
2025-07-22T01:46:00.000,15.5343
2025-07-22T01:47:00.000,15.5604
2025-07-22T01:48:00.000,15.5825
2025-07-22T01:49:00.000,15.5866
2025-07-22T01:50:00.000,15.5948
2025-07-22T01:51:00.000,15.6457
2025-07-22T01:52:00.000,15.6664
2025-07-22T01:53:00.000,15.6567
2025-07-22T01:54:00.000,15.6609
2025-07-22T01:55:00.000,15.6581
2025-07-22T01:56:00.000,15.6526
2025-07-22T01:57:00.000,15.6677
2025-07-22T01:58:00.000,15.6815
2025-07-22T01:59:00.000,15.7049
2025-07-22T02:00:00.000,15.7255
2025-07-22T02:01:00.000,15.7516
2025-07-22T02:02:00.000,15.7819
2025-07-22T02:03:00.000,15.7970
2025-07-22T02:04:00.000,15.8025
2025-07-22T02:05:00.000,15.7956
2025-07-22T02:06:00.000,15.7489
2025-07-22T02:07:00.000,15.6911
2025-07-22T02:08:00.000,15.6485
2025-07-22T02:09:00.000,15.6237
2025-07-22T02:10:00.000,15.5714
2025-07-22T02:11:00.000,15.4958
2025-07-22T02:12:00.000,15.4586
2025-07-22T02:13:00.000,15.3953
2025-07-22T02:14:00.000,15.3388
2025-07-22T02:15:00.000,15.3085
2025-07-22T02:16:00.000,15.2713
2025-07-22T02:17:00.000,15.3168
2025-07-22T02:18:00.000,15.4269
2025-07-22T02:19:00.000,15.5563
2025-07-22T02:20:00.000,15.6595
2025-07-22T02:21:00.000,15.7159
2025-07-22T02:22:00.000,15.7310
2025-07-22T02:23:00.000,15.7434
2025-07-22T02:24:00.000,15.7186
2025-07-22T02:25:00.000,15.7090
2025-07-22T02:26:00.000,15.7351
2025-07-22T02:27:00.000,15.7805
2025-07-22T02:28:00.000,15.7984
2025-07-22T02:29:00.000,15.7956
2025-07-22T02:30:00.000,15.7709
2025-07-22T02:31:00.000,15.7571
2025-07-22T02:32:00.000,15.7516
2025-07-22T02:33:00.000,15.7654
2025-07-22T02:34:00.000,15.8135
2025-07-22T02:35:00.000,15.8327
2025-07-22T02:36:00.000,15.8080
2025-07-22T02:37:00.000,15.7887
2025-07-22T02:38:00.000,15.7736
2025-07-22T02:39:00.000,15.7626
2025-07-22T02:40:00.000,15.7626
2025-07-22T02:41:00.000,15.7695
2025-07-22T02:42:00.000,15.7860
2025-07-22T02:43:00.000,15.7970
2025-07-22T02:44:00.000,15.7915
2025-07-22T02:45:00.000,15.7434
2025-07-22T02:46:00.000,15.7145
2025-07-22T02:47:00.000,15.7021
2025-07-22T02:48:00.000,15.7035
2025-07-22T02:49:00.000,15.7379
2025-07-22T02:50:00.000,15.7654
2025-07-22T02:51:00.000,15.7722
2025-07-22T02:52:00.000,15.7791
2025-07-22T02:53:00.000,15.7901
2025-07-22T02:54:00.000,15.7915
2025-07-22T02:55:00.000,15.7956
2025-07-22T02:56:00.000,15.7956
2025-07-22T02:57:00.000,15.8080
2025-07-22T02:58:00.000,15.8245
2025-07-22T02:59:00.000,15.8479
2025-07-22T03:00:00.000,15.8671
2025-07-22T03:01:00.000,15.8795
2025-07-22T03:02:00.000,15.8698
2025-07-22T03:03:00.000,15.8698
2025-07-22T03:04:00.000,15.8836
2025-07-22T03:05:00.000,15.9083
2025-07-22T03:06:00.000,15.9331
2025-07-22T03:07:00.000,15.9454
2025-07-22T03:08:00.000,15.9537
2025-07-22T03:09:00.000,15.9702
2025-07-22T03:10:00.000,15.9757
2025-07-22T03:11:00.000,15.9894
2025-07-22T03:12:00.000,16.0059
2025-07-22T03:13:00.000,16.0320
2025-07-22T03:14:00.000,16.0649
2025-07-22T03:15:00.000,16.0801
2025-07-22T03:16:00.000,16.0952
2025-07-22T03:17:00.000,16.1240
2025-07-22T03:18:00.000,16.1515
2025-07-22T03:19:00.000,16.1679
2025-07-22T03:20:00.000,16.1707
2025-07-22T03:21:00.000,16.1583
2025-07-22T03:22:00.000,16.1583
2025-07-22T03:23:00.000,16.1556
2025-07-22T03:24:00.000,16.1267
2025-07-22T03:25:00.000,16.1020
2025-07-22T03:26:00.000,16.0759
2025-07-22T03:27:00.000,16.0581
2025-07-22T03:28:00.000,16.0443
2025-07-22T03:29:00.000,16.0471
2025-07-22T03:30:00.000,16.0526
2025-07-22T03:31:00.000,16.0594
2025-07-22T03:32:00.000,16.0265
2025-07-22T03:33:00.000,16.0018
2025-07-22T03:34:00.000,16.0031
2025-07-22T03:35:00.000,16.0251
2025-07-22T03:36:00.000,16.0265
2025-07-22T03:37:00.000,16.0279
2025-07-22T03:38:00.000,16.0334
2025-07-22T03:39:00.000,16.0485
2025-07-22T03:40:00.000,16.0883
2025-07-22T03:41:00.000,16.1432
2025-07-22T03:42:00.000,16.1927
2025-07-22T03:43:00.000,16.2160
2025-07-22T03:44:00.000,16.2297
2025-07-22T03:45:00.000,16.2544
2025-07-22T03:46:00.000,16.2874
2025-07-22T03:47:00.000,16.3107
2025-07-22T03:48:00.000,16.3313
2025-07-22T03:49:00.000,16.3423
2025-07-22T03:50:00.000,16.3533
2025-07-22T03:51:00.000,16.3738
2025-07-22T03:52:00.000,16.4095
2025-07-22T03:53:00.000,16.4507
2025-07-22T03:54:00.000,16.4987
2025-07-22T03:55:00.000,16.5302
2025-07-22T03:56:00.000,16.5453
2025-07-22T03:57:00.000,16.5618
2025-07-22T03:58:00.000,16.5865
2025-07-22T03:59:00.000,16.5974
2025-07-22T04:00:00.000,16.6153
2025-07-22T04:01:00.000,16.6331
2025-07-22T04:02:00.000,16.6454
2025-07-22T04:03:00.000,16.6495
2025-07-22T04:04:00.000,16.6550
2025-07-22T04:05:00.000,16.6619
2025-07-22T04:06:00.000,16.6687
2025-07-22T04:07:00.000,16.6674
2025-07-22T04:08:00.000,16.6715
2025-07-22T04:09:00.000,16.6687
2025-07-22T04:10:00.000,16.6578
2025-07-22T04:11:00.000,16.6482
2025-07-22T04:12:00.000,16.6413
2025-07-22T04:13:00.000,16.6331
2025-07-22T04:14:00.000,16.6262
2025-07-22T04:15:00.000,16.6166
2025-07-22T04:16:00.000,16.6125
2025-07-22T04:17:00.000,16.6125
2025-07-22T04:18:00.000,16.6139
2025-07-22T04:19:00.000,16.6180
2025-07-22T04:20:00.000,16.6194
2025-07-22T04:21:00.000,16.6208
2025-07-22T04:22:00.000,16.6180
2025-07-22T04:23:00.000,16.6139
2025-07-22T04:24:00.000,16.6098
2025-07-22T04:25:00.000,16.6057
2025-07-22T04:26:00.000,16.6070
2025-07-22T04:27:00.000,16.6029
2025-07-22T04:28:00.000,16.5974
2025-07-22T04:29:00.000,16.5933
2025-07-22T04:30:00.000,16.5878
2025-07-22T04:31:00.000,16.5837
2025-07-22T04:32:00.000,16.5769
2025-07-22T04:33:00.000,16.5700
2025-07-22T04:34:00.000,16.5632
2025-07-22T04:35:00.000,16.5549
2025-07-22T04:36:00.000,16.5481
2025-07-22T04:37:00.000,16.5398
2025-07-22T04:38:00.000,16.5275
2025-07-22T04:39:00.000,16.5193
2025-07-22T04:40:00.000,16.5069
2025-07-22T04:41:00.000,16.4932
2025-07-22T04:42:00.000,16.4795
2025-07-22T04:43:00.000,16.4658
2025-07-22T04:44:00.000,16.4562
2025-07-22T04:45:00.000,16.4411
2025-07-22T04:46:00.000,16.4287
2025-07-22T04:47:00.000,16.4164
2025-07-22T04:48:00.000,16.3972
2025-07-22T04:49:00.000,16.3807
2025-07-22T04:50:00.000,16.3656
2025-07-22T04:51:00.000,16.3601
2025-07-22T04:52:00.000,16.3478
2025-07-22T04:53:00.000,16.3354
2025-07-22T04:54:00.000,16.3217
2025-07-22T04:55:00.000,16.3025
2025-07-22T04:56:00.000,16.2887
2025-07-22T04:57:00.000,16.2778
2025-07-22T04:58:00.000,16.2585
2025-07-22T04:59:00.000,16.2325
2025-07-22T05:00:00.000,16.1899
2025-07-22T05:01:00.000,16.1034
2025-07-22T05:02:00.000,15.8836
2025-07-22T05:03:00.000,15.5976
2025-07-22T05:04:00.000,15.3072
2025-07-22T05:05:00.000,15.0260
2025-07-22T05:06:00.000,14.7460
2025-07-22T05:07:00.000,14.4959
2025-07-22T05:08:00.000,14.3120
2025-07-22T05:09:00.000,14.1653
2025-07-22T05:10:00.000,14.0074
2025-07-22T05:11:00.000,13.8729
2025-07-22T05:12:00.000,13.7425
2025-07-22T05:13:00.000,13.6259
2025-07-22T05:14:00.000,13.5398
2025-07-22T05:15:00.000,13.4578
2025-07-22T05:16:00.000,13.3814
2025-07-22T05:17:00.000,13.3188
2025-07-22T05:18:00.000,13.2659
2025-07-22T05:19:00.000,13.2047
2025-07-22T05:20:00.000,13.1211
2025-07-22T05:21:00.000,13.0180
2025-07-22T05:22:00.000,12.9427
2025-07-22T05:23:00.000,12.9023
2025-07-22T05:24:00.000,12.8744
2025-07-22T05:25:00.000,12.8716
2025-07-22T05:26:00.000,12.8688
2025-07-22T05:27:00.000,12.8604
2025-07-22T05:28:00.000,12.8632
2025-07-22T05:29:00.000,12.8548
2025-07-22T05:30:00.000,12.8269
2025-07-22T05:31:00.000,12.8339
2025-07-22T05:32:00.000,12.8311
2025-07-22T05:33:00.000,12.8283
2025-07-22T05:34:00.000,12.8283
2025-07-22T05:35:00.000,12.8381
2025-07-22T05:36:00.000,12.8437
2025-07-22T05:37:00.000,12.8548
2025-07-22T05:38:00.000,12.8381
2025-07-22T05:39:00.000,12.8144
2025-07-22T05:40:00.000,12.7892
2025-07-22T05:41:00.000,12.7739
2025-07-22T05:42:00.000,12.7767
2025-07-22T05:43:00.000,12.7906
2025-07-22T05:44:00.000,12.7948
2025-07-22T05:45:00.000,12.7962
2025-07-22T05:46:00.000,12.8171
2025-07-22T05:47:00.000,12.8367
2025-07-22T05:48:00.000,12.8618
2025-07-22T05:49:00.000,12.8953
2025-07-22T05:50:00.000,12.9218
2025-07-22T05:51:00.000,12.9511
2025-07-22T05:52:00.000,12.9929
2025-07-22T05:53:00.000,13.0375
2025-07-22T05:54:00.000,13.0710
2025-07-22T05:55:00.000,13.1058
2025-07-22T05:56:00.000,13.1420
2025-07-22T05:57:00.000,13.1685
2025-07-22T05:58:00.000,13.1921
2025-07-22T05:59:00.000,13.2116
2025-07-22T06:00:00.000,13.2297
2025-07-22T06:01:00.000,13.2464
2025-07-22T06:02:00.000,13.2603
2025-07-22T06:03:00.000,13.2743
2025-07-22T06:04:00.000,13.2909
2025-07-22T06:05:00.000,13.3202
2025-07-22T06:06:00.000,13.3355
2025-07-22T06:07:00.000,13.3369
2025-07-22T06:08:00.000,13.3452
2025-07-22T06:09:00.000,13.3563
2025-07-22T06:10:00.000,13.3744
2025-07-22T06:11:00.000,13.3953
2025-07-22T06:12:00.000,13.4078
2025-07-22T06:13:00.000,13.4189
2025-07-22T06:14:00.000,13.4259
2025-07-22T06:15:00.000,13.4412
2025-07-22T06:16:00.000,13.4551
2025-07-22T06:17:00.000,13.4648
2025-07-22T06:18:00.000,13.4731
2025-07-22T06:19:00.000,13.4815
2025-07-22T06:20:00.000,13.4912
2025-07-22T06:21:00.000,13.5079
2025-07-22T06:22:00.000,13.5204
2025-07-22T06:23:00.000,13.5301
2025-07-22T06:24:00.000,13.5496
2025-07-22T06:25:00.000,13.5607
2025-07-22T06:26:00.000,13.5773
2025-07-22T06:27:00.000,13.5801
2025-07-22T06:28:00.000,13.5926
2025-07-22T06:29:00.000,13.6009
2025-07-22T06:30:00.000,13.6093
2025-07-22T06:31:00.000,13.6121
2025-07-22T06:32:00.000,13.6162
2025-07-22T06:33:00.000,13.6162
2025-07-22T06:34:00.000,13.6232
2025-07-22T06:35:00.000,13.6232
2025-07-22T06:36:00.000,13.6259
2025-07-22T06:37:00.000,13.6273
2025-07-22T06:38:00.000,13.6315
2025-07-22T06:39:00.000,13.6454
2025-07-22T06:40:00.000,13.6509
2025-07-22T06:41:00.000,13.6509
2025-07-22T06:42:00.000,13.6537
2025-07-22T06:43:00.000,13.6468
2025-07-22T06:44:00.000,13.6412
2025-07-22T06:45:00.000,13.6412
2025-07-22T06:46:00.000,13.6440
2025-07-22T06:47:00.000,13.6398
2025-07-22T06:48:00.000,13.6301
2025-07-22T06:49:00.000,13.6287
2025-07-22T06:50:00.000,13.6315
2025-07-22T06:51:00.000,13.6329
2025-07-22T06:52:00.000,13.6412
2025-07-22T06:53:00.000,13.6523
2025-07-22T06:54:00.000,13.6634
2025-07-22T06:55:00.000,13.6773
2025-07-22T06:56:00.000,13.6954
2025-07-22T06:57:00.000,13.7148
2025-07-22T06:58:00.000,13.7398
2025-07-22T06:59:00.000,13.7537
2025-07-22T07:00:00.000,13.7648
2025-07-22T07:01:00.000,13.7703
2025-07-22T07:02:00.000,13.7897
2025-07-22T07:03:00.000,13.8078
2025-07-22T07:04:00.000,13.8230
2025-07-22T07:05:00.000,13.8397
2025-07-22T07:06:00.000,13.8577
2025-07-22T07:07:00.000,13.8688
2025-07-22T07:08:00.000,13.9007
2025-07-22T07:09:00.000,13.9242
2025-07-22T07:10:00.000,13.9520
2025-07-22T07:11:00.000,13.9769
2025-07-22T07:12:00.000,14.0005
2025-07-22T07:13:00.000,14.0393
2025-07-22T07:14:00.000,14.0642
2025-07-22T07:15:00.000,14.0961
2025-07-22T07:16:00.000,14.1501
2025-07-22T07:17:00.000,14.2027
2025-07-22T07:18:00.000,14.2345
2025-07-22T07:19:00.000,14.2719
2025-07-22T07:20:00.000,14.2982
2025-07-22T07:21:00.000,14.3258
2025-07-22T07:22:00.000,14.3770
2025-07-22T07:23:00.000,14.4448
2025-07-22T07:24:00.000,14.5263
2025-07-22T07:25:00.000,14.6148
2025-07-22T07:26:00.000,14.7087
2025-07-22T07:27:00.000,15.0164
2025-07-22T07:28:00.000,15.4393
2025-07-22T07:29:00.000,15.9757
2025-07-22T07:30:00.000,16.5151
2025-07-22T07:31:00.000,16.9347
2025-07-22T07:32:00.000,17.4606
2025-07-22T07:33:00.000,17.8697
2025-07-22T07:34:00.000,18.0092
2025-07-22T07:35:00.000,17.9244
2025-07-22T07:36:00.000,17.8054
2025-07-22T07:37:00.000,17.5673
2025-07-22T07:38:00.000,17.2319
2025-07-22T07:39:00.000,16.9497
2025-07-22T07:40:00.000,16.7304
2025-07-22T07:41:00.000,16.5604
2025-07-22T07:42:00.000,16.4370
2025-07-22T07:43:00.000,16.3423
2025-07-22T07:44:00.000,16.4123
2025-07-22T07:45:00.000,16.4644
2025-07-22T07:46:00.000,16.4054
2025-07-22T07:47:00.000,16.4260
2025-07-22T07:48:00.000,16.4383
2025-07-22T07:49:00.000,16.4466
2025-07-22T07:50:00.000,16.4150
2025-07-22T07:51:00.000,16.6249
2025-07-22T07:52:00.000,16.9388
2025-07-22T07:53:00.000,17.2785
2025-07-22T07:54:00.000,17.7028
2025-07-22T07:55:00.000,17.9203
2025-07-22T07:56:00.000,18.1173
2025-07-22T07:57:00.000,18.3621
2025-07-22T07:58:00.000,18.2595
2025-07-22T07:59:00.000,18.0174
2025-07-22T08:00:00.000,17.8451
2025-07-22T08:01:00.000,17.6549
2025-07-22T08:02:00.000,17.6179
2025-07-22T08:03:00.000,17.7548
2025-07-22T08:04:00.000,17.8451
2025-07-22T08:05:00.000,17.7671
2025-07-22T08:06:00.000,17.6658
2025-07-22T08:07:00.000,17.6494
2025-07-22T08:08:00.000,17.7712
2025-07-22T08:09:00.000,17.8615
2025-07-22T08:10:00.000,17.8109
2025-07-22T08:11:00.000,17.7575
2025-07-22T08:12:00.000,17.7178
2025-07-22T08:13:00.000,17.9094
2025-07-22T08:14:00.000,18.2185
2025-07-22T08:15:00.000,18.6273
2025-07-22T08:16:00.000,18.9485
2025-07-22T08:17:00.000,18.9977
2025-07-22T08:18:00.000,18.8528
2025-07-22T08:19:00.000,18.7859
2025-07-22T08:20:00.000,18.8091
2025-07-22T08:21:00.000,19.0046
2025-07-22T08:22:00.000,19.2042
2025-07-22T08:23:00.000,19.3682
2025-07-22T08:24:00.000,19.4434
2025-07-22T08:25:00.000,19.5309
2025-07-22T08:26:00.000,19.5924
2025-07-22T08:27:00.000,19.6307
2025-07-22T08:28:00.000,19.5240
2025-07-22T08:29:00.000,19.5158
2025-07-22T08:30:00.000,19.6785
2025-07-22T08:31:00.000,19.8932
2025-07-22T08:32:00.000,20.0655
2025-07-22T08:33:00.000,20.3897
2025-07-22T08:34:00.000,20.8482
2025-07-22T08:35:00.000,21.2700
2025-07-22T08:36:00.000,21.4263
2025-07-22T08:37:00.000,21.5044
2025-07-22T08:38:00.000,21.6319
2025-07-22T08:39:00.000,21.6758
2025-07-22T08:40:00.000,21.6923
2025-07-22T08:41:00.000,21.8857
2025-07-22T08:42:00.000,21.9763
2025-07-22T08:43:00.000,21.9640
2025-07-22T08:44:00.000,21.8487
2025-07-22T08:45:00.000,21.9448
2025-07-22T08:46:00.000,22.1054
2025-07-22T08:47:00.000,22.0450
2025-07-22T08:48:00.000,21.8981
2025-07-22T08:49:00.000,21.7321
2025-07-22T08:50:00.000,21.4797
2025-07-22T08:51:00.000,21.1673
2025-07-22T08:52:00.000,20.7551
2025-07-22T08:53:00.000,20.2720
2025-07-22T08:54:00.000,19.8686
2025-07-22T08:55:00.000,19.4379
2025-07-22T08:56:00.000,19.1850
2025-07-22T08:57:00.000,19.0005
2025-07-22T08:58:00.000,18.7599
2025-07-22T08:59:00.000,18.5412
2025-07-22T09:00:00.000,18.3538
2025-07-22T09:01:00.000,18.2349
2025-07-22T09:02:00.000,18.1515
2025-07-22T09:03:00.000,18.1118
2025-07-22T09:04:00.000,18.0215
2025-07-22T09:05:00.000,17.9395
2025-07-22T09:06:00.000,17.8724
2025-07-22T09:07:00.000,17.7849
2025-07-22T09:08:00.000,17.7178
2025-07-22T09:09:00.000,17.6357
2025-07-22T09:10:00.000,17.6138
2025-07-22T09:11:00.000,17.6344
2025-07-22T09:12:00.000,17.6686
2025-07-22T09:13:00.000,17.7780
2025-07-22T09:14:00.000,17.9573
2025-07-22T09:15:00.000,18.1569
2025-07-22T09:16:00.000,18.2622
2025-07-22T09:17:00.000,18.3306
2025-07-22T09:18:00.000,18.3456
2025-07-22T09:19:00.000,18.1884
2025-07-22T09:20:00.000,17.9969
2025-07-22T09:21:00.000,17.8369
2025-07-22T09:22:00.000,17.7712
2025-07-22T09:23:00.000,17.8027
2025-07-22T09:24:00.000,17.8601
2025-07-22T09:25:00.000,17.8889
2025-07-22T09:26:00.000,17.8752
2025-07-22T09:27:00.000,17.8902
2025-07-22T09:28:00.000,17.8711
2025-07-22T09:29:00.000,17.8615
2025-07-22T09:30:00.000,17.8765
2025-07-22T09:31:00.000,17.9586
2025-07-22T09:32:00.000,18.0585
2025-07-22T09:33:00.000,18.0927
2025-07-22T09:34:00.000,18.1323
2025-07-22T09:35:00.000,18.2267
2025-07-22T09:36:00.000,18.2855
2025-07-22T09:37:00.000,18.3730
2025-07-22T09:38:00.000,18.5152
2025-07-22T09:39:00.000,18.6902
2025-07-22T09:40:00.000,18.8364
2025-07-22T09:41:00.000,18.8501
2025-07-22T09:42:00.000,18.8528
2025-07-22T09:43:00.000,18.8952
2025-07-22T09:44:00.000,19.0429
2025-07-22T09:45:00.000,19.1331
2025-07-22T09:46:00.000,19.4598
2025-07-22T09:47:00.000,19.7455
2025-07-22T09:48:00.000,19.9028
2025-07-22T09:49:00.000,19.9315
2025-07-22T09:50:00.000,19.8426
2025-07-22T09:51:00.000,19.8549
2025-07-22T09:52:00.000,19.8795
2025-07-22T09:53:00.000,19.9465
2025-07-22T09:54:00.000,20.0559
2025-07-22T09:55:00.000,20.0887
2025-07-22T09:56:00.000,20.0135
2025-07-22T09:57:00.000,19.9561
2025-07-22T09:58:00.000,20.2050
2025-07-22T09:59:00.000,20.3062
2025-07-22T10:00:00.000,20.1995
2025-07-22T10:01:00.000,20.2105
2025-07-22T10:02:00.000,20.5115
2025-07-22T10:03:00.000,20.5539
2025-07-22T10:04:00.000,20.4704
2025-07-22T10:05:00.000,20.4636
2025-07-22T10:06:00.000,20.2269
2025-07-22T10:07:00.000,20.0053
2025-07-22T10:08:00.000,20.1489
2025-07-22T10:09:00.000,20.3213
2025-07-22T10:10:00.000,20.2734
2025-07-22T10:11:00.000,20.1571
2025-07-22T10:12:00.000,20.1558
2025-07-22T10:13:00.000,20.0381
2025-07-22T10:14:00.000,20.0505
2025-07-22T10:15:00.000,20.2118
2025-07-22T10:16:00.000,20.2597
2025-07-22T10:17:00.000,20.6661
2025-07-22T10:18:00.000,21.0358
2025-07-22T10:19:00.000,21.0919
2025-07-22T10:20:00.000,21.1933
2025-07-22T10:21:00.000,21.6882
2025-07-22T10:22:00.000,22.2441
2025-07-22T10:23:00.000,22.7103
2025-07-22T10:24:00.000,22.8851
2025-07-22T10:25:00.000,22.8892
2025-07-22T10:26:00.000,22.8989
2025-07-22T10:27:00.000,22.9911
2025-07-22T10:28:00.000,23.1937
2025-07-22T10:29:00.000,23.2406
2025-07-22T10:30:00.000,23.2282
2025-07-22T10:31:00.000,23.1524
2025-07-22T10:32:00.000,23.2117
2025-07-22T10:33:00.000,23.4337
2025-07-22T10:34:00.000,23.5373
2025-07-22T10:35:00.000,23.4462
2025-07-22T10:36:00.000,23.3551
2025-07-22T10:37:00.000,23.3027
2025-07-22T10:38:00.000,23.4586
2025-07-22T10:39:00.000,23.6436
2025-07-22T10:40:00.000,23.6754
2025-07-22T10:41:00.000,23.7348
2025-07-22T10:42:00.000,23.8592
2025-07-22T10:43:00.000,24.1014
2025-07-22T10:44:00.000,24.3424
2025-07-22T10:45:00.000,24.4006
2025-07-22T10:46:00.000,24.3230
2025-07-22T10:47:00.000,24.3272
2025-07-22T10:48:00.000,24.2385
2025-07-22T10:49:00.000,24.1207
2025-07-22T10:50:00.000,24.0778
2025-07-22T10:51:00.000,24.0377
2025-07-22T10:52:00.000,24.0169
2025-07-22T10:53:00.000,23.9727
2025-07-22T10:54:00.000,23.9132
2025-07-22T10:55:00.000,23.8302
2025-07-22T10:56:00.000,23.7155
2025-07-22T10:57:00.000,23.6298
2025-07-22T10:58:00.000,23.5580
2025-07-22T10:59:00.000,23.5635
2025-07-22T11:00:00.000,23.6340
2025-07-22T11:01:00.000,23.6782
2025-07-22T11:02:00.000,23.7293
2025-07-22T11:03:00.000,23.7265
2025-07-22T11:04:00.000,23.7265
2025-07-22T11:05:00.000,23.7777
2025-07-22T11:06:00.000,23.8357
2025-07-22T11:07:00.000,23.9560
2025-07-22T11:08:00.000,24.0958
2025-07-22T11:09:00.000,24.2412
2025-07-22T11:10:00.000,24.3882
2025-07-22T11:11:00.000,24.4242
2025-07-22T11:12:00.000,24.3785
2025-07-22T11:13:00.000,24.3175
2025-07-22T11:14:00.000,24.2606
2025-07-22T11:15:00.000,24.2842
2025-07-22T11:16:00.000,24.2731
2025-07-22T11:17:00.000,24.1775
2025-07-22T11:18:00.000,24.0418
2025-07-22T11:19:00.000,23.9132
2025-07-22T11:20:00.000,23.8440
2025-07-22T11:21:00.000,23.8039
2025-07-22T11:22:00.000,23.6768
2025-07-22T11:23:00.000,23.5110
2025-07-22T11:24:00.000,23.4558
2025-07-22T11:25:00.000,23.5387
2025-07-22T11:26:00.000,23.6671
2025-07-22T11:27:00.000,23.6878
2025-07-22T11:28:00.000,23.6381
2025-07-22T11:29:00.000,23.5635
2025-07-22T11:30:00.000,23.5456
2025-07-22T11:31:00.000,23.5166
2025-07-22T11:32:00.000,23.3951
2025-07-22T11:33:00.000,23.3647
2025-07-22T11:34:00.000,23.2282
2025-07-22T11:35:00.000,23.0917
2025-07-22T11:36:00.000,23.1069
2025-07-22T11:37:00.000,23.1317
2025-07-22T11:38:00.000,23.2075
2025-07-22T11:39:00.000,23.3441
2025-07-22T11:40:00.000,23.5276
2025-07-22T11:41:00.000,23.7431
2025-07-22T11:42:00.000,23.9367
2025-07-22T11:43:00.000,24.1429
2025-07-22T11:44:00.000,24.1554
2025-07-22T11:45:00.000,24.0515
2025-07-22T11:46:00.000,23.9671
2025-07-22T11:47:00.000,23.9311
2025-07-22T11:48:00.000,23.9436
2025-07-22T11:49:00.000,23.9007
2025-07-22T11:50:00.000,23.8108
2025-07-22T11:51:00.000,23.6851
2025-07-22T11:52:00.000,23.5911
2025-07-22T11:53:00.000,23.5097
2025-07-22T11:54:00.000,23.4627
2025-07-22T11:55:00.000,23.4890
2025-07-22T11:56:00.000,23.5014
2025-07-22T11:57:00.000,23.4890
2025-07-22T11:58:00.000,23.4696
2025-07-22T11:59:00.000,23.4655
2025-07-22T12:00:00.000,23.4669
2025-07-22T12:01:00.000,23.5014
2025-07-22T12:02:00.000,23.5925
2025-07-22T12:03:00.000,23.6864
2025-07-22T12:04:00.000,23.7514
2025-07-22T12:05:00.000,23.7569
2025-07-22T12:06:00.000,23.7887
2025-07-22T12:07:00.000,23.8454
2025-07-22T12:08:00.000,23.8827
2025-07-22T12:09:00.000,23.9201
2025-07-22T12:10:00.000,23.9616
2025-07-22T12:11:00.000,24.0529
2025-07-22T12:12:00.000,24.1277
2025-07-22T12:13:00.000,24.1692
2025-07-22T12:14:00.000,24.1540
2025-07-22T12:15:00.000,24.1581
2025-07-22T12:16:00.000,24.1748
2025-07-22T12:17:00.000,24.2108
2025-07-22T12:18:00.000,24.2135
2025-07-22T12:19:00.000,24.1651
2025-07-22T12:20:00.000,24.1609
2025-07-22T12:21:00.000,24.2025
2025-07-22T12:22:00.000,24.2038
2025-07-22T12:23:00.000,24.2025
2025-07-22T12:24:00.000,24.2468
2025-07-22T12:25:00.000,24.2814
2025-07-22T12:26:00.000,24.2814
2025-07-22T12:27:00.000,24.2482
2025-07-22T12:28:00.000,24.2094
2025-07-22T12:29:00.000,24.2274
2025-07-22T12:30:00.000,24.2329
2025-07-22T12:31:00.000,24.2371
2025-07-22T12:32:00.000,24.3022
2025-07-22T12:33:00.000,24.3369
2025-07-22T12:34:00.000,24.3313
2025-07-22T12:35:00.000,24.2994
2025-07-22T12:36:00.000,24.2385
2025-07-22T12:37:00.000,24.2482
2025-07-22T12:38:00.000,24.2787
2025-07-22T12:39:00.000,24.2828
2025-07-22T12:40:00.000,24.2662
2025-07-22T12:41:00.000,24.2454
2025-07-22T12:42:00.000,24.2967
2025-07-22T12:43:00.000,24.3646
2025-07-22T12:44:00.000,24.4450
2025-07-22T12:45:00.000,24.4977
2025-07-22T12:46:00.000,24.5213
2025-07-22T12:47:00.000,24.7129
2025-07-22T12:48:00.000,24.7796
2025-07-22T12:49:00.000,24.8310
2025-07-22T12:50:00.000,24.8532
2025-07-22T12:51:00.000,24.8463
2025-07-22T12:52:00.000,24.8588
2025-07-22T12:53:00.000,24.8032
2025-07-22T12:54:00.000,24.7337
2025-07-22T12:55:00.000,24.6573
2025-07-22T12:56:00.000,24.6351
2025-07-22T12:57:00.000,24.6337
2025-07-22T12:58:00.000,24.6407
2025-07-22T12:59:00.000,24.5976
2025-07-22T13:00:00.000,24.6712
2025-07-22T13:01:00.000,24.6920
2025-07-22T13:02:00.000,24.6476
2025-07-22T13:03:00.000,24.6462
2025-07-22T13:04:00.000,24.5949
2025-07-22T13:05:00.000,24.6323
2025-07-22T13:06:00.000,24.6490
2025-07-22T13:07:00.000,24.6657
2025-07-22T13:08:00.000,24.6421
2025-07-22T13:09:00.000,24.6046
2025-07-22T13:10:00.000,24.5865
2025-07-22T13:11:00.000,24.6240
2025-07-22T13:12:00.000,24.6198
2025-07-22T13:13:00.000,24.6629
2025-07-22T13:14:00.000,24.7434
2025-07-22T13:15:00.000,24.8630
2025-07-22T13:16:00.000,24.8546
2025-07-22T13:17:00.000,24.8782
2025-07-22T13:18:00.000,24.9366
2025-07-22T13:19:00.000,24.8991
2025-07-22T13:20:00.000,24.8463
2025-07-22T13:21:00.000,24.8435
2025-07-22T13:22:00.000,24.8199
2025-07-22T13:23:00.000,24.7309
2025-07-22T13:24:00.000,24.7101
2025-07-22T13:25:00.000,24.8240
2025-07-22T13:26:00.000,24.9047
2025-07-22T13:27:00.000,25.0883
2025-07-22T13:28:00.000,25.2694
2025-07-22T13:29:00.000,25.3377
2025-07-22T13:30:00.000,25.3530
2025-07-22T13:31:00.000,25.4422
2025-07-22T13:32:00.000,25.3265
2025-07-22T13:33:00.000,25.2248
2025-07-22T13:34:00.000,25.1496
2025-07-22T13:35:00.000,25.0452
2025-07-22T13:36:00.000,24.8393
2025-07-22T13:37:00.000,24.2108
2025-07-22T13:38:00.000,23.4006
2025-07-22T13:39:00.000,22.7089
2025-07-22T13:40:00.000,22.2510
2025-07-22T13:41:00.000,21.9777
2025-07-22T13:42:00.000,21.7403
2025-07-22T13:43:00.000,21.6196
2025-07-22T13:44:00.000,21.5579
2025-07-22T13:45:00.000,21.5305
2025-07-22T13:46:00.000,21.5538
2025-07-22T13:47:00.000,21.5072
2025-07-22T13:48:00.000,21.6045
2025-07-22T13:49:00.000,21.7019
2025-07-22T13:50:00.000,21.8459
2025-07-22T13:51:00.000,21.9681
2025-07-22T13:52:00.000,22.1178
2025-07-22T13:53:00.000,22.2441
2025-07-22T13:54:00.000,22.4187
2025-07-22T13:55:00.000,22.5383
2025-07-22T13:56:00.000,22.6208
2025-07-22T13:57:00.000,22.6580
2025-07-22T13:58:00.000,22.6993
2025-07-22T13:59:00.000,22.6690
2025-07-22T14:00:00.000,22.5342
2025-07-22T14:01:00.000,22.3609
2025-07-22T14:02:00.000,22.3280
2025-07-22T14:03:00.000,22.2854
2025-07-22T14:04:00.000,22.2414
2025-07-22T14:05:00.000,22.2909
2025-07-22T14:06:00.000,22.3170
2025-07-22T14:07:00.000,22.2428
2025-07-22T14:08:00.000,22.1466
2025-07-22T14:09:00.000,22.1082
2025-07-22T14:10:00.000,22.0271
2025-07-22T14:11:00.000,21.9585
2025-07-22T14:12:00.000,21.8926
2025-07-22T14:13:00.000,21.8075
2025-07-22T14:14:00.000,21.6813
2025-07-22T14:15:00.000,21.5236
2025-07-22T14:16:00.000,21.4071
2025-07-22T14:17:00.000,21.3660
2025-07-22T14:18:00.000,21.3344
2025-07-22T14:19:00.000,21.3015
2025-07-22T14:20:00.000,21.2604
2025-07-22T14:21:00.000,21.2180
2025-07-22T14:22:00.000,21.1399
2025-07-22T14:23:00.000,21.0440
2025-07-22T14:24:00.000,20.9139
2025-07-22T14:25:00.000,20.7948
2025-07-22T14:26:00.000,20.7222
2025-07-22T14:27:00.000,20.6209
2025-07-22T14:28:00.000,20.6237
2025-07-22T14:29:00.000,20.6524
2025-07-22T14:30:00.000,20.6729
2025-07-22T14:31:00.000,20.7304
2025-07-22T14:32:00.000,20.7948
2025-07-22T14:33:00.000,20.8085
2025-07-22T14:34:00.000,20.7948
2025-07-22T14:35:00.000,20.7427
2025-07-22T14:36:00.000,20.7099
2025-07-22T14:37:00.000,20.6401
2025-07-22T14:38:00.000,20.5320
2025-07-22T14:39:00.000,20.4006
2025-07-22T14:40:00.000,20.1927
2025-07-22T14:41:00.000,19.9465
2025-07-22T14:42:00.000,19.6854
2025-07-22T14:43:00.000,19.4557
2025-07-22T14:44:00.000,19.2588
2025-07-22T14:45:00.000,19.0798
2025-07-22T14:46:00.000,18.9458
2025-07-22T14:47:00.000,18.8351
2025-07-22T14:48:00.000,18.7421
2025-07-22T14:49:00.000,18.6628
2025-07-22T14:50:00.000,18.5658
2025-07-22T14:51:00.000,18.4509
2025-07-22T14:52:00.000,18.2786
2025-07-22T14:53:00.000,17.9997
2025-07-22T14:54:00.000,17.7110
2025-07-22T14:55:00.000,17.4400
2025-07-22T14:56:00.000,17.2073
2025-07-22T14:57:00.000,17.0402
2025-07-22T14:58:00.000,16.8908
2025-07-22T14:59:00.000,16.7592
2025-07-22T15:00:00.000,16.6591
2025-07-22T15:01:00.000,16.6002
2025-07-22T15:02:00.000,16.5563
2025-07-22T15:03:00.000,16.5001
2025-07-22T15:04:00.000,16.4781
2025-07-22T15:05:00.000,16.4150
2025-07-22T15:06:00.000,16.3574
2025-07-22T15:07:00.000,16.3066
2025-07-22T15:08:00.000,16.2558
2025-07-22T15:09:00.000,16.2132
2025-07-22T15:10:00.000,16.1748
2025-07-22T15:11:00.000,16.1391
2025-07-22T15:12:00.000,16.1020
2025-07-22T15:13:00.000,16.0663
2025-07-22T15:14:00.000,16.0347
2025-07-22T15:15:00.000,16.0004
2025-07-22T15:16:00.000,15.9729
2025-07-22T15:17:00.000,15.9495
2025-07-22T15:18:00.000,15.9413
2025-07-22T15:19:00.000,15.9495
2025-07-22T15:20:00.000,15.9674
2025-07-22T15:21:00.000,15.9811
2025-07-22T15:22:00.000,15.9825
2025-07-22T15:23:00.000,15.9866
2025-07-22T15:24:00.000,15.9908
2025-07-22T15:25:00.000,16.0155
2025-07-22T15:26:00.000,16.0677
2025-07-22T15:27:00.000,16.1034
2025-07-22T15:28:00.000,16.1267
2025-07-22T15:29:00.000,16.1254
2025-07-22T15:30:00.000,16.0979
2025-07-22T15:31:00.000,16.0457
2025-07-22T15:32:00.000,16.0265
2025-07-22T15:33:00.000,16.0196
2025-07-22T15:34:00.000,16.0196
2025-07-22T15:35:00.000,16.0210
2025-07-22T15:36:00.000,16.0265
2025-07-22T15:37:00.000,16.0320
2025-07-22T15:38:00.000,16.0402
2025-07-22T15:39:00.000,16.0512
2025-07-22T15:40:00.000,16.0622
2025-07-22T15:41:00.000,16.0704
2025-07-22T15:42:00.000,16.0773
2025-07-22T15:43:00.000,16.0801
2025-07-22T15:44:00.000,16.0801
2025-07-22T15:45:00.000,16.0814
2025-07-22T15:46:00.000,16.0938
2025-07-22T15:47:00.000,16.1364
2025-07-22T15:48:00.000,16.2050
2025-07-22T15:49:00.000,16.2778
2025-07-22T15:50:00.000,16.3423
2025-07-22T15:51:00.000,16.4081
2025-07-22T15:52:00.000,16.4630
2025-07-22T15:53:00.000,16.5014
2025-07-22T15:54:00.000,16.5275
2025-07-22T15:55:00.000,16.5426
2025-07-22T15:56:00.000,16.5453
2025-07-22T15:57:00.000,16.5467
2025-07-22T15:58:00.000,16.5536
2025-07-22T15:59:00.000,16.5659
2025-07-22T16:00:00.000,16.5810
2025-07-22T16:01:00.000,16.6399
2025-07-22T16:02:00.000,16.6921
2025-07-22T16:03:00.000,16.7469
2025-07-22T16:04:00.000,16.7908
2025-07-22T16:05:00.000,16.7880
2025-07-22T16:06:00.000,16.7729
2025-07-22T16:07:00.000,16.7579
2025-07-22T16:08:00.000,16.7510
2025-07-22T16:09:00.000,16.7524
2025-07-22T16:10:00.000,16.7606
2025-07-22T16:11:00.000,16.7661
2025-07-22T16:12:00.000,16.7716
2025-07-22T16:13:00.000,16.7729
2025-07-22T16:14:00.000,16.7743
2025-07-22T16:15:00.000,16.7839
2025-07-22T16:16:00.000,16.7949
2025-07-22T16:17:00.000,16.8058
2025-07-22T16:18:00.000,16.8127
2025-07-22T16:19:00.000,16.8127
2025-07-22T16:20:00.000,16.8141
2025-07-22T16:21:00.000,16.8209
2025-07-22T16:22:00.000,16.8278
2025-07-22T16:23:00.000,16.8209
2025-07-22T16:24:00.000,16.8072
2025-07-22T16:25:00.000,16.7976
2025-07-22T16:26:00.000,16.7908
2025-07-22T16:27:00.000,16.7866
2025-07-22T16:28:00.000,16.7825
2025-07-22T16:29:00.000,16.7757
2025-07-22T16:30:00.000,16.7661
2025-07-22T16:31:00.000,16.7551
2025-07-22T16:32:00.000,16.7414
2025-07-22T16:33:00.000,16.7318
2025-07-22T16:34:00.000,16.7250
2025-07-22T16:35:00.000,16.7222
2025-07-22T16:36:00.000,16.7195
2025-07-22T16:37:00.000,16.7181
2025-07-22T16:38:00.000,16.7277
2025-07-22T16:39:00.000,16.7304
2025-07-22T16:40:00.000,16.7359
2025-07-22T16:41:00.000,16.7441
2025-07-22T16:42:00.000,16.7551
2025-07-22T16:43:00.000,16.7675
2025-07-22T16:44:00.000,16.7784
2025-07-22T16:45:00.000,16.7935
2025-07-22T16:46:00.000,16.8072
2025-07-22T16:47:00.000,16.8223
2025-07-22T16:48:00.000,16.8387
2025-07-22T16:49:00.000,16.8552
2025-07-22T16:50:00.000,16.8716
2025-07-22T16:51:00.000,16.8867
2025-07-22T16:52:00.000,16.9018
2025-07-22T16:53:00.000,16.9196
2025-07-22T16:54:00.000,16.9333
2025-07-22T16:55:00.000,16.9484
2025-07-22T16:56:00.000,16.9634
2025-07-22T16:57:00.000,16.9689
2025-07-22T16:58:00.000,16.9758
2025-07-22T16:59:00.000,16.9854
2025-07-22T17:00:00.000,16.9991
2025-07-22T17:01:00.000,17.0100
2025-07-22T17:02:00.000,17.0182
2025-07-22T17:03:00.000,17.0223
2025-07-22T17:04:00.000,17.0292
2025-07-22T17:05:00.000,17.0388
2025-07-22T17:06:00.000,17.0511
2025-07-22T17:07:00.000,17.0552
2025-07-22T17:08:00.000,17.0415
2025-07-22T17:09:00.000,17.0237
2025-07-22T17:10:00.000,17.0004
2025-07-22T17:11:00.000,16.9826
2025-07-22T17:12:00.000,16.9607
2025-07-22T17:13:00.000,16.9470
2025-07-22T17:14:00.000,16.9388
2025-07-22T17:15:00.000,16.9401
2025-07-22T17:16:00.000,16.9442
2025-07-22T17:17:00.000,16.9456
2025-07-22T17:18:00.000,16.9580
2025-07-22T17:19:00.000,16.9703
2025-07-22T17:20:00.000,16.9196
2025-07-22T17:21:00.000,16.8798
2025-07-22T17:22:00.000,16.8552
2025-07-22T17:23:00.000,16.8401
2025-07-22T17:24:00.000,16.8045
2025-07-22T17:25:00.000,16.7866
2025-07-22T17:26:00.000,16.8058
2025-07-22T17:27:00.000,16.7647
2025-07-22T17:28:00.000,16.7428
2025-07-22T17:29:00.000,16.7441
2025-07-22T17:30:00.000,16.7688
2025-07-22T17:31:00.000,16.7935
2025-07-22T17:32:00.000,16.8058
2025-07-22T17:33:00.000,16.8195
2025-07-22T17:34:00.000,16.8415
2025-07-22T17:35:00.000,16.8620
2025-07-22T17:36:00.000,16.8552
2025-07-22T17:37:00.000,16.8154
2025-07-22T17:38:00.000,16.6962
2025-07-22T17:39:00.000,16.5755
2025-07-22T17:40:00.000,16.5343
2025-07-22T17:41:00.000,16.5138
2025-07-22T17:42:00.000,16.4658
2025-07-22T17:43:00.000,16.4740
2025-07-22T17:44:00.000,16.4863
2025-07-22T17:45:00.000,16.5001
2025-07-22T17:46:00.000,16.5179
2025-07-22T17:47:00.000,16.5261
2025-07-22T17:48:00.000,16.5343
2025-07-22T17:49:00.000,16.5769
2025-07-22T17:50:00.000,16.6235
2025-07-22T17:51:00.000,16.6646
2025-07-22T17:52:00.000,16.6962
2025-07-22T17:53:00.000,16.7250
2025-07-22T17:54:00.000,16.7551
2025-07-22T17:55:00.000,16.7798
2025-07-22T17:56:00.000,16.7908
2025-07-22T17:57:00.000,16.8086
2025-07-22T17:58:00.000,16.8182
2025-07-22T17:59:00.000,16.8250
2025-07-22T18:00:00.000,16.8291
2025-07-22T18:01:00.000,16.7565
2025-07-22T18:02:00.000,16.7743
2025-07-22T18:03:00.000,16.7592
2025-07-22T18:04:00.000,16.7757
2025-07-22T18:05:00.000,16.7757
2025-07-22T18:06:00.000,16.7825
2025-07-22T18:07:00.000,16.7181
2025-07-22T18:08:00.000,16.6153
2025-07-22T18:09:00.000,16.5151
2025-07-22T18:10:00.000,16.4370
2025-07-22T18:11:00.000,16.3766
2025-07-22T18:12:00.000,16.4027
2025-07-22T18:13:00.000,16.3231
2025-07-22T18:14:00.000,16.2627
2025-07-22T18:15:00.000,16.0471
2025-07-22T18:16:00.000,16.0334
2025-07-22T18:17:00.000,15.8616
2025-07-22T18:18:00.000,15.7186
2025-07-22T18:19:00.000,15.5659
2025-07-22T18:20:00.000,15.3856
2025-07-22T18:21:00.000,15.2713
2025-07-22T18:22:00.000,15.1404
2025-07-22T18:23:00.000,14.9943
2025-07-22T18:24:00.000,14.8219
2025-07-22T18:25:00.000,14.6548
2025-07-22T18:26:00.000,14.5153
2025-07-22T18:27:00.000,14.4005
2025-07-22T18:28:00.000,14.2816
2025-07-22T18:29:00.000,14.1625
2025-07-22T18:30:00.000,14.0587
2025-07-22T18:31:00.000,13.9811
2025-07-22T18:32:00.000,13.9242
2025-07-22T18:33:00.000,13.8979
2025-07-22T18:34:00.000,13.8854
2025-07-22T18:35:00.000,13.8813
2025-07-22T18:36:00.000,13.8521
2025-07-22T18:37:00.000,13.8535
2025-07-22T18:38:00.000,13.8632
2025-07-22T18:39:00.000,13.8743
2025-07-22T18:40:00.000,13.8854
2025-07-22T18:41:00.000,13.8924
2025-07-22T18:42:00.000,13.8854
2025-07-22T18:43:00.000,13.8965
2025-07-22T18:44:00.000,13.8799
2025-07-22T18:45:00.000,13.8549
2025-07-22T18:46:00.000,13.8216
2025-07-22T18:47:00.000,13.7703
2025-07-22T18:48:00.000,13.7162
2025-07-22T18:49:00.000,13.6690
2025-07-22T18:50:00.000,13.6343
2025-07-22T18:51:00.000,13.6051
2025-07-22T18:52:00.000,13.5912
2025-07-22T18:53:00.000,13.5815
2025-07-22T18:54:00.000,13.5940
2025-07-22T18:55:00.000,13.6273
2025-07-22T18:56:00.000,13.6732
2025-07-22T18:57:00.000,13.7231
2025-07-22T18:58:00.000,13.7467
2025-07-22T18:59:00.000,13.7550
2025-07-22T19:00:00.000,13.8605
2025-07-22T19:01:00.000,13.9644
2025-07-22T19:02:00.000,14.0711
2025-07-22T19:03:00.000,14.1556
2025-07-22T19:04:00.000,14.2553
2025-07-22T19:05:00.000,14.4558
2025-07-22T19:06:00.000,14.5830
2025-07-22T19:07:00.000,14.6258
2025-07-22T19:08:00.000,14.6659
2025-07-22T19:09:00.000,14.7625
2025-07-22T19:10:00.000,14.8702
2025-07-22T19:11:00.000,14.9764
2025-07-22T19:12:00.000,15.0743
2025-07-22T19:13:00.000,15.1294
2025-07-22T19:14:00.000,15.1515
2025-07-22T19:15:00.000,15.2713
2025-07-22T19:16:00.000,15.5040
2025-07-22T19:17:00.000,15.6774
2025-07-22T19:18:00.000,15.7915
2025-07-22T19:19:00.000,15.9454
2025-07-22T19:20:00.000,16.0773
2025-07-22T19:21:00.000,16.2078
2025-07-22T19:22:00.000,16.2613
2025-07-22T19:23:00.000,16.3244
2025-07-22T19:24:00.000,16.3985
2025-07-22T19:25:00.000,16.5220
2025-07-22T19:26:00.000,16.6578
2025-07-22T19:27:00.000,16.7496
2025-07-22T19:28:00.000,16.8305
2025-07-22T19:29:00.000,16.8867
2025-07-22T19:30:00.000,16.8908
2025-07-22T19:31:00.000,16.9031
2025-07-22T19:32:00.000,16.8853
2025-07-22T19:33:00.000,16.8442
2025-07-22T19:34:00.000,16.8250
2025-07-22T19:35:00.000,16.8812
2025-07-22T19:36:00.000,16.8990
2025-07-22T19:37:00.000,16.9429
2025-07-22T19:38:00.000,16.9415
2025-07-22T19:39:00.000,16.9374
2025-07-22T19:40:00.000,16.9771
2025-07-22T19:41:00.000,17.0237
2025-07-22T19:42:00.000,17.0648
2025-07-22T19:43:00.000,17.1059
2025-07-22T19:44:00.000,17.1319
2025-07-22T19:45:00.000,17.1552
2025-07-22T19:46:00.000,17.1799
2025-07-22T19:47:00.000,17.1977
2025-07-22T19:48:00.000,17.1840
2025-07-22T19:49:00.000,17.1552
2025-07-22T19:50:00.000,17.0936
2025-07-22T19:51:00.000,17.0730
2025-07-22T19:52:00.000,17.0402
2025-07-22T19:53:00.000,17.0388
2025-07-22T19:54:00.000,17.0306
2025-07-22T19:55:00.000,17.0333
2025-07-22T19:56:00.000,17.0169
2025-07-22T19:57:00.000,17.0045
2025-07-22T19:58:00.000,16.9593
2025-07-22T19:59:00.000,16.9182
2025-07-22T20:00:00.000,16.9114
2025-07-22T20:01:00.000,16.9319
2025-07-22T20:02:00.000,16.9922
2025-07-22T20:03:00.000,17.0703
2025-07-22T20:04:00.000,17.1415
2025-07-22T20:05:00.000,17.1936
2025-07-22T20:06:00.000,17.2251
2025-07-22T20:07:00.000,17.2388
2025-07-22T20:08:00.000,17.2442
2025-07-22T20:09:00.000,17.2442
2025-07-22T20:10:00.000,17.2456
2025-07-22T20:11:00.000,17.2305
2025-07-22T20:12:00.000,17.2155
2025-07-22T20:13:00.000,17.2073
2025-07-22T20:14:00.000,17.1977
2025-07-22T20:15:00.000,17.1977
2025-07-22T20:16:00.000,17.2168
2025-07-22T20:17:00.000,17.2346
2025-07-22T20:18:00.000,17.2004
2025-07-22T20:19:00.000,17.1689
2025-07-22T20:20:00.000,17.1607
2025-07-22T20:21:00.000,17.1456
2025-07-22T20:22:00.000,17.1484
2025-07-22T20:23:00.000,17.1511
2025-07-22T20:24:00.000,17.1333
2025-07-22T20:25:00.000,17.1443
2025-07-22T20:26:00.000,17.1785
2025-07-22T20:27:00.000,17.2196
2025-07-22T20:28:00.000,17.2497
2025-07-22T20:29:00.000,17.2634
2025-07-22T20:30:00.000,17.2826
2025-07-22T20:31:00.000,17.3059
2025-07-22T20:32:00.000,17.3291
2025-07-22T20:33:00.000,17.3551
2025-07-22T20:34:00.000,17.3798
2025-07-22T20:35:00.000,17.4003
2025-07-22T20:36:00.000,17.4140
2025-07-22T20:37:00.000,17.4291
2025-07-22T20:38:00.000,17.4318
2025-07-22T20:39:00.000,17.4277
2025-07-22T20:40:00.000,17.4195
2025-07-22T20:41:00.000,17.4113
2025-07-22T20:42:00.000,17.3962
2025-07-22T20:43:00.000,17.3880
2025-07-22T20:44:00.000,17.3812
2025-07-22T20:45:00.000,17.3675
2025-07-22T20:46:00.000,17.3565
2025-07-22T20:47:00.000,17.3565
2025-07-22T20:48:00.000,17.3606
2025-07-22T20:49:00.000,17.3675
2025-07-22T20:50:00.000,17.3757
2025-07-22T20:51:00.000,17.3770
2025-07-22T20:52:00.000,17.3784
2025-07-22T20:53:00.000,17.3812
2025-07-22T20:54:00.000,17.3948
2025-07-22T20:55:00.000,17.4058
2025-07-22T20:56:00.000,17.4140
2025-07-22T20:57:00.000,17.4072
2025-07-22T20:58:00.000,17.4003
2025-07-22T20:59:00.000,17.3976
2025-07-22T21:00:00.000,17.3880
2025-07-22T21:01:00.000,17.3743
2025-07-22T21:02:00.000,17.3606
2025-07-22T21:03:00.000,17.3497
2025-07-22T21:04:00.000,17.3360
2025-07-22T21:05:00.000,17.3237
2025-07-22T21:06:00.000,17.3100
2025-07-22T21:07:00.000,17.3004
2025-07-22T21:08:00.000,17.2963
2025-07-22T21:09:00.000,17.2935
2025-07-22T21:10:00.000,17.2867
2025-07-22T21:11:00.000,17.2853
2025-07-22T21:12:00.000,17.2881
2025-07-22T21:13:00.000,17.2908
2025-07-22T21:14:00.000,17.2935
2025-07-22T21:15:00.000,17.2881
2025-07-22T21:16:00.000,17.2812
2025-07-22T21:17:00.000,17.2744
2025-07-22T21:18:00.000,17.2785
2025-07-22T21:19:00.000,17.2867
2025-07-22T21:20:00.000,17.2963
2025-07-22T21:21:00.000,17.3017
2025-07-22T21:22:00.000,17.3072
2025-07-22T21:23:00.000,17.3182
2025-07-22T21:24:00.000,17.3264
2025-07-22T21:25:00.000,17.3360
2025-07-22T21:26:00.000,17.3319
2025-07-22T21:27:00.000,17.3291
2025-07-22T21:28:00.000,17.3319
2025-07-22T21:29:00.000,17.3332
2025-07-22T21:30:00.000,17.3291
2025-07-22T21:31:00.000,17.3264
2025-07-22T21:32:00.000,17.3264
2025-07-22T21:33:00.000,17.3237
2025-07-22T21:34:00.000,17.3209
2025-07-22T21:35:00.000,17.3195
2025-07-22T21:36:00.000,17.3195
2025-07-22T21:37:00.000,17.3209
2025-07-22T21:38:00.000,17.3264
2025-07-22T21:39:00.000,17.3250
2025-07-22T21:40:00.000,17.3182
2025-07-22T21:41:00.000,17.3154
2025-07-22T21:42:00.000,17.3113
2025-07-22T21:43:00.000,17.3017
2025-07-22T21:44:00.000,17.2839
2025-07-22T21:45:00.000,17.2771
2025-07-22T21:46:00.000,17.2771
2025-07-22T21:47:00.000,17.2757
2025-07-22T21:48:00.000,17.2607
2025-07-22T21:49:00.000,17.2401
2025-07-22T21:50:00.000,17.2114
2025-07-22T21:51:00.000,17.1621
2025-07-22T21:52:00.000,17.1155
2025-07-22T21:53:00.000,17.1032
2025-07-22T21:54:00.000,17.0963
2025-07-22T21:55:00.000,17.0785
2025-07-22T21:56:00.000,17.0552
2025-07-22T21:57:00.000,17.0086
2025-07-22T21:58:00.000,16.9717
2025-07-22T21:59:00.000,16.9511
2025-07-22T22:00:00.000,16.9264
2025-07-22T22:01:00.000,16.9059
2025-07-22T22:02:00.000,16.9127
2025-07-22T22:03:00.000,16.9305
2025-07-22T22:04:00.000,16.9347
2025-07-22T22:05:00.000,16.9251
2025-07-22T22:06:00.000,16.9251
2025-07-22T22:07:00.000,16.9264
2025-07-22T22:08:00.000,16.9401
2025-07-22T22:09:00.000,16.9607
2025-07-22T22:10:00.000,16.9525
2025-07-22T22:11:00.000,16.9388
2025-07-22T22:12:00.000,16.9360
2025-07-22T22:13:00.000,16.9292
2025-07-22T22:14:00.000,16.9319
2025-07-22T22:15:00.000,16.8990
2025-07-22T22:16:00.000,16.8579
2025-07-22T22:17:00.000,16.7784
2025-07-22T22:18:00.000,16.7359
2025-07-22T22:19:00.000,16.7167
2025-07-22T22:20:00.000,16.6413
2025-07-22T22:21:00.000,16.5892
2025-07-22T22:22:00.000,16.5440
2025-07-22T22:23:00.000,16.5590
2025-07-22T22:24:00.000,16.5083
2025-07-22T22:25:00.000,16.4658
2025-07-22T22:26:00.000,16.4534
2025-07-22T22:27:00.000,16.4589
2025-07-22T22:28:00.000,16.4891
2025-07-22T22:29:00.000,16.5110
2025-07-22T22:30:00.000,16.5124
2025-07-22T22:31:00.000,16.4603
2025-07-22T22:32:00.000,16.3958
2025-07-22T22:33:00.000,16.3148
2025-07-22T22:34:00.000,16.2119
2025-07-22T22:35:00.000,16.1034
2025-07-22T22:36:00.000,16.0100
2025-07-22T22:37:00.000,15.9289
2025-07-22T22:38:00.000,15.8630
2025-07-22T22:39:00.000,15.7956
2025-07-22T22:40:00.000,15.6952
2025-07-22T22:41:00.000,15.6168
2025-07-22T22:42:00.000,15.5536
2025-07-22T22:43:00.000,15.5054
2025-07-22T22:44:00.000,15.4614
2025-07-22T22:45:00.000,15.4352
2025-07-22T22:46:00.000,15.4187
2025-07-22T22:47:00.000,15.4035
2025-07-22T22:48:00.000,15.3953
2025-07-22T22:49:00.000,15.3870
2025-07-22T22:50:00.000,15.3870
2025-07-22T22:51:00.000,15.3953
2025-07-22T22:52:00.000,15.4118
2025-07-22T22:53:00.000,15.4380
2025-07-22T22:54:00.000,15.4641
2025-07-22T22:55:00.000,15.4848
2025-07-22T22:56:00.000,15.5054
2025-07-22T22:57:00.000,15.5205
2025-07-22T22:58:00.000,15.5494
2025-07-22T22:59:00.000,15.5728
2025-07-22T23:00:00.000,15.5728
2025-07-22T23:01:00.000,15.5673
2025-07-22T23:02:00.000,15.5494
2025-07-22T23:03:00.000,15.5274
2025-07-22T23:04:00.000,15.5040
2025-07-22T23:05:00.000,15.4586
2025-07-22T23:06:00.000,15.4118
2025-07-22T23:07:00.000,15.3870
2025-07-22T23:08:00.000,15.3746
2025-07-22T23:09:00.000,15.3581
2025-07-22T23:10:00.000,15.3388
2025-07-22T23:11:00.000,15.3195
2025-07-22T23:12:00.000,15.3003
2025-07-22T23:13:00.000,15.2713
2025-07-22T23:14:00.000,15.2369
2025-07-22T23:15:00.000,15.2066
2025-07-22T23:16:00.000,15.1818
2025-07-22T23:17:00.000,15.1570
2025-07-22T23:18:00.000,15.1308
2025-07-22T23:19:00.000,15.1129
2025-07-22T23:20:00.000,15.1005
2025-07-22T23:21:00.000,15.0922
2025-07-22T23:22:00.000,15.0812
2025-07-22T23:23:00.000,15.0729
2025-07-22T23:24:00.000,15.0633
2025-07-22T23:25:00.000,15.0509
2025-07-22T23:26:00.000,15.0371
2025-07-22T23:27:00.000,15.0191
2025-07-22T23:28:00.000,15.0122
2025-07-22T23:29:00.000,15.0095
2025-07-22T23:30:00.000,15.0164
2025-07-22T23:31:00.000,15.0219
2025-07-22T23:32:00.000,15.0219
2025-07-22T23:33:00.000,15.0274
2025-07-22T23:34:00.000,15.0357
2025-07-22T23:35:00.000,15.0398
2025-07-22T23:36:00.000,15.0440
2025-07-22T23:37:00.000,15.0522
2025-07-22T23:38:00.000,15.0591
2025-07-22T23:39:00.000,15.0619
2025-07-22T23:40:00.000,15.0633
2025-07-22T23:41:00.000,15.0646
2025-07-22T23:42:00.000,15.0674
2025-07-22T23:43:00.000,15.0715
2025-07-22T23:44:00.000,15.0743
2025-07-22T23:45:00.000,15.0839
2025-07-22T23:46:00.000,15.0881
2025-07-22T23:47:00.000,15.0908
2025-07-22T23:48:00.000,15.0922
2025-07-22T23:49:00.000,15.0922
2025-07-22T23:50:00.000,15.0895
2025-07-22T23:51:00.000,15.0895
2025-07-22T23:52:00.000,15.0881
2025-07-22T23:53:00.000,15.0839
2025-07-22T23:54:00.000,15.0770
2025-07-22T23:55:00.000,15.0715
2025-07-22T23:56:00.000,15.0646
2025-07-22T23:57:00.000,15.0605
2025-07-22T23:58:00.000,15.0577
2025-07-22T23:59:00.000,15.0564
2025-07-23T00:00:00.000,15.0522
2025-07-23T00:01:00.000,15.0481
2025-07-23T00:02:00.000,15.0481
2025-07-23T00:03:00.000,15.0426
2025-07-23T00:04:00.000,15.0343
2025-07-23T00:05:00.000,15.0274
2025-07-23T00:06:00.000,15.0219
2025-07-23T00:07:00.000,15.0164
2025-07-23T00:08:00.000,15.0136
2025-07-23T00:09:00.000,15.0109
2025-07-23T00:10:00.000,15.0109
2025-07-23T00:11:00.000,15.0122
2025-07-23T00:12:00.000,15.0136
2025-07-23T00:13:00.000,15.0150
2025-07-23T00:14:00.000,15.0178
2025-07-23T00:15:00.000,15.0191
2025-07-23T00:16:00.000,15.0205
2025-07-23T00:17:00.000,15.0219
2025-07-23T00:18:00.000,15.0233
2025-07-23T00:19:00.000,15.0274
2025-07-23T00:20:00.000,15.0260
2025-07-23T00:21:00.000,15.0219
2025-07-23T00:22:00.000,15.0178
2025-07-23T00:23:00.000,15.0136
2025-07-23T00:24:00.000,15.0122
2025-07-23T00:25:00.000,15.0109
2025-07-23T00:26:00.000,15.0081
2025-07-23T00:27:00.000,15.0026
2025-07-23T00:28:00.000,14.9916
2025-07-23T00:29:00.000,14.9833
2025-07-23T00:30:00.000,14.9791
2025-07-23T00:31:00.000,14.9736
2025-07-23T00:32:00.000,14.9681
2025-07-23T00:33:00.000,14.9626
2025-07-23T00:34:00.000,14.9571
2025-07-23T00:35:00.000,14.9529
2025-07-23T00:36:00.000,14.9529
2025-07-23T00:37:00.000,14.9502
2025-07-23T00:38:00.000,14.9488
2025-07-23T00:39:00.000,14.9460
2025-07-23T00:40:00.000,14.9391
2025-07-23T00:41:00.000,14.9336
2025-07-23T00:42:00.000,14.9309
2025-07-23T00:43:00.000,14.9336
2025-07-23T00:44:00.000,14.9364
2025-07-23T00:45:00.000,14.9364
2025-07-23T00:46:00.000,14.9419
2025-07-23T00:47:00.000,14.9709
2025-07-23T00:48:00.000,15.0122
2025-07-23T00:49:00.000,15.0550
2025-07-23T00:50:00.000,15.0963
2025-07-23T00:51:00.000,15.1391
2025-07-23T00:52:00.000,15.1666
2025-07-23T00:53:00.000,15.1845
2025-07-23T00:54:00.000,15.1873
2025-07-23T00:55:00.000,15.1777
2025-07-23T00:56:00.000,15.1653
2025-07-23T00:57:00.000,15.1487
2025-07-23T00:58:00.000,15.1129
2025-07-23T00:59:00.000,15.0770
2025-07-23T01:00:00.000,15.0426
2025-07-23T01:01:00.000,15.0095
2025-07-23T01:02:00.000,14.9819
2025-07-23T01:03:00.000,14.9571
2025-07-23T01:04:00.000,14.9364
2025-07-23T01:05:00.000,14.9074
2025-07-23T01:06:00.000,14.8619
2025-07-23T01:07:00.000,14.8219
2025-07-23T01:08:00.000,14.7846
2025-07-23T01:09:00.000,14.7460
2025-07-23T01:10:00.000,14.7142
2025-07-23T01:11:00.000,14.6838
2025-07-23T01:12:00.000,14.6521
2025-07-23T01:13:00.000,14.6175
2025-07-23T01:14:00.000,14.5968
2025-07-23T01:15:00.000,14.5498
2025-07-23T01:16:00.000,14.5153
2025-07-23T01:17:00.000,14.4862
2025-07-23T01:18:00.000,14.4531
2025-07-23T01:19:00.000,14.4475
2025-07-23T01:20:00.000,14.4379
2025-07-23T01:21:00.000,14.4254
2025-07-23T01:22:00.000,14.4157
2025-07-23T01:23:00.000,14.4061
2025-07-23T01:24:00.000,14.4005
2025-07-23T01:25:00.000,14.4005
2025-07-23T01:26:00.000,14.3991
2025-07-23T01:27:00.000,14.4171
2025-07-23T01:28:00.000,14.4406
2025-07-23T01:29:00.000,14.4475
2025-07-23T01:30:00.000,14.4586
2025-07-23T01:31:00.000,14.4669
2025-07-23T01:32:00.000,14.4766
2025-07-23T01:33:00.000,14.4959
2025-07-23T01:34:00.000,14.4876
2025-07-23T01:35:00.000,14.4448
2025-07-23T01:36:00.000,14.4171
2025-07-23T01:37:00.000,14.3853
2025-07-23T01:38:00.000,14.3770
2025-07-23T01:39:00.000,14.3770
2025-07-23T01:40:00.000,14.3853
2025-07-23T01:41:00.000,14.3881
2025-07-23T01:42:00.000,14.3784
2025-07-23T01:43:00.000,14.3715
2025-07-23T01:44:00.000,14.3494
2025-07-23T01:45:00.000,14.3355
2025-07-23T01:46:00.000,14.3217
2025-07-23T01:47:00.000,14.3009
2025-07-23T01:48:00.000,14.2899
2025-07-23T01:49:00.000,14.3286
2025-07-23T01:50:00.000,14.3922
2025-07-23T01:51:00.000,14.4558
2025-07-23T01:52:00.000,14.4959
2025-07-23T01:53:00.000,14.5291
2025-07-23T01:54:00.000,14.5415
2025-07-23T01:55:00.000,14.5402
2025-07-23T01:56:00.000,14.5484
2025-07-23T01:57:00.000,14.5788
2025-07-23T01:58:00.000,14.6037
2025-07-23T01:59:00.000,14.6092
2025-07-23T02:00:00.000,14.6079
2025-07-23T02:01:00.000,14.5899
2025-07-23T02:02:00.000,14.5526
2025-07-23T02:03:00.000,14.5056
2025-07-23T02:04:00.000,14.4669
2025-07-23T02:05:00.000,14.4199
2025-07-23T02:06:00.000,14.3660
2025-07-23T02:07:00.000,14.3494
2025-07-23T02:08:00.000,14.3134
2025-07-23T02:09:00.000,14.2843
2025-07-23T02:10:00.000,14.2553
2025-07-23T02:11:00.000,14.2373
2025-07-23T02:12:00.000,14.2539
2025-07-23T02:13:00.000,14.2885
2025-07-23T02:14:00.000,14.3341
2025-07-23T02:15:00.000,14.3604
2025-07-23T02:16:00.000,14.3853
2025-07-23T02:17:00.000,14.3936
2025-07-23T02:18:00.000,14.3826
2025-07-23T02:19:00.000,14.3660
2025-07-23T02:20:00.000,14.3231
2025-07-23T02:21:00.000,14.2747
2025-07-23T02:22:00.000,14.2290
2025-07-23T02:23:00.000,14.1930
2025-07-23T02:24:00.000,14.1459
2025-07-23T02:25:00.000,14.0988
2025-07-23T02:26:00.000,14.0656
2025-07-23T02:27:00.000,14.0240
2025-07-23T02:28:00.000,13.9852
2025-07-23T02:29:00.000,13.9506
2025-07-23T02:30:00.000,13.9090
2025-07-23T02:31:00.000,13.8743
2025-07-23T02:32:00.000,13.8355
2025-07-23T02:33:00.000,13.8078
2025-07-23T02:34:00.000,13.7786
2025-07-23T02:35:00.000,13.7786
2025-07-23T02:36:00.000,13.7717
2025-07-23T02:37:00.000,13.7661
2025-07-23T02:38:00.000,13.7745
2025-07-23T02:39:00.000,13.7550
2025-07-23T02:40:00.000,13.7564
2025-07-23T02:41:00.000,13.7703
2025-07-23T02:42:00.000,13.7661
2025-07-23T02:43:00.000,13.7620
2025-07-23T02:44:00.000,13.7717
2025-07-23T02:45:00.000,13.7717
2025-07-23T02:46:00.000,13.7675
2025-07-23T02:47:00.000,13.7717
2025-07-23T02:48:00.000,13.7800
2025-07-23T02:49:00.000,13.8175
2025-07-23T02:50:00.000,13.9062
2025-07-23T02:51:00.000,13.9949
2025-07-23T02:52:00.000,14.0933
2025-07-23T02:53:00.000,14.1985
2025-07-23T02:54:00.000,14.2747
2025-07-23T02:55:00.000,14.3507
2025-07-23T02:56:00.000,14.3991
2025-07-23T02:57:00.000,14.4627
2025-07-23T02:58:00.000,14.5222
2025-07-23T02:59:00.000,14.5733
2025-07-23T03:00:00.000,14.6244
2025-07-23T03:01:00.000,14.6479
2025-07-23T03:02:00.000,14.6755
2025-07-23T03:03:00.000,14.7087
2025-07-23T03:04:00.000,14.7252
2025-07-23T03:05:00.000,14.7335
2025-07-23T03:06:00.000,14.7391
2025-07-23T03:07:00.000,14.7667
2025-07-23T03:08:00.000,14.8039
2025-07-23T03:09:00.000,14.8550
2025-07-23T03:10:00.000,14.9088
2025-07-23T03:11:00.000,14.9654
2025-07-23T03:12:00.000,15.0053
2025-07-23T03:13:00.000,15.0343
2025-07-23T03:14:00.000,15.0509
2025-07-23T03:15:00.000,15.0729
2025-07-23T03:16:00.000,15.0936
2025-07-23T03:17:00.000,15.1404
2025-07-23T03:18:00.000,15.1804
2025-07-23T03:19:00.000,15.2190
2025-07-23T03:20:00.000,15.2479
2025-07-23T03:21:00.000,15.2603
2025-07-23T03:22:00.000,15.2700
2025-07-23T03:23:00.000,15.2755
2025-07-23T03:24:00.000,15.2727
2025-07-23T03:25:00.000,15.2686
2025-07-23T03:26:00.000,15.2700
2025-07-23T03:27:00.000,15.2452
2025-07-23T03:28:00.000,15.2397
2025-07-23T03:29:00.000,15.2369
2025-07-23T03:30:00.000,15.2410
2025-07-23T03:31:00.000,15.2479
2025-07-23T03:32:00.000,15.2465
2025-07-23T03:33:00.000,15.2341
2025-07-23T03:34:00.000,15.2259
2025-07-23T03:35:00.000,15.2176
2025-07-23T03:36:00.000,15.2011
2025-07-23T03:37:00.000,15.1653
2025-07-23T03:38:00.000,15.1253
2025-07-23T03:39:00.000,15.0826
2025-07-23T03:40:00.000,15.0564
2025-07-23T03:41:00.000,15.0371
2025-07-23T03:42:00.000,15.0260
2025-07-23T03:43:00.000,15.0260
2025-07-23T03:44:00.000,15.0302
2025-07-23T03:45:00.000,15.0315
2025-07-23T03:46:00.000,15.0343
2025-07-23T03:47:00.000,15.0357
2025-07-23T03:48:00.000,15.0343
2025-07-23T03:49:00.000,15.0260
2025-07-23T03:50:00.000,15.0067
2025-07-23T03:51:00.000,14.9957
2025-07-23T03:52:00.000,14.9902
2025-07-23T03:53:00.000,14.9916
2025-07-23T03:54:00.000,14.9943
2025-07-23T03:55:00.000,15.0040
2025-07-23T03:56:00.000,15.0260
2025-07-23T03:57:00.000,15.0550
2025-07-23T03:58:00.000,15.0812
2025-07-23T03:59:00.000,15.1005
2025-07-23T04:00:00.000,15.1253
2025-07-23T04:01:00.000,15.1363
2025-07-23T04:02:00.000,15.1570
2025-07-23T04:03:00.000,15.1790
2025-07-23T04:04:00.000,15.2011
2025-07-23T04:05:00.000,15.2231
2025-07-23T04:06:00.000,15.2493
2025-07-23T04:07:00.000,15.2769
2025-07-23T04:08:00.000,15.3044
2025-07-23T04:09:00.000,15.3292
2025-07-23T04:10:00.000,15.3622
2025-07-23T04:11:00.000,15.3801
2025-07-23T04:12:00.000,15.3967
2025-07-23T04:13:00.000,15.3884
2025-07-23T04:14:00.000,15.3870
2025-07-23T04:15:00.000,15.3843
2025-07-23T04:16:00.000,15.3953
2025-07-23T04:17:00.000,15.4008
2025-07-23T04:18:00.000,15.3994
2025-07-23T04:19:00.000,15.3980
2025-07-23T04:20:00.000,15.4090
2025-07-23T04:21:00.000,15.4476
2025-07-23T04:22:00.000,15.4889
2025-07-23T04:23:00.000,15.5233
2025-07-23T04:24:00.000,15.5687
2025-07-23T04:25:00.000,15.6058
2025-07-23T04:26:00.000,15.6485
2025-07-23T04:27:00.000,15.6925
2025-07-23T04:28:00.000,15.7379
2025-07-23T04:29:00.000,15.7791
2025-07-23T04:30:00.000,15.8121
2025-07-23T04:31:00.000,15.8396
2025-07-23T04:32:00.000,15.8602
2025-07-23T04:33:00.000,15.8795
2025-07-23T04:34:00.000,15.9015
2025-07-23T04:35:00.000,15.9234
2025-07-23T04:36:00.000,15.9454
2025-07-23T04:37:00.000,15.9605
2025-07-23T04:38:00.000,15.9784
2025-07-23T04:39:00.000,15.9908
2025-07-23T04:40:00.000,15.9990
2025-07-23T04:41:00.000,16.0045
2025-07-23T04:42:00.000,16.0031
2025-07-23T04:43:00.000,16.0018
2025-07-23T04:44:00.000,15.9963
2025-07-23T04:45:00.000,15.9963
2025-07-23T04:46:00.000,15.9908
2025-07-23T04:47:00.000,15.9866
2025-07-23T04:48:00.000,15.9921
2025-07-23T04:49:00.000,15.9963
2025-07-23T04:50:00.000,16.0004
2025-07-23T04:51:00.000,16.0100
2025-07-23T04:52:00.000,16.0127
2025-07-23T04:53:00.000,16.0155
2025-07-23T04:54:00.000,16.0182
2025-07-23T04:55:00.000,16.0210
2025-07-23T04:56:00.000,16.0237
2025-07-23T04:57:00.000,16.0292
2025-07-23T04:58:00.000,16.0361
2025-07-23T04:59:00.000,16.0416
2025-07-23T05:00:00.000,16.0457
2025-07-23T05:01:00.000,16.0471
2025-07-23T05:02:00.000,16.0457
2025-07-23T05:03:00.000,16.0430
2025-07-23T05:04:00.000,16.0402
2025-07-23T05:05:00.000,16.0361
2025-07-23T05:06:00.000,16.0306
2025-07-23T05:07:00.000,16.0251
2025-07-23T05:08:00.000,16.0210
2025-07-23T05:09:00.000,16.0114
2025-07-23T05:10:00.000,16.0018
2025-07-23T05:11:00.000,15.9935
2025-07-23T05:12:00.000,15.9880
2025-07-23T05:13:00.000,15.9825
2025-07-23T05:14:00.000,15.9784
2025-07-23T05:15:00.000,15.9715
2025-07-23T05:16:00.000,15.9674
2025-07-23T05:17:00.000,15.9647
2025-07-23T05:18:00.000,15.9605
2025-07-23T05:19:00.000,15.9564
2025-07-23T05:20:00.000,15.9509
2025-07-23T05:21:00.000,15.9468
2025-07-23T05:22:00.000,15.9413
2025-07-23T05:23:00.000,15.9372
2025-07-23T05:24:00.000,15.9331
2025-07-23T05:25:00.000,15.9317
2025-07-23T05:26:00.000,15.9262
2025-07-23T05:27:00.000,15.9207
2025-07-23T05:28:00.000,15.9152
2025-07-23T05:29:00.000,15.9124
2025-07-23T05:30:00.000,15.9070
2025-07-23T05:31:00.000,15.9028
2025-07-23T05:32:00.000,15.8973
2025-07-23T05:33:00.000,15.8905
2025-07-23T05:34:00.000,15.8836
2025-07-23T05:35:00.000,15.8753
2025-07-23T05:36:00.000,15.8657
2025-07-23T05:37:00.000,15.8575
2025-07-23T05:38:00.000,15.8492
2025-07-23T05:39:00.000,15.8341
2025-07-23T05:40:00.000,15.8217
2025-07-23T05:41:00.000,15.8121
2025-07-23T05:42:00.000,15.8080
2025-07-23T05:43:00.000,15.7984
2025-07-23T05:44:00.000,15.7901
2025-07-23T05:45:00.000,15.7846
2025-07-23T05:46:00.000,15.7722
2025-07-23T05:47:00.000,15.7544
2025-07-23T05:48:00.000,15.7255
2025-07-23T05:49:00.000,15.6677
2025-07-23T05:50:00.000,15.5591
2025-07-23T05:51:00.000,15.3430
2025-07-23T05:52:00.000,15.0412
2025-07-23T05:53:00.000,14.6742
2025-07-23T05:54:00.000,14.3189
2025-07-23T05:55:00.000,13.9991
2025-07-23T05:56:00.000,13.7190
2025-07-23T05:57:00.000,13.4662
2025-07-23T05:58:00.000,13.2659
2025-07-23T05:59:00.000,13.0849
2025-07-23T06:00:00.000,12.9385
2025-07-23T06:01:00.000,12.8102
2025-07-23T06:02:00.000,12.7013
2025-07-23T06:03:00.000,12.6132
2025-07-23T06:04:00.000,12.5350
2025-07-23T06:05:00.000,12.4678
2025-07-23T06:06:00.000,12.4020
2025-07-23T06:07:00.000,12.3362
2025-07-23T06:08:00.000,12.3166
2025-07-23T06:09:00.000,12.3222
2025-07-23T06:10:00.000,12.2928
2025-07-23T06:11:00.000,12.2690
2025-07-23T06:12:00.000,12.2410
2025-07-23T06:13:00.000,12.2144
2025-07-23T06:14:00.000,12.1905
2025-07-23T06:15:00.000,12.1639
2025-07-23T06:16:00.000,12.1443
2025-07-23T06:17:00.000,12.1246
2025-07-23T06:18:00.000,12.1120
2025-07-23T06:19:00.000,12.1120
2025-07-23T06:20:00.000,12.1134
2025-07-23T06:21:00.000,12.1176
2025-07-23T06:22:00.000,12.1330
2025-07-23T06:23:00.000,12.1288
2025-07-23T06:24:00.000,12.1134
2025-07-23T06:25:00.000,12.1204
2025-07-23T06:26:00.000,12.1330
2025-07-23T06:27:00.000,12.1358
2025-07-23T06:28:00.000,12.1527
2025-07-23T06:29:00.000,12.1779
2025-07-23T06:30:00.000,12.2410
2025-07-23T06:31:00.000,12.3068
2025-07-23T06:32:00.000,12.3726
2025-07-23T06:33:00.000,12.4454
2025-07-23T06:34:00.000,12.4804
2025-07-23T06:35:00.000,12.4972
2025-07-23T06:36:00.000,12.5000
2025-07-23T06:37:00.000,12.4916
2025-07-23T06:38:00.000,12.4916
2025-07-23T06:39:00.000,12.5140
2025-07-23T06:40:00.000,12.5951
2025-07-23T06:41:00.000,12.6985
2025-07-23T06:42:00.000,12.7753
2025-07-23T06:43:00.000,12.8604
2025-07-23T06:44:00.000,13.0208
2025-07-23T06:45:00.000,13.3035
2025-07-23T06:46:00.000,13.7065
2025-07-23T06:47:00.000,14.1764
2025-07-23T06:48:00.000,14.6410
2025-07-23T06:49:00.000,15.1363
2025-07-23T06:50:00.000,15.5825
2025-07-23T06:51:00.000,15.9688
2025-07-23T06:52:00.000,16.3862
2025-07-23T06:53:00.000,16.7770
2025-07-23T06:54:00.000,17.1265
2025-07-23T06:55:00.000,17.4660
2025-07-23T06:56:00.000,17.7794
2025-07-23T06:57:00.000,18.0571
2025-07-23T06:58:00.000,18.2622
2025-07-23T06:59:00.000,18.5261
2025-07-23T07:00:00.000,18.7517
2025-07-23T07:01:00.000,18.8761
2025-07-23T07:02:00.000,19.0210
2025-07-23T07:03:00.000,19.2233
2025-07-23T07:04:00.000,19.4311
2025-07-23T07:05:00.000,19.6197
2025-07-23T07:06:00.000,19.8494
2025-07-23T07:07:00.000,20.0942
2025-07-23T07:08:00.000,20.3664
2025-07-23T07:09:00.000,20.5744
2025-07-23T07:10:00.000,20.7208
2025-07-23T07:11:00.000,20.7920
2025-07-23T07:12:00.000,20.8317
2025-07-23T07:13:00.000,21.0084
2025-07-23T07:14:00.000,21.2454
2025-07-23T07:15:00.000,21.4537
2025-07-23T07:16:00.000,21.5922
2025-07-23T07:17:00.000,21.6059
2025-07-23T07:18:00.000,21.5812
2025-07-23T07:19:00.000,21.7060
2025-07-23T07:20:00.000,21.8926
2025-07-23T07:21:00.000,22.0216
2025-07-23T07:22:00.000,22.1658
2025-07-23T07:23:00.000,22.1672
2025-07-23T07:24:00.000,22.0862
2025-07-23T07:25:00.000,22.0711
2025-07-23T07:26:00.000,22.0752
2025-07-23T07:27:00.000,22.2441
2025-07-23T07:28:00.000,22.4379
2025-07-23T07:29:00.000,22.6112
2025-07-23T07:30:00.000,22.7915
2025-07-23T07:31:00.000,23.0104
2025-07-23T07:32:00.000,23.1276
2025-07-23T07:33:00.000,23.1910
2025-07-23T07:34:00.000,23.2227
2025-07-23T07:35:00.000,23.1262
2025-07-23T07:36:00.000,22.9044
2025-07-23T07:37:00.000,22.8066
2025-07-23T07:38:00.000,22.6470
2025-07-23T07:39:00.000,22.5356
2025-07-23T07:40:00.000,22.5892
2025-07-23T07:41:00.000,22.5479
2025-07-23T07:42:00.000,22.6470
2025-07-23T07:43:00.000,22.8190
2025-07-23T07:44:00.000,23.0270
2025-07-23T07:45:00.000,23.3165
2025-07-23T07:46:00.000,23.4558
2025-07-23T07:47:00.000,23.4186
2025-07-23T07:48:00.000,23.2889
2025-07-23T07:49:00.000,23.2185
2025-07-23T07:50:00.000,23.2020
2025-07-23T07:51:00.000,23.1303
2025-07-23T07:52:00.000,23.0421
2025-07-23T07:53:00.000,22.9402
2025-07-23T07:54:00.000,22.8039
2025-07-23T07:55:00.000,22.6951
2025-07-23T07:56:00.000,22.5933
2025-07-23T07:57:00.000,22.4792
2025-07-23T07:58:00.000,22.3747
2025-07-23T07:59:00.000,22.2538
2025-07-23T08:00:00.000,22.1700
2025-07-23T08:01:00.000,22.1274
2025-07-23T08:02:00.000,22.1068
2025-07-23T08:03:00.000,22.1082
2025-07-23T08:04:00.000,22.1384
2025-07-23T08:05:00.000,22.1411
2025-07-23T08:06:00.000,22.1521
2025-07-23T08:07:00.000,22.1837
2025-07-23T08:08:00.000,22.1947
2025-07-23T08:09:00.000,22.1906
2025-07-23T08:10:00.000,22.1988
2025-07-23T08:11:00.000,22.2084
2025-07-23T08:12:00.000,22.1713
2025-07-23T08:13:00.000,22.0862
2025-07-23T08:14:00.000,22.1562
2025-07-23T08:15:00.000,22.3307
2025-07-23T08:16:00.000,22.3500
2025-07-23T08:17:00.000,22.1892
2025-07-23T08:18:00.000,21.7911
2025-07-23T08:19:00.000,21.4098
2025-07-23T08:20:00.000,21.1988
2025-07-23T08:21:00.000,21.2097
2025-07-23T08:22:00.000,21.2714
2025-07-23T08:23:00.000,21.2645
2025-07-23T08:24:00.000,21.2481
2025-07-23T08:25:00.000,21.1358
2025-07-23T08:26:00.000,20.8783
2025-07-23T08:27:00.000,20.5812
2025-07-23T08:28:00.000,20.2693
2025-07-23T08:29:00.000,19.9493
2025-07-23T08:30:00.000,19.9110
2025-07-23T08:31:00.000,20.1270
2025-07-23T08:32:00.000,20.4116
2025-07-23T08:33:00.000,20.6497
2025-07-23T08:34:00.000,20.8673
2025-07-23T08:35:00.000,21.0330
2025-07-23T08:36:00.000,21.1645
2025-07-23T08:37:00.000,21.2577
2025-07-23T08:38:00.000,21.2700
2025-07-23T08:39:00.000,21.2508
2025-07-23T08:40:00.000,21.2755
2025-07-23T08:41:00.000,21.3344
2025-07-23T08:42:00.000,21.3673
2025-07-23T08:43:00.000,21.4153
2025-07-23T08:44:00.000,21.5017
2025-07-23T08:45:00.000,21.5716
2025-07-23T08:46:00.000,21.5785
2025-07-23T08:47:00.000,21.5497
2025-07-23T08:48:00.000,21.5154
2025-07-23T08:49:00.000,21.4222
2025-07-23T08:50:00.000,21.2810
2025-07-23T08:51:00.000,20.9399
2025-07-23T08:52:00.000,20.4280
2025-07-23T08:53:00.000,19.8453
2025-07-23T08:54:00.000,19.2780
2025-07-23T08:55:00.000,18.8091
2025-07-23T08:56:00.000,18.3839
2025-07-23T08:57:00.000,18.0270
2025-07-23T08:58:00.000,17.7151
2025-07-23T08:59:00.000,17.4099
2025-07-23T09:00:00.000,17.1552
2025-07-23T09:01:00.000,16.9415
2025-07-23T09:02:00.000,16.7757
2025-07-23T09:03:00.000,16.6249
2025-07-23T09:04:00.000,16.4836
2025-07-23T09:05:00.000,16.3629
2025-07-23T09:06:00.000,16.2750
2025-07-23T09:07:00.000,16.2036
2025-07-23T09:08:00.000,16.1364
2025-07-23T09:09:00.000,16.1048
2025-07-23T09:10:00.000,16.0883
2025-07-23T09:11:00.000,16.1048
2025-07-23T09:12:00.000,16.1556
2025-07-23T09:13:00.000,16.1981
2025-07-23T09:14:00.000,16.2325
2025-07-23T09:15:00.000,16.2531
2025-07-23T09:16:00.000,16.2736
2025-07-23T09:17:00.000,16.2915
2025-07-23T09:18:00.000,16.2627
2025-07-23T09:19:00.000,16.2338
2025-07-23T09:20:00.000,16.2064
2025-07-23T09:21:00.000,16.1528
2025-07-23T09:22:00.000,16.0965
2025-07-23T09:23:00.000,16.0485
2025-07-23T09:24:00.000,16.0402
2025-07-23T09:25:00.000,16.0402
2025-07-23T09:26:00.000,16.0553
2025-07-23T09:27:00.000,16.0691
2025-07-23T09:28:00.000,16.0471
2025-07-23T09:29:00.000,16.0677
2025-07-23T09:30:00.000,16.0787
2025-07-23T09:31:00.000,16.0869
2025-07-23T09:32:00.000,16.1048
2025-07-23T09:33:00.000,16.1171
2025-07-23T09:34:00.000,16.1515
2025-07-23T09:35:00.000,16.1721
2025-07-23T09:36:00.000,16.1624
2025-07-23T09:37:00.000,16.1721
2025-07-23T09:38:00.000,16.2009
2025-07-23T09:39:00.000,16.2105
2025-07-23T09:40:00.000,16.2215
2025-07-23T09:41:00.000,16.3135
2025-07-23T09:42:00.000,16.4671
2025-07-23T09:43:00.000,16.6084
2025-07-23T09:44:00.000,16.7990
2025-07-23T09:45:00.000,17.1045
2025-07-23T09:46:00.000,17.5304
2025-07-23T09:47:00.000,17.9928
2025-07-23T09:48:00.000,18.4468
2025-07-23T09:49:00.000,18.9021
2025-07-23T09:50:00.000,19.3258
2025-07-23T09:51:00.000,19.6744
2025-07-23T09:52:00.000,19.9643
2025-07-23T09:53:00.000,20.2638
2025-07-23T09:54:00.000,20.6086
2025-07-23T09:55:00.000,20.9221
2025-07-23T09:56:00.000,21.2495
2025-07-23T09:57:00.000,21.5017
2025-07-23T09:58:00.000,21.6841
2025-07-23T09:59:00.000,21.7787
2025-07-23T10:00:00.000,21.8816
2025-07-23T10:01:00.000,22.0313
2025-07-23T10:02:00.000,22.1082
2025-07-23T10:03:00.000,22.1205
2025-07-23T10:04:00.000,22.0930
2025-07-23T10:05:00.000,22.1095
2025-07-23T10:06:00.000,22.1466
2025-07-23T10:07:00.000,22.1988
2025-07-23T10:08:00.000,22.2455
2025-07-23T10:09:00.000,22.3060
2025-07-23T10:10:00.000,22.3458
2025-07-23T10:11:00.000,22.3953
2025-07-23T10:12:00.000,22.4805
2025-07-23T10:13:00.000,22.5644
2025-07-23T10:14:00.000,22.6965
2025-07-23T10:15:00.000,22.7997
2025-07-23T10:16:00.000,22.8025
2025-07-23T10:17:00.000,22.7213
2025-07-23T10:18:00.000,22.6043
2025-07-23T10:19:00.000,22.5232
2025-07-23T10:20:00.000,22.4077
2025-07-23T10:21:00.000,22.2661
2025-07-23T10:22:00.000,22.0985
2025-07-23T10:23:00.000,21.9722
2025-07-23T10:24:00.000,21.8501
2025-07-23T10:25:00.000,21.7307
2025-07-23T10:26:00.000,21.7334
2025-07-23T10:27:00.000,21.8062
2025-07-23T10:28:00.000,21.9393
2025-07-23T10:29:00.000,22.1315
2025-07-23T10:30:00.000,22.2496
2025-07-23T10:31:00.000,22.3994
2025-07-23T10:32:00.000,22.4750
2025-07-23T10:33:00.000,22.4379
2025-07-23T10:34:00.000,22.3390
2025-07-23T10:35:00.000,22.2744
2025-07-23T10:36:00.000,22.2771
2025-07-23T10:37:00.000,22.4503
2025-07-23T10:38:00.000,22.6346
2025-07-23T10:39:00.000,22.6896
2025-07-23T10:40:00.000,22.8754
2025-07-23T10:41:00.000,23.1220
2025-07-23T10:42:00.000,23.2337
2025-07-23T10:43:00.000,23.3344
2025-07-23T10:44:00.000,23.4379
2025-07-23T10:45:00.000,23.6547
2025-07-23T10:46:00.000,23.7182
2025-07-23T10:47:00.000,23.7417
2025-07-23T10:48:00.000,24.0751
2025-07-23T10:49:00.000,24.1817
2025-07-23T10:50:00.000,24.3729
2025-07-23T10:51:00.000,24.5602
2025-07-23T10:52:00.000,24.7268
2025-07-23T10:53:00.000,24.8908
2025-07-23T10:54:00.000,25.2150
2025-07-23T10:55:00.000,25.7466
2025-07-23T10:56:00.000,26.0237
2025-07-23T10:57:00.000,26.1469
2025-07-23T10:58:00.000,26.1694
2025-07-23T10:59:00.000,26.4486
2025-07-23T11:00:00.000,26.5975
2025-07-23T11:01:00.000,26.6552
2025-07-23T11:02:00.000,26.6074
2025-07-23T11:03:00.000,26.5694
2025-07-23T11:04:00.000,26.7424
2025-07-23T11:05:00.000,26.8354
2025-07-23T11:06:00.000,26.9199
2025-07-23T11:07:00.000,27.1343
2025-07-23T11:08:00.000,27.2078
2025-07-23T11:09:00.000,27.2106
2025-07-23T11:10:00.000,27.1541
2025-07-23T11:11:00.000,27.1654
2025-07-23T11:12:00.000,27.1583
2025-07-23T11:13:00.000,27.3222
2025-07-23T11:14:00.000,27.1372
2025-07-23T11:15:00.000,27.0878
2025-07-23T11:16:00.000,27.1442
2025-07-23T11:17:00.000,27.1357
2025-07-23T11:18:00.000,27.0623
2025-07-23T11:19:00.000,27.1936
2025-07-23T11:20:00.000,27.3477
2025-07-23T11:21:00.000,27.4057
2025-07-23T11:22:00.000,27.3675
2025-07-23T11:23:00.000,27.3180
2025-07-23T11:24:00.000,27.0849
2025-07-23T11:25:00.000,26.8072
2025-07-23T11:26:00.000,26.6777
2025-07-23T11:27:00.000,26.6130
2025-07-23T11:28:00.000,26.5315
2025-07-23T11:29:00.000,26.5343
2025-07-23T11:30:00.000,26.4851
2025-07-23T11:31:00.000,26.4359
2025-07-23T11:32:00.000,26.3798
2025-07-23T11:33:00.000,26.2745
2025-07-23T11:34:00.000,26.0895
2025-07-23T11:35:00.000,25.8361
2025-07-23T11:36:00.000,25.5748
2025-07-23T11:37:00.000,25.3516
2025-07-23T11:38:00.000,25.2526
2025-07-23T11:39:00.000,25.1816
2025-07-23T11:40:00.000,25.0632
2025-07-23T11:41:00.000,24.9561
2025-07-23T11:42:00.000,24.8254
2025-07-23T11:43:00.000,24.7143
2025-07-23T11:44:00.000,24.5824
2025-07-23T11:45:00.000,24.4034
2025-07-23T11:46:00.000,24.2800
2025-07-23T11:47:00.000,24.2593
2025-07-23T11:48:00.000,24.2856
2025-07-23T11:49:00.000,24.2149
2025-07-23T11:50:00.000,24.1928
2025-07-23T11:51:00.000,24.2787
2025-07-23T11:52:00.000,24.2828
2025-07-23T11:53:00.000,24.2260
2025-07-23T11:54:00.000,24.2191
2025-07-23T11:55:00.000,24.1858
2025-07-23T11:56:00.000,24.1221
2025-07-23T11:57:00.000,24.1554
2025-07-23T11:58:00.000,24.2052
2025-07-23T11:59:00.000,24.2218
2025-07-23T12:00:00.000,24.1955
2025-07-23T12:01:00.000,24.2108
2025-07-23T12:02:00.000,24.2108
2025-07-23T12:03:00.000,24.2094
2025-07-23T12:04:00.000,24.1678
2025-07-23T12:05:00.000,24.1567
2025-07-23T12:06:00.000,24.1235
2025-07-23T12:07:00.000,24.0986
2025-07-23T12:08:00.000,24.0418
2025-07-23T12:09:00.000,23.9298
2025-07-23T12:10:00.000,23.8814
2025-07-23T12:11:00.000,23.8482
2025-07-23T12:12:00.000,23.8136
2025-07-23T12:13:00.000,23.8274
2025-07-23T12:14:00.000,23.8495
2025-07-23T12:15:00.000,23.8772
2025-07-23T12:16:00.000,23.8067
2025-07-23T12:17:00.000,23.6768
2025-07-23T12:18:00.000,23.5538
2025-07-23T12:19:00.000,23.4117
2025-07-23T12:20:00.000,23.2503
2025-07-23T12:21:00.000,23.0876
2025-07-23T12:22:00.000,22.9843
2025-07-23T12:23:00.000,22.9099
2025-07-23T12:24:00.000,22.8341
2025-07-23T12:25:00.000,22.7185
2025-07-23T12:26:00.000,22.6704
2025-07-23T12:27:00.000,22.6786
2025-07-23T12:28:00.000,22.6841
2025-07-23T12:29:00.000,22.6800
2025-07-23T12:30:00.000,22.7378
2025-07-23T12:31:00.000,22.7626
2025-07-23T12:32:00.000,22.7350
2025-07-23T12:33:00.000,22.6965
2025-07-23T12:34:00.000,22.6525
2025-07-23T12:35:00.000,22.5864
2025-07-23T12:36:00.000,22.5053
2025-07-23T12:37:00.000,22.3486
2025-07-23T12:38:00.000,22.2675
2025-07-23T12:39:00.000,22.1988
2025-07-23T12:40:00.000,22.1411
2025-07-23T12:41:00.000,22.0175
2025-07-23T12:42:00.000,21.9585
2025-07-23T12:43:00.000,21.9297
2025-07-23T12:44:00.000,21.9201
2025-07-23T12:45:00.000,21.8967
2025-07-23T12:46:00.000,21.8940
2025-07-23T12:47:00.000,21.9406
2025-07-23T12:48:00.000,22.0010
2025-07-23T12:49:00.000,22.0958
2025-07-23T12:50:00.000,22.2263
2025-07-23T12:51:00.000,22.3376
2025-07-23T12:52:00.000,22.3513
2025-07-23T12:53:00.000,22.4022
2025-07-23T12:54:00.000,22.4778
