------------------------------,--------------------
www.electricblue.eu, Portugal
------------------------------,--------------------
EnvLogger version, T2.4
EnvLogger Viewer version, 1.18
downloading device type, iphone
device, iPhone
downloading mode, manual
------------------------------,--------------------
serial number, 042A 9E00 EA0E 01
custom name, 96
temperature, degrees Celsius
time zone, UTC+0000
sampling resolution, 0.1
samples, 4841
time diff [logger-smartphone](sec), 47
lat, 48.596816
long, -123.144764
accuracy (m), 13.6
------------------------------,--------------------
time,temp
2025-06-24 00:10:01,23.0
2025-06-24 00:15:01,22.8
2025-06-24 00:20:01,22.8
2025-06-24 00:25:01,22.7
2025-06-24 00:30:01,22.6
2025-06-24 00:35:01,22.6
2025-06-24 00:40:01,22.5
2025-06-24 00:45:01,22.4
2025-06-24 00:50:01,22.3
2025-06-24 00:55:01,22.2
2025-06-24 01:00:01,22.2
2025-06-24 01:05:01,22.2
2025-06-24 01:10:01,22.1
2025-06-24 01:15:01,22.0
2025-06-24 01:20:01,22.1
2025-06-24 01:25:01,21.9
2025-06-24 01:30:01,21.9
2025-06-24 01:35:01,21.9
2025-06-24 01:40:01,21.8
2025-06-24 01:45:01,21.8
2025-06-24 01:50:01,21.7
2025-06-24 01:55:01,21.6
2025-06-24 02:00:01,21.7
2025-06-24 02:05:01,21.7
2025-06-24 02:10:01,21.8
2025-06-24 02:15:01,21.7
2025-06-24 02:20:01,21.6
2025-06-24 02:25:01,21.7
2025-06-24 02:30:01,21.7
2025-06-24 02:35:01,21.7
2025-06-24 02:40:01,21.8
2025-06-24 02:45:01,21.9
2025-06-24 02:50:01,21.9
2025-06-24 02:55:01,21.9
2025-06-24 03:00:01,21.8
2025-06-24 03:05:01,21.9
2025-06-24 03:10:01,22.0
2025-06-24 03:15:01,21.9
2025-06-24 03:20:01,21.9
2025-06-24 03:25:01,21.9
2025-06-24 03:30:01,21.9
2025-06-24 03:35:01,21.9
2025-06-24 03:40:01,21.9
2025-06-24 03:45:01,21.9
2025-06-24 03:50:01,22.0
2025-06-24 03:55:01,21.9
2025-06-24 04:00:01,22.0
2025-06-24 04:05:01,22.0
2025-06-24 04:10:01,22.0
2025-06-24 04:15:01,22.0
2025-06-24 04:20:01,21.9
2025-06-24 04:25:01,21.9
2025-06-24 04:30:01,21.9
2025-06-24 04:35:01,21.9
2025-06-24 04:40:01,21.9
2025-06-24 04:45:01,21.9
2025-06-24 04:50:01,21.8
2025-06-24 04:55:01,21.8
2025-06-24 05:00:01,21.6
2025-06-24 05:05:01,21.7
2025-06-24 05:10:01,21.6
2025-06-24 05:15:01,21.6
2025-06-24 05:20:01,21.5
2025-06-24 05:25:01,21.5
2025-06-24 05:30:01,21.4
2025-06-24 05:35:01,21.3
2025-06-24 05:40:01,21.3
2025-06-24 05:45:01,21.2
2025-06-24 05:50:01,21.2
2025-06-24 05:55:01,21.1
2025-06-24 06:00:01,21.0
2025-06-24 06:05:01,20.9
2025-06-24 06:10:01,20.9
2025-06-24 06:15:01,20.8
2025-06-24 06:20:01,20.7
2025-06-24 06:25:01,20.6
2025-06-24 06:30:01,20.6
2025-06-24 06:35:01,20.5
2025-06-24 06:40:01,20.4
2025-06-24 06:45:01,20.4
2025-06-24 06:50:01,20.3
2025-06-24 06:55:01,20.2
2025-06-24 07:00:01,20.1
2025-06-24 07:05:01,20.0
2025-06-24 07:10:01,20.0
2025-06-24 07:15:01,19.9
2025-06-24 07:20:01,19.9
2025-06-24 07:25:01,19.8
2025-06-24 07:30:01,19.6
2025-06-24 07:35:01,19.6
2025-06-24 07:40:01,19.5
2025-06-24 07:45:01,19.4
2025-06-24 07:50:01,19.3
2025-06-24 07:55:01,19.3
2025-06-24 08:00:01,19.2
2025-06-24 08:05:01,19.1
2025-06-24 08:10:01,19.0
2025-06-24 08:15:01,18.9
2025-06-24 08:20:01,18.8
2025-06-24 08:25:01,18.8
2025-06-24 08:30:01,18.7
2025-06-24 08:35:01,18.6
2025-06-24 08:40:01,18.6
2025-06-24 08:45:01,18.5
2025-06-24 08:50:01,18.4
2025-06-24 08:55:01,18.4
2025-06-24 09:00:01,18.2
2025-06-24 09:05:01,18.1
2025-06-24 09:10:01,18.1
2025-06-24 09:15:01,18.0
2025-06-24 09:20:01,17.9
2025-06-24 09:25:01,17.8
2025-06-24 09:30:01,17.7
2025-06-24 09:35:01,17.7
2025-06-24 09:40:01,17.6
2025-06-24 09:45:01,17.5
2025-06-24 09:50:01,17.4
2025-06-24 09:55:01,17.4
2025-06-24 10:00:01,17.2
2025-06-24 10:05:01,17.2
2025-06-24 10:10:01,17.1
2025-06-24 10:15:01,17.0
2025-06-24 10:20:01,16.9
2025-06-24 10:25:01,16.9
2025-06-24 10:30:01,16.8
2025-06-24 10:35:01,16.7
2025-06-24 10:40:01,16.6
2025-06-24 10:45:01,16.5
2025-06-24 10:50:01,16.4
2025-06-24 10:55:01,16.4
2025-06-24 11:00:01,16.3
2025-06-24 11:05:01,16.3
2025-06-24 11:10:01,16.2
2025-06-24 11:15:01,16.1
2025-06-24 11:20:01,16.1
2025-06-24 11:25:01,16.0
2025-06-24 11:30:01,15.9
2025-06-24 11:35:01,15.8
2025-06-24 11:40:01,15.7
2025-06-24 11:45:01,15.7
2025-06-24 11:50:01,15.6
2025-06-24 11:55:01,15.5
2025-06-24 12:00:01,15.5
2025-06-24 12:05:01,15.4
2025-06-24 12:10:01,15.3
2025-06-24 12:15:01,15.2
2025-06-24 12:20:01,15.1
2025-06-24 12:25:01,15.2
2025-06-24 12:30:01,15.1
2025-06-24 12:35:01,15.0
2025-06-24 12:40:01,14.9
2025-06-24 12:45:01,14.9
2025-06-24 12:50:01,14.8
2025-06-24 12:55:01,14.8
2025-06-24 13:00:01,14.7
2025-06-24 13:05:01,14.7
2025-06-24 13:10:01,14.6
2025-06-24 13:15:01,14.5
2025-06-24 13:20:01,14.5
2025-06-24 13:25:01,14.4
2025-06-24 13:30:01,14.4
2025-06-24 13:35:01,14.3
2025-06-24 13:40:01,14.2
2025-06-24 13:45:01,14.2
2025-06-24 13:50:01,14.1
2025-06-24 13:55:01,14.1
2025-06-24 14:00:01,14.0
2025-06-24 14:05:01,14.0
2025-06-24 14:10:01,14.0
2025-06-24 14:15:01,13.9
2025-06-24 14:20:01,13.9
2025-06-24 14:25:01,13.8
2025-06-24 14:30:01,13.9
2025-06-24 14:35:01,13.7
2025-06-24 14:40:01,13.7
2025-06-24 14:45:01,13.7
2025-06-24 14:50:01,13.7
2025-06-24 14:55:01,13.6
2025-06-24 15:00:01,13.6
2025-06-24 15:05:01,13.5
2025-06-24 15:10:01,13.5
2025-06-24 15:15:01,13.6
2025-06-24 15:20:01,13.6
2025-06-24 15:25:01,13.6
2025-06-24 15:30:01,13.5
2025-06-24 15:35:01,13.5
2025-06-24 15:40:01,13.5
2025-06-24 15:45:01,13.5
2025-06-24 15:50:01,13.6
2025-06-24 15:55:01,13.6
2025-06-24 16:00:01,13.6
2025-06-24 16:05:01,13.7
2025-06-24 16:10:01,13.9
2025-06-24 16:15:01,14.2
2025-06-24 16:20:01,14.5
2025-06-24 16:25:01,15.0
2025-06-24 16:30:01,15.4
2025-06-24 16:35:01,15.8
2025-06-24 16:40:01,16.5
2025-06-24 16:45:01,16.7
2025-06-24 16:50:01,17.2
2025-06-24 16:55:01,17.6
2025-06-24 17:00:01,18.2
2025-06-24 17:05:01,19.1
2025-06-24 17:10:01,20.6
2025-06-24 17:15:01,22.3
2025-06-24 17:20:01,23.7
2025-06-24 17:25:01,30.2
2025-06-24 17:30:01,36.6
2025-06-24 17:35:01,40.6
2025-06-24 17:40:01,43.9
2025-06-24 17:45:01,46.5
2025-06-24 17:50:01,47.1
2025-06-24 17:55:01,46.0
2025-06-24 18:00:01,42.0
2025-06-24 18:05:01,38.5
2025-06-24 18:10:01,37.7
2025-06-24 18:15:01,37.8
2025-06-24 18:20:01,37.8
2025-06-24 18:25:01,36.0
2025-06-24 18:30:01,34.3
2025-06-24 18:35:01,36.4
2025-06-24 18:40:01,37.7
2025-06-24 18:45:01,38.3
2025-06-24 18:50:01,39.6
2025-06-24 18:55:01,39.2
2025-06-24 19:00:01,37.7
2025-06-24 19:05:01,35.9
2025-06-24 19:10:01,34.2
2025-06-24 19:15:01,32.9
2025-06-24 19:20:01,34.0
2025-06-24 19:25:01,36.1
2025-06-24 19:30:01,38.2
2025-06-24 19:35:01,37.4
2025-06-24 19:40:01,34.2
2025-06-24 19:45:01,32.0
2025-06-24 19:50:01,31.0
2025-06-24 19:55:01,30.6
2025-06-24 20:00:01,30.2
2025-06-24 20:05:01,31.0
2025-06-24 20:10:01,32.6
2025-06-24 20:15:01,33.3
2025-06-24 20:20:01,32.8
2025-06-24 20:25:01,31.4
2025-06-24 20:30:01,28.1
2025-06-24 20:35:01,28.8
2025-06-24 20:40:01,29.3
2025-06-24 20:45:01,29.2
2025-06-24 20:50:01,27.4
2025-06-24 20:55:01,26.9
2025-06-24 21:00:01,27.5
2025-06-24 21:05:01,28.6
2025-06-24 21:10:01,30.2
2025-06-24 21:15:01,27.4
2025-06-24 21:20:01,26.3
2025-06-24 21:25:01,24.6
2025-06-24 21:30:01,23.0
2025-06-24 21:35:01,22.4
2025-06-24 21:40:01,22.6
2025-06-24 21:45:01,22.7
2025-06-24 21:50:01,22.3
2025-06-24 21:55:01,21.6
2025-06-24 22:00:01,17.5
2025-06-24 22:05:01,15.6
2025-06-24 22:10:01,15.6
2025-06-24 22:15:01,15.8
2025-06-24 22:20:01,15.0
2025-06-24 22:25:01,14.5
2025-06-24 22:30:01,13.7
2025-06-24 22:35:01,13.4
2025-06-24 22:40:01,13.3
2025-06-24 22:45:01,14.4
2025-06-24 22:50:01,15.8
2025-06-24 22:55:01,15.0
2025-06-24 23:00:01,14.5
2025-06-24 23:05:01,14.0
2025-06-24 23:10:01,14.4
2025-06-24 23:15:01,14.9
2025-06-24 23:20:01,14.9
2025-06-24 23:25:01,13.6
2025-06-24 23:30:01,12.6
2025-06-24 23:35:01,12.2
2025-06-24 23:40:01,12.9
2025-06-24 23:45:01,13.5
2025-06-24 23:50:01,13.4
2025-06-24 23:55:01,13.4
2025-06-25 00:00:01,13.2
2025-06-25 00:05:01,12.5
2025-06-25 00:10:01,12.5
2025-06-25 00:15:01,12.8
2025-06-25 00:20:01,12.3
2025-06-25 00:25:01,12.5
2025-06-25 00:30:01,12.4
2025-06-25 00:35:01,12.3
2025-06-25 00:40:01,12.2
2025-06-25 00:45:01,12.1
2025-06-25 00:50:01,12.1
2025-06-25 00:55:01,12.1
2025-06-25 01:00:01,12.0
2025-06-25 01:05:01,11.9
2025-06-25 01:10:01,11.8
2025-06-25 01:15:01,11.6
2025-06-25 01:20:01,11.6
2025-06-25 01:25:01,11.6
2025-06-25 01:30:01,11.5
2025-06-25 01:35:01,11.4
2025-06-25 01:40:01,11.5
2025-06-25 01:45:01,11.6
2025-06-25 01:50:01,11.7
2025-06-25 01:55:01,11.5
2025-06-25 02:00:01,11.4
2025-06-25 02:05:01,11.5
2025-06-25 02:10:01,11.6
2025-06-25 02:15:01,11.6
2025-06-25 02:20:01,11.6
2025-06-25 02:25:01,11.6
2025-06-25 02:30:01,11.5
2025-06-25 02:35:01,11.4
2025-06-25 02:40:01,11.4
2025-06-25 02:45:01,11.4
2025-06-25 02:50:01,11.5
2025-06-25 02:55:01,11.5
2025-06-25 03:00:01,11.5
2025-06-25 03:05:01,11.4
2025-06-25 03:10:01,11.4
2025-06-25 03:15:01,11.3
2025-06-25 03:20:01,11.3
2025-06-25 03:25:01,11.3
2025-06-25 03:30:01,11.2
2025-06-25 03:35:01,11.3
2025-06-25 03:40:01,11.3
2025-06-25 03:45:01,11.3
2025-06-25 03:50:01,11.2
2025-06-25 03:55:01,11.3
2025-06-25 04:00:01,11.3
2025-06-25 04:05:01,11.3
2025-06-25 04:10:01,11.3
2025-06-25 04:15:01,11.3
2025-06-25 04:20:01,11.3
2025-06-25 04:25:01,11.3
2025-06-25 04:30:01,11.2
2025-06-25 04:35:01,11.2
2025-06-25 04:40:01,11.2
2025-06-25 04:45:01,11.2
2025-06-25 04:50:01,11.2
2025-06-25 04:55:01,11.3
2025-06-25 05:00:01,11.2
2025-06-25 05:05:01,11.2
2025-06-25 05:10:01,11.2
2025-06-25 05:15:01,11.3
2025-06-25 05:20:01,11.1
2025-06-25 05:25:01,11.1
2025-06-25 05:30:01,11.1
2025-06-25 05:35:01,11.1
2025-06-25 05:40:01,11.1
2025-06-25 05:45:01,11.1
2025-06-25 05:50:01,11.1
2025-06-25 05:55:01,11.1
2025-06-25 06:00:01,11.5
2025-06-25 06:05:01,12.1
2025-06-25 06:10:01,12.2
2025-06-25 06:15:01,11.9
2025-06-25 06:20:01,11.8
2025-06-25 06:25:01,11.5
2025-06-25 06:30:01,11.4
2025-06-25 06:35:01,11.3
2025-06-25 06:40:01,11.5
2025-06-25 06:45:01,11.8
2025-06-25 06:50:01,12.0
2025-06-25 06:55:01,12.1
2025-06-25 07:00:01,12.3
2025-06-25 07:05:01,12.4
2025-06-25 07:10:01,12.4
2025-06-25 07:15:01,12.3
2025-06-25 07:20:01,12.2
2025-06-25 07:25:01,12.2
2025-06-25 07:30:01,12.2
2025-06-25 07:35:01,12.2
2025-06-25 07:40:01,12.2
2025-06-25 07:45:01,12.1
2025-06-25 07:50:01,12.2
2025-06-25 07:55:01,12.2
2025-06-25 08:00:01,12.1
2025-06-25 08:05:01,12.1
2025-06-25 08:10:01,12.1
2025-06-25 08:15:01,12.0
2025-06-25 08:20:01,11.9
2025-06-25 08:25:01,11.9
2025-06-25 08:30:01,11.9
2025-06-25 08:35:01,11.9
2025-06-25 08:40:01,11.9
2025-06-25 08:45:01,12.0
2025-06-25 08:50:01,12.1
2025-06-25 08:55:01,12.1
2025-06-25 09:00:01,11.9
2025-06-25 09:05:01,11.8
2025-06-25 09:10:01,11.8
2025-06-25 09:15:01,11.9
2025-06-25 09:20:01,11.9
2025-06-25 09:25:01,11.8
2025-06-25 09:30:01,11.9
2025-06-25 09:35:01,11.9
2025-06-25 09:40:01,11.9
2025-06-25 09:45:01,11.5
2025-06-25 09:50:01,11.2
2025-06-25 09:55:01,11.0
2025-06-25 10:00:01,11.1
2025-06-25 10:05:01,10.9
2025-06-25 10:10:01,10.9
2025-06-25 10:15:01,10.9
2025-06-25 10:20:01,10.9
2025-06-25 10:25:01,11.6
2025-06-25 10:30:01,11.7
2025-06-25 10:35:01,11.9
2025-06-25 10:40:01,11.8
2025-06-25 10:45:01,11.5
2025-06-25 10:50:01,11.8
2025-06-25 10:55:01,11.9
2025-06-25 11:00:01,12.0
2025-06-25 11:05:01,12.0
2025-06-25 11:10:01,12.2
2025-06-25 11:15:01,12.2
2025-06-25 11:20:01,12.3
2025-06-25 11:25:01,12.3
2025-06-25 11:30:01,12.3
2025-06-25 11:35:01,12.4
2025-06-25 11:40:01,12.4
2025-06-25 11:45:01,12.5
2025-06-25 11:50:01,12.4
2025-06-25 11:55:01,12.5
2025-06-25 12:00:01,12.6
2025-06-25 12:05:01,12.7
2025-06-25 12:10:01,12.6
2025-06-25 12:15:01,12.6
2025-06-25 12:20:01,12.6
2025-06-25 12:25:01,12.6
2025-06-25 12:30:01,12.5
2025-06-25 12:35:01,12.4
2025-06-25 12:40:01,12.4
2025-06-25 12:45:01,12.4
2025-06-25 12:50:01,12.4
2025-06-25 12:55:01,12.4
2025-06-25 13:00:01,12.3
2025-06-25 13:05:01,12.3
2025-06-25 13:10:01,12.3
2025-06-25 13:15:01,12.2
2025-06-25 13:20:01,12.3
2025-06-25 13:25:01,12.4
2025-06-25 13:30:01,12.4
2025-06-25 13:35:01,12.6
2025-06-25 13:40:01,12.9
2025-06-25 13:45:01,13.0
2025-06-25 13:50:01,13.1
2025-06-25 13:55:01,13.0
2025-06-25 14:00:01,13.1
2025-06-25 14:05:01,13.0
2025-06-25 14:10:01,13.0
2025-06-25 14:15:01,13.2
2025-06-25 14:20:01,13.2
2025-06-25 14:25:01,13.2
2025-06-25 14:30:01,13.2
2025-06-25 14:35:01,13.2
2025-06-25 14:40:01,13.5
2025-06-25 14:45:01,13.4
2025-06-25 14:50:01,13.4
2025-06-25 14:55:01,13.5
2025-06-25 15:00:01,13.7
2025-06-25 15:05:01,14.0
2025-06-25 15:10:01,14.2
2025-06-25 15:15:01,14.4
2025-06-25 15:20:01,14.6
2025-06-25 15:25:01,15.0
2025-06-25 15:30:01,14.9
2025-06-25 15:35:01,14.8
2025-06-25 15:40:01,14.7
2025-06-25 15:45:01,14.8
2025-06-25 15:50:01,15.0
2025-06-25 15:55:01,14.9
2025-06-25 16:00:01,15.1
2025-06-25 16:05:01,15.4
2025-06-25 16:10:01,15.4
2025-06-25 16:15:01,15.5
2025-06-25 16:20:01,15.6
2025-06-25 16:25:01,16.0
2025-06-25 16:30:01,16.4
2025-06-25 16:35:01,16.8
2025-06-25 16:40:01,17.0
2025-06-25 16:45:01,17.6
2025-06-25 16:50:01,18.1
2025-06-25 16:55:01,18.4
2025-06-25 17:00:01,18.4
2025-06-25 17:05:01,18.0
2025-06-25 17:10:01,17.9
2025-06-25 17:15:01,18.0
2025-06-25 17:20:01,18.1
2025-06-25 17:25:01,18.3
2025-06-25 17:30:01,18.4
2025-06-25 17:35:01,18.4
2025-06-25 17:40:01,18.5
2025-06-25 17:45:01,18.4
2025-06-25 17:50:01,18.3
2025-06-25 17:55:01,18.1
2025-06-25 18:00:01,18.1
2025-06-25 18:05:01,18.2
2025-06-25 18:10:01,18.3
2025-06-25 18:15:01,19.0
2025-06-25 18:20:01,19.7
2025-06-25 18:25:01,20.4
2025-06-25 18:30:01,21.1
2025-06-25 18:35:01,21.6
2025-06-25 18:40:01,21.6
2025-06-25 18:45:01,22.5
2025-06-25 18:50:01,24.9
2025-06-25 18:55:01,27.5
2025-06-25 19:00:01,28.3
2025-06-25 19:05:01,27.8
2025-06-25 19:10:01,28.0
2025-06-25 19:15:01,27.9
2025-06-25 19:20:01,26.8
2025-06-25 19:25:01,26.6
2025-06-25 19:30:01,25.7
2025-06-25 19:35:01,25.1
2025-06-25 19:40:01,25.6
2025-06-25 19:45:01,29.2
2025-06-25 19:50:01,31.7
2025-06-25 19:55:01,34.0
2025-06-25 20:00:01,35.3
2025-06-25 20:05:01,33.7
2025-06-25 20:10:01,31.9
2025-06-25 20:15:01,30.5
2025-06-25 20:20:01,30.2
2025-06-25 20:25:01,30.3
2025-06-25 20:30:01,27.8
2025-06-25 20:35:01,27.2
2025-06-25 20:40:01,27.9
2025-06-25 20:45:01,29.0
2025-06-25 20:50:01,31.4
2025-06-25 20:55:01,31.2
2025-06-25 21:00:01,31.1
2025-06-25 21:05:01,31.3
2025-06-25 21:10:01,31.5
2025-06-25 21:15:01,31.7
2025-06-25 21:20:01,32.1
2025-06-25 21:25:01,32.3
2025-06-25 21:30:01,31.4
2025-06-25 21:35:01,31.5
2025-06-25 21:40:01,30.9
2025-06-25 21:45:01,30.8
2025-06-25 21:50:01,30.9
2025-06-25 21:55:01,30.9
2025-06-25 22:00:01,30.5
2025-06-25 22:05:01,29.8
2025-06-25 22:10:01,30.4
2025-06-25 22:15:01,28.6
2025-06-25 22:20:01,29.1
2025-06-25 22:25:01,28.7
2025-06-25 22:30:01,27.0
2025-06-25 22:35:01,25.6
2025-06-25 22:40:01,21.4
2025-06-25 22:45:01,16.4
2025-06-25 22:50:01,15.7
2025-06-25 22:55:01,15.1
2025-06-25 23:00:01,13.8
2025-06-25 23:05:01,13.1
2025-06-25 23:10:01,12.8
2025-06-25 23:15:01,12.5
2025-06-25 23:20:01,12.4
2025-06-25 23:25:01,12.3
2025-06-25 23:30:01,12.1
2025-06-25 23:35:01,11.9
2025-06-25 23:40:01,11.9
2025-06-25 23:45:01,11.7
2025-06-25 23:50:01,11.6
2025-06-25 23:55:01,11.6
2025-06-26 00:00:01,11.4
2025-06-26 00:05:01,11.5
2025-06-26 00:10:01,11.5
2025-06-26 00:15:01,11.4
2025-06-26 00:20:01,11.3
2025-06-26 00:25:01,11.1
2025-06-26 00:30:01,11.1
2025-06-26 00:35:01,11.1
2025-06-26 00:40:01,11.1
2025-06-26 00:45:01,11.2
2025-06-26 00:50:01,11.4
2025-06-26 00:55:01,11.4
2025-06-26 01:00:01,11.7
2025-06-26 01:05:01,11.6
2025-06-26 01:10:01,11.6
2025-06-26 01:15:01,11.7
2025-06-26 01:20:01,11.7
2025-06-26 01:25:01,11.8
2025-06-26 01:30:01,11.6
2025-06-26 01:35:01,11.5
2025-06-26 01:40:01,11.4
2025-06-26 01:45:01,11.3
2025-06-26 01:50:01,11.3
2025-06-26 01:55:01,11.3
2025-06-26 02:00:01,11.3
2025-06-26 02:05:01,11.4
2025-06-26 02:10:01,11.3
2025-06-26 02:15:01,11.1
2025-06-26 02:20:01,11.2
2025-06-26 02:25:01,11.4
2025-06-26 02:30:01,11.7
2025-06-26 02:35:01,11.4
2025-06-26 02:40:01,11.4
2025-06-26 02:45:01,11.6
2025-06-26 02:50:01,11.7
2025-06-26 02:55:01,11.7
2025-06-26 03:00:01,11.7
2025-06-26 03:05:01,11.7
2025-06-26 03:10:01,11.7
2025-06-26 03:15:01,11.7
2025-06-26 03:20:01,11.7
2025-06-26 03:25:01,11.8
2025-06-26 03:30:01,11.8
2025-06-26 03:35:01,11.9
2025-06-26 03:40:01,11.9
2025-06-26 03:45:01,11.9
2025-06-26 03:50:01,12.0
2025-06-26 03:55:01,12.0
2025-06-26 04:00:01,12.1
2025-06-26 04:05:01,12.0
2025-06-26 04:10:01,12.0
2025-06-26 04:15:01,11.9
2025-06-26 04:20:01,11.9
2025-06-26 04:25:01,12.0
2025-06-26 04:30:01,11.7
2025-06-26 04:35:01,11.6
2025-06-26 04:40:01,11.6
2025-06-26 04:45:01,11.7
2025-06-26 04:50:01,11.8
2025-06-26 04:55:01,12.0
2025-06-26 05:00:01,12.0
2025-06-26 05:05:01,12.0
2025-06-26 05:10:01,12.1
2025-06-26 05:15:01,12.1
2025-06-26 05:20:01,12.0
2025-06-26 05:25:01,11.9
2025-06-26 05:30:01,11.9
2025-06-26 05:35:01,11.9
2025-06-26 05:40:01,12.0
2025-06-26 05:45:01,12.0
2025-06-26 05:50:01,11.9
2025-06-26 05:55:01,11.9
2025-06-26 06:00:01,11.8
2025-06-26 06:05:01,11.8
2025-06-26 06:10:01,11.7
2025-06-26 06:15:01,11.8
2025-06-26 06:20:01,11.8
2025-06-26 06:25:01,11.8
2025-06-26 06:30:01,11.8
2025-06-26 06:35:01,11.8
2025-06-26 06:40:01,11.9
2025-06-26 06:45:01,11.8
2025-06-26 06:50:01,11.8
2025-06-26 06:55:01,11.9
2025-06-26 07:00:01,11.9
2025-06-26 07:05:01,11.9
2025-06-26 07:10:01,11.9
2025-06-26 07:15:01,11.9
2025-06-26 07:20:01,11.9
2025-06-26 07:25:01,11.9
2025-06-26 07:30:01,11.9
2025-06-26 07:35:01,11.9
2025-06-26 07:40:01,11.9
2025-06-26 07:45:01,12.0
2025-06-26 07:50:01,12.0
2025-06-26 07:55:01,11.9
2025-06-26 08:00:01,12.0
2025-06-26 08:05:01,11.9
2025-06-26 08:10:01,12.0
2025-06-26 08:15:01,11.9
2025-06-26 08:20:01,11.9
2025-06-26 08:25:01,12.0
2025-06-26 08:30:01,11.9
2025-06-26 08:35:01,11.9
2025-06-26 08:40:01,11.8
2025-06-26 08:45:01,11.7
2025-06-26 08:50:01,11.7
2025-06-26 08:55:01,11.6
2025-06-26 09:00:01,11.6
2025-06-26 09:05:01,11.6
2025-06-26 09:10:01,11.6
2025-06-26 09:15:01,11.7
2025-06-26 09:20:01,11.7
2025-06-26 09:25:01,11.7
2025-06-26 09:30:01,11.6
2025-06-26 09:35:01,11.7
2025-06-26 09:40:01,11.7
2025-06-26 09:45:01,11.8
2025-06-26 09:50:01,11.7
2025-06-26 09:55:01,11.7
2025-06-26 10:00:01,11.6
2025-06-26 10:05:01,11.5
2025-06-26 10:10:01,11.5
2025-06-26 10:15:01,11.4
2025-06-26 10:20:01,11.4
2025-06-26 10:25:01,11.5
2025-06-26 10:30:01,11.5
2025-06-26 10:35:01,11.4
2025-06-26 10:40:01,11.5
2025-06-26 10:45:01,11.5
2025-06-26 10:50:01,11.5
2025-06-26 10:55:01,11.5
2025-06-26 11:00:01,11.5
2025-06-26 11:05:01,11.4
2025-06-26 11:10:01,11.4
2025-06-26 11:15:01,11.5
2025-06-26 11:20:01,11.4
2025-06-26 11:25:01,11.5
2025-06-26 11:30:01,11.6
2025-06-26 11:35:01,11.6
2025-06-26 11:40:01,11.6
2025-06-26 11:45:01,11.6
2025-06-26 11:50:01,11.5
2025-06-26 11:55:01,11.5
2025-06-26 12:00:01,11.6
2025-06-26 12:05:01,11.6
2025-06-26 12:10:01,11.5
2025-06-26 12:15:01,11.6
2025-06-26 12:20:01,11.9
2025-06-26 12:25:01,12.3
2025-06-26 12:30:01,12.5
2025-06-26 12:35:01,12.7
2025-06-26 12:40:01,12.6
2025-06-26 12:45:01,12.7
2025-06-26 12:50:01,12.7
2025-06-26 12:55:01,12.8
2025-06-26 13:00:01,12.7
2025-06-26 13:05:01,12.8
2025-06-26 13:10:01,12.8
2025-06-26 13:15:01,12.8
2025-06-26 13:20:01,12.8
2025-06-26 13:25:01,12.8
2025-06-26 13:30:01,12.8
2025-06-26 13:35:01,12.8
2025-06-26 13:40:01,12.8
2025-06-26 13:45:01,12.8
2025-06-26 13:50:01,12.8
2025-06-26 13:55:01,12.9
2025-06-26 14:00:01,12.9
2025-06-26 14:05:01,12.9
2025-06-26 14:10:01,12.9
2025-06-26 14:15:01,12.9
2025-06-26 14:20:01,12.8
2025-06-26 14:25:01,12.8
2025-06-26 14:30:01,12.9
2025-06-26 14:35:01,12.9
2025-06-26 14:40:01,13.0
2025-06-26 14:45:01,13.0
2025-06-26 14:50:01,13.3
2025-06-26 14:55:01,13.5
2025-06-26 15:00:01,13.3
2025-06-26 15:05:01,13.5
2025-06-26 15:10:01,13.6
2025-06-26 15:15:01,13.9
2025-06-26 15:20:01,14.2
2025-06-26 15:25:01,14.5
2025-06-26 15:30:01,14.8
2025-06-26 15:35:01,15.0
2025-06-26 15:40:01,15.5
2025-06-26 15:45:01,15.7
2025-06-26 15:50:01,15.8
2025-06-26 15:55:01,15.9
2025-06-26 16:00:01,16.3
2025-06-26 16:05:01,16.6
2025-06-26 16:10:01,16.9
2025-06-26 16:15:01,17.1
2025-06-26 16:20:01,17.1
2025-06-26 16:25:01,17.2
2025-06-26 16:30:01,17.2
2025-06-26 16:35:01,17.3
2025-06-26 16:40:01,17.3
2025-06-26 16:45:01,17.2
2025-06-26 16:50:01,17.0
2025-06-26 16:55:01,17.0
2025-06-26 17:00:01,17.0
2025-06-26 17:05:01,17.0
2025-06-26 17:10:01,16.9
2025-06-26 17:15:01,16.7
2025-06-26 17:20:01,16.7
2025-06-26 17:25:01,16.8
2025-06-26 17:30:01,16.9
2025-06-26 17:35:01,17.2
2025-06-26 17:40:01,17.6
2025-06-26 17:45:01,17.8
2025-06-26 17:50:01,17.6
2025-06-26 17:55:01,17.7
2025-06-26 18:00:01,18.1
2025-06-26 18:05:01,18.4
2025-06-26 18:10:01,18.6
2025-06-26 18:15:01,18.7
2025-06-26 18:20:01,18.8
2025-06-26 18:25:01,18.9
2025-06-26 18:30:01,19.1
2025-06-26 18:35:01,19.6
2025-06-26 18:40:01,20.2
2025-06-26 18:45:01,20.9
2025-06-26 18:50:01,21.3
2025-06-26 18:55:01,21.5
2025-06-26 19:00:01,21.6
2025-06-26 19:05:01,22.0
2025-06-26 19:10:01,22.6
2025-06-26 19:15:01,23.5
2025-06-26 19:20:01,24.7
2025-06-26 19:25:01,25.4
2025-06-26 19:30:01,24.9
2025-06-26 19:35:01,23.7
2025-06-26 19:40:01,22.7
2025-06-26 19:45:01,21.8
2025-06-26 19:50:01,21.4
2025-06-26 19:55:01,21.6
2025-06-26 20:00:01,21.5
2025-06-26 20:05:01,21.3
2025-06-26 20:10:01,21.2
2025-06-26 20:15:01,21.5
2025-06-26 20:20:01,21.1
2025-06-26 20:25:01,20.5
2025-06-26 20:30:01,19.4
2025-06-26 20:35:01,18.4
2025-06-26 20:40:01,18.0
2025-06-26 20:45:01,18.1
2025-06-26 20:50:01,18.5
2025-06-26 20:55:01,18.6
2025-06-26 21:00:01,18.4
2025-06-26 21:05:01,18.7
2025-06-26 21:10:01,19.0
2025-06-26 21:15:01,19.1
2025-06-26 21:20:01,19.3
2025-06-26 21:25:01,19.5
2025-06-26 21:30:01,19.4
2025-06-26 21:35:01,19.2
2025-06-26 21:40:01,18.9
2025-06-26 21:45:01,18.9
2025-06-26 21:50:01,18.9
2025-06-26 21:55:01,18.9
2025-06-26 22:00:01,18.7
2025-06-26 22:05:01,18.6
2025-06-26 22:10:01,18.4
2025-06-26 22:15:01,18.0
2025-06-26 22:20:01,17.6
2025-06-26 22:25:01,17.3
2025-06-26 22:30:01,17.1
2025-06-26 22:35:01,16.4
2025-06-26 22:40:01,15.8
2025-06-26 22:45:01,15.3
2025-06-26 22:50:01,15.0
2025-06-26 22:55:01,14.8
2025-06-26 23:00:01,14.6
2025-06-26 23:05:01,15.0
2025-06-26 23:10:01,15.2
2025-06-26 23:15:01,15.1
2025-06-26 23:20:01,14.8
2025-06-26 23:25:01,14.3
2025-06-26 23:30:01,14.1
2025-06-26 23:35:01,13.6
2025-06-26 23:40:01,13.7
2025-06-26 23:45:01,13.7
2025-06-26 23:50:01,13.5
2025-06-26 23:55:01,13.5
2025-06-27 00:00:01,13.0
2025-06-27 00:05:01,12.5
2025-06-27 00:10:01,12.2
2025-06-27 00:15:01,11.9
2025-06-27 00:20:01,11.9
2025-06-27 00:25:01,11.9
2025-06-27 00:30:01,11.9
2025-06-27 00:35:01,11.6
2025-06-27 00:40:01,11.3
2025-06-27 00:45:01,11.0
2025-06-27 00:50:01,11.1
2025-06-27 00:55:01,11.7
2025-06-27 01:00:01,12.7
2025-06-27 01:05:01,13.0
2025-06-27 01:10:01,13.0
2025-06-27 01:15:01,12.1
2025-06-27 01:20:01,12.3
2025-06-27 01:25:01,12.9
2025-06-27 01:30:01,13.0
2025-06-27 01:35:01,12.9
2025-06-27 01:40:01,13.0
2025-06-27 01:45:01,13.3
2025-06-27 01:50:01,12.6
2025-06-27 01:55:01,12.1
2025-06-27 02:00:01,12.3
2025-06-27 02:05:01,12.4
2025-06-27 02:10:01,11.8
2025-06-27 02:15:01,11.9
2025-06-27 02:20:01,11.6
2025-06-27 02:25:01,11.6
2025-06-27 02:30:01,11.5
2025-06-27 02:35:01,11.2
2025-06-27 02:40:01,11.3
2025-06-27 02:45:01,11.3
2025-06-27 02:50:01,11.4
2025-06-27 02:55:01,11.4
2025-06-27 03:00:01,11.4
2025-06-27 03:05:01,11.5
2025-06-27 03:10:01,11.4
2025-06-27 03:15:01,11.4
2025-06-27 03:20:01,11.4
2025-06-27 03:25:01,11.5
2025-06-27 03:30:01,11.4
2025-06-27 03:35:01,11.4
2025-06-27 03:40:01,11.4
2025-06-27 03:45:01,11.3
2025-06-27 03:50:01,11.2
2025-06-27 03:55:01,11.3
2025-06-27 04:00:01,11.3
2025-06-27 04:05:01,11.2
2025-06-27 04:10:01,11.2
2025-06-27 04:15:01,11.2
2025-06-27 04:20:01,11.2
2025-06-27 04:25:01,11.2
2025-06-27 04:30:01,11.2
2025-06-27 04:35:01,11.1
2025-06-27 04:40:01,11.1
2025-06-27 04:45:01,11.1
2025-06-27 04:50:01,11.0
2025-06-27 04:55:01,11.1
2025-06-27 05:00:01,11.1
2025-06-27 05:05:01,11.1
2025-06-27 05:10:01,11.2
2025-06-27 05:15:01,11.2
2025-06-27 05:20:01,11.1
2025-06-27 05:25:01,11.1
2025-06-27 05:30:01,11.1
2025-06-27 05:35:01,11.1
2025-06-27 05:40:01,11.2
2025-06-27 05:45:01,11.1
2025-06-27 05:50:01,11.1
2025-06-27 05:55:01,11.1
2025-06-27 06:00:01,11.1
2025-06-27 06:05:01,11.1
2025-06-27 06:10:01,11.1
2025-06-27 06:15:01,11.1
2025-06-27 06:20:01,11.1
2025-06-27 06:25:01,11.1
2025-06-27 06:30:01,11.9
2025-06-27 06:35:01,11.4
2025-06-27 06:40:01,11.3
2025-06-27 06:45:01,11.1
2025-06-27 06:50:01,11.3
2025-06-27 06:55:01,11.5
2025-06-27 07:00:01,11.1
2025-06-27 07:05:01,11.4
2025-06-27 07:10:01,11.2
2025-06-27 07:15:01,11.2
2025-06-27 07:20:01,11.2
2025-06-27 07:25:01,11.0
2025-06-27 07:30:01,11.0
2025-06-27 07:35:01,11.2
2025-06-27 07:40:01,11.1
2025-06-27 07:45:01,11.1
2025-06-27 07:50:01,10.8
2025-06-27 07:55:01,11.0
2025-06-27 08:00:01,10.9
2025-06-27 08:05:01,11.1
2025-06-27 08:10:01,10.9
2025-06-27 08:15:01,10.9
2025-06-27 08:20:01,10.9
2025-06-27 08:25:01,10.9
2025-06-27 08:30:01,10.9
2025-06-27 08:35:01,10.8
2025-06-27 08:40:01,10.8
2025-06-27 08:45:01,11.4
2025-06-27 08:50:01,11.6
2025-06-27 08:55:01,11.8
2025-06-27 09:00:01,12.0
2025-06-27 09:05:01,12.4
2025-06-27 09:10:01,12.4
2025-06-27 09:15:01,12.5
2025-06-27 09:20:01,12.3
2025-06-27 09:25:01,12.2
2025-06-27 09:30:01,12.1
2025-06-27 09:35:01,12.1
2025-06-27 09:40:01,12.1
2025-06-27 09:45:01,11.9
2025-06-27 09:50:01,11.7
2025-06-27 09:55:01,11.7
2025-06-27 10:00:01,11.7
2025-06-27 10:05:01,11.8
2025-06-27 10:10:01,12.0
2025-06-27 10:15:01,12.3
2025-06-27 10:20:01,12.7
2025-06-27 10:25:01,12.8
2025-06-27 10:30:01,12.8
2025-06-27 10:35:01,12.4
2025-06-27 10:40:01,12.6
2025-06-27 10:45:01,12.6
2025-06-27 10:50:01,12.6
2025-06-27 10:55:01,12.7
2025-06-27 11:00:01,12.8
2025-06-27 11:05:01,12.8
2025-06-27 11:10:01,12.8
2025-06-27 11:15:01,12.6
2025-06-27 11:20:01,12.5
2025-06-27 11:25:01,11.6
2025-06-27 11:30:01,11.5
2025-06-27 11:35:01,11.4
2025-06-27 11:40:01,11.4
2025-06-27 11:45:01,11.4
2025-06-27 11:50:01,11.6
2025-06-27 11:55:01,12.1
2025-06-27 12:00:01,12.1
2025-06-27 12:05:01,12.3
2025-06-27 12:10:01,12.2
2025-06-27 12:15:01,12.1
2025-06-27 12:20:01,11.6
2025-06-27 12:25:01,11.3
2025-06-27 12:30:01,11.5
2025-06-27 12:35:01,11.6
2025-06-27 12:40:01,11.5
2025-06-27 12:45:01,11.8
2025-06-27 12:50:01,11.8
2025-06-27 12:55:01,12.0
2025-06-27 13:00:01,12.2
2025-06-27 13:05:01,12.5
2025-06-27 13:10:01,12.5
2025-06-27 13:15:01,12.4
2025-06-27 13:20:01,12.6
2025-06-27 13:25:01,12.7
2025-06-27 13:30:01,12.7
2025-06-27 13:35:01,12.7
2025-06-27 13:40:01,12.7
2025-06-27 13:45:01,12.8
2025-06-27 13:50:01,12.9
2025-06-27 13:55:01,12.9
2025-06-27 14:00:01,13.0
2025-06-27 14:05:01,13.1
2025-06-27 14:10:01,13.2
2025-06-27 14:15:01,13.4
2025-06-27 14:20:01,13.6
2025-06-27 14:25:01,13.7
2025-06-27 14:30:01,13.7
2025-06-27 14:35:01,13.6
2025-06-27 14:40:01,13.5
2025-06-27 14:45:01,13.6
2025-06-27 14:50:01,13.6
2025-06-27 14:55:01,13.6
2025-06-27 15:00:01,13.7
2025-06-27 15:05:01,13.8
2025-06-27 15:10:01,14.0
2025-06-27 15:15:01,14.1
2025-06-27 15:20:01,14.3
2025-06-27 15:25:01,14.5
2025-06-27 15:30:01,14.5
2025-06-27 15:35:01,14.4
2025-06-27 15:40:01,14.5
2025-06-27 15:45:01,14.9
2025-06-27 15:50:01,15.1
2025-06-27 15:55:01,15.1
2025-06-27 16:00:01,14.9
2025-06-27 16:05:01,15.2
2025-06-27 16:10:01,15.5
2025-06-27 16:15:01,15.8
2025-06-27 16:20:01,16.0
2025-06-27 16:25:01,16.1
2025-06-27 16:30:01,16.5
2025-06-27 16:35:01,17.1
2025-06-27 16:40:01,17.6
2025-06-27 16:45:01,17.8
2025-06-27 16:50:01,17.9
2025-06-27 16:55:01,18.0
2025-06-27 17:00:01,18.4
2025-06-27 17:05:01,18.9
2025-06-27 17:10:01,19.3
2025-06-27 17:15:01,19.4
2025-06-27 17:20:01,19.0
2025-06-27 17:25:01,19.0
2025-06-27 17:30:01,19.2
2025-06-27 17:35:01,19.5
2025-06-27 17:40:01,20.3
2025-06-27 17:45:01,22.1
2025-06-27 17:50:01,22.7
2025-06-27 17:55:01,23.1
2025-06-27 18:00:01,22.9
2025-06-27 18:05:01,25.0
2025-06-27 18:10:01,25.2
2025-06-27 18:15:01,23.2
2025-06-27 18:20:01,22.8
2025-06-27 18:25:01,23.6
2025-06-27 18:30:01,23.4
2025-06-27 18:35:01,23.3
2025-06-27 18:40:01,23.1
2025-06-27 18:45:01,22.5
2025-06-27 18:50:01,21.9
2025-06-27 18:55:01,20.7
2025-06-27 19:00:01,19.9
2025-06-27 19:05:01,19.3
2025-06-27 19:10:01,18.5
2025-06-27 19:15:01,17.9
2025-06-27 19:20:01,17.5
2025-06-27 19:25:01,17.4
2025-06-27 19:30:01,17.7
2025-06-27 19:35:01,18.1
2025-06-27 19:40:01,18.2
2025-06-27 19:45:01,18.4
2025-06-27 19:50:01,18.6
2025-06-27 19:55:01,19.0
2025-06-27 20:00:01,19.0
2025-06-27 20:05:01,19.0
2025-06-27 20:10:01,19.2
2025-06-27 20:15:01,19.0
2025-06-27 20:20:01,18.8
2025-06-27 20:25:01,19.1
2025-06-27 20:30:01,19.6
2025-06-27 20:35:01,20.4
2025-06-27 20:40:01,21.0
2025-06-27 20:45:01,21.3
2025-06-27 20:50:01,21.2
2025-06-27 20:55:01,21.5
2025-06-27 21:00:01,21.2
2025-06-27 21:05:01,21.0
2025-06-27 21:10:01,20.7
2025-06-27 21:15:01,20.0
2025-06-27 21:20:01,19.6
2025-06-27 21:25:01,19.4
2025-06-27 21:30:01,19.3
2025-06-27 21:35:01,19.4
2025-06-27 21:40:01,19.4
2025-06-27 21:45:01,19.3
2025-06-27 21:50:01,19.1
2025-06-27 21:55:01,19.0
2025-06-27 22:00:01,18.7
2025-06-27 22:05:01,18.3
2025-06-27 22:10:01,18.0
2025-06-27 22:15:01,18.0
2025-06-27 22:20:01,18.1
2025-06-27 22:25:01,18.0
2025-06-27 22:30:01,18.1
2025-06-27 22:35:01,18.2
2025-06-27 22:40:01,18.0
2025-06-27 22:45:01,18.0
2025-06-27 22:50:01,17.9
2025-06-27 22:55:01,17.8
2025-06-27 23:00:01,17.8
2025-06-27 23:05:01,17.9
2025-06-27 23:10:01,18.2
2025-06-27 23:15:01,18.3
2025-06-27 23:20:01,18.4
2025-06-27 23:25:01,18.4
2025-06-27 23:30:01,18.1
2025-06-27 23:35:01,17.8
2025-06-27 23:40:01,17.7
2025-06-27 23:45:01,17.5
2025-06-27 23:50:01,17.3
2025-06-27 23:55:01,16.9
2025-06-28 00:00:01,16.8
2025-06-28 00:05:01,14.8
2025-06-28 00:10:01,14.0
2025-06-28 00:15:01,13.2
2025-06-28 00:20:01,12.9
2025-06-28 00:25:01,13.0
2025-06-28 00:30:01,13.2
2025-06-28 00:35:01,13.2
2025-06-28 00:40:01,12.6
2025-06-28 00:45:01,12.4
2025-06-28 00:50:01,12.3
2025-06-28 00:55:01,12.3
2025-06-28 01:00:01,12.1
2025-06-28 01:05:01,11.9
2025-06-28 01:10:01,11.7
2025-06-28 01:15:01,11.6
2025-06-28 01:20:01,11.6
2025-06-28 01:25:01,11.5
2025-06-28 01:30:01,11.2
2025-06-28 01:35:01,11.0
2025-06-28 01:40:01,11.0
2025-06-28 01:45:01,11.0
2025-06-28 01:50:01,10.9
2025-06-28 01:55:01,10.9
2025-06-28 02:00:01,11.0
2025-06-28 02:05:01,11.4
2025-06-28 02:10:01,11.8
2025-06-28 02:15:01,11.9
2025-06-28 02:20:01,12.1
2025-06-28 02:25:01,12.1
2025-06-28 02:30:01,12.1
2025-06-28 02:35:01,12.2
2025-06-28 02:40:01,12.1
2025-06-28 02:45:01,12.0
2025-06-28 02:50:01,12.0
2025-06-28 02:55:01,12.0
2025-06-28 03:00:01,11.8
2025-06-28 03:05:01,11.7
2025-06-28 03:10:01,11.8
2025-06-28 03:15:01,11.7
2025-06-28 03:20:01,11.6
2025-06-28 03:25:01,11.4
2025-06-28 03:30:01,11.2
2025-06-28 03:35:01,11.3
2025-06-28 03:40:01,11.1
2025-06-28 03:45:01,11.1
2025-06-28 03:50:01,11.1
2025-06-28 03:55:01,11.2
2025-06-28 04:00:01,11.1
2025-06-28 04:05:01,11.1
2025-06-28 04:10:01,11.1
2025-06-28 04:15:01,11.1
2025-06-28 04:20:01,11.0
2025-06-28 04:25:01,11.0
2025-06-28 04:30:01,10.9
2025-06-28 04:35:01,10.9
2025-06-28 04:40:01,10.9
2025-06-28 04:45:01,10.8
2025-06-28 04:50:01,10.8
2025-06-28 04:55:01,10.9
2025-06-28 05:00:01,10.9
2025-06-28 05:05:01,10.8
2025-06-28 05:10:01,10.9
2025-06-28 05:15:01,10.8
2025-06-28 05:20:01,10.8
2025-06-28 05:25:01,10.9
2025-06-28 05:30:01,10.9
2025-06-28 05:35:01,11.1
2025-06-28 05:40:01,11.0
2025-06-28 05:45:01,11.1
2025-06-28 05:50:01,11.0
2025-06-28 05:55:01,11.0
2025-06-28 06:00:01,10.9
2025-06-28 06:05:01,10.9
2025-06-28 06:10:01,10.9
2025-06-28 06:15:01,11.0
2025-06-28 06:20:01,11.2
2025-06-28 06:25:01,12.0
2025-06-28 06:30:01,12.2
2025-06-28 06:35:01,11.4
2025-06-28 06:40:01,11.2
2025-06-28 06:45:01,11.1
2025-06-28 06:50:01,11.0
2025-06-28 06:55:01,11.0
2025-06-28 07:00:01,11.0
2025-06-28 07:05:01,11.0
2025-06-28 07:10:01,11.0
2025-06-28 07:15:01,11.0
2025-06-28 07:20:01,11.0
2025-06-28 07:25:01,11.0
2025-06-28 07:30:01,11.0
2025-06-28 07:35:01,10.9
2025-06-28 07:40:01,10.9
2025-06-28 07:45:01,10.8
2025-06-28 07:50:01,10.8
2025-06-28 07:55:01,10.8
2025-06-28 08:00:01,10.8
2025-06-28 08:05:01,10.8
2025-06-28 08:10:01,10.8
2025-06-28 08:15:01,10.7
2025-06-28 08:20:01,10.7
2025-06-28 08:25:01,10.7
2025-06-28 08:30:01,10.7
2025-06-28 08:35:01,10.7
2025-06-28 08:40:01,10.7
2025-06-28 08:45:01,10.8
2025-06-28 08:50:01,10.7
2025-06-28 08:55:01,10.8
2025-06-28 09:00:01,10.7
2025-06-28 09:05:01,10.6
2025-06-28 09:10:01,10.6
2025-06-28 09:15:01,10.6
2025-06-28 09:20:01,10.6
2025-06-28 09:25:01,10.6
2025-06-28 09:30:01,10.6
2025-06-28 09:35:01,10.7
2025-06-28 09:40:01,10.8
2025-06-28 09:45:01,10.9
2025-06-28 09:50:01,10.8
2025-06-28 09:55:01,10.8
2025-06-28 10:00:01,10.8
2025-06-28 10:05:01,10.7
2025-06-28 10:10:01,10.8
2025-06-28 10:15:01,10.9
2025-06-28 10:20:01,10.9
2025-06-28 10:25:01,11.0
2025-06-28 10:30:01,11.2
2025-06-28 10:35:01,11.2
2025-06-28 10:40:01,11.5
2025-06-28 10:45:01,11.6
2025-06-28 10:50:01,11.7
2025-06-28 10:55:01,11.6
2025-06-28 11:00:01,11.4
2025-06-28 11:05:01,10.9
2025-06-28 11:10:01,10.7
2025-06-28 11:15:01,11.0
2025-06-28 11:20:01,11.4
2025-06-28 11:25:01,11.5
2025-06-28 11:30:01,11.7
2025-06-28 11:35:01,11.8
2025-06-28 11:40:01,11.8
2025-06-28 11:45:01,11.5
2025-06-28 11:50:01,11.3
2025-06-28 11:55:01,11.2
2025-06-28 12:00:01,11.2
2025-06-28 12:05:01,11.3
2025-06-28 12:10:01,11.5
2025-06-28 12:15:01,11.8
2025-06-28 12:20:01,11.9
2025-06-28 12:25:01,11.9
2025-06-28 12:30:01,12.0
2025-06-28 12:35:01,11.9
2025-06-28 12:40:01,11.9
2025-06-28 12:45:01,11.9
2025-06-28 12:50:01,11.9
2025-06-28 12:55:01,11.8
2025-06-28 13:00:01,11.8
2025-06-28 13:05:01,11.8
2025-06-28 13:10:01,11.9
2025-06-28 13:15:01,11.9
2025-06-28 13:20:01,12.0
2025-06-28 13:25:01,12.0
2025-06-28 13:30:01,12.1
2025-06-28 13:35:01,12.2
2025-06-28 13:40:01,12.1
2025-06-28 13:45:01,12.1
2025-06-28 13:50:01,12.2
2025-06-28 13:55:01,12.3
2025-06-28 14:00:01,12.6
2025-06-28 14:05:01,12.7
2025-06-28 14:10:01,12.7
2025-06-28 14:15:01,12.6
2025-06-28 14:20:01,12.6
2025-06-28 14:25:01,12.7
2025-06-28 14:30:01,12.8
2025-06-28 14:35:01,12.8
2025-06-28 14:40:01,12.9
2025-06-28 14:45:01,13.1
2025-06-28 14:50:01,12.9
2025-06-28 14:55:01,12.9
2025-06-28 15:00:01,13.0
2025-06-28 15:05:01,12.9
2025-06-28 15:10:01,13.2
2025-06-28 15:15:01,13.4
2025-06-28 15:20:01,13.5
2025-06-28 15:25:01,13.3
2025-06-28 15:30:01,13.2
2025-06-28 15:35:01,13.3
2025-06-28 15:40:01,13.4
2025-06-28 15:45:01,13.5
2025-06-28 15:50:01,13.2
2025-06-28 15:55:01,13.2
2025-06-28 16:00:01,13.0
2025-06-28 16:05:01,12.9
2025-06-28 16:10:01,13.0
2025-06-28 16:15:01,13.3
2025-06-28 16:20:01,13.6
2025-06-28 16:25:01,14.3
2025-06-28 16:30:01,15.2
2025-06-28 16:35:01,15.9
2025-06-28 16:40:01,16.4
2025-06-28 16:45:01,17.2
2025-06-28 16:50:01,17.8
2025-06-28 16:55:01,18.6
2025-06-28 17:00:01,19.4
2025-06-28 17:05:01,20.0
2025-06-28 17:10:01,20.3
2025-06-28 17:15:01,19.8
2025-06-28 17:20:01,20.6
2025-06-28 17:25:01,21.1
2025-06-28 17:30:01,19.5
2025-06-28 17:35:01,18.9
2025-06-28 17:40:01,20.0
2025-06-28 17:45:01,21.0
2025-06-28 17:50:01,20.3
2025-06-28 17:55:01,19.4
2025-06-28 18:00:01,18.7
2025-06-28 18:05:01,20.3
2025-06-28 18:10:01,19.6
2025-06-28 18:15:01,20.9
2025-06-28 18:20:01,22.6
2025-06-28 18:25:01,23.8
2025-06-28 18:30:01,24.2
2025-06-28 18:35:01,24.6
2025-06-28 18:40:01,25.1
2025-06-28 18:45:01,25.2
2025-06-28 18:50:01,25.4
2025-06-28 18:55:01,25.6
2025-06-28 19:00:01,25.8
2025-06-28 19:05:01,26.2
2025-06-28 19:10:01,26.6
2025-06-28 19:15:01,27.2
2025-06-28 19:20:01,27.5
2025-06-28 19:25:01,27.3
2025-06-28 19:30:01,27.5
2025-06-28 19:35:01,27.5
2025-06-28 19:40:01,28.1
2025-06-28 19:45:01,28.3
2025-06-28 19:50:01,28.6
2025-06-28 19:55:01,29.1
2025-06-28 20:00:01,30.1
2025-06-28 20:05:01,29.5
2025-06-28 20:10:01,29.4
2025-06-28 20:15:01,29.9
2025-06-28 20:20:01,29.8
2025-06-28 20:25:01,30.0
2025-06-28 20:30:01,30.4
2025-06-28 20:35:01,31.7
2025-06-28 20:40:01,32.8
2025-06-28 20:45:01,33.3
2025-06-28 20:50:01,33.7
2025-06-28 20:55:01,33.3
2025-06-28 21:00:01,33.6
2025-06-28 21:05:01,32.1
2025-06-28 21:10:01,31.4
2025-06-28 21:15:01,31.4
2025-06-28 21:20:01,32.2
2025-06-28 21:25:01,33.6
2025-06-28 21:30:01,34.4
2025-06-28 21:35:01,33.7
2025-06-28 21:40:01,34.1
2025-06-28 21:45:01,33.7
2025-06-28 21:50:01,33.6
2025-06-28 21:55:01,31.8
2025-06-28 22:00:01,31.2
2025-06-28 22:05:01,30.6
2025-06-28 22:10:01,30.7
2025-06-28 22:15:01,31.1
2025-06-28 22:20:01,31.7
2025-06-28 22:25:01,32.4
2025-06-28 22:30:01,31.2
2025-06-28 22:35:01,30.7
2025-06-28 22:40:01,30.9
2025-06-28 22:45:01,31.2
2025-06-28 22:50:01,31.1
2025-06-28 22:55:01,30.7
2025-06-28 23:00:01,30.6
2025-06-28 23:05:01,30.6
2025-06-28 23:10:01,31.0
2025-06-28 23:15:01,31.3
2025-06-28 23:20:01,30.9
2025-06-28 23:25:01,31.3
2025-06-28 23:30:01,30.6
2025-06-28 23:35:01,29.8
2025-06-28 23:40:01,28.9
2025-06-28 23:45:01,28.4
2025-06-28 23:50:01,27.9
2025-06-28 23:55:01,28.1
2025-06-29 00:00:01,28.0
2025-06-29 00:05:01,27.2
2025-06-29 00:10:01,26.7
2025-06-29 00:15:01,26.9
2025-06-29 00:20:01,26.7
2025-06-29 00:25:01,26.5
2025-06-29 00:30:01,26.4
2025-06-29 00:35:01,25.6
2025-06-29 00:40:01,20.0
2025-06-29 00:45:01,16.6
2025-06-29 00:50:01,16.8
2025-06-29 00:55:01,16.3
2025-06-29 01:00:01,16.1
2025-06-29 01:05:01,15.9
2025-06-29 01:10:01,15.2
2025-06-29 01:15:01,14.9
2025-06-29 01:20:01,14.2
2025-06-29 01:25:01,13.8
2025-06-29 01:30:01,13.7
2025-06-29 01:35:01,13.4
2025-06-29 01:40:01,13.3
2025-06-29 01:45:01,13.0
2025-06-29 01:50:01,13.0
2025-06-29 01:55:01,12.9
2025-06-29 02:00:01,12.8
2025-06-29 02:05:01,12.6
2025-06-29 02:10:01,12.4
2025-06-29 02:15:01,12.3
2025-06-29 02:20:01,12.2
2025-06-29 02:25:01,12.3
2025-06-29 02:30:01,12.7
2025-06-29 02:35:01,13.7
2025-06-29 02:40:01,14.1
2025-06-29 02:45:01,14.2
2025-06-29 02:50:01,14.3
2025-06-29 02:55:01,14.3
2025-06-29 03:00:01,14.4
2025-06-29 03:05:01,14.5
2025-06-29 03:10:01,14.7
2025-06-29 03:15:01,14.7
2025-06-29 03:20:01,14.9
2025-06-29 03:25:01,14.8
2025-06-29 03:30:01,14.6
2025-06-29 03:35:01,14.7
2025-06-29 03:40:01,13.7
2025-06-29 03:45:01,14.2
2025-06-29 03:50:01,14.7
2025-06-29 03:55:01,14.1
2025-06-29 04:00:01,13.2
2025-06-29 04:05:01,12.3
2025-06-29 04:10:01,11.7
2025-06-29 04:15:01,11.6
2025-06-29 04:20:01,11.6
2025-06-29 04:25:01,11.7
2025-06-29 04:30:01,11.8
2025-06-29 04:35:01,11.9
2025-06-29 04:40:01,11.6
2025-06-29 04:45:01,11.6
2025-06-29 04:50:01,11.6
2025-06-29 04:55:01,11.7
2025-06-29 05:00:01,11.9
2025-06-29 05:05:01,12.1
2025-06-29 05:10:01,12.2
2025-06-29 05:15:01,12.1
2025-06-29 05:20:01,12.1
2025-06-29 05:25:01,11.9
2025-06-29 05:30:01,11.9
2025-06-29 05:35:01,11.9
2025-06-29 05:40:01,12.0
2025-06-29 05:45:01,11.9
2025-06-29 05:50:01,11.9
2025-06-29 05:55:01,11.9
2025-06-29 06:00:01,11.9
2025-06-29 06:05:01,11.9
2025-06-29 06:10:01,12.0
2025-06-29 06:15:01,12.4
2025-06-29 06:20:01,13.6
2025-06-29 06:25:01,12.8
2025-06-29 06:30:01,12.1
2025-06-29 06:35:01,12.0
2025-06-29 06:40:01,11.9
2025-06-29 06:45:01,12.0
2025-06-29 06:50:01,11.9
2025-06-29 06:55:01,11.9
2025-06-29 07:00:01,12.1
2025-06-29 07:05:01,12.6
2025-06-29 07:10:01,12.9
2025-06-29 07:15:01,13.3
2025-06-29 07:20:01,12.7
2025-06-29 07:25:01,13.1
2025-06-29 07:30:01,12.9
2025-06-29 07:35:01,12.4
2025-06-29 07:40:01,13.1
2025-06-29 07:45:01,13.3
2025-06-29 07:50:01,13.4
2025-06-29 07:55:01,13.2
2025-06-29 08:00:01,13.5
2025-06-29 08:05:01,13.5
2025-06-29 08:10:01,13.9
2025-06-29 08:15:01,14.1
2025-06-29 08:20:01,14.0
2025-06-29 08:25:01,14.0
2025-06-29 08:30:01,13.8
2025-06-29 08:35:01,13.6
2025-06-29 08:40:01,13.6
2025-06-29 08:45:01,13.6
2025-06-29 08:50:01,13.7
2025-06-29 08:55:01,13.8
2025-06-29 09:00:01,13.9
2025-06-29 09:05:01,14.1
2025-06-29 09:10:01,13.9
2025-06-29 09:15:01,13.9
2025-06-29 09:20:01,13.9
2025-06-29 09:25:01,13.7
2025-06-29 09:30:01,13.6
2025-06-29 09:35:01,13.6
2025-06-29 09:40:01,13.7
2025-06-29 09:45:01,13.8
2025-06-29 09:50:01,13.9
2025-06-29 09:55:01,14.0
2025-06-29 10:00:01,13.9
2025-06-29 10:05:01,13.8
2025-06-29 10:10:01,13.5
2025-06-29 10:15:01,13.5
2025-06-29 10:20:01,13.6
2025-06-29 10:25:01,13.7
2025-06-29 10:30:01,13.8
2025-06-29 10:35:01,13.8
2025-06-29 10:40:01,13.8
2025-06-29 10:45:01,13.9
2025-06-29 10:50:01,13.9
2025-06-29 10:55:01,13.6
2025-06-29 11:00:01,13.7
2025-06-29 11:05:01,13.6
2025-06-29 11:10:01,13.7
2025-06-29 11:15:01,13.6
2025-06-29 11:20:01,13.5
2025-06-29 11:25:01,13.6
2025-06-29 11:30:01,13.6
2025-06-29 11:35:01,13.6
2025-06-29 11:40:01,13.5
2025-06-29 11:45:01,13.4
2025-06-29 11:50:01,13.4
2025-06-29 11:55:01,13.4
2025-06-29 12:00:01,13.4
2025-06-29 12:05:01,13.3
2025-06-29 12:10:01,13.3
2025-06-29 12:15:01,13.3
2025-06-29 12:20:01,13.3
2025-06-29 12:25:01,13.3
2025-06-29 12:30:01,13.2
2025-06-29 12:35:01,13.2
2025-06-29 12:40:01,13.1
2025-06-29 12:45:01,13.1
2025-06-29 12:50:01,13.1
2025-06-29 12:55:01,13.1
2025-06-29 13:00:01,13.0
2025-06-29 13:05:01,13.0
2025-06-29 13:10:01,13.1
2025-06-29 13:15:01,13.2
2025-06-29 13:20:01,13.4
2025-06-29 13:25:01,13.3
2025-06-29 13:30:01,13.3
2025-06-29 13:35:01,13.3
2025-06-29 13:40:01,13.2
2025-06-29 13:45:01,13.3
2025-06-29 13:50:01,13.5
2025-06-29 13:55:01,13.5
2025-06-29 14:00:01,13.6
2025-06-29 14:05:01,13.5
2025-06-29 14:10:01,13.4
2025-06-29 14:15:01,13.3
2025-06-29 14:20:01,13.3
2025-06-29 14:25:01,13.3
2025-06-29 14:30:01,13.3
2025-06-29 14:35:01,13.2
2025-06-29 14:40:01,13.3
2025-06-29 14:45:01,13.3
2025-06-29 14:50:01,13.5
2025-06-29 14:55:01,13.5
2025-06-29 15:00:01,13.6
2025-06-29 15:05:01,13.7
2025-06-29 15:10:01,13.7
2025-06-29 15:15:01,13.7
2025-06-29 15:20:01,13.7
2025-06-29 15:25:01,13.6
2025-06-29 15:30:01,13.7
2025-06-29 15:35:01,13.9
2025-06-29 15:40:01,13.9
2025-06-29 15:45:01,14.0
2025-06-29 15:50:01,14.0
2025-06-29 15:55:01,14.1
2025-06-29 16:00:01,13.9
2025-06-29 16:05:01,14.0
2025-06-29 16:10:01,14.2
2025-06-29 16:15:01,14.4
2025-06-29 16:20:01,14.6
2025-06-29 16:25:01,14.7
2025-06-29 16:30:01,15.3
2025-06-29 16:35:01,16.3
2025-06-29 16:40:01,17.1
2025-06-29 16:45:01,17.4
2025-06-29 16:50:01,18.2
2025-06-29 16:55:01,19.3
2025-06-29 17:00:01,20.0
2025-06-29 17:05:01,20.5
2025-06-29 17:10:01,21.0
2025-06-29 17:15:01,21.1
2025-06-29 17:20:01,21.2
2025-06-29 17:25:01,21.5
2025-06-29 17:30:01,21.8
2025-06-29 17:35:01,22.0
2025-06-29 17:40:01,22.5
2025-06-29 17:45:01,23.0
2025-06-29 17:50:01,24.1
2025-06-29 17:55:01,24.9
2025-06-29 18:00:01,25.7
2025-06-29 18:05:01,25.7
2025-06-29 18:10:01,25.7
2025-06-29 18:15:01,25.0
2025-06-29 18:20:01,24.9
2025-06-29 18:25:01,25.7
2025-06-29 18:30:01,25.7
2025-06-29 18:35:01,25.9
2025-06-29 18:40:01,26.5
2025-06-29 18:45:01,26.8
2025-06-29 18:50:01,26.5
2025-06-29 18:55:01,26.8
2025-06-29 19:00:01,27.7
2025-06-29 19:05:01,28.1
2025-06-29 19:10:01,28.0
2025-06-29 19:15:01,28.5
2025-06-29 19:20:01,28.9
2025-06-29 19:25:01,29.2
2025-06-29 19:30:01,29.9
2025-06-29 19:35:01,30.6
2025-06-29 19:40:01,30.6
2025-06-29 19:45:01,30.4
2025-06-29 19:50:01,30.9
2025-06-29 19:55:01,31.6
2025-06-29 20:00:01,31.8
2025-06-29 20:05:01,32.4
2025-06-29 20:10:01,32.3
2025-06-29 20:15:01,32.4
2025-06-29 20:20:01,32.1
2025-06-29 20:25:01,32.2
2025-06-29 20:30:01,32.6
2025-06-29 20:35:01,33.3
2025-06-29 20:40:01,33.1
2025-06-29 20:45:01,33.2
2025-06-29 20:50:01,33.0
2025-06-29 20:55:01,33.1
2025-06-29 21:00:01,33.0
2025-06-29 21:05:01,32.8
2025-06-29 21:10:01,33.6
2025-06-29 21:15:01,33.4
2025-06-29 21:20:01,33.3
2025-06-29 21:25:01,33.1
2025-06-29 21:30:01,33.3
2025-06-29 21:35:01,34.1
2025-06-29 21:40:01,34.3
2025-06-29 21:45:01,34.6
2025-06-29 21:50:01,34.6
2025-06-29 21:55:01,34.3
2025-06-29 22:00:01,34.4
2025-06-29 22:05:01,34.2
2025-06-29 22:10:01,33.7
2025-06-29 22:15:01,33.0
2025-06-29 22:20:01,33.2
2025-06-29 22:25:01,33.2
2025-06-29 22:30:01,33.9
2025-06-29 22:35:01,34.3
2025-06-29 22:40:01,34.1
2025-06-29 22:45:01,33.9
2025-06-29 22:50:01,34.1
2025-06-29 22:55:01,34.6
2025-06-29 23:00:01,34.8
2025-06-29 23:05:01,33.9
2025-06-29 23:10:01,33.7
2025-06-29 23:15:01,33.6
2025-06-29 23:20:01,33.7
2025-06-29 23:25:01,32.7
2025-06-29 23:30:01,32.5
2025-06-29 23:35:01,32.6
2025-06-29 23:40:01,32.7
2025-06-29 23:45:01,32.2
2025-06-29 23:50:01,31.5
2025-06-29 23:55:01,31.1
2025-06-30 00:00:01,31.3
2025-06-30 00:05:01,31.6
2025-06-30 00:10:01,31.3
2025-06-30 00:15:01,30.9
2025-06-30 00:20:01,30.5
2025-06-30 00:25:01,30.3
2025-06-30 00:30:01,30.2
2025-06-30 00:35:01,30.1
2025-06-30 00:40:01,30.0
2025-06-30 00:45:01,29.5
2025-06-30 00:50:01,29.7
2025-06-30 00:55:01,29.7
2025-06-30 01:00:01,28.5
2025-06-30 01:05:01,27.1
2025-06-30 01:10:01,23.2
2025-06-30 01:15:01,21.2
2025-06-30 01:20:01,19.9
2025-06-30 01:25:01,18.2
2025-06-30 01:30:01,17.3
2025-06-30 01:35:01,16.6
2025-06-30 01:40:01,15.9
2025-06-30 01:45:01,15.8
2025-06-30 01:50:01,15.7
2025-06-30 01:55:01,15.8
2025-06-30 02:00:01,15.2
2025-06-30 02:05:01,15.1
2025-06-30 02:10:01,14.8
2025-06-30 02:15:01,14.7
2025-06-30 02:20:01,14.6
2025-06-30 02:25:01,14.1
2025-06-30 02:30:01,13.8
2025-06-30 02:35:01,13.6
2025-06-30 02:40:01,13.5
2025-06-30 02:45:01,13.4
2025-06-30 02:50:01,13.5
2025-06-30 02:55:01,13.6
2025-06-30 03:00:01,13.2
2025-06-30 03:05:01,13.1
2025-06-30 03:10:01,13.0
2025-06-30 03:15:01,13.1
2025-06-30 03:20:01,13.0
2025-06-30 03:25:01,12.9
2025-06-30 03:30:01,12.9
2025-06-30 03:35:01,12.8
2025-06-30 03:40:01,12.9
2025-06-30 03:45:01,12.9
2025-06-30 03:50:01,13.0
2025-06-30 03:55:01,13.1
2025-06-30 04:00:01,13.0
2025-06-30 04:05:01,13.0
2025-06-30 04:10:01,12.9
2025-06-30 04:15:01,12.9
2025-06-30 04:20:01,13.0
2025-06-30 04:25:01,13.0
2025-06-30 04:30:01,12.8
2025-06-30 04:35:01,12.8
2025-06-30 04:40:01,12.6
2025-06-30 04:45:01,12.5
2025-06-30 04:50:01,12.5
2025-06-30 04:55:01,12.6
2025-06-30 05:00:01,12.5
2025-06-30 05:05:01,12.7
2025-06-30 05:10:01,12.8
2025-06-30 05:15:01,12.8
2025-06-30 05:20:01,12.7
2025-06-30 05:25:01,12.6
2025-06-30 05:30:01,12.6
2025-06-30 05:35:01,12.5
2025-06-30 05:40:01,12.3
2025-06-30 05:45:01,12.1
2025-06-30 05:50:01,12.2
2025-06-30 05:55:01,12.1
2025-06-30 06:00:01,12.1
2025-06-30 06:05:01,12.2
2025-06-30 06:10:01,12.2
2025-06-30 06:15:01,12.2
2025-06-30 06:20:01,12.3
2025-06-30 06:25:01,12.5
2025-06-30 06:30:01,12.6
2025-06-30 06:35:01,12.5
2025-06-30 06:40:01,12.5
2025-06-30 06:45:01,12.5
2025-06-30 06:50:01,12.5
2025-06-30 06:55:01,12.6
2025-06-30 07:00:01,12.5
2025-06-30 07:05:01,12.3
2025-06-30 07:10:01,12.3
2025-06-30 07:15:01,12.3
2025-06-30 07:20:01,12.4
2025-06-30 07:25:01,12.4
2025-06-30 07:30:01,12.6
2025-06-30 07:35:01,12.7
2025-06-30 07:40:01,13.2
2025-06-30 07:45:01,13.9
2025-06-30 07:50:01,13.6
2025-06-30 07:55:01,12.9
2025-06-30 08:00:01,13.5
2025-06-30 08:05:01,14.2
2025-06-30 08:10:01,14.5
2025-06-30 08:15:01,14.6
2025-06-30 08:20:01,14.6
2025-06-30 08:25:01,14.6
2025-06-30 08:30:01,14.6
2025-06-30 08:35:01,14.5
2025-06-30 08:40:01,14.1
2025-06-30 08:45:01,14.1
2025-06-30 08:50:01,14.0
2025-06-30 08:55:01,13.9
2025-06-30 09:00:01,14.0
2025-06-30 09:05:01,14.2
2025-06-30 09:10:01,14.3
2025-06-30 09:15:01,14.5
2025-06-30 09:20:01,13.8
2025-06-30 09:25:01,14.0
2025-06-30 09:30:01,13.8
2025-06-30 09:35:01,13.8
2025-06-30 09:40:01,13.9
2025-06-30 09:45:01,14.1
2025-06-30 09:50:01,14.2
2025-06-30 09:55:01,14.3
2025-06-30 10:00:01,14.3
2025-06-30 10:05:01,14.2
2025-06-30 10:10:01,13.8
2025-06-30 10:15:01,13.7
2025-06-30 10:20:01,13.5
2025-06-30 10:25:01,13.4
2025-06-30 10:30:01,13.5
2025-06-30 10:35:01,13.5
2025-06-30 10:40:01,13.9
2025-06-30 10:45:01,14.0
2025-06-30 10:50:01,13.9
2025-06-30 10:55:01,14.0
2025-06-30 11:00:01,14.0
2025-06-30 11:05:01,13.9
2025-06-30 11:10:01,13.7
2025-06-30 11:15:01,13.6
2025-06-30 11:20:01,13.4
2025-06-30 11:25:01,13.5
2025-06-30 11:30:01,13.5
2025-06-30 11:35:01,13.6
2025-06-30 11:40:01,13.5
2025-06-30 11:45:01,13.4
2025-06-30 11:50:01,13.3
2025-06-30 11:55:01,13.3
2025-06-30 12:00:01,13.2
2025-06-30 12:05:01,13.3
2025-06-30 12:10:01,13.3
2025-06-30 12:15:01,13.3
2025-06-30 12:20:01,13.3
2025-06-30 12:25:01,13.2
2025-06-30 12:30:01,13.3
2025-06-30 12:35:01,13.1
2025-06-30 12:40:01,13.1
2025-06-30 12:45:01,13.1
2025-06-30 12:50:01,13.1
2025-06-30 12:55:01,13.1
2025-06-30 13:00:01,13.2
2025-06-30 13:05:01,13.2
2025-06-30 13:10:01,13.2
2025-06-30 13:15:01,13.4
2025-06-30 13:20:01,13.3
2025-06-30 13:25:01,13.5
2025-06-30 13:30:01,13.5
2025-06-30 13:35:01,13.6
2025-06-30 13:40:01,13.5
2025-06-30 13:45:01,13.5
2025-06-30 13:50:01,13.7
2025-06-30 13:55:01,13.6
2025-06-30 14:00:01,13.7
2025-06-30 14:05:01,13.5
2025-06-30 14:10:01,13.1
2025-06-30 14:15:01,13.1
2025-06-30 14:20:01,13.1
2025-06-30 14:25:01,13.2
2025-06-30 14:30:01,13.4
2025-06-30 14:35:01,13.3
2025-06-30 14:40:01,13.4
2025-06-30 14:45:01,13.6
2025-06-30 14:50:01,13.5
2025-06-30 14:55:01,13.6
2025-06-30 15:00:01,13.7
2025-06-30 15:05:01,13.7
2025-06-30 15:10:01,13.8
2025-06-30 15:15:01,13.8
2025-06-30 15:20:01,13.9
2025-06-30 15:25:01,13.9
2025-06-30 15:30:01,13.9
2025-06-30 15:35:01,14.2
2025-06-30 15:40:01,14.0
2025-06-30 15:45:01,13.9
2025-06-30 15:50:01,13.9
2025-06-30 15:55:01,14.0
2025-06-30 16:00:01,13.9
2025-06-30 16:05:01,13.9
2025-06-30 16:10:01,14.3
2025-06-30 16:15:01,14.4
2025-06-30 16:20:01,14.6
2025-06-30 16:25:01,14.8
2025-06-30 16:30:01,15.2
2025-06-30 16:35:01,15.2
2025-06-30 16:40:01,15.5
2025-06-30 16:45:01,15.8
2025-06-30 16:50:01,15.9
2025-06-30 16:55:01,16.2
2025-06-30 17:00:01,16.4
2025-06-30 17:05:01,16.8
2025-06-30 17:10:01,17.6
2025-06-30 17:15:01,18.6
2025-06-30 17:20:01,19.6
2025-06-30 17:25:01,20.4
2025-06-30 17:30:01,21.6
2025-06-30 17:35:01,22.3
2025-06-30 17:40:01,22.6
2025-06-30 17:45:01,23.5
2025-06-30 17:50:01,24.9
2025-06-30 17:55:01,25.8
2025-06-30 18:00:01,25.9
2025-06-30 18:05:01,25.8
2025-06-30 18:10:01,25.6
2025-06-30 18:15:01,26.4
2025-06-30 18:20:01,27.1
2025-06-30 18:25:01,27.5
2025-06-30 18:30:01,28.2
2025-06-30 18:35:01,28.5
2025-06-30 18:40:01,28.6
2025-06-30 18:45:01,29.5
2025-06-30 18:50:01,29.9
2025-06-30 18:55:01,30.5
2025-06-30 19:00:01,30.6
2025-06-30 19:05:01,31.4
2025-06-30 19:10:01,32.1
2025-06-30 19:15:01,32.6
2025-06-30 19:20:01,33.3
2025-06-30 19:25:01,33.5
2025-06-30 19:30:01,33.7
2025-06-30 19:35:01,33.7
2025-06-30 19:40:01,34.1
2025-06-30 19:45:01,34.0
2025-06-30 19:50:01,34.3
2025-06-30 19:55:01,34.7
2025-06-30 20:00:01,34.9
2025-06-30 20:05:01,35.0
2025-06-30 20:10:01,34.9
2025-06-30 20:15:01,35.1
2025-06-30 20:20:01,35.2
2025-06-30 20:25:01,35.8
2025-06-30 20:30:01,36.2
2025-06-30 20:35:01,36.4
2025-06-30 20:40:01,36.4
2025-06-30 20:45:01,36.7
2025-06-30 20:50:01,36.9
2025-06-30 20:55:01,37.3
2025-06-30 21:00:01,37.5
2025-06-30 21:05:01,37.7
2025-06-30 21:10:01,37.6
2025-06-30 21:15:01,37.6
2025-06-30 21:20:01,37.6
2025-06-30 21:25:01,37.8
2025-06-30 21:30:01,38.0
2025-06-30 21:35:01,38.0
2025-06-30 21:40:01,37.9
2025-06-30 21:45:01,38.0
2025-06-30 21:50:01,38.1
2025-06-30 21:55:01,37.6
2025-06-30 22:00:01,37.0
2025-06-30 22:05:01,37.3
2025-06-30 22:10:01,37.5
2025-06-30 22:15:01,37.1
2025-06-30 22:20:01,37.5
2025-06-30 22:25:01,38.0
2025-06-30 22:30:01,38.2
2025-06-30 22:35:01,38.6
2025-06-30 22:40:01,38.5
2025-06-30 22:45:01,39.2
2025-06-30 22:50:01,39.5
2025-06-30 22:55:01,39.0
2025-06-30 23:00:01,38.1
2025-06-30 23:05:01,36.8
2025-06-30 23:10:01,35.9
2025-06-30 23:15:01,35.0
2025-06-30 23:20:01,34.8
2025-06-30 23:25:01,34.7
2025-06-30 23:30:01,34.2
2025-06-30 23:35:01,33.4
2025-06-30 23:40:01,32.9
2025-06-30 23:45:01,32.6
2025-06-30 23:50:01,32.3
2025-06-30 23:55:01,31.6
2025-07-01 00:00:01,31.0
2025-07-01 00:05:01,30.8
2025-07-01 00:10:01,30.5
2025-07-01 00:15:01,30.0
2025-07-01 00:20:01,29.8
2025-07-01 00:25:01,29.6
2025-07-01 00:30:01,29.1
2025-07-01 00:35:01,28.9
2025-07-01 00:40:01,28.8
2025-07-01 00:45:01,28.2
2025-07-01 00:50:01,28.2
2025-07-01 00:55:01,28.1
2025-07-01 01:00:01,28.0
2025-07-01 01:05:01,27.6
2025-07-01 01:10:01,27.0
2025-07-01 01:15:01,23.6
2025-07-01 01:20:01,19.3
2025-07-01 01:25:01,18.9
2025-07-01 01:30:01,18.1
2025-07-01 01:35:01,17.7
2025-07-01 01:40:01,17.5
2025-07-01 01:45:01,17.4
2025-07-01 01:50:01,17.1
2025-07-01 01:55:01,16.8
2025-07-01 02:00:01,16.8
2025-07-01 02:05:01,16.8
2025-07-01 02:10:01,16.7
2025-07-01 02:15:01,15.8
2025-07-01 02:20:01,15.4
2025-07-01 02:25:01,15.2
2025-07-01 02:30:01,15.1
2025-07-01 02:35:01,15.4
2025-07-01 02:40:01,15.7
2025-07-01 02:45:01,15.7
2025-07-01 02:50:01,15.2
2025-07-01 02:55:01,15.0
2025-07-01 03:00:01,14.4
2025-07-01 03:05:01,14.1
2025-07-01 03:10:01,14.0
2025-07-01 03:15:01,13.9
2025-07-01 03:20:01,13.8
2025-07-01 03:25:01,13.6
2025-07-01 03:30:01,13.4
2025-07-01 03:35:01,13.1
2025-07-01 03:40:01,12.9
2025-07-01 03:45:01,12.9
2025-07-01 03:50:01,12.8
2025-07-01 03:55:01,12.7
2025-07-01 04:00:01,12.6
2025-07-01 04:05:01,12.5
2025-07-01 04:10:01,12.5
2025-07-01 04:15:01,12.4
2025-07-01 04:20:01,12.4
2025-07-01 04:25:01,12.3
2025-07-01 04:30:01,12.2
2025-07-01 04:35:01,12.1
2025-07-01 04:40:01,12.1
2025-07-01 04:45:01,12.1
2025-07-01 04:50:01,12.1
2025-07-01 04:55:01,12.2
2025-07-01 05:00:01,12.1
2025-07-01 05:05:01,12.2
2025-07-01 05:10:01,12.2
2025-07-01 05:15:01,12.3
2025-07-01 05:20:01,12.4
2025-07-01 05:25:01,12.5
2025-07-01 05:30:01,12.6
2025-07-01 05:35:01,12.7
2025-07-01 05:40:01,12.9
2025-07-01 05:45:01,13.3
2025-07-01 05:50:01,13.4
2025-07-01 05:55:01,13.8
2025-07-01 06:00:01,14.0
2025-07-01 06:05:01,13.9
2025-07-01 06:10:01,13.7
2025-07-01 06:15:01,13.6
2025-07-01 06:20:01,13.4
2025-07-01 06:25:01,13.4
2025-07-01 06:30:01,13.7
2025-07-01 06:35:01,13.6
2025-07-01 06:40:01,13.5
2025-07-01 06:45:01,13.7
2025-07-01 06:50:01,13.1
2025-07-01 06:55:01,12.6
2025-07-01 07:00:01,12.4
2025-07-01 07:05:01,12.4
2025-07-01 07:10:01,12.4
2025-07-01 07:15:01,12.3
2025-07-01 07:20:01,12.2
2025-07-01 07:25:01,12.5
2025-07-01 07:30:01,12.8
2025-07-01 07:35:01,12.7
2025-07-01 07:40:01,12.6
2025-07-01 07:45:01,12.8
2025-07-01 07:50:01,13.3
2025-07-01 07:55:01,14.1
2025-07-01 08:00:01,14.3
2025-07-01 08:05:01,14.4
2025-07-01 08:10:01,14.6
2025-07-01 08:15:01,13.6
2025-07-01 08:20:01,13.3
2025-07-01 08:25:01,13.2
2025-07-01 08:30:01,13.6
2025-07-01 08:35:01,14.2
2025-07-01 08:40:01,14.4
2025-07-01 08:45:01,14.6
2025-07-01 08:50:01,14.7
2025-07-01 08:55:01,14.8
2025-07-01 09:00:01,14.9
2025-07-01 09:05:01,14.9
2025-07-01 09:10:01,15.1
2025-07-01 09:15:01,15.1
2025-07-01 09:20:01,15.1
2025-07-01 09:25:01,15.0
2025-07-01 09:30:01,14.9
2025-07-01 09:35:01,14.9
2025-07-01 09:40:01,14.9
2025-07-01 09:45:01,14.9
2025-07-01 09:50:01,14.3
2025-07-01 09:55:01,14.1
2025-07-01 10:00:01,14.0
2025-07-01 10:05:01,14.2
2025-07-01 10:10:01,13.7
2025-07-01 10:15:01,14.1
2025-07-01 10:20:01,14.1
2025-07-01 10:25:01,14.3
2025-07-01 10:30:01,14.4
2025-07-01 10:35:01,14.4
2025-07-01 10:40:01,14.4
2025-07-01 10:45:01,14.3
2025-07-01 10:50:01,14.3
2025-07-01 10:55:01,14.3
2025-07-01 11:00:01,14.4
2025-07-01 11:05:01,14.7
2025-07-01 11:10:01,14.8
2025-07-01 11:15:01,14.7
2025-07-01 11:20:01,14.7
2025-07-01 11:25:01,14.6
2025-07-01 11:30:01,14.6
2025-07-01 11:35:01,14.6
2025-07-01 11:40:01,14.5
2025-07-01 11:45:01,14.5
2025-07-01 11:50:01,14.4
2025-07-01 11:55:01,14.5
2025-07-01 12:00:01,14.4
2025-07-01 12:05:01,14.4
2025-07-01 12:10:01,14.6
2025-07-01 12:15:01,14.4
2025-07-01 12:20:01,14.6
2025-07-01 12:25:01,14.4
2025-07-01 12:30:01,14.5
2025-07-01 12:35:01,14.4
2025-07-01 12:40:01,14.3
2025-07-01 12:45:01,14.3
2025-07-01 12:50:01,14.2
2025-07-01 12:55:01,14.3
2025-07-01 13:00:01,14.2
2025-07-01 13:05:01,14.1
2025-07-01 13:10:01,14.1
2025-07-01 13:15:01,14.2
2025-07-01 13:20:01,14.3
2025-07-01 13:25:01,14.3
2025-07-01 13:30:01,14.2
2025-07-01 13:35:01,14.1
2025-07-01 13:40:01,14.2
2025-07-01 13:45:01,14.1
2025-07-01 13:50:01,14.4
2025-07-01 13:55:01,14.4
2025-07-01 14:00:01,14.4
2025-07-01 14:05:01,14.4
2025-07-01 14:10:01,14.3
2025-07-01 14:15:01,14.2
2025-07-01 14:20:01,14.2
2025-07-01 14:25:01,14.2
2025-07-01 14:30:01,13.8
2025-07-01 14:35:01,13.7
2025-07-01 14:40:01,13.8
2025-07-01 14:45:01,13.9
2025-07-01 14:50:01,14.1
2025-07-01 14:55:01,13.9
2025-07-01 15:00:01,13.8
2025-07-01 15:05:01,13.9
2025-07-01 15:10:01,13.7
2025-07-01 15:15:01,14.2
2025-07-01 15:20:01,14.3
2025-07-01 15:25:01,14.4
2025-07-01 15:30:01,14.6
2025-07-01 15:35:01,14.4
2025-07-01 15:40:01,14.6
2025-07-01 15:45:01,14.7
2025-07-01 15:50:01,14.6
2025-07-01 15:55:01,14.6
2025-07-01 16:00:01,14.6
2025-07-01 16:05:01,14.6
2025-07-01 16:10:01,14.7
2025-07-01 16:15:01,14.7
2025-07-01 16:20:01,14.8
2025-07-01 16:25:01,15.0
2025-07-01 16:30:01,15.1
2025-07-01 16:35:01,15.6
2025-07-01 16:40:01,15.7
2025-07-01 16:45:01,15.9
2025-07-01 16:50:01,15.9
2025-07-01 16:55:01,16.0
2025-07-01 17:00:01,15.9
2025-07-01 17:05:01,15.8
2025-07-01 17:10:01,15.8
2025-07-01 17:15:01,15.8
2025-07-01 17:20:01,15.8
2025-07-01 17:25:01,15.9
2025-07-01 17:30:01,15.8
2025-07-01 17:35:01,16.1
2025-07-01 17:40:01,16.3
2025-07-01 17:45:01,16.6
2025-07-01 17:50:01,16.9
2025-07-01 17:55:01,17.6
2025-07-01 18:00:01,18.2
2025-07-01 18:05:01,18.4
2025-07-01 18:10:01,18.9
2025-07-01 18:15:01,19.7
2025-07-01 18:20:01,20.3
2025-07-01 18:25:01,21.5
2025-07-01 18:30:01,22.5
2025-07-01 18:35:01,23.0
2025-07-01 18:40:01,23.5
2025-07-01 18:45:01,23.7
2025-07-01 18:50:01,23.9
2025-07-01 18:55:01,23.9
2025-07-01 19:00:01,23.9
2025-07-01 19:05:01,24.2
2025-07-01 19:10:01,25.2
2025-07-01 19:15:01,26.5
2025-07-01 19:20:01,27.0
2025-07-01 19:25:01,27.9
2025-07-01 19:30:01,28.5
2025-07-01 19:35:01,28.8
2025-07-01 19:40:01,29.0
2025-07-01 19:45:01,28.3
2025-07-01 19:50:01,28.2
2025-07-01 19:55:01,28.1
2025-07-01 20:00:01,27.3
2025-07-01 20:05:01,26.6
2025-07-01 20:10:01,26.9
2025-07-01 20:15:01,27.3
2025-07-01 20:20:01,28.6
2025-07-01 20:25:01,30.0
2025-07-01 20:30:01,31.2
2025-07-01 20:35:01,32.3
2025-07-01 20:40:01,32.7
2025-07-01 20:45:01,33.0
2025-07-01 20:50:01,33.7
2025-07-01 20:55:01,34.1
2025-07-01 21:00:01,33.3
2025-07-01 21:05:01,33.2
2025-07-01 21:10:01,34.3
2025-07-01 21:15:01,36.1
2025-07-01 21:20:01,37.5
2025-07-01 21:25:01,38.7
2025-07-01 21:30:01,38.8
2025-07-01 21:35:01,38.9
2025-07-01 21:40:01,38.3
2025-07-01 21:45:01,37.1
2025-07-01 21:50:01,35.8
2025-07-01 21:55:01,35.8
2025-07-01 22:00:01,36.8
2025-07-01 22:05:01,34.2
2025-07-01 22:10:01,33.0
2025-07-01 22:15:01,32.6
2025-07-01 22:20:01,32.3
2025-07-01 22:25:01,31.8
2025-07-01 22:30:01,31.7
2025-07-01 22:35:01,32.2
2025-07-01 22:40:01,32.3
2025-07-01 22:45:01,32.9
2025-07-01 22:50:01,32.6
2025-07-01 22:55:01,32.3
2025-07-01 23:00:01,31.9
2025-07-01 23:05:01,31.3
2025-07-01 23:10:01,31.4
2025-07-01 23:15:01,31.4
2025-07-01 23:20:01,31.6
2025-07-01 23:25:01,31.4
2025-07-01 23:30:01,31.3
2025-07-01 23:35:01,31.1
2025-07-01 23:40:01,30.9
2025-07-01 23:45:01,30.7
2025-07-01 23:50:01,30.6
2025-07-01 23:55:01,30.5
2025-07-02 00:00:01,30.6
2025-07-02 00:05:01,31.2
2025-07-02 00:10:01,31.1
2025-07-02 00:15:01,31.0
2025-07-02 00:20:01,30.8
2025-07-02 00:25:01,30.7
2025-07-02 00:30:01,30.6
2025-07-02 00:35:01,30.0
2025-07-02 00:40:01,29.6
2025-07-02 00:45:01,29.3
2025-07-02 00:50:01,27.8
2025-07-02 00:55:01,27.2
2025-07-02 01:00:01,26.6
2025-07-02 01:05:01,26.0
2025-07-02 01:10:01,23.0
2025-07-02 01:15:01,21.1
2025-07-02 01:20:01,21.0
2025-07-02 01:25:01,20.9
2025-07-02 01:30:01,19.8
2025-07-02 01:35:01,18.9
2025-07-02 01:40:01,18.6
2025-07-02 01:45:01,18.3
2025-07-02 01:50:01,17.9
2025-07-02 01:55:01,17.6
2025-07-02 02:00:01,17.7
2025-07-02 02:05:01,17.7
2025-07-02 02:10:01,17.8
2025-07-02 02:15:01,17.9
2025-07-02 02:20:01,18.1
2025-07-02 02:25:01,17.6
2025-07-02 02:30:01,17.5
2025-07-02 02:35:01,17.4
2025-07-02 02:40:01,16.6
2025-07-02 02:45:01,16.3
2025-07-02 02:50:01,16.1
2025-07-02 02:55:01,16.0
2025-07-02 03:00:01,16.1
2025-07-02 03:05:01,16.0
2025-07-02 03:10:01,16.0
2025-07-02 03:15:01,15.9
2025-07-02 03:20:01,15.6
2025-07-02 03:25:01,15.6
2025-07-02 03:30:01,15.6
2025-07-02 03:35:01,15.6
2025-07-02 03:40:01,15.5
2025-07-02 03:45:01,15.1
2025-07-02 03:50:01,15.5
2025-07-02 03:55:01,15.5
2025-07-02 04:00:01,14.7
2025-07-02 04:05:01,15.6
2025-07-02 04:10:01,15.5
2025-07-02 04:15:01,14.6
2025-07-02 04:20:01,14.1
2025-07-02 04:25:01,14.0
2025-07-02 04:30:01,14.0
2025-07-02 04:35:01,13.7
2025-07-02 04:40:01,13.4
2025-07-02 04:45:01,13.2
2025-07-02 04:50:01,13.2
2025-07-02 04:55:01,13.0
2025-07-02 05:00:01,12.8
2025-07-02 05:05:01,12.7
2025-07-02 05:10:01,12.5
2025-07-02 05:15:01,12.5
2025-07-02 05:20:01,12.4
2025-07-02 05:25:01,12.4
2025-07-02 05:30:01,12.5
2025-07-02 05:35:01,12.5
2025-07-02 05:40:01,12.4
2025-07-02 05:45:01,12.4
2025-07-02 05:50:01,12.5
2025-07-02 05:55:01,12.5
2025-07-02 06:00:01,12.5
2025-07-02 06:05:01,12.5
2025-07-02 06:10:01,12.5
2025-07-02 06:15:01,12.5
2025-07-02 06:20:01,12.4
2025-07-02 06:25:01,12.5
2025-07-02 06:30:01,12.6
2025-07-02 06:35:01,12.6
2025-07-02 06:40:01,12.6
2025-07-02 06:45:01,12.5
2025-07-02 06:50:01,12.6
2025-07-02 06:55:01,12.7
2025-07-02 07:00:01,12.7
2025-07-02 07:05:01,12.7
2025-07-02 07:10:01,12.7
2025-07-02 07:15:01,12.7
2025-07-02 07:20:01,12.8
2025-07-02 07:25:01,12.7
2025-07-02 07:30:01,12.7
2025-07-02 07:35:01,12.7
2025-07-02 07:40:01,12.7
2025-07-02 07:45:01,12.9
2025-07-02 07:50:01,13.4
2025-07-02 07:55:01,14.2
2025-07-02 08:00:01,15.1
2025-07-02 08:05:01,14.1
2025-07-02 08:10:01,14.4
2025-07-02 08:15:01,15.5
2025-07-02 08:20:01,15.7
2025-07-02 08:25:01,15.7
2025-07-02 08:30:01,16.0
2025-07-02 08:35:01,16.3
2025-07-02 08:40:01,16.6
2025-07-02 08:45:01,16.6
2025-07-02 08:50:01,16.6
2025-07-02 08:55:01,16.5
2025-07-02 09:00:01,16.4
2025-07-02 09:05:01,16.0
2025-07-02 09:10:01,15.9
2025-07-02 09:15:01,16.0
2025-07-02 09:20:01,15.9
2025-07-02 09:25:01,15.8
2025-07-02 09:30:01,15.9
2025-07-02 09:35:01,15.9
2025-07-02 09:40:01,16.0
2025-07-02 09:45:01,15.8
2025-07-02 09:50:01,15.4
2025-07-02 09:55:01,15.1
2025-07-02 10:00:01,14.9
2025-07-02 10:05:01,14.8
2025-07-02 10:10:01,14.7
2025-07-02 10:15:01,14.8
2025-07-02 10:20:01,14.9
2025-07-02 10:25:01,15.3
2025-07-02 10:30:01,15.5
2025-07-02 10:35:01,15.6
2025-07-02 10:40:01,15.3
2025-07-02 10:45:01,15.2
2025-07-02 10:50:01,15.1
2025-07-02 10:55:01,14.9
2025-07-02 11:00:01,14.2
2025-07-02 11:05:01,13.1
2025-07-02 11:10:01,12.0
2025-07-02 11:15:01,11.4
2025-07-02 11:20:01,11.0
2025-07-02 11:25:01,10.7
2025-07-02 11:30:01,10.5
2025-07-02 11:35:01,10.3
2025-07-02 11:40:01,10.2
2025-07-02 11:45:01,10.1
2025-07-02 11:50:01,10.1
2025-07-02 11:55:01,9.9
2025-07-02 12:00:01,9.9
2025-07-02 12:05:01,9.8
2025-07-02 12:10:01,9.8
2025-07-02 12:15:01,9.8
2025-07-02 12:20:01,9.7
2025-07-02 12:25:01,9.7
2025-07-02 12:30:01,9.6
2025-07-02 12:35:01,9.6
2025-07-02 12:40:01,9.6
2025-07-02 12:45:01,9.6
2025-07-02 12:50:01,9.6
2025-07-02 12:55:01,9.6
2025-07-02 13:00:01,9.6
2025-07-02 13:05:01,9.7
2025-07-02 13:10:01,9.7
2025-07-02 13:15:01,9.8
2025-07-02 13:20:01,10.1
2025-07-02 13:25:01,10.2
2025-07-02 13:30:01,10.6
2025-07-02 13:35:01,11.2
2025-07-02 13:40:01,11.6
2025-07-02 13:45:01,11.5
2025-07-02 13:50:01,12.1
2025-07-02 13:55:01,12.5
2025-07-02 14:00:01,12.9
2025-07-02 14:05:01,13.2
2025-07-02 14:10:01,13.8
2025-07-02 14:15:01,14.0
2025-07-02 14:20:01,14.1
2025-07-02 14:25:01,14.3
2025-07-02 14:30:01,14.4
2025-07-02 14:35:01,14.3
2025-07-02 14:40:01,14.0
2025-07-02 14:45:01,14.4
2025-07-02 14:50:01,14.7
2025-07-02 14:55:01,14.9
2025-07-02 15:00:01,15.0
2025-07-02 15:05:01,14.9
2025-07-02 15:10:01,14.9
2025-07-02 15:15:01,15.1
2025-07-02 15:20:01,15.4
2025-07-02 15:25:01,15.8
2025-07-02 15:30:01,16.1
2025-07-02 15:35:01,16.4
2025-07-02 15:40:01,17.0
2025-07-02 15:45:01,17.6
2025-07-02 15:50:01,17.8
2025-07-02 15:55:01,17.2
2025-07-02 16:00:01,16.3
2025-07-02 16:05:01,15.9
2025-07-02 16:10:01,15.8
2025-07-02 16:15:01,15.7
2025-07-02 16:20:01,15.8
2025-07-02 16:25:01,15.8
2025-07-02 16:30:01,15.9
2025-07-02 16:35:01,16.1
2025-07-02 16:40:01,16.3
2025-07-02 16:45:01,16.4
2025-07-02 16:50:01,16.6
2025-07-02 16:55:01,16.8
2025-07-02 17:00:01,17.1
2025-07-02 17:05:01,17.0
2025-07-02 17:10:01,16.7
2025-07-02 17:15:01,16.7
2025-07-02 17:20:01,17.0
2025-07-02 17:25:01,16.9
2025-07-02 17:30:01,16.9
2025-07-02 17:35:01,16.9
2025-07-02 17:40:01,17.0
2025-07-02 17:45:01,17.1
2025-07-02 17:50:01,17.2
2025-07-02 17:55:01,17.3
2025-07-02 18:00:01,17.4
2025-07-02 18:05:01,17.1
2025-07-02 18:10:01,17.0
2025-07-02 18:15:01,17.1
2025-07-02 18:20:01,17.3
2025-07-02 18:25:01,17.3
2025-07-02 18:30:01,17.4
2025-07-02 18:35:01,17.5
2025-07-02 18:40:01,17.6
2025-07-02 18:45:01,17.7
2025-07-02 18:50:01,17.8
2025-07-02 18:55:01,17.9
2025-07-02 19:00:01,17.9
2025-07-02 19:05:01,17.9
2025-07-02 19:10:01,17.9
2025-07-02 19:15:01,17.9
2025-07-02 19:20:01,17.9
2025-07-02 19:25:01,17.8
2025-07-02 19:30:01,17.8
2025-07-02 19:35:01,18.1
2025-07-02 19:40:01,18.3
2025-07-02 19:45:01,18.0
2025-07-02 19:50:01,18.5
2025-07-02 19:55:01,18.6
2025-07-02 20:00:01,18.8
2025-07-02 20:05:01,18.8
2025-07-02 20:10:01,18.7
2025-07-02 20:15:01,18.9
2025-07-02 20:20:01,19.0
2025-07-02 20:25:01,19.5
2025-07-02 20:30:01,19.9
2025-07-02 20:35:01,20.6
2025-07-02 20:40:01,20.7
2025-07-02 20:45:01,20.1
2025-07-02 20:50:01,19.7
2025-07-02 20:55:01,20.5
2025-07-02 21:00:01,21.2
2025-07-02 21:05:01,22.4
2025-07-02 21:10:01,23.6
2025-07-02 21:15:01,24.2
2025-07-02 21:20:01,24.2
2025-07-02 21:25:01,24.1
2025-07-02 21:30:01,23.6
2025-07-02 21:35:01,23.4
2025-07-02 21:40:01,23.9
2025-07-02 21:45:01,24.5
2025-07-02 21:50:01,25.5
2025-07-02 21:55:01,25.7
2025-07-02 22:00:01,26.1
2025-07-02 22:05:01,27.1
2025-07-02 22:10:01,27.8
2025-07-02 22:15:01,28.5
2025-07-02 22:20:01,28.8
2025-07-02 22:25:01,28.9
2025-07-02 22:30:01,29.6
2025-07-02 22:35:01,30.1
2025-07-02 22:40:01,31.5
2025-07-02 22:45:01,31.4
2025-07-02 22:50:01,30.4
2025-07-02 22:55:01,29.9
2025-07-02 23:00:01,29.8
2025-07-02 23:05:01,29.7
2025-07-02 23:10:01,29.4
2025-07-02 23:15:01,28.6
2025-07-02 23:20:01,28.1
2025-07-02 23:25:01,28.0
2025-07-02 23:30:01,28.4
2025-07-02 23:35:01,29.3
2025-07-02 23:40:01,29.3
2025-07-02 23:45:01,29.1
2025-07-02 23:50:01,28.7
2025-07-02 23:55:01,29.0
2025-07-03 00:00:01,29.0
2025-07-03 00:05:01,29.0
2025-07-03 00:10:01,28.5
2025-07-03 00:15:01,27.2
2025-07-03 00:20:01,26.7
2025-07-03 00:25:01,23.8
2025-07-03 00:30:01,21.0
2025-07-03 00:35:01,19.6
2025-07-03 00:40:01,19.1
2025-07-03 00:45:01,18.7
2025-07-03 00:50:01,18.6
2025-07-03 00:55:01,18.5
2025-07-03 01:00:01,18.5
2025-07-03 01:05:01,18.7
2025-07-03 01:10:01,17.9
2025-07-03 01:15:01,18.1
2025-07-03 01:20:01,17.9
2025-07-03 01:25:01,17.9
2025-07-03 01:30:01,17.9
2025-07-03 01:35:01,17.8
2025-07-03 01:40:01,17.5
2025-07-03 01:45:01,17.6
2025-07-03 01:50:01,17.6
2025-07-03 01:55:01,17.5
2025-07-03 02:00:01,17.5
2025-07-03 02:05:01,17.4
2025-07-03 02:10:01,17.5
2025-07-03 02:15:01,17.4
2025-07-03 02:20:01,17.3
2025-07-03 02:25:01,17.2
2025-07-03 02:30:01,17.2
2025-07-03 02:35:01,16.9
2025-07-03 02:40:01,16.9
2025-07-03 02:45:01,16.9
2025-07-03 02:50:01,16.6
2025-07-03 02:55:01,16.4
2025-07-03 03:00:01,16.5
2025-07-03 03:05:01,16.6
2025-07-03 03:10:01,16.7
2025-07-03 03:15:01,16.8
2025-07-03 03:20:01,16.7
2025-07-03 03:25:01,16.8
2025-07-03 03:30:01,16.8
2025-07-03 03:35:01,16.8
2025-07-03 03:40:01,16.8
2025-07-03 03:45:01,16.8
2025-07-03 03:50:01,16.6
2025-07-03 03:55:01,16.6
2025-07-03 04:00:01,16.5
2025-07-03 04:05:01,16.4
2025-07-03 04:10:01,16.3
2025-07-03 04:15:01,16.0
2025-07-03 04:20:01,15.8
2025-07-03 04:25:01,15.6
2025-07-03 04:30:01,15.3
2025-07-03 04:35:01,14.9
2025-07-03 04:40:01,14.8
2025-07-03 04:45:01,14.4
2025-07-03 04:50:01,14.3
2025-07-03 04:55:01,14.1
2025-07-03 05:00:01,13.8
2025-07-03 05:05:01,13.6
2025-07-03 05:10:01,13.4
2025-07-03 05:15:01,13.3
2025-07-03 05:20:01,13.2
2025-07-03 05:25:01,13.2
2025-07-03 05:30:01,13.3
2025-07-03 05:35:01,13.3
2025-07-03 05:40:01,13.4
2025-07-03 05:45:01,13.5
2025-07-03 05:50:01,13.5
2025-07-03 05:55:01,13.5
2025-07-03 06:00:01,13.4
2025-07-03 06:05:01,13.2
2025-07-03 06:10:01,13.3
2025-07-03 06:15:01,13.4
2025-07-03 06:20:01,13.3
2025-07-03 06:25:01,13.2
2025-07-03 06:30:01,13.1
2025-07-03 06:35:01,13.1
2025-07-03 06:40:01,13.1
2025-07-03 06:45:01,13.1
2025-07-03 06:50:01,13.1
2025-07-03 06:55:01,13.1
2025-07-03 07:00:01,13.1
2025-07-03 07:05:01,13.2
2025-07-03 07:10:01,13.3
2025-07-03 07:15:01,13.3
2025-07-03 07:20:01,13.3
2025-07-03 07:25:01,13.4
2025-07-03 07:30:01,13.4
2025-07-03 07:35:01,13.4
2025-07-03 07:40:01,13.5
2025-07-03 07:45:01,13.5
2025-07-03 07:50:01,13.5
2025-07-03 07:55:01,13.5
2025-07-03 08:00:01,13.5
2025-07-03 08:05:01,13.6
2025-07-03 08:10:01,13.6
2025-07-03 08:15:01,13.6
2025-07-03 08:20:01,13.6
2025-07-03 08:25:01,13.6
2025-07-03 08:30:01,13.7
2025-07-03 08:35:01,13.7
2025-07-03 08:40:01,13.7
2025-07-03 08:45:01,13.7
2025-07-03 08:50:01,13.7
2025-07-03 08:55:01,13.7
2025-07-03 09:00:01,13.6
2025-07-03 09:05:01,13.7
2025-07-03 09:10:01,13.7
2025-07-03 09:15:01,13.6
2025-07-03 09:20:01,13.6
2025-07-03 09:25:01,13.7
2025-07-03 09:30:01,13.6
2025-07-03 09:35:01,13.6
2025-07-03 09:40:01,13.6
2025-07-03 09:45:01,13.6
2025-07-03 09:50:01,13.5
2025-07-03 09:55:01,13.5
2025-07-03 10:00:01,13.5
2025-07-03 10:05:01,13.5
2025-07-03 10:10:01,13.5
2025-07-03 10:15:01,13.5
2025-07-03 10:20:01,13.4
2025-07-03 10:25:01,13.3
2025-07-03 10:30:01,13.2
2025-07-03 10:35:01,13.1
2025-07-03 10:40:01,13.0
2025-07-03 10:45:01,13.0
2025-07-03 10:50:01,12.8
2025-07-03 10:55:01,12.1
2025-07-03 11:00:01,11.3
2025-07-03 11:05:01,10.8
2025-07-03 11:10:01,10.6
2025-07-03 11:15:01,10.4
2025-07-03 11:20:01,10.2
2025-07-03 11:25:01,9.9
2025-07-03 11:30:01,9.8
2025-07-03 11:35:01,9.7
2025-07-03 11:40:01,9.5
2025-07-03 11:45:01,9.4
2025-07-03 11:50:01,9.4
2025-07-03 11:55:01,9.2
2025-07-03 12:00:01,9.2
2025-07-03 12:05:01,9.1
2025-07-03 12:10:01,9.1
2025-07-03 12:15:01,9.1
2025-07-03 12:20:01,9.1
2025-07-03 12:25:01,9.0
2025-07-03 12:30:01,9.0
2025-07-03 12:35:01,9.0
2025-07-03 12:40:01,9.1
2025-07-03 12:45:01,9.2
2025-07-03 12:50:01,9.3
2025-07-03 12:55:01,9.4
2025-07-03 13:00:01,9.5
2025-07-03 13:05:01,9.4
2025-07-03 13:10:01,9.7
2025-07-03 13:15:01,9.8
2025-07-03 13:20:01,9.9
2025-07-03 13:25:01,10.1
2025-07-03 13:30:01,10.4
2025-07-03 13:35:01,10.7
2025-07-03 13:40:01,11.3
2025-07-03 13:45:01,11.9
2025-07-03 13:50:01,12.2
2025-07-03 13:55:01,12.4
2025-07-03 14:00:01,12.6
2025-07-03 14:05:01,13.1
2025-07-03 14:10:01,13.0
2025-07-03 14:15:01,13.0
2025-07-03 14:20:01,13.0
2025-07-03 14:25:01,13.0
2025-07-03 14:30:01,13.0
2025-07-03 14:35:01,13.0
2025-07-03 14:40:01,13.1
2025-07-03 14:45:01,13.1
2025-07-03 14:50:01,13.2
2025-07-03 14:55:01,13.2
2025-07-03 15:00:01,13.1
2025-07-03 15:05:01,13.2
2025-07-03 15:10:01,13.5
2025-07-03 15:15:01,13.6
2025-07-03 15:20:01,13.7
2025-07-03 15:25:01,13.9
2025-07-03 15:30:01,14.1
2025-07-03 15:35:01,14.3
2025-07-03 15:40:01,14.4
2025-07-03 15:45:01,14.6
2025-07-03 15:50:01,14.7
2025-07-03 15:55:01,14.9
2025-07-03 16:00:01,14.2
2025-07-03 16:05:01,13.7
2025-07-03 16:10:01,13.6
2025-07-03 16:15:01,13.8
2025-07-03 16:20:01,14.3
2025-07-03 16:25:01,14.4
2025-07-03 16:30:01,14.5
2025-07-03 16:35:01,14.6
2025-07-03 16:40:01,14.7
2025-07-03 16:45:01,14.9
2025-07-03 16:50:01,15.2
2025-07-03 16:55:01,15.7
2025-07-03 17:00:01,16.0
2025-07-03 17:05:01,16.2
2025-07-03 17:10:01,16.2
2025-07-03 17:15:01,16.1
2025-07-03 17:20:01,15.9
2025-07-03 17:25:01,16.1
2025-07-03 17:30:01,16.4
2025-07-03 17:35:01,17.1
2025-07-03 17:40:01,18.1
2025-07-03 17:45:01,17.4
2025-07-03 17:50:01,16.3
2025-07-03 17:55:01,15.7
2025-07-03 18:00:01,15.9
2025-07-03 18:05:01,16.3
2025-07-03 18:10:01,16.4
2025-07-03 18:15:01,16.8
2025-07-03 18:20:01,17.0
2025-07-03 18:25:01,16.7
2025-07-03 18:30:01,17.0
2025-07-03 18:35:01,16.9
2025-07-03 18:40:01,16.9
2025-07-03 18:45:01,17.2
2025-07-03 18:50:01,17.1
2025-07-03 18:55:01,16.9
2025-07-03 19:00:01,16.6
2025-07-03 19:05:01,17.1
2025-07-03 19:10:01,16.7
2025-07-03 19:15:01,16.6
2025-07-03 19:20:01,16.7
2025-07-03 19:25:01,17.0
2025-07-03 19:30:01,17.0
2025-07-03 19:35:01,17.0
2025-07-03 19:40:01,17.1
2025-07-03 19:45:01,17.1
2025-07-03 19:50:01,17.1
2025-07-03 19:55:01,17.0
2025-07-03 20:00:01,17.2
2025-07-03 20:05:01,17.3
2025-07-03 20:10:01,17.1
2025-07-03 20:15:01,17.2
2025-07-03 20:20:01,17.2
2025-07-03 20:25:01,17.4
2025-07-03 20:30:01,17.3
2025-07-03 20:35:01,17.2
2025-07-03 20:40:01,17.1
2025-07-03 20:45:01,17.1
2025-07-03 20:50:01,17.0
2025-07-03 20:55:01,17.1
2025-07-03 21:00:01,17.0
2025-07-03 21:05:01,17.1
2025-07-03 21:10:01,17.1
2025-07-03 21:15:01,17.1
2025-07-03 21:20:01,17.2
2025-07-03 21:25:01,17.4
2025-07-03 21:30:01,17.1
2025-07-03 21:35:01,17.3
2025-07-03 21:40:01,17.5
2025-07-03 21:45:01,17.4
2025-07-03 21:50:01,17.5
2025-07-03 21:55:01,17.4
2025-07-03 22:00:01,17.5
2025-07-03 22:05:01,17.6
2025-07-03 22:10:01,17.6
2025-07-03 22:15:01,17.5
2025-07-03 22:20:01,17.3
2025-07-03 22:25:01,17.2
2025-07-03 22:30:01,17.2
2025-07-03 22:35:01,17.4
2025-07-03 22:40:01,17.4
2025-07-03 22:45:01,17.3
2025-07-03 22:50:01,17.6
2025-07-03 22:55:01,17.8
2025-07-03 23:00:01,17.9
2025-07-03 23:05:01,18.2
2025-07-03 23:10:01,18.5
2025-07-03 23:15:01,18.5
2025-07-03 23:20:01,18.7
2025-07-03 23:25:01,18.2
2025-07-03 23:30:01,17.8
2025-07-03 23:35:01,17.6
2025-07-03 23:40:01,17.6
2025-07-03 23:45:01,17.6
2025-07-03 23:50:01,17.6
2025-07-03 23:55:01,17.6
2025-07-04 00:00:01,17.7
2025-07-04 00:05:01,17.7
2025-07-04 00:10:01,17.7
2025-07-04 00:15:01,17.7
2025-07-04 00:20:01,17.5
2025-07-04 00:25:01,17.4
2025-07-04 00:30:01,17.6
2025-07-04 00:35:01,17.4
2025-07-04 00:40:01,17.4
2025-07-04 00:45:01,17.2
2025-07-04 00:50:01,17.2
2025-07-04 00:55:01,17.2
2025-07-04 01:00:01,17.2
2025-07-04 01:05:01,17.3
2025-07-04 01:10:01,17.3
2025-07-04 01:15:01,17.2
2025-07-04 01:20:01,17.1
2025-07-04 01:25:01,17.1
2025-07-04 01:30:01,17.0
2025-07-04 01:35:01,17.0
2025-07-04 01:40:01,16.9
2025-07-04 01:45:01,16.9
2025-07-04 01:50:01,16.9
2025-07-04 01:55:01,16.8
2025-07-04 02:00:01,16.8
2025-07-04 02:05:01,16.9
2025-07-04 02:10:01,16.8
2025-07-04 02:15:01,16.7
2025-07-04 02:20:01,16.7
2025-07-04 02:25:01,16.6
2025-07-04 02:30:01,16.6
2025-07-04 02:35:01,16.6
2025-07-04 02:40:01,16.6
2025-07-04 02:45:01,16.7
2025-07-04 02:50:01,16.7
2025-07-04 02:55:01,16.6
2025-07-04 03:00:01,16.5
2025-07-04 03:05:01,16.4
2025-07-04 03:10:01,16.3
2025-07-04 03:15:01,16.2
2025-07-04 03:20:01,16.1
2025-07-04 03:25:01,16.1
2025-07-04 03:30:01,16.1
2025-07-04 03:35:01,16.0
2025-07-04 03:40:01,16.0
2025-07-04 03:45:01,15.9
2025-07-04 03:50:01,15.8
2025-07-04 03:55:01,15.8
2025-07-04 04:00:01,15.7
2025-07-04 04:05:01,15.6
2025-07-04 04:10:01,15.2
2025-07-04 04:15:01,14.8
2025-07-04 04:20:01,14.6
2025-07-04 04:25:01,14.4
2025-07-04 04:30:01,14.3
2025-07-04 04:35:01,14.1
2025-07-04 04:40:01,14.1
2025-07-04 04:45:01,14.3
2025-07-04 04:50:01,14.3
2025-07-04 04:55:01,14.3
2025-07-04 05:00:01,14.2
2025-07-04 05:05:01,14.6
2025-07-04 05:10:01,14.5
2025-07-04 05:15:01,14.4
2025-07-04 05:20:01,14.4
2025-07-04 05:25:01,14.4
2025-07-04 05:30:01,14.5
2025-07-04 05:35:01,14.7
2025-07-04 05:40:01,14.7
2025-07-04 05:45:01,15.1
2025-07-04 05:50:01,15.4
2025-07-04 05:55:01,15.2
2025-07-04 06:00:01,14.8
2025-07-04 06:05:01,14.4
2025-07-04 06:10:01,14.0
2025-07-04 06:15:01,14.1
2025-07-04 06:20:01,14.1
2025-07-04 06:25:01,13.7
2025-07-04 06:30:01,14.1
2025-07-04 06:35:01,14.1
2025-07-04 06:40:01,14.1
2025-07-04 06:45:01,14.0
2025-07-04 06:50:01,13.8
2025-07-04 06:55:01,13.8
2025-07-04 07:00:01,13.8
2025-07-04 07:05:01,13.7
2025-07-04 07:10:01,13.7
2025-07-04 07:15:01,13.6
2025-07-04 07:20:01,13.6
2025-07-04 07:25:01,13.6
2025-07-04 07:30:01,13.6
2025-07-04 07:35:01,13.6
2025-07-04 07:40:01,13.5
2025-07-04 07:45:01,13.3
2025-07-04 07:50:01,13.2
2025-07-04 07:55:01,13.2
2025-07-04 08:00:01,13.1
2025-07-04 08:05:01,13.0
2025-07-04 08:10:01,13.1
2025-07-04 08:15:01,13.0
2025-07-04 08:20:01,12.9
2025-07-04 08:25:01,12.9
2025-07-04 08:30:01,12.9
2025-07-04 08:35:01,12.9
2025-07-04 08:40:01,12.9
2025-07-04 08:45:01,12.9
2025-07-04 08:50:01,12.8
2025-07-04 08:55:01,12.8
2025-07-04 09:00:01,12.9
2025-07-04 09:05:01,12.9
2025-07-04 09:10:01,12.9
2025-07-04 09:15:01,13.0
2025-07-04 09:20:01,13.0
2025-07-04 09:25:01,13.0
2025-07-04 09:30:01,12.9
2025-07-04 09:35:01,12.9
2025-07-04 09:40:01,13.1
2025-07-04 09:45:01,13.2
2025-07-04 09:50:01,13.3
2025-07-04 09:55:01,13.3
2025-07-04 10:00:01,13.3
2025-07-04 10:05:01,13.3
2025-07-04 10:10:01,13.3
2025-07-04 10:15:01,13.2
2025-07-04 10:20:01,13.2
2025-07-04 10:25:01,13.2
2025-07-04 10:30:01,13.2
2025-07-04 10:35:01,13.2
2025-07-04 10:40:01,13.1
2025-07-04 10:45:01,12.8
2025-07-04 10:50:01,12.7
2025-07-04 10:55:01,12.1
2025-07-04 11:00:01,11.2
2025-07-04 11:05:01,10.6
2025-07-04 11:10:01,10.1
2025-07-04 11:15:01,9.9
2025-07-04 11:20:01,9.7
2025-07-04 11:25:01,9.6
2025-07-04 11:30:01,9.6
2025-07-04 11:35:01,9.5
2025-07-04 11:40:01,9.6
2025-07-04 11:45:01,9.5
2025-07-04 11:50:01,9.6
2025-07-04 11:55:01,9.6
2025-07-04 12:00:01,9.6
2025-07-04 12:05:01,9.6
2025-07-04 12:10:01,9.6
2025-07-04 12:15:01,9.6
2025-07-04 12:20:01,9.6
2025-07-04 12:25:01,9.6
2025-07-04 12:30:01,9.6
2025-07-04 12:35:01,9.6
2025-07-04 12:40:01,9.7
2025-07-04 12:45:01,9.8
2025-07-04 12:50:01,9.8
2025-07-04 12:55:01,9.9
2025-07-04 13:00:01,9.9
2025-07-04 13:05:01,10.0
2025-07-04 13:10:01,10.1
2025-07-04 13:15:01,10.2
2025-07-04 13:20:01,10.3
2025-07-04 13:25:01,10.5
2025-07-04 13:30:01,10.7
2025-07-04 13:35:01,11.0
2025-07-04 13:40:01,11.3
2025-07-04 13:45:01,11.6
2025-07-04 13:50:01,12.1
2025-07-04 13:55:01,12.4
2025-07-04 14:00:01,12.6
2025-07-04 14:05:01,12.9
2025-07-04 14:10:01,12.9
2025-07-04 14:15:01,12.8
2025-07-04 14:20:01,12.5
2025-07-04 14:25:01,12.7
2025-07-04 14:30:01,12.8
2025-07-04 14:35:01,12.8
2025-07-04 14:40:01,12.9
2025-07-04 14:45:01,13.1
2025-07-04 14:50:01,13.3
2025-07-04 14:55:01,13.5
2025-07-04 15:00:01,13.7
2025-07-04 15:05:01,13.9
2025-07-04 15:10:01,13.9
2025-07-04 15:15:01,14.1
2025-07-04 15:20:01,14.1
2025-07-04 15:25:01,14.1
2025-07-04 15:30:01,14.5
2025-07-04 15:35:01,14.5
2025-07-04 15:40:01,14.6
2025-07-04 15:45:01,14.7
2025-07-04 15:50:01,14.8
2025-07-04 15:55:01,15.0
2025-07-04 16:00:01,14.6
2025-07-04 16:05:01,14.3
2025-07-04 16:10:01,14.3
2025-07-04 16:15:01,14.3
2025-07-04 16:20:01,14.5
2025-07-04 16:25:01,14.5
2025-07-04 16:30:01,14.5
2025-07-04 16:35:01,14.9
2025-07-04 16:40:01,15.6
2025-07-04 16:45:01,16.1
2025-07-04 16:50:01,16.3
2025-07-04 16:55:01,16.8
2025-07-04 17:00:01,17.2
2025-07-04 17:05:01,17.4
2025-07-04 17:10:01,17.2
2025-07-04 17:15:01,17.3
2025-07-04 17:20:01,17.4
2025-07-04 17:25:01,17.8
2025-07-04 17:30:01,18.4
2025-07-04 17:35:01,18.6
2025-07-04 17:40:01,19.0
2025-07-04 17:45:01,18.8
2025-07-04 17:50:01,18.8
2025-07-04 17:55:01,19.1
2025-07-04 18:00:01,19.6
2025-07-04 18:05:01,20.2
2025-07-04 18:10:01,20.4
2025-07-04 18:15:01,20.4
2025-07-04 18:20:01,20.7
2025-07-04 18:25:01,20.9
2025-07-04 18:30:01,21.3
2025-07-04 18:35:01,21.0
2025-07-04 18:40:01,19.7
2025-07-04 18:45:01,18.3
2025-07-04 18:50:01,18.0
2025-07-04 18:55:01,18.4
2025-07-04 19:00:01,18.8
2025-07-04 19:05:01,17.7
2025-07-04 19:10:01,18.1
2025-07-04 19:15:01,18.3
2025-07-04 19:20:01,18.3
2025-07-04 19:25:01,18.3
2025-07-04 19:30:01,18.2
2025-07-04 19:35:01,18.1
2025-07-04 19:40:01,18.3
2025-07-04 19:45:01,17.7
2025-07-04 19:50:01,17.2
2025-07-04 19:55:01,17.1
2025-07-04 20:00:01,17.3
2025-07-04 20:05:01,17.2
2025-07-04 20:10:01,17.2
2025-07-04 20:15:01,17.3
2025-07-04 20:20:01,17.3
2025-07-04 20:25:01,17.2
2025-07-04 20:30:01,17.2
2025-07-04 20:35:01,17.2
2025-07-04 20:40:01,17.1
2025-07-04 20:45:01,17.1
2025-07-04 20:50:01,17.0
2025-07-04 20:55:01,17.0
2025-07-04 21:00:01,16.9
2025-07-04 21:05:01,16.8
2025-07-04 21:10:01,16.6
2025-07-04 21:15:01,16.7
2025-07-04 21:20:01,16.6
2025-07-04 21:25:01,16.6
2025-07-04 21:30:01,16.6
2025-07-04 21:35:01,16.6
2025-07-04 21:40:01,16.6
2025-07-04 21:45:01,16.6
2025-07-04 21:50:01,16.6
2025-07-04 21:55:01,16.6
2025-07-04 22:00:01,16.8
2025-07-04 22:05:01,16.9
2025-07-04 22:10:01,16.8
2025-07-04 22:15:01,16.7
2025-07-04 22:20:01,16.6
2025-07-04 22:25:01,16.5
2025-07-04 22:30:01,16.7
2025-07-04 22:35:01,16.5
2025-07-04 22:40:01,16.5
2025-07-04 22:45:01,16.8
2025-07-04 22:50:01,16.9
2025-07-04 22:55:01,17.1
2025-07-04 23:00:01,17.2
2025-07-04 23:05:01,17.2
2025-07-04 23:10:01,17.2
2025-07-04 23:15:01,17.1
2025-07-04 23:20:01,17.1
2025-07-04 23:25:01,17.2
2025-07-04 23:30:01,17.2
2025-07-04 23:35:01,17.4
2025-07-04 23:40:01,17.4
2025-07-04 23:45:01,17.4
2025-07-04 23:50:01,17.4
2025-07-04 23:55:01,17.3
2025-07-05 00:00:01,17.1
2025-07-05 00:05:01,17.0
2025-07-05 00:10:01,17.0
2025-07-05 00:15:01,17.1
2025-07-05 00:20:01,17.2
2025-07-05 00:25:01,17.2
2025-07-05 00:30:01,17.2
2025-07-05 00:35:01,17.3
2025-07-05 00:40:01,16.8
2025-07-05 00:45:01,16.6
2025-07-05 00:50:01,16.6
2025-07-05 00:55:01,16.5
2025-07-05 01:00:01,16.6
2025-07-05 01:05:01,16.5
2025-07-05 01:10:01,16.6
2025-07-05 01:15:01,16.7
2025-07-05 01:20:01,16.6
2025-07-05 01:25:01,16.5
2025-07-05 01:30:01,16.5
2025-07-05 01:35:01,16.4
2025-07-05 01:40:01,16.4
2025-07-05 01:45:01,16.4
2025-07-05 01:50:01,16.3
2025-07-05 01:55:01,16.3
2025-07-05 02:00:01,16.2
2025-07-05 02:05:01,16.1
2025-07-05 02:10:01,16.2
2025-07-05 02:15:01,16.1
2025-07-05 02:20:01,16.2
2025-07-05 02:25:01,16.2
2025-07-05 02:30:01,16.1
2025-07-05 02:35:01,16.1
2025-07-05 02:40:01,16.1
2025-07-05 02:45:01,16.0
2025-07-05 02:50:01,15.9
2025-07-05 02:55:01,16.0
2025-07-05 03:00:01,15.9
2025-07-05 03:05:01,16.0
2025-07-05 03:10:01,16.0
2025-07-05 03:15:01,16.1
2025-07-05 03:20:01,16.0
2025-07-05 03:25:01,16.1
2025-07-05 03:30:01,15.9
2025-07-05 03:35:01,15.8
2025-07-05 03:40:01,15.8
2025-07-05 03:45:01,15.8
2025-07-05 03:50:01,15.8
2025-07-05 03:55:01,15.8
2025-07-05 04:00:01,15.7
2025-07-05 04:05:01,15.8
2025-07-05 04:10:01,15.8
2025-07-05 04:15:01,15.7
2025-07-05 04:20:01,15.7
2025-07-05 04:25:01,15.7
2025-07-05 04:30:01,15.7
2025-07-05 04:35:01,15.7
2025-07-05 04:40:01,15.6
2025-07-05 04:45:01,15.7
2025-07-05 04:50:01,15.6
2025-07-05 04:55:01,15.7
2025-07-05 05:00:01,15.7
2025-07-05 05:05:01,15.7
2025-07-05 05:10:01,15.6
2025-07-05 05:15:01,15.7
2025-07-05 05:20:01,15.6
2025-07-05 05:25:01,15.6
2025-07-05 05:30:01,15.6
2025-07-05 05:35:01,15.6
2025-07-05 05:40:01,15.5
2025-07-05 05:45:01,15.6
2025-07-05 05:50:01,15.6
2025-07-05 05:55:01,15.6
2025-07-05 06:00:01,15.6
2025-07-05 06:05:01,15.6
2025-07-05 06:10:01,15.6
2025-07-05 06:15:01,15.6
2025-07-05 06:20:01,15.6
2025-07-05 06:25:01,15.5
2025-07-05 06:30:01,15.6
2025-07-05 06:35:01,15.6
2025-07-05 06:40:01,15.6
2025-07-05 06:45:01,15.4
2025-07-05 06:50:01,15.4
2025-07-05 06:55:01,15.5
2025-07-05 07:00:01,15.3
2025-07-05 07:05:01,15.3
2025-07-05 07:10:01,15.2
2025-07-05 07:15:01,15.3
2025-07-05 07:20:01,15.2
2025-07-05 07:25:01,15.2
2025-07-05 07:30:01,15.3
2025-07-05 07:35:01,15.3
2025-07-05 07:40:01,15.2
2025-07-05 07:45:01,15.1
2025-07-05 07:50:01,15.1
2025-07-05 07:55:01,15.1
2025-07-05 08:00:01,15.1
2025-07-05 08:05:01,15.2
2025-07-05 08:10:01,15.1
2025-07-05 08:15:01,15.2
2025-07-05 08:20:01,15.3
2025-07-05 08:25:01,15.3
2025-07-05 08:30:01,15.3
2025-07-05 08:35:01,15.3
2025-07-05 08:40:01,15.3
2025-07-05 08:45:01,15.3
2025-07-05 08:50:01,15.3
2025-07-05 08:55:01,15.4
2025-07-05 09:00:01,15.3
2025-07-05 09:05:01,15.4
2025-07-05 09:10:01,15.3
2025-07-05 09:15:01,15.4
2025-07-05 09:20:01,15.3
2025-07-05 09:25:01,15.3
2025-07-05 09:30:01,15.3
2025-07-05 09:35:01,15.3
2025-07-05 09:40:01,15.3
2025-07-05 09:45:01,15.3
2025-07-05 09:50:01,15.3
2025-07-05 09:55:01,15.2
2025-07-05 10:00:01,15.2
2025-07-05 10:05:01,15.2
2025-07-05 10:10:01,15.2
2025-07-05 10:15:01,15.2
2025-07-05 10:20:01,15.2
2025-07-05 10:25:01,15.2
2025-07-05 10:30:01,15.1
2025-07-05 10:35:01,15.1
2025-07-05 10:40:01,15.0
2025-07-05 10:45:01,14.9
2025-07-05 10:50:01,14.9
2025-07-05 10:55:01,14.7
2025-07-05 11:00:01,14.4
2025-07-05 11:05:01,13.3
2025-07-05 11:10:01,12.5
2025-07-05 11:15:01,11.9
2025-07-05 11:20:01,11.5
2025-07-05 11:25:01,11.2
2025-07-05 11:30:01,11.0
2025-07-05 11:35:01,10.8
2025-07-05 11:40:01,10.7
2025-07-05 11:45:01,10.6
2025-07-05 11:50:01,10.4
2025-07-05 11:55:01,10.3
2025-07-05 12:00:01,10.2
2025-07-05 12:05:01,10.2
2025-07-05 12:10:01,10.2
2025-07-05 12:15:01,10.1
2025-07-05 12:20:01,10.0
2025-07-05 12:25:01,9.9
2025-07-05 12:30:01,9.9
2025-07-05 12:35:01,9.9
2025-07-05 12:40:01,10.0
2025-07-05 12:45:01,10.1
2025-07-05 12:50:01,10.2
2025-07-05 12:55:01,10.3
2025-07-05 13:00:01,10.3
2025-07-05 13:05:01,10.5
2025-07-05 13:10:01,10.6
2025-07-05 13:15:01,10.8
2025-07-05 13:20:01,11.0
2025-07-05 13:25:01,11.3
2025-07-05 13:30:01,11.6
2025-07-05 13:35:01,11.9
2025-07-05 13:40:01,12.0
2025-07-05 13:45:01,12.1
2025-07-05 13:50:01,12.2
2025-07-05 13:55:01,12.5
2025-07-05 14:00:01,12.4
2025-07-05 14:05:01,12.4
2025-07-05 14:10:01,12.4
2025-07-05 14:15:01,12.5
2025-07-05 14:20:01,12.7
2025-07-05 14:25:01,12.7
2025-07-05 14:30:01,13.0
2025-07-05 14:35:01,13.0
2025-07-05 14:40:01,13.1
2025-07-05 14:45:01,13.3
2025-07-05 14:50:01,13.4
2025-07-05 14:55:01,13.5
2025-07-05 15:00:01,13.4
2025-07-05 15:05:01,13.5
2025-07-05 15:10:01,13.8
2025-07-05 15:15:01,14.0
2025-07-05 15:20:01,14.3
2025-07-05 15:25:01,14.4
2025-07-05 15:30:01,14.7
2025-07-05 15:35:01,14.6
2025-07-05 15:40:01,14.5
2025-07-05 15:45:01,14.7
2025-07-05 15:50:01,14.9
2025-07-05 15:55:01,14.9
2025-07-05 16:00:01,14.7
2025-07-05 16:05:01,14.7
2025-07-05 16:10:01,14.8
2025-07-05 16:15:01,14.9
2025-07-05 16:20:01,14.9
2025-07-05 16:25:01,14.8
2025-07-05 16:30:01,15.1
2025-07-05 16:35:01,15.2
2025-07-05 16:40:01,15.9
2025-07-05 16:45:01,16.2
2025-07-05 16:50:01,16.5
2025-07-05 16:55:01,16.9
2025-07-05 17:00:01,17.3
2025-07-05 17:05:01,17.7
2025-07-05 17:10:01,17.7
2025-07-05 17:15:01,17.8
2025-07-05 17:20:01,18.2
2025-07-05 17:25:01,19.7
2025-07-05 17:30:01,20.2
2025-07-05 17:35:01,21.1
2025-07-05 17:40:01,21.7
2025-07-05 17:45:01,22.1
2025-07-05 17:50:01,22.5
2025-07-05 17:55:01,22.5
2025-07-05 18:00:01,23.0
2025-07-05 18:05:01,23.3
2025-07-05 18:10:01,23.6
2025-07-05 18:15:01,23.4
2025-07-05 18:20:01,23.0
2025-07-05 18:25:01,22.7
2025-07-05 18:30:01,22.4
2025-07-05 18:35:01,22.3
2025-07-05 18:40:01,22.1
2025-07-05 18:45:01,22.1
2025-07-05 18:50:01,22.0
2025-07-05 18:55:01,22.1
2025-07-05 19:00:01,22.6
2025-07-05 19:05:01,22.7
2025-07-05 19:10:01,23.1
2025-07-05 19:15:01,23.0
2025-07-05 19:20:01,23.3
2025-07-05 19:25:01,22.6
2025-07-05 19:30:01,19.3
2025-07-05 19:35:01,18.7
2025-07-05 19:40:01,19.3
2025-07-05 19:45:01,19.2
2025-07-05 19:50:01,18.9
2025-07-05 19:55:01,18.8
2025-07-05 20:00:01,18.3
2025-07-05 20:05:01,18.6
2025-07-05 20:10:01,19.4
2025-07-05 20:15:01,19.4
2025-07-05 20:20:01,19.2
2025-07-05 20:25:01,18.4
2025-07-05 20:30:01,18.2
2025-07-05 20:35:01,18.1
2025-07-05 20:40:01,18.0
2025-07-05 20:45:01,18.0
2025-07-05 20:50:01,17.9
2025-07-05 20:55:01,17.9
2025-07-05 21:00:01,17.8
2025-07-05 21:05:01,17.6
2025-07-05 21:10:01,17.6
2025-07-05 21:15:01,17.5
2025-07-05 21:20:01,17.5
2025-07-05 21:25:01,17.4
2025-07-05 21:30:01,17.4
2025-07-05 21:35:01,17.3
2025-07-05 21:40:01,17.3
2025-07-05 21:45:01,17.3
2025-07-05 21:50:01,17.3
2025-07-05 21:55:01,17.3
2025-07-05 22:00:01,17.2
2025-07-05 22:05:01,17.1
2025-07-05 22:10:01,17.0
2025-07-05 22:15:01,16.8
2025-07-05 22:20:01,16.9
2025-07-05 22:25:01,16.9
2025-07-05 22:30:01,16.8
2025-07-05 22:35:01,16.6
2025-07-05 22:40:01,16.5
2025-07-05 22:45:01,16.5
2025-07-05 22:50:01,16.7
2025-07-05 22:55:01,16.7
2025-07-05 23:00:01,16.8
2025-07-05 23:05:01,16.8
2025-07-05 23:10:01,16.7
2025-07-05 23:15:01,16.7
2025-07-05 23:20:01,16.8
2025-07-05 23:25:01,16.6
2025-07-05 23:30:01,16.5
2025-07-05 23:35:01,16.5
2025-07-05 23:40:01,16.6
2025-07-05 23:45:01,16.6
2025-07-05 23:50:01,16.7
2025-07-05 23:55:01,16.6
2025-07-06 00:00:01,16.5
2025-07-06 00:05:01,16.5
2025-07-06 00:10:01,16.4
2025-07-06 00:15:01,15.9
2025-07-06 00:20:01,15.8
2025-07-06 00:25:01,15.2
2025-07-06 00:30:01,15.3
2025-07-06 00:35:01,15.2
2025-07-06 00:40:01,15.3
2025-07-06 00:45:01,15.8
2025-07-06 00:50:01,16.2
2025-07-06 00:55:01,16.5
2025-07-06 01:00:01,16.5
2025-07-06 01:05:01,16.6
2025-07-06 01:10:01,16.7
2025-07-06 01:15:01,16.8
2025-07-06 01:20:01,16.8
2025-07-06 01:25:01,16.8
2025-07-06 01:30:01,16.8
2025-07-06 01:35:01,16.9
2025-07-06 01:40:01,16.9
2025-07-06 01:45:01,16.8
2025-07-06 01:50:01,16.8
2025-07-06 01:55:01,16.8
2025-07-06 02:00:01,16.7
2025-07-06 02:05:01,16.8
2025-07-06 02:10:01,16.8
2025-07-06 02:15:01,16.8
2025-07-06 02:20:01,16.8
2025-07-06 02:25:01,16.9
2025-07-06 02:30:01,16.8
2025-07-06 02:35:01,16.8
2025-07-06 02:40:01,16.8
2025-07-06 02:45:01,16.8
2025-07-06 02:50:01,16.7
2025-07-06 02:55:01,16.6
2025-07-06 03:00:01,16.6
2025-07-06 03:05:01,16.6
2025-07-06 03:10:01,16.7
2025-07-06 03:15:01,16.7
2025-07-06 03:20:01,16.7
2025-07-06 03:25:01,16.6
2025-07-06 03:30:01,16.6
2025-07-06 03:35:01,16.6
2025-07-06 03:40:01,16.9
2025-07-06 03:45:01,17.0
2025-07-06 03:50:01,16.9
2025-07-06 03:55:01,16.8
2025-07-06 04:00:01,16.8
2025-07-06 04:05:01,16.6
2025-07-06 04:10:01,16.5
2025-07-06 04:15:01,16.7
2025-07-06 04:20:01,16.8
2025-07-06 04:25:01,16.9
2025-07-06 04:30:01,16.8
2025-07-06 04:35:01,16.8
2025-07-06 04:40:01,16.8
2025-07-06 04:45:01,16.9
2025-07-06 04:50:01,17.0
2025-07-06 04:55:01,16.9
2025-07-06 05:00:01,16.9
2025-07-06 05:05:01,16.9
2025-07-06 05:10:01,16.9
2025-07-06 05:15:01,16.9
2025-07-06 05:20:01,16.9
2025-07-06 05:25:01,16.9
2025-07-06 05:30:01,16.9
2025-07-06 05:35:01,16.9
2025-07-06 05:40:01,16.9
2025-07-06 05:45:01,16.9
2025-07-06 05:50:01,17.0
2025-07-06 05:55:01,17.0
2025-07-06 06:00:01,16.9
2025-07-06 06:05:01,16.9
2025-07-06 06:10:01,16.9
2025-07-06 06:15:01,17.0
2025-07-06 06:20:01,16.9
2025-07-06 06:25:01,17.0
2025-07-06 06:30:01,17.1
2025-07-06 06:35:01,17.0
2025-07-06 06:40:01,17.1
2025-07-06 06:45:01,17.1
2025-07-06 06:50:01,17.1
2025-07-06 06:55:01,17.1
2025-07-06 07:00:01,17.1
2025-07-06 07:05:01,17.1
2025-07-06 07:10:01,17.0
2025-07-06 07:15:01,17.0
2025-07-06 07:20:01,16.9
2025-07-06 07:25:01,16.9
2025-07-06 07:30:01,16.9
2025-07-06 07:35:01,16.9
2025-07-06 07:40:01,16.9
2025-07-06 07:45:01,16.7
2025-07-06 07:50:01,16.6
2025-07-06 07:55:01,16.6
2025-07-06 08:00:01,16.6
2025-07-06 08:05:01,16.6
2025-07-06 08:10:01,16.6
2025-07-06 08:15:01,16.5
2025-07-06 08:20:01,16.5
2025-07-06 08:25:01,16.4
2025-07-06 08:30:01,16.3
2025-07-06 08:35:01,16.0
2025-07-06 08:40:01,15.9
2025-07-06 08:45:01,15.8
2025-07-06 08:50:01,15.7
2025-07-06 08:55:01,15.7
2025-07-06 09:00:01,15.8
2025-07-06 09:05:01,16.0
2025-07-06 09:10:01,16.2
2025-07-06 09:15:01,16.1
2025-07-06 09:20:01,15.9
2025-07-06 09:25:01,15.9
2025-07-06 09:30:01,16.2
2025-07-06 09:35:01,16.4
2025-07-06 09:40:01,16.5
2025-07-06 09:45:01,16.6
2025-07-06 09:50:01,16.6
2025-07-06 09:55:01,16.6
2025-07-06 10:00:01,16.6
2025-07-06 10:05:01,16.6
2025-07-06 10:10:01,16.5
2025-07-06 10:15:01,16.4
2025-07-06 10:20:01,16.4
2025-07-06 10:25:01,16.4
2025-07-06 10:30:01,16.5
2025-07-06 10:35:01,16.4
2025-07-06 10:40:01,16.4
2025-07-06 10:45:01,16.5
2025-07-06 10:50:01,16.5
2025-07-06 10:55:01,16.4
2025-07-06 11:00:01,16.3
2025-07-06 11:05:01,16.3
2025-07-06 11:10:01,16.2
2025-07-06 11:15:01,15.8
2025-07-06 11:20:01,14.4
2025-07-06 11:25:01,13.0
2025-07-06 11:30:01,12.1
2025-07-06 11:35:01,11.6
2025-07-06 11:40:01,11.1
2025-07-06 11:45:01,11.0
2025-07-06 11:50:01,10.8
2025-07-06 11:55:01,10.7
2025-07-06 12:00:01,10.6
2025-07-06 12:05:01,10.5
2025-07-06 12:10:01,10.5
2025-07-06 12:15:01,10.5
2025-07-06 12:20:01,10.5
2025-07-06 12:25:01,10.5
2025-07-06 12:30:01,10.4
2025-07-06 12:35:01,10.4
2025-07-06 12:40:01,10.4
2025-07-06 12:45:01,10.5
2025-07-06 12:50:01,10.4
2025-07-06 12:55:01,10.5
2025-07-06 13:00:01,10.6
2025-07-06 13:05:01,10.6
2025-07-06 13:10:01,10.7
2025-07-06 13:15:01,10.7
2025-07-06 13:20:01,10.8
2025-07-06 13:25:01,10.8
2025-07-06 13:30:01,10.9
2025-07-06 13:35:01,11.3
2025-07-06 13:40:01,11.6
2025-07-06 13:45:01,12.1
2025-07-06 13:50:01,12.6
2025-07-06 13:55:01,12.9
2025-07-06 14:00:01,13.3
2025-07-06 14:05:01,13.6
2025-07-06 14:10:01,14.0
2025-07-06 14:15:01,14.3
2025-07-06 14:20:01,13.9
2025-07-06 14:25:01,14.0
2025-07-06 14:30:01,14.3
2025-07-06 14:35:01,14.4
2025-07-06 14:40:01,14.3
2025-07-06 14:45:01,14.3
2025-07-06 14:50:01,14.5
2025-07-06 14:55:01,14.6
2025-07-06 15:00:01,14.9
2025-07-06 15:05:01,14.9
2025-07-06 15:10:01,15.3
2025-07-06 15:15:01,15.4
2025-07-06 15:20:01,15.4
2025-07-06 15:25:01,15.6
2025-07-06 15:30:01,15.7
2025-07-06 15:35:01,15.7
2025-07-06 15:40:01,15.9
2025-07-06 15:45:01,16.0
2025-07-06 15:50:01,16.0
2025-07-06 15:55:01,16.3
2025-07-06 16:00:01,16.0
2025-07-06 16:05:01,15.8
2025-07-06 16:10:01,15.7
2025-07-06 16:15:01,15.7
2025-07-06 16:20:01,15.8
2025-07-06 16:25:01,15.6
2025-07-06 16:30:01,15.8
2025-07-06 16:35:01,16.0
2025-07-06 16:40:01,16.9
2025-07-06 16:45:01,17.3
2025-07-06 16:50:01,17.8
2025-07-06 16:55:01,18.9
2025-07-06 17:00:01,19.4
2025-07-06 17:05:01,19.8
2025-07-06 17:10:01,20.3
2025-07-06 17:15:01,20.6
2025-07-06 17:20:01,21.4
2025-07-06 17:25:01,21.9
2025-07-06 17:30:01,22.3
2025-07-06 17:35:01,22.7
2025-07-06 17:40:01,23.0
2025-07-06 17:45:01,23.4
2025-07-06 17:50:01,23.8
2025-07-06 17:55:01,24.4
2025-07-06 18:00:01,25.3
2025-07-06 18:05:01,26.1
2025-07-06 18:10:01,25.7
2025-07-06 18:15:01,25.7
2025-07-06 18:20:01,26.6
2025-07-06 18:25:01,27.6
2025-07-06 18:30:01,28.6
2025-07-06 18:35:01,28.6
2025-07-06 18:40:01,28.6
2025-07-06 18:45:01,28.7
2025-07-06 18:50:01,28.9
2025-07-06 18:55:01,29.0
2025-07-06 19:00:01,28.9
2025-07-06 19:05:01,28.9
2025-07-06 19:10:01,29.1
2025-07-06 19:15:01,29.3
2025-07-06 19:20:01,28.5
2025-07-06 19:25:01,27.6
2025-07-06 19:30:01,27.9
2025-07-06 19:35:01,28.6
2025-07-06 19:40:01,28.8
2025-07-06 19:45:01,28.6
2025-07-06 19:50:01,28.2
2025-07-06 19:55:01,27.3
2025-07-06 20:00:01,24.4
2025-07-06 20:05:01,21.0
2025-07-06 20:10:01,20.9
2025-07-06 20:15:01,20.6
2025-07-06 20:20:01,20.3
2025-07-06 20:25:01,19.0
2025-07-06 20:30:01,19.6
2025-07-06 20:35:01,19.7
2025-07-06 20:40:01,19.6
2025-07-06 20:45:01,18.9
2025-07-06 20:50:01,18.5
2025-07-06 20:55:01,18.1
2025-07-06 21:00:01,17.9
2025-07-06 21:05:01,17.9
2025-07-06 21:10:01,18.0
2025-07-06 21:15:01,18.0
2025-07-06 21:20:01,18.0
2025-07-06 21:25:01,17.9
2025-07-06 21:30:01,18.0
2025-07-06 21:35:01,18.0
2025-07-06 21:40:01,18.1
2025-07-06 21:45:01,17.8
2025-07-06 21:50:01,17.9
2025-07-06 21:55:01,17.6
2025-07-06 22:00:01,17.5
2025-07-06 22:05:01,17.4
2025-07-06 22:10:01,17.4
2025-07-06 22:15:01,17.4
2025-07-06 22:20:01,17.5
2025-07-06 22:25:01,17.6
2025-07-06 22:30:01,17.6
2025-07-06 22:35:01,17.5
2025-07-06 22:40:01,17.4
2025-07-06 22:45:01,17.5
2025-07-06 22:50:01,17.3
2025-07-06 22:55:01,17.3
2025-07-06 23:00:01,17.4
2025-07-06 23:05:01,17.3
2025-07-06 23:10:01,17.3
2025-07-06 23:15:01,17.3
2025-07-06 23:20:01,17.3
2025-07-06 23:25:01,17.3
2025-07-06 23:30:01,17.3
2025-07-06 23:35:01,17.2
2025-07-06 23:40:01,17.2
2025-07-06 23:45:01,17.4
2025-07-06 23:50:01,17.5
2025-07-06 23:55:01,17.6
2025-07-07 00:00:01,17.6
2025-07-07 00:05:01,17.6
2025-07-07 00:10:01,17.6
2025-07-07 00:15:01,17.6
2025-07-07 00:20:01,17.6
2025-07-07 00:25:01,17.6
2025-07-07 00:30:01,17.5
2025-07-07 00:35:01,17.5
2025-07-07 00:40:01,17.5
2025-07-07 00:45:01,17.4
2025-07-07 00:50:01,17.4
2025-07-07 00:55:01,17.4
2025-07-07 01:00:01,17.4
2025-07-07 01:05:01,17.4
2025-07-07 01:10:01,17.3
2025-07-07 01:15:01,17.4
2025-07-07 01:20:01,16.9
2025-07-07 01:25:01,16.6
2025-07-07 01:30:01,16.5
2025-07-07 01:35:01,16.6
2025-07-07 01:40:01,16.7
2025-07-07 01:45:01,16.8
2025-07-07 01:50:01,16.7
2025-07-07 01:55:01,16.7
2025-07-07 02:00:01,16.8
2025-07-07 02:05:01,17.0
2025-07-07 02:10:01,17.0
2025-07-07 02:15:01,16.9
2025-07-07 02:20:01,16.9
2025-07-07 02:25:01,17.0
2025-07-07 02:30:01,17.4
2025-07-07 02:35:01,17.7
2025-07-07 02:40:01,18.0
2025-07-07 02:45:01,18.0
2025-07-07 02:50:01,18.1
2025-07-07 02:55:01,18.1
2025-07-07 03:00:01,18.1
2025-07-07 03:05:01,17.9
2025-07-07 03:10:01,17.9
2025-07-07 03:15:01,17.9
2025-07-07 03:20:01,18.0
2025-07-07 03:25:01,18.3
2025-07-07 03:30:01,18.4
2025-07-07 03:35:01,18.6
2025-07-07 03:40:01,18.3
2025-07-07 03:45:01,18.1
2025-07-07 03:50:01,18.1
2025-07-07 03:55:01,18.2
2025-07-07 04:00:01,18.3
2025-07-07 04:05:01,18.1
2025-07-07 04:10:01,18.3
2025-07-07 04:15:01,18.2
2025-07-07 04:20:01,18.2
2025-07-07 04:25:01,18.3
2025-07-07 04:30:01,18.3
2025-07-07 04:35:01,18.3
2025-07-07 04:40:01,18.3
2025-07-07 04:45:01,18.3
2025-07-07 04:50:01,18.4
2025-07-07 04:55:01,18.1
2025-07-07 05:00:01,17.9
2025-07-07 05:05:01,18.0
2025-07-07 05:10:01,17.9
2025-07-07 05:15:01,17.9
2025-07-07 05:20:01,17.9
2025-07-07 05:25:01,17.8
2025-07-07 05:30:01,17.8
2025-07-07 05:35:01,17.9
2025-07-07 05:40:01,17.7
2025-07-07 05:45:01,17.6
2025-07-07 05:50:01,17.4
2025-07-07 05:55:01,17.1
2025-07-07 06:00:01,17.0
2025-07-07 06:05:01,17.1
2025-07-07 06:10:01,17.1
2025-07-07 06:15:01,17.1
2025-07-07 06:20:01,17.1
2025-07-07 06:25:01,17.1
2025-07-07 06:30:01,17.1
2025-07-07 06:35:01,17.1
2025-07-07 06:40:01,17.1
2025-07-07 06:45:01,17.0
2025-07-07 06:50:01,17.1
2025-07-07 06:55:01,16.9
2025-07-07 07:00:01,16.8
2025-07-07 07:05:01,16.7
2025-07-07 07:10:01,16.6
2025-07-07 07:15:01,16.5
2025-07-07 07:20:01,16.5
2025-07-07 07:25:01,16.4
2025-07-07 07:30:01,16.4
2025-07-07 07:35:01,16.3
2025-07-07 07:40:01,16.4
2025-07-07 07:45:01,16.4
2025-07-07 07:50:01,16.3
2025-07-07 07:55:01,16.2
2025-07-07 08:00:01,16.1
2025-07-07 08:05:01,16.2
2025-07-07 08:10:01,16.2
2025-07-07 08:15:01,16.1
2025-07-07 08:20:01,16.2
2025-07-07 08:25:01,16.2
2025-07-07 08:30:01,16.2
2025-07-07 08:35:01,16.1
2025-07-07 08:40:01,16.3
2025-07-07 08:45:01,16.3
2025-07-07 08:50:01,16.3
2025-07-07 08:55:01,16.3
2025-07-07 09:00:01,16.3
2025-07-07 09:05:01,16.1
2025-07-07 09:10:01,16.1
2025-07-07 09:15:01,16.0
2025-07-07 09:20:01,16.0
2025-07-07 09:25:01,15.9
2025-07-07 09:30:01,15.9
2025-07-07 09:35:01,15.9
2025-07-07 09:40:01,16.1
2025-07-07 09:45:01,16.2
2025-07-07 09:50:01,16.2
2025-07-07 09:55:01,16.1
2025-07-07 10:00:01,16.1
2025-07-07 10:05:01,15.9
2025-07-07 10:10:01,15.9
2025-07-07 10:15:01,15.9
2025-07-07 10:20:01,15.9
2025-07-07 10:25:01,16.0
2025-07-07 10:30:01,16.0
2025-07-07 10:35:01,16.0
2025-07-07 10:40:01,16.0
2025-07-07 10:45:01,15.9
2025-07-07 10:50:01,16.0
2025-07-07 10:55:01,16.0
2025-07-07 11:00:01,16.1
2025-07-07 11:05:01,16.0
2025-07-07 11:10:01,16.0
2025-07-07 11:15:01,16.0
2025-07-07 11:20:01,15.9
2025-07-07 11:25:01,15.9
2025-07-07 11:30:01,15.8
2025-07-07 11:35:01,15.8
2025-07-07 11:40:01,15.7
2025-07-07 11:45:01,15.6
2025-07-07 11:50:01,14.8
2025-07-07 11:55:01,13.7
2025-07-07 12:00:01,13.0
2025-07-07 12:05:01,12.6
2025-07-07 12:10:01,12.2
2025-07-07 12:15:01,12.0
2025-07-07 12:20:01,11.9
2025-07-07 12:25:01,11.8
2025-07-07 12:30:01,11.7
2025-07-07 12:35:01,11.7
2025-07-07 12:40:01,11.7
2025-07-07 12:45:01,11.7
2025-07-07 12:50:01,11.7
2025-07-07 12:55:01,11.7
2025-07-07 13:00:01,11.8
2025-07-07 13:05:01,11.8
2025-07-07 13:10:01,11.9
2025-07-07 13:15:01,11.9
2025-07-07 13:20:01,12.0
2025-07-07 13:25:01,12.0
2025-07-07 13:30:01,12.2
2025-07-07 13:35:01,12.4
2025-07-07 13:40:01,12.9
2025-07-07 13:45:01,13.4
2025-07-07 13:50:01,13.9
2025-07-07 13:55:01,14.6
2025-07-07 14:00:01,15.1
2025-07-07 14:05:01,15.4
2025-07-07 14:10:01,15.4
2025-07-07 14:15:01,15.3
2025-07-07 14:20:01,15.4
2025-07-07 14:25:01,15.5
2025-07-07 14:30:01,15.6
2025-07-07 14:35:01,15.7
2025-07-07 14:40:01,15.6
2025-07-07 14:45:01,15.4
2025-07-07 14:50:01,15.3
2025-07-07 14:55:01,15.3
2025-07-07 15:00:01,15.4
2025-07-07 15:05:01,15.6
2025-07-07 15:10:01,16.0
2025-07-07 15:15:01,16.3
2025-07-07 15:20:01,16.5
2025-07-07 15:25:01,16.6
2025-07-07 15:30:01,17.1
2025-07-07 15:35:01,17.2
2025-07-07 15:40:01,17.3
2025-07-07 15:45:01,17.6
2025-07-07 15:50:01,17.8
2025-07-07 15:55:01,18.0
2025-07-07 16:00:01,17.2
2025-07-07 16:05:01,16.5
2025-07-07 16:10:01,16.3
2025-07-07 16:15:01,16.1
2025-07-07 16:20:01,16.4
2025-07-07 16:25:01,16.3
2025-07-07 16:30:01,16.5
2025-07-07 16:35:01,16.8
2025-07-07 16:40:01,18.0
2025-07-07 16:45:01,18.4
2025-07-07 16:50:01,18.7
2025-07-07 16:55:01,19.9
2025-07-07 17:00:01,20.9
2025-07-07 17:05:01,21.3
2025-07-07 17:10:01,21.7
2025-07-07 17:15:01,21.9
2025-07-07 17:20:01,22.7
2025-07-07 17:25:01,23.8
2025-07-07 17:30:01,24.4
2025-07-07 17:35:01,25.0
2025-07-07 17:40:01,25.5
2025-07-07 17:45:01,26.5
2025-07-07 17:50:01,26.7
2025-07-07 17:55:01,27.6
2025-07-07 18:00:01,28.6
2025-07-07 18:05:01,29.0
2025-07-07 18:10:01,29.2
2025-07-07 18:15:01,29.7
2025-07-07 18:20:01,29.8
2025-07-07 18:25:01,30.0
2025-07-07 18:30:01,30.4
2025-07-07 18:35:01,31.1
2025-07-07 18:40:01,31.9
2025-07-07 18:45:01,32.4
2025-07-07 18:50:01,32.4
2025-07-07 18:55:01,32.9
2025-07-07 19:00:01,33.4
2025-07-07 19:05:01,34.4
2025-07-07 19:10:01,35.5
2025-07-07 19:15:01,35.5
2025-07-07 19:20:01,34.3
2025-07-07 19:25:01,33.3
2025-07-07 19:30:01,32.7
2025-07-07 19:35:01,32.2
2025-07-07 19:40:01,31.0
2025-07-07 19:45:01,30.0
2025-07-07 19:50:01,29.3
2025-07-07 19:55:01,29.2
2025-07-07 20:00:01,29.6
2025-07-07 20:05:01,29.6
2025-07-07 20:10:01,29.8
2025-07-07 20:15:01,29.9
2025-07-07 20:20:01,29.8
2025-07-07 20:25:01,30.0
2025-07-07 20:30:01,27.6
2025-07-07 20:35:01,22.2
2025-07-07 20:40:01,23.3
2025-07-07 20:45:01,23.1
2025-07-07 20:50:01,22.3
2025-07-07 20:55:01,22.6
2025-07-07 21:00:01,21.5
2025-07-07 21:05:01,21.1
2025-07-07 21:10:01,20.2
2025-07-07 21:15:01,20.2
2025-07-07 21:20:01,19.4
2025-07-07 21:25:01,18.8
2025-07-07 21:30:01,18.6
2025-07-07 21:35:01,18.5
2025-07-07 21:40:01,18.5
2025-07-07 21:45:01,18.4
2025-07-07 21:50:01,18.6
2025-07-07 21:55:01,19.1
2025-07-07 22:00:01,20.1
2025-07-07 22:05:01,19.1
2025-07-07 22:10:01,19.5
2025-07-07 22:15:01,19.4
2025-07-07 22:20:01,18.7
2025-07-07 22:25:01,18.5
2025-07-07 22:30:01,17.9
2025-07-07 22:35:01,17.6
2025-07-07 22:40:01,17.7
2025-07-07 22:45:01,17.6
2025-07-07 22:50:01,17.6
2025-07-07 22:55:01,17.6
2025-07-07 23:00:01,17.6
2025-07-07 23:05:01,17.6
2025-07-07 23:10:01,17.6
2025-07-07 23:15:01,17.5
2025-07-07 23:20:01,17.3
2025-07-07 23:25:01,17.1
2025-07-07 23:30:01,17.1
2025-07-07 23:35:01,17.1
2025-07-07 23:40:01,17.2
2025-07-07 23:45:01,17.3
2025-07-07 23:50:01,17.3
2025-07-07 23:55:01,17.3
2025-07-08 00:00:01,17.2
2025-07-08 00:05:01,17.3
2025-07-08 00:10:01,17.4
2025-07-08 00:15:01,17.4
2025-07-08 00:20:01,17.3
2025-07-08 00:25:01,17.3
2025-07-08 00:30:01,17.5
2025-07-08 00:35:01,17.9
2025-07-08 00:40:01,18.0
2025-07-08 00:45:01,17.8
2025-07-08 00:50:01,17.2
2025-07-08 00:55:01,17.1
2025-07-08 01:00:01,17.1
2025-07-08 01:05:01,17.1
2025-07-08 01:10:01,16.9
2025-07-08 01:15:01,16.7
2025-07-08 01:20:01,16.7
2025-07-08 01:25:01,16.3
2025-07-08 01:30:01,15.9
2025-07-08 01:35:01,15.1
2025-07-08 01:40:01,15.1
2025-07-08 01:45:01,15.2
2025-07-08 01:50:01,14.8
2025-07-08 01:55:01,15.0
2025-07-08 02:00:01,15.7
2025-07-08 02:05:01,16.6
2025-07-08 02:10:01,17.0
2025-07-08 02:15:01,17.4
2025-07-08 02:20:01,17.5
2025-07-08 02:25:01,18.1
2025-07-08 02:30:01,17.4
2025-07-08 02:35:01,17.1
2025-07-08 02:40:01,17.2
2025-07-08 02:45:01,16.6
2025-07-08 02:50:01,17.4
2025-07-08 02:55:01,17.7
2025-07-08 03:00:01,16.9
2025-07-08 03:05:01,17.9
2025-07-08 03:10:01,17.7
2025-07-08 03:15:01,18.0
2025-07-08 03:20:01,18.1
2025-07-08 03:25:01,18.1
2025-07-08 03:30:01,17.1
2025-07-08 03:35:01,17.9
2025-07-08 03:40:01,18.3
2025-07-08 03:45:01,18.3
2025-07-08 03:50:01,18.4
2025-07-08 03:55:01,18.4
2025-07-08 04:00:01,18.3
2025-07-08 04:05:01,18.2
2025-07-08 04:10:01,18.3
2025-07-08 04:15:01,18.2
2025-07-08 04:20:01,18.2
2025-07-08 04:25:01,18.2
2025-07-08 04:30:01,18.3
2025-07-08 04:35:01,17.8
2025-07-08 04:40:01,16.2
2025-07-08 04:45:01,15.8
2025-07-08 04:50:01,15.7
2025-07-08 04:55:01,15.8
2025-07-08 05:00:01,15.8
2025-07-08 05:05:01,15.9
2025-07-08 05:10:01,15.9
2025-07-08 05:15:01,16.0
2025-07-08 05:20:01,15.9
2025-07-08 05:25:01,15.9
2025-07-08 05:30:01,16.0
2025-07-08 05:35:01,16.0
2025-07-08 05:40:01,16.1
2025-07-08 05:45:01,16.1
2025-07-08 05:50:01,16.2
2025-07-08 05:55:01,16.3
2025-07-08 06:00:01,16.4
2025-07-08 06:05:01,16.6
2025-07-08 06:10:01,16.6
2025-07-08 06:15:01,16.6
2025-07-08 06:20:01,16.5
2025-07-08 06:25:01,16.1
2025-07-08 06:30:01,15.8
2025-07-08 06:35:01,15.5
2025-07-08 06:40:01,15.2
2025-07-08 06:45:01,15.4
2025-07-08 06:50:01,15.6
2025-07-08 06:55:01,15.9
2025-07-08 07:00:01,16.1
2025-07-08 07:05:01,16.1
2025-07-08 07:10:01,16.1
2025-07-08 07:15:01,16.1
2025-07-08 07:20:01,15.9
2025-07-08 07:25:01,15.8
2025-07-08 07:30:01,15.8
2025-07-08 07:35:01,15.6
2025-07-08 07:40:01,15.6
2025-07-08 07:45:01,15.6
2025-07-08 07:50:01,15.5
2025-07-08 07:55:01,15.6
2025-07-08 08:00:01,15.7
2025-07-08 08:05:01,15.7
2025-07-08 08:10:01,15.6
2025-07-08 08:15:01,15.4
2025-07-08 08:20:01,15.4
2025-07-08 08:25:01,15.3
2025-07-08 08:30:01,15.1
2025-07-08 08:35:01,15.1
2025-07-08 08:40:01,15.1
2025-07-08 08:45:01,15.3
2025-07-08 08:50:01,15.2
2025-07-08 08:55:01,15.4
2025-07-08 09:00:01,15.4
2025-07-08 09:05:01,15.5
2025-07-08 09:10:01,15.6
2025-07-08 09:15:01,15.8
2025-07-08 09:20:01,16.0
2025-07-08 09:25:01,15.6
2025-07-08 09:30:01,15.3
2025-07-08 09:35:01,14.9
2025-07-08 09:40:01,14.9
2025-07-08 09:45:01,14.8
2025-07-08 09:50:01,14.9
2025-07-08 09:55:01,15.0
2025-07-08 10:00:01,15.3
2025-07-08 10:05:01,15.4
2025-07-08 10:10:01,15.4
2025-07-08 10:15:01,15.4
2025-07-08 10:20:01,15.4
2025-07-08 10:25:01,15.7
2025-07-08 10:30:01,15.9
2025-07-08 10:35:01,15.8
2025-07-08 10:40:01,15.8
2025-07-08 10:45:01,16.1
2025-07-08 10:50:01,16.1
2025-07-08 10:55:01,16.2
2025-07-08 11:00:01,16.2
2025-07-08 11:05:01,16.2
2025-07-08 11:10:01,16.3
2025-07-08 11:15:01,16.4
2025-07-08 11:20:01,16.4
2025-07-08 11:25:01,16.4
2025-07-08 11:30:01,16.5
2025-07-08 11:35:01,16.4
2025-07-08 11:40:01,16.4
2025-07-08 11:45:01,16.4
2025-07-08 11:50:01,16.3
2025-07-08 11:55:01,16.3
2025-07-08 12:00:01,16.3
2025-07-08 12:05:01,16.3
2025-07-08 12:10:01,16.2
2025-07-08 12:15:01,16.0
2025-07-08 12:20:01,15.9
2025-07-08 12:25:01,15.7
2025-07-08 12:30:01,14.5
2025-07-08 12:35:01,13.4
2025-07-08 12:40:01,12.6
2025-07-08 12:45:01,12.2
2025-07-08 12:50:01,11.9
2025-07-08 12:55:01,11.7
2025-07-08 13:00:01,11.7
2025-07-08 13:05:01,11.6
2025-07-08 13:10:01,11.7
2025-07-08 13:15:01,11.7
2025-07-08 13:20:01,11.8
2025-07-08 13:25:01,11.9
2025-07-08 13:30:01,12.1
2025-07-08 13:35:01,12.4
2025-07-08 13:40:01,12.9
2025-07-08 13:45:01,13.6
2025-07-08 13:50:01,14.1
2025-07-08 13:55:01,14.5
2025-07-08 14:00:01,14.9
2025-07-08 14:05:01,15.2
2025-07-08 14:10:01,15.3
2025-07-08 14:15:01,15.4
2025-07-08 14:20:01,15.9
2025-07-08 14:25:01,15.9
2025-07-08 14:30:01,15.8
2025-07-08 14:35:01,15.9
2025-07-08 14:40:01,16.2
2025-07-08 14:45:01,16.3
2025-07-08 14:50:01,16.4
2025-07-08 14:55:01,16.5
2025-07-08 15:00:01,16.7
2025-07-08 15:05:01,17.3
2025-07-08 15:10:01,17.5
2025-07-08 15:15:01,17.5
2025-07-08 15:20:01,17.7
2025-07-08 15:25:01,18.1
2025-07-08 15:30:01,18.3
2025-07-08 15:35:01,18.4
2025-07-08 15:40:01,18.6
2025-07-08 15:45:01,18.8
2025-07-08 15:50:01,18.7
2025-07-08 15:55:01,19.1
2025-07-08 16:00:01,18.5
2025-07-08 16:05:01,17.7
2025-07-08 16:10:01,17.4
2025-07-08 16:15:01,17.1
2025-07-08 16:20:01,17.1
2025-07-08 16:25:01,17.1
2025-07-08 16:30:01,17.2
2025-07-08 16:35:01,17.5
2025-07-08 16:40:01,18.8
2025-07-08 16:45:01,19.3
2025-07-08 16:50:01,19.6
2025-07-08 16:55:01,21.1
2025-07-08 17:00:01,21.8
2025-07-08 17:05:01,22.3
2025-07-08 17:10:01,22.9
2025-07-08 17:15:01,23.3
2025-07-08 17:20:01,24.0
2025-07-08 17:25:01,24.6
2025-07-08 17:30:01,24.8
2025-07-08 17:35:01,25.0
2025-07-08 17:40:01,25.2
2025-07-08 17:45:01,25.8
2025-07-08 17:50:01,26.2
2025-07-08 17:55:01,27.0
2025-07-08 18:00:01,27.9
2025-07-08 18:05:01,28.5
2025-07-08 18:10:01,29.3
2025-07-08 18:15:01,29.7
2025-07-08 18:20:01,30.2
2025-07-08 18:25:01,30.4
2025-07-08 18:30:01,30.1
2025-07-08 18:35:01,30.5
2025-07-08 18:40:01,31.3
2025-07-08 18:45:01,31.5
2025-07-08 18:50:01,32.0
2025-07-08 18:55:01,31.8
2025-07-08 19:00:01,31.7
2025-07-08 19:05:01,32.6
2025-07-08 19:10:01,32.4
2025-07-08 19:15:01,31.6
2025-07-08 19:20:01,30.9
2025-07-08 19:25:01,31.1
2025-07-08 19:30:01,31.3
2025-07-08 19:35:01,31.1
2025-07-08 19:40:01,30.8
2025-07-08 19:45:01,30.7
2025-07-08 19:50:01,29.7
2025-07-08 19:55:01,28.8
2025-07-08 20:00:01,28.6
2025-07-08 20:05:01,27.8
2025-07-08 20:10:01,28.3
2025-07-08 20:15:01,28.3
2025-07-08 20:20:01,27.9
2025-07-08 20:25:01,27.6
2025-07-08 20:30:01,28.2
2025-07-08 20:35:01,29.1
2025-07-08 20:40:01,29.5
2025-07-08 20:45:01,30.7
2025-07-08 20:50:01,31.6
2025-07-08 20:55:01,32.4
2025-07-08 21:00:01,32.6
2025-07-08 21:05:01,30.6
2025-07-08 21:10:01,21.6
2025-07-08 21:15:01,20.1
2025-07-08 21:20:01,20.8
2025-07-08 21:25:01,20.1
2025-07-08 21:30:01,20.5
2025-07-08 21:35:01,18.8
2025-07-08 21:40:01,16.9
2025-07-08 21:45:01,16.2
2025-07-08 21:50:01,16.0
2025-07-08 21:55:01,15.8
2025-07-08 22:00:01,15.6
2025-07-08 22:05:01,15.3
2025-07-08 22:10:01,15.1
2025-07-08 22:15:01,15.0
2025-07-08 22:20:01,14.9
2025-07-08 22:25:01,14.9
2025-07-08 22:30:01,14.8
2025-07-08 22:35:01,14.8
2025-07-08 22:40:01,14.7
2025-07-08 22:45:01,14.6
2025-07-08 22:50:01,14.4
2025-07-08 22:55:01,14.5
2025-07-08 23:00:01,14.3
2025-07-08 23:05:01,14.5
2025-07-08 23:10:01,15.6
2025-07-08 23:15:01,16.2
2025-07-08 23:20:01,16.6
2025-07-08 23:25:01,16.9
2025-07-08 23:30:01,17.6
2025-07-08 23:35:01,17.8
2025-07-08 23:40:01,17.8
2025-07-08 23:45:01,17.7
2025-07-08 23:50:01,17.4
2025-07-08 23:55:01,17.0
2025-07-09 00:00:01,16.7
2025-07-09 00:05:01,16.6
2025-07-09 00:10:01,16.6
2025-07-09 00:15:01,16.7
2025-07-09 00:20:01,16.8
2025-07-09 00:25:01,16.9
2025-07-09 00:30:01,16.8
2025-07-09 00:35:01,16.9
2025-07-09 00:40:01,16.8
2025-07-09 00:45:01,16.9
2025-07-09 00:50:01,16.8
2025-07-09 00:55:01,16.8
2025-07-09 01:00:01,16.7
2025-07-09 01:05:01,16.8
2025-07-09 01:10:01,16.8
2025-07-09 01:15:01,16.8
2025-07-09 01:20:01,16.6
2025-07-09 01:25:01,16.6
2025-07-09 01:30:01,16.6
2025-07-09 01:35:01,16.6
2025-07-09 01:40:01,16.6
2025-07-09 01:45:01,16.5
2025-07-09 01:50:01,16.3
2025-07-09 01:55:01,16.4
2025-07-09 02:00:01,16.3
2025-07-09 02:05:01,16.3
2025-07-09 02:10:01,16.3
2025-07-09 02:15:01,16.3
2025-07-09 02:20:01,16.1
2025-07-09 02:25:01,16.2
2025-07-09 02:30:01,16.2
2025-07-09 02:35:01,15.9
2025-07-09 02:40:01,16.0
2025-07-09 02:45:01,15.9
2025-07-09 02:50:01,16.2
2025-07-09 02:55:01,16.3
2025-07-09 03:00:01,16.5
2025-07-09 03:05:01,16.5
2025-07-09 03:10:01,16.4
2025-07-09 03:15:01,16.2
2025-07-09 03:20:01,16.0
2025-07-09 03:25:01,16.1
2025-07-09 03:30:01,16.0
2025-07-09 03:35:01,16.2
2025-07-09 03:40:01,15.8
2025-07-09 03:45:01,15.9
2025-07-09 03:50:01,14.7
2025-07-09 03:55:01,14.5
2025-07-09 04:00:01,14.3
2025-07-09 04:05:01,14.5
2025-07-09 04:10:01,14.3
2025-07-09 04:15:01,15.0
2025-07-09 04:20:01,15.1
2025-07-09 04:25:01,15.5
2025-07-09 04:30:01,15.7
2025-07-09 04:35:01,16.1
2025-07-09 04:40:01,16.1
2025-07-09 04:45:01,16.1
2025-07-09 04:50:01,16.1
2025-07-09 04:55:01,16.2
2025-07-09 05:00:01,16.2
2025-07-09 05:05:01,16.2
2025-07-09 05:10:01,16.2
2025-07-09 05:15:01,16.3
2025-07-09 05:20:01,16.4
2025-07-09 05:25:01,16.5
2025-07-09 05:30:01,16.4
2025-07-09 05:35:01,16.4
2025-07-09 05:40:01,16.1
2025-07-09 05:45:01,16.0
2025-07-09 05:50:01,16.1
2025-07-09 05:55:01,15.8
2025-07-09 06:00:01,16.4
2025-07-09 06:05:01,15.7
2025-07-09 06:10:01,16.4
2025-07-09 06:15:01,16.5
2025-07-09 06:20:01,16.7
2025-07-09 06:25:01,16.5
2025-07-09 06:30:01,16.8
2025-07-09 06:35:01,16.6
2025-07-09 06:40:01,16.4
2025-07-09 06:45:01,14.8
2025-07-09 06:50:01,14.7
2025-07-09 06:55:01,15.3
2025-07-09 07:00:01,15.7
2025-07-09 07:05:01,16.0
2025-07-09 07:10:01,16.1
2025-07-09 07:15:01,16.1
2025-07-09 07:20:01,16.2
2025-07-09 07:25:01,16.2
2025-07-09 07:30:01,15.8
2025-07-09 07:35:01,15.4
2025-07-09 07:40:01,15.3
2025-07-09 07:45:01,15.2
2025-07-09 07:50:01,15.4
2025-07-09 07:55:01,15.6
2025-07-09 08:00:01,15.9
2025-07-09 08:05:01,15.6
2025-07-09 08:10:01,15.6
2025-07-09 08:15:01,15.7
2025-07-09 08:20:01,15.6
2025-07-09 08:25:01,15.5
2025-07-09 08:30:01,15.5
2025-07-09 08:35:01,15.5
2025-07-09 08:40:01,15.4
2025-07-09 08:45:01,15.4
2025-07-09 08:50:01,15.4
2025-07-09 08:55:01,15.4
2025-07-09 09:00:01,15.5
2025-07-09 09:05:01,15.6
2025-07-09 09:10:01,15.7
2025-07-09 09:15:01,15.7
2025-07-09 09:20:01,15.6
2025-07-09 09:25:01,15.4
2025-07-09 09:30:01,15.4
2025-07-09 09:35:01,15.3
2025-07-09 09:40:01,15.3
2025-07-09 09:45:01,15.4
2025-07-09 09:50:01,15.4
2025-07-09 09:55:01,15.5
2025-07-09 10:00:01,15.6
2025-07-09 10:05:01,15.8
2025-07-09 10:10:01,15.8
2025-07-09 10:15:01,15.9
2025-07-09 10:20:01,15.7
2025-07-09 10:25:01,15.6
2025-07-09 10:30:01,15.4
2025-07-09 10:35:01,15.4
2025-07-09 10:40:01,15.2
2025-07-09 10:45:01,15.3
2025-07-09 10:50:01,15.4
2025-07-09 10:55:01,15.6
2025-07-09 11:00:01,15.6
2025-07-09 11:05:01,15.7
2025-07-09 11:10:01,15.7
2025-07-09 11:15:01,15.7
2025-07-09 11:20:01,15.7
2025-07-09 11:25:01,15.7
2025-07-09 11:30:01,15.7
2025-07-09 11:35:01,15.6
2025-07-09 11:40:01,15.6
2025-07-09 11:45:01,15.6
2025-07-09 11:50:01,15.7
2025-07-09 11:55:01,15.8
2025-07-09 12:00:01,15.8
2025-07-09 12:05:01,15.9
2025-07-09 12:10:01,15.9
2025-07-09 12:15:01,15.9
2025-07-09 12:20:01,16.0
2025-07-09 12:25:01,16.0
2025-07-09 12:30:01,16.0
2025-07-09 12:35:01,16.0
2025-07-09 12:40:01,16.0
2025-07-09 12:45:01,16.1
2025-07-09 12:50:01,16.3
2025-07-09 12:55:01,16.4
2025-07-09 13:00:01,16.3
2025-07-09 13:05:01,16.0
2025-07-09 13:10:01,15.7
2025-07-09 13:15:01,15.5
2025-07-09 13:20:01,15.4
2025-07-09 13:25:01,15.4
2025-07-09 13:30:01,15.3
2025-07-09 13:35:01,15.4
2025-07-09 13:40:01,15.5
2025-07-09 13:45:01,15.5
2025-07-09 13:50:01,15.5
2025-07-09 13:55:01,15.5
2025-07-09 14:00:01,15.5
2025-07-09 14:05:01,15.5
2025-07-09 14:10:01,15.4
2025-07-09 14:15:01,15.5
2025-07-09 14:20:01,15.5
2025-07-09 14:25:01,15.7
2025-07-09 14:30:01,15.8
2025-07-09 14:35:01,15.9
2025-07-09 14:40:01,16.0
2025-07-09 14:45:01,16.1
2025-07-09 14:50:01,16.1
2025-07-09 14:55:01,16.1
2025-07-09 15:00:01,15.9
2025-07-09 15:05:01,16.0
2025-07-09 15:10:01,16.2
2025-07-09 15:15:01,16.3
2025-07-09 15:20:01,16.3
2025-07-09 15:25:01,16.3
2025-07-09 15:30:01,16.4
2025-07-09 15:35:01,16.4
2025-07-09 15:40:01,16.4
2025-07-09 15:45:01,16.4
2025-07-09 15:50:01,16.6
2025-07-09 15:55:01,16.6
2025-07-09 16:00:01,16.6
2025-07-09 16:05:01,16.6
2025-07-09 16:10:01,16.5
2025-07-09 16:15:01,16.7
2025-07-09 16:20:01,16.7
2025-07-09 16:25:01,16.7
2025-07-09 16:30:01,16.7
2025-07-09 16:35:01,16.6
2025-07-09 16:40:01,16.8
2025-07-09 16:45:01,16.7
2025-07-09 16:50:01,16.7
2025-07-09 16:55:01,16.8
2025-07-09 17:00:01,16.8
2025-07-09 17:05:01,16.8
2025-07-09 17:10:01,16.8
2025-07-09 17:15:01,16.9
2025-07-09 17:20:01,17.0
2025-07-09 17:25:01,17.3
2025-07-09 17:30:01,17.5
2025-07-09 17:35:01,17.6
2025-07-09 17:40:01,17.6
2025-07-09 17:45:01,17.8
2025-07-09 17:50:01,17.8
2025-07-09 17:55:01,17.8
2025-07-09 18:00:01,18.0
2025-07-09 18:05:01,18.2
2025-07-09 18:10:01,18.2
2025-07-09 18:15:01,18.4
2025-07-09 18:20:01,18.6
2025-07-09 18:25:01,18.8
2025-07-09 18:30:01,18.9
2025-07-09 18:35:01,19.2
2025-07-09 18:40:01,19.4
2025-07-09 18:45:01,19.3
2025-07-09 18:50:01,19.3
2025-07-09 18:55:01,19.2
2025-07-09 19:00:01,19.2
2025-07-09 19:05:01,19.3
2025-07-09 19:10:01,19.0
2025-07-09 19:15:01,18.5
2025-07-09 19:20:01,18.6
2025-07-09 19:25:01,18.4
2025-07-09 19:30:01,18.6
2025-07-09 19:35:01,18.6
2025-07-09 19:40:01,18.4
2025-07-09 19:45:01,18.5
2025-07-09 19:50:01,18.4
2025-07-09 19:55:01,17.9
2025-07-09 20:00:01,17.8
2025-07-09 20:05:01,17.8
2025-07-09 20:10:01,18.2
2025-07-09 20:15:01,18.6
2025-07-09 20:20:01,18.7
2025-07-09 20:25:01,19.2
2025-07-09 20:30:01,19.9
2025-07-09 20:35:01,20.4
2025-07-09 20:40:01,21.4
2025-07-09 20:45:01,21.7
2025-07-09 20:50:01,21.7
2025-07-09 20:55:01,21.8
2025-07-09 21:00:01,21.5
2025-07-09 21:05:01,21.4
2025-07-09 21:10:01,21.1
2025-07-09 21:15:01,20.7
2025-07-09 21:20:01,20.8
2025-07-09 21:25:01,21.0
2025-07-09 21:30:01,21.2
2025-07-09 21:35:01,21.4
2025-07-09 21:40:01,21.4
2025-07-09 21:45:01,21.3
2025-07-09 21:50:01,19.5
2025-07-09 21:55:01,17.8
2025-07-09 22:00:01,17.8
2025-07-09 22:05:01,17.4
2025-07-09 22:10:01,17.2
2025-07-09 22:15:01,17.7
2025-07-09 22:20:01,16.5
2025-07-09 22:25:01,16.1
2025-07-09 22:30:01,15.8
2025-07-09 22:35:01,15.6
2025-07-09 22:40:01,15.2
2025-07-09 22:45:01,14.9
2025-07-09 22:50:01,14.6
2025-07-09 22:55:01,14.5
2025-07-09 23:00:01,14.3
2025-07-09 23:05:01,14.0
2025-07-09 23:10:01,13.7
2025-07-09 23:15:01,13.6
2025-07-09 23:20:01,13.5
2025-07-09 23:25:01,13.3
2025-07-09 23:30:01,13.1
2025-07-09 23:35:01,13.2
2025-07-09 23:40:01,13.1
2025-07-09 23:45:01,13.1
2025-07-09 23:50:01,13.3
2025-07-09 23:55:01,13.6
2025-07-10 00:00:01,14.0
2025-07-10 00:05:01,14.2
2025-07-10 00:10:01,14.3
2025-07-10 00:15:01,14.3
2025-07-10 00:20:01,14.3
2025-07-10 00:25:01,14.1
2025-07-10 00:30:01,14.0
2025-07-10 00:35:01,13.9
2025-07-10 00:40:01,13.9
2025-07-10 00:45:01,13.9
2025-07-10 00:50:01,14.2
2025-07-10 00:55:01,14.2
2025-07-10 01:00:01,14.2
2025-07-10 01:05:01,14.0
2025-07-10 01:10:01,13.5
2025-07-10 01:15:01,13.6
2025-07-10 01:20:01,13.8
2025-07-10 01:25:01,13.9
2025-07-10 01:30:01,14.0
2025-07-10 01:35:01,13.9
2025-07-10 01:40:01,13.9
2025-07-10 01:45:01,13.7
2025-07-10 01:50:01,13.4
2025-07-10 01:55:01,13.5
2025-07-10 02:00:01,13.7
2025-07-10 02:05:01,13.6
2025-07-10 02:10:01,13.6
2025-07-10 02:15:01,13.3
2025-07-10 02:20:01,13.2
2025-07-10 02:25:01,12.9
2025-07-10 02:30:01,12.9
2025-07-10 02:35:01,12.7
2025-07-10 02:40:01,12.6
2025-07-10 02:45:01,12.5
2025-07-10 02:50:01,12.6
2025-07-10 02:55:01,12.9
2025-07-10 03:00:01,13.2
2025-07-10 03:05:01,13.5
2025-07-10 03:10:01,13.6
2025-07-10 03:15:01,13.9
2025-07-10 03:20:01,14.0
2025-07-10 03:25:01,13.9
2025-07-10 03:30:01,13.1
2025-07-10 03:35:01,13.3
2025-07-10 03:40:01,13.5
2025-07-10 03:45:01,13.5
2025-07-10 03:50:01,13.3
2025-07-10 03:55:01,13.8
2025-07-10 04:00:01,14.0
2025-07-10 04:05:01,14.2
2025-07-10 04:10:01,14.2
2025-07-10 04:15:01,14.4
2025-07-10 04:20:01,14.5
2025-07-10 04:25:01,14.0
2025-07-10 04:30:01,13.7
2025-07-10 04:35:01,14.0
2025-07-10 04:40:01,14.5
2025-07-10 04:45:01,14.9
2025-07-10 04:50:01,15.2
2025-07-10 04:55:01,15.0
2025-07-10 05:00:01,14.9
2025-07-10 05:05:01,15.0
2025-07-10 05:10:01,15.0
2025-07-10 05:15:01,14.8
2025-07-10 05:20:01,15.0
2025-07-10 05:25:01,15.2
2025-07-10 05:30:01,15.2
2025-07-10 05:35:01,15.1
2025-07-10 05:40:01,15.0
2025-07-10 05:45:01,15.0
2025-07-10 05:50:01,15.1
2025-07-10 05:55:01,15.2
2025-07-10 06:00:01,14.8
2025-07-10 06:05:01,14.7
2025-07-10 06:10:01,14.7
2025-07-10 06:15:01,14.6
2025-07-10 06:20:01,14.5
2025-07-10 06:25:01,14.4
2025-07-10 06:30:01,14.3
2025-07-10 06:35:01,14.4
2025-07-10 06:40:01,14.4
2025-07-10 06:45:01,14.4
2025-07-10 06:50:01,14.4
2025-07-10 06:55:01,14.4
2025-07-10 07:00:01,14.4
2025-07-10 07:05:01,14.4
2025-07-10 07:10:01,14.4
2025-07-10 07:15:01,14.4
2025-07-10 07:20:01,14.1
2025-07-10 07:25:01,14.1
2025-07-10 07:30:01,14.1
2025-07-10 07:35:01,14.1
2025-07-10 07:40:01,14.1
2025-07-10 07:45:01,14.2
2025-07-10 07:50:01,14.3
2025-07-10 07:55:01,14.4
2025-07-10 08:00:01,14.5
2025-07-10 08:05:01,14.4
2025-07-10 08:10:01,14.4
2025-07-10 08:15:01,14.5
2025-07-10 08:20:01,14.5
2025-07-10 08:25:01,14.4
2025-07-10 08:30:01,14.4
2025-07-10 08:35:01,14.4
2025-07-10 08:40:01,14.4
2025-07-10 08:45:01,14.4
2025-07-10 08:50:01,14.4
2025-07-10 08:55:01,14.4
2025-07-10 09:00:01,14.3
2025-07-10 09:05:01,14.3
2025-07-10 09:10:01,14.3
2025-07-10 09:15:01,14.3
2025-07-10 09:20:01,14.3
2025-07-10 09:25:01,14.4
2025-07-10 09:30:01,14.5
2025-07-10 09:35:01,14.6
2025-07-10 09:40:01,14.6
2025-07-10 09:45:01,14.4
2025-07-10 09:50:01,14.4
2025-07-10 09:55:01,14.4
2025-07-10 10:00:01,14.5
2025-07-10 10:05:01,14.6
2025-07-10 10:10:01,14.8
2025-07-10 10:15:01,14.9
2025-07-10 10:20:01,15.0
2025-07-10 10:25:01,15.1
2025-07-10 10:30:01,15.0
2025-07-10 10:35:01,15.1
2025-07-10 10:40:01,14.9
2025-07-10 10:45:01,15.0
2025-07-10 10:50:01,14.9
2025-07-10 10:55:01,15.0
2025-07-10 11:00:01,15.1
2025-07-10 11:05:01,15.1
2025-07-10 11:10:01,15.1
2025-07-10 11:15:01,15.1
2025-07-10 11:20:01,15.0
2025-07-10 11:25:01,14.7
2025-07-10 11:30:01,14.7
2025-07-10 11:35:01,14.7
2025-07-10 11:40:01,14.9
2025-07-10 11:45:01,15.1
2025-07-10 11:50:01,15.2
2025-07-10 11:55:01,15.3
2025-07-10 12:00:01,15.3
2025-07-10 12:05:01,15.3
2025-07-10 12:10:01,15.3
2025-07-10 12:15:01,15.4
2025-07-10 12:20:01,15.3
2025-07-10 12:25:01,15.3
2025-07-10 12:30:01,15.3
2025-07-10 12:35:01,15.4
2025-07-10 12:40:01,15.3
2025-07-10 12:45:01,15.3
2025-07-10 12:50:01,15.3
2025-07-10 12:55:01,15.3
2025-07-10 13:00:01,15.3
2025-07-10 13:05:01,15.3
2025-07-10 13:10:01,15.2
2025-07-10 13:15:01,15.2
2025-07-10 13:20:01,15.2
2025-07-10 13:25:01,15.2
2025-07-10 13:30:01,15.1
2025-07-10 13:35:01,15.0
2025-07-10 13:40:01,14.4
2025-07-10 13:45:01,13.7
2025-07-10 13:50:01,13.5
2025-07-10 13:55:01,13.4
2025-07-10 14:00:01,13.3
2025-07-10 14:05:01,13.1
2025-07-10 14:10:01,13.1
2025-07-10 14:15:01,13.1
2025-07-10 14:20:01,13.2
2025-07-10 14:25:01,13.5
2025-07-10 14:30:01,13.6
2025-07-10 14:35:01,13.9
2025-07-10 14:40:01,14.2
2025-07-10 14:45:01,14.5
2025-07-10 14:50:01,14.7
2025-07-10 14:55:01,14.8
2025-07-10 15:00:01,14.8
2025-07-10 15:05:01,14.8
2025-07-10 15:10:01,14.8
2025-07-10 15:15:01,14.9
2025-07-10 15:20:01,15.0
2025-07-10 15:25:01,15.1
2025-07-10 15:30:01,15.5
2025-07-10 15:35:01,15.6
2025-07-10 15:40:01,15.4
2025-07-10 15:45:01,15.7
2025-07-10 15:50:01,15.8
2025-07-10 15:55:01,17.0
2025-07-10 16:00:01,17.1
2025-07-10 16:05:01,16.7
2025-07-10 16:10:01,16.8
2025-07-10 16:15:01,16.9
2025-07-10 16:20:01,16.8
2025-07-10 16:25:01,17.0
2025-07-10 16:30:01,17.1
2025-07-10 16:35:01,16.8
2025-07-10 16:40:01,16.8
2025-07-10 16:45:01,16.8
2025-07-10 16:50:01,17.6
2025-07-10 16:55:01,19.2
2025-07-10 17:00:01,20.1
2025-07-10 17:05:01,20.5
2025-07-10 17:10:01,21.0
2025-07-10 17:15:01,21.3
2025-07-10 17:20:01,21.5
2025-07-10 17:25:01,21.8
2025-07-10 17:30:01,22.0
2025-07-10 17:35:01,22.3
2025-07-10 17:40:01,22.6
2025-07-10 17:45:01,23.0
2025-07-10 17:50:01,23.5
2025-07-10 17:55:01,24.1
2025-07-10 18:00:01,24.5
2025-07-10 18:05:01,25.0
2025-07-10 18:10:01,25.5
2025-07-10 18:15:01,26.1
2025-07-10 18:20:01,26.6
2025-07-10 18:25:01,27.1
2025-07-10 18:30:01,27.4
2025-07-10 18:35:01,27.7
2025-07-10 18:40:01,27.8
2025-07-10 18:45:01,27.9
2025-07-10 18:50:01,27.8
2025-07-10 18:55:01,28.1
2025-07-10 19:00:01,28.4
2025-07-10 19:05:01,27.0
2025-07-10 19:10:01,26.2
2025-07-10 19:15:01,26.5
2025-07-10 19:20:01,26.6
2025-07-10 19:25:01,26.6
2025-07-10 19:30:01,NA
